tenant,instance_id,started_at,duration_s,prompt,cached,computed,first,evict,tail,new,recompute,gpu_s_total,gpu_s_evict,gpu_s_tail,gpu_s_recompute,gpu_s_cached
0,django__django-10973,1791009485.307484,2.519430160522461,1426,0,1426,1426,0,0,0,0,0.11661878955743689,0.0,0.0,0.0,0.0
0,django__django-10973,1791009488.589937,3.021301031112671,1907,0,1907,0,0,1426,481,1426,0.15642440799678836,0.0,0.11661878955743689,0.11661878955743689,0.0
1,django__django-11749,1791009489.9053352,3.793278455734253,1633,0,1633,1633,0,0,0,0,0.13372025751873168,0.0,0.0,0.0,0.0
0,django__django-10973,1791009491.9699721,25.836345911026,2715,1568,1147,0,0,339,808,339,0.0954785464696684,0.0,0.028078898644673396,0.028078898644673396,0.128345509352115
1,django__django-11749,1791009494.1052432,2.7360732555389404,1898,1568,330,0,0,65,265,65,0.027331921729958384,0.0,0.005374748166616698,0.005374748166616698,0.128345509352115
2,django__django-12262,1791009495.258793,3.6266117095947266,1590,0,1590,1590,0,0,0,0,0.13016417091929328,0.0,0.0,0.0,0.0
1,django__django-11749,1791009497.1646082,1.701810598373413,2779,1568,1211,0,0,330,881,330,0.1008456833686024,0.0,0.027331921729958384,0.027331921729958384,0.128345509352115
1,django__django-11749,1791009499.42575,1.7691047191619873,2890,1568,1322,0,0,1211,111,1211,0.1101642491044706,0.0,0.1008456833686024,0.1008456833686024,0.128345509352115
2,django__django-12262,1791009499.671794,3.7800095081329346,3033,1568,1465,0,0,22,1443,22,0.12218783025433354,0.0,0.001818661567178278,0.001818661567178278,0.128345509352115
3,django__django-13112,1791009500.3062334,5.69718074798584,1856,0,1856,1856,0,0,0,0,0.15219263464370764,0.0,0.0,0.0,0.0
1,django__django-11749,1791009501.354777,2.2122795581817627,5324,1568,3756,0,0,1322,2434,1322,0.31767015963904605,0.0,0.1101642491044706,0.1101642491044706,0.128345509352115
1,django__django-11749,1791009503.7022223,85.45111393928528,6204,4704,1500,0,0,620,880,620,0.12994691061195873,0.0,0.053432265063192166,0.053432265063192166,0.39258340392796887
2,django__django-12262,1791009503.7219608,2.2246031761169434,3296,1568,1728,0,0,1465,263,1465,0.14435575663419062,0.0,0.12218783025433354,0.12218783025433354,0.128345509352115
4,django__django-13821,1791009505.174732,3.1174416542053223,1507,0,1507,1507,0,0,0,0,0.12330544701580293,0.0,0.0,0.0,0.0
2,django__django-12262,1791009506.0892057,46.966145038604736,4626,3136,1490,0,0,160,1330,160,0.12668248938491405,0.0,0.013494621991534308,0.013494621991534308,0.25920664399477134
3,django__django-13112,1791009507.150224,31.712806224822998,2226,1568,658,0,0,288,370,288,0.054608609305456066,0.0,0.023847125291592667,0.023847125291592667,0.128345509352115
4,django__django-13821,1791009508.7737193,4.602707624435425,1843,0,1843,0,0,1507,336,1507,0.15111437296304991,0.0,0.12330544701580293,0.12330544701580293,0.0
5,django__django-14787,1791009510.110545,3.029857873916626,1538,0,1538,1538,0,0,0,0,0.1258663143896578,0.0,0.0,0.0,0.0
4,django__django-13821,1791009514.033549,3.5365476608276367,2064,1568,496,0,0,275,221,275,0.041122829048330145,0.0,0.02276886361093493,0.02276886361093493,0.128345509352115
5,django__django-14787,1791009514.046156,2.6432273387908936,2817,0,2817,0,0,1538,1279,1538,0.23237991318548634,0.0,0.1258663143896578,0.1258663143896578,0.0
6,django__django-15380,1791009515.219561,3.6393113136291504,1823,0,1823,1823,0,0,0,0,0.14945584648975513,0.0,0.0,0.0,0.0
5,django__django-14787,1791009516.8430882,61.79885149002075,4428,1568,2860,0,0,1249,1611,1249,0.24057843319844427,0.0,0.10403440383337136,0.10403440383337136,0.128345509352115
4,django__django-13821,1791009517.8796082,3.0603339672088623,2647,1568,1079,0,0,496,583,496,0.08978055556535013,0.0,0.041122829048330145,0.041122829048330145,0.128345509352115
0,django__django-10973,1791009518.0913935,1.755323886871338,3025,1568,1457,0,0,1147,310,1147,0.12151462983835652,0.0,0.0954785464696684,0.0954785464696684,0.128345509352115
6,django__django-15380,1791009519.223527,11.297275304794312,3172,1568,1604,0,0,255,1349,255,0.13389514084356266,0.0,0.02111033713764016,0.02111033713764016,0.128345509352115
7,django__django-16255,1791009519.8953414,3.9359331130981445,1768,0,1768,1768,0,0,0,0,0.14489700900565736,0.0,0.0,0.0,0.0
0,django__django-10973,1791009519.9744852,277.11039185523987,4135,1568,2567,0,0,1457,1110,1457,0.21554697725865404,0.0,0.12151462983835652,0.12151462983835652,0.128345509352115
4,django__django-13821,1791009521.1128182,2.110421657562256,3188,1568,1620,0,0,1079,541,1079,0.13524401368860284,0.0,0.08978055556535013,0.08978055556535013,0.128345509352115
4,django__django-13821,1791009523.3745337,6.78747820854187,4391,3136,1255,0,0,52,1203,52,0.1065514839164881,0.0,0.004382879045946523,0.004382879045946523,0.25920664399477134
7,django__django-16255,1791009524.5874157,2.35683536529541,2076,1568,508,0,0,200,308,200,0.04212085486824121,0.0,0.016551499653542374,0.016551499653542374,0.128345509352115
8,sympy__sympy-11618,1791009524.955121,3.1891446113586426,1423,0,1423,1423,0,0,0,0,0.11637126449870967,0.0,0.0,0.0,0.0
7,django__django-16255,1791009527.090653,7.838369607925415,4223,1568,2655,0,0,508,2147,508,0.2230557280779108,0.0,0.04212085486824121,0.04212085486824121,0.128345509352115
8,sympy__sympy-11618,1791009528.663842,3.1828701496124268,2551,0,2551,0,0,1423,1128,1423,0.21008989697052444,0.0,0.11637126449870967,0.11637126449870967,0.0
9,sympy__sympy-13757,1791009530.0946496,3.759948492050171,1506,0,1506,1506,0,0,0,0,0.12322285476178746,0.0,0.0,0.0,0.0
4,django__django-13821,1791009530.4655209,3.4938321113586426,4648,3136,1512,0,0,1255,257,1255,0.12856998669397335,0.0,0.1065514839164881,0.1065514839164881,0.25920664399477134
6,django__django-15380,1791009530.8003607,6.201501369476318,4040,3136,904,0,0,36,868,36,0.07658869882862525,0.0,0.0030340062009063494,0.0030340062009063494,0.25920664399477134
8,sympy__sympy-11618,1791009531.9802246,5.770380020141602,3164,1568,1596,0,0,983,613,983,0.13322080264672811,0.0,0.08174438761840945,0.08174438761840945,0.128345509352115
4,django__django-13821,1791009534.2544177,3.5717759132385254,4806,3136,1670,0,0,1512,158,1512,0.14214019886597926,0.0,0.12856998669397335,0.12856998669397335,0.25920664399477134
9,sympy__sympy-13757,1791009534.3024046,4.399037599563599,1856,0,1856,0,0,1506,350,1506,0.15219263464370764,0.0,0.12322285476178746,0.12322285476178746,0.0
10,sympy__sympy-15875,1791009535.024304,8.363901138305664,1499,0,1499,1499,0,0,0,0,0.12264473763283744,0.0,0.0,0.0,0.0
7,django__django-16255,1791009535.1008358,9.090760946273804,5577,3136,2441,0,0,1087,1354,1087,0.20872583122330945,0.0,0.09219459343525449,0.09219459343525449,0.25920664399477134
6,django__django-15380,1791009537.235955,11.423495292663574,5438,3136,2302,0,0,904,1398,904,0.19667647526378318,0.0,0.07658869882862525,0.07658869882862525,0.25920664399477134
8,sympy__sympy-11618,1791009538.004718,5.304174184799194,4400,3136,1264,0,0,28,1236,28,0.10732141801564606,0.0,0.002359668004071805,0.002359668004071805,0.25920664399477134
4,django__django-13821,1791009538.179222,15.007100105285645,5054,4704,350,0,0,102,248,102,0.03011502998429571,0.0,0.00876343893278163,0.00876343893278163,0.39258340392796887
3,django__django-13112,1791009539.1617572,3.357941150665283,4309,1568,2741,0,0,658,2083,658,0.23040148093382418,0.0,0.054608609305456066,0.054608609305456066,0.128345509352115
11,sympy__sympy-18211,1791009540.1610084,6.2840049266815186,1547,0,1547,1547,0,0,0,0,0.12660997618748576,0.0,0.0,0.0,0.0
9,sympy__sympy-13757,1791009540.4998457,6.9751739501953125,2319,1568,751,0,0,288,463,288,0.062362578526672936,0.0,0.023847125291592667,0.023847125291592667,0.128345509352115
3,django__django-13112,1791009542.7978318,20.025097370147705,6619,3136,3483,0,0,1173,2310,1173,0.299682224189168,0.0,0.09954034629116787,0.09954034629116787,0.25920664399477134
7,django__django-16255,1791009544.8231277,2.8278048038482666,6310,4704,1606,0,0,873,733,873,0.13921691702334998,0.0,0.07534907129011183,0.07534907129011183,0.39258340392796887
8,sympy__sympy-11618,1791009544.8933003,42.69531440734863,4768,3136,1632,0,0,1264,368,1264,0.1388741440911614,0.0,0.10732141801564606,0.10732141801564606,0.25920664399477134
12,sympy__sympy-20916,1791009545.073493,3.7961151599884033,1425,0,1425,1425,0,0,0,0,0.11653628018134359,0.0,0.0,0.0,0.0
10,sympy__sympy-15875,1791009545.727381,8.028979063034058,3121,0,3121,0,0,1499,1622,1499,0.2579428661123595,0.0,0.12264473763283744,0.12264473763283744,0.0
9,sympy__sympy-13757,1791009547.7125645,3.5887508392333984,2547,1568,979,0,0,751,228,751,0.08140975192413182,0.0,0.062362578526672936,0.062362578526672936,0.128345509352115
7,django__django-16255,1791009547.8086083,12.202354907989502,7270,6272,998,0,0,38,960,38,0.08780284975011633,0.0,0.003324531799611018,0.003324531799611018,0.5284757891517079
11,sympy__sympy-18211,1791009548.968358,6.410161972045898,2995,0,2995,0,0,1547,1448,1547,0.24733622084556567,0.0,0.12660997618748576,0.12660997618748576,0.0
6,django__django-15380,1791009549.011726,9.308043718338013,6617,4704,1913,0,0,734,1179,734,0.1661298197356134,0.0,0.06329971533058554,0.06329971533058554,0.39258340392796887
12,sympy__sympy-20916,1791009549.2591722,6.56306529045105,3296,0,3296,0,0,1425,1871,1425,0.2727012659863056,0.0,0.11653628018134359,0.11653628018134359,0.0
13,sympy__sympy-23262,1791009550.1826406,4.945181369781494,1640,0,1640,1640,0,0,0,0,0.1342993343944842,0.0,0.0,0.0,0.0
9,sympy__sympy-13757,1791009551.4250596,10.402035474777222,3120,1568,1552,0,0,979,573,979,0.12951311308689084,0.0,0.08140975192413182,0.08140975192413182,0.128345509352115
2,django__django-12262,1791009553.2187421,2.292633056640625,4825,3136,1689,0,0,1490,199,1490,0.1437737803076457,0.0,0.12668248938491405,0.12668248938491405,0.25920664399477134
4,django__django-13821,1791009553.4893918,6.2492358684539795,5332,4704,628,0,0,350,278,350,0.05412428388342441,0.0,0.03011502998429571,0.03011502998429571,0.39258340392796887
10,sympy__sympy-15875,1791009554.4390657,2.806394577026367,3384,1568,1816,0,0,1553,263,1553,0.15178896371579118,0.0,0.1295973567602445,0.1295973567602445,0.128345509352115
14,pytest-dev__pytest-10051,1791009555.0935602,5.026219129562378,1823,0,1823,1823,0,0,0,0,0.14945584648975513,0.0,0.0,0.0,0.0
2,django__django-12262,1791009555.6261108,90.97032499313354,6390,4704,1686,0,0,121,1565,121,0.14622076076785973,0.0,0.01039702037444808,0.01039702037444808,0.39258340392796887
12,sympy__sympy-20916,1791009556.0842216,2.6009411811828613,3879,3136,743,0,0,160,583,160,0.0628872567168379,0.0,0.013494621991534308,0.013494621991534308,0.25920664399477134
11,sympy__sympy-18211,1791009556.1140273,8.160863637924194,3715,1568,2147,0,0,1427,720,1427,0.17981891073253342,0.0,0.11899071149345067,0.11899071149345067,0.128345509352115
13,sympy__sympy-23262,1791009557.352282,4.4066078662872314,3163,1568,1595,0,0,72,1523,72,0.1331365149764528,0.0,0.0059538250423692,0.0059538250423692,0.128345509352115
10,sympy__sympy-15875,1791009557.3731034,198.92823815345764,3926,3136,790,0,0,248,542,248,0.0668843154774436,0.0,0.020927829073134875,0.020927829073134875,0.25920664399477134
12,sympy__sympy-20916,1791009558.820057,11.862192153930664,4630,3136,1494,0,0,743,751,743,0.12702563387920185,0.0,0.0628872567168379,0.0628872567168379,0.25920664399477134
6,django__django-15380,1791009559.367356,7.397327423095703,6994,6272,722,0,0,345,377,345,0.0634187529340361,0.0,0.03023743451187444,0.03023743451187444,0.5284757891517079
4,django__django-13821,1791009560.1596956,2.938091516494751,6128,4704,1424,0,0,628,796,628,0.12330756726286853,0.0,0.05412428388342441,0.05412428388342441,0.39258340392796887
15,pytest-dev__pytest-5631,1791009560.4004457,5.270898103713989,2019,0,2019,2019,0,0,0,0,0.16572705380954642,0.0,0.0,0.0,0.0
14,pytest-dev__pytest-10051,1791009560.4721293,4.2595436573028564,2073,1568,505,0,0,255,250,255,0.041871334600276415,0.0,0.02111033713764016,0.02111033713764016,0.128345509352115
7,django__django-16255,1791009561.0608993,41.12579560279846,7556,6272,1284,0,0,998,286,998,0.11315265755827358,0.0,0.08780284975011633,0.08780284975011633,0.5284757891517079
13,sympy__sympy-23262,1791009562.044158,2.5146849155426025,3408,3136,272,0,0,27,245,27,0.022956442527714446,0.0,0.002275380333796497,0.002275380333796497,0.25920664399477134
9,sympy__sympy-13757,1791009562.0840447,7.357384920120239,3500,1568,1932,0,0,1552,380,1552,0.16159938845728053,0.0,0.12951311308689084,0.12951311308689084,0.128345509352115
3,django__django-13112,1791009563.060626,5.756308555603027,7056,6272,784,0,0,347,437,347,0.06888955209582247,0.0,0.03041307903223146,0.03041307903223146,0.5284757891517079
4,django__django-13821,1791009563.245333,32.47558641433716,8566,4704,3862,0,0,1424,2438,1424,0.3392367449464831,0.0,0.12330756726286853,0.12330756726286853,0.39258340392796887
11,sympy__sympy-18211,1791009564.5295904,16.27858257293701,5585,3136,2449,0,0,579,1870,579,0.20941992096841192,0.0,0.04895777608987711,0.04895777608987711,0.25920664399477134
13,sympy__sympy-23262,1791009564.9198482,4.694150447845459,3661,3136,525,0,0,272,253,272,0.044377262248222665,0.0,0.022956442527714446,0.022956442527714446,0.25920664399477134
14,pytest-dev__pytest-10051,1791009564.9887474,8.627470016479492,5031,1568,3463,0,0,505,2958,505,0.2923700891911915,0.0,0.041871334600276415,0.041871334600276415,0.128345509352115
15,pytest-dev__pytest-5631,1791009566.1154978,2.187209129333496,2509,1568,941,0,0,451,490,451,0.07823152932950522,0.0,0.037381544457431436,0.037381544457431436,0.128345509352115
6,django__django-15380,1791009567.0118787,4.085169076919556,7201,6272,929,0,0,722,207,722,0.08169951847595769,0.0,0.0634187529340361,0.0634187529340361,0.5284757891517079
15,pytest-dev__pytest-5631,1791009568.488965,12.241557359695435,3626,1568,2058,0,0,941,1117,941,0.1722711389362732,0.0,0.07823152932950522,0.07823152932950522,0.128345509352115
3,django__django-13112,1791009569.097797,4.5015058517456055,7779,6272,1507,0,0,784,723,784,0.132976486079185,0.0,0.06888955209582247,0.06888955209582247,0.5284757891517079
9,sympy__sympy-13757,1791009569.6685727,2.9696524143218994,3720,3136,584,0,0,364,220,364,0.04938204866155525,0.0,0.030738253814624226,0.030738253814624226,0.25920664399477134
13,sympy__sympy-23262,1791009569.9297087,6.614049434661865,3897,3136,761,0,0,525,236,525,0.06441777812726389,0.0,0.044377262248222665,0.044377262248222665,0.25920664399477134
6,django__django-15380,1791009571.329268,5.288112163543701,7972,6272,1700,0,0,929,771,929,0.15017450654694017,0.0,0.08169951847595769,0.08169951847595769,0.5284757891517079
9,sympy__sympy-13757,1791009572.7582731,2.917285680770874,5417,3136,2281,0,0,584,1697,584,0.19485778791723662,0.0,0.04938204866155525,0.04938204866155525,0.25920664399477134
12,sympy__sympy-20916,1791009572.8919659,50.82675266265869,5242,3136,2106,0,0,1494,612,1494,0.17971960763879732,0.0,0.12702563387920185,0.12702563387920185,0.25920664399477134
3,django__django-13112,1791009573.7662704,27.436946868896484,8668,6272,2396,0,0,1507,889,1507,0.21251085547793996,0.0,0.132976486079185,0.132976486079185,0.5284757891517079
14,pytest-dev__pytest-10051,1791009573.857138,24.066807985305786,6272,4704,1568,0,0,327,1241,327,0.13589238522373895,0.0,0.028132194615337548,0.028132194615337548,0.39258340392796887
9,sympy__sympy-13757,1791009575.787578,16.718690872192383,6737,4704,2033,0,0,713,1320,713,0.17667573510134363,0.0,0.061481027984039,0.061481027984039,0.39258340392796887
6,django__django-15380,1791009576.8498003,2.9023001194000244,8272,7840,432,0,0,132,300,132,0.038574834808264694,0.0,0.011766496032659897,0.011766496032659897,0.6668837996659881
13,sympy__sympy-23262,1791009577.10747,5.729019403457642,4910,3136,1774,0,0,761,1013,761,0.1510864302841096,0.0,0.06441777812726389,0.06441777812726389,0.25920664399477134
5,django__django-14787,1791009578.9351668,3.2192182540893555,7166,3136,4030,0,0,1292,2738,1292,0.3478746331528848,0.0,0.10971729855578798,0.10971729855578798,0.25920664399477134
6,django__django-15380,1791009579.8906639,11.71025824546814,8807,7840,967,0,0,432,535,432,0.08661157994441669,0.0,0.038574834808264694,0.038574834808264694,0.6668837996659881
11,sympy__sympy-18211,1791009581.0298994,10.377926588058472,6427,4704,1723,0,0,881,842,881,0.14946225318194922,0.0,0.07604316103521427,0.07604316103521427,0.39258340392796887
15,pytest-dev__pytest-5631,1791009581.0611317,84.33358669281006,4092,3136,956,0,0,490,466,490,0.08101967571859256,0.0,0.04141000429361689,0.04141000429361689,0.25920664399477134
5,django__django-14787,1791009582.2975152,182.2217240333557,8492,6272,2220,0,0,894,1326,894,0.19670081989562438,0.0,0.07860548799594824,0.07860548799594824,0.5284757891517079
13,sympy__sympy-23262,1791009583.0134478,2.347261428833008,5285,4704,581,0,0,206,375,206,0.050059611062901625,0.0,0.01770967035091197,0.01770967035091197,0.39258340392796887
13,sympy__sympy-23262,1791009585.522488,6.214263200759888,6382,4704,1678,0,0,581,1097,581,0.1455200817163521,0.0,0.050059611062901625,0.050059611062901625,0.39258340392796887
8,sympy__sympy-11618,1791009587.8653738,2.447667360305786,5534,4704,830,0,0,64,766,64,0.07161946083168827,0.0,0.005497384157963754,0.005497384157963754,0.39258340392796887
1,django__django-11749,1791009589.5107305,14.30896782875061,6615,4704,1911,0,0,1500,411,1500,0.16595417930799325,0.0,0.12994691061195873,0.12994691061195873,0.39258340392796887
8,sympy__sympy-11618,1791009590.455595,191.2929322719574,6378,4704,1674,0,0,830,844,830,0.1451697667470197,0.0,0.07161946083168827,0.07161946083168827,0.39258340392796887
11,sympy__sympy-18211,1791009592.0027452,133.31031799316406,7468,6272,1196,0,0,155,1041,155,0.10534380271326219,0.0,0.013569867958210252,0.013569867958210252,0.5284757891517079
13,sympy__sympy-23262,1791009592.2573187,31.074753761291504,7694,6272,1422,0,0,110,1312,110,0.1254143172818368,0.0,0.009627696492613165,0.009627696492613165,0.5284757891517079
6,django__django-15380,1791009592.6263895,2.202791213989258,9298,7840,1458,0,0,967,491,967,0.13095536221127327,0.0,0.08661157994441669,0.08661157994441669,0.6668837996659881
9,sympy__sympy-13757,1791009592.7790697,3.0080454349517822,7069,6272,797,0,0,465,332,465,0.07003715394818386,0.0,0.04078334987760468,0.04078334987760468,0.5284757891517079
6,django__django-15380,1791009594.9567797,2.1214406490325928,9727,7840,1887,0,0,1458,429,1458,0.16990164111825867,0.0,0.13095536221127327,0.13095536221127327,0.6668837996659881
9,sympy__sympy-13757,1791009595.9022937,13.872175216674805,7640,6272,1368,0,0,797,571,797,0.12061395593862155,0.0,0.07003715394818386,0.07003715394818386,0.5284757891517079
4,django__django-13821,1791009595.9981067,39.69774556159973,8966,7840,1126,0,0,726,400,726,0.10094437316547679,0.0,0.0649363492084639,0.0649363492084639,0.6668837996659881
6,django__django-15380,1791009597.2298388,11.474584817886353,9935,9408,527,0,0,319,208,319,0.04792883354047378,0.0,0.02897800531343708,0.02897800531343708,0.8078074354708097
14,pytest-dev__pytest-10051,1791009598.7951596,9.560176372528076,7007,4704,2303,0,1568,0,735,1568,0.20045791532365156,0.13589238522373895,0.0,0.13589238522373895,0.39258340392796887
3,django__django-13112,1791009601.484066,8.640411138534546,9299,7840,1459,0,0,828,631,828,0.1310459271167653,0.0,0.0741028449636597,0.0741028449636597,0.6668837996659881
7,django__django-16255,1791009602.3462074,8.709500789642334,7751,6272,1479,0,0,1284,195,1284,0.1304846022096357,0.0,0.11315265755827358,0.11315265755827358,0.5284757891517079
1,django__django-11749,1791009604.847958,236.24837017059326,7132,6272,860,0,0,343,517,343,0.07560105858189144,0.0,0.03006179408425431,0.03006179408425431,0.5284757891517079
14,pytest-dev__pytest-10051,1791009608.4874568,62.830174684524536,7522,6272,1250,0,0,735,515,735,0.11013466072140118,0.0,0.06456553009991262,0.06456553009991262,0.5284757891517079
6,django__django-15380,1791009609.0197608,9.804530143737793,10527,9408,1119,0,0,527,592,527,0.10210809621099404,0.0,0.04792883354047378,0.04792883354047378,0.8078074354708097
9,sympy__sympy-13757,1791009610.1868737,13.5236177444458,7943,6272,1671,0,0,1368,303,1368,0.14758791489897422,0.0,0.12061395593862155,0.12061395593862155,0.5284757891517079
3,django__django-13112,1791009610.389204,4.026624441146851,10417,7840,2577,0,0,1459,1118,1459,0.23293751467608542,0.0,0.1310459271167653,0.1310459271167653,0.6668837996659881
7,django__django-16255,1791009611.2260594,3.1911332607269287,8026,6272,1754,0,0,1479,275,1479,0.15499321153693055,0.0,0.1304846022096357,0.1304846022096357,0.5284757891517079
3,django__django-13112,1791009614.5718694,7.956815004348755,10850,9408,1442,0,0,1009,433,1009,0.1318199397061496,0.0,0.09201387887126383,0.09201387887126383,0.8078074354708097
7,django__django-16255,1791009614.891096,16.14927840232849,8279,7840,439,0,0,186,253,186,0.03920146212447792,0.0,0.016585201022650268,0.016585201022650268,0.6668837996659881
6,django__django-15380,1791009618.9903152,2.0370099544525146,10885,9408,1477,0,0,1119,358,1119,0.13504589956005372,0.0,0.10210809621099404,0.10210809621099404,0.8078074354708097
6,django__django-15380,1791009621.3962305,4.028283596038818,10997,9408,1589,0,0,1477,112,1477,0.14537739394508217,0.0,0.13504589956005372,0.13504589956005372,0.8078074354708097
3,django__django-13112,1791009622.7971742,3.474472999572754,11494,9408,2086,0,0,1442,644,1442,0.19137824539802242,0.0,0.1318199397061496,0.1318199397061496,0.8078074354708097
13,sympy__sympy-23262,1791009623.7224073,42.52414155006409,7974,6272,1702,0,0,1422,280,1422,0.15035292389654534,0.0,0.1254143172818368,0.1254143172818368,0.5284757891517079
9,sympy__sympy-13757,1791009623.9753969,4.0922157764434814,8608,7840,768,0,0,103,665,103,0.06870949942495118,0.0,0.009179904384693955,0.009179904384693955,0.6668837996659881
12,sympy__sympy-20916,1791009624.0967536,5.242124557495117,5786,4704,1082,0,0,538,544,538,0.0935036573539546,0.0,0.04634284770559968,0.04634284770559968,0.39258340392796887
6,django__django-15380,1791009625.5797558,3.05859375,11138,10976,162,0,0,21,141,21,0.014962996342004008,0.0,0.001938132849719252,0.001938132849719252,0.9512466965661727
3,django__django-13112,1791009626.3987455,30.219220399856567,11835,10976,859,0,0,518,341,518,0.07964712824679544,0.0,0.047938984302659526,0.047938984302659526,0.9512466965661727
9,sympy__sympy-13757,1791009628.3679738,5.385081052780151,9059,7840,1219,0,0,768,451,768,0.10933969472223463,0.0,0.06870949942495118,0.06870949942495118,0.6668837996659881
6,django__django-15380,1791009629.1172037,2.153047561645508,11633,10976,657,0,0,162,495,162,0.06084964037134159,0.0,0.014962996342004008,0.014962996342004008,0.9512466965661727
12,sympy__sympy-20916,1791009629.6088378,24.056811332702637,6565,4704,1861,0,0,1082,779,1082,0.1615644987569818,0.0,0.0935036573539546,0.0935036573539546,0.39258340392796887
7,django__django-16255,1791009631.3705518,4.532915115356445,8903,7840,1063,0,0,439,624,439,0.09526224778011311,0.0,0.03920146212447792,0.03920146212447792,0.6668837996659881
6,django__django-15380,1791009632.1305268,25.434877157211304,11854,10976,878,0,0,657,221,657,0.08141735696481528,0.0,0.06084964037134159,0.06084964037134159,0.9512466965661727
9,sympy__sympy-13757,1791009633.8719692,7.894621849060059,9469,7840,1629,0,0,1219,410,1219,0.14645683303311166,0.0,0.10933969472223463,0.10933969472223463,0.6668837996659881
4,django__django-13821,1791009635.9652278,43.86402249336243,9276,7840,1436,0,0,1126,310,1126,0.12896319315605745,0.0,0.10094437316547679,0.10094437316547679,0.6668837996659881
7,django__django-16255,1791009636.077542,2.2448582649230957,9028,7840,1188,0,0,1063,125,1063,0.1065402709232757,0.0,0.09526224778011311,0.09526224778011311,0.6668837996659881
7,django__django-16255,1791009638.7993855,2.3215444087982178,9522,7840,1682,0,0,1188,494,1188,0.15126745609067613,0.0,0.1065402709232757,0.1065402709232757,0.6668837996659881
7,django__django-16255,1791009641.2783675,2.526719093322754,9660,9408,252,0,0,114,138,114,0.02288307807497239,0.0,0.010343820285854538,0.010343820285854538,0.8078074354708097
9,sympy__sympy-13757,1791009642.3577635,74.43188953399658,10077,9408,669,0,0,61,608,61,0.06089184432344643,0.0,0.005533197228290082,0.005533197228290082,0.8078074354708097
7,django__django-16255,1791009643.976845,2.1384618282318115,10770,9408,1362,0,0,252,1110,252,0.12445102383037247,0.0,0.02288307807497239,0.02288307807497239,0.8078074354708097
2,django__django-12262,1791009646.8821542,2.652764320373535,7269,6272,997,0,0,118,879,118,0.08771436088541562,0.0,0.01032837554412077,0.01032837554412077,0.5284757891517079
7,django__django-16255,1791009647.0147474,3.1756603717803955,10992,9408,1584,0,0,1362,222,1362,0.14491589281539907,0.0,0.12445102383037247,0.12445102383037247,0.8078074354708097
2,django__django-12262,1791009649.6583302,1.7686407566070557,7373,6272,1101,0,0,997,104,997,0.09692268298899552,0.0,0.08771436088541562,0.08771436088541562,0.5284757891517079
7,django__django-16255,1791009650.734941,3.7525553703308105,11181,10976,205,0,0,16,189,16,0.018939165549350677,0.0,0.0014766317200361682,0.0014766317200361682,0.9512466965661727
2,django__django-12262,1791009652.036217,2.5183193683624268,7577,6272,1305,0,0,1101,204,1101,0.11501730531699612,0.0,0.09692268298899552,0.09692268298899552,0.5284757891517079
12,sympy__sympy-20916,1791009653.9243176,114.83851289749146,7819,6272,1547,0,0,293,1254,293,0.13653771170908635,0.0,0.02567211353324287,0.02567211353324287,0.5284757891517079
2,django__django-12262,1791009654.6919074,10.974870920181274,7997,6272,1725,0,0,1305,420,1305,0.1524050175824692,0.0,0.11501730531699612,0.11501730531699612,0.5284757891517079
7,django__django-16255,1791009655.3498297,8.682514190673828,11424,10976,448,0,0,205,243,205,0.04144469965203985,0.0,0.018939165549350677,0.018939165549350677,0.9512466965661727
3,django__django-13112,1791009656.8695226,26.053579568862915,12394,10976,1418,0,0,859,559,859,0.13188354972457914,0.0,0.07964712824679544,0.07964712824679544,0.9512466965661727
6,django__django-15380,1791009660.7149124,5.396372318267822,12962,10976,1986,0,0,878,1108,878,0.18528847546111094,0.0,0.08141735696481528,0.08141735696481528,0.9512466965661727
7,django__django-16255,1791009664.1909113,6.636123895645142,11742,10976,766,0,0,448,318,448,0.07098765326519163,0.0,0.04144469965203985,0.04144469965203985,0.9512466965661727
15,pytest-dev__pytest-5631,1791009665.651526,2.3957910537719727,4694,3136,1558,0,0,956,602,956,0.1325181722366788,0.0,0.08101967571859256,0.08101967571859256,0.25920664399477134
6,django__django-15380,1791009666.25902,3.119192600250244,13300,12544,756,0,0,418,338,418,0.07126994462804169,0.0,0.03933358907520672,0.03933358907520672,1.097201582952077
13,sympy__sympy-23262,1791009666.3989708,38.22841739654541,8350,7840,510,0,0,134,376,134,0.0455600866717581,0.0,0.011944913382265058,0.011944913382265058,0.6668837996659881
2,django__django-12262,1791009666.7244859,11.011147499084473,8936,7840,1096,0,0,157,939,157,0.09823809269625537,0.0,0.013997007068188908,0.013997007068188908,0.6668837996659881
15,pytest-dev__pytest-5631,1791009668.1818979,17.491003274917603,5850,3136,2714,0,0,1558,1156,1558,0.23244865490628752,0.0,0.1325181722366788,0.1325181722366788,0.25920664399477134
6,django__django-15380,1791009669.5913093,8.414469957351685,13648,12544,1104,0,0,756,348,756,0.104273294132959,0.0,0.07126994462804169,0.07126994462804169,1.097201582952077
14,pytest-dev__pytest-10051,1791009671.56296,1.7765007019042969,7779,6272,1507,0,0,1250,257,1250,0.132976486079185,0.0,0.11013466072140118,0.11013466072140118,0.5284757891517079
14,pytest-dev__pytest-10051,1791009673.52049,1.962364912033081,7878,6272,1606,0,0,1507,99,1507,0.14179350772271818,0.0,0.132976486079185,0.132976486079185,0.5284757891517079
14,pytest-dev__pytest-10051,1791009675.634485,2.4168789386749268,8422,7840,582,0,0,38,544,38,0.052013536663640725,0.0,0.0033854972084379122,0.0033854972084379122,0.6668837996659881
2,django__django-12262,1791009678.1289482,12.150824546813965,9481,7840,1641,0,0,1096,545,1096,0.1475457790032033,0.0,0.09823809269625537,0.09823809269625537,0.6668837996659881
14,pytest-dev__pytest-10051,1791009678.19347,262.8437759876251,8800,7840,960,0,0,582,378,582,0.08598117093931007,0.0,0.052013536663640725,0.052013536663640725,0.6668837996659881
4,django__django-13821,1791009680.075188,2.8797361850738525,9862,7840,2022,0,0,1436,586,1436,0.18219641577534848,0.0,0.12896319315605745,0.12896319315605745,0.6668837996659881
7,pytest-dev__pytest-6202,1791009680.995106,5.3424072265625,2111,0,2111,2111,0,0,0,0,0.17337811443078804,0.0,0.0,0.0,0.0
4,django__django-13821,1791009683.0855782,2.6057658195495605,10249,9408,841,0,0,454,387,454,0.07662114942313869,0.0,0.041272779970526884,0.041272779970526884,0.8078074354708097
3,django__django-13112,1791009683.3125877,72.23763966560364,12736,10976,1760,0,0,1418,342,1418,0.16399979049685598,0.0,0.13188354972457914,0.13188354972457914,0.9512466965661727
4,django__django-13821,1791009685.8077593,22.8271062374115,10964,9408,1556,0,0,841,715,841,0.1423319592002855,0.0,0.07662114942313869,0.07662114942313869,0.8078074354708097
7,pytest-dev__pytest-6202,1791009686.6851265,4.163929462432861,2353,1568,785,0,0,543,242,543,0.0651995720278798,0.0,0.045032605078673064,0.045032605078673064,0.128345509352115
6,pylint-dev__pylint-6528,1791009688.4965527,3.5448191165924072,1932,0,1932,1932,0,0,0,0,0.1584997787242921,0.0,0.0,0.0,0.0
2,django__django-12262,1791009690.6559079,4.312159299850464,9929,9408,521,0,0,73,448,73,0.04738155498428466,0.0,0.0066221431983816996,0.0066221431983816996,0.8078074354708097
7,pytest-dev__pytest-6202,1791009691.0957189,2.184669256210327,2602,1568,1034,0,0,785,249,785,0.08601242773632418,0.0,0.0651995720278798,0.0651995720278798,0.128345509352115
6,pylint-dev__pylint-6528,1791009692.4387221,4.9041972160339355,2797,1568,1229,0,0,364,865,364,0.1023559457313852,0.0,0.030154269372177134,0.030154269372177134,0.128345509352115
7,pytest-dev__pytest-6202,1791009693.4383793,44.159289836883545,3194,1568,1626,0,0,1034,592,1034,0.1357499085356517,0.0,0.08601242773632418,0.08601242773632418,0.128345509352115
15,pytest-dev__pytest-5631,1791009694.0730696,9.39372444152832,6223,4704,1519,0,0,1146,373,1146,0.1316076698729938,0.0,0.09907189497308988,0.09907189497308988,0.39258340392796887
2,django__django-12262,1791009695.2368476,2.867859125137329,10683,9408,1275,0,0,521,754,521,0.11644476073726302,0.0,0.04738155498428466,0.04738155498428466,0.8078074354708097
6,pylint-dev__pylint-6528,1791009697.6915987,5.828660488128662,4475,1568,2907,0,0,1229,1678,1229,0.2446018931815923,0.0,0.1023559457313852,0.1023559457313852,0.128345509352115
2,django__django-12262,1791009698.2412405,19.136043310165405,11161,9408,1753,0,0,1275,478,1275,0.16052881028566912,0.0,0.11644476073726302,0.11644476073726302,0.8078074354708097
15,pytest-dev__pytest-5631,1791009703.6935537,111.19413709640503,6534,4704,1830,0,0,1519,311,1519,0.15884418142314846,0.0,0.1316076698729938,0.1316076698729938,0.39258340392796887
6,pylint-dev__pylint-6528,1791009703.8485582,3.7690346240997314,4910,3136,1774,0,0,1339,435,1339,0.1510864302841096,0.0,0.11374075853893599,0.11374075853893599,0.25920664399477134
13,sympy__sympy-23262,1791009704.8045826,7.2762696743011475,8817,7840,977,0,0,510,467,510,0.08751225120808524,0.0,0.0455600866717581,0.0455600866717581,0.6668837996659881
6,pylint-dev__pylint-6528,1791009707.9129224,4.181396007537842,6468,4704,1764,0,0,206,1558,206,0.1530558132799475,0.0,0.01770967035091197,0.01770967035091197,0.39258340392796887
4,django__django-13821,1791009709.566302,8.950044631958008,11318,9408,1910,0,0,1556,354,1556,0.17505930253890964,0.0,0.1423319592002855,0.1423319592002855,0.8078074354708097
6,pylint-dev__pylint-6528,1791009712.3950503,3.7826004028320312,7967,6272,1695,0,0,196,1499,196,0.1497284810786512,0.0,0.017163428056208557,0.017163428056208557,0.5284757891517079
13,sympy__sympy-23262,1791009712.4814136,10.543837070465088,9084,7840,1244,0,0,977,267,977,0.11159801078906183,0.0,0.08751225120808524,0.08751225120808524,0.6668837996659881
6,pylint-dev__pylint-6528,1791009716.5402563,69.9681715965271,8972,7840,1132,0,0,127,1005,127,0.1014857397632173,0.0,0.011320470564370926,0.011320470564370926,0.6668837996659881
9,sympy__sympy-13757,1791009717.0304132,30.360803842544556,10382,9408,974,0,0,669,305,669,0.08880467877495546,0.0,0.06089184432344643,0.06089184432344643,0.8078074354708097
2,django__django-12262,1791009717.6224382,17.734530925750732,12017,10976,1041,0,0,185,856,185,0.09661923285837559,0.0,0.017089549190306193,0.017089549190306193,0.9512466965661727
4,django__django-13821,1791009718.6887572,4.432652711868286,11627,10976,651,0,0,342,309,342,0.06029193761427424,0.0,0.03162004144354673,0.03162004144354673,0.9512466965661727
4,django__django-13821,1791009723.294365,9.563267230987549,11824,10976,848,0,0,651,197,651,0.07862242781439151,0.0,0.06029193761427424,0.06029193761427424,0.9512466965661727
13,sympy__sympy-23262,1791009723.8411257,7.445521831512451,9607,7840,1767,0,0,1244,523,1244,0.15898860725281222,0.0,0.11159801078906183,0.11159801078906183,0.6668837996659881
11,sympy__sympy-18211,1791009725.5346937,3.0040693283081055,8148,6272,1876,0,0,1196,680,1196,0.16589090030903827,0.0,0.10534380271326219,0.10534380271326219,0.5284757891517079
11,sympy__sympy-18211,1791009728.9145095,2.0877039432525635,8641,7840,801,0,0,308,493,308,0.0716753836426689,0.0,0.02748288979475801,0.02748288979475801,0.6668837996659881
11,sympy__sympy-18211,1791009731.184582,17.20487666130066,11108,7840,3268,0,0,801,2467,801,0.2965529420889049,0.0,0.0716753836426689,0.0716753836426689,0.6668837996659881
13,sympy__sympy-23262,1791009731.6897783,7.20932412147522,9974,9408,566,0,0,199,367,199,0.05148704199986,0.0,0.018064971447990644,0.018064971447990644,0.8078074354708097
4,django__django-13821,1791009733.020423,12.59410548210144,12150,10976,1174,0,0,848,326,848,0.10904335784145563,0.0,0.07862242781439151,0.07862242781439151,0.9512466965661727
2,django__django-12262,1791009735.603845,78.23541641235352,12797,10976,1821,0,0,1041,780,1041,0.1697407023081739,0.0,0.09661923285837559,0.09661923285837559,0.9512466965661727
7,pytest-dev__pytest-6202,1791009737.991477,5.9089367389678955,4015,3136,879,0,0,58,821,58,0.07445940629249541,0.0,0.004888773892995399,0.004888773892995399,0.25920664399477134
13,sympy__sympy-23262,1791009739.3007827,3.09247088432312,10349,9408,941,0,0,566,375,566,0.08578000955399305,0.0,0.05148704199986,0.05148704199986,0.8078074354708097
13,sympy__sympy-23262,1791009742.5370705,3.7605416774749756,10483,9408,1075,0,0,941,134,941,0.09806892361160811,0.0,0.08578000955399305,0.08578000955399305,0.8078074354708097
7,pytest-dev__pytest-6202,1791009744.1492763,4.108237028121948,5360,3136,2224,0,0,879,1345,879,0.189923625372284,0.0,0.07445940629249541,0.07445940629249541,0.25920664399477134
4,django__django-13821,1791009745.9263432,7.528056383132935,12702,10976,1726,0,0,1174,552,1174,0.16080159045438153,0.0,0.10904335784145563,0.10904335784145563,0.9512466965661727
13,sympy__sympy-23262,1791009746.7149613,2.3495543003082275,10681,9408,1273,0,0,1075,198,1075,0.11626079977553004,0.0,0.09806892361160811,0.09806892361160811,0.8078074354708097
9,sympy__sympy-13757,1791009747.5364475,14.29412055015564,11256,9408,1848,0,0,974,874,974,0.16931813308492982,0.0,0.08880467877495546,0.08880467877495546,0.8078074354708097
7,pytest-dev__pytest-6202,1791009748.3777702,3.491208553314209,5585,4704,881,0,0,656,225,656,0.07604316103521427,0.0,0.05654686543908637,0.05654686543908637,0.39258340392796887
11,sympy__sympy-18211,1791009748.5346982,64.32134819030762,12074,10976,1098,0,0,132,966,132,0.10194164163409412,0.0,0.012190045188720426,0.012190045188720426,0.9512466965661727
13,sympy__sympy-23262,1791009750.2658617,2.925222635269165,10954,9408,1546,0,0,1273,273,1273,0.14140932017131896,0.0,0.11626079977553004,0.11626079977553004,0.8078074354708097
7,pytest-dev__pytest-6202,1791009752.1500714,32.299468755722046,6907,4704,2203,0,0,881,1322,881,0.19164100336059303,0.0,0.07604316103521427,0.07604316103521427,0.39258340392796887
13,sympy__sympy-23262,1791009754.0242841,3.026735305786133,11207,9408,1799,0,0,1546,253,1546,0.16478353977563762,0.0,0.14140932017131896,0.14140932017131896,0.8078074354708097
4,django__django-13821,1791009754.720389,4.2040181159973145,13561,12544,1017,0,0,158,859,158,0.0960108400346379,0.0,0.014846704068477297,0.014846704068477297,1.097201582952077
3,django__django-13112,1791009756.4771602,4.698178291320801,13341,12544,797,0,0,192,605,192,0.0751518308781875,0.0,0.018044904110951755,0.018044904110951755,1.097201582952077
10,sympy__sympy-15875,1791009756.6622262,89.95665669441223,4621,3136,1485,0,0,790,695,790,0.12625358178869936,0.0,0.0668843154774436,0.0668843154774436,0.25920664399477134
13,sympy__sympy-23262,1791009757.207902,10.367272853851318,11567,10976,591,0,0,231,360,231,0.05471693594836503,0.0,0.021344278680274695,0.021344278680274695,0.9512466965661727
4,django__django-13821,1791009759.0663638,8.480317831039429,13909,12544,1365,0,0,1017,348,1017,0.1291071233162894,0.0,0.0960108400346379,0.0960108400346379,1.097201582952077
3,django__django-13112,1791009761.4268448,2.9260623455047607,13720,12544,1176,0,0,797,379,797,0.11111704388634591,0.0,0.0751518308781875,0.0751518308781875,1.097201582952077
9,sympy__sympy-13757,1791009762.2833369,12.310590267181396,11545,10976,569,0,0,280,289,280,0.05267369158303539,0.0,0.025878871989566923,0.025878871989566923,0.9512466965661727
3,django__django-13112,1791009764.4904616,23.569409608840942,14201,12544,1657,0,0,1176,481,1176,0.1569731742428678,0.0,0.11111704388634591,0.11111704388634591,1.097201582952077
5,django__django-14787,1791009764.8696594,55.31550574302673,9238,7840,1398,0,0,652,746,652,0.1255233403088823,0.0,0.05829280938134411,0.05829280938134411,0.6668837996659881
4,django__django-13821,1791009767.7136767,2.938632011413574,14193,12544,1649,0,0,1365,284,1365,0.15620855845554563,0.0,0.1291071233162894,0.1291071233162894,1.097201582952077
13,sympy__sympy-23262,1791009767.9466932,5.678602933883667,11919,10976,943,0,0,591,352,591,0.08747619587202632,0.0,0.05471693594836503,0.05471693594836503,0.9512466965661727
12,sympy__sympy-20916,1791009769.2025335,11.585413217544556,8093,6272,1821,0,0,1547,274,1547,0.16097612261287592,0.0,0.13653771170908635,0.13653771170908635,0.5284757891517079
4,django__django-13821,1791009770.8157868,5.62757682800293,14456,14112,344,0,0,81,263,81,0.032909100712321164,0.0,0.00773804677910008,0.00773804677910008,1.2456720946285222
13,sympy__sympy-23262,1791009773.9917724,7.964383602142334,12183,10976,1207,0,0,943,264,943,0.11212883797042705,0.0,0.08747619587202632,0.08747619587202632,0.9512466965661727
9,sympy__sympy-13757,1791009774.9962337,4.0592474937438965,11845,10976,869,0,0,569,300,569,0.08057878152877895,0.0,0.05267369158303539,0.05267369158303539,0.9512466965661727
4,django__django-13821,1791009776.5858529,11.970034837722778,15330,14112,1218,0,0,344,874,344,0.11706578253370985,0.0,0.032909100712321164,0.032909100712321164,1.2456720946285222
9,sympy__sympy-13757,1791009779.1857564,6.814878463745117,12022,10976,1046,0,0,869,177,869,0.09708597780720875,0.0,0.08057878152877895,0.08057878152877895,0.9512466965661727
12,sympy__sympy-20916,1791009781.2453141,66.27943062782288,8333,7840,493,0,0,253,240,253,0.044037129462540466,0.0,0.022568112098595647,0.022568112098595647,0.6668837996659881
8,sympy__sympy-11618,1791009781.9853835,17.664620637893677,6726,6272,454,0,0,106,348,106,0.03981602757013688,0.0,0.00927738152328075,0.00927738152328075,0.5284757891517079
13,sympy__sympy-23262,1791009782.383971,2.720630645751953,12531,10976,1555,0,0,1207,348,1207,0.14473445939637092,0.0,0.11212883797042705,0.11212883797042705,0.9512466965661727
7,pytest-dev__pytest-6202,1791009784.693794,25.23543381690979,7804,6272,1532,0,0,635,897,635,0.13520206025083126,0.0,0.05574861813685409,0.05574861813685409,0.5284757891517079
13,sympy__sympy-23262,1791009785.2600687,4.123766183853149,12845,10976,1869,0,0,1555,314,1555,0.17426081776045343,0.0,0.14473445939637092,0.14473445939637092,0.9512466965661727
9,sympy__sympy-13757,1791009786.1825738,2.3960936069488525,12253,10976,1277,0,0,1046,231,1046,0.11867748439888932,0.0,0.09708597780720875,0.09708597780720875,0.9512466965661727
6,pylint-dev__pylint-6528,1791009786.9156165,2.6792609691619873,9769,7840,1929,0,0,1132,797,1132,0.17372468384389636,0.0,0.1014857397632173,0.1014857397632173,0.6668837996659881
3,django__django-13112,1791009788.197293,11.644622802734375,14706,14112,594,0,0,89,505,89,0.05690156975168168,0.0,0.008502662566422247,0.008502662566422247,1.2456720946285222
9,sympy__sympy-13757,1791009788.715954,5.235394477844238,12414,10976,1438,0,0,1277,161,1277,0.13375839780659743,0.0,0.11867748439888932,0.11867748439888932,0.9512466965661727
4,django__django-13821,1791009788.9291112,8.156328439712524,15636,14112,1524,0,0,1218,306,1218,0.14671497576203335,0.0,0.11706578253370985,0.11706578253370985,1.2456720946285222
6,pylint-dev__pylint-6528,1791009789.7556744,2.299729824066162,10451,9408,1043,0,0,361,682,361,0.09513258773134432,0.0,0.03280104803907476,0.03280104803907476,0.8078074354708097
13,sympy__sympy-23262,1791009790.6376317,3.4396705627441406,13116,12544,572,0,0,301,271,301,0.053869976492052,0.0,0.028305931374549228,0.028305931374549228,1.097201582952077
6,pylint-dev__pylint-6528,1791009792.187801,3.691746711730957,10694,9408,1286,0,0,1043,243,1043,0.11745661918446645,0.0,0.09513258773134432,0.09513258773134432,0.8078074354708097
9,sympy__sympy-13757,1791009794.370626,10.067708730697632,12698,10976,1722,0,0,1438,284,1438,0.16042540938785618,0.0,0.13375839780659743,0.13375839780659743,0.9512466965661727
13,sympy__sympy-23262,1791009794.4499009,10.500884532928467,13281,12544,737,0,0,572,165,572,0.06947160494664056,0.0,0.053869976492052,0.053869976492052,1.097201582952077
6,pylint-dev__pylint-6528,1791009796.0433571,3.017853021621704,11033,9408,1625,0,0,1286,339,1286,0.14870095718875798,0.0,0.11745661918446645,0.11745661918446645,0.8078074354708097
4,django__django-13821,1791009797.5834122,6.121866703033447,15869,14112,1757,0,0,1524,233,1524,0.1693552447610186,0.0,0.14671497576203335,0.14671497576203335,1.2456720946285222
0,django__django-10973,1791009797.8970578,183.55204272270203,4920,3136,1784,0,0,999,785,999,0.15194722805855312,0.0,0.08468584261599772,0.08468584261599772,0.25920664399477134
8,sympy__sympy-11618,1791009799.7846694,8.17805552482605,7293,6272,1021,0,0,454,567,454,0.08983837603707863,0.0,0.03981602757013688,0.03981602757013688,0.5284757891517079
3,django__django-13112,1791009800.024315,4.8010780811309814,15008,14112,896,0,0,594,302,594,0.08596975680270172,0.0,0.05690156975168168,0.05690156975168168,1.2456720946285222
6,pylint-dev__pylint-6528,1791009800.0542934,12.49122929573059,11190,10976,214,0,0,57,157,57,0.019771626436461978,0.0,0.005261696093395066,0.005261696093395066,0.9512466965661727
4,django__django-13821,1791009803.859666,15.827804327011108,16791,15680,1111,0,0,189,922,189,0.10850329798141445,0.0,0.018369107794031725,0.018369107794031725,1.3966582315955094
9,sympy__sympy-13757,1791009804.8834085,9.620199918746948,13242,12544,698,0,0,154,544,154,0.06578143334828027,0.0,0.014470523001951946,0.014470523001951946,1.097201582952077
3,django__django-13112,1791009805.0604343,9.784189224243164,15797,14112,1685,0,0,896,789,896,0.1623531797589581,0.0,0.08596975680270172,0.08596975680270172,1.2456720946285222
8,sympy__sympy-11618,1791009808.4674299,13.626768589019775,8048,6272,1776,0,0,1021,755,1021,0.15695724302597525,0.0,0.08983837603707863,0.08983837603707863,0.5284757891517079
7,pytest-dev__pytest-6202,1791009810.0678742,3.818321466445923,8833,6272,2561,0,0,1532,1029,1532,0.22736154856655386,0.0,0.13520206025083126,0.13520206025083126,0.5284757891517079
13,astropy__astropy-12907,1791009811.851164,4.838047981262207,1688,0,1688,1688,0,0,0,0,0.13827149785996326,0.0,0.0,0.0,0.0
11,sympy__sympy-18211,1791009813.145389,145.92569780349731,12683,10976,1707,0,0,1098,609,1098,0.15901487619213808,0.0,0.10194164163409412,0.10194164163409412,0.9512466965661727
6,pylint-dev__pylint-6528,1791009813.9713643,82.35568237304688,11695,10976,719,0,0,214,505,214,0.06661472573338262,0.0,0.019771626436461978,0.019771626436461978,0.9512466965661727
2,django__django-12262,1791009814.0019474,9.234458684921265,13275,12544,731,0,0,253,478,253,0.0689037849439623,0.0,0.023785815922269665,0.023785815922269665,1.097201582952077
7,pytest-dev__pytest-6202,1791009814.016283,61.22825503349304,9288,7840,1448,0,0,993,455,993,0.13004976943148533,0.0,0.08895353805227359,0.08895353805227359,0.6668837996659881
9,sympy__sympy-13757,1791009814.8943903,7.570853233337402,13649,12544,1105,0,0,698,407,698,0.10436830988982719,0.0,0.06578143334828027,0.06578143334828027,1.097201582952077
3,django__django-13112,1791009814.9928443,2.0416345596313477,15917,15680,237,0,0,117,120,117,0.023040097899305022,0.0,0.011367042791971212,0.011367042791971212,1.3966582315955094
15,pytest-dev__pytest-5631,1791009815.0780058,104.78478765487671,6838,6272,566,0,0,262,304,262,0.049670914557964095,0.0,0.02295179619940951,0.02295179619940951,0.5284757891517079
13,astropy__astropy-12907,1791009817.0632422,2.1983444690704346,1950,1568,382,0,0,120,262,120,0.03164893226827467,0.0,0.009925988507848284,0.009925988507848284,0.128345509352115
3,django__django-13112,1791009817.4584649,15.421321868896484,16498,15680,818,0,0,237,581,237,0.07976550145769597,0.0,0.023040097899305022,0.023040097899305022,1.3966582315955094
13,astropy__astropy-12907,1791009819.4049542,16.03840661048889,4616,1568,3048,0,0,382,2666,382,0.25668583441474657,0.0,0.03164893226827467,0.03164893226827467,0.128345509352115
5,django__django-14787,1791009820.4241807,6.753465414047241,9542,7840,1702,0,0,1398,304,1398,0.15308353247084466,0.0,0.1255233403088823,0.1255233403088823,0.6668837996659881
8,sympy__sympy-11618,1791009822.4783466,17.40297222137451,8621,7840,781,0,0,208,573,208,0.06987774504222413,0.0,0.018549232511694984,0.018549232511694984,0.6668837996659881
9,sympy__sympy-13757,1791009823.1492407,34.97591161727905,14063,12544,1519,0,0,1105,414,1105,0.1437927298740533,0.0,0.10436830988982719,0.10436830988982719,1.097201582952077
2,django__django-12262,1791009823.398694,2.888608932495117,13585,12544,1041,0,0,731,310,731,0.09828936418965972,0.0,0.0689037849439623,0.0689037849439623,1.097201582952077
2,django__django-12262,1791009826.4188023,8.101717472076416,14248,12544,1704,0,0,1041,663,1041,0.16146661445899557,0.0,0.09828936418965972,0.09828936418965972,1.097201582952077
5,django__django-14787,1791009827.331155,7.8800647258758545,9770,9408,362,0,0,134,228,134,0.03289209486433648,0.0,0.012159896666023053,0.012159896666023053,0.8078074354708097
4,django__django-10973,1791009828.701443,3.2358365058898926,1426,0,1426,1426,0,0,0,0,0.11661878955743689,0.0,0.0,0.0,0.0
4,django__django-10973,1791009832.4417763,3.876742362976074,1646,0,1646,0,0,1426,220,1426,0.13479572590645678,0.0,0.11661878955743689,0.11661878955743689,0.0
3,django__django-13112,1791009833.0255997,68.99591588973999,16990,15680,1310,0,0,818,492,818,0.1280715490860314,0.0,0.07976550145769597,0.07976550145769597,1.3966582315955094
2,django__django-12262,1791009834.7428114,21.15982985496521,14570,14112,458,0,0,136,322,136,0.04384173487016198,0.0,0.01299610278255002,0.01299610278255002,1.2456720946285222
5,django__django-14787,1791009835.395679,182.88038229942322,10068,9408,660,0,0,362,298,362,0.06006963267271098,0.0,0.03289209486433648,0.03289209486433648,0.8078074354708097
13,astropy__astropy-12907,1791009835.5807805,23.901408910751343,6257,3136,3121,0,0,1480,1641,1480,0.2679572366886088,0.0,0.12582469977209026,0.12582469977209026,0.25920664399477134
4,django__django-10973,1791009836.6199691,31.192702293395996,2431,1568,863,0,0,78,785,78,0.07171243815228187,0.0,0.006450216554341811,0.006450216554341811,0.128345509352115
8,sympy__sympy-11618,1791009840.055714,2.8043298721313477,8850,7840,1010,0,0,781,229,781,0.09048519232739866,0.0,0.06987774504222413,0.06987774504222413,0.6668837996659881
1,django__django-11749,1791009841.6477752,4.258084297180176,7601,6272,1329,0,0,860,469,860,0.11714888384644592,0.0,0.07560105858189144,0.07560105858189144,0.5284757891517079
8,sympy__sympy-11618,1791009843.9608514,6.560778856277466,9352,7840,1512,0,0,1010,502,1010,0.13584733128446788,0.0,0.09048519232739866,0.09048519232739866,0.6668837996659881
1,django__django-11749,1791009846.15812,3.1731150150299072,9176,6272,2904,0,0,1329,1575,1329,0.2583221312067619,0.0,0.11714888384644592,0.11714888384644592,0.5284757891517079
10,sympy__sympy-15875,1791009847.531938,183.17100024223328,5055,3136,1919,0,0,1485,434,1485,0.16357801242913697,0.0,0.12625358178869936,0.12625358178869936,0.25920664399477134
12,sympy__sympy-20916,1791009847.785415,113.35417056083679,10011,7840,2171,0,0,493,1678,493,0.19578785263240084,0.0,0.044037129462540466,0.044037129462540466,0.6668837996659881
1,django__django-11749,1791009849.4721346,76.3012273311615,10273,7840,2433,0,0,1336,1097,1336,0.21974197851535268,0.0,0.11991412069248164,0.11991412069248164,0.6668837996659881
8,sympy__sympy-11618,1791009852.8344142,4.1198039054870605,9754,7840,1914,0,0,1512,402,1512,0.17235910424707745,0.0,0.13584733128446788,0.13584733128446788,0.6668837996659881
2,django__django-12262,1791009856.1435208,10.647244453430176,15325,14112,1213,0,0,458,755,458,0.11658211411780506,0.0,0.04384173487016198,0.04384173487016198,1.2456720946285222
9,sympy__sympy-13757,1791009858.2717125,3.3722057342529297,14254,12544,1710,0,0,1519,191,1519,0.1620404078111759,0.0,0.1437927298740533,0.1437927298740533,1.097201582952077
8,sympy__sympy-11618,1791009858.440518,3.547581672668457,9943,9408,535,0,0,346,189,346,0.048658595580375844,0.0,0.03143546844225586,0.03143546844225586,0.8078074354708097
13,astropy__astropy-12907,1791009861.144734,51.386852979660034,6586,4704,1882,0,0,1553,329,1553,0.16340785302881028,0.0,0.13458047675541115,0.13458047675541115,0.39258340392796887
8,sympy__sympy-11618,1791009863.6981146,6.802239894866943,10296,9408,888,0,0,535,353,535,0.08092453930868874,0.0,0.048658595580375844,0.048658595580375844,0.8078074354708097
9,sympy__sympy-13757,1791009863.7446165,3.1494803428649902,14427,14112,315,0,0,142,173,142,0.030130113595535163,0.0,0.013569896134730353,0.013569896134730353,1.2456720946285222
2,django__django-12262,1791009867.0149114,12.226065635681152,16060,14112,1948,0,0,1213,735,1213,0.18795586600361247,0.0,0.11658211411780506,0.11658211411780506,1.2456720946285222
4,django__django-10973,1791009868.2230265,2.0913147926330566,3106,1568,1538,0,0,863,675,863,0.12833380909428319,0.0,0.07171243815228187,0.07171243815228187,0.128345509352115
9,sympy__sympy-13757,1791009868.9563532,3.6464180946350098,15122,14112,1010,0,0,315,695,315,0.09696677789741584,0.0,0.030130113595535163,0.030130113595535163,1.2456720946285222
4,django__django-10973,1791009870.447488,65.8832540512085,4215,1568,2647,0,0,1538,1109,1538,0.22237278694811746,0.0,0.12833380909428319,0.12833380909428319,0.128345509352115
9,sympy__sympy-13757,1791009874.7223704,5.743440389633179,16127,14112,2015,0,0,1010,1005,1010,0.19448953463750165,0.0,0.09696677789741584,0.09696677789741584,1.2456720946285222
7,pytest-dev__pytest-6202,1791009875.4742212,27.68058156967163,9899,7840,2059,0,0,1448,611,1448,0.1855693505276418,0.0,0.13004976943148533,0.13004976943148533,0.6668837996659881
8,sympy__sympy-11618,1791009876.578531,2.05452036857605,10542,9408,1134,0,0,888,246,888,0.1034855396288949,0.0,0.08092453930868874,0.08092453930868874,0.8078074354708097
8,sympy__sympy-11618,1791009878.8069263,8.104877471923828,11106,9408,1698,0,0,1134,564,1134,0.15544447561575964,0.0,0.1034855396288949,0.1034855396288949,0.8078074354708097
2,django__django-12262,1791009879.660155,4.131609678268433,16618,15680,938,0,0,380,558,380,0.09152462682198664,0.0,0.03696972903662561,0.03696972903662561,1.3966582315955094
9,sympy__sympy-13757,1791009883.3414254,7.086816072463989,16535,15680,855,0,0,447,408,447,0.08338966067897569,0.0,0.04350339767051478,0.04350339767051478,1.3966582315955094
2,django__django-12262,1791009884.1817832,11.930346965789795,16853,15680,1173,0,0,938,235,938,0.11459559356568302,0.0,0.09152462682198664,0.09152462682198664,1.3966582315955094
8,sympy__sympy-11618,1791009887.056714,6.285554885864258,11688,10976,712,0,0,130,582,130,0.06596363203599545,0.0,0.012005214520396703,0.012005214520396703,0.9512466965661727
9,sympy__sympy-13757,1791009892.4154978,3.7680253982543945,17013,15680,1333,0,0,855,478,855,0.13033581843820152,0.0,0.08338966067897569,0.08338966067897569,1.3966582315955094
8,sympy__sympy-11618,1791009893.7994626,14.973471403121948,11898,10976,922,0,0,712,210,712,0.08551825212935416,0.0,0.06596363203599545,0.06596363203599545,0.9512466965661727
2,django__django-12262,1791009896.2874496,2.570197820663452,16988,15680,1308,0,0,1173,135,1173,0.1278746816784918,0.0,0.11459559356568302,0.11459559356568302,1.3966582315955094
9,sympy__sympy-13757,1791009896.3012197,2.4600937366485596,17144,15680,1464,0,0,1333,131,1333,0.14324262995548528,0.0,0.13033581843820152,0.13033581843820152,1.3966582315955094
6,pylint-dev__pylint-6528,1791009896.5666814,42.59287166595459,12269,10976,1293,0,0,719,574,719,0.1201750218189985,0.0,0.06661472573338262,0.06661472573338262,0.9512466965661727
9,sympy__sympy-13757,1791009898.885567,34.0056893825531,17665,15680,1985,0,0,1464,521,1464,0.1947480839361248,0.0,0.14324262995548528,0.14324262995548528,1.3966582315955094
2,django__django-12262,1791009899.3462303,2.976421356201172,17652,15680,1972,0,0,1308,664,1308,0.19345954050322023,0.0,0.1278746816784918,0.1278746816784918,1.3966582315955094
3,django__django-13112,1791009902.2787423,52.98661732673645,17712,15680,2032,0,0,1310,722,1310,0.19940810672945936,0.0,0.1280715490860314,0.1280715490860314,1.3966582315955094
2,django__django-12262,1791009902.4504128,2.3985679149627686,17916,17248,668,0,0,404,264,404,0.06615902194593905,0.0,0.039957778245692015,0.039957778245692015,1.5501599938530375
2,django__django-12262,1791009905.703958,2.732145071029663,18064,17248,816,0,0,668,148,668,0.08087879280034753,0.0,0.06615902194593905,0.06615902194593905,1.5501599938530375
7,pytest-dev__pytest-6202,1791009907.0921776,2.7649271488189697,10735,9408,1327,0,0,491,836,491,0.12122918229297158,0.0,0.04464571472282021,0.04464571472282021,0.8078074354708097
7,pytest-dev__pytest-6202,1791009910.0014064,25.190794706344604,11278,9408,1870,0,0,1327,543,1327,0.17135487204496072,0.0,0.12122918229297158,0.12122918229297158,0.8078074354708097
8,django__django-11749,1791009912.4874883,3.340008020401001,1633,0,1633,1633,0,0,0,0,0.13372025751873168,0.0,0.0,0.0,0.0
2,django__django-12262,1791009912.9506042,5.660873651504517,18468,17248,1220,0,0,816,404,816,0.1211738780501935,0.0,0.08087879280034753,0.08087879280034753,1.5501599938530375
13,astropy__astropy-12907,1791009913.030622,10.631022214889526,6948,6272,676,0,0,314,362,314,0.05936231450038866,0.0,0.027515467805071345,0.027515467805071345,0.5284757891517079
8,django__django-11749,1791009916.4708018,3.573639154434204,1862,1568,294,0,0,65,229,65,0.024344842850320104,0.0,0.005374748166616698,0.005374748166616698,0.128345509352115
15,pytest-dev__pytest-5631,1791009920.01666,3.596923589706421,7127,6272,855,0,0,566,289,566,0.07515933048734495,0.0,0.049670914557964095,0.049670914557964095,0.5284757891517079
2,django__django-12262,1791009920.2389262,2.739985466003418,18827,17248,1579,0,0,1220,359,1220,0.1571207831255408,0.0,0.1211738780501935,0.1211738780501935,1.5501599938530375
8,django__django-11749,1791009920.2925816,2.458645820617676,2075,1568,507,0,0,294,213,294,0.04203768042240205,0.0,0.024344842850320104,0.024344842850320104,0.128345509352115
2,django__django-12262,1791009923.1084163,3.5626397132873535,18956,18816,140,0,0,11,129,11,0.014052455794090249,0.0,0.0011033955774713048,0.0011033955774713048,1.706177381401107
8,django__django-11749,1791009923.1573904,2.633219003677368,2197,1568,629,0,0,507,122,507,0.05219251493753948,0.0,0.04203768042240205,0.04203768042240205,0.128345509352115
15,pytest-dev__pytest-5631,1791009923.7533994,9.247413396835327,7780,6272,1508,0,0,855,653,855,0.13306549676784016,0.0,0.07515933048734495,0.07515933048734495,0.5284757891517079
13,astropy__astropy-12907,1791009923.8471851,17.19035053253174,7108,6272,836,0,0,676,160,676,0.07348099701407151,0.0,0.05936231450038866,0.05936231450038866,0.5284757891517079
1,django__django-11749,1791009925.9055882,3.18747878074646,11808,9408,2400,0,0,865,1535,865,0.220571436561323,0.0,0.07881834271053108,0.07881834271053108,0.8078074354708097
8,django__django-11749,1791009925.9668667,3.18406081199646,5320,1568,3752,0,0,629,3123,629,0.31732417478535135,0.0,0.05219251493753948,0.05219251493753948,0.128345509352115
2,django__django-12262,1791009926.8198795,3.436530113220215,19165,18816,349,0,0,140,209,140,0.03506808084123825,0.0,0.014052455794090249,0.014052455794090249,1.706177381401107
1,django__django-11749,1791009929.2442982,110.20811891555786,12800,10976,1824,0,0,832,992,832,0.17002314045900624,0.0,0.07713217546596007,0.07713217546596007,0.9512466965661727
8,django__django-11749,1791009929.302652,13.445428848266602,6034,4704,1330,0,0,616,714,616,0.11510392309936784,0.0,0.053086280209497426,0.053086280209497426,0.39258340392796887
2,django__django-12262,1791009930.9664552,6.539868593215942,19488,18816,672,0,0,349,323,349,0.06763468403811387,0.0,0.03506808084123825,0.03506808084123825,1.706177381401107
15,pytest-dev__pytest-5631,1791009933.2579732,10.869746923446655,8241,6272,1969,0,0,1508,461,1508,0.1742083841491088,0.0,0.13306549676784016,0.13306549676784016,0.5284757891517079
9,sympy__sympy-13757,1791009933.3965058,17.53958249092102,18090,17248,842,0,0,417,425,417,0.08346701293370246,0.0,0.04124632167859661,0.04124632167859661,1.5501599938530375
7,pytest-dev__pytest-6202,1791009935.446473,5.780498504638672,11727,10976,751,0,0,302,449,302,0.0695917925312515,0.0,0.027915610949597793,0.027915610949597793,0.9512466965661727
4,django__django-10973,1791009936.6253133,102.63190269470215,4591,3136,1455,0,0,1079,376,1079,0.12368067338312902,0.0,0.09151165230546116,0.09151165230546116,0.25920664399477134
2,django__django-12262,1791009937.6657245,3.1167984008789062,19866,18816,1050,0,0,672,378,672,0.10588224471888591,0.0,0.06763468403811387,0.06763468403811387,1.706177381401107
6,pylint-dev__pylint-6528,1791009939.418452,75.9311146736145,13250,10976,2274,0,0,1293,981,1293,0.21249315113592743,0.0,0.1201750218189985,0.1201750218189985,0.9512466965661727
2,django__django-12262,1791009940.9228697,4.016378164291382,22711,18816,3895,0,0,1050,2845,1050,0.39844180067367574,0.0,0.10588224471888591,0.10588224471888591,1.706177381401107
13,astropy__astropy-12907,1791009941.1829612,5.437007904052734,7512,6272,1240,0,0,836,404,836,0.10924723969343866,0.0,0.07348099701407151,0.07348099701407151,0.5284757891517079
14,pytest-dev__pytest-10051,1791009941.2950964,122.6130940914154,9626,7840,1786,0,0,960,826,960,0.1607155225362446,0.0,0.08598117093931007,0.08598117093931007,0.6668837996659881
7,pytest-dev__pytest-6202,1791009941.774224,4.88904070854187,12045,10976,1069,0,0,751,318,751,0.09923333403716152,0.0,0.0695917925312515,0.0695917925312515,0.9512466965661727
8,django__django-11749,1791009942.938432,7.53183126449585,6430,4704,1726,0,0,1330,396,1330,0.14972513828225315,0.0,0.11510392309936784,0.11510392309936784,0.39258340392796887
15,pytest-dev__pytest-5631,1791009944.3328624,3.4995968341827393,8556,7840,716,0,0,401,315,401,0.0640382461371986,0.0,0.03580037363482854,0.03580037363482854,0.6668837996659881
2,django__django-12262,1791009945.115104,13.582425117492676,22976,21952,1024,0,0,759,265,759,0.10653249269598172,0.0,0.07886014970591276,0.07886014970591276,2.02575903236887
13,astropy__astropy-12907,1791009946.7462249,2.2261359691619873,7653,6272,1381,0,0,1240,141,1240,0.1217693258056146,0.0,0.10924723969343866,0.10924723969343866,0.5284757891517079
7,pytest-dev__pytest-6202,1791009946.793064,6.491235256195068,12319,10976,1343,0,0,1069,274,1069,0.12485651451081001,0.0,0.09923333403716152,0.09923333403716152,0.9512466965661727
15,pytest-dev__pytest-5631,1791009948.1802452,17.881494283676147,8869,7840,1029,0,0,716,313,716,0.09219739115213142,0.0,0.0640382461371986,0.0640382461371986,0.6668837996659881
13,astropy__astropy-12907,1791009949.1011019,6.155677795410156,7898,6272,1626,0,0,1381,245,1381,0.14357594180558828,0.0,0.1217693258056146,0.1217693258056146,0.5284757891517079
8,django__django-11749,1791009950.6481056,5.725083351135254,6821,6272,549,0,0,158,391,158,0.04817425727605054,0.0,0.013832753058514214,0.013832753058514214,0.5284757891517079
9,sympy__sympy-13757,1791009953.2951913,4.753174304962158,18532,17248,1284,0,0,842,442,842,0.12757258109869793,0.0,0.08346701293370246,0.08346701293370246,1.5501599938530375
7,pytest-dev__pytest-6202,1791009953.4672608,2.6353886127471924,12545,10976,1569,0,0,1343,226,1343,0.14604877254738868,0.0,0.12485651451081001,0.12485651451081001,0.9512466965661727
3,django__django-13112,1791009955.5341368,2.956622838973999,18421,17248,1173,0,0,464,709,464,0.11647749947499741,0.0,0.04590634447193117,0.04590634447193117,1.5501599938530375
13,astropy__astropy-12907,1791009955.8042643,13.957419633865356,8228,7840,388,0,0,58,330,58,0.03463718254762414,0.0,0.00516793129130802,0.00516793129130802,0.6668837996659881
7,pytest-dev__pytest-6202,1791009956.36651,7.386815071105957,12806,12544,262,0,0,1,261,1,0.024633158000740698,0.0,9.388616148444313e-05,9.388616148444313e-05,1.097201582952077
8,django__django-11749,1791009956.8013554,4.466047286987305,7034,6272,762,0,0,549,213,549,0.06694785057929115,0.0,0.04817425727605054,0.04817425727605054,0.5284757891517079
3,django__django-13112,1791009958.6576378,16.411081552505493,19057,17248,1809,0,0,1173,636,1173,0.18022013911435655,0.0,0.11647749947499741,0.11647749947499741,1.5501599938530375
11,sympy__sympy-18211,1791009959.3299603,4.648489236831665,13559,12544,1015,0,0,139,876,139,0.09582098962450926,0.0,0.013059989806233855,0.013059989806233855,1.097201582952077
9,sympy__sympy-13757,1791009959.5831804,7.790193557739258,18888,17248,1640,0,0,1284,356,1284,0.16324186005862032,0.0,0.12757258109869793,0.12757258109869793,1.5501599938530375
12,sympy__sympy-20916,1791009961.5875337,195.9220690727234,10625,9408,1217,0,0,603,614,603,0.11111155449818699,0.0,0.05486421682757926,0.05486421682757926,0.8078074354708097
8,django__django-11749,1791009961.6152515,3.0848031044006348,7262,6272,990,0,0,762,228,762,0.08709496748166892,0.0,0.06694785057929115,0.06694785057929115,0.5284757891517079
7,pytest-dev__pytest-6202,1791009964.0628617,11.922577142715454,13376,12544,832,0,0,262,570,262,0.07846699704869628,0.0,0.024633158000740698,0.024633158000740698,1.097201582952077
11,sympy__sympy-18211,1791009964.2237976,5.247007131576538,14362,12544,1818,0,0,1015,803,1015,0.17237498687250732,0.0,0.09582098962450926,0.09582098962450926,1.097201582952077
8,django__django-11749,1791009964.8475833,2.8266825675964355,8018,6272,1746,0,0,990,756,990,0.15427914105029394,0.0,0.08709496748166892,0.08709496748166892,0.5284757891517079
15,pytest-dev__pytest-5631,1791009966.257955,3.9789958000183105,9410,7840,1570,0,0,1029,541,1029,0.14110499173951924,0.0,0.09219739115213142,0.09219739115213142,0.6668837996659881
8,django__django-11749,1791009967.801368,3.9379677772521973,9456,7840,1616,0,0,178,1438,178,0.14527730783294887,0.0,0.015871130536013665,0.015871130536013665,0.6668837996659881
9,sympy__sympy-13757,1791009968.926454,13.027752876281738,20509,18816,1693,0,0,72,1621,72,0.17127943324182138,0.0,0.007224472510550786,0.007224472510550786,1.706177381401107
11,sympy__sympy-18211,1791009969.7681067,2.2994768619537354,15336,14112,1224,0,0,250,974,250,0.11764621839787501,0.0,0.023904475196061772,0.023904475196061772,1.2456720946285222
13,astropy__astropy-12907,1791009970.2651412,13.669474840164185,8848,7840,1008,0,0,388,620,388,0.09030498235903234,0.0,0.03463718254762414,0.03463718254762414,0.6668837996659881
15,pytest-dev__pytest-5631,1791009970.8616548,9.370523929595947,9696,9408,288,0,0,2,286,2,0.026157393415559185,0.0,0.0001813559346976481,0.0001813559346976481,0.8078074354708097
8,django__django-11749,1791009972.0375514,3.1762001514434814,9733,9408,325,0,0,48,277,48,0.02952404377034623,0.0,0.004353672028127297,0.004353672028127297,0.8078074354708097
11,sympy__sympy-18211,1791009972.2717905,14.845343828201294,16793,14112,2681,0,0,1224,1457,1224,0.25968589922135654,0.0,0.11764621839787501,0.11764621839787501,1.2456720946285222
8,django__django-11749,1791009975.333192,16.94813585281372,10178,9408,770,0,0,325,445,325,0.07012456997006633,0.0,0.02952404377034623,0.02952404377034623,0.8078074354708097
3,django__django-13112,1791009975.3561862,6.75912618637085,19406,18816,590,0,0,241,349,241,0.05935689140945569,0.0,0.024202751566287036,0.024202751566287036,1.706177381401107
7,pytest-dev__pytest-6202,1791009976.2477672,2.1065030097961426,13661,12544,1117,0,0,832,285,832,0.10550857878061491,0.0,0.07846699704869628,0.07846699704869628,1.097201582952077
2,django__django-12262,1791009976.6297178,22.931530475616455,23194,21952,1242,0,0,1024,218,1024,0.12935077828276859,0.0,0.10653249269598172,0.10653249269598172,2.02575903236887
7,pytest-dev__pytest-6202,1791009978.670402,2.065232992172241,13752,12544,1208,0,0,1117,91,1117,0.11416041302195618,0.0,0.10550857878061491,0.10550857878061491,1.097201582952077
15,pytest-dev__pytest-5631,1791009980.5394971,12.864260196685791,10098,9408,690,0,0,288,402,288,0.06281066047819316,0.0,0.026157393415559185,0.026157393415559185,0.8078074354708097
7,pytest-dev__pytest-6202,1791009981.0314744,8.463647842407227,13931,12544,1387,0,0,1208,179,1208,0.13120358144676184,0.0,0.11416041302195618,0.11416041302195618,1.097201582952077
0,django__django-10973,1791009982.2360725,199.13574767112732,6424,4704,1720,0,0,216,1504,216,0.14919937729030325,0.0,0.01857046812535549,0.01857046812535549,0.39258340392796887
3,django__django-13112,1791009982.2478487,6.68292760848999,19639,18816,823,0,0,590,233,590,0.08289593566299974,0.0,0.05935689140945569,0.05935689140945569,1.706177381401107
13,astropy__astropy-12907,1791009984.4785366,3.564408779144287,9297,7840,1457,0,0,1008,449,1008,0.13086479832896547,0.0,0.09030498235903234,0.09030498235903234,0.6668837996659881
9,sympy__sympy-13757,1791009984.9086711,17.5490243434906,20824,20384,440,0,0,125,315,125,0.04493830648605233,0.0,0.012746420403210548,0.012746420403210548,1.8647103942397178
11,sympy__sympy-18211,1791009987.7397614,13.450631141662598,17024,15680,1344,0,0,1113,231,1113,0.1314189212029502,0.0,0.10869976225436966,0.10869976225436966,1.3966582315955094
3,django__django-13112,1791009989.0919392,2.3426826000213623,19883,18816,1067,0,0,823,244,823,0.10760580845032444,0.0,0.08289593566299974,0.08289593566299974,1.706177381401107
7,pytest-dev__pytest-6202,1791009989.7748444,2.7566921710968018,14224,12544,1680,0,0,1387,293,1387,0.15917180939659503,0.0,0.13120358144676184,0.13120358144676184,1.097201582952077
13,astropy__astropy-12907,1791009990.215518,3.1451516151428223,10015,7840,2175,0,0,1457,718,1457,0.1961530365148823,0.0,0.13086479832896547,0.13086479832896547,0.6668837996659881
3,django__django-13112,1791009992.426844,2.7280807495117188,20354,18816,1538,0,0,1067,471,1067,0.15547625084516203,0.0,0.10760580845032444,0.10760580845032444,1.706177381401107
7,pytest-dev__pytest-6202,1791009992.8065195,10.25902533531189,14408,14112,296,0,0,112,184,112,0.028309864470336878,0.0,0.010701297720149478,0.010701297720149478,1.2456720946285222
8,django__django-11749,1791009993.396919,9.125326156616211,10755,9408,1347,0,0,770,577,770,0.12307008112242414,0.0,0.07012456997006633,0.07012456997006633,0.8078074354708097
15,pytest-dev__pytest-5631,1791009994.098176,22.551098346710205,10550,9408,1142,0,0,690,452,690,0.10422027025139068,0.0,0.06281066047819316,0.06281066047819316,0.8078074354708097
3,django__django-13112,1791009995.945668,16.08540415763855,20917,18816,2101,0,0,1538,563,1538,0.21299500230498852,0.0,0.15547625084516203,0.15547625084516203,1.706177381401107
2,django__django-12262,1791009999.8149536,7.259870529174805,24134,21952,2182,0,0,1242,940,1242,0.2282984292424109,0.0,0.12935077828276859,0.12935077828276859,2.02575903236887
11,sympy__sympy-18211,1791010001.8039122,299.6126940250397,17265,15680,1585,0,0,1344,241,1344,0.15517978815187541,0.0,0.1314189212029502,0.1314189212029502,1.3966582315955094
8,django__django-11749,1791010002.9678667,148.98333406448364,11085,9408,1677,0,0,1347,330,1347,0.1535040006973507,0.0,0.12307008112242414,0.12307008112242414,0.8078074354708097
7,pytest-dev__pytest-6202,1791010003.3732924,6.444274187088013,14834,14112,722,0,0,296,426,296,0.06921046677259106,0.0,0.028309864470336878,0.028309864470336878,1.2456720946285222
9,sympy__sympy-13757,1791010006.5465715,6.744944095611572,21060,20384,676,0,0,440,236,440,0.0691231973241472,0.0,0.04493830648605233,0.04493830648605233,1.8647103942397178
13,astropy__astropy-12907,1791010007.0322554,4.082653045654297,10578,9408,1170,0,0,607,563,607,0.10679234311497499,0.0,0.05522940071006072,0.05522940071006072,0.8078074354708097
2,django__django-12262,1791010007.9337857,5.628079652786255,24563,23520,1043,0,0,614,429,614,0.11019264806445107,0.0,0.06473416582271743,0.06473416582271743,2.1893232957885633
7,pytest-dev__pytest-6202,1791010010.0971935,7.587347030639648,15060,14112,948,0,0,722,226,722,0.09098429249047878,0.0,0.06921046677259106,0.06921046677259106,1.2456720946285222
3,django__django-13112,1791010012.1646109,8.478501319885254,21630,20384,1246,0,0,533,713,533,0.12777089304739475,0.0,0.05446198946637768,0.05446198946637768,1.8647103942397178
2,django__django-12262,1791010013.714995,8.39136004447937,24861,23520,1341,0,0,1043,298,1043,0.14188070321384533,0.0,0.11019264806445107,0.11019264806445107,2.1893232957885633
6,pylint-dev__pylint-6528,1791010015.7806675,22.158138751983643,13565,12544,1021,0,0,706,315,706,0.0963905531331059,0.0,0.06653826475002318,0.06653826475002318,1.097201582952077
15,pytest-dev__pytest-5631,1791010016.9950848,29.50737190246582,11099,9408,1691,0,0,1142,549,1142,0.15479760050692964,0.0,0.10422027025139068,0.10422027025139068,0.8078074354708097
9,sympy__sympy-13757,1791010017.3444836,7.769776344299316,21335,20384,951,0,0,676,275,676,0.09737663533315546,0.0,0.0691231973241472,0.0691231973241472,1.8647103942397178
7,pytest-dev__pytest-6202,1791010017.9262214,6.402171850204468,15476,14112,1364,0,0,948,416,948,0.13120017883783558,0.0,0.09098429249047878,0.09098429249047878,1.2456720946285222
5,django__django-14787,1791010018.5631795,228.30430960655212,10535,9408,1127,0,0,660,467,660,0.10284270405138288,0.0,0.06006963267271098,0.06006963267271098,0.8078074354708097
3,django__django-13112,1791010020.9210563,11.925286531448364,22623,20384,2239,0,0,1246,993,1246,0.23073537358101925,0.0,0.12777089304739475,0.12777089304739475,1.8647103942397178
2,django__django-12262,1791010022.2450624,28.03080463409424,25082,23520,1562,0,0,1341,221,1341,0.1654395842907313,0.0,0.14188070321384533,0.14188070321384533,2.1893232957885633
13,astropy__astropy-12907,1791010022.2671874,4.22050666809082,11915,9408,2507,0,0,1170,1337,1170,0.2305424805138547,0.0,0.10679234311497499,0.10679234311497499,0.8078074354708097
7,pytest-dev__pytest-6202,1791010024.4801202,3.294752597808838,16071,14112,1959,0,0,1364,595,1364,0.18902824272813676,0.0,0.13120017883783558,0.13120017883783558,1.2456720946285222
9,sympy__sympy-13757,1791010029.0332391,9.857981443405151,21570,20384,1186,0,0,951,235,951,0.12158179667368267,0.0,0.09737663533315546,0.09737663533315546,1.8647103942397178
10,sympy__sympy-15875,1791010031.6923833,145.2534418106079,5509,4704,805,0,0,351,454,351,0.06945195236477694,0.0,0.030201252495939364,0.030201252495939364,0.39258340392796887
3,django__django-13112,1791010033.2188604,9.489977836608887,22963,21952,1011,0,0,671,340,671,0.10517330555467161,0.0,0.06968673545186709,0.06968673545186709,2.02575903236887
7,pytest-dev__pytest-6202,1791010036.6544392,5.242734909057617,16446,15680,766,0,0,391,375,391,0.07467445614635487,0.0,0.038042105761149886,0.038042105761149886,1.3966582315955094
6,pylint-dev__pylint-6528,1791010038.4247274,9.924856662750244,14027,12544,1483,0,0,1021,462,1021,0.14035755769517952,0.0,0.0963905531331059,0.0963905531331059,1.097201582952077
13,astropy__astropy-12907,1791010038.632829,4.540886163711548,12147,10976,1171,0,0,939,232,939,0.10876291489986091,0.0,0.0871032194184918,0.0871032194184918,0.9512466965661727
1,django__django-11749,1791010039.602439,6.302293300628662,13219,12544,675,0,0,256,419,256,0.06360590783344543,0.0,0.02406825407310199,0.02406825407310199,1.097201582952077
4,django__django-10973,1791010039.8596275,50.78788900375366,5224,3136,2088,0,0,1455,633,1455,0.17816431493829848,0.0,0.12368067338312902,0.12368067338312902,0.25920664399477134
9,sympy__sympy-13757,1791010041.2892103,8.654501676559448,22014,20384,1630,0,0,1186,444,1186,0.167468334247914,0.0,0.12158179667368267,0.12158179667368267,1.8647103942397178
7,pytest-dev__pytest-6202,1791010042.674721,5.185173273086548,16872,15680,1192,0,0,766,426,766,0.116463374714026,0.0,0.07467445614635487,0.07467445614635487,1.3966582315955094
3,django__django-13112,1791010043.1187406,6.983938217163086,23293,21952,1341,0,0,1011,330,1011,0.13972926602340152,0.0,0.10517330555467161,0.10517330555467161,2.02575903236887
13,astropy__astropy-12907,1791010043.355887,2.197160243988037,12395,10976,1419,0,0,1171,248,1171,0.13197728240842993,0.0,0.10876291489986091,0.10876291489986091,0.9512466965661727
13,astropy__astropy-12907,1791010045.6929245,4.390576601028442,12672,10976,1696,0,0,1419,277,1419,0.15798063149728891,0.0,0.13197728240842993,0.13197728240842993,0.9512466965661727
1,django__django-11749,1791010046.0702794,270.5574417114258,13691,12544,1147,0,0,675,472,675,0.1083598956136456,0.0,0.06360590783344543,0.06360590783344543,1.097201582952077
15,pytest-dev__pytest-5631,1791010046.6387694,3.4908559322357178,11339,10976,363,0,0,123,240,123,0.033565522802365653,0.0,0.011358339411566736,0.011358339411566736,0.9512466965661727
6,pylint-dev__pylint-6528,1791010048.8539448,79.98577880859375,14494,12544,1950,0,0,1483,467,1483,0.18502234629669362,0.0,0.14035755769517952,0.14035755769517952,1.097201582952077
13,astropy__astropy-12907,1791010050.2330453,7.51899790763855,12858,12544,314,0,0,128,186,128,0.029530535002086584,0.0,0.012025745111384677,0.012025745111384677,1.097201582952077
3,django__django-13112,1791010050.5435119,104.92541027069092,23568,21952,1616,0,0,1341,275,1341,0.16861101588501073,0.0,0.13972926602340152,0.13972926602340152,2.02575903236887
15,pytest-dev__pytest-5631,1791010051.0123773,2.600590467453003,11618,10976,642,0,0,363,279,363,0.05945545254360836,0.0,0.033565522802365653,0.033565522802365653,0.9512466965661727
15,pytest-dev__pytest-5631,1791010053.9012403,2.7561702728271484,11748,10976,772,0,0,642,130,642,0.07154606201937383,0.0,0.05945545254360836,0.05945545254360836,0.9512466965661727
7,pytest-dev__pytest-6202,1791010054.4971323,2.9946212768554688,17253,15680,1573,0,0,1192,381,1192,0.15399526858975066,0.0,0.116463374714026,0.116463374714026,1.3966582315955094
15,pytest-dev__pytest-5631,1791010056.928277,2.4917635917663574,11893,10976,917,0,0,772,145,772,0.08505214155474014,0.0,0.07154606201937383,0.07154606201937383,0.9512466965661727
7,pytest-dev__pytest-6202,1791010057.7844403,2.1950461864471436,17378,17248,130,0,0,5,125,5,0.012839478009606834,0.0,0.0004935063322224442,0.0004935063322224442,1.5501599938530375
13,astropy__astropy-12907,1791010057.8962355,3.3853681087493896,13041,12544,497,0,0,314,183,314,0.04678753585253139,0.0,0.029530535002086584,0.029530535002086584,1.097201582952077
2,django__django-12262,1791010058.9195995,5.838490962982178,1590,0,1590,0,23520,1562,0,25082,0.13016417091929328,2.1893232957885633,0.1654395842907313,2.354762880079295,0.0
7,pytest-dev__pytest-6202,1791010060.1267908,2.0809738636016846,17478,17248,230,0,0,130,100,130,0.02272776617403889,0.0,0.012839478009606834,0.012839478009606834,1.5501599938530375
13,astropy__astropy-12907,1791010061.4428525,10.112342834472656,13407,12544,863,0,0,497,366,497,0.08140433380289419,0.0,0.04678753585253139,0.04678753585253139,1.097201582952077
7,pytest-dev__pytest-6202,1791010062.3337498,2.370300054550171,17604,17248,356,0,0,230,126,230,0.035201577358210355,0.0,0.02272776617403889,0.02272776617403889,1.5501599938530375
15,pytest-dev__pytest-5631,1791010063.6391513,5.7701826095581055,12126,10976,1150,0,0,917,233,917,0.10680007215112229,0.0,0.08505214155474014,0.08505214155474014,0.9512466965661727
14,pytest-dev__pytest-10051,1791010064.0405505,8.240041971206665,9946,9408,538,0,0,218,320,218,0.048932273227878825,0.0,0.019791886731423014,0.019791886731423014,0.8078074354708097
9,sympy__sympy-13757,1791010064.1828964,4.281703233718872,22279,21952,327,0,0,62,265,62,0.033903051866662245,0.0,0.00641969611876184,0.00641969611876184,2.02575903236887
7,pytest-dev__pytest-6202,1791010065.102669,3.9136970043182373,17764,17248,516,0,0,356,160,356,0.051064748047133235,0.0,0.035201577358210355,0.035201577358210355,1.5501599938530375
2,django__django-12262,1791010065.247533,5.209262371063232,3061,1568,1493,0,0,22,1471,22,0.12454454739510216,0.0,0.001818661567178278,0.001818661567178278,0.128345509352115
7,pytest-dev__pytest-6202,1791010069.1626446,3.983790397644043,18015,17248,767,0,0,516,251,516,0.07600287341926788,0.0,0.051064748047133235,0.051064748047133235,1.5501599938530375
15,pytest-dev__pytest-5631,1791010069.9722428,4.77567195892334,12616,10976,1640,0,0,1150,490,1150,0.15271730527166172,0.0,0.10680007215112229,0.10680007215112229,0.9512466965661727
2,django__django-12262,1791010071.0651982,3.0618348121643066,3555,1568,1987,0,0,1493,494,1493,0.16625569447059504,0.0,0.12454454739510216,0.12454454739510216,0.128345509352115
13,astropy__astropy-12907,1791010071.737047,6.90024471282959,13643,12544,1099,0,0,863,236,863,0.10379823069638144,0.0,0.08140433380289419,0.08140433380289419,1.097201582952077
14,pytest-dev__pytest-10051,1791010072.438472,9.535766124725342,10222,9408,814,0,0,538,276,538,0.07415001143716074,0.0,0.048932273227878825,0.048932273227878825,0.8078074354708097
7,pytest-dev__pytest-6202,1791010073.319173,7.376184701919556,18258,17248,1010,0,0,767,243,767,0.10020757068242443,0.0,0.07600287341926788,0.07600287341926788,1.5501599938530375
2,django__django-12262,1791010074.2878594,54.63417053222656,6601,3136,3465,0,0,419,3046,419,0.29810157084448313,0.0,0.035394559827938744,0.035394559827938744,0.25920664399477134
15,pytest-dev__pytest-5631,1791010074.916549,10.61434030532837,12993,12544,449,0,0,72,377,72,0.04225779428306863,0.0,0.006762418885757482,0.006762418885757482,1.097201582952077
13,astropy__astropy-12907,1791010079.1419663,7.659475564956665,13939,12544,1395,0,0,1099,296,1099,0.13196605263994965,0.0,0.10379823069638144,0.10379823069638144,1.097201582952077
7,pytest-dev__pytest-6202,1791010080.9756062,13.752329111099243,18416,17248,1168,0,0,1010,158,1010,0.11597801774690446,0.0,0.10020757068242443,0.10020757068242443,1.5501599938530375
14,pytest-dev__pytest-10051,1791010082.142702,54.86034536361694,10561,9408,1153,0,0,814,339,814,0.1052306317800738,0.0,0.07415001143716074,0.07415001143716074,0.8078074354708097
9,sympy__sympy-13757,1791010083.4259534,9.596937894821167,22454,21952,502,0,0,327,175,327,0.052091830330556796,0.0,0.033903051866662245,0.033903051866662245,2.02575903236887
15,pytest-dev__pytest-5631,1791010086.164076,4.255523920059204,13455,12544,911,0,0,449,462,449,0.08595440808926431,0.0,0.04225779428306863,0.04225779428306863,1.097201582952077
13,astropy__astropy-12907,1791010087.3352816,3.50828218460083,14271,12544,1727,0,0,1395,332,1395,0.1636663556748694,0.0,0.13196605263994965,0.13196605263994965,1.097201582952077
15,pytest-dev__pytest-5631,1791010090.9796286,12.580575704574585,13582,12544,1038,0,0,911,127,911,0.09800451643997893,0.0,0.08595440808926431,0.08595440808926431,1.097201582952077
4,django__django-10973,1791010090.9962897,100.48976635932922,5649,4704,945,0,0,520,425,520,0.08159823641248681,0.0,0.04478755500510086,0.04478755500510086,0.39258340392796887
13,astropy__astropy-12907,1791010091.9428759,4.564428091049194,14698,14112,586,0,0,159,427,159,0.05613282030009292,0.0,0.015195843998423834,0.015195843998423834,1.2456720946285222
9,sympy__sympy-13757,1791010093.1786115,10.038490533828735,22806,21952,854,0,0,502,352,502,0.0887721613954009,0.0,0.052091830330556796,0.052091830330556796,2.02575903236887
13,astropy__astropy-12907,1791010096.6803293,2.960923433303833,15000,14112,888,0,0,586,302,586,0.0851985353380268,0.0,0.05613282030009292,0.05613282030009292,1.2456720946285222
13,astropy__astropy-12907,1791010099.7618494,6.670828580856323,15233,14112,1121,0,0,888,233,888,0.10768718071316605,0.0,0.0851985353380268,0.0851985353380268,1.2456720946285222
9,sympy__sympy-13757,1791010103.654979,5.643880844116211,23151,21952,1199,0,0,854,345,854,0.12484607405564796,0.0,0.0887721613954009,0.0887721613954009,2.02575903236887
15,pytest-dev__pytest-5631,1791010103.8763916,16.028751373291016,14071,12544,1527,0,0,1038,489,1038,0.14455628154978212,0.0,0.09800451643997893,0.09800451643997893,1.097201582952077
13,astropy__astropy-12907,1791010106.5924692,11.356297254562378,15727,14112,1615,0,0,1121,494,1121,0.15555070178810565,0.0,0.10768718071316605,0.10768718071316605,1.2456720946285222
7,django__django-13112,1791010108.5188403,6.910548210144043,1856,0,1856,1856,0,0,0,0,0.15219263464370764,0.0,0.0,0.0,0.0
9,sympy__sympy-13757,1791010109.7522433,3.287890672683716,23433,21952,1481,0,0,1199,282,1199,0.15442303322566378,0.0,0.12484607405564796,0.12484607405564796,2.02575903236887
9,sympy__sympy-13757,1791010113.1820219,4.708526849746704,23702,21952,1750,0,0,1481,269,1481,0.1827123432257871,0.0,0.15442303322566378,0.15442303322566378,2.02575903236887
7,django__django-13112,1791010116.4608688,9.458701133728027,2227,1568,659,0,0,288,371,288,0.05469193825211311,0.0,0.023847125291592667,0.023847125291592667,0.128345509352115
9,sympy__sympy-13757,1791010118.0390563,20.918896198272705,23885,23520,365,0,0,182,183,182,0.03843554063702562,0.0,0.019148079806093635,0.019148079806093635,2.1893232957885633
13,astropy__astropy-12907,1791010118.1002967,3.080958127975464,15989,15680,309,0,0,47,262,47,0.030051003213064385,0.0,0.004564564821118778,0.004564564821118778,1.3966582315955094
15,pytest-dev__pytest-5631,1791010120.072864,17.051581621170044,14790,12544,2246,0,0,1527,719,1527,0.21344790425365232,0.0,0.14455628154978212,0.14455628154978212,1.097201582952077
13,astropy__astropy-12907,1791010121.309598,6.424443006515503,16416,15680,736,0,0,309,427,309,0.07173857313717719,0.0,0.030051003213064385,0.030051003213064385,1.3966582315955094
7,django__django-13112,1791010126.3408377,5.500900983810425,2613,1568,1045,0,0,659,386,659,0.08693333431463612,0.0,0.05469193825211311,0.05469193825211311,0.128345509352115
13,astropy__astropy-12907,1791010129.0383258,6.377088785171509,16710,15680,1030,0,0,736,294,736,0.10054993436049924,0.0,0.07173857313717719,0.07173857313717719,1.3966582315955094
6,pylint-dev__pylint-6528,1791010129.1211097,78.81675624847412,15168,14112,1056,0,0,382,674,382,0.10140793769217613,0.0,0.03655183462024806,0.03655183462024806,1.2456720946285222
2,django__django-12262,1791010129.16531,237.57726502418518,7955,6272,1683,0,0,329,1354,329,0.14865812431954856,0.0,0.028832425687546556,0.028832425687546556,0.5284757891517079
7,django__django-13112,1791010132.0047712,8.99620795249939,4667,1568,3099,0,0,1045,2054,1045,0.2610616311792544,0.0,0.08693333431463612,0.08693333431463612,0.128345509352115
13,astropy__astropy-12907,1791010135.5673518,17.179020881652832,17153,15680,1473,0,0,1030,443,1030,0.14413000207036766,0.0,0.10054993436049924,0.10054993436049924,1.3966582315955094
14,pytest-dev__pytest-10051,1791010137.1487207,83.26848554611206,10891,9408,1483,0,0,1153,330,1153,0.13559904710095402,0.0,0.1052306317800738,0.1052306317800738,0.8078074354708097
7,django__django-13112,1791010141.1649075,2.554546356201172,5471,3136,2335,0,0,1531,804,1531,0.19953532417978595,0.0,0.13020049653659813,0.13020049653659813,0.25920664399477134
7,django__django-13112,1791010143.8483522,7.041167497634888,6146,4704,1442,0,0,767,675,767,0.12487950921706685,0.0,0.06615856424658834,0.06615856424658834,0.39258340392796887
9,django__django-13821,1791010145.9436698,3.897836923599243,1507,0,1507,1507,0,0,0,0,0.12330544701580293,0.0,0.0,0.0,0.0
15,django__django-14787,1791010147.1093636,4.983840227127075,1538,0,1538,1538,0,0,0,0,0.1258663143896578,0.0,0.0,0.0,0.0
9,django__django-13821,1791010150.2280881,5.3380115032196045,1844,0,1844,0,0,1507,337,1507,0.151197310030149,0.0,0.12330544701580293,0.12330544701580293,0.0
7,django__django-13112,1791010151.13964,10.6360342502594,8179,4704,3475,0,0,1442,2033,1442,0.30455479686609443,0.0,0.12487950921706685,0.12487950921706685,0.39258340392796887
8,django__django-11749,1791010152.1213565,11.187397718429565,11484,10976,508,0,0,109,399,109,0.04701092239730367,0.0,0.010064739601987789,0.010064739601987789,0.9512466965661727
15,django__django-14787,1791010152.9391947,3.0645930767059326,2825,0,2825,0,0,1538,1287,1538,0.23305141102291393,0.0,0.1258663143896578,0.1258663143896578,0.0
9,django__django-13821,1791010155.8195796,4.459494352340698,2147,1568,579,0,0,276,303,276,0.0480288557816989,0.0,0.022851800678034027,0.022851800678034027,0.128345509352115
3,django__django-13112,1791010155.9446902,53.61081004142761,24135,23520,615,0,0,48,567,48,0.06483991068936272,0.0,0.0050467524653172524,0.0050467524653172524,2.1893232957885633
15,django__django-14787,1791010156.1430976,116.05790567398071,4440,1568,2872,0,0,1257,1615,1257,0.24160548470843324,0.0,0.10470590167079896,0.10470590167079896,0.128345509352115
12,sympy__sympy-20916,1791010157.756781,2.702822208404541,12154,9408,2746,0,0,1217,1529,1217,0.252856557183524,0.0,0.11111155449818699,0.11111155449818699,0.8078074354708097
9,django__django-13821,1791010160.5074527,8.746957540512085,2980,1568,1412,0,0,579,833,579,0.11772909764567346,0.0,0.0480288557816989,0.0480288557816989,0.128345509352115
12,sympy__sympy-20916,1791010160.5973592,69.35847735404968,12698,10976,1722,0,0,1178,544,1178,0.16042540938785618,0.0,0.1094172960881611,0.1094172960881611,0.9512466965661727
7,django__django-13112,1791010161.9466732,2.460219144821167,8399,7840,559,0,0,339,220,339,0.04995144135192332,0.0,0.0302544011280752,0.0302544011280752,0.6668837996659881
8,django__django-11749,1791010163.4527164,53.78570866584778,12126,10976,1150,0,0,508,642,508,0.10680007215112229,0.0,0.04701092239730367,0.04701092239730367,0.9512466965661727
13,django__django-15380,1791010163.4715462,4.577291011810303,1823,0,1823,1823,0,0,0,0,0.14945584648975513,0.0,0.0,0.0,0.0
7,django__django-13112,1791010164.5595748,3.42496657371521,9146,7840,1306,0,0,559,747,559,0.11720139416264647,0.0,0.04995144135192332,0.04995144135192332,0.6668837996659881
7,django__django-13112,1791010168.3230324,12.533151388168335,9850,7840,2010,0,0,1306,704,1306,0.18110279180698288,0.0,0.11720139416264647,0.11720139416264647,0.6668837996659881
13,django__django-15380,1791010168.4201734,9.206476211547852,3001,1568,1433,0,0,255,1178,255,0.11949542149316768,0.0,0.02111033713764016,0.02111033713764016,0.128345509352115
9,django__django-13821,1791010170.1175594,4.123360633850098,3735,1568,2167,0,0,1412,755,1412,0.18151615449687963,0.0,0.11772909764567346,0.11772909764567346,0.128345509352115
9,django__django-13821,1791010174.4708326,7.85555624961853,5736,3136,2600,0,0,599,2001,599,0.22253314772224234,0.0,0.05065501985422333,0.05065501985422333,0.25920664399477134
10,sympy__sympy-15875,1791010177.439617,11.90973687171936,5803,4704,1099,0,0,805,294,805,0.09498231170943976,0.0,0.06945195236477694,0.06945195236477694,0.39258340392796887
13,django__django-15380,1791010178.011055,13.638884544372559,4127,1568,2559,0,0,1433,1126,1433,0.21486475645055467,0.0,0.11949542149316768,0.11949542149316768,0.128345509352115
7,django__django-13112,1791010181.143401,4.166219234466553,10383,9408,975,0,0,442,533,442,0.08889635281214674,0.0,0.040179156002161286,0.040179156002161286,0.8078074354708097
0,django__django-10973,1791010181.7074795,207.27391052246094,6890,6272,618,0,0,152,466,152,0.05425076065984531,0.0,0.01330699206656431,0.01330699206656431,0.5284757891517079
9,django__django-13821,1791010182.5669138,41.9544460773468,6131,4704,1427,0,0,1032,395,1032,0.1235695345669232,0.0,0.08915638778904471,0.08915638778904471,0.39258340392796887
7,django__django-13112,1791010185.4418359,9.975419282913208,11138,9408,1730,0,0,975,755,975,0.1584022574373669,0.0,0.08889635281214674,0.08889635281214674,0.8078074354708097
10,sympy__sympy-15875,1791010189.8282938,23.922211408615112,6062,4704,1358,0,0,1099,259,1099,0.1175466163641447,0.0,0.09498231170943976,0.09498231170943976,0.39258340392796887
4,django__django-10973,1791010191.8168814,12.651559114456177,6580,4704,1876,0,0,945,931,945,0.16288113433642634,0.0,0.08159823641248681,0.08159823641248681,0.39258340392796887
13,django__django-15380,1791010191.9557498,3.574822187423706,4394,3136,1258,0,0,991,267,991,0.1068081194075494,0.0,0.08400362180789836,0.08400362180789836,0.25920664399477134
7,django__django-13112,1791010195.5678353,2.3175923824310303,11446,10976,470,0,0,162,308,162,0.04348522030096412,0.0,0.014962996342004008,0.014962996342004008,0.9512466965661727
13,django__django-15380,1791010195.6666772,22.50281524658203,4930,3136,1794,0,0,1258,536,1258,0.15280812815141906,0.0,0.1068081194075494,0.1068081194075494,0.25920664399477134
7,django__django-13112,1791010198.0187109,16.11883044242859,11775,10976,799,0,0,470,329,470,0.07405935724176567,0.0,0.04348522030096412,0.04348522030096412,0.9512466965661727
4,django__django-10973,1791010204.6478498,11.138303995132446,7010,6272,738,0,0,308,430,308,0.06483019554076704,0.0,0.026988749112687394,0.026988749112687394,0.5284757891517079
6,pylint-dev__pylint-6528,1791010208.3056922,5.994846343994141,15581,14112,1469,0,0,1056,413,1056,0.1413788098748924,0.0,0.10140793769217613,0.10140793769217613,1.2456720946285222
3,django__django-13112,1791010209.7252288,50.53365182876587,24640,23520,1120,0,0,615,505,615,0.11837179547766351,0.0,0.06483991068936272,0.06483991068936272,2.1893232957885633
7,django__django-13112,1791010214.258059,43.25575399398804,12314,10976,1338,0,0,799,539,799,0.12438825013340361,0.0,0.07405935724176567,0.07405935724176567,0.9512466965661727
10,sympy__sympy-15875,1791010214.2624042,19.37071418762207,6318,4704,1614,0,0,1358,256,1358,0.13991700672074434,0.0,0.1175466163641447,0.1175466163641447,0.39258340392796887
6,pylint-dev__pylint-6528,1791010214.8076637,312.4843783378601,15843,14112,1731,0,0,1469,262,1469,0.1668261094238861,0.0,0.1413788098748924,0.1413788098748924,1.2456720946285222
4,django__django-10973,1791010215.9277573,3.178967237472534,7410,6272,1138,0,0,738,400,738,0.10020138963651079,0.0,0.06483019554076704,0.06483019554076704,0.5284757891517079
8,django__django-11749,1791010217.4047482,28.855221271514893,12575,10976,1599,0,0,1150,449,1150,0.1488658331725863,0.0,0.10680007215112229,0.10680007215112229,0.9512466965661727
13,django__django-15380,1791010218.4242783,3.8924710750579834,5841,4704,1137,0,0,226,911,226,0.09828860831980345,0.0,0.019431368218221452,0.019431368218221452,0.39258340392796887
4,django__django-10973,1791010219.4689305,77.06399416923523,8039,6272,1767,0,0,1138,629,1138,0.15615371574236164,0.0,0.10020138963651079,0.10020138963651079,0.5284757891517079
14,pytest-dev__pytest-10051,1791010220.5972939,258.58566093444824,11388,9408,1980,0,0,1483,497,1483,0.18154599516258424,0.0,0.13559904710095402,0.13559904710095402,0.8078074354708097
13,django__django-15380,1791010222.4869144,6.119591236114502,6366,4704,1662,0,0,1137,525,1137,0.144118920064708,0.0,0.09828860831980345,0.09828860831980345,0.39258340392796887
9,django__django-13821,1791010224.8328097,19.93314528465271,14731,4704,10027,0,0,1427,8600,1427,0.9123930245519426,0.0,0.1235695345669232,0.1235695345669232,0.39258340392796887
13,django__django-15380,1791010228.7645016,4.863993883132935,6760,6272,488,0,0,94,394,94,0.04280633294916001,0.0,0.008226534840969045,0.008226534840969045,0.5284757891517079
12,sympy__sympy-20916,1791010230.2270153,11.557251453399658,13255,12544,711,0,0,154,557,154,0.06701131762959979,0.0,0.014470523001951946,0.014470523001951946,1.097201582952077
13,django__django-15380,1791010233.7899456,22.648917198181152,7255,6272,983,0,0,488,495,488,0.0864756242139492,0.0,0.04280633294916001,0.04280633294916001,0.5284757891517079
10,sympy__sympy-15875,1791010234.0984952,5.904545545578003,6582,6272,310,0,0,46,264,46,0.027164317917411814,0.0,0.004024621497005365,0.004024621497005365,0.5284757891517079
10,sympy__sympy-15875,1791010240.2529454,5.58964204788208,6828,6272,556,0,0,310,246,310,0.048790492110096506,0.0,0.027164317917411814,0.027164317917411814,0.5284757891517079
12,sympy__sympy-20916,1791010242.7455926,89.75806927680969,13539,12544,995,0,0,711,284,711,0.09392271062375211,0.0,0.06701131762959979,0.06701131762959979,1.097201582952077
9,django__django-13821,1791010245.0977952,49.01361846923828,15702,14112,1590,0,0,619,971,619,0.15312246040121055,0.0,0.05930433385138913,0.05930433385138913,1.2456720946285222
10,sympy__sympy-15875,1791010246.2963634,5.8971848487854,7083,6272,811,0,0,556,255,556,0.0712732262479299,0.0,0.048790492110096506,0.048790492110096506,0.5284757891517079
8,django__django-11749,1791010246.559542,4.6297008991241455,12909,12544,365,0,0,31,334,31,0.034336419069848904,0.0,0.002910946786682085,0.002910946786682085,1.097201582952077
5,django__django-14787,1791010247.015462,396.6976315975189,10868,9408,1460,0,0,1127,333,1127,0.13347884822668538,0.0,0.10284270405138288,0.10284270405138288,0.8078074354708097
8,django__django-11749,1791010251.3788,207.77982211112976,13301,12544,757,0,0,365,392,365,0.07136460431679979,0.0,0.034336419069848904,0.034336419069848904,1.097201582952077
10,sympy__sympy-15875,1791010252.7688012,6.053560733795166,7496,6272,1224,0,0,811,413,811,0.10782757887101731,0.0,0.0712732262479299,0.0712732262479299,0.5284757891517079
13,django__django-15380,1791010256.6926508,2.812063217163086,7665,6272,1393,0,0,983,410,983,0.122835974545088,0.0,0.0864756242139492,0.0864756242139492,0.5284757891517079
7,django__django-13112,1791010257.6428287,11.901124238967896,12816,10976,1840,0,0,1338,502,1338,0.1715296327874474,0.0,0.12438825013340361,0.12438825013340361,0.9512466965661727
10,sympy__sympy-15875,1791010259.4095523,4.77240777015686,7745,6272,1473,0,0,1224,249,1224,0.12995073145952316,0.0,0.10782757887101731,0.10782757887101731,0.5284757891517079
13,django__django-15380,1791010259.6392968,3.407529354095459,8514,6272,2242,0,0,1393,849,1393,0.19867534106933768,0.0,0.122835974545088,0.122835974545088,0.5284757891517079
3,django__django-13112,1791010260.416145,5.018245458602905,25415,23520,1895,0,0,1120,775,1120,0.2010321873498652,0.0,0.11837179547766351,0.11837179547766351,2.1893232957885633
13,django__django-15380,1791010263.1976564,5.295935392379761,9086,7840,1246,0,0,674,572,674,0.11177870370038206,0.0,0.06026733055505742,0.06026733055505742,0.6668837996659881
10,sympy__sympy-15875,1791010264.807816,2.3665740489959717,7995,6272,1723,0,0,1473,250,1473,0.1522265531663897,0.0,0.12995073145952316,0.12995073145952316,0.5284757891517079
3,django__django-13112,1791010265.7003746,3.1218364238739014,26232,25088,1144,0,0,327,817,327,0.12275775990147977,0.0,0.034952298639630376,0.034952298639630376,2.3554031844987984
10,sympy__sympy-15875,1791010267.3479235,128.20178389549255,9059,7840,1219,0,0,155,1064,155,0.10933969472223463,0.0,0.013818542652109427,0.013818542652109427,0.6668837996659881
13,django__django-15380,1791010268.7513063,4.072416305541992,9423,7840,1583,0,0,1246,337,1246,0.14228390507551583,0.0,0.11177870370038206,0.11177870370038206,0.6668837996659881
3,django__django-13112,1791010268.9651115,59.603636264801025,26847,25088,1759,0,0,1144,615,1144,0.1893042190950416,0.0,0.12275775990147977,0.12275775990147977,2.3554031844987984
7,django__django-13112,1791010269.6771362,2.9669981002807617,13491,12544,947,0,0,272,675,272,0.0893685108585892,0.0,0.025574746401543166,0.025574746401543166,1.097201582952077
7,django__django-13112,1791010272.7816205,3.1577372550964355,14102,12544,1558,0,0,947,611,947,0.1475156628080948,0.0,0.0893685108585892,0.0893685108585892,1.097201582952077
13,django__django-15380,1791010273.05241,14.651928901672363,10220,9408,812,0,0,15,797,15,0.07396699385128266,0.0,0.0013602692706942403,0.0013602692706942403,0.8078074354708097
15,django__django-14787,1791010273.1927757,10.4938805103302,4855,3136,1719,0,0,1304,415,1304,0.14635387146647136,0.0,0.11074435006577693,0.11074435006577693,0.25920664399477134
7,django__django-13112,1791010276.0909472,26.0613431930542,15034,12544,2490,0,0,1558,932,1558,0.23694719048676793,0.0,0.1475156628080948,0.1475156628080948,1.097201582952077
15,django__django-14787,1791010284.0804765,92.16767597198486,5379,4704,675,0,0,151,524,151,0.0581912169178989,0.0,0.012977111533273732,0.012977111533273732,0.39258340392796887
13,django__django-15380,1791010288.7705636,13.019203901290894,10821,9408,1413,0,0,812,601,812,0.12914795105644644,0.0,0.07396699385128266,0.07396699385128266,0.8078074354708097
9,django__django-13821,1791010294.5603464,5.462022542953491,24842,15680,9162,0,0,22,9140,22,0.93252267610195,0.0,0.0021363234342236742,0.0021363234342236742,1.3966582315955094
4,django__django-10973,1791010296.7077513,4.9444968700408936,9148,7840,1308,0,0,199,1109,199,0.11738221394881053,0.0,0.01774570522808138,0.01774570522808138,0.6668837996659881
9,django__django-13821,1791010300.268474,18.426071882247925,25522,23520,2002,0,0,1322,680,1322,0.21249293535073385,0.0,0.13985761190889584,0.13985761190889584,2.1893232957885633
11,sympy__sympy-18211,1791010301.6796317,133.21366548538208,18338,0,18338,0,17248,17,1073,17265,1.658349408689026,1.5501599938530375,0.0016780258943471997,1.5518380197473847,0.0
13,django__django-15380,1791010301.9394956,13.146629810333252,11094,9408,1686,0,0,1413,273,1413,0.15433557755329214,0.0,0.12914795105644644,0.12914795105644644,0.8078074354708097
7,django__django-13112,1791010302.3102443,3.151916980743408,15239,14112,1127,0,0,922,205,922,0.10826702108411261,0.0,0.0884766788103224,0.0884766788103224,1.2456720946285222
4,django__django-10973,1791010302.553239,22.200089693069458,9472,7840,1632,0,0,1308,324,1308,0.14672905571264755,0.0,0.11738221394881053,0.11738221394881053,0.6668837996659881
7,django__django-13112,1791010305.6593988,22.973671436309814,15407,14112,1295,0,0,1127,168,1127,0.1245175063312402,0.0,0.10826702108411261,0.10826702108411261,1.2456720946285222
13,django__django-15380,1791010315.2664855,4.86222243309021,11467,10976,491,0,0,118,373,118,0.04543345197897824,0.0,0.010896316457929205,0.010896316457929205,0.9512466965661727
1,django__django-11749,1791010316.907555,494.02757120132446,14306,0,14306,0,12544,1147,615,13691,1.2642164094439594,1.097201582952077,0.1083598956136456,1.2055614785657225,0.0
9,django__django-13821,1791010318.9307544,87.60417699813843,26629,25088,1541,0,0,434,1107,434,0.16567111665841364,0.0,0.04641304664049905,0.04641304664049905,2.3554031844987984
13,django__django-15380,1791010320.594356,29.08247423171997,11759,10976,783,0,0,491,292,491,0.07256990706976617,0.0,0.04543345197897824,0.04543345197897824,0.9512466965661727
4,django__django-10973,1791010325.3643732,19.884288549423218,10021,9408,613,0,0,64,549,64,0.055777207229309636,0.0,0.005805419907825957,0.005805419907825957,0.8078074354708097
3,django__django-13112,1791010328.7209756,2.628220558166504,27034,26656,378,0,0,191,187,191,0.041019882429531876,0.0,0.02070870509426548,0.02070870509426548,2.5239986984995744
7,django__django-13112,1791010328.7835782,6.864962100982666,15930,14112,1818,0,0,1295,523,1295,0.17529170037901504,0.0,0.1245175063312402,0.1245175063312402,1.2456720946285222
3,django__django-13112,1791010331.4838445,3.159834384918213,27746,26656,1090,0,0,378,712,378,0.11868188256566987,0.0,0.041019882429531876,0.041019882429531876,2.5239986984995744
12,sympy__sympy-20916,1791010332.7873445,13.748492002487183,14708,12544,2164,0,0,995,1169,995,0.20556427902286667,0.0,0.09392271062375211,0.09392271062375211,1.097201582952077
3,django__django-13112,1791010334.789498,152.7287335395813,28853,26656,2197,0,0,1090,1107,1090,0.24045899940217222,0.0,0.11868188256566987,0.11868188256566987,2.5239986984995744
7,django__django-13112,1791010335.8197768,2.183462142944336,16830,15680,1150,0,0,250,900,250,0.11233508953145875,0.0,0.02430556341202818,0.02430556341202818,1.3966582315955094
7,django__django-13112,1791010338.1514516,3.0309247970581055,18039,15680,2359,0,0,1150,1209,1150,0.2318925341326698,0.0,0.11233508953145875,0.11233508953145875,1.3966582315955094
7,django__django-13112,1791010341.3658423,16.224395275115967,18829,17248,1581,0,0,791,790,791,0.1573214138046578,0.0,0.07839077187514162,0.07839077187514162,1.5501599938530375
4,django__django-10973,1791010345.413614,13.688781261444092,10765,9408,1357,0,0,613,744,613,0.12399068401478408,0.0,0.055777207229309636,0.055777207229309636,0.8078074354708097
12,sympy__sympy-20916,1791010346.72076,13.335946798324585,15000,14112,888,0,0,596,292,596,0.0851985353380268,0.0,0.05709376734642112,0.05709376734642112,1.2456720946285222
13,django__django-15380,1791010350.0329528,3.4871115684509277,12814,10976,1838,0,0,783,1055,783,0.17134130692181312,0.0,0.07256990706976617,0.07256990706976617,0.9512466965661727
13,django__django-15380,1791010353.7011762,2.4652764797210693,12946,12544,402,0,0,270,132,270,0.03782470658841733,0.0,0.02538642053590888,0.02538642053590888,1.097201582952077
13,django__django-15380,1791010356.6127665,3.494628667831421,13416,12544,872,0,0,402,470,402,0.08225729316275722,0.0,0.03782470658841733,0.03782470658841733,1.097201582952077
7,django__django-13112,1791010357.8468583,6.38153076171875,19370,18816,554,0,0,13,541,13,0.055724911791386195,0.0,0.0013040262565882773,0.0013040262565882773,1.706177381401107
4,django__django-10973,1791010359.2477918,8.85726809501648,11467,9408,2059,0,0,1357,702,1357,0.18887271307434117,0.0,0.12399068401478408,0.12399068401478408,0.8078074354708097
12,sympy__sympy-20916,1791010360.196307,11.95209264755249,15302,14112,1190,0,0,888,302,888,0.11435756886996323,0.0,0.0851985353380268,0.0851985353380268,1.2456720946285222
13,django__django-15380,1791010360.3675165,1.9703929424285889,13569,12544,1025,0,0,872,153,872,0.09677028260252148,0.0,0.08225729316275722,0.08225729316275722,1.097201582952077
13,django__django-15380,1791010362.4718766,2.636441230773926,13672,12544,1128,0,0,1025,103,1025,0.10655395469664139,0.0,0.09677028260252148,0.09677028260252148,1.097201582952077
7,django__django-13112,1791010364.363075,5.6571009159088135,19931,18816,1115,0,0,554,561,554,0.11247393750648213,0.0,0.055724911791386195,0.055724911791386195,1.706177381401107
13,django__django-15380,1791010366.0818956,3.1396291255950928,13897,12544,1353,0,0,1128,225,1128,0.12796380942924984,0.0,0.10655395469664139,0.10655395469664139,1.097201582952077
2,django__django-12262,1791010367.1970646,76.36208057403564,8955,7840,1115,0,0,115,1000,115,0.09995196340401082,0.0,0.010250113805268283,0.010250113805268283,0.6668837996659881
7,django__django-13112,1791010370.154844,65.07108187675476,20391,18816,1575,0,0,1115,460,1115,0.15924638980610595,0.0,0.11247393750648213,0.11247393750648213,1.706177381401107
13,django__django-15380,1791010372.1415372,7.0256736278533936,14212,12544,1668,0,0,1353,315,1353,0.15802462787318722,0.0,0.12796380942924984,0.12796380942924984,1.097201582952077
12,sympy__sympy-20916,1791010372.6798315,8.573533773422241,16184,14112,2072,0,0,1190,882,1190,0.20005164478147136,0.0,0.11435756886996323,0.11435756886996323,1.2456720946285222
15,django__django-14787,1791010376.3832357,3.237821102142334,7932,4704,3228,0,0,675,2553,675,0.2824994042533244,0.0,0.0581912169178989,0.0581912169178989,0.39258340392796887
15,django__django-14787,1791010379.7586324,188.3454465866089,9673,7840,1833,0,0,92,1741,92,0.1649889525645199,0.0,0.008199008515305207,0.008199008515305207,0.6668837996659881
13,django__django-15380,1791010380.4583807,7.274382591247559,14543,14112,431,0,0,100,331,100,0.04125122505027549,0.0,0.009554116196741676,0.009554116196741676,1.2456720946285222
4,django__django-16255,1791010381.8632612,4.11369776725769,1768,0,1768,1768,0,0,0,0,0.14489700900565736,0.0,0.0,0.0,0.0
12,sympy__sympy-20916,1791010381.9321237,8.04411268234253,16517,15680,837,0,0,504,333,504,0.08162638122844534,0.0,0.04906550781448446,0.04906550781448446,1.3966582315955094
4,django__django-16255,1791010386.6045003,2.980379104614258,2272,1568,704,0,0,200,504,200,0.05844279984735224,0.0,0.016551499653542374,0.016551499653542374,0.128345509352115
13,django__django-15380,1791010388.0329044,12.438925743103027,14872,14112,760,0,0,431,329,431,0.0728678976987173,0.0,0.04125122505027549,0.04125122505027549,1.2456720946285222
0,django__django-10973,1791010389.226423,105.81009531021118,7655,6272,1383,0,0,618,765,618,0.12194709036368459,0.0,0.05425076065984531,0.05425076065984531,0.5284757891517079
4,django__django-16255,1791010389.762041,12.91137409210205,4421,1568,2853,0,0,704,2149,704,0.23997938785936831,0.0,0.05844279984735224,0.05844279984735224,0.128345509352115
12,sympy__sympy-20916,1791010390.5408194,6.627453088760376,16830,15680,1150,0,0,837,313,837,0.11233508953145875,0.0,0.08162638122844534,0.08162638122844534,1.3966582315955094
10,sympy__sympy-15875,1791010395.8331614,179.09774804115295,9417,7840,1577,0,0,1219,358,1219,0.14173976974126407,0.0,0.10933969472223463,0.10933969472223463,0.6668837996659881
12,sympy__sympy-20916,1791010398.968372,9.1292564868927,17241,15680,1561,0,0,1150,411,1150,0.1528108963661542,0.0,0.11233508953145875,0.11233508953145875,1.3966582315955094
13,django__django-15380,1791010400.6214948,10.395402431488037,17473,14112,3361,0,0,760,2601,760,0.32672100798407905,0.0,0.0728678976987173,0.0728678976987173,1.2456720946285222
4,django__django-16255,1791010403.6902707,18.346702098846436,4742,3136,1606,0,0,1285,321,1285,0.13664032632398176,0.0,0.109118253216712,0.109118253216712,0.25920664399477134
9,django__django-13821,1791010406.8160384,104.30186033248901,27578,25088,2490,0,0,1541,949,1541,0.26890589953497146,0.0,0.16567111665841364,0.16567111665841364,2.3554031844987984
12,sympy__sympy-20916,1791010410.6514902,4.823141574859619,17638,15680,1958,0,0,1561,397,1561,0.192072071726526,0.0,0.1528108963661542,0.1528108963661542,1.3966582315955094
13,django__django-15380,1791010411.9789295,2.669459342956543,17705,17248,457,0,0,225,232,225,0.04521215527819632,0.0,0.022233108759563993,0.022233108759563993,1.5501599938530375
13,django__django-15380,1791010414.7988565,6.486852407455444,18048,17248,800,0,0,457,343,457,0.07928638573895158,0.0,0.04521215527819632,0.04521215527819632,1.5501599938530375
12,sympy__sympy-20916,1791010417.6033714,6.443352699279785,17927,17248,679,0,0,390,289,390,0.06725228799958875,0.0,0.038570309468997796,0.038570309468997796,1.5501599938530375
13,django__django-15380,1791010421.4736848,18.232632875442505,18451,17248,1203,0,0,800,403,800,0.11947492701527301,0.0,0.07928638573895158,0.07928638573895158,1.5501599938530375
4,django__django-16255,1791010422.3340976,8.962047338485718,5072,4704,368,0,0,38,330,38,0.03166719174106786,0.0,0.0032635663907841237,0.0032635663907841237,0.39258340392796887
12,sympy__sympy-20916,1791010427.543754,9.386134147644043,18321,17248,1073,0,0,679,394,679,0.10649272503820405,0.0,0.06725228799958875,0.06725228799958875,1.5501599938530375
4,django__django-16255,1791010431.4507875,3.6084654331207275,5382,4704,678,0,0,368,310,368,0.05845088512700134,0.0,0.03166719174106786,0.03166719174106786,0.39258340392796887
4,django__django-16255,1791010435.5143423,23.15658450126648,5628,4704,924,0,0,678,246,678,0.07977501533664194,0.0,0.05845088512700134,0.05845088512700134,0.39258340392796887
7,django__django-13112,1791010435.5429335,3.902712345123291,21626,20384,1242,0,0,7,1235,7,0.12735817202584748,0.0,0.0007133769674951117,0.0007133769674951117,1.8647103942397178
11,sympy__sympy-18211,1791010435.8286653,173.167827129364,18812,17248,1564,0,0,1090,474,1090,0.15561618348815215,0.0,0.1081894148359886,0.1081894148359886,1.5501599938530375
12,sympy__sympy-20916,1791010437.3809764,17.51543664932251,18644,17248,1396,0,0,1073,323,1073,0.1387803959372964,0.0,0.10649272503820405,0.10649272503820405,1.5501599938530375
7,django__django-13112,1791010439.683057,2.4664456844329834,21937,20384,1553,0,0,1242,311,1242,0.15949607673124452,0.0,0.12735817202584748,0.12735817202584748,1.8647103942397178
7,django__django-13112,1791010442.3283322,43.84347367286682,22700,20384,2316,0,0,1553,763,1553,0.23876167773479018,0.0,0.15949607673124452,0.15949607673124452,1.8647103942397178
2,django__django-12262,1791010443.8031054,52.04266309738159,12044,7840,4204,0,0,1115,3089,1115,0.38350285636797377,0.0,0.09995196340401082,0.09995196340401082,0.6668837996659881
13,sympy__sympy-11618,1791010450.202428,4.289134502410889,1423,0,1423,1423,0,0,0,0,0.11637126449870967,0.0,0.0,0.0,0.0
13,sympy__sympy-11618,1791010454.9631076,3.8090672492980957,2539,0,2539,0,0,1423,1116,1423,0.20908603900053427,0.0,0.11637126449870967,0.11637126449870967,0.0
12,sympy__sympy-20916,1791010455.7381997,9.645134925842285,19428,17248,2180,0,0,1396,784,1396,0.21759447484899172,0.0,0.1387803959372964,0.1387803959372964,1.5501599938530375
13,sympy__sympy-11618,1791010458.9234676,8.25413179397583,3143,1568,1575,0,0,971,604,971,0.13145097643963374,0.0,0.08074052964841928,0.08074052964841928,0.128345509352115
4,django__django-16255,1791010459.031575,3.6334009170532227,6483,4704,1779,0,0,924,855,924,0.15437096012634552,0.0,0.07977501533664194,0.07977501533664194,0.39258340392796887
8,django__django-11749,1791010459.4432192,62.848304986953735,13781,12544,1237,0,0,757,480,757,0.11691937130754947,0.0,0.07136460431679979,0.07136460431679979,1.097201582952077
4,django__django-16255,1791010462.8348768,2.3599741458892822,6611,6272,339,0,0,211,128,211,0.02971052550722475,0.0,0.018478574902606574,0.018478574902606574,0.5284757891517079
4,django__django-16255,1791010466.3023362,5.42623496055603,6831,6272,559,0,0,339,220,339,0.04905460810102243,0.0,0.02971052550722475,0.02971052550722475,0.5284757891517079
12,sympy__sympy-20916,1791010466.7479663,5.505395889282227,19757,18816,941,0,0,612,329,612,0.09483818582337844,0.0,0.06157708730092221,0.06157708730092221,1.706177381401107
13,sympy__sympy-11618,1791010468.7189713,45.086527824401855,3943,3136,807,0,0,7,800,7,0.06833061674775312,0.0,0.0005898417969774576,0.0005898417969774576,0.25920664399477134
4,django__django-16255,1791010472.2715704,5.670813322067261,7645,6272,1373,0,0,559,814,559,0.12105830850070362,0.0,0.04905460810102243,0.04905460810102243,0.5284757891517079
12,sympy__sympy-20916,1791010474.4643588,5.731994867324829,20024,18816,1208,0,0,941,267,941,0.12191264606015495,0.0,0.09483818582337844,0.09483818582337844,1.706177381401107
4,django__django-16255,1791010478.2051842,7.203087329864502,8683,6272,2411,0,0,1373,1038,1373,0.2138597674037433,0.0,0.12105830850070362,0.12105830850070362,0.5284757891517079
14,pytest-dev__pytest-10051,1791010479.3223028,11.656205892562866,11901,10976,925,0,0,412,513,412,0.08579793075233327,0.0,0.03810673406722133,0.03810673406722133,0.9512466965661727
12,sympy__sympy-20916,1791010480.9502597,50.974783420562744,20349,18816,1533,0,0,1208,325,1208,0.15496688004154022,0.0,0.12191264606015495,0.12191264606015495,1.706177381401107
7,django__django-13112,1791010486.3132336,22.98424196243286,22962,21952,1010,0,0,748,262,748,0.10506875985993731,0.0,0.07771303960563802,0.07771303960563802,2.02575903236887
4,django__django-16255,1791010486.3557854,6.334062337875366,8966,7840,1126,0,0,843,283,843,0.10094437316547679,0.0,0.07545175688946305,0.07545175688946305,0.6668837996659881
3,django__django-13112,1791010487.8151867,3.6099181175231934,29370,28224,1146,0,0,629,517,629,0.1266507207029402,0.0,0.06934786011085475,0.06934786011085475,2.6951098377908917
14,pytest-dev__pytest-10051,1791010491.1495771,171.05128145217896,12417,10976,1441,0,0,925,516,925,0.13403966031875592,0.0,0.08579793075233327,0.08579793075233327,0.9512466965661727
3,django__django-13112,1791010491.542132,47.65018391609192,29988,28224,1764,0,0,1146,618,1146,0.1955069900578323,0.0,0.1266507207029402,0.1266507207029402,2.6951098377908917
4,django__django-16255,1791010492.8605714,5.265959024429321,9276,7840,1436,0,0,1126,310,1126,0.12896319315605745,0.0,0.10094437316547679,0.10094437316547679,0.6668837996659881
0,django__django-10973,1791010495.327837,15.692114353179932,8292,6272,2020,0,0,1383,637,1383,0.17877334209710335,0.0,0.12194709036368459,0.12194709036368459,0.5284757891517079
2,django__django-12262,1791010496.831322,14.35495638847351,12850,10976,1874,0,0,1068,806,1068,0.17473179869197566,0.0,0.09913995946778928,0.09913995946778928,0.9512466965661727
4,django__django-16255,1791010498.9589248,7.507284164428711,9478,7840,1638,0,0,1436,202,1436,0.14727352869769333,0.0,0.12896319315605745,0.12896319315605745,0.6668837996659881
7,django__django-13112,1791010509.6461408,14.962997674942017,23165,21952,1213,0,0,1010,203,1010,0.12631251423715015,0.0,0.10506875985993731,0.10506875985993731,2.02575903236887
0,django__django-10973,1791010511.1540732,12.26939582824707,8724,7840,884,0,0,452,432,452,0.07913995743548183,0.0,0.0403653315828231,0.0403653315828231,0.6668837996659881
9,django__django-13821,1791010511.416387,8.198117017745972,27993,26656,1337,0,0,922,415,922,0.14574479811735858,0.0,0.10031038553419534,0.10031038553419534,2.5239986984995744
2,django__django-12262,1791010511.5684757,273.26263999938965,13397,12544,853,0,0,306,547,306,0.0804566983833255,0.0,0.028776912306071413,0.028776912306071413,1.097201582952077
13,sympy__sympy-11618,1791010514.2116318,89.70297765731812,4760,3136,1624,0,0,807,817,807,0.13818674187814964,0.0,0.06833061674775312,0.06833061674775312,0.25920664399477134
4,sympy__sympy-13757,1791010516.7548501,10.097126007080078,1506,0,1506,1506,0,0,0,0,0.12322285476178746,0.0,0.0,0.0,0.0
9,django__django-13821,1791010519.8023992,7.2118821144104,28284,26656,1628,0,0,1337,291,1337,0.1777087317347806,0.0,0.14574479811735858,0.14574479811735858,2.5239986984995744
8,django__django-11749,1791010522.560263,13.568862676620483,14116,12544,1572,0,0,1237,335,1237,0.14885247987294414,0.0,0.11691937130754947,0.11691937130754947,1.097201582952077
0,django__django-10973,1791010523.631853,5.8619794845581055,9124,7840,1284,0,0,884,400,884,0.11521264663547706,0.0,0.07913995743548183,0.07913995743548183,0.6668837996659881
7,django__django-13112,1791010525.5393438,41.1521155834198,23684,21952,1732,0,0,1213,519,1213,0.1808170668712033,0.0,0.12631251423715015,0.12631251423715015,2.02575903236887
9,django__django-13821,1791010527.1655886,12.063857078552246,28533,28224,309,0,0,60,249,60,0.03401696349254024,0.0,0.006597592443463167,0.006597592443463167,2.6951098377908917
4,sympy__sympy-13757,1791010527.2861795,9.64374041557312,1894,0,1894,0,0,1506,388,1506,0.15534546794498985,0.0,0.12322285476178746,0.12322285476178746,0.0
6,pylint-dev__pylint-6528,1791010527.550481,7.005851745605469,16282,0,16282,0,15680,163,439,15843,1.4552944367066172,1.3966582315955094,0.015839972456899234,1.4124982040524086,0.0
0,django__django-10973,1791010529.9187932,28.851447105407715,9580,7840,1740,0,0,1284,456,1284,0.1565352051421801,0.0,0.11521264663547706,0.11521264663547706,0.6668837996659881
12,sympy__sympy-20916,1791010532.0595927,12.70105528831482,20644,18816,1828,0,0,1533,295,1533,0.1850635241604271,0.0,0.15496688004154022,0.15496688004154022,1.706177381401107
6,pylint-dev__pylint-6528,1791010534.7104578,6.182884931564331,16701,15680,1021,0,0,602,419,602,0.09966664168111954,0.0,0.05863620511110792,0.05863620511110792,1.3966582315955094
8,django__django-11749,1791010536.32084,85.58512449264526,14482,14112,370,0,0,4,366,4,0.03540133797995319,0.0,0.0003819681964985815,0.0003819681964985815,1.2456720946285222
4,sympy__sympy-13757,1791010538.6411421,3.822138547897339,2498,1568,930,0,0,326,604,326,0.07731179327394601,0.0,0.02699995859287488,0.02699995859287488,0.128345509352115
9,django__django-13821,1791010539.3911657,4.867124557495117,28883,28224,659,0,0,309,350,309,0.07266550338599986,0.0,0.03401696349254024,0.03401696349254024,2.6951098377908917
3,django__django-13112,1791010539.4967985,3.7337515354156494,30595,29792,803,0,0,196,607,196,0.08989130490834382,0.0,0.021880225475973535,0.021880225475973535,2.868736602372751
6,pylint-dev__pylint-6528,1791010541.024089,6.46979022026062,16827,15680,1147,0,0,1021,126,1021,0.11204028108335339,0.0,0.09966664168111954,0.09966664168111954,1.3966582315955094
4,sympy__sympy-13757,1791010542.6357925,29.02655816078186,3533,1568,1965,0,0,930,1035,930,0.16439280064939576,0.0,0.07731179327394601,0.07731179327394601,0.128345509352115
3,django__django-13112,1791010543.4142048,3.9243004322052,30814,29792,1022,0,0,803,219,803,0.11452161886126097,0.0,0.08989130490834382,0.08989130490834382,2.868736602372751
9,django__django-13821,1791010544.4119449,3.2697372436523438,29069,28224,845,0,0,659,186,659,0.09325544541659936,0.0,0.07266550338599986,0.07266550338599986,2.6951098377908917
12,sympy__sympy-20916,1791010545.3186114,7.425944805145264,21131,20384,747,0,0,260,487,260,0.07641031141904711,0.0,0.026530511321816233,0.026530511321816233,1.8647103942397178
3,django__django-13112,1791010547.6139617,151.0712878704071,31482,29792,1690,0,0,1022,668,1022,0.18995282628896176,0.0,0.11452161886126097,0.11452161886126097,2.868736602372751
6,pylint-dev__pylint-6528,1791010547.6652622,22.573999404907227,17039,15680,1359,0,0,1147,212,1147,0.13289607903944037,0.0,0.11204028108335339,0.11204028108335339,1.3966582315955094
9,django__django-13821,1791010547.7998884,11.101406812667847,29360,28224,1136,0,0,845,291,845,0.1255397543856299,0.0,0.09325544541659936,0.09325544541659936,2.6951098377908917
12,sympy__sympy-20916,1791010557.090504,10.798646211624146,21539,20384,1155,0,0,747,408,747,0.11838554008194663,0.0,0.07641031141904711,0.07641031141904711,1.8647103942397178
0,django__django-10973,1791010559.0050726,10.253986358642578,10548,9408,1140,0,0,172,968,172,0.10403658145666138,0.0,0.015611569337358525,0.015611569337358525,0.8078074354708097
9,django__django-13821,1791010559.1042485,29.885478973388672,29687,28224,1463,0,0,1136,327,1136,0.16192138408843623,0.0,0.1255397543856299,0.1255397543856299,2.6951098377908917
7,django__django-13112,1791010567.0912275,9.083972454071045,24233,23520,713,0,0,164,549,164,0.0752078710872734,0.0,0.017252803451509813,0.017252803451509813,2.1893232957885633
15,django__django-14787,1791010568.265118,16.172263383865356,9960,9408,552,0,0,265,287,265,0.05020955734181542,0.0,0.024065316759698294,0.024065316759698294,0.8078074354708097
0,django__django-10973,1791010569.6160662,32.94574952125549,10900,9408,1492,0,0,1140,352,1140,0.13642883747723963,0.0,0.10403658145666138,0.10403658145666138,0.8078074354708097
12,sympy__sympy-20916,1791010569.7321463,10.712250232696533,21930,20384,1546,0,0,1155,391,1155,0.15877162686407292,0.0,0.11838554008194663,0.11838554008194663,1.8647103942397178
6,pylint-dev__pylint-6528,1791010570.3783693,106.39989018440247,17805,15680,2125,0,0,1359,766,1359,0.20863566382429458,0.0,0.13289607903944037,0.13289607903944037,1.3966582315955094
4,sympy__sympy-13757,1791010572.189535,174.3199496269226,4049,3136,913,0,0,397,516,397,0.07735540068881833,0.0,0.03353166600673948,0.03353166600673948,0.25920664399477134
10,sympy__sympy-15875,1791010575.391976,214.87423467636108,9803,9408,395,0,0,9,386,9,0.035897214104323186,0.0,0.0008161339364424852,0.0008161339364424852,0.8078074354708097
7,django__django-13112,1791010576.5742369,23.79144549369812,24590,23520,1070,0,0,713,357,713,0.11305997014440786,0.0,0.0752078710872734,0.0752078710872734,2.1893232957885633
12,sympy__sympy-20916,1791010580.6155438,13.538995265960693,22278,20384,1894,0,0,1546,348,1546,0.19484784415908962,0.0,0.15877162686407292,0.15877162686407292,1.8647103942397178
15,django__django-14787,1791010584.6405976,18.610678911209106,10482,9408,1074,0,0,552,522,552,0.0979771472559944,0.0,0.05020955734181542,0.05020955734181542,0.8078074354708097
9,django__django-13821,1791010589.7750459,3.0181562900543213,30322,28224,2098,0,0,1463,635,1463,0.2328832424454484,0.0,0.16192138408843623,0.16192138408843623,2.6951098377908917
9,django__django-13821,1791010592.9332356,5.537989377975464,30597,29792,805,0,0,530,275,530,0.09011601725136636,0.0,0.05925647786358962,0.05925647786358962,2.868736602372751
12,sympy__sympy-15875,1791010597.6397362,6.312240123748779,1499,0,1499,1499,0,0,0,0,0.12264473763283744,0.0,0.0,0.0,0.0
9,django__django-13821,1791010599.48274,5.312349557876587,31791,29792,1999,0,0,805,1194,805,0.22499985185026256,0.0,0.09011601725136636,0.09011601725136636,2.868736602372751
7,django__django-13112,1791010600.770632,10.36841106414795,25065,23520,1545,0,0,1070,475,1070,0.16362558846798725,0.0,0.11305997014440786,0.11305997014440786,2.1893232957885633
0,django__django-10973,1791010602.709486,11.782313346862793,11689,9408,2281,0,0,1492,789,1492,0.20949590344714672,0.0,0.13642883747723963,0.13642883747723963,0.8078074354708097
15,django__django-14787,1791010603.3970952,2.6237599849700928,11015,9408,1607,0,0,1074,533,1074,0.1470390098110757,0.0,0.0979771472559944,0.0979771472559944,0.8078074354708097
13,sympy__sympy-11618,1791010604.1774223,20.83416199684143,5746,4704,1042,0,0,56,986,56,0.09002563706518181,0.0,0.004809981944952019,0.004809981944952019,0.39258340392796887
9,django__django-13821,1791010605.619637,3.5577988624572754,32558,31360,1198,0,0,431,767,431,0.1362734243877457,0.0,0.048857461977862476,0.048857461977862476,3.0448789922451507
15,django__django-14787,1791010606.2044156,9.72393250465393,11106,10976,130,0,0,39,91,39,0.012005214520396703,0.0,0.0035997487157128057,0.0035997487157128057,0.9512466965661727
12,sympy__sympy-15875,1791010606.3303628,5.960317373275757,3116,0,3116,0,0,1499,1617,1499,0.2575216579774334,0.0,0.12264473763283744,0.12264473763283744,0.0
11,sympy__sympy-18211,1791010609.8279762,21.746240615844727,19238,17248,1990,0,0,1564,426,1564,0.19843638580654777,0.0,0.15561618348815215,0.15561618348815215,1.5501599938530375
9,django__django-13821,1791010610.239773,28.24485468864441,32970,31360,1610,0,0,1198,412,1198,0.18347809157057587,0.0,0.1362734243877457,0.1362734243877457,3.0448789922451507
7,django__django-13112,1791010611.2861707,2.4204635620117188,25305,23520,1785,0,0,1545,240,1545,0.18926232166951285,0.0,0.16362558846798725,0.16362558846798725,2.1893232957885633
12,sympy__sympy-15875,1791010612.561736,2.936810255050659,3592,1568,2024,0,0,1548,476,1548,0.16938985997546566,0.0,0.12917614862531845,0.12917614862531845,0.128345509352115
7,django__django-13112,1791010613.8752651,3.4732725620269775,25672,25088,584,0,0,217,367,217,0.062499237676520714,0.0,0.023182432959278042,0.023182432959278042,2.3554031844987984
12,sympy__sympy-15875,1791010615.6355655,5.563574314117432,4687,3136,1551,0,0,456,1095,456,0.131917221728577,0.0,0.03852872533280936,0.03852872533280936,0.25920664399477134
15,django__django-14787,1791010616.1005082,130.0214250087738,11470,10976,494,0,0,130,364,130,0.04571180762475519,0.0,0.012005214520396703,0.012005214520396703,0.9512466965661727
7,django__django-13112,1791010617.497876,4.880215883255005,26452,25088,1364,0,0,584,780,584,0.1465185399820247,0.0,0.062499237676520714,0.062499237676520714,2.3554031844987984
12,sympy__sympy-15875,1791010621.6982155,192.04374408721924,4926,3136,1790,0,0,1551,239,1551,0.152463755836062,0.0,0.131917221728577,0.131917221728577,0.25920664399477134
8,django__django-11749,1791010622.0708518,29.125320196151733,14680,14112,568,0,0,370,198,370,0.05440337345912672,0.0,0.03540133797995319,0.03540133797995319,1.2456720946285222
7,django__django-13112,1791010622.5171914,69.18792986869812,27102,25088,2014,0,0,1364,650,1364,0.21701015010490318,0.0,0.1465185399820247,0.1465185399820247,2.3554031844987984
13,sympy__sympy-11618,1791010625.501156,6.258733034133911,6417,4704,1713,0,0,1042,671,1042,0.1485860360212439,0.0,0.09002563706518181,0.09002563706518181,0.39258340392796887
0,sympy__sympy-18211,1791010627.5655003,7.120604753494263,1547,0,1547,1547,0,0,0,0,0.12660997618748576,0.0,0.0,0.0,0.0
13,sympy__sympy-11618,1791010632.0822651,8.218263149261475,6971,6272,699,0,0,145,554,145,0.061390263084985026,0.0,0.012693650797504962,0.012693650797504962,0.5284757891517079
11,sympy__sympy-18211,1791010632.127433,492.92821526527405,19785,18816,969,0,0,422,547,422,0.09767403148727724,0.0,0.04241899825847824,0.04241899825847824,1.706177381401107
0,sympy__sympy-18211,1791010637.1164148,6.728333950042725,3006,0,3006,0,0,1547,1459,1547,0.24826155064927968,0.0,0.12660997618748576,0.12660997618748576,0.0
13,sympy__sympy-11618,1791010640.4360802,11.067582130432129,7232,6272,960,0,0,699,261,699,0.08444099218999905,0.0,0.061390263084985026,0.061390263084985026,0.5284757891517079
5,django__django-14787,1791010643.8636713,19.83718776702881,11476,0,11476,0,9408,1460,608,10868,0.9975152431084559,0.8078074354708097,0.13347884822668538,0.9412862836974951,0.0
0,sympy__sympy-18211,1791010644.7178311,8.143038988113403,3585,1568,2017,0,0,1438,579,1438,0.16879680231047092,0.0,0.1199160412971647,0.1199160412971647,0.128345509352115
8,django__django-11749,1791010651.5932589,75.65997457504272,14797,14112,685,0,0,568,117,568,0.06565070369684266,0.0,0.05440337345912672,0.05440337345912672,1.2456720946285222
13,sympy__sympy-11618,1791010651.6527312,2.8064568042755127,7602,6272,1330,0,0,960,370,960,0.11723771240830914,0.0,0.08444099218999905,0.08444099218999905,0.5284757891517079
0,sympy__sympy-18211,1791010653.0918002,11.088551044464111,4902,3136,1766,0,0,449,1317,449,0.15039786573381894,0.0,0.0379356676678146,0.0379356676678146,0.25920664399477134
13,sympy__sympy-11618,1791010654.590346,8.149943351745605,7790,6272,1518,0,0,1330,188,1330,0.13395565992952407,0.0,0.11723771240830914,0.11723771240830914,0.5284757891517079
14,pytest-dev__pytest-10051,1791010662.3905866,124.92509579658508,12687,10976,1711,0,0,1441,270,1441,0.15939099586761,0.0,0.13403966031875592,0.13403966031875592,0.9512466965661727
13,sympy__sympy-11618,1791010663.1260517,3.2527964115142822,8140,6272,1868,0,0,1518,350,1518,0.16517583119459867,0.0,0.13395565992952407,0.13395565992952407,0.5284757891517079
5,django__django-14787,1791010663.8662066,3.400177001953125,12033,10976,1057,0,0,500,557,500,0.09811290673485344,0.0,0.04626854654228316,0.04626854654228316,0.9512466965661727
0,sympy__sympy-18211,1791010664.780847,17.566880702972412,5203,4704,499,0,0,198,301,198,0.04297346584845879,0.0,0.01702110580062131,0.01702110580062131,0.39258340392796887
13,sympy__sympy-11618,1791010666.5435,3.0630075931549072,8266,7840,426,0,0,300,126,300,0.03803776558426667,0.0,0.02676782068031839,0.02676782068031839,0.6668837996659881
5,django__django-14787,1791010667.5582283,16.680464506149292,12512,10976,1536,0,0,1057,479,1057,0.14295106945967254,0.0,0.09811290673485344,0.09811290673485344,0.9512466965661727
13,sympy__sympy-11618,1791010670.017669,2.9635281562805176,8437,7840,597,0,0,426,171,426,0.053358673039656024,0.0,0.03803776558426667,0.03803776558426667,0.6668837996659881
13,sympy__sympy-11618,1791010674.005158,10.182613372802734,8704,7840,864,0,0,597,267,597,0.07734062034922458,0.0,0.053358673039656024,0.053358673039656024,0.6668837996659881
6,pylint-dev__pylint-6528,1791010677.6807916,3.376288414001465,18056,17248,808,0,0,557,251,557,0.08008255652775438,0.0,0.05513390156676638,0.05513390156676638,1.5501599938530375
6,pylint-dev__pylint-6528,1791010681.9347298,3.3669867515563965,18194,17248,946,0,0,808,138,808,0.09382681019247915,0.0,0.08008255652775438,0.08008255652775438,1.5501599938530375
0,sympy__sympy-18211,1791010682.5006063,38.73606014251709,6704,4704,2000,0,0,499,1501,499,0.1737741395948137,0.0,0.04297346584845879,0.04297346584845879,0.39258340392796887
5,django__django-14787,1791010684.4327445,11.422749996185303,12976,10976,2000,0,0,1536,464,1536,0.1866089625057388,0.0,0.14295106945967254,0.14295106945967254,0.9512466965661727
13,sympy__sympy-11618,1791010685.0514512,3.808297872543335,9228,7840,1388,0,0,864,524,864,0.124618361439629,0.0,0.07734062034922458,0.07734062034922458,0.6668837996659881
6,pylint-dev__pylint-6528,1791010685.8088527,3.459988594055176,18320,17248,1072,0,0,946,126,946,0.10639292896463945,0.0,0.09382681019247915,0.09382681019247915,1.5501599938530375
13,sympy__sympy-11618,1791010689.25425,3.6284682750701904,9410,7840,1570,0,0,1388,182,1388,0.14110499173951924,0.0,0.124618361439629,0.124618361439629,0.6668837996659881
6,pylint-dev__pylint-6528,1791010689.773929,3.791992425918579,18444,17248,1196,0,0,1072,124,1072,0.1187754448895453,0.0,0.10639292896463945,0.10639292896463945,1.5501599938530375
7,django__django-13112,1791010691.850479,7.926025152206421,29890,26656,3234,0,0,446,2788,446,0.3556731032805174,0.0,0.04841463610412705,0.04841463610412705,2.5239986984995744
13,sympy__sympy-11618,1791010693.3453262,7.783316373825073,9676,9408,268,0,0,2,266,2,0.024338165627979507,0.0,0.0001813559346976481,0.0001813559346976481,0.8078074354708097
6,pylint-dev__pylint-6528,1791010694.4204304,3.914968252182007,18583,17248,1335,0,0,1196,139,1196,0.13267454807821297,0.0,0.1187754448895453,0.1187754448895453,1.5501599938530375
5,django__django-14787,1791010696.047233,4.370324611663818,13319,12544,775,0,0,432,343,432,0.07306865367894783,0.0,0.040654076119834556,0.040654076119834556,1.097201582952077
3,django__django-13112,1791010698.8806205,5.291126012802124,32108,31360,748,0,0,122,626,122,0.084913375258667,0.0,0.013810436416561683,0.013810436416561683,3.0448789922451507
6,pylint-dev__pylint-6528,1791010699.1371293,12.051814079284668,18803,17248,1555,0,0,1335,220,1335,0.15471353420961517,0.0,0.13267454807821297,0.13267454807821297,1.5501599938530375
7,django__django-13112,1791010699.91446,3.137871026992798,30514,29792,722,0,0,98,624,98,0.08079389444970096,0.0,0.010935199407341178,0.010935199407341178,2.868736602372751
5,django__django-14787,1791010700.567665,3.1789793968200684,13464,12544,920,0,0,775,145,775,0.08680780946471227,0.0,0.07306865367894783,0.07306865367894783,1.097201582952077
13,sympy__sympy-11618,1791010701.7799096,5.858860731124878,10079,9408,671,0,0,268,403,268,0.06107456927863633,0.0,0.024338165627979507,0.024338165627979507,0.8078074354708097
7,django__django-13112,1791010703.179685,439.81936144828796,31075,29792,1283,0,0,722,561,722,0.1439396469279789,0.0,0.08079389444970096,0.08079389444970096,2.868736602372751
3,django__django-13112,1791010704.493109,3.9234237670898438,32591,31360,1231,0,0,748,483,748,0.1400479822572212,0.0,0.084913375258667,0.084913375258667,3.0448789922451507
5,django__django-14787,1791010704.822129,2.782410144805908,13714,12544,1170,0,0,920,250,920,0.11054652881642058,0.0,0.08680780946471227,0.08680780946471227,1.097201582952077
5,django__django-14787,1791010708.0717003,5.092430114746094,13855,12544,1311,0,0,1170,141,1170,0.12396337111552187,0.0,0.11054652881642058,0.11054652881642058,1.097201582952077
3,django__django-13112,1791010708.6890142,104.88976907730103,32982,31360,1622,0,0,1231,391,1231,0.18485558777016012,0.0,0.1400479822572212,0.1400479822572212,3.0448789922451507
6,pylint-dev__pylint-6528,1791010711.7157707,2.868623971939087,19379,17248,2131,0,0,1555,576,1555,0.21265016992708982,0.0,0.15471353420961517,0.15471353420961517,1.5501599938530375
5,django__django-14787,1791010713.565421,4.937751531600952,14250,12544,1706,0,0,1311,395,1311,0.16165787481698546,0.0,0.12396337111552187,0.12396337111552187,1.097201582952077
13,sympy__sympy-11618,1791010713.7508826,6.875850439071655,10526,9408,1118,0,0,671,447,671,0.10201627483527445,0.0,0.06107456927863633,0.06107456927863633,0.8078074354708097
6,pylint-dev__pylint-6528,1791010715.1489465,5.558471441268921,19759,18816,943,0,0,563,380,563,0.09504071962515281,0.0,0.05663278237902031,0.05663278237902031,1.706177381401107
6,pylint-dev__pylint-6528,1791010720.8586423,11.930588483810425,19982,18816,1166,0,0,943,223,943,0.11764890765722417,0.0,0.09504071962515281,0.09504071962515281,1.706177381401107
0,sympy__sympy-18211,1791010721.4880605,67.6574285030365,8102,6272,1830,0,0,432,1398,432,0.1617801471640226,0.0,0.03788175437107474,0.03788175437107474,0.5284757891517079
5,django__django-14787,1791010721.8535376,8.63191270828247,17585,14112,3473,0,0,138,3335,138,0.3378074649881894,0.0,0.013187363140539901,0.013187363140539901,1.2456720946285222
13,sympy__sympy-11618,1791010722.7730653,4.248887777328491,10874,9408,1466,0,0,1118,348,1118,0.1340318914027948,0.0,0.10201627483527445,0.10201627483527445,0.8078074354708097
13,sympy__sympy-11618,1791010727.1768267,9.810408592224121,11413,9408,2005,0,0,1466,539,1466,0.18386388613087737,0.0,0.1340318914027948,0.1340318914027948,0.8078074354708097
8,django__django-11749,1791010727.4380677,5.676593542098999,15183,14112,1071,0,0,685,386,685,0.10285661007985887,0.0,0.06565070369684266,0.06565070369684266,1.2456720946285222
6,pylint-dev__pylint-6528,1791010733.05724,19.325634717941284,20274,18816,1458,0,0,1166,292,1166,0.14732938753988598,0.0,0.11764890765722417,0.11764890765722417,1.706177381401107
8,django__django-11749,1791010733.2677486,2.961045742034912,16165,14112,2053,0,0,1071,982,1071,0.19819723869730976,0.0,0.10285661007985887,0.10285661007985887,1.2456720946285222
5,django__django-14787,1791010733.6933572,5.57869029045105,17925,17248,677,0,0,337,340,337,0.0670535031448126,0.0,0.033319565763674355,0.033319565763674355,1.5501599938530375
8,django__django-11749,1791010736.3638117,2.022552967071533,16429,15680,749,0,0,485,264,485,0.07301067604596405,0.0,0.04721110173032289,0.04721110173032289,1.3966582315955094
13,sympy__sympy-11618,1791010737.1258647,6.8293352127075195,11971,10976,995,0,0,437,558,437,0.09232637952420579,0.0,0.04042462503551445,0.04042462503551445,0.9512466965661727
8,django__django-11749,1791010738.5322683,22.599606037139893,17000,15680,1320,0,0,749,571,749,0.12905594751478297,0.0,0.07301067604596405,0.07301067604596405,1.3966582315955094
5,django__django-14787,1791010741.6080465,6.118921995162964,18104,17248,856,0,0,677,179,677,0.08486095642016872,0.0,0.0670535031448126,0.0670535031448126,1.5501599938530375
13,sympy__sympy-11618,1791010744.4386127,15.969053983688354,12213,10976,1237,0,0,995,242,995,0.11493478681494768,0.0,0.09232637952420579,0.09232637952420579,0.9512466965661727
15,django__django-14787,1791010746.4421058,3.3856453895568848,11980,10976,1004,0,0,494,510,494,0.0931661152511526,0.0,0.04571180762475519,0.04571180762475519,0.9512466965661727
4,sympy__sympy-13757,1791010746.794095,12.92032265663147,5435,3136,2299,0,0,913,1386,913,0.19641663515973104,0.0,0.07735540068881833,0.07735540068881833,0.25920664399477134
5,django__django-14787,1791010748.591955,3.337758779525757,18348,17248,1100,0,0,856,244,856,0.1091876057880851,0.0,0.08486095642016872,0.08486095642016872,1.5501599938530375
15,django__django-14787,1791010750.7069218,2.6463205814361572,12474,10976,1498,0,0,1004,494,1004,0.13938539769479086,0.0,0.0931661152511526,0.0931661152511526,0.9512466965661727
5,django__django-14787,1791010752.3332567,5.303643226623535,18828,17248,1580,0,0,1100,480,1100,0.1572210979535072,0.0,0.1091876057880851,0.1091876057880851,1.5501599938530375
6,pylint-dev__pylint-6528,1791010752.5280085,10.291078805923462,20843,18816,2027,0,0,1458,569,1458,0.20541629869955322,0.0,0.14732938753988598,0.14732938753988598,1.706177381401107
15,django__django-14787,1791010754.0157027,3.515747308731079,13080,10976,2104,0,0,1498,606,1498,0.1964245730956608,0.0,0.13938539769479086,0.13938539769479086,0.9512466965661727
4,sympy__sympy-13757,1791010759.8471825,2.789179563522339,7362,4704,2658,0,0,731,1927,731,0.23184058770843272,0.0,0.0630398752265334,0.0630398752265334,0.39258340392796887
8,django__django-11749,1791010761.325262,3.4309606552124023,17640,15680,1960,0,0,1320,640,1320,0.19227026927355734,0.0,0.12905594751478297,0.12905594751478297,1.3966582315955094
5,django__django-14787,1791010761.5326428,6.81284761428833,19091,18816,275,0,0,12,263,12,0.027622031024128486,0.0,0.0012037104054376789,0.0012037104054376789,1.706177381401107
15,django__django-14787,1791010761.6000578,3.7403411865234375,13332,12544,788,0,0,536,252,536,0.07429956216767597,0.0,0.05046968670975658,0.05046968670975658,1.097201582952077
4,sympy__sympy-13757,1791010762.759417,29.775126934051514,9020,6272,2748,0,0,1090,1658,1090,0.24422600910617653,0.0,0.09594820248469378,0.09594820248469378,0.5284757891517079
6,pylint-dev__pylint-6528,1791010762.9600978,3.6718475818634033,21328,20384,944,0,0,459,485,459,0.0966564971643055,0.0,0.04688328586094237,0.04688328586094237,1.8647103942397178
13,sympy__sympy-20916,1791010763.893327,4.362956762313843,1425,0,1425,1425,0,0,0,0,0.11653628018134359,0.0,0.0,0.0,0.0
8,django__django-11749,1791010764.9204514,5.290842056274414,17790,17248,542,0,0,392,150,392,0.053644987343537814,0.0,0.03876850701602913,0.03876850701602913,1.5501599938530375
15,django__django-14787,1791010765.8147278,2.601576566696167,13529,12544,985,0,0,788,197,788,0.0929737246010072,0.0,0.07429956216767597,0.07429956216767597,1.097201582952077
6,pylint-dev__pylint-6528,1791010767.134374,17.850669860839844,21535,20384,1151,0,0,944,207,944,0.11797319149945704,0.0,0.0966564971643055,0.0966564971643055,1.8647103942397178
15,django__django-14787,1791010768.5356748,2.4443986415863037,13633,12544,1089,0,0,985,104,985,0.10284818056204315,0.0,0.0929737246010072,0.0929737246010072,1.097201582952077
13,sympy__sympy-20916,1791010768.800141,5.372042894363403,3002,0,3002,0,0,1425,1577,1425,0.2479250527597136,0.0,0.11653628018134359,0.11653628018134359,0.0
8,django__django-11749,1791010770.3883853,2.532386302947998,18034,17248,786,0,0,542,244,542,0.07789324442891726,0.0,0.053644987343537814,0.053644987343537814,1.5501599938530375
5,django__django-14787,1791010772.2880938,4.410413980484009,19363,18816,547,0,0,275,272,275,0.055018847521542895,0.0,0.027622031024128486,0.027622031024128486,1.706177381401107
8,django__django-11749,1791010773.0471613,2.7807960510253906,18591,17248,1343,0,0,786,557,786,0.1334750980954962,0.0,0.07789324442891726,0.07789324442891726,1.5501599938530375
13,sympy__sympy-20916,1791010774.5292733,2.6361682415008545,3461,1568,1893,0,0,1434,459,1434,0.1582995196899772,0.0,0.11957954340759863,0.11957954340759863,0.128345509352115
8,django__django-11749,1791010775.9683843,182.60543656349182,18861,17248,1613,0,0,1343,270,1343,0.1605320612827474,0.0,0.1334750980954962,0.1334750980954962,1.5501599938530375
13,sympy__sympy-20916,1791010777.348723,7.295489311218262,4212,3136,1076,0,0,325,751,325,0.09125556626432836,0.0,0.0274383850473209,0.0274383850473209,0.25920664399477134
15,django__django-14787,1791010779.288077,63.04903864860535,13804,12544,1260,0,0,1089,171,1089,0.11910812250166894,0.0,0.10284818056204315,0.10284818056204315,1.097201582952077
13,sympy__sympy-20916,1791010784.9300702,3.2922966480255127,4449,3136,1313,0,0,1076,237,1076,0.11151473538917787,0.0,0.09125556626432836,0.09125556626432836,0.25920664399477134
2,django__django-12262,1791010784.9626584,298.76428985595703,13839,0,13839,0,12544,853,442,13397,1.219641452324611,1.097201582952077,0.0804566983833255,1.1776582813354024,0.0
6,pylint-dev__pylint-6528,1791010786.2224953,21.516005277633667,21843,20384,1459,0,0,1151,308,1151,0.14977193374380504,0.0,0.11797319149945704,0.11797319149945704,1.8647103942397178
14,pytest-dev__pytest-10051,1791010787.4546895,3.5760278701782227,12926,12544,382,0,0,143,239,143,0.03593897182625139,0.0,0.013436109481705741,0.013436109481705741,1.097201582952077
13,sympy__sympy-20916,1791010788.442652,3.3899502754211426,4832,3136,1696,0,0,1313,383,1313,0.1443757192117083,0.0,0.11151473538917787,0.11151473538917787,0.25920664399477134
0,sympy__sympy-18211,1791010789.3904657,120.66314888000488,9085,7840,1245,0,0,262,983,262,0.11168835673312982,0.0,0.023372136649742307,0.023372136649742307,0.6668837996659881
10,sympy__sympy-15875,1791010790.767975,106.40235209465027,10101,9408,693,0,0,395,298,395,0.06308481390636049,0.0,0.035897214104323186,0.035897214104323186,0.8078074354708097
14,pytest-dev__pytest-10051,1791010791.1517265,15.259091854095459,13082,12544,538,0,0,382,156,382,0.05065855690939825,0.0,0.03593897182625139,0.03593897182625139,1.097201582952077
13,sympy__sympy-20916,1791010791.9755588,4.254349231719971,4971,4704,267,0,0,128,139,128,0.0229621283380785,0.0,0.010998959278510669,0.010998959278510669,0.39258340392796887
4,sympy__sympy-13757,1791010792.9641137,77.53999662399292,9556,7840,1716,0,0,1180,536,1180,0.154355029454808,0.0,0.10581799859189626,0.10581799859189626,0.6668837996659881
13,sympy__sympy-20916,1791010796.4690702,5.331220865249634,5840,4704,1136,0,0,267,869,267,0.0982015815853594,0.0,0.0229621283380785,0.0229621283380785,0.39258340392796887
5,django__django-14787,1791010798.2103574,2.222865581512451,19557,18816,741,0,0,547,194,547,0.07460547396727499,0.0,0.055018847521542895,0.055018847521542895,1.706177381401107
13,sympy__sympy-20916,1791010802.0703003,6.549079179763794,6671,4704,1967,0,0,1136,831,1136,0.17087365833590412,0.0,0.0982015815853594,0.0982015815853594,0.39258340392796887
14,pytest-dev__pytest-10051,1791010806.5905588,98.16204905509949,13553,12544,1009,0,0,538,471,538,0.09525146295054468,0.0,0.05065855690939825,0.05065855690939825,1.097201582952077
6,pylint-dev__pylint-6528,1791010808.570857,11.492206811904907,22123,20384,1739,0,0,1459,280,1459,0.1787641097640198,0.0,0.14977193374380504,0.14977193374380504,1.8647103942397178
13,sympy__sympy-20916,1791010808.9102592,6.9772138595581055,6965,6272,693,0,0,399,294,399,0.06086118083704271,0.0,0.03498127311216516,0.03498127311216516,0.5284757891517079
1,django__django-11749,1791010810.945419,6.675713300704956,14362,0,14362,0,14112,194,56,14306,1.2695765698245842,1.2456720946285222,0.01854431481543697,1.2642164094439592,0.0
3,django__django-13112,1791010813.7691195,2.830610513687134,33151,32928,223,0,0,54,169,54,0.02561295984248398,0.0,0.0061975726072187294,0.0061975726072187294,3.2235370074080922
12,sympy__sympy-15875,1791010814.3424323,163.36026883125305,5368,4704,664,0,0,222,442,222,0.05723917893637525,0.0,0.019086995902864373,0.019086995902864373,0.39258340392796887
13,sympy__sympy-20916,1791010816.215204,2.974616765975952,7368,6272,1096,0,0,693,403,693,0.09647972195745863,0.0,0.06086118083704271,0.06086118083704271,0.5284757891517079
3,django__django-13112,1791010817.1811857,3.757599353790283,33629,32928,701,0,0,223,478,223,0.08068570509845974,0.0,0.02561295984248398,0.02561295984248398,3.2235370074080922
1,django__django-11749,1791010817.7552192,159.2084023952484,14693,14112,581,0,0,250,331,250,0.05565238514633725,0.0,0.023904475196061772,0.023904475196061772,1.2456720946285222
9,django__django-13821,1791010818.5668707,4.706378221511841,33190,32928,262,0,0,42,220,42,0.030097583855067063,0.0,0.004820076407634462,0.004820076407634462,3.2235370074080922
13,sympy__sympy-20916,1791010819.3145592,10.763724565505981,10449,6272,4177,0,0,1096,3081,1096,0.37428074784619336,0.0,0.09647972195745863,0.09647972195745863,0.5284757891517079
6,pylint-dev__pylint-6528,1791010820.869975,5.413256883621216,22396,21952,444,0,0,171,273,171,0.04606007780416405,0.0,0.017715471634867634,0.017715471634867634,2.02575903236887
5,django__django-14787,1791010821.1900237,5.5161542892456055,19721,18816,905,0,0,741,164,741,0.09119327724944938,0.0,0.07460547396727499,0.07460547396727499,1.706177381401107
3,django__django-13112,1791010821.215372,2.485546588897705,33799,32928,871,0,0,701,170,701,0.10032860328536394,0.0,0.08068570509845974,0.08068570509845974,3.2235370074080922
9,django__django-13821,1791010824.1621234,6.599771499633789,33533,32928,605,0,0,262,343,262,0.06960630896203221,0.0,0.030097583855067063,0.030097583855067063,3.2235370074080922
3,django__django-13112,1791010824.3730214,2.1997668743133545,33993,32928,1065,0,0,871,194,871,0.12278074309901457,0.0,0.10032860328536394,0.10032860328536394,3.2235370074080922
3,django__django-13112,1791010826.7090049,2.737543821334839,34117,32928,1189,0,0,1065,124,1065,0.13715176845120705,0.0,0.12278074309901457,0.12278074309901457,3.2235370074080922
6,pylint-dev__pylint-6528,1791010826.8442245,2.950282096862793,22524,21952,572,0,0,444,128,444,0.05937611552083888,0.0,0.04606007780416405,0.04606007780416405,2.02575903236887
5,django__django-14787,1791010828.2142339,107.78708791732788,20096,18816,1280,0,0,905,375,905,0.1292261110418075,0.0,0.09119327724944938,0.09119327724944938,1.706177381401107
3,django__django-13112,1791010830.0716264,22.61297583580017,34280,32928,1352,0,0,1189,163,1189,0.15606664585799646,0.0,0.13715176845120705,0.13715176845120705,3.2235370074080922
6,pylint-dev__pylint-6528,1791010830.340237,9.968733787536621,22629,21952,677,0,0,572,105,572,0.07031194381132372,0.0,0.05937611552083888,0.05937611552083888,2.02575903236887
9,django__django-13821,1791010831.080406,2.9818813800811768,33823,32928,895,0,0,605,290,605,0.10310410029638954,0.0,0.06960630896203221,0.06960630896203221,3.2235370074080922
13,sympy__sympy-20916,1791010831.9192517,10.54789924621582,10800,9408,1392,0,0,1041,351,1041,0.1272135998956206,0.0,0.09494910152709146,0.09494910152709146,0.8078074354708097
9,django__django-13821,1791010834.8461232,3.248776435852051,34005,32928,1077,0,0,895,182,895,0.12417079990813762,0.0,0.10310410029638954,0.10310410029638954,3.2235370074080922
9,django__django-13821,1791010838.9767203,14.621124505996704,34250,32928,1322,0,0,1077,245,1077,0.15258333882507807,0.0,0.12417079990813762,0.12417079990813762,3.2235370074080922
6,pylint-dev__pylint-6528,1791010840.9495485,6.2409987449646,23050,21952,1098,0,0,677,421,677,0.11427269774576543,0.0,0.07031194381132372,0.07031194381132372,2.02575903236887
15,django__django-14787,1791010842.5209546,28.84941816329956,14665,12544,2121,0,0,1260,861,1260,0.20143293267286264,0.0,0.11910812250166894,0.11910812250166894,1.097201582952077
13,sympy__sympy-20916,1791010842.6964898,14.309700965881348,11127,9408,1719,0,0,1392,327,1392,0.1573854017584115,0.0,0.1272135998956206,0.1272135998956206,0.8078074354708097
6,pylint-dev__pylint-6528,1791010848.7910702,9.910257577896118,23722,21952,1770,0,0,1098,672,1098,0.18481859465199663,0.0,0.11427269774576543,0.11427269774576543,2.02575903236887
3,django__django-13112,1791010852.8331423,3.61616849899292,35494,32928,2566,0,0,1352,1214,1352,0.2977970850500814,0.0,0.15606664585799646,0.15606664585799646,3.2235370074080922
9,django__django-13821,1791010853.9482324,5.467443466186523,34621,32928,1693,0,0,1322,371,1322,0.1957249578285421,0.0,0.15258333882507807,0.15258333882507807,3.2235370074080922
3,django__django-13112,1791010856.5935802,42.67046785354614,36012,34496,1516,0,0,998,518,998,0.17755720006087902,0.0,0.11662344459659867,0.11662344459659867,3.4047106478615747
13,sympy__sympy-20916,1791010857.4581804,115.63721799850464,11363,10976,387,0,0,151,236,151,0.03578948258906846,0.0,0.013946140663048577,0.013946140663048577,0.9512466965661727
9,django__django-13821,1791010859.700548,8.785627841949463,34951,34496,455,0,0,125,330,125,0.053043610800863325,0.0,0.014551317375059391,0.014551317375059391,3.4047106478615747
6,pylint-dev__pylint-6528,1791010860.3352902,8.260826110839844,24051,23520,531,0,0,202,329,202,0.0559609087113649,0.0,0.02125433123230315,0.02125433123230315,2.1893232957885633
9,django__django-13821,1791010868.672052,10.325157403945923,36084,34496,1588,0,0,455,1133,455,0.18604848923787523,0.0,0.053043610800863325,0.053043610800863325,3.4047106478615747
6,pylint-dev__pylint-6528,1791010869.7598903,4.145892381668091,24313,23520,793,0,0,531,262,531,0.08367879730010273,0.0,0.0559609087113649,0.0559609087113649,2.1893232957885633
4,sympy__sympy-13757,1791010870.7764904,5.512116193771362,10094,9408,686,0,0,148,538,148,0.0624451368985492,0.0,0.013431393649986422,0.013431393649986422,0.8078074354708097
15,django__django-14787,1791010871.5703037,14.663875579833984,14975,14112,863,0,0,553,310,553,0.08278889032441024,0.0,0.0529624209964171,0.0529624209964171,1.2456720946285222
6,pylint-dev__pylint-6528,1791010875.5566761,3.1336095333099365,24765,23520,1245,0,0,793,452,793,0.131662549888257,0.0,0.08367879730010273,0.08367879730010273,2.1893232957885633
4,sympy__sympy-13757,1791010876.5462651,4.0215513706207275,10599,9408,1191,0,0,686,505,686,0.10872192419094667,0.0,0.0624451368985492,0.0624451368985492,0.8078074354708097
9,django__django-13821,1791010879.177938,24.864168405532837,36350,36064,286,0,0,20,266,20,0.03377581584359991,0.0,0.002359223493851191,0.002359223493851191,3.588399913605599
4,sympy__sympy-13757,1791010880.7184544,3.1318440437316895,11397,9408,1989,0,0,1191,798,1191,0.1823803622419056,0.0,0.10872192419094667,0.10872192419094667,0.8078074354708097
4,sympy__sympy-13757,1791010883.9768097,45.96151876449585,12771,10976,1795,0,0,421,1374,421,0.16729329074141303,0.0,0.038941101146542687,0.038941101146542687,0.9512466965661727
15,django__django-14787,1791010886.7367084,6.477811574935913,15376,14112,1264,0,0,863,401,863,0.12151673215512923,0.0,0.08278889032441024,0.08278889032441024,1.2456720946285222
15,django__django-14787,1791010893.3981435,9.709942817687988,15572,14112,1460,0,0,1264,196,1264,0.14050591377041688,0.0,0.12151673215512923,0.12151673215512923,1.2456720946285222
6,pylint-dev__pylint-6528,1791010894.5243835,4.504955053329468,25228,23520,1708,0,0,1245,463,1245,0.18103078210808982,0.0,0.131662549888257,0.131662549888257,2.1893232957885633
10,sympy__sympy-15875,1791010897.3222742,199.0007026195526,10574,9408,1166,0,0,693,473,693,0.10642485502162016,0.0,0.06308481390636049,0.06308481390636049,0.8078074354708097
3,django__django-13112,1791010899.402761,8.891637563705444,36676,34496,2180,0,0,1516,664,1516,0.25606685652448974,0.0,0.17755720006087902,0.17755720006087902,3.4047106478615747
6,pylint-dev__pylint-6528,1791010900.7205756,3.681671619415283,25578,25088,490,0,0,140,350,140,0.05241586493973517,0.0,0.014950893397855006,0.014950893397855006,2.3554031844987984
15,django__django-14787,1791010903.315772,8.215485095977783,15925,14112,1813,0,0,1460,353,1460,0.17480496241043705,0.0,0.14050591377041688,0.14050591377041688,1.2456720946285222
14,pytest-dev__pytest-10051,1791010904.9049292,2.5413811206817627,14095,12544,1551,0,0,1009,542,1009,0.14684732947971066,0.0,0.09525146295054468,0.09525146295054468,1.097201582952077
14,pytest-dev__pytest-10051,1791010907.71449,10.284574747085571,14310,12544,1766,0,0,1551,215,1551,0.16739758867933924,0.0,0.14684732947971066,0.14684732947971066,1.097201582952077
3,django__django-13112,1791010908.441415,7.1353490352630615,37382,36064,1318,0,0,612,706,612,0.15634804161303273,0.0,0.07237759078046568,0.07237759078046568,3.588399913605599
6,pylint-dev__pylint-6528,1791010908.5604,32.516396045684814,25921,25088,833,0,0,490,343,490,0.08925314198425605,0.0,0.05241586493973517,0.05241586493973517,2.3554031844987984
0,sympy__sympy-18211,1791010910.2921236,95.19223165512085,9617,7840,1777,0,0,1245,532,1245,0.159897463990276,0.0,0.11168835673312982,0.11168835673312982,0.6668837996659881
15,django__django-14787,1791010912.5609658,6.329843759536743,16353,15680,673,0,0,245,428,245,0.06557621623608942,0.0,0.023818825443450167,0.023818825443450167,1.3966582315955094
3,django__django-13112,1791010915.8784184,3.554337501525879,37707,36064,1643,0,0,1318,325,1318,0.19517441591876009,0.0,0.15634804161303273,0.15634804161303273,3.588399913605599
14,pytest-dev__pytest-10051,1791010918.5129135,22.588014364242554,14850,14112,738,0,0,198,540,198,0.07075025760843123,0.0,0.018927077002893686,0.018927077002893686,1.2456720946285222
15,django__django-14787,1791010919.032185,23.323854446411133,16826,15680,1146,0,0,673,473,673,0.11194201364702003,0.0,0.06557621623608942,0.06557621623608942,1.3966582315955094
3,django__django-13112,1791010919.5987475,29.405644178390503,37876,37632,244,0,0,75,169,75,0.029201950302252262,0.0,0.008969524884194722,0.008969524884194722,3.7746048046401643
4,sympy__sympy-13757,1791010930.7211382,106.71147108078003,13826,12544,1282,0,0,227,1055,227,0.12120221707658302,0.0,0.02133840435550878,0.02133840435550878,1.097201582952077
5,django__django-14787,1791010936.183728,17.962692975997925,20952,18816,2136,0,0,1280,856,1280,0.2165814760044403,0.0,0.1292261110418075,0.1292261110418075,1.706177381401107
6,pylint-dev__pylint-6528,1791010941.2224128,71.85900926589966,26393,25088,1305,0,0,833,472,833,0.14014147116513204,0.0,0.08925314198425605,0.08925314198425605,2.3554031844987984
14,pytest-dev__pytest-10051,1791010941.39957,61.12082242965698,15713,14112,1601,0,0,738,863,738,0.1541908078262591,0.0,0.07075025760843123,0.07075025760843123,1.2456720946285222
15,django__django-14787,1791010942.823176,2.717942714691162,17080,15680,1400,0,0,1146,254,1146,0.13693481840800312,0.0,0.11194201364702003,0.11194201364702003,1.3966582315955094
15,django__django-14787,1791010945.6828084,8.506364822387695,17521,15680,1841,0,0,1400,441,1400,0.1804846381221708,0.0,0.13693481840800312,0.13693481840800312,1.3966582315955094
3,django__django-13112,1791010949.195063,248.70397663116455,38266,37632,634,0,0,244,390,244,0.07600369500184313,0.0,0.029201950302252262,0.029201950302252262,3.7746048046401643
5,django__django-14787,1791010954.2947488,266.5925018787384,21407,20384,1023,0,0,568,455,568,0.10478668072011799,0.0,0.058048463165829456,0.058048463165829456,1.8647103942397178
15,django__django-14787,1791010954.54268,15.338793516159058,17904,17248,656,0,0,273,383,273,0.06496650926865324,0.0,0.026982875864642607,0.026982875864642607,1.5501599938530375
8,django__django-11749,1791010958.9832454,70.94527292251587,19996,18816,1180,0,0,45,1135,45,0.11906995324742645,0.0,0.004514673734677916,0.004514673734677916,1.706177381401107
13,sympy__sympy-20916,1791010973.3652618,87.67482376098633,11905,10976,929,0,0,387,542,387,0.08617084990755122,0.0,0.03578948258906846,0.03578948258906846,0.9512466965661727
1,django__django-11749,1791010977.1662962,6.497074365615845,15324,14112,1212,0,0,581,631,581,0.11648538350417678,0.0,0.05565238514633725,0.05565238514633725,1.2456720946285222
12,sympy__sympy-15875,1791010978.1676419,197.73578310012817,5685,4704,981,0,0,664,317,664,0.08472480804380657,0.0,0.05723917893637525,0.05723917893637525,0.39258340392796887
1,django__django-11749,1791010983.8027294,9.59525179862976,15756,14112,1644,0,0,1212,432,1212,0.1583682629501517,0.0,0.11648538350417678,0.11648538350417678,1.2456720946285222
1,django__django-11749,1791010993.9627664,22.180803060531616,16121,15680,441,0,0,76,365,76,0.042918105774020596,0.0,0.007382125983164807,0.007382125983164807,1.3966582315955094
14,pytest-dev__pytest-10051,1791011004.834669,7.886105060577393,16366,15680,686,0,0,33,653,33,0.06684748115699651,0.0,0.0032046708592722408,0.0032046708592722408,1.3966582315955094
0,sympy__sympy-18211,1791011005.7274892,93.77343702316284,10454,9408,1046,0,0,209,837,209,0.09540782471160529,0.0,0.018973828185454424,0.018973828185454424,0.8078074354708097
14,pytest-dev__pytest-10051,1791011013.031469,12.338193893432617,16650,15680,970,0,0,686,284,686,0.09466288196983125,0.0,0.06684748115699651,0.06684748115699651,1.3966582315955094
6,pylint-dev__pylint-6528,1791011014.5991108,7.441485643386841,26784,25088,1696,0,0,1305,391,1305,0.182469473611334,0.0,0.14014147116513204,0.14014147116513204,2.3554031844987984
1,django__django-11749,1791011016.5904076,58.630614042282104,17020,15680,1340,0,0,441,899,441,0.13102505132755338,0.0,0.042918105774020596,0.042918105774020596,1.3966582315955094
6,pylint-dev__pylint-6528,1791011023.1747146,46.01671051979065,27047,26656,391,0,0,128,263,128,0.042433219549550136,0.0,0.013873959610557892,0.013873959610557892,2.5239986984995744
14,pytest-dev__pytest-10051,1791011025.6869617,130.69695711135864,17153,15680,1473,0,0,970,503,970,0.14413000207036766,0.0,0.09466288196983125,0.09466288196983125,1.3966582315955094
8,django__django-11749,1791011030.0781612,399.0632712841034,20360,18816,1544,0,0,1180,364,1180,0.15608752957458766,0.0,0.11906995324742645,0.11906995324742645,1.706177381401107
4,sympy__sympy-13757,1791011037.8449123,158.79906702041626,14288,12544,1744,0,0,1282,462,1282,0.16529259923880374,0.0,0.12120221707658302,0.12120221707658302,1.097201582952077
13,sympy__sympy-20916,1791011061.2277162,5.933656215667725,12302,10976,1326,0,0,929,397,929,0.12326451999241915,0.0,0.08617084990755122,0.08617084990755122,0.9512466965661727
13,sympy__sympy-20916,1791011067.2956583,2.8796637058258057,12511,10976,1535,0,0,1326,209,1326,0.1428572170632675,0.0,0.12326451999241915,0.12326451999241915,0.9512466965661727
6,pylint-dev__pylint-6528,1791011069.8796108,6.251654148101807,27296,26656,640,0,0,391,249,391,0.06953743655611583,0.0,0.042433219549550136,0.042433219549550136,2.5239986984995744
13,sympy__sympy-20916,1791011070.3152323,3.415999174118042,12719,10976,1743,0,0,1535,208,1535,0.16240054262549833,0.0,0.1428572170632675,0.1428572170632675,0.9512466965661727
13,sympy__sympy-20916,1791011073.8905978,6.8516685962677,12864,12544,320,0,0,175,145,175,0.030095794997835386,0.0,0.0164456562395941,0.0164456562395941,1.097201582952077
1,django__django-11749,1791011075.3734443,2.569667100906372,17241,15680,1561,0,0,1340,221,1340,0.1528108963661542,0.0,0.13102505132755338,0.13102505132755338,1.3966582315955094
6,pylint-dev__pylint-6528,1791011077.070427,60.89412021636963,27617,26656,961,0,0,640,321,640,0.10457262352515688,0.0,0.06953743655611583,0.06953743655611583,2.5239986984995744
13,sympy__sympy-20916,1791011080.874698,6.699417352676392,13098,12544,554,0,0,320,234,320,0.052169665845059936,0.0,0.030095794997835386,0.030095794997835386,1.097201582952077
2,django__django-12262,1791011084.0106661,22.705721616744995,15833,12544,3289,0,0,1295,1994,1295,0.3143240609130565,0.0,0.1224398693725342,0.1224398693725342,1.097201582952077
13,sympy__sympy-20916,1791011087.7438014,5.466044902801514,13352,12544,808,0,0,554,254,554,0.07619360518574407,0.0,0.052169665845059936,0.052169665845059936,1.097201582952077
13,sympy__sympy-20916,1791011093.6573057,9.968383073806763,13572,12544,1028,0,0,808,220,808,0.09705509044801752,0.0,0.07619360518574407,0.07619360518574407,1.097201582952077
1,django__django-11749,1791011094.8760693,7.257033824920654,17789,15680,2109,0,0,1561,548,1561,0.20704749683832457,0.0,0.1528108963661542,0.1528108963661542,1.3966582315955094
10,sympy__sympy-15875,1791011096.4817882,79.3491325378418,11258,9408,1850,0,0,1166,684,1166,0.1695032707085209,0.0,0.10642485502162016,0.10642485502162016,0.8078074354708097
0,sympy__sympy-18211,1791011099.890268,74.20746088027954,11680,9408,2272,0,0,1046,1226,1046,0.2086588474396836,0.0,0.09540782471160529,0.09540782471160529,0.8078074354708097
1,django__django-11749,1791011102.7003376,3.2952420711517334,17954,17248,706,0,0,541,165,541,0.0699362841156906,0.0,0.053545734580796374,0.053545734580796374,1.5501599938530375
13,sympy__sympy-20916,1791011104.2754352,10.607053279876709,13872,12544,1328,0,0,1028,300,1028,0.12558237872062122,0.0,0.09705509044801752,0.09705509044801752,1.097201582952077
1,django__django-11749,1791011106.1478045,3.5126187801361084,18459,17248,1211,0,0,706,505,706,0.12027439655001529,0.0,0.0699362841156906,0.0699362841156906,1.5501599938530375
2,django__django-12262,1791011106.9138656,3.6803722381591797,16524,15680,844,0,0,153,691,153,0.08231206162217006,0.0,0.014867412269624054,0.014867412269624054,1.3966582315955094
2,django__django-12262,1791011111.1383486,158.32253170013428,17285,15680,1605,0,0,844,761,844,0.15715431484103512,0.0,0.08231206162217006,0.08231206162217006,1.3966582315955094
13,sympy__sympy-20916,1791011115.4613948,4.017521381378174,14291,12544,1747,0,0,1328,419,1328,0.1655796140926718,0.0,0.12558237872062122,0.12558237872062122,1.097201582952077
1,django__django-11749,1791011118.8417616,17.745141983032227,19029,17248,1781,0,0,1211,570,1211,0.177405150037688,0.0,0.12027439655001529,0.12027439655001529,1.5501599938530375
13,sympy__sympy-20916,1791011120.4043741,3.4966790676116943,14562,14112,450,0,0,179,271,179,0.04307409864300937,0.0,0.01710910241622625,0.01710910241622625,1.2456720946285222
13,sympy__sympy-20916,1791011124.0560908,6.844299793243408,16056,14112,1944,0,0,450,1494,450,0.18756594152658493,0.0,0.04307409864300937,0.04307409864300937,1.2456720946285222
11,sympy__sympy-18211,1791011125.0791,299.18433570861816,19841,0,19841,0,18816,969,56,19785,1.8095255107454775,1.706177381401107,0.09767403148727724,1.8038514128883842,0.0
13,sympy__sympy-20916,1791011131.8578267,2.423802137374878,16312,15680,632,0,0,376,256,376,0.061567974919703505,0.0,0.03657980455959807,0.03657980455959807,1.3966582315955094
13,sympy__sympy-20916,1791011134.4176362,2.5716450214385986,16406,15680,726,0,0,632,94,632,0.07076015010429618,0.0,0.061567974919703505,0.061567974919703505,1.3966582315955094
1,django__django-11749,1791011137.0472367,10.475334405899048,19537,18816,721,0,0,213,508,213,0.07258445378695833,0.0,0.021387762489618507,0.021387762489618507,1.706177381401107
6,pylint-dev__pylint-6528,1791011138.1222825,74.62112021446228,28422,26656,1766,0,0,961,805,961,0.1928971730976197,0.0,0.10457262352515688,0.10457262352515688,2.5239986984995744
13,sympy__sympy-20916,1791011139.1253765,9.024992227554321,16662,15680,982,0,0,726,256,726,0.09583999777090821,0.0,0.07076015010429618,0.07076015010429618,1.3966582315955094
7,django__django-13112,1791011143.0197582,32.83355975151062,31206,0,31206,0,29792,1283,131,31075,3.027467890987841,2.868736602372751,0.1439396469279789,3.0126762493007297,0.0
1,django__django-11749,1791011149.7697244,7.868215560913086,20155,18816,1339,0,0,721,618,721,0.1352230433860969,0.0,0.07258445378695833,0.07258445378695833,1.706177381401107
13,sympy__sympy-20916,1791011151.3195713,7.438699960708618,17073,15680,1393,0,0,982,411,982,0.13624515578127702,0.0,0.09583999777090821,0.09583999777090821,1.3966582315955094
14,pytest-dev__pytest-10051,1791011157.8921442,52.63872814178467,17676,15680,1996,0,0,1473,523,1473,0.19583852497813095,0.0,0.14413000207036766,0.14413000207036766,1.3966582315955094
1,django__django-11749,1791011158.99922,4.1896889209747314,20361,18816,1545,0,0,1339,206,1339,0.15618941294397004,0.0,0.1352230433860969,0.1352230433860969,1.706177381401107
13,sympy__sympy-20916,1791011160.8255985,12.731601238250732,17402,15680,1722,0,0,1393,329,1393,0.16871349628258606,0.0,0.13624515578127702,0.13624515578127702,1.3966582315955094
1,django__django-11749,1791011163.3959024,5.0124897956848145,20853,18816,2037,0,0,1545,492,1545,0.20644012041647103,0.0,0.15618941294397004,0.15618941294397004,1.706177381401107
1,django__django-11749,1791011168.8844502,18.14973783493042,21088,20384,704,0,0,469,235,469,0.07199637284128915,0.0,0.0479071075778602,0.0479071075778602,1.8647103942397178
0,sympy__sympy-18211,1791011174.2412372,361.3335461616516,12282,10976,1306,0,0,704,602,704,0.12139196384306353,0.0,0.06521958634432069,0.06521958634432069,0.9512466965661727
13,sympy__sympy-20916,1791011174.39719,3.2906198501586914,17622,17248,374,0,0,154,220,154,0.03698487643127539,0.0,0.015211734025057872,0.015211734025057872,1.5501599938530375
7,django__django-13112,1791011176.015113,229.13761234283447,31499,29792,1707,0,0,1414,293,1414,0.19187844025556183,0.0,0.15873128861509042,0.15873128861509042,2.868736602372751
12,sympy__sympy-15875,1791011176.209149,3.0821919441223145,6496,4704,1792,0,0,981,811,981,0.1555109402794193,0.0,0.08472480804380657,0.08472480804380657,0.39258340392796887
10,sympy__sympy-15875,1791011176.4147084,115.13920736312866,11501,10976,525,0,0,282,243,282,0.04858868851586996,0.0,0.026064009613157968,0.026064009613157968,0.9512466965661727
13,sympy__sympy-20916,1791011178.1609387,22.08161187171936,17758,17248,510,0,0,374,136,374,0.05046940643518695,0.0,0.03698487643127539,0.03698487643127539,1.5501599938530375
12,sympy__sympy-15875,1791011179.4690619,176.08784794807434,6726,6272,454,0,0,224,230,224,0.03981602757013688,0.0,0.019618555055680366,0.019618555055680366,0.5284757891517079
4,sympy__sympy-13757,1791011196.7742875,2.746861696243286,15569,14112,1457,0,0,176,1281,176,0.1402149668195744,0.0,0.016822087562358166,0.016822087562358166,1.2456720946285222
3,django__django-13112,1791011198.0395894,3.615896463394165,39000,37632,1368,0,0,634,734,634,0.1645090502939854,0.0,0.07600369500184313,0.07600369500184313,3.7746048046401643
4,sympy__sympy-13757,1791011199.6561024,197.67320442199707,16580,14112,2468,0,0,1457,1011,1457,0.23878544663592652,0.0,0.1402149668195744,0.1402149668195744,1.2456720946285222
13,sympy__sympy-20916,1791011200.6980822,11.294459581375122,18234,17248,986,0,0,510,476,510,0.09781429437026724,0.0,0.05046940643518695,0.05046940643518695,1.5501599938530375
3,django__django-13112,1791011201.7963722,3.1426401138305664,39140,37632,1508,0,0,1368,140,1368,0.18145277914202781,0.0,0.1645090502939854,0.1645090502939854,3.7746048046401643
3,django__django-13112,1791011205.0631976,2.140833854675293,39318,37632,1686,0,0,1508,178,1508,0.20302447826588652,0.0,0.18145277914202781,0.18145277914202781,3.7746048046401643
3,django__django-13112,1791011207.3552437,345.2510862350464,40123,39200,923,0,0,118,805,118,0.11226619579409336,0.0,0.014303961940779823,0.014303961940779823,3.963325320965271
14,pytest-dev__pytest-10051,1791011210.6560965,10.78853178024292,17952,17248,704,0,0,428,276,428,0.06973744400896634,0.0,0.04233676272060274,0.04233676272060274,1.5501599938530375
13,sympy__sympy-20916,1791011212.4123003,20.198660373687744,18532,17248,1284,0,0,986,298,986,0.12757258109869793,0.0,0.09781429437026724,0.09781429437026724,1.5501599938530375
6,pylint-dev__pylint-6528,1791011212.9366844,9.117486715316772,29361,28224,1137,0,0,198,939,198,0.12565084641303192,0.0,0.021786033806302257,0.021786033806302257,2.6951098377908917
5,django__django-14787,1791011221.3944352,132.70803141593933,22585,20384,2201,0,0,1023,1178,1023,0.22677657601980544,0.0,0.10478668072011799,0.10478668072011799,1.8647103942397178
14,pytest-dev__pytest-10051,1791011221.6047513,61.74674320220947,18435,17248,1187,0,0,704,483,704,0.11787618439715956,0.0,0.06973744400896634,0.06973744400896634,1.5501599938530375
6,pylint-dev__pylint-6528,1791011224.4006858,21.25474786758423,29785,28224,1561,0,0,1137,424,1137,0.1728460549301083,0.0,0.12565084641303192,0.12565084641303192,2.6951098377908917
13,sympy__sympy-20916,1791011232.770229,4.579142808914185,18782,17248,1534,0,0,1284,250,1284,0.15260767486272625,0.0,0.12757258109869793,0.12757258109869793,1.5501599938530375
13,sympy__sympy-20916,1791011239.703259,3.6218454837799072,18982,17248,1734,0,0,1534,200,1534,0.17268179316404708,0.0,0.15260767486272625,0.15260767486272625,1.5501599938530375
6,pylint-dev__pylint-6528,1791011245.8454225,30.406508207321167,30039,28224,1815,0,0,1561,254,1561,0.20120675855956077,0.0,0.1728460549301083,0.1728460549301083,2.6951098377908917
13,sympy__sympy-20916,1791011248.2185447,7.152324438095093,19357,18816,541,0,0,166,375,166,0.05441368948014769,0.0,0.016664405615977557,0.016664405615977557,1.706177381401107
13,sympy__sympy-20916,1791011255.542196,8.990248918533325,19631,18816,815,0,0,541,274,541,0.0820868072691791,0.0,0.05441368948014769,0.05441368948014769,1.706177381401107
13,sympy__sympy-20916,1791011265.1154635,14.245826005935669,19924,18816,1108,0,0,815,293,815,0.11176385519218959,0.0,0.0820868072691791,0.0820868072691791,1.706177381401107
2,django__django-12262,1791011269.6255107,23.291325092315674,17870,17248,622,0,0,37,585,37,0.061588523479740295,0.0,0.0036525525835069345,0.0036525525835069345,1.5501599938530375
6,pylint-dev__pylint-6528,1791011277.2645013,23.079667806625366,30395,29792,603,0,0,247,356,247,0.067440738927422,0.0,0.027579993977702014,0.027579993977702014,2.868736602372751
14,pytest-dev__pytest-10051,1791011291.2081685,4.75234842300415,18802,17248,1554,0,0,1187,367,1187,0.1546132449612544,0.0,0.11787618439715956,0.11787618439715956,1.5501599938530375
10,sympy__sympy-15875,1791011292.0314634,8.403945207595825,11815,10976,839,0,0,525,314,525,0.07778412863809576,0.0,0.04858868851586996,0.04858868851586996,0.9512466965661727
2,django__django-12262,1791011293.2892106,42.74826383590698,18000,17248,752,0,0,622,130,622,0.07451073616573245,0.0,0.061588523479740295,0.061588523479740295,1.5501599938530375
14,pytest-dev__pytest-10051,1791011296.2232375,13.366438865661621,19205,17248,1957,0,0,1554,403,1554,0.1951126930423717,0.0,0.1546132449612544,0.1546132449612544,1.5501599938530375
10,sympy__sympy-15875,1791011300.5864644,2.4681994915008545,12065,10976,1089,0,0,839,250,839,0.10110104029329348,0.0,0.07778412863809576,0.07778412863809576,0.9512466965661727
6,pylint-dev__pylint-6528,1791011300.871592,5.596983432769775,30731,29792,939,0,0,603,336,603,0.10518106748852982,0.0,0.067440738927422,0.067440738927422,2.868736602372751
10,sympy__sympy-15875,1791011303.1777682,17.275769233703613,12425,10976,1449,0,0,1089,360,1089,0.13478973870461775,0.0,0.10110104029329348,0.10110104029329348,0.9512466965661727
6,pylint-dev__pylint-6528,1791011307.0223453,20.408869981765747,30857,29792,1065,0,0,939,126,939,0.11936347149898077,0.0,0.10518106748852982,0.10518106748852982,2.868736602372751
14,pytest-dev__pytest-10051,1791011309.7658887,6.52104640007019,19739,18816,923,0,0,389,534,389,0.09301556578056956,0.0,0.03909530549430219,0.03909530549430219,1.706177381401107
14,pytest-dev__pytest-10051,1791011316.4531753,6.439374208450317,19920,18816,1104,0,0,923,181,923,0.11135811637978965,0.0,0.09301556578056956,0.09301556578056956,1.706177381401107
10,sympy__sympy-15875,1791011321.0398731,18.299062252044678,12636,10976,1660,0,0,1449,211,1449,0.15459669629163636,0.0,0.13478973870461775,0.13478973870461775,0.9512466965661727
14,pytest-dev__pytest-10051,1791011323.155303,4.192981719970703,20256,18816,1440,0,0,1104,336,1104,0.14549724574468478,0.0,0.11135811637978965,0.11135811637978965,1.706177381401107
14,pytest-dev__pytest-10051,1791011327.629449,14.449173212051392,20445,18816,1629,0,0,1440,189,1440,0.16475126873977153,0.0,0.14549724574468478,0.14549724574468478,1.706177381401107
6,pylint-dev__pylint-6528,1791011329.027054,12.94599986076355,31259,29792,1467,0,0,1065,402,1065,0.16472068231340609,0.0,0.11936347149898077,0.11936347149898077,2.868736602372751
2,django__django-12262,1791011336.469371,4.963747978210449,19612,17248,2364,0,0,752,1612,752,0.23618277732867815,0.0,0.07451073616573245,0.07451073616573245,1.5501599938530375
10,sympy__sympy-15875,1791011339.8322256,13.934293508529663,13305,12544,761,0,0,92,669,92,0.0717432533036744,0.0,0.008641809905732123,0.008641809905732123,1.097201582952077
2,django__django-12262,1791011341.610782,3.0528810024261475,19757,18816,941,0,0,796,145,796,0.09483818582337844,0.0,0.08016538978060862,0.08016538978060862,1.706177381401107
2,django__django-12262,1791011345.142163,2.405074119567871,20470,18816,1654,0,0,941,713,941,0.16730083419607536,0.0,0.09483818582337844,0.09483818582337844,1.706177381401107
2,django__django-12262,1791011348.441758,2.8390462398529053,20613,20384,229,0,0,86,143,86,0.023363626256425928,0.0,0.00876782135746453,0.00876782135746453,1.8647103942397178
10,sympy__sympy-15875,1791011354.263425,12.21545934677124,14098,12544,1554,0,0,761,793,761,0.1471337519099128,0.0,0.0717432533036744,0.0717432533036744,1.097201582952077
5,django__django-14787,1791011354.3081114,73.62877678871155,23341,21952,1389,0,0,633,756,633,0.14476486987340967,0.0,0.0657279378906533,0.0657279378906533,2.02575903236887
2,django__django-12262,1791011355.8728893,9.993764400482178,21019,20384,635,0,0,229,406,229,0.06491749475384621,0.0,0.023363626256425928,0.023363626256425928,1.8647103942397178
12,sympy__sympy-15875,1791011356.004206,96.74428176879883,7092,6272,820,0,0,454,366,454,0.07206795005447673,0.0,0.03981602757013688,0.03981602757013688,0.5284757891517079
6,pylint-dev__pylint-6528,1791011358.921382,4.017585277557373,31648,29792,1856,0,0,1467,389,1467,0.2087685340350655,0.0,0.16472068231340609,0.16472068231340609,2.868736602372751
6,pylint-dev__pylint-6528,1791011364.2271626,3.8288140296936035,32035,31360,675,0,0,288,387,288,0.0766011660307571,0.0,0.03262614416266544,0.03262614416266544,3.0448789922451507
10,sympy__sympy-15875,1791011366.9893155,12.816911458969116,14508,12544,1964,0,0,1554,410,1554,0.18636477859656647,0.0,0.1471337519099128,0.1471337519099128,1.097201582952077
2,django__django-12262,1791011367.1595392,7.721492052078247,21779,20384,1395,0,0,635,760,635,0.14315641386541247,0.0,0.06491749475384621,0.06491749475384621,1.8647103942397178
6,pylint-dev__pylint-6528,1791011369.365568,3.910263776779175,32550,31360,1190,0,0,675,515,675,0.13535854785796445,0.0,0.0766011660307571,0.0766011660307571,3.0448789922451507
6,pylint-dev__pylint-6528,1791011373.420133,19.18039107322693,33382,31360,2022,0,0,1190,832,1190,0.23085643813639328,0.0,0.13535854785796445,0.13535854785796445,3.0448789922451507
2,django__django-12262,1791011375.7968886,27.10446524620056,22603,20384,2219,0,0,1395,824,1395,0.22865161174406212,0.0,0.14315641386541247,0.14315641386541247,1.8647103942397178
10,sympy__sympy-15875,1791011379.9882092,3.261587619781494,14655,14112,543,0,0,396,147,396,0.0520019139193054,0.0,0.03789426692012091,0.03789426692012091,1.2456720946285222
10,sympy__sympy-15875,1791011385.995806,5.77906346321106,14933,14112,821,0,0,543,278,543,0.07874212632173816,0.0,0.0520019139193054,0.0520019139193054,1.2456720946285222
10,sympy__sympy-15875,1791011393.2827048,4.320419788360596,15315,14112,1203,0,0,821,382,821,0.11561485402481228,0.0,0.07874212632173816,0.07874212632173816,1.2456720946285222
6,pylint-dev__pylint-6528,1791011393.529721,18.20660972595215,33631,32928,703,0,0,454,249,454,0.08091662612335597,0.0,0.05219842297345188,0.05219842297345188,3.2235370074080922
4,sympy__sympy-13757,1791011397.746063,52.209290504455566,17036,15680,1356,0,0,900,456,900,0.1326006290548263,0.0,0.08779930966893965,0.08779930966893965,1.3966582315955094
10,sympy__sympy-15875,1791011397.785807,4.342726945877075,15636,14112,1524,0,0,1203,321,1203,0.14671497576203335,0.0,0.11561485402481228,0.11561485402481228,1.2456720946285222
10,sympy__sympy-15875,1791011402.2948718,4.606231451034546,15842,14112,1730,0,0,1524,206,1524,0.16672884880082958,0.0,0.14671497576203335,0.14671497576203335,1.2456720946285222
7,django__django-13112,1791011405.407628,187.74102997779846,31978,31360,618,0,0,139,479,139,0.07011460177774874,0.0,0.01573605038316174,0.01573605038316174,3.0448789922451507
10,sympy__sympy-15875,1791011407.0327978,10.151179552078247,16507,15680,827,0,0,162,665,162,0.08064692477949768,0.0,0.01574271183384271,0.01574271183384271,1.3966582315955094
2,django__django-12262,1791011407.6765783,7.61321234703064,23093,21952,1141,0,0,651,490,651,0.11877295828379947,0.0,0.06760297361490995,0.06760297361490995,2.02575903236887
2,django__django-12262,1791011415.4443336,7.632291793823242,23797,21952,1845,0,0,1141,704,1141,0.1927206825940818,0.0,0.11877295828379947,0.11877295828379947,2.02575903236887
10,sympy__sympy-15875,1791011417.7530937,3.5015978813171387,16834,15680,1154,0,0,827,327,827,0.11272818178684504,0.0,0.08064692477949768,0.08064692477949768,1.3966582315955094
2,django__django-12262,1791011423.2619004,21.909408569335938,23959,23520,439,0,0,277,162,277,0.04624457119684807,0.0,0.02915641917438829,0.02915641917438829,2.1893232957885633
11,sympy__sympy-18211,1791011425.1618562,6.040865182876587,20306,18816,1490,0,0,1025,465,1025,0.15058734705651206,0.0,0.1033481293443706,0.1033481293443706,1.706177381401107
5,django__django-14787,1791011428.5059767,4.504061698913574,24196,21952,2244,0,0,1389,855,1389,0.23485654581578705,0.0,0.14476486987340967,0.14476486987340967,2.02575903236887
8,django__django-11749,1791011429.3025668,366.5485908985138,20699,18816,1883,0,0,1544,339,1544,0.19068461104261672,0.0,0.15608752957458766,0.15608752957458766,1.706177381401107
10,sympy__sympy-15875,1791011429.645536,31.4164981842041,17140,15680,1460,0,0,1154,306,1154,0.14284826895166072,0.0,0.11272818178684504,0.11272818178684504,1.3966582315955094
6,pylint-dev__pylint-6528,1791011429.9720922,11.03035044670105,33974,32928,1046,0,0,703,343,703,0.12058012114565715,0.0,0.08091662612335597,0.08091662612335597,3.2235370074080922
11,sympy__sympy-18211,1791011431.3700364,14.461693048477173,20610,18816,1794,0,0,1490,304,1490,0.18159021852916862,0.0,0.15058734705651206,0.15058734705651206,1.706177381401107
5,django__django-14787,1791011433.1858044,8.902794361114502,24562,23520,1042,0,0,676,366,676,0.11008646527495775,0.0,0.07129228239609355,0.07129228239609355,2.1893232957885633
5,django__django-14787,1791011442.2826538,23.27169108390808,24863,23520,1343,0,0,1042,301,1042,0.14209368168018244,0.0,0.11008646527495775,0.11008646527495775,2.1893232957885633
6,pylint-dev__pylint-6528,1791011443.010718,10.556071996688843,34457,32928,1529,0,0,1046,483,1046,0.17663690157561385,0.0,0.12058012114565715,0.12058012114565715,3.2235370074080922
11,sympy__sympy-18211,1791011446.0165927,5.88167405128479,21061,20384,677,0,0,226,451,226,0.06922579692248668,0.0,0.023057205690557792,0.023057205690557792,1.8647103942397178
4,sympy__sympy-13757,1791011450.0993752,4.784897089004517,18376,15680,2696,0,0,1356,1340,1356,0.2654848470454909,0.0,0.1326006290548263,0.1326006290548263,1.3966582315955094
11,sympy__sympy-18211,1791011452.0427308,3.774749755859375,21272,20384,888,0,0,677,211,677,0.09089719671047755,0.0,0.06922579692248668,0.06922579692248668,1.8647103942397178
12,sympy__sympy-15875,1791011452.8761866,121.11943817138672,7520,6272,1248,0,0,820,428,820,0.10995716833033488,0.0,0.07206795005447673,0.07206795005447673,0.5284757891517079
6,pylint-dev__pylint-6528,1791011453.75112,8.149803876876831,35407,32928,2479,0,0,1529,950,1529,0.28758996496848943,0.0,0.17663690157561385,0.17663690157561385,3.2235370074080922
4,sympy__sympy-13757,1791011455.1316192,3.3111824989318848,19584,17248,2336,0,0,1128,1208,1128,0.2333518879691624,0.0,0.1119830847879627,0.1119830847879627,1.5501599938530375
11,sympy__sympy-18211,1791011456.4821784,11.338500022888184,21413,20384,1029,0,0,888,141,888,0.10540442392747336,0.0,0.09089719671047755,0.09089719671047755,1.8647103942397178
4,sympy__sympy-13757,1791011458.5832105,2.4841597080230713,19963,18816,1147,0,0,768,379,768,0.11572066655306115,0.0,0.07733450042109286,0.07733450042109286,1.706177381401107
4,sympy__sympy-13757,1791011461.2004292,48.547924518585205,20953,18816,2137,0,0,1147,990,1147,0.21668396509888352,0.0,0.11572066655306115,0.11572066655306115,1.706177381401107
6,pylint-dev__pylint-6528,1791011462.131816,12.233623504638672,35762,34496,1266,0,0,911,355,911,0.14811474025023003,0.0,0.10641632451500667,0.10641632451500667,3.4047106478615747
10,sympy__sympy-15875,1791011464.5034463,6.554047107696533,17720,15680,2040,0,0,1460,580,1460,0.20020152719906695,0.0,0.14284826895166072,0.14284826895166072,1.3966582315955094
11,sympy__sympy-18211,1791011468.481017,3.0780065059661865,21727,20384,1343,0,0,1029,314,1029,0.1377843898878393,0.0,0.10540442392747336,0.10540442392747336,1.8647103942397178
11,sympy__sympy-18211,1791011471.7188346,2.4059829711914062,21857,20384,1473,0,0,1343,130,1343,0.15121963737578992,0.0,0.1377843898878393,0.1377843898878393,1.8647103942397178
10,sympy__sympy-15875,1791011474.5306098,11.214711904525757,18123,17248,875,0,0,472,403,472,0.08675305763434156,0.0,0.04669976494153877,0.04669976494153877,1.5501599938530375
6,pylint-dev__pylint-6528,1791011474.5406263,22.206199645996094,36638,34496,2142,0,0,1266,876,1266,0.251561664262865,0.0,0.14811474025023003,0.14811474025023003,3.4047106478615747
11,sympy__sympy-18211,1791011480.4965734,4.66570258140564,22218,20384,1834,0,0,1473,361,1473,0.1886189663827327,0.0,0.15121963737578992,0.15121963737578992,1.8647103942397178
11,sympy__sympy-18211,1791011485.7987227,48.448529958724976,22383,21952,431,0,0,266,165,266,0.044708605471905936,0.0,0.027570328253580554,0.027570328253580554,2.02575903236887
10,sympy__sympy-15875,1791011486.27817,11.948185920715332,18568,17248,1320,0,0,875,445,875,0.1311736932950856,0.0,0.08675305763434156,0.08675305763434156,1.5501599938530375
10,sympy__sympy-15875,1791011498.7214851,7.67803692817688,18893,17248,1645,0,0,1320,325,1320,0.16374375650148287,0.0,0.1311736932950856,0.1311736932950856,1.5501599938530375
10,sympy__sympy-15875,1791011507.2702296,9.236878156661987,19279,18816,463,0,0,77,386,77,0.04654998689352902,0.0,0.007726368953413344,0.007726368953413344,1.706177381401107
4,sympy__sympy-13757,1791011510.152628,402.45241498947144,21167,20384,783,0,0,569,214,569,0.08010715682420694,0.0,0.058150952260272684,0.058150952260272684,1.8647103942397178
10,sympy__sympy-15875,1791011517.0426412,5.998772144317627,19686,18816,870,0,0,463,407,463,0.08765088744230606,0.0,0.04654998689352902,0.04654998689352902,1.706177381401107
10,sympy__sympy-15875,1791011523.1960876,18.172263622283936,20103,18816,1287,0,0,870,417,870,0.1299374252699062,0.0,0.08765088744230606,0.08765088744230606,1.706177381401107
11,sympy__sympy-18211,1791011534.3757498,14.706982612609863,22857,21952,905,0,0,431,474,431,0.09409715593304618,0.0,0.044708605471905936,0.044708605471905936,2.02575903236887
0,sympy__sympy-18211,1791011535.862338,255.2711763381958,13098,10976,2122,0,0,1306,816,1306,0.19812455223096417,0.0,0.12139196384306353,0.12139196384306353,0.9512466965661727
10,sympy__sympy-15875,1791011541.9073443,15.390564203262329,20473,18816,1657,0,0,1287,370,1287,0.16760682502456925,0.0,0.1299374252699062,0.1299374252699062,1.706177381401107
11,sympy__sympy-18211,1791011549.2256076,10.443576335906982,23449,21952,1497,0,0,905,592,905,0.15610359783983435,0.0,0.09409715593304618,0.09409715593304618,2.02575903236887
3,django__django-13112,1791011552.7446327,248.30721426010132,40506,39200,1306,0,0,923,383,923,0.15910709096681697,0.0,0.11226619579409336,0.11226619579409336,3.963325320965271
11,sympy__sympy-18211,1791011560.4066734,2.768158435821533,23666,21952,1714,0,0,1497,217,1497,0.17892212202830815,0.0,0.15610359783983435,0.15610359783983435,2.02575903236887
10,sympy__sympy-15875,1791011563.8689215,10.396309614181519,21108,20384,724,0,0,89,635,89,0.07404913219624683,0.0,0.009073812185958414,0.009073812185958414,1.8647103942397178
11,sympy__sympy-18211,1791011569.321648,4.742934226989746,23879,23520,359,0,0,146,213,146,0.037802621561253864,0.0,0.015357858608614697,0.015357858608614697,2.1893232957885633
10,sympy__sympy-15875,1791011574.415738,8.324799537658691,21647,20384,1263,0,0,724,539,724,0.1295251400273547,0.0,0.07404913219624683,0.07404913219624683,1.8647103942397178
12,sympy__sympy-15875,1791011574.4680657,11.095499277114868,8019,6272,1747,0,0,1248,499,1248,0.15436839627997873,0.0,0.10995716833033488,0.10995716833033488,0.5284757891517079
11,sympy__sympy-18211,1791011577.1651413,9.802653551101685,24273,23520,753,0,0,359,394,359,0.07944251564630854,0.0,0.037802621561253864,0.037802621561253864,2.1893232957885633
10,sympy__sympy-15875,1791011583.3382537,11.57192611694336,21874,20384,1490,0,0,1263,227,1263,0.15297783282367186,0.0,0.1295251400273547,0.1295251400273547,1.8647103942397178
12,sympy__sympy-15875,1791011586.0268552,8.065452814102173,8416,7840,576,0,0,179,397,179,0.051475546573840736,0.0,0.015960385765698453,0.015960385765698453,0.6668837996659881
11,sympy__sympy-18211,1791011587.8479586,8.372366189956665,24767,23520,1247,0,0,753,494,753,0.13187533190322304,0.0,0.07944251564630854,0.07944251564630854,2.1893232957885633
7,django__django-13112,1791011593.3172314,76.47851204872131,32843,31360,1483,0,0,618,865,618,0.1689086212605324,0.0,0.07011460177774874,0.07011460177774874,3.0448789922451507
12,sympy__sympy-15875,1791011594.5544355,119.17735695838928,8880,7840,1040,0,0,576,464,576,0.09318883298132112,0.0,0.051475546573840736,0.051475546573840736,0.6668837996659881
11,sympy__sympy-18211,1791011612.162523,4.096725702285767,25206,23520,1686,0,0,1247,439,1247,0.1786800279095893,0.0,0.13187533190322304,0.13187533190322304,2.1893232957885633
11,sympy__sympy-18211,1791011630.5974467,2.984165906906128,25531,25088,443,0,0,118,325,118,0.04737756889226996,0.0,0.012600139199354514,0.012600139199354514,2.3554031844987984
11,sympy__sympy-18211,1791011634.7957234,4.051230430603027,25888,25088,800,0,0,443,357,443,0.08570379719441414,0.0,0.04737756889226996,0.04737756889226996,2.3554031844987984
11,sympy__sympy-18211,1791011640.2449317,4.454151630401611,26237,25088,1149,0,0,800,349,800,0.12329722766906245,0.0,0.08570379719441414,0.08570379719441414,2.3554031844987984
11,sympy__sympy-18211,1791011644.864075,11.203950881958008,26612,25088,1524,0,0,1149,375,1149,0.16383021211375198,0.0,0.12329722766906245,0.12329722766906245,2.3554031844987984
11,sympy__sympy-18211,1791011656.870973,7.36710262298584,27006,25088,1918,0,0,1524,394,1524,0.20657187301801347,0.0,0.16383021211375198,0.16383021211375198,2.3554031844987984
11,sympy__sympy-18211,1791011665.860821,7.323638439178467,27279,26656,623,0,0,350,273,350,0.06768493012553367,0.0,0.03797635901723734,0.03797635901723734,2.5239986984995744
7,django__django-13112,1791011669.9463296,3.919809103012085,33696,31360,2336,0,0,1483,853,1483,0.26708180257907355,0.0,0.1689086212605324,0.1689086212605324,3.0448789922451507
11,sympy__sympy-18211,1791011673.3476365,2.213099718093872,27532,26656,876,0,0,623,253,623,0.09528513079309174,0.0,0.06768493012553367,0.06768493012553367,2.5239986984995744
7,django__django-13112,1791011674.1096816,2.557645559310913,34336,32928,1408,0,0,768,640,768,0.16257128281372313,0.0,0.08842378741613215,0.08842378741613215,3.2235370074080922
11,sympy__sympy-18211,1791011675.7035265,235.92972469329834,27919,26656,1263,0,0,876,387,876,0.1376303306956039,0.0,0.09528513079309174,0.09528513079309174,2.5239986984995744
7,django__django-13112,1791011676.816626,1.97224760055542,34607,32928,1679,0,0,1408,271,1408,0.1940944152683931,0.0,0.16257128281372313,0.16257128281372313,3.2235370074080922
7,django__django-13112,1791011678.9080703,174.60168480873108,34808,34496,312,0,0,111,201,111,0.036349936498342554,0.0,0.012920774814910375,0.012920774814910375,3.4047106478615747
12,sympy__sympy-15875,1791011713.8882883,19.488098859786987,9391,7840,1551,0,0,1040,511,1040,0.13938227560414385,0.0,0.09318883298132112,0.09318883298132112,0.6668837996659881
12,sympy__sympy-15875,1791011733.5419378,4.687425374984741,10130,7840,2290,0,0,1551,739,1551,0.20665907427427968,0.0,0.13938227560414385,0.13938227560414385,0.6668837996659881
12,sympy__sympy-15875,1791011738.883148,12.616531372070312,10705,9408,1297,0,0,722,575,722,0.11846860143696104,0.0,0.06573543846945808,0.06573543846945808,0.8078074354708097
12,sympy__sympy-15875,1791011751.9593766,7.821743011474609,11403,9408,1995,0,0,1297,698,1297,0.18293665300474327,0.0,0.11846860143696104,0.11846860143696104,0.8078074354708097
12,sympy__sympy-15875,1791011760.2583346,6.24031138420105,11605,10976,629,0,0,427,202,427,0.058247342645768405,0.0,0.03949739190938037,0.03949739190938037,0.9512466965661727
12,sympy__sympy-15875,1791011766.6385665,2.8920767307281494,11764,10976,788,0,0,629,159,629,0.07303533211094984,0.0,0.058247342645768405,0.058247342645768405,0.9512466965661727
12,sympy__sympy-15875,1791011772.1580594,5.072533845901489,12036,10976,1060,0,0,788,272,788,0.09839299974744342,0.0,0.07303533211094984,0.07303533211094984,0.9512466965661727
12,sympy__sympy-15875,1791011782.4787877,5.153106212615967,12438,10976,1462,0,0,1060,402,1060,0.13600875574628984,0.0,0.09839299974744342,0.09839299974744342,0.9512466965661727
0,sympy__sympy-18211,1791011791.9361343,332.6465690135956,13624,12544,1080,0,0,554,526,554,0.10199322292338989,0.0,0.052169665845059936,0.052169665845059936,1.097201582952077
8,django__django-11749,1791011796.021694,375.9633421897888,21055,20384,671,0,0,315,356,315,0.06861021468021324,0.0,0.03215159820400587,0.03215159820400587,1.8647103942397178
12,sympy__sympy-15875,1791011796.3449314,8.355478525161743,12837,10976,1861,0,0,1462,399,1462,0.17350730147559762,0.0,0.13600875574628984,0.13600875574628984,0.9512466965661727
3,django__django-13112,1791011801.457324,12.642175912857056,40851,39200,1651,0,0,1306,345,1306,0.2014290780933877,0.0,0.15910709096681697,0.15910709096681697,3.963325320965271
12,sympy__sympy-15875,1791011805.6168811,11.235066890716553,13225,12544,681,0,0,293,388,293,0.0641733840462243,0.0,0.027552415089693395,0.027552415089693395,1.097201582952077
3,django__django-13112,1791011814.264196,126.96585416793823,41206,40768,438,0,0,83,355,83,0.053868778508730925,0.0,0.010192936477739691,0.010192936477739691,4.154561462580919
12,sympy__sympy-15875,1791011822.4346845,35.444644927978516,13682,12544,1138,0,0,681,457,681,0.10750440387282718,0.0,0.0641733840462243,0.0641733840462243,1.097201582952077
7,django__django-13112,1791011853.6588278,37.401267528533936,35189,34496,693,0,0,312,381,312,0.08087387846090269,0.0,0.036349936498342554,0.036349936498342554,3.4047106478615747
12,sympy__sympy-15875,1791011858.3843815,28.911450624465942,14320,12544,1776,0,0,1138,638,1138,0.16835456577087674,0.0,0.10750440387282718,0.10750440387282718,1.097201582952077
12,sympy__sympy-15875,1791011887.8660579,28.08763837814331,14661,14112,549,0,0,208,341,208,0.05257820588736172,0.0,0.019884054094431194,0.019884054094431194,1.2456720946285222
7,django__django-13112,1791011891.2154243,143.52867007255554,35780,34496,1284,0,0,693,591,693,0.1502324609479362,0.0,0.08087387846090269,0.08087387846090269,3.4047106478615747
11,sympy__sympy-18211,1791011911.7845967,43.154966831207275,28294,26656,1638,0,0,1263,375,1263,0.17880868858983634,0.0,0.1376303306956039,0.1376303306956039,2.5239986984995744
4,sympy__sympy-13757,1791011912.618363,146.7518389225006,21223,20384,839,0,0,783,56,783,0.08586044095479539,0.0,0.08010715682420694,0.08010715682420694,1.8647103942397178
12,sympy__sympy-15875,1791011916.5601087,5.108621120452881,15278,14112,1166,0,0,549,617,549,0.11203688133942218,0.0,0.05257820588736172,0.05257820588736172,1.2456720946285222
12,sympy__sympy-15875,1791011929.5056453,5.540995121002197,15613,14112,1501,0,0,1166,335,1166,0.14448311167743438,0.0,0.11203688133942218,0.11203688133942218,1.2456720946285222
3,django__django-13112,1791011941.709122,4.138055324554443,41315,40768,547,0,0,438,109,438,0.06730498175302596,0.0,0.053868778508730925,0.053868778508730925,4.154561462580919
3,django__django-13112,1791011946.3489375,2.778552770614624,41477,40768,709,0,0,547,162,547,0.08729684465686974,0.0,0.06730498175302596,0.06730498175302596,4.154561462580919
3,django__django-13112,1791011949.2649567,4.756084203720093,41795,40768,1027,0,0,709,318,709,0.12661822051775481,0.0,0.08729684465686974,0.08729684465686974,4.154561462580919
11,sympy__sympy-18211,1791011955.1145978,35.391154766082764,28633,28224,409,0,0,70,339,70,0.04504661365929508,0.0,0.007697549298518902,0.007697549298518902,2.6951098377908917
11,sympy__sympy-18211,1791011991.24731,4.169975519180298,29008,28224,784,0,0,409,375,409,0.08649892912961173,0.0,0.04504661365929508,0.04504661365929508,2.6951098377908917
11,sympy__sympy-18211,1791012015.6833308,5.662194490432739,29383,28224,1159,0,0,784,375,784,0.1280951298814852,0.0,0.08649892912961173,0.08649892912961173,2.6951098377908917
7,django__django-13112,1791012035.106392,244.2936372756958,36294,34496,1798,0,0,1284,514,1284,0.2108450458223321,0.0,0.1502324609479362,0.1502324609479362,3.4047106478615747
12,sympy__sympy-15875,1791012037.0676372,4.2992844581604,15932,14112,1820,0,0,1501,319,1501,0.17548640272873584,0.0,0.14448311167743438,0.14448311167743438,1.2456720946285222
11,sympy__sympy-18211,1791012053.1574624,3.060391902923584,29738,28224,1514,0,0,1159,355,1159,0.16760544568913588,0.0,0.1280951298814852,0.1280951298814852,2.6951098377908917
4,sympy__sympy-13757,1791012059.849377,2.3485658168792725,21824,20384,1440,0,0,839,601,839,0.14780751386865132,0.0,0.08586044095479539,0.08586044095479539,1.8647103942397178
4,sympy__sympy-13757,1791012062.3933144,254.48816537857056,22117,20384,1733,0,0,1440,293,1440,0.17814200779186845,0.0,0.14780751386865132,0.14780751386865132,1.8647103942397178
11,sympy__sympy-18211,1791012081.0079403,4.396661758422852,30150,28224,1926,0,0,1514,412,1514,0.2136213365126844,0.0,0.16760544568913588,0.16760544568913588,2.6951098377908917
11,sympy__sympy-18211,1791012086.4204834,3.4555249214172363,30533,29792,741,0,0,358,383,358,0.08292725227214605,0.0,0.03999457193082562,0.03999457193082562,2.868736602372751
11,sympy__sympy-18211,1791012090.4932098,3.0084333419799805,30857,29792,1065,0,0,741,324,741,0.11936347149898077,0.0,0.08292725227214605,0.08292725227214605,2.868736602372751
11,sympy__sympy-18211,1791012093.6471162,59.41685342788696,31395,29792,1603,0,0,1065,538,1065,0.18010284252179268,0.0,0.11936347149898077,0.11936347149898077,2.868736602372751
0,sympy__sympy-18211,1791012124.8561323,354.147234916687,15235,12544,2691,0,0,1080,1611,1080,0.2563509684205236,0.0,0.10199322292338989,0.10199322292338989,1.097201582952077
12,sympy__sympy-15875,1791012145.9204502,6.274929046630859,16281,15680,601,0,0,252,349,252,0.05853849531017688,0.0,0.024500265761748952,0.024500265761748952,1.3966582315955094
11,sympy__sympy-18211,1791012153.7833784,9.526026964187622,31762,31360,402,0,0,35,367,35,0.04556410480370517,0.0,0.0039604526493925984,0.0039604526493925984,3.0448789922451507
12,sympy__sympy-15875,1791012159.9232652,13.736398696899414,16647,15680,967,0,0,601,366,601,0.09436862604120705,0.0,0.05853849531017688,0.05853849531017688,1.3966582315955094
11,sympy__sympy-18211,1791012165.5483062,13.862155675888062,32147,31360,787,0,0,402,385,402,0.08935637920655401,0.0,0.04556410480370517,0.04556410480370517,3.0448789922451507
8,django__django-11749,1791012172.4279253,114.57453203201294,21476,20384,1092,0,0,671,421,671,0.11189295149561666,0.0,0.06861021468021324,0.06861021468021324,1.8647103942397178
12,sympy__sympy-15875,1791012174.6893294,2.299828052520752,17181,15680,1501,0,0,967,534,967,0.1468912453260967,0.0,0.09436862604120705,0.09436862604120705,1.3966582315955094
12,sympy__sympy-15875,1791012177.1230671,8.433330059051514,17639,15680,1959,0,0,1501,458,1501,0.19217116998844955,0.0,0.1468912453260967,0.1468912453260967,1.3966582315955094
11,sympy__sympy-18211,1791012179.570671,5.2525787353515625,32312,31360,952,0,0,787,165,787,0.10817092379195727,0.0,0.08935637920655401,0.08935637920655401,3.0448789922451507
11,sympy__sympy-18211,1791012184.9943209,3.7765867710113525,32530,31360,1170,0,0,952,218,952,0.13307164302509414,0.0,0.10817092379195727,0.10817092379195727,3.0448789922451507
12,sympy__sympy-15875,1791012185.7349079,4.883350610733032,18245,17248,997,0,0,391,606,391,0.09891113952233391,0.0,0.03866940773092135,0.03866940773092135,1.5501599938530375
11,sympy__sympy-18211,1791012189.566886,4.292025089263916,33159,31360,1799,0,0,1170,629,1170,0.20519077100495758,0.0,0.13307164302509414,0.13307164302509414,3.0448789922451507
12,sympy__sympy-15875,1791012191.4741237,3.686246156692505,18552,17248,1304,0,0,997,307,997,0.12957303527610406,0.0,0.09891113952233391,0.09891113952233391,1.5501599938530375
12,sympy__sympy-15875,1791012195.7172768,18.304308652877808,18727,17248,1479,0,0,1304,175,1304,0.14709446740923665,0.0,0.12957303527610406,0.12957303527610406,1.5501599938530375
11,sympy__sympy-18211,1791012215.7361896,9.149032831192017,33434,32928,506,0,0,231,275,231,0.05819055798206738,0.0,0.02653275584201617,0.02653275584201617,3.2235370074080922
11,sympy__sympy-18211,1791012225.8074887,9.185922145843506,34012,32928,1084,0,0,506,578,506,0.124981734421877,0.0,0.05819055798206738,0.05819055798206738,3.2235370074080922
11,sympy__sympy-18211,1791012235.1716874,5.208393573760986,34681,32928,1753,0,0,1084,669,1084,0.20271526884101607,0.0,0.124981734421877,0.124981734421877,3.2235370074080922
11,sympy__sympy-18211,1791012240.5479543,8.378965377807617,34810,34496,314,0,0,185,129,185,0.036583270191639934,0.0,0.02154162838753334,0.02154162838753334,3.4047106478615747
7,django__django-13112,1791012279.685481,73.85375595092773,36801,36064,737,0,0,230,507,230,0.0872077258566752,0.0,0.027155780078308052,0.027155780078308052,3.588399913605599
8,django__django-11749,1791012287.1671894,347.4914286136627,21773,20384,1389,0,0,1092,297,1092,0.1425364237455003,0.0,0.11189295149561666,0.11189295149561666,1.8647103942397178
4,sympy__sympy-13757,1791012317.0409145,1.9896366596221924,22388,21952,436,0,0,165,271,165,0.04522838205908996,0.0,0.017093369662716285,0.017093369662716285,2.02575903236887
4,sympy__sympy-13757,1791012319.1925201,155.83439373970032,22646,21952,694,0,0,436,258,436,0.07208356752896672,0.0,0.04522838205908996,0.04522838205908996,2.02575903236887
7,django__django-13112,1791012353.6980066,188.3933663368225,37382,36064,1318,0,0,737,581,737,0.15634804161303273,0.0,0.0872077258566752,0.0872077258566752,3.588399913605599
4,sympy__sympy-13757,1791012475.438789,9.82576060295105,23264,21952,1312,0,0,694,618,694,0.1366880644158748,0.0,0.07208356752896672,0.07208356752896672,2.02575903236887
0,sympy__sympy-18211,1791012479.0178437,260.7364399433136,15291,14112,1179,0,0,1123,56,1123,0.11329384726079321,0.0,0.10788045674407801,0.10788045674407801,1.2456720946285222
4,sympy__sympy-13757,1791012485.42322,17.07270097732544,23673,21952,1721,0,0,1312,409,1312,0.17965900563017476,0.0,0.1366880644158748,0.1366880644158748,2.02575903236887
4,sympy__sympy-13757,1791012502.647887,2.997498035430908,24575,23520,1055,0,0,153,902,153,0.11146692134674056,0.0,0.016094742210481267,0.016094742210481267,2.1893232957885633
4,sympy__sympy-13757,1791012506.074912,57.69041085243225,24832,23520,1312,0,0,1055,257,1055,0.13879297537326651,0.0,0.11146692134674056,0.11146692134674056,2.1893232957885633
7,django__django-13112,1791012542.2699556,63.02774906158447,37774,36064,1710,0,0,1318,392,1318,0.20319205876932953,0.0,0.15634804161303273,0.15634804161303273,3.588399913605599
4,sympy__sympy-13757,1791012563.9277558,14.517388343811035,25627,23520,2107,0,0,1312,795,1312,0.22375085180321885,0.0,0.13879297537326651,0.13879297537326651,2.1893232957885633
4,sympy__sympy-13757,1791012578.8820891,8.273335695266724,26169,25088,1081,0,0,539,542,539,0.11596265769054671,0.0,0.05767096309298406,0.05767096309298406,2.3554031844987984
4,sympy__sympy-13757,1791012587.3297155,2.3252317905426025,26308,25088,1220,0,0,1081,139,1081,0.1309604305197739,0.0,0.11596265769054671,0.11596265769054671,2.3554031844987984
4,sympy__sympy-13757,1791012591.8887546,3.7326736450195312,26796,25088,1708,0,0,1220,488,1220,0.1837710167995723,0.0,0.1309604305197739,0.1309604305197739,2.3554031844987984
4,sympy__sympy-13757,1791012598.1403222,7.044116020202637,27259,26656,603,0,0,140,463,140,0.06550588937360005,0.0,0.015175502798796195,0.015175502798796195,2.5239986984995744
4,sympy__sympy-13757,1791012605.337374,2.249779462814331,27468,26656,812,0,0,603,209,603,0.08829707363133055,0.0,0.06550588937360005,0.06550588937360005,2.5239986984995744
7,django__django-13112,1791012605.7001119,2.2863426208496094,38572,37632,940,0,0,142,798,142,0.11283402076167201,0.0,0.016987167734764164,0.016987167734764164,3.7746048046401643
4,sympy__sympy-13757,1791012607.7219799,8.077991008758545,28043,26656,1387,0,0,812,575,812,0.15123071824639658,0.0,0.08829707363133055,0.08829707363133055,2.5239986984995744
7,django__django-13112,1791012608.1356852,8.76192831993103,38750,37632,1118,0,0,940,178,940,0.13430227186770655,0.0,0.11283402076167201,0.11283402076167201,3.7746048046401643
4,sympy__sympy-13757,1791012616.2320125,10.226178169250488,28373,26656,1717,0,0,1387,330,1387,0.18750194474891754,0.0,0.15123071824639658,0.15123071824639658,2.5239986984995744
7,django__django-13112,1791012617.0885923,167.14859104156494,39142,37632,1510,0,0,1118,392,1118,0.18169497770344542,0.0,0.13430227186770655,0.13430227186770655,3.7746048046401643
4,sympy__sympy-13757,1791012628.6308305,2.927537679672241,28746,28224,522,0,0,149,373,149,0.05752243185827664,0.0,0.016390805457600105,0.016390805457600105,2.6951098377908917
4,sympy__sympy-13757,1791012633.8039165,3.98376727104187,29104,28224,880,0,0,522,358,522,0.0971338540389581,0.0,0.05752243185827664,0.05752243185827664,2.6951098377908917
8,django__django-11749,1791012634.676786,195.3081135749817,21829,20384,1445,0,0,1389,56,1389,0.14832443065592812,0.0,0.1425364237455003,0.1425364237455003,1.8647103942397178
4,sympy__sympy-13757,1791012639.273495,2.528850793838501,29256,28224,1032,0,0,880,152,880,0.1139917701216848,0.0,0.0971338540389581,0.0971338540389581,2.6951098377908917
4,sympy__sympy-13757,1791012643.2994509,8.567771911621094,29423,28224,1199,0,0,1032,167,1032,0.13254055039074758,0.0,0.1139917701216848,0.1139917701216848,2.6951098377908917
4,sympy__sympy-13757,1791012656.6054964,4.542648553848267,29821,28224,1597,0,0,1199,398,1199,0.1768616672412759,0.0,0.13254055039074758,0.13254055039074758,2.6951098377908917
4,sympy__sympy-13757,1791012666.8551004,5.694470167160034,30248,29792,456,0,0,29,427,29,0.0509656687334958,0.0,0.0032349026594170973,0.0032349026594170973,2.868736602372751
4,sympy__sympy-13757,1791012674.9181323,4.9541144371032715,30713,29792,921,0,0,456,465,456,0.10315633581950595,0.0,0.0509656687334958,0.0509656687334958,2.868736602372751
4,sympy__sympy-13757,1791012686.919898,3.746246814727783,31140,29792,1348,0,0,921,427,921,0.15127681639371257,0.0,0.10315633581950595,0.10315633581950595,2.868736602372751
4,sympy__sympy-13757,1791012692.7166138,5.33601713180542,31472,29792,1680,0,0,1348,332,1348,0.18882025032083202,0.0,0.15127681639371257,0.15127681639371257,2.868736602372751
4,sympy__sympy-13757,1791012708.2750456,3.028820037841797,32012,31360,652,0,0,112,540,112,0.07398338038995006,0.0,0.012677860448431943,0.012677860448431943,3.0448789922451507
4,sympy__sympy-13757,1791012714.2823925,12.526645421981812,32340,31360,980,0,0,652,328,652,0.11136645963810307,0.0,0.07398338038995006,0.07398338038995006,3.0448789922451507
4,sympy__sympy-13757,1791012727.308631,25.68499994277954,33065,31360,1705,0,0,980,725,980,0.19438730372108937,0.0,0.11136645963810307,0.11136645963810307,3.0448789922451507
0,sympy__sympy-18211,1791012740.234771,229.44617438316345,15632,14112,1520,0,0,1179,341,1179,0.1463267866054504,0.0,0.11329384726079321,0.11329384726079321,1.2456720946285222
4,sympy__sympy-13757,1791012753.5020714,36.13144898414612,33699,32928,771,0,0,137,634,137,0.08877037614828194,0.0,0.01572928855814796,0.01572928855814796,3.2235370074080922
7,django__django-13112,1791012784.6781392,2.089308500289917,39230,37632,1598,0,0,1510,88,1510,0.19235576621534908,0.0,0.18169497770344542,0.18169497770344542,3.7746048046401643
7,django__django-13112,1791012787.2537642,4.278368234634399,39383,39200,183,0,0,30,153,30,0.022189348398028094,0.0,0.0036352498902423856,0.0036352498902423856,3.963325320965271
4,sympy__sympy-13757,1791012789.8153918,3.9245798587799072,34538,32928,1610,0,0,771,839,771,0.18606109968139956,0.0,0.08877037614828194,0.08877037614828194,3.2235370074080922
7,django__django-13112,1791012791.7292597,1.828165054321289,39528,39200,328,0,0,183,145,183,0.03979540385939849,0.0,0.022189348398028094,0.022189348398028094,3.963325320965271
7,django__django-13112,1791012794.1033995,2.2573115825653076,39992,39200,792,0,0,328,464,328,0.09627934498848136,0.0,0.03979540385939849,0.03979540385939849,3.963325320965271
4,sympy__sympy-13757,1791012795.8624883,6.402330636978149,34919,34496,423,0,0,42,381,42,0.049306146229312495,0.0,0.0048874592279168185,0.0048874592279168185,3.4047106478615747
7,django__django-13112,1791012796.5418363,1.9566094875335693,40124,39200,924,0,0,792,132,792,0.11238830035330263,0.0,0.09627934498848136,0.09627934498848136,3.963325320965271
7,django__django-13112,1791012799.407572,2.2769601345062256,40270,39200,1070,0,0,924,146,924,0.13022654578777018,0.0,0.11238830035330263,0.11238830035330263,3.963325320965271
7,django__django-13112,1791012802.841191,171.3611249923706,40491,39200,1291,0,0,1070,221,1070,0.15726976716741542,0.0,0.13022654578777018,0.13022654578777018,3.963325320965271
4,sympy__sympy-13757,1791012815.9603336,3.61544132232666,35538,34496,1042,0,0,423,619,423,0.12178861506399372,0.0,0.049306146229312495,0.049306146229312495,3.4047106478615747
4,sympy__sympy-13757,1791012825.5331635,7.091796875,35948,34496,1452,0,0,1042,410,1042,0.17001384035684924,0.0,0.12178861506399372,0.12178861506399372,3.4047106478615747
8,django__django-11749,1791012830.1372356,8.10783863067627,22183,20384,1799,0,0,1445,354,1445,0.1849871553902976,0.0,0.14832443065592812,0.14832443065592812,1.8647103942397178
4,sympy__sympy-13757,1791012832.8083797,6.255537986755371,36391,34496,1895,0,0,1452,443,1452,0.22231392808904288,0.0,0.17001384035684924,0.17001384035684924,3.4047106478615747
8,django__django-11749,1791012838.3968153,8.907613754272461,22527,21952,575,0,0,231,344,231,0.05968841121052354,0.0,0.02393851726114543,0.02393851726114543,2.02575903236887
4,sympy__sympy-13757,1791012839.5896034,2.2201194763183594,36772,36064,708,0,0,327,381,327,0.08376571024655423,0.0,0.03862466234501882,0.03862466234501882,3.588399913605599
4,sympy__sympy-13757,1791012841.9568694,9.67320442199707,37210,36064,1146,0,0,708,438,708,0.13584366261289033,0.0,0.08376571024655423,0.08376571024655423,3.588399913605599
8,django__django-11749,1791012847.4932036,9.190487146377563,22901,21952,949,0,0,575,374,575,0.09869340732251428,0.0,0.05968841121052354,0.05968841121052354,2.02575903236887
4,sympy__sympy-13757,1791012851.7879484,19.934319019317627,37459,36064,1395,0,0,1146,249,1146,0.16553713631633812,0.0,0.13584366261289033,0.13584366261289033,3.588399913605599
8,django__django-11749,1791012856.8485906,132.62624073028564,23278,21952,1326,0,0,949,377,949,0.13815612327482002,0.0,0.09869340732251428,0.09869340732251428,2.02575903236887
0,sympy__sympy-18211,1791012970.2826757,14.545437097549438,16036,14112,1924,0,0,1520,404,1520,0.18561656470566104,0.0,0.1463267866054504,0.1463267866054504,1.2456720946285222
7,django__django-13112,1791012974.3472805,2.0499889850616455,41162,39200,1962,0,0,1291,671,1291,0.23968457569689133,0.0,0.15726976716741542,0.15726976716741542,3.963325320965271
7,django__django-13112,1791012976.579778,1.7854597568511963,41333,40768,565,0,0,394,171,394,0.06952497380669823,0.0,0.04844843408124329,0.04844843408124329,4.154561462580919
7,django__django-13112,1791012978.5353441,304.035772562027,41784,40768,1016,0,0,565,451,565,0.12525631949235627,0.0,0.06952497380669823,0.06952497380669823,4.154561462580919
0,sympy__sympy-18211,1791012985.0162187,4.597261667251587,16689,15680,1009,0,0,356,653,356,0.09848904702982554,0.0,0.03463042773867418,0.03463042773867418,1.3966582315955094
8,django__django-11749,1791012989.6395433,4.904154062271118,23738,21952,1786,0,0,1326,460,1326,0.1865038904700209,0.0,0.13815612327482002,0.13815612327482002,2.02575903236887
0,sympy__sympy-18211,1791012990.4053352,5.5107128620147705,17509,15680,1829,0,0,1009,820,1009,0.17929697533810868,0.0,0.09848904702982554,0.09848904702982554,1.3966582315955094
8,django__django-11749,1791012994.685517,5.550005197525024,23965,23520,445,0,0,218,227,218,0.046877981401047535,0.0,0.0229396270503274,0.0229396270503274,2.1893232957885633
0,sympy__sympy-18211,1791012996.3748229,3.999462127685547,17730,17248,482,0,0,261,221,261,0.047691632615128446,0.0,0.025795213080580484,0.025795213080580484,1.5501599938530375
0,sympy__sympy-18211,1791013000.5230045,8.41638469696045,17926,17248,678,0,0,482,196,482,0.06715289506060856,0.0,0.047691632615128446,0.047691632615128446,1.5501599938530375
8,django__django-11749,1791013000.6546328,11.515475034713745,24070,23520,550,0,0,445,105,445,0.05796862258060584,0.0,0.046877981401047535,0.046877981401047535,2.1893232957885633
0,sympy__sympy-18211,1791013009.0918417,5.056932687759399,18121,17248,873,0,0,678,195,678,0.08655387169134944,0.0,0.06715289506060856,0.06715289506060856,1.5501599938530375
8,django__django-11749,1791013012.6380656,2.5465571880340576,24654,23520,1134,0,0,550,584,550,0.1198595649575076,0.0,0.05796862258060584,0.05796862258060584,2.1893232957885633
0,sympy__sympy-18211,1791013014.8392045,3.4991824626922607,18464,17248,1216,0,0,873,343,873,0.12077409826271651,0.0,0.08655387169134944,0.08655387169134944,1.5501599938530375
8,django__django-11749,1791013015.3494568,1.6621265411376953,24778,23520,1258,0,0,1134,124,1134,0.13304570614320804,0.0,0.1198595649575076,0.1198595649575076,2.1893232957885633
0,sympy__sympy-18211,1791013018.4801414,9.830074787139893,18847,17248,1599,0,0,1216,383,1216,0.15912727408987093,0.0,0.12077409826271651,0.12077409826271651,1.5501599938530375
8,django__django-11749,1791013018.737868,2.4360404014587402,24921,23520,1401,0,0,1258,143,1258,0.14827183754450826,0.0,0.13304570614320804,0.13304570614320804,2.1893232957885633
8,django__django-11749,1791013021.6864264,2.184156656265259,25174,23520,1654,0,0,1401,253,1401,0.17526163310657666,0.0,0.14827183754450826,0.14827183754450826,2.1893232957885633
8,django__django-11749,1791013024.0488856,1.9267997741699219,25394,25088,306,0,0,86,220,86,0.0327043681168145,0.0,0.009181744396341866,0.009181744396341866,2.3554031844987984
0,sympy__sympy-18211,1791013028.4555902,13.552638530731201,19301,18816,485,0,0,31,454,31,0.048767324008272564,0.0,0.003109886541801424,0.003109886541801424,1.706177381401107
0,sympy__sympy-18211,1791013042.6545084,10.205984354019165,19541,18816,725,0,0,485,240,485,0.07298862508112648,0.0,0.048767324008272564,0.048767324008272564,1.706177381401107
8,django__django-11749,1791013042.885734,3.980931282043457,25693,25088,605,0,0,306,299,306,0.06475314154883866,0.0,0.0327043681168145,0.0327043681168145,2.3554031844987984
0,sympy__sympy-18211,1791013053.0369587,31.533448457717896,19760,18816,944,0,0,725,219,725,0.09514198806081633,0.0,0.07298862508112648,0.07298862508112648,1.706177381401107
8,django__django-11749,1791013063.845234,2.187465190887451,26025,25088,937,0,0,605,332,605,0.10044624503180884,0.0,0.06475314154883866,0.06475314154883866,2.3554031844987984
8,django__django-11749,1791013083.0760405,3.1043379306793213,26223,25088,1135,0,0,937,198,937,0.1217867823804371,0.0,0.10044624503180884,0.10044624503180884,2.3554031844987984
0,sympy__sympy-18211,1791013084.7282624,6.35412859916687,19992,18816,1176,0,0,944,232,944,0.11866391975796987,0.0,0.09514198806081633,0.09514198806081633,1.706177381401107
8,django__django-11749,1791013087.4698083,2.690812349319458,26639,25088,1551,0,0,1135,416,1135,0.1667541398145555,0.0,0.1217867823804371,0.1217867823804371,2.3554031844987984
0,sympy__sympy-18211,1791013091.7457263,9.032547235488892,20206,18816,1390,0,0,1176,214,1176,0.14040970239341852,0.0,0.11866391975796987,0.11866391975796987,1.706177381401107
8,django__django-11749,1791013092.151825,3.490894079208374,26949,25088,1861,0,0,1551,310,1551,0.2003786075924832,0.0,0.1667541398145555,0.1667541398145555,2.3554031844987984
8,django__django-11749,1791013095.7918334,96.97506380081177,27325,26656,669,0,0,293,376,293,0.07269827704863366,0.0,0.031783093591707084,0.031783093591707084,2.5239986984995744
0,sympy__sympy-18211,1791013101.6406446,4.327530145645142,20683,18816,1867,0,0,1390,477,1390,0.18904906653431988,0.0,0.14040970239341852,0.14040970239341852,1.706177381401107
0,sympy__sympy-18211,1791013106.2937667,2.3633737564086914,20908,20384,524,0,0,299,225,299,0.053539955962709364,0.0,0.030516053695709054,0.030516053695709054,1.8647103942397178
0,sympy__sympy-18211,1791013110.7427015,2.263535499572754,21130,20384,746,0,0,524,222,524,0.07630764019781194,0.0,0.053539955962709364,0.053539955962709364,1.8647103942397178
0,sympy__sympy-18211,1791013118.7424328,2.195909261703491,21403,20384,1019,0,0,746,273,746,0.10437487237889888,0.0,0.07630764019781194,0.07630764019781194,1.8647103942397178
0,sympy__sympy-18211,1791013121.0936775,39.1710307598114,21916,20384,1532,0,0,1019,513,1019,0.15732287753781068,0.0,0.10437487237889888,0.10437487237889888,1.8647103942397178
0,sympy__sympy-18211,1791013160.9505653,210.64422845840454,22204,20384,1820,0,0,1532,288,1532,0.1871660915776777,0.0,0.15732287753781068,0.15732287753781068,1.8647103942397178
8,django__django-11749,1791013194.9112332,64.73441910743713,27687,26656,1031,0,0,669,362,669,0.11222669772598085,0.0,0.07269827704863366,0.07269827704863366,2.5239986984995744
8,django__django-11749,1791013259.8367069,76.91274666786194,28086,26656,1430,0,0,1031,399,1031,0.15595065541422595,0.0,0.11222669772598085,0.11222669772598085,2.5239986984995744
7,django__django-13112,1791013282.7277138,176.31113505363464,42122,40768,1354,0,0,1016,338,1016,0.16716036795712325,0.0,0.12525631949235627,0.12525631949235627,4.154561462580919
8,django__django-11749,1791013338.5517588,2.5139665603637695,28422,26656,1766,0,0,1430,336,1430,0.1928971730976197,0.0,0.15595065541422595,0.15595065541422595,2.5239986984995744
8,django__django-11749,1791013341.8478363,13.896388292312622,28659,28224,435,0,0,198,237,198,0.04791599867841091,0.0,0.021786033806302257,0.021786033806302257,2.6951098377908917
8,django__django-11749,1791013356.256865,4.6713032722473145,29263,28224,1039,0,0,435,604,435,0.11476869092225228,0.0,0.04791599867841091,0.04791599867841091,2.6951098377908917
8,django__django-11749,1791013361.1041434,2.2881200313568115,29439,28224,1215,0,0,1039,176,1039,0.13431917698098506,0.0,0.11476869092225228,0.11476869092225228,2.6951098377908917
8,django__django-11749,1791013363.548608,4.122646808624268,29777,28224,1553,0,0,1215,338,1215,0.1719538767191612,0.0,0.13431917698098506,0.13431917698098506,2.6951098377908917
8,django__django-11749,1791013367.8427756,14.013511419296265,29901,28224,1677,0,0,1553,124,1553,0.18578999772978283,0.0,0.1719538767191612,0.1719538767191612,2.6951098377908917
0,sympy__sympy-18211,1791013372.3699594,3.1652991771698,24269,21952,2317,0,0,252,2065,252,0.24258324094083433,0.0,0.026117453448525518,0.026117453448525518,2.02575903236887
0,sympy__sympy-18211,1791013375.6743138,12.246963739395142,25066,23520,1546,0,0,749,797,749,0.16373228591914546,0.0,0.07901897752114087,0.07901897752114087,2.1893232957885633
0,sympy__sympy-18211,1791013388.5600214,88.31617045402527,25386,23520,1866,0,0,1546,320,1546,0.19792802103153712,0.0,0.16373228591914546,0.16373228591914546,2.1893232957885633
7,django__django-13112,1791013459.5086524,8.64009141921997,42633,40768,1865,0,0,1354,511,1354,0.23073429516363064,0.0,0.16716036795712325,0.16716036795712325,4.154561462580919
7,django__django-13112,1791013468.3321648,318.44653940200806,42974,42336,638,0,0,297,341,297,0.07955525054680557,0.0,0.03698252825744131,0.03698252825744131,4.3483132294871085
0,sympy__sympy-18211,1791013477.1248562,2.6258370876312256,25834,25088,746,0,0,298,448,298,0.07989818190714323,0.0,0.03184813232130229,0.03184813232130229,2.3554031844987984
0,sympy__sympy-18211,1791013479.906131,11.385365962982178,26369,25088,1281,0,0,746,535,746,0.13754842836500217,0.0,0.07989818190714323,0.07989818190714323,2.3554031844987984
0,sympy__sympy-18211,1791013491.4363844,10.809197425842285,26816,25088,1728,0,0,1281,447,1281,0.18594058286558796,0.0,0.13754842836500217,0.13754842836500217,2.3554031844987984
0,sympy__sympy-18211,1791013502.3971002,6.636101007461548,27312,26656,656,0,0,160,496,160,0.0712812421408284,0.0,0.01734506886481184,0.01734506886481184,2.5239986984995744
0,sympy__sympy-18211,1791013509.7238283,2.447659969329834,27731,26656,1075,0,0,656,419,656,0.11704039622681929,0.0,0.0712812421408284,0.0712812421408284,2.5239986984995744
0,sympy__sympy-18211,1791013512.3925514,6.238169193267822,27938,26656,1282,0,0,1075,207,1075,0.13971324041986477,0.0,0.11704039622681929,0.11704039622681929,2.5239986984995744
0,sympy__sympy-18211,1791013519.446144,4.006915330886841,28309,26656,1653,0,0,1282,371,1282,0.18045881571946204,0.0,0.13971324041986477,0.13971324041986477,2.5239986984995744
0,sympy__sympy-18211,1791013531.8116043,4.050328016281128,28680,28224,456,0,0,85,371,85,0.050234083827573064,0.0,0.009347676428144581,0.009347676428144581,2.6951098377908917
0,sympy__sympy-18211,1791013551.850569,7.36296820640564,29093,28224,869,0,0,456,413,456,0.09591479055447058,0.0,0.050234083827573064,0.050234083827573064,2.6951098377908917
0,sympy__sympy-18211,1791013560.0360744,5.174849033355713,29499,28224,1275,0,0,869,406,869,0.14099135955440728,0.0,0.09591479055447058,0.09591479055447058,2.6951098377908917
0,sympy__sympy-18211,1791013565.9439476,1.8304977416992188,29812,28224,1588,0,0,1275,313,1275,0.1758576398466007,0.0,0.14099135955440728,0.14099135955440728,2.6951098377908917
0,sympy__sympy-18211,1791013567.981965,3.108313798904419,30274,29792,482,0,0,20,462,20,0.05387801725819435,0.0,0.00223087526474194,0.00223087526474194,2.868736602372751
0,sympy__sympy-18211,1791013571.3036733,4.700835227966309,30405,29792,613,0,0,482,131,482,0.0685622952014549,0.0,0.05387801725819435,0.05387801725819435,2.868736602372751
0,sympy__sympy-18211,1791013582.984514,4.560270071029663,30696,29792,904,0,0,613,291,613,0.10124439364051238,0.0,0.0685622952014549,0.0685622952014549,2.868736602372751
0,sympy__sympy-18211,1791013588.21816,1.96864652633667,30988,29792,1196,0,0,904,292,904,0.13412589309101175,0.0,0.10124439364051238,0.10124439364051238,2.868736602372751
0,sympy__sympy-18211,1791013590.3512893,10.262935638427734,31460,29792,1668,0,0,1196,472,1196,0.18746129421939395,0.0,0.13412589309101175,0.13412589309101175,2.868736602372751
