t_min,kv_gpu_pct,cpu_kv_fill_gb,vllm_pinned_gb,vllm_other_gb,vm_rss_gb,page_cache_gb,hbm_node_used_gb,running,waiting,n_vmm,other_used_gb
0.0,0.0,nan,0.0,nan,0.0,nan,nan,0.0,0.0,0,nan
0.01667423645655314,0.0,nan,0.0,nan,0.0,nan,nan,0.0,0.0,0,nan
0.03334800799687703,0.0,nan,0.0,nan,0.239067136,nan,nan,0.0,0.0,1,nan
0.05001842180887858,0.0,nan,0.0,nan,0.239067136,nan,nan,0.0,0.0,1,nan
0.0666951060295105,0.0,nan,0.0,nan,0.239067136,nan,nan,0.0,0.0,1,nan
0.08337036768595378,0.0,nan,0.0,nan,0.239067136,nan,nan,0.0,0.0,1,nan
0.10003974040349324,0.7194244604316502,nan,0.0,nan,0.239067136,nan,nan,1.0,0.0,1,nan
0.1167098601659139,0.7194244604316502,nan,0.0,nan,0.47392768,nan,nan,1.0,0.0,2,nan
0.13339056571324667,0.0,nan,0.0,nan,0.505393152,nan,nan,0.0,0.0,2,nan
0.15006314516067504,0.8992805755395739,nan,0.0,nan,0.530558976,nan,nan,1.0,0.0,2,nan
0.1667358994483948,1.618705035971224,nan,0.0,nan,0.530558976,nan,nan,2.0,0.0,2,nan
0.1834092418352763,1.7985611510791366,nan,0.0,nan,0.530558976,nan,nan,2.0,0.0,2,nan
0.20008892218271893,1.7985611510791366,nan,0.0,nan,0.771731456,nan,nan,2.0,0.0,3,nan
0.21676137844721477,1.7985611510791366,nan,0.0,nan,0.771731456,nan,nan,2.0,0.0,3,nan
0.2334341605504354,0.8992805755395739,nan,0.0,nan,0.7948288,nan,nan,1.0,0.0,3,nan
0.2501062115033468,1.7985611510791366,nan,0.0,nan,0.7948288,nan,nan,2.0,0.0,3,nan
0.2667797088623047,2.6978417266187105,nan,0.0,nan,0.7948288,nan,nan,3.0,0.0,3,nan
0.28345342477162677,1.7985611510791366,nan,0.0,nan,1.023205376,nan,nan,2.0,0.0,4,nan
0.30012598832448323,2.6978417266187105,nan,0.0,nan,1.035841536,nan,nan,3.0,0.0,4,nan
0.31680055856704714,0.8992805755395739,nan,0.0,nan,1.081982976,nan,nan,1.0,0.0,4,nan
0.3334733764330546,2.6978417266187105,nan,0.0,nan,1.119735808,nan,nan,3.0,0.0,4,nan
0.35014656782150266,2.877697841726623,nan,0.0,nan,1.119735808,nan,nan,3.0,0.0,4,nan
0.36682191292444866,4.136690647482011,nan,0.0,nan,1.364942848,nan,nan,4.0,0.0,5,nan
0.38349684079488117,4.316546762589923,nan,0.0,nan,1.364942848,nan,nan,4.0,0.0,5,nan
0.40017155806223553,4.856115107913672,nan,0.0,nan,1.37752576,nan,nan,4.0,0.0,5,nan
0.4168428937594096,4.316546762589923,nan,0.0,nan,1.37752576,nan,nan,4.0,0.0,5,nan
0.43351972500483194,3.237410071942448,nan,0.0,nan,1.39849728,nan,nan,3.0,0.0,5,nan
0.4501934806505839,4.496402877697847,nan,0.0,nan,1.71726848,nan,nan,4.0,0.0,6,nan
0.4668637116750081,5.575539568345322,nan,0.0,nan,1.71726848,nan,nan,5.0,0.0,6,nan
0.48354004621505736,5.575539568345322,nan,0.0,nan,1.742446592,nan,nan,5.0,0.0,6,nan
0.5002127408981323,5.575539568345322,nan,0.0,nan,1.742446592,nan,nan,5.0,0.0,6,nan
0.5168872276941935,6.474820143884896,nan,0.0,nan,1.742446592,nan,nan,6.0,0.0,6,nan
0.5335619767506917,6.474820143884896,nan,0.0,nan,1.979408384,nan,nan,6.0,0.0,7,nan
0.5502369403839111,5.575539568345322,nan,0.0,nan,1.9963904,nan,nan,5.0,0.0,7,nan
0.566911232471466,6.1151079136690605,nan,0.0,nan,2.088665088,nan,nan,5.0,0.0,7,nan
0.5835874160130818,6.474820143884896,nan,0.0,nan,2.088665088,nan,nan,6.0,0.0,7,nan
0.6002598643302918,7.374100719424459,nan,0.0,nan,2.088665088,nan,nan,7.0,0.0,7,nan
0.6169402917226156,7.913669064748197,nan,0.0,nan,2.323337216,nan,nan,7.0,0.0,8,nan
0.6336130539576212,6.474820143884896,nan,0.0,nan,2.32753152,nan,nan,6.0,0.0,8,nan
0.650288728872935,6.474820143884896,nan,0.0,nan,2.352730112,nan,nan,6.0,0.0,8,nan
0.6669586141904195,6.654676258992809,nan,0.0,nan,2.352730112,nan,nan,6.0,0.0,8,nan
0.6836306333541871,7.733812949640284,nan,0.0,nan,2.352730112,nan,nan,7.0,0.0,8,nan
0.7003066579500834,8.812949640287771,nan,0.0,nan,2.59180544,nan,nan,8.0,0.0,9,nan
0.7169803261756897,7.733812949640284,nan,0.0,nan,2.59180544,nan,nan,7.0,0.0,9,nan
0.733652118841807,8.09352517985612,nan,0.0,nan,2.625363968,nan,nan,7.0,0.0,9,nan
0.7503263274828593,8.992805755395683,nan,0.0,nan,2.635849728,nan,nan,8.0,0.0,9,nan
0.7670022527376811,9.712230215827333,nan,0.0,nan,2.635849728,nan,nan,9.0,0.0,9,nan
0.7836751858393352,8.812949640287771,nan,0.0,nan,2.87055872,nan,nan,8.0,0.0,10,nan
0.80035347143809,9.172661870503596,nan,0.0,nan,2.88733184,nan,nan,8.0,0.0,10,nan
0.8170274933179219,10.251798561151082,nan,0.0,nan,2.912497664,nan,nan,9.0,0.0,10,nan
0.833704924583435,9.172661870503596,nan,0.0,nan,2.912497664,nan,nan,8.0,0.0,10,nan
0.8503792405128479,10.971223021582732,nan,0.0,nan,2.922995712,nan,nan,10.0,0.0,10,nan
0.8670538266499838,12.589928057553957,nan,0.0,nan,3.174494208,nan,nan,10.0,0.0,11,nan
0.8837281942367554,11.51079136690647,nan,0.0,nan,3.174494208,nan,nan,10.0,0.0,11,nan
0.9004035592079163,9.532374100719421,nan,0.0,nan,3.197759488,nan,nan,8.0,0.0,11,nan
0.9170755426088969,10.611510791366907,nan,0.0,nan,3.2103424,nan,nan,9.0,0.0,11,nan
0.9337545553843181,12.589928057553957,nan,0.0,nan,3.2103424,nan,nan,11.0,0.0,11,nan
0.9504293839136759,11.690647482014393,nan,0.0,nan,3.451518976,nan,nan,10.0,0.0,12,nan
0.9671035408973694,11.690647482014393,nan,0.0,nan,3.453636608,nan,nan,10.0,0.0,12,nan
0.9837762554486592,10.971223021582732,nan,0.0,nan,3.49978624,nan,nan,9.0,0.0,12,nan
1.0004502415657044,12.050359712230218,nan,0.0,nan,3.53124352,nan,nan,10.0,0.0,12,nan
1.0171244422594705,13.848920863309356,nan,0.0,nan,3.545923584,nan,nan,12.0,0.0,12,nan
1.0337974667549132,13.848920863309356,nan,0.0,nan,3.782905856,nan,nan,12.0,0.0,13,nan
1.0504667997360229,14.388489208633093,nan,0.0,nan,3.782905856,nan,nan,12.0,0.0,13,nan
1.067137634754181,11.151079136690644,nan,0.0,nan,3.902611456,nan,nan,9.0,0.0,13,nan
1.0838123917579652,15.287769784172667,nan,0.0,nan,3.992788992,nan,nan,11.0,0.0,13,nan
1.1004851778348288,15.647482014388492,nan,0.0,nan,4.01166336,nan,nan,13.0,0.0,13,nan
1.1171584804852803,14.92805755395683,nan,0.0,nan,4.309254144,nan,nan,12.0,0.0,14,nan
1.1338457663853962,14.92805755395683,nan,0.0,nan,4.35748864,nan,nan,12.0,0.0,14,nan
1.1505181988080342,13.669064748201443,nan,0.0,nan,4.443521024,nan,nan,11.0,0.0,14,nan
1.1671905477841695,16.36690647482014,nan,0.0,nan,4.443521024,nan,nan,13.0,0.0,14,nan
1.183863886197408,17.266187050359715,nan,0.0,nan,4.443521024,nan,nan,14.0,0.0,14,nan
1.2005371610323587,17.44604316546763,nan,0.0,nan,4.680486912,nan,nan,14.0,0.0,15,nan
1.2172083218892416,14.748201438848918,nan,0.0,nan,4.682584064,nan,nan,12.0,0.0,15,nan
1.2338804920514426,16.36690647482014,nan,0.0,nan,4.682584064,nan,nan,13.0,0.0,15,nan
1.2505526463190715,16.546762589928054,nan,0.0,nan,4.699373568,nan,nan,13.0,0.0,15,nan
1.2672255118687947,15.467625899280579,nan,0.0,nan,4.785405952,nan,nan,12.0,0.0,15,nan
1.2839056293169657,16.546762589928054,nan,0.0,nan,5.049434112,nan,nan,13.0,0.0,16,nan
1.300574827194214,18.705035971223015,nan,0.0,nan,5.049434112,nan,nan,15.0,0.0,16,nan
1.3172441045443217,17.266187050359715,nan,0.0,nan,5.139632128,nan,nan,14.0,0.0,16,nan
1.3339215636253356,15.107913669064743,nan,0.0,nan,5.19000064,nan,nan,12.0,0.0,16,nan
1.3505940357844035,20.143884892086326,nan,0.0,nan,5.223624704,nan,nan,16.0,0.0,16,nan
1.3672677954037984,19.244604316546766,nan,0.0,nan,5.223624704,nan,nan,15.0,0.0,16,nan
1.3839413444201152,17.0863309352518,nan,0.0,nan,5.234110464,nan,nan,14.0,0.0,16,nan
1.4006178061167398,20.143884892086326,nan,0.0,nan,5.234110464,nan,nan,16.0,0.0,16,nan
1.4172912081082663,19.964028776978417,nan,0.0,nan,5.26137344,nan,nan,15.0,0.0,16,nan
1.433963402112325,19.784172661870503,nan,0.0,nan,5.286551552,nan,nan,15.0,0.0,16,nan
1.4506359179814656,19.424460431654676,nan,0.0,nan,5.299134464,nan,nan,15.0,0.0,16,nan
1.467309049765269,20.863309352517987,nan,0.0,nan,5.299134464,nan,nan,16.0,0.0,16,nan
1.483984617392222,19.60431654676259,nan,0.0,nan,5.307523072,nan,nan,15.0,0.0,16,nan
1.5006579955418904,21.223021582733814,nan,0.0,nan,5.307523072,nan,nan,16.0,0.0,16,nan
1.5173340559005737,18.705035971223015,nan,0.0,nan,5.343195136,nan,nan,14.0,0.0,16,nan
1.534006377061208,20.32374100719424,nan,0.0,nan,5.383041024,nan,nan,15.0,0.0,16,nan
1.5506787697474163,23.201438848920862,nan,0.0,nan,5.418692608,nan,nan,16.0,0.0,16,nan
1.5673510273297628,22.482014388489212,nan,0.0,nan,5.418692608,nan,nan,16.0,0.0,16,nan
1.5840232690175375,21.942446043165464,nan,0.0,nan,5.418692608,nan,nan,16.0,0.0,16,nan
1.6006964405377706,22.122302158273378,nan,0.0,nan,5.418692608,nan,nan,16.0,0.0,16,nan
1.6173723022143045,21.0431654676259,nan,0.0,nan,5.42078976,nan,nan,15.0,0.0,16,nan
1.634044106801351,22.302158273381288,nan,0.0,nan,5.42078976,nan,nan,16.0,0.0,16,nan
1.6507190823554994,22.84172661870504,nan,0.0,nan,5.424984064,nan,nan,16.0,0.0,16,nan
1.6673953692118326,22.482014388489212,nan,0.0,nan,5.424984064,nan,nan,16.0,0.0,16,nan
1.684066605567932,23.741007194244602,nan,0.0,nan,5.445955584,nan,nan,16.0,0.0,16,nan
1.7007404128710428,21.402877697841728,nan,0.0,nan,5.458538496,nan,nan,15.0,0.0,16,nan
1.7174135446548462,23.021582733812952,nan,0.0,nan,5.458538496,nan,nan,16.0,0.0,16,nan
1.7340859333674112,23.021582733812952,nan,0.0,nan,5.458538496,nan,nan,16.0,0.0,16,nan
1.7507572491963705,23.021582733812952,nan,0.0,nan,5.458538496,nan,nan,16.0,0.0,16,nan
1.7674280047416686,23.201438848920862,nan,0.0,nan,5.458538496,nan,nan,16.0,0.0,16,nan
1.7841017246246338,23.920863309352512,nan,0.0,nan,5.458538496,nan,nan,16.0,0.0,16,nan
1.8007737159729005,23.56115107913669,nan,0.0,nan,5.458538496,nan,nan,16.0,0.0,16,nan
1.8174480199813843,21.76258992805755,nan,0.0,nan,5.458538496,nan,nan,15.0,0.0,16,nan
1.8341208219528198,23.201438848920862,nan,0.0,nan,5.4627328,nan,nan,16.0,0.0,16,nan
1.8507945775985717,23.381294964028775,nan,0.0,nan,5.4627328,nan,nan,16.0,0.0,16,nan
1.8674664775530496,18.88489208633094,nan,0.0,nan,5.498384384,nan,nan,13.0,0.0,16,nan
1.8841429273287456,23.381294964028775,nan,0.0,nan,5.506772992,nan,nan,16.0,0.0,16,nan
1.9008200287818908,23.381294964028775,nan,0.0,nan,5.506772992,nan,nan,16.0,0.0,16,nan
1.9174974044164022,24.100719424460426,nan,0.0,nan,5.506772992,nan,nan,16.0,0.0,16,nan
1.9341688632965088,22.482014388489212,nan,0.0,nan,5.506772992,nan,nan,15.0,0.0,16,nan
1.9508377234141032,21.942446043165464,nan,0.0,nan,5.506772992,nan,nan,15.0,0.0,16,nan
1.9675071239471436,22.661870503597125,nan,0.0,nan,5.513076736,nan,nan,15.0,0.0,16,nan
1.9841856718063355,24.100719424460426,nan,0.0,nan,5.525659648,nan,nan,16.0,0.0,16,nan
2.000859347979228,24.100719424460426,nan,0.0,nan,5.525659648,nan,nan,16.0,0.0,16,nan
2.0175299326578777,22.302158273381288,nan,0.0,nan,5.525659648,nan,nan,15.0,0.0,16,nan
2.0342026233673094,22.661870503597125,nan,0.0,nan,5.525659648,nan,nan,15.0,0.0,16,nan
2.050876033306122,24.28057553956835,nan,0.0,nan,5.525659648,nan,nan,16.0,0.0,16,nan
2.0675530234972634,22.84172661870504,nan,0.0,nan,5.5445504,nan,nan,15.0,0.0,16,nan
2.0842278401056924,24.640287769784173,nan,0.0,nan,5.559230464,nan,nan,16.0,0.0,16,nan
2.1009016474088034,24.640287769784173,nan,0.0,nan,5.559230464,nan,nan,16.0,0.0,16,nan
2.1175745447476704,24.820143884892087,nan,0.0,nan,5.559230464,nan,nan,16.0,0.0,16,nan
2.1342467665672302,25.0,nan,0.0,nan,5.559230464,nan,nan,16.0,0.0,16,nan
2.1509211977322895,25.0,nan,0.0,nan,5.559230464,nan,nan,16.0,0.0,16,nan
2.1675939043362935,21.58273381294964,nan,0.0,nan,5.559230464,nan,nan,14.0,0.0,16,nan
2.184269881248474,23.381294964028775,nan,0.0,nan,5.559230464,nan,nan,15.0,0.0,16,nan
2.2009421785672507,25.0,nan,0.0,nan,5.559230464,nan,nan,16.0,0.0,16,nan
2.2176144401232403,25.0,nan,0.0,nan,5.559230464,nan,nan,16.0,0.0,16,nan
2.234285855293274,25.0,nan,0.0,nan,5.559230464,nan,nan,16.0,0.0,16,nan
2.250957806905111,25.0,nan,0.0,nan,5.563424768,nan,nan,16.0,0.0,16,nan
2.2676313519477844,25.0,nan,0.0,nan,5.563424768,nan,nan,16.0,0.0,16,nan
2.284303863843282,25.0,nan,0.0,nan,5.563424768,nan,nan,16.0,0.0,16,nan
2.3009759187698364,25.359712230215827,nan,0.0,nan,5.563424768,nan,nan,16.0,0.0,16,nan
2.317651454607646,25.359712230215827,nan,0.0,nan,5.563424768,nan,nan,16.0,0.0,16,nan
2.3343255718549094,25.359712230215827,nan,0.0,nan,5.563424768,nan,nan,16.0,0.0,16,nan
2.3509978373845417,23.741007194244602,nan,0.0,nan,5.563424768,nan,nan,15.0,0.0,16,nan
2.3676700393358865,25.899280575539574,nan,0.0,nan,5.569716224,nan,nan,16.0,0.0,16,nan
2.384342630704244,25.899280575539574,nan,0.0,nan,5.571813376,nan,nan,16.0,0.0,16,nan
2.401017431418101,25.0,nan,0.0,nan,5.590687744,nan,nan,15.0,0.0,16,nan
2.4176898996035256,25.899280575539574,nan,0.0,nan,5.590687744,nan,nan,16.0,0.0,16,nan
2.434359935919444,23.920863309352512,nan,0.0,nan,5.590687744,nan,nan,15.0,0.0,16,nan
2.4510356783866882,25.899280575539574,nan,0.0,nan,5.590687744,nan,nan,16.0,0.0,16,nan
2.4677083532015485,24.28057553956835,nan,0.0,nan,5.590687744,nan,nan,15.0,0.0,16,nan
2.4843808968861896,23.920863309352512,nan,0.0,nan,5.5969792,nan,nan,15.0,0.0,16,nan
2.5010514497756957,26.079136690647488,nan,0.0,nan,5.5969792,nan,nan,16.0,0.0,16,nan
2.5177244702974955,22.661870503597125,nan,0.0,nan,5.5969792,nan,nan,14.0,0.0,16,nan
2.5343963503837585,24.28057553956835,nan,0.0,nan,5.647310848,nan,nan,15.0,0.0,16,nan
2.551069192091624,26.258992805755398,nan,0.0,nan,5.647310848,nan,nan,16.0,0.0,16,nan
2.567739983399709,26.43884892086331,nan,0.0,nan,5.647310848,nan,nan,16.0,0.0,16,nan
2.5844122767448425,26.43884892086331,nan,0.0,nan,5.647310848,nan,nan,16.0,0.0,16,nan
2.6010850350062054,27.338129496402875,nan,0.0,nan,5.649408,nan,nan,16.0,0.0,16,nan
2.6177579482396443,26.258992805755398,nan,0.0,nan,5.649408,nan,nan,16.0,0.0,16,nan
2.634430019060771,26.258992805755398,nan,0.0,nan,5.649408,nan,nan,16.0,0.0,16,nan
2.6511025547981264,26.43884892086331,nan,0.0,nan,5.657997312,nan,nan,16.0,0.0,16,nan
2.667774744828542,26.978417266187048,nan,0.0,nan,5.657997312,nan,nan,16.0,0.0,16,nan
2.6844477812449137,25.179856115107913,nan,0.0,nan,5.657997312,nan,nan,15.0,0.0,16,nan
2.7011191844940186,25.179856115107913,nan,0.0,nan,5.660094464,nan,nan,15.0,0.0,16,nan
2.7177904645601907,26.978417266187048,nan,0.0,nan,5.660094464,nan,nan,16.0,0.0,16,nan
2.734462610880534,26.978417266187048,nan,0.0,nan,5.660094464,nan,nan,16.0,0.0,16,nan
2.7511348883310953,27.15827338129496,nan,0.0,nan,5.660094464,nan,nan,16.0,0.0,16,nan
2.7678070942560833,25.539568345323737,nan,0.0,nan,5.660094464,nan,nan,15.0,0.0,16,nan
2.7844799915949503,25.71942446043165,nan,0.0,nan,5.710430208,nan,nan,15.0,0.0,16,nan
2.801152527332306,27.15827338129496,nan,0.0,nan,5.710430208,nan,nan,16.0,0.0,16,nan
2.8178250034650167,27.338129496402875,nan,0.0,nan,5.710430208,nan,nan,16.0,0.0,16,nan
2.8344972173372907,25.359712230215827,nan,0.0,nan,5.710430208,nan,nan,15.0,0.0,16,nan
2.851169474919637,27.517985611510788,nan,0.0,nan,5.710430208,nan,nan,16.0,0.0,16,nan
2.8678420305252077,28.057553956834536,nan,0.0,nan,5.74398464,nan,nan,16.0,0.0,16,nan
2.8845138629277547,27.517985611510788,nan,0.0,nan,5.74398464,nan,nan,16.0,0.0,16,nan
2.9011860132217406,28.057553956834536,nan,0.0,nan,5.74398464,nan,nan,16.0,0.0,16,nan
2.9178584933280947,25.899280575539574,nan,0.0,nan,5.767053312,nan,nan,15.0,0.0,16,nan
2.934530524412791,27.877697841726622,nan,0.0,nan,5.767053312,nan,nan,16.0,0.0,16,nan
2.9512030998865764,27.697841726618712,nan,0.0,nan,5.767053312,nan,nan,16.0,0.0,16,nan
2.967875576019287,25.539568345323737,nan,0.0,nan,5.767053312,nan,nan,15.0,0.0,16,nan
2.984554652372996,25.539568345323737,nan,0.0,nan,5.804802048,nan,nan,15.0,0.0,16,nan
3.0012269616127014,25.71942446043165,nan,0.0,nan,5.821579264,nan,nan,15.0,0.0,16,nan
3.0178970456123353,28.057553956834536,nan,0.0,nan,5.821579264,nan,nan,16.0,0.0,16,nan
3.034569334983826,28.057553956834536,nan,0.0,nan,5.821579264,nan,nan,16.0,0.0,16,nan
3.0512411832809447,28.41726618705036,nan,0.0,nan,5.821579264,nan,nan,16.0,0.0,16,nan
3.0679139256477357,27.15827338129496,nan,0.0,nan,5.823676416,nan,nan,15.0,0.0,16,nan
3.0845872243245442,28.597122302158272,nan,0.0,nan,5.823676416,nan,nan,16.0,0.0,16,nan
3.1012589295705157,23.021582733812952,nan,0.0,nan,5.84466432,nan,nan,13.0,0.0,16,nan
3.1179362734158835,28.597122302158272,nan,0.0,nan,5.85515008,nan,nan,16.0,0.0,16,nan
3.1346085985501606,27.338129496402875,nan,0.0,nan,5.85515008,nan,nan,15.0,0.0,16,nan
3.151280999183655,28.597122302158272,nan,0.0,nan,5.85515008,nan,nan,16.0,0.0,16,nan
3.167952255407969,28.597122302158272,nan,0.0,nan,5.85515008,nan,nan,16.0,0.0,16,nan
3.1846248388290403,26.618705035971225,nan,0.0,nan,5.857243136,nan,nan,15.0,0.0,16,nan
3.2012977878252666,26.258992805755398,nan,0.0,nan,5.897089024,nan,nan,15.0,0.0,16,nan
3.217970836162567,26.43884892086331,nan,0.0,nan,5.897089024,nan,nan,15.0,0.0,16,nan
3.234643598397573,26.618705035971225,nan,0.0,nan,5.90338048,nan,nan,15.0,0.0,16,nan
3.251319583257039,26.618705035971225,nan,0.0,nan,5.90338048,nan,nan,15.0,0.0,16,nan
3.2679917732874553,26.618705035971225,nan,0.0,nan,5.90338048,nan,nan,15.0,0.0,16,nan
3.2846644639968874,26.618705035971225,nan,0.0,nan,5.90338048,nan,nan,15.0,0.0,16,nan
3.3013354420661924,21.223021582733814,nan,0.0,nan,5.90338048,nan,nan,12.0,0.0,16,nan
3.3180076042811075,24.640287769784173,nan,0.0,nan,5.90338048,nan,nan,14.0,0.0,16,nan
3.334679706891378,23.021582733812952,nan,0.0,nan,5.905477632,nan,nan,13.0,0.0,16,nan
3.3513527433077495,25.539568345323737,nan,0.0,nan,5.634883584,nan,nan,15.0,0.0,16,nan
3.3680247624715167,25.71942446043165,nan,0.0,nan,5.634883584,nan,nan,15.0,0.0,16,nan
3.3846969882647198,21.76258992805755,nan,0.0,nan,5.636980736,nan,nan,13.0,0.0,16,nan
3.4013694842656452,25.71942446043165,nan,0.0,nan,5.636980736,nan,nan,15.0,0.0,16,nan
3.418042699495951,25.71942446043165,nan,0.0,nan,5.636980736,nan,nan,15.0,0.0,16,nan
3.4347177426020306,23.381294964028775,nan,0.0,nan,5.674958848,nan,nan,13.0,0.0,16,nan
3.4513903220494586,25.179856115107913,nan,0.0,nan,5.702221824,nan,nan,14.0,0.0,16,nan
3.46806343793869,24.640287769784173,nan,0.0,nan,5.357846528,nan,nan,14.0,0.0,16,nan
3.484735922018687,25.539568345323737,nan,0.0,nan,5.357846528,nan,nan,15.0,0.0,16,nan
3.5014081915219624,23.741007194244602,nan,0.0,nan,5.357846528,nan,nan,14.0,0.0,16,nan
3.518080536524455,26.079136690647488,nan,0.0,nan,5.357846528,nan,nan,15.0,0.0,16,nan
3.5347529371579487,24.820143884892087,nan,0.0,nan,5.383012352,nan,nan,14.0,0.0,16,nan
3.5514233390490215,24.820143884892087,nan,0.0,nan,5.385109504,nan,nan,14.0,0.0,16,nan
3.5680955092112225,27.697841726618712,nan,0.0,nan,5.397692416,nan,nan,16.0,0.0,16,nan
3.584767210483551,25.359712230215827,nan,0.0,nan,5.397692416,nan,nan,15.0,0.0,16,nan
3.6014394640922545,27.697841726618712,nan,0.0,nan,5.397692416,nan,nan,16.0,0.0,16,nan
3.6181122859319053,27.697841726618712,nan,0.0,nan,5.397692416,nan,nan,16.0,0.0,16,nan
3.6347834428151446,26.258992805755398,nan,0.0,nan,5.410275328,nan,nan,15.0,0.0,16,nan
3.651455362637838,28.23741007194245,nan,0.0,nan,5.410275328,nan,nan,16.0,0.0,16,nan
3.668128077189128,28.23741007194245,nan,0.0,nan,5.410275328,nan,nan,16.0,0.0,16,nan
3.6848014553387958,28.23741007194245,nan,0.0,nan,5.410275328,nan,nan,16.0,0.0,16,nan
3.701472282409668,28.23741007194245,nan,0.0,nan,5.410275328,nan,nan,16.0,0.0,16,nan
3.7181449731191,28.23741007194245,nan,0.0,nan,5.410275328,nan,nan,16.0,0.0,16,nan
3.734818391005198,29.316546762589923,nan,0.0,nan,5.410275328,nan,nan,16.0,0.0,16,nan
3.7514907479286195,28.23741007194245,nan,0.0,nan,5.410275328,nan,nan,16.0,0.0,16,nan
3.7681628942489622,28.41726618705036,nan,0.0,nan,5.410275328,nan,nan,16.0,0.0,16,nan
3.784835600852966,28.41726618705036,nan,0.0,nan,5.410275328,nan,nan,16.0,0.0,16,nan
3.8015084981918337,28.776978417266186,nan,0.0,nan,5.410275328,nan,nan,16.0,0.0,16,nan
3.8181806127230327,26.978417266187048,nan,0.0,nan,5.424955392,nan,nan,15.0,0.0,16,nan
3.834851845105489,29.136690647482013,nan,0.0,nan,5.433344,nan,nan,16.0,0.0,16,nan
3.851524027188619,29.136690647482013,nan,0.0,nan,5.433344,nan,nan,16.0,0.0,16,nan
3.8681965271631875,26.079136690647488,nan,0.0,nan,5.433344,nan,nan,14.0,0.0,16,nan
3.8848687211672464,29.316546762589923,nan,0.0,nan,5.435441152,nan,nan,16.0,0.0,16,nan
3.9015420794487,29.316546762589923,nan,0.0,nan,5.435441152,nan,nan,16.0,0.0,16,nan
3.9182219465573627,29.496402877697847,nan,0.0,nan,5.435441152,nan,nan,16.0,0.0,16,nan
3.9348941961924235,27.877697841726622,nan,0.0,nan,5.435441152,nan,nan,15.0,0.0,16,nan
3.9515703320503235,29.136690647482013,nan,0.0,nan,5.435441152,nan,nan,16.0,0.0,16,nan
3.968246610959371,29.136690647482013,nan,0.0,nan,5.435441152,nan,nan,16.0,0.0,16,nan
3.9849202275276183,29.136690647482013,nan,0.0,nan,5.435441152,nan,nan,16.0,0.0,16,nan
4.00159520705541,29.136690647482013,nan,0.0,nan,5.435441152,nan,nan,16.0,0.0,16,nan
4.018270568052928,29.496402877697847,nan,0.0,nan,5.435441152,nan,nan,16.0,0.0,16,nan
4.034944379329682,29.496402877697847,nan,0.0,nan,5.435441152,nan,nan,16.0,0.0,16,nan
4.051619323094686,25.71942446043165,nan,0.0,nan,5.44382976,nan,nan,14.0,0.0,16,nan
4.06829198996226,29.496402877697847,nan,0.0,nan,5.450121216,nan,nan,16.0,0.0,16,nan
4.08496876557668,27.517985611510788,nan,0.0,nan,5.450121216,nan,nan,15.0,0.0,16,nan
4.101642779509226,29.136690647482013,nan,0.0,nan,5.450121216,nan,nan,16.0,0.0,16,nan
4.118314143021902,29.136690647482013,nan,0.0,nan,5.450121216,nan,nan,16.0,0.0,16,nan
4.134988661607107,29.136690647482013,nan,0.0,nan,5.450121216,nan,nan,16.0,0.0,16,nan
4.151659989356995,29.316546762589923,nan,0.0,nan,5.45431552,nan,nan,16.0,0.0,16,nan
4.168336919943491,29.316546762589923,nan,0.0,nan,5.45431552,nan,nan,16.0,0.0,16,nan
4.185011780261993,25.899280575539574,nan,0.0,nan,5.45431552,nan,nan,14.0,0.0,16,nan
4.201683986186981,29.856115107913674,nan,0.0,nan,5.45431552,nan,nan,16.0,0.0,16,nan
4.218356279532115,29.856115107913674,nan,0.0,nan,5.45431552,nan,nan,16.0,0.0,16,nan
4.235035407543182,30.035971223021583,nan,0.0,nan,5.45431552,nan,nan,16.0,0.0,16,nan
4.251710418860117,30.39568345323741,nan,0.0,nan,5.45431552,nan,nan,16.0,0.0,16,nan
4.268385140101115,30.39568345323741,nan,0.0,nan,5.45431552,nan,nan,16.0,0.0,16,nan
4.28505832751592,30.39568345323741,nan,0.0,nan,5.45431552,nan,nan,16.0,0.0,16,nan
4.301731165250143,30.39568345323741,nan,0.0,nan,5.477404672,nan,nan,16.0,0.0,16,nan
4.318408739566803,28.597122302158272,nan,0.0,nan,5.477404672,nan,nan,15.0,0.0,16,nan
4.335086572170257,30.575539568345324,nan,0.0,nan,5.477404672,nan,nan,16.0,0.0,16,nan
4.35175926287969,30.755395683453234,nan,0.0,nan,5.477404672,nan,nan,16.0,0.0,16,nan
4.3684338887532554,30.755395683453234,nan,0.0,nan,5.477404672,nan,nan,16.0,0.0,16,nan
4.385106058915456,30.755395683453234,nan,0.0,nan,5.477404672,nan,nan,16.0,0.0,16,nan
4.401778403917948,29.856115107913674,nan,0.0,nan,5.481598976,nan,nan,15.0,0.0,16,nan
4.418450927734375,31.11510791366906,nan,0.0,nan,5.481598976,nan,nan,16.0,0.0,16,nan
4.435122752189637,29.316546762589923,nan,0.0,nan,5.481598976,nan,nan,15.0,0.0,16,nan
4.451794997851054,31.11510791366906,nan,0.0,nan,5.481598976,nan,nan,16.0,0.0,16,nan
4.4684691826502485,29.856115107913674,nan,0.0,nan,5.481598976,nan,nan,15.0,0.0,16,nan
4.485144186019897,29.496402877697847,nan,0.0,nan,5.481598976,nan,nan,15.0,0.0,16,nan
4.501820242404937,29.496402877697847,nan,0.0,nan,5.510959104,nan,nan,15.0,0.0,16,nan
4.518494609991709,31.654676258992808,nan,0.0,nan,5.510959104,nan,nan,16.0,0.0,16,nan
4.53516898949941,30.39568345323741,nan,0.0,nan,5.510959104,nan,nan,15.0,0.0,16,nan
4.551843690872192,30.035971223021583,nan,0.0,nan,5.510959104,nan,nan,15.0,0.0,16,nan
4.568516401449839,30.215827338129497,nan,0.0,nan,5.704052736,nan,nan,15.0,0.0,16,nan
4.585191702842712,32.014388489208635,nan,0.0,nan,5.706149888,nan,nan,16.0,0.0,16,nan
4.601871840159098,27.697841726618712,nan,0.0,nan,5.827784704,nan,nan,14.0,0.0,16,nan
4.618543748060862,28.9568345323741,nan,0.0,nan,5.829881856,nan,nan,15.0,0.0,16,nan
4.635217189788818,30.935251798561147,nan,0.0,nan,5.829881856,nan,nan,16.0,0.0,16,nan
4.651887083053589,31.294964028776985,nan,0.0,nan,5.829881856,nan,nan,16.0,0.0,16,nan
4.668557810783386,31.294964028776985,nan,0.0,nan,5.829881856,nan,nan,16.0,0.0,16,nan
4.685226448376974,29.136690647482013,nan,0.0,nan,5.829881856,nan,nan,15.0,0.0,16,nan
4.701895066102346,29.496402877697847,nan,0.0,nan,5.829881856,nan,nan,15.0,0.0,16,nan
4.718570439020793,31.474820143884898,nan,0.0,nan,5.829881856,nan,nan,16.0,0.0,16,nan
4.735245962937673,31.474820143884898,nan,0.0,nan,5.829881856,nan,nan,16.0,0.0,16,nan
4.7519204696019495,31.11510791366906,nan,0.0,nan,5.83407616,nan,nan,16.0,0.0,16,nan
4.768595516681671,31.11510791366906,nan,0.0,nan,5.83407616,nan,nan,16.0,0.0,16,nan
4.785270444552103,31.11510791366906,nan,0.0,nan,5.83407616,nan,nan,16.0,0.0,16,nan
4.801946798960368,31.654676258992808,nan,0.0,nan,5.83407616,nan,nan,16.0,0.0,16,nan
4.8186231335004175,29.136690647482013,nan,0.0,nan,5.836173312,nan,nan,15.0,0.0,16,nan
4.835296603043874,30.935251798561147,nan,0.0,nan,5.836173312,nan,nan,16.0,0.0,16,nan
4.851971789201101,30.935251798561147,nan,0.0,nan,5.836173312,nan,nan,16.0,0.0,16,nan
4.868646252155304,30.935251798561147,nan,0.0,nan,5.836173312,nan,nan,16.0,0.0,16,nan
4.885318048795065,31.294964028776985,nan,0.0,nan,5.836173312,nan,nan,16.0,0.0,16,nan
4.901987326145172,31.294964028776985,nan,0.0,nan,5.836173312,nan,nan,16.0,0.0,16,nan
4.91866401831309,31.294964028776985,nan,0.0,nan,5.836173312,nan,nan,16.0,0.0,16,nan
4.935335465272268,31.294964028776985,nan,0.0,nan,5.836173312,nan,nan,16.0,0.0,16,nan
4.952009057998657,31.294964028776985,nan,0.0,nan,5.836173312,nan,nan,16.0,0.0,16,nan
4.968685694535574,31.294964028776985,nan,0.0,nan,5.836173312,nan,nan,16.0,0.0,16,nan
4.985357093811035,29.496402877697847,nan,0.0,nan,5.836173312,nan,nan,15.0,0.0,16,nan
5.002030754089356,31.474820143884898,nan,0.0,nan,5.836173312,nan,nan,16.0,0.0,16,nan
5.018703345457713,29.856115107913674,nan,0.0,nan,5.836173312,nan,nan,15.0,0.0,16,nan
5.035376560688019,28.776978417266186,nan,0.0,nan,5.836173312,nan,nan,15.0,0.0,16,nan
5.052053360144297,31.11510791366906,nan,0.0,nan,5.836173312,nan,nan,16.0,0.0,16,nan
5.068727366129557,31.294964028776985,nan,0.0,nan,5.836173312,nan,nan,16.0,0.0,16,nan
5.085405194759369,28.9568345323741,nan,0.0,nan,5.836173312,nan,nan,15.0,0.0,16,nan
5.102077452341716,29.316546762589923,nan,0.0,nan,5.836173312,nan,nan,15.0,0.0,16,nan
5.11875407298406,31.294964028776985,nan,0.0,nan,5.84456192,nan,nan,16.0,0.0,16,nan
5.135427447160085,28.9568345323741,nan,0.0,nan,5.84456192,nan,nan,15.0,0.0,16,nan
5.152102760473887,31.11510791366906,nan,0.0,nan,5.84456192,nan,nan,16.0,0.0,16,nan
5.168773798147837,28.9568345323741,nan,0.0,nan,5.846659072,nan,nan,15.0,0.0,16,nan
5.1854468782742815,31.294964028776985,nan,0.0,nan,5.846659072,nan,nan,16.0,0.0,16,nan
5.202118297417958,29.496402877697847,nan,0.0,nan,5.846659072,nan,nan,15.0,0.0,16,nan
5.218791830539703,31.474820143884898,nan,0.0,nan,5.846659072,nan,nan,16.0,0.0,16,nan
5.235471216837565,27.338129496402875,nan,0.0,nan,5.848756224,nan,nan,14.0,0.0,16,nan
5.252148040135702,31.654676258992808,nan,0.0,nan,5.848756224,nan,nan,16.0,0.0,16,nan
5.268821680545807,32.194244604316545,nan,0.0,nan,5.848756224,nan,nan,16.0,0.0,16,nan
5.28549557129542,27.15827338129496,nan,0.0,nan,5.8760192,nan,nan,14.0,0.0,16,nan
5.302166406313578,30.935251798561147,nan,0.0,nan,5.94941952,nan,nan,16.0,0.0,16,nan
5.318841882546743,28.9568345323741,nan,0.0,nan,5.953613824,nan,nan,15.0,0.0,16,nan
5.335522095362346,29.496402877697847,nan,0.0,nan,6.0018688,nan,nan,15.0,0.0,16,nan
5.35219581524531,30.935251798561147,nan,0.0,nan,6.0018688,nan,nan,16.0,0.0,16,nan
5.36886864900589,30.935251798561147,nan,0.0,nan,6.0018688,nan,nan,16.0,0.0,16,nan
5.3855395913124084,30.935251798561147,nan,0.0,nan,6.0018688,nan,nan,16.0,0.0,16,nan
5.402210557460785,31.11510791366906,nan,0.0,nan,6.0018688,nan,nan,16.0,0.0,16,nan
5.418889892101288,29.496402877697847,nan,0.0,nan,6.003965952,nan,nan,15.0,0.0,16,nan
5.435563878218333,29.136690647482013,nan,0.0,nan,6.060589056,nan,nan,15.0,0.0,16,nan
5.45223970413208,29.316546762589923,nan,0.0,nan,6.073171968,nan,nan,15.0,0.0,16,nan
5.468914286295573,27.877697841726622,nan,0.0,nan,6.087868416,nan,nan,14.0,0.0,16,nan
5.48558935324351,29.496402877697847,nan,0.0,nan,6.098354176,nan,nan,15.0,0.0,16,nan
5.502264249324798,29.856115107913674,nan,0.0,nan,6.115131392,nan,nan,15.0,0.0,16,nan
5.518937774499258,29.496402877697847,nan,0.0,nan,5.594505216,nan,nan,15.0,0.0,16,nan
5.535613497098287,30.39568345323741,nan,0.0,nan,5.804711936,nan,nan,16.0,0.0,16,nan
5.552284892400106,26.258992805755398,nan,0.0,nan,5.813100544,nan,nan,14.0,0.0,16,nan
5.568960738182068,31.83453237410072,nan,0.0,nan,5.819392,nan,nan,16.0,0.0,16,nan
5.585638344287872,29.496402877697847,nan,0.0,nan,5.819392,nan,nan,15.0,0.0,16,nan
5.602307923634847,30.035971223021583,nan,0.0,nan,5.819392,nan,nan,16.0,0.0,16,nan
5.6189812024434405,27.517985611510788,nan,0.0,nan,5.84876032,nan,nan,15.0,0.0,16,nan
5.635655152797699,30.39568345323741,nan,0.0,nan,5.857148928,nan,nan,16.0,0.0,16,nan
5.652325256665548,29.496402877697847,nan,0.0,nan,5.857148928,nan,nan,15.0,0.0,16,nan
5.669006363550822,25.899280575539574,nan,0.0,nan,5.857148928,nan,nan,14.0,0.0,16,nan
5.685675446192423,27.697841726618712,nan,0.0,nan,5.85924608,nan,nan,15.0,0.0,16,nan
5.70234739780426,26.079136690647488,nan,0.0,nan,5.863440384,nan,nan,14.0,0.0,16,nan
5.7190186977386475,23.56115107913669,nan,0.0,nan,5.907480576,nan,nan,13.0,0.0,16,nan
5.735688571135203,27.877697841726622,nan,0.0,nan,5.96410368,nan,nan,15.0,0.0,16,nan
5.752361885706583,28.057553956834536,nan,0.0,nan,5.982978048,nan,nan,15.0,0.0,16,nan
5.7690338611602785,25.899280575539574,nan,0.0,nan,5.9850752,nan,nan,14.0,0.0,16,nan
5.785707875092824,26.43884892086331,nan,0.0,nan,5.9850752,nan,nan,14.0,0.0,16,nan
5.8023865977923075,28.9568345323741,nan,0.0,nan,5.580111872,nan,nan,15.0,0.0,16,nan
5.819060758749644,29.136690647482013,nan,0.0,nan,5.590597632,nan,nan,16.0,0.0,16,nan
5.8357365806897485,29.136690647482013,nan,0.0,nan,5.590597632,nan,nan,16.0,0.0,16,nan
5.852410169442495,29.136690647482013,nan,0.0,nan,5.590597632,nan,nan,16.0,0.0,16,nan
5.869086889425914,28.41726618705036,nan,0.0,nan,5.651464192,nan,nan,15.0,0.0,16,nan
5.885763593514761,29.316546762589923,nan,0.0,nan,5.651464192,nan,nan,16.0,0.0,16,nan
5.902438898881276,29.316546762589923,nan,0.0,nan,5.651464192,nan,nan,16.0,0.0,16,nan
5.919113834698995,27.517985611510788,nan,0.0,nan,5.651464192,nan,nan,15.0,0.0,16,nan
5.93578804731369,29.136690647482013,nan,0.0,nan,5.651464192,nan,nan,15.0,0.0,16,nan
5.952458850542704,29.67625899280576,nan,0.0,nan,5.651464192,nan,nan,16.0,0.0,16,nan
5.969135610262553,29.67625899280576,nan,0.0,nan,5.651464192,nan,nan,16.0,0.0,16,nan
5.985808237393697,29.856115107913674,nan,0.0,nan,5.651464192,nan,nan,16.0,0.0,16,nan
6.002485060691834,30.575539568345324,nan,0.0,nan,5.651464192,nan,nan,16.0,0.0,16,nan
6.019160584608714,27.697841726618712,nan,0.0,nan,5.6598528,nan,nan,15.0,0.0,16,nan
6.035837515195211,29.136690647482013,nan,0.0,nan,5.664047104,nan,nan,16.0,0.0,16,nan
6.052510213851929,27.697841726618712,nan,0.0,nan,5.676630016,nan,nan,15.0,0.0,16,nan
6.069186246395111,29.316546762589923,nan,0.0,nan,5.689212928,nan,nan,16.0,0.0,16,nan
6.085858865578969,29.316546762589923,nan,0.0,nan,5.689212928,nan,nan,16.0,0.0,16,nan
6.102529521783193,28.057553956834536,nan,0.0,nan,5.689212928,nan,nan,15.0,0.0,16,nan
6.119203317165375,28.23741007194245,nan,0.0,nan,5.689212928,nan,nan,15.0,0.0,16,nan
6.1358762860298155,29.496402877697847,nan,0.0,nan,5.689212928,nan,nan,16.0,0.0,16,nan
6.152551833788554,27.877697841726622,nan,0.0,nan,5.689212928,nan,nan,15.0,0.0,16,nan
6.169224639733632,29.67625899280576,nan,0.0,nan,5.689212928,nan,nan,16.0,0.0,16,nan
6.185901216665903,27.877697841726622,nan,0.0,nan,5.689212928,nan,nan,15.0,0.0,16,nan
6.202572838465373,27.877697841726622,nan,0.0,nan,5.69131008,nan,nan,15.0,0.0,16,nan
6.219243780771891,29.67625899280576,nan,0.0,nan,5.693407232,nan,nan,16.0,0.0,16,nan
6.235921124617259,29.856115107913674,nan,0.0,nan,5.693407232,nan,nan,16.0,0.0,16,nan
6.252593445777893,29.856115107913674,nan,0.0,nan,5.693407232,nan,nan,16.0,0.0,16,nan
6.269271234671275,30.575539568345324,nan,0.0,nan,5.693407232,nan,nan,16.0,0.0,16,nan
6.285942884286245,28.23741007194245,nan,0.0,nan,5.693407232,nan,nan,15.0,0.0,16,nan
6.302620164553324,25.899280575539574,nan,0.0,nan,5.693407232,nan,nan,14.0,0.0,16,nan
6.31929444471995,30.035971223021583,nan,0.0,nan,5.693407232,nan,nan,16.0,0.0,16,nan
6.335969388484955,28.597122302158272,nan,0.0,nan,5.760536576,nan,nan,15.0,0.0,16,nan
6.352644658088684,30.575539568345324,nan,0.0,nan,5.787795456,nan,nan,16.0,0.0,16,nan
6.369323233763377,26.258992805755398,nan,0.0,nan,5.840224256,nan,nan,14.0,0.0,16,nan
6.385997609297434,26.258992805755398,nan,0.0,nan,5.852807168,nan,nan,14.0,0.0,16,nan
6.402672564983368,30.39568345323741,nan,0.0,nan,5.85490432,nan,nan,16.0,0.0,16,nan
6.419346610705058,30.39568345323741,nan,0.0,nan,5.85490432,nan,nan,16.0,0.0,16,nan
6.436016714572906,30.575539568345324,nan,0.0,nan,5.85490432,nan,nan,16.0,0.0,16,nan
6.452689933776855,28.597122302158272,nan,0.0,nan,5.85490432,nan,nan,15.0,0.0,16,nan
6.469362636407216,27.15827338129496,nan,0.0,nan,5.873811456,nan,nan,14.0,0.0,16,nan
6.486037341753642,31.294964028776985,nan,0.0,nan,5.873811456,nan,nan,16.0,0.0,16,nan
6.50270916223526,29.67625899280576,nan,0.0,nan,5.873811456,nan,nan,15.0,0.0,16,nan
6.519385000069936,28.9568345323741,nan,0.0,nan,5.875908608,nan,nan,15.0,0.0,16,nan
6.536058322588603,29.136690647482013,nan,0.0,nan,5.875908608,nan,nan,15.0,0.0,16,nan
6.5527278502782185,26.798561151079138,nan,0.0,nan,5.875908608,nan,nan,14.0,0.0,16,nan
6.569402746359507,26.978417266187048,nan,0.0,nan,5.875908608,nan,nan,14.0,0.0,16,nan
6.586076764265696,27.517985611510788,nan,0.0,nan,5.875908608,nan,nan,14.0,0.0,16,nan
6.602750464280446,29.316546762589923,nan,0.0,nan,5.875908608,nan,nan,15.0,0.0,16,nan
6.619422276814778,31.11510791366906,nan,0.0,nan,5.875908608,nan,nan,16.0,0.0,16,nan
6.63609657684962,31.11510791366906,nan,0.0,nan,5.875908608,nan,nan,16.0,0.0,16,nan
6.65277175505956,28.776978417266186,nan,0.0,nan,5.875908608,nan,nan,15.0,0.0,16,nan
6.66944534778595,31.474820143884898,nan,0.0,nan,5.884297216,nan,nan,16.0,0.0,16,nan
6.686119596163432,28.9568345323741,nan,0.0,nan,6.228230144,nan,nan,15.0,0.0,16,nan
6.702793208758036,29.316546762589923,nan,0.0,nan,6.261784576,nan,nan,15.0,0.0,16,nan
6.719464115301768,29.496402877697847,nan,0.0,nan,6.263881728,nan,nan,15.0,0.0,16,nan
6.736138208707174,29.67625899280576,nan,0.0,nan,6.263881728,nan,nan,15.0,0.0,16,nan
6.752811710039775,32.194244604316545,nan,0.0,nan,6.263881728,nan,nan,16.0,0.0,16,nan
6.769485799471537,32.194244604316545,nan,0.0,nan,6.263881728,nan,nan,16.0,0.0,16,nan
6.786159574985504,32.37410071942446,nan,0.0,nan,6.263881728,nan,nan,16.0,0.0,16,nan
6.802836414178213,32.37410071942446,nan,0.0,nan,6.263881728,nan,nan,16.0,0.0,16,nan
6.819509470462799,32.37410071942446,nan,0.0,nan,6.263881728,nan,nan,16.0,0.0,16,nan
6.8361807028452555,32.37410071942446,nan,0.0,nan,6.263881728,nan,nan,16.0,0.0,16,nan
6.852853806813558,29.856115107913674,nan,0.0,nan,6.270173184,nan,nan,15.0,0.0,16,nan
6.869527820746104,29.856115107913674,nan,0.0,nan,6.270173184,nan,nan,15.0,0.0,16,nan
6.8862011432647705,30.39568345323741,nan,0.0,nan,6.270173184,nan,nan,15.0,0.0,16,nan
6.902875332037608,32.37410071942446,nan,0.0,nan,6.270173184,nan,nan,16.0,0.0,16,nan
6.919553669293721,32.55395683453237,nan,0.0,nan,6.270173184,nan,nan,16.0,0.0,16,nan
6.936225505669912,25.179856115107913,nan,0.0,nan,6.270173184,nan,nan,13.0,0.0,16,nan
6.952904136975606,32.37410071942446,nan,0.0,nan,6.270173184,nan,nan,16.0,0.0,16,nan
6.9695780595143635,32.37410071942446,nan,0.0,nan,6.270173184,nan,nan,16.0,0.0,16,nan
6.98625439008077,30.035971223021583,nan,0.0,nan,6.274367488,nan,nan,15.0,0.0,16,nan
7.002929711341858,32.73381294964028,nan,0.0,nan,6.274367488,nan,nan,16.0,0.0,16,nan
7.019604702790578,32.73381294964028,nan,0.0,nan,6.274367488,nan,nan,16.0,0.0,16,nan
7.036284736792246,27.15827338129496,nan,0.0,nan,6.274367488,nan,nan,14.0,0.0,16,nan
7.052958695093791,30.755395683453234,nan,0.0,nan,6.289047552,nan,nan,15.0,0.0,16,nan
7.069639118512471,30.935251798561147,nan,0.0,nan,6.42326528,nan,nan,15.0,0.0,16,nan
7.086312743028005,28.41726618705036,nan,0.0,nan,6.448431104,nan,nan,14.0,0.0,16,nan
7.102987019220988,31.11510791366906,nan,0.0,nan,6.463111168,nan,nan,15.0,0.0,16,nan
7.119659467538198,32.9136690647482,nan,0.0,nan,6.463111168,nan,nan,16.0,0.0,16,nan
7.136330191294352,32.9136690647482,nan,0.0,nan,6.463111168,nan,nan,16.0,0.0,16,nan
7.153002719084422,28.23741007194245,nan,0.0,nan,6.521831424,nan,nan,14.0,0.0,16,nan
7.169678254922231,28.9568345323741,nan,0.0,nan,6.542811136,nan,nan,14.0,0.0,16,nan
7.186353377501169,28.41726618705036,nan,0.0,nan,6.551199744,nan,nan,14.0,0.0,16,nan
7.203029215335846,28.597122302158272,nan,0.0,nan,6.36223488,nan,nan,14.0,0.0,16,nan
7.219704886277516,32.014388489208635,nan,0.0,nan,6.36223488,nan,nan,16.0,0.0,16,nan
7.236377600828806,32.014388489208635,nan,0.0,nan,6.36223488,nan,nan,16.0,0.0,16,nan
7.25305544535319,32.194244604316545,nan,0.0,nan,6.36223488,nan,nan,16.0,0.0,16,nan
7.26972929239273,31.294964028776985,nan,0.0,nan,6.4044032,nan,nan,15.0,0.0,16,nan
7.286403906345368,32.014388489208635,nan,0.0,nan,6.406500352,nan,nan,16.0,0.0,16,nan
7.303078305721283,32.194244604316545,nan,0.0,nan,6.406500352,nan,nan,16.0,0.0,16,nan
7.319755880037944,29.496402877697847,nan,0.0,nan,6.911913984,nan,nan,15.0,0.0,16,nan
7.336428093910217,28.41726618705036,nan,0.0,nan,6.91820544,nan,nan,14.0,0.0,16,nan
7.353104213873546,32.014388489208635,nan,0.0,nan,6.91820544,nan,nan,16.0,0.0,16,nan
7.369778120517731,32.014388489208635,nan,0.0,nan,6.91820544,nan,nan,16.0,0.0,16,nan
7.386454689502716,32.014388489208635,nan,0.0,nan,6.968537088,nan,nan,15.0,0.0,16,nan
7.4031283815701805,32.194244604316545,nan,0.0,nan,6.968537088,nan,nan,16.0,0.0,16,nan
7.4198041995366415,32.37410071942446,nan,0.0,nan,6.968537088,nan,nan,16.0,0.0,16,nan
7.436476425329844,34.172661870503596,nan,0.0,nan,6.976925696,nan,nan,16.0,0.0,16,nan
7.453145333131155,32.73381294964028,nan,0.0,nan,6.976925696,nan,nan,16.0,0.0,16,nan
7.46981657743454,32.9136690647482,nan,0.0,nan,6.976925696,nan,nan,16.0,0.0,16,nan
7.486488676071167,29.856115107913674,nan,0.0,nan,6.976925696,nan,nan,14.0,0.0,16,nan
7.503161303202311,30.215827338129497,nan,0.0,nan,6.976925696,nan,nan,15.0,0.0,16,nan
7.519837327798208,33.09352517985612,nan,0.0,nan,6.985314304,nan,nan,16.0,0.0,16,nan
7.536510793368022,33.27338129496403,nan,0.0,nan,6.985314304,nan,nan,16.0,0.0,16,nan
7.55318497021993,28.776978417266186,nan,0.0,nan,6.985314304,nan,nan,14.0,0.0,16,nan
7.569858797391256,33.27338129496403,nan,0.0,nan,6.985314304,nan,nan,16.0,0.0,16,nan
7.586535163720449,31.294964028776985,nan,0.0,nan,6.985314304,nan,nan,15.0,0.0,16,nan
7.60320657491684,32.014388489208635,nan,0.0,nan,6.985314304,nan,nan,15.0,0.0,16,nan
7.61987996896108,33.09352517985612,nan,0.0,nan,6.997897216,nan,nan,16.0,0.0,16,nan
7.636553561687469,33.09352517985612,nan,0.0,nan,6.997897216,nan,nan,16.0,0.0,16,nan
7.653226224581401,30.935251798561147,nan,0.0,nan,6.997897216,nan,nan,15.0,0.0,16,nan
7.669900461037954,33.27338129496403,nan,0.0,nan,6.997897216,nan,nan,16.0,0.0,16,nan
7.68657363653183,27.877697841726622,nan,0.0,nan,6.997897216,nan,nan,13.0,0.0,16,nan
7.703246756394704,32.9136690647482,nan,0.0,nan,6.999994368,nan,nan,16.0,0.0,16,nan
7.719921147823333,32.9136690647482,nan,0.0,nan,7.00209152,nan,nan,16.0,0.0,16,nan
7.736594378948212,31.294964028776985,nan,0.0,nan,7.00209152,nan,nan,15.0,0.0,16,nan
7.753269135951996,33.45323741007194,nan,0.0,nan,7.00209152,nan,nan,16.0,0.0,16,nan
7.769941719373067,32.9136690647482,nan,0.0,nan,7.00209152,nan,nan,16.0,0.0,16,nan
7.78661425113678,32.9136690647482,nan,0.0,nan,7.00209152,nan,nan,16.0,0.0,16,nan
7.803287978967031,33.45323741007194,nan,0.0,nan,7.00209152,nan,nan,16.0,0.0,16,nan
7.8199609835942585,33.45323741007194,nan,0.0,nan,7.00209152,nan,nan,16.0,0.0,16,nan
7.836634675661723,33.27338129496403,nan,0.0,nan,7.00209152,nan,nan,16.0,0.0,16,nan
7.853307104110717,30.575539568345324,nan,0.0,nan,7.00209152,nan,nan,15.0,0.0,16,nan
7.869979453086853,30.575539568345324,nan,0.0,nan,7.00209152,nan,nan,15.0,0.0,16,nan
7.886649250984192,28.597122302158272,nan,0.0,nan,7.00209152,nan,nan,14.0,0.0,16,nan
7.903320368131002,33.45323741007194,nan,0.0,nan,7.00209152,nan,nan,16.0,0.0,16,nan
7.919994191328684,28.9568345323741,nan,0.0,nan,7.00209152,nan,nan,14.0,0.0,16,nan
7.936666210492452,29.856115107913674,nan,0.0,nan,7.00209152,nan,nan,14.0,0.0,16,nan
7.953338519732157,33.27338129496403,nan,0.0,nan,7.025160192,nan,nan,16.0,0.0,16,nan
7.970011035601298,30.575539568345324,nan,0.0,nan,7.025160192,nan,nan,15.0,0.0,16,nan
7.98668893178304,24.820143884892087,nan,0.0,nan,7.027257344,nan,nan,13.0,0.0,16,nan
8.003364443778992,29.856115107913674,nan,0.0,nan,7.136309248,nan,nan,15.0,0.0,16,nan
8.020041127999624,26.43884892086331,nan,0.0,nan,7.150989312,nan,nan,13.0,0.0,16,nan
8.036711657047272,29.496402877697847,nan,0.0,nan,7.165693952,nan,nan,15.0,0.0,16,nan
8.053384975592296,29.496402877697847,nan,0.0,nan,7.178276864,nan,nan,15.0,0.0,16,nan
8.070060070355733,27.517985611510788,nan,0.0,nan,7.186665472,nan,nan,14.0,0.0,16,nan
8.086740811665853,30.035971223021583,nan,0.0,nan,7.192956928,nan,nan,15.0,0.0,16,nan
8.103422852357228,28.41726618705036,nan,0.0,nan,7.199248384,nan,nan,14.0,0.0,16,nan
8.120097466309865,27.338129496402875,nan,0.0,nan,7.20553984,nan,nan,14.0,0.0,16,nan
8.136771674950918,27.517985611510788,nan,0.0,nan,7.213928448,nan,nan,14.0,0.0,16,nan
8.153445641199747,30.755395683453234,nan,0.0,nan,7.2160256,nan,nan,15.0,0.0,16,nan
8.17012034257253,27.338129496402875,nan,0.0,nan,7.2160256,nan,nan,13.0,0.0,16,nan
8.186797598997751,30.935251798561147,nan,0.0,nan,7.2160256,nan,nan,15.0,0.0,16,nan
8.20347067117691,29.316546762589923,nan,0.0,nan,7.2160256,nan,nan,14.0,0.0,16,nan
8.220143755276998,31.474820143884898,nan,0.0,nan,7.218122752,nan,nan,15.0,0.0,16,nan
8.236819001038869,31.474820143884898,nan,0.0,nan,7.218122752,nan,nan,15.0,0.0,16,nan
8.25349139769872,26.978417266187048,nan,0.0,nan,7.220219904,nan,nan,13.0,0.0,16,nan
8.27016388575236,29.316546762589923,nan,0.0,nan,7.224414208,nan,nan,14.0,0.0,16,nan
8.286834279696146,34.71223021582733,nan,0.0,nan,7.224414208,nan,nan,16.0,0.0,16,nan
8.303505631287893,32.55395683453237,nan,0.0,nan,7.224414208,nan,nan,15.0,0.0,16,nan
8.320178639888763,34.71223021582733,nan,0.0,nan,7.224414208,nan,nan,16.0,0.0,16,nan
8.336854692300161,32.9136690647482,nan,0.0,nan,7.224414208,nan,nan,15.0,0.0,16,nan
8.353536140918731,32.73381294964028,nan,0.0,nan,7.224414208,nan,nan,15.0,0.0,16,nan
8.370218463738759,26.798561151079138,nan,0.0,nan,7.25796864,nan,nan,13.0,0.0,16,nan
8.386891233921052,31.294964028776985,nan,0.0,nan,7.260065792,nan,nan,15.0,0.0,16,nan
8.403564115365347,29.67625899280576,nan,0.0,nan,7.260065792,nan,nan,14.0,0.0,16,nan
8.420237104098002,34.352517985611506,nan,0.0,nan,7.260065792,nan,nan,16.0,0.0,16,nan
8.436909373601278,34.71223021582733,nan,0.0,nan,7.260065792,nan,nan,16.0,0.0,16,nan
8.453585867087046,32.194244604316545,nan,0.0,nan,7.2684544,nan,nan,15.0,0.0,16,nan
8.470257512728374,33.27338129496403,nan,0.0,nan,7.27894016,nan,nan,15.0,0.0,16,nan
8.486939668655396,33.27338129496403,nan,0.0,nan,7.302017024,nan,nan,15.0,0.0,16,nan
8.503613738218943,33.27338129496403,nan,0.0,nan,7.310405632,nan,nan,15.0,0.0,16,nan
8.520287855466206,32.194244604316545,nan,0.0,nan,7.310405632,nan,nan,15.0,0.0,16,nan
8.536960852146148,30.575539568345324,nan,0.0,nan,7.310405632,nan,nan,14.0,0.0,16,nan
8.553639860947927,29.856115107913674,nan,0.0,nan,7.327182848,nan,nan,13.0,0.0,16,nan
8.570321214199065,33.45323741007194,nan,0.0,nan,7.377514496,nan,nan,15.0,0.0,16,nan
8.58699590365092,30.575539568345324,nan,0.0,nan,7.408971776,nan,nan,14.0,0.0,16,nan
8.603669738769531,33.63309352517986,nan,0.0,nan,7.415263232,nan,nan,15.0,0.0,16,nan
8.62034287850062,33.81294964028777,nan,0.0,nan,7.415263232,nan,nan,15.0,0.0,16,nan
8.637014559904735,33.81294964028777,nan,0.0,nan,7.415263232,nan,nan,15.0,0.0,16,nan
8.653688128789266,33.81294964028777,nan,0.0,nan,7.415263232,nan,nan,15.0,0.0,16,nan
8.670361804962159,33.992805755395686,nan,0.0,nan,7.415263232,nan,nan,15.0,0.0,16,nan
8.687035699685415,31.294964028776985,nan,0.0,nan,7.425748992,nan,nan,14.0,0.0,16,nan
8.703710440794627,30.935251798561147,nan,0.0,nan,7.4341376,nan,nan,14.0,0.0,16,nan
8.720386203130086,28.597122302158272,nan,0.0,nan,7.436234752,nan,nan,13.0,0.0,16,nan
8.737059621016185,30.935251798561147,nan,0.0,nan,7.436234752,nan,nan,14.0,0.0,16,nan
8.75373579263687,30.935251798561147,nan,0.0,nan,7.436234752,nan,nan,14.0,0.0,16,nan
8.77040710846583,30.935251798561147,nan,0.0,nan,7.436234752,nan,nan,14.0,0.0,16,nan
8.787080200513204,32.55395683453237,nan,0.0,nan,7.436234752,nan,nan,15.0,0.0,16,nan
8.803752799828848,35.97122302158273,nan,0.0,nan,7.436234752,nan,nan,16.0,0.0,16,nan
8.820425887902578,35.97122302158273,nan,0.0,nan,7.436234752,nan,nan,16.0,0.0,16,nan
8.837101225058237,35.97122302158273,nan,0.0,nan,7.436234752,nan,nan,16.0,0.0,16,nan
8.853773820400239,34.172661870503596,nan,0.0,nan,7.436234752,nan,nan,15.0,0.0,16,nan
8.870446797211965,34.172661870503596,nan,0.0,nan,7.436234752,nan,nan,15.0,0.0,16,nan
8.88711698849996,31.294964028776985,nan,0.0,nan,7.436234752,nan,nan,14.0,0.0,16,nan
8.903791801134746,31.294964028776985,nan,0.0,nan,7.436234752,nan,nan,14.0,0.0,16,nan
8.92046247323354,28.776978417266186,nan,0.0,nan,7.436234752,nan,nan,13.0,0.0,16,nan
8.93713445663452,31.11510791366906,nan,0.0,nan,7.436234752,nan,nan,14.0,0.0,16,nan
8.953805768489838,31.474820143884898,nan,0.0,nan,7.436234752,nan,nan,14.0,0.0,16,nan
8.970477207501729,31.654676258992808,nan,0.0,nan,7.436234752,nan,nan,14.0,0.0,16,nan
8.987147621313731,33.63309352517986,nan,0.0,nan,7.446720512,nan,nan,15.0,0.0,16,nan
9.00381831328074,33.81294964028777,nan,0.0,nan,7.446720512,nan,nan,15.0,0.0,16,nan
9.020488961537678,34.172661870503596,nan,0.0,nan,7.446720512,nan,nan,15.0,0.0,16,nan
9.037158954143525,30.575539568345324,nan,0.0,nan,7.446720512,nan,nan,14.0,0.0,16,nan
9.053838237126667,36.15107913669065,nan,0.0,nan,7.446720512,nan,nan,16.0,0.0,16,nan
9.07050790389379,33.992805755395686,nan,0.0,nan,7.446720512,nan,nan,15.0,0.0,16,nan
9.087178893884023,33.45323741007194,nan,0.0,nan,7.446720512,nan,nan,15.0,0.0,16,nan
9.103855458895366,33.45323741007194,nan,0.0,nan,7.446720512,nan,nan,15.0,0.0,16,nan
9.120526802539825,31.474820143884898,nan,0.0,nan,7.731924992,nan,nan,14.0,0.0,16,nan
9.137197701136271,28.9568345323741,nan,0.0,nan,7.80322816,nan,nan,13.0,0.0,16,nan
9.153873364130655,32.194244604316545,nan,0.0,nan,7.81371392,nan,nan,14.0,0.0,16,nan
9.170544385910034,32.194244604316545,nan,0.0,nan,7.815811072,nan,nan,14.0,0.0,16,nan
9.187223895390828,30.39568345323741,nan,0.0,nan,7.840976896,nan,nan,13.0,0.0,16,nan
9.203893303871155,31.83453237410072,nan,0.0,nan,7.851462656,nan,nan,14.0,0.0,16,nan
9.220570917924245,28.776978417266186,nan,0.0,nan,7.885017088,nan,nan,13.0,0.0,16,nan
9.237245273590087,32.014388489208635,nan,0.0,nan,7.885017088,nan,nan,14.0,0.0,16,nan
9.2539213180542,32.014388489208635,nan,0.0,nan,7.88711424,nan,nan,14.0,0.0,16,nan
9.270595808823904,32.014388489208635,nan,0.0,nan,7.88711424,nan,nan,14.0,0.0,16,nan
9.287268761793772,34.53237410071942,nan,0.0,nan,7.88711424,nan,nan,15.0,0.0,16,nan
9.303942473729451,32.194244604316545,nan,0.0,nan,7.88711424,nan,nan,14.0,0.0,16,nan
9.320621128877004,29.316546762589923,nan,0.0,nan,7.88711424,nan,nan,13.0,0.0,16,nan
9.337290465831757,32.55395683453237,nan,0.0,nan,7.920668672,nan,nan,15.0,0.0,16,nan
9.353959969679515,32.73381294964028,nan,0.0,nan,7.920668672,nan,nan,15.0,0.0,16,nan
9.370637035369873,33.45323741007194,nan,0.0,nan,7.920668672,nan,nan,15.0,0.0,16,nan
9.387312551339468,33.992805755395686,nan,0.0,nan,7.920668672,nan,nan,15.0,0.0,16,nan
9.403985452651977,35.97122302158273,nan,0.0,nan,7.920668672,nan,nan,16.0,0.0,16,nan
9.42065879503886,36.15107913669065,nan,0.0,nan,7.920668672,nan,nan,16.0,0.0,16,nan
9.43733674287796,36.33093525179856,nan,0.0,nan,7.920668672,nan,nan,16.0,0.0,16,nan
9.454011599222818,36.51079136690647,nan,0.0,nan,7.920668672,nan,nan,16.0,0.0,16,nan
9.470682565371195,31.654676258992808,nan,0.0,nan,7.920668672,nan,nan,14.0,0.0,16,nan
9.487351910273235,33.992805755395686,nan,0.0,nan,7.920668672,nan,nan,15.0,0.0,16,nan
9.50402543147405,19.784172661870503,nan,0.0,nan,7.920668672,nan,nan,10.0,0.0,16,nan
9.520703220367432,27.338129496402875,nan,0.0,nan,7.933251584,nan,nan,13.0,0.0,16,nan
9.537377933661142,27.338129496402875,nan,0.0,nan,7.935348736,nan,nan,13.0,0.0,16,nan
9.554053942362467,27.338129496402875,nan,0.0,nan,7.935348736,nan,nan,13.0,0.0,16,nan
9.570729223887126,27.517985611510788,nan,0.0,nan,7.935348736,nan,nan,13.0,0.0,16,nan
9.587402562300364,30.215827338129497,nan,0.0,nan,7.937445888,nan,nan,14.0,0.0,16,nan
9.604077800114949,30.215827338129497,nan,0.0,nan,7.937445888,nan,nan,14.0,0.0,16,nan
9.620755704243978,27.517985611510788,nan,0.0,nan,7.941640192,nan,nan,13.0,0.0,16,nan
9.63742928504944,30.935251798561147,nan,0.0,nan,6.932619264,nan,nan,14.0,0.0,16,nan
9.654105194409688,29.316546762589923,nan,0.0,nan,6.966267904,nan,nan,14.0,0.0,16,nan
9.670780324935913,29.316546762589923,nan,0.0,nan,6.974656512,nan,nan,14.0,0.0,16,nan
9.687451167901356,27.15827338129496,nan,0.0,nan,6.978850816,nan,nan,13.0,0.0,16,nan
9.704125126202902,26.618705035971225,nan,0.0,nan,6.989336576,nan,nan,13.0,0.0,16,nan
9.720795845985412,29.316546762589923,nan,0.0,nan,6.99353088,nan,nan,14.0,0.0,16,nan
9.737467571099598,31.474820143884898,nan,0.0,nan,6.995628032,nan,nan,15.0,0.0,16,nan
9.754137229919433,33.992805755395686,nan,0.0,nan,7.039705088,nan,nan,15.0,0.0,16,nan
9.770807659626007,34.352517985611506,nan,0.0,nan,7.039705088,nan,nan,16.0,0.0,16,nan
9.787480545043945,34.352517985611506,nan,0.0,nan,7.039705088,nan,nan,16.0,0.0,16,nan
9.804153696695964,31.294964028776985,nan,0.0,nan,7.039705088,nan,nan,15.0,0.0,16,nan
9.82082931995392,29.496402877697847,nan,0.0,nan,7.04180224,nan,nan,14.0,0.0,16,nan
9.837499797344208,30.575539568345324,nan,0.0,nan,7.04180224,nan,nan,14.0,0.0,16,nan
9.85417618751526,31.83453237410072,nan,0.0,nan,7.066968064,nan,nan,15.0,0.0,16,nan
9.870851043860117,30.035971223021583,nan,0.0,nan,7.066968064,nan,nan,14.0,0.0,16,nan
9.887528411547343,29.136690647482013,nan,0.0,nan,7.066968064,nan,nan,14.0,0.0,16,nan
9.904200506210326,30.755395683453234,nan,0.0,nan,7.077453824,nan,nan,14.0,0.0,16,nan
9.920871698856354,32.194244604316545,nan,0.0,nan,7.077453824,nan,nan,15.0,0.0,16,nan
9.937546296914418,32.194244604316545,nan,0.0,nan,7.079550976,nan,nan,15.0,0.0,16,nan
9.954220569133758,32.37410071942446,nan,0.0,nan,7.079550976,nan,nan,15.0,0.0,16,nan
9.9708948969841,32.37410071942446,nan,0.0,nan,7.079550976,nan,nan,15.0,0.0,16,nan
9.987572638193766,32.37410071942446,nan,0.0,nan,7.079550976,nan,nan,15.0,0.0,16,nan
10.004247725009918,32.37410071942446,nan,0.0,nan,7.079550976,nan,nan,15.0,0.0,16,nan
10.020920598506928,32.37410071942446,nan,0.0,nan,7.079550976,nan,nan,15.0,0.0,16,nan
10.037597497304281,32.37410071942446,nan,0.0,nan,7.079550976,nan,nan,15.0,0.0,16,nan
10.054269552230835,32.37410071942446,nan,0.0,nan,7.079550976,nan,nan,15.0,0.0,16,nan
10.070944948991139,35.97122302158273,nan,0.0,nan,7.079550976,nan,nan,16.0,0.0,16,nan
10.087621434529622,35.97122302158273,nan,0.0,nan,7.079550976,nan,nan,16.0,0.0,16,nan
10.104294586181641,35.97122302158273,nan,0.0,nan,7.079550976,nan,nan,16.0,0.0,16,nan
10.120971425374348,33.63309352517986,nan,0.0,nan,7.079550976,nan,nan,15.0,0.0,16,nan
10.13764271736145,35.97122302158273,nan,0.0,nan,7.079550976,nan,nan,16.0,0.0,16,nan
10.154314668973287,35.97122302158273,nan,0.0,nan,7.079550976,nan,nan,16.0,0.0,16,nan
10.170985412597656,33.81294964028777,nan,0.0,nan,7.079550976,nan,nan,15.0,0.0,16,nan
10.187657999992371,33.63309352517986,nan,0.0,nan,7.081664512,nan,nan,15.0,0.0,16,nan
10.204337712128957,36.15107913669065,nan,0.0,nan,7.081664512,nan,nan,16.0,0.0,16,nan
10.221014622847239,36.33093525179856,nan,0.0,nan,7.081664512,nan,nan,16.0,0.0,16,nan
10.237686451276144,36.51079136690647,nan,0.0,nan,7.081664512,nan,nan,16.0,0.0,16,nan
10.254363799095154,33.81294964028777,nan,0.0,nan,7.081664512,nan,nan,15.0,0.0,16,nan
10.271036656697591,33.81294964028777,nan,0.0,nan,7.081664512,nan,nan,15.0,0.0,16,nan
10.287709192434948,33.81294964028777,nan,0.0,nan,7.081664512,nan,nan,15.0,0.0,16,nan
10.304380524158478,33.81294964028777,nan,0.0,nan,7.081664512,nan,nan,15.0,0.0,16,nan
10.321054724852244,33.992805755395686,nan,0.0,nan,7.081664512,nan,nan,15.0,0.0,16,nan
10.337727530797322,33.992805755395686,nan,0.0,nan,7.081664512,nan,nan,15.0,0.0,16,nan
10.35440507332484,33.992805755395686,nan,0.0,nan,7.081664512,nan,nan,15.0,0.0,16,nan
10.371074239412943,33.992805755395686,nan,0.0,nan,7.081664512,nan,nan,15.0,0.0,16,nan
10.387745185693104,30.935251798561147,nan,0.0,nan,7.081664512,nan,nan,14.0,0.0,16,nan
10.404418647289276,34.172661870503596,nan,0.0,nan,7.106830336,nan,nan,15.0,0.0,16,nan
10.421091918150584,34.352517985611506,nan,0.0,nan,7.106830336,nan,nan,15.0,0.0,16,nan
10.437763492266336,32.014388489208635,nan,0.0,nan,7.106830336,nan,nan,14.0,0.0,16,nan
10.454438924789429,34.53237410071942,nan,0.0,nan,7.106830336,nan,nan,15.0,0.0,16,nan
10.47111247777939,34.53237410071942,nan,0.0,nan,6.8675584,nan,nan,15.0,0.0,16,nan
10.487785029411317,33.27338129496403,nan,0.0,nan,6.8675584,nan,nan,15.0,0.0,16,nan
10.504459067185719,35.97122302158273,nan,0.0,nan,6.8675584,nan,nan,16.0,0.0,16,nan
10.521133208274842,35.97122302158273,nan,0.0,nan,6.8675584,nan,nan,16.0,0.0,16,nan
10.537805883089701,36.15107913669065,nan,0.0,nan,6.8675584,nan,nan,16.0,0.0,16,nan
10.554477365811666,36.51079136690647,nan,0.0,nan,6.8675584,nan,nan,16.0,0.0,16,nan
10.571152154604594,36.33093525179856,nan,0.0,nan,6.8675584,nan,nan,16.0,0.0,16,nan
10.587826069196066,35.431654676258994,nan,0.0,nan,6.87804416,nan,nan,15.0,0.0,16,nan
10.604504879315694,35.431654676258994,nan,0.0,nan,6.98732544,nan,nan,15.0,0.0,16,nan
10.621179644266764,36.15107913669065,nan,0.0,nan,6.98732544,nan,nan,16.0,0.0,16,nan
10.637854341665903,36.15107913669065,nan,0.0,nan,6.98732544,nan,nan,16.0,0.0,16,nan
10.654528347651164,36.15107913669065,nan,0.0,nan,6.98732544,nan,nan,16.0,0.0,16,nan
10.67120760679245,36.15107913669065,nan,0.0,nan,6.98732544,nan,nan,16.0,0.0,16,nan
10.68788008292516,33.81294964028777,nan,0.0,nan,6.98732544,nan,nan,15.0,0.0,16,nan
10.70455323457718,36.33093525179856,nan,0.0,nan,6.98732544,nan,nan,16.0,0.0,16,nan
10.721224788824717,36.33093525179856,nan,0.0,nan,6.98732544,nan,nan,16.0,0.0,16,nan
10.737895242373149,36.33093525179856,nan,0.0,nan,6.98732544,nan,nan,16.0,0.0,16,nan
10.754570698738098,36.33093525179856,nan,0.0,nan,6.98732544,nan,nan,16.0,0.0,16,nan
10.771246190865835,35.61151079136691,nan,0.0,nan,6.9978112,nan,nan,15.0,0.0,16,nan
10.787918440500896,36.33093525179856,nan,0.0,nan,6.9978112,nan,nan,16.0,0.0,16,nan
10.804591198762258,33.992805755395686,nan,0.0,nan,6.9978112,nan,nan,15.0,0.0,16,nan
10.821263206005096,37.589928057553955,nan,0.0,nan,6.999908352,nan,nan,16.0,0.0,16,nan
10.837935880819957,36.15107913669065,nan,0.0,nan,6.999908352,nan,nan,16.0,0.0,16,nan
10.854609052340189,36.15107913669065,nan,0.0,nan,6.999908352,nan,nan,16.0,0.0,16,nan
10.871284608046214,36.33093525179856,nan,0.0,nan,6.999908352,nan,nan,16.0,0.0,16,nan
10.88795778354009,36.51079136690647,nan,0.0,nan,6.999908352,nan,nan,16.0,0.0,16,nan
10.90462741057078,36.51079136690647,nan,0.0,nan,6.999908352,nan,nan,16.0,0.0,16,nan
10.921296493212383,34.172661870503596,nan,0.0,nan,6.999908352,nan,nan,15.0,0.0,16,nan
10.937969505786896,36.69064748201439,nan,0.0,nan,6.999908352,nan,nan,16.0,0.0,16,nan
10.95464241107305,34.352517985611506,nan,0.0,nan,7.002005504,nan,nan,15.0,0.0,16,nan
10.971314620971679,35.07194244604317,nan,0.0,nan,7.041851392,nan,nan,15.0,0.0,16,nan
10.987987768650054,31.294964028776985,nan,0.0,nan,7.041851392,nan,nan,14.0,0.0,16,nan
11.00466092824936,31.474820143884898,nan,0.0,nan,7.043948544,nan,nan,14.0,0.0,16,nan
11.021335852146148,31.83453237410072,nan,0.0,nan,7.043948544,nan,nan,14.0,0.0,16,nan
11.038007918993632,31.474820143884898,nan,0.0,nan,7.043948544,nan,nan,14.0,0.0,16,nan
11.054680411020914,31.654676258992808,nan,0.0,nan,7.043948544,nan,nan,14.0,0.0,16,nan
11.071352656682333,31.83453237410072,nan,0.0,nan,7.043948544,nan,nan,14.0,0.0,16,nan
11.088026396433513,31.83453237410072,nan,0.0,nan,6.401921024,nan,nan,14.0,0.0,16,nan
11.104702003796895,32.55395683453237,nan,0.0,nan,6.442029056,nan,nan,15.0,0.0,16,nan
11.121375445524851,33.27338129496403,nan,0.0,nan,6.242353152,nan,nan,16.0,0.0,16,nan
11.138047564029694,33.992805755395686,nan,0.0,nan,6.242353152,nan,nan,16.0,0.0,16,nan
11.154720171292622,33.992805755395686,nan,0.0,nan,6.242353152,nan,nan,16.0,0.0,16,nan
11.171392766634623,33.81294964028777,nan,0.0,nan,6.265430016,nan,nan,16.0,0.0,16,nan
11.188067189852397,34.53237410071942,nan,0.0,nan,6.265430016,nan,nan,16.0,0.0,16,nan
11.20474021434784,32.73381294964028,nan,0.0,nan,6.288498688,nan,nan,15.0,0.0,16,nan
11.221412428220113,31.11510791366906,nan,0.0,nan,6.343446528,nan,nan,15.0,0.0,16,nan
11.238084276517233,31.294964028776985,nan,0.0,nan,6.34554368,nan,nan,15.0,0.0,16,nan
11.254757543404898,27.697841726618712,nan,0.0,nan,6.34554368,nan,nan,14.0,0.0,16,nan
11.271435570716857,32.014388489208635,nan,0.0,nan,6.368612352,nan,nan,15.0,0.0,16,nan
11.288108921051025,28.41726618705036,nan,0.0,nan,6.368612352,nan,nan,14.0,0.0,16,nan
11.304778663317363,30.39568345323741,nan,0.0,nan,6.372806656,nan,nan,15.0,0.0,16,nan
11.321451071898142,30.575539568345324,nan,0.0,nan,6.372806656,nan,nan,15.0,0.0,16,nan
11.33812381029129,27.697841726618712,nan,0.0,nan,6.381195264,nan,nan,13.0,0.0,16,nan
11.354796401659648,30.755395683453234,nan,0.0,nan,6.383292416,nan,nan,15.0,0.0,16,nan
11.371467371781668,30.755395683453234,nan,0.0,nan,6.383292416,nan,nan,15.0,0.0,16,nan
11.388141393661499,28.9568345323741,nan,0.0,nan,5.736656896,nan,nan,14.0,0.0,16,nan
11.404814199606578,30.39568345323741,nan,0.0,nan,5.736656896,nan,nan,15.0,0.0,16,nan
11.421485646565754,32.55395683453237,nan,0.0,nan,5.736656896,nan,nan,16.0,0.0,16,nan
11.438157975673676,32.194244604316545,nan,0.0,nan,5.736656896,nan,nan,16.0,0.0,16,nan
11.454830106099447,32.194244604316545,nan,0.0,nan,5.736656896,nan,nan,16.0,0.0,16,nan
11.471502268314362,29.856115107913674,nan,0.0,nan,5.76182272,nan,nan,14.0,0.0,16,nan
11.488175344467162,31.294964028776985,nan,0.0,nan,5.776502784,nan,nan,15.0,0.0,16,nan
11.504846517244975,32.9136690647482,nan,0.0,nan,5.822640128,nan,nan,16.0,0.0,16,nan
11.521518544356029,32.55395683453237,nan,0.0,nan,5.822640128,nan,nan,16.0,0.0,16,nan
11.53819136619568,32.73381294964028,nan,0.0,nan,5.822640128,nan,nan,16.0,0.0,16,nan
11.554863591988882,32.73381294964028,nan,0.0,nan,5.822640128,nan,nan,16.0,0.0,16,nan
11.571536087989807,31.654676258992808,nan,0.0,nan,5.822640128,nan,nan,15.0,0.0,16,nan
11.58820869922638,33.09352517985612,nan,0.0,nan,5.822640128,nan,nan,16.0,0.0,16,nan
11.604881163438161,33.09352517985612,nan,0.0,nan,5.822640128,nan,nan,16.0,0.0,16,nan
11.621552268664042,31.294964028776985,nan,0.0,nan,5.822640128,nan,nan,15.0,0.0,16,nan
11.63822333017985,32.55395683453237,nan,0.0,nan,5.83944192,nan,nan,16.0,0.0,16,nan
11.65489604473114,32.55395683453237,nan,0.0,nan,5.83944192,nan,nan,16.0,0.0,16,nan
11.671569200356801,32.55395683453237,nan,0.0,nan,5.83944192,nan,nan,16.0,0.0,16,nan
11.688242852687836,30.575539568345324,nan,0.0,nan,5.843636224,nan,nan,15.0,0.0,16,nan
11.70491746266683,30.755395683453234,nan,0.0,nan,5.860462592,nan,nan,15.0,0.0,16,nan
11.721589998404186,32.73381294964028,nan,0.0,nan,5.860462592,nan,nan,16.0,0.0,16,nan
11.738262391090393,32.37410071942446,nan,0.0,nan,5.860462592,nan,nan,16.0,0.0,16,nan
11.754935479164123,30.755395683453234,nan,0.0,nan,5.860462592,nan,nan,15.0,0.0,16,nan
11.771607140700022,32.55395683453237,nan,0.0,nan,5.860462592,nan,nan,16.0,0.0,16,nan
11.788279529412588,32.73381294964028,nan,0.0,nan,5.860462592,nan,nan,16.0,0.0,16,nan
11.804951878388723,32.73381294964028,nan,0.0,nan,5.860462592,nan,nan,16.0,0.0,16,nan
11.821623106797537,31.654676258992808,nan,0.0,nan,5.860462592,nan,nan,15.0,0.0,16,nan
11.838295050462087,32.9136690647482,nan,0.0,nan,5.866754048,nan,nan,16.0,0.0,16,nan
11.854968229929606,31.294964028776985,nan,0.0,nan,5.866754048,nan,nan,15.0,0.0,16,nan
11.871641119321188,33.45323741007194,nan,0.0,nan,5.8688512,nan,nan,16.0,0.0,16,nan
11.88831889629364,32.9136690647482,nan,0.0,nan,5.8688512,nan,nan,16.0,0.0,16,nan
11.904991761843364,32.9136690647482,nan,0.0,nan,5.8688512,nan,nan,16.0,0.0,16,nan
11.921664261817932,31.11510791366906,nan,0.0,nan,5.8688512,nan,nan,15.0,0.0,16,nan
11.938334826628367,33.27338129496403,nan,0.0,nan,5.8688512,nan,nan,16.0,0.0,16,nan
11.95500508149465,33.27338129496403,nan,0.0,nan,5.8688512,nan,nan,16.0,0.0,16,nan
11.971677108605702,33.27338129496403,nan,0.0,nan,5.870948352,nan,nan,16.0,0.0,16,nan
11.988350141048432,33.27338129496403,nan,0.0,nan,5.870948352,nan,nan,16.0,0.0,16,nan
12.005019998550415,33.45323741007194,nan,0.0,nan,5.870948352,nan,nan,16.0,0.0,16,nan
12.021694954236349,33.45323741007194,nan,0.0,nan,5.870948352,nan,nan,16.0,0.0,16,nan
12.038368304570517,33.45323741007194,nan,0.0,nan,5.870948352,nan,nan,16.0,0.0,16,nan
12.055042243003845,33.45323741007194,nan,0.0,nan,5.870948352,nan,nan,16.0,0.0,16,nan
12.071713511149088,32.014388489208635,nan,0.0,nan,5.870948352,nan,nan,15.0,0.0,16,nan
12.088387449582418,33.45323741007194,nan,0.0,nan,5.870948352,nan,nan,16.0,0.0,16,nan
12.105058372020721,33.45323741007194,nan,0.0,nan,5.870948352,nan,nan,16.0,0.0,16,nan
12.121735719839732,33.63309352517986,nan,0.0,nan,5.870948352,nan,nan,16.0,0.0,16,nan
12.13840811252594,31.11510791366906,nan,0.0,nan,5.873045504,nan,nan,15.0,0.0,16,nan
12.155085059007009,30.215827338129497,nan,0.0,nan,5.873045504,nan,nan,15.0,0.0,16,nan
12.171758850415548,33.45323741007194,nan,0.0,nan,5.873045504,nan,nan,16.0,0.0,16,nan
12.18843570947647,33.63309352517986,nan,0.0,nan,5.873045504,nan,nan,16.0,0.0,16,nan
12.205111396312713,33.63309352517986,nan,0.0,nan,5.873045504,nan,nan,16.0,0.0,16,nan
12.221788541475933,33.63309352517986,nan,0.0,nan,5.873045504,nan,nan,16.0,0.0,16,nan
12.23846069574356,30.39568345323741,nan,0.0,nan,5.873045504,nan,nan,14.0,0.0,16,nan
12.255137419700622,33.81294964028777,nan,0.0,nan,5.873045504,nan,nan,16.0,0.0,16,nan
12.271812200546265,33.81294964028777,nan,0.0,nan,5.873045504,nan,nan,16.0,0.0,16,nan
12.288487259546915,31.83453237410072,nan,0.0,nan,5.873045504,nan,nan,15.0,0.0,16,nan
12.305161519845326,32.55395683453237,nan,0.0,nan,5.873045504,nan,nan,15.0,0.0,16,nan
12.321837751070658,32.37410071942446,nan,0.0,nan,5.873045504,nan,nan,15.0,0.0,16,nan
12.338509380817413,31.83453237410072,nan,0.0,nan,5.873045504,nan,nan,15.0,0.0,16,nan
12.355186561743418,33.81294964028777,nan,0.0,nan,5.873045504,nan,nan,16.0,0.0,16,nan
12.371860146522522,32.73381294964028,nan,0.0,nan,5.873045504,nan,nan,15.0,0.0,16,nan
12.388537581761678,34.352517985611506,nan,0.0,nan,5.873045504,nan,nan,16.0,0.0,16,nan
12.405211142698924,32.9136690647482,nan,0.0,nan,5.873045504,nan,nan,15.0,0.0,16,nan
12.421885712941487,35.61151079136691,nan,0.0,nan,5.894037504,nan,nan,16.0,0.0,16,nan
12.438558610280355,35.431654676258994,nan,0.0,nan,5.894037504,nan,nan,16.0,0.0,16,nan
12.455230565865834,35.431654676258994,nan,0.0,nan,5.894037504,nan,nan,16.0,0.0,16,nan
12.471903355916341,35.431654676258994,nan,0.0,nan,5.894037504,nan,nan,16.0,0.0,16,nan
12.488577222824096,35.431654676258994,nan,0.0,nan,5.894037504,nan,nan,16.0,0.0,16,nan
12.505251971880595,35.251798561151084,nan,0.0,nan,5.894037504,nan,nan,16.0,0.0,16,nan
12.521924523512522,35.251798561151084,nan,0.0,nan,5.894037504,nan,nan,16.0,0.0,16,nan
12.538595664501191,35.251798561151084,nan,0.0,nan,5.894037504,nan,nan,16.0,0.0,16,nan
12.555270310242971,35.251798561151084,nan,0.0,nan,5.894037504,nan,nan,16.0,0.0,16,nan
12.571942806243896,35.251798561151084,nan,0.0,nan,5.894037504,nan,nan,16.0,0.0,16,nan
12.588622017701466,35.251798561151084,nan,0.0,nan,5.894037504,nan,nan,16.0,0.0,16,nan
12.605294267336527,35.251798561151084,nan,0.0,nan,5.894037504,nan,nan,16.0,0.0,16,nan
12.621968797842662,35.431654676258994,nan,0.0,nan,5.894037504,nan,nan,16.0,0.0,16,nan
12.638639914989472,35.431654676258994,nan,0.0,nan,5.894037504,nan,nan,16.0,0.0,16,nan
12.655313940842946,35.431654676258994,nan,0.0,nan,5.894037504,nan,nan,16.0,0.0,16,nan
12.671986738840738,35.97122302158273,nan,0.0,nan,5.894037504,nan,nan,16.0,0.0,16,nan
12.688660864035288,35.431654676258994,nan,0.0,nan,5.894037504,nan,nan,16.0,0.0,16,nan
12.705335140228271,33.27338129496403,nan,0.0,nan,5.959049216,nan,nan,15.0,0.0,16,nan
12.722008244196575,35.431654676258994,nan,0.0,nan,5.965340672,nan,nan,16.0,0.0,16,nan
12.738679651419321,35.431654676258994,nan,0.0,nan,5.965340672,nan,nan,16.0,0.0,16,nan
12.75535253683726,35.61151079136691,nan,0.0,nan,5.965340672,nan,nan,16.0,0.0,16,nan
12.772026292483012,34.172661870503596,nan,0.0,nan,5.967437824,nan,nan,15.0,0.0,16,nan
12.788703870773315,34.71223021582733,nan,0.0,nan,5.967437824,nan,nan,16.0,0.0,16,nan
12.805376489957174,34.71223021582733,nan,0.0,nan,5.967437824,nan,nan,16.0,0.0,16,nan
12.822055466969807,34.71223021582733,nan,0.0,nan,5.967437824,nan,nan,16.0,0.0,16,nan
12.838728594779969,35.07194244604317,nan,0.0,nan,5.967437824,nan,nan,16.0,0.0,16,nan
12.855405700206756,33.09352517985612,nan,0.0,nan,5.969534976,nan,nan,15.0,0.0,16,nan
12.872079145908355,33.81294964028777,nan,0.0,nan,5.969534976,nan,nan,15.0,0.0,16,nan
12.888752845923106,35.431654676258994,nan,0.0,nan,5.969534976,nan,nan,16.0,0.0,16,nan
12.90542656580607,35.61151079136691,nan,0.0,nan,5.969534976,nan,nan,16.0,0.0,16,nan
12.92210347255071,36.33093525179856,nan,0.0,nan,5.969534976,nan,nan,16.0,0.0,16,nan
12.93877778450648,34.172661870503596,nan,0.0,nan,5.969534976,nan,nan,15.0,0.0,16,nan
12.955453972021738,33.63309352517986,nan,0.0,nan,5.969534976,nan,nan,15.0,0.0,16,nan
12.972128315766652,35.61151079136691,nan,0.0,nan,5.969534976,nan,nan,16.0,0.0,16,nan
12.988800831635793,33.27338129496403,nan,0.0,nan,5.969534976,nan,nan,14.0,0.0,16,nan
13.005473045508067,32.9136690647482,nan,0.0,nan,5.969534976,nan,nan,15.0,0.0,16,nan
13.02214591105779,36.33093525179856,nan,0.0,nan,5.969534976,nan,nan,16.0,0.0,16,nan
13.038819813728333,36.33093525179856,nan,0.0,nan,5.969534976,nan,nan,16.0,0.0,16,nan
13.055494074026743,36.51079136690647,nan,0.0,nan,5.969534976,nan,nan,16.0,0.0,16,nan
13.072167746225993,34.89208633093526,nan,0.0,nan,5.969534976,nan,nan,15.0,0.0,16,nan
13.088839979966481,33.09352517985612,nan,0.0,nan,5.969534976,nan,nan,15.0,0.0,16,nan
13.10551301240921,36.51079136690647,nan,0.0,nan,5.969534976,nan,nan,16.0,0.0,16,nan
13.122185540199279,34.89208633093526,nan,0.0,nan,5.969534976,nan,nan,15.0,0.0,16,nan
13.13885901371638,34.89208633093526,nan,0.0,nan,5.969534976,nan,nan,15.0,0.0,16,nan
13.155540072917939,34.89208633093526,nan,0.0,nan,5.969534976,nan,nan,15.0,0.0,16,nan
13.172212731838226,36.87050359712231,nan,0.0,nan,5.969534976,nan,nan,16.0,0.0,16,nan
13.188886976242065,37.05035971223022,nan,0.0,nan,5.969534976,nan,nan,16.0,0.0,16,nan
13.205561530590057,35.431654676258994,nan,0.0,nan,5.996806144,nan,nan,15.0,0.0,16,nan
13.222236704826354,37.589928057553955,nan,0.0,nan,6.0240896,nan,nan,16.0,0.0,16,nan
13.23891038497289,36.87050359712231,nan,0.0,nan,6.0240896,nan,nan,16.0,0.0,16,nan
13.255586942036947,36.87050359712231,nan,0.0,nan,6.0240896,nan,nan,16.0,0.0,16,nan
13.27226020495097,37.05035971223022,nan,0.0,nan,6.0240896,nan,nan,16.0,0.0,16,nan
13.28893754084905,37.05035971223022,nan,0.0,nan,6.0240896,nan,nan,16.0,0.0,16,nan
13.305611336231232,37.23021582733813,nan,0.0,nan,6.0240896,nan,nan,16.0,0.0,16,nan
13.322286669413248,37.23021582733813,nan,0.0,nan,6.0240896,nan,nan,16.0,0.0,16,nan
13.338956518967946,37.23021582733813,nan,0.0,nan,6.0240896,nan,nan,16.0,0.0,16,nan
13.355625943342845,37.23021582733813,nan,0.0,nan,6.0240896,nan,nan,16.0,0.0,16,nan
13.372302341461182,37.410071942446045,nan,0.0,nan,6.0240896,nan,nan,16.0,0.0,16,nan
13.388978318373363,37.410071942446045,nan,0.0,nan,6.0240896,nan,nan,16.0,0.0,16,nan
13.405655709902446,37.410071942446045,nan,0.0,nan,6.026186752,nan,nan,16.0,0.0,16,nan
13.422325491905212,37.410071942446045,nan,0.0,nan,6.026186752,nan,nan,16.0,0.0,16,nan
13.438997673988343,37.410071942446045,nan,0.0,nan,6.026186752,nan,nan,16.0,0.0,16,nan
13.455669867992402,37.410071942446045,nan,0.0,nan,6.026186752,nan,nan,16.0,0.0,16,nan
13.472343222300212,35.61151079136691,nan,0.0,nan,6.051352576,nan,nan,15.0,0.0,16,nan
13.489014343420665,37.410071942446045,nan,0.0,nan,6.059761664,nan,nan,16.0,0.0,16,nan
13.505688254038493,38.12949640287769,nan,0.0,nan,6.059761664,nan,nan,16.0,0.0,16,nan
13.522363134225209,37.589928057553955,nan,0.0,nan,6.059761664,nan,nan,16.0,0.0,16,nan
13.539037044843038,37.589928057553955,nan,0.0,nan,6.059761664,nan,nan,16.0,0.0,16,nan
13.555707963307698,37.76978417266187,nan,0.0,nan,6.059761664,nan,nan,16.0,0.0,16,nan
13.572380979855856,35.251798561151084,nan,0.0,nan,6.078636032,nan,nan,15.0,0.0,16,nan
13.589053157965342,39.748201438848916,nan,0.0,nan,6.078636032,nan,nan,16.0,0.0,16,nan
13.60572636127472,36.87050359712231,nan,0.0,nan,6.078636032,nan,nan,15.0,0.0,16,nan
13.622403196493785,38.66906474820144,nan,0.0,nan,6.080733184,nan,nan,16.0,0.0,16,nan
13.639077162742614,38.66906474820144,nan,0.0,nan,6.080733184,nan,nan,16.0,0.0,16,nan
13.655747338136036,38.84892086330935,nan,0.0,nan,6.080733184,nan,nan,16.0,0.0,16,nan
13.672421749432882,39.38848920863309,nan,0.0,nan,6.080733184,nan,nan,16.0,0.0,16,nan
13.689092715581259,35.431654676258994,nan,0.0,nan,6.080733184,nan,nan,15.0,0.0,16,nan
13.705766820907593,30.935251798561147,nan,0.0,nan,6.103801856,nan,nan,13.0,0.0,16,nan
13.722442193826039,40.28776978417267,nan,0.0,nan,6.103801856,nan,nan,16.0,0.0,16,nan
13.739120578765869,38.30935251798561,nan,0.0,nan,6.103801856,nan,nan,16.0,0.0,16,nan
13.755795502662659,36.15107913669065,nan,0.0,nan,6.103801856,nan,nan,15.0,0.0,16,nan
13.772470311323803,38.30935251798561,nan,0.0,nan,6.103801856,nan,nan,16.0,0.0,16,nan
13.789144893487295,38.30935251798561,nan,0.0,nan,6.103801856,nan,nan,16.0,0.0,16,nan
13.805820381641388,38.66906474820144,nan,0.0,nan,6.103801856,nan,nan,16.0,0.0,16,nan
13.822494073708851,38.66906474820144,nan,0.0,nan,6.103801856,nan,nan,16.0,0.0,16,nan
13.839167992273966,38.66906474820144,nan,0.0,nan,6.103801856,nan,nan,16.0,0.0,16,nan
13.855841024716694,38.66906474820144,nan,0.0,nan,6.103801856,nan,nan,16.0,0.0,16,nan
13.872510798772176,39.02877697841727,nan,0.0,nan,6.103801856,nan,nan,16.0,0.0,16,nan
13.889187280337016,39.748201438848916,nan,0.0,nan,6.103801856,nan,nan,16.0,0.0,16,nan
13.905861747264861,39.20863309352518,nan,0.0,nan,6.103801856,nan,nan,16.0,0.0,16,nan
13.922537585099539,39.748201438848916,nan,0.0,nan,6.103801856,nan,nan,16.0,0.0,16,nan
13.939211360613506,39.20863309352518,nan,0.0,nan,6.103801856,nan,nan,16.0,0.0,16,nan
13.95588822364807,37.589928057553955,nan,0.0,nan,6.103801856,nan,nan,16.0,0.0,16,nan
13.972558299700419,38.48920863309353,nan,0.0,nan,6.103801856,nan,nan,16.0,0.0,16,nan
13.9892365137736,38.66906474820144,nan,0.0,nan,6.116384768,nan,nan,16.0,0.0,16,nan
14.005909768740336,36.87050359712231,nan,0.0,nan,6.116384768,nan,nan,15.0,0.0,16,nan
14.02258794705073,38.84892086330935,nan,0.0,nan,6.116384768,nan,nan,16.0,0.0,16,nan
14.039259326457977,38.84892086330935,nan,0.0,nan,6.116384768,nan,nan,16.0,0.0,16,nan
14.055937111377716,38.84892086330935,nan,0.0,nan,6.116384768,nan,nan,16.0,0.0,16,nan
14.072611848513285,39.568345323741006,nan,0.0,nan,6.116384768,nan,nan,16.0,0.0,16,nan
14.08928691148758,37.23021582733813,nan,0.0,nan,6.116384768,nan,nan,15.0,0.0,16,nan
14.105960524082183,39.02877697841727,nan,0.0,nan,6.116384768,nan,nan,16.0,0.0,16,nan
14.122629745801289,39.20863309352518,nan,0.0,nan,6.116384768,nan,nan,16.0,0.0,16,nan
14.139299726486206,35.431654676258994,nan,0.0,nan,6.116384768,nan,nan,15.0,0.0,16,nan
14.155973943074544,39.02877697841727,nan,0.0,nan,6.116384768,nan,nan,16.0,0.0,16,nan
14.17264702320099,39.02877697841727,nan,0.0,nan,6.116384768,nan,nan,16.0,0.0,16,nan
14.18931999206543,35.431654676258994,nan,0.0,nan,6.116384768,nan,nan,15.0,0.0,16,nan
14.205992507934571,36.51079136690647,nan,0.0,nan,6.116384768,nan,nan,15.0,0.0,16,nan
14.222662504514059,38.84892086330935,nan,0.0,nan,6.116384768,nan,nan,16.0,0.0,16,nan
14.239334042867025,38.84892086330935,nan,0.0,nan,6.116384768,nan,nan,16.0,0.0,16,nan
14.25600422223409,39.02877697841727,nan,0.0,nan,6.116384768,nan,nan,16.0,0.0,16,nan
14.272676809628804,39.02877697841727,nan,0.0,nan,6.116384768,nan,nan,16.0,0.0,16,nan
14.289351427555085,39.02877697841727,nan,0.0,nan,6.116384768,nan,nan,16.0,0.0,16,nan
14.306022882461548,39.20863309352518,nan,0.0,nan,6.116384768,nan,nan,16.0,0.0,16,nan
14.322706735134124,39.20863309352518,nan,0.0,nan,6.116384768,nan,nan,16.0,0.0,16,nan
14.339379465579986,39.20863309352518,nan,0.0,nan,6.116384768,nan,nan,16.0,0.0,16,nan
14.356053086121877,36.69064748201439,nan,0.0,nan,6.116384768,nan,nan,15.0,0.0,16,nan
14.372725248336792,39.38848920863309,nan,0.0,nan,6.116384768,nan,nan,16.0,0.0,16,nan
14.389397696654003,39.38848920863309,nan,0.0,nan,6.116384768,nan,nan,16.0,0.0,16,nan
14.406069993972778,39.568345323741006,nan,0.0,nan,6.116384768,nan,nan,16.0,0.0,16,nan
14.422742331027985,37.94964028776978,nan,0.0,nan,6.116384768,nan,nan,15.0,0.0,16,nan
14.439414536952972,37.410071942446045,nan,0.0,nan,6.116384768,nan,nan,15.0,0.0,16,nan
14.456087112426758,39.748201438848916,nan,0.0,nan,6.116384768,nan,nan,16.0,0.0,16,nan
14.472759032249451,39.92805755395683,nan,0.0,nan,6.116384768,nan,nan,16.0,0.0,16,nan
14.489435875415802,40.10791366906474,nan,0.0,nan,6.116384768,nan,nan,16.0,0.0,16,nan
14.50610973040263,40.10791366906474,nan,0.0,nan,6.116384768,nan,nan,16.0,0.0,16,nan
14.52278608083725,40.28776978417267,nan,0.0,nan,6.116384768,nan,nan,16.0,0.0,16,nan
14.539457627137502,40.46762589928058,nan,0.0,nan,6.116384768,nan,nan,16.0,0.0,16,nan
14.556129884719848,38.30935251798561,nan,0.0,nan,6.116384768,nan,nan,15.0,0.0,16,nan
14.57279980580012,40.46762589928058,nan,0.0,nan,6.11848192,nan,nan,16.0,0.0,16,nan
14.589471928278606,40.647482014388494,nan,0.0,nan,6.11848192,nan,nan,16.0,0.0,16,nan
14.606145604451497,38.48920863309353,nan,0.0,nan,6.137356288,nan,nan,15.0,0.0,16,nan
14.622818338871003,37.94964028776978,nan,0.0,nan,6.137356288,nan,nan,15.0,0.0,16,nan
14.639491673310598,41.36690647482014,nan,0.0,nan,6.137356288,nan,nan,16.0,0.0,16,nan
14.656169672807058,41.18705035971223,nan,0.0,nan,6.137356288,nan,nan,16.0,0.0,16,nan
14.6728422721227,38.84892086330935,nan,0.0,nan,6.137356288,nan,nan,15.0,0.0,16,nan
14.68951461315155,41.007194244604314,nan,0.0,nan,6.137356288,nan,nan,16.0,0.0,16,nan
14.706187816460927,38.84892086330935,nan,0.0,nan,6.137356288,nan,nan,15.0,0.0,16,nan
14.722857459386189,41.18705035971223,nan,0.0,nan,6.137356288,nan,nan,16.0,0.0,16,nan
14.739530213673909,41.72661870503597,nan,0.0,nan,6.137356288,nan,nan,16.0,0.0,16,nan
14.75620395342509,39.20863309352518,nan,0.0,nan,6.1499392,nan,nan,15.0,0.0,16,nan
14.772874466578166,41.54676258992806,nan,0.0,nan,6.16251392,nan,nan,16.0,0.0,16,nan
14.789547268549601,40.647482014388494,nan,0.0,nan,6.185582592,nan,nan,16.0,0.0,16,nan
14.80621907711029,38.66906474820144,nan,0.0,nan,6.1939712,nan,nan,15.0,0.0,16,nan
14.822894012928009,36.51079136690647,nan,0.0,nan,6.219137024,nan,nan,14.0,0.0,16,nan
14.839570852120717,37.23021582733813,nan,0.0,nan,6.296731648,nan,nan,14.0,0.0,16,nan
14.856244027614594,37.589928057553955,nan,0.0,nan,6.357549056,nan,nan,14.0,0.0,16,nan
14.87292029062907,36.87050359712231,nan,0.0,nan,6.43514368,nan,nan,14.0,0.0,16,nan
14.88959407011668,39.568345323741006,nan,0.0,nan,6.474989568,nan,nan,15.0,0.0,16,nan
14.906271557013193,39.568345323741006,nan,0.0,nan,6.481281024,nan,nan,15.0,0.0,16,nan
14.922943111260732,39.568345323741006,nan,0.0,nan,6.483378176,nan,nan,15.0,0.0,16,nan
14.939621186256408,37.94964028776978,nan,0.0,nan,6.493863936,nan,nan,14.0,0.0,16,nan
14.956293714046478,39.568345323741006,nan,0.0,nan,6.567264256,nan,nan,15.0,0.0,16,nan
14.972971212863921,39.568345323741006,nan,0.0,nan,6.584041472,nan,nan,15.0,0.0,16,nan
14.989642866452535,35.61151079136691,nan,0.0,nan,6.613528576,nan,nan,13.0,0.0,16,nan
15.006314273675283,37.410071942446045,nan,0.0,nan,6.65966592,nan,nan,14.0,0.0,16,nan
15.022987206776937,37.410071942446045,nan,0.0,nan,6.198382592,nan,nan,14.0,0.0,16,nan
15.039658335844676,40.827338129496404,nan,0.0,nan,6.198382592,nan,nan,16.0,0.0,16,nan
15.056335087617239,40.827338129496404,nan,0.0,nan,6.198382592,nan,nan,16.0,0.0,16,nan
15.07300552924474,40.827338129496404,nan,0.0,nan,6.198382592,nan,nan,16.0,0.0,16,nan
15.089677997430165,40.827338129496404,nan,0.0,nan,6.198382592,nan,nan,16.0,0.0,16,nan
15.106349742412567,39.92805755395683,nan,0.0,nan,6.242435072,nan,nan,15.0,0.0,16,nan
15.123020080725352,40.827338129496404,nan,0.0,nan,6.242435072,nan,nan,16.0,0.0,16,nan
15.139695493380229,40.827338129496404,nan,0.0,nan,6.242435072,nan,nan,16.0,0.0,16,nan
15.156369801362356,39.20863309352518,nan,0.0,nan,6.242435072,nan,nan,15.0,0.0,16,nan
15.173041538397472,37.76978417266187,nan,0.0,nan,6.242435072,nan,nan,15.0,0.0,16,nan
15.189714296658833,40.28776978417267,nan,0.0,nan,6.242435072,nan,nan,16.0,0.0,16,nan
15.206388139724732,40.28776978417267,nan,0.0,nan,6.242435072,nan,nan,16.0,0.0,16,nan
15.223060361544292,40.46762589928058,nan,0.0,nan,6.242435072,nan,nan,16.0,0.0,16,nan
15.23973115682602,40.46762589928058,nan,0.0,nan,6.242435072,nan,nan,16.0,0.0,16,nan
15.25640520254771,38.48920863309353,nan,0.0,nan,6.242435072,nan,nan,15.0,0.0,16,nan
15.273075755437215,40.28776978417267,nan,0.0,nan,6.242435072,nan,nan,16.0,0.0,16,nan
15.289753051598867,37.94964028776978,nan,0.0,nan,6.246629376,nan,nan,15.0,0.0,16,nan
15.30642431974411,38.30935251798561,nan,0.0,nan,6.246629376,nan,nan,15.0,0.0,16,nan
15.323096398512522,41.007194244604314,nan,0.0,nan,6.246629376,nan,nan,16.0,0.0,16,nan
15.339770873387655,38.66906474820144,nan,0.0,nan,6.246629376,nan,nan,15.0,0.0,16,nan
15.356443150838215,41.36690647482014,nan,0.0,nan,6.246629376,nan,nan,16.0,0.0,16,nan
15.373116703828176,41.36690647482014,nan,0.0,nan,6.246629376,nan,nan,16.0,0.0,16,nan
15.389786374568938,40.10791366906474,nan,0.0,nan,6.301184,nan,nan,15.0,0.0,16,nan
15.406455945968627,41.36690647482014,nan,0.0,nan,6.301184,nan,nan,16.0,0.0,16,nan
15.423129387696584,41.36690647482014,nan,0.0,nan,6.301184,nan,nan,16.0,0.0,16,nan
15.439803338050842,37.589928057553955,nan,0.0,nan,6.301184,nan,nan,15.0,0.0,16,nan
15.45647755463918,41.36690647482014,nan,0.0,nan,6.301184,nan,nan,16.0,0.0,16,nan
15.473154238859813,38.66906474820144,nan,0.0,nan,6.301184,nan,nan,15.0,0.0,16,nan
15.489827489852905,38.66906474820144,nan,0.0,nan,6.301184,nan,nan,15.0,0.0,16,nan
15.50650463104248,38.84892086330935,nan,0.0,nan,6.303281152,nan,nan,15.0,0.0,16,nan
15.523180564244589,38.84892086330935,nan,0.0,nan,6.303281152,nan,nan,15.0,0.0,16,nan
15.539855019251506,41.72661870503597,nan,0.0,nan,6.31166976,nan,nan,16.0,0.0,16,nan
15.556528834501902,41.72661870503597,nan,0.0,nan,6.31166976,nan,nan,16.0,0.0,16,nan
15.573203516006469,41.72661870503597,nan,0.0,nan,6.31166976,nan,nan,16.0,0.0,16,nan
15.589873731136322,39.02877697841727,nan,0.0,nan,6.313766912,nan,nan,15.0,0.0,16,nan
15.606553463141124,39.02877697841727,nan,0.0,nan,6.336835584,nan,nan,15.0,0.0,16,nan
15.623228236039479,39.748201438848916,nan,0.0,nan,6.341029888,nan,nan,15.0,0.0,16,nan
15.63990487655004,42.0863309352518,nan,0.0,nan,6.341029888,nan,nan,16.0,0.0,16,nan
15.656578509012858,42.26618705035972,nan,0.0,nan,6.341029888,nan,nan,16.0,0.0,16,nan
15.67325321038564,42.26618705035972,nan,0.0,nan,6.341029888,nan,nan,16.0,0.0,16,nan
15.689929870764415,39.568345323741006,nan,0.0,nan,6.341029888,nan,nan,15.0,0.0,16,nan
15.706603785355886,42.26618705035972,nan,0.0,nan,6.341029888,nan,nan,16.0,0.0,16,nan
15.723273901144664,42.26618705035972,nan,0.0,nan,6.341029888,nan,nan,16.0,0.0,16,nan
15.739944497744242,39.568345323741006,nan,0.0,nan,6.341029888,nan,nan,15.0,0.0,16,nan
15.75662190914154,39.568345323741006,nan,0.0,nan,6.341029888,nan,nan,15.0,0.0,16,nan
15.77329641977946,39.748201438848916,nan,0.0,nan,6.341029888,nan,nan,15.0,0.0,16,nan
15.789969404538473,39.748201438848916,nan,0.0,nan,6.341029888,nan,nan,15.0,0.0,16,nan
15.806643954912822,42.62589928057554,nan,0.0,nan,6.341029888,nan,nan,16.0,0.0,16,nan
15.823321835199993,42.62589928057554,nan,0.0,nan,6.341029888,nan,nan,16.0,0.0,16,nan
15.839997136592865,42.62589928057554,nan,0.0,nan,6.341029888,nan,nan,16.0,0.0,16,nan
15.85667136112849,41.36690647482014,nan,0.0,nan,6.341029888,nan,nan,15.0,0.0,16,nan
15.873344977696737,42.805755395683455,nan,0.0,nan,6.341029888,nan,nan,16.0,0.0,16,nan
15.890017596880595,42.805755395683455,nan,0.0,nan,6.341029888,nan,nan,16.0,0.0,16,nan
15.90669602950414,42.805755395683455,nan,0.0,nan,6.341029888,nan,nan,16.0,0.0,16,nan
15.923369880517324,35.251798561151084,nan,0.0,nan,6.34312704,nan,nan,13.0,0.0,16,nan
15.940042229493459,42.26618705035972,nan,0.0,nan,6.34312704,nan,nan,16.0,0.0,16,nan
15.956720538934071,39.568345323741006,nan,0.0,nan,6.34312704,nan,nan,15.0,0.0,16,nan
15.973392721017202,42.26618705035972,nan,0.0,nan,6.34312704,nan,nan,16.0,0.0,16,nan
15.99006873369217,39.568345323741006,nan,0.0,nan,6.34312704,nan,nan,15.0,0.0,16,nan
16.006743681430816,39.748201438848916,nan,0.0,nan,6.345228288,nan,nan,15.0,0.0,16,nan
16.023421148459118,39.92805755395683,nan,0.0,nan,6.3578112,nan,nan,15.0,0.0,16,nan
16.040093286832175,40.46762589928058,nan,0.0,nan,6.3578112,nan,nan,15.0,0.0,16,nan
16.056768027941384,38.48920863309353,nan,0.0,nan,6.3578112,nan,nan,14.0,0.0,16,nan
16.07344158887863,40.46762589928058,nan,0.0,nan,6.3578112,nan,nan,15.0,0.0,16,nan
16.090111112594606,40.647482014388494,nan,0.0,nan,6.3578112,nan,nan,15.0,0.0,16,nan
16.106788420677184,40.647482014388494,nan,0.0,nan,6.3578112,nan,nan,15.0,0.0,16,nan
16.123462120691936,40.647482014388494,nan,0.0,nan,6.3578112,nan,nan,15.0,0.0,16,nan
16.140135117371877,40.647482014388494,nan,0.0,nan,6.3578112,nan,nan,15.0,0.0,16,nan
16.156809091567993,40.647482014388494,nan,0.0,nan,5.821628416,nan,nan,15.0,0.0,16,nan
16.173479990164438,41.36690647482014,nan,0.0,nan,6.058606592,nan,nan,16.0,0.0,16,nan
16.19015004634857,41.36690647482014,nan,0.0,nan,6.058606592,nan,nan,16.0,0.0,16,nan
16.20682146946589,41.54676258992806,nan,0.0,nan,6.058606592,nan,nan,16.0,0.0,16,nan
16.223496663570405,41.54676258992806,nan,0.0,nan,6.058606592,nan,nan,16.0,0.0,16,nan
16.24016882975896,40.827338129496404,nan,0.0,nan,6.08167936,nan,nan,15.0,0.0,16,nan
16.25684071779251,39.02877697841727,nan,0.0,nan,6.104748032,nan,nan,15.0,0.0,16,nan
16.27351243495941,42.62589928057554,nan,0.0,nan,6.104748032,nan,nan,16.0,0.0,16,nan
16.290183492501576,42.0863309352518,nan,0.0,nan,6.104748032,nan,nan,16.0,0.0,16,nan
16.3068612019221,42.0863309352518,nan,0.0,nan,6.104748032,nan,nan,16.0,0.0,16,nan
16.323536574840546,41.18705035971223,nan,0.0,nan,6.104748032,nan,nan,15.0,0.0,16,nan
16.34020985364914,41.72661870503597,nan,0.0,nan,6.104748032,nan,nan,16.0,0.0,16,nan
16.35688205162684,41.72661870503597,nan,0.0,nan,6.104748032,nan,nan,16.0,0.0,16,nan
16.373553653558094,41.72661870503597,nan,0.0,nan,6.104748032,nan,nan,16.0,0.0,16,nan
16.390227258205414,41.72661870503597,nan,0.0,nan,6.104748032,nan,nan,16.0,0.0,16,nan
16.406900691986085,41.72661870503597,nan,0.0,nan,6.104748032,nan,nan,16.0,0.0,16,nan
16.423575937747955,37.410071942446045,nan,0.0,nan,6.121541632,nan,nan,14.0,0.0,16,nan
16.44024586280187,39.02877697841727,nan,0.0,nan,6.161391616,nan,nan,15.0,0.0,16,nan
16.456916546821596,41.007194244604314,nan,0.0,nan,6.178168832,nan,nan,15.0,0.0,16,nan
16.47358668645223,41.007194244604314,nan,0.0,nan,6.230597632,nan,nan,15.0,0.0,16,nan
16.49026087522507,42.26618705035972,nan,0.0,nan,6.230597632,nan,nan,16.0,0.0,16,nan
16.50693041483561,42.26618705035972,nan,0.0,nan,6.230597632,nan,nan,16.0,0.0,16,nan
16.523603594303133,42.26618705035972,nan,0.0,nan,6.230597632,nan,nan,16.0,0.0,16,nan
16.54027287165324,39.568345323741006,nan,0.0,nan,6.23898624,nan,nan,15.0,0.0,16,nan
16.556944914658864,39.568345323741006,nan,0.0,nan,6.23898624,nan,nan,15.0,0.0,16,nan
16.573621296882628,39.568345323741006,nan,0.0,nan,6.23898624,nan,nan,15.0,0.0,16,nan
16.59029583533605,42.44604316546763,nan,0.0,nan,6.23898624,nan,nan,16.0,0.0,16,nan
16.60696571270625,42.44604316546763,nan,0.0,nan,6.23898624,nan,nan,16.0,0.0,16,nan
16.62363661924998,42.44604316546763,nan,0.0,nan,6.23898624,nan,nan,16.0,0.0,16,nan
16.64030658006668,42.62589928057554,nan,0.0,nan,6.23898624,nan,nan,16.0,0.0,16,nan
16.656980538368224,41.72661870503597,nan,0.0,nan,6.23898624,nan,nan,16.0,0.0,16,nan
16.673654667536418,38.84892086330935,nan,0.0,nan,6.23898624,nan,nan,15.0,0.0,16,nan
16.69032427469889,41.72661870503597,nan,0.0,nan,6.23898624,nan,nan,16.0,0.0,16,nan
16.706995646158855,41.90647482014388,nan,0.0,nan,6.23898624,nan,nan,16.0,0.0,16,nan
16.723671193917593,42.0863309352518,nan,0.0,nan,6.23898624,nan,nan,16.0,0.0,16,nan
16.74034240245819,42.0863309352518,nan,0.0,nan,6.23898624,nan,nan,16.0,0.0,16,nan
16.757017278671263,40.647482014388494,nan,0.0,nan,6.249472,nan,nan,15.0,0.0,16,nan
16.773691085974374,43.16546762589928,nan,0.0,nan,6.299803648,nan,nan,16.0,0.0,16,nan
16.790366156895956,37.76978417266187,nan,0.0,nan,6.299803648,nan,nan,15.0,0.0,16,nan
16.807038633028665,41.72661870503597,nan,0.0,nan,6.299803648,nan,nan,16.0,0.0,16,nan
16.823710922400156,41.90647482014388,nan,0.0,nan,6.299803648,nan,nan,16.0,0.0,16,nan
16.840379814306896,41.90647482014388,nan,0.0,nan,6.299803648,nan,nan,16.0,0.0,16,nan
16.857052314281464,38.48920863309353,nan,0.0,nan,6.299803648,nan,nan,15.0,0.0,16,nan
16.87372403939565,42.44604316546763,nan,0.0,nan,6.299803648,nan,nan,16.0,0.0,16,nan
16.890404494603477,42.44604316546763,nan,0.0,nan,6.299803648,nan,nan,16.0,0.0,16,nan
16.90707375605901,42.44604316546763,nan,0.0,nan,6.299803648,nan,nan,16.0,0.0,16,nan
16.923746339480083,42.62589928057554,nan,0.0,nan,6.299803648,nan,nan,16.0,0.0,16,nan
16.94041915734609,40.10791366906474,nan,0.0,nan,6.329163776,nan,nan,15.0,0.0,16,nan
16.957090616226196,42.44604316546763,nan,0.0,nan,6.33335808,nan,nan,16.0,0.0,16,nan
16.973761653900148,40.647482014388494,nan,0.0,nan,6.352232448,nan,nan,15.0,0.0,16,nan
16.990436148643493,43.16546762589928,nan,0.0,nan,6.383689728,nan,nan,16.0,0.0,16,nan
17.007107325394948,42.62589928057554,nan,0.0,nan,6.383689728,nan,nan,16.0,0.0,16,nan
17.023779412110645,42.62589928057554,nan,0.0,nan,6.383689728,nan,nan,16.0,0.0,16,nan
17.040451391537985,42.62589928057554,nan,0.0,nan,6.383689728,nan,nan,16.0,0.0,16,nan
17.057123565673827,42.62589928057554,nan,0.0,nan,6.383689728,nan,nan,16.0,0.0,16,nan
17.073795159657795,42.805755395683455,nan,0.0,nan,6.383689728,nan,nan,16.0,0.0,16,nan
17.090466090043385,42.805755395683455,nan,0.0,nan,6.383689728,nan,nan,16.0,0.0,16,nan
17.1071374018987,41.007194244604314,nan,0.0,nan,6.383689728,nan,nan,15.0,0.0,16,nan
17.12381181716919,41.007194244604314,nan,0.0,nan,6.389981184,nan,nan,15.0,0.0,16,nan
17.140480744838715,41.007194244604314,nan,0.0,nan,6.389981184,nan,nan,15.0,0.0,16,nan
17.157155819733937,37.76978417266187,nan,0.0,nan,6.39627264,nan,nan,14.0,0.0,16,nan
17.17382972240448,40.827338129496404,nan,0.0,nan,6.39627264,nan,nan,15.0,0.0,16,nan
17.19050215482712,34.53237410071942,nan,0.0,nan,6.400466944,nan,nan,13.0,0.0,16,nan
17.207174762090048,40.46762589928058,nan,0.0,nan,6.400466944,nan,nan,15.0,0.0,16,nan
17.223847397168477,40.647482014388494,nan,0.0,nan,6.400466944,nan,nan,15.0,0.0,16,nan
17.24052098194758,40.647482014388494,nan,0.0,nan,6.400466944,nan,nan,15.0,0.0,16,nan
17.257193485895794,40.647482014388494,nan,0.0,nan,6.400466944,nan,nan,15.0,0.0,16,nan
17.273874362309773,40.827338129496404,nan,0.0,nan,6.119174144,nan,nan,15.0,0.0,16,nan
17.290547128518423,41.54676258992806,nan,0.0,nan,6.119174144,nan,nan,16.0,0.0,16,nan
17.307220951716104,41.72661870503597,nan,0.0,nan,6.119174144,nan,nan,16.0,0.0,16,nan
17.323893976211547,37.94964028776978,nan,0.0,nan,6.119174144,nan,nan,15.0,0.0,16,nan
17.340573370456696,41.90647482014388,nan,0.0,nan,6.119174144,nan,nan,16.0,0.0,16,nan
17.357246176401773,42.0863309352518,nan,0.0,nan,6.119174144,nan,nan,16.0,0.0,16,nan
17.373917174339294,39.568345323741006,nan,0.0,nan,6.119174144,nan,nan,15.0,0.0,16,nan
17.39058780670166,40.28776978417267,nan,0.0,nan,6.119174144,nan,nan,15.0,0.0,16,nan
17.40726021528244,38.66906474820144,nan,0.0,nan,6.119174144,nan,nan,15.0,0.0,16,nan
17.42393529812495,38.66906474820144,nan,0.0,nan,6.14643712,nan,nan,15.0,0.0,16,nan
17.44060770670573,41.90647482014388,nan,0.0,nan,6.14643712,nan,nan,16.0,0.0,16,nan
17.457280298074085,38.84892086330935,nan,0.0,nan,6.17160704,nan,nan,15.0,0.0,16,nan
17.4739528576533,40.28776978417267,nan,0.0,nan,6.17160704,nan,nan,16.0,0.0,16,nan
17.490625154972076,39.20863309352518,nan,0.0,nan,6.17160704,nan,nan,15.0,0.0,16,nan
17.50729771455129,41.007194244604314,nan,0.0,nan,6.17160704,nan,nan,16.0,0.0,16,nan
17.523970985412596,41.18705035971223,nan,0.0,nan,6.17160704,nan,nan,16.0,0.0,16,nan
17.54064319531123,41.18705035971223,nan,0.0,nan,6.17160704,nan,nan,16.0,0.0,16,nan
17.557317729791006,41.18705035971223,nan,0.0,nan,6.17160704,nan,nan,16.0,0.0,16,nan
17.573987559477487,38.66906474820144,nan,0.0,nan,6.17160704,nan,nan,15.0,0.0,16,nan
17.59065984884898,41.72661870503597,nan,0.0,nan,6.17160704,nan,nan,16.0,0.0,16,nan
17.607335396607716,41.72661870503597,nan,0.0,nan,6.17160704,nan,nan,16.0,0.0,16,nan
17.624008389314017,40.827338129496404,nan,0.0,nan,6.22403584,nan,nan,15.0,0.0,16,nan
17.640680317083994,41.007194244604314,nan,0.0,nan,6.261784576,nan,nan,15.0,0.0,16,nan
17.65735406478246,38.30935251798561,nan,0.0,nan,6.261784576,nan,nan,15.0,0.0,16,nan
17.67402659257253,41.72661870503597,nan,0.0,nan,6.261784576,nan,nan,16.0,0.0,16,nan
17.690701683362324,41.72661870503597,nan,0.0,nan,6.261784576,nan,nan,16.0,0.0,16,nan
17.707372756799064,40.827338129496404,nan,0.0,nan,6.261784576,nan,nan,15.0,0.0,16,nan
17.724045018355053,37.94964028776978,nan,0.0,nan,6.261784576,nan,nan,15.0,0.0,16,nan
17.740718007087708,37.94964028776978,nan,0.0,nan,6.261784576,nan,nan,15.0,0.0,16,nan
17.75739070177078,42.0863309352518,nan,0.0,nan,6.261784576,nan,nan,16.0,0.0,16,nan
17.77406346797943,42.0863309352518,nan,0.0,nan,6.261784576,nan,nan,16.0,0.0,16,nan
17.7907364209493,35.61151079136691,nan,0.0,nan,6.261784576,nan,nan,14.0,0.0,16,nan
17.807408654689787,42.26618705035972,nan,0.0,nan,6.261784576,nan,nan,16.0,0.0,16,nan
17.82408111890157,42.44604316546763,nan,0.0,nan,6.261784576,nan,nan,16.0,0.0,16,nan
17.840753146012624,42.44604316546763,nan,0.0,nan,6.261784576,nan,nan,16.0,0.0,16,nan
17.857425804932912,42.44604316546763,nan,0.0,nan,6.261784576,nan,nan,16.0,0.0,16,nan
17.87409785191218,42.44604316546763,nan,0.0,nan,6.261784576,nan,nan,16.0,0.0,16,nan
17.890770188967387,39.38848920863309,nan,0.0,nan,6.265982976,nan,nan,15.0,0.0,16,nan
17.907442291577656,39.568345323741006,nan,0.0,nan,6.318411776,nan,nan,15.0,0.0,16,nan
17.924120926856993,39.568345323741006,nan,0.0,nan,6.32260608,nan,nan,15.0,0.0,16,nan
17.94079322417577,39.568345323741006,nan,0.0,nan,6.32260608,nan,nan,15.0,0.0,16,nan
17.957468859354655,42.62589928057554,nan,0.0,nan,6.32260608,nan,nan,16.0,0.0,16,nan
17.974138462543486,42.62589928057554,nan,0.0,nan,6.32260608,nan,nan,16.0,0.0,16,nan
17.990810624758403,42.62589928057554,nan,0.0,nan,6.32260608,nan,nan,16.0,0.0,16,nan
18.007484678427378,42.62589928057554,nan,0.0,nan,6.32260608,nan,nan,16.0,0.0,16,nan
18.02415749231974,42.62589928057554,nan,0.0,nan,6.32260608,nan,nan,16.0,0.0,16,nan
18.04082928498586,43.16546762589928,nan,0.0,nan,6.32260608,nan,nan,16.0,0.0,16,nan
18.05750149488449,43.16546762589928,nan,0.0,nan,6.32260608,nan,nan,16.0,0.0,16,nan
18.074173613389334,43.16546762589928,nan,0.0,nan,6.32260608,nan,nan,16.0,0.0,16,nan
18.090845588843028,43.16546762589928,nan,0.0,nan,6.32260608,nan,nan,16.0,0.0,16,nan
18.10751678943634,43.16546762589928,nan,0.0,nan,6.32260608,nan,nan,16.0,0.0,16,nan
18.12418911457062,43.16546762589928,nan,0.0,nan,6.330994688,nan,nan,16.0,0.0,16,nan
18.140858952204386,39.38848920863309,nan,0.0,nan,6.330994688,nan,nan,15.0,0.0,16,nan
18.15753442843755,37.589928057553955,nan,0.0,nan,6.330994688,nan,nan,14.0,0.0,16,nan
18.174209773540497,42.805755395683455,nan,0.0,nan,6.330994688,nan,nan,16.0,0.0,16,nan
18.190888039271037,41.54676258992806,nan,0.0,nan,6.330994688,nan,nan,15.0,0.0,16,nan
18.207561818758645,42.805755395683455,nan,0.0,nan,6.33309184,nan,nan,16.0,0.0,16,nan
18.224236305554708,42.985611510791365,nan,0.0,nan,6.33309184,nan,nan,16.0,0.0,16,nan
18.24090931415558,42.985611510791365,nan,0.0,nan,6.33309184,nan,nan,16.0,0.0,16,nan
18.25758740901947,42.44604316546763,nan,0.0,nan,6.33309184,nan,nan,16.0,0.0,16,nan
18.274260449409486,39.20863309352518,nan,0.0,nan,6.33309184,nan,nan,15.0,0.0,16,nan
18.290937546888987,42.44604316546763,nan,0.0,nan,6.33309184,nan,nan,16.0,0.0,16,nan
18.307607293128967,42.44604316546763,nan,0.0,nan,6.33309184,nan,nan,16.0,0.0,16,nan
18.324277834097543,42.62589928057554,nan,0.0,nan,6.33309184,nan,nan,16.0,0.0,16,nan
18.34095419247945,39.38848920863309,nan,0.0,nan,6.33309184,nan,nan,15.0,0.0,16,nan
18.35762714544932,42.62589928057554,nan,0.0,nan,6.33309184,nan,nan,16.0,0.0,16,nan
18.374301075935364,42.985611510791365,nan,0.0,nan,6.33309184,nan,nan,16.0,0.0,16,nan
18.39097079435984,42.985611510791365,nan,0.0,nan,6.33309184,nan,nan,16.0,0.0,16,nan
18.40764232079188,41.18705035971223,nan,0.0,nan,6.33309184,nan,nan,15.0,0.0,16,nan
18.424313068389893,42.985611510791365,nan,0.0,nan,6.33309184,nan,nan,16.0,0.0,16,nan
18.440983017285664,42.985611510791365,nan,0.0,nan,6.33309184,nan,nan,16.0,0.0,16,nan
18.45765500466029,42.985611510791365,nan,0.0,nan,6.33309184,nan,nan,16.0,0.0,16,nan
18.474325227737427,42.985611510791365,nan,0.0,nan,6.33309184,nan,nan,16.0,0.0,16,nan
18.490994759400685,38.84892086330935,nan,0.0,nan,6.345674752,nan,nan,15.0,0.0,16,nan
18.507668634255726,42.985611510791365,nan,0.0,nan,6.345674752,nan,nan,16.0,0.0,16,nan
18.52434235016505,44.24460431654676,nan,0.0,nan,6.345674752,nan,nan,16.0,0.0,16,nan
18.541018116474152,43.70503597122302,nan,0.0,nan,6.345674752,nan,nan,16.0,0.0,16,nan
18.557687668005624,43.70503597122302,nan,0.0,nan,6.345674752,nan,nan,16.0,0.0,16,nan
18.574359186490376,40.46762589928058,nan,0.0,nan,6.345674752,nan,nan,15.0,0.0,16,nan
18.591033736864727,40.647482014388494,nan,0.0,nan,6.347771904,nan,nan,15.0,0.0,16,nan
18.607704456647237,40.647482014388494,nan,0.0,nan,6.349869056,nan,nan,15.0,0.0,16,nan
18.62437835931778,40.647482014388494,nan,0.0,nan,6.005723136,nan,nan,15.0,0.0,16,nan
18.64105223417282,37.23021582733813,nan,0.0,nan,6.007820288,nan,nan,15.0,0.0,16,nan
18.65772509177526,37.410071942446045,nan,0.0,nan,6.16720384,nan,nan,15.0,0.0,16,nan
18.674397099018098,38.66906474820144,nan,0.0,nan,6.16720384,nan,nan,15.0,0.0,16,nan
18.691067961851754,41.90647482014388,nan,0.0,nan,6.16720384,nan,nan,16.0,0.0,16,nan
18.70773897568385,40.10791366906474,nan,0.0,nan,6.16720384,nan,nan,15.0,0.0,16,nan
18.724414026737215,42.44604316546763,nan,0.0,nan,6.16720384,nan,nan,16.0,0.0,16,nan
18.741087289651237,41.007194244604314,nan,0.0,nan,6.238507008,nan,nan,15.0,0.0,16,nan
18.757758180300396,36.69064748201439,nan,0.0,nan,6.272077824,nan,nan,14.0,0.0,16,nan
18.774436537424723,42.26618705035972,nan,0.0,nan,6.290952192,nan,nan,16.0,0.0,16,nan
18.791109172503152,42.0863309352518,nan,0.0,nan,6.290952192,nan,nan,16.0,0.0,16,nan
18.80777952671051,42.0863309352518,nan,0.0,nan,6.290952192,nan,nan,16.0,0.0,16,nan
18.82445152203242,34.352517985611506,nan,0.0,nan,6.2993408,nan,nan,14.0,0.0,16,nan
18.84112643400828,42.0863309352518,nan,0.0,nan,6.2993408,nan,nan,16.0,0.0,16,nan
18.85780477921168,42.26618705035972,nan,0.0,nan,6.2993408,nan,nan,16.0,0.0,16,nan
18.8744784116745,40.827338129496404,nan,0.0,nan,6.2993408,nan,nan,15.0,0.0,16,nan
18.89114956855774,41.90647482014388,nan,0.0,nan,6.2993408,nan,nan,16.0,0.0,16,nan
18.907819775740304,39.92805755395683,nan,0.0,nan,6.2993408,nan,nan,15.0,0.0,16,nan
18.924493845303854,38.84892086330935,nan,0.0,nan,6.326632448,nan,nan,14.0,0.0,16,nan
18.94116449356079,40.10791366906474,nan,0.0,nan,6.34970112,nan,nan,15.0,0.0,16,nan
18.957838662465413,36.69064748201439,nan,0.0,nan,6.372769792,nan,nan,14.0,0.0,16,nan
18.97451001405716,40.10791366906474,nan,0.0,nan,6.469238784,nan,nan,15.0,0.0,16,nan
18.99118640820185,40.10791366906474,nan,0.0,nan,6.50698752,nan,nan,15.0,0.0,16,nan
19.007856543858846,40.28776978417267,nan,0.0,nan,6.511181824,nan,nan,15.0,0.0,16,nan
19.024527609348297,39.20863309352518,nan,0.0,nan,6.51747328,nan,nan,14.0,0.0,16,nan
19.041204289595285,36.69064748201439,nan,0.0,nan,6.521667584,nan,nan,14.0,0.0,16,nan
19.057876149813335,40.28776978417267,nan,0.0,nan,6.62233088,nan,nan,15.0,0.0,16,nan
19.07454666296641,40.28776978417267,nan,0.0,nan,6.639108096,nan,nan,15.0,0.0,16,nan
19.09121904373169,38.84892086330935,nan,0.0,nan,6.6433024,nan,nan,14.0,0.0,16,nan
19.107888432343803,40.28776978417267,nan,0.0,nan,6.6433024,nan,nan,15.0,0.0,16,nan
19.12456034421921,40.28776978417267,nan,0.0,nan,6.081212416,nan,nan,15.0,0.0,16,nan
19.14123536745707,41.18705035971223,nan,0.0,nan,6.081212416,nan,nan,16.0,0.0,16,nan
19.157906150817873,41.18705035971223,nan,0.0,nan,6.081212416,nan,nan,16.0,0.0,16,nan
19.17457578976949,41.54676258992806,nan,0.0,nan,6.081212416,nan,nan,16.0,0.0,16,nan
19.191246223449706,38.66906474820144,nan,0.0,nan,6.081212416,nan,nan,15.0,0.0,16,nan
19.20792020559311,41.54676258992806,nan,0.0,nan,6.081212416,nan,nan,16.0,0.0,16,nan
19.224595034122466,41.54676258992806,nan,0.0,nan,6.081212416,nan,nan,16.0,0.0,16,nan
19.2412691116333,40.647482014388494,nan,0.0,nan,6.083313664,nan,nan,15.0,0.0,16,nan
19.25794121424357,40.647482014388494,nan,0.0,nan,6.167216128,nan,nan,15.0,0.0,16,nan
19.274613308906556,40.647482014388494,nan,0.0,nan,6.207062016,nan,nan,15.0,0.0,16,nan
19.291287326812743,41.54676258992806,nan,0.0,nan,6.207062016,nan,nan,16.0,0.0,16,nan
19.307960732777914,37.23021582733813,nan,0.0,nan,6.207062016,nan,nan,15.0,0.0,16,nan
19.32463759581248,37.589928057553955,nan,0.0,nan,6.207062016,nan,nan,15.0,0.0,16,nan
19.341307202974956,37.589928057553955,nan,0.0,nan,6.207062016,nan,nan,15.0,0.0,16,nan
19.357979373137155,37.76978417266187,nan,0.0,nan,6.207062016,nan,nan,15.0,0.0,16,nan
19.374653323491415,37.76978417266187,nan,0.0,nan,6.207062016,nan,nan,15.0,0.0,16,nan
19.391325720151265,34.53237410071942,nan,0.0,nan,6.207062016,nan,nan,14.0,0.0,16,nan
19.40799745718638,34.89208633093526,nan,0.0,nan,6.207062016,nan,nan,14.0,0.0,16,nan
19.424667410055797,36.33093525179856,nan,0.0,nan,6.207062016,nan,nan,15.0,0.0,16,nan
19.4413419008255,36.33093525179856,nan,0.0,nan,6.207062016,nan,nan,15.0,0.0,16,nan
19.45801995197932,36.33093525179856,nan,0.0,nan,6.207062016,nan,nan,15.0,0.0,16,nan
19.474691132704418,36.33093525179856,nan,0.0,nan,6.207062016,nan,nan,15.0,0.0,16,nan
19.491363986333212,36.69064748201439,nan,0.0,nan,6.207062016,nan,nan,15.0,0.0,16,nan
19.508036029338836,36.87050359712231,nan,0.0,nan,6.207062016,nan,nan,15.0,0.0,16,nan
19.5247079094251,33.09352517985612,nan,0.0,nan,6.215450624,nan,nan,13.0,0.0,16,nan
19.541380127271015,36.87050359712231,nan,0.0,nan,6.215450624,nan,nan,15.0,0.0,16,nan
19.55805175304413,37.05035971223022,nan,0.0,nan,6.215450624,nan,nan,15.0,0.0,16,nan
19.574721197287243,35.61151079136691,nan,0.0,nan,6.215450624,nan,nan,14.0,0.0,16,nan
19.591392795244854,37.05035971223022,nan,0.0,nan,6.215450624,nan,nan,15.0,0.0,16,nan
19.60806322892507,37.410071942446045,nan,0.0,nan,6.215450624,nan,nan,15.0,0.0,16,nan
19.624735315640766,37.410071942446045,nan,0.0,nan,6.215450624,nan,nan,15.0,0.0,16,nan
19.6414067308108,37.589928057553955,nan,0.0,nan,6.215450624,nan,nan,15.0,0.0,16,nan
19.658077498277027,37.589928057553955,nan,0.0,nan,6.215450624,nan,nan,15.0,0.0,16,nan
19.674749485651652,37.589928057553955,nan,0.0,nan,6.215450624,nan,nan,15.0,0.0,16,nan
19.691421576340993,37.589928057553955,nan,0.0,nan,6.215450624,nan,nan,15.0,0.0,16,nan
19.70809387365977,37.589928057553955,nan,0.0,nan,6.215450624,nan,nan,15.0,0.0,16,nan
19.724769496917723,35.251798561151084,nan,0.0,nan,6.215450624,nan,nan,14.0,0.0,16,nan
19.741445489724477,36.15107913669065,nan,0.0,nan,6.215450624,nan,nan,14.0,0.0,16,nan
19.758118720849357,37.23021582733813,nan,0.0,nan,6.215450624,nan,nan,15.0,0.0,16,nan
19.774791351954143,35.61151079136691,nan,0.0,nan,6.215450624,nan,nan,14.0,0.0,16,nan
19.7914715329806,35.251798561151084,nan,0.0,nan,6.215450624,nan,nan,14.0,0.0,16,nan
19.808144076665243,37.94964028776978,nan,0.0,nan,6.215450624,nan,nan,15.0,0.0,16,nan
19.82481761376063,35.79136690647482,nan,0.0,nan,6.215450624,nan,nan,14.0,0.0,16,nan
19.841489577293395,37.410071942446045,nan,0.0,nan,6.223839232,nan,nan,15.0,0.0,16,nan
19.858162152767182,37.410071942446045,nan,0.0,nan,6.223839232,nan,nan,15.0,0.0,16,nan
19.87483466466268,37.410071942446045,nan,0.0,nan,6.223839232,nan,nan,15.0,0.0,16,nan
19.891506938139596,35.79136690647482,nan,0.0,nan,6.25319936,nan,nan,14.0,0.0,16,nan
19.90817852814992,37.410071942446045,nan,0.0,nan,6.25319936,nan,nan,15.0,0.0,16,nan
19.924851274490358,37.410071942446045,nan,0.0,nan,6.25319936,nan,nan,15.0,0.0,16,nan
19.941523679097493,37.589928057553955,nan,0.0,nan,6.25319936,nan,nan,15.0,0.0,16,nan
19.958197697003683,34.71223021582733,nan,0.0,nan,6.26368512,nan,nan,14.0,0.0,16,nan
19.97487020889918,37.410071942446045,nan,0.0,nan,6.26368512,nan,nan,15.0,0.0,16,nan
19.991538659731546,37.410071942446045,nan,0.0,nan,6.26368512,nan,nan,15.0,0.0,16,nan
20.008207015196483,37.410071942446045,nan,0.0,nan,6.26368512,nan,nan,15.0,0.0,16,nan
20.024879848957063,34.71223021582733,nan,0.0,nan,6.26368512,nan,nan,14.0,0.0,16,nan
20.04155475695928,37.94964028776978,nan,0.0,nan,6.26368512,nan,nan,15.0,0.0,16,nan
20.05822745958964,37.589928057553955,nan,0.0,nan,6.26368512,nan,nan,15.0,0.0,16,nan
20.074899208545684,37.05035971223022,nan,0.0,nan,6.26368512,nan,nan,14.0,0.0,16,nan
20.091572721799213,35.79136690647482,nan,0.0,nan,6.265782272,nan,nan,14.0,0.0,16,nan
20.108255767822264,37.94964028776978,nan,0.0,nan,6.265782272,nan,nan,15.0,0.0,16,nan
20.124928402900697,37.94964028776978,nan,0.0,nan,6.265782272,nan,nan,15.0,0.0,16,nan
20.14160109758377,37.94964028776978,nan,0.0,nan,6.265782272,nan,nan,15.0,0.0,16,nan
20.158273736635845,35.61151079136691,nan,0.0,nan,6.265782272,nan,nan,14.0,0.0,16,nan
20.174946173032126,38.30935251798561,nan,0.0,nan,6.265782272,nan,nan,15.0,0.0,16,nan
20.191618462403614,34.53237410071942,nan,0.0,nan,6.265782272,nan,nan,14.0,0.0,16,nan
20.208290910720827,38.48920863309353,nan,0.0,nan,6.265782272,nan,nan,15.0,0.0,16,nan
20.224963251749674,35.79136690647482,nan,0.0,nan,6.265782272,nan,nan,14.0,0.0,16,nan
20.24163357814153,38.48920863309353,nan,0.0,nan,6.265782272,nan,nan,15.0,0.0,16,nan
20.258306427796683,38.66906474820144,nan,0.0,nan,6.265782272,nan,nan,15.0,0.0,16,nan
20.274986906846365,38.84892086330935,nan,0.0,nan,6.265782272,nan,nan,15.0,0.0,16,nan
20.291660022735595,38.84892086330935,nan,0.0,nan,6.265782272,nan,nan,15.0,0.0,16,nan
20.30833569765091,31.474820143884898,nan,0.0,nan,6.265782272,nan,nan,13.0,0.0,16,nan
20.32500829299291,38.30935251798561,nan,0.0,nan,6.265782272,nan,nan,15.0,0.0,16,nan
20.341687651475272,36.33093525179856,nan,0.0,nan,6.265782272,nan,nan,14.0,0.0,16,nan
20.35836023489634,36.69064748201439,nan,0.0,nan,6.267879424,nan,nan,14.0,0.0,16,nan
20.375034443537395,38.48920863309353,nan,0.0,nan,6.267879424,nan,nan,15.0,0.0,16,nan
20.3917076309522,38.48920863309353,nan,0.0,nan,6.267879424,nan,nan,15.0,0.0,16,nan
20.4083775639534,33.09352517985612,nan,0.0,nan,6.288850944,nan,nan,13.0,0.0,16,nan
20.425054303805034,38.84892086330935,nan,0.0,nan,6.288850944,nan,nan,15.0,0.0,16,nan
20.441726791858674,38.84892086330935,nan,0.0,nan,6.288850944,nan,nan,15.0,0.0,16,nan
20.45840666294098,34.89208633093526,nan,0.0,nan,6.288850944,nan,nan,13.0,0.0,16,nan
20.475081344445545,33.09352517985612,nan,0.0,nan,6.324502528,nan,nan,13.0,0.0,16,nan
20.491754019260405,37.410071942446045,nan,0.0,nan,6.324502528,nan,nan,14.0,0.0,16,nan
20.508426014582316,37.410071942446045,nan,0.0,nan,6.32659968,nan,nan,14.0,0.0,16,nan
20.525095808506013,34.53237410071942,nan,0.0,nan,6.32659968,nan,nan,13.0,0.0,16,nan
20.541768729686737,37.589928057553955,nan,0.0,nan,6.32659968,nan,nan,14.0,0.0,16,nan
20.558444102605183,35.431654676258994,nan,0.0,nan,6.33708544,nan,nan,13.0,0.0,16,nan
20.575123143196105,36.69064748201439,nan,0.0,nan,6.33708544,nan,nan,14.0,0.0,16,nan
20.59180155992508,39.568345323741006,nan,0.0,nan,6.33708544,nan,nan,15.0,0.0,16,nan
20.608471584320068,39.568345323741006,nan,0.0,nan,6.33708544,nan,nan,15.0,0.0,16,nan
20.625144310792287,39.748201438848916,nan,0.0,nan,6.33708544,nan,nan,15.0,0.0,16,nan
20.64181888103485,37.410071942446045,nan,0.0,nan,6.33708544,nan,nan,14.0,0.0,16,nan
20.658491551876068,37.410071942446045,nan,0.0,nan,6.339182592,nan,nan,14.0,0.0,16,nan
20.67516711552938,32.73381294964028,nan,0.0,nan,6.339182592,nan,nan,12.0,0.0,16,nan
20.691839643319447,35.97122302158273,nan,0.0,nan,6.691504128,nan,nan,13.0,0.0,16,nan
20.70851192077001,38.30935251798561,nan,0.0,nan,6.720864256,nan,nan,14.0,0.0,16,nan
20.72518427769343,40.28776978417267,nan,0.0,nan,6.720864256,nan,nan,15.0,0.0,16,nan
20.741856320699057,40.46762589928058,nan,0.0,nan,6.720864256,nan,nan,15.0,0.0,16,nan
20.758528633912405,40.46762589928058,nan,0.0,nan,6.720864256,nan,nan,15.0,0.0,16,nan
20.7752010901769,40.647482014388494,nan,0.0,nan,6.720864256,nan,nan,15.0,0.0,16,nan
20.79187409877777,40.28776978417267,nan,0.0,nan,6.720864256,nan,nan,15.0,0.0,16,nan
20.808546765645346,40.28776978417267,nan,0.0,nan,6.720864256,nan,nan,15.0,0.0,16,nan
20.825220135847726,40.28776978417267,nan,0.0,nan,6.720864256,nan,nan,15.0,0.0,16,nan
20.84189237356186,37.589928057553955,nan,0.0,nan,6.729252864,nan,nan,14.0,0.0,16,nan
20.858564682801564,37.589928057553955,nan,0.0,nan,6.794264576,nan,nan,14.0,0.0,16,nan
20.875237866242728,37.76978417266187,nan,0.0,nan,6.800556032,nan,nan,14.0,0.0,16,nan
20.89191040992737,37.94964028776978,nan,0.0,nan,6.80894464,nan,nan,14.0,0.0,16,nan
20.908583505948386,40.647482014388494,nan,0.0,nan,6.80894464,nan,nan,15.0,0.0,16,nan
20.92525637547175,40.647482014388494,nan,0.0,nan,6.80894464,nan,nan,15.0,0.0,16,nan
20.941928788026175,40.827338129496404,nan,0.0,nan,6.80894464,nan,nan,15.0,0.0,16,nan
20.958602499961852,41.007194244604314,nan,0.0,nan,6.80894464,nan,nan,15.0,0.0,16,nan
20.97527445157369,38.48920863309353,nan,0.0,nan,6.80894464,nan,nan,14.0,0.0,16,nan
20.991947333017986,38.30935251798561,nan,0.0,nan,6.823624704,nan,nan,14.0,0.0,16,nan
21.008619419733684,38.30935251798561,nan,0.0,nan,6.832013312,nan,nan,14.0,0.0,16,nan
21.025291685263316,38.48920863309353,nan,0.0,nan,6.832013312,nan,nan,14.0,0.0,16,nan
21.041962428887686,41.18705035971223,nan,0.0,nan,6.832013312,nan,nan,15.0,0.0,16,nan
21.058636379241943,41.36690647482014,nan,0.0,nan,6.832013312,nan,nan,15.0,0.0,16,nan
21.075308545430502,41.36690647482014,nan,0.0,nan,6.832013312,nan,nan,15.0,0.0,16,nan
21.091981041431428,41.36690647482014,nan,0.0,nan,6.832013312,nan,nan,15.0,0.0,16,nan
21.108653318881988,39.20863309352518,nan,0.0,nan,6.834110464,nan,nan,14.0,0.0,16,nan
21.125325838724773,37.76978417266187,nan,0.0,nan,6.834110464,nan,nan,14.0,0.0,16,nan
21.142001275221507,37.76978417266187,nan,0.0,nan,6.834110464,nan,nan,14.0,0.0,16,nan
21.158673556645713,40.46762589928058,nan,0.0,nan,6.834110464,nan,nan,15.0,0.0,16,nan
21.175345353285472,38.48920863309353,nan,0.0,nan,6.859276288,nan,nan,14.0,0.0,16,nan
21.192017646630607,40.827338129496404,nan,0.0,nan,6.859276288,nan,nan,15.0,0.0,16,nan
21.208690388997397,39.02877697841727,nan,0.0,nan,6.859276288,nan,nan,14.0,0.0,16,nan
21.225360695521037,39.02877697841727,nan,0.0,nan,6.86137344,nan,nan,14.0,0.0,16,nan
21.242033048470816,41.36690647482014,nan,0.0,nan,6.886539264,nan,nan,15.0,0.0,16,nan
21.25870759487152,41.72661870503597,nan,0.0,nan,6.886539264,nan,nan,15.0,0.0,16,nan
21.27537697950999,41.72661870503597,nan,0.0,nan,6.886539264,nan,nan,15.0,0.0,16,nan
21.29205241998037,36.69064748201439,nan,0.0,nan,6.886539264,nan,nan,13.0,0.0,16,nan
21.308729326725008,37.410071942446045,nan,0.0,nan,6.964133888,nan,nan,13.0,0.0,16,nan
21.32539869149526,35.61151079136691,nan,0.0,nan,6.978813952,nan,nan,12.0,0.0,16,nan
21.34207473198573,34.89208633093526,nan,0.0,nan,6.98720256,nan,nan,12.0,0.0,16,nan
21.358753375212352,36.15107913669065,nan,0.0,nan,6.989299712,nan,nan,12.0,0.0,16,nan
21.375427921613056,38.66906474820144,nan,0.0,nan,6.991396864,nan,nan,13.0,0.0,16,nan
21.392106135686237,40.28776978417267,nan,0.0,nan,6.429351936,nan,nan,14.0,0.0,16,nan
21.408779843648276,38.30935251798561,nan,0.0,nan,6.429351936,nan,nan,14.0,0.0,16,nan
21.425454394022623,38.84892086330935,nan,0.0,nan,6.429351936,nan,nan,14.0,0.0,16,nan
21.442128642400107,37.94964028776978,nan,0.0,nan,6.429351936,nan,nan,14.0,0.0,16,nan
21.45879746278127,41.007194244604314,nan,0.0,nan,6.429351936,nan,nan,15.0,0.0,16,nan
21.475471154848734,35.251798561151084,nan,0.0,nan,6.485987328,nan,nan,12.0,0.0,16,nan
21.492146813869475,38.30935251798561,nan,0.0,nan,6.48808448,nan,nan,14.0,0.0,16,nan
21.5088183204333,38.30935251798561,nan,0.0,nan,6.48808448,nan,nan,14.0,0.0,16,nan
21.525491507848105,36.33093525179856,nan,0.0,nan,6.490181632,nan,nan,13.0,0.0,16,nan
21.542161671320596,39.20863309352518,nan,0.0,nan,6.500667392,nan,nan,14.0,0.0,16,nan
21.55883806149165,39.38848920863309,nan,0.0,nan,6.662148096,nan,nan,14.0,0.0,16,nan
21.57551159063975,39.748201438848916,nan,0.0,nan,6.67682816,nan,nan,14.0,0.0,16,nan
21.592187043031057,39.568345323741006,nan,0.0,nan,6.67682816,nan,nan,14.0,0.0,16,nan
21.608856387933095,36.87050359712231,nan,0.0,nan,6.67682816,nan,nan,13.0,0.0,16,nan
21.62553627093633,36.87050359712231,nan,0.0,nan,6.678925312,nan,nan,13.0,0.0,16,nan
21.64220861196518,36.87050359712231,nan,0.0,nan,6.76071424,nan,nan,13.0,0.0,16,nan
21.658881239096324,39.02877697841727,nan,0.0,nan,6.79217152,nan,nan,14.0,0.0,16,nan
21.675554529825845,39.20863309352518,nan,0.0,nan,6.850891776,nan,nan,14.0,0.0,16,nan
21.69222690264384,39.20863309352518,nan,0.0,nan,6.852988928,nan,nan,14.0,0.0,16,nan
21.708902215957643,39.20863309352518,nan,0.0,nan,6.863474688,nan,nan,14.0,0.0,16,nan
21.725574668248495,39.38848920863309,nan,0.0,nan,6.863474688,nan,nan,14.0,0.0,16,nan
21.74224720001221,38.30935251798561,nan,0.0,nan,6.871863296,nan,nan,13.0,0.0,16,nan
21.75891689459483,34.89208633093526,nan,0.0,nan,6.873960448,nan,nan,13.0,0.0,16,nan
21.7755895058314,38.12949640287769,nan,0.0,nan,6.890737664,nan,nan,14.0,0.0,16,nan
21.792260519663493,38.30935251798561,nan,0.0,nan,6.892834816,nan,nan,14.0,0.0,16,nan
21.80893806219101,38.30935251798561,nan,0.0,nan,6.899126272,nan,nan,14.0,0.0,16,nan
21.825611734390257,37.94964028776978,nan,0.0,nan,6.899126272,nan,nan,14.0,0.0,16,nan
21.84228105545044,35.61151079136691,nan,0.0,nan,6.905417728,nan,nan,13.0,0.0,16,nan
21.85895413160324,38.12949640287769,nan,0.0,nan,6.909612032,nan,nan,14.0,0.0,16,nan
21.875629937648775,35.79136690647482,nan,0.0,nan,7.039635456,nan,nan,13.0,0.0,16,nan
21.8923086365064,37.589928057553955,nan,0.0,nan,7.050121216,nan,nan,14.0,0.0,16,nan
21.90898124774297,37.589928057553955,nan,0.0,nan,7.050121216,nan,nan,14.0,0.0,16,nan
21.925653783480325,37.76978417266187,nan,0.0,nan,7.050121216,nan,nan,14.0,0.0,16,nan
21.942326553662618,38.30935251798561,nan,0.0,nan,7.050121216,nan,nan,14.0,0.0,16,nan
21.959001982212065,37.76978417266187,nan,0.0,nan,7.050121216,nan,nan,14.0,0.0,16,nan
21.97567452987035,40.647482014388494,nan,0.0,nan,7.050121216,nan,nan,15.0,0.0,16,nan
21.99234697421392,40.827338129496404,nan,0.0,nan,7.050121216,nan,nan,15.0,0.0,16,nan
22.00901925166448,37.94964028776978,nan,0.0,nan,7.050121216,nan,nan,14.0,0.0,16,nan
22.025692522525787,37.94964028776978,nan,0.0,nan,7.050121216,nan,nan,14.0,0.0,16,nan
22.042363786697386,38.30935251798561,nan,0.0,nan,7.050121216,nan,nan,14.0,0.0,16,nan
22.05903655687968,38.48920863309353,nan,0.0,nan,7.050121216,nan,nan,14.0,0.0,16,nan
22.07570956150691,38.48920863309353,nan,0.0,nan,7.050121216,nan,nan,14.0,0.0,16,nan
22.09238564570745,38.48920863309353,nan,0.0,nan,7.050121216,nan,nan,14.0,0.0,16,nan
22.109058038393655,36.51079136690647,nan,0.0,nan,7.050121216,nan,nan,13.0,0.0,16,nan
22.125729326407114,35.431654676258994,nan,0.0,nan,7.050121216,nan,nan,13.0,0.0,16,nan
22.142402573426565,33.992805755395686,nan,0.0,nan,7.050121216,nan,nan,12.0,0.0,16,nan
22.15907369852066,38.66906474820144,nan,0.0,nan,7.050121216,nan,nan,14.0,0.0,16,nan
22.17574606736501,38.66906474820144,nan,0.0,nan,7.050121216,nan,nan,14.0,0.0,16,nan
22.1924187262853,35.97122302158273,nan,0.0,nan,7.050121216,nan,nan,14.0,0.0,16,nan
22.20909156401952,36.87050359712231,nan,0.0,nan,7.050121216,nan,nan,14.0,0.0,16,nan
22.22576381365458,30.215827338129497,nan,0.0,nan,7.050121216,nan,nan,12.0,0.0,16,nan
22.242436091105144,35.79136690647482,nan,0.0,nan,7.050121216,nan,nan,14.0,0.0,16,nan
22.259108595053355,35.79136690647482,nan,0.0,nan,7.052218368,nan,nan,14.0,0.0,16,nan
22.275787643591563,31.474820143884898,nan,0.0,nan,7.052218368,nan,nan,13.0,0.0,16,nan
22.29246036609014,33.63309352517986,nan,0.0,nan,7.052218368,nan,nan,13.0,0.0,16,nan
22.309135286013284,35.79136690647482,nan,0.0,nan,7.052218368,nan,nan,14.0,0.0,16,nan
22.32580783367157,41.007194244604314,nan,0.0,nan,7.052218368,nan,nan,15.0,0.0,16,nan
22.34247969388962,37.410071942446045,nan,0.0,nan,7.052218368,nan,nan,14.0,0.0,16,nan
22.359156064192454,43.5251798561151,nan,0.0,nan,7.052218368,nan,nan,16.0,0.0,16,nan
22.375828687349955,43.5251798561151,nan,0.0,nan,7.052218368,nan,nan,16.0,0.0,16,nan
22.39250501791636,34.89208633093526,nan,0.0,nan,7.056412672,nan,nan,14.0,0.0,16,nan
22.40918066104253,43.70503597122302,nan,0.0,nan,7.068995584,nan,nan,16.0,0.0,16,nan
22.42585534652074,43.88489208633094,nan,0.0,nan,7.068995584,nan,nan,16.0,0.0,16,nan
22.442525192101797,33.45323741007194,nan,0.0,nan,7.068995584,nan,nan,13.0,0.0,16,nan
22.45920213063558,41.007194244604314,nan,0.0,nan,7.199019008,nan,nan,15.0,0.0,16,nan
22.47587388753891,43.88489208633094,nan,0.0,nan,7.217893376,nan,nan,16.0,0.0,16,nan
22.492551271120707,39.568345323741006,nan,0.0,nan,7.217893376,nan,nan,15.0,0.0,16,nan
22.509221017360687,37.589928057553955,nan,0.0,nan,7.255642112,nan,nan,14.0,0.0,16,nan
22.525895317395527,42.0863309352518,nan,0.0,nan,7.28500224,nan,nan,15.0,0.0,16,nan
22.54257116317749,43.88489208633094,nan,0.0,nan,7.28500224,nan,nan,16.0,0.0,16,nan
22.559245030085247,43.88489208633094,nan,0.0,nan,7.28500224,nan,nan,16.0,0.0,16,nan
22.57592248916626,39.38848920863309,nan,0.0,nan,7.287099392,nan,nan,15.0,0.0,16,nan
22.59259552558263,43.88489208633094,nan,0.0,nan,7.287099392,nan,nan,16.0,0.0,16,nan
22.609268554051717,43.88489208633094,nan,0.0,nan,7.287099392,nan,nan,16.0,0.0,16,nan
22.62594031492869,44.60431654676259,nan,0.0,nan,7.287099392,nan,nan,16.0,0.0,16,nan
22.642610736687978,40.28776978417267,nan,0.0,nan,7.289196544,nan,nan,15.0,0.0,16,nan
22.65928744475047,44.7841726618705,nan,0.0,nan,7.299682304,nan,nan,16.0,0.0,16,nan
22.67596121629079,41.72661870503597,nan,0.0,nan,7.299682304,nan,nan,15.0,0.0,16,nan
22.692638071378074,44.96402877697842,nan,0.0,nan,7.299682304,nan,nan,16.0,0.0,16,nan
22.709312613805135,43.34532374100719,nan,0.0,nan,7.301799936,nan,nan,15.0,0.0,16,nan
22.72598495086034,45.14388489208633,nan,0.0,nan,7.301799936,nan,nan,16.0,0.0,16,nan
22.742658237616222,45.14388489208633,nan,0.0,nan,7.301799936,nan,nan,16.0,0.0,16,nan
22.75933074951172,45.14388489208633,nan,0.0,nan,7.301799936,nan,nan,16.0,0.0,16,nan
22.77600162823995,45.32374100719424,nan,0.0,nan,7.301799936,nan,nan,16.0,0.0,16,nan
22.792675856749216,42.26618705035972,nan,0.0,nan,7.301799936,nan,nan,15.0,0.0,16,nan
22.809351654847465,42.44604316546763,nan,0.0,nan,7.314382848,nan,nan,15.0,0.0,16,nan
22.826024929682415,45.86330935251799,nan,0.0,nan,7.314382848,nan,nan,16.0,0.0,16,nan
22.842702317237855,45.86330935251799,nan,0.0,nan,7.314382848,nan,nan,16.0,0.0,16,nan
22.859374912579856,45.86330935251799,nan,0.0,nan,7.314382848,nan,nan,16.0,0.0,16,nan
22.876047134399414,41.36690647482014,nan,0.0,nan,7.314382848,nan,nan,15.0,0.0,16,nan
22.892717401186626,41.18705035971223,nan,0.0,nan,7.314382848,nan,nan,15.0,0.0,16,nan
22.90939153432846,45.86330935251799,nan,0.0,nan,7.314382848,nan,nan,16.0,0.0,16,nan
22.92606916030248,45.86330935251799,nan,0.0,nan,7.314382848,nan,nan,16.0,0.0,16,nan
22.942740241686504,41.54676258992806,nan,0.0,nan,7.314382848,nan,nan,15.0,0.0,16,nan
22.95942127307256,46.043165467625904,nan,0.0,nan,7.314382848,nan,nan,16.0,0.0,16,nan
22.976093939940135,42.805755395683455,nan,0.0,nan,7.314382848,nan,nan,15.0,0.0,16,nan
22.992771168549854,38.12949640287769,nan,0.0,nan,7.314382848,nan,nan,14.0,0.0,16,nan
23.009443298975626,46.223021582733814,nan,0.0,nan,7.314382848,nan,nan,16.0,0.0,16,nan
23.02611266374588,46.223021582733814,nan,0.0,nan,7.314382848,nan,nan,16.0,0.0,16,nan
23.042789709568023,46.223021582733814,nan,0.0,nan,7.314382848,nan,nan,16.0,0.0,16,nan
23.059461124738057,46.223021582733814,nan,0.0,nan,7.314382848,nan,nan,16.0,0.0,16,nan
23.076138238112133,46.223021582733814,nan,0.0,nan,7.314382848,nan,nan,16.0,0.0,16,nan
23.09280989567439,46.402877697841724,nan,0.0,nan,7.314382848,nan,nan,16.0,0.0,16,nan
23.109483575820924,46.402877697841724,nan,0.0,nan,7.314382848,nan,nan,16.0,0.0,16,nan
23.12615313132604,46.402877697841724,nan,0.0,nan,7.314382848,nan,nan,16.0,0.0,16,nan
23.142827757199605,38.30935251798561,nan,0.0,nan,7.314382848,nan,nan,14.0,0.0,16,nan
23.159496851762135,43.16546762589928,nan,0.0,nan,7.314382848,nan,nan,15.0,0.0,16,nan
23.176166331768037,44.60431654676259,nan,0.0,nan,7.314382848,nan,nan,15.0,0.0,16,nan
23.192836860815685,44.24460431654676,nan,0.0,nan,7.314382848,nan,nan,15.0,0.0,16,nan
23.20950671037038,46.58273381294964,nan,0.0,nan,7.314382848,nan,nan,16.0,0.0,16,nan
23.226176822185515,46.76258992805755,nan,0.0,nan,7.314382848,nan,nan,16.0,0.0,16,nan
23.242849826812744,43.34532374100719,nan,0.0,nan,7.31648,nan,nan,15.0,0.0,16,nan
23.259523479143777,43.34532374100719,nan,0.0,nan,7.318577152,nan,nan,15.0,0.0,16,nan
23.276196575164796,47.30215827338129,nan,0.0,nan,7.318577152,nan,nan,16.0,0.0,16,nan
23.292867640654247,46.76258992805755,nan,0.0,nan,7.318577152,nan,nan,16.0,0.0,16,nan
23.309541034698487,43.34532374100719,nan,0.0,nan,7.318577152,nan,nan,15.0,0.0,16,nan
23.326211063067117,43.34532374100719,nan,0.0,nan,7.318577152,nan,nan,15.0,0.0,16,nan
23.342884238560995,41.54676258992806,nan,0.0,nan,7.350034432,nan,nan,14.0,0.0,16,nan
23.359558820724487,43.5251798561151,nan,0.0,nan,7.375200256,nan,nan,15.0,0.0,16,nan
23.376235802968342,43.5251798561151,nan,0.0,nan,7.387783168,nan,nan,15.0,0.0,16,nan
23.392908791701,43.5251798561151,nan,0.0,nan,7.408754688,nan,nan,15.0,0.0,16,nan
23.409587021668752,43.70503597122302,nan,0.0,nan,7.41085184,nan,nan,15.0,0.0,16,nan
23.426260801156364,43.88489208633094,nan,0.0,nan,7.41085184,nan,nan,15.0,0.0,16,nan
23.44293640057246,41.54676258992806,nan,0.0,nan,7.429722112,nan,nan,14.0,0.0,16,nan
23.459608952204388,44.06474820143885,nan,0.0,nan,7.444402176,nan,nan,15.0,0.0,16,nan
23.476280689239502,44.06474820143885,nan,0.0,nan,7.454887936,nan,nan,15.0,0.0,16,nan
23.49295066992442,44.06474820143885,nan,0.0,nan,7.454887936,nan,nan,15.0,0.0,16,nan
23.509621930122375,44.96402877697842,nan,0.0,nan,7.45908224,nan,nan,15.0,0.0,16,nan
23.526293992996216,44.42446043165468,nan,0.0,nan,7.45908224,nan,nan,15.0,0.0,16,nan
23.542962896823884,44.42446043165468,nan,0.0,nan,7.45908224,nan,nan,15.0,0.0,16,nan
23.559637335936227,44.60431654676259,nan,0.0,nan,7.463276544,nan,nan,15.0,0.0,16,nan
23.57631045182546,48.561151079136685,nan,0.0,nan,7.463276544,nan,nan,16.0,0.0,16,nan
23.592988832791647,48.381294964028775,nan,0.0,nan,7.463276544,nan,nan,16.0,0.0,16,nan
23.609662707646688,48.561151079136685,nan,0.0,nan,7.463276544,nan,nan,16.0,0.0,16,nan
23.626336880524953,48.381294964028775,nan,0.0,nan,7.463276544,nan,nan,16.0,0.0,16,nan
23.643010207017262,48.381294964028775,nan,0.0,nan,7.463276544,nan,nan,16.0,0.0,16,nan
23.659688369433084,45.14388489208633,nan,0.0,nan,7.463276544,nan,nan,15.0,0.0,16,nan
23.676359005769093,44.7841726618705,nan,0.0,nan,7.463276544,nan,nan,15.0,0.0,16,nan
23.693028771877287,48.381294964028775,nan,0.0,nan,7.463276544,nan,nan,16.0,0.0,16,nan
23.709709052244822,48.381294964028775,nan,0.0,nan,7.463276544,nan,nan,16.0,0.0,16,nan
23.72638018131256,48.381294964028775,nan,0.0,nan,7.463276544,nan,nan,16.0,0.0,16,nan
23.743051473299662,37.589928057553955,nan,0.0,nan,7.465394176,nan,nan,13.0,0.0,16,nan
23.7597220937411,39.92805755395683,nan,0.0,nan,7.465394176,nan,nan,14.0,0.0,16,nan
23.77639346520106,39.92805755395683,nan,0.0,nan,7.465394176,nan,nan,14.0,0.0,16,nan
23.793071309725445,37.589928057553955,nan,0.0,nan,7.475879936,nan,nan,13.0,0.0,16,nan
23.809746023019155,40.46762589928058,nan,0.0,nan,7.578640384,nan,nan,14.0,0.0,16,nan
23.826422913869223,43.5251798561151,nan,0.0,nan,7.597514752,nan,nan,15.0,0.0,16,nan
23.843093355496723,43.34532374100719,nan,0.0,nan,7.599611904,nan,nan,15.0,0.0,16,nan
23.859767532348634,40.827338129496404,nan,0.0,nan,7.891116032,nan,nan,14.0,0.0,16,nan
23.87643923362096,40.827338129496404,nan,0.0,nan,7.19271936,nan,nan,14.0,0.0,15,nan
23.89311052163442,43.34532374100719,nan,0.0,nan,7.19271936,nan,nan,15.0,0.0,15,nan
23.90978298187256,43.34532374100719,nan,0.0,nan,7.19271936,nan,nan,15.0,0.0,15,nan
23.926454333464303,38.66906474820144,nan,0.0,nan,7.19271936,nan,nan,14.0,0.0,15,nan
23.94312517642975,43.5251798561151,nan,0.0,nan,7.19271936,nan,nan,15.0,0.0,15,nan
23.95980285803477,43.5251798561151,nan,0.0,nan,7.19271936,nan,nan,15.0,0.0,15,nan
23.976475131511688,43.5251798561151,nan,0.0,nan,7.194816512,nan,nan,15.0,0.0,15,nan
23.993154195944467,38.66906474820144,nan,0.0,nan,7.201107968,nan,nan,14.0,0.0,15,nan
24.009826664129893,43.70503597122302,nan,0.0,nan,7.201107968,nan,nan,15.0,0.0,15,nan
24.0264954606692,43.70503597122302,nan,0.0,nan,7.201107968,nan,nan,15.0,0.0,15,nan
24.04316844542821,43.70503597122302,nan,0.0,nan,7.201107968,nan,nan,15.0,0.0,15,nan
24.059840051333108,43.70503597122302,nan,0.0,nan,7.201107968,nan,nan,15.0,0.0,15,nan
24.07651303211848,43.70503597122302,nan,0.0,nan,7.201107968,nan,nan,15.0,0.0,15,nan
24.093187232812245,43.88489208633094,nan,0.0,nan,7.201107968,nan,nan,15.0,0.0,15,nan
24.109859279791515,43.88489208633094,nan,0.0,nan,7.201107968,nan,nan,15.0,0.0,15,nan
24.12653737862905,43.88489208633094,nan,0.0,nan,7.201107968,nan,nan,15.0,0.0,15,nan
24.14320710102717,43.88489208633094,nan,0.0,nan,7.201107968,nan,nan,15.0,0.0,15,nan
24.15987583398819,43.88489208633094,nan,0.0,nan,7.201107968,nan,nan,15.0,0.0,15,nan
24.176552486419677,41.54676258992806,nan,0.0,nan,7.201107968,nan,nan,14.0,0.0,15,nan
24.193223905563354,44.60431654676259,nan,0.0,nan,7.201107968,nan,nan,15.0,0.0,15,nan
24.209897593657175,44.06474820143885,nan,0.0,nan,7.201107968,nan,nan,15.0,0.0,15,nan
24.22656951347987,44.24460431654676,nan,0.0,nan,7.201107968,nan,nan,15.0,0.0,15,nan
24.243241135279337,44.24460431654676,nan,0.0,nan,7.201107968,nan,nan,15.0,0.0,15,nan
24.25991052786509,44.42446043165468,nan,0.0,nan,7.201107968,nan,nan,15.0,0.0,15,nan
24.276581239700317,44.06474820143885,nan,0.0,nan,7.201107968,nan,nan,15.0,0.0,15,nan
24.293254597981772,44.06474820143885,nan,0.0,nan,7.201107968,nan,nan,15.0,0.0,15,nan
24.309930006663006,44.42446043165468,nan,0.0,nan,7.201107968,nan,nan,15.0,0.0,15,nan
24.326604410012564,44.60431654676259,nan,0.0,nan,7.201107968,nan,nan,15.0,0.0,15,nan
24.343276516596475,44.60431654676259,nan,0.0,nan,7.201107968,nan,nan,15.0,0.0,15,nan
24.359953808784486,45.68345323741008,nan,0.0,nan,7.201107968,nan,nan,15.0,0.0,15,nan
24.376626924673715,42.0863309352518,nan,0.0,nan,7.22417664,nan,nan,14.0,0.0,15,nan
24.393297815322875,44.60431654676259,nan,0.0,nan,7.22417664,nan,nan,15.0,0.0,15,nan
24.40996679464976,44.7841726618705,nan,0.0,nan,7.22417664,nan,nan,15.0,0.0,15,nan
24.42663592894872,42.26618705035972,nan,0.0,nan,7.22417664,nan,nan,14.0,0.0,15,nan
24.443305051326753,44.96402877697842,nan,0.0,nan,7.22417664,nan,nan,15.0,0.0,15,nan
24.459975922107695,44.96402877697842,nan,0.0,nan,7.22417664,nan,nan,15.0,0.0,15,nan
24.47664785385132,44.96402877697842,nan,0.0,nan,7.22417664,nan,nan,15.0,0.0,15,nan
24.493323469161986,44.96402877697842,nan,0.0,nan,7.22417664,nan,nan,15.0,0.0,15,nan
24.509995857874554,45.14388489208633,nan,0.0,nan,7.22417664,nan,nan,15.0,0.0,15,nan
24.526667332649232,45.50359712230215,nan,0.0,nan,7.22417664,nan,nan,15.0,0.0,15,nan
24.543336725234987,45.50359712230215,nan,0.0,nan,7.22417664,nan,nan,15.0,0.0,15,nan
24.560009515285493,45.50359712230215,nan,0.0,nan,7.22417664,nan,nan,15.0,0.0,15,nan
24.576685174306235,46.043165467625904,nan,0.0,nan,7.22417664,nan,nan,15.0,0.0,15,nan
24.59335878690084,45.50359712230215,nan,0.0,nan,7.22417664,nan,nan,15.0,0.0,15,nan
24.61003573735555,45.50359712230215,nan,0.0,nan,7.22417664,nan,nan,15.0,0.0,15,nan
24.626708769798277,45.68345323741008,nan,0.0,nan,7.22417664,nan,nan,15.0,0.0,15,nan
24.643378885587058,42.44604316546763,nan,0.0,nan,7.22417664,nan,nan,14.0,0.0,15,nan
24.660053280989327,45.14388489208633,nan,0.0,nan,7.22417664,nan,nan,15.0,0.0,15,nan
24.67672337690989,45.14388489208633,nan,0.0,nan,7.22417664,nan,nan,15.0,0.0,15,nan
24.693395431836446,45.14388489208633,nan,0.0,nan,7.22417664,nan,nan,15.0,0.0,15,nan
24.71006716887156,45.14388489208633,nan,0.0,nan,7.22417664,nan,nan,15.0,0.0,15,nan
24.726740217208864,45.14388489208633,nan,0.0,nan,7.22417664,nan,nan,15.0,0.0,15,nan
24.74342027505239,45.14388489208633,nan,0.0,nan,7.22417664,nan,nan,15.0,0.0,15,nan
24.760089917977652,45.14388489208633,nan,0.0,nan,7.22417664,nan,nan,15.0,0.0,15,nan
24.77676983277003,45.14388489208633,nan,0.0,nan,7.22417664,nan,nan,15.0,0.0,15,nan
24.793446052074433,45.14388489208633,nan,0.0,nan,7.22417664,nan,nan,15.0,0.0,15,nan
24.81011960109075,45.14388489208633,nan,0.0,nan,7.22417664,nan,nan,15.0,0.0,15,nan
24.82678918838501,45.14388489208633,nan,0.0,nan,7.22417664,nan,nan,15.0,0.0,15,nan
24.84346187909444,42.805755395683455,nan,0.0,nan,7.226281984,nan,nan,14.0,0.0,15,nan
24.86013853152593,42.805755395683455,nan,0.0,nan,7.245156352,nan,nan,14.0,0.0,15,nan
24.87680934270223,42.805755395683455,nan,0.0,nan,7.245156352,nan,nan,14.0,0.0,15,nan
24.893480932712556,42.44604316546763,nan,0.0,nan,7.245156352,nan,nan,14.0,0.0,15,nan
24.91015077829361,42.44604316546763,nan,0.0,nan,7.245156352,nan,nan,14.0,0.0,15,nan
24.926826020081837,42.44604316546763,nan,0.0,nan,7.245156352,nan,nan,14.0,0.0,15,nan
24.943500566482545,42.62589928057554,nan,0.0,nan,7.245156352,nan,nan,14.0,0.0,15,nan
24.960173392295836,40.28776978417267,nan,0.0,nan,7.245156352,nan,nan,13.0,0.0,15,nan
24.97684506972631,41.54676258992806,nan,0.0,nan,7.245156352,nan,nan,14.0,0.0,15,nan
24.993523705005646,41.54676258992806,nan,0.0,nan,6.211219456,nan,nan,14.0,0.0,14,nan
25.010197766621907,41.54676258992806,nan,0.0,nan,6.211219456,nan,nan,14.0,0.0,14,nan
25.026870306332906,41.72661870503597,nan,0.0,nan,6.211219456,nan,nan,14.0,0.0,14,nan
25.043542301654817,41.72661870503597,nan,0.0,nan,6.211219456,nan,nan,14.0,0.0,14,nan
25.060212977727254,39.568345323741006,nan,0.0,nan,6.211219456,nan,nan,13.0,0.0,14,nan
25.07688612937927,41.90647482014388,nan,0.0,nan,6.211219456,nan,nan,14.0,0.0,14,nan
25.09355720678965,42.26618705035972,nan,0.0,nan,6.211219456,nan,nan,14.0,0.0,14,nan
25.110229551792145,42.26618705035972,nan,0.0,nan,6.211219456,nan,nan,14.0,0.0,14,nan
25.12690143585205,42.44604316546763,nan,0.0,nan,6.211219456,nan,nan,14.0,0.0,14,nan
25.143570538361868,42.44604316546763,nan,0.0,nan,6.211219456,nan,nan,14.0,0.0,14,nan
25.16024316549301,42.44604316546763,nan,0.0,nan,6.211219456,nan,nan,14.0,0.0,14,nan
25.176920648415884,42.44604316546763,nan,0.0,nan,6.211219456,nan,nan,14.0,0.0,14,nan
25.193594046433766,42.44604316546763,nan,0.0,nan,6.211219456,nan,nan,14.0,0.0,14,nan
25.210264166196186,42.62589928057554,nan,0.0,nan,6.211219456,nan,nan,14.0,0.0,14,nan
25.22693695227305,40.28776978417267,nan,0.0,nan,6.211219456,nan,nan,13.0,0.0,14,nan
25.243610648314156,42.62589928057554,nan,0.0,nan,6.219608064,nan,nan,14.0,0.0,14,nan
25.260284384091694,42.985611510791365,nan,0.0,nan,6.219608064,nan,nan,14.0,0.0,14,nan
25.27695604165395,42.985611510791365,nan,0.0,nan,6.219608064,nan,nan,14.0,0.0,14,nan
25.293627230326333,43.34532374100719,nan,0.0,nan,6.219608064,nan,nan,14.0,0.0,14,nan
25.310302821795144,43.34532374100719,nan,0.0,nan,6.219608064,nan,nan,14.0,0.0,14,nan
25.32697327931722,43.34532374100719,nan,0.0,nan,6.219608064,nan,nan,14.0,0.0,14,nan
25.34364740451177,43.34532374100719,nan,0.0,nan,6.219608064,nan,nan,14.0,0.0,14,nan
25.360316701730092,43.34532374100719,nan,0.0,nan,6.219608064,nan,nan,14.0,0.0,14,nan
25.376987731456758,41.36690647482014,nan,0.0,nan,6.219608064,nan,nan,13.0,0.0,14,nan
25.393659993012747,40.827338129496404,nan,0.0,nan,6.227996672,nan,nan,13.0,0.0,14,nan
25.410334221522014,40.827338129496404,nan,0.0,nan,6.244773888,nan,nan,13.0,0.0,14,nan
25.42700465917587,41.36690647482014,nan,0.0,nan,6.244773888,nan,nan,13.0,0.0,14,nan
25.44367661476135,42.985611510791365,nan,0.0,nan,6.244773888,nan,nan,14.0,0.0,14,nan
25.46034632921219,42.985611510791365,nan,0.0,nan,6.244773888,nan,nan,14.0,0.0,14,nan
25.477018721898396,42.985611510791365,nan,0.0,nan,6.244773888,nan,nan,14.0,0.0,14,nan
25.493690327803293,42.985611510791365,nan,0.0,nan,6.244773888,nan,nan,14.0,0.0,14,nan
25.510362927118937,42.985611510791365,nan,0.0,nan,6.244773888,nan,nan,14.0,0.0,14,nan
25.52703631321589,42.985611510791365,nan,0.0,nan,6.244773888,nan,nan,14.0,0.0,14,nan
25.543707009156545,40.46762589928058,nan,0.0,nan,6.244773888,nan,nan,13.0,0.0,14,nan
25.56039006312688,39.02877697841727,nan,0.0,nan,6.244773888,nan,nan,13.0,0.0,14,nan
25.57706185976664,39.02877697841727,nan,0.0,nan,6.244773888,nan,nan,13.0,0.0,14,nan
25.59373248418172,42.805755395683455,nan,0.0,nan,6.244773888,nan,nan,14.0,0.0,14,nan
25.610407046477,40.827338129496404,nan,0.0,nan,6.244773888,nan,nan,13.0,0.0,14,nan
25.6270805199941,43.16546762589928,nan,0.0,nan,6.244773888,nan,nan,14.0,0.0,14,nan
25.64375328620275,43.16546762589928,nan,0.0,nan,6.244773888,nan,nan,14.0,0.0,14,nan
25.66042541662852,43.16546762589928,nan,0.0,nan,6.244773888,nan,nan,14.0,0.0,14,nan
25.67709742387136,43.16546762589928,nan,0.0,nan,6.244773888,nan,nan,14.0,0.0,14,nan
25.69376792112986,43.34532374100719,nan,0.0,nan,6.244773888,nan,nan,14.0,0.0,14,nan
25.710441664854685,39.748201438848916,nan,0.0,nan,6.244773888,nan,nan,13.0,0.0,14,nan
25.727113723754883,43.70503597122302,nan,0.0,nan,6.244773888,nan,nan,14.0,0.0,14,nan
25.743783378601073,43.70503597122302,nan,0.0,nan,6.244773888,nan,nan,14.0,0.0,14,nan
25.760454690456392,41.18705035971223,nan,0.0,nan,6.244773888,nan,nan,13.0,0.0,14,nan
25.77712595462799,43.70503597122302,nan,0.0,nan,6.244773888,nan,nan,14.0,0.0,14,nan
25.793797290325166,43.88489208633094,nan,0.0,nan,6.244773888,nan,nan,14.0,0.0,14,nan
25.810467477639516,44.60431654676259,nan,0.0,nan,6.244773888,nan,nan,14.0,0.0,14,nan
25.827141412099202,44.06474820143885,nan,0.0,nan,6.244773888,nan,nan,14.0,0.0,14,nan
25.843814329306284,43.70503597122302,nan,0.0,nan,6.244773888,nan,nan,14.0,0.0,14,nan
25.86048754453659,44.24460431654676,nan,0.0,nan,6.244773888,nan,nan,14.0,0.0,14,nan
25.87715824842453,44.24460431654676,nan,0.0,nan,6.244773888,nan,nan,14.0,0.0,14,nan
25.893830037117006,44.24460431654676,nan,0.0,nan,6.244773888,nan,nan,14.0,0.0,14,nan
25.910502159595488,44.24460431654676,nan,0.0,nan,6.244773888,nan,nan,14.0,0.0,14,nan
25.92717570066452,44.24460431654676,nan,0.0,nan,6.244773888,nan,nan,14.0,0.0,14,nan
25.943844699859618,44.24460431654676,nan,0.0,nan,6.244773888,nan,nan,14.0,0.0,14,nan
25.960515952110292,41.54676258992806,nan,0.0,nan,6.244773888,nan,nan,13.0,0.0,14,nan
25.977189016342162,44.06474820143885,nan,0.0,nan,6.244773888,nan,nan,14.0,0.0,14,nan
25.993862664699556,44.06474820143885,nan,0.0,nan,6.244773888,nan,nan,14.0,0.0,14,nan
26.010534342130025,44.06474820143885,nan,0.0,nan,6.244773888,nan,nan,14.0,0.0,14,nan
26.027203365166983,44.06474820143885,nan,0.0,nan,6.244773888,nan,nan,14.0,0.0,14,nan
26.04387213786443,44.24460431654676,nan,0.0,nan,6.244773888,nan,nan,14.0,0.0,14,nan
26.06054718097051,44.42446043165468,nan,0.0,nan,6.244773888,nan,nan,14.0,0.0,14,nan
26.077221035957336,44.42446043165468,nan,0.0,nan,6.244773888,nan,nan,14.0,0.0,14,nan
26.093895411491395,44.42446043165468,nan,0.0,nan,6.244773888,nan,nan,14.0,0.0,14,nan
26.110568682352703,44.42446043165468,nan,0.0,nan,6.244773888,nan,nan,14.0,0.0,14,nan
26.127238289515176,44.42446043165468,nan,0.0,nan,6.244773888,nan,nan,14.0,0.0,14,nan
26.143908218542734,44.42446043165468,nan,0.0,nan,6.244773888,nan,nan,14.0,0.0,14,nan
26.16057955423991,44.60431654676259,nan,0.0,nan,6.244773888,nan,nan,14.0,0.0,14,nan
26.17725276152293,44.60431654676259,nan,0.0,nan,6.244773888,nan,nan,14.0,0.0,14,nan
26.193924697240195,44.60431654676259,nan,0.0,nan,6.244773888,nan,nan,14.0,0.0,14,nan
26.21059651374817,44.60431654676259,nan,0.0,nan,6.244773888,nan,nan,14.0,0.0,14,nan
26.227273265520733,44.60431654676259,nan,0.0,nan,6.244773888,nan,nan,14.0,0.0,14,nan
26.243951380252838,44.60431654676259,nan,0.0,nan,6.244773888,nan,nan,14.0,0.0,14,nan
26.260626208782195,44.60431654676259,nan,0.0,nan,6.244773888,nan,nan,14.0,0.0,14,nan
26.277297802766164,44.60431654676259,nan,0.0,nan,6.244773888,nan,nan,14.0,0.0,14,nan
26.293968669573466,44.60431654676259,nan,0.0,nan,6.244773888,nan,nan,14.0,0.0,14,nan
26.31064062913259,44.7841726618705,nan,0.0,nan,6.244773888,nan,nan,14.0,0.0,14,nan
26.327314702669778,44.7841726618705,nan,0.0,nan,6.244773888,nan,nan,14.0,0.0,14,nan
26.343987103303274,44.7841726618705,nan,0.0,nan,6.244773888,nan,nan,14.0,0.0,14,nan
26.36065672238668,44.42446043165468,nan,0.0,nan,6.244773888,nan,nan,14.0,0.0,14,nan
26.377334145704904,44.60431654676259,nan,0.0,nan,6.244773888,nan,nan,14.0,0.0,14,nan
26.39400935570399,44.60431654676259,nan,0.0,nan,6.244773888,nan,nan,14.0,0.0,14,nan
26.41067971388499,44.60431654676259,nan,0.0,nan,6.244773888,nan,nan,14.0,0.0,14,nan
26.427349253495535,44.60431654676259,nan,0.0,nan,6.244773888,nan,nan,14.0,0.0,14,nan
26.444023803869882,44.60431654676259,nan,0.0,nan,6.244773888,nan,nan,14.0,0.0,14,nan
26.460701525211334,44.60431654676259,nan,0.0,nan,6.244773888,nan,nan,14.0,0.0,14,nan
26.477378332614897,45.68345323741008,nan,0.0,nan,6.244773888,nan,nan,14.0,0.0,14,nan
26.49405287106832,41.18705035971223,nan,0.0,nan,6.244773888,nan,nan,13.0,0.0,14,nan
26.510722740491232,45.14388489208633,nan,0.0,nan,6.244773888,nan,nan,14.0,0.0,14,nan
26.5274054368337,45.14388489208633,nan,0.0,nan,6.244773888,nan,nan,14.0,0.0,14,nan
26.54408116340637,45.14388489208633,nan,0.0,nan,6.244773888,nan,nan,14.0,0.0,14,nan
26.56075243552526,42.985611510791365,nan,0.0,nan,6.244773888,nan,nan,13.0,0.0,14,nan
26.577422710259757,45.32374100719424,nan,0.0,nan,6.244773888,nan,nan,14.0,0.0,14,nan
26.594094761212666,45.86330935251799,nan,0.0,nan,6.244773888,nan,nan,14.0,0.0,14,nan
26.610764078299205,41.54676258992806,nan,0.0,nan,6.24687104,nan,nan,13.0,0.0,14,nan
26.6274378935496,45.68345323741008,nan,0.0,nan,6.24687104,nan,nan,14.0,0.0,14,nan
26.644112261136375,43.16546762589928,nan,0.0,nan,6.263648256,nan,nan,13.0,0.0,14,nan
26.660786286989847,43.34532374100719,nan,0.0,nan,6.328659968,nan,nan,13.0,0.0,14,nan
26.677459307511647,41.18705035971223,nan,0.0,nan,6.328659968,nan,nan,12.0,0.0,14,nan
26.694129252433775,43.34532374100719,nan,0.0,nan,6.339145728,nan,nan,13.0,0.0,14,nan
26.71080682675044,43.34532374100719,nan,0.0,nan,6.360117248,nan,nan,13.0,0.0,14,nan
26.727477780977885,39.92805755395683,nan,0.0,nan,6.360117248,nan,nan,12.0,0.0,14,nan
26.744151655832926,42.44604316546763,nan,0.0,nan,6.360117248,nan,nan,13.0,0.0,14,nan
26.760824342568714,42.44604316546763,nan,0.0,nan,6.360117248,nan,nan,13.0,0.0,14,nan
26.777502461274466,42.44604316546763,nan,0.0,nan,6.364311552,nan,nan,13.0,0.0,14,nan
26.794175092379252,40.28776978417267,nan,0.0,nan,6.366408704,nan,nan,12.0,0.0,14,nan
26.810847266515097,42.62589928057554,nan,0.0,nan,6.368505856,nan,nan,13.0,0.0,14,nan
26.827520394325255,42.62589928057554,nan,0.0,nan,6.368505856,nan,nan,13.0,0.0,14,nan
26.844190951188406,42.805755395683455,nan,0.0,nan,6.368505856,nan,nan,13.0,0.0,14,nan
26.860864170392354,42.805755395683455,nan,0.0,nan,6.368505856,nan,nan,13.0,0.0,14,nan
26.877535061041513,42.805755395683455,nan,0.0,nan,6.368505856,nan,nan,13.0,0.0,14,nan
26.89420764843623,40.647482014388494,nan,0.0,nan,6.368505856,nan,nan,12.0,0.0,14,nan
26.910878717899323,42.805755395683455,nan,0.0,nan,6.368505856,nan,nan,13.0,0.0,14,nan
26.927554174264273,45.50359712230215,nan,0.0,nan,6.368505856,nan,nan,14.0,0.0,14,nan
26.944226586818694,45.50359712230215,nan,0.0,nan,6.368505856,nan,nan,14.0,0.0,14,nan
26.9608971397082,44.96402877697842,nan,0.0,nan,6.368505856,nan,nan,14.0,0.0,14,nan
26.977568928400675,44.96402877697842,nan,0.0,nan,6.368505856,nan,nan,14.0,0.0,14,nan
26.994242401917777,42.985611510791365,nan,0.0,nan,6.370603008,nan,nan,13.0,0.0,14,nan
27.010914687315623,44.7841726618705,nan,0.0,nan,6.370603008,nan,nan,14.0,0.0,14,nan
27.027591427167255,44.7841726618705,nan,0.0,nan,6.370603008,nan,nan,14.0,0.0,14,nan
27.044264419873556,42.26618705035972,nan,0.0,nan,6.370603008,nan,nan,13.0,0.0,14,nan
27.060935858885447,42.62589928057554,nan,0.0,nan,6.370603008,nan,nan,13.0,0.0,14,nan
27.07760859330495,44.7841726618705,nan,0.0,nan,6.37270016,nan,nan,14.0,0.0,14,nan
27.094286298751832,44.7841726618705,nan,0.0,nan,6.37270016,nan,nan,14.0,0.0,14,nan
27.110959454377493,42.26618705035972,nan,0.0,nan,6.37270016,nan,nan,13.0,0.0,14,nan
27.127634731928506,44.7841726618705,nan,0.0,nan,6.37270016,nan,nan,14.0,0.0,14,nan
27.14430718024572,44.7841726618705,nan,0.0,nan,6.37270016,nan,nan,14.0,0.0,14,nan
27.160979950428008,42.44604316546763,nan,0.0,nan,6.37270016,nan,nan,13.0,0.0,14,nan
27.17765256166458,39.92805755395683,nan,0.0,nan,6.37270016,nan,nan,12.0,0.0,14,nan
27.19432391722997,42.805755395683455,nan,0.0,nan,6.374797312,nan,nan,13.0,0.0,14,nan
27.21099592844645,42.805755395683455,nan,0.0,nan,6.374797312,nan,nan,13.0,0.0,14,nan
27.227668019135795,42.805755395683455,nan,0.0,nan,6.374797312,nan,nan,13.0,0.0,14,nan
27.24434076944987,40.46762589928058,nan,0.0,nan,6.374797312,nan,nan,12.0,0.0,14,nan
27.261014068126677,43.34532374100719,nan,0.0,nan,6.376894464,nan,nan,13.0,0.0,14,nan
27.277686615784962,42.985611510791365,nan,0.0,nan,6.376894464,nan,nan,13.0,0.0,14,nan
27.294358841578166,42.985611510791365,nan,0.0,nan,6.376894464,nan,nan,13.0,0.0,14,nan
27.31103105545044,42.985611510791365,nan,0.0,nan,6.376894464,nan,nan,13.0,0.0,14,nan
27.327703865369163,43.34532374100719,nan,0.0,nan,6.387380224,nan,nan,13.0,0.0,14,nan
27.344376091162363,45.68345323741008,nan,0.0,nan,6.406254592,nan,nan,14.0,0.0,14,nan
27.361050860087076,45.86330935251799,nan,0.0,nan,6.406254592,nan,nan,14.0,0.0,14,nan
27.377723081906638,46.043165467625904,nan,0.0,nan,6.406254592,nan,nan,14.0,0.0,14,nan
27.39439517656962,46.043165467625904,nan,0.0,nan,6.406254592,nan,nan,14.0,0.0,14,nan
27.411067533493043,46.223021582733814,nan,0.0,nan,6.406254592,nan,nan,14.0,0.0,14,nan
27.427739532788596,43.16546762589928,nan,0.0,nan,6.406254592,nan,nan,14.0,0.0,14,nan
27.444411718845366,45.50359712230215,nan,0.0,nan,6.406254592,nan,nan,14.0,0.0,14,nan
27.461084814866386,44.60431654676259,nan,0.0,nan,6.406254592,nan,nan,14.0,0.0,14,nan
27.477757012844087,44.96402877697842,nan,0.0,nan,6.406254592,nan,nan,14.0,0.0,14,nan
27.494428515434265,44.96402877697842,nan,0.0,nan,6.406254592,nan,nan,14.0,0.0,14,nan
27.511103761196136,44.96402877697842,nan,0.0,nan,6.406254592,nan,nan,14.0,0.0,14,nan
27.527775990962983,42.44604316546763,nan,0.0,nan,6.408351744,nan,nan,13.0,0.0,14,nan
27.54445436398188,44.96402877697842,nan,0.0,nan,6.408351744,nan,nan,14.0,0.0,14,nan
27.561128767331443,44.96402877697842,nan,0.0,nan,6.408351744,nan,nan,14.0,0.0,14,nan
27.577799967924754,44.96402877697842,nan,0.0,nan,6.408351744,nan,nan,14.0,0.0,14,nan
27.59447407325109,44.96402877697842,nan,0.0,nan,6.408351744,nan,nan,14.0,0.0,14,nan
27.611147371927895,42.26618705035972,nan,0.0,nan,6.408351744,nan,nan,13.0,0.0,14,nan
27.627819748719535,42.805755395683455,nan,0.0,nan,6.418837504,nan,nan,13.0,0.0,14,nan
27.644491080443064,42.805755395683455,nan,0.0,nan,6.429323264,nan,nan,13.0,0.0,14,nan
27.661171142260233,45.50359712230215,nan,0.0,nan,6.429323264,nan,nan,14.0,0.0,14,nan
27.677843058109282,45.50359712230215,nan,0.0,nan,6.429323264,nan,nan,14.0,0.0,14,nan
27.694514147440593,45.50359712230215,nan,0.0,nan,6.429323264,nan,nan,14.0,0.0,14,nan
27.71118606328964,45.50359712230215,nan,0.0,nan,6.429323264,nan,nan,14.0,0.0,14,nan
27.727858221530916,41.18705035971223,nan,0.0,nan,6.429323264,nan,nan,14.0,0.0,14,nan
27.744529767831168,42.62589928057554,nan,0.0,nan,6.429323264,nan,nan,14.0,0.0,14,nan
27.761200817426047,44.7841726618705,nan,0.0,nan,6.429323264,nan,nan,14.0,0.0,14,nan
27.777873003482817,44.06474820143885,nan,0.0,nan,6.429323264,nan,nan,14.0,0.0,14,nan
27.794544088840485,41.36690647482014,nan,0.0,nan,6.429323264,nan,nan,13.0,0.0,14,nan
27.811219239234923,38.84892086330935,nan,0.0,nan,6.429323264,nan,nan,12.0,0.0,14,nan
27.82788920799891,38.84892086330935,nan,0.0,nan,6.429323264,nan,nan,12.0,0.0,14,nan
27.84456123113632,41.72661870503597,nan,0.0,nan,6.429323264,nan,nan,13.0,0.0,14,nan
27.861234919230142,44.24460431654676,nan,0.0,nan,6.429323264,nan,nan,14.0,0.0,14,nan
27.87790724436442,44.24460431654676,nan,0.0,nan,6.429323264,nan,nan,14.0,0.0,14,nan
27.894579176108042,44.24460431654676,nan,0.0,nan,6.429323264,nan,nan,14.0,0.0,14,nan
27.911252081394196,44.24460431654676,nan,0.0,nan,6.429323264,nan,nan,14.0,0.0,14,nan
27.927924239635466,44.24460431654676,nan,0.0,nan,6.429323264,nan,nan,14.0,0.0,14,nan
27.944597613811492,41.54676258992806,nan,0.0,nan,6.429323264,nan,nan,13.0,0.0,14,nan
27.961269609133403,38.66906474820144,nan,0.0,nan,6.431420416,nan,nan,12.0,0.0,14,nan
27.97794198592504,38.66906474820144,nan,0.0,nan,6.431420416,nan,nan,12.0,0.0,14,nan
27.994619238376618,41.36690647482014,nan,0.0,nan,6.448197632,nan,nan,13.0,0.0,14,nan
28.011292131741843,41.54676258992806,nan,0.0,nan,6.452391936,nan,nan,13.0,0.0,14,nan
28.0279646952947,44.42446043165468,nan,0.0,nan,6.452391936,nan,nan,14.0,0.0,14,nan
28.044636472066244,44.60431654676259,nan,0.0,nan,6.452391936,nan,nan,14.0,0.0,14,nan
28.061308789253236,44.60431654676259,nan,0.0,nan,6.452391936,nan,nan,14.0,0.0,14,nan
28.07798892656962,44.60431654676259,nan,0.0,nan,6.452391936,nan,nan,14.0,0.0,14,nan
28.094661124547322,44.60431654676259,nan,0.0,nan,6.452391936,nan,nan,14.0,0.0,14,nan
28.111336056391398,44.60431654676259,nan,0.0,nan,6.452391936,nan,nan,14.0,0.0,14,nan
28.128008131186167,44.60431654676259,nan,0.0,nan,6.452391936,nan,nan,14.0,0.0,14,nan
28.14468083381653,41.90647482014388,nan,0.0,nan,6.452391936,nan,nan,13.0,0.0,14,nan
28.161352932453156,44.7841726618705,nan,0.0,nan,6.452391936,nan,nan,14.0,0.0,14,nan
28.178025567531584,44.7841726618705,nan,0.0,nan,6.452391936,nan,nan,14.0,0.0,14,nan
28.194707735379538,44.7841726618705,nan,0.0,nan,6.452391936,nan,nan,14.0,0.0,14,nan
28.21138495206833,44.7841726618705,nan,0.0,nan,6.452391936,nan,nan,14.0,0.0,14,nan
28.228058509031932,42.0863309352518,nan,0.0,nan,6.452391936,nan,nan,13.0,0.0,14,nan
28.244737935066222,44.60431654676259,nan,0.0,nan,6.452391936,nan,nan,14.0,0.0,14,nan
28.261411460240684,36.15107913669065,nan,0.0,nan,6.452391936,nan,nan,11.0,0.0,14,nan
28.27808924516042,43.70503597122302,nan,0.0,nan,6.452391936,nan,nan,14.0,0.0,14,nan
28.2947633822759,41.18705035971223,nan,0.0,nan,6.452391936,nan,nan,13.0,0.0,14,nan
28.311437340577445,43.88489208633094,nan,0.0,nan,6.452391936,nan,nan,14.0,0.0,14,nan
28.328110229969024,44.06474820143885,nan,0.0,nan,6.452391936,nan,nan,14.0,0.0,14,nan
28.344788185755412,44.06474820143885,nan,0.0,nan,6.452391936,nan,nan,14.0,0.0,14,nan
28.361461277802785,44.06474820143885,nan,0.0,nan,6.452391936,nan,nan,14.0,0.0,14,nan
28.378130718072256,44.24460431654676,nan,0.0,nan,6.452391936,nan,nan,14.0,0.0,14,nan
28.394801863034566,44.42446043165468,nan,0.0,nan,6.452391936,nan,nan,14.0,0.0,14,nan
28.41147177219391,44.42446043165468,nan,0.0,nan,6.452391936,nan,nan,14.0,0.0,14,nan
28.42814358472824,44.42446043165468,nan,0.0,nan,6.452391936,nan,nan,14.0,0.0,14,nan
28.44481818675995,44.42446043165468,nan,0.0,nan,6.452391936,nan,nan,14.0,0.0,14,nan
28.461490341027577,41.54676258992806,nan,0.0,nan,6.452391936,nan,nan,13.0,0.0,14,nan
28.478162395954133,41.54676258992806,nan,0.0,nan,6.460780544,nan,nan,13.0,0.0,14,nan
28.494836763540903,41.54676258992806,nan,0.0,nan,6.467072,nan,nan,13.0,0.0,14,nan
28.511509462197623,41.54676258992806,nan,0.0,nan,6.506917888,nan,nan,13.0,0.0,14,nan
28.52818819284439,41.54676258992806,nan,0.0,nan,6.557249536,nan,nan,13.0,0.0,14,nan
28.54486456712087,41.72661870503597,nan,0.0,nan,6.563540992,nan,nan,13.0,0.0,14,nan
28.56154019832611,41.90647482014388,nan,0.0,nan,6.565638144,nan,nan,13.0,0.0,14,nan
28.578214740753175,41.90647482014388,nan,0.0,nan,6.5719296,nan,nan,13.0,0.0,14,nan
28.59488513469696,41.90647482014388,nan,0.0,nan,6.636937216,nan,nan,13.0,0.0,14,nan
28.61155514717102,39.02877697841727,nan,0.0,nan,6.65161728,nan,nan,12.0,0.0,14,nan
28.628225032488505,35.61151079136691,nan,0.0,nan,6.65161728,nan,nan,12.0,0.0,14,nan
28.644896030426025,40.46762589928058,nan,0.0,nan,6.65161728,nan,nan,13.0,0.0,14,nan
28.661568196614585,41.007194244604314,nan,0.0,nan,6.65161728,nan,nan,13.0,0.0,14,nan
28.67824229399363,37.94964028776978,nan,0.0,nan,5.94905088,nan,nan,12.0,0.0,13,nan
28.69491244951884,35.79136690647482,nan,0.0,nan,5.94905088,nan,nan,12.0,0.0,13,nan
28.711584178606667,40.647482014388494,nan,0.0,nan,5.94905088,nan,nan,13.0,0.0,13,nan
28.728257191181182,40.827338129496404,nan,0.0,nan,5.94905088,nan,nan,13.0,0.0,13,nan
28.744928022225697,40.827338129496404,nan,0.0,nan,5.94905088,nan,nan,13.0,0.0,13,nan
28.761599107583365,40.827338129496404,nan,0.0,nan,5.94905088,nan,nan,13.0,0.0,13,nan
28.778270920117695,40.827338129496404,nan,0.0,nan,5.94905088,nan,nan,13.0,0.0,13,nan
28.79494040409724,41.007194244604314,nan,0.0,nan,5.94905088,nan,nan,13.0,0.0,13,nan
28.81162248849869,41.007194244604314,nan,0.0,nan,5.94905088,nan,nan,13.0,0.0,13,nan
28.828295501073203,41.36690647482014,nan,0.0,nan,5.94905088,nan,nan,13.0,0.0,13,nan
28.844971068700154,41.72661870503597,nan,0.0,nan,5.94905088,nan,nan,13.0,0.0,13,nan
28.861642265319823,41.18705035971223,nan,0.0,nan,5.94905088,nan,nan,13.0,0.0,13,nan
28.878314542770386,37.23021582733813,nan,0.0,nan,5.94905088,nan,nan,12.0,0.0,13,nan
28.894987320899965,41.18705035971223,nan,0.0,nan,5.94905088,nan,nan,13.0,0.0,13,nan
28.911659423510233,41.18705035971223,nan,0.0,nan,5.94905088,nan,nan,13.0,0.0,13,nan
28.928333202997845,41.18705035971223,nan,0.0,nan,5.94905088,nan,nan,13.0,0.0,13,nan
28.945002353191377,41.18705035971223,nan,0.0,nan,5.94905088,nan,nan,13.0,0.0,13,nan
28.961672914028167,41.18705035971223,nan,0.0,nan,5.94905088,nan,nan,13.0,0.0,13,nan
28.978344198067983,41.36690647482014,nan,0.0,nan,5.94905088,nan,nan,13.0,0.0,13,nan
28.995017683506013,41.54676258992806,nan,0.0,nan,5.94905088,nan,nan,13.0,0.0,13,nan
29.011688796679177,38.12949640287769,nan,0.0,nan,5.94905088,nan,nan,12.0,0.0,13,nan
29.02836023569107,39.20863309352518,nan,0.0,nan,5.94905088,nan,nan,12.0,0.0,13,nan
29.045033240318297,36.87050359712231,nan,0.0,nan,5.94905088,nan,nan,12.0,0.0,13,nan
29.06170309782028,37.05035971223022,nan,0.0,nan,5.94905088,nan,nan,12.0,0.0,13,nan
29.07837493419647,41.72661870503597,nan,0.0,nan,5.94905088,nan,nan,13.0,0.0,13,nan
29.095044473807018,41.18705035971223,nan,0.0,nan,5.94905088,nan,nan,13.0,0.0,13,nan
29.111720208326975,41.36690647482014,nan,0.0,nan,5.94905088,nan,nan,13.0,0.0,13,nan
29.128394250075022,41.36690647482014,nan,0.0,nan,5.94905088,nan,nan,13.0,0.0,13,nan
29.145069126288096,41.54676258992806,nan,0.0,nan,5.94905088,nan,nan,13.0,0.0,13,nan
29.16174147129059,41.54676258992806,nan,0.0,nan,5.94905088,nan,nan,13.0,0.0,13,nan
29.17841451962789,41.54676258992806,nan,0.0,nan,5.94905088,nan,nan,13.0,0.0,13,nan
29.195089157422384,41.54676258992806,nan,0.0,nan,5.94905088,nan,nan,13.0,0.0,13,nan
29.21175942818324,38.84892086330935,nan,0.0,nan,5.94905088,nan,nan,12.0,0.0,13,nan
29.22843528985977,41.54676258992806,nan,0.0,nan,5.94905088,nan,nan,13.0,0.0,13,nan
29.24510649442673,41.72661870503597,nan,0.0,nan,5.94905088,nan,nan,13.0,0.0,13,nan
29.261778918902078,41.72661870503597,nan,0.0,nan,5.94905088,nan,nan,13.0,0.0,13,nan
29.278453520933788,41.72661870503597,nan,0.0,nan,5.94905088,nan,nan,13.0,0.0,13,nan
29.295124824841817,38.84892086330935,nan,0.0,nan,5.94905088,nan,nan,12.0,0.0,13,nan
29.311804195245106,38.84892086330935,nan,0.0,nan,5.95953664,nan,nan,12.0,0.0,13,nan
29.328476663430532,39.02877697841727,nan,0.0,nan,5.963730944,nan,nan,12.0,0.0,13,nan
29.34514612754186,41.90647482014388,nan,0.0,nan,5.963730944,nan,nan,13.0,0.0,13,nan
29.361821122964223,41.90647482014388,nan,0.0,nan,5.963730944,nan,nan,13.0,0.0,13,nan
29.378492426872253,41.90647482014388,nan,0.0,nan,5.963730944,nan,nan,13.0,0.0,13,nan
29.39517087539037,39.02877697841727,nan,0.0,nan,5.963730944,nan,nan,12.0,0.0,13,nan
29.4118452390035,39.02877697841727,nan,0.0,nan,5.963730944,nan,nan,12.0,0.0,13,nan
29.428515315055847,34.89208633093526,nan,0.0,nan,5.963730944,nan,nan,11.0,0.0,13,nan
29.445186805725097,39.02877697841727,nan,0.0,nan,5.963730944,nan,nan,12.0,0.0,13,nan
29.46186046997706,39.02877697841727,nan,0.0,nan,5.963730944,nan,nan,12.0,0.0,13,nan
29.478529739379884,41.90647482014388,nan,0.0,nan,5.963730944,nan,nan,13.0,0.0,13,nan
29.49520388841629,42.0863309352518,nan,0.0,nan,5.963730944,nan,nan,13.0,0.0,13,nan
29.511875891685484,42.0863309352518,nan,0.0,nan,5.963730944,nan,nan,13.0,0.0,13,nan
29.52854514916738,42.0863309352518,nan,0.0,nan,5.963730944,nan,nan,13.0,0.0,13,nan
29.54521764119466,42.0863309352518,nan,0.0,nan,5.963730944,nan,nan,13.0,0.0,13,nan
29.561887979507446,42.26618705035972,nan,0.0,nan,5.963730944,nan,nan,13.0,0.0,13,nan
29.57855902115504,42.26618705035972,nan,0.0,nan,5.963730944,nan,nan,13.0,0.0,13,nan
29.59522964954376,42.44604316546763,nan,0.0,nan,5.963730944,nan,nan,13.0,0.0,13,nan
29.611903091271717,42.44604316546763,nan,0.0,nan,5.963730944,nan,nan,13.0,0.0,13,nan
29.628576068083444,42.44604316546763,nan,0.0,nan,5.963730944,nan,nan,13.0,0.0,13,nan
29.645247821013132,42.62589928057554,nan,0.0,nan,5.963730944,nan,nan,13.0,0.0,13,nan
29.661920952796937,42.62589928057554,nan,0.0,nan,5.963730944,nan,nan,13.0,0.0,13,nan
29.67859257062276,42.62589928057554,nan,0.0,nan,5.963730944,nan,nan,13.0,0.0,13,nan
29.695263540744783,42.62589928057554,nan,0.0,nan,5.963730944,nan,nan,13.0,0.0,13,nan
29.711933501561482,42.62589928057554,nan,0.0,nan,5.963730944,nan,nan,13.0,0.0,13,nan
29.728606561819714,42.62589928057554,nan,0.0,nan,5.963730944,nan,nan,13.0,0.0,13,nan
29.745278290907542,39.748201438848916,nan,0.0,nan,5.963730944,nan,nan,12.0,0.0,13,nan
29.761952010790505,42.805755395683455,nan,0.0,nan,5.963730944,nan,nan,13.0,0.0,13,nan
29.778625110785168,42.985611510791365,nan,0.0,nan,5.963730944,nan,nan,13.0,0.0,13,nan
29.795297876993814,42.985611510791365,nan,0.0,nan,5.963730944,nan,nan,13.0,0.0,13,nan
29.811971294879914,42.985611510791365,nan,0.0,nan,5.963730944,nan,nan,13.0,0.0,13,nan
29.82864074309667,42.44604316546763,nan,0.0,nan,5.963730944,nan,nan,13.0,0.0,13,nan
29.84531091451645,42.62589928057554,nan,0.0,nan,5.963730944,nan,nan,13.0,0.0,13,nan
29.86198426882426,42.62589928057554,nan,0.0,nan,5.963730944,nan,nan,13.0,0.0,13,nan
29.878656367460888,42.62589928057554,nan,0.0,nan,5.963730944,nan,nan,13.0,0.0,13,nan
29.895329324404397,42.805755395683455,nan,0.0,nan,5.963730944,nan,nan,13.0,0.0,13,nan
29.912002416451774,42.805755395683455,nan,0.0,nan,5.963730944,nan,nan,13.0,0.0,13,nan
29.928673056761422,42.985611510791365,nan,0.0,nan,5.963730944,nan,nan,13.0,0.0,13,nan
29.945350988705954,38.84892086330935,nan,0.0,nan,5.963730944,nan,nan,12.0,0.0,13,nan
29.962023746967315,42.985611510791365,nan,0.0,nan,5.963730944,nan,nan,13.0,0.0,13,nan
29.9786958138148,42.985611510791365,nan,0.0,nan,5.963730944,nan,nan,13.0,0.0,13,nan
29.99537076950073,40.28776978417267,nan,0.0,nan,5.963730944,nan,nan,12.0,0.0,13,nan
30.012041366100313,40.28776978417267,nan,0.0,nan,5.965828096,nan,nan,12.0,0.0,13,nan
30.028719747066496,40.28776978417267,nan,0.0,nan,5.967925248,nan,nan,12.0,0.0,13,nan
30.045393959681192,40.28776978417267,nan,0.0,nan,5.491843072,nan,nan,12.0,0.0,12,nan
30.06207155783971,37.23021582733813,nan,0.0,nan,5.491843072,nan,nan,11.0,0.0,12,nan
30.07874310016632,37.23021582733813,nan,0.0,nan,5.491843072,nan,nan,11.0,0.0,12,nan
30.095413263638815,37.23021582733813,nan,0.0,nan,5.493940224,nan,nan,11.0,0.0,12,nan
30.11208250125249,37.410071942446045,nan,0.0,nan,5.493940224,nan,nan,11.0,0.0,12,nan
30.128757158915203,37.410071942446045,nan,0.0,nan,5.50023168,nan,nan,11.0,0.0,12,nan
30.1454282840093,37.410071942446045,nan,0.0,nan,5.508620288,nan,nan,11.0,0.0,12,nan
30.16209708849589,37.410071942446045,nan,0.0,nan,5.508620288,nan,nan,11.0,0.0,12,nan
30.17876647313436,37.410071942446045,nan,0.0,nan,5.51071744,nan,nan,11.0,0.0,12,nan
30.195437999566398,37.94964028776978,nan,0.0,nan,5.51071744,nan,nan,11.0,0.0,12,nan
30.212106859683992,37.23021582733813,nan,0.0,nan,5.51071744,nan,nan,11.0,0.0,12,nan
30.228778580824535,39.92805755395683,nan,0.0,nan,5.51071744,nan,nan,12.0,0.0,12,nan
30.24545629819234,39.92805755395683,nan,0.0,nan,5.51071744,nan,nan,12.0,0.0,12,nan
30.26212671597799,40.10791366906474,nan,0.0,nan,5.51071744,nan,nan,12.0,0.0,12,nan
30.278799720605214,40.10791366906474,nan,0.0,nan,5.51071744,nan,nan,12.0,0.0,12,nan
30.295471135775248,40.10791366906474,nan,0.0,nan,5.51071744,nan,nan,12.0,0.0,12,nan
30.312144498030346,40.10791366906474,nan,0.0,nan,5.51071744,nan,nan,12.0,0.0,12,nan
30.328818289438882,40.10791366906474,nan,0.0,nan,5.51071744,nan,nan,12.0,0.0,12,nan
30.345493054389955,35.97122302158273,nan,0.0,nan,5.51071744,nan,nan,11.0,0.0,12,nan
30.362163035074868,40.10791366906474,nan,0.0,nan,5.51071744,nan,nan,12.0,0.0,12,nan
30.37883316675822,40.10791366906474,nan,0.0,nan,5.51071744,nan,nan,12.0,0.0,12,nan
30.395504053433736,40.10791366906474,nan,0.0,nan,5.51071744,nan,nan,12.0,0.0,12,nan
30.412174034118653,40.28776978417267,nan,0.0,nan,5.51071744,nan,nan,12.0,0.0,12,nan
30.428844412167866,40.28776978417267,nan,0.0,nan,5.51071744,nan,nan,12.0,0.0,12,nan
30.445519781112672,36.33093525179856,nan,0.0,nan,5.51071744,nan,nan,11.0,0.0,12,nan
30.4621940612793,40.46762589928058,nan,0.0,nan,5.51071744,nan,nan,12.0,0.0,12,nan
30.478872911135355,40.46762589928058,nan,0.0,nan,5.51071744,nan,nan,12.0,0.0,12,nan
30.49554572105408,37.589928057553955,nan,0.0,nan,5.51071744,nan,nan,11.0,0.0,12,nan
30.512222095330557,40.647482014388494,nan,0.0,nan,5.51071744,nan,nan,12.0,0.0,12,nan
30.528894972801208,40.827338129496404,nan,0.0,nan,5.51071744,nan,nan,12.0,0.0,12,nan
30.545569948355357,40.827338129496404,nan,0.0,nan,5.51071744,nan,nan,12.0,0.0,12,nan
30.562238848209383,40.827338129496404,nan,0.0,nan,5.51071744,nan,nan,12.0,0.0,12,nan
30.578909945487975,40.827338129496404,nan,0.0,nan,5.51071744,nan,nan,12.0,0.0,12,nan
30.59558609724045,41.007194244604314,nan,0.0,nan,5.51071744,nan,nan,12.0,0.0,12,nan
30.61226343313853,41.18705035971223,nan,0.0,nan,5.51071744,nan,nan,12.0,0.0,12,nan
30.628938655058544,41.36690647482014,nan,0.0,nan,5.51071744,nan,nan,12.0,0.0,12,nan
30.645611703395844,41.36690647482014,nan,0.0,nan,5.51071744,nan,nan,12.0,0.0,12,nan
30.662286933263143,41.36690647482014,nan,0.0,nan,5.51071744,nan,nan,12.0,0.0,12,nan
30.67895572980245,39.38848920863309,nan,0.0,nan,5.51071744,nan,nan,11.0,0.0,12,nan
30.695629799365996,41.72661870503597,nan,0.0,nan,5.51071744,nan,nan,12.0,0.0,12,nan
30.71230105161667,38.84892086330935,nan,0.0,nan,5.51071744,nan,nan,11.0,0.0,12,nan
30.728970305124918,41.72661870503597,nan,0.0,nan,5.51071744,nan,nan,12.0,0.0,12,nan
30.74564150174459,41.72661870503597,nan,0.0,nan,5.51071744,nan,nan,12.0,0.0,12,nan
30.76231447060903,41.72661870503597,nan,0.0,nan,5.51071744,nan,nan,12.0,0.0,12,nan
30.778984149297077,42.44604316546763,nan,0.0,nan,5.51071744,nan,nan,12.0,0.0,12,nan
30.795657444000245,37.94964028776978,nan,0.0,nan,5.51071744,nan,nan,11.0,0.0,12,nan
30.81233101685842,37.589928057553955,nan,0.0,nan,5.51071744,nan,nan,11.0,0.0,12,nan
30.829006600379945,41.72661870503597,nan,0.0,nan,5.51071744,nan,nan,12.0,0.0,12,nan
30.845678500334422,42.44604316546763,nan,0.0,nan,5.51071744,nan,nan,12.0,0.0,12,nan
30.862354489167533,41.90647482014388,nan,0.0,nan,5.51071744,nan,nan,12.0,0.0,12,nan
30.879026754697165,42.0863309352518,nan,0.0,nan,5.51071744,nan,nan,12.0,0.0,12,nan
30.895697422822316,42.0863309352518,nan,0.0,nan,5.51071744,nan,nan,12.0,0.0,12,nan
30.912369243303935,42.0863309352518,nan,0.0,nan,5.51071744,nan,nan,12.0,0.0,12,nan
30.929040273030598,42.0863309352518,nan,0.0,nan,5.51071744,nan,nan,12.0,0.0,12,nan
30.945710929234824,42.0863309352518,nan,0.0,nan,5.51071744,nan,nan,12.0,0.0,12,nan
30.962385706106822,42.0863309352518,nan,0.0,nan,5.51071744,nan,nan,12.0,0.0,12,nan
30.97905614376068,42.0863309352518,nan,0.0,nan,5.51071744,nan,nan,12.0,0.0,12,nan
30.995727256933847,39.92805755395683,nan,0.0,nan,5.51071744,nan,nan,11.0,0.0,12,nan
31.01240429878235,42.26618705035972,nan,0.0,nan,5.51071744,nan,nan,12.0,0.0,12,nan
31.02908549308777,37.94964028776978,nan,0.0,nan,5.51071744,nan,nan,11.0,0.0,12,nan
31.04575621287028,34.89208633093526,nan,0.0,nan,5.51071744,nan,nan,10.0,0.0,12,nan
31.062429098288217,34.89208633093526,nan,0.0,nan,5.54217472,nan,nan,10.0,0.0,12,nan
31.079098920027416,32.014388489208635,nan,0.0,nan,5.54217472,nan,nan,9.0,0.0,12,nan
31.095773402849833,35.07194244604317,nan,0.0,nan,5.582020608,nan,nan,10.0,0.0,12,nan
31.11244366168976,35.07194244604317,nan,0.0,nan,5.582020608,nan,nan,10.0,0.0,12,nan
31.129117580254874,32.014388489208635,nan,0.0,nan,5.58411776,nan,nan,9.0,0.0,12,nan
31.145788379510243,35.07194244604317,nan,0.0,nan,5.65751808,nan,nan,10.0,0.0,12,nan
31.16246180534363,35.251798561151084,nan,0.0,nan,5.65751808,nan,nan,10.0,0.0,12,nan
31.17913401524226,35.251798561151084,nan,0.0,nan,5.65751808,nan,nan,10.0,0.0,12,nan
31.195807993412018,32.194244604316545,nan,0.0,nan,5.286289408,nan,nan,9.0,0.0,11,nan
31.21248406569163,32.194244604316545,nan,0.0,nan,5.355495424,nan,nan,9.0,0.0,11,nan
31.229158079624177,30.035971223021583,nan,0.0,nan,5.36178688,nan,nan,8.0,0.0,11,nan
31.2458286801974,31.83453237410072,nan,0.0,nan,5.36178688,nan,nan,9.0,0.0,11,nan
31.2624999721845,30.035971223021583,nan,0.0,nan,5.36178688,nan,nan,8.0,0.0,11,nan
31.27917333046595,34.53237410071942,nan,0.0,nan,5.39324416,nan,nan,10.0,0.0,11,nan
31.295845023790996,34.53237410071942,nan,0.0,nan,5.39324416,nan,nan,10.0,0.0,11,nan
31.312520829836526,34.53237410071942,nan,0.0,nan,5.39324416,nan,nan,10.0,0.0,11,nan
31.329192543029784,39.02877697841727,nan,0.0,nan,5.39324416,nan,nan,11.0,0.0,11,nan
31.345861570040384,39.20863309352518,nan,0.0,nan,5.39324416,nan,nan,11.0,0.0,11,nan
31.36253734032313,39.20863309352518,nan,0.0,nan,5.39324416,nan,nan,11.0,0.0,11,nan
31.379208385944366,35.07194244604317,nan,0.0,nan,5.39324416,nan,nan,10.0,0.0,11,nan
31.39588511387507,35.07194244604317,nan,0.0,nan,5.39324416,nan,nan,10.0,0.0,11,nan
31.412556052207947,39.568345323741006,nan,0.0,nan,5.39324416,nan,nan,11.0,0.0,11,nan
31.429229215780893,36.51079136690647,nan,0.0,nan,5.39324416,nan,nan,10.0,0.0,11,nan
31.445900134245555,34.172661870503596,nan,0.0,nan,5.395341312,nan,nan,9.0,0.0,11,nan
31.46257278521856,39.568345323741006,nan,0.0,nan,5.395341312,nan,nan,11.0,0.0,11,nan
31.479242606957754,35.251798561151084,nan,0.0,nan,5.395341312,nan,nan,10.0,0.0,11,nan
31.495919462045034,39.568345323741006,nan,0.0,nan,5.395341312,nan,nan,11.0,0.0,11,nan
31.512589506308238,39.568345323741006,nan,0.0,nan,5.395341312,nan,nan,11.0,0.0,11,nan
31.529260977109274,39.568345323741006,nan,0.0,nan,5.395341312,nan,nan,11.0,0.0,11,nan
31.545931061108906,39.748201438848916,nan,0.0,nan,5.395341312,nan,nan,11.0,0.0,11,nan
31.562602750460307,39.92805755395683,nan,0.0,nan,5.395341312,nan,nan,11.0,0.0,11,nan
31.579275866349537,36.69064748201439,nan,0.0,nan,5.395341312,nan,nan,10.0,0.0,11,nan
31.595951680342356,36.69064748201439,nan,0.0,nan,5.397438464,nan,nan,10.0,0.0,11,nan
31.612623635927836,40.10791366906474,nan,0.0,nan,5.397438464,nan,nan,11.0,0.0,11,nan
31.629294268290202,40.10791366906474,nan,0.0,nan,5.397438464,nan,nan,11.0,0.0,11,nan
31.645967475573222,40.28776978417267,nan,0.0,nan,5.397438464,nan,nan,11.0,0.0,11,nan
31.66263829867045,37.94964028776978,nan,0.0,nan,5.397438464,nan,nan,10.0,0.0,11,nan
31.679309829076132,40.28776978417267,nan,0.0,nan,5.397438464,nan,nan,11.0,0.0,11,nan
31.695981351534524,40.28776978417267,nan,0.0,nan,5.397438464,nan,nan,11.0,0.0,11,nan
31.71265182097753,40.28776978417267,nan,0.0,nan,5.397438464,nan,nan,11.0,0.0,11,nan
31.729324877262115,37.94964028776978,nan,0.0,nan,5.397438464,nan,nan,10.0,0.0,11,nan
31.745996304353078,37.94964028776978,nan,0.0,nan,5.40372992,nan,nan,10.0,0.0,11,nan
31.76266574462255,37.94964028776978,nan,0.0,nan,5.40372992,nan,nan,10.0,0.0,11,nan
31.779341264565787,40.28776978417267,nan,0.0,nan,5.40372992,nan,nan,11.0,0.0,11,nan
31.796012473106384,40.28776978417267,nan,0.0,nan,5.40372992,nan,nan,11.0,0.0,11,nan
31.812690619627634,40.28776978417267,nan,0.0,nan,5.40372992,nan,nan,11.0,0.0,11,nan
31.829361097017923,40.28776978417267,nan,0.0,nan,5.40372992,nan,nan,11.0,0.0,11,nan
31.84603946208954,40.28776978417267,nan,0.0,nan,5.40372992,nan,nan,11.0,0.0,11,nan
31.862713027000428,37.94964028776978,nan,0.0,nan,5.40372992,nan,nan,10.0,0.0,11,nan
31.879386953512828,33.45323741007194,nan,0.0,nan,5.405827072,nan,nan,9.0,0.0,11,nan
31.896060446898144,40.28776978417267,nan,0.0,nan,5.405827072,nan,nan,11.0,0.0,11,nan
31.912729438145956,40.28776978417267,nan,0.0,nan,5.405827072,nan,nan,11.0,0.0,11,nan
31.92940131823222,40.28776978417267,nan,0.0,nan,5.405827072,nan,nan,11.0,0.0,11,nan
31.946072880427042,40.28776978417267,nan,0.0,nan,5.405827072,nan,nan,11.0,0.0,11,nan
31.962747033437093,37.76978417266187,nan,0.0,nan,5.405827072,nan,nan,10.0,0.0,11,nan
31.97942578792572,39.568345323741006,nan,0.0,nan,5.405827072,nan,nan,11.0,0.0,11,nan
31.99610185623169,39.748201438848916,nan,0.0,nan,5.405827072,nan,nan,11.0,0.0,11,nan
32.012775258223215,39.92805755395683,nan,0.0,nan,5.405827072,nan,nan,11.0,0.0,11,nan
32.02944436470668,39.92805755395683,nan,0.0,nan,5.405827072,nan,nan,11.0,0.0,11,nan
32.04611345926921,36.69064748201439,nan,0.0,nan,5.405827072,nan,nan,10.0,0.0,11,nan
32.06278673013051,36.69064748201439,nan,0.0,nan,5.416312832,nan,nan,10.0,0.0,11,nan
32.07945807377497,36.87050359712231,nan,0.0,nan,5.460353024,nan,nan,10.0,0.0,11,nan
32.096129433314005,36.33093525179856,nan,0.0,nan,5.460353024,nan,nan,10.0,0.0,11,nan
32.11280122995377,33.81294964028777,nan,0.0,nan,5.460353024,nan,nan,9.0,0.0,11,nan
32.12947455644608,40.10791366906474,nan,0.0,nan,5.460353024,nan,nan,11.0,0.0,11,nan
32.146150692303976,39.748201438848916,nan,0.0,nan,5.460353024,nan,nan,11.0,0.0,11,nan
32.16282204786936,39.748201438848916,nan,0.0,nan,5.460353024,nan,nan,11.0,0.0,11,nan
32.17949170271556,39.92805755395683,nan,0.0,nan,5.460353024,nan,nan,11.0,0.0,11,nan
32.19616239468257,35.431654676258994,nan,0.0,nan,5.460353024,nan,nan,10.0,0.0,11,nan
32.2128351132075,35.431654676258994,nan,0.0,nan,5.460353024,nan,nan,10.0,0.0,11,nan
32.229506103197735,35.431654676258994,nan,0.0,nan,5.460353024,nan,nan,10.0,0.0,11,nan
32.24617719252904,35.431654676258994,nan,0.0,nan,5.460353024,nan,nan,10.0,0.0,11,nan
32.26285198132197,35.61151079136691,nan,0.0,nan,5.460353024,nan,nan,10.0,0.0,11,nan
32.279522681236266,35.61151079136691,nan,0.0,nan,5.460353024,nan,nan,10.0,0.0,11,nan
32.29619686603546,33.09352517985612,nan,0.0,nan,5.460353024,nan,nan,9.0,0.0,11,nan
32.312867895762125,35.61151079136691,nan,0.0,nan,5.460353024,nan,nan,10.0,0.0,11,nan
32.32953865528107,35.61151079136691,nan,0.0,nan,5.460353024,nan,nan,10.0,0.0,11,nan
32.346209116776784,35.61151079136691,nan,0.0,nan,5.460353024,nan,nan,10.0,0.0,11,nan
32.36288688580195,33.27338129496403,nan,0.0,nan,5.460353024,nan,nan,9.0,0.0,11,nan
32.37955919106801,33.27338129496403,nan,0.0,nan,5.464547328,nan,nan,9.0,0.0,11,nan
32.39623096783956,33.45323741007194,nan,0.0,nan,5.464547328,nan,nan,9.0,0.0,11,nan
32.41290333668391,29.316546762589923,nan,0.0,nan,5.491810304,nan,nan,8.0,0.0,11,nan
32.42957836786906,32.014388489208635,nan,0.0,nan,5.504393216,nan,nan,9.0,0.0,11,nan
32.4462538878123,32.014388489208635,nan,0.0,nan,5.504393216,nan,nan,9.0,0.0,11,nan
32.46292890707652,28.597122302158272,nan,0.0,nan,5.504393216,nan,nan,8.0,0.0,11,nan
32.479602658748625,32.014388489208635,nan,0.0,nan,5.504393216,nan,nan,9.0,0.0,11,nan
32.49627257585526,33.09352517985612,nan,0.0,nan,5.506490368,nan,nan,10.0,0.0,11,nan
32.51294374068578,37.589928057553955,nan,0.0,nan,5.506490368,nan,nan,11.0,0.0,11,nan
32.52961458762487,37.589928057553955,nan,0.0,nan,5.506490368,nan,nan,11.0,0.0,11,nan
32.546287838617964,34.352517985611506,nan,0.0,nan,5.506490368,nan,nan,10.0,0.0,11,nan
32.56295953989029,37.94964028776978,nan,0.0,nan,5.506490368,nan,nan,11.0,0.0,11,nan
32.57963446378708,37.94964028776978,nan,0.0,nan,5.506490368,nan,nan,11.0,0.0,11,nan
32.5963054895401,37.94964028776978,nan,0.0,nan,5.506490368,nan,nan,11.0,0.0,11,nan
32.612976694107054,37.94964028776978,nan,0.0,nan,5.506490368,nan,nan,11.0,0.0,11,nan
32.62965042591095,37.94964028776978,nan,0.0,nan,5.506490368,nan,nan,11.0,0.0,11,nan
32.646321006615956,37.94964028776978,nan,0.0,nan,5.506490368,nan,nan,11.0,0.0,11,nan
32.662992437680565,37.94964028776978,nan,0.0,nan,5.506490368,nan,nan,11.0,0.0,11,nan
32.67966388463974,33.45323741007194,nan,0.0,nan,5.506490368,nan,nan,10.0,0.0,11,nan
32.69633529186249,33.45323741007194,nan,0.0,nan,5.506490368,nan,nan,10.0,0.0,11,nan
32.71301152308782,33.45323741007194,nan,0.0,nan,5.506490368,nan,nan,10.0,0.0,11,nan
32.729695792992906,37.94964028776978,nan,0.0,nan,5.506490368,nan,nan,11.0,0.0,11,nan
32.74636812607447,38.12949640287769,nan,0.0,nan,5.506490368,nan,nan,11.0,0.0,11,nan
32.763045068581896,31.83453237410072,nan,0.0,nan,5.506490368,nan,nan,9.0,0.0,11,nan
32.779717886447905,34.71223021582733,nan,0.0,nan,5.506490368,nan,nan,10.0,0.0,11,nan
32.79639007250468,34.71223021582733,nan,0.0,nan,5.506490368,nan,nan,10.0,0.0,11,nan
32.813059314092,35.07194244604317,nan,0.0,nan,5.50858752,nan,nan,10.0,0.0,11,nan
32.82973952293396,32.194244604316545,nan,0.0,nan,5.579890688,nan,nan,9.0,0.0,11,nan
32.846414693196614,34.89208633093526,nan,0.0,nan,5.579890688,nan,nan,10.0,0.0,11,nan
32.863084026177724,32.014388489208635,nan,0.0,nan,5.579890688,nan,nan,9.0,0.0,11,nan
32.87975917259852,33.09352517985612,nan,0.0,nan,4.965556224,nan,nan,9.0,0.0,10,nan
32.89643685420354,30.035971223021583,nan,0.0,nan,4.965556224,nan,nan,9.0,0.0,10,nan
32.91311012903849,32.014388489208635,nan,0.0,nan,4.965556224,nan,nan,9.0,0.0,10,nan
32.92978409131368,32.194244604316545,nan,0.0,nan,4.965556224,nan,nan,9.0,0.0,10,nan
32.9464586019516,35.07194244604317,nan,0.0,nan,4.965556224,nan,nan,10.0,0.0,10,nan
32.96312899986903,35.07194244604317,nan,0.0,nan,4.965556224,nan,nan,10.0,0.0,10,nan
32.979804901281994,35.07194244604317,nan,0.0,nan,4.965556224,nan,nan,10.0,0.0,10,nan
32.99647408723831,35.07194244604317,nan,0.0,nan,4.965556224,nan,nan,10.0,0.0,10,nan
33.013146885236104,35.07194244604317,nan,0.0,nan,4.965556224,nan,nan,10.0,0.0,10,nan
33.029818614323936,27.877697841726622,nan,0.0,nan,4.965556224,nan,nan,8.0,0.0,10,nan
33.046493498484296,32.73381294964028,nan,0.0,nan,4.965556224,nan,nan,9.0,0.0,10,nan
33.063168044884996,32.73381294964028,nan,0.0,nan,4.965556224,nan,nan,9.0,0.0,10,nan
33.07984291712443,35.431654676258994,nan,0.0,nan,4.965556224,nan,nan,10.0,0.0,10,nan
33.09651859203974,31.83453237410072,nan,0.0,nan,4.965556224,nan,nan,9.0,0.0,10,nan
33.11319242715835,32.014388489208635,nan,0.0,nan,4.97184768,nan,nan,9.0,0.0,10,nan
33.129868944485985,29.136690647482013,nan,0.0,nan,4.97184768,nan,nan,8.0,0.0,10,nan
33.1465393503507,32.014388489208635,nan,0.0,nan,4.97184768,nan,nan,9.0,0.0,10,nan
33.16321040391922,32.014388489208635,nan,0.0,nan,4.97184768,nan,nan,9.0,0.0,10,nan
33.179883070786794,32.194244604316545,nan,0.0,nan,4.97184768,nan,nan,9.0,0.0,10,nan
33.196556985378265,26.618705035971225,nan,0.0,nan,4.97184768,nan,nan,7.0,0.0,10,nan
33.21322744290034,29.496402877697847,nan,0.0,nan,4.97184768,nan,nan,8.0,0.0,10,nan
33.22990012168884,29.496402877697847,nan,0.0,nan,4.97184768,nan,nan,8.0,0.0,10,nan
33.2465698838234,30.215827338129497,nan,0.0,nan,4.973944832,nan,nan,8.0,0.0,10,nan
33.263244179884595,29.316546762589923,nan,0.0,nan,3.921158144,nan,nan,8.0,0.0,9,nan
33.27992225090663,30.035971223021583,nan,0.0,nan,3.923255296,nan,nan,8.0,0.0,9,nan
33.296593149503074,29.496402877697847,nan,0.0,nan,3.923255296,nan,nan,8.0,0.0,9,nan
33.31326910654704,29.496402877697847,nan,0.0,nan,3.925352448,nan,nan,8.0,0.0,9,nan
33.32993863026301,29.496402877697847,nan,0.0,nan,3.925352448,nan,nan,8.0,0.0,9,nan
33.34661166667938,32.55395683453237,nan,0.0,nan,3.9274496,nan,nan,9.0,0.0,9,nan
33.363288108507795,32.55395683453237,nan,0.0,nan,3.9274496,nan,nan,9.0,0.0,9,nan
33.37995831569036,32.55395683453237,nan,0.0,nan,3.9274496,nan,nan,9.0,0.0,9,nan
33.39662992954254,32.55395683453237,nan,0.0,nan,3.9274496,nan,nan,9.0,0.0,9,nan
33.41330080032348,32.55395683453237,nan,0.0,nan,3.9274496,nan,nan,9.0,0.0,9,nan
33.42997561295827,26.798561151079138,nan,0.0,nan,3.9274496,nan,nan,7.0,0.0,9,nan
33.446647850672406,32.55395683453237,nan,0.0,nan,3.9274496,nan,nan,9.0,0.0,9,nan
33.46331700483958,32.55395683453237,nan,0.0,nan,3.9274496,nan,nan,9.0,0.0,9,nan
33.479986453056334,32.73381294964028,nan,0.0,nan,3.9274496,nan,nan,9.0,0.0,9,nan
33.49665716489156,32.73381294964028,nan,0.0,nan,3.9274496,nan,nan,9.0,0.0,9,nan
33.51332830985387,32.73381294964028,nan,0.0,nan,3.9274496,nan,nan,9.0,0.0,9,nan
33.530005665620166,32.73381294964028,nan,0.0,nan,3.9274496,nan,nan,9.0,0.0,9,nan
33.54667575359345,32.9136690647482,nan,0.0,nan,3.9274496,nan,nan,9.0,0.0,9,nan
33.563347446918485,32.9136690647482,nan,0.0,nan,3.9274496,nan,nan,9.0,0.0,9,nan
33.58001734018326,32.9136690647482,nan,0.0,nan,3.9274496,nan,nan,9.0,0.0,9,nan
33.596687916914625,33.09352517985612,nan,0.0,nan,3.9274496,nan,nan,9.0,0.0,9,nan
33.61335696776708,28.23741007194245,nan,0.0,nan,3.9274496,nan,nan,8.0,0.0,9,nan
33.63003065188726,28.41726618705036,nan,0.0,nan,3.9274496,nan,nan,8.0,0.0,9,nan
33.64670228163401,28.776978417266186,nan,0.0,nan,3.9274496,nan,nan,8.0,0.0,9,nan
33.66337773402532,28.41726618705036,nan,0.0,nan,3.9274496,nan,nan,8.0,0.0,9,nan
33.68005265792211,28.41726618705036,nan,0.0,nan,3.9274496,nan,nan,8.0,0.0,9,nan
33.69672569433848,28.41726618705036,nan,0.0,nan,3.9274496,nan,nan,8.0,0.0,9,nan
33.71339447498322,28.41726618705036,nan,0.0,nan,3.9274496,nan,nan,8.0,0.0,9,nan
33.730066641171774,28.41726618705036,nan,0.0,nan,3.9274496,nan,nan,8.0,0.0,9,nan
33.74673678080241,28.597122302158272,nan,0.0,nan,3.9274496,nan,nan,8.0,0.0,9,nan
33.7634095231692,28.597122302158272,nan,0.0,nan,3.9274496,nan,nan,8.0,0.0,9,nan
33.78008439540863,25.71942446043165,nan,0.0,nan,3.9274496,nan,nan,7.0,0.0,9,nan
33.79675621191661,28.776978417266186,nan,0.0,nan,3.929546752,nan,nan,8.0,0.0,9,nan
33.81342623233795,28.776978417266186,nan,0.0,nan,3.929546752,nan,nan,8.0,0.0,9,nan
33.83010162115097,25.539568345323737,nan,0.0,nan,3.929546752,nan,nan,7.0,0.0,9,nan
33.846772118409476,28.597122302158272,nan,0.0,nan,3.929546752,nan,nan,8.0,0.0,9,nan
33.86344227393468,28.597122302158272,nan,0.0,nan,3.929546752,nan,nan,8.0,0.0,9,nan
33.88011996746063,28.597122302158272,nan,0.0,nan,3.929546752,nan,nan,8.0,0.0,9,nan
33.896791100502014,28.597122302158272,nan,0.0,nan,3.929546752,nan,nan,8.0,0.0,9,nan
33.91346273024877,28.597122302158272,nan,0.0,nan,3.931643904,nan,nan,8.0,0.0,9,nan
33.930135401089984,28.776978417266186,nan,0.0,nan,3.933741056,nan,nan,8.0,0.0,9,nan
33.94680601755778,25.899280575539574,nan,0.0,nan,3.940032512,nan,nan,7.0,0.0,9,nan
33.96347844203313,28.9568345323741,nan,0.0,nan,3.27559168,nan,nan,8.0,0.0,8,nan
33.980154732863106,28.9568345323741,nan,0.0,nan,3.27559168,nan,nan,8.0,0.0,8,nan
33.99682794411977,28.9568345323741,nan,0.0,nan,3.27559168,nan,nan,8.0,0.0,8,nan
34.013496967156726,28.9568345323741,nan,0.0,nan,3.27559168,nan,nan,8.0,0.0,8,nan
34.030172816912334,28.9568345323741,nan,0.0,nan,3.27559168,nan,nan,8.0,0.0,8,nan
34.04684580961863,28.9568345323741,nan,0.0,nan,3.27559168,nan,nan,8.0,0.0,8,nan
34.063518400986986,28.9568345323741,nan,0.0,nan,3.27559168,nan,nan,8.0,0.0,8,nan
34.08019059896469,28.9568345323741,nan,0.0,nan,3.27559168,nan,nan,8.0,0.0,8,nan
34.096862141291304,28.9568345323741,nan,0.0,nan,3.27559168,nan,nan,8.0,0.0,8,nan
34.113533504803975,28.9568345323741,nan,0.0,nan,3.27559168,nan,nan,8.0,0.0,8,nan
34.13020946184794,28.9568345323741,nan,0.0,nan,3.27559168,nan,nan,8.0,0.0,8,nan
34.1468804359436,28.9568345323741,nan,0.0,nan,3.27559168,nan,nan,8.0,0.0,8,nan
34.16355509360631,28.9568345323741,nan,0.0,nan,3.27559168,nan,nan,8.0,0.0,8,nan
34.18022830883662,29.316546762589923,nan,0.0,nan,3.27559168,nan,nan,8.0,0.0,8,nan
34.19690068165461,29.316546762589923,nan,0.0,nan,3.27559168,nan,nan,8.0,0.0,8,nan
34.21357212861379,29.316546762589923,nan,0.0,nan,3.27559168,nan,nan,8.0,0.0,8,nan
34.23024406433105,29.316546762589923,nan,0.0,nan,3.27559168,nan,nan,8.0,0.0,8,nan
34.24691811800003,29.136690647482013,nan,0.0,nan,3.27559168,nan,nan,8.0,0.0,8,nan
34.26359475056331,25.899280575539574,nan,0.0,nan,3.27559168,nan,nan,7.0,0.0,8,nan
34.280271804332735,28.057553956834536,nan,0.0,nan,3.27559168,nan,nan,8.0,0.0,8,nan
34.29694576660792,28.057553956834536,nan,0.0,nan,3.27559168,nan,nan,8.0,0.0,8,nan
34.31361751556396,28.057553956834536,nan,0.0,nan,3.27559168,nan,nan,8.0,0.0,8,nan
34.33029006322225,28.057553956834536,nan,0.0,nan,3.27559168,nan,nan,8.0,0.0,8,nan
34.346962769826256,28.057553956834536,nan,0.0,nan,3.27559168,nan,nan,8.0,0.0,8,nan
34.36363691886266,25.0,nan,0.0,nan,3.27559168,nan,nan,7.0,0.0,8,nan
34.380309744675955,28.057553956834536,nan,0.0,nan,3.27559168,nan,nan,8.0,0.0,8,nan
34.39698729515076,28.057553956834536,nan,0.0,nan,3.27559168,nan,nan,8.0,0.0,8,nan
34.41365904013316,28.23741007194245,nan,0.0,nan,3.27559168,nan,nan,8.0,0.0,8,nan
34.430336674054466,28.23741007194245,nan,0.0,nan,3.27559168,nan,nan,8.0,0.0,8,nan
34.44700826406479,28.23741007194245,nan,0.0,nan,3.27559168,nan,nan,8.0,0.0,8,nan
34.46368586222331,28.41726618705036,nan,0.0,nan,3.27559168,nan,nan,8.0,0.0,8,nan
34.48035551309586,28.41726618705036,nan,0.0,nan,3.27559168,nan,nan,8.0,0.0,8,nan
34.497028644879656,28.41726618705036,nan,0.0,nan,3.27559168,nan,nan,8.0,0.0,8,nan
34.513701633612314,28.41726618705036,nan,0.0,nan,3.27559168,nan,nan,8.0,0.0,8,nan
34.530375230312345,28.597122302158272,nan,0.0,nan,3.27559168,nan,nan,8.0,0.0,8,nan
34.547047420342764,22.122302158273378,nan,0.0,nan,3.27559168,nan,nan,7.0,0.0,8,nan
34.56371947924296,27.15827338129496,nan,0.0,nan,3.27559168,nan,nan,8.0,0.0,8,nan
34.580391482512155,27.15827338129496,nan,0.0,nan,3.27559168,nan,nan,8.0,0.0,8,nan
34.59706265528997,27.15827338129496,nan,0.0,nan,3.27559168,nan,nan,8.0,0.0,8,nan
34.61373513539632,27.15827338129496,nan,0.0,nan,3.27559168,nan,nan,8.0,0.0,8,nan
34.63040747642517,24.820143884892087,nan,0.0,nan,3.27559168,nan,nan,7.0,0.0,8,nan
34.64707942803701,24.28057553956835,nan,0.0,nan,3.281883136,nan,nan,7.0,0.0,8,nan
34.66375436782837,21.223021582733814,nan,0.0,nan,3.283980288,nan,nan,6.0,0.0,8,nan
34.68042828241984,24.460431654676263,nan,0.0,nan,3.28609792,nan,nan,7.0,0.0,8,nan
34.697106405099234,24.640287769784173,nan,0.0,nan,3.28609792,nan,nan,7.0,0.0,8,nan
34.71377892096837,24.640287769784173,nan,0.0,nan,3.288195072,nan,nan,7.0,0.0,8,nan
34.730452517668404,21.402877697841728,nan,0.0,nan,3.292389376,nan,nan,6.0,0.0,8,nan
34.747124421596524,24.460431654676263,nan,0.0,nan,3.294486528,nan,nan,7.0,0.0,8,nan
34.763802127043405,24.460431654676263,nan,0.0,nan,3.29658368,nan,nan,7.0,0.0,8,nan
34.78047624031703,24.460431654676263,nan,0.0,nan,3.298680832,nan,nan,7.0,0.0,8,nan
34.79714775880178,24.460431654676263,nan,0.0,nan,3.300777984,nan,nan,7.0,0.0,8,nan
34.81382055282593,24.460431654676263,nan,0.0,nan,3.302875136,nan,nan,7.0,0.0,8,nan
34.830492838223776,27.877697841726622,nan,0.0,nan,3.302875136,nan,nan,8.0,0.0,8,nan
34.84716782967249,27.877697841726622,nan,0.0,nan,3.302875136,nan,nan,8.0,0.0,8,nan
34.863840778668724,27.877697841726622,nan,0.0,nan,3.302875136,nan,nan,8.0,0.0,8,nan
34.88051243623098,27.877697841726622,nan,0.0,nan,3.302875136,nan,nan,8.0,0.0,8,nan
34.897185568014784,25.899280575539574,nan,0.0,nan,3.302875136,nan,nan,7.0,0.0,8,nan
34.91385580301285,25.179856115107913,nan,0.0,nan,3.304972288,nan,nan,7.0,0.0,8,nan
34.93053546746572,24.28057553956835,nan,0.0,nan,3.304972288,nan,nan,7.0,0.0,8,nan
34.94720490773519,24.28057553956835,nan,0.0,nan,3.304972288,nan,nan,7.0,0.0,8,nan
34.96387623945872,27.517985611510788,nan,0.0,nan,3.304972288,nan,nan,8.0,0.0,8,nan
34.98054754734039,27.517985611510788,nan,0.0,nan,3.304972288,nan,nan,8.0,0.0,8,nan
34.99721793731054,27.517985611510788,nan,0.0,nan,3.304972288,nan,nan,8.0,0.0,8,nan
35.01388874053955,27.517985611510788,nan,0.0,nan,3.304972288,nan,nan,8.0,0.0,8,nan
35.03055891195933,27.517985611510788,nan,0.0,nan,3.304972288,nan,nan,8.0,0.0,8,nan
35.04723020792007,24.460431654676263,nan,0.0,nan,3.304972288,nan,nan,7.0,0.0,8,nan
35.06390091578166,27.517985611510788,nan,0.0,nan,3.304972288,nan,nan,8.0,0.0,8,nan
35.08057281573613,27.517985611510788,nan,0.0,nan,3.304972288,nan,nan,8.0,0.0,8,nan
35.09724600712458,26.079136690647488,nan,0.0,nan,3.304972288,nan,nan,7.0,0.0,8,nan
35.11391857465108,24.460431654676263,nan,0.0,nan,3.304972288,nan,nan,7.0,0.0,8,nan
35.13059352636337,24.640287769784173,nan,0.0,nan,3.304972288,nan,nan,7.0,0.0,8,nan
35.14726843833923,27.877697841726622,nan,0.0,nan,3.304972288,nan,nan,8.0,0.0,8,nan
35.1639435450236,27.877697841726622,nan,0.0,nan,3.304972288,nan,nan,8.0,0.0,8,nan
35.180623070398966,27.877697841726622,nan,0.0,nan,3.304972288,nan,nan,8.0,0.0,8,nan
35.19730203946431,27.877697841726622,nan,0.0,nan,3.304972288,nan,nan,8.0,0.0,8,nan
35.213976422945656,27.877697841726622,nan,0.0,nan,3.304972288,nan,nan,8.0,0.0,8,nan
35.230657990773516,27.15827338129496,nan,0.0,nan,3.304972288,nan,nan,8.0,0.0,8,nan
35.24733519554138,23.920863309352512,nan,0.0,nan,3.304972288,nan,nan,7.0,0.0,8,nan
35.26400945981344,24.100719424460426,nan,0.0,nan,3.309166592,nan,nan,7.0,0.0,8,nan
35.28068468173345,20.863309352517987,nan,0.0,nan,3.309166592,nan,nan,6.0,0.0,8,nan
35.29735854466756,20.863309352517987,nan,0.0,nan,3.313360896,nan,nan,6.0,0.0,8,nan
35.31403133074443,21.0431654676259,nan,0.0,nan,3.313360896,nan,nan,6.0,0.0,8,nan
35.330705658594766,21.0431654676259,nan,0.0,nan,3.313360896,nan,nan,6.0,0.0,8,nan
35.34738082091014,21.223021582733814,nan,0.0,nan,3.313360896,nan,nan,6.0,0.0,8,nan
35.36405463616053,21.223021582733814,nan,0.0,nan,3.313360896,nan,nan,6.0,0.0,8,nan
35.38072694540024,21.223021582733814,nan,0.0,nan,3.313360896,nan,nan,6.0,0.0,8,nan
35.39740524689356,21.223021582733814,nan,0.0,nan,2.860347392,nan,nan,6.0,0.0,7,nan
35.41408069133759,21.223021582733814,nan,0.0,nan,2.860347392,nan,nan,6.0,0.0,7,nan
35.430754788716634,21.223021582733814,nan,0.0,nan,2.860347392,nan,nan,6.0,0.0,7,nan
35.44742817083995,21.402877697841728,nan,0.0,nan,2.860347392,nan,nan,6.0,0.0,7,nan
35.464103857676186,21.402877697841728,nan,0.0,nan,2.860347392,nan,nan,6.0,0.0,7,nan
35.48077463706334,21.58273381294964,nan,0.0,nan,2.862444544,nan,nan,6.0,0.0,7,nan
35.49745240608851,21.58273381294964,nan,0.0,nan,2.862444544,nan,nan,6.0,0.0,7,nan
35.51412604252497,21.58273381294964,nan,0.0,nan,2.862444544,nan,nan,6.0,0.0,7,nan
35.53080312013626,21.58273381294964,nan,0.0,nan,2.864541696,nan,nan,6.0,0.0,7,nan
35.54747641881307,25.0,nan,0.0,nan,2.864541696,nan,nan,7.0,0.0,7,nan
35.56415278514226,25.0,nan,0.0,nan,2.864541696,nan,nan,7.0,0.0,7,nan
35.5808261791865,25.0,nan,0.0,nan,2.864541696,nan,nan,7.0,0.0,7,nan
35.59749522209167,25.0,nan,0.0,nan,2.864541696,nan,nan,7.0,0.0,7,nan
35.6141681989034,21.58273381294964,nan,0.0,nan,2.864541696,nan,nan,6.0,0.0,7,nan
35.63084242741267,21.58273381294964,nan,0.0,nan,2.864541696,nan,nan,6.0,0.0,7,nan
35.647519799073535,21.58273381294964,nan,0.0,nan,2.864541696,nan,nan,6.0,0.0,7,nan
35.66419372558594,21.58273381294964,nan,0.0,nan,2.864541696,nan,nan,6.0,0.0,7,nan
35.68087228536606,21.58273381294964,nan,0.0,nan,2.864541696,nan,nan,6.0,0.0,7,nan
35.697547153631845,21.58273381294964,nan,0.0,nan,2.864541696,nan,nan,6.0,0.0,7,nan
35.71422217686971,21.58273381294964,nan,0.0,nan,2.864541696,nan,nan,6.0,0.0,7,nan
35.73089677095413,21.76258992805755,nan,0.0,nan,2.864541696,nan,nan,6.0,0.0,7,nan
35.74757068157196,21.76258992805755,nan,0.0,nan,2.864541696,nan,nan,6.0,0.0,7,nan
35.76424370209376,21.76258992805755,nan,0.0,nan,2.864541696,nan,nan,6.0,0.0,7,nan
35.780920803546906,21.76258992805755,nan,0.0,nan,2.864541696,nan,nan,6.0,0.0,7,nan
35.79759518702825,21.76258992805755,nan,0.0,nan,2.864541696,nan,nan,6.0,0.0,7,nan
35.814268136024474,21.76258992805755,nan,0.0,nan,2.864541696,nan,nan,6.0,0.0,7,nan
35.830939189592996,21.76258992805755,nan,0.0,nan,2.864541696,nan,nan,6.0,0.0,7,nan
35.84761046171188,25.179856115107913,nan,0.0,nan,2.864541696,nan,nan,7.0,0.0,7,nan
35.86428397099177,25.359712230215827,nan,0.0,nan,2.864541696,nan,nan,7.0,0.0,7,nan
35.88095386425654,25.359712230215827,nan,0.0,nan,2.864541696,nan,nan,7.0,0.0,7,nan
35.89762712319692,21.942446043165464,nan,0.0,nan,2.864541696,nan,nan,6.0,0.0,7,nan
35.91430247227351,25.539568345323737,nan,0.0,nan,2.864541696,nan,nan,7.0,0.0,7,nan
35.93097507556279,26.258992805755398,nan,0.0,nan,2.864541696,nan,nan,7.0,0.0,7,nan
35.94764728546143,25.71942446043165,nan,0.0,nan,2.864541696,nan,nan,7.0,0.0,7,nan
35.96432035764058,25.71942446043165,nan,0.0,nan,2.864541696,nan,nan,7.0,0.0,7,nan
35.98099332650502,22.302158273381288,nan,0.0,nan,2.910687232,nan,nan,6.0,0.0,7,nan
35.997668929894765,22.302158273381288,nan,0.0,nan,3.210579968,nan,nan,6.0,0.0,7,nan
36.01434178352356,25.71942446043165,nan,0.0,nan,3.210579968,nan,nan,7.0,0.0,7,nan
36.031014482180275,25.71942446043165,nan,0.0,nan,3.210579968,nan,nan,7.0,0.0,7,nan
36.047687300046285,25.899280575539574,nan,0.0,nan,3.210579968,nan,nan,7.0,0.0,7,nan
36.06436017354329,25.899280575539574,nan,0.0,nan,3.210579968,nan,nan,7.0,0.0,7,nan
36.081036333243055,26.618705035971225,nan,0.0,nan,3.210579968,nan,nan,7.0,0.0,7,nan
36.09770936965943,26.079136690647488,nan,0.0,nan,3.210579968,nan,nan,7.0,0.0,7,nan
36.11438561677933,26.258992805755398,nan,0.0,nan,3.210579968,nan,nan,7.0,0.0,7,nan
36.13105833927791,26.258992805755398,nan,0.0,nan,3.210579968,nan,nan,7.0,0.0,7,nan
36.1477308511734,26.258992805755398,nan,0.0,nan,3.210579968,nan,nan,7.0,0.0,7,nan
36.164403812090555,26.258992805755398,nan,0.0,nan,3.210579968,nan,nan,7.0,0.0,7,nan
36.18107685248057,26.258992805755398,nan,0.0,nan,3.210579968,nan,nan,7.0,0.0,7,nan
36.197752086321515,26.258992805755398,nan,0.0,nan,3.210579968,nan,nan,7.0,0.0,7,nan
36.21442403395971,26.258992805755398,nan,0.0,nan,3.210579968,nan,nan,7.0,0.0,7,nan
36.23109768629074,26.258992805755398,nan,0.0,nan,3.210579968,nan,nan,7.0,0.0,7,nan
36.24777046839396,26.258992805755398,nan,0.0,nan,3.210579968,nan,nan,7.0,0.0,7,nan
36.26444152990977,22.661870503597125,nan,0.0,nan,3.210579968,nan,nan,6.0,0.0,7,nan
36.28111381928126,22.661870503597125,nan,0.0,nan,3.225260032,nan,nan,6.0,0.0,7,nan
36.29778683980306,26.258992805755398,nan,0.0,nan,3.225260032,nan,nan,7.0,0.0,7,nan
36.31445970535278,26.258992805755398,nan,0.0,nan,3.225260032,nan,nan,7.0,0.0,7,nan
36.33113503456116,26.258992805755398,nan,0.0,nan,3.225260032,nan,nan,7.0,0.0,7,nan
36.347807319959,26.43884892086331,nan,0.0,nan,3.225260032,nan,nan,7.0,0.0,7,nan
36.36447845300039,26.43884892086331,nan,0.0,nan,3.225260032,nan,nan,7.0,0.0,7,nan
36.381152868270874,26.43884892086331,nan,0.0,nan,3.225260032,nan,nan,7.0,0.0,7,nan
36.39782729546229,26.43884892086331,nan,0.0,nan,3.225260032,nan,nan,7.0,0.0,7,nan
36.414505239327745,22.84172661870504,nan,0.0,nan,3.225260032,nan,nan,6.0,0.0,7,nan
36.431178188323976,22.84172661870504,nan,0.0,nan,3.225260032,nan,nan,6.0,0.0,7,nan
36.44785277446111,26.43884892086331,nan,0.0,nan,3.225260032,nan,nan,7.0,0.0,7,nan
36.46452653010686,26.618705035971225,nan,0.0,nan,3.225260032,nan,nan,7.0,0.0,7,nan
36.48120528459549,26.618705035971225,nan,0.0,nan,3.225260032,nan,nan,7.0,0.0,7,nan
36.49788026412328,21.942446043165464,nan,0.0,nan,3.225260032,nan,nan,6.0,0.0,7,nan
36.51455372571945,26.258992805755398,nan,0.0,nan,3.225260032,nan,nan,7.0,0.0,7,nan
36.531227827072144,26.43884892086331,nan,0.0,nan,3.225260032,nan,nan,7.0,0.0,7,nan
36.547903418540955,26.618705035971225,nan,0.0,nan,3.225260032,nan,nan,7.0,0.0,7,nan
36.564576999346414,22.302158273381288,nan,0.0,nan,3.225260032,nan,nan,6.0,0.0,7,nan
36.58125505447388,26.618705035971225,nan,0.0,nan,3.225260032,nan,nan,7.0,0.0,7,nan
36.59792773723602,26.618705035971225,nan,0.0,nan,3.225260032,nan,nan,7.0,0.0,7,nan
36.614604687690736,27.15827338129496,nan,0.0,nan,3.225260032,nan,nan,7.0,0.0,7,nan
36.631277894973756,26.798561151079138,nan,0.0,nan,3.225260032,nan,nan,7.0,0.0,7,nan
36.64795320034027,22.302158273381288,nan,0.0,nan,3.225260032,nan,nan,6.0,0.0,7,nan
36.66462639172872,26.978417266187048,nan,0.0,nan,3.225260032,nan,nan,7.0,0.0,7,nan
36.681302007039385,26.978417266187048,nan,0.0,nan,3.225260032,nan,nan,7.0,0.0,7,nan
36.69797201951345,27.15827338129496,nan,0.0,nan,3.225260032,nan,nan,7.0,0.0,7,nan
36.71464638312658,27.15827338129496,nan,0.0,nan,3.225260032,nan,nan,7.0,0.0,7,nan
36.7313232421875,27.338129496402875,nan,0.0,nan,3.225260032,nan,nan,7.0,0.0,7,nan
36.747997641563416,27.338129496402875,nan,0.0,nan,3.225260032,nan,nan,7.0,0.0,7,nan
36.76466957330704,27.338129496402875,nan,0.0,nan,3.225260032,nan,nan,7.0,0.0,7,nan
36.7813442826271,27.338129496402875,nan,0.0,nan,3.225260032,nan,nan,7.0,0.0,7,nan
36.798017211755116,27.338129496402875,nan,0.0,nan,3.225260032,nan,nan,7.0,0.0,7,nan
36.81469252904256,27.338129496402875,nan,0.0,nan,3.225260032,nan,nan,7.0,0.0,7,nan
36.83136843045553,27.338129496402875,nan,0.0,nan,3.225260032,nan,nan,7.0,0.0,7,nan
36.84804278214772,27.338129496402875,nan,0.0,nan,3.225260032,nan,nan,7.0,0.0,7,nan
36.86472093661626,27.338129496402875,nan,0.0,nan,3.225260032,nan,nan,7.0,0.0,7,nan
36.88139519294103,27.338129496402875,nan,0.0,nan,3.225260032,nan,nan,7.0,0.0,7,nan
36.89807012478511,27.338129496402875,nan,0.0,nan,3.225260032,nan,nan,7.0,0.0,7,nan
36.91474417448044,27.338129496402875,nan,0.0,nan,3.225260032,nan,nan,7.0,0.0,7,nan
36.931421387195584,27.338129496402875,nan,0.0,nan,3.225260032,nan,nan,7.0,0.0,7,nan
36.948095643520354,27.338129496402875,nan,0.0,nan,3.225260032,nan,nan,7.0,0.0,7,nan
36.964768727620445,27.517985611510788,nan,0.0,nan,3.225260032,nan,nan,7.0,0.0,7,nan
36.98144332965215,27.517985611510788,nan,0.0,nan,3.225260032,nan,nan,7.0,0.0,7,nan
36.99812215566635,27.517985611510788,nan,0.0,nan,3.225260032,nan,nan,7.0,0.0,7,nan
37.01479619344075,27.517985611510788,nan,0.0,nan,3.225260032,nan,nan,7.0,0.0,7,nan
37.03146887222926,27.517985611510788,nan,0.0,nan,3.225260032,nan,nan,7.0,0.0,7,nan
37.04814255237579,27.517985611510788,nan,0.0,nan,3.225260032,nan,nan,7.0,0.0,7,nan
37.064818855126695,27.517985611510788,nan,0.0,nan,3.225260032,nan,nan,7.0,0.0,7,nan
37.08149357239405,27.517985611510788,nan,0.0,nan,3.225260032,nan,nan,7.0,0.0,7,nan
37.09816886583964,27.517985611510788,nan,0.0,nan,3.225260032,nan,nan,7.0,0.0,7,nan
37.114843451976775,27.517985611510788,nan,0.0,nan,3.225260032,nan,nan,7.0,0.0,7,nan
37.131518892447154,28.23741007194245,nan,0.0,nan,3.225260032,nan,nan,7.0,0.0,7,nan
37.148193482557936,27.877697841726622,nan,0.0,nan,3.225260032,nan,nan,7.0,0.0,7,nan
37.16486925284068,28.057553956834536,nan,0.0,nan,3.225260032,nan,nan,7.0,0.0,7,nan
37.181543640295665,28.057553956834536,nan,0.0,nan,3.225260032,nan,nan,7.0,0.0,7,nan
37.1982221921285,28.057553956834536,nan,0.0,nan,3.225260032,nan,nan,7.0,0.0,7,nan
37.21489582061768,28.057553956834536,nan,0.0,nan,3.225260032,nan,nan,7.0,0.0,7,nan
37.23156916300456,28.057553956834536,nan,0.0,nan,3.225260032,nan,nan,7.0,0.0,7,nan
37.24824361403783,27.697841726618712,nan,0.0,nan,3.225260032,nan,nan,7.0,0.0,7,nan
37.26492206255595,27.697841726618712,nan,0.0,nan,3.225260032,nan,nan,7.0,0.0,7,nan
37.281596946716306,27.697841726618712,nan,0.0,nan,3.225260032,nan,nan,7.0,0.0,7,nan
37.2982772231102,27.697841726618712,nan,0.0,nan,3.225260032,nan,nan,7.0,0.0,7,nan
37.314951447645825,27.877697841726622,nan,0.0,nan,3.225260032,nan,nan,7.0,0.0,7,nan
37.331623975435896,28.057553956834536,nan,0.0,nan,3.225260032,nan,nan,7.0,0.0,7,nan
37.34829516410828,28.057553956834536,nan,0.0,nan,3.225260032,nan,nan,7.0,0.0,7,nan
37.36496623357137,28.057553956834536,nan,0.0,nan,3.225260032,nan,nan,7.0,0.0,7,nan
37.38163754940033,28.057553956834536,nan,0.0,nan,3.225260032,nan,nan,7.0,0.0,7,nan
37.39831221103668,28.057553956834536,nan,0.0,nan,3.225260032,nan,nan,7.0,0.0,7,nan
37.41498197317124,28.057553956834536,nan,0.0,nan,3.225260032,nan,nan,7.0,0.0,7,nan
37.4316531419754,28.057553956834536,nan,0.0,nan,3.225260032,nan,nan,7.0,0.0,7,nan
37.44832638502121,28.057553956834536,nan,0.0,nan,3.225260032,nan,nan,7.0,0.0,7,nan
37.46499744256337,28.057553956834536,nan,0.0,nan,3.225260032,nan,nan,7.0,0.0,7,nan
37.48167110681534,28.057553956834536,nan,0.0,nan,3.225260032,nan,nan,7.0,0.0,7,nan
37.498340515295666,28.057553956834536,nan,0.0,nan,3.225260032,nan,nan,7.0,0.0,7,nan
37.515010035037996,28.057553956834536,nan,0.0,nan,3.225260032,nan,nan,7.0,0.0,7,nan
37.53167995611827,28.057553956834536,nan,0.0,nan,3.225260032,nan,nan,7.0,0.0,7,nan
37.54834954341253,28.057553956834536,nan,0.0,nan,3.225260032,nan,nan,7.0,0.0,7,nan
37.56502178112666,28.057553956834536,nan,0.0,nan,3.225260032,nan,nan,7.0,0.0,7,nan
37.581692119439445,28.23741007194245,nan,0.0,nan,3.225260032,nan,nan,7.0,0.0,7,nan
37.59836812814077,28.23741007194245,nan,0.0,nan,3.225260032,nan,nan,7.0,0.0,7,nan
37.61503942807516,28.23741007194245,nan,0.0,nan,3.225260032,nan,nan,7.0,0.0,7,nan
37.63171132405599,28.23741007194245,nan,0.0,nan,3.225260032,nan,nan,7.0,0.0,7,nan
37.648383140563965,28.776978417266186,nan,0.0,nan,3.225260032,nan,nan,7.0,0.0,7,nan
37.665054726600644,28.23741007194245,nan,0.0,nan,3.225260032,nan,nan,7.0,0.0,7,nan
37.68172399202982,28.23741007194245,nan,0.0,nan,3.225260032,nan,nan,7.0,0.0,7,nan
37.69839378197988,28.23741007194245,nan,0.0,nan,3.225260032,nan,nan,7.0,0.0,7,nan
37.7150645216306,28.23741007194245,nan,0.0,nan,3.225260032,nan,nan,7.0,0.0,7,nan
37.731736095746356,28.23741007194245,nan,0.0,nan,3.225260032,nan,nan,7.0,0.0,7,nan
37.748405583699544,28.23741007194245,nan,0.0,nan,3.225260032,nan,nan,7.0,0.0,7,nan
37.76507627566655,28.41726618705036,nan,0.0,nan,3.225260032,nan,nan,7.0,0.0,7,nan
37.78174798488617,28.776978417266186,nan,0.0,nan,3.225260032,nan,nan,7.0,0.0,7,nan
37.79842037359874,28.776978417266186,nan,0.0,nan,3.225260032,nan,nan,7.0,0.0,7,nan
37.8150953690211,28.9568345323741,nan,0.0,nan,3.225260032,nan,nan,7.0,0.0,7,nan
37.8317659219106,28.9568345323741,nan,0.0,nan,3.225260032,nan,nan,7.0,0.0,7,nan
37.848437480131786,28.9568345323741,nan,0.0,nan,3.225260032,nan,nan,7.0,0.0,7,nan
37.86510777870814,26.978417266187048,nan,0.0,nan,3.225260032,nan,nan,6.0,0.0,7,nan
37.8817803700765,28.9568345323741,nan,0.0,nan,3.225260032,nan,nan,7.0,0.0,7,nan
37.89844983021418,28.9568345323741,nan,0.0,nan,3.225260032,nan,nan,7.0,0.0,7,nan
37.9151194135348,28.9568345323741,nan,0.0,nan,3.225260032,nan,nan,7.0,0.0,7,nan
37.93179112672806,28.9568345323741,nan,0.0,nan,3.225260032,nan,nan,7.0,0.0,7,nan
37.94846421480179,28.9568345323741,nan,0.0,nan,3.225260032,nan,nan,7.0,0.0,7,nan
37.96513391335805,29.136690647482013,nan,0.0,nan,3.225260032,nan,nan,7.0,0.0,7,nan
37.98180669943492,29.136690647482013,nan,0.0,nan,3.225260032,nan,nan,7.0,0.0,7,nan
37.99847962061564,27.338129496402875,nan,0.0,nan,3.227357184,nan,nan,6.0,0.0,7,nan
38.015151953697206,29.316546762589923,nan,0.0,nan,3.229454336,nan,nan,7.0,0.0,7,nan
38.0318217476209,29.316546762589923,nan,0.0,nan,3.229454336,nan,nan,7.0,0.0,7,nan
38.04849436680476,29.316546762589923,nan,0.0,nan,3.229454336,nan,nan,7.0,0.0,7,nan
38.065169362227124,29.316546762589923,nan,0.0,nan,3.229454336,nan,nan,7.0,0.0,7,nan
38.081842903296156,29.316546762589923,nan,0.0,nan,3.229454336,nan,nan,7.0,0.0,7,nan
38.0985173424085,29.316546762589923,nan,0.0,nan,3.229454336,nan,nan,7.0,0.0,7,nan
38.115189611911774,29.316546762589923,nan,0.0,nan,3.229454336,nan,nan,7.0,0.0,7,nan
38.13186220328013,29.316546762589923,nan,0.0,nan,3.229454336,nan,nan,7.0,0.0,7,nan
38.148536972204845,29.316546762589923,nan,0.0,nan,3.229454336,nan,nan,7.0,0.0,7,nan
38.165208812554674,27.338129496402875,nan,0.0,nan,3.229454336,nan,nan,6.0,0.0,7,nan
38.18188715378444,27.338129496402875,nan,0.0,nan,3.256717312,nan,nan,6.0,0.0,7,nan
38.19855928023656,27.338129496402875,nan,0.0,nan,3.258814464,nan,nan,6.0,0.0,7,nan
38.21523478031158,29.316546762589923,nan,0.0,nan,3.258814464,nan,nan,7.0,0.0,7,nan
38.231906628608705,29.316546762589923,nan,0.0,nan,3.258814464,nan,nan,7.0,0.0,7,nan
38.24857901334762,29.496402877697847,nan,0.0,nan,3.258814464,nan,nan,7.0,0.0,7,nan
38.26525515317917,29.496402877697847,nan,0.0,nan,3.258814464,nan,nan,7.0,0.0,7,nan
38.28192715247472,29.496402877697847,nan,0.0,nan,3.258814464,nan,nan,7.0,0.0,7,nan
38.29860180616379,27.517985611510788,nan,0.0,nan,3.258814464,nan,nan,6.0,0.0,7,nan
38.315274679660796,27.517985611510788,nan,0.0,nan,3.26510592,nan,nan,6.0,0.0,7,nan
38.33195145924886,27.517985611510788,nan,0.0,nan,3.26510592,nan,nan,6.0,0.0,7,nan
38.34862491289775,27.517985611510788,nan,0.0,nan,3.271397376,nan,nan,6.0,0.0,7,nan
38.365295978387195,27.517985611510788,nan,0.0,nan,3.271397376,nan,nan,6.0,0.0,7,nan
38.38196782668432,29.496402877697847,nan,0.0,nan,3.271397376,nan,nan,7.0,0.0,7,nan
38.3986403187116,29.496402877697847,nan,0.0,nan,3.271397376,nan,nan,7.0,0.0,7,nan
38.415312413374586,29.496402877697847,nan,0.0,nan,3.271397376,nan,nan,7.0,0.0,7,nan
38.431984305381775,29.67625899280576,nan,0.0,nan,3.271397376,nan,nan,7.0,0.0,7,nan
38.44865642786026,30.035971223021583,nan,0.0,nan,3.271397376,nan,nan,7.0,0.0,7,nan
38.46532906691233,27.877697841726622,nan,0.0,nan,3.271397376,nan,nan,6.0,0.0,7,nan
38.48200181722641,28.057553956834536,nan,0.0,nan,3.271397376,nan,nan,6.0,0.0,7,nan
38.49867193698883,28.057553956834536,nan,0.0,nan,3.271397376,nan,nan,6.0,0.0,7,nan
38.515346972147626,24.820143884892087,nan,0.0,nan,3.271397376,nan,nan,5.0,0.0,7,nan
38.532018860181175,24.820143884892087,nan,0.0,nan,3.273494528,nan,nan,5.0,0.0,7,nan
38.548691221078236,26.798561151079138,nan,0.0,nan,3.273494528,nan,nan,6.0,0.0,7,nan
38.56536161104838,26.798561151079138,nan,0.0,nan,3.273494528,nan,nan,6.0,0.0,7,nan
38.58203732570012,26.798561151079138,nan,0.0,nan,3.273494528,nan,nan,6.0,0.0,7,nan
38.5987101594607,22.122302158273378,nan,0.0,nan,3.273494528,nan,nan,5.0,0.0,7,nan
38.61538622776667,27.338129496402875,nan,0.0,nan,3.27559168,nan,nan,7.0,0.0,7,nan
38.63205748796463,27.517985611510788,nan,0.0,nan,3.27559168,nan,nan,7.0,0.0,7,nan
38.648730250199634,27.697841726618712,nan,0.0,nan,3.27559168,nan,nan,7.0,0.0,7,nan
38.66540031035741,27.697841726618712,nan,0.0,nan,3.27559168,nan,nan,7.0,0.0,7,nan
38.68207295338313,21.402877697841728,nan,0.0,nan,3.27559168,nan,nan,6.0,0.0,7,nan
38.69874588251114,26.618705035971225,nan,0.0,nan,3.27559168,nan,nan,7.0,0.0,7,nan
38.71541709502538,26.618705035971225,nan,0.0,nan,3.27559168,nan,nan,7.0,0.0,7,nan
38.732089686393735,26.618705035971225,nan,0.0,nan,3.27559168,nan,nan,7.0,0.0,7,nan
38.748770133654276,24.640287769784173,nan,0.0,nan,3.27559168,nan,nan,6.0,0.0,7,nan
38.76544239918391,26.798561151079138,nan,0.0,nan,3.27559168,nan,nan,7.0,0.0,7,nan
38.78211359977722,26.798561151079138,nan,0.0,nan,3.27559168,nan,nan,7.0,0.0,7,nan
38.79878383874893,26.798561151079138,nan,0.0,nan,3.27559168,nan,nan,7.0,0.0,7,nan
38.815455603599545,26.798561151079138,nan,0.0,nan,3.27559168,nan,nan,7.0,0.0,7,nan
38.832126613457994,26.798561151079138,nan,0.0,nan,3.27559168,nan,nan,7.0,0.0,7,nan
38.84880114396413,26.798561151079138,nan,0.0,nan,3.27559168,nan,nan,7.0,0.0,7,nan
38.86547329823176,26.798561151079138,nan,0.0,nan,3.27559168,nan,nan,7.0,0.0,7,nan
38.882145472367604,26.798561151079138,nan,0.0,nan,3.27559168,nan,nan,7.0,0.0,7,nan
38.89881766637166,21.58273381294964,nan,0.0,nan,3.27559168,nan,nan,6.0,0.0,7,nan
38.91548968950907,26.798561151079138,nan,0.0,nan,3.27559168,nan,nan,7.0,0.0,7,nan
38.93216183980306,26.798561151079138,nan,0.0,nan,3.27559168,nan,nan,7.0,0.0,7,nan
38.948834065596266,24.640287769784173,nan,0.0,nan,3.27559168,nan,nan,6.0,0.0,7,nan
38.96550794839859,24.640287769784173,nan,0.0,nan,3.27559168,nan,nan,6.0,0.0,7,nan
38.98217993974686,24.820143884892087,nan,0.0,nan,3.27559168,nan,nan,6.0,0.0,7,nan
38.998854744434354,24.820143884892087,nan,0.0,nan,3.27559168,nan,nan,6.0,0.0,7,nan
39.015525444348654,24.820143884892087,nan,0.0,nan,3.27559168,nan,nan,6.0,0.0,7,nan
39.03219711780548,24.820143884892087,nan,0.0,nan,3.27559168,nan,nan,6.0,0.0,7,nan
39.04886844952901,26.978417266187048,nan,0.0,nan,3.27559168,nan,nan,7.0,0.0,7,nan
39.06554231643677,26.978417266187048,nan,0.0,nan,3.27559168,nan,nan,7.0,0.0,7,nan
39.08221776088079,27.15827338129496,nan,0.0,nan,3.27559168,nan,nan,7.0,0.0,7,nan
39.09888913631439,27.15827338129496,nan,0.0,nan,3.27559168,nan,nan,7.0,0.0,7,nan
39.11556180318197,27.15827338129496,nan,0.0,nan,3.27559168,nan,nan,7.0,0.0,7,nan
39.1322346885999,27.15827338129496,nan,0.0,nan,3.27559168,nan,nan,7.0,0.0,7,nan
39.14890721638997,27.15827338129496,nan,0.0,nan,3.27559168,nan,nan,7.0,0.0,7,nan
39.16557948589325,27.15827338129496,nan,0.0,nan,3.27559168,nan,nan,7.0,0.0,7,nan
39.18225706020991,27.15827338129496,nan,0.0,nan,3.27559168,nan,nan,7.0,0.0,7,nan
39.19892737865448,27.15827338129496,nan,0.0,nan,3.27559168,nan,nan,7.0,0.0,7,nan
39.21560180981954,27.15827338129496,nan,0.0,nan,3.27559168,nan,nan,7.0,0.0,7,nan
39.23227652311325,27.338129496402875,nan,0.0,nan,3.27559168,nan,nan,7.0,0.0,7,nan
39.24895189205805,27.338129496402875,nan,0.0,nan,3.27559168,nan,nan,7.0,0.0,7,nan
39.2656250278155,27.517985611510788,nan,0.0,nan,3.27559168,nan,nan,7.0,0.0,7,nan
39.28229736089706,27.697841726618712,nan,0.0,nan,3.27559168,nan,nan,7.0,0.0,7,nan
39.29896981318792,27.697841726618712,nan,0.0,nan,3.27559168,nan,nan,7.0,0.0,7,nan
39.31564191182454,27.697841726618712,nan,0.0,nan,3.27559168,nan,nan,7.0,0.0,7,nan
39.332314232985176,27.697841726618712,nan,0.0,nan,3.27559168,nan,nan,7.0,0.0,7,nan
39.3489870150884,27.697841726618712,nan,0.0,nan,3.27559168,nan,nan,7.0,0.0,7,nan
39.365659189224246,27.877697841726622,nan,0.0,nan,3.27559168,nan,nan,7.0,0.0,7,nan
39.38233131170273,28.057553956834536,nan,0.0,nan,3.27559168,nan,nan,7.0,0.0,7,nan
39.39900366862615,28.057553956834536,nan,0.0,nan,3.27559168,nan,nan,7.0,0.0,7,nan
39.41567567586899,28.057553956834536,nan,0.0,nan,3.27559168,nan,nan,7.0,0.0,7,nan
39.432353699207304,28.057553956834536,nan,0.0,nan,3.27559168,nan,nan,7.0,0.0,7,nan
39.449025988578796,28.057553956834536,nan,0.0,nan,3.27559168,nan,nan,7.0,0.0,7,nan
39.46570090055466,28.057553956834536,nan,0.0,nan,3.27559168,nan,nan,7.0,0.0,7,nan
39.48237329721451,28.057553956834536,nan,0.0,nan,3.27559168,nan,nan,7.0,0.0,7,nan
39.49904474020004,28.057553956834536,nan,0.0,nan,3.27559168,nan,nan,7.0,0.0,7,nan
39.51571586529414,28.057553956834536,nan,0.0,nan,3.27559168,nan,nan,7.0,0.0,7,nan
39.53238578637441,28.057553956834536,nan,0.0,nan,3.27559168,nan,nan,7.0,0.0,7,nan
39.549058655897774,28.057553956834536,nan,0.0,nan,3.27559168,nan,nan,7.0,0.0,7,nan
39.5657311240832,27.338129496402875,nan,0.0,nan,3.27559168,nan,nan,7.0,0.0,7,nan
39.58240240017573,27.338129496402875,nan,0.0,nan,3.27559168,nan,nan,7.0,0.0,7,nan
39.59907401800156,27.338129496402875,nan,0.0,nan,3.27559168,nan,nan,7.0,0.0,7,nan
39.61574352184932,27.517985611510788,nan,0.0,nan,3.27559168,nan,nan,7.0,0.0,7,nan
39.63241345882416,25.179856115107913,nan,0.0,nan,3.27559168,nan,nan,6.0,0.0,7,nan
39.64908288319906,27.517985611510788,nan,0.0,nan,3.27559168,nan,nan,7.0,0.0,7,nan
39.66575625737508,27.517985611510788,nan,0.0,nan,3.27559168,nan,nan,7.0,0.0,7,nan
39.682428455352785,27.517985611510788,nan,0.0,nan,3.27559168,nan,nan,7.0,0.0,7,nan
39.699103947480516,27.517985611510788,nan,0.0,nan,3.27559168,nan,nan,7.0,0.0,7,nan
39.715775374571486,27.517985611510788,nan,0.0,nan,3.27559168,nan,nan,7.0,0.0,7,nan
39.73244624932607,27.517985611510788,nan,0.0,nan,3.27559168,nan,nan,7.0,0.0,7,nan
39.74912035862605,27.517985611510788,nan,0.0,nan,3.27559168,nan,nan,7.0,0.0,7,nan
39.765792528788246,27.517985611510788,nan,0.0,nan,3.27559168,nan,nan,7.0,0.0,7,nan
39.78246149222056,27.517985611510788,nan,0.0,nan,3.27559168,nan,nan,7.0,0.0,7,nan
39.79913042386373,27.517985611510788,nan,0.0,nan,3.27559168,nan,nan,7.0,0.0,7,nan
39.815804894765215,27.517985611510788,nan,0.0,nan,3.27559168,nan,nan,7.0,0.0,7,nan
39.83247736295064,27.517985611510788,nan,0.0,nan,3.27559168,nan,nan,7.0,0.0,7,nan
39.84915317296982,27.517985611510788,nan,0.0,nan,3.27559168,nan,nan,7.0,0.0,7,nan
39.865824870268504,27.517985611510788,nan,0.0,nan,3.27559168,nan,nan,7.0,0.0,7,nan
39.88250091473262,27.517985611510788,nan,0.0,nan,3.27559168,nan,nan,7.0,0.0,7,nan
39.8991707722346,28.23741007194245,nan,0.0,nan,3.27559168,nan,nan,7.0,0.0,7,nan
39.9158420920372,27.697841726618712,nan,0.0,nan,3.27559168,nan,nan,7.0,0.0,7,nan
39.9325187365214,28.597122302158272,nan,0.0,nan,3.27559168,nan,nan,7.0,0.0,7,nan
39.94918799002965,28.057553956834536,nan,0.0,nan,3.27559168,nan,nan,7.0,0.0,7,nan
39.96586172978083,28.057553956834536,nan,0.0,nan,3.27559168,nan,nan,7.0,0.0,7,nan
39.98253429333369,28.057553956834536,nan,0.0,nan,3.27559168,nan,nan,7.0,0.0,7,nan
39.99920465151469,28.057553956834536,nan,0.0,nan,3.27559168,nan,nan,7.0,0.0,7,nan
40.01588489214579,28.23741007194245,nan,0.0,nan,3.27559168,nan,nan,7.0,0.0,7,nan
40.03256059487661,28.41726618705036,nan,0.0,nan,3.27559168,nan,nan,7.0,0.0,7,nan
40.04922970136007,28.41726618705036,nan,0.0,nan,3.27559168,nan,nan,7.0,0.0,7,nan
40.065906369686125,28.41726618705036,nan,0.0,nan,3.27559168,nan,nan,7.0,0.0,7,nan
40.082577443122865,28.41726618705036,nan,0.0,nan,3.27559168,nan,nan,7.0,0.0,7,nan
40.09924717744192,28.41726618705036,nan,0.0,nan,3.27559168,nan,nan,7.0,0.0,7,nan
40.11591740051905,28.41726618705036,nan,0.0,nan,3.27559168,nan,nan,7.0,0.0,7,nan
40.132590277989706,28.41726618705036,nan,0.0,nan,3.27559168,nan,nan,7.0,0.0,7,nan
40.1492618282636,28.41726618705036,nan,0.0,nan,3.27559168,nan,nan,7.0,0.0,7,nan
40.165932683149975,28.41726618705036,nan,0.0,nan,3.27559168,nan,nan,7.0,0.0,7,nan
40.18260434071223,23.741007194244602,nan,0.0,nan,3.27559168,nan,nan,6.0,0.0,7,nan
40.19927357037862,28.23741007194245,nan,0.0,nan,3.27559168,nan,nan,7.0,0.0,7,nan
40.21594566901525,28.23741007194245,nan,0.0,nan,3.27559168,nan,nan,7.0,0.0,7,nan
40.23261726697286,28.23741007194245,nan,0.0,nan,3.27559168,nan,nan,7.0,0.0,7,nan
40.249289739131925,28.23741007194245,nan,0.0,nan,3.27559168,nan,nan,7.0,0.0,7,nan
40.26596002578735,28.23741007194245,nan,0.0,nan,3.27559168,nan,nan,7.0,0.0,7,nan
40.28262919187546,28.41726618705036,nan,0.0,nan,3.27559168,nan,nan,7.0,0.0,7,nan
40.29930545488993,28.41726618705036,nan,0.0,nan,3.27559168,nan,nan,7.0,0.0,7,nan
40.31597596406937,28.597122302158272,nan,0.0,nan,3.27559168,nan,nan,7.0,0.0,7,nan
40.332646179199216,28.597122302158272,nan,0.0,nan,3.27559168,nan,nan,7.0,0.0,7,nan
40.34931863943736,28.597122302158272,nan,0.0,nan,3.27559168,nan,nan,7.0,0.0,7,nan
40.36598864396413,28.597122302158272,nan,0.0,nan,3.27559168,nan,nan,7.0,0.0,7,nan
40.3826598127683,28.597122302158272,nan,0.0,nan,3.27559168,nan,nan,7.0,0.0,7,nan
40.399328565597536,28.597122302158272,nan,0.0,nan,3.27559168,nan,nan,7.0,0.0,7,nan
40.41600317557653,28.597122302158272,nan,0.0,nan,3.27559168,nan,nan,7.0,0.0,7,nan
40.43267429669698,28.597122302158272,nan,0.0,nan,3.27559168,nan,nan,7.0,0.0,7,nan
40.44934466282527,28.597122302158272,nan,0.0,nan,3.27559168,nan,nan,7.0,0.0,7,nan
40.46601843039195,28.597122302158272,nan,0.0,nan,3.27559168,nan,nan,7.0,0.0,7,nan
40.48269278605779,28.597122302158272,nan,0.0,nan,3.27559168,nan,nan,7.0,0.0,7,nan
40.499364256858826,28.597122302158272,nan,0.0,nan,3.27559168,nan,nan,7.0,0.0,7,nan
40.51603679656982,28.597122302158272,nan,0.0,nan,3.27559168,nan,nan,7.0,0.0,7,nan
40.53270715077718,28.057553956834536,nan,0.0,nan,3.27559168,nan,nan,7.0,0.0,7,nan
40.549376364549,25.899280575539574,nan,0.0,nan,3.27559168,nan,nan,7.0,0.0,7,nan
40.56604551871617,25.899280575539574,nan,0.0,nan,3.27559168,nan,nan,7.0,0.0,7,nan
40.58271944125493,26.079136690647488,nan,0.0,nan,3.27559168,nan,nan,7.0,0.0,7,nan
40.59939076900482,23.56115107913669,nan,0.0,nan,3.27559168,nan,nan,6.0,0.0,7,nan
40.61606305837631,25.899280575539574,nan,0.0,nan,3.27559168,nan,nan,7.0,0.0,7,nan
40.632735681533816,25.899280575539574,nan,0.0,nan,3.27559168,nan,nan,7.0,0.0,7,nan
40.64940461317698,25.899280575539574,nan,0.0,nan,3.27559168,nan,nan,7.0,0.0,7,nan
40.666074466705325,25.899280575539574,nan,0.0,nan,3.27559168,nan,nan,7.0,0.0,7,nan
40.68274513085683,26.079136690647488,nan,0.0,nan,3.27559168,nan,nan,7.0,0.0,7,nan
40.69941423734029,23.920863309352512,nan,0.0,nan,3.27559168,nan,nan,6.0,0.0,7,nan
40.716085374355316,23.920863309352512,nan,0.0,nan,3.27559168,nan,nan,6.0,0.0,7,nan
40.73275616963704,23.920863309352512,nan,0.0,nan,3.27559168,nan,nan,6.0,0.0,7,nan
40.74942776759465,23.920863309352512,nan,0.0,nan,3.27559168,nan,nan,6.0,0.0,7,nan
40.76609801451365,23.920863309352512,nan,0.0,nan,3.27559168,nan,nan,6.0,0.0,7,nan
40.78276809453964,23.920863309352512,nan,0.0,nan,3.27559168,nan,nan,6.0,0.0,7,nan
40.79943905274073,23.920863309352512,nan,0.0,nan,3.27559168,nan,nan,6.0,0.0,7,nan
40.816109371185306,23.920863309352512,nan,0.0,nan,3.27559168,nan,nan,6.0,0.0,7,nan
40.832780297597246,26.43884892086331,nan,0.0,nan,3.27559168,nan,nan,7.0,0.0,7,nan
40.84945222934087,26.43884892086331,nan,0.0,nan,3.27559168,nan,nan,7.0,0.0,7,nan
40.86612348159154,26.618705035971225,nan,0.0,nan,3.27559168,nan,nan,7.0,0.0,7,nan
40.88279514312744,26.618705035971225,nan,0.0,nan,3.27559168,nan,nan,7.0,0.0,7,nan
40.89947107632955,26.618705035971225,nan,0.0,nan,3.27559168,nan,nan,7.0,0.0,7,nan
40.91614023049672,24.28057553956835,nan,0.0,nan,3.27559168,nan,nan,6.0,0.0,7,nan
40.93281344572703,24.28057553956835,nan,0.0,nan,3.27559168,nan,nan,6.0,0.0,7,nan
40.94948380788167,24.460431654676263,nan,0.0,nan,3.27559168,nan,nan,6.0,0.0,7,nan
40.966154396533966,24.460431654676263,nan,0.0,nan,3.27559168,nan,nan,6.0,0.0,7,nan
40.98282657066981,24.460431654676263,nan,0.0,nan,3.27559168,nan,nan,6.0,0.0,7,nan
40.99949773947398,24.460431654676263,nan,0.0,nan,3.27559168,nan,nan,6.0,0.0,7,nan
41.01616973082225,24.460431654676263,nan,0.0,nan,3.27559168,nan,nan,6.0,0.0,7,nan
41.03284544547399,23.920863309352512,nan,0.0,nan,3.27559168,nan,nan,6.0,0.0,7,nan
41.04951848189036,23.920863309352512,nan,0.0,nan,3.27559168,nan,nan,6.0,0.0,7,nan
41.066191204388936,23.920863309352512,nan,0.0,nan,3.277688832,nan,nan,6.0,0.0,7,nan
41.082864650090535,23.920863309352512,nan,0.0,nan,3.277688832,nan,nan,6.0,0.0,7,nan
41.09953582286835,18.705035971223015,nan,0.0,nan,3.279785984,nan,nan,5.0,0.0,7,nan
41.11620665788651,23.920863309352512,nan,0.0,nan,3.279785984,nan,nan,6.0,0.0,7,nan
41.13288025856018,24.100719424460426,nan,0.0,nan,3.281883136,nan,nan,6.0,0.0,7,nan
41.149550135930376,18.88489208633094,nan,0.0,nan,3.281883136,nan,nan,5.0,0.0,7,nan
41.166219838460286,24.100719424460426,nan,0.0,nan,3.281883136,nan,nan,6.0,0.0,7,nan
41.18289384841919,24.100719424460426,nan,0.0,nan,3.281883136,nan,nan,6.0,0.0,7,nan
41.1995638569196,24.100719424460426,nan,0.0,nan,3.281883136,nan,nan,6.0,0.0,7,nan
41.216233150164285,24.100719424460426,nan,0.0,nan,3.281883136,nan,nan,6.0,0.0,7,nan
41.23290560642878,18.88489208633094,nan,0.0,nan,3.281883136,nan,nan,5.0,0.0,7,nan
41.24957615931829,14.92805755395683,nan,0.0,nan,3.298660352,nan,nan,4.0,0.0,7,nan
41.26624582608541,18.705035971223015,nan,0.0,nan,3.304951808,nan,nan,5.0,0.0,7,nan
41.282916065057115,18.705035971223015,nan,0.0,nan,3.309146112,nan,nan,5.0,0.0,7,nan
41.2995862364769,18.88489208633094,nan,0.0,nan,3.313340416,nan,nan,5.0,0.0,7,nan
41.31625951131185,18.88489208633094,nan,0.0,nan,3.372060672,nan,nan,5.0,0.0,7,nan
41.332929929097496,18.88489208633094,nan,0.0,nan,3.455946752,nan,nan,5.0,0.0,7,nan
41.34960445165634,18.88489208633094,nan,0.0,nan,3.460141056,nan,nan,5.0,0.0,7,nan
41.36627839008967,18.88489208633094,nan,0.0,nan,3.460141056,nan,nan,5.0,0.0,7,nan
41.382952312628426,18.88489208633094,nan,0.0,nan,2.75546112,nan,nan,5.0,0.0,6,nan
41.39962760607401,18.88489208633094,nan,0.0,nan,2.75546112,nan,nan,5.0,0.0,6,nan
41.41630515257518,18.88489208633094,nan,0.0,nan,2.75546112,nan,nan,5.0,0.0,6,nan
41.43297957976659,19.064748201438853,nan,0.0,nan,2.75546112,nan,nan,5.0,0.0,6,nan
41.449648996194206,19.064748201438853,nan,0.0,nan,2.75546112,nan,nan,5.0,0.0,6,nan
41.466322326660155,19.064748201438853,nan,0.0,nan,2.75546112,nan,nan,5.0,0.0,6,nan
41.48299473921458,19.064748201438853,nan,0.0,nan,2.75546112,nan,nan,5.0,0.0,6,nan
41.49967163801193,19.064748201438853,nan,0.0,nan,2.75546112,nan,nan,5.0,0.0,6,nan
41.51634457906087,19.244604316546766,nan,0.0,nan,2.75546112,nan,nan,5.0,0.0,6,nan
41.533017981052396,19.244604316546766,nan,0.0,nan,2.75546112,nan,nan,5.0,0.0,6,nan
41.549691104888915,19.424460431654676,nan,0.0,nan,2.75546112,nan,nan,5.0,0.0,6,nan
41.56636114915212,19.424460431654676,nan,0.0,nan,2.75546112,nan,nan,5.0,0.0,6,nan
41.58303836186727,19.424460431654676,nan,0.0,nan,2.75546112,nan,nan,5.0,0.0,6,nan
41.599711561203,19.424460431654676,nan,0.0,nan,2.75546112,nan,nan,5.0,0.0,6,nan
41.61638637781143,19.424460431654676,nan,0.0,nan,2.75546112,nan,nan,5.0,0.0,6,nan
41.63305752277374,19.424460431654676,nan,0.0,nan,2.75546112,nan,nan,5.0,0.0,6,nan
41.6497301419576,19.424460431654676,nan,0.0,nan,2.75546112,nan,nan,5.0,0.0,6,nan
41.666399391492206,19.424460431654676,nan,0.0,nan,2.75546112,nan,nan,5.0,0.0,6,nan
41.68307181199392,19.60431654676259,nan,0.0,nan,2.75546112,nan,nan,5.0,0.0,6,nan
41.699742976824446,19.60431654676259,nan,0.0,nan,2.75546112,nan,nan,5.0,0.0,6,nan
41.71641343832016,19.60431654676259,nan,0.0,nan,2.75546112,nan,nan,5.0,0.0,6,nan
41.73308684428533,19.60431654676259,nan,0.0,nan,2.75546112,nan,nan,5.0,0.0,6,nan
41.74976131916046,19.60431654676259,nan,0.0,nan,2.75546112,nan,nan,5.0,0.0,6,nan
41.76643713712692,19.60431654676259,nan,0.0,nan,2.75546112,nan,nan,5.0,0.0,6,nan
41.783109490076704,19.60431654676259,nan,0.0,nan,2.75546112,nan,nan,5.0,0.0,6,nan
41.79978940884272,19.60431654676259,nan,0.0,nan,2.75546112,nan,nan,5.0,0.0,6,nan
41.81646369695663,19.60431654676259,nan,0.0,nan,2.75546112,nan,nan,5.0,0.0,6,nan
41.83313416242599,19.60431654676259,nan,0.0,nan,2.75546112,nan,nan,5.0,0.0,6,nan
41.849809054533644,15.647482014388492,nan,0.0,nan,2.75546112,nan,nan,4.0,0.0,6,nan
41.86648630301158,19.60431654676259,nan,0.0,nan,2.75546112,nan,nan,5.0,0.0,6,nan
41.88315507570903,19.60431654676259,nan,0.0,nan,2.75546112,nan,nan,5.0,0.0,6,nan
41.899829204877214,19.60431654676259,nan,0.0,nan,2.75546112,nan,nan,5.0,0.0,6,nan
41.91650020678838,19.60431654676259,nan,0.0,nan,2.75546112,nan,nan,5.0,0.0,6,nan
41.93317316770553,15.827338129496404,nan,0.0,nan,2.763849728,nan,nan,4.0,0.0,6,nan
41.94984363317489,15.827338129496404,nan,0.0,nan,2.76594688,nan,nan,4.0,0.0,6,nan
41.966517412662505,15.827338129496404,nan,0.0,nan,2.768044032,nan,nan,4.0,0.0,6,nan
41.983189312616986,15.827338129496404,nan,0.0,nan,2.768044032,nan,nan,4.0,0.0,6,nan
41.999858816464744,16.007194244604317,nan,0.0,nan,2.770141184,nan,nan,4.0,0.0,6,nan
42.016537102063495,16.007194244604317,nan,0.0,nan,2.770141184,nan,nan,4.0,0.0,6,nan
42.03320823113123,16.007194244604317,nan,0.0,nan,2.770141184,nan,nan,4.0,0.0,6,nan
42.049879372119904,16.007194244604317,nan,0.0,nan,2.770141184,nan,nan,4.0,0.0,6,nan
42.06655369997024,16.18705035971223,nan,0.0,nan,2.772238336,nan,nan,4.0,0.0,6,nan
42.08322721322377,16.18705035971223,nan,0.0,nan,2.772238336,nan,nan,4.0,0.0,6,nan
42.09990403652191,16.36690647482014,nan,0.0,nan,2.772238336,nan,nan,4.0,0.0,6,nan
42.11657363176346,16.36690647482014,nan,0.0,nan,2.774335488,nan,nan,4.0,0.0,6,nan
42.13324634631475,16.36690647482014,nan,0.0,nan,2.774335488,nan,nan,4.0,0.0,6,nan
42.1499197880427,16.36690647482014,nan,0.0,nan,2.774335488,nan,nan,4.0,0.0,6,nan
42.166594394048055,16.36690647482014,nan,0.0,nan,2.77643264,nan,nan,4.0,0.0,6,nan
42.183270661036175,16.36690647482014,nan,0.0,nan,2.77643264,nan,nan,4.0,0.0,6,nan
42.19994002580643,16.36690647482014,nan,0.0,nan,2.77643264,nan,nan,4.0,0.0,6,nan
42.216610884666444,16.36690647482014,nan,0.0,nan,2.77643264,nan,nan,4.0,0.0,6,nan
42.23327988783519,16.36690647482014,nan,0.0,nan,2.77643264,nan,nan,4.0,0.0,6,nan
42.24995079040527,16.36690647482014,nan,0.0,nan,2.77643264,nan,nan,4.0,0.0,6,nan
42.26662393808365,20.143884892086326,nan,0.0,nan,2.77643264,nan,nan,5.0,0.0,6,nan
42.2832942088445,20.143884892086326,nan,0.0,nan,2.77643264,nan,nan,5.0,0.0,6,nan
42.29997078577677,20.143884892086326,nan,0.0,nan,2.77643264,nan,nan,5.0,0.0,6,nan
42.31664549907048,20.143884892086326,nan,0.0,nan,2.77643264,nan,nan,5.0,0.0,6,nan
42.33331932226817,20.143884892086326,nan,0.0,nan,2.77643264,nan,nan,5.0,0.0,6,nan
42.34998916784922,20.143884892086326,nan,0.0,nan,2.77643264,nan,nan,5.0,0.0,6,nan
42.36665999492009,16.36690647482014,nan,0.0,nan,2.77643264,nan,nan,4.0,0.0,6,nan
42.38333683808644,16.36690647482014,nan,0.0,nan,2.77643264,nan,nan,4.0,0.0,6,nan
42.40001071294149,16.36690647482014,nan,0.0,nan,2.77643264,nan,nan,4.0,0.0,6,nan
42.41668038368225,17.0863309352518,nan,0.0,nan,2.778529792,nan,nan,4.0,0.0,6,nan
42.43335285584132,16.546762589928054,nan,0.0,nan,2.780626944,nan,nan,4.0,0.0,6,nan
42.450023690859474,16.546762589928054,nan,0.0,nan,2.780626944,nan,nan,4.0,0.0,6,nan
42.46669481992721,16.546762589928054,nan,0.0,nan,2.795307008,nan,nan,4.0,0.0,6,nan
42.483371472358705,16.546762589928054,nan,0.0,nan,2.809987072,nan,nan,4.0,0.0,6,nan
42.50004453261693,16.546762589928054,nan,0.0,nan,2.812084224,nan,nan,4.0,0.0,6,nan
42.51671318610509,16.546762589928054,nan,0.0,nan,2.812084224,nan,nan,4.0,0.0,6,nan
42.53338521321614,16.546762589928054,nan,0.0,nan,2.814181376,nan,nan,4.0,0.0,6,nan
42.55005837281545,16.726618705035968,nan,0.0,nan,2.816278528,nan,nan,4.0,0.0,6,nan
42.56673622926076,16.726618705035968,nan,0.0,nan,2.816278528,nan,nan,4.0,0.0,6,nan
42.583407147725424,11.330935251798557,nan,0.0,nan,2.816278528,nan,nan,3.0,0.0,6,nan
42.60007730325063,16.18705035971223,nan,0.0,nan,2.816278528,nan,nan,4.0,0.0,6,nan
42.6167554974556,16.18705035971223,nan,0.0,nan,2.81837568,nan,nan,4.0,0.0,6,nan
42.63342677752177,18.88489208633094,nan,0.0,nan,2.81837568,nan,nan,5.0,0.0,6,nan
42.650095744927725,18.88489208633094,nan,0.0,nan,2.81837568,nan,nan,5.0,0.0,6,nan
42.66676632165909,18.88489208633094,nan,0.0,nan,2.81837568,nan,nan,5.0,0.0,6,nan
42.68343722820282,18.88489208633094,nan,0.0,nan,2.822569984,nan,nan,5.0,0.0,6,nan
42.70010777711868,16.36690647482014,nan,0.0,nan,2.826764288,nan,nan,4.0,0.0,6,nan
42.71677955389023,16.36690647482014,nan,0.0,nan,2.8393472,nan,nan,4.0,0.0,6,nan
42.73345226049423,16.36690647482014,nan,0.0,nan,2.841444352,nan,nan,4.0,0.0,6,nan
42.750123552481334,16.36690647482014,nan,0.0,nan,2.841444352,nan,nan,4.0,0.0,6,nan
42.766798011461894,16.36690647482014,nan,0.0,nan,2.845638656,nan,nan,4.0,0.0,6,nan
42.783469223976134,16.36690647482014,nan,0.0,nan,2.845638656,nan,nan,4.0,0.0,6,nan
42.80013960997264,16.36690647482014,nan,0.0,nan,2.845638656,nan,nan,4.0,0.0,6,nan
42.816813083489734,16.36690647482014,nan,0.0,nan,2.847735808,nan,nan,4.0,0.0,6,nan
42.83348607619603,16.36690647482014,nan,0.0,nan,2.847735808,nan,nan,4.0,0.0,6,nan
42.850159752368924,16.36690647482014,nan,0.0,nan,2.847735808,nan,nan,4.0,0.0,6,nan
42.86683000326157,16.36690647482014,nan,0.0,nan,2.84983296,nan,nan,4.0,0.0,6,nan
42.88350187540054,16.36690647482014,nan,0.0,nan,2.84983296,nan,nan,4.0,0.0,6,nan
42.900173854827884,20.143884892086326,nan,0.0,nan,2.851930112,nan,nan,5.0,0.0,6,nan
42.91684636672338,20.32374100719424,nan,0.0,nan,2.851930112,nan,nan,5.0,0.0,6,nan
42.93351628383001,16.36690647482014,nan,0.0,nan,2.854027264,nan,nan,4.0,0.0,6,nan
42.95018884738286,16.36690647482014,nan,0.0,nan,2.854027264,nan,nan,4.0,0.0,6,nan
42.966860862572986,16.36690647482014,nan,0.0,nan,2.854027264,nan,nan,4.0,0.0,6,nan
42.983535321553546,16.546762589928054,nan,0.0,nan,2.854027264,nan,nan,4.0,0.0,6,nan
43.00020748376846,15.827338129496404,nan,0.0,nan,2.854027264,nan,nan,4.0,0.0,6,nan
43.01687724192937,15.827338129496404,nan,0.0,nan,2.854027264,nan,nan,4.0,0.0,6,nan
43.03354757626851,12.769784172661868,nan,0.0,nan,2.854027264,nan,nan,3.0,0.0,6,nan
43.05021911859512,16.007194244604317,nan,0.0,nan,2.854027264,nan,nan,4.0,0.0,6,nan
43.066889989376065,16.007194244604317,nan,0.0,nan,2.858221568,nan,nan,4.0,0.0,6,nan
43.083560760815935,16.18705035971223,nan,0.0,nan,2.858221568,nan,nan,4.0,0.0,6,nan
43.100234254201254,16.18705035971223,nan,0.0,nan,2.858221568,nan,nan,4.0,0.0,6,nan
43.11690623760224,16.18705035971223,nan,0.0,nan,2.858221568,nan,nan,4.0,0.0,6,nan
43.13357568184535,16.18705035971223,nan,0.0,nan,2.858221568,nan,nan,4.0,0.0,6,nan
43.15025110642115,16.18705035971223,nan,0.0,nan,2.858221568,nan,nan,4.0,0.0,6,nan
43.16692103544871,16.18705035971223,nan,0.0,nan,2.86031872,nan,nan,4.0,0.0,6,nan
43.1835915406545,16.18705035971223,nan,0.0,nan,2.86031872,nan,nan,4.0,0.0,6,nan
43.200262025992075,16.36690647482014,nan,0.0,nan,2.86031872,nan,nan,4.0,0.0,6,nan
43.21693278153737,16.36690647482014,nan,0.0,nan,2.86031872,nan,nan,4.0,0.0,6,nan
43.23360621531804,16.36690647482014,nan,0.0,nan,2.86031872,nan,nan,4.0,0.0,6,nan
43.25027850071589,16.36690647482014,nan,0.0,nan,2.86031872,nan,nan,4.0,0.0,6,nan
43.2669557650884,16.36690647482014,nan,0.0,nan,2.86031872,nan,nan,4.0,0.0,6,nan
43.283626369635265,16.36690647482014,nan,0.0,nan,2.86031872,nan,nan,4.0,0.0,6,nan
43.30029724836349,16.36690647482014,nan,0.0,nan,2.86031872,nan,nan,4.0,0.0,6,nan
43.316970737775165,16.36690647482014,nan,0.0,nan,2.86031872,nan,nan,4.0,0.0,6,nan
43.33364102443059,16.36690647482014,nan,0.0,nan,2.86031872,nan,nan,4.0,0.0,6,nan
43.35031386613846,16.36690647482014,nan,0.0,nan,2.86031872,nan,nan,4.0,0.0,6,nan
43.36698796351751,20.32374100719424,nan,0.0,nan,2.86031872,nan,nan,5.0,0.0,6,nan
43.38366052707036,20.32374100719424,nan,0.0,nan,2.86031872,nan,nan,5.0,0.0,6,nan
43.40033533970515,20.32374100719424,nan,0.0,nan,2.86031872,nan,nan,5.0,0.0,6,nan
43.41700821320216,20.32374100719424,nan,0.0,nan,2.86031872,nan,nan,5.0,0.0,6,nan
43.43368485768636,16.36690647482014,nan,0.0,nan,2.86031872,nan,nan,4.0,0.0,6,nan
43.45035800933838,20.32374100719424,nan,0.0,nan,2.86031872,nan,nan,5.0,0.0,6,nan
43.46703038613001,20.32374100719424,nan,0.0,nan,2.86031872,nan,nan,5.0,0.0,6,nan
43.48370345433553,20.32374100719424,nan,0.0,nan,2.86031872,nan,nan,5.0,0.0,6,nan
43.50037656625112,16.36690647482014,nan,0.0,nan,2.86031872,nan,nan,4.0,0.0,6,nan
43.51705661614736,20.32374100719424,nan,0.0,nan,2.86031872,nan,nan,5.0,0.0,6,nan
43.53372917175293,20.32374100719424,nan,0.0,nan,2.86031872,nan,nan,5.0,0.0,6,nan
43.5504012465477,20.683453237410077,nan,0.0,nan,2.86031872,nan,nan,5.0,0.0,6,nan
43.567075018088026,20.863309352517987,nan,0.0,nan,2.86031872,nan,nan,5.0,0.0,6,nan
43.583747911453244,20.863309352517987,nan,0.0,nan,2.86031872,nan,nan,5.0,0.0,6,nan
43.60042012532552,20.863309352517987,nan,0.0,nan,2.86031872,nan,nan,5.0,0.0,6,nan
43.61709328095118,20.863309352517987,nan,0.0,nan,2.86031872,nan,nan,5.0,0.0,6,nan
43.633770660559335,20.863309352517987,nan,0.0,nan,2.86031872,nan,nan,5.0,0.0,6,nan
43.65044283072154,21.0431654676259,nan,0.0,nan,2.86031872,nan,nan,5.0,0.0,6,nan
43.66711856921514,21.0431654676259,nan,0.0,nan,2.86031872,nan,nan,5.0,0.0,6,nan
43.683791279792786,21.0431654676259,nan,0.0,nan,2.86031872,nan,nan,5.0,0.0,6,nan
43.700468297799425,21.0431654676259,nan,0.0,nan,2.86031872,nan,nan,5.0,0.0,6,nan
43.71714044809342,21.0431654676259,nan,0.0,nan,2.86031872,nan,nan,5.0,0.0,6,nan
43.73381250301997,21.0431654676259,nan,0.0,nan,2.86031872,nan,nan,5.0,0.0,6,nan
43.75048511823018,21.0431654676259,nan,0.0,nan,2.86031872,nan,nan,5.0,0.0,6,nan
43.76715864340464,21.223021582733814,nan,0.0,nan,2.86031872,nan,nan,5.0,0.0,6,nan
43.78383078575134,21.223021582733814,nan,0.0,nan,2.86031872,nan,nan,5.0,0.0,6,nan
43.80050273736318,21.223021582733814,nan,0.0,nan,2.86031872,nan,nan,5.0,0.0,6,nan
43.81717570225398,21.223021582733814,nan,0.0,nan,2.86031872,nan,nan,5.0,0.0,6,nan
43.83385202089946,21.223021582733814,nan,0.0,nan,2.86031872,nan,nan,5.0,0.0,6,nan
43.85052550633748,21.223021582733814,nan,0.0,nan,2.86031872,nan,nan,5.0,0.0,6,nan
43.867202484607695,21.223021582733814,nan,0.0,nan,2.86031872,nan,nan,5.0,0.0,6,nan
43.88387477000554,21.223021582733814,nan,0.0,nan,2.86031872,nan,nan,5.0,0.0,6,nan
43.90055223703384,21.223021582733814,nan,0.0,nan,2.86031872,nan,nan,5.0,0.0,6,nan
43.91722474098206,21.223021582733814,nan,0.0,nan,2.86031872,nan,nan,5.0,0.0,6,nan
43.93389714956284,21.223021582733814,nan,0.0,nan,2.86031872,nan,nan,5.0,0.0,6,nan
43.95056991577148,21.223021582733814,nan,0.0,nan,2.862415872,nan,nan,5.0,0.0,6,nan
43.96724344889323,21.223021582733814,nan,0.0,nan,2.862415872,nan,nan,5.0,0.0,6,nan
43.98391864697138,21.223021582733814,nan,0.0,nan,2.862415872,nan,nan,5.0,0.0,6,nan
44.00059100786845,21.223021582733814,nan,0.0,nan,2.862415872,nan,nan,5.0,0.0,6,nan
44.01726007461548,21.223021582733814,nan,0.0,nan,2.862415872,nan,nan,5.0,0.0,6,nan
44.03393800656001,21.223021582733814,nan,0.0,nan,2.862415872,nan,nan,5.0,0.0,6,nan
44.05061041911443,21.223021582733814,nan,0.0,nan,2.862415872,nan,nan,5.0,0.0,6,nan
44.06728597084681,21.223021582733814,nan,0.0,nan,2.862415872,nan,nan,5.0,0.0,6,nan
44.08396251598994,20.32374100719424,nan,0.0,nan,2.862415872,nan,nan,5.0,0.0,6,nan
44.100635643800096,19.784172661870503,nan,0.0,nan,2.862415872,nan,nan,5.0,0.0,6,nan
44.11730820337932,19.784172661870503,nan,0.0,nan,2.862415872,nan,nan,5.0,0.0,6,nan
44.13398054838181,20.143884892086326,nan,0.0,nan,2.862415872,nan,nan,5.0,0.0,6,nan
44.150653405984244,20.143884892086326,nan,0.0,nan,2.862415872,nan,nan,5.0,0.0,6,nan
44.1673270424207,20.143884892086326,nan,0.0,nan,2.862415872,nan,nan,5.0,0.0,6,nan
44.183999041716255,20.143884892086326,nan,0.0,nan,2.862415872,nan,nan,5.0,0.0,6,nan
44.200669880708055,20.143884892086326,nan,0.0,nan,2.862415872,nan,nan,5.0,0.0,6,nan
44.21734306017558,20.143884892086326,nan,0.0,nan,2.862415872,nan,nan,5.0,0.0,6,nan
44.234019843737286,20.32374100719424,nan,0.0,nan,2.862415872,nan,nan,5.0,0.0,6,nan
44.25069222052892,20.503597122302153,nan,0.0,nan,2.864513024,nan,nan,5.0,0.0,6,nan
44.267368853092194,20.503597122302153,nan,0.0,nan,2.866610176,nan,nan,5.0,0.0,6,nan
44.28404097159704,20.503597122302153,nan,0.0,nan,2.866610176,nan,nan,5.0,0.0,6,nan
44.30071817239126,20.503597122302153,nan,0.0,nan,2.866610176,nan,nan,5.0,0.0,6,nan
44.31739093462626,20.503597122302153,nan,0.0,nan,2.866610176,nan,nan,5.0,0.0,6,nan
44.33406341473262,20.503597122302153,nan,0.0,nan,2.866610176,nan,nan,5.0,0.0,6,nan
44.350735596815746,20.683453237410077,nan,0.0,nan,2.868707328,nan,nan,5.0,0.0,6,nan
44.36740989685059,20.683453237410077,nan,0.0,nan,2.868707328,nan,nan,5.0,0.0,6,nan
44.38408525387446,20.683453237410077,nan,0.0,nan,2.868707328,nan,nan,5.0,0.0,6,nan
44.40075773000717,20.683453237410077,nan,0.0,nan,2.868707328,nan,nan,5.0,0.0,6,nan
44.41743036111196,20.683453237410077,nan,0.0,nan,2.868707328,nan,nan,5.0,0.0,6,nan
44.434104665120444,23.201438848920862,nan,0.0,nan,2.868707328,nan,nan,6.0,0.0,6,nan
44.45077759027481,23.201438848920862,nan,0.0,nan,2.868707328,nan,nan,6.0,0.0,6,nan
44.46745263735453,23.201438848920862,nan,0.0,nan,2.868707328,nan,nan,6.0,0.0,6,nan
44.48412476380666,23.201438848920862,nan,0.0,nan,2.868707328,nan,nan,6.0,0.0,6,nan
44.5008031686147,23.201438848920862,nan,0.0,nan,2.868707328,nan,nan,6.0,0.0,6,nan
44.517474273840584,23.201438848920862,nan,0.0,nan,2.868707328,nan,nan,6.0,0.0,6,nan
44.53414649963379,20.683453237410077,nan,0.0,nan,2.868707328,nan,nan,5.0,0.0,6,nan
44.55081959962845,16.36690647482014,nan,0.0,nan,2.868707328,nan,nan,4.0,0.0,6,nan
44.56749217510223,20.503597122302153,nan,0.0,nan,2.868707328,nan,nan,5.0,0.0,6,nan
44.58417056004206,20.503597122302153,nan,0.0,nan,2.868707328,nan,nan,5.0,0.0,6,nan
44.600844113032025,20.503597122302153,nan,0.0,nan,2.868707328,nan,nan,5.0,0.0,6,nan
44.61751877069473,20.503597122302153,nan,0.0,nan,2.868707328,nan,nan,5.0,0.0,6,nan
44.63419086138408,20.503597122302153,nan,0.0,nan,2.868707328,nan,nan,5.0,0.0,6,nan
44.650863635540006,20.503597122302153,nan,0.0,nan,2.868707328,nan,nan,5.0,0.0,6,nan
44.66753608783086,23.021582733812952,nan,0.0,nan,2.868707328,nan,nan,6.0,0.0,6,nan
44.684208949406944,23.021582733812952,nan,0.0,nan,2.868707328,nan,nan,6.0,0.0,6,nan
44.700883730252585,23.021582733812952,nan,0.0,nan,2.868707328,nan,nan,6.0,0.0,6,nan
44.71755556265513,23.021582733812952,nan,0.0,nan,2.868707328,nan,nan,6.0,0.0,6,nan
44.73422849575679,19.064748201438853,nan,0.0,nan,2.868707328,nan,nan,5.0,0.0,6,nan
44.7509010275205,19.064748201438853,nan,0.0,nan,2.868707328,nan,nan,5.0,0.0,6,nan
44.767570769786836,23.201438848920862,nan,0.0,nan,2.868707328,nan,nan,6.0,0.0,6,nan
44.78424325386683,23.201438848920862,nan,0.0,nan,2.868707328,nan,nan,6.0,0.0,6,nan
44.800918066501616,23.201438848920862,nan,0.0,nan,2.868707328,nan,nan,6.0,0.0,6,nan
44.817590208848316,23.920863309352512,nan,0.0,nan,2.868707328,nan,nan,6.0,0.0,6,nan
44.83426243464152,23.381294964028775,nan,0.0,nan,2.868707328,nan,nan,6.0,0.0,6,nan
44.85094148317973,23.56115107913669,nan,0.0,nan,2.868707328,nan,nan,6.0,0.0,6,nan
44.8676203250885,18.705035971223015,nan,0.0,nan,2.868707328,nan,nan,5.0,0.0,6,nan
44.88429292837779,21.76258992805755,nan,0.0,nan,2.868707328,nan,nan,6.0,0.0,6,nan
44.90096942981084,19.244604316546766,nan,0.0,nan,2.868707328,nan,nan,5.0,0.0,6,nan
44.91764163176219,21.76258992805755,nan,0.0,nan,2.868707328,nan,nan,6.0,0.0,6,nan
44.93432089885076,21.76258992805755,nan,0.0,nan,2.868707328,nan,nan,6.0,0.0,6,nan
44.95099311669667,19.244604316546766,nan,0.0,nan,2.868707328,nan,nan,5.0,0.0,6,nan
44.96766394376755,21.942446043165464,nan,0.0,nan,2.868707328,nan,nan,6.0,0.0,6,nan
44.98433407147726,21.942446043165464,nan,0.0,nan,2.868707328,nan,nan,6.0,0.0,6,nan
45.00100684960683,21.942446043165464,nan,0.0,nan,2.868707328,nan,nan,6.0,0.0,6,nan
45.017678169409436,21.942446043165464,nan,0.0,nan,2.868707328,nan,nan,6.0,0.0,6,nan
45.03435000181198,21.942446043165464,nan,0.0,nan,2.868707328,nan,nan,6.0,0.0,6,nan
45.05102195342382,21.942446043165464,nan,0.0,nan,2.868707328,nan,nan,6.0,0.0,6,nan
45.06769376595815,21.942446043165464,nan,0.0,nan,2.868707328,nan,nan,6.0,0.0,6,nan
45.08436867396037,17.985611510791365,nan,0.0,nan,2.868707328,nan,nan,5.0,0.0,6,nan
45.10104135672251,22.122302158273378,nan,0.0,nan,2.868707328,nan,nan,6.0,0.0,6,nan
45.117713777224225,22.122302158273378,nan,0.0,nan,2.868707328,nan,nan,6.0,0.0,6,nan
45.13438497384389,22.122302158273378,nan,0.0,nan,2.868707328,nan,nan,6.0,0.0,6,nan
45.15105817317963,17.985611510791365,nan,0.0,nan,2.868707328,nan,nan,5.0,0.0,6,nan
45.16772858699163,22.302158273381288,nan,0.0,nan,2.868707328,nan,nan,6.0,0.0,6,nan
45.184402461846666,19.60431654676259,nan,0.0,nan,3.160223744,nan,nan,5.0,0.0,6,nan
45.20107466777166,22.302158273381288,nan,0.0,nan,3.160223744,nan,nan,6.0,0.0,6,nan
45.21774798631668,22.302158273381288,nan,0.0,nan,3.160223744,nan,nan,6.0,0.0,6,nan
45.234422425429024,17.985611510791365,nan,0.0,nan,3.160223744,nan,nan,5.0,0.0,6,nan
45.2510954896609,15.287769784172667,nan,0.0,nan,3.160223744,nan,nan,4.0,0.0,6,nan
45.267771053314206,17.985611510791365,nan,0.0,nan,3.185389568,nan,nan,5.0,0.0,6,nan
45.28444159428279,17.985611510791365,nan,0.0,nan,3.185389568,nan,nan,5.0,0.0,6,nan
45.3011141816775,18.16546762589928,nan,0.0,nan,3.185389568,nan,nan,5.0,0.0,6,nan
45.31778704325358,18.16546762589928,nan,0.0,nan,3.185389568,nan,nan,5.0,0.0,6,nan
45.33445598681768,18.16546762589928,nan,0.0,nan,3.185389568,nan,nan,5.0,0.0,6,nan
45.35112571318944,18.345323741007192,nan,0.0,nan,3.185389568,nan,nan,5.0,0.0,6,nan
45.36779480775197,18.345323741007192,nan,0.0,nan,3.185389568,nan,nan,5.0,0.0,6,nan
45.384470252195996,18.345323741007192,nan,0.0,nan,3.185389568,nan,nan,5.0,0.0,6,nan
45.40114318529765,18.345323741007192,nan,0.0,nan,3.185389568,nan,nan,5.0,0.0,6,nan
45.417819476127626,18.345323741007192,nan,0.0,nan,3.185389568,nan,nan,5.0,0.0,6,nan
45.434488542874654,18.525179856115102,nan,0.0,nan,3.185389568,nan,nan,5.0,0.0,6,nan
45.45115767319997,18.525179856115102,nan,0.0,nan,3.185389568,nan,nan,5.0,0.0,6,nan
45.4678354382515,18.705035971223015,nan,0.0,nan,3.185389568,nan,nan,5.0,0.0,6,nan
45.48450506925583,18.705035971223015,nan,0.0,nan,3.185389568,nan,nan,5.0,0.0,6,nan
45.50117758909861,18.705035971223015,nan,0.0,nan,3.185389568,nan,nan,5.0,0.0,6,nan
45.517854217688246,18.705035971223015,nan,0.0,nan,3.185389568,nan,nan,5.0,0.0,6,nan
45.53452682495117,18.705035971223015,nan,0.0,nan,3.185389568,nan,nan,5.0,0.0,6,nan
45.55119992097219,18.705035971223015,nan,0.0,nan,3.185389568,nan,nan,5.0,0.0,6,nan
45.5678710659345,15.827338129496404,nan,0.0,nan,3.185389568,nan,nan,4.0,0.0,6,nan
45.584542413552605,15.827338129496404,nan,0.0,nan,3.19797248,nan,nan,4.0,0.0,6,nan
45.60122023423513,20.143884892086326,nan,0.0,nan,3.216846848,nan,nan,5.0,0.0,6,nan
45.6178902387619,20.143884892086326,nan,0.0,nan,3.231526912,nan,nan,5.0,0.0,6,nan
45.63456358909607,20.143884892086326,nan,0.0,nan,3.231526912,nan,nan,5.0,0.0,6,nan
45.65123591820399,20.143884892086326,nan,0.0,nan,3.231526912,nan,nan,5.0,0.0,6,nan
45.66790670156479,20.32374100719424,nan,0.0,nan,3.231526912,nan,nan,5.0,0.0,6,nan
45.6845801393191,20.32374100719424,nan,0.0,nan,3.231526912,nan,nan,5.0,0.0,6,nan
45.70125534534454,20.32374100719424,nan,0.0,nan,2.405376,nan,nan,5.0,0.0,5,nan
45.717929089069365,20.32374100719424,nan,0.0,nan,2.405376,nan,nan,5.0,0.0,5,nan
45.734598656495415,20.32374100719424,nan,0.0,nan,2.405376,nan,nan,5.0,0.0,5,nan
45.75126798550288,16.007194244604317,nan,0.0,nan,2.405376,nan,nan,4.0,0.0,5,nan
45.76794115702311,20.32374100719424,nan,0.0,nan,2.405376,nan,nan,5.0,0.0,5,nan
45.78461649020513,20.32374100719424,nan,0.0,nan,2.405376,nan,nan,5.0,0.0,5,nan
45.8012877424558,20.32374100719424,nan,0.0,nan,2.405376,nan,nan,5.0,0.0,5,nan
45.81795995235443,20.32374100719424,nan,0.0,nan,2.405376,nan,nan,5.0,0.0,5,nan
45.834635194142656,20.32374100719424,nan,0.0,nan,2.405376,nan,nan,5.0,0.0,5,nan
45.851307010650636,20.32374100719424,nan,0.0,nan,2.405376,nan,nan,5.0,0.0,5,nan
45.867980019251505,20.32374100719424,nan,0.0,nan,2.405376,nan,nan,5.0,0.0,5,nan
45.88465331395467,20.32374100719424,nan,0.0,nan,2.405376,nan,nan,5.0,0.0,5,nan
45.90132255156835,20.32374100719424,nan,0.0,nan,2.405376,nan,nan,5.0,0.0,5,nan
45.91799237330755,16.18705035971223,nan,0.0,nan,2.405376,nan,nan,4.0,0.0,5,nan
45.93466296195984,20.683453237410077,nan,0.0,nan,2.405376,nan,nan,5.0,0.0,5,nan
45.951333872477214,20.683453237410077,nan,0.0,nan,2.405376,nan,nan,5.0,0.0,5,nan
45.968003098169966,20.683453237410077,nan,0.0,nan,2.405376,nan,nan,5.0,0.0,5,nan
45.98467578093211,20.683453237410077,nan,0.0,nan,2.405376,nan,nan,5.0,0.0,5,nan
46.001347148418425,20.683453237410077,nan,0.0,nan,2.405376,nan,nan,5.0,0.0,5,nan
46.01802623271942,20.863309352517987,nan,0.0,nan,2.405376,nan,nan,5.0,0.0,5,nan
46.034696658452354,21.0431654676259,nan,0.0,nan,2.405376,nan,nan,5.0,0.0,5,nan
46.051367024580635,21.0431654676259,nan,0.0,nan,2.405376,nan,nan,5.0,0.0,5,nan
46.06803601980209,21.0431654676259,nan,0.0,nan,2.405376,nan,nan,5.0,0.0,5,nan
46.08470497131348,21.0431654676259,nan,0.0,nan,2.405376,nan,nan,5.0,0.0,5,nan
46.10137898524602,21.0431654676259,nan,0.0,nan,2.405376,nan,nan,5.0,0.0,5,nan
46.11805124282837,21.0431654676259,nan,0.0,nan,2.405376,nan,nan,5.0,0.0,5,nan
46.13472010691961,21.0431654676259,nan,0.0,nan,2.405376,nan,nan,5.0,0.0,5,nan
46.15139086643855,16.546762589928054,nan,0.0,nan,2.405376,nan,nan,4.0,0.0,5,nan
46.16806129614512,16.546762589928054,nan,0.0,nan,2.405376,nan,nan,4.0,0.0,5,nan
46.18473979234695,16.546762589928054,nan,0.0,nan,2.405376,nan,nan,4.0,0.0,5,nan
46.20142052968343,16.546762589928054,nan,0.0,nan,2.405376,nan,nan,4.0,0.0,5,nan
46.21809354225795,16.546762589928054,nan,0.0,nan,2.405376,nan,nan,4.0,0.0,5,nan
46.23476334810257,16.726618705035968,nan,0.0,nan,2.405376,nan,nan,4.0,0.0,5,nan
46.251432772477465,16.726618705035968,nan,0.0,nan,2.405376,nan,nan,4.0,0.0,5,nan
46.26810675064723,16.726618705035968,nan,0.0,nan,2.405376,nan,nan,4.0,0.0,5,nan
46.28477596839269,16.726618705035968,nan,0.0,nan,2.405376,nan,nan,4.0,0.0,5,nan
46.30144647359848,16.726618705035968,nan,0.0,nan,1.524563968,nan,nan,4.0,0.0,4,nan
46.31812114318212,16.726618705035968,nan,0.0,nan,1.524563968,nan,nan,4.0,0.0,4,nan
46.33479366699854,16.726618705035968,nan,0.0,nan,1.524563968,nan,nan,4.0,0.0,4,nan
46.35146882136663,16.726618705035968,nan,0.0,nan,1.524563968,nan,nan,4.0,0.0,4,nan
46.36814123392105,16.726618705035968,nan,0.0,nan,1.524563968,nan,nan,4.0,0.0,4,nan
46.38481322129567,16.726618705035968,nan,0.0,nan,1.524563968,nan,nan,4.0,0.0,4,nan
46.40148528416952,16.726618705035968,nan,0.0,nan,1.524563968,nan,nan,4.0,0.0,4,nan
46.41815797885259,16.726618705035968,nan,0.0,nan,1.524563968,nan,nan,4.0,0.0,4,nan
46.43483513196309,16.726618705035968,nan,0.0,nan,1.524563968,nan,nan,4.0,0.0,4,nan
46.45150735378265,16.726618705035968,nan,0.0,nan,1.524563968,nan,nan,4.0,0.0,4,nan
46.46818050940831,16.726618705035968,nan,0.0,nan,1.524563968,nan,nan,4.0,0.0,4,nan
46.484853410720824,16.90647482014388,nan,0.0,nan,1.524563968,nan,nan,4.0,0.0,4,nan
46.501525874932604,16.90647482014388,nan,0.0,nan,1.524563968,nan,nan,4.0,0.0,4,nan
46.51820609172185,16.90647482014388,nan,0.0,nan,1.524563968,nan,nan,4.0,0.0,4,nan
46.534876970450085,16.90647482014388,nan,0.0,nan,1.524563968,nan,nan,4.0,0.0,4,nan
46.551552851994835,16.90647482014388,nan,0.0,nan,1.524563968,nan,nan,4.0,0.0,4,nan
46.56822395324707,17.0863309352518,nan,0.0,nan,1.524563968,nan,nan,4.0,0.0,4,nan
46.5848975499471,17.0863309352518,nan,0.0,nan,1.524563968,nan,nan,4.0,0.0,4,nan
46.601569481690724,17.266187050359715,nan,0.0,nan,1.524563968,nan,nan,4.0,0.0,4,nan
46.61824169953664,17.266187050359715,nan,0.0,nan,1.524563968,nan,nan,4.0,0.0,4,nan
46.63491322994232,17.266187050359715,nan,0.0,nan,1.524563968,nan,nan,4.0,0.0,4,nan
46.6515851577123,17.266187050359715,nan,0.0,nan,1.524563968,nan,nan,4.0,0.0,4,nan
46.66825824578603,16.007194244604317,nan,0.0,nan,1.524563968,nan,nan,4.0,0.0,4,nan
46.684930694103244,16.007194244604317,nan,0.0,nan,1.524563968,nan,nan,4.0,0.0,4,nan
46.70160284042358,16.007194244604317,nan,0.0,nan,1.524563968,nan,nan,4.0,0.0,4,nan
46.71827618678411,16.007194244604317,nan,0.0,nan,1.524563968,nan,nan,4.0,0.0,4,nan
46.734950637817384,16.007194244604317,nan,0.0,nan,1.524563968,nan,nan,4.0,0.0,4,nan
46.75162253379822,16.007194244604317,nan,0.0,nan,1.524563968,nan,nan,4.0,0.0,4,nan
46.76829552253087,16.007194244604317,nan,0.0,nan,1.524563968,nan,nan,4.0,0.0,4,nan
46.784967398643495,12.410071942446043,nan,0.0,nan,1.524563968,nan,nan,3.0,0.0,4,nan
46.80163842837016,15.467625899280579,nan,0.0,nan,1.524563968,nan,nan,4.0,0.0,4,nan
46.818311615784964,15.467625899280579,nan,0.0,nan,1.524563968,nan,nan,4.0,0.0,4,nan
46.83498472770055,15.467625899280579,nan,0.0,nan,1.524563968,nan,nan,4.0,0.0,4,nan
46.85165690581004,15.647482014388492,nan,0.0,nan,1.524563968,nan,nan,4.0,0.0,4,nan
46.86832928657532,15.647482014388492,nan,0.0,nan,1.524563968,nan,nan,4.0,0.0,4,nan
46.88500433365504,15.647482014388492,nan,0.0,nan,1.524563968,nan,nan,4.0,0.0,4,nan
46.90167850653331,15.647482014388492,nan,0.0,nan,1.524563968,nan,nan,4.0,0.0,4,nan
46.91835339466731,15.647482014388492,nan,0.0,nan,1.524563968,nan,nan,4.0,0.0,4,nan
46.93502674102783,15.647482014388492,nan,0.0,nan,1.524563968,nan,nan,4.0,0.0,4,nan
46.951701907316846,15.647482014388492,nan,0.0,nan,1.524563968,nan,nan,4.0,0.0,4,nan
46.968371494611105,15.827338129496404,nan,0.0,nan,1.524563968,nan,nan,4.0,0.0,4,nan
46.98504367669423,15.827338129496404,nan,0.0,nan,1.524563968,nan,nan,4.0,0.0,4,nan
47.00171871582667,15.827338129496404,nan,0.0,nan,1.524563968,nan,nan,4.0,0.0,4,nan
47.018390762805936,15.827338129496404,nan,0.0,nan,1.524563968,nan,nan,4.0,0.0,4,nan
47.035063012441,16.007194244604317,nan,0.0,nan,1.524563968,nan,nan,4.0,0.0,4,nan
47.05173391898473,16.007194244604317,nan,0.0,nan,1.524563968,nan,nan,4.0,0.0,4,nan
47.06840677658717,16.007194244604317,nan,0.0,nan,1.524563968,nan,nan,4.0,0.0,4,nan
47.085078783830006,16.007194244604317,nan,0.0,nan,1.524563968,nan,nan,4.0,0.0,4,nan
47.101751347382866,16.007194244604317,nan,0.0,nan,1.524563968,nan,nan,4.0,0.0,4,nan
47.11842338641485,16.007194244604317,nan,0.0,nan,1.524563968,nan,nan,4.0,0.0,4,nan
47.13509567181269,16.007194244604317,nan,0.0,nan,1.524563968,nan,nan,4.0,0.0,4,nan
47.1517680366834,16.18705035971223,nan,0.0,nan,1.524563968,nan,nan,4.0,0.0,4,nan
47.16844023068746,16.18705035971223,nan,0.0,nan,1.524563968,nan,nan,4.0,0.0,4,nan
47.18511359294256,16.18705035971223,nan,0.0,nan,1.524563968,nan,nan,4.0,0.0,4,nan
47.20178551276525,16.18705035971223,nan,0.0,nan,1.524563968,nan,nan,4.0,0.0,4,nan
47.21845814784368,16.18705035971223,nan,0.0,nan,1.524563968,nan,nan,4.0,0.0,4,nan
47.23513014316559,16.18705035971223,nan,0.0,nan,1.524563968,nan,nan,4.0,0.0,4,nan
47.251802333196004,16.18705035971223,nan,0.0,nan,1.524563968,nan,nan,4.0,0.0,4,nan
47.26847412586212,16.18705035971223,nan,0.0,nan,1.524563968,nan,nan,4.0,0.0,4,nan
47.28514648278554,14.92805755395683,nan,0.0,nan,1.524563968,nan,nan,4.0,0.0,4,nan
47.30181886752447,14.92805755395683,nan,0.0,nan,1.524563968,nan,nan,4.0,0.0,4,nan
47.31849218606949,11.690647482014393,nan,0.0,nan,1.524563968,nan,nan,3.0,0.0,4,nan
47.335169196128845,14.92805755395683,nan,0.0,nan,1.524563968,nan,nan,4.0,0.0,4,nan
47.35184244712194,14.92805755395683,nan,0.0,nan,1.524563968,nan,nan,4.0,0.0,4,nan
47.3685129682223,14.92805755395683,nan,0.0,nan,1.524563968,nan,nan,4.0,0.0,4,nan
47.38518650531769,14.92805755395683,nan,0.0,nan,1.524563968,nan,nan,4.0,0.0,4,nan
47.40185879866282,15.107913669064743,nan,0.0,nan,1.524563968,nan,nan,4.0,0.0,4,nan
47.418535606066385,15.107913669064743,nan,0.0,nan,1.524563968,nan,nan,4.0,0.0,4,nan
47.43520533641179,15.107913669064743,nan,0.0,nan,1.524563968,nan,nan,4.0,0.0,4,nan
47.45187791188558,15.107913669064743,nan,0.0,nan,1.524563968,nan,nan,4.0,0.0,4,nan
47.46855479876201,15.107913669064743,nan,0.0,nan,1.524563968,nan,nan,4.0,0.0,4,nan
47.48522787094116,15.107913669064743,nan,0.0,nan,1.524563968,nan,nan,4.0,0.0,4,nan
47.501902266343436,15.107913669064743,nan,0.0,nan,1.524563968,nan,nan,4.0,0.0,4,nan
47.518576836586,15.287769784172667,nan,0.0,nan,1.524563968,nan,nan,4.0,0.0,4,nan
47.53525352478027,15.287769784172667,nan,0.0,nan,1.524563968,nan,nan,4.0,0.0,4,nan
47.55192527770996,15.287769784172667,nan,0.0,nan,1.524563968,nan,nan,4.0,0.0,4,nan
47.56860165993373,15.287769784172667,nan,0.0,nan,1.524563968,nan,nan,4.0,0.0,4,nan
47.585272097587584,15.287769784172667,nan,0.0,nan,1.524563968,nan,nan,4.0,0.0,4,nan
47.601945622762045,15.287769784172667,nan,0.0,nan,1.524563968,nan,nan,4.0,0.0,4,nan
47.618618782361345,15.287769784172667,nan,0.0,nan,1.524563968,nan,nan,4.0,0.0,4,nan
47.63529175917308,15.467625899280579,nan,0.0,nan,1.524563968,nan,nan,4.0,0.0,4,nan
47.651968677838646,15.467625899280579,nan,0.0,nan,1.524563968,nan,nan,4.0,0.0,4,nan
47.668640637397765,15.467625899280579,nan,0.0,nan,1.524563968,nan,nan,4.0,0.0,4,nan
47.68531251748403,15.467625899280579,nan,0.0,nan,1.524563968,nan,nan,4.0,0.0,4,nan
47.70198453267415,15.647482014388492,nan,0.0,nan,1.524563968,nan,nan,4.0,0.0,4,nan
47.71865697304408,15.647482014388492,nan,0.0,nan,1.524563968,nan,nan,4.0,0.0,4,nan
47.735329357783,15.647482014388492,nan,0.0,nan,1.524563968,nan,nan,4.0,0.0,4,nan
47.75200170278549,15.647482014388492,nan,0.0,nan,1.524563968,nan,nan,4.0,0.0,4,nan
47.76867367823919,15.647482014388492,nan,0.0,nan,1.524563968,nan,nan,4.0,0.0,4,nan
47.78534683783849,15.647482014388492,nan,0.0,nan,1.524563968,nan,nan,4.0,0.0,4,nan
47.80201923449834,15.647482014388492,nan,0.0,nan,1.524563968,nan,nan,4.0,0.0,4,nan
47.818690093358356,15.647482014388492,nan,0.0,nan,1.524563968,nan,nan,4.0,0.0,4,nan
47.835358985265096,15.647482014388492,nan,0.0,nan,1.524563968,nan,nan,4.0,0.0,4,nan
47.852030758063,15.647482014388492,nan,0.0,nan,1.524563968,nan,nan,4.0,0.0,4,nan
47.86870272159577,15.647482014388492,nan,0.0,nan,1.524563968,nan,nan,4.0,0.0,4,nan
47.88537481625875,15.647482014388492,nan,0.0,nan,1.524563968,nan,nan,4.0,0.0,4,nan
47.902053304513295,15.287769784172667,nan,0.0,nan,1.524563968,nan,nan,4.0,0.0,4,nan
47.918725732962294,15.287769784172667,nan,0.0,nan,1.524563968,nan,nan,4.0,0.0,4,nan
47.93539785146713,15.287769784172667,nan,0.0,nan,1.524563968,nan,nan,4.0,0.0,4,nan
47.952070299784346,15.467625899280579,nan,0.0,nan,1.524563968,nan,nan,4.0,0.0,4,nan
47.968740566571554,15.467625899280579,nan,0.0,nan,1.524563968,nan,nan,4.0,0.0,4,nan
47.985413368542986,15.647482014388492,nan,0.0,nan,1.524563968,nan,nan,4.0,0.0,4,nan
48.00208568970363,15.647482014388492,nan,0.0,nan,1.524563968,nan,nan,4.0,0.0,4,nan
48.01875815391541,15.647482014388492,nan,0.0,nan,1.524563968,nan,nan,4.0,0.0,4,nan
48.035429298877716,15.647482014388492,nan,0.0,nan,1.524563968,nan,nan,4.0,0.0,4,nan
48.05210130214691,15.647482014388492,nan,0.0,nan,1.524563968,nan,nan,4.0,0.0,4,nan
48.06877184311549,15.647482014388492,nan,0.0,nan,1.524563968,nan,nan,4.0,0.0,4,nan
48.08544507821401,15.647482014388492,nan,0.0,nan,1.524563968,nan,nan,4.0,0.0,4,nan
48.1021133740743,15.647482014388492,nan,0.0,nan,1.524563968,nan,nan,4.0,0.0,4,nan
48.11878341436386,15.647482014388492,nan,0.0,nan,1.524563968,nan,nan,4.0,0.0,4,nan
48.13545386393865,15.647482014388492,nan,0.0,nan,1.524563968,nan,nan,4.0,0.0,4,nan
48.152125644683835,15.647482014388492,nan,0.0,nan,1.524563968,nan,nan,4.0,0.0,4,nan
48.16879557371139,15.647482014388492,nan,0.0,nan,1.524563968,nan,nan,4.0,0.0,4,nan
48.185469369093575,15.827338129496404,nan,0.0,nan,1.524563968,nan,nan,4.0,0.0,4,nan
48.20214129288991,15.827338129496404,nan,0.0,nan,1.524563968,nan,nan,4.0,0.0,4,nan
48.21881360212962,15.827338129496404,nan,0.0,nan,1.524563968,nan,nan,4.0,0.0,4,nan
48.23548461596171,16.007194244604317,nan,0.0,nan,1.524563968,nan,nan,4.0,0.0,4,nan
48.25215659141541,16.007194244604317,nan,0.0,nan,1.524563968,nan,nan,4.0,0.0,4,nan
48.268829162915544,16.007194244604317,nan,0.0,nan,1.524563968,nan,nan,4.0,0.0,4,nan
48.285500200589496,16.007194244604317,nan,0.0,nan,1.524563968,nan,nan,4.0,0.0,4,nan
48.30217243830363,16.007194244604317,nan,0.0,nan,1.524563968,nan,nan,4.0,0.0,4,nan
48.318845649560295,16.007194244604317,nan,0.0,nan,1.524563968,nan,nan,4.0,0.0,4,nan
48.33551797072093,16.007194244604317,nan,0.0,nan,1.524563968,nan,nan,4.0,0.0,4,nan
48.35218997001648,16.007194244604317,nan,0.0,nan,1.524563968,nan,nan,4.0,0.0,4,nan
48.368862092494965,16.007194244604317,nan,0.0,nan,1.524563968,nan,nan,4.0,0.0,4,nan
48.38553766012192,16.007194244604317,nan,0.0,nan,1.524563968,nan,nan,4.0,0.0,4,nan
48.402209369341534,16.007194244604317,nan,0.0,nan,1.524563968,nan,nan,4.0,0.0,4,nan
48.418881344795224,16.007194244604317,nan,0.0,nan,1.524563968,nan,nan,4.0,0.0,4,nan
48.43555327256521,16.007194244604317,nan,0.0,nan,1.524563968,nan,nan,4.0,0.0,4,nan
48.45222766796748,16.007194244604317,nan,0.0,nan,1.524563968,nan,nan,4.0,0.0,4,nan
48.468902285893755,16.007194244604317,nan,0.0,nan,1.524563968,nan,nan,4.0,0.0,4,nan
48.48557196855545,16.007194244604317,nan,0.0,nan,1.524563968,nan,nan,4.0,0.0,4,nan
48.50224404335022,16.18705035971223,nan,0.0,nan,1.524563968,nan,nan,4.0,0.0,4,nan
48.518917826811474,16.18705035971223,nan,0.0,nan,1.524563968,nan,nan,4.0,0.0,4,nan
48.53559103012085,16.36690647482014,nan,0.0,nan,1.524563968,nan,nan,4.0,0.0,4,nan
48.55226309696833,16.36690647482014,nan,0.0,nan,1.524563968,nan,nan,4.0,0.0,4,nan
48.568934794267015,16.36690647482014,nan,0.0,nan,1.524563968,nan,nan,4.0,0.0,4,nan
48.58560741345088,16.36690647482014,nan,0.0,nan,1.524563968,nan,nan,4.0,0.0,4,nan
48.60227941672007,16.36690647482014,nan,0.0,nan,1.524563968,nan,nan,4.0,0.0,4,nan
48.618951503435774,16.36690647482014,nan,0.0,nan,1.524563968,nan,nan,4.0,0.0,4,nan
48.635622310638425,16.36690647482014,nan,0.0,nan,1.524563968,nan,nan,4.0,0.0,4,nan
48.65229186614354,16.36690647482014,nan,0.0,nan,1.524563968,nan,nan,4.0,0.0,4,nan
48.66896774768829,16.36690647482014,nan,0.0,nan,1.524563968,nan,nan,4.0,0.0,4,nan
48.685639238357545,16.36690647482014,nan,0.0,nan,1.524563968,nan,nan,4.0,0.0,4,nan
48.70231130520503,16.36690647482014,nan,0.0,nan,1.524563968,nan,nan,4.0,0.0,4,nan
48.71898600657781,17.0863309352518,nan,0.0,nan,1.524563968,nan,nan,4.0,0.0,4,nan
48.73565818866094,16.546762589928054,nan,0.0,nan,1.524563968,nan,nan,4.0,0.0,4,nan
48.75233029921849,16.546762589928054,nan,0.0,nan,1.524563968,nan,nan,4.0,0.0,4,nan
48.769002636273704,16.546762589928054,nan,0.0,nan,1.524563968,nan,nan,4.0,0.0,4,nan
48.78567495743434,16.726618705035968,nan,0.0,nan,1.524563968,nan,nan,4.0,0.0,4,nan
48.802347175280254,16.726618705035968,nan,0.0,nan,1.524563968,nan,nan,4.0,0.0,4,nan
48.81901992559433,16.726618705035968,nan,0.0,nan,1.524563968,nan,nan,4.0,0.0,4,nan
48.835691845417024,16.726618705035968,nan,0.0,nan,1.524563968,nan,nan,4.0,0.0,4,nan
48.852361754576364,16.726618705035968,nan,0.0,nan,1.524563968,nan,nan,4.0,0.0,4,nan
48.86903427839279,16.726618705035968,nan,0.0,nan,1.524563968,nan,nan,4.0,0.0,4,nan
48.8857052008311,16.726618705035968,nan,0.0,nan,1.524563968,nan,nan,4.0,0.0,4,nan
48.902377347151436,16.726618705035968,nan,0.0,nan,1.524563968,nan,nan,4.0,0.0,4,nan
48.91905910968781,16.726618705035968,nan,0.0,nan,1.524563968,nan,nan,4.0,0.0,4,nan
48.93573836088181,16.726618705035968,nan,0.0,nan,1.524563968,nan,nan,4.0,0.0,4,nan
48.952410693963365,16.726618705035968,nan,0.0,nan,1.524563968,nan,nan,4.0,0.0,4,nan
48.96908359130224,16.726618705035968,nan,0.0,nan,1.524563968,nan,nan,4.0,0.0,4,nan
48.98575537204742,16.726618705035968,nan,0.0,nan,1.524563968,nan,nan,4.0,0.0,4,nan
49.002427995204926,16.726618705035968,nan,0.0,nan,1.524563968,nan,nan,4.0,0.0,4,nan
49.019101138909654,16.726618705035968,nan,0.0,nan,1.524563968,nan,nan,4.0,0.0,4,nan
49.03577306667964,16.726618705035968,nan,0.0,nan,1.524563968,nan,nan,4.0,0.0,4,nan
49.05244505405426,16.90647482014388,nan,0.0,nan,1.524563968,nan,nan,4.0,0.0,4,nan
49.069118018945055,16.90647482014388,nan,0.0,nan,1.524563968,nan,nan,4.0,0.0,4,nan
49.08579001029332,17.0863309352518,nan,0.0,nan,1.524563968,nan,nan,4.0,0.0,4,nan
49.10246189037959,17.0863309352518,nan,0.0,nan,1.524563968,nan,nan,4.0,0.0,4,nan
49.119134457906085,17.0863309352518,nan,0.0,nan,1.524563968,nan,nan,4.0,0.0,4,nan
49.13580749432246,17.0863309352518,nan,0.0,nan,1.524563968,nan,nan,4.0,0.0,4,nan
49.15248018503189,17.0863309352518,nan,0.0,nan,1.524563968,nan,nan,4.0,0.0,4,nan
49.16915107568105,17.0863309352518,nan,0.0,nan,1.524563968,nan,nan,4.0,0.0,4,nan
49.185822967688246,17.0863309352518,nan,0.0,nan,1.524563968,nan,nan,4.0,0.0,4,nan
49.20249487956365,17.0863309352518,nan,0.0,nan,1.524563968,nan,nan,4.0,0.0,4,nan
49.21916782061259,17.0863309352518,nan,0.0,nan,1.524563968,nan,nan,4.0,0.0,4,nan
49.235838973522185,17.0863309352518,nan,0.0,nan,1.524563968,nan,nan,4.0,0.0,4,nan
49.25251010656357,17.0863309352518,nan,0.0,nan,1.524563968,nan,nan,4.0,0.0,4,nan
49.269184641043346,17.266187050359715,nan,0.0,nan,1.524563968,nan,nan,4.0,0.0,4,nan
49.28585637013118,17.266187050359715,nan,0.0,nan,1.524563968,nan,nan,4.0,0.0,4,nan
49.30252844492595,17.266187050359715,nan,0.0,nan,1.524563968,nan,nan,4.0,0.0,4,nan
49.31920371055603,17.266187050359715,nan,0.0,nan,1.524563968,nan,nan,4.0,0.0,4,nan
49.33587600787481,17.44604316546763,nan,0.0,nan,1.524563968,nan,nan,4.0,0.0,4,nan
49.352550478776294,17.44604316546763,nan,0.0,nan,1.524563968,nan,nan,4.0,0.0,4,nan
49.36922064224879,17.44604316546763,nan,0.0,nan,1.524563968,nan,nan,4.0,0.0,4,nan
49.38589275677999,17.44604316546763,nan,0.0,nan,1.524563968,nan,nan,4.0,0.0,4,nan
49.40256452560425,17.44604316546763,nan,0.0,nan,1.524563968,nan,nan,4.0,0.0,4,nan
49.4192370057106,17.44604316546763,nan,0.0,nan,1.524563968,nan,nan,4.0,0.0,4,nan
49.435908850034075,17.44604316546763,nan,0.0,nan,1.524563968,nan,nan,4.0,0.0,4,nan
49.45258084138234,17.44604316546763,nan,0.0,nan,1.524563968,nan,nan,4.0,0.0,4,nan
49.46925341685613,17.44604316546763,nan,0.0,nan,1.524563968,nan,nan,4.0,0.0,4,nan
49.485925912857056,17.44604316546763,nan,0.0,nan,1.524563968,nan,nan,4.0,0.0,4,nan
49.50259799559911,17.44604316546763,nan,0.0,nan,1.524563968,nan,nan,4.0,0.0,4,nan
49.51926990350088,17.44604316546763,nan,0.0,nan,1.524563968,nan,nan,4.0,0.0,4,nan
49.5359446922938,17.44604316546763,nan,0.0,nan,1.524563968,nan,nan,4.0,0.0,4,nan
49.552621078491214,17.44604316546763,nan,0.0,nan,1.524563968,nan,nan,4.0,0.0,4,nan
49.56929256518682,17.44604316546763,nan,0.0,nan,1.524563968,nan,nan,4.0,0.0,4,nan
49.58596301873525,17.44604316546763,nan,0.0,nan,1.524563968,nan,nan,4.0,0.0,4,nan
49.60263489882151,17.625899280575542,nan,0.0,nan,1.524563968,nan,nan,4.0,0.0,4,nan
49.619304819901785,17.625899280575542,nan,0.0,nan,1.524563968,nan,nan,4.0,0.0,4,nan
49.63597665230433,17.805755395683455,nan,0.0,nan,1.524563968,nan,nan,4.0,0.0,4,nan
49.65265200138092,17.805755395683455,nan,0.0,nan,1.524563968,nan,nan,4.0,0.0,4,nan
49.669324815273285,17.805755395683455,nan,0.0,nan,1.524563968,nan,nan,4.0,0.0,4,nan
49.68599398930868,17.805755395683455,nan,0.0,nan,1.524563968,nan,nan,4.0,0.0,4,nan
49.70266464153926,17.805755395683455,nan,0.0,nan,1.524563968,nan,nan,4.0,0.0,4,nan
49.7193336725235,17.805755395683455,nan,0.0,nan,1.524563968,nan,nan,4.0,0.0,4,nan
49.73600342273712,17.805755395683455,nan,0.0,nan,1.524563968,nan,nan,4.0,0.0,4,nan
49.752672934532164,17.805755395683455,nan,0.0,nan,1.524563968,nan,nan,4.0,0.0,4,nan
49.76934580008189,17.805755395683455,nan,0.0,nan,1.524563968,nan,nan,4.0,0.0,4,nan
49.78601851463318,17.805755395683455,nan,0.0,nan,1.524563968,nan,nan,4.0,0.0,4,nan
49.802690557638805,17.805755395683455,nan,0.0,nan,1.524563968,nan,nan,4.0,0.0,4,nan
49.81936365763347,17.805755395683455,nan,0.0,nan,1.524563968,nan,nan,4.0,0.0,4,nan
49.83603332837423,17.985611510791365,nan,0.0,nan,1.524563968,nan,nan,4.0,0.0,4,nan
49.85270553827286,17.985611510791365,nan,0.0,nan,1.524563968,nan,nan,4.0,0.0,4,nan
49.869376567999524,17.985611510791365,nan,0.0,nan,1.524563968,nan,nan,4.0,0.0,4,nan
49.88605318864187,18.705035971223015,nan,0.0,nan,1.524563968,nan,nan,4.0,0.0,4,nan
49.90272645552953,18.16546762589928,nan,0.0,nan,1.524563968,nan,nan,4.0,0.0,4,nan
49.91940035820007,14.028776978417268,nan,0.0,nan,1.524563968,nan,nan,3.0,0.0,4,nan
49.93607439597448,17.266187050359715,nan,0.0,nan,1.524563968,nan,nan,4.0,0.0,4,nan
49.952747742335,17.266187050359715,nan,0.0,nan,1.524563968,nan,nan,4.0,0.0,4,nan
49.96941871643067,17.266187050359715,nan,0.0,nan,1.524563968,nan,nan,4.0,0.0,4,nan
49.98609017531077,15.287769784172667,nan,0.0,nan,1.524563968,nan,nan,4.0,0.0,4,nan
50.002759691079454,15.287769784172667,nan,0.0,nan,1.524563968,nan,nan,4.0,0.0,4,nan
50.01942843993505,15.467625899280579,nan,0.0,nan,1.524563968,nan,nan,4.0,0.0,4,nan
50.03610284328461,15.467625899280579,nan,0.0,nan,1.524563968,nan,nan,4.0,0.0,4,nan
50.052778124809265,15.467625899280579,nan,0.0,nan,1.524563968,nan,nan,4.0,0.0,4,nan
50.069453394412996,15.467625899280579,nan,0.0,nan,1.524563968,nan,nan,4.0,0.0,4,nan
50.086128703753154,12.050359712230218,nan,0.0,nan,1.524563968,nan,nan,3.0,0.0,4,nan
50.10280414819717,15.467625899280579,nan,0.0,nan,1.524563968,nan,nan,4.0,0.0,4,nan
50.11947664817174,15.467625899280579,nan,0.0,nan,1.524563968,nan,nan,4.0,0.0,4,nan
50.136146835486095,15.647482014388492,nan,0.0,nan,1.524563968,nan,nan,4.0,0.0,4,nan
50.15281839768092,16.36690647482014,nan,0.0,nan,1.524563968,nan,nan,4.0,0.0,4,nan
50.169489443302155,15.827338129496404,nan,0.0,nan,1.524563968,nan,nan,4.0,0.0,4,nan
50.186162042617795,15.827338129496404,nan,0.0,nan,1.524563968,nan,nan,4.0,0.0,4,nan
50.20283215045929,16.007194244604317,nan,0.0,nan,1.524563968,nan,nan,4.0,0.0,4,nan
50.21950364112854,16.007194244604317,nan,0.0,nan,1.524563968,nan,nan,4.0,0.0,4,nan
50.23617632389069,16.007194244604317,nan,0.0,nan,1.524563968,nan,nan,4.0,0.0,4,nan
50.252854307492576,16.007194244604317,nan,0.0,nan,1.524563968,nan,nan,4.0,0.0,4,nan
50.26952685117722,16.007194244604317,nan,0.0,nan,1.524563968,nan,nan,4.0,0.0,4,nan
50.28620152870814,16.007194244604317,nan,0.0,nan,1.524563968,nan,nan,4.0,0.0,4,nan
50.30287124713262,16.007194244604317,nan,0.0,nan,1.524563968,nan,nan,4.0,0.0,4,nan
50.319540492693584,16.007194244604317,nan,0.0,nan,1.524563968,nan,nan,4.0,0.0,4,nan
50.33621169726054,16.007194244604317,nan,0.0,nan,1.524563968,nan,nan,4.0,0.0,4,nan
50.352884284655254,16.007194244604317,nan,0.0,nan,1.524563968,nan,nan,4.0,0.0,4,nan
50.36955504814784,16.007194244604317,nan,0.0,nan,1.524563968,nan,nan,4.0,0.0,4,nan
50.38622717062632,16.007194244604317,nan,0.0,nan,1.524563968,nan,nan,4.0,0.0,4,nan
50.40290214618047,16.007194244604317,nan,0.0,nan,1.524563968,nan,nan,4.0,0.0,4,nan
50.419573883215584,16.007194244604317,nan,0.0,nan,1.524563968,nan,nan,4.0,0.0,4,nan
50.43624410231908,16.007194244604317,nan,0.0,nan,1.524563968,nan,nan,4.0,0.0,4,nan
50.452920850118,16.007194244604317,nan,0.0,nan,1.524563968,nan,nan,4.0,0.0,4,nan
50.46959000428517,16.007194244604317,nan,0.0,nan,1.524563968,nan,nan,4.0,0.0,4,nan
50.486259786287945,16.007194244604317,nan,0.0,nan,1.524563968,nan,nan,4.0,0.0,4,nan
50.502936426798506,16.007194244604317,nan,0.0,nan,1.524563968,nan,nan,4.0,0.0,4,nan
50.51961066325506,16.007194244604317,nan,0.0,nan,1.524563968,nan,nan,4.0,0.0,4,nan
50.53628953695297,16.18705035971223,nan,0.0,nan,1.524563968,nan,nan,4.0,0.0,4,nan
50.552958337465924,16.18705035971223,nan,0.0,nan,1.524563968,nan,nan,4.0,0.0,4,nan
50.56962884664536,16.18705035971223,nan,0.0,nan,1.524563968,nan,nan,4.0,0.0,4,nan
50.586300722757976,16.18705035971223,nan,0.0,nan,1.524563968,nan,nan,4.0,0.0,4,nan
50.60297302007675,16.18705035971223,nan,0.0,nan,1.524563968,nan,nan,4.0,0.0,4,nan
50.61964508295059,16.18705035971223,nan,0.0,nan,1.524563968,nan,nan,4.0,0.0,4,nan
50.636313966910045,16.18705035971223,nan,0.0,nan,1.524563968,nan,nan,4.0,0.0,4,nan
50.652987158298494,16.18705035971223,nan,0.0,nan,1.524563968,nan,nan,4.0,0.0,4,nan
50.669659856955214,16.18705035971223,nan,0.0,nan,1.524563968,nan,nan,4.0,0.0,4,nan
50.686335158348086,16.36690647482014,nan,0.0,nan,1.524563968,nan,nan,4.0,0.0,4,nan
50.703007610638934,16.36690647482014,nan,0.0,nan,1.524563968,nan,nan,4.0,0.0,4,nan
50.719680579503375,16.546762589928054,nan,0.0,nan,1.524563968,nan,nan,4.0,0.0,4,nan
50.73635325034459,16.546762589928054,nan,0.0,nan,1.524563968,nan,nan,4.0,0.0,4,nan
50.75302535692851,16.726618705035968,nan,0.0,nan,1.524563968,nan,nan,4.0,0.0,4,nan
50.76969788869222,16.726618705035968,nan,0.0,nan,1.524563968,nan,nan,4.0,0.0,4,nan
50.78637048800786,16.726618705035968,nan,0.0,nan,1.524563968,nan,nan,4.0,0.0,4,nan
50.80304263830185,16.726618705035968,nan,0.0,nan,1.524563968,nan,nan,4.0,0.0,4,nan
50.81972121397654,16.726618705035968,nan,0.0,nan,1.524563968,nan,nan,4.0,0.0,4,nan
50.83639381726583,16.726618705035968,nan,0.0,nan,1.524563968,nan,nan,4.0,0.0,4,nan
50.85306852658589,16.726618705035968,nan,0.0,nan,1.524563968,nan,nan,4.0,0.0,4,nan
50.86974138021469,16.726618705035968,nan,0.0,nan,1.524563968,nan,nan,4.0,0.0,4,nan
50.88641405105591,16.726618705035968,nan,0.0,nan,1.524563968,nan,nan,4.0,0.0,4,nan
50.90308545827865,16.726618705035968,nan,0.0,nan,1.524563968,nan,nan,4.0,0.0,4,nan
50.91975833177567,16.726618705035968,nan,0.0,nan,1.524563968,nan,nan,4.0,0.0,4,nan
50.93643117745717,16.726618705035968,nan,0.0,nan,1.524563968,nan,nan,4.0,0.0,4,nan
50.953103923797606,16.726618705035968,nan,0.0,nan,1.524563968,nan,nan,4.0,0.0,4,nan
50.96977583567301,16.726618705035968,nan,0.0,nan,1.524563968,nan,nan,4.0,0.0,4,nan
50.986450894673666,16.726618705035968,nan,0.0,nan,1.524563968,nan,nan,4.0,0.0,4,nan
51.003123025099434,16.726618705035968,nan,0.0,nan,1.524563968,nan,nan,4.0,0.0,4,nan
51.01979497273763,16.726618705035968,nan,0.0,nan,1.524563968,nan,nan,4.0,0.0,4,nan
51.03646828730901,10.79136690647482,nan,0.0,nan,1.524563968,nan,nan,3.0,0.0,4,nan
51.05313987731934,15.827338129496404,nan,0.0,nan,1.524563968,nan,nan,4.0,0.0,4,nan
51.069812603791554,15.827338129496404,nan,0.0,nan,1.524563968,nan,nan,4.0,0.0,4,nan
51.08648488521576,16.007194244604317,nan,0.0,nan,1.524563968,nan,nan,4.0,0.0,4,nan
51.1031555056572,16.007194244604317,nan,0.0,nan,1.524563968,nan,nan,4.0,0.0,4,nan
51.11982780297597,16.007194244604317,nan,0.0,nan,1.524563968,nan,nan,4.0,0.0,4,nan
51.136504113674164,16.007194244604317,nan,0.0,nan,1.524563968,nan,nan,4.0,0.0,4,nan
51.15317596991857,16.007194244604317,nan,0.0,nan,1.524563968,nan,nan,4.0,0.0,4,nan
51.16984677712123,16.007194244604317,nan,0.0,nan,1.524563968,nan,nan,4.0,0.0,4,nan
51.18651875257492,16.007194244604317,nan,0.0,nan,1.524563968,nan,nan,4.0,0.0,4,nan
51.203191018104555,16.007194244604317,nan,0.0,nan,1.524563968,nan,nan,4.0,0.0,4,nan
51.21986338297526,16.007194244604317,nan,0.0,nan,1.524563968,nan,nan,4.0,0.0,4,nan
51.236535489559174,16.18705035971223,nan,0.0,nan,1.524563968,nan,nan,4.0,0.0,4,nan
51.25320741732915,16.18705035971223,nan,0.0,nan,1.524563968,nan,nan,4.0,0.0,4,nan
51.26987955570221,16.36690647482014,nan,0.0,nan,1.524563968,nan,nan,4.0,0.0,4,nan
51.2865518728892,16.36690647482014,nan,0.0,nan,1.524563968,nan,nan,4.0,0.0,4,nan
51.30322372118632,16.36690647482014,nan,0.0,nan,1.524563968,nan,nan,4.0,0.0,4,nan
51.319895605246224,16.36690647482014,nan,0.0,nan,1.524563968,nan,nan,4.0,0.0,4,nan
51.33656842708588,16.36690647482014,nan,0.0,nan,1.524563968,nan,nan,4.0,0.0,4,nan
51.35323925415675,16.36690647482014,nan,0.0,nan,1.524563968,nan,nan,4.0,0.0,4,nan
51.36991121371587,16.36690647482014,nan,0.0,nan,1.524563968,nan,nan,4.0,0.0,4,nan
51.38658438126246,16.36690647482014,nan,0.0,nan,1.524563968,nan,nan,4.0,0.0,4,nan
51.403257222970325,16.18705035971223,nan,0.0,nan,1.524563968,nan,nan,4.0,0.0,4,nan
51.41992992957433,16.18705035971223,nan,0.0,nan,1.524563968,nan,nan,4.0,0.0,4,nan
51.43660199244817,16.18705035971223,nan,0.0,nan,1.524563968,nan,nan,4.0,0.0,4,nan
51.453273832798004,16.18705035971223,nan,0.0,nan,1.524563968,nan,nan,4.0,0.0,4,nan
51.46994571288427,16.18705035971223,nan,0.0,nan,1.524563968,nan,nan,4.0,0.0,4,nan
51.48661846319835,16.18705035971223,nan,0.0,nan,1.524563968,nan,nan,4.0,0.0,4,nan
51.50328942934672,16.18705035971223,nan,0.0,nan,1.524563968,nan,nan,4.0,0.0,4,nan
51.51996138890584,16.18705035971223,nan,0.0,nan,1.524563968,nan,nan,4.0,0.0,4,nan
51.53663441737493,16.18705035971223,nan,0.0,nan,1.524563968,nan,nan,4.0,0.0,4,nan
51.5533055583636,16.36690647482014,nan,0.0,nan,1.524563968,nan,nan,4.0,0.0,4,nan
51.569975825150806,16.36690647482014,nan,0.0,nan,1.524563968,nan,nan,4.0,0.0,4,nan
51.58665134906769,16.36690647482014,nan,0.0,nan,1.524563968,nan,nan,4.0,0.0,4,nan
51.60332448482514,16.36690647482014,nan,0.0,nan,1.524563968,nan,nan,4.0,0.0,4,nan
51.619997088114424,16.36690647482014,nan,0.0,nan,1.524563968,nan,nan,4.0,0.0,4,nan
51.6366689880689,16.36690647482014,nan,0.0,nan,1.524563968,nan,nan,4.0,0.0,4,nan
51.65334086020788,16.36690647482014,nan,0.0,nan,1.524563968,nan,nan,4.0,0.0,4,nan
51.67001322110494,16.36690647482014,nan,0.0,nan,1.524563968,nan,nan,4.0,0.0,4,nan
51.686685196558635,16.36690647482014,nan,0.0,nan,1.524563968,nan,nan,4.0,0.0,4,nan
51.70335483153661,16.36690647482014,nan,0.0,nan,1.524563968,nan,nan,4.0,0.0,4,nan
51.7200279434522,16.36690647482014,nan,0.0,nan,1.524563968,nan,nan,4.0,0.0,4,nan
51.7367011030515,16.36690647482014,nan,0.0,nan,1.524563968,nan,nan,4.0,0.0,4,nan
51.75337306261063,16.36690647482014,nan,0.0,nan,1.524563968,nan,nan,4.0,0.0,4,nan
51.77004402081172,16.36690647482014,nan,0.0,nan,1.524563968,nan,nan,4.0,0.0,4,nan
51.78671846389771,12.949640287769782,nan,0.0,nan,1.524563968,nan,nan,3.0,0.0,4,nan
51.803391524155934,16.546762589928054,nan,0.0,nan,1.524563968,nan,nan,4.0,0.0,4,nan
51.82006367444992,16.726618705035968,nan,0.0,nan,1.524563968,nan,nan,4.0,0.0,4,nan
51.83673615455628,13.129496402877693,nan,0.0,nan,1.56659712,nan,nan,3.0,0.0,4,nan
51.853408590952554,13.129496402877693,nan,0.0,nan,1.56659712,nan,nan,3.0,0.0,4,nan
51.87008089621862,16.90647482014388,nan,0.0,nan,1.56659712,nan,nan,4.0,0.0,4,nan
51.886753869056705,16.90647482014388,nan,0.0,nan,1.56659712,nan,nan,4.0,0.0,4,nan
51.90342417955399,16.90647482014388,nan,0.0,nan,1.56659712,nan,nan,4.0,0.0,4,nan
51.920096341768904,16.90647482014388,nan,0.0,nan,1.56659712,nan,nan,4.0,0.0,4,nan
51.936768432458244,13.129496402877693,nan,0.0,nan,1.589669888,nan,nan,3.0,0.0,4,nan
51.953440221150714,13.129496402877693,nan,0.0,nan,1.604349952,nan,nan,3.0,0.0,4,nan
51.97011309862137,16.90647482014388,nan,0.0,nan,1.604349952,nan,nan,4.0,0.0,4,nan
51.986785093943276,16.90647482014388,nan,0.0,nan,1.604349952,nan,nan,4.0,0.0,4,nan
52.00345727602641,16.90647482014388,nan,0.0,nan,1.604349952,nan,nan,4.0,0.0,4,nan
52.02012921969096,16.90647482014388,nan,0.0,nan,1.604349952,nan,nan,4.0,0.0,4,nan
52.03679962555567,16.90647482014388,nan,0.0,nan,1.604349952,nan,nan,4.0,0.0,4,nan
52.05347168842952,16.90647482014388,nan,0.0,nan,1.604349952,nan,nan,4.0,0.0,4,nan
52.070144482453664,16.90647482014388,nan,0.0,nan,1.604349952,nan,nan,4.0,0.0,4,nan
52.08681441942851,7.913669064748197,nan,0.0,nan,1.604349952,nan,nan,2.0,0.0,4,nan
52.10348700682322,16.726618705035968,nan,0.0,nan,1.604349952,nan,nan,4.0,0.0,4,nan
52.12015951871872,16.726618705035968,nan,0.0,nan,1.604349952,nan,nan,4.0,0.0,4,nan
52.136834331353505,17.266187050359715,nan,0.0,nan,1.604349952,nan,nan,4.0,0.0,4,nan
52.1535063346227,16.726618705035968,nan,0.0,nan,1.604349952,nan,nan,4.0,0.0,4,nan
52.17017827828725,16.726618705035968,nan,0.0,nan,1.604349952,nan,nan,4.0,0.0,4,nan
52.18685123125712,16.726618705035968,nan,0.0,nan,1.604349952,nan,nan,4.0,0.0,4,nan
52.20352363189061,16.90647482014388,nan,0.0,nan,1.604349952,nan,nan,4.0,0.0,4,nan
52.2201966047287,16.90647482014388,nan,0.0,nan,1.604349952,nan,nan,4.0,0.0,4,nan
52.23686869541804,16.90647482014388,nan,0.0,nan,1.604349952,nan,nan,4.0,0.0,4,nan
52.253540670871736,16.90647482014388,nan,0.0,nan,1.604349952,nan,nan,4.0,0.0,4,nan
52.270213846365614,12.949640287769782,nan,0.0,nan,1.604349952,nan,nan,3.0,0.0,4,nan
52.286886696020765,17.44604316546763,nan,0.0,nan,1.604349952,nan,nan,4.0,0.0,4,nan
52.303558599948886,16.90647482014388,nan,0.0,nan,1.604349952,nan,nan,4.0,0.0,4,nan
52.32023061513901,17.0863309352518,nan,0.0,nan,1.604349952,nan,nan,4.0,0.0,4,nan
52.33690263827642,17.0863309352518,nan,0.0,nan,1.604349952,nan,nan,4.0,0.0,4,nan
52.353574403127034,17.0863309352518,nan,0.0,nan,1.604349952,nan,nan,4.0,0.0,4,nan
52.37024616400401,17.266187050359715,nan,0.0,nan,1.604349952,nan,nan,4.0,0.0,4,nan
52.38691893021266,17.985611510791365,nan,0.0,nan,1.604349952,nan,nan,4.0,0.0,4,nan
52.40359068314235,17.44604316546763,nan,0.0,nan,1.604349952,nan,nan,4.0,0.0,4,nan
52.42026292085647,17.44604316546763,nan,0.0,nan,1.604349952,nan,nan,4.0,0.0,4,nan
52.436934260527295,17.44604316546763,nan,0.0,nan,1.604349952,nan,nan,4.0,0.0,4,nan
52.45360614061356,13.48920863309353,nan,0.0,nan,1.604349952,nan,nan,3.0,0.0,4,nan
52.47027854124705,13.48920863309353,nan,0.0,nan,1.608544256,nan,nan,3.0,0.0,4,nan
52.48695071140925,17.44604316546763,nan,0.0,nan,1.608544256,nan,nan,4.0,0.0,4,nan
52.503622233867645,17.44604316546763,nan,0.0,nan,1.608544256,nan,nan,4.0,0.0,4,nan
52.52029508749644,17.44604316546763,nan,0.0,nan,1.608544256,nan,nan,4.0,0.0,4,nan
52.536968072255455,13.48920863309353,nan,0.0,nan,1.950380032,nan,nan,3.0,0.0,4,nan
52.553640234470365,13.48920863309353,nan,0.0,nan,1.975545856,nan,nan,3.0,0.0,4,nan
52.570312035083774,17.44604316546763,nan,0.0,nan,1.977643008,nan,nan,4.0,0.0,4,nan
52.58698439200719,15.467625899280579,nan,0.0,nan,1.977643008,nan,nan,4.0,0.0,4,nan
52.60365650653839,15.467625899280579,nan,0.0,nan,1.977643008,nan,nan,4.0,0.0,4,nan
52.62032892306646,15.467625899280579,nan,0.0,nan,1.977643008,nan,nan,4.0,0.0,4,nan
52.637000517050424,11.690647482014393,nan,0.0,nan,1.977643008,nan,nan,3.0,0.0,4,nan
52.65367242892583,11.690647482014393,nan,0.0,nan,1.977643008,nan,nan,3.0,0.0,4,nan
52.67034518321355,15.647482014388492,nan,0.0,nan,1.977643008,nan,nan,4.0,0.0,4,nan
52.687017635504404,15.647482014388492,nan,0.0,nan,1.977643008,nan,nan,4.0,0.0,4,nan
52.703689487775165,11.690647482014393,nan,0.0,nan,1.977643008,nan,nan,3.0,0.0,4,nan
52.72036192417145,11.690647482014393,nan,0.0,nan,1.977643008,nan,nan,3.0,0.0,4,nan
52.73703426917394,15.647482014388492,nan,0.0,nan,1.977643008,nan,nan,4.0,0.0,4,nan
52.75370630820592,15.647482014388492,nan,0.0,nan,1.977643008,nan,nan,4.0,0.0,4,nan
52.77037759224574,15.647482014388492,nan,0.0,nan,1.977643008,nan,nan,4.0,0.0,4,nan
52.78705128033956,15.647482014388492,nan,0.0,nan,1.977643008,nan,nan,4.0,0.0,4,nan
52.80372285445531,15.647482014388492,nan,0.0,nan,1.977643008,nan,nan,4.0,0.0,4,nan
52.8203955690066,15.647482014388492,nan,0.0,nan,1.977643008,nan,nan,4.0,0.0,4,nan
52.837067397435504,15.647482014388492,nan,0.0,nan,1.977643008,nan,nan,4.0,0.0,4,nan
52.853737878799436,15.827338129496404,nan,0.0,nan,1.977643008,nan,nan,4.0,0.0,4,nan
52.870410052935284,11.870503597122307,nan,0.0,nan,1.97974016,nan,nan,3.0,0.0,4,nan
52.887084460258485,11.870503597122307,nan,0.0,nan,1.99022592,nan,nan,3.0,0.0,4,nan
52.903756300608315,11.870503597122307,nan,0.0,nan,1.99022592,nan,nan,3.0,0.0,4,nan
52.92042868137359,12.050359712230218,nan,0.0,nan,1.99022592,nan,nan,3.0,0.0,4,nan
52.937100712458296,12.050359712230218,nan,0.0,nan,1.994420224,nan,nan,3.0,0.0,4,nan
52.95377271175384,16.18705035971223,nan,0.0,nan,1.994420224,nan,nan,4.0,0.0,4,nan
52.970445001125334,16.18705035971223,nan,0.0,nan,1.994420224,nan,nan,4.0,0.0,4,nan
52.98711812098821,16.18705035971223,nan,0.0,nan,1.994420224,nan,nan,4.0,0.0,4,nan
53.00379030307134,16.18705035971223,nan,0.0,nan,1.994420224,nan,nan,4.0,0.0,4,nan
53.020462203025815,12.050359712230218,nan,0.0,nan,1.994420224,nan,nan,3.0,0.0,4,nan
53.037133955955504,12.050359712230218,nan,0.0,nan,1.994420224,nan,nan,3.0,0.0,4,nan
53.0538058479627,12.050359712230218,nan,0.0,nan,1.994420224,nan,nan,3.0,0.0,4,nan
53.070478439331055,12.050359712230218,nan,0.0,nan,1.994420224,nan,nan,3.0,0.0,4,nan
53.087150645256045,12.050359712230218,nan,0.0,nan,1.994420224,nan,nan,3.0,0.0,4,nan
53.10382231871287,12.050359712230218,nan,0.0,nan,1.994420224,nan,nan,3.0,0.0,4,nan
53.12049409945806,16.18705035971223,nan,0.0,nan,1.994420224,nan,nan,4.0,0.0,4,nan
53.13716879288356,16.18705035971223,nan,0.0,nan,1.994420224,nan,nan,4.0,0.0,4,nan
53.15384079615275,16.18705035971223,nan,0.0,nan,1.994420224,nan,nan,4.0,0.0,4,nan
53.17051288286845,16.18705035971223,nan,0.0,nan,1.994420224,nan,nan,4.0,0.0,4,nan
53.18718534708023,16.36690647482014,nan,0.0,nan,1.994420224,nan,nan,4.0,0.0,4,nan
53.2038577914238,16.36690647482014,nan,0.0,nan,1.994420224,nan,nan,4.0,0.0,4,nan
53.2205293973287,12.230215827338132,nan,0.0,nan,1.994420224,nan,nan,3.0,0.0,4,nan
53.23720116217931,12.230215827338132,nan,0.0,nan,1.994420224,nan,nan,3.0,0.0,4,nan
53.253873093922934,16.36690647482014,nan,0.0,nan,1.994420224,nan,nan,4.0,0.0,4,nan
53.270545065402985,16.36690647482014,nan,0.0,nan,1.994420224,nan,nan,4.0,0.0,4,nan
53.28721737464269,16.36690647482014,nan,0.0,nan,1.994420224,nan,nan,4.0,0.0,4,nan
53.30388918717702,16.36690647482014,nan,0.0,nan,1.994420224,nan,nan,4.0,0.0,4,nan
53.32056192159653,16.36690647482014,nan,0.0,nan,1.994420224,nan,nan,4.0,0.0,4,nan
53.337234731515245,12.230215827338132,nan,0.0,nan,1.994420224,nan,nan,3.0,0.0,4,nan
53.353907044728594,12.230215827338132,nan,0.0,nan,1.994420224,nan,nan,3.0,0.0,4,nan
53.37057934602102,12.230215827338132,nan,0.0,nan,1.994420224,nan,nan,3.0,0.0,4,nan
53.38725191752116,12.230215827338132,nan,0.0,nan,1.994420224,nan,nan,3.0,0.0,4,nan
53.40392366250356,12.230215827338132,nan,0.0,nan,1.994420224,nan,nan,3.0,0.0,4,nan
53.420595705509186,12.410071942446043,nan,0.0,nan,1.994420224,nan,nan,3.0,0.0,4,nan
53.43726754983266,12.410071942446043,nan,0.0,nan,1.994420224,nan,nan,3.0,0.0,4,nan
53.453939600785574,16.546762589928054,nan,0.0,nan,1.994420224,nan,nan,4.0,0.0,4,nan
53.47061175107956,16.726618705035968,nan,0.0,nan,1.994420224,nan,nan,4.0,0.0,4,nan
53.487283595403035,16.726618705035968,nan,0.0,nan,1.994420224,nan,nan,4.0,0.0,4,nan
53.503954497973126,16.726618705035968,nan,0.0,nan,1.994420224,nan,nan,4.0,0.0,4,nan
53.52062478462855,12.589928057553957,nan,0.0,nan,1.994420224,nan,nan,3.0,0.0,4,nan
53.537297976017,12.589928057553957,nan,0.0,nan,1.994420224,nan,nan,3.0,0.0,4,nan
53.55396864414215,16.90647482014388,nan,0.0,nan,1.994420224,nan,nan,4.0,0.0,4,nan
53.57064043283462,16.90647482014388,nan,0.0,nan,1.994420224,nan,nan,4.0,0.0,4,nan
53.58731462558111,16.90647482014388,nan,0.0,nan,1.994420224,nan,nan,4.0,0.0,4,nan
53.603985118865964,16.90647482014388,nan,0.0,nan,1.994420224,nan,nan,4.0,0.0,4,nan
53.62065698305766,16.90647482014388,nan,0.0,nan,1.994420224,nan,nan,4.0,0.0,4,nan
53.63732726971308,12.589928057553957,nan,0.0,nan,1.994420224,nan,nan,3.0,0.0,4,nan
53.65400045315425,12.589928057553957,nan,0.0,nan,1.994420224,nan,nan,3.0,0.0,4,nan
53.670673898855846,12.589928057553957,nan,0.0,nan,1.994420224,nan,nan,3.0,0.0,4,nan
53.6873463233312,12.589928057553957,nan,0.0,nan,1.996517376,nan,nan,3.0,0.0,4,nan
53.704018859068555,12.589928057553957,nan,0.0,nan,1.996517376,nan,nan,3.0,0.0,4,nan
53.72069024642308,12.589928057553957,nan,0.0,nan,1.996517376,nan,nan,3.0,0.0,4,nan
53.737363290786746,12.769784172661868,nan,0.0,nan,1.996517376,nan,nan,3.0,0.0,4,nan
53.75403514305751,12.769784172661868,nan,0.0,nan,1.996517376,nan,nan,3.0,0.0,4,nan
53.77071062723795,12.769784172661868,nan,0.0,nan,1.996517376,nan,nan,3.0,0.0,4,nan
53.787384470303856,12.769784172661868,nan,0.0,nan,1.996517376,nan,nan,3.0,0.0,4,nan
53.8040566722552,12.769784172661868,nan,0.0,nan,1.996517376,nan,nan,3.0,0.0,4,nan
53.82072803179423,17.0863309352518,nan,0.0,nan,1.996517376,nan,nan,4.0,0.0,4,nan
53.837403972943626,17.0863309352518,nan,0.0,nan,1.996517376,nan,nan,4.0,0.0,4,nan
53.85407433907191,12.769784172661868,nan,0.0,nan,1.996517376,nan,nan,3.0,0.0,4,nan
53.87074397404989,12.769784172661868,nan,0.0,nan,1.996517376,nan,nan,3.0,0.0,4,nan
53.88741587797801,12.769784172661868,nan,0.0,nan,1.996517376,nan,nan,3.0,0.0,4,nan
53.904090746243796,12.769784172661868,nan,0.0,nan,1.996517376,nan,nan,3.0,0.0,4,nan
53.92076886892319,17.0863309352518,nan,0.0,nan,1.996517376,nan,nan,4.0,0.0,4,nan
53.93743806680043,17.0863309352518,nan,0.0,nan,1.996517376,nan,nan,4.0,0.0,4,nan
53.95411332448324,17.0863309352518,nan,0.0,nan,1.996517376,nan,nan,4.0,0.0,4,nan
53.97078417539596,17.266187050359715,nan,0.0,nan,1.996517376,nan,nan,4.0,0.0,4,nan
53.987456087271376,17.266187050359715,nan,0.0,nan,1.996517376,nan,nan,4.0,0.0,4,nan
54.00412830909093,17.266187050359715,nan,0.0,nan,1.996517376,nan,nan,4.0,0.0,4,nan
54.02080065409343,17.44604316546763,nan,0.0,nan,1.996517376,nan,nan,4.0,0.0,4,nan
54.03747487465541,17.44604316546763,nan,0.0,nan,1.996517376,nan,nan,4.0,0.0,4,nan
54.05414409240087,17.44604316546763,nan,0.0,nan,1.996517376,nan,nan,4.0,0.0,4,nan
54.07081878980001,17.44604316546763,nan,0.0,nan,1.996517376,nan,nan,4.0,0.0,4,nan
54.087488146622974,17.44604316546763,nan,0.0,nan,1.996517376,nan,nan,4.0,0.0,4,nan
54.1041606148084,17.44604316546763,nan,0.0,nan,1.996517376,nan,nan,4.0,0.0,4,nan
54.120839178562164,13.129496402877693,nan,0.0,nan,1.996517376,nan,nan,3.0,0.0,4,nan
54.13751453558604,17.625899280575542,nan,0.0,nan,1.996517376,nan,nan,4.0,0.0,4,nan
54.15418396393458,17.625899280575542,nan,0.0,nan,1.996517376,nan,nan,4.0,0.0,4,nan
54.170853622754414,17.625899280575542,nan,0.0,nan,1.996517376,nan,nan,4.0,0.0,4,nan
54.18752374251684,17.625899280575542,nan,0.0,nan,1.996517376,nan,nan,4.0,0.0,4,nan
54.20420339504878,17.625899280575542,nan,0.0,nan,1.996517376,nan,nan,4.0,0.0,4,nan
54.22087478637695,17.625899280575542,nan,0.0,nan,1.996517376,nan,nan,4.0,0.0,4,nan
54.23754717508952,17.625899280575542,nan,0.0,nan,1.996517376,nan,nan,4.0,0.0,4,nan
54.25421998500824,17.625899280575542,nan,0.0,nan,1.996517376,nan,nan,4.0,0.0,4,nan
54.27089526255926,17.625899280575542,nan,0.0,nan,1.996517376,nan,nan,4.0,0.0,4,nan
54.28756590684255,17.805755395683455,nan,0.0,nan,1.996517376,nan,nan,4.0,0.0,4,nan
54.30423906644185,17.805755395683455,nan,0.0,nan,1.996517376,nan,nan,4.0,0.0,4,nan
54.320910016695656,17.805755395683455,nan,0.0,nan,1.996517376,nan,nan,4.0,0.0,4,nan
54.337580887476605,14.028776978417268,nan,0.0,nan,1.996517376,nan,nan,3.0,0.0,4,nan
54.35425543785095,16.36690647482014,nan,0.0,nan,1.996517376,nan,nan,4.0,0.0,4,nan
54.37092752059301,16.546762589928054,nan,0.0,nan,1.996517376,nan,nan,4.0,0.0,4,nan
54.38759694894155,16.546762589928054,nan,0.0,nan,1.996517376,nan,nan,4.0,0.0,4,nan
54.40426628192266,16.546762589928054,nan,0.0,nan,1.996517376,nan,nan,4.0,0.0,4,nan
54.42094091176987,16.546762589928054,nan,0.0,nan,1.996517376,nan,nan,4.0,0.0,4,nan
54.437619829177855,16.546762589928054,nan,0.0,nan,1.996517376,nan,nan,4.0,0.0,4,nan
54.454293286800386,16.546762589928054,nan,0.0,nan,1.996517376,nan,nan,4.0,0.0,4,nan
54.47096302509308,16.546762589928054,nan,0.0,nan,1.996517376,nan,nan,4.0,0.0,4,nan
54.487635997931164,16.546762589928054,nan,0.0,nan,1.996517376,nan,nan,4.0,0.0,4,nan
54.50430589914322,16.546762589928054,nan,0.0,nan,1.996517376,nan,nan,4.0,0.0,4,nan
54.5209764679273,16.546762589928054,nan,0.0,nan,1.996517376,nan,nan,4.0,0.0,4,nan
54.53765063683192,16.726618705035968,nan,0.0,nan,1.996517376,nan,nan,4.0,0.0,4,nan
54.5543235262235,12.230215827338132,nan,0.0,nan,1.996517376,nan,nan,3.0,0.0,4,nan
54.57099657853444,16.726618705035968,nan,0.0,nan,1.996517376,nan,nan,4.0,0.0,4,nan
54.587667151292166,16.726618705035968,nan,0.0,nan,1.996517376,nan,nan,4.0,0.0,4,nan
54.60433911482493,16.726618705035968,nan,0.0,nan,1.996517376,nan,nan,4.0,0.0,4,nan
54.62101115783056,16.726618705035968,nan,0.0,nan,1.996517376,nan,nan,4.0,0.0,4,nan
54.637688434123994,16.726618705035968,nan,0.0,nan,1.996517376,nan,nan,4.0,0.0,4,nan
54.654357465108234,16.726618705035968,nan,0.0,nan,1.996517376,nan,nan,4.0,0.0,4,nan
54.67102651596069,16.726618705035968,nan,0.0,nan,1.996517376,nan,nan,4.0,0.0,4,nan
54.687695586681365,16.726618705035968,nan,0.0,nan,1.996517376,nan,nan,4.0,0.0,4,nan
54.704367860158285,16.726618705035968,nan,0.0,nan,1.996517376,nan,nan,4.0,0.0,4,nan
54.72104123036067,16.726618705035968,nan,0.0,nan,1.996517376,nan,nan,4.0,0.0,4,nan
54.73771873315175,16.726618705035968,nan,0.0,nan,1.996517376,nan,nan,4.0,0.0,4,nan
54.754391833146414,16.726618705035968,nan,0.0,nan,1.996517376,nan,nan,4.0,0.0,4,nan
54.77106247345606,16.726618705035968,nan,0.0,nan,1.996517376,nan,nan,4.0,0.0,4,nan
54.787735879421234,16.726618705035968,nan,0.0,nan,1.996517376,nan,nan,4.0,0.0,4,nan
54.80440589189529,16.726618705035968,nan,0.0,nan,1.996517376,nan,nan,4.0,0.0,4,nan
54.82107496261597,16.726618705035968,nan,0.0,nan,1.996517376,nan,nan,4.0,0.0,4,nan
54.83774393399556,16.90647482014388,nan,0.0,nan,1.996517376,nan,nan,4.0,0.0,4,nan
54.85441714127858,17.0863309352518,nan,0.0,nan,1.996517376,nan,nan,4.0,0.0,4,nan
54.87108713388443,17.0863309352518,nan,0.0,nan,1.996517376,nan,nan,4.0,0.0,4,nan
54.88775779803594,17.0863309352518,nan,0.0,nan,1.996517376,nan,nan,4.0,0.0,4,nan
54.90442957083384,17.0863309352518,nan,0.0,nan,1.996517376,nan,nan,4.0,0.0,4,nan
54.92110119263331,17.266187050359715,nan,0.0,nan,1.996517376,nan,nan,4.0,0.0,4,nan
54.937773152192435,17.266187050359715,nan,0.0,nan,1.996517376,nan,nan,4.0,0.0,4,nan
54.95444421370824,17.266187050359715,nan,0.0,nan,1.996517376,nan,nan,4.0,0.0,4,nan
54.97111767133077,17.266187050359715,nan,0.0,nan,1.996517376,nan,nan,4.0,0.0,4,nan
54.9877900203069,17.266187050359715,nan,0.0,nan,1.996517376,nan,nan,4.0,0.0,4,nan
55.0044618288676,17.266187050359715,nan,0.0,nan,1.996517376,nan,nan,4.0,0.0,4,nan
55.02113313674927,17.266187050359715,nan,0.0,nan,1.996517376,nan,nan,4.0,0.0,4,nan
55.03780463139216,17.266187050359715,nan,0.0,nan,1.996517376,nan,nan,4.0,0.0,4,nan
55.05447439352671,17.266187050359715,nan,0.0,nan,1.996517376,nan,nan,4.0,0.0,4,nan
55.07114697694779,11.330935251798557,nan,0.0,nan,1.996517376,nan,nan,3.0,0.0,4,nan
55.08782625595729,16.546762589928054,nan,0.0,nan,1.996517376,nan,nan,4.0,0.0,4,nan
55.10450160106023,16.546762589928054,nan,0.0,nan,1.996517376,nan,nan,4.0,0.0,4,nan
55.12117661237717,11.330935251798557,nan,0.0,nan,2.002808832,nan,nan,3.0,0.0,4,nan
55.13784675598144,16.546762589928054,nan,0.0,nan,2.002808832,nan,nan,4.0,0.0,4,nan
55.15451902945836,16.546762589928054,nan,0.0,nan,2.002808832,nan,nan,4.0,0.0,4,nan
55.17119056383769,16.546762589928054,nan,0.0,nan,2.002808832,nan,nan,4.0,0.0,4,nan
55.187864073117574,16.546762589928054,nan,0.0,nan,2.002808832,nan,nan,4.0,0.0,4,nan
55.20453468163808,16.546762589928054,nan,0.0,nan,2.002808832,nan,nan,4.0,0.0,4,nan
55.221206744511925,16.546762589928054,nan,0.0,nan,2.002808832,nan,nan,4.0,0.0,4,nan
55.237878529230755,11.870503597122307,nan,0.0,nan,2.002808832,nan,nan,3.0,0.0,4,nan
55.25455157359441,11.870503597122307,nan,0.0,nan,2.002808832,nan,nan,3.0,0.0,4,nan
55.27122613588969,11.330935251798557,nan,0.0,nan,2.002808832,nan,nan,3.0,0.0,4,nan
55.287903702259065,16.546762589928054,nan,0.0,nan,2.002808832,nan,nan,4.0,0.0,4,nan
55.30457557837168,16.546762589928054,nan,0.0,nan,2.002808832,nan,nan,4.0,0.0,4,nan
55.32124584515889,11.330935251798557,nan,0.0,nan,2.01119744,nan,nan,3.0,0.0,4,nan
55.337918702761336,16.546762589928054,nan,0.0,nan,2.01119744,nan,nan,4.0,0.0,4,nan
55.35459170341492,16.546762589928054,nan,0.0,nan,2.01119744,nan,nan,4.0,0.0,4,nan
55.37127170960108,6.654676258992809,nan,0.0,nan,2.027974656,nan,nan,2.0,0.0,4,nan
55.38794427315394,11.870503597122307,nan,0.0,nan,2.030071808,nan,nan,3.0,0.0,4,nan
55.40461810827255,12.050359712230218,nan,0.0,nan,2.030071808,nan,nan,3.0,0.0,4,nan
55.42129379908244,12.050359712230218,nan,0.0,nan,2.030071808,nan,nan,3.0,0.0,4,nan
55.43796853224436,12.050359712230218,nan,0.0,nan,2.030071808,nan,nan,3.0,0.0,4,nan
55.454638469219205,12.050359712230218,nan,0.0,nan,2.030071808,nan,nan,3.0,0.0,4,nan
55.471308290958405,12.050359712230218,nan,0.0,nan,2.030071808,nan,nan,3.0,0.0,4,nan
55.487980667750044,12.410071942446043,nan,0.0,nan,2.030071808,nan,nan,3.0,0.0,4,nan
55.504651900132494,12.410071942446043,nan,0.0,nan,2.030071808,nan,nan,3.0,0.0,4,nan
55.52132254441579,12.410071942446043,nan,0.0,nan,2.030071808,nan,nan,3.0,0.0,4,nan
55.53799419403076,12.410071942446043,nan,0.0,nan,2.030071808,nan,nan,3.0,0.0,4,nan
55.55466904242834,12.410071942446043,nan,0.0,nan,2.030071808,nan,nan,3.0,0.0,4,nan
55.5713415702184,12.410071942446043,nan,0.0,nan,2.030071808,nan,nan,3.0,0.0,4,nan
55.58801445563634,12.410071942446043,nan,0.0,nan,2.030071808,nan,nan,3.0,0.0,4,nan
55.60468735694885,17.0863309352518,nan,0.0,nan,2.030071808,nan,nan,4.0,0.0,4,nan
55.62135969003042,17.0863309352518,nan,0.0,nan,2.030071808,nan,nan,4.0,0.0,4,nan
55.63803465763728,17.0863309352518,nan,0.0,nan,2.030071808,nan,nan,4.0,0.0,4,nan
55.65470697879791,17.0863309352518,nan,0.0,nan,2.030071808,nan,nan,4.0,0.0,4,nan
55.671380162239075,12.410071942446043,nan,0.0,nan,2.030071808,nan,nan,3.0,0.0,4,nan
55.688052181402846,12.410071942446043,nan,0.0,nan,2.030071808,nan,nan,3.0,0.0,4,nan
55.70472416480382,12.410071942446043,nan,0.0,nan,2.030071808,nan,nan,3.0,0.0,4,nan
55.721396466096245,12.410071942446043,nan,0.0,nan,2.030071808,nan,nan,3.0,0.0,4,nan
55.73806998332341,12.410071942446043,nan,0.0,nan,2.030071808,nan,nan,3.0,0.0,4,nan
55.7547437230746,12.410071942446043,nan,0.0,nan,2.030071808,nan,nan,3.0,0.0,4,nan
55.77141709327698,17.0863309352518,nan,0.0,nan,2.030071808,nan,nan,4.0,0.0,4,nan
55.788093050320946,17.0863309352518,nan,0.0,nan,2.030071808,nan,nan,4.0,0.0,4,nan
55.804771606127424,17.266187050359715,nan,0.0,nan,2.030071808,nan,nan,4.0,0.0,4,nan
55.82144149541855,17.266187050359715,nan,0.0,nan,2.030071808,nan,nan,4.0,0.0,4,nan
55.83811242977778,16.726618705035968,nan,0.0,nan,2.030071808,nan,nan,4.0,0.0,4,nan
55.85478624105453,16.36690647482014,nan,0.0,nan,2.030071808,nan,nan,4.0,0.0,4,nan
55.87145811716716,16.36690647482014,nan,0.0,nan,2.030071808,nan,nan,4.0,0.0,4,nan
55.88812856674194,16.36690647482014,nan,0.0,nan,2.030071808,nan,nan,4.0,0.0,4,nan
55.904802775383,16.36690647482014,nan,0.0,nan,2.030071808,nan,nan,4.0,0.0,4,nan
55.92147468328476,16.36690647482014,nan,0.0,nan,2.030071808,nan,nan,4.0,0.0,4,nan
55.938146742184955,16.36690647482014,nan,0.0,nan,2.030071808,nan,nan,4.0,0.0,4,nan
55.95481690565745,16.36690647482014,nan,0.0,nan,2.030071808,nan,nan,4.0,0.0,4,nan
55.97148939371109,13.129496402877693,nan,0.0,nan,2.030071808,nan,nan,3.0,0.0,4,nan
55.988159322738646,11.51079136690647,nan,0.0,nan,2.030071808,nan,nan,3.0,0.0,4,nan
56.0048312664032,16.36690647482014,nan,0.0,nan,2.030071808,nan,nan,4.0,0.0,4,nan
56.021503166357675,16.36690647482014,nan,0.0,nan,2.030071808,nan,nan,4.0,0.0,4,nan
56.03817612330119,16.726618705035968,nan,0.0,nan,2.030071808,nan,nan,4.0,0.0,4,nan
56.0548477490743,16.726618705035968,nan,0.0,nan,2.030071808,nan,nan,4.0,0.0,4,nan
56.07152156829834,16.726618705035968,nan,0.0,nan,2.030071808,nan,nan,4.0,0.0,4,nan
56.0881946404775,16.726618705035968,nan,0.0,nan,2.030071808,nan,nan,4.0,0.0,4,nan
56.104868813355765,16.726618705035968,nan,0.0,nan,2.030071808,nan,nan,4.0,0.0,4,nan
56.12154013713201,13.48920863309353,nan,0.0,nan,2.030071808,nan,nan,3.0,0.0,4,nan
56.138212168216704,16.726618705035968,nan,0.0,nan,2.030071808,nan,nan,4.0,0.0,4,nan
56.15488303502401,16.726618705035968,nan,0.0,nan,2.030071808,nan,nan,4.0,0.0,4,nan
56.17155626614888,16.726618705035968,nan,0.0,nan,2.030071808,nan,nan,4.0,0.0,4,nan
56.18822688261668,16.90647482014388,nan,0.0,nan,2.030071808,nan,nan,4.0,0.0,4,nan
56.20490330060323,16.726618705035968,nan,0.0,nan,2.030071808,nan,nan,4.0,0.0,4,nan
56.22157568136851,16.726618705035968,nan,0.0,nan,2.030071808,nan,nan,4.0,0.0,4,nan
56.23824798663457,16.726618705035968,nan,0.0,nan,2.030071808,nan,nan,4.0,0.0,4,nan
56.2549210747083,16.726618705035968,nan,0.0,nan,2.030071808,nan,nan,4.0,0.0,4,nan
56.27159265677134,16.90647482014388,nan,0.0,nan,2.030071808,nan,nan,4.0,0.0,4,nan
56.28826929330826,16.90647482014388,nan,0.0,nan,2.030071808,nan,nan,4.0,0.0,4,nan
56.30493956406911,16.90647482014388,nan,0.0,nan,2.030071808,nan,nan,4.0,0.0,4,nan
56.321612147490185,16.90647482014388,nan,0.0,nan,2.030071808,nan,nan,4.0,0.0,4,nan
56.3382847070694,16.90647482014388,nan,0.0,nan,2.030071808,nan,nan,4.0,0.0,4,nan
56.35495677391688,16.90647482014388,nan,0.0,nan,2.030071808,nan,nan,4.0,0.0,4,nan
56.371629858016966,17.0863309352518,nan,0.0,nan,2.030071808,nan,nan,4.0,0.0,4,nan
56.388302048047386,17.0863309352518,nan,0.0,nan,2.030071808,nan,nan,4.0,0.0,4,nan
56.404975461959836,17.0863309352518,nan,0.0,nan,2.030071808,nan,nan,4.0,0.0,4,nan
56.42164639234543,17.0863309352518,nan,0.0,nan,2.030071808,nan,nan,4.0,0.0,4,nan
56.438318220774335,17.0863309352518,nan,0.0,nan,2.030071808,nan,nan,4.0,0.0,4,nan
56.45499075651169,17.0863309352518,nan,0.0,nan,2.030071808,nan,nan,4.0,0.0,4,nan
56.47166929642359,17.0863309352518,nan,0.0,nan,2.030071808,nan,nan,4.0,0.0,4,nan
56.48834404945374,17.0863309352518,nan,0.0,nan,2.030071808,nan,nan,4.0,0.0,4,nan
56.505021663506824,17.0863309352518,nan,0.0,nan,2.030071808,nan,nan,4.0,0.0,4,nan
56.52169112364451,17.0863309352518,nan,0.0,nan,2.030071808,nan,nan,4.0,0.0,4,nan
56.538364064693454,12.050359712230218,nan,0.0,nan,2.030071808,nan,nan,3.0,0.0,4,nan
56.555033922195435,12.050359712230218,nan,0.0,nan,2.03216896,nan,nan,3.0,0.0,4,nan
56.57170422474543,12.050359712230218,nan,0.0,nan,2.03216896,nan,nan,3.0,0.0,4,nan
56.58837681214015,12.050359712230218,nan,0.0,nan,2.038460416,nan,nan,3.0,0.0,4,nan
56.60505204598109,12.410071942446043,nan,0.0,nan,2.038460416,nan,nan,3.0,0.0,4,nan
56.62172356446584,12.410071942446043,nan,0.0,nan,2.038460416,nan,nan,3.0,0.0,4,nan
56.6383956193924,12.410071942446043,nan,0.0,nan,1.209810944,nan,nan,3.0,0.0,4,nan
56.65507102409999,12.410071942446043,nan,0.0,nan,1.20600576,nan,nan,3.0,0.0,3,nan
56.67174430290858,12.410071942446043,nan,0.0,nan,1.20600576,nan,nan,3.0,0.0,3,nan
56.68841871023178,12.410071942446043,nan,0.0,nan,1.20600576,nan,nan,3.0,0.0,3,nan
56.70508993466695,12.410071942446043,nan,0.0,nan,1.20600576,nan,nan,3.0,0.0,3,nan
56.72176200946172,12.410071942446043,nan,0.0,nan,1.20600576,nan,nan,3.0,0.0,3,nan
56.73843442598979,12.410071942446043,nan,0.0,nan,1.20600576,nan,nan,3.0,0.0,3,nan
56.755106588204704,12.410071942446043,nan,0.0,nan,1.20600576,nan,nan,3.0,0.0,3,nan
56.77177731990814,12.410071942446043,nan,0.0,nan,1.20600576,nan,nan,3.0,0.0,3,nan
56.78845212856928,12.410071942446043,nan,0.0,nan,1.20600576,nan,nan,3.0,0.0,3,nan
56.80512337684631,12.410071942446043,nan,0.0,nan,1.20600576,nan,nan,3.0,0.0,3,nan
56.82179599603017,12.410071942446043,nan,0.0,nan,1.20600576,nan,nan,3.0,0.0,3,nan
56.838468515872954,12.410071942446043,nan,0.0,nan,1.20600576,nan,nan,3.0,0.0,3,nan
56.855141536394754,12.410071942446043,nan,0.0,nan,1.20600576,nan,nan,3.0,0.0,3,nan
56.871813829739885,12.410071942446043,nan,0.0,nan,1.20600576,nan,nan,3.0,0.0,3,nan
56.88848593235016,12.410071942446043,nan,0.0,nan,1.20600576,nan,nan,3.0,0.0,3,nan
56.905158686637876,13.129496402877693,nan,0.0,nan,1.20600576,nan,nan,3.0,0.0,3,nan
56.92183076540629,12.589928057553957,nan,0.0,nan,1.20600576,nan,nan,3.0,0.0,3,nan
56.93850422302882,12.589928057553957,nan,0.0,nan,1.20600576,nan,nan,3.0,0.0,3,nan
56.95517731110255,12.589928057553957,nan,0.0,nan,1.20600576,nan,nan,3.0,0.0,3,nan
56.9718528230985,12.589928057553957,nan,0.0,nan,1.20600576,nan,nan,3.0,0.0,3,nan
56.988524993260704,12.589928057553957,nan,0.0,nan,1.20600576,nan,nan,3.0,0.0,3,nan
57.005197338263194,12.589928057553957,nan,0.0,nan,1.20600576,nan,nan,3.0,0.0,3,nan
57.0218691666921,12.589928057553957,nan,0.0,nan,1.20600576,nan,nan,3.0,0.0,3,nan
57.03854111433029,12.589928057553957,nan,0.0,nan,1.20600576,nan,nan,3.0,0.0,3,nan
57.05521924495697,12.589928057553957,nan,0.0,nan,1.20600576,nan,nan,3.0,0.0,3,nan
57.07189376354218,12.589928057553957,nan,0.0,nan,1.20600576,nan,nan,3.0,0.0,3,nan
57.088568230470024,12.589928057553957,nan,0.0,nan,1.20600576,nan,nan,3.0,0.0,3,nan
57.10524019002914,12.589928057553957,nan,0.0,nan,1.20600576,nan,nan,3.0,0.0,3,nan
57.12191082239151,12.589928057553957,nan,0.0,nan,1.20600576,nan,nan,3.0,0.0,3,nan
57.13858530918757,12.949640287769782,nan,0.0,nan,1.20600576,nan,nan,3.0,0.0,3,nan
57.155257642269135,12.949640287769782,nan,0.0,nan,1.20600576,nan,nan,3.0,0.0,3,nan
57.171929442882536,12.949640287769782,nan,0.0,nan,1.20600576,nan,nan,3.0,0.0,3,nan
57.18860242366791,12.949640287769782,nan,0.0,nan,1.20600576,nan,nan,3.0,0.0,3,nan
57.205274438858034,12.949640287769782,nan,0.0,nan,1.20600576,nan,nan,3.0,0.0,3,nan
57.22194706598918,12.949640287769782,nan,0.0,nan,1.20600576,nan,nan,3.0,0.0,3,nan
57.238620245456694,12.949640287769782,nan,0.0,nan,1.20600576,nan,nan,3.0,0.0,3,nan
57.25529237985611,12.949640287769782,nan,0.0,nan,1.20600576,nan,nan,3.0,0.0,3,nan
57.271969230969745,12.949640287769782,nan,0.0,nan,1.20600576,nan,nan,3.0,0.0,3,nan
57.288642315069836,12.949640287769782,nan,0.0,nan,1.20600576,nan,nan,3.0,0.0,3,nan
57.30531366268794,12.949640287769782,nan,0.0,nan,1.20600576,nan,nan,3.0,0.0,3,nan
57.321985669930775,12.949640287769782,nan,0.0,nan,1.20600576,nan,nan,3.0,0.0,3,nan
57.3386581381162,12.949640287769782,nan,0.0,nan,1.20600576,nan,nan,3.0,0.0,3,nan
57.35533499320348,12.949640287769782,nan,0.0,nan,1.20600576,nan,nan,3.0,0.0,3,nan
57.372007139523824,12.949640287769782,nan,0.0,nan,1.20600576,nan,nan,3.0,0.0,3,nan
57.388679802417755,12.949640287769782,nan,0.0,nan,1.20600576,nan,nan,3.0,0.0,3,nan
57.40535244146983,12.949640287769782,nan,0.0,nan,1.20600576,nan,nan,3.0,0.0,3,nan
57.422024544080095,12.949640287769782,nan,0.0,nan,1.20600576,nan,nan,3.0,0.0,3,nan
57.438696547349295,12.949640287769782,nan,0.0,nan,1.20600576,nan,nan,3.0,0.0,3,nan
57.455369468530016,13.129496402877693,nan,0.0,nan,1.20600576,nan,nan,3.0,0.0,3,nan
57.47204183737437,13.129496402877693,nan,0.0,nan,1.20600576,nan,nan,3.0,0.0,3,nan
57.488713904221854,13.129496402877693,nan,0.0,nan,1.20600576,nan,nan,3.0,0.0,3,nan
57.50538600285848,13.129496402877693,nan,0.0,nan,1.20600576,nan,nan,3.0,0.0,3,nan
57.5220581928889,13.129496402877693,nan,0.0,nan,1.20600576,nan,nan,3.0,0.0,3,nan
57.538729798793796,13.129496402877693,nan,0.0,nan,1.20600576,nan,nan,3.0,0.0,3,nan
57.55540119409561,13.129496402877693,nan,0.0,nan,1.20600576,nan,nan,3.0,0.0,3,nan
57.57207493384679,13.129496402877693,nan,0.0,nan,1.20600576,nan,nan,3.0,0.0,3,nan
57.58874586025874,13.129496402877693,nan,0.0,nan,1.20600576,nan,nan,3.0,0.0,3,nan
57.60541713635127,13.129496402877693,nan,0.0,nan,1.20600576,nan,nan,3.0,0.0,3,nan
57.62208952109019,13.129496402877693,nan,0.0,nan,1.20600576,nan,nan,3.0,0.0,3,nan
57.638763511180876,13.129496402877693,nan,0.0,nan,1.20600576,nan,nan,3.0,0.0,3,nan
57.655434723695116,13.129496402877693,nan,0.0,nan,1.20600576,nan,nan,3.0,0.0,3,nan
57.67210676670074,13.48920863309353,nan,0.0,nan,1.20600576,nan,nan,3.0,0.0,3,nan
57.688777955373126,13.48920863309353,nan,0.0,nan,1.20600576,nan,nan,3.0,0.0,3,nan
57.70545239448548,13.48920863309353,nan,0.0,nan,1.20600576,nan,nan,3.0,0.0,3,nan
57.722124302387236,13.48920863309353,nan,0.0,nan,1.20600576,nan,nan,3.0,0.0,3,nan
57.73879679441452,13.48920863309353,nan,0.0,nan,1.20600576,nan,nan,3.0,0.0,3,nan
57.75546828905741,13.48920863309353,nan,0.0,nan,1.20600576,nan,nan,3.0,0.0,3,nan
57.77214169899623,13.48920863309353,nan,0.0,nan,1.20600576,nan,nan,3.0,0.0,3,nan
57.78881347179413,13.48920863309353,nan,0.0,nan,1.20600576,nan,nan,3.0,0.0,3,nan
57.805485550562544,13.48920863309353,nan,0.0,nan,1.20600576,nan,nan,3.0,0.0,3,nan
57.82215746641159,13.48920863309353,nan,0.0,nan,1.20600576,nan,nan,3.0,0.0,3,nan
57.838830665747324,13.48920863309353,nan,0.0,nan,1.20600576,nan,nan,3.0,0.0,3,nan
57.855501826604204,13.48920863309353,nan,0.0,nan,1.20600576,nan,nan,3.0,0.0,3,nan
57.872173643112184,13.48920863309353,nan,0.0,nan,1.20600576,nan,nan,3.0,0.0,3,nan
57.888846429189044,13.48920863309353,nan,0.0,nan,1.20600576,nan,nan,3.0,0.0,3,nan
57.90552001794179,13.48920863309353,nan,0.0,nan,1.20600576,nan,nan,3.0,0.0,3,nan
57.92219181458155,13.48920863309353,nan,0.0,nan,1.20600576,nan,nan,3.0,0.0,3,nan
57.9388707836469,13.48920863309353,nan,0.0,nan,1.20600576,nan,nan,3.0,0.0,3,nan
57.95554325580597,13.48920863309353,nan,0.0,nan,1.20600576,nan,nan,3.0,0.0,3,nan
57.972221271197,13.48920863309353,nan,0.0,nan,1.20600576,nan,nan,3.0,0.0,3,nan
57.98889367977778,13.669064748201443,nan,0.0,nan,1.20600576,nan,nan,3.0,0.0,3,nan
58.00556884209315,13.669064748201443,nan,0.0,nan,1.20600576,nan,nan,3.0,0.0,3,nan
58.02224066257477,13.669064748201443,nan,0.0,nan,1.20600576,nan,nan,3.0,0.0,3,nan
58.038914155960086,13.669064748201443,nan,0.0,nan,1.20600576,nan,nan,3.0,0.0,3,nan
58.05558644135793,13.669064748201443,nan,0.0,nan,1.20600576,nan,nan,3.0,0.0,3,nan
58.0722593943278,13.669064748201443,nan,0.0,nan,1.20600576,nan,nan,3.0,0.0,3,nan
58.08893476724624,13.669064748201443,nan,0.0,nan,1.20600576,nan,nan,3.0,0.0,3,nan
58.105608038107555,13.669064748201443,nan,0.0,nan,1.20600576,nan,nan,3.0,0.0,3,nan
58.12228001356125,13.669064748201443,nan,0.0,nan,1.20600576,nan,nan,3.0,0.0,3,nan
58.13895222345988,13.669064748201443,nan,0.0,nan,1.20600576,nan,nan,3.0,0.0,3,nan
58.15562433004379,13.669064748201443,nan,0.0,nan,1.20600576,nan,nan,3.0,0.0,3,nan
58.172303116321565,12.949640287769782,nan,0.0,nan,1.20600576,nan,nan,3.0,0.0,3,nan
58.188973716894786,12.589928057553957,nan,0.0,nan,1.20600576,nan,nan,3.0,0.0,3,nan
58.20564696788788,12.769784172661868,nan,0.0,nan,1.20600576,nan,nan,3.0,0.0,3,nan
58.222319674491885,12.769784172661868,nan,0.0,nan,1.20600576,nan,nan,3.0,0.0,3,nan
58.238995067278545,6.474820143884896,nan,0.0,nan,1.20600576,nan,nan,2.0,0.0,3,nan
58.25566936731339,11.870503597122307,nan,0.0,nan,1.20600576,nan,nan,3.0,0.0,3,nan
58.27234148979187,6.474820143884896,nan,0.0,nan,1.20600576,nan,nan,2.0,0.0,3,nan
58.28901316722234,11.870503597122307,nan,0.0,nan,1.20600576,nan,nan,3.0,0.0,3,nan
58.305683863163,6.474820143884896,nan,0.0,nan,1.20600576,nan,nan,2.0,0.0,3,nan
58.32235738436381,11.870503597122307,nan,0.0,nan,1.20600576,nan,nan,3.0,0.0,3,nan
58.33902993996938,11.870503597122307,nan,0.0,nan,1.20600576,nan,nan,3.0,0.0,3,nan
58.35570307572683,11.870503597122307,nan,0.0,nan,1.20600576,nan,nan,3.0,0.0,3,nan
58.37237457434336,11.870503597122307,nan,0.0,nan,1.20600576,nan,nan,3.0,0.0,3,nan
58.38904636303584,11.870503597122307,nan,0.0,nan,1.20600576,nan,nan,3.0,0.0,3,nan
58.4057176232338,11.870503597122307,nan,0.0,nan,1.20600576,nan,nan,3.0,0.0,3,nan
58.42238914171855,11.870503597122307,nan,0.0,nan,1.20600576,nan,nan,3.0,0.0,3,nan
58.43906097809474,11.870503597122307,nan,0.0,nan,1.20600576,nan,nan,3.0,0.0,3,nan
58.455739533901216,11.870503597122307,nan,0.0,nan,1.20600576,nan,nan,3.0,0.0,3,nan
58.47240862051646,11.870503597122307,nan,0.0,nan,1.20600576,nan,nan,3.0,0.0,3,nan
58.48908546765645,7.913669064748197,nan,0.0,nan,1.20600576,nan,nan,2.0,0.0,3,nan
58.50575621922811,8.992805755395683,nan,0.0,nan,1.20600576,nan,nan,2.0,0.0,3,nan
58.52242567141851,11.690647482014393,nan,0.0,nan,1.20600576,nan,nan,3.0,0.0,3,nan
58.5391042470932,11.690647482014393,nan,0.0,nan,1.20600576,nan,nan,3.0,0.0,3,nan
58.55577755769094,11.690647482014393,nan,0.0,nan,1.20600576,nan,nan,3.0,0.0,3,nan
58.57244982322057,8.273381294964032,nan,0.0,nan,1.20600576,nan,nan,2.0,0.0,3,nan
58.58912202914556,11.690647482014393,nan,0.0,nan,1.20600576,nan,nan,3.0,0.0,3,nan
58.605797123909,8.992805755395683,nan,0.0,nan,1.20600576,nan,nan,2.0,0.0,3,nan
58.6224685549736,11.690647482014393,nan,0.0,nan,1.20600576,nan,nan,3.0,0.0,3,nan
58.63913990656535,11.690647482014393,nan,0.0,nan,1.20600576,nan,nan,3.0,0.0,3,nan
58.655821621418,11.690647482014393,nan,0.0,nan,1.20600576,nan,nan,3.0,0.0,3,nan
58.67249037027359,5.575539568345322,nan,0.0,nan,1.208102912,nan,nan,1.0,0.0,3,nan
58.689163438479106,11.690647482014393,nan,0.0,nan,1.208102912,nan,nan,3.0,0.0,3,nan
58.705835970242816,11.690647482014393,nan,0.0,nan,1.208102912,nan,nan,3.0,0.0,3,nan
58.722508247693376,11.690647482014393,nan,0.0,nan,1.208102912,nan,nan,3.0,0.0,3,nan
58.73918002843857,11.690647482014393,nan,0.0,nan,1.208102912,nan,nan,3.0,0.0,3,nan
58.75585215091705,11.690647482014393,nan,0.0,nan,1.208102912,nan,nan,3.0,0.0,3,nan
58.77252604961395,11.690647482014393,nan,0.0,nan,1.208102912,nan,nan,3.0,0.0,3,nan
58.78920086622238,11.690647482014393,nan,0.0,nan,1.208102912,nan,nan,3.0,0.0,3,nan
58.80587290525436,11.690647482014393,nan,0.0,nan,1.208102912,nan,nan,3.0,0.0,3,nan
58.82255308230718,11.690647482014393,nan,0.0,nan,1.208102912,nan,nan,3.0,0.0,3,nan
58.83922717173894,11.690647482014393,nan,0.0,nan,1.208102912,nan,nan,3.0,0.0,3,nan
58.855898050467175,11.690647482014393,nan,0.0,nan,1.208102912,nan,nan,3.0,0.0,3,nan
58.87257035175959,8.273381294964032,nan,0.0,nan,1.208102912,nan,nan,2.0,0.0,3,nan
58.88924254576365,11.690647482014393,nan,0.0,nan,1.208102912,nan,nan,3.0,0.0,3,nan
58.905922377109526,8.992805755395683,nan,0.0,nan,1.210200064,nan,nan,2.0,0.0,3,nan
58.92260361512502,8.273381294964032,nan,0.0,nan,1.212297216,nan,nan,2.0,0.0,3,nan
58.939277013142906,11.690647482014393,nan,0.0,nan,1.212297216,nan,nan,3.0,0.0,3,nan
58.955952151616415,8.273381294964032,nan,0.0,nan,1.220685824,nan,nan,2.0,0.0,3,nan
58.97262660662333,5.575539568345322,nan,0.0,nan,1.27940608,nan,nan,1.0,0.0,3,nan
58.989302110672,11.870503597122307,nan,0.0,nan,1.27940608,nan,nan,3.0,0.0,3,nan
59.00597506761551,11.870503597122307,nan,0.0,nan,1.27940608,nan,nan,3.0,0.0,3,nan
59.02265182336171,8.453237410071946,nan,0.0,nan,1.27940608,nan,nan,2.0,0.0,3,nan
59.03932567834854,12.050359712230218,nan,0.0,nan,1.27940608,nan,nan,3.0,0.0,3,nan
59.055998067061104,12.050359712230218,nan,0.0,nan,1.27940608,nan,nan,3.0,0.0,3,nan
59.072671016057335,12.230215827338132,nan,0.0,nan,1.27940608,nan,nan,3.0,0.0,3,nan
59.08934313058853,12.230215827338132,nan,0.0,nan,1.27940608,nan,nan,3.0,0.0,3,nan
59.106020545959474,8.633093525179858,nan,0.0,nan,1.27940608,nan,nan,2.0,0.0,3,nan
59.12269296646118,8.633093525179858,nan,0.0,nan,1.291988992,nan,nan,2.0,0.0,3,nan
59.13937213420868,5.755395683453235,nan,0.0,nan,1.291988992,nan,nan,1.0,0.0,3,nan
59.15604472955068,8.633093525179858,nan,0.0,nan,1.298280448,nan,nan,2.0,0.0,3,nan
59.17272132237752,8.633093525179858,nan,0.0,nan,1.3003776,nan,nan,2.0,0.0,3,nan
59.189393719037376,8.633093525179858,nan,0.0,nan,1.304571904,nan,nan,2.0,0.0,3,nan
59.20606891711553,8.633093525179858,nan,0.0,nan,1.325543424,nan,nan,2.0,0.0,3,nan
59.22273958126704,8.633093525179858,nan,0.0,nan,1.327640576,nan,nan,2.0,0.0,3,nan
59.23941379785538,8.633093525179858,nan,0.0,nan,1.327640576,nan,nan,2.0,0.0,3,nan
59.25608619451523,8.633093525179858,nan,0.0,nan,1.327640576,nan,nan,2.0,0.0,3,nan
59.27275899251302,8.633093525179858,nan,0.0,nan,1.327640576,nan,nan,2.0,0.0,3,nan
59.28943101167679,8.633093525179858,nan,0.0,nan,1.33183488,nan,nan,2.0,0.0,3,nan
59.30610457658768,8.633093525179858,nan,0.0,nan,1.33183488,nan,nan,2.0,0.0,3,nan
59.32277704079946,8.633093525179858,nan,0.0,nan,1.33183488,nan,nan,2.0,0.0,3,nan
59.33945524295171,8.633093525179858,nan,0.0,nan,1.33183488,nan,nan,2.0,0.0,3,nan
59.35612805287043,8.633093525179858,nan,0.0,nan,1.33183488,nan,nan,2.0,0.0,3,nan
59.37280506690343,5.755395683453235,nan,0.0,nan,1.33183488,nan,nan,1.0,0.0,3,nan
59.38948095639547,12.230215827338132,nan,0.0,nan,1.33183488,nan,nan,3.0,0.0,3,nan
59.406153829892475,12.230215827338132,nan,0.0,nan,1.33183488,nan,nan,3.0,0.0,3,nan
59.42282665173213,12.230215827338132,nan,0.0,nan,1.33183488,nan,nan,3.0,0.0,3,nan
59.439505910873415,12.230215827338132,nan,0.0,nan,1.33183488,nan,nan,3.0,0.0,3,nan
59.45617853800456,8.633093525179858,nan,0.0,nan,1.33183488,nan,nan,2.0,0.0,3,nan
59.472851785024005,8.633093525179858,nan,0.0,nan,1.33183488,nan,nan,2.0,0.0,3,nan
59.48952413400014,8.633093525179858,nan,0.0,nan,1.33183488,nan,nan,2.0,0.0,3,nan
59.5062015970548,8.633093525179858,nan,0.0,nan,1.33183488,nan,nan,2.0,0.0,3,nan
59.52287428776423,8.633093525179858,nan,0.0,nan,1.33183488,nan,nan,2.0,0.0,3,nan
59.53954747915268,8.633093525179858,nan,0.0,nan,1.33183488,nan,nan,2.0,0.0,3,nan
59.556221238772075,8.633093525179858,nan,0.0,nan,1.33183488,nan,nan,2.0,0.0,3,nan
59.572895753383634,8.633093525179858,nan,0.0,nan,1.33183488,nan,nan,2.0,0.0,3,nan
59.589568277200065,8.812949640287771,nan,0.0,nan,1.33183488,nan,nan,2.0,0.0,3,nan
59.606240232785545,8.812949640287771,nan,0.0,nan,1.33183488,nan,nan,2.0,0.0,3,nan
59.62291279236476,8.812949640287771,nan,0.0,nan,1.33183488,nan,nan,2.0,0.0,3,nan
59.639585161209105,8.812949640287771,nan,0.0,nan,1.33183488,nan,nan,2.0,0.0,3,nan
59.65625900427501,8.812949640287771,nan,0.0,nan,1.33183488,nan,nan,2.0,0.0,3,nan
59.67293454011281,8.812949640287771,nan,0.0,nan,1.33183488,nan,nan,2.0,0.0,3,nan
59.68960668245951,8.812949640287771,nan,0.0,nan,1.33183488,nan,nan,2.0,0.0,3,nan
59.70627791484197,8.812949640287771,nan,0.0,nan,1.33183488,nan,nan,2.0,0.0,3,nan
59.722952445348106,8.812949640287771,nan,0.0,nan,1.33183488,nan,nan,2.0,0.0,3,nan
59.739623439311984,12.410071942446043,nan,0.0,nan,1.33183488,nan,nan,3.0,0.0,3,nan
59.756295851866405,12.410071942446043,nan,0.0,nan,1.33183488,nan,nan,3.0,0.0,3,nan
59.77296967506409,8.992805755395683,nan,0.0,nan,1.33183488,nan,nan,2.0,0.0,3,nan
59.789642588297525,8.992805755395683,nan,0.0,nan,1.33183488,nan,nan,2.0,0.0,3,nan
59.8063128789266,8.992805755395683,nan,0.0,nan,1.33183488,nan,nan,2.0,0.0,3,nan
59.82298506895701,8.992805755395683,nan,0.0,nan,1.33183488,nan,nan,2.0,0.0,3,nan
59.83965915441513,8.992805755395683,nan,0.0,nan,1.33183488,nan,nan,2.0,0.0,3,nan
59.85632935365041,8.992805755395683,nan,0.0,nan,1.33183488,nan,nan,2.0,0.0,3,nan
59.87300232251485,8.992805755395683,nan,0.0,nan,1.33183488,nan,nan,2.0,0.0,3,nan
59.88967448870341,8.992805755395683,nan,0.0,nan,1.33183488,nan,nan,2.0,0.0,3,nan
59.90635099013647,8.992805755395683,nan,0.0,nan,1.33183488,nan,nan,2.0,0.0,3,nan
59.923023001352945,8.992805755395683,nan,0.0,nan,1.33183488,nan,nan,2.0,0.0,3,nan
59.93969322443009,8.992805755395683,nan,0.0,nan,1.333932032,nan,nan,2.0,0.0,3,nan
59.956366976102196,8.992805755395683,nan,0.0,nan,1.333932032,nan,nan,2.0,0.0,3,nan
59.97304056882858,8.992805755395683,nan,0.0,nan,1.333932032,nan,nan,2.0,0.0,3,nan
59.98971309661865,8.992805755395683,nan,0.0,nan,1.333932032,nan,nan,2.0,0.0,3,nan
60.006385231018065,8.992805755395683,nan,0.0,nan,1.338126336,nan,nan,2.0,0.0,3,nan
60.02305758396785,8.992805755395683,nan,0.0,nan,1.338126336,nan,nan,2.0,0.0,3,nan
60.0397299806277,8.992805755395683,nan,0.0,nan,1.338126336,nan,nan,2.0,0.0,3,nan
60.05640247265498,12.589928057553957,nan,0.0,nan,1.338126336,nan,nan,3.0,0.0,3,nan
60.073071173826854,9.532374100719421,nan,0.0,nan,1.338126336,nan,nan,2.0,0.0,3,nan
60.08974610169729,12.410071942446043,nan,0.0,nan,1.338126336,nan,nan,3.0,0.0,3,nan
60.106421109040575,8.812949640287771,nan,0.0,nan,1.34232064,nan,nan,2.0,0.0,3,nan
60.12309413353602,8.992805755395683,nan,0.0,nan,1.34232064,nan,nan,2.0,0.0,3,nan
60.13976411422094,12.769784172661868,nan,0.0,nan,1.34232064,nan,nan,3.0,0.0,3,nan
60.15643819967906,12.769784172661868,nan,0.0,nan,1.34232064,nan,nan,3.0,0.0,3,nan
60.173113663991295,8.992805755395683,nan,0.0,nan,1.617043456,nan,nan,2.0,0.0,3,nan
60.18979030450185,6.1151079136690605,nan,0.0,nan,1.854021632,nan,nan,1.0,0.0,3,nan
60.20647143125534,13.309352517985607,nan,0.0,nan,1.854021632,nan,nan,3.0,0.0,3,nan
60.22314426104228,12.769784172661868,nan,0.0,nan,1.854021632,nan,nan,3.0,0.0,3,nan
60.239819912115735,12.769784172661868,nan,0.0,nan,1.854021632,nan,nan,3.0,0.0,3,nan
60.25649225314458,12.769784172661868,nan,0.0,nan,1.854021632,nan,nan,3.0,0.0,3,nan
60.27316387494405,12.949640287769782,nan,0.0,nan,1.854021632,nan,nan,3.0,0.0,3,nan
60.28983643452327,12.949640287769782,nan,0.0,nan,1.854021632,nan,nan,3.0,0.0,3,nan
60.30651041666667,12.949640287769782,nan,0.0,nan,1.854021632,nan,nan,3.0,0.0,3,nan
60.323186186949414,12.949640287769782,nan,0.0,nan,1.854021632,nan,nan,3.0,0.0,3,nan
60.33985828558604,12.949640287769782,nan,0.0,nan,1.854021632,nan,nan,3.0,0.0,3,nan
60.35653802553813,9.892086330935257,nan,0.0,nan,1.854021632,nan,nan,2.0,0.0,3,nan
60.37321242888768,12.949640287769782,nan,0.0,nan,1.854021632,nan,nan,3.0,0.0,3,nan
60.38988486925761,12.949640287769782,nan,0.0,nan,1.854021632,nan,nan,3.0,0.0,3,nan
60.406556908289595,12.949640287769782,nan,0.0,nan,1.854021632,nan,nan,3.0,0.0,3,nan
60.42323002020518,12.949640287769782,nan,0.0,nan,1.854021632,nan,nan,3.0,0.0,3,nan
60.43990704615911,12.949640287769782,nan,0.0,nan,1.854021632,nan,nan,3.0,0.0,3,nan
60.45657973686854,12.949640287769782,nan,0.0,nan,1.854021632,nan,nan,3.0,0.0,3,nan
60.47324909766515,12.949640287769782,nan,0.0,nan,1.854021632,nan,nan,3.0,0.0,3,nan
60.48992223739624,9.892086330935257,nan,0.0,nan,1.887576064,nan,nan,2.0,0.0,3,nan
60.50659448305766,9.892086330935257,nan,0.0,nan,1.889673216,nan,nan,2.0,0.0,3,nan
60.52327226400375,12.949640287769782,nan,0.0,nan,1.889673216,nan,nan,3.0,0.0,3,nan
60.53994567791621,12.949640287769782,nan,0.0,nan,1.889673216,nan,nan,3.0,0.0,3,nan
60.55662150382996,9.892086330935257,nan,0.0,nan,1.891770368,nan,nan,2.0,0.0,3,nan
60.57329575618108,9.892086330935257,nan,0.0,nan,1.89386752,nan,nan,2.0,0.0,3,nan
60.58996923367182,10.07194244604317,nan,0.0,nan,1.898061824,nan,nan,2.0,0.0,3,nan
60.60664178133011,10.07194244604317,nan,0.0,nan,1.898061824,nan,nan,2.0,0.0,3,nan
60.62331421375275,10.07194244604317,nan,0.0,nan,1.900158976,nan,nan,2.0,0.0,3,nan
60.63998794953029,10.07194244604317,nan,0.0,nan,1.902256128,nan,nan,2.0,0.0,3,nan
60.65666380325953,13.129496402877693,nan,0.0,nan,1.902256128,nan,nan,3.0,0.0,3,nan
60.67333738009135,13.309352517985607,nan,0.0,nan,1.902256128,nan,nan,3.0,0.0,3,nan
60.690013448397316,13.309352517985607,nan,0.0,nan,1.902256128,nan,nan,3.0,0.0,3,nan
60.70668776035309,13.48920863309353,nan,0.0,nan,1.902256128,nan,nan,3.0,0.0,3,nan
60.72335889339447,13.48920863309353,nan,0.0,nan,1.902256128,nan,nan,3.0,0.0,3,nan
60.74003120263418,13.48920863309353,nan,0.0,nan,1.902256128,nan,nan,3.0,0.0,3,nan
60.75670135815938,13.48920863309353,nan,0.0,nan,1.902256128,nan,nan,3.0,0.0,3,nan
60.773376456896465,13.48920863309353,nan,0.0,nan,1.902256128,nan,nan,3.0,0.0,3,nan
60.79005126555761,13.48920863309353,nan,0.0,nan,1.902256128,nan,nan,3.0,0.0,3,nan
60.80672349135081,13.48920863309353,nan,0.0,nan,1.902256128,nan,nan,3.0,0.0,3,nan
60.823395419120786,13.48920863309353,nan,0.0,nan,1.902256128,nan,nan,3.0,0.0,3,nan
60.840069250265756,13.48920863309353,nan,0.0,nan,1.902256128,nan,nan,3.0,0.0,3,nan
60.8567413687706,13.48920863309353,nan,0.0,nan,1.902256128,nan,nan,3.0,0.0,3,nan
60.87341432571411,13.48920863309353,nan,0.0,nan,1.902256128,nan,nan,3.0,0.0,3,nan
60.89008657137553,13.48920863309353,nan,0.0,nan,1.902256128,nan,nan,3.0,0.0,3,nan
60.90675842364629,13.48920863309353,nan,0.0,nan,1.902256128,nan,nan,3.0,0.0,3,nan
60.92343070904414,13.48920863309353,nan,0.0,nan,1.902256128,nan,nan,3.0,0.0,3,nan
60.94010674953461,13.48920863309353,nan,0.0,nan,1.902256128,nan,nan,3.0,0.0,3,nan
60.95677708784739,13.48920863309353,nan,0.0,nan,1.902256128,nan,nan,3.0,0.0,3,nan
60.97344703674317,13.48920863309353,nan,0.0,nan,1.902256128,nan,nan,3.0,0.0,3,nan
60.990119155248,13.48920863309353,nan,0.0,nan,1.902256128,nan,nan,3.0,0.0,3,nan
61.00679231087367,13.48920863309353,nan,0.0,nan,1.902256128,nan,nan,3.0,0.0,3,nan
61.02346149285634,13.48920863309353,nan,0.0,nan,1.902256128,nan,nan,3.0,0.0,3,nan
61.040134978294375,13.48920863309353,nan,0.0,nan,1.902256128,nan,nan,3.0,0.0,3,nan
61.05680890878042,13.48920863309353,nan,0.0,nan,1.902256128,nan,nan,3.0,0.0,3,nan
61.07347844839096,13.48920863309353,nan,0.0,nan,1.902256128,nan,nan,3.0,0.0,3,nan
61.090148460865024,13.48920863309353,nan,0.0,nan,1.902256128,nan,nan,3.0,0.0,3,nan
61.10681923230489,13.48920863309353,nan,0.0,nan,1.902256128,nan,nan,3.0,0.0,3,nan
61.12349267005921,13.669064748201443,nan,0.0,nan,1.902256128,nan,nan,3.0,0.0,3,nan
61.14016348520915,13.669064748201443,nan,0.0,nan,1.902256128,nan,nan,3.0,0.0,3,nan
61.15683597326279,13.669064748201443,nan,0.0,nan,1.902256128,nan,nan,3.0,0.0,3,nan
61.17350782553355,13.669064748201443,nan,0.0,nan,1.902256128,nan,nan,3.0,0.0,3,nan
61.1901798248291,13.669064748201443,nan,0.0,nan,1.902256128,nan,nan,3.0,0.0,3,nan
61.206851641337074,13.848920863309356,nan,0.0,nan,1.902256128,nan,nan,3.0,0.0,3,nan
61.223524590333305,13.848920863309356,nan,0.0,nan,1.902256128,nan,nan,3.0,0.0,3,nan
61.24019533793132,14.028776978417268,nan,0.0,nan,1.902256128,nan,nan,3.0,0.0,3,nan
61.25687015851339,14.028776978417268,nan,0.0,nan,1.902256128,nan,nan,3.0,0.0,3,nan
61.27354027827581,14.028776978417268,nan,0.0,nan,1.902256128,nan,nan,3.0,0.0,3,nan
61.290211196740465,14.028776978417268,nan,0.0,nan,1.902256128,nan,nan,3.0,0.0,3,nan
61.3068876226743,14.028776978417268,nan,0.0,nan,1.902256128,nan,nan,3.0,0.0,3,nan
61.32355806827545,14.028776978417268,nan,0.0,nan,1.902256128,nan,nan,3.0,0.0,3,nan
61.34023519357046,10.611510791366907,nan,0.0,nan,1.902256128,nan,nan,2.0,0.0,3,nan
61.3569062312444,13.848920863309356,nan,0.0,nan,1.902256128,nan,nan,3.0,0.0,3,nan
61.373577721913655,13.848920863309356,nan,0.0,nan,1.902256128,nan,nan,3.0,0.0,3,nan
61.390250424544014,13.848920863309356,nan,0.0,nan,1.902256128,nan,nan,3.0,0.0,3,nan
61.4069229443868,13.848920863309356,nan,0.0,nan,1.902256128,nan,nan,3.0,0.0,3,nan
61.423595281442005,13.848920863309356,nan,0.0,nan,1.902256128,nan,nan,3.0,0.0,3,nan
61.44027191003163,13.848920863309356,nan,0.0,nan,1.902256128,nan,nan,3.0,0.0,3,nan
61.45694396893183,13.848920863309356,nan,0.0,nan,1.902256128,nan,nan,3.0,0.0,3,nan
61.47361610730489,13.848920863309356,nan,0.0,nan,1.902256128,nan,nan,3.0,0.0,3,nan
61.49028897682826,13.848920863309356,nan,0.0,nan,1.902256128,nan,nan,3.0,0.0,3,nan
61.50696232318878,13.848920863309356,nan,0.0,nan,1.902256128,nan,nan,3.0,0.0,3,nan
61.52363478342692,13.848920863309356,nan,0.0,nan,1.902256128,nan,nan,3.0,0.0,3,nan
61.540304752190906,13.848920863309356,nan,0.0,nan,1.902256128,nan,nan,3.0,0.0,3,nan
61.556978416442874,13.848920863309356,nan,0.0,nan,1.902256128,nan,nan,3.0,0.0,3,nan
61.573656499385834,13.848920863309356,nan,0.0,nan,1.902256128,nan,nan,3.0,0.0,3,nan
61.5903262813886,13.848920863309356,nan,0.0,nan,1.902256128,nan,nan,3.0,0.0,3,nan
61.60699577728907,13.848920863309356,nan,0.0,nan,1.902256128,nan,nan,3.0,0.0,3,nan
61.62366947730382,13.848920863309356,nan,0.0,nan,1.902256128,nan,nan,3.0,0.0,3,nan
61.640341170628865,13.848920863309356,nan,0.0,nan,1.902256128,nan,nan,3.0,0.0,3,nan
61.65701157251994,13.848920863309356,nan,0.0,nan,1.902256128,nan,nan,3.0,0.0,3,nan
61.67368632157643,14.028776978417268,nan,0.0,nan,1.902256128,nan,nan,3.0,0.0,3,nan
61.69036010503769,14.028776978417268,nan,0.0,nan,1.902256128,nan,nan,3.0,0.0,3,nan
61.7070330341657,14.028776978417268,nan,0.0,nan,1.902256128,nan,nan,3.0,0.0,3,nan
61.723702216148375,14.028776978417268,nan,0.0,nan,1.902256128,nan,nan,3.0,0.0,3,nan
61.74037693738937,14.028776978417268,nan,0.0,nan,1.902256128,nan,nan,3.0,0.0,3,nan
61.757050271828966,14.20863309352518,nan,0.0,nan,1.902256128,nan,nan,3.0,0.0,3,nan
61.77371954917908,14.20863309352518,nan,0.0,nan,1.902256128,nan,nan,3.0,0.0,3,nan
61.790397667884825,14.20863309352518,nan,0.0,nan,1.902256128,nan,nan,3.0,0.0,3,nan
61.807071415583295,14.388489208633093,nan,0.0,nan,1.902256128,nan,nan,3.0,0.0,3,nan
61.823747503757474,14.388489208633093,nan,0.0,nan,1.902256128,nan,nan,3.0,0.0,3,nan
61.840416224797565,14.388489208633093,nan,0.0,nan,1.902256128,nan,nan,3.0,0.0,3,nan
61.85708595514298,14.388489208633093,nan,0.0,nan,1.902256128,nan,nan,3.0,0.0,3,nan
61.873763620853424,14.388489208633093,nan,0.0,nan,1.902256128,nan,nan,3.0,0.0,3,nan
61.8904392917951,10.07194244604317,nan,0.0,nan,1.90435328,nan,nan,2.0,0.0,3,nan
61.90711046059926,10.07194244604317,nan,0.0,nan,1.916936192,nan,nan,2.0,0.0,3,nan
61.92378942171732,13.848920863309356,nan,0.0,nan,1.916936192,nan,nan,3.0,0.0,3,nan
61.94046023686727,13.848920863309356,nan,0.0,nan,1.916936192,nan,nan,3.0,0.0,3,nan
61.957134477297465,13.848920863309356,nan,0.0,nan,1.916936192,nan,nan,3.0,0.0,3,nan
61.97380833228429,13.848920863309356,nan,0.0,nan,1.916936192,nan,nan,3.0,0.0,3,nan
61.99047874212265,13.848920863309356,nan,0.0,nan,1.916936192,nan,nan,3.0,0.0,3,nan
62.00715358257294,13.848920863309356,nan,0.0,nan,1.916936192,nan,nan,3.0,0.0,3,nan
62.02382495800654,13.848920863309356,nan,0.0,nan,1.916936192,nan,nan,3.0,0.0,3,nan
62.04049537976583,13.848920863309356,nan,0.0,nan,1.916936192,nan,nan,3.0,0.0,3,nan
62.05716877778371,13.848920863309356,nan,0.0,nan,1.916936192,nan,nan,3.0,0.0,3,nan
62.073841059207915,13.848920863309356,nan,0.0,nan,1.916936192,nan,nan,3.0,0.0,3,nan
62.090512271722154,13.848920863309356,nan,0.0,nan,1.916936192,nan,nan,3.0,0.0,3,nan
62.10718766450882,14.028776978417268,nan,0.0,nan,1.916936192,nan,nan,3.0,0.0,3,nan
62.12385740677516,14.028776978417268,nan,0.0,nan,1.916936192,nan,nan,3.0,0.0,3,nan
62.140527458985645,14.028776978417268,nan,0.0,nan,1.916936192,nan,nan,3.0,0.0,3,nan
62.15720341602961,14.028776978417268,nan,0.0,nan,1.916936192,nan,nan,3.0,0.0,3,nan
62.173875427246095,14.028776978417268,nan,0.0,nan,1.916936192,nan,nan,3.0,0.0,3,nan
62.1905530889829,14.028776978417268,nan,0.0,nan,1.916936192,nan,nan,3.0,0.0,3,nan
62.20723540782929,14.028776978417268,nan,0.0,nan,1.916936192,nan,nan,3.0,0.0,3,nan
62.223904712994894,14.028776978417268,nan,0.0,nan,1.916936192,nan,nan,3.0,0.0,3,nan
62.24057454268138,14.028776978417268,nan,0.0,nan,1.916936192,nan,nan,3.0,0.0,3,nan
62.25724774201711,14.028776978417268,nan,0.0,nan,1.916936192,nan,nan,3.0,0.0,3,nan
62.273920154571535,14.028776978417268,nan,0.0,nan,1.916936192,nan,nan,3.0,0.0,3,nan
62.29058995644252,14.20863309352518,nan,0.0,nan,1.916936192,nan,nan,3.0,0.0,3,nan
62.30725938479106,14.20863309352518,nan,0.0,nan,1.916936192,nan,nan,3.0,0.0,3,nan
62.32392855087916,14.20863309352518,nan,0.0,nan,1.916936192,nan,nan,3.0,0.0,3,nan
62.34060643116633,14.20863309352518,nan,0.0,nan,1.916936192,nan,nan,3.0,0.0,3,nan
62.35727599064509,14.388489208633093,nan,0.0,nan,1.916936192,nan,nan,3.0,0.0,3,nan
62.37395460208257,14.388489208633093,nan,0.0,nan,1.916936192,nan,nan,3.0,0.0,3,nan
62.390624805291495,14.388489208633093,nan,0.0,nan,1.916936192,nan,nan,3.0,0.0,3,nan
62.40729997952779,14.388489208633093,nan,0.0,nan,1.916936192,nan,nan,3.0,0.0,3,nan
62.42397024234136,14.388489208633093,nan,0.0,nan,1.916936192,nan,nan,3.0,0.0,3,nan
62.44064389864604,14.388489208633093,nan,0.0,nan,1.916936192,nan,nan,3.0,0.0,3,nan
62.457317566871644,14.388489208633093,nan,0.0,nan,1.916936192,nan,nan,3.0,0.0,3,nan
62.473988556861876,14.388489208633093,nan,0.0,nan,1.916936192,nan,nan,3.0,0.0,3,nan
62.49066074291865,14.388489208633093,nan,0.0,nan,1.916936192,nan,nan,3.0,0.0,3,nan
62.50733365615209,14.388489208633093,nan,0.0,nan,1.916936192,nan,nan,3.0,0.0,3,nan
62.52401055892309,14.388489208633093,nan,0.0,nan,1.916936192,nan,nan,3.0,0.0,3,nan
62.54068058729172,14.388489208633093,nan,0.0,nan,1.916936192,nan,nan,3.0,0.0,3,nan
62.55735139052073,14.388489208633093,nan,0.0,nan,1.916936192,nan,nan,3.0,0.0,3,nan
62.574027597904205,14.388489208633093,nan,0.0,nan,1.916936192,nan,nan,3.0,0.0,3,nan
62.59070196549098,14.388489208633093,nan,0.0,nan,1.916936192,nan,nan,3.0,0.0,3,nan
62.60737505753835,14.388489208633093,nan,0.0,nan,1.916936192,nan,nan,3.0,0.0,3,nan
62.62404567400615,14.388489208633093,nan,0.0,nan,1.916936192,nan,nan,3.0,0.0,3,nan
62.640720176696775,14.388489208633093,nan,0.0,nan,1.916936192,nan,nan,3.0,0.0,3,nan
62.65739041566849,14.568345323741006,nan,0.0,nan,1.916936192,nan,nan,3.0,0.0,3,nan
62.67406164010366,14.568345323741006,nan,0.0,nan,1.916936192,nan,nan,3.0,0.0,3,nan
62.690733937422436,14.568345323741006,nan,0.0,nan,1.916936192,nan,nan,3.0,0.0,3,nan
62.70740586121877,14.568345323741006,nan,0.0,nan,1.916936192,nan,nan,3.0,0.0,3,nan
62.72408014138539,14.568345323741006,nan,0.0,nan,1.916936192,nan,nan,3.0,0.0,3,nan
62.74075228770574,14.568345323741006,nan,0.0,nan,1.916936192,nan,nan,3.0,0.0,3,nan
62.757424958546956,14.568345323741006,nan,0.0,nan,1.916936192,nan,nan,3.0,0.0,3,nan
62.77409638563792,14.568345323741006,nan,0.0,nan,1.916936192,nan,nan,3.0,0.0,3,nan
62.790767681598666,14.568345323741006,nan,0.0,nan,1.916936192,nan,nan,3.0,0.0,3,nan
62.80743775765101,14.568345323741006,nan,0.0,nan,1.916936192,nan,nan,3.0,0.0,3,nan
62.82411050399144,14.568345323741006,nan,0.0,nan,1.916936192,nan,nan,3.0,0.0,3,nan
62.840784986813865,14.748201438848918,nan,0.0,nan,1.916936192,nan,nan,3.0,0.0,3,nan
62.857458062966664,14.748201438848918,nan,0.0,nan,1.916936192,nan,nan,3.0,0.0,3,nan
62.87413854598999,14.748201438848918,nan,0.0,nan,1.916936192,nan,nan,3.0,0.0,3,nan
62.890808482964836,14.92805755395683,nan,0.0,nan,1.916936192,nan,nan,3.0,0.0,3,nan
62.90748578310013,14.92805755395683,nan,0.0,nan,1.916936192,nan,nan,3.0,0.0,3,nan
62.92415807644526,14.92805755395683,nan,0.0,nan,1.916936192,nan,nan,3.0,0.0,3,nan
62.94083042144776,14.92805755395683,nan,0.0,nan,1.916936192,nan,nan,3.0,0.0,3,nan
62.9575026233991,14.92805755395683,nan,0.0,nan,1.916936192,nan,nan,3.0,0.0,3,nan
62.97417672475179,14.92805755395683,nan,0.0,nan,1.916936192,nan,nan,3.0,0.0,3,nan
62.990851537386575,10.79136690647482,nan,0.0,nan,1.916936192,nan,nan,2.0,0.0,3,nan
63.00752356847127,14.568345323741006,nan,0.0,nan,1.916936192,nan,nan,3.0,0.0,3,nan
63.02419574260712,14.568345323741006,nan,0.0,nan,1.916936192,nan,nan,3.0,0.0,3,nan
63.04086959759395,14.568345323741006,nan,0.0,nan,1.916936192,nan,nan,3.0,0.0,3,nan
63.05754175186157,14.748201438848918,nan,0.0,nan,1.916936192,nan,nan,3.0,0.0,3,nan
63.074218960603076,14.748201438848918,nan,0.0,nan,1.916936192,nan,nan,3.0,0.0,3,nan
63.09089118242264,14.748201438848918,nan,0.0,nan,1.916936192,nan,nan,3.0,0.0,3,nan
63.10756957133611,14.748201438848918,nan,0.0,nan,1.916936192,nan,nan,3.0,0.0,3,nan
63.124242369333906,14.748201438848918,nan,0.0,nan,1.916936192,nan,nan,3.0,0.0,3,nan
63.140918644269306,14.748201438848918,nan,0.0,nan,1.916936192,nan,nan,3.0,0.0,3,nan
63.15759164094925,14.748201438848918,nan,0.0,nan,1.916936192,nan,nan,3.0,0.0,3,nan
63.174270085493724,14.748201438848918,nan,0.0,nan,1.916936192,nan,nan,3.0,0.0,3,nan
63.190942192077635,14.748201438848918,nan,0.0,nan,1.916936192,nan,nan,3.0,0.0,3,nan
63.20761457681656,14.748201438848918,nan,0.0,nan,1.916936192,nan,nan,3.0,0.0,3,nan
63.22428649663925,14.748201438848918,nan,0.0,nan,1.916936192,nan,nan,3.0,0.0,3,nan
63.240960661570234,14.748201438848918,nan,0.0,nan,1.916936192,nan,nan,3.0,0.0,3,nan
63.25763487418492,14.748201438848918,nan,0.0,nan,1.916936192,nan,nan,3.0,0.0,3,nan
63.274308733145396,14.748201438848918,nan,0.0,nan,1.916936192,nan,nan,3.0,0.0,3,nan
63.290979305903114,14.748201438848918,nan,0.0,nan,1.916936192,nan,nan,3.0,0.0,3,nan
63.30765294631322,14.748201438848918,nan,0.0,nan,1.916936192,nan,nan,3.0,0.0,3,nan
63.324325156211856,14.748201438848918,nan,0.0,nan,1.916936192,nan,nan,3.0,0.0,3,nan
63.3409969886144,14.748201438848918,nan,0.0,nan,1.916936192,nan,nan,3.0,0.0,3,nan
63.357667950789136,14.748201438848918,nan,0.0,nan,1.916936192,nan,nan,3.0,0.0,3,nan
63.374341448148094,7.733812949640284,nan,0.0,nan,1.916936192,nan,nan,2.0,0.0,3,nan
63.39102141459783,13.129496402877693,nan,0.0,nan,1.916936192,nan,nan,3.0,0.0,3,nan
63.407693954308826,13.129496402877693,nan,0.0,nan,1.916936192,nan,nan,3.0,0.0,3,nan
63.42436887423197,13.129496402877693,nan,0.0,nan,1.916936192,nan,nan,3.0,0.0,3,nan
63.44104325771332,13.309352517985607,nan,0.0,nan,1.916936192,nan,nan,3.0,0.0,3,nan
63.45771930217743,13.48920863309353,nan,0.0,nan,1.916936192,nan,nan,3.0,0.0,3,nan
63.47439043521881,13.48920863309353,nan,0.0,nan,1.916936192,nan,nan,3.0,0.0,3,nan
63.49106260140737,13.48920863309353,nan,0.0,nan,1.916936192,nan,nan,3.0,0.0,3,nan
63.507736365000405,13.48920863309353,nan,0.0,nan,1.916936192,nan,nan,3.0,0.0,3,nan
63.52440918684006,13.48920863309353,nan,0.0,nan,1.916936192,nan,nan,3.0,0.0,3,nan
63.54108424186707,13.48920863309353,nan,0.0,nan,1.916936192,nan,nan,3.0,0.0,3,nan
63.557756781578064,13.48920863309353,nan,0.0,nan,1.916936192,nan,nan,3.0,0.0,3,nan
63.57443111737569,13.48920863309353,nan,0.0,nan,1.916936192,nan,nan,3.0,0.0,3,nan
63.591103891531624,13.669064748201443,nan,0.0,nan,1.916936192,nan,nan,3.0,0.0,3,nan
63.60777845780055,13.669064748201443,nan,0.0,nan,1.916936192,nan,nan,3.0,0.0,3,nan
63.624456803003945,13.669064748201443,nan,0.0,nan,1.916936192,nan,nan,3.0,0.0,3,nan
63.64112769762675,13.669064748201443,nan,0.0,nan,1.916936192,nan,nan,3.0,0.0,3,nan
63.657799843947096,13.669064748201443,nan,0.0,nan,1.916936192,nan,nan,3.0,0.0,3,nan
63.674472173055015,13.669064748201443,nan,0.0,nan,1.916936192,nan,nan,3.0,0.0,3,nan
63.691143115361534,13.669064748201443,nan,0.0,nan,1.916936192,nan,nan,3.0,0.0,3,nan
63.707821770509085,13.669064748201443,nan,0.0,nan,1.916936192,nan,nan,3.0,0.0,3,nan
63.72449384927749,13.669064748201443,nan,0.0,nan,1.916936192,nan,nan,3.0,0.0,3,nan
63.741163885593416,13.669064748201443,nan,0.0,nan,1.916936192,nan,nan,3.0,0.0,3,nan
63.757835606733956,13.669064748201443,nan,0.0,nan,1.916936192,nan,nan,3.0,0.0,3,nan
63.774505054950716,13.669064748201443,nan,0.0,nan,1.916936192,nan,nan,3.0,0.0,3,nan
63.79117661714554,13.669064748201443,nan,0.0,nan,1.916936192,nan,nan,3.0,0.0,3,nan
63.80784589449565,13.669064748201443,nan,0.0,nan,1.916936192,nan,nan,3.0,0.0,3,nan
63.824517353375754,13.669064748201443,nan,0.0,nan,1.916936192,nan,nan,3.0,0.0,3,nan
63.84119168122609,13.669064748201443,nan,0.0,nan,1.916936192,nan,nan,3.0,0.0,3,nan
63.85786362489065,13.669064748201443,nan,0.0,nan,1.916936192,nan,nan,3.0,0.0,3,nan
63.87453791300456,13.669064748201443,nan,0.0,nan,1.916936192,nan,nan,3.0,0.0,3,nan
63.891208656628926,13.669064748201443,nan,0.0,nan,1.916936192,nan,nan,3.0,0.0,3,nan
63.9078794558843,13.669064748201443,nan,0.0,nan,1.916936192,nan,nan,3.0,0.0,3,nan
63.92455186843872,13.669064748201443,nan,0.0,nan,1.916936192,nan,nan,3.0,0.0,3,nan
63.94122443596522,13.669064748201443,nan,0.0,nan,1.916936192,nan,nan,3.0,0.0,3,nan
63.95789435704549,13.669064748201443,nan,0.0,nan,1.916936192,nan,nan,3.0,0.0,3,nan
63.97457018693288,13.848920863309356,nan,0.0,nan,1.916936192,nan,nan,3.0,0.0,3,nan
63.99124116500219,14.568345323741006,nan,0.0,nan,1.916936192,nan,nan,3.0,0.0,3,nan
64.00791245301565,14.028776978417268,nan,0.0,nan,1.916936192,nan,nan,3.0,0.0,3,nan
64.02458514769872,14.028776978417268,nan,0.0,nan,1.916936192,nan,nan,3.0,0.0,3,nan
64.04125638008118,14.028776978417268,nan,0.0,nan,1.916936192,nan,nan,3.0,0.0,3,nan
64.057927942276,14.028776978417268,nan,0.0,nan,1.916936192,nan,nan,3.0,0.0,3,nan
64.07460555235545,14.028776978417268,nan,0.0,nan,1.916936192,nan,nan,3.0,0.0,3,nan
64.09127972920736,14.028776978417268,nan,0.0,nan,1.916936192,nan,nan,3.0,0.0,3,nan
64.10795271794001,14.028776978417268,nan,0.0,nan,1.916936192,nan,nan,3.0,0.0,3,nan
64.12462192376455,14.028776978417268,nan,0.0,nan,1.916936192,nan,nan,3.0,0.0,3,nan
64.14129535754522,14.20863309352518,nan,0.0,nan,1.916936192,nan,nan,3.0,0.0,3,nan
64.15796935955683,14.20863309352518,nan,0.0,nan,1.916936192,nan,nan,3.0,0.0,3,nan
64.17463982502619,14.20863309352518,nan,0.0,nan,1.916936192,nan,nan,3.0,0.0,3,nan
64.19130850235621,14.20863309352518,nan,0.0,nan,1.916936192,nan,nan,3.0,0.0,3,nan
64.2079772233963,14.20863309352518,nan,0.0,nan,1.916936192,nan,nan,3.0,0.0,3,nan
64.22464701732,14.20863309352518,nan,0.0,nan,1.916936192,nan,nan,3.0,0.0,3,nan
64.24131974379222,14.20863309352518,nan,0.0,nan,1.916936192,nan,nan,3.0,0.0,3,nan
64.25799039204915,14.20863309352518,nan,0.0,nan,1.916936192,nan,nan,3.0,0.0,3,nan
64.27466361522674,14.20863309352518,nan,0.0,nan,1.916936192,nan,nan,3.0,0.0,3,nan
64.29133613904317,9.892086330935257,nan,0.0,nan,1.916936192,nan,nan,2.0,0.0,3,nan
64.30800737937291,9.892086330935257,nan,0.0,nan,1.916936192,nan,nan,2.0,0.0,3,nan
64.32467997471491,13.848920863309356,nan,0.0,nan,1.916936192,nan,nan,3.0,0.0,3,nan
64.34135116736094,13.848920863309356,nan,0.0,nan,1.916936192,nan,nan,3.0,0.0,3,nan
64.35802332560222,9.892086330935257,nan,0.0,nan,1.916936192,nan,nan,2.0,0.0,3,nan
64.37469544410706,13.848920863309356,nan,0.0,nan,1.916936192,nan,nan,3.0,0.0,3,nan
64.39136743545532,13.848920863309356,nan,0.0,nan,1.916936192,nan,nan,3.0,0.0,3,nan
64.4080395380656,13.848920863309356,nan,0.0,nan,1.916936192,nan,nan,3.0,0.0,3,nan
64.42471151351928,13.848920863309356,nan,0.0,nan,1.916936192,nan,nan,3.0,0.0,3,nan
64.44138451417287,13.848920863309356,nan,0.0,nan,1.916936192,nan,nan,3.0,0.0,3,nan
64.45805547634761,13.848920863309356,nan,0.0,nan,1.916936192,nan,nan,3.0,0.0,3,nan
64.47472755511602,13.848920863309356,nan,0.0,nan,1.916936192,nan,nan,3.0,0.0,3,nan
64.49140192270279,13.848920863309356,nan,0.0,nan,1.916936192,nan,nan,3.0,0.0,3,nan
64.50807385842005,13.848920863309356,nan,0.0,nan,1.916936192,nan,nan,3.0,0.0,3,nan
64.5247456908226,14.028776978417268,nan,0.0,nan,1.916936192,nan,nan,3.0,0.0,3,nan
64.54141749938329,14.20863309352518,nan,0.0,nan,1.916936192,nan,nan,3.0,0.0,3,nan
64.55809053579966,14.20863309352518,nan,0.0,nan,1.916936192,nan,nan,3.0,0.0,3,nan
64.57476258277893,14.20863309352518,nan,0.0,nan,1.916936192,nan,nan,3.0,0.0,3,nan
64.59143621524176,14.20863309352518,nan,0.0,nan,1.916936192,nan,nan,3.0,0.0,3,nan
64.60810735225678,14.20863309352518,nan,0.0,nan,1.916936192,nan,nan,3.0,0.0,3,nan
64.62477928797404,14.20863309352518,nan,0.0,nan,1.916936192,nan,nan,3.0,0.0,3,nan
64.64145165284475,14.20863309352518,nan,0.0,nan,1.916936192,nan,nan,3.0,0.0,3,nan
64.65812373161316,14.20863309352518,nan,0.0,nan,1.916936192,nan,nan,3.0,0.0,3,nan
64.67479393084844,14.20863309352518,nan,0.0,nan,1.916936192,nan,nan,3.0,0.0,3,nan
64.69146663745245,14.20863309352518,nan,0.0,nan,1.916936192,nan,nan,3.0,0.0,3,nan
64.70813886721929,14.20863309352518,nan,0.0,nan,1.916936192,nan,nan,3.0,0.0,3,nan
64.72481095790863,10.251798561151082,nan,0.0,nan,1.916936192,nan,nan,2.0,0.0,3,nan
64.74148537715276,14.388489208633093,nan,0.0,nan,1.916936192,nan,nan,3.0,0.0,3,nan
64.75815651416778,14.388489208633093,nan,0.0,nan,1.916936192,nan,nan,3.0,0.0,3,nan
64.77482824325561,14.388489208633093,nan,0.0,nan,1.916936192,nan,nan,3.0,0.0,3,nan
64.7915005882581,10.251798561151082,nan,0.0,nan,1.916936192,nan,nan,2.0,0.0,3,nan
64.80817241271338,14.388489208633093,nan,0.0,nan,1.916936192,nan,nan,3.0,0.0,3,nan
64.82484467426936,14.388489208633093,nan,0.0,nan,1.916936192,nan,nan,3.0,0.0,3,nan
64.84151895046234,14.388489208633093,nan,0.0,nan,1.916936192,nan,nan,3.0,0.0,3,nan
64.85819085041682,10.07194244604317,nan,0.0,nan,1.916936192,nan,nan,2.0,0.0,3,nan
64.8748628338178,13.848920863309356,nan,0.0,nan,1.929535488,nan,nan,3.0,0.0,3,nan
64.89153530597687,13.48920863309353,nan,0.0,nan,1.929535488,nan,nan,3.0,0.0,3,nan
64.90820750395457,13.48920863309353,nan,0.0,nan,1.929535488,nan,nan,3.0,0.0,3,nan
64.9248797694842,10.07194244604317,nan,0.0,nan,1.929535488,nan,nan,2.0,0.0,3,nan
64.94155200719834,13.669064748201443,nan,0.0,nan,1.929535488,nan,nan,3.0,0.0,3,nan
64.95822506348291,13.669064748201443,nan,0.0,nan,1.929535488,nan,nan,3.0,0.0,3,nan
64.97490187883378,13.669064748201443,nan,0.0,nan,1.929535488,nan,nan,3.0,0.0,3,nan
64.99157435894013,13.669064748201443,nan,0.0,nan,1.929535488,nan,nan,3.0,0.0,3,nan
65.00825088818868,13.669064748201443,nan,0.0,nan,1.929535488,nan,nan,3.0,0.0,3,nan
65.02492384115855,13.669064748201443,nan,0.0,nan,1.929535488,nan,nan,3.0,0.0,3,nan
65.04159462849299,9.532374100719421,nan,0.0,nan,1.929535488,nan,nan,2.0,0.0,3,nan
65.05826824108759,9.532374100719421,nan,0.0,nan,1.929535488,nan,nan,2.0,0.0,3,nan
65.074940041701,9.532374100719421,nan,0.0,nan,1.933729792,nan,nan,2.0,0.0,3,nan
65.09161274433136,9.712230215827333,nan,0.0,nan,1.933729792,nan,nan,2.0,0.0,3,nan
65.10828469196956,9.712230215827333,nan,0.0,nan,2.011324416,nan,nan,2.0,0.0,3,nan
65.12495813767116,9.712230215827333,nan,0.0,nan,2.032295936,nan,nan,2.0,0.0,3,nan
65.14163571596146,6.1151079136690605,nan,0.0,nan,2.034393088,nan,nan,1.0,0.0,3,nan
65.15830897490183,9.712230215827333,nan,0.0,nan,2.034393088,nan,nan,2.0,0.0,3,nan
65.17498012383778,9.712230215827333,nan,0.0,nan,2.034393088,nan,nan,2.0,0.0,3,nan
65.19165553251902,9.712230215827333,nan,0.0,nan,0.887201792,nan,nan,2.0,0.0,2,nan
65.20832895835241,9.712230215827333,nan,0.0,nan,0.887201792,nan,nan,2.0,0.0,2,nan
65.22500181595484,9.712230215827333,nan,0.0,nan,0.887201792,nan,nan,2.0,0.0,2,nan
65.24167438745499,9.712230215827333,nan,0.0,nan,0.887201792,nan,nan,2.0,0.0,2,nan
65.25834695895513,9.712230215827333,nan,0.0,nan,0.887201792,nan,nan,2.0,0.0,2,nan
65.27501929998398,9.712230215827333,nan,0.0,nan,0.887201792,nan,nan,2.0,0.0,2,nan
65.29169158538183,9.712230215827333,nan,0.0,nan,0.887201792,nan,nan,2.0,0.0,2,nan
65.30836337010065,9.712230215827333,nan,0.0,nan,0.887201792,nan,nan,2.0,0.0,2,nan
65.32503528992335,9.712230215827333,nan,0.0,nan,0.887201792,nan,nan,2.0,0.0,2,nan
65.34170676867167,9.712230215827333,nan,0.0,nan,0.887201792,nan,nan,2.0,0.0,2,nan
65.35837934017181,9.712230215827333,nan,0.0,nan,0.887201792,nan,nan,2.0,0.0,2,nan
65.37505123615264,9.712230215827333,nan,0.0,nan,0.887201792,nan,nan,2.0,0.0,2,nan
65.39172333081564,9.712230215827333,nan,0.0,nan,0.887201792,nan,nan,2.0,0.0,2,nan
65.40839536587397,9.712230215827333,nan,0.0,nan,0.887201792,nan,nan,2.0,0.0,2,nan
65.42506705125173,9.712230215827333,nan,0.0,nan,0.887201792,nan,nan,2.0,0.0,2,nan
65.44173624515534,9.712230215827333,nan,0.0,nan,0.887201792,nan,nan,2.0,0.0,2,nan
65.4584082365036,9.712230215827333,nan,0.0,nan,0.887201792,nan,nan,2.0,0.0,2,nan
65.47508016824722,9.712230215827333,nan,0.0,nan,0.887201792,nan,nan,2.0,0.0,2,nan
65.49175322055817,9.712230215827333,nan,0.0,nan,0.887201792,nan,nan,2.0,0.0,2,nan
65.5084255695343,9.712230215827333,nan,0.0,nan,0.887201792,nan,nan,2.0,0.0,2,nan
65.5251011133194,9.712230215827333,nan,0.0,nan,0.887201792,nan,nan,2.0,0.0,2,nan
65.54177345434825,9.712230215827333,nan,0.0,nan,0.887201792,nan,nan,2.0,0.0,2,nan
65.55844609737396,9.712230215827333,nan,0.0,nan,0.887201792,nan,nan,2.0,0.0,2,nan
65.57511622508368,9.892086330935257,nan,0.0,nan,0.887201792,nan,nan,2.0,0.0,2,nan
65.59178876479467,9.892086330935257,nan,0.0,nan,0.887201792,nan,nan,2.0,0.0,2,nan
65.60846124887466,10.07194244604317,nan,0.0,nan,0.887201792,nan,nan,2.0,0.0,2,nan
65.62513552506765,10.07194244604317,nan,0.0,nan,0.887201792,nan,nan,2.0,0.0,2,nan
65.64180701176325,10.07194244604317,nan,0.0,nan,0.887201792,nan,nan,2.0,0.0,2,nan
65.65847654342652,10.07194244604317,nan,0.0,nan,0.887201792,nan,nan,2.0,0.0,2,nan
65.67515017588933,10.07194244604317,nan,0.0,nan,0.887201792,nan,nan,2.0,0.0,2,nan
65.69182374477387,10.07194244604317,nan,0.0,nan,0.887201792,nan,nan,2.0,0.0,2,nan
65.70849582751592,10.07194244604317,nan,0.0,nan,0.887201792,nan,nan,2.0,0.0,2,nan
65.725168522199,10.07194244604317,nan,0.0,nan,0.887201792,nan,nan,2.0,0.0,2,nan
65.7418419957161,10.07194244604317,nan,0.0,nan,0.887201792,nan,nan,2.0,0.0,2,nan
65.7585145552953,10.07194244604317,nan,0.0,nan,0.887201792,nan,nan,2.0,0.0,2,nan
65.77518666982651,10.07194244604317,nan,0.0,nan,0.887201792,nan,nan,2.0,0.0,2,nan
65.79185887177785,10.07194244604317,nan,0.0,nan,0.887201792,nan,nan,2.0,0.0,2,nan
65.80853785673777,10.07194244604317,nan,0.0,nan,0.887201792,nan,nan,2.0,0.0,2,nan
65.82520832220713,10.07194244604317,nan,0.0,nan,0.887201792,nan,nan,2.0,0.0,2,nan
65.84188041687011,10.07194244604317,nan,0.0,nan,0.887201792,nan,nan,2.0,0.0,2,nan
65.85855234861374,10.07194244604317,nan,0.0,nan,0.887201792,nan,nan,2.0,0.0,2,nan
65.87522509892781,10.07194244604317,nan,0.0,nan,0.887201792,nan,nan,2.0,0.0,2,nan
65.89189699888229,10.07194244604317,nan,0.0,nan,0.887201792,nan,nan,2.0,0.0,2,nan
65.90856852134068,10.07194244604317,nan,0.0,nan,0.887201792,nan,nan,2.0,0.0,2,nan
65.92524067560832,10.07194244604317,nan,0.0,nan,0.887201792,nan,nan,2.0,0.0,2,nan
65.94191283384959,10.07194244604317,nan,0.0,nan,0.887201792,nan,nan,2.0,0.0,2,nan
65.95858504374822,10.07194244604317,nan,0.0,nan,0.887201792,nan,nan,2.0,0.0,2,nan
65.97525605758031,10.07194244604317,nan,0.0,nan,0.887201792,nan,nan,2.0,0.0,2,nan
65.99192876021067,10.07194244604317,nan,0.0,nan,0.887201792,nan,nan,2.0,0.0,2,nan
66.00860134363174,10.07194244604317,nan,0.0,nan,0.887201792,nan,nan,2.0,0.0,2,nan
66.02527343829473,10.07194244604317,nan,0.0,nan,0.887201792,nan,nan,2.0,0.0,2,nan
66.04194631973903,10.07194244604317,nan,0.0,nan,0.887201792,nan,nan,2.0,0.0,2,nan
66.05861901044845,10.07194244604317,nan,0.0,nan,0.887201792,nan,nan,2.0,0.0,2,nan
66.07529101371765,10.07194244604317,nan,0.0,nan,0.887201792,nan,nan,2.0,0.0,2,nan
66.09196293751398,10.251798561151082,nan,0.0,nan,0.887201792,nan,nan,2.0,0.0,2,nan
66.10863410234451,10.251798561151082,nan,0.0,nan,0.887201792,nan,nan,2.0,0.0,2,nan
66.12530601024628,10.251798561151082,nan,0.0,nan,0.887201792,nan,nan,2.0,0.0,2,nan
66.14197849035263,10.431654676258994,nan,0.0,nan,0.887201792,nan,nan,2.0,0.0,2,nan
66.15865088701248,10.431654676258994,nan,0.0,nan,0.887201792,nan,nan,2.0,0.0,2,nan
66.17532109419504,10.431654676258994,nan,0.0,nan,0.887201792,nan,nan,2.0,0.0,2,nan
66.19199407498041,10.431654676258994,nan,0.0,nan,0.887201792,nan,nan,2.0,0.0,2,nan
66.20866934458415,10.431654676258994,nan,0.0,nan,0.887201792,nan,nan,2.0,0.0,2,nan
66.22534313201905,10.431654676258994,nan,0.0,nan,0.887201792,nan,nan,2.0,0.0,2,nan
66.24201438029607,10.431654676258994,nan,0.0,nan,0.887201792,nan,nan,2.0,0.0,2,nan
66.25868687629699,10.431654676258994,nan,0.0,nan,0.887201792,nan,nan,2.0,0.0,2,nan
66.2753587325414,10.431654676258994,nan,0.0,nan,0.887201792,nan,nan,2.0,0.0,2,nan
66.29203101396561,10.431654676258994,nan,0.0,nan,0.887201792,nan,nan,2.0,0.0,2,nan
66.30870395898819,10.431654676258994,nan,0.0,nan,0.887201792,nan,nan,2.0,0.0,2,nan
66.32537547747295,3.9568345323740983,nan,0.0,nan,0.887201792,nan,nan,1.0,0.0,2,nan
66.34204784631729,9.532374100719421,nan,0.0,nan,0.887201792,nan,nan,2.0,0.0,2,nan
66.35872046947479,9.532374100719421,nan,0.0,nan,0.887201792,nan,nan,2.0,0.0,2,nan
66.37539240519206,9.532374100719421,nan,0.0,nan,0.887201792,nan,nan,2.0,0.0,2,nan
66.39206466674804,9.532374100719421,nan,0.0,nan,0.887201792,nan,nan,2.0,0.0,2,nan
66.40873671770096,9.532374100719421,nan,0.0,nan,0.887201792,nan,nan,2.0,0.0,2,nan
66.42540881236394,9.532374100719421,nan,0.0,nan,0.887201792,nan,nan,2.0,0.0,2,nan
66.44208099842072,9.532374100719421,nan,0.0,nan,0.887201792,nan,nan,2.0,0.0,2,nan
66.45875280698141,9.532374100719421,nan,0.0,nan,0.887201792,nan,nan,2.0,0.0,2,nan
66.47542514801026,9.532374100719421,nan,0.0,nan,0.887201792,nan,nan,2.0,0.0,2,nan
66.49209759632747,9.532374100719421,nan,0.0,nan,0.887201792,nan,nan,2.0,0.0,2,nan
66.50876882076264,9.532374100719421,nan,0.0,nan,0.887201792,nan,nan,2.0,0.0,2,nan
66.52544090747833,9.532374100719421,nan,0.0,nan,0.887201792,nan,nan,2.0,0.0,2,nan
66.54211275577545,9.532374100719421,nan,0.0,nan,0.887201792,nan,nan,2.0,0.0,2,nan
66.55878507693609,9.532374100719421,nan,0.0,nan,0.887201792,nan,nan,2.0,0.0,2,nan
66.575456960996,9.532374100719421,nan,0.0,nan,0.887201792,nan,nan,2.0,0.0,2,nan
66.5921286980311,9.532374100719421,nan,0.0,nan,0.887201792,nan,nan,2.0,0.0,2,nan
66.60880106290182,9.532374100719421,nan,0.0,nan,0.887201792,nan,nan,2.0,0.0,2,nan
66.62547292709351,9.172661870503596,nan,0.0,nan,0.887201792,nan,nan,2.0,0.0,2,nan
66.64214411576589,9.172661870503596,nan,0.0,nan,0.887201792,nan,nan,2.0,0.0,2,nan
66.65881985425949,5.575539568345322,nan,0.0,nan,0.887201792,nan,nan,1.0,0.0,2,nan
66.67549229860306,9.172661870503596,nan,0.0,nan,0.887201792,nan,nan,2.0,0.0,2,nan
66.69216800928116,9.172661870503596,nan,0.0,nan,0.887201792,nan,nan,2.0,0.0,2,nan
66.70883837540944,9.172661870503596,nan,0.0,nan,0.887201792,nan,nan,2.0,0.0,2,nan
66.72551046609878,9.172661870503596,nan,0.0,nan,0.887201792,nan,nan,2.0,0.0,2,nan
66.74218466679255,9.172661870503596,nan,0.0,nan,0.887201792,nan,nan,2.0,0.0,2,nan
66.7588566104571,9.172661870503596,nan,0.0,nan,0.887201792,nan,nan,2.0,0.0,2,nan
66.77552894751231,9.352517985611508,nan,0.0,nan,0.887201792,nan,nan,2.0,0.0,2,nan
66.7922014395396,9.532374100719421,nan,0.0,nan,0.887201792,nan,nan,2.0,0.0,2,nan
66.80887351036071,9.532374100719421,nan,0.0,nan,0.887201792,nan,nan,2.0,0.0,2,nan
66.82554562091828,9.532374100719421,nan,0.0,nan,0.887201792,nan,nan,2.0,0.0,2,nan
66.84221757650376,9.532374100719421,nan,0.0,nan,0.887201792,nan,nan,2.0,0.0,2,nan
66.85888986587524,9.892086330935257,nan,0.0,nan,0.887201792,nan,nan,2.0,0.0,2,nan
66.87555991013845,9.532374100719421,nan,0.0,nan,0.887201792,nan,nan,2.0,0.0,2,nan
66.8922340075175,9.532374100719421,nan,0.0,nan,0.887201792,nan,nan,2.0,0.0,2,nan
66.9089051326116,9.532374100719421,nan,0.0,nan,0.887201792,nan,nan,2.0,0.0,2,nan
66.9255772391955,9.532374100719421,nan,0.0,nan,0.887201792,nan,nan,2.0,0.0,2,nan
66.94225174188614,9.532374100719421,nan,0.0,nan,0.887201792,nan,nan,2.0,0.0,2,nan
66.958924472332,9.532374100719421,nan,0.0,nan,0.887201792,nan,nan,2.0,0.0,2,nan
66.97559725443521,9.532374100719421,nan,0.0,nan,0.887201792,nan,nan,2.0,0.0,2,nan
66.99227014780044,9.532374100719421,nan,0.0,nan,0.887201792,nan,nan,2.0,0.0,2,nan
67.00894136428833,9.532374100719421,nan,0.0,nan,0.887201792,nan,nan,2.0,0.0,2,nan
67.02561366160711,9.532374100719421,nan,0.0,nan,0.887201792,nan,nan,2.0,0.0,2,nan
67.04228590726852,9.532374100719421,nan,0.0,nan,0.887201792,nan,nan,2.0,0.0,2,nan
67.05895801782609,9.532374100719421,nan,0.0,nan,0.887201792,nan,nan,2.0,0.0,2,nan
67.07563012441,9.532374100719421,nan,0.0,nan,0.887201792,nan,nan,2.0,0.0,2,nan
67.09230251312256,9.532374100719421,nan,0.0,nan,0.887201792,nan,nan,2.0,0.0,2,nan
67.10897452831269,9.532374100719421,nan,0.0,nan,0.887201792,nan,nan,2.0,0.0,2,nan
67.12564649979274,9.532374100719421,nan,0.0,nan,0.887201792,nan,nan,2.0,0.0,2,nan
67.14232554038365,9.532374100719421,nan,0.0,nan,0.887201792,nan,nan,2.0,0.0,2,nan
67.15900831222534,5.755395683453235,nan,0.0,nan,0.887201792,nan,nan,1.0,0.0,2,nan
67.17568417787552,9.532374100719421,nan,0.0,nan,0.887201792,nan,nan,2.0,0.0,2,nan
67.19235709110896,9.532374100719421,nan,0.0,nan,0.887201792,nan,nan,2.0,0.0,2,nan
67.20903839667638,9.532374100719421,nan,0.0,nan,0.887201792,nan,nan,2.0,0.0,2,nan
67.22571316162745,9.532374100719421,nan,0.0,nan,0.887201792,nan,nan,2.0,0.0,2,nan
67.24238622983297,9.532374100719421,nan,0.0,nan,0.887201792,nan,nan,2.0,0.0,2,nan
67.25905818541845,9.532374100719421,nan,0.0,nan,0.887201792,nan,nan,2.0,0.0,2,nan
67.27573042710623,9.532374100719421,nan,0.0,nan,0.887201792,nan,nan,2.0,0.0,2,nan
67.2924041390419,9.532374100719421,nan,0.0,nan,0.887201792,nan,nan,2.0,0.0,2,nan
67.30907382567723,5.755395683453235,nan,0.0,nan,0.887201792,nan,nan,1.0,0.0,2,nan
67.32574706077575,10.251798561151082,nan,0.0,nan,0.897687552,nan,nan,2.0,0.0,2,nan
67.3424197157224,9.892086330935257,nan,0.0,nan,0.897687552,nan,nan,2.0,0.0,2,nan
67.35909297068913,9.892086330935257,nan,0.0,nan,0.897687552,nan,nan,2.0,0.0,2,nan
67.37576406002044,9.892086330935257,nan,0.0,nan,0.897687552,nan,nan,2.0,0.0,2,nan
67.39243617852529,5.935251798561147,nan,0.0,nan,0.897687552,nan,nan,1.0,0.0,2,nan
67.40910865863164,5.935251798561147,nan,0.0,nan,0.910270464,nan,nan,1.0,0.0,2,nan
67.42578125397364,5.935251798561147,nan,0.0,nan,0.914464768,nan,nan,1.0,0.0,2,nan
67.44245337645212,5.935251798561147,nan,0.0,nan,0.91656192,nan,nan,1.0,0.0,2,nan
67.4591258962949,5.935251798561147,nan,0.0,nan,0.918659072,nan,nan,1.0,0.0,2,nan
67.4757979551951,5.935251798561147,nan,0.0,nan,0.920756224,nan,nan,1.0,0.0,2,nan
67.49247048695882,5.935251798561147,nan,0.0,nan,0.920756224,nan,nan,1.0,0.0,2,nan
67.50914243062337,5.935251798561147,nan,0.0,nan,0.922853376,nan,nan,1.0,0.0,2,nan
67.52581787506739,5.935251798561147,nan,0.0,nan,0.922853376,nan,nan,1.0,0.0,2,nan
67.54248978296916,9.892086330935257,nan,0.0,nan,0.922853376,nan,nan,2.0,0.0,2,nan
67.55916179418564,9.892086330935257,nan,0.0,nan,0.922853376,nan,nan,2.0,0.0,2,nan
67.57583535909653,9.892086330935257,nan,0.0,nan,0.922853376,nan,nan,2.0,0.0,2,nan
67.59250750144322,9.892086330935257,nan,0.0,nan,0.922853376,nan,nan,2.0,0.0,2,nan
67.60917862653733,5.935251798561147,nan,0.0,nan,0.922853376,nan,nan,1.0,0.0,2,nan
67.6258503317833,5.935251798561147,nan,0.0,nan,0.922853376,nan,nan,1.0,0.0,2,nan
67.6425194978714,5.935251798561147,nan,0.0,nan,0.922853376,nan,nan,1.0,0.0,2,nan
67.65918889045716,5.935251798561147,nan,0.0,nan,0.922853376,nan,nan,1.0,0.0,2,nan
67.67586168845494,5.935251798561147,nan,0.0,nan,0.922853376,nan,nan,1.0,0.0,2,nan
67.6925351103147,5.935251798561147,nan,0.0,nan,0.924950528,nan,nan,1.0,0.0,2,nan
67.70920674403509,5.935251798561147,nan,0.0,nan,0.924950528,nan,nan,1.0,0.0,2,nan
67.72588049173355,5.935251798561147,nan,0.0,nan,0.924950528,nan,nan,1.0,0.0,2,nan
67.74255276521048,5.935251798561147,nan,0.0,nan,0.924950528,nan,nan,1.0,0.0,2,nan
67.75922611554464,5.935251798561147,nan,0.0,nan,0.924950528,nan,nan,1.0,0.0,2,nan
67.77590077320734,5.935251798561147,nan,0.0,nan,0.92704768,nan,nan,1.0,0.0,2,nan
67.79257357517878,5.935251798561147,nan,0.0,nan,0.92704768,nan,nan,1.0,0.0,2,nan
67.80924581289291,5.935251798561147,nan,0.0,nan,0.92704768,nan,nan,1.0,0.0,2,nan
67.82591746648153,6.1151079136690605,nan,0.0,nan,0.929144832,nan,nan,1.0,0.0,2,nan
67.84258927106858,6.1151079136690605,nan,0.0,nan,0.929144832,nan,nan,1.0,0.0,2,nan
67.85926134586335,6.1151079136690605,nan,0.0,nan,0.929144832,nan,nan,1.0,0.0,2,nan
67.87593503395716,10.07194244604317,nan,0.0,nan,0.929144832,nan,nan,2.0,0.0,2,nan
67.89260819355647,10.07194244604317,nan,0.0,nan,0.929144832,nan,nan,2.0,0.0,2,nan
67.90928023258844,10.07194244604317,nan,0.0,nan,0.929144832,nan,nan,2.0,0.0,2,nan
67.925958832105,10.07194244604317,nan,0.0,nan,0.929144832,nan,nan,2.0,0.0,2,nan
67.94263492822647,10.07194244604317,nan,0.0,nan,0.929144832,nan,nan,2.0,0.0,2,nan
67.9593073050181,10.07194244604317,nan,0.0,nan,0.929144832,nan,nan,2.0,0.0,2,nan
67.97598018248875,10.07194244604317,nan,0.0,nan,0.929144832,nan,nan,2.0,0.0,2,nan
67.99265331029892,6.1151079136690605,nan,0.0,nan,0.929144832,nan,nan,1.0,0.0,2,nan
68.00932676394781,10.07194244604317,nan,0.0,nan,0.929144832,nan,nan,2.0,0.0,2,nan
68.02600126266479,10.07194244604317,nan,0.0,nan,0.929144832,nan,nan,2.0,0.0,2,nan
68.04267363150915,10.07194244604317,nan,0.0,nan,0.929144832,nan,nan,2.0,0.0,2,nan
68.05934641361236,10.07194244604317,nan,0.0,nan,0.929144832,nan,nan,2.0,0.0,2,nan
68.07601852019629,10.07194244604317,nan,0.0,nan,0.929144832,nan,nan,2.0,0.0,2,nan
68.09269084533055,6.1151079136690605,nan,0.0,nan,0.929144832,nan,nan,1.0,0.0,2,nan
68.10936365524928,10.251798561151082,nan,0.0,nan,0.929144832,nan,nan,2.0,0.0,2,nan
68.1260361512502,6.1151079136690605,nan,0.0,nan,0.929144832,nan,nan,1.0,0.0,2,nan
68.14270848830542,10.251798561151082,nan,0.0,nan,0.929144832,nan,nan,2.0,0.0,2,nan
68.15938130617141,10.251798561151082,nan,0.0,nan,0.929144832,nan,nan,2.0,0.0,2,nan
68.17605341672898,10.251798561151082,nan,0.0,nan,0.929144832,nan,nan,2.0,0.0,2,nan
68.19272542397181,10.251798561151082,nan,0.0,nan,0.929144832,nan,nan,2.0,0.0,2,nan
68.2094008286794,10.251798561151082,nan,0.0,nan,0.929144832,nan,nan,2.0,0.0,2,nan
68.22607370217641,10.251798561151082,nan,0.0,nan,0.929144832,nan,nan,2.0,0.0,2,nan
68.24274678230286,10.251798561151082,nan,0.0,nan,0.929144832,nan,nan,2.0,0.0,2,nan
68.2594204266866,10.251798561151082,nan,0.0,nan,0.929144832,nan,nan,2.0,0.0,2,nan
68.27609328428905,6.1151079136690605,nan,0.0,nan,0.929144832,nan,nan,1.0,0.0,2,nan
68.29276876052221,6.1151079136690605,nan,0.0,nan,0.929144832,nan,nan,1.0,0.0,2,nan
68.30944086710612,6.1151079136690605,nan,0.0,nan,0.929144832,nan,nan,1.0,0.0,2,nan
68.32611300945283,6.1151079136690605,nan,0.0,nan,0.929144832,nan,nan,1.0,0.0,2,nan
68.34278570413589,6.294964028776984,nan,0.0,nan,0.929144832,nan,nan,1.0,0.0,2,nan
68.35945798158646,6.294964028776984,nan,0.0,nan,0.929144832,nan,nan,1.0,0.0,2,nan
68.37612981796265,6.294964028776984,nan,0.0,nan,0.929144832,nan,nan,1.0,0.0,2,nan
68.39280194441477,10.431654676258994,nan,0.0,nan,0.929144832,nan,nan,2.0,0.0,2,nan
68.40947319666545,10.431654676258994,nan,0.0,nan,0.929144832,nan,nan,2.0,0.0,2,nan
68.42614641984304,10.431654676258994,nan,0.0,nan,0.929144832,nan,nan,2.0,0.0,2,nan
68.44281855026881,10.431654676258994,nan,0.0,nan,0.929144832,nan,nan,2.0,0.0,2,nan
68.45949066082636,6.294964028776984,nan,0.0,nan,0.929144832,nan,nan,1.0,0.0,2,nan
68.47616367340088,10.431654676258994,nan,0.0,nan,0.929144832,nan,nan,2.0,0.0,2,nan
68.49283566872279,10.431654676258994,nan,0.0,nan,0.929144832,nan,nan,2.0,0.0,2,nan
68.50950802564621,10.611510791366907,nan,0.0,nan,0.929144832,nan,nan,2.0,0.0,2,nan
68.52618089914321,10.611510791366907,nan,0.0,nan,0.929144832,nan,nan,2.0,0.0,2,nan
68.54285314877828,10.611510791366907,nan,0.0,nan,0.929144832,nan,nan,2.0,0.0,2,nan
68.55952568848927,10.611510791366907,nan,0.0,nan,0.929144832,nan,nan,2.0,0.0,2,nan
68.57619765996932,10.611510791366907,nan,0.0,nan,0.929144832,nan,nan,2.0,0.0,2,nan
68.59286960363389,10.611510791366907,nan,0.0,nan,0.929144832,nan,nan,2.0,0.0,2,nan
68.6095421910286,10.611510791366907,nan,0.0,nan,0.929144832,nan,nan,2.0,0.0,2,nan
68.62621416250865,10.611510791366907,nan,0.0,nan,0.929144832,nan,nan,2.0,0.0,2,nan
68.6428858280182,10.611510791366907,nan,0.0,nan,0.929144832,nan,nan,2.0,0.0,2,nan
68.65955854256948,10.611510791366907,nan,0.0,nan,0.929144832,nan,nan,2.0,0.0,2,nan
68.67623083988825,6.294964028776984,nan,0.0,nan,0.929144832,nan,nan,1.0,0.0,2,nan
68.69290252923966,6.294964028776984,nan,0.0,nan,0.931241984,nan,nan,1.0,0.0,2,nan
68.70957347551982,6.294964028776984,nan,0.0,nan,0.933339136,nan,nan,1.0,0.0,2,nan
68.72624522447586,6.294964028776984,nan,0.0,nan,0.933339136,nan,nan,1.0,0.0,2,nan
68.74291789531708,6.294964028776984,nan,0.0,nan,0.933339136,nan,nan,1.0,0.0,2,nan
68.7595895767212,6.294964028776984,nan,0.0,nan,0.933339136,nan,nan,1.0,0.0,2,nan
68.77626185019811,6.294964028776984,nan,0.0,nan,0.933339136,nan,nan,1.0,0.0,2,nan
68.7929344256719,6.294964028776984,nan,0.0,nan,0.933339136,nan,nan,1.0,0.0,2,nan
68.80960648059845,6.294964028776984,nan,0.0,nan,0.933339136,nan,nan,1.0,0.0,2,nan
68.82628079652787,6.294964028776984,nan,0.0,nan,0.450932736,nan,nan,1.0,0.0,1,nan
68.84295281171799,6.294964028776984,nan,0.0,nan,0.450932736,nan,nan,1.0,0.0,1,nan
68.85962541500727,6.474820143884896,nan,0.0,nan,0.450932736,nan,nan,1.0,0.0,1,nan
68.87629781961441,6.474820143884896,nan,0.0,nan,0.450932736,nan,nan,1.0,0.0,1,nan
68.89296972751617,6.474820143884896,nan,0.0,nan,0.450932736,nan,nan,1.0,0.0,1,nan
68.90964255730312,6.474820143884896,nan,0.0,nan,0.450932736,nan,nan,1.0,0.0,1,nan
68.92631731828054,6.474820143884896,nan,0.0,nan,0.450932736,nan,nan,1.0,0.0,1,nan
68.94299017588297,6.474820143884896,nan,0.0,nan,0.450932736,nan,nan,1.0,0.0,1,nan
68.95966202418009,6.474820143884896,nan,0.0,nan,0.450932736,nan,nan,1.0,0.0,1,nan
68.97633405129115,6.474820143884896,nan,0.0,nan,0.450932736,nan,nan,1.0,0.0,1,nan
68.99300594727198,6.474820143884896,nan,0.0,nan,0.450932736,nan,nan,1.0,0.0,1,nan
69.00967804988225,6.474820143884896,nan,0.0,nan,0.450932736,nan,nan,1.0,0.0,1,nan
69.02635157903036,6.474820143884896,nan,0.0,nan,0.450932736,nan,nan,1.0,0.0,1,nan
69.04302372932435,6.474820143884896,nan,0.0,nan,0.450932736,nan,nan,1.0,0.0,1,nan
69.0596960425377,6.474820143884896,nan,0.0,nan,0.450932736,nan,nan,1.0,0.0,1,nan
69.0763686378797,6.474820143884896,nan,0.0,nan,0.450932736,nan,nan,1.0,0.0,1,nan
69.09304085969924,6.474820143884896,nan,0.0,nan,0.450932736,nan,nan,1.0,0.0,1,nan
69.10971089204152,6.474820143884896,nan,0.0,nan,0.450932736,nan,nan,1.0,0.0,1,nan
69.12638888359069,6.474820143884896,nan,0.0,nan,0.450932736,nan,nan,1.0,0.0,1,nan
69.14306156635284,6.474820143884896,nan,0.0,nan,0.450932736,nan,nan,1.0,0.0,1,nan
69.15973453521728,6.474820143884896,nan,0.0,nan,0.450932736,nan,nan,1.0,0.0,1,nan
69.17640647093455,6.474820143884896,nan,0.0,nan,0.450932736,nan,nan,1.0,0.0,1,nan
69.19307831525802,6.474820143884896,nan,0.0,nan,0.450932736,nan,nan,1.0,0.0,1,nan
69.20975150664647,6.474820143884896,nan,0.0,nan,0.450932736,nan,nan,1.0,0.0,1,nan
69.22642331918081,6.474820143884896,nan,0.0,nan,0.450932736,nan,nan,1.0,0.0,1,nan
69.24309528271357,6.474820143884896,nan,0.0,nan,0.450932736,nan,nan,1.0,0.0,1,nan
69.25976836284002,6.474820143884896,nan,0.0,nan,0.450932736,nan,nan,1.0,0.0,1,nan
69.27644124825795,6.474820143884896,nan,0.0,nan,0.450932736,nan,nan,1.0,0.0,1,nan
69.29311316013336,6.474820143884896,nan,0.0,nan,0.450932736,nan,nan,1.0,0.0,1,nan
69.30978481372198,6.474820143884896,nan,0.0,nan,0.450932736,nan,nan,1.0,0.0,1,nan
69.32645701567331,6.474820143884896,nan,0.0,nan,0.450932736,nan,nan,1.0,0.0,1,nan
69.34312996864318,6.474820143884896,nan,0.0,nan,0.450932736,nan,nan,1.0,0.0,1,nan
69.35980255206427,6.654676258992809,nan,0.0,nan,0.450932736,nan,nan,1.0,0.0,1,nan
69.37647399504979,6.654676258992809,nan,0.0,nan,0.450932736,nan,nan,1.0,0.0,1,nan
69.39314577579498,6.654676258992809,nan,0.0,nan,0.450932736,nan,nan,1.0,0.0,1,nan
69.40981792608896,6.654676258992809,nan,0.0,nan,0.450932736,nan,nan,1.0,0.0,1,nan
69.42648933331172,6.654676258992809,nan,0.0,nan,0.450932736,nan,nan,1.0,0.0,1,nan
69.44316038688024,6.654676258992809,nan,0.0,nan,0.450932736,nan,nan,1.0,0.0,1,nan
69.45983457167944,6.654676258992809,nan,0.0,nan,0.450932736,nan,nan,1.0,0.0,1,nan
69.47650755643845,6.654676258992809,nan,0.0,nan,0.450932736,nan,nan,1.0,0.0,1,nan
69.49317990938822,6.654676258992809,nan,0.0,nan,0.450932736,nan,nan,1.0,0.0,1,nan
69.50984933773677,6.654676258992809,nan,0.0,nan,0.450932736,nan,nan,1.0,0.0,1,nan
69.5265207250913,6.654676258992809,nan,0.0,nan,0.450932736,nan,nan,1.0,0.0,1,nan
69.543193089962,6.654676258992809,nan,0.0,nan,0.450932736,nan,nan,1.0,0.0,1,nan
69.55986805756886,6.654676258992809,nan,0.0,nan,0.450932736,nan,nan,1.0,0.0,1,nan
69.5765392978986,6.654676258992809,nan,0.0,nan,0.450932736,nan,nan,1.0,0.0,1,nan
69.59321118593216,6.654676258992809,nan,0.0,nan,0.450932736,nan,nan,1.0,0.0,1,nan
69.60988086859385,6.654676258992809,nan,0.0,nan,0.450932736,nan,nan,1.0,0.0,1,nan
69.62655363082885,6.654676258992809,nan,0.0,nan,0.450932736,nan,nan,1.0,0.0,1,nan
69.64322565396627,6.654676258992809,nan,0.0,nan,0.450932736,nan,nan,1.0,0.0,1,nan
69.65989799102148,6.654676258992809,nan,0.0,nan,0.450932736,nan,nan,1.0,0.0,1,nan
69.67657066980998,6.654676258992809,nan,0.0,nan,0.450932736,nan,nan,1.0,0.0,1,nan
69.69324252605438,6.654676258992809,nan,0.0,nan,0.450932736,nan,nan,1.0,0.0,1,nan
69.70991278489431,6.654676258992809,nan,0.0,nan,0.450932736,nan,nan,1.0,0.0,1,nan
69.72658573389053,6.654676258992809,nan,0.0,nan,0.450932736,nan,nan,1.0,0.0,1,nan
69.74325846831003,6.654676258992809,nan,0.0,nan,0.450932736,nan,nan,1.0,0.0,1,nan
69.7599304596583,6.654676258992809,nan,0.0,nan,0.450932736,nan,nan,1.0,0.0,1,nan
69.77660235563914,6.654676258992809,nan,0.0,nan,0.450932736,nan,nan,1.0,0.0,1,nan
69.79327428340912,6.654676258992809,nan,0.0,nan,0.450932736,nan,nan,1.0,0.0,1,nan
69.80994626283646,6.654676258992809,nan,0.0,nan,0.450932736,nan,nan,1.0,0.0,1,nan
69.82661817471187,6.654676258992809,nan,0.0,nan,0.450932736,nan,nan,1.0,0.0,1,nan
69.84328896601995,6.654676258992809,nan,0.0,nan,0.450932736,nan,nan,1.0,0.0,1,nan
69.85996191501617,6.834532374100721,nan,0.0,nan,0.450932736,nan,nan,1.0,0.0,1,nan
69.87663398981094,6.834532374100721,nan,0.0,nan,0.450932736,nan,nan,1.0,0.0,1,nan
69.89330617189407,6.834532374100721,nan,0.0,nan,0.450932736,nan,nan,1.0,0.0,1,nan
69.90997722943624,6.834532374100721,nan,0.0,nan,0.450932736,nan,nan,1.0,0.0,1,nan
69.92665232022604,6.834532374100721,nan,0.0,nan,0.450932736,nan,nan,1.0,0.0,1,nan
69.94332437515259,6.834532374100721,nan,0.0,nan,0.450932736,nan,nan,1.0,0.0,1,nan
69.95999629100164,6.834532374100721,nan,0.0,nan,0.450932736,nan,nan,1.0,0.0,1,nan
69.97666880289714,6.834532374100721,nan,0.0,nan,0.450932736,nan,nan,1.0,0.0,1,nan
69.99334058761596,6.834532374100721,nan,0.0,nan,0.450932736,nan,nan,1.0,0.0,1,nan
70.01001012325287,6.834532374100721,nan,0.0,nan,0.450932736,nan,nan,1.0,0.0,1,nan
70.02668813467025,6.834532374100721,nan,0.0,nan,0.450932736,nan,nan,1.0,0.0,1,nan
70.04335995515187,6.834532374100721,nan,0.0,nan,0.450932736,nan,nan,1.0,0.0,1,nan
70.06003814935684,6.834532374100721,nan,0.0,nan,0.450932736,nan,nan,1.0,0.0,1,nan
70.07671234210332,6.834532374100721,nan,0.0,nan,0.450932736,nan,nan,1.0,0.0,1,nan
70.09338646332422,6.834532374100721,nan,0.0,nan,0.450932736,nan,nan,1.0,0.0,1,nan
70.11006049712499,6.834532374100721,nan,0.0,nan,0.450932736,nan,nan,1.0,0.0,1,nan
70.12673839728038,6.834532374100721,nan,0.0,nan,0.450932736,nan,nan,1.0,0.0,1,nan
70.14340880711873,6.834532374100721,nan,0.0,nan,0.450932736,nan,nan,1.0,0.0,1,nan
70.16008627414703,6.834532374100721,nan,0.0,nan,0.450932736,nan,nan,1.0,0.0,1,nan
70.17676114638647,6.834532374100721,nan,0.0,nan,0.450932736,nan,nan,1.0,0.0,1,nan
70.19344046910604,6.834532374100721,nan,0.0,nan,0.450932736,nan,nan,1.0,0.0,1,nan
70.21011331081391,6.834532374100721,nan,0.0,nan,0.450932736,nan,nan,1.0,0.0,1,nan
70.22678466240565,6.834532374100721,nan,0.0,nan,0.450932736,nan,nan,1.0,0.0,1,nan
70.24345684448878,6.834532374100721,nan,0.0,nan,0.450932736,nan,nan,1.0,0.0,1,nan
70.26012933651606,6.834532374100721,nan,0.0,nan,0.450932736,nan,nan,1.0,0.0,1,nan
70.27680226564408,6.834532374100721,nan,0.0,nan,0.450932736,nan,nan,1.0,0.0,1,nan
70.29347656567892,6.834532374100721,nan,0.0,nan,0.450932736,nan,nan,1.0,0.0,1,nan
70.31015153328578,6.834532374100721,nan,0.0,nan,0.450932736,nan,nan,1.0,0.0,1,nan
70.326824537913,6.834532374100721,nan,0.0,nan,0.450932736,nan,nan,1.0,0.0,1,nan
70.34349580605824,6.834532374100721,nan,0.0,nan,0.450932736,nan,nan,1.0,0.0,1,nan
70.36016852855683,7.014388489208634,nan,0.0,nan,0.450932736,nan,nan,1.0,0.0,1,nan
70.3768408536911,7.014388489208634,nan,0.0,nan,0.450932736,nan,nan,1.0,0.0,1,nan
70.393512849013,7.014388489208634,nan,0.0,nan,0.450932736,nan,nan,1.0,0.0,1,nan
70.41018639405569,7.014388489208634,nan,0.0,nan,0.450932736,nan,nan,1.0,0.0,1,nan
70.42685865561167,7.014388489208634,nan,0.0,nan,0.450932736,nan,nan,1.0,0.0,1,nan
70.44353069464366,7.014388489208634,nan,0.0,nan,0.450932736,nan,nan,1.0,0.0,1,nan
70.46020269393921,7.014388489208634,nan,0.0,nan,0.450932736,nan,nan,1.0,0.0,1,nan
70.47687422831854,7.014388489208634,nan,0.0,nan,0.450932736,nan,nan,1.0,0.0,1,nan
70.49354609648387,7.014388489208634,nan,0.0,nan,0.450932736,nan,nan,1.0,0.0,1,nan
70.51021760304769,7.014388489208634,nan,0.0,nan,0.450932736,nan,nan,1.0,0.0,1,nan
70.52688999176026,7.014388489208634,nan,0.0,nan,0.450932736,nan,nan,1.0,0.0,1,nan
70.54356217384338,7.014388489208634,nan,0.0,nan,0.450932736,nan,nan,1.0,0.0,1,nan
70.5602356950442,7.014388489208634,nan,0.0,nan,0.450932736,nan,nan,1.0,0.0,1,nan
70.57690771023432,7.014388489208634,nan,0.0,nan,0.450932736,nan,nan,1.0,0.0,1,nan
70.5935778816541,7.014388489208634,nan,0.0,nan,0.450932736,nan,nan,1.0,0.0,1,nan
70.6102555791537,7.014388489208634,nan,0.0,nan,0.450932736,nan,nan,1.0,0.0,1,nan
70.62693827549616,7.014388489208634,nan,0.0,nan,0.450932736,nan,nan,1.0,0.0,1,nan
70.64360777139663,7.014388489208634,nan,0.0,nan,0.450932736,nan,nan,1.0,0.0,1,nan
70.66028041442236,7.014388489208634,nan,0.0,nan,0.450932736,nan,nan,1.0,0.0,1,nan
70.6769506851832,7.014388489208634,nan,0.0,nan,0.450932736,nan,nan,1.0,0.0,1,nan
70.69362257321676,7.014388489208634,nan,0.0,nan,0.450932736,nan,nan,1.0,0.0,1,nan
70.71029296716054,7.014388489208634,nan,0.0,nan,0.450932736,nan,nan,1.0,0.0,1,nan
70.72696969509124,7.014388489208634,nan,0.0,nan,0.450932736,nan,nan,1.0,0.0,1,nan
70.74364123741786,7.014388489208634,nan,0.0,nan,0.450932736,nan,nan,1.0,0.0,1,nan
70.76031018098196,7.014388489208634,nan,0.0,nan,0.450932736,nan,nan,1.0,0.0,1,nan
70.77697914441427,7.014388489208634,nan,0.0,nan,0.450932736,nan,nan,1.0,0.0,1,nan
70.79365431467691,7.014388489208634,nan,0.0,nan,0.450932736,nan,nan,1.0,0.0,1,nan
70.81032681465149,7.014388489208634,nan,0.0,nan,0.450932736,nan,nan,1.0,0.0,1,nan
70.82700287103653,7.014388489208634,nan,0.0,nan,0.450932736,nan,nan,1.0,0.0,1,nan
70.84367321332296,7.014388489208634,nan,0.0,nan,0.450932736,nan,nan,1.0,0.0,1,nan
70.86034356753031,7.194244604316546,nan,0.0,nan,0.450932736,nan,nan,1.0,0.0,1,nan
70.87701872587203,7.194244604316546,nan,0.0,nan,0.450932736,nan,nan,1.0,0.0,1,nan
70.89369129339853,7.194244604316546,nan,0.0,nan,0.450932736,nan,nan,1.0,0.0,1,nan
70.91036335627238,7.194244604316546,nan,0.0,nan,0.450932736,nan,nan,1.0,0.0,1,nan
70.92703516880671,7.194244604316546,nan,0.0,nan,0.450932736,nan,nan,1.0,0.0,1,nan
70.94370747407278,7.194244604316546,nan,0.0,nan,0.450932736,nan,nan,1.0,0.0,1,nan
70.96037929852804,7.194244604316546,nan,0.0,nan,0.450932736,nan,nan,1.0,0.0,1,nan
70.97705001036326,7.194244604316546,nan,0.0,nan,0.450932736,nan,nan,1.0,0.0,1,nan
70.99372321764628,7.194244604316546,nan,0.0,nan,0.450932736,nan,nan,1.0,0.0,1,nan
71.01039562622707,7.194244604316546,nan,0.0,nan,0.450932736,nan,nan,1.0,0.0,1,nan
71.0270675222079,7.194244604316546,nan,0.0,nan,0.450932736,nan,nan,1.0,0.0,1,nan
71.04373993873597,7.194244604316546,nan,0.0,nan,0.450932736,nan,nan,1.0,0.0,1,nan
71.06041185855865,7.194244604316546,nan,0.0,nan,0.450932736,nan,nan,1.0,0.0,1,nan
71.0770849665006,7.194244604316546,nan,0.0,nan,0.450932736,nan,nan,1.0,0.0,1,nan
71.09375745455424,7.194244604316546,nan,0.0,nan,0.450932736,nan,nan,1.0,0.0,1,nan
71.11042828559876,7.194244604316546,nan,0.0,nan,0.450932736,nan,nan,1.0,0.0,1,nan
71.12710374593735,7.194244604316546,nan,0.0,nan,0.450932736,nan,nan,1.0,0.0,1,nan
71.14377521673838,7.194244604316546,nan,0.0,nan,0.450932736,nan,nan,1.0,0.0,1,nan
71.16044695774714,7.194244604316546,nan,0.0,nan,0.450932736,nan,nan,1.0,0.0,1,nan
71.17711918354034,7.194244604316546,nan,0.0,nan,0.450932736,nan,nan,1.0,0.0,1,nan
71.19379139343897,7.194244604316546,nan,0.0,nan,0.450932736,nan,nan,1.0,0.0,1,nan
71.21046333312988,7.194244604316546,nan,0.0,nan,0.450932736,nan,nan,1.0,0.0,1,nan
71.22713562250138,7.194244604316546,nan,0.0,nan,0.450932736,nan,nan,1.0,0.0,1,nan
71.24380767742792,7.194244604316546,nan,0.0,nan,0.450932736,nan,nan,1.0,0.0,1,nan
71.26047948598861,7.194244604316546,nan,0.0,nan,0.450932736,nan,nan,1.0,0.0,1,nan
71.27715201775233,7.194244604316546,nan,0.0,nan,0.450932736,nan,nan,1.0,0.0,1,nan
71.29382430712381,7.194244604316546,nan,0.0,nan,0.450932736,nan,nan,1.0,0.0,1,nan
71.31050264437994,7.194244604316546,nan,0.0,nan,0.450932736,nan,nan,1.0,0.0,1,nan
71.32717297474544,7.194244604316546,nan,0.0,nan,0.450932736,nan,nan,1.0,0.0,1,nan
71.34384557008744,7.194244604316546,nan,0.0,nan,0.450932736,nan,nan,1.0,0.0,1,nan
71.36051747401555,7.374100719424459,nan,0.0,nan,0.450932736,nan,nan,1.0,0.0,1,nan
71.37718861103058,7.374100719424459,nan,0.0,nan,0.450932736,nan,nan,1.0,0.0,1,nan
71.39386112292608,7.374100719424459,nan,0.0,nan,0.450932736,nan,nan,1.0,0.0,1,nan
71.41053324540457,7.374100719424459,nan,0.0,nan,0.450932736,nan,nan,1.0,0.0,1,nan
71.4272055943807,7.374100719424459,nan,0.0,nan,0.450932736,nan,nan,1.0,0.0,1,nan
71.4438773949941,7.374100719424459,nan,0.0,nan,0.450932736,nan,nan,1.0,0.0,1,nan
71.4605520606041,7.374100719424459,nan,0.0,nan,0.450932736,nan,nan,1.0,0.0,1,nan
71.477224055926,7.374100719424459,nan,0.0,nan,0.450932736,nan,nan,1.0,0.0,1,nan
71.49389661947886,7.374100719424459,nan,0.0,nan,0.450932736,nan,nan,1.0,0.0,1,nan
71.51056586106618,7.374100719424459,nan,0.0,nan,0.450932736,nan,nan,1.0,0.0,1,nan
71.52723866701126,7.374100719424459,nan,0.0,nan,0.450932736,nan,nan,1.0,0.0,1,nan
71.54390941460927,7.374100719424459,nan,0.0,nan,0.450932736,nan,nan,1.0,0.0,1,nan
71.56058117548625,7.374100719424459,nan,0.0,nan,0.450932736,nan,nan,1.0,0.0,1,nan
71.5772529522578,7.374100719424459,nan,0.0,nan,0.450932736,nan,nan,1.0,0.0,1,nan
71.59392183621725,7.374100719424459,nan,0.0,nan,0.450932736,nan,nan,1.0,0.0,1,nan
71.61059468189875,7.374100719424459,nan,0.0,nan,0.450932736,nan,nan,1.0,0.0,1,nan
71.62727201779684,7.374100719424459,nan,0.0,nan,0.450932736,nan,nan,1.0,0.0,1,nan
71.6439449707667,7.374100719424459,nan,0.0,nan,0.450932736,nan,nan,1.0,0.0,1,nan
71.66061418056488,7.374100719424459,nan,0.0,nan,0.450932736,nan,nan,1.0,0.0,1,nan
71.67728866736094,7.374100719424459,nan,0.0,nan,0.450932736,nan,nan,1.0,0.0,1,nan
71.69396093686422,7.374100719424459,nan,0.0,nan,0.450932736,nan,nan,1.0,0.0,1,nan
71.71063492298126,7.374100719424459,nan,0.0,nan,0.450932736,nan,nan,1.0,0.0,1,nan
71.72730737527212,7.374100719424459,nan,0.0,nan,0.450932736,nan,nan,1.0,0.0,1,nan
71.74397984743118,7.374100719424459,nan,0.0,nan,0.450932736,nan,nan,1.0,0.0,1,nan
71.76065178314845,7.374100719424459,nan,0.0,nan,0.450932736,nan,nan,1.0,0.0,1,nan
71.77732416788737,0.0,nan,0.0,nan,0.450932736,nan,nan,0.0,0.0,1,nan
71.79399647712708,0.0,nan,0.0,nan,0.950042624,nan,nan,0.0,0.0,1,nan
