tenant,instance_id,started_at,duration_s,prompt,cached,computed,first,evict,tail,new,recompute,gpu_s_total,gpu_s_evict,gpu_s_tail,gpu_s_recompute,gpu_s_cached
0,django__django-10973,1791014737.513414,2.484776735305786,1426,0,1426,1426,0,0,0,0,0.11726262222853152,0.0,0.0,0.0,0.0
0,django__django-10973,1791014740.7768002,3.004730224609375,1907,0,1907,0,0,1426,481,1426,0.15727883163840767,0.0,0.11726262222853152,0.11726262222853152,0.0
1,django__django-11749,1791014742.5687075,3.12467622756958,1633,0,1633,1633,0,0,0,0,0.1344551255027872,0.0,0.0,0.0,0.0
0,django__django-10973,1791014744.087779,14.607494831085205,2715,1568,1147,0,0,339,808,339,0.09597291025817539,0.0,0.028226974074972735,0.028226974074972735,0.12905185756343496
1,django__django-11749,1791014746.4880025,3.327547073364258,1860,1568,292,0,0,65,227,65,0.02430657712791781,0.0,0.005403267939352256,0.005403267939352256,0.12905185756343496
2,django__django-12262,1791014747.385361,3.709625244140625,1590,0,1590,1590,0,0,0,0,0.13088017876122998,0.0,0.0,0.0,0.0
1,django__django-11749,1791014750.1525254,1.3288953304290771,2144,1568,576,0,0,292,284,292,0.048029735739083396,0.0,0.02430657712791781,0.02430657712791781,0.12905185756343496
1,django__django-11749,1791014751.914252,1.9548931121826172,2244,1568,676,0,0,576,100,576,0.056402330344702906,0.0,0.048029735739083396,0.048029735739083396,0.12905185756343496
2,django__django-12262,1791014752.211662,2.617161512374878,2849,1568,1281,0,0,22,1259,22,0.10727167561062548,0.0,0.0018283211977950437,0.0018283211977950437,0.12905185756343496
3,django__django-13112,1791014752.2946768,5.620474100112915,1856,0,1856,1856,0,0,0,0,0.15302488678910528,0.0,0.0,0.0,0.0
1,django__django-11749,1791014754.0075865,2.6687824726104736,4678,1568,3110,0,0,676,2434,676,0.2633024248612781,0.0,0.056402330344702906,0.056402330344702906,0.12905185756343496
2,django__django-12262,1791014754.967041,75.72841548919678,5213,1568,3645,0,0,1281,2364,1281,0.30958087255968153,0.0,0.10727167561062548,0.10727167561062548,0.12905185756343496
1,django__django-11749,1791014756.83725,12.557312726974487,5563,3136,2427,0,0,1542,885,1542,0.20848051910092213,0.0,0.1317702072006796,0.1317702072006796,0.26058407522403343
4,django__django-13821,1791014757.190712,3.4343373775482178,1507,0,1507,1507,0,0,0,0,0.1239849753953794,0.0,0.0,0.0,0.0
3,django__django-13112,1791014758.3340344,6.109272003173828,2212,1568,644,0,0,288,356,288,0.05372200245216112,0.0,0.023973029225670343,0.023973029225670343,0.12905185756343496
0,django__django-10973,1791014759.1008828,1.7612533569335938,3265,1568,1697,0,0,1147,550,1147,0.14246385107246615,0.0,0.09597291025817539,0.09597291025817539,0.12905185756343496
0,django__django-10973,1791014760.9879286,422.1942400932312,4376,3136,1240,0,0,129,1111,129,0.10577417659496233,0.0,0.010931633411867677,0.010931633411867677,0.26058407522403343
4,django__django-13821,1791014761.046312,3.6335349082946777,1844,0,1844,0,0,1507,337,1507,0.15202433993107553,0.0,0.1239849753953794,0.1239849753953794,0.0
5,django__django-14787,1791014762.5320704,4.010428190231323,1538,0,1538,1538,0,0,0,0,0.12655947918950483,0.0,0.0,0.0,0.0
3,django__django-13112,1791014765.197913,2.028038501739502,2675,1568,1107,0,0,644,463,644,0.09260365524715873,0.0,0.05372200245216112,0.05372200245216112,0.12905185756343496
4,django__django-13821,1791014765.4671056,3.4049172401428223,2219,1568,651,0,0,276,375,276,0.0543082359050884,0.0,0.0229724823676406,0.0229724823676406,0.12905185756343496
6,django__django-15380,1791014767.3021455,5.440333366394043,1823,0,1823,1823,0,0,0,0,0.15027373249284579,0.0,0.0,0.0,0.0
3,django__django-13112,1791014767.3498118,11.439393520355225,4731,1568,3163,0,0,1107,2056,1107,0.2678741328224307,0.0,0.09260365524715873,0.09260365524715873,0.12905185756343496
5,django__django-14787,1791014767.3790317,3.1701180934906006,2745,0,2745,0,0,1538,1207,1538,0.2275527683626676,0.0,0.12655947918950483,0.12655947918950483,0.0
4,django__django-13821,1791014769.1815298,3.9132258892059326,3567,1568,1999,0,0,651,1348,651,0.16812139340973714,0.0,0.0543082359050884,0.0543082359050884,0.12905185756343496
1,django__django-11749,1791014769.7602062,4.03629732131958,6205,4704,1501,0,0,859,642,859,0.13060992228758678,0.0,0.07446794134316012,0.07446794134316012,0.39459665298179547
5,django__django-14787,1791014770.7273662,37.73887634277344,4356,1568,2788,0,0,1177,1611,1177,0.23558805129195592,0.0,0.09850091079923266,0.09850091079923266,0.12905185756343496
7,django__django-16255,1791014772.3624492,3.9657297134399414,1768,0,1768,1768,0,0,0,0,0.14569091672704504,0.0,0.0,0.0,0.0
6,django__django-15380,1791014773.1473377,6.625298976898193,3002,1568,1434,0,0,255,1179,255,0.12019465431031842,0.0,0.021221874929410838,0.021221874929410838,0.12905185756343496
4,django__django-13821,1791014773.3572638,6.439531326293945,5182,3136,2046,0,0,431,1615,431,0.1753592189217245,0.0,0.03658917574913866,0.03658917574913866,0.26058407522403343
1,django__django-11749,1791014774.1106515,8.282775402069092,6878,4704,2174,0,0,1501,673,1501,0.1899092183667797,0.0,0.13060992228758678,0.13060992228758678,0.39459665298179547
7,django__django-16255,1791014777.125851,2.497217893600464,2289,1568,721,0,0,200,521,200,0.06017328926020116,0.0,0.016639059163610095,0.016639059163610095,0.12905185756343496
8,sympy__sympy-11618,1791014777.4800198,3.4993436336517334,1423,0,1423,1423,0,0,0,0,0.1170137732992503,0.0,0.0,0.0,0.0
3,django__django-13112,1791014779.1506455,3.9759998321533203,6208,4704,1504,0,0,27,1477,27,0.13087324404636688,0.0,0.002329337404070239,0.002329337404070239,0.39459665298179547
7,django__django-16255,1791014779.7639434,7.410785675048828,4437,1568,2869,0,0,721,2148,721,0.24254983263564572,0.0,0.06017328926020116,0.06017328926020116,0.12905185756343496
4,django__django-13821,1791014780.094938,14.255362033843994,5872,4704,1168,0,0,478,690,478,0.10143764565029943,0.0,0.041346641163962465,0.041346641163962465,0.39459665298179547
6,django__django-15380,1791014780.5062735,22.43968152999878,4400,1568,2832,0,0,1434,1398,1434,0.23936893847980634,0.0,0.12019465431031842,0.12019465431031842,0.12905185756343496
8,sympy__sympy-11618,1791014781.5360477,3.71651029586792,2578,0,2578,0,0,1423,1155,1423,0.2134917726512877,0.0,0.1170137732992503,0.1170137732992503,0.0
9,sympy__sympy-13757,1791014782.3906193,6.463522434234619,1506,0,1506,1506,0,0,0,0,0.12390194302734359,0.0,0.0,0.0,0.0
1,django__django-11749,1791014782.7569757,3.8348493576049805,7398,6272,1126,0,0,606,520,606,0.09954738098624893,0.0,0.05341628051185414,0.05341628051185414,0.531089590836721
3,django__django-13112,1791014783.4040158,3.459656000137329,7271,4704,2567,0,0,1504,1063,1504,0.22474850856134163,0.0,0.13087324404636688,0.13087324404636688,0.39459665298179547
8,sympy__sympy-11618,1791014785.5511541,2.622347593307495,2911,1568,1343,0,0,1010,333,1010,0.11250559228118326,0.0,0.08443991508785276,0.08443991508785276,0.12905185756343496
1,django__django-11749,1791014786.905038,3.8592803478240967,7789,6272,1517,0,0,1126,391,1126,0.1344140950400329,0.0,0.09954738098624893,0.09954738098624893,0.531089590836721
3,django__django-13112,1791014787.108753,2.877357006072998,8290,6272,2018,0,0,999,1019,999,0.1793152805151452,0.0,0.08825557070641606,0.08825557070641606,0.531089590836721
10,sympy__sympy-15875,1791014787.324425,6.0972044467926025,1499,0,1499,1499,0,0,0,0,0.12332074469863413,0.0,0.0,0.0,0.0
7,django__django-16255,1791014787.463931,3.020380735397339,5892,3136,2756,0,0,1301,1455,1301,0.23719915442341644,0.0,0.11101761497504725,0.11101761497504725,0.26058407522403343
8,sympy__sympy-11618,1791014788.3681414,6.302087306976318,3649,1568,2081,0,0,1343,738,1343,0.17510389405442953,0.0,0.11250559228118326,0.11250559228118326,0.12905185756343496
3,django__django-13112,1791014790.1446955,22.092620611190796,10255,7840,2415,0,0,450,1965,450,0.2188956873838945,0.0,0.04034198256305608,0.04034198256305608,0.6700628887888102
9,sympy__sympy-13757,1791014790.8843467,10.063801050186157,3109,0,3109,0,0,1506,1603,1506,0.2582981835471603,0.0,0.12390194302734359,0.12390194302734359,0.0
7,django__django-16255,1791014790.8941002,2.7147104740142822,6375,4704,1671,0,0,1188,483,1188,0.14554580911300466,0.0,0.10318657666565441,0.10318657666565441,0.39459665298179547
1,django__django-11749,1791014791.008397,3.5643928050994873,8572,6272,2300,0,0,1517,783,1517,0.20470038072686447,0.0,0.1344140950400329,0.1344140950400329,0.531089590836721
11,sympy__sympy-18211,1791014792.4903524,7.162899732589722,1547,0,1547,1547,0,0,0,0,0.12730709736623233,0.0,0.0,0.0,0.0
7,django__django-16255,1791014793.7340908,3.1346583366394043,7394,6272,1122,0,0,103,1019,103,0.09919148524355398,0.0,0.009052871258079093,0.009052871258079093,0.531089590836721
4,django__django-13821,1791014794.5925415,2.382990598678589,6299,4704,1595,0,0,1168,427,1168,0.13886498554128116,0.0,0.10143764565029943,0.10143764565029943,0.39459665298179547
1,django__django-11749,1791014794.8155453,14.936378717422485,9181,7840,1341,0,0,732,609,732,0.12082180514312817,0.0,0.06572708277477536,0.06572708277477536,0.6700628887888102
10,sympy__sympy-15875,1791014795.624758,5.5088372230529785,2187,0,2187,0,0,1499,688,1499,0.1806805726485871,0.0,0.12332074469863413,0.12332074469863413,0.0
8,sympy__sympy-11618,1791014796.35215,6.695227384567261,4033,3136,897,0,0,513,384,513,0.07636047899844813,0.0,0.04357167639383105,0.04357167639383105,0.26058407522403343
7,django__django-16255,1791014796.9875844,13.859259605407715,8221,6272,1949,0,0,1122,827,1122,0.17311624914814713,0.0,0.09919148524355398,0.09919148524355398,0.531089590836721
4,django__django-13821,1791014797.1296124,119.04917120933533,8736,6272,2464,0,0,27,2437,27,0.21950024213160121,0.0,0.0023720476863555804,0.0023720476863555804,0.531089590836721
12,sympy__sympy-20916,1791014797.5778663,3.6197667121887207,1425,0,1425,1425,0,0,0,0,0.11717967157659702,0.0,0.0,0.0,0.0
9,sympy__sympy-13757,1791014801.2152581,3.8260178565979004,3425,1568,1857,0,0,1541,316,1541,0.15604579055525342,0.0,0.12924632598372537,0.12924632598372537,0.12905185756343496
10,sympy__sympy-15875,1791014801.3881016,3.3200597763061523,2719,1568,1151,0,0,619,532,619,0.09630992453726367,0.0,0.05162871508515217,0.05162871508515217,0.12905185756343496
12,sympy__sympy-20916,1791014801.867884,5.3626549243927,2478,0,2478,0,0,1425,1053,1425,0.20508548276438676,0.0,0.11717967157659702,0.11717967157659702,0.0
11,sympy__sympy-18211,1791014802.038667,8.202730894088745,1961,0,1961,0,0,1547,414,1547,0.16178586860121494,0.0,0.12730709736623233,0.12730709736623233,0.0
13,sympy__sympy-23262,1791014802.4518654,5.639551401138306,1640,0,1640,1640,0,0,0,0,0.13503727012412664,0.0,0.0,0.0,0.0
8,sympy__sympy-11618,1791014803.1892958,3.618124485015869,4863,3136,1727,0,0,897,830,897,0.14774037368996773,0.0,0.07636047899844813,0.07636047899844813,0.26058407522403343
6,django__django-15380,1791014803.2364757,21.96786141395569,5180,3136,2044,0,0,1264,780,1264,0.1751857402149302,0.0,0.10783672081920787,0.10783672081920787,0.26058407522403343
10,sympy__sympy-15875,1791014804.8552666,27.14790678024292,3643,1568,2075,0,0,1151,924,1151,0.17459274935741798,0.0,0.09630992453726367,0.09630992453726367,0.12905185756343496
9,sympy__sympy-13757,1791014805.1891198,42.79329872131348,4574,3136,1438,0,0,289,1149,289,0.12280754473586682,0.0,0.024513572894654917,0.024513572894654917,0.26058407522403343
8,sympy__sympy-11618,1791014806.9489355,18.522387266159058,5754,4704,1050,0,0,159,891,159,0.09112716664114799,0.0,0.01372779593220573,0.01372779593220573,0.39459665298179547
14,pytest-dev__pytest-10051,1791014807.2775984,4.912623405456543,1823,0,1823,1823,0,0,0,0,0.15027373249284579,0.0,0.0,0.0,0.0
12,sympy__sympy-20916,1791014807.4850895,2.1932897567749023,2702,1568,1134,0,0,910,224,910,0.09487772532804213,0.0,0.07603362520095182,0.07603362520095182,0.12905185756343496
5,django__django-14787,1791014808.8308935,6.7219061851501465,4715,3136,1579,0,0,1220,359,1220,0.1349614782925448,0.0,0.10405583363135744,0.10405583363135744,0.26058407522403343
12,sympy__sympy-20916,1791014809.8254645,4.136232614517212,2791,1568,1223,0,0,1134,89,1134,0.10237894174916358,0.0,0.09487772532804213,0.09487772532804213,0.12905185756343496
1,django__django-11749,1791014809.8783116,7.578558683395386,9516,7840,1676,0,0,1341,335,1341,0.15128794372242854,0.0,0.12082180514312817,0.12082180514312817,0.6700628887888102
13,sympy__sympy-23262,1791014810.2004406,4.6625306606292725,3163,1568,1595,0,0,72,1523,72,0.13381884478238337,0.0,0.005985412560691707,0.005985412560691707,0.12905185756343496
11,sympy__sympy-18211,1791014811.031671,10.019264459609985,2548,1568,980,0,0,393,587,393,0.08191696883898769,0.0,0.03273401103777999,0.03273401103777999,0.12905185756343496
7,django__django-16255,1791014811.1841362,12.164568901062012,9354,7840,1514,0,0,381,1133,381,0.13654092788213554,0.0,0.03414295119605802,0.03414295119605802,0.6700628887888102
3,django__django-13112,1791014812.3576348,2.275261402130127,10546,9408,1138,0,0,847,291,847,0.10421548367347008,0.0,0.07744202933464187,0.07744202933464187,0.8115165468380628
15,pytest-dev__pytest-5631,1791014812.458514,7.122020483016968,2019,0,2019,2019,0,0,0,0,0.16663003686863825,0.0,0.0,0.0,0.0
14,pytest-dev__pytest-10051,1791014812.5623715,2.456386089324951,2073,1568,505,0,0,255,250,255,0.04209131773690848,0.0,0.021221874929410838,0.021221874929410838,0.12905185756343496
12,sympy__sympy-20916,1791014814.2009437,2.6218812465667725,3015,1568,1447,0,0,1223,224,1223,0.12129377371940371,0.0,0.10237894174916358,0.10237894174916358,0.12905185756343496
3,django__django-13112,1791014814.7780545,3.433020830154419,11217,9408,1809,0,0,1138,671,1138,0.16627644151205204,0.0,0.10421548367347008,0.10421548367347008,0.8115165468380628
14,pytest-dev__pytest-10051,1791014815.1516695,4.798976421356201,2629,1568,1061,0,0,505,556,505,0.08873100747150678,0.0,0.04209131773690848,0.04209131773690848,0.12905185756343496
13,sympy__sympy-23262,1791014815.1723547,4.325283050537109,3377,3136,241,0,0,27,214,27,0.02043627928586412,0.0,0.002286627121784897,0.002286627121784897,0.26058407522403343
5,django__django-14787,1791014815.764068,187.67329931259155,5083,4704,379,0,0,11,368,11,0.032764289126539836,0.0,0.0009489005347827468,0.0009489005347827468,0.39459665298179547
12,sympy__sympy-20916,1791014816.9742904,2.7859277725219727,3741,1568,2173,0,0,1447,726,1447,0.1829459939294053,0.0,0.12129377371940371,0.12129377371940371,0.12905185756343496
16,pytest-dev__pytest-6202,1791014817.409311,6.2222068309783936,2111,0,2111,2111,0,0,0,0,0.17432085098370498,0.0,0.0,0.0,0.0
3,django__django-13112,1791014818.34947,3.8885860443115234,11516,10976,540,0,0,241,299,241,0.05014330519747433,0.0,0.022342423365635848,0.022342423365635848,0.955450564984479
1,django__django-11749,1791014818.6416497,532.4291489124298,9814,9408,406,0,0,108,298,108,0.03703065828783669,0.0,0.009834285673175862,0.009834285673175862,0.8115165468380628
13,sympy__sympy-23262,1791014819.7505977,5.752185344696045,3893,3136,757,0,0,241,516,241,0.06438899704871981,0.0,0.02043627928586412,0.02043627928586412,0.26058407522403343
12,sympy__sympy-20916,1791014819.8951652,2.2979838848114014,3866,3136,730,0,0,605,125,605,0.06208248567561584,0.0,0.05141377626880682,0.05141377626880682,0.26058407522403343
15,pytest-dev__pytest-5631,1791014819.9789014,3.9662492275238037,2290,1568,722,0,0,451,271,451,0.06025711155054964,0.0,0.03757817930520332,0.03757817930520332,0.12905185756343496
14,pytest-dev__pytest-10051,1791014820.3578458,28.33044934272766,4217,1568,2649,0,0,1061,1588,1061,0.22365671588968639,0.0,0.08873100747150678,0.08873100747150678,0.12905185756343496
11,sympy__sympy-18211,1791014821.2871187,8.564306497573853,3672,1568,2104,0,0,980,1124,980,0.17706361850803284,0.0,0.08191696883898769,0.08191696883898769,0.12905185756343496
12,sympy__sympy-20916,1791014822.3352253,6.227784633636475,4678,3136,1542,0,0,730,812,730,0.1317702072006796,0.0,0.06208248567561584,0.06208248567561584,0.26058407522403343
17,pylint-dev__pylint-6528,1791014822.364871,4.00688910484314,1932,0,1932,1932,0,0,0,0,0.15936505712011811,0.0,0.0,0.0,0.0
3,django__django-13112,1791014822.4935148,5.004960060119629,12061,10976,1085,0,0,540,545,540,0.10104917663818373,0.0,0.05014330519747433,0.05014330519747433,0.955450564984479
16,pytest-dev__pytest-6202,1791014824.1126676,3.14553165435791,3472,1568,1904,0,0,543,1361,543,0.16004039278418422,0.0,0.045268993420270034,0.045268993420270034,0.12905185756343496
15,pytest-dev__pytest-5631,1791014824.2285454,3.0591304302215576,2826,1568,1258,0,0,722,536,722,0.10533104750371007,0.0,0.06025711155054964,0.06025711155054964,0.12905185756343496
7,django__django-16255,1791014824.5632255,20.373738765716553,9640,7840,1800,0,0,1514,286,1514,0.16259367177189293,0.0,0.13654092788213554,0.13654092788213554,0.6700628887888102
6,django__django-15380,1791014825.430747,17.25875997543335,6785,4704,2081,0,0,476,1605,476,0.18168760497559958,0.0,0.041173162457168185,0.041173162457168185,0.39459665298179547
8,sympy__sympy-11618,1791014825.7382276,5.006089687347412,6278,4704,1574,0,0,1050,524,1050,0.1370199960060369,0.0,0.09112716664114799,0.09112716664114799,0.39459665298179547
13,sympy__sympy-23262,1791014825.778211,8.08311128616333,4377,3136,1241,0,0,757,484,757,0.10586010433597054,0.0,0.06438899704871981,0.06438899704871981,0.26058407522403343
17,pylint-dev__pylint-6528,1791014826.7712586,5.139976739883423,3268,1568,1700,0,0,364,1336,364,0.14271827485577016,0.0,0.03031319955668319,0.03031319955668319,0.12905185756343496
18,astropy__astropy-12907,1791014827.202629,4.306202173233032,1688,0,1688,1688,0,0,0,0,0.13903045062596772,0.0,0.0,0.0,0.0
16,pytest-dev__pytest-6202,1791014827.3884413,21.68161368370056,4139,3136,1003,0,0,336,667,336,0.08543775431188841,0.0,0.02850817512358575,0.02850817512358575,0.26058407522403343
15,pytest-dev__pytest-5631,1791014827.4040315,6.964640140533447,3134,1568,1566,0,0,1258,308,1258,0.13136286713018153,0.0,0.10533104750371007,0.10533104750371007,0.12905185756343496
3,django__django-13112,1791014827.6357834,24.343342781066895,12836,10976,1860,0,0,1085,775,1085,0.1739542819267286,0.0,0.10104917663818373,0.10104917663818373,0.955450564984479
12,sympy__sympy-20916,1791014828.830138,2.5770480632781982,5707,3136,2571,0,0,1542,1029,1542,0.2210369399634355,0.0,0.1317702072006796,0.1317702072006796,0.26058407522403343
11,sympy__sympy-18211,1791014830.1227527,31.640543222427368,4419,3136,1283,0,0,536,747,536,0.10946998044151812,0.0,0.045531400847434365,0.045531400847434365,0.26058407522403343
2,django__django-12262,1791014830.9458165,85.88749194145203,6124,4704,1420,0,0,509,911,509,0.12350366687677869,0.0,0.044036077141321024,0.044036077141321024,0.39459665298179547
8,sympy__sympy-11618,1791014831.008367,45.82491374015808,7266,6272,994,0,0,6,988,6,0.0878113441640299,0.0,0.0005270581511113314,0.0005270581511113314,0.531089590836721
12,sympy__sympy-20916,1791014831.577904,1.8006458282470703,5814,4704,1110,0,0,1003,107,1003,0.09636802770356218,0.0,0.0870243622056735,0.0870243622056735,0.39459665298179547
18,astropy__astropy-12907,1791014831.9873004,2.4021718502044678,1968,1568,400,0,0,120,280,120,0.03331847195749735,0.0,0.0099785930625328,0.0099785930625328,0.12905185756343496
17,pylint-dev__pylint-6528,1791014832.2247398,3.3753952980041504,4105,3136,969,0,0,132,837,132,0.08252494061667957,0.0,0.01118605719517168,0.01118605719517168,0.26058407522403343
19,django__django-10973,1791014832.3474536,4.486975193023682,1426,0,1426,1426,0,0,0,0,0.11726262222853152,0.0,0.0,0.0,0.0
10,sympy__sympy-15875,1791014832.494209,129.79949045181274,3892,3136,756,0,0,507,249,507,0.06430355758663796,0.0,0.04306053169681951,0.04306053169681951,0.26058407522403343
12,sympy__sympy-20916,1791014833.5063422,95.24139046669006,6547,4704,1843,0,0,1110,733,1110,0.16068708427835848,0.0,0.09636802770356218,0.09636802770356218,0.39459665298179547
13,sympy__sympy-23262,1791014834.384889,5.7812628746032715,4838,3136,1702,0,0,1241,461,1241,0.14558022540179333,0.0,0.10586010433597054,0.10586010433597054,0.26058407522403343
18,astropy__astropy-12907,1791014834.539866,16.337071895599365,4633,1568,3065,0,0,400,2665,400,0.25942301052020617,0.0,0.03331847195749735,0.03331847195749735,0.12905185756343496
15,pytest-dev__pytest-5631,1791014834.6487083,8.58495831489563,4063,1568,2495,0,0,1566,929,1566,0.21046058676363283,0.0,0.13136286713018153,0.13136286713018153,0.12905185756343496
17,pylint-dev__pylint-6528,1791014835.7424421,4.276745796203613,6210,3136,3074,0,0,969,2105,969,0.26506137468751945,0.0,0.08252494061667957,0.08252494061667957,0.26058407522403343
20,django__django-11749,1791014837.3126729,3.570611000061035,1633,1568,65,65,0,0,0,0,0.005403267939352256,0.0,0.0,0.0,0.12905185756343496
19,django__django-10973,1791014837.360484,4.323949098587036,2688,0,2688,0,0,1426,1262,1426,0.22275034363762125,0.0,0.11726262222853152,0.11726262222853152,0.0
17,pylint-dev__pylint-6528,1791014840.303117,3.9654736518859863,6512,4704,1808,0,0,1506,302,1506,0.1576035921478334,0.0,0.1310487969297574,0.1310487969297574,0.39459665298179547
13,sympy__sympy-23262,1791014840.4576142,3.018733501434326,5356,4704,652,0,0,134,518,134,0.05645473602473522,0.0,0.011567647644031313,0.011567647644031313,0.39459665298179547
20,django__django-11749,1791014841.40096,4.059314012527466,2761,1568,1193,0,0,65,1128,65,0.09984954900786176,0.0,0.005403267939352256,0.005403267939352256,0.12905185756343496
19,django__django-10973,1791014842.1299202,5.743227958679199,3383,1568,1815,0,0,1120,695,1120,0.15247803153362607,0.0,0.09369848607418631,0.09369848607418631,0.12905185756343496
21,django__django-12262,1791014842.1666968,5.883942127227783,1590,1568,22,22,0,0,0,0,0.0018283211977950437,0.0,0.0,0.0,0.12905185756343496
6,django__django-15380,1791014842.951774,3.5557801723480225,7692,6272,1420,0,0,513,907,513,0.12574991135252628,0.0,0.045194667120674034,0.045194667120674034,0.531089590836721
13,sympy__sympy-23262,1791014843.603846,3.648375988006592,6938,4704,2234,0,0,652,1582,652,0.19521811564984118,0.0,0.05645473602473522,0.05645473602473522,0.39459665298179547
15,pytest-dev__pytest-5631,1791014843.7777529,5.192492485046387,4346,3136,1210,0,0,927,283,927,0.10319681347566853,0.0,0.07892836910303437,0.07892836910303437,0.26058407522403343
17,pylint-dev__pylint-6528,1791014844.5266445,51.90660357475281,8470,6272,2198,0,0,240,1958,240,0.1955092748112855,0.0,0.02111065429290782,0.02111065429290782,0.531089590836721
7,django__django-16255,1791014845.1169078,4.61237645149231,9972,9408,564,0,0,232,332,232,0.05148655403275561,0.0,0.02114001372264026,0.02114001372264026,0.8115165468380628
20,django__django-11749,1791014845.599735,2.561598777770996,2980,1568,1412,0,0,1193,219,1193,0.11833499448325015,0.0,0.09984954900786176,0.09984954900786176,0.12905185756343496
6,django__django-15380,1791014846.6338868,6.911754846572876,9332,6272,3060,0,0,1420,1640,1420,0.2735135865644201,0.0,0.12574991135252628,0.12574991135252628,0.531089590836721
22,django__django-13112,1791014847.366425,135.8127739429474,1856,1568,288,288,0,0,0,0,0.023973029225670343,0.0,0.0,0.0,0.12905185756343496
13,sympy__sympy-23262,1791014847.38286,8.623169898986816,9144,6272,2872,0,0,666,2206,666,0.2564371291389957,0.0,0.058725177794915616,0.058725177794915616,0.531089590836721
19,django__django-10973,1791014848.1106458,2.9366462230682373,4046,3136,910,0,0,247,663,247,0.07747311990019852,0.0,0.020945813873027595,0.020945813873027595,0.26058407522403343
20,django__django-11749,1791014848.2911022,2.301755428314209,3071,1568,1503,0,0,1412,91,1412,0.12603039102349806,0.0,0.11833499448325015,0.11833499448325015,0.12905185756343496
9,sympy__sympy-13757,1791014848.4882426,10.647492408752441,4948,3136,1812,0,0,1438,374,1438,0.1550895942002994,0.0,0.12280754473586682,0.12280754473586682,0.26058407522403343
21,django__django-12262,1791014848.6802702,3.3998606204986572,1818,1568,250,0,0,22,228,22,0.020805129209243427,0.0,0.0018283211977950437,0.0018283211977950437,0.12905185756343496
16,pytest-dev__pytest-6202,1791014849.2061718,4.477747201919556,4292,3136,1156,0,0,1003,153,1003,0.09855984791177641,0.0,0.08543775431188841,0.08543775431188841,0.26058407522403343
14,pytest-dev__pytest-10051,1791014849.2670891,45.525310754776,4876,3136,1740,0,0,1081,659,1081,0.14886389998348543,0.0,0.09212449822908789,0.09212449822908789,0.26058407522403343
7,django__django-16255,1791014850.1972892,25.915001392364502,10242,9408,834,0,0,564,270,564,0.07624795783351443,0.0,0.05148655403275561,0.05148655403275561,0.8115165468380628
18,astropy__astropy-12907,1791014851.0080328,84.69975447654724,6274,3136,3138,0,0,1497,1641,1497,0.270681197627695,0.0,0.12789079285960772,0.12789079285960772,0.26058407522403343
20,django__django-11749,1791014851.0722163,3.077784538269043,3171,1568,1603,0,0,1503,100,1503,0.13449650516728487,0.0,0.12603039102349806,0.12603039102349806,0.12905185756343496
19,django__django-10973,1791014851.1782074,383.2483127117157,5162,3136,2026,0,0,910,1116,910,0.17362461344511793,0.0,0.07747311990019852,0.07747311990019852,0.26058407522403343
21,django__django-12262,1791014852.2178936,87.17737627029419,4187,1568,2619,0,0,250,2369,250,0.2210841649408031,0.0,0.020805129209243427,0.020805129209243427,0.12905185756343496
3,django__django-13112,1791014852.2545195,12.341726541519165,14380,12544,1836,0,0,292,1544,292,0.17459178296287545,0.0,0.027539903683148858,0.027539903683148858,1.1018649432280587
23,django__django-13821,1791014852.289795,5.696372985839844,1507,0,1507,1507,0,0,0,0,0.1239849753953794,0.0,0.0,0.0,0.0
6,django__django-15380,1791014853.7780693,3.173492670059204,10389,7840,2549,0,0,1492,1057,1492,0.23121374508351528,0.0,0.13454028861233097,0.13454028861233097,0.6700628887888102
20,django__django-11749,1791014854.2731903,3.883448600769043,5605,3136,2469,0,0,35,2434,35,0.21214064758225387,0.0,0.0029642875066863924,0.0029642875066863924,0.26058407522403343
16,pytest-dev__pytest-6202,1791014855.1188402,5.189721584320068,4525,3136,1389,0,0,1156,233,1156,0.1185885334833689,0.0,0.09855984791177641,0.09855984791177641,0.26058407522403343
13,sympy__sympy-23262,1791014856.531679,8.240005016326904,9608,7840,1768,0,0,1304,464,1304,0.15967457951972724,0.0,0.11746383118690656,0.11746383118690656,0.6700628887888102
6,django__django-15380,1791014857.0908906,17.408963918685913,11246,9408,1838,0,0,981,857,981,0.1689688984995633,0.0,0.08976008703426261,0.08976008703426261,0.8115165468380628
15,pytest-dev__pytest-5631,1791014857.2925143,14.06273865699768,4549,3136,1413,0,0,1210,203,1210,0.12065468532216121,0.0,0.10319681347566853,0.10319681347566853,0.26058407522403343
24,django__django-14787,1791014857.4674263,5.536110877990723,1538,0,1538,1538,0,0,0,0,0.12655947918950483,0.0,0.0,0.0,0.0
20,django__django-11749,1791014858.274548,22.04111647605896,6493,4704,1789,0,0,901,888,901,0.15593021395514237,0.0,0.07812806982449184,0.07812806982449184,0.39459665298179547
23,django__django-13821,1791014858.2917576,5.916729211807251,1843,0,1843,0,0,1507,336,1507,0.15194096758370462,0.0,0.1239849753953794,0.1239849753953794,0.0
9,sympy__sympy-13757,1791014859.3822198,3.6039814949035645,5426,4704,722,0,0,244,478,244,0.06254132072166199,0.0,0.021077016442537393,0.021077016442537393,0.39459665298179547
16,pytest-dev__pytest-6202,1791014862.1331856,4.075915575027466,4929,3136,1793,0,0,1389,404,1389,0.15344619471954127,0.0,0.1185885334833689,0.1185885334833689,0.26058407522403343
11,sympy__sympy-18211,1791014862.3910599,21.13631772994995,4790,3136,1654,0,0,1283,371,1283,0.14143450817750458,0.0,0.10946998044151812,0.10946998044151812,0.26058407522403343
25,django__django-15380,1791014862.5238295,9.548781156539917,1823,1568,255,255,0,0,0,0,0.021221874929410838,0.0,0.0,0.0,0.12905185756343496
9,sympy__sympy-13757,1791014863.1151135,2.457484006881714,5560,4704,856,0,0,722,134,722,0.07420657169124466,0.0,0.06254132072166199,0.06254132072166199,0.39459665298179547
24,django__django-14787,1791014863.8016121,3.5394933223724365,2825,0,2825,0,0,1538,1287,1538,0.2342985420381508,0.0,0.12655947918950483,0.12655947918950483,0.0
3,django__django-13112,1791014864.7178657,4.223969221115112,15513,14112,1401,0,0,268,1133,268,0.13513486040965075,0.0,0.025697044622132164,0.025697044622132164,1.250759681568802
23,django__django-13821,1791014864.7237158,8.61693549156189,2532,1568,964,0,0,275,689,275,0.08057176875965821,0.0,0.02288911002026971,0.02288911002026971,0.12905185756343496
13,sympy__sympy-23262,1791014865.0161223,2.939692974090576,9851,9408,443,0,0,200,243,200,0.04041364140642256,0.0,0.0182209214704746,0.0182209214704746,0.8115165468380628
9,sympy__sympy-13757,1791014865.701309,7.42404842376709,5976,4704,1272,0,0,856,416,856,0.11053649354657158,0.0,0.07420657169124466,0.07420657169124466,0.39459665298179547
16,pytest-dev__pytest-6202,1791014866.3515253,10.887013912200928,5627,4704,923,0,0,225,698,225,0.08004599020527277,0.0,0.01943361696177925,0.01943361696177925,0.39459665298179547
26,django__django-16255,1791014867.4225929,5.817738056182861,1768,1568,200,200,0,0,0,0,0.016639059163610095,0.0,0.0,0.0,0.12905185756343496
24,django__django-14787,1791014867.4679284,77.19884991645813,4440,1568,2872,0,0,1257,1615,1257,0.24280780350305112,0.0,0.10524668447471586,0.10524668447471586,0.12905185756343496
13,sympy__sympy-23262,1791014868.0893247,10.80214262008667,10670,9408,1262,0,0,443,819,443,0.11565006086440945,0.0,0.04041364140642256,0.04041364140642256,0.8115165468380628
3,django__django-13112,1791014869.0864933,2.0268561840057373,16642,14112,2530,0,0,1401,1129,1401,0.2454744991996154,0.0,0.13513486040965075,0.13513486040965075,1.250759681568802
3,django__django-13112,1791014871.2907465,12.42056131362915,17910,15680,2230,0,0,962,1268,962,0.2195569467842939,0.0,0.09409940076170854,0.09409940076170854,1.4021347800067088
15,pytest-dev__pytest-5631,1791014871.5545316,100.88083410263062,4974,3136,1838,0,0,1413,425,1413,0.15733904681949545,0.0,0.12065468532216121,0.12065468532216121,0.26058407522403343
25,django__django-15380,1791014872.4629345,12.881911277770996,2930,1568,1362,0,0,255,1107,255,0.11411031078963925,0.0,0.021221874929410838,0.021221874929410838,0.12905185756343496
27,sympy__sympy-11618,1791014872.5564048,4.6129443645477295,1423,0,1423,1423,0,0,0,0,0.1170137732992503,0.0,0.0,0.0,0.0
9,sympy__sympy-13757,1791014873.6228971,26.974680185317993,6352,4704,1648,0,0,1272,376,1272,0.1435233660383838,0.0,0.11053649354657158,0.11053649354657158,0.39459665298179547
23,django__django-13821,1791014873.7253854,45.050318241119385,4535,1568,2967,0,0,964,2003,964,0.25098157712461117,0.0,0.08057176875965821,0.08057176875965821,0.12905185756343496
26,django__django-16255,1791014873.89584,3.3702545166015625,2268,1568,700,0,0,200,500,200,0.058413254205097895,0.0,0.016639059163610095,0.016639059163610095,0.12905185756343496
6,django__django-15380,1791014875.7001538,11.649551153182983,11861,10976,885,0,0,270,615,270,0.0823333178923598,0.0,0.025034880353147104,0.025034880353147104,0.955450564984479
7,django__django-16255,1791014876.4344704,24.36836290359497,11090,9408,1682,0,0,834,848,834,0.1544953303501788,0.0,0.07624795783351443,0.07624795783351443,0.8115165468380628
8,sympy__sympy-11618,1791014877.380744,70.22778010368347,8032,6272,1760,0,0,994,766,994,0.15616089021112542,0.0,0.0878113441640299,0.0878113441640299,0.531089590836721
26,django__django-16255,1791014877.442948,12.070900440216064,4415,1568,2847,0,0,700,2147,700,0.24065832370588122,0.0,0.058413254205097895,0.058413254205097895,0.12905185756343496
16,pytest-dev__pytest-6202,1791014877.6134777,10.488355875015259,6150,4704,1446,0,0,923,523,923,0.1257839658109586,0.0,0.08004599020527277,0.08004599020527277,0.39459665298179547
27,sympy__sympy-11618,1791014877.6552794,6.010607719421387,2573,0,2573,0,0,1423,1150,1423,0.21307121855726285,0.0,0.1170137732992503,0.1170137732992503,0.0
28,sympy__sympy-13757,1791014877.7693794,11.502833604812622,1506,0,1506,1506,0,0,0,0,0.12390194302734359,0.0,0.0,0.0,0.0
13,sympy__sympy-23262,1791014879.1527412,13.92152190208435,11445,9408,2037,0,0,1262,775,1262,0.18746761059596606,0.0,0.11565006086440945,0.11565006086440945,0.8115165468380628
20,django__django-11749,1791014880.4739056,8.46165132522583,6853,6272,581,0,0,221,360,221,0.05120531187054943,0.0,0.019437276100216776,0.019437276100216776,0.531089590836721
29,sympy__sympy-15875,1791014882.5050385,4.8738813400268555,1499,0,1499,1499,0,0,0,0,0.12332074469863413,0.0,0.0,0.0,0.0
11,sympy__sympy-18211,1791014883.7352757,22.701738595962524,5370,4704,666,0,0,86,580,86,0.05767165749854385,0.0,0.007421930419742571,0.007421930419742571,0.39459665298179547
3,django__django-13112,1791014883.8729346,6.511378526687622,18760,17248,1512,0,0,662,850,662,0.15070968625594022,0.0,0.06570148824922352,0.06570148824922352,1.5559902385417792
27,sympy__sympy-11618,1791014883.89832,2.716430425643921,2961,1568,1393,0,0,1005,388,1005,0.11672931757607509,0.0,0.08401936099382792,0.08401936099382792,0.12905185756343496
25,django__django-15380,1791014885.656954,57.933533906936646,4028,1568,2460,0,0,1362,1098,1362,0.20746480324851513,0.0,0.11411031078963925,0.11411031078963925,0.12905185756343496
27,sympy__sympy-11618,1791014886.756226,9.701026201248169,3511,1568,1943,0,0,1393,550,1393,0.16335675454477833,0.0,0.11672931757607509,0.11672931757607509,0.12905185756343496
6,django__django-15380,1791014887.4823759,12.462227582931519,12123,10976,1147,0,0,885,262,885,0.10685928665401692,0.0,0.0823333178923598,0.0823333178923598,0.955450564984479
30,sympy__sympy-18211,1791014887.5172732,8.985095500946045,1547,0,1547,1547,0,0,0,0,0.12730709736623233,0.0,0.0,0.0,0.0
29,sympy__sympy-15875,1791014887.7420566,5.720808744430542,2781,0,2781,0,0,1499,1282,1499,0.23058756751475556,0.0,0.12332074469863413,0.12332074469863413,0.0
16,pytest-dev__pytest-6202,1791014888.4315398,9.105026721954346,6510,4704,1806,0,0,1446,360,1446,0.1574274299246257,0.0,0.1257839658109586,0.1257839658109586,0.39459665298179547
20,django__django-11749,1791014889.2875636,4.18921160697937,7174,6272,902,0,0,581,321,581,0.07964207723158209,0.0,0.05120531187054943,0.05120531187054943,0.531089590836721
26,django__django-16255,1791014889.7629397,5.020268440246582,5043,3136,1907,0,0,1279,628,1279,0.1633120544767889,0.0,0.10912610604528272,0.10912610604528272,0.26058407522403343
3,django__django-13112,1791014890.6156864,75.14767956733704,19487,17248,2239,0,0,1512,727,1512,0.22399500533394298,0.0,0.15070968625594022,0.15070968625594022,1.5559902385417792
28,sympy__sympy-13757,1791014891.2177153,8.882546186447144,2295,0,2295,0,0,1506,789,1506,0.18972809569833834,0.0,0.12390194302734359,0.12390194302734359,0.0
31,sympy__sympy-20916,1791014892.0685325,5.263593673706055,1425,0,1425,1425,0,0,0,0,0.11717967157659702,0.0,0.0,0.0,0.0
13,sympy__sympy-23262,1791014893.4419727,6.5222694873809814,11749,10976,773,0,0,469,304,469,0.07187006346040348,0.0,0.04353359244954985,0.04353359244954985,0.955450564984479
20,django__django-11749,1791014893.7108195,3.461488962173462,7360,6272,1088,0,0,902,186,902,0.09616702314177583,0.0,0.07964207723158209,0.07964207723158209,0.531089590836721
26,django__django-16255,1791014895.0234354,6.777940034866333,6604,4704,1900,0,0,339,1561,339,0.16571141664282119,0.0,0.02929947671902687,0.02929947671902687,0.39459665298179547
14,pytest-dev__pytest-10051,1791014895.0867982,3.9736812114715576,5346,4704,642,0,0,172,470,172,0.05558562746147702,0.0,0.014851322225723388,0.014851322225723388,0.39459665298179547
29,sympy__sympy-15875,1791014895.293152,8.868892669677734,3181,1568,1613,0,0,1213,400,1213,0.13534367144407988,0.0,0.10153570995132061,0.10153570995132061,0.12905185756343496
17,pylint-dev__pylint-6528,1791014896.572951,53.692840576171875,9509,7840,1669,0,0,630,1039,630,0.15065017969247807,0.0,0.056535976859196375,0.056535976859196375,0.6700628887888102
20,django__django-11749,1791014897.4344084,4.3048670291900635,7600,6272,1328,0,0,1088,240,1088,0.11754110593313291,0.0,0.09616702314177583,0.09616702314177583,0.531089590836721
27,sympy__sympy-11618,1791014897.8099544,16.513568878173828,3928,3136,792,0,0,375,417,375,0.06738001379126103,0.0,0.03182453688417985,0.03182453688417985,0.26058407522403343
31,sympy__sympy-20916,1791014897.816765,6.22075343132019,3006,0,3006,0,0,1425,1581,1425,0.24958468430203057,0.0,0.11717967157659702,0.11717967157659702,0.0
16,pytest-dev__pytest-6202,1791014898.0850658,52.603403091430664,6869,6272,597,0,0,238,359,238,0.05262025916444995,0.0,0.020934492069700106,0.020934492069700106,0.531089590836721
30,sympy__sympy-18211,1791014898.990932,9.009231090545654,3003,0,3003,0,0,1547,1456,1547,0.24933105346756151,0.0,0.12730709736623233,0.12730709736623233,0.0
14,pytest-dev__pytest-10051,1791014899.2250924,19.8355929851532,5969,4704,1265,0,0,642,623,642,0.10992372859057783,0.0,0.05558562746147702,0.05558562746147702,0.39459665298179547
6,django__django-15380,1791014900.0996203,4.938866853713989,12448,10976,1472,0,0,1147,325,1147,0.13737895198430838,0.0,0.10685928665401692,0.10685928665401692,0.955450564984479
13,sympy__sympy-23262,1791014900.3376896,50.14277744293213,11947,10976,971,0,0,773,198,773,0.09037619181567362,0.0,0.07187006346040348,0.07187006346040348,0.955450564984479
28,sympy__sympy-13757,1791014900.3845747,3.8463854789733887,2712,1568,1144,0,0,727,417,727,0.09572016014168713,0.0,0.06067623813490341,0.06067623813490341,0.12905185756343496
9,sympy__sympy-13757,1791014900.8421283,129.31760954856873,7317,6272,1045,0,0,80,965,80,0.09234363826657654,0.0,0.007030428183458262,0.007030428183458262,0.531089590836721
7,django__django-16255,1791014901.1307473,6.989315032958984,11814,10976,838,0,0,114,724,114,0.0779409469032648,0.0,0.01056131220376261,0.01056131220376261,0.955450564984479
20,django__django-11749,1791014901.9120276,4.5021562576293945,8523,6272,2251,0,0,1328,923,1328,0.20028373555240267,0.0,0.11754110593313291,0.11754110593313291,0.531089590836721
26,django__django-16255,1791014902.0414402,16.821200132369995,8345,6272,2073,0,0,332,1741,332,0.1842599775488639,0.0,0.029218478787895633,0.029218478787895633,0.531089590836721
31,sympy__sympy-20916,1791014904.2781758,4.972890853881836,3565,1568,1997,0,0,1438,559,1438,0.16795117325858774,0.0,0.12053282673859565,0.12053282673859565,0.12905185756343496
28,sympy__sympy-13757,1791014904.375374,32.72926306724548,3460,1568,1892,0,0,1144,748,1144,0.15902028248619612,0.0,0.09572016014168713,0.09572016014168713,0.12905185756343496
29,sympy__sympy-15875,1791014904.3753874,3.6709651947021484,3697,3136,561,0,0,45,516,45,0.04766214142754431,0.0,0.003811453783481385,0.003811453783481385,0.26058407522403343
6,django__django-15380,1791014905.4928286,18.116387367248535,12753,10976,1777,0,0,1472,305,1472,0.16611740843922695,0.0,0.13737895198430838,0.13737895198430838,0.955450564984479
20,django__django-11749,1791014906.5457244,5.738091707229614,10742,7840,2902,0,0,683,2219,683,0.26375026921136263,0.0,0.061310437600313565,0.061310437600313565,0.6700628887888102
11,sympy__sympy-18211,1791014906.5805886,32.30402326583862,6378,4704,1674,0,0,666,1008,666,0.1458096453805708,0.0,0.05767165749854385,0.05767165749854385,0.39459665298179547
29,sympy__sympy-15875,1791014908.1696777,18.215797424316406,4621,3136,1485,0,0,561,924,561,0.12685662739219408,0.0,0.04766214142754431,0.04766214142754431,0.26058407522403343
7,django__django-16255,1791014908.2710314,3.1685733795166016,11941,10976,965,0,0,838,127,838,0.08981481895505612,0.0,0.0779409469032648,0.0779409469032648,0.955450564984479
30,sympy__sympy-18211,1791014908.617211,5.214276075363159,3438,1568,1870,0,0,1435,435,1435,0.15715045757966103,0.0,0.1202791959041266,0.1202791959041266,0.12905185756343496
31,sympy__sympy-20916,1791014909.5078158,3.61628794670105,6719,3136,3583,0,0,429,3154,429,0.3098707827464274,0.0,0.03641895559798925,0.03641895559798925,0.26058407522403343
7,django__django-16255,1791014912.5081785,6.258211135864258,12165,10976,1189,0,0,965,224,965,0.11079737094069769,0.0,0.08981481895505612,0.08981481895505612,0.955450564984479
20,django__django-11749,1791014912.5556314,5.219195127487183,11557,9408,2149,0,0,1334,815,1334,0.19789651601783045,0.0,0.12229661116210996,0.12229661116210996,0.8115165468380628
31,sympy__sympy-20916,1791014913.248262,22.35534644126892,7946,6272,1674,0,0,447,1227,447,0.148457682882262,0.0,0.03936526713373975,0.03936526713373975,0.531089590836721
30,sympy__sympy-18211,1791014914.3044183,4.493895053863525,3596,3136,460,0,0,302,158,302,0.03905782141472525,0.0,0.025618239919062546,0.025618239919062546,0.26058407522403343
27,sympy__sympy-11618,1791014914.580318,49.04610538482666,4613,3136,1477,0,0,792,685,792,0.1261672644545122,0.0,0.06738001379126103,0.06738001379126103,0.26058407522403343
4,django__django-13821,1791014916.6469698,79.14522862434387,9952,7840,2112,0,0,896,1216,896,0.1911089596608879,0.0,0.0805269441795121,0.0805269441795121,0.6700628887888102
2,django__django-12262,1791014916.9802692,59.2832887172699,6795,4704,2091,0,0,1420,671,1420,0.18257123075735002,0.0,0.12350366687677869,0.12350366687677869,0.39459665298179547
20,django__django-11749,1791014918.056764,2.0946731567382812,11739,10976,763,0,0,581,182,581,0.07093645970755481,0.0,0.05396249787141426,0.05396249787141426,0.955450564984479
14,pytest-dev__pytest-10051,1791014919.2311997,11.32941198348999,6175,4704,1471,0,0,1265,206,1265,0.12797720407596028,0.0,0.10992372859057783,0.10992372859057783,0.39459665298179547
30,sympy__sympy-18211,1791014919.2387753,5.102491617202759,3736,3136,600,0,0,460,140,460,0.050987355765780465,0.0,0.03905782141472525,0.03905782141472525,0.26058407522403343
23,django__django-13821,1791014919.2587214,4.981465816497803,5105,3136,1969,0,0,1399,570,1399,0.16868320173783022,0.0,0.11944935946401271,0.11944935946401271,0.26058407522403343
26,django__django-16255,1791014919.7042806,13.028820514678955,8611,7840,771,0,0,505,266,505,0.06924410296192263,0.0,0.04528667959677478,0.04528667959677478,0.6700628887888102
7,django__django-16255,1791014920.290893,5.498883485794067,12574,10976,1598,0,0,1189,409,1189,0.14923985565863263,0.0,0.11079737094069769,0.11079737094069769,0.955450564984479
20,django__django-11749,1791014920.2987316,17.227095365524292,11949,10976,973,0,0,763,210,763,0.09056332417327219,0.0,0.07093645970755481,0.07093645970755481,0.955450564984479
6,django__django-15380,1791014923.9341652,7.16666579246521,13279,12544,735,0,0,209,526,209,0.06948557469840667,0.0,0.019703030195647214,0.019703030195647214,1.1018649432280587
23,django__django-13821,1791014924.5252116,22.204039573669434,6531,4704,1827,0,0,401,1426,401,0.15927733453203768,0.0,0.03467062398006819,0.03467062398006819,0.39459665298179547
30,sympy__sympy-18211,1791014924.8454375,3.9031405448913574,3901,3136,765,0,0,600,165,600,0.06507254906364177,0.0,0.050987355765780465,0.050987355765780465,0.26058407522403343
7,django__django-16255,1791014925.9316452,8.707354068756104,12852,12544,308,0,0,30,278,30,0.029051425285028663,0.0,0.0028254774150528916,0.0028254774150528916,1.1018649432280587
29,sympy__sympy-15875,1791014926.849111,624.8401725292206,4908,3136,1772,0,0,1485,287,1485,0.1516302295328739,0.0,0.12685662739219408,0.12685662739219408,0.26058407522403343
30,sympy__sympy-18211,1791014929.3488479,7.7825775146484375,4147,3136,1011,0,0,765,246,765,0.08612329172541999,0.0,0.06507254906364177,0.06507254906364177,0.26058407522403343
14,pytest-dev__pytest-10051,1791014930.7128494,18.700500011444092,6703,4704,1999,0,0,1471,528,1471,0.17444567891258142,0.0,0.12797720407596028,0.12797720407596028,0.39459665298179547
12,sympy__sympy-20916,1791014930.8280673,17.090821743011475,6834,6272,562,0,0,275,287,275,0.04952539739859425,0.0,0.024194146423432927,0.024194146423432927,0.531089590836721
6,django__django-15380,1791014931.2352855,2.603142499923706,13443,12544,899,0,0,735,164,735,0.08506420870777315,0.0,0.06948557469840667,0.06948557469840667,1.1018649432280587
26,django__django-16255,1791014932.9098551,3.8406219482421875,8876,7840,1036,0,0,771,265,771,0.09318244033925335,0.0,0.06924410296192263,0.06924410296192263,0.6700628887888102
6,django__django-15380,1791014934.3058307,3.2371909618377686,14084,12544,1540,0,0,899,641,899,0.14621415312079636,0.0,0.08506420870777315,0.08506420870777315,1.1018649432280587
18,astropy__astropy-12907,1791014935.9874969,5.334888458251953,6766,6272,494,0,0,2,492,2,0.04351605607097679,0.0,0.00017568201500741608,0.00017568201500741608,0.531089590836721
26,django__django-16255,1791014937.1315691,23.480341911315918,9131,7840,1291,0,0,1036,255,1036,0.11628433037283145,0.0,0.09318244033925335,0.09318244033925335,0.6700628887888102
28,sympy__sympy-13757,1791014937.6245975,27.407829761505127,4012,3136,876,0,0,324,552,324,0.0745634961594631,0.0,0.027488064825597645,0.027488064825597645,0.26058407522403343
31,sympy__sympy-20916,1791014937.6751812,15.138980865478516,8264,7840,424,0,0,106,318,106,0.03800555172916064,0.0,0.009484384930172882,0.009484384930172882,0.6700628887888102
30,sympy__sympy-18211,1791014937.684815,12.191695928573608,4416,3136,1280,0,0,1011,269,1011,0.10921207313108043,0.0,0.08612329172541999,0.08612329172541999,0.26058407522403343
6,django__django-15380,1791014937.7044828,3.5475659370422363,14449,12544,1905,0,0,1540,365,1540,0.18121954239518634,0.0,0.14621415312079636,0.14621415312079636,1.1018649432280587
20,django__django-11749,1791014938.4311075,78.89565086364746,12570,10976,1594,0,0,973,621,973,0.1488630728769062,0.0,0.09056332417327219,0.09056332417327219,0.955450564984479
11,sympy__sympy-18211,1791014939.156941,56.7974808216095,7764,6272,1492,0,0,106,1386,106,0.13218015005048914,0.0,0.009316707525645243,0.009316707525645243,0.531089590836721
21,django__django-12262,1791014939.524913,91.64174604415894,4577,3136,1441,0,0,1051,390,1051,0.12306593023682327,0.0,0.08955194728020463,0.08955194728020463,0.26058407522403343
18,astropy__astropy-12907,1791014941.5860164,7.1671302318573,7300,6272,1028,0,0,494,534,494,0.09083258201074891,0.0,0.04351605607097679,0.04351605607097679,0.531089590836721
6,django__django-15380,1791014942.1953502,49.30041432380676,14672,14112,560,0,0,337,223,337,0.053777799941159686,0.0,0.032324804054443046,0.032324804054443046,1.250759681568802
25,django__django-15380,1791014943.9087708,6.573827028274536,5209,3136,2073,0,0,892,1181,892,0.17770157642460366,0.0,0.07593258558791664,0.07593258558791664,0.26058407522403343
7,sympy__sympy-23262,1791014944.9949443,3.575612783432007,1640,1568,72,72,0,0,0,0,0.005985412560691707,0.0,0.0,0.0,0.12905185756343496
24,django__django-14787,1791014945.0141115,231.24055981636047,5181,3136,2045,0,0,1304,741,1304,0.17527247906390697,0.0,0.11127558584245262,0.11127558584245262,0.26058407522403343
23,django__django-13821,1791014947.1093066,87.36612963676453,7716,6272,1444,0,0,259,1185,259,0.12789274315957125,0.0,0.02278439667711211,0.02278439667711211,0.531089590836721
8,sympy__sympy-11618,1791014947.816252,11.621257543563843,8441,7840,601,0,0,192,409,192,0.05392473558798092,0.0,0.01718759225903631,0.01718759225903631,0.6700628887888102
12,sympy__sympy-20916,1791014948.3601,37.96842050552368,7096,6272,824,0,0,562,262,562,0.07272264822915998,0.0,0.04952539739859425,0.04952539739859425,0.531089590836721
7,sympy__sympy-23262,1791014948.7505612,6.911847114562988,3070,1568,1502,0,0,72,1430,72,0.1259457808285184,0.0,0.005985412560691707,0.005985412560691707,0.12905185756343496
14,pytest-dev__pytest-10051,1791014949.571006,133.268483877182,7016,6272,744,0,0,431,313,431,0.06563217384384933,0.0,0.037952741057655864,0.037952741057655864,0.531089590836721
17,pylint-dev__pylint-6528,1791014950.4192898,2.7849247455596924,9833,9408,425,0,0,101,324,101,0.03876769332344919,0.0,0.009196521643225408,0.009196521643225408,0.8115165468380628
18,astropy__astropy-12907,1791014950.4840336,40.21087861061096,7640,6272,1368,0,0,1028,340,1028,0.12110910257326457,0.0,0.09083258201074891,0.09083258201074891,0.531089590836721
30,sympy__sympy-18211,1791014950.6381505,6.708977937698364,5074,3136,1938,0,0,1280,658,1280,0.16599714335932586,0.0,0.10921207313108043,0.10921207313108043,0.26058407522403343
25,django__django-15380,1791014950.7548275,17.977479457855225,6503,4704,1799,0,0,505,1294,505,0.15681089392188252,0.0,0.04368899866684163,0.04368899866684163,0.39459665298179547
13,sympy__sympy-23262,1791014950.8071861,35.597535848617554,12498,10976,1522,0,0,971,551,971,0.14208374299414175,0.0,0.09037619181567362,0.09037619181567362,0.955450564984479
16,pytest-dev__pytest-6202,1791014952.5934436,8.876409769058228,7185,6272,913,0,0,597,316,597,0.08061838796973059,0.0,0.05262025916444995,0.05262025916444995,0.531089590836721
31,sympy__sympy-20916,1791014953.3666348,4.8677332401275635,8438,7840,598,0,0,424,174,424,0.05365465560497013,0.0,0.03800555172916064,0.03800555172916064,0.6700628887888102
17,pylint-dev__pylint-6528,1791014954.2477305,14.790810585021973,9976,9408,568,0,0,425,143,425,0.05185285294133602,0.0,0.03876769332344919,0.03876769332344919,0.8115165468380628
30,sympy__sympy-18211,1791014957.4731796,8.481242656707764,6609,4704,1905,0,0,370,1535,370,0.16615230392230193,0.0,0.031984565601563826,0.031984565601563826,0.39459665298179547
7,sympy__sympy-23262,1791014957.611562,4.78033709526062,3490,1568,1922,0,0,1502,420,1502,0.16157083061817076,0.0,0.1259457808285184,0.1259457808285184,0.12905185756343496
31,sympy__sympy-20916,1791014958.3926148,143.6561770439148,9221,7840,1381,0,0,598,783,598,0.124453600872728,0.0,0.05365465560497013,0.05365465560497013,0.6700628887888102
8,sympy__sympy-11618,1791014959.9471242,3.739802837371826,9221,7840,1381,0,0,601,780,601,0.124453600872728,0.0,0.05392473558798092,0.05392473558798092,0.6700628887888102
26,django__django-16255,1791014960.9534795,27.087764978408813,9825,7840,1985,0,0,1291,694,1291,0.17948992381081907,0.0,0.11628433037283145,0.11628433037283145,0.6700628887888102
10,sympy__sympy-15875,1791014962.7058177,402.4061517715454,4176,3136,1040,0,0,756,284,756,0.08860890609253813,0.0,0.06430355758663796,0.06430355758663796,0.26058407522403343
7,sympy__sympy-23262,1791014962.7061455,7.405719757080078,3652,3136,516,0,0,354,162,354,0.04382726236168703,0.0,0.030038612957572274,0.030038612957572274,0.26058407522403343
16,pytest-dev__pytest-6202,1791014963.4216685,40.49976348876953,7485,6272,1213,0,0,913,300,913,0.10729210688600055,0.0,0.08061838796973059,0.08061838796973059,0.531089590836721
8,sympy__sympy-11618,1791014963.8377826,3.8327856063842773,9350,7840,1510,0,0,1381,129,1381,0.13617713896935835,0.0,0.124453600872728,0.124453600872728,0.6700628887888102
27,sympy__sympy-11618,1791014963.86012,5.370179891586304,5157,3136,2021,0,0,1477,544,1477,0.1731910251285136,0.0,0.1261672644545122,0.1261672644545122,0.26058407522403343
28,sympy__sympy-13757,1791014965.550644,13.507387161254883,5156,3136,2020,0,0,876,1144,876,0.17310431049171499,0.0,0.0745634961594631,0.0745634961594631,0.26058407522403343
3,django__django-13112,1791014965.913952,3.4745547771453857,20493,18816,1677,0,0,671,1006,671,0.16994853852520975,0.0,0.06765918670170906,0.06765918670170906,1.7123260571740133
30,sympy__sympy-18211,1791014966.1916964,13.206481695175171,7238,6272,966,0,0,337,629,337,0.08532414161109714,0.0,0.029659366067376354,0.029659366067376354,0.531089590836721
8,sympy__sympy-11618,1791014968.671261,4.73236870765686,9846,7840,2006,0,0,1510,496,1510,0.18141005886752468,0.0,0.13617713896935835,0.13617713896935835,0.6700628887888102
25,django__django-15380,1791014968.8825061,16.07225251197815,6821,6272,549,0,0,231,318,231,0.048376192072449725,0.0,0.02031795606695695,0.02031795606695695,0.531089590836721
27,sympy__sympy-11618,1791014969.4729106,49.587029218673706,6084,4704,1380,0,0,453,927,453,0.1199968463401472,0.0,0.03917844737075154,0.03917844737075154,0.39459665298179547
3,django__django-13112,1791014969.5165656,64.27563500404358,20960,20384,576,0,0,109,467,109,0.058963568004130856,0.0,0.011132359795812286,0.011132359795812286,1.8711422359034104
17,pylint-dev__pylint-6528,1791014970.4901536,64.92014503479004,10478,9408,1070,0,0,568,502,568,0.09795149479735167,0.0,0.05185285294133602,0.05185285294133602,0.8115165468380628
7,sympy__sympy-23262,1791014970.6044188,3.153836965560913,3995,3136,859,0,0,516,343,516,0.07310912162156351,0.0,0.04382726236168703,0.04382726236168703,0.26058407522403343
15,pytest-dev__pytest-5631,1791014972.596325,40.4142701625824,5247,4704,543,0,0,270,273,270,0.04698689588552489,0.0,0.02332646906173344,0.02332646906173344,0.39459665298179547
7,sympy__sympy-23262,1791014973.913237,4.293949842453003,4960,3136,1824,0,0,859,965,859,0.15612771835884323,0.0,0.07310912162156351,0.07310912162156351,0.26058407522403343
2,django__django-12262,1791014977.2215948,12.060265064239502,7844,6272,1572,0,0,523,1049,523,0.13933099346669442,0.0,0.04607829290242443,0.04607829290242443,0.531089590836721
7,sympy__sympy-23262,1791014978.345413,3.7471113204956055,5892,4704,1188,0,0,256,932,256,0.10318657666565441,0.0,0.022115140601081218,0.022115140601081218,0.39459665298179547
28,sympy__sympy-13757,1791014979.3145647,2.8874943256378174,5971,4704,1267,0,0,452,815,452,0.11009879924808653,0.0,0.039091732733952944,0.039091732733952944,0.39459665298179547
30,sympy__sympy-18211,1791014979.633128,156.35419464111328,7811,6272,1539,0,0,966,573,966,0.13638048820150275,0.0,0.08532414161109714,0.08532414161109714,0.531089590836721
7,sympy__sympy-23262,1791014982.2271025,7.142713785171509,6510,4704,1806,0,0,1188,618,1188,0.1574274299246257,0.0,0.10318657666565441,0.10318657666565441,0.39459665298179547
28,sympy__sympy-13757,1791014982.3245924,13.64407753944397,6442,4704,1738,0,0,1267,471,1267,0.15144031537656488,0.0,0.11009879924808653,0.11009879924808653,0.39459665298179547
22,django__django-13112,1791014984.3114023,314.49580240249634,2461,1568,893,0,0,288,605,288,0.07460555921231143,0.0,0.023973029225670343,0.023973029225670343,0.12905185756343496
8,sympy__sympy-11618,1791014984.704786,9.358755350112915,10545,9408,1137,0,0,438,699,438,0.1041233323938324,0.0,0.03995640081827203,0.03995640081827203,0.8115165468380628
25,django__django-15380,1791014985.0963814,4.494211196899414,6990,6272,718,0,0,549,169,549,0.06332915985118641,0.0,0.048376192072449725,0.048376192072449725,0.531089590836721
12,sympy__sympy-20916,1791014986.6247787,356.449435710907,9419,6272,3147,0,0,824,2323,824,0.28142805799225107,0.0,0.07272264822915998,0.07272264822915998,0.531089590836721
13,sympy__sympy-23262,1791014986.6831255,6.150232553482056,12987,10976,2011,0,0,1522,489,1522,0.18822954965388425,0.0,0.14208374299414175,0.14208374299414175,0.955450564984479
26,django__django-16255,1791014988.3053277,6.2987377643585205,10623,9408,1215,0,0,417,798,417,0.11131416175436502,0.0,0.038036265761566414,0.038036265761566414,0.8115165468380628
2,django__django-12262,1791014989.6349504,17.990047693252563,8261,7840,421,0,0,4,417,4,0.037736007440591794,0.0,0.0003576955146053179,0.0003576955146053179,0.6700628887888102
7,sympy__sympy-23262,1791014989.65914,8.603814125061035,7112,6272,840,0,0,238,602,238,0.07414151789592344,0.0,0.020934492069700106,0.020934492069700106,0.531089590836721
25,django__django-15380,1791014989.742377,37.004820823669434,7822,6272,1550,0,0,718,832,718,0.13736386788683505,0.0,0.06332915985118641,0.06332915985118641,0.531089590836721
18,astropy__astropy-12907,1791014990.8342605,41.70110249519348,8026,6272,1754,0,0,1368,386,1368,0.15562321501988818,0.0,0.12110910257326457,0.12110910257326457,0.531089590836721
6,django__django-15380,1791014991.8464563,45.491775035858154,16413,14112,2301,0,0,560,1741,560,0.22298986740416488,0.0,0.053777799941159686,0.053777799941159686,1.250759681568802
13,sympy__sympy-23262,1791014993.1157157,48.2547652721405,13983,12544,1439,0,0,443,996,443,0.13655147138481302,0.0,0.04181517141030452,0.04181517141030452,1.1018649432280587
26,django__django-16255,1791014994.7600448,3.19639253616333,10751,9408,1343,0,0,1215,128,1215,0.12312779767177842,0.0,0.11131416175436502,0.11131416175436502,0.8115165468380628
4,django__django-13821,1791014996.0525572,3.3701884746551514,10195,9408,787,0,0,544,243,544,0.07193235256413641,0.0,0.04965530161163524,0.04965530161163524,0.8115165468380628
11,sympy__sympy-18211,1791014996.0792434,26.115920066833496,9160,6272,2888,0,0,1492,1396,1492,0.2578890564996822,0.0,0.13218015005048914,0.13218015005048914,0.531089590836721
28,sympy__sympy-13757,1791014996.2068403,18.919419288635254,7150,6272,878,0,0,170,708,170,0.07751236842510326,0.0,0.01494737752163931,0.01494737752163931,0.531089590836721
26,django__django-16255,1791014998.6478512,3.278932571411133,10995,9408,1587,0,0,1343,244,1343,0.14569332636826018,0.0,0.12312779767177842,0.12312779767177842,0.8115165468380628
7,sympy__sympy-23262,1791014998.7522,10.934638023376465,7703,6272,1431,0,0,840,591,840,0.12673197046530776,0.0,0.07414151789592344,0.07414151789592344,0.531089590836721
4,django__django-13821,1791014999.564309,2.8865158557891846,10821,9408,1413,0,0,787,626,787,0.12959537108055938,0.0,0.07193235256413641,0.07193235256413641,0.8115165468380628
26,django__django-16255,1791015002.0798042,2.267300844192505,11121,10976,145,0,0,19,126,19,0.013435515348071185,0.0,0.0017593082218439735,0.0017593082218439735,0.955450564984479
4,django__django-13821,1791015002.5768332,138.07784748077393,11979,9408,2571,0,0,1413,1158,1413,0.2373048119272301,0.0,0.12959537108055938,0.12959537108055938,0.8115165468380628
5,django__django-14787,1791015004.0035508,2.6398537158966064,5651,4704,947,0,0,379,568,379,0.08213882386440433,0.0,0.032764289126539836,0.032764289126539836,0.39459665298179547
16,pytest-dev__pytest-6202,1791015004.1884928,60.84915041923523,8172,6272,1900,0,0,1213,687,1213,0.16871695502586376,0.0,0.10729210688600055,0.10729210688600055,0.531089590836721
26,django__django-16255,1791015004.5214067,2.314976930618286,11205,10976,229,0,0,145,84,145,0.021228551407698772,0.0,0.013435515348071185,0.013435515348071185,0.955450564984479
5,django__django-14787,1791015006.7800283,3.373033285140991,8123,4704,3419,0,0,947,2472,947,0.3008130209851634,0.0,0.08213882386440433,0.08213882386440433,0.39459665298179547
26,django__django-16255,1791015007.859302,4.133979320526123,11411,10976,435,0,0,229,206,229,0.04037017867495685,0.0,0.021228551407698772,0.021228551407698772,0.955450564984479
2,django__django-12262,1791015008.0196426,8.317487716674805,8736,7840,896,0,0,421,475,421,0.0805269441795121,0.0,0.037736007440591794,0.037736007440591794,0.6700628887888102
7,sympy__sympy-23262,1791015010.2486758,10.094659566879272,8936,6272,2664,0,0,1431,1233,1431,0.23758557540434458,0.0,0.12673197046530776,0.12673197046530776,0.531089590836721
5,django__django-14787,1791015010.3014061,3.17814302444458,9327,7840,1487,0,0,283,1204,283,0.13408566596594468,0.0,0.02534678517814866,0.02534678517814866,0.6700628887888102
26,django__django-16255,1791015012.4947324,19.884624242782593,11602,10976,626,0,0,435,191,435,0.05815624681553007,0.0,0.04037017867495685,0.04037017867495685,0.955450564984479
15,pytest-dev__pytest-5631,1791015013.1817694,4.276861906051636,5725,4704,1021,0,0,543,478,543,0.08859538570331128,0.0,0.04698689588552489,0.04698689588552489,0.39459665298179547
5,django__django-14787,1791015013.620023,3.0801761150360107,9805,7840,1965,0,0,1487,478,1487,0.17766163738152405,0.0,0.13408566596594468,0.13408566596594468,0.6700628887888102
28,sympy__sympy-13757,1791015015.5280988,10.171152353286743,7671,6272,1399,0,0,878,521,878,0.1238754101986196,0.0,0.07751236842510326,0.07751236842510326,0.531089590836721
2,django__django-12262,1791015016.495574,4.676712274551392,8906,7840,1066,0,0,896,170,896,0.09589690491741379,0.0,0.0805269441795121,0.0805269441795121,0.6700628887888102
5,django__django-14787,1791015016.8411963,638.5581254959106,10311,9408,903,0,0,397,506,397,0.08258767103522546,0.0,0.03620797933227141,0.03620797933227141,0.8115165468380628
20,django__django-11749,1791015017.590724,147.0039713382721,13039,12544,495,0,0,26,469,26,0.04673648230898577,0.0,0.0024486946333264793,0.0024486946333264793,1.1018649432280587
15,pytest-dev__pytest-5631,1791015017.7503839,31.735569953918457,6036,4704,1332,0,0,1021,311,1021,0.11579079236786806,0.0,0.08859538570331128,0.08859538570331128,0.39459665298179547
8,sympy__sympy-11618,1791015017.7954135,11.61868405342102,11019,9408,1611,0,0,1137,474,1137,0.1479161309997884,0.0,0.1041233323938324,0.1041233323938324,0.8115165468380628
27,sympy__sympy-11618,1791015019.184635,13.536687850952148,6276,4704,1572,0,0,1380,192,1380,0.13684430592030342,0.0,0.1199968463401472,0.1199968463401472,0.39459665298179547
7,sympy__sympy-23262,1791015020.4666667,12.916529893875122,10540,7840,2700,0,0,1096,1604,1096,0.245116249177508,0.0,0.09861227745225545,0.09861227745225545,0.6700628887888102
2,django__django-12262,1791015021.3247137,2.6283395290374756,9024,7840,1184,0,0,1066,118,1066,0.10658260812233435,0.0,0.09589690491741379,0.09589690491741379,0.6700628887888102
11,sympy__sympy-18211,1791015022.3350642,69.95077919960022,10718,7840,2878,0,0,1320,1558,1320,0.26153417135318646,0.0,0.11891575854759306,0.11891575854759306,0.6700628887888102
2,django__django-12262,1791015024.089829,2.711366653442383,9397,7840,1557,0,0,1184,373,1184,0.140452678128075,0.0,0.10658260812233435,0.10658260812233435,0.6700628887888102
28,sympy__sympy-13757,1791015025.9664044,13.374465465545654,8992,6272,2720,0,0,1399,1321,1399,0.24265670009125836,0.0,0.1238754101986196,0.1238754101986196,0.531089590836721
2,django__django-12262,1791015027.1995294,40.12580895423889,9517,7840,1677,0,0,1557,120,1557,0.1513790569049273,0.0,0.140452678128075,0.140452678128075,0.6700628887888102
25,django__django-15380,1791015027.8014808,16.537843942642212,8697,6272,2425,0,0,1550,875,1550,0.21597830384576394,0.0,0.13736386788683505,0.13736386788683505,0.531089590836721
8,sympy__sympy-11618,1791015029.8392093,7.057816505432129,11453,10976,477,0,0,43,434,43,0.04427809458764242,0.0,0.0039821128533722,0.0039821128533722,0.955450564984479
9,sympy__sympy-13757,1791015030.6511772,18.619415521621704,7863,6272,1591,0,0,1045,546,1045,0.1410302675927751,0.0,0.09234363826657654,0.09234363826657654,0.531089590836721
21,django__django-12262,1791015031.3261442,77.01755666732788,5361,3136,2225,0,0,1441,784,1441,0.1909019058956547,0.0,0.12306593023682327,0.12306593023682327,0.26058407522403343
26,django__django-16255,1791015032.749163,18.47753643989563,12907,10976,1931,0,0,626,1305,626,0.18066362879664813,0.0,0.05815624681553007,0.05815624681553007,0.955450564984479
27,sympy__sympy-11618,1791015032.8808696,15.412182331085205,6647,6272,375,0,0,4,371,4,0.033010933614328226,0.0,0.0003513680653778599,0.0003513680653778599,0.531089590836721
18,astropy__astropy-12907,1791015033.1293886,10.67350172996521,8804,7840,964,0,0,186,778,186,0.08667142981492774,0.0,0.01664991706779906,0.01664991706779906,0.6700628887888102
7,sympy__sympy-23262,1791015033.8576007,4.045338153839111,10892,9408,1484,0,0,1132,352,1132,0.1361603881475889,0.0,0.10366259112825532,0.10366259112825532,0.8115165468380628
3,django__django-13112,1791015034.0406256,3.072904109954834,21297,20384,913,0,0,576,337,576,0.09361655054523622,0.0,0.058963568004130856,0.058963568004130856,1.8711422359034104
23,django__django-13821,1791015034.7102633,10.5897798538208,8412,6272,2140,0,0,1444,696,1444,0.19028764070393114,0.0,0.12789274315957125,0.12789274315957125,0.531089590836721
17,pylint-dev__pylint-6528,1791015035.68623,359.20058727264404,11131,9408,1723,0,0,1070,653,1070,0.15829690261145823,0.0,0.09795149479735167,0.09795149479735167,0.8115165468380628
8,sympy__sympy-11618,1791015037.0428703,10.165506362915039,11794,10976,818,0,0,477,341,477,0.07607252878865915,0.0,0.04427809458764242,0.04427809458764242,0.955450564984479
3,django__django-13112,1791015037.2664034,53.97956395149231,22092,20384,1708,0,0,913,795,913,0.17581863250840235,0.0,0.09361655054523622,0.09361655054523622,1.8711422359034104
7,sympy__sympy-23262,1791015038.0215485,13.330469369888306,11279,9408,1871,0,0,1484,387,1484,0.17203376090875666,0.0,0.1361603881475889,0.1361603881475889,0.8115165468380628
28,sympy__sympy-13757,1791015039.4972289,8.845608234405518,9206,7840,1366,0,0,1152,214,1152,0.12309148831648613,0.0,0.10368340213916928,0.10368340213916928,0.6700628887888102
6,django__django-15380,1791015039.521329,48.290064334869385,16788,15680,1108,0,0,733,375,733,0.10846219787409224,0.0,0.07161476896625804,0.07161476896625804,1.4021347800067088
13,sympy__sympy-23262,1791015041.5635073,21.949966192245483,14497,12544,1953,0,0,1439,514,1439,0.18583299047729154,0.0,0.13655147138481302,0.13655147138481302,1.1018649432280587
18,astropy__astropy-12907,1791015043.9326022,17.131716012954712,8992,7840,1152,0,0,964,188,964,0.10368340213916928,0.0,0.08667142981492774,0.08667142981492774,0.6700628887888102
25,django__django-15380,1791015044.7347608,3.711703062057495,9263,7840,1423,0,0,857,566,857,0.12826872361259126,0.0,0.07700500589367482,0.07700500589367482,0.6700628887888102
23,django__django-13821,1791015045.49265,9.484118938446045,8698,7840,858,0,0,572,286,572,0.07709529283559369,0.0,0.051314342751842046,0.051314342751842046,0.6700628887888102
28,sympy__sympy-13757,1791015048.509426,5.587996482849121,9469,7840,1629,0,0,1366,263,1366,0.1470067621173584,0.0,0.12309148831648613,0.12309148831648613,0.6700628887888102
25,django__django-15380,1791015048.587268,3.237663507461548,9400,7840,1560,0,0,1423,137,1423,0.14072566054594346,0.0,0.12826872361259126,0.12826872361259126,0.6700628887888102
27,sympy__sympy-11618,1791015048.782948,17.77198314666748,7586,6272,1314,0,0,375,939,375,0.11629268845089295,0.0,0.033010933614328226,0.033010933614328226,0.531089590836721
9,sympy__sympy-13757,1791015049.5318565,65.26350450515747,9040,7840,1200,0,0,23,1177,23,0.10803259850876755,0.0,0.0020569696406859666,0.0020569696406859666,0.6700628887888102
15,pytest-dev__pytest-5631,1791015049.6860406,8.289336442947388,6911,4704,2207,0,0,1332,875,1332,0.1928286624339063,0.0,0.11579079236786806,0.11579079236786806,0.39459665298179547
8,pytest-dev__pytest-10051,1791015050.6238198,5.670115232467651,1823,1568,255,255,0,0,0,0,0.021221874929410838,0.0,0.0,0.0,0.12905185756343496
26,django__django-16255,1791015051.5804229,5.840601682662964,13468,12544,924,0,0,363,561,363,0.0874413838637819,0.0,0.03424925055306839,0.03424925055306839,1.1018649432280587
7,sympy__sympy-23262,1791015051.723059,26.159783363342285,11543,10976,567,0,0,303,264,303,0.052658192628921956,0.0,0.028099742762340462,0.028099742762340462,0.955450564984479
25,django__django-15380,1791015051.9662309,16.18433427810669,9694,7840,1854,0,0,1560,294,1560,0.16752198247566005,0.0,0.14072566054594346,0.14072566054594346,0.6700628887888102
28,sympy__sympy-13757,1791015054.497415,13.834985494613647,9686,9408,278,0,0,61,217,61,0.02533801869544632,0.0,0.005553104068105753,0.005553104068105753,0.8115165468380628
23,django__django-13821,1791015055.1503954,16.062902450561523,8967,7840,1127,0,0,858,269,858,0.10141911626386087,0.0,0.07709529283559369,0.07709529283559369,0.6700628887888102
8,pytest-dev__pytest-10051,1791015056.7518897,2.8882014751434326,2074,1568,506,0,0,255,251,255,0.04217492211765346,0.0,0.021221874929410838,0.021221874929410838,0.12905185756343496
26,django__django-16255,1791015057.5537004,3.2731783390045166,13760,12544,1216,0,0,924,292,924,0.11525348085387623,0.0,0.0874413838637819,0.0874413838637819,1.1018649432280587
15,pytest-dev__pytest-5631,1791015058.265096,5.3245627880096436,7194,6272,922,0,0,639,283,639,0.08141727846024749,0.0,0.056335724578980735,0.056335724578980735,0.531089590836721
8,pytest-dev__pytest-10051,1791015059.8210402,2.7266862392425537,2389,1568,821,0,0,506,315,506,0.06856051205679614,0.0,0.04217492211765346,0.04217492211765346,0.12905185756343496
26,django__django-16255,1791015060.9800866,5.068481683731079,14029,12544,1485,0,0,1216,269,1216,0.14095102054635683,0.0,0.11525348085387623,0.11525348085387623,1.1018649432280587
18,astropy__astropy-12907,1791015061.2050645,8.491976499557495,9390,7840,1550,0,0,1152,398,1152,0.13981575446247504,0.0,0.10368340213916928,0.10368340213916928,0.6700628887888102
8,pytest-dev__pytest-10051,1791015062.7036173,3.909801959991455,3583,1568,2015,0,0,821,1194,821,0.16948329989200137,0.0,0.06856051205679614,0.06856051205679614,0.12905185756343496
13,sympy__sympy-23262,1791015063.6649702,6.138492584228516,14997,14112,885,0,0,385,500,385,0.08513321417550998,0.0,0.03693825213654824,0.03693825213654824,1.250759681568802
15,pytest-dev__pytest-5631,1791015063.7417774,21.58688473701477,7530,6272,1258,0,0,922,336,922,0.11130099584981672,0.0,0.08141727846024749,0.08141727846024749,0.531089590836721
16,pytest-dev__pytest-6202,1791015065.2813492,30.983522176742554,9167,7840,1327,0,0,332,995,332,0.11955105797957434,0.0,0.02974365707377465,0.02974365707377465,0.6700628887888102
26,django__django-16255,1791015066.1700897,13.975263357162476,14279,12544,1735,0,0,1485,250,1485,0.16489894092362298,0.0,0.14095102054635683,0.14095102054635683,1.1018649432280587
8,pytest-dev__pytest-10051,1791015066.7529726,38.88619923591614,4430,3136,1294,0,0,447,847,447,0.11041571826052789,0.0,0.03795108223140288,0.03795108223140288,0.26058407522403343
27,sympy__sympy-11618,1791015066.9513679,5.635712146759033,8411,6272,2139,0,0,1314,825,1314,0.19019764229046876,0.0,0.11629268845089295,0.11629268845089295,0.531089590836721
2,django__django-12262,1791015067.7360888,5.991410493850708,10697,9408,1289,0,0,109,1180,109,0.1181419043552873,0.0,0.009925398855674668,0.009925398855674668,0.8115165468380628
25,django__django-15380,1791015068.4689758,10.966647863388062,10168,9408,760,0,0,286,474,286,0.06945418290087796,0.0,0.026068324426407392,0.026068324426407392,0.8115165468380628
28,sympy__sympy-13757,1791015068.698787,6.459515571594238,10216,9408,808,0,0,278,530,278,0.07386032631352335,0.0,0.02533801869544632,0.02533801869544632,0.8115165468380628
13,sympy__sympy-23262,1791015070.1835232,14.305759191513062,15249,14112,1137,0,0,885,252,885,0.10951906472254723,0.0,0.08513321417550998,0.08513321417550998,1.250759681568802
18,astropy__astropy-12907,1791015070.200918,16.507338523864746,9739,7840,1899,0,0,1550,349,1550,0.17163115525491873,0.0,0.13981575446247504,0.13981575446247504,0.6700628887888102
23,django__django-13821,1791015071.396183,5.211219787597656,9307,7840,1467,0,0,1127,340,1127,0.13226742759058868,0.0,0.10141911626386087,0.10141911626386087,0.6700628887888102
27,sympy__sympy-11618,1791015072.733839,3.6039164066314697,8578,7840,738,0,0,571,167,571,0.06626806292833232,0.0,0.05122434433837965,0.05122434433837965,0.6700628887888102
2,django__django-12262,1791015073.8861873,3.000333547592163,10859,9408,1451,0,0,1289,162,1289,0.13310840964370227,0.0,0.1181419043552873,0.1181419043552873,0.8115165468380628
28,sympy__sympy-13757,1791015075.3480968,3.921678304672241,10372,9408,964,0,0,808,156,808,0.08819634507874513,0.0,0.07386032631352335,0.07386032631352335,0.8115165468380628
2,django__django-12262,1791015077.3412569,4.8962156772613525,11501,9408,2093,0,0,1451,642,1451,0.19268048144459138,0.0,0.13310840964370227,0.13310840964370227,0.8115165468380628
27,sympy__sympy-11618,1791015077.4316301,7.680278539657593,9081,7840,1241,0,0,738,503,738,0.11174937770442708,0.0,0.06626806292833232,0.06626806292833232,0.6700628887888102
23,django__django-13821,1791015077.878214,19.9724223613739,10481,7840,2641,0,0,1467,1174,1467,0.2396814069350475,0.0,0.13226742759058868,0.13226742759058868,0.6700628887888102
7,sympy__sympy-23262,1791015078.700394,60.30188226699829,12871,10976,1895,0,0,567,1328,567,0.17726107087039236,0.0,0.052658192628921956,0.052658192628921956,0.955450564984479
25,django__django-15380,1791015079.5698202,13.820196151733398,11235,9408,1827,0,0,760,1067,760,0.16794752183596204,0.0,0.06945418290087796,0.06945418290087796,0.8115165468380628
28,sympy__sympy-13757,1791015081.3659701,5.0247886180877686,10857,9408,1449,0,0,964,485,964,0.13292347655895384,0.0,0.08819634507874513,0.08819634507874513,0.8115165468380628
2,django__django-12262,1791015082.5053332,3.0762951374053955,11900,10976,924,0,0,525,399,525,0.0859797430922391,0.0,0.0487464632981752,0.0487464632981752,0.955450564984479
14,pytest-dev__pytest-10051,1791015082.9979303,1.904003381729126,7233,6272,961,0,0,744,217,744,0.08488008152743588,0.0,0.06563217384384933,0.06563217384384933,0.531089590836721
13,sympy__sympy-23262,1791015084.8544645,23.135185480117798,15683,14112,1571,0,0,1137,434,1137,0.15166709649520266,0.0,0.10951906472254723,0.10951906472254723,1.250759681568802
14,pytest-dev__pytest-10051,1791015085.022651,2.157769203186035,7307,6272,1035,0,0,961,74,961,0.09145474633607498,0.0,0.08488008152743588,0.08488008152743588,0.531089590836721
15,pytest-dev__pytest-5631,1791015085.5409474,6.320177793502808,8129,6272,1857,0,0,1258,599,1258,0.16485834546679556,0.0,0.11130099584981672,0.11130099584981672,0.531089590836721
2,django__django-12262,1791015086.5039606,3.841946601867676,12046,10976,1070,0,0,924,146,924,0.09964408746569668,0.0,0.0859797430922391,0.0859797430922391,0.955450564984479
18,astropy__astropy-12907,1791015087.2034333,5.652036666870117,10272,9408,864,0,0,331,533,331,0.07900376470589382,0.0,0.030177497205666065,0.030177497205666065,0.8115165468380628
14,pytest-dev__pytest-10051,1791015087.3131661,3.359161138534546,7387,6272,1115,0,0,1035,80,1035,0.09856870653420695,0.0,0.09145474633607498,0.09145474633607498,0.531089590836721
27,sympy__sympy-11618,1791015087.3900661,6.431119441986084,9580,7840,1740,0,0,1241,499,1241,0.15712122122531813,0.0,0.11174937770442708,0.11174937770442708,0.6700628887888102
6,django__django-15380,1791015088.5918462,9.429128646850586,17354,15680,1674,0,0,1108,566,1108,0.16434590789240908,0.0,0.10846219787409224,0.10846219787409224,1.4021347800067088
28,sympy__sympy-13757,1791015088.7409794,11.542280197143555,11242,9408,1834,0,0,1449,385,1449,0.16859747467993771,0.0,0.13292347655895384,0.13292347655895384,0.8115165468380628
14,pytest-dev__pytest-10051,1791015090.8398924,3.2519338130950928,7595,6272,1323,0,0,1115,208,1115,0.11709521984770162,0.0,0.09856870653420695,0.09856870653420695,0.531089590836721
3,django__django-13112,1791015091.4811957,19.038321018218994,23137,21952,1185,0,0,140,1045,140,0.12354378645789069,0.0,0.014522093681841366,0.014522093681841366,2.0324387747299717
11,sympy__sympy-18211,1791015092.4034913,82.98183703422546,11630,9408,2222,0,0,1310,912,1310,0.20470073978464967,0.0,0.1200805133039338,0.1200805133039338,0.8115165468380628
15,pytest-dev__pytest-5631,1791015092.4064713,7.411638498306274,8427,7840,587,0,0,289,298,289,0.052664440014668884,0.0,0.025885047514706442,0.025885047514706442,0.6700628887888102
25,django__django-15380,1791015093.498217,3.2509939670562744,11398,10976,422,0,0,259,163,259,0.03916094631493429,0.0,0.024013503689545832,0.024013503689545832,0.955450564984479
14,pytest-dev__pytest-10051,1791015094.217663,240.91870307922363,8001,6272,1729,0,0,1323,406,1323,0.1533832926488596,0.0,0.11709521984770162,0.11709521984770162,0.531089590836721
2,django__django-12262,1791015094.9686577,9.916114807128906,12455,10976,1479,0,0,1070,409,1070,0.13803747089515114,0.0,0.09964408746569668,0.09964408746569668,0.955450564984479
18,astropy__astropy-12907,1791015094.993151,4.00403904914856,10984,9408,1576,0,0,864,712,864,0.1446747351139888,0.0,0.07900376470589382,0.07900376470589382,0.8115165468380628
27,sympy__sympy-11618,1791015095.1961536,6.49002742767334,10044,9408,636,0,0,172,464,172,0.058082404029375916,0.0,0.015667563176065474,0.015667563176065474,0.8115165468380628
26,pytest-dev__pytest-5631,1791015095.266441,7.251008987426758,2019,1568,451,451,0,0,0,0,0.03757817930520332,0.0,0.0,0.0,0.12905185756343496
16,pytest-dev__pytest-6202,1791015096.4022198,9.226433277130127,9403,7840,1563,0,0,1327,236,1327,0.1409986520433787,0.0,0.11955105797957434,0.11955105797957434,0.6700628887888102
25,django__django-15380,1791015096.875909,24.215314149856567,11602,10976,626,0,0,422,204,422,0.05815624681553007,0.0,0.03916094631493429,0.03916094631493429,0.955450564984479
23,django__django-13821,1791015098.986258,16.479233026504517,11053,9408,1645,0,0,1073,572,1073,0.15106609894477305,0.0,0.09822774888579486,0.09822774888579486,0.8115165468380628
28,sympy__sympy-13757,1791015100.4821358,7.474376440048218,11987,10976,1011,0,0,266,745,266,0.09411960568662008,0.0,0.0246634565335215,0.0246634565335215,0.955450564984479
6,django__django-15380,1791015101.029901,4.475602626800537,17648,17248,400,0,0,106,294,106,0.039645921184955364,0.0,0.010490449357338706,0.010490449357338706,1.5559902385417792
15,pytest-dev__pytest-5631,1791015101.2273674,5.724180459976196,8774,7840,934,0,0,587,347,587,0.08396005228948351,0.0,0.052664440014668884,0.052664440014668884,0.6700628887888102
31,sympy__sympy-20916,1791015102.377371,51.26116681098938,10734,7840,2894,0,0,1381,1513,1381,0.26301150535949547,0.0,0.124453600872728,0.124453600872728,0.6700628887888102
26,pytest-dev__pytest-5631,1791015102.8782055,5.353179693222046,2293,1568,725,0,0,451,274,451,0.06050858447463963,0.0,0.03757817930520332,0.03757817930520332,0.12905185756343496
27,sympy__sympy-11618,1791015103.3146617,8.999790906906128,10379,9408,971,0,0,636,335,636,0.08884020351570819,0.0,0.058082404029375916,0.058082404029375916,0.8115165468380628
6,django__django-15380,1791015105.6754625,9.076814413070679,17989,17248,741,0,0,400,341,400,0.07357152644078059,0.0,0.039645921184955364,0.039645921184955364,1.5559902385417792
16,pytest-dev__pytest-6202,1791015105.7729182,5.7428693771362305,9636,7840,1796,0,0,1563,233,1563,0.16222872874528982,0.0,0.1409986520433787,0.1409986520433787,0.6700628887888102
8,pytest-dev__pytest-10051,1791015106.5147367,250.87820744514465,5072,3136,1936,0,0,1294,642,1294,0.16582388256213507,0.0,0.11041571826052789,0.11041571826052789,0.26058407522403343
2,django__django-12262,1791015106.9056075,3.462115526199341,12837,10976,1861,0,0,1479,382,1479,0.17404874446054042,0.0,0.13803747089515114,0.13803747089515114,0.955450564984479
28,sympy__sympy-13757,1791015108.2097373,9.134873867034912,12190,10976,1214,0,0,1011,203,1011,0.11314231363452257,0.0,0.09411960568662008,0.09411960568662008,0.955450564984479
13,sympy__sympy-23262,1791015108.3720884,4.709324359893799,16226,15680,546,0,0,3,543,3,0.05329319597280573,0.0,0.0002919980572958206,0.0002919980572958206,1.4021347800067088
26,pytest-dev__pytest-5631,1791015108.485177,3.1366701126098633,2933,1568,1365,0,0,725,640,725,0.11436372068798253,0.0,0.06050858447463963,0.06050858447463963,0.12905185756343496
21,django__django-12262,1791015108.5023491,18.003147840499878,5869,4704,1165,0,0,657,508,657,0.1011753408030023,0.0,0.0568893281378927,0.0568893281378927,0.39459665298179547
2,django__django-12262,1791015110.5164526,4.11250114440918,12999,12544,455,0,0,293,162,293,0.04295061641898776,0.0,0.02763436621696067,0.02763436621696067,1.1018649432280587
3,django__django-13112,1791015110.6912994,5.51088809967041,23776,21952,1824,0,0,1185,639,1185,0.19075152053149352,0.0,0.12354378645789069,0.12354378645789069,2.0324387747299717
26,pytest-dev__pytest-5631,1791015111.7417436,14.424506902694702,3345,1568,1777,0,0,1365,412,1365,0.14925159252343762,0.0,0.11436372068798253,0.11436372068798253,0.12905185756343496
16,pytest-dev__pytest-6202,1791015111.9231217,9.838809967041016,10143,9408,735,0,0,228,507,228,0.06716023710731585,0.0,0.02077507069603716,0.02077507069603716,0.8115165468380628
15,pytest-dev__pytest-5631,1791015111.9377522,7.911505699157715,9110,7840,1270,0,0,934,336,934,0.11437934306009113,0.0,0.08396005228948351,0.08396005228948351,0.6700628887888102
18,astropy__astropy-12907,1791015112.6928742,6.572956800460815,11548,10976,572,0,0,8,564,8,0.053123993230895034,0.0,0.0007407169675725787,0.0007407169675725787,0.955450564984479
13,sympy__sympy-23262,1791015113.2547226,3.994117021560669,16361,15680,681,0,0,546,135,546,0.06651645897445513,0.0,0.05329319597280573,0.05329319597280573,1.4021347800067088
6,django__django-15380,1791015114.9075994,7.594506740570068,18390,17248,1142,0,0,741,401,741,0.11361653265262472,0.0,0.07357152644078059,0.07357152644078059,1.5559902385417792
9,sympy__sympy-13757,1791015114.9151342,4.375773906707764,9313,7840,1473,0,0,1200,273,1200,0.1328128567318837,0.0,0.10803259850876755,0.10803259850876755,0.6700628887888102
2,django__django-12262,1791015115.3876038,9.02069354057312,13307,12544,763,0,0,455,308,455,0.07214342064769244,0.0,0.04295061641898776,0.04295061641898776,1.1018649432280587
23,django__django-13821,1791015115.7518063,6.027491807937622,11292,10976,316,0,0,77,239,77,0.029307414445712048,0.0,0.007132080798356852,0.007132080798356852,0.955450564984479
3,django__django-13112,1791015116.3403883,3.553028106689453,24031,23520,511,0,0,256,255,256,0.05390960209729841,0.0,0.026974621607768978,0.026974621607768978,2.1962156736536964
28,sympy__sympy-13757,1791015117.6178901,6.655757188796997,12411,10976,1435,0,0,1214,221,1214,0.13389903036622997,0.0,0.11314231363452257,0.11314231363452257,0.955450564984479
13,sympy__sympy-23262,1791015118.507996,7.833836793899536,16662,15680,982,0,0,681,301,681,0.096065636076106,0.0,0.06651645897445513,0.06651645897445513,1.4021347800067088
27,sympy__sympy-11618,1791015118.862942,42.11268091201782,10726,9408,1318,0,0,971,347,971,0.12081914802418407,0.0,0.08884020351570819,0.08884020351570819,0.8115165468380628
9,sympy__sympy-13757,1791015119.4250908,11.66446828842163,9426,7840,1586,0,0,1473,113,1473,0.1430918885004355,0.0,0.1328128567318837,0.1328128567318837,0.6700628887888102
18,astropy__astropy-12907,1791015120.2531466,6.080137252807617,12062,10976,1086,0,0,572,514,572,0.10114285732040891,0.0,0.053123993230895034,0.053123993230895034,0.955450564984479
15,pytest-dev__pytest-5631,1791015120.4091408,15.357237100601196,9546,7840,1706,0,0,1270,436,1270,0.154021778043122,0.0,0.11437934306009113,0.11437934306009113,0.6700628887888102
3,django__django-13112,1791015121.3279061,104.91849565505981,24596,23520,1076,0,0,511,565,511,0.11382276663348073,0.0,0.05390960209729841,0.05390960209729841,2.1962156736536964
25,django__django-15380,1791015121.446045,3.6148006916046143,12134,10976,1158,0,0,626,532,626,0.10789051767413187,0.0,0.05815624681553007,0.05815624681553007,0.955450564984479
16,pytest-dev__pytest-6202,1791015122.0279114,5.074415922164917,10608,9408,1200,0,0,735,465,735,0.10993083327700495,0.0,0.06716023710731585,0.06716023710731585,0.8115165468380628
6,django__django-15380,1791015122.6627154,11.956698894500732,18782,17248,1534,0,0,1142,392,1142,0.15291957524018396,0.0,0.11361653265262472,0.11361653265262472,1.5559902385417792
23,django__django-13821,1791015123.4298334,3.59434175491333,13037,10976,2061,0,0,316,1745,316,0.19296152892211685,0.0,0.029307414445712048,0.029307414445712048,0.955450564984479
2,django__django-12262,1791015124.6006625,3.895643711090088,13720,12544,1176,0,0,763,413,763,0.11143851999644838,0.0,0.07214342064769244,0.07214342064769244,1.1018649432280587
25,django__django-15380,1791015125.21726,4.001481056213379,12731,10976,1755,0,0,1158,597,1158,0.16404133007530078,0.0,0.10789051767413187,0.10789051767413187,0.955450564984479
28,sympy__sympy-13757,1791015125.6752353,6.76059889793396,12665,10976,1689,0,0,1435,254,1435,0.15781602465708033,0.0,0.13389903036622997,0.13389903036622997,0.955450564984479
26,pytest-dev__pytest-5631,1791015126.7297626,4.415777683258057,3617,3136,481,0,0,209,272,209,0.040845991020857744,0.0,0.017719374862839126,0.017719374862839126,0.26058407522403343
21,django__django-12262,1791015127.6464672,7.65960693359375,6399,4704,1695,0,0,1165,530,1165,0.1476567534814046,0.0,0.1011753408030023,0.1011753408030023,0.39459665298179547
13,sympy__sympy-23262,1791015127.9015977,7.864202260971069,17177,15680,1497,0,0,982,515,982,0.14683517584661704,0.0,0.096065636076106,0.096065636076106,1.4021347800067088
23,django__django-13821,1791015128.215175,16.054667234420776,13580,12544,1036,0,0,493,543,493,0.09809886838898824,0.0,0.04654715067853711,0.04654715067853711,1.1018649432280587
2,django__django-12262,1791015128.6470633,4.635500907897949,15379,12544,2835,0,0,1176,1659,1176,0.27101885484561383,0.0,0.11143851999644838,0.11143851999644838,1.1018649432280587
25,django__django-15380,1791015129.3434734,10.744556427001953,13148,12544,604,0,0,187,417,187,0.057061159150597,0.0,0.01762695183172103,0.01762695183172103,1.1018649432280587
16,pytest-dev__pytest-6202,1791015131.1451163,7.8193371295928955,10800,9408,1392,0,0,1200,192,1200,0.12765458000935567,0.0,0.10993083327700495,0.10993083327700495,0.8115165468380628
9,sympy__sympy-13757,1791015131.2774477,7.210238218307495,9714,9408,306,0,0,18,288,18,0.027894371229222014,0.0,0.0016382304511828648,0.0016382304511828648,0.8115165468380628
28,sympy__sympy-13757,1791015132.568178,10.996319770812988,13465,12544,921,0,0,121,800,121,0.08715608955331587,0.0,0.011401646413500603,0.011401646413500603,1.1018649432280587
2,django__django-12262,1791015133.4395552,65.95948791503906,15709,14112,1597,0,0,1267,330,1267,0.15419812665806512,0.0,0.12212411650487051,0.12212411650487051,1.250759681568802
21,django__django-12262,1791015135.4317222,22.279081344604492,6733,6272,461,0,0,127,334,127,0.0406014393068721,0.0,0.011163815626479045,0.011163815626479045,0.531089590836721
15,pytest-dev__pytest-5631,1791015136.0711617,4.521024227142334,9888,9408,480,0,0,138,342,138,0.04379800562800466,0.0,0.012568119993869333,0.012568119993869333,0.8115165468380628
13,sympy__sympy-23262,1791015136.2416353,20.347206115722656,17742,15680,2062,0,0,1497,565,1497,0.20284159446318462,0.0,0.14683517584661704,0.14683517584661704,1.4021347800067088
30,sympy__sympy-18211,1791015136.2450926,6.323961973190308,8216,6272,1944,0,0,1539,405,1539,0.17266723061216557,0.0,0.13638048820150275,0.13638048820150275,0.531089590836721
9,sympy__sympy-13757,1791015138.938705,10.882837533950806,10007,9408,599,0,0,306,293,306,0.05469221677894481,0.0,0.027894371229222014,0.027894371229222014,0.8115165468380628
7,sympy__sympy-23262,1791015139.1448882,17.084885835647583,13247,12544,703,0,0,327,376,327,0.06644900495777815,0.0,0.03084669262681261,0.03084669262681261,1.1018649432280587
18,astropy__astropy-12907,1791015139.2662065,7.902859210968018,12427,10976,1451,0,0,1086,365,1086,0.13540369185096268,0.0,0.10114285732040891,0.10114285732040891,0.955450564984479
26,pytest-dev__pytest-5631,1791015139.3824797,12.821138143539429,3745,3136,609,0,0,481,128,481,0.051754930830361534,0.0,0.040845991020857744,0.040845991020857744,0.26058407522403343
25,django__django-15380,1791015140.3552213,21.301511764526367,13533,12544,989,0,0,604,385,604,0.09362499012861866,0.0,0.057061159150597,0.057061159150597,1.1018649432280587
15,pytest-dev__pytest-5631,1791015140.859642,5.328545570373535,10132,9408,724,0,0,480,244,480,0.06615110070861839,0.0,0.04379800562800466,0.04379800562800466,0.8115165468380628
4,django__django-13821,1791015141.0235555,81.58873701095581,12522,10976,1546,0,0,1003,543,1003,0.1443429385294539,0.0,0.0933707937808139,0.0933707937808139,0.955450564984479
30,sympy__sympy-18211,1791015142.750365,103.41269874572754,9742,7840,1902,0,0,376,1526,376,0.1719051727434038,0.0,0.03369393266007646,0.03369393266007646,0.6700628887888102
28,sympy__sympy-13757,1791015143.8166046,9.881133079528809,14635,12544,2091,0,0,921,1170,921,0.1991096011756184,0.0,0.08715608955331587,0.08715608955331587,1.1018649432280587
16,pytest-dev__pytest-6202,1791015145.0636373,4.50115704536438,11276,9408,1868,0,0,1392,476,1392,0.1717550916555414,0.0,0.12765458000935567,0.12765458000935567,0.8115165468380628
6,pytest-dev__pytest-6202,1791015145.1970878,7.209718704223633,2111,1568,543,543,0,0,0,0,0.045268993420270034,0.0,0.0,0.0,0.12905185756343496
23,django__django-13821,1791015145.6957598,10.339838981628418,14001,12544,1457,0,0,1036,421,1036,0.13827277987232897,0.0,0.09809886838898824,0.09809886838898824,1.1018649432280587
15,pytest-dev__pytest-5631,1791015146.740315,13.707231521606445,10521,9408,1113,0,0,724,389,724,0.101912004334755,0.0,0.06615110070861839,0.06615110070861839,0.8115165468380628
18,astropy__astropy-12907,1791015147.3254077,5.473650932312012,12755,10976,1779,0,0,1451,328,1451,0.16630616704812567,0.0,0.13540369185096268,0.13540369185096268,0.955450564984479
16,pytest-dev__pytest-6202,1791015149.8640354,2.3370370864868164,11411,10976,435,0,0,300,135,300,0.04037017867495685,0.0,0.027821073509125188,0.027821073509125188,0.955450564984479
9,sympy__sympy-13757,1791015150.2402346,20.41864824295044,10463,9408,1055,0,0,599,456,599,0.09657036054863792,0.0,0.05469221677894481,0.05469221677894481,0.8115165468380628
16,pytest-dev__pytest-6202,1791015152.3338373,3.0119574069976807,11541,10976,565,0,0,435,130,435,0.05247187945001802,0.0,0.04037017867495685,0.04037017867495685,0.955450564984479
26,pytest-dev__pytest-5631,1791015152.393396,12.393317222595215,4131,3136,995,0,0,609,386,609,0.08475228146416526,0.0,0.051754930830361534,0.051754930830361534,0.26058407522403343
6,pytest-dev__pytest-6202,1791015152.7715867,5.064592123031616,2406,1568,838,0,0,543,295,543,0.06998734322435006,0.0,0.045268993420270034,0.045268993420270034,0.12905185756343496
18,astropy__astropy-12907,1791015153.7020547,10.025808334350586,12935,12544,391,0,0,211,180,211,0.036896588417029995,0.0,0.01989178880454594,0.01989178880454594,1.1018649432280587
28,sympy__sympy-13757,1791015153.9767077,19.5013689994812,15087,14112,975,0,0,523,452,523,0.09383509206461957,0.0,0.05021486283487511,0.05021486283487511,1.250759681568802
31,sympy__sympy-20916,1791015154.0627415,68.20810413360596,10931,9408,1523,0,0,1326,197,1326,0.13976868824642308,0.0,0.12155784731024279,0.12155784731024279,0.8115165468380628
16,pytest-dev__pytest-6202,1791015156.1733837,5.620110273361206,11748,10976,772,0,0,565,207,565,0.07177669854533521,0.0,0.05247187945001802,0.05247187945001802,0.955450564984479
7,sympy__sympy-23262,1791015156.5886943,18.77036476135254,13558,12544,1014,0,0,703,311,703,0.09600443517633049,0.0,0.06644900495777815,0.06644900495777815,1.1018649432280587
13,sympy__sympy-23262,1791015156.959094,12.043528318405151,18125,17248,877,0,0,494,383,494,0.08713469587051731,0.0,0.04898613592811425,0.04898613592811425,1.5559902385417792
21,django__django-12262,1791015157.9052672,4.6498754024505615,7134,6272,862,0,0,461,401,461,0.0760928853831596,0.0,0.0406014393068721,0.0406014393068721,0.531089590836721
6,pytest-dev__pytest-6202,1791015158.1333303,357.17827701568604,3360,1568,1792,0,0,838,954,838,0.15052501284453404,0.0,0.06998734322435006,0.06998734322435006,0.12905185756343496
23,django__django-13821,1791015158.1406062,7.342730522155762,14368,12544,1824,0,0,1457,367,1457,0.1734396194451684,0.0,0.13827277987232897,0.13827277987232897,1.1018649432280587
15,pytest-dev__pytest-5631,1791015160.5789762,3.8823373317718506,10706,9408,1298,0,0,1113,185,1113,0.11897268228444921,0.0,0.101912004334755,0.101912004334755,0.8115165468380628
27,sympy__sympy-11618,1791015161.1251473,16.282535314559937,11204,9408,1796,0,0,1318,478,1318,0.16506975344841845,0.0,0.12081914802418407,0.12081914802418407,0.8115165468380628
25,django__django-15380,1791015161.990502,9.227559089660645,14024,12544,1480,0,0,989,491,989,0.14047270527479405,0.0,0.09362499012861866,0.09362499012861866,1.1018649432280587
21,django__django-12262,1791015163.0471375,34.037816762924194,7572,6272,1300,0,0,862,438,862,0.11504446870144136,0.0,0.0760928853831596,0.0760928853831596,0.531089590836721
18,astropy__astropy-12907,1791015163.8757005,8.349569320678711,13226,12544,682,0,0,391,291,391,0.06445681748537192,0.0,0.036896588417029995,0.036896588417029995,1.1018649432280587
15,pytest-dev__pytest-5631,1791015164.5856109,56.734999656677246,11348,9408,1940,0,0,1298,642,1298,0.1784456596931482,0.0,0.11897268228444921,0.11897268228444921,0.8115165468380628
20,django__django-11749,1791015164.740038,194.1642518043518,13354,12544,810,0,0,495,315,495,0.07660658300154191,0.0,0.04673648230898577,0.04673648230898577,1.1018649432280587
26,pytest-dev__pytest-5631,1791015164.9963546,26.43357229232788,4648,3136,1512,0,0,995,517,995,0.12918370398412804,0.0,0.08475228146416526,0.08475228146416526,0.26058407522403343
23,django__django-13821,1791015165.935418,3.8034019470214844,14634,14112,522,0,0,256,266,256,0.050118586405382345,0.0,0.024544881104425098,0.024544881104425098,1.250759681568802
13,sympy__sympy-23262,1791015169.4217236,8.57144808769226,18522,17248,1274,0,0,877,397,877,0.12683391895941393,0.0,0.08713469587051731,0.08713469587051731,1.5559902385417792
23,django__django-13821,1791015169.8628693,22.551361560821533,15592,14112,1480,0,0,522,958,522,0.1428138614889535,0.0,0.050118586405382345,0.050118586405382345,1.250759681568802
9,sympy__sympy-13757,1791015170.7991524,3.8546664714813232,10719,9408,1311,0,0,1055,256,1055,0.12017283911302243,0.0,0.09657036054863792,0.09657036054863792,0.8115165468380628
25,django__django-15380,1791015171.3343444,2.636741876602173,14140,12544,1596,0,0,1480,116,1480,0.15157611449184366,0.0,0.14047270527479405,0.14047270527479405,1.1018649432280587
18,astropy__astropy-12907,1791015172.443496,23.76104235649109,13749,12544,1205,0,0,682,523,682,0.11420420570798284,0.0,0.06445681748537192,0.06445681748537192,1.1018649432280587
28,sympy__sympy-13757,1791015173.6225486,16.04240655899048,15588,14112,1476,0,0,975,501,975,0.14242489998160945,0.0,0.09383509206461957,0.09383509206461957,1.250759681568802
25,django__django-15380,1791015174.1048799,25.698633670806885,14577,14112,465,0,0,28,437,28,0.04463249753806571,0.0,0.0026813761511003775,0.0026813761511003775,1.250759681568802
7,sympy__sympy-23262,1791015175.5107696,19.25247287750244,14031,12544,1487,0,0,1014,473,1014,0.14114235371686723,0.0,0.09600443517633049,0.09600443517633049,1.1018649432280587
11,sympy__sympy-18211,1791015175.512365,312.0123219490051,13239,10976,2263,0,0,654,1609,654,0.21210440218072188,0.0,0.06076672163823348,0.06076672163823348,0.955450564984479
24,django__django-14787,1791015176.5065742,5.258518695831299,7991,4704,3287,0,0,477,2810,477,0.2889804381025062,0.0,0.041259901306144944,0.041259901306144944,0.39459665298179547
9,sympy__sympy-13757,1791015176.7559307,5.351160526275635,11203,9408,1795,0,0,1311,484,1311,0.1649769383515627,0.0,0.12017283911302243,0.12017283911302243,0.8115165468380628
27,sympy__sympy-11618,1791015177.9333706,5.373467206954956,11934,10976,958,0,0,228,730,228,0.0891599298532568,0.0,0.02113573530200227,0.02113573530200227,0.955450564984479
13,sympy__sympy-23262,1791015179.5676494,8.842155933380127,18907,17248,1659,0,0,1274,385,1274,0.16548503137511392,0.0,0.12683391895941393,0.12683391895941393,1.5559902385417792
16,pytest-dev__pytest-6202,1791015179.9823017,6.008206367492676,12215,10976,1239,0,0,772,467,772,0.11548788685382051,0.0,0.07177669854533521,0.07177669854533521,0.955450564984479
24,django__django-14787,1791015181.8979373,3.2643494606018066,9342,7840,1502,0,0,151,1351,151,0.13544960956816035,0.0,0.013514202295491527,0.013514202295491527,0.6700628887888102
0,django__django-10973,1791015183.6338458,518.1599397659302,4884,3136,1748,0,0,1240,508,1240,0.14955538552211986,0.0,0.10577417659496233,0.10577417659496233,0.26058407522403343
9,sympy__sympy-13757,1791015184.414616,10.109512329101562,11583,10976,607,0,0,227,380,227,0.05638530363323643,0.0,0.021042920205146524,0.021042920205146524,0.955450564984479
27,sympy__sympy-11618,1791015184.733514,3.2455503940582275,12165,10976,1189,0,0,958,231,958,0.11079737094069769,0.0,0.0891599298532568,0.0891599298532568,0.955450564984479
24,django__django-14787,1791015185.2907968,651.1191046237946,9790,7840,1950,0,0,1502,448,1502,0.17629068738025153,0.0,0.13544960956816035,0.13544960956816035,0.6700628887888102
16,pytest-dev__pytest-6202,1791015187.045172,4.328998804092407,12520,10976,1544,0,0,1239,305,1239,0.14415465004034791,0.0,0.11548788685382051,0.11548788685382051,0.955450564984479
27,sympy__sympy-11618,1791015188.108643,12.344003915786743,12591,10976,1615,0,0,1189,426,1189,0.150841362559045,0.0,0.11079737094069769,0.11079737094069769,0.955450564984479
13,sympy__sympy-23262,1791015189.767582,4.244968891143799,19485,18816,669,0,0,91,578,91,0.06745684506085906,0.0,0.009149212742879975,0.009149212742879975,1.7123260571740133
28,sympy__sympy-13757,1791015189.9148073,42.73199152946472,15914,14112,1802,0,0,1476,326,1476,0.17417821284611834,0.0,0.14242489998160945,0.14242489998160945,1.250759681568802
16,pytest-dev__pytest-6202,1791015191.5473235,10.916083335876465,12793,10976,1817,0,0,1544,273,1544,0.1698933473361768,0.0,0.14415465004034791,0.14415465004034791,0.955450564984479
26,pytest-dev__pytest-5631,1791015191.8531394,120.01995468139648,5081,3136,1945,0,0,1512,433,1512,0.16660358792797744,0.0,0.12918370398412804,0.12918370398412804,0.26058407522403343
13,sympy__sympy-23262,1791015194.167637,13.068058013916016,19874,18816,1058,0,0,669,389,669,0.10688823116322292,0.0,0.06745684506085906,0.06745684506085906,1.7123260571740133
9,sympy__sympy-13757,1791015194.69082,3.8994834423065186,11746,10976,770,0,0,607,163,607,0.07158997174172094,0.0,0.05638530363323643,0.05638530363323643,0.955450564984479
7,sympy__sympy-23262,1791015195.149681,10.660515546798706,14310,12544,1766,0,0,1487,279,1487,0.16787287705632079,0.0,0.14114235371686723,0.14114235371686723,1.1018649432280587
21,django__django-12262,1791015197.4482164,13.570190191268921,8522,6272,2250,0,0,1300,950,1300,0.20019362515761627,0.0,0.11504446870144136,0.11504446870144136,0.531089590836721
9,sympy__sympy-13757,1791015198.714802,13.48012924194336,11847,10976,871,0,0,770,101,770,0.08102471902360601,0.0,0.07158997174172094,0.07158997174172094,0.955450564984479
2,django__django-12262,1791015199.800204,3.571648359298706,16240,15680,560,0,0,29,531,29,0.05466364283300381,0.0,0.002823028220158295,0.002823028220158295,1.4021347800067088
25,django__django-15380,1791015200.183721,3.2258498668670654,15219,14112,1107,0,0,465,642,465,0.1066126278367508,0.0,0.04463249753806571,0.04463249753806571,1.250759681568802
23,pylint-dev__pylint-6528,1791015201.0597882,5.014715671539307,1932,1568,364,364,0,0,0,0,0.03031319955668319,0.0,0.0,0.0,0.12905185756343496
16,pytest-dev__pytest-6202,1791015202.6164641,9.592149496078491,12931,12544,387,0,0,249,138,249,0.03651834886925058,0.0,0.023478969092597047,0.023478969092597047,1.1018649432280587
2,django__django-12262,1791015203.5214415,11.157238960266113,16518,15680,838,0,0,560,278,560,0.08191774874272216,0.0,0.05466364283300381,0.05466364283300381,1.4021347800067088
25,django__django-15380,1791015203.541389,29.79002094268799,15485,14112,1373,0,0,1107,266,1107,0.132414700384491,0.0,0.1066126278367508,0.1066126278367508,1.250759681568802
27,astropy__astropy-12907,1791015203.6854758,6.217126131057739,1688,1568,120,120,0,0,0,0,0.0099785930625328,0.0,0.0,0.0,0.12905185756343496
7,sympy__sympy-23262,1791015206.2005417,14.855825662612915,14659,14112,547,0,0,198,349,198,0.05252579979492865,0.0,0.0189781387155775,0.0189781387155775,1.250759681568802
23,pylint-dev__pylint-6528,1791015206.4094136,6.795302629470825,2799,1568,1231,0,0,364,867,364,0.10305359982397247,0.0,0.03031319955668319,0.03031319955668319,0.12905185756343496
18,django__django-10973,1791015207.0484955,4.5917603969573975,1426,0,1426,1426,0,0,0,0,0.11726262222853152,0.0,0.0,0.0,0.0
13,sympy__sympy-23262,1791015207.6497517,22.590663194656372,20215,18816,1399,0,0,1058,341,1058,0.14157961313704714,0.0,0.10688823116322292,0.10688823116322292,1.7123260571740133
27,astropy__astropy-12907,1791015210.3935697,3.1245946884155273,2000,1568,432,0,0,120,312,120,0.035990922821409026,0.0,0.0099785930625328,0.0099785930625328,0.12905185756343496
21,django__django-12262,1791015211.3886645,4.4451093673706055,9222,7840,1382,0,0,682,700,682,0.12454441644720352,0.0,0.06122032720552715,0.06122032720552715,0.6700628887888102
18,django__django-10973,1791015212.2806103,4.635658502578735,1655,0,1655,0,0,1426,229,1426,0.13628488934286465,0.0,0.11726262222853152,0.11726262222853152,0.0
16,pytest-dev__pytest-6202,1791015212.341861,8.26735806465149,13415,12544,871,0,0,387,484,387,0.082402521092885,0.0,0.03651834886925058,0.03651834886925058,1.1018649432280587
23,pylint-dev__pylint-6528,1791015213.4778438,5.451338768005371,4027,1568,2459,0,0,1231,1228,1231,0.20737922759293112,0.0,0.10305359982397247,0.10305359982397247,0.12905185756343496
27,astropy__astropy-12907,1791015213.66356,97.92703795433044,4667,1568,3099,0,0,432,2667,432,0.2623539349246834,0.0,0.035990922821409026,0.035990922821409026,0.12905185756343496
9,sympy__sympy-13757,1791015214.1856945,4.274080038070679,12134,10976,1158,0,0,871,287,871,0.10789051767413187,0.0,0.08102471902360601,0.08102471902360601,0.955450564984479
2,django__django-12262,1791015215.3143919,3.9289801120758057,16685,15680,1005,0,0,838,167,838,0.09832730555941738,0.0,0.08191774874272216,0.08191774874272216,1.4021347800067088
21,django__django-12262,1791015215.9724727,3.962778329849243,10327,7840,2487,0,0,1382,1105,1382,0.225512093519778,0.0,0.12454441644720352,0.12454441644720352,0.6700628887888102
18,django__django-10973,1791015217.1522055,9.116209506988525,2428,1568,860,0,0,87,773,87,0.07183426341033984,0.0,0.007233031779429708,0.007233031779429708,0.12905185756343496
9,sympy__sympy-13757,1791015218.599522,2.9746015071868896,12263,10976,1287,0,0,1158,129,1158,0.11999315492387871,0.0,0.10789051767413187,0.10789051767413187,0.955450564984479
23,pylint-dev__pylint-6528,1791015219.1899717,7.58324670791626,5034,3136,1898,0,0,891,1007,891,0.16253269413448537,0.0,0.07584700993233262,0.07584700993233262,0.26058407522403343
2,django__django-12262,1791015219.3742409,9.159411668777466,16971,15680,1291,0,0,1005,286,1005,0.12649525156364183,0.0,0.09832730555941738,0.09832730555941738,1.4021347800067088
21,django__django-12262,1791015220.1101427,3.7438368797302246,10450,9408,1042,0,0,919,123,919,0.09537356114210375,0.0,0.08405843547052534,0.08405843547052534,0.8115165468380628
16,pytest-dev__pytest-6202,1791015220.7412646,7.1584649085998535,13554,12544,1010,0,0,871,139,871,0.0956236815973848,0.0,0.082402521092885,0.082402521092885,1.1018649432280587
7,sympy__sympy-23262,1791015221.4744356,7.960333585739136,15069,14112,957,0,0,547,410,547,0.09209406275798715,0.0,0.05252579979492865,0.05252579979492865,1.250759681568802
15,pytest-dev__pytest-5631,1791015221.4823043,3.0467047691345215,11631,10976,655,0,0,372,283,372,0.06085996751009244,0.0,0.03451164154673202,0.03451164154673202,0.955450564984479
9,sympy__sympy-13757,1791015221.6985428,23.41754937171936,12407,10976,1431,0,0,1287,144,1287,0.13352290534867708,0.0,0.11999315492387871,0.11999315492387871,0.955450564984479
31,sympy__sympy-20916,1791015222.4079473,13.30736756324768,11250,9408,1842,0,0,1523,319,1523,0.16934033846064103,0.0,0.13976868824642308,0.13976868824642308,0.8115165468380628
4,django__django-13821,1791015222.9171083,7.96515417098999,13153,10976,2177,0,0,1546,631,1546,0.20394943394322418,0.0,0.1443429385294539,0.1443429385294539,0.955450564984479
15,pytest-dev__pytest-5631,1791015224.6644192,7.058549404144287,11904,10976,928,0,0,655,273,655,0.08635382218073694,0.0,0.06085996751009244,0.06085996751009244,0.955450564984479
21,django__django-12262,1791015224.8989003,3.892549514770508,10596,9408,1188,0,0,1042,146,1042,0.10882433392731951,0.0,0.09537356114210375,0.09537356114210375,0.8115165468380628
3,django__django-13112,1791015226.6868691,49.12807869911194,24964,23520,1444,0,0,1076,368,1076,0.15301904404180705,0.0,0.11382276663348073,0.11382276663348073,2.1962156736536964
23,pylint-dev__pylint-6528,1791015227.0232165,6.0248637199401855,5883,4704,1179,0,0,330,849,330,0.1023995077711272,0.0,0.02852011637672336,0.02852011637672336,0.39459665298179547
18,django__django-10973,1791015227.0626988,3.267239570617676,3600,1568,2032,0,0,860,1172,860,0.1709306085092394,0.0,0.07183426341033984,0.07183426341033984,0.12905185756343496
16,pytest-dev__pytest-6202,1791015228.3048847,5.491037130355835,13905,12544,1361,0,0,1010,351,1010,0.12909624503870448,0.0,0.0956236815973848,0.0956236815973848,1.1018649432280587
2,django__django-12262,1791015228.6654396,30.50795817375183,17253,15680,1573,0,0,1291,282,1291,0.15435003631963484,0.0,0.12649525156364183,0.12649525156364183,1.4021347800067088
7,sympy__sympy-23262,1791015229.8209035,4.995975494384766,15304,14112,1192,0,0,957,235,957,0.11484989051177669,0.0,0.09209406275798715,0.09209406275798715,1.250759681568802
18,django__django-10973,1791015230.4525185,304.8783733844757,4716,3136,1580,0,0,464,1116,464,0.13504774803056954,0.0,0.039398390848640934,0.039398390848640934,0.26058407522403343
4,django__django-13821,1791015231.039403,5.261258602142334,13346,12544,802,0,0,609,193,609,0.07584673841321797,0.0,0.057535055699644434,0.057535055699644434,1.1018649432280587
15,pytest-dev__pytest-5631,1791015231.8693895,12.166115045547485,12088,10976,1112,0,0,928,184,928,0.10357890916136957,0.0,0.08635382218073694,0.08635382218073694,0.955450564984479
28,sympy__sympy-13757,1791015233.0494115,22.237131595611572,16283,15680,603,0,0,234,369,234,0.05887410880938838,0.0,0.022803114408211523,0.022803114408211523,1.4021347800067088
23,pylint-dev__pylint-6528,1791015233.2902617,3.742555856704712,6157,4704,1453,0,0,1179,274,1179,0.1263980089681914,0.0,0.1023995077711272,0.1023995077711272,0.39459665298179547
21,django__django-12262,1791015233.3685887,7.785185813903809,10909,9408,1501,0,0,1188,313,1188,0.13773304825539764,0.0,0.10882433392731951,0.10882433392731951,0.8115165468380628
25,django__django-15380,1791015233.6714964,46.39789295196533,16138,14112,2026,0,0,1373,653,1373,0.19605858468107032,0.0,0.132414700384491,0.132414700384491,1.250759681568802
19,django__django-10973,1791015234.9615643,118.82308983802795,6432,4704,1728,0,0,458,1270,458,0.15056025080268642,0.0,0.03961203568735588,0.03961203568735588,0.39459665298179547
7,sympy__sympy-23262,1791015234.974399,4.471373796463013,15443,14112,1331,0,0,1192,139,1192,0.12833594334266407,0.0,0.11484989051177669,0.11484989051177669,1.250759681568802
31,sympy__sympy-20916,1791015235.8495104,5.231902360916138,11491,10976,515,0,0,274,241,274,0.04781536147040372,0.0,0.025406320314224823,0.025406320314224823,0.955450564984479
4,django__django-13821,1791015236.4553092,13.342448711395264,13565,12544,1021,0,0,802,219,802,0.09667079277985458,0.0,0.07584673841321797,0.07584673841321797,1.1018649432280587
13,django__django-11749,1791015236.8952115,7.802596569061279,1633,1568,65,65,0,0,0,0,0.005403267939352256,0.0,0.0,0.0,0.12905185756343496
23,pylint-dev__pylint-6528,1791015237.159319,38.602449893951416,7526,4704,2822,0,0,1453,1369,1453,0.24743750529412764,0.0,0.1263980089681914,0.1263980089681914,0.39459665298179547
16,pytest-dev__pytest-6202,1791015238.3934298,18.224111080169678,14092,12544,1548,0,0,1361,187,1361,0.1469799539049492,0.0,0.12909624503870448,0.12909624503870448,1.1018649432280587
7,sympy__sympy-23262,1791015240.703544,4.368008852005005,15740,14112,1628,0,0,1331,297,1331,0.15721678470151756,0.0,0.12833594334266407,0.12833594334266407,1.250759681568802
31,sympy__sympy-20916,1791015241.216772,8.680428504943848,11620,10976,644,0,0,515,129,515,0.059834318405885566,0.0,0.04781536147040372,0.04781536147040372,0.955450564984479
15,pytest-dev__pytest-5631,1791015244.186285,8.399067878723145,12658,10976,1682,0,0,1112,570,1112,0.1571560227503249,0.0,0.10357890916136957,0.10357890916136957,0.955450564984479
13,django__django-11749,1791015245.2003853,6.335732460021973,2761,1568,1193,0,0,65,1128,65,0.09984954900786176,0.0,0.005403267939352256,0.005403267939352256,0.12905185756343496
21,django__django-12262,1791015245.484228,3.1959025859832764,11253,9408,1845,0,0,1501,344,1501,0.16961892902427728,0.0,0.13773304825539764,0.13773304825539764,0.8115165468380628
7,sympy__sympy-23262,1791015246.0931947,13.204052686691284,16003,15680,323,0,0,60,263,60,0.03149059439250144,0.0,0.00584168626361076,0.00584168626361076,1.4021347800067088
9,sympy__sympy-13757,1791015246.2551851,24.64630365371704,12785,10976,1809,0,0,1431,378,1431,0.16913803042516992,0.0,0.13352290534867708,0.13352290534867708,0.955450564984479
30,sympy__sympy-18211,1791015246.838124,92.32027578353882,10629,9408,1221,0,0,334,887,334,0.11186755670227674,0.0,0.03045151469415114,0.03045151469415114,0.8115165468380628
4,django__django-13821,1791015249.957634,23.841670513153076,13884,12544,1340,0,0,1021,319,1021,0.127090117404719,0.0,0.09667079277985458,0.09667079277985458,1.1018649432280587
31,sympy__sympy-20916,1791015250.0347004,2.8432650566101074,11854,10976,878,0,0,644,234,644,0.08167899374138436,0.0,0.059834318405885566,0.059834318405885566,0.955450564984479
13,django__django-11749,1791015251.7675815,5.088778972625732,3288,1568,1720,0,0,1193,527,1193,0.1444146654445043,0.0,0.09984954900786176,0.09984954900786176,0.12905185756343496
15,pytest-dev__pytest-5631,1791015252.8907447,31.70403480529785,13178,12544,634,0,0,114,520,114,0.05990491676016544,0.0,0.010741644506745165,0.010741644506745165,1.1018649432280587
31,sympy__sympy-20916,1791015253.0346184,10.863682270050049,11967,10976,991,0,0,878,113,878,0.09224769698299547,0.0,0.08167899374138436,0.08167899374138436,0.955450564984479
21,django__django-12262,1791015253.101936,6.72218656539917,11357,10976,381,0,0,277,104,277,0.03534833027388878,0.0,0.02568491087786106,0.02568491087786106,0.955450564984479
28,sympy__sympy-13757,1791015255.6137545,6.750000715255737,16530,15680,850,0,0,603,247,603,0.08309594035195798,0.0,0.05887410880938838,0.05887410880938838,1.4021347800067088
16,pytest-dev__pytest-6202,1791015256.8314288,20.072768688201904,14507,12544,1963,0,0,1548,415,1548,0.18679441805821628,0.0,0.1469799539049492,0.1469799539049492,1.1018649432280587
13,django__django-11749,1791015257.3950958,3.3183035850524902,3582,3136,446,0,0,152,294,152,0.03786595550995569,0.0,0.012882447783905801,0.012882447783905801,0.26058407522403343
7,sympy__sympy-23262,1791015260.027915,3.4655773639678955,16418,15680,738,0,0,323,415,323,0.07210513484066233,0.0,0.03149059439250144,0.03149059439250144,1.4021347800067088
13,django__django-11749,1791015260.863276,14.901159524917603,5355,3136,2219,0,0,446,1773,446,0.19038039838638804,0.0,0.03786595550995569,0.03786595550995569,0.26058407522403343
21,django__django-12262,1791015261.6896188,21.67863655090332,11710,10976,734,0,0,381,353,381,0.06822957932374174,0.0,0.03534833027388878,0.03534833027388878,0.955450564984479
28,sympy__sympy-13757,1791015262.506037,25.250227689743042,16654,15680,974,0,0,850,124,850,0.09527909352599068,0.0,0.08309594035195798,0.08309594035195798,1.4021347800067088
7,sympy__sympy-23262,1791015263.6281984,3.3146982192993164,16711,15680,1031,0,0,738,293,738,0.10088461804167936,0.0,0.07210513484066233,0.07210513484066233,1.4021347800067088
31,sympy__sympy-20916,1791015264.9068272,7.955990791320801,12377,10976,1401,0,0,991,410,991,0.1307024822258164,0.0,0.09224769698299547,0.09224769698299547,0.955450564984479
7,sympy__sympy-23262,1791015267.0800955,14.835548877716064,17010,15680,1330,0,0,1031,299,1031,0.1303427286379695,0.0,0.10088461804167936,0.10088461804167936,1.4021347800067088
2,django__django-12262,1791015268.0398128,6.205416679382324,1590,1568,22,0,15680,5,0,15685,0.0018283211977950437,1.4269383809783442,0.0004945777845644749,1.4274329587629087,0.12905185756343496
9,sympy__sympy-13757,1791015271.165128,4.913848638534546,13038,12544,494,0,0,241,253,241,0.04664181598934106,0.0,0.02272365218159019,0.02272365218159019,1.1018649432280587
31,sympy__sympy-20916,1791015273.0306613,4.5983734130859375,12539,10976,1563,0,0,1401,162,1401,0.14594355361463715,0.0,0.1307024822258164,0.1307024822258164,0.955450564984479
2,django__django-12262,1791015274.7600858,6.052048683166504,2141,1568,573,0,0,22,551,22,0.04777871376681175,0.0,0.0018283211977950437,0.0018283211977950437,0.12905185756343496
4,django__django-13821,1791015275.3115427,8.670804738998413,14871,12544,2327,0,0,1340,987,1340,0.22185905177652016,0.0,0.127090117404719,0.127090117404719,1.1018649432280587
23,pylint-dev__pylint-6528,1791015276.006224,6.06216025352478,8749,6272,2477,0,0,1254,1223,1254,0.22067456254838946,0.0,0.11094456743920209,0.11094456743920209,0.531089590836721
13,django__django-11749,1791015276.1288774,7.637610912322998,5715,4704,1011,0,0,651,360,651,0.08772255451766,0.0,0.056367820628625984,0.056367820628625984,0.39459665298179547
9,sympy__sympy-13757,1791015276.2064812,3.9154646396636963,13167,12544,623,0,0,494,129,494,0.05886210021279792,0.0,0.04664181598934106,0.04664181598934106,1.1018649432280587
3,django__django-13112,1791015276.2487974,10.648802518844604,25364,23520,1844,0,0,1444,400,1444,0.19577865133894776,0.0,0.15301904404180705,0.15301904404180705,2.1962156736536964
16,pytest-dev__pytest-6202,1791015277.250893,23.342456579208374,15012,14112,900,0,0,395,505,395,0.08658295968410248,0.0,0.037899679717472996,0.037899679717472996,1.250759681568802
31,sympy__sympy-20916,1791015278.5329542,4.781983852386475,12799,10976,1823,0,0,1563,260,1563,0.17045987739074372,0.0,0.14594355361463715,0.14594355361463715,0.955450564984479
9,sympy__sympy-13757,1791015280.2898254,8.215279340744019,13437,12544,893,0,0,623,270,623,0.08449378049252146,0.0,0.05886210021279792,0.05886210021279792,1.1018649432280587
25,django__django-15380,1791015280.4126313,25.43908977508545,16687,15680,1007,0,0,458,549,458,0.0985239976920286,0.0,0.044683486243163484,0.044683486243163484,1.4021347800067088
2,django__django-12262,1791015281.0599744,97.91441011428833,4673,1568,3105,0,0,573,2532,573,0.26287127793930554,0.0,0.04777871376681175,0.04777871376681175,0.12905185756343496
7,sympy__sympy-23262,1791015282.285339,3.042825937271118,17324,15680,1644,0,0,1330,314,1330,0.1613757627128126,0.0,0.1303427286379695,0.1303427286379695,1.4021347800067088
23,pylint-dev__pylint-6528,1791015282.357292,10.276684999465942,9295,7840,1455,0,0,909,546,909,0.1311766782628004,0.0,0.08170126459630037,0.08170126459630037,0.6700628887888102
21,django__django-12262,1791015283.7422762,3.131554126739502,12305,10976,1329,0,0,734,595,734,0.12393717119421022,0.0,0.06822957932374174,0.06822957932374174,0.955450564984479
4,django__django-13821,1791015284.1073267,64.41799235343933,15203,14112,1091,0,0,759,332,759,0.10506289941772458,0.0,0.07296431343577686,0.07296431343577686,1.250759681568802
13,django__django-11749,1791015284.1170537,11.98476243019104,5967,4704,1263,0,0,1011,252,1011,0.10974866196843214,0.0,0.08772255451766,0.08772255451766,0.39459665298179547
31,sympy__sympy-20916,1791015285.4592266,6.394137620925903,13070,12544,526,0,0,255,271,255,0.049671638602987234,0.0,0.02404549914716398,0.02404549914716398,1.1018649432280587
21,django__django-12262,1791015286.9996252,3.8151285648345947,12584,10976,1608,0,0,1329,279,1329,0.15018188323180165,0.0,0.12393717119421022,0.12393717119421022,0.955450564984479
3,django__django-13112,1791015287.1391387,5.410004138946533,25779,25088,691,0,0,276,415,276,0.07405509247134928,0.0,0.029521392318059652,0.029521392318059652,2.362472932674584
9,sympy__sympy-13757,1791015288.697698,6.47673487663269,13753,12544,1209,0,0,893,316,893,0.11458574618271893,0.0,0.08449378049252146,0.08449378049252146,1.1018649432280587
28,sympy__sympy-13757,1791015289.4036283,64.32032608985901,17498,15680,1818,0,0,974,844,974,0.17861524351147506,0.0,0.09527909352599068,0.09527909352599068,1.4021347800067088
21,django__django-12262,1791015290.954852,23.934653520584106,12871,12544,327,0,0,40,287,40,0.03084669262681261,0.0,0.0037675049882219085,0.0037675049882219085,1.1018649432280587
7,django__django-13112,1791015292.7478848,11.85540223121643,1856,1568,288,288,0,0,0,0,0.023973029225670343,0.0,0.0,0.0,0.12905185756343496
3,django__django-13112,1791015292.8459327,104.62172555923462,26533,25088,1445,0,0,691,754,691,0.1554115328297381,0.0,0.07405509247134928,0.07405509247134928,2.362472932674584
23,pylint-dev__pylint-6528,1791015292.8961828,8.44114637374878,9532,7840,1692,0,0,1455,237,1455,0.15274587570330025,0.0,0.1311766782628004,0.1311766782628004,0.6700628887888102
31,sympy__sympy-20916,1791015293.7631605,12.616575956344604,13399,12544,855,0,0,526,329,526,0.08088191185346677,0.0,0.049671638602987234,0.049671638602987234,1.1018649432280587
15,django__django-13821,1791015294.628506,9.538561344146729,1507,0,1507,1507,0,0,0,0,0.1239849753953794,0.0,0.0,0.0,0.0
9,sympy__sympy-13757,1791015295.4263272,9.169334650039673,14126,12544,1582,0,0,1209,373,1209,0.1502353275498993,0.0,0.11458574618271893,0.11458574618271893,1.1018649432280587
13,django__django-11749,1791015296.5939794,5.529435157775879,6789,4704,2085,0,0,1263,822,1263,0.18204104318221068,0.0,0.10974866196843214,0.10974866196843214,0.39459665298179547
22,django__django-13112,1791015299.2297974,5.99115514755249,3850,1568,2282,0,0,893,1389,893,0.19224822882300271,0.0,0.07460555921231143,0.07460555921231143,0.12905185756343496
23,pylint-dev__pylint-6528,1791015302.308144,5.744751453399658,10182,9408,774,0,0,124,650,124,0.07073906795879939,0.0,0.011292217654047604,0.011292217654047604,0.8115165468380628
13,django__django-11749,1791015302.4359272,4.7942955493927,7170,6272,898,0,0,517,381,517,0.07928708541020534,0.0,0.04554810532728511,0.04554810532728511,0.531089590836721
15,django__django-13821,1791015304.6064568,7.224493503570557,1843,0,1843,0,0,1507,336,1507,0.15194096758370462,0.0,0.1239849753953794,0.1239849753953794,0.0
9,sympy__sympy-13757,1791015304.8840427,3.652897357940674,14504,14112,392,0,0,14,378,14,0.03761124085036763,0.0,0.0013405892091560099,0.0013405892091560099,1.250759681568802
7,django__django-13112,1791015304.921583,9.538902759552002,2295,1568,727,0,0,288,439,288,0.06067623813490341,0.0,0.023973029225670343,0.023973029225670343,0.12905185756343496
22,django__django-13112,1791015305.4909396,185.60991764068604,5846,3136,2710,0,0,714,1996,714,0.23317721637487263,0.0,0.060716011162404236,0.060716011162404236,0.26058407522403343
25,django__django-15380,1791015305.9877417,5.812208414077759,17044,15680,1364,0,0,1007,357,1007,0.13369819139209602,0.0,0.0985239976920286,0.0985239976920286,1.4021347800067088
31,sympy__sympy-20916,1791015306.8369608,15.483298063278198,13847,12544,1303,0,0,855,448,855,0.12355659405954345,0.0,0.08088191185346677,0.08088191185346677,1.1018649432280587
13,django__django-11749,1791015307.4772902,4.209336757659912,7357,6272,1085,0,0,898,187,898,0.09590021482933976,0.0,0.07928708541020534,0.07928708541020534,0.531089590836721
23,pylint-dev__pylint-6528,1791015308.1933281,8.914385795593262,10543,9408,1135,0,0,774,361,774,0.1039390328610793,0.0,0.07073906795879939,0.07073906795879939,0.8115165468380628
9,sympy__sympy-13757,1791015308.6830742,21.676605701446533,14802,14112,690,0,0,392,298,392,0.06630717857830573,0.0,0.03761124085036763,0.03761124085036763,1.250759681568802
27,astropy__astropy-12907,1791015311.7056725,9.355976819992065,6308,3136,3172,0,0,1531,1641,1531,0.2736684092933643,0.0,0.13082171726408495,0.13082171726408495,0.26058407522403343
25,django__django-15380,1791015311.944811,658.0647120475769,17742,15680,2062,0,0,1364,698,1364,0.20284159446318462,0.0,0.13369819139209602,0.13369819139209602,1.4021347800067088
13,django__django-11749,1791015311.9722462,7.05025577545166,7956,6272,1684,0,0,1085,599,1085,0.14935302130520034,0.0,0.09590021482933976,0.09590021482933976,0.531089590836721
26,pytest-dev__pytest-5631,1791015312.2197254,3.240398645401001,5402,4704,698,0,0,377,321,377,0.06045393480261784,0.0,0.03259101017021542,0.03259101017021542,0.39459665298179547
15,django__django-13821,1791015312.3636231,3.1763038635253906,2235,1568,667,0,0,275,392,275,0.055648383709907184,0.0,0.02288911002026971,0.02288911002026971,0.12905185756343496
16,django__django-14787,1791015315.028733,6.689015865325928,1538,0,1538,1538,0,0,0,0,0.12655947918950483,0.0,0.0,0.0,0.0
7,django__django-13112,1791015315.1825173,3.1758081912994385,2774,1568,1206,0,0,727,479,727,0.10094550771885558,0.0,0.06067623813490341,0.06067623813490341,0.12905185756343496
26,pytest-dev__pytest-5631,1791015315.6155295,3.5377347469329834,5722,4704,1018,0,0,698,320,698,0.08833352575478795,0.0,0.06045393480261784,0.06045393480261784,0.39459665298179547
15,django__django-13821,1791015315.6922705,6.54825496673584,5326,1568,3758,0,0,667,3091,667,0.3193925084055482,0.0,0.055648383709907184,0.055648383709907184,0.12905185756343496
23,pylint-dev__pylint-6528,1791015317.789236,17.230987787246704,10796,9408,1388,0,0,1135,253,1135,0.1272849559616404,0.0,0.1039390328610793,0.1039390328610793,0.8115165468380628
7,django__django-13112,1791015318.4835432,11.205025672912598,4827,1568,3259,0,0,1206,2053,1206,0.2761621775660649,0.0,0.10094550771885558,0.10094550771885558,0.12905185756343496
13,django__django-11749,1791015319.2643666,5.839900970458984,9884,7840,2044,0,0,116,1928,116,0.18488571988062333,0.0,0.01037972335311123,0.01037972335311123,0.6700628887888102
26,pytest-dev__pytest-5631,1791015319.2821865,60.50114297866821,6267,4704,1563,0,0,1018,545,1018,0.13605375047212026,0.0,0.08833352575478795,0.08833352575478795,0.39459665298179547
16,django__django-14787,1791015322.2084794,4.573336839675903,2712,1568,1144,0,0,0,1144,0,0.09572016014168713,0.0,0.0,0.0,0.12905185756343496
15,django__django-13821,1791015322.4202185,7.536353588104248,6537,4704,1833,0,0,622,1211,622,0.15980596042168527,0.0,0.053847712987187706,0.053847712987187706,0.39459665298179547
27,astropy__astropy-12907,1791015322.5101306,147.55255889892578,6648,6272,376,0,0,36,340,36,0.03309915243269541,0.0,0.00316289368067673,0.00316289368067673,0.531089590836721
31,sympy__sympy-20916,1791015322.749763,7.242742300033569,14129,12544,1585,0,0,1303,282,1303,0.1505226223915863,0.0,0.12355659405954345,0.12355659405954345,1.1018649432280587
21,django__django-15380,1791015323.3320062,9.929139137268066,1823,1568,255,255,0,0,0,0,0.021221874929410838,0.0,0.0,0.0,0.12905185756343496
13,django__django-11749,1791015325.3584592,6.4407172203063965,10782,9408,1374,0,0,476,898,476,0.12599139890857244,0.0,0.043432061831370695,0.043432061831370695,0.8115165468380628
16,django__django-14787,1791015326.9058383,133.71600914001465,4323,1568,2755,0,0,1144,1611,1144,0.23275366763324978,0.0,0.09572016014168713,0.09572016014168713,0.12905185756343496
7,django__django-13112,1791015329.9409592,16.733331441879272,6998,4704,2294,0,0,123,2171,123,0.2005306447596276,0.0,0.01061738214770444,0.01061738214770444,0.39459665298179547
15,django__django-13821,1791015330.2586973,7.271352767944336,7975,6272,1703,0,0,265,1438,265,0.15105444224441172,0.0,0.02331302256675971,0.02331302256675971,0.531089590836721
31,sympy__sympy-20916,1791015330.4562922,10.830305576324463,14387,14112,275,0,0,17,258,17,0.026369207095371622,0.0,0.0016278840508430282,0.0016278840508430282,1.250759681568802
9,sympy__sympy-13757,1791015330.842633,9.600207567214966,14977,14112,865,0,0,690,175,690,0.08320057325831826,0.0,0.06630717857830573,0.06630717857830573,1.250759681568802
13,django__django-11749,1791015332.0311723,6.758289337158203,11533,9408,2125,0,0,1374,751,1374,0.19566068523444877,0.0,0.12599139890857244,0.12599139890857244,0.8115165468380628
21,django__django-15380,1791015333.6052454,8.093991041183472,2934,1568,1366,0,0,255,1111,255,0.11444819267177847,0.0,0.021221874929410838,0.021221874929410838,0.12905185756343496
14,pytest-dev__pytest-10051,1791015335.2862136,226.76802730560303,8516,7840,676,0,0,161,515,161,0.06067968602246453,0.0,0.014409994696770491,0.014409994696770491,0.6700628887888102
23,pylint-dev__pylint-6528,1791015336.3143687,110.09530806541443,11260,9408,1852,0,0,1388,464,1388,0.1702690089821883,0.0,0.1272849559616404,0.1272849559616404,0.8115165468380628
15,django__django-13821,1791015337.769173,32.15022397041321,8512,7840,672,0,0,135,537,135,0.06031927874390458,0.0,0.012081144292322621,0.012081144292322621,0.6700628887888102
13,django__django-11749,1791015339.1147187,19.11083984375,11863,10976,887,0,0,557,330,557,0.08252027672934818,0.0,0.05172666708803257,0.05172666708803257,0.955450564984479
30,sympy__sympy-18211,1791015339.8223042,151.1790370941162,11003,9408,1595,0,0,1221,374,1221,0.14643419667962781,0.0,0.11186755670227674,0.11186755670227674,0.8115165468380628
21,django__django-15380,1791015341.9480848,29.00886869430542,3726,1568,2158,0,0,1366,792,1366,0.18166680808338298,0.0,0.11444819267177847,0.11444819267177847,0.12905185756343496
9,sympy__sympy-13757,1791015342.5821352,5.601736783981323,15152,14112,1040,0,0,865,175,865,0.10012486368651173,0.0,0.08320057325831826,0.08320057325831826,1.250759681568802
31,sympy__sympy-20916,1791015343.1450408,3.5411365032196045,14779,14112,667,0,0,275,392,275,0.06408920097933618,0.0,0.026369207095371622,0.026369207095371622,1.250759681568802
12,sympy__sympy-20916,1791015343.3551693,55.98545813560486,10254,9408,846,0,0,11,835,11,0.07735017162766444,0.0,0.0010011019909092755,0.0010011019909092755,0.8115165468380628
31,sympy__sympy-20916,1791015346.814899,6.709242105484009,15044,14112,932,0,0,667,265,667,0.08967650875068232,0.0,0.06408920097933618,0.06408920097933618,1.250759681568802
7,django__django-13112,1791015346.9328623,3.491685152053833,7675,6272,1403,0,0,726,677,726,0.12423242373687322,0.0,0.06403770690470204,0.06403770690470204,0.531089590836721
4,django__django-13821,1791015349.2876172,48.31046986579895,15817,14112,1705,0,0,1091,614,1091,0.16471893653705716,0.0,0.10506289941772458,0.10506289941772458,1.250759681568802
9,sympy__sympy-13757,1791015350.2014892,2.7963509559631348,15355,14112,1243,0,0,1040,203,1040,0.11979574677653723,0.0,0.10012486368651173,0.10012486368651173,1.250759681568802
7,django__django-13112,1791015350.5559442,3.5568060874938965,8382,6272,2110,0,0,1403,707,1403,0.1875881271457884,0.0,0.12423242373687322,0.12423242373687322,0.531089590836721
1,django__django-11749,1791015351.6141858,265.4005854129791,10460,9408,1052,0,0,406,646,406,0.0962941609375956,0.0,0.03703065828783669,0.03703065828783669,0.8115165468380628
9,sympy__sympy-13757,1791015353.1564083,10.58666729927063,15676,14112,1564,0,0,1243,321,1243,0.15098578181861633,0.0,0.11979574677653723,0.11979574677653723,1.250759681568802
31,sympy__sympy-20916,1791015353.6856444,8.976172685623169,15479,14112,1367,0,0,932,435,932,0.1318319118522854,0.0,0.08967650875068232,0.08967650875068232,1.250759681568802
28,sympy__sympy-13757,1791015353.8650343,27.89630913734436,18025,17248,777,0,0,250,527,250,0.07715996125881902,0.0,0.02475978497640469,0.02475978497640469,1.5559902385417792
19,django__django-10973,1791015353.941939,52.94525337219238,7248,6272,976,0,0,160,816,160,0.08621233744147644,0.0,0.014067312947760868,0.014067312947760868,0.531089590836721
7,django__django-13112,1791015354.291653,2.5736942291259766,8728,7840,888,0,0,542,346,542,0.07980437020411213,0.0,0.0486148291936993,0.0486148291936993,0.6700628887888102
7,django__django-13112,1791015356.9933527,21.18393325805664,9073,7840,1233,0,0,888,345,888,0.11102401932853799,0.0,0.07980437020411213,0.07980437020411213,0.6700628887888102
8,pytest-dev__pytest-10051,1791015357.5263424,3.6860623359680176,6194,4704,1490,0,0,368,1122,368,0.12964448685279797,0.0,0.03181130480437304,0.03181130480437304,0.39459665298179547
20,django__django-11749,1791015359.1697402,4.4219183921813965,13673,12544,1129,0,0,810,319,810,0.10695800356389822,0.0,0.07660658300154191,0.07660658300154191,1.1018649432280587
13,django__django-11749,1791015359.234446,21.48510718345642,12616,10976,1640,0,0,887,753,887,0.15319704940693116,0.0,0.08252027672934818,0.08252027672934818,0.955450564984479
8,pytest-dev__pytest-10051,1791015361.34134,44.88814449310303,6976,4704,2272,0,0,1490,782,1490,0.19858229572393618,0.0,0.12964448685279797,0.12964448685279797,0.39459665298179547
20,django__django-11749,1791015363.726446,589.4308869838715,14003,12544,1459,0,0,1129,330,1129,0.13846405654775698,0.0,0.10695800356389822,0.10695800356389822,1.1018649432280587
9,sympy__sympy-13757,1791015363.8987412,26.864930868148804,15828,14112,1716,0,0,1564,152,1564,0.16579116079248915,0.0,0.15098578181861633,0.15098578181861633,1.250759681568802
10,sympy__sympy-15875,1791015365.4370637,228.9842083454132,4736,3136,1600,0,0,1040,560,1040,0.13677335464762433,0.0,0.08860890609253813,0.08860890609253813,0.26058407522403343
31,sympy__sympy-20916,1791015365.5009115,6.038869142532349,15893,14112,1781,0,0,1367,414,1367,0.1721295232294388,0.0,0.1318319118522854,0.1318319118522854,1.250759681568802
15,django__django-13821,1791015370.224386,5.183504104614258,9087,7840,1247,0,0,672,575,672,0.11229343885765569,0.0,0.06031927874390458,0.06031927874390458,0.6700628887888102
21,django__django-15380,1791015371.2423115,5.602620363235474,4552,3136,1416,0,0,590,826,590,0.1209129951600609,0.0,0.050134590422784515,0.050134590422784515,0.26058407522403343
31,sympy__sympy-20916,1791015371.9693525,4.869202136993408,16225,15680,545,0,0,213,332,213,0.05319531447766869,0.0,0.02075442479153198,0.02075442479153198,1.4021347800067088
15,django__django-13821,1791015375.6811078,30.002543926239014,9709,7840,1869,0,0,1247,622,1247,0.16889147974624263,0.0,0.11229343885765569,0.11229343885765569,0.6700628887888102
31,sympy__sympy-20916,1791015376.981253,25.189651250839233,16480,15680,800,0,0,545,255,545,0.07818776704552775,0.0,0.05319531447766869,0.05319531447766869,1.4021347800067088
21,django__django-15380,1791015376.9844098,11.128953218460083,5106,3136,1970,0,0,1416,554,1416,0.1687698649237502,0.0,0.1209129951600609,0.1209129951600609,0.26058407522403343
7,django__django-13112,1791015378.2940493,29.636820554733276,9802,7840,1962,0,0,1233,729,1233,0.1773874292221359,0.0,0.11102401932853799,0.11102401932853799,0.6700628887888102
2,django__django-12262,1791015379.123266,3.386704921722412,4793,3136,1657,0,0,1537,120,1537,0.14169354740727155,0.0,0.13133906027870706,0.13133906027870706,0.26058407522403343
26,pytest-dev__pytest-5631,1791015380.0431669,19.177587032318115,6471,4704,1767,0,0,1563,204,1563,0.1539930731402604,0.0,0.13605375047212026,0.13605375047212026,0.39459665298179547
13,django__django-11749,1791015381.192901,354.25779914855957,13235,12544,691,0,0,72,619,72,0.06531055763900229,0.0,0.006782671163351417,0.006782671163351417,1.1018649432280587
28,sympy__sympy-13757,1791015382.106302,22.10981774330139,18330,17248,1082,0,0,777,305,777,0.10761444070866227,0.0,0.07715996125881902,0.07715996125881902,1.5559902385417792
2,django__django-12262,1791015382.6494534,88.44342422485352,5572,4704,868,0,0,89,779,89,0.07525210477630737,0.0,0.0076809696495095245,0.0076809696495095245,0.39459665298179547
21,django__django-15380,1791015388.2487411,39.670870780944824,5357,4704,653,0,0,402,251,402,0.0565416524296852,0.0,0.034757287165988186,0.034757287165988186,0.39459665298179547
9,sympy__sympy-13757,1791015392.9175787,2.0473623275756836,16113,15680,433,0,0,148,285,148,0.042238970966629735,0.0,0.014416062354582329,0.014416062354582329,1.4021347800067088
9,sympy__sympy-13757,1791015395.1268682,13.690540790557861,16637,15680,957,0,0,433,524,433,0.09360790498565648,0.0,0.042238970966629735,0.042238970966629735,1.4021347800067088
17,pylint-dev__pylint-6528,1791015395.4311068,8.82859468460083,11634,10976,658,0,0,155,503,155,0.06113971117871385,0.0,0.014362884465042025,0.014362884465042025,0.955450564984479
3,django__django-13112,1791015397.772957,5.685482740402222,27171,25088,2083,0,0,1445,638,1445,0.22469957146880756,0.0,0.1554115328297381,0.1554115328297381,2.362472932674584
4,django__django-13821,1791015398.0958579,175.37577271461487,16609,15680,929,0,0,137,792,137,0.09085599472419467,0.0,0.013343838099150324,0.013343838099150324,1.4021347800067088
26,pytest-dev__pytest-5631,1791015399.377607,4.152039289474487,6985,6272,713,0,0,199,514,199,0.06288635073006374,0.0,0.01750013528533484,0.01750013528533484,0.531089590836721
12,sympy__sympy-20916,1791015399.4653583,2.671212673187256,10525,9408,1117,0,0,846,271,846,0.10228051865763761,0.0,0.07735017162766444,0.07735017162766444,0.8115165468380628
12,sympy__sympy-20916,1791015402.287134,7.049265623092651,10646,9408,1238,0,0,1117,121,1117,0.11343570628306125,0.0,0.10228051865763761,0.10228051865763761,0.8115165468380628
31,sympy__sympy-20916,1791015403.1387923,4.685138702392578,16863,15680,1183,0,0,800,383,800,0.11584870784343225,0.0,0.07818776704552775,0.07818776704552775,1.4021347800067088
3,django__django-13112,1791015403.7274072,172.74487257003784,27953,26656,1297,0,0,515,782,515,0.1414487991223263,0.0,0.05596195235075592,0.05596195235075592,2.5312105517926358
26,pytest-dev__pytest-5631,1791015403.8692198,32.33493685722351,7291,6272,1019,0,0,713,306,713,0.09003272908614991,0.0,0.06288635073006374,0.06288635073006374,0.531089590836721
28,sympy__sympy-13757,1791015404.3467786,3.6745388507843018,18457,17248,1209,0,0,1082,127,1082,0.12032316076971648,0.0,0.10761444070866227,0.10761444070866227,1.5559902385417792
17,pylint-dev__pylint-6528,1791015404.72526,12.51332139968872,11906,10976,930,0,0,658,272,658,0.0865408677780304,0.0,0.06113971117871385,0.06113971117871385,0.955450564984479
15,django__django-13821,1791015405.938105,4.438984632492065,10294,9408,886,0,0,301,585,301,0.08102526680255168,0.0,0.027437821696989974,0.027437821696989974,0.8115165468380628
8,pytest-dev__pytest-10051,1791015406.366253,139.90714049339294,7671,6272,1399,0,0,704,695,704,0.1238754101986196,0.0,0.06208935786901061,0.06208935786901061,0.531089590836721
19,django__django-10973,1791015407.1743853,16.926567792892456,8338,6272,2066,0,0,976,1090,976,0.183630482986598,0.0,0.08621233744147644,0.08621233744147644,0.531089590836721
31,sympy__sympy-20916,1791015407.9594996,6.908564567565918,17123,15680,1443,0,0,1183,260,1183,0.14149921075210856,0.0,0.11584870784343225,0.11584870784343225,1.4021347800067088
7,django__django-13112,1791015408.0693545,5.479384422302246,10968,9408,1560,0,0,394,1166,394,0.14319336574465208,0.0,0.03593377117288327,0.03593377117288327,0.8115165468380628
28,sympy__sympy-13757,1791015408.1829507,3.8286445140838623,18577,17248,1329,0,0,1209,120,1209,0.13234635121750193,0.0,0.12032316076971648,0.12032316076971648,1.5559902385417792
9,sympy__sympy-13757,1791015408.963011,2.849039077758789,16785,15680,1105,0,0,957,148,957,0.1081668555096872,0.0,0.09360790498565648,0.09360790498565648,1.4021347800067088
12,sympy__sympy-20916,1791015409.466418,10.398046016693115,10835,9408,1427,0,0,1238,189,1238,0.13088947896068065,0.0,0.11343570628306125,0.11343570628306125,0.8115165468380628
15,django__django-13821,1791015410.5168302,6.506224155426025,12988,9408,3580,0,0,886,2694,886,0.33225818266906654,0.0,0.08102526680255168,0.08102526680255168,0.8115165468380628
9,sympy__sympy-13757,1791015411.9488106,34.798449993133545,17317,15680,1637,0,0,1105,532,1105,0.16068285948245142,0.0,0.1081668555096872,0.1081668555096872,1.4021347800067088
28,sympy__sympy-13757,1791015412.1486702,4.196398973464966,19015,17248,1767,0,0,1329,438,1329,0.17635427871009704,0.0,0.13234635121750193,0.13234635121750193,1.5559902385417792
7,django__django-13112,1791015413.6849465,24.551948070526123,12196,9408,2788,0,0,1560,1228,1560,0.2576392118496471,0.0,0.14319336574465208,0.14319336574465208,0.8115165468380628
31,sympy__sympy-20916,1791015415.1482244,28.7319016456604,17329,15680,1649,0,0,1443,206,1443,0.16187072385686468,0.0,0.14149921075210856,0.14149921075210856,1.4021347800067088
28,sympy__sympy-13757,1791015416.4909232,5.172421932220459,19933,18816,1117,0,0,199,918,199,0.11288215983824353,0.0,0.020018460077863134,0.020018460077863134,1.7123260571740133
15,django__django-13821,1791015417.1518617,2.7712299823760986,13177,12544,633,0,0,444,189,444,0.05981011021165552,0.0,0.04190978627907062,0.04190978627907062,1.1018649432280587
17,pylint-dev__pylint-6528,1791015417.710913,17.94150733947754,12283,10976,1307,0,0,930,377,930,0.12187103596478434,0.0,0.0865408677780304,0.0865408677780304,0.955450564984479
15,django__django-13821,1791015420.0632157,32.788187980651855,13994,12544,1450,0,0,633,817,633,0.13760334328681473,0.0,0.05981011021165552,0.05981011021165552,1.1018649432280587
12,sympy__sympy-20916,1791015420.3980818,5.906017780303955,11169,9408,1761,0,0,1427,334,1427,0.16182182531871772,0.0,0.13088947896068065,0.13088947896068065,0.8115165468380628
28,sympy__sympy-13757,1791015421.8219256,4.617758750915527,20668,18816,1852,0,0,1117,735,1117,0.18784666293606667,0.0,0.11288215983824353,0.11288215983824353,1.7123260571740133
19,django__django-10973,1791015424.5721157,9.295185804367065,8672,7840,832,0,0,498,334,498,0.07474816021894877,0.0,0.04465718503450887,0.04465718503450887,0.6700628887888102
12,sympy__sympy-20916,1791015426.4857779,4.071174144744873,11320,10976,344,0,0,193,151,193,0.03190913253064532,0.0,0.017887807172301533,0.017887807172301533,0.955450564984479
28,sympy__sympy-13757,1791015426.6025598,3.4523701667785645,21412,20384,1028,0,0,284,744,284,0.1054679720738593,0.0,0.02903048420666922,0.02903048420666922,1.8711422359034104
21,django__django-15380,1791015428.181604,5.3877317905426025,6043,4704,1339,0,0,653,686,653,0.11640403047017682,0.0,0.0565416524296852,0.0565416524296852,0.39459665298179547
28,sympy__sympy-13757,1791015430.1948664,23.192481994628906,21983,20384,1599,0,0,1028,571,1028,0.1645104408482242,0.0,0.1054679720738593,0.1054679720738593,1.8711422359034104
12,sympy__sympy-20916,1791015431.428214,8.164710998535156,11584,10976,608,0,0,344,264,344,0.05647850208957981,0.0,0.03190913253064532,0.03190913253064532,0.955450564984479
21,django__django-15380,1791015433.819422,7.234645843505859,6939,4704,2235,0,0,1339,896,1339,0.19530662804086862,0.0,0.11640403047017682,0.11640403047017682,0.39459665298179547
19,django__django-10973,1791015434.956318,14.385366916656494,9426,7840,1586,0,0,832,754,832,0.1430918885004355,0.0,0.07474816021894877,0.07474816021894877,0.6700628887888102
17,pylint-dev__pylint-6528,1791015436.1159375,155.63308215141296,12586,10976,1610,0,0,1307,303,1307,0.15037030085252454,0.0,0.12187103596478434,0.12187103596478434,0.955450564984479
26,pytest-dev__pytest-5631,1791015436.4029534,3.9928128719329834,8121,6272,1849,0,0,1019,830,1019,0.16414067042211122,0.0,0.09003272908614991,0.09003272908614991,0.531089590836721
7,django__django-13112,1791015438.5353584,3.814075469970703,13427,10976,2451,0,0,1220,1231,1220,0.2299575257512756,0.0,0.11370519370323091,0.11370519370323091,0.955450564984479
26,pytest-dev__pytest-5631,1791015441.1087143,4.915207624435425,8391,7840,551,0,0,281,270,281,0.049424587925690586,0.0,0.02516737247002212,0.02516737247002212,0.6700628887888102
21,django__django-15380,1791015441.3115087,6.9733195304870605,7789,6272,1517,0,0,667,850,667,0.1344140950400329,0.0,0.05881369018594306,0.05881369018594306,0.531089590836721
7,django__django-13112,1791015442.4886417,44.116694927215576,14253,12544,1709,0,0,883,826,883,0.16240541946010312,0.0,0.08354314750769583,0.08354314750769583,1.1018649432280587
12,sympy__sympy-20916,1791015442.9218552,9.019105195999146,12050,10976,1074,0,0,608,466,608,0.10001875571719658,0.0,0.05647850208957981,0.05647850208957981,0.955450564984479
23,pylint-dev__pylint-6528,1791015446.6450877,8.077658414840698,12027,10976,1051,0,0,284,767,284,0.0978646337027776,0.0,0.026334990835772103,0.026334990835772103,0.955450564984479
26,pytest-dev__pytest-5631,1791015446.846898,5.607532978057861,8627,7840,787,0,0,551,236,551,0.07068742692863404,0.0,0.049424587925690586,0.049424587925690586,0.6700628887888102
9,sympy__sympy-13757,1791015446.9331505,5.443434476852417,26677,17248,9429,0,0,69,9360,69,0.9774970240819395,0.0,0.006827400947381051,0.006827400947381051,1.5559902385417792
31,django__django-16255,1791015447.598227,7.055893421173096,1768,1568,200,200,0,0,0,0,0.016639059163610095,0.0,0.0,0.0,0.12905185756343496
21,django__django-15380,1791015448.5195775,6.090719699859619,9441,6272,3169,0,0,1517,1652,1517,0.28343062818326437,0.0,0.1344140950400329,0.1344140950400329,0.531089590836721
19,django__django-10973,1791015449.4752438,2.2630727291107178,9625,9408,217,0,0,18,199,18,0.019771560602241098,0.0,0.0016382304511828648,0.0016382304511828648,0.8115165468380628
19,django__django-10973,1791015451.8772511,8.254683256149292,10294,9408,886,0,0,217,669,217,0.08102526680255168,0.0,0.019771560602241098,0.019771560602241098,0.8115165468380628
9,sympy__sympy-13757,1791015452.5371282,70.48350214958191,26812,26656,156,0,0,21,135,21,0.0169233321240719,0.0,0.002276710831082886,0.002276710831082886,2.5312105517926358
15,django__django-13821,1791015453.3128211,3.8667454719543457,14535,12544,1991,0,0,1450,541,1450,0.1894869519880883,0.0,0.13760334328681473,0.13760334328681473,1.1018649432280587
28,sympy__sympy-13757,1791015453.667719,13.37567925453186,22565,21952,613,0,0,31,582,31,0.06373228066266365,0.0,0.0032139020216631854,0.0032139020216631854,2.0324387747299717
21,django__django-15380,1791015454.871329,3.4525861740112305,10441,9408,1033,0,0,33,1000,33,0.09454510758204582,0.0,0.0030036721819225913,0.0030036721819225913,0.8115165468380628
23,pylint-dev__pylint-6528,1791015454.9653516,6.634831428527832,12437,10976,1461,0,0,1051,410,1051,0.136344236428219,0.0,0.0978646337027776,0.0978646337027776,0.955450564984479
12,sympy__sympy-20916,1791015454.986971,11.49384880065918,12457,10976,1481,0,0,1074,407,1074,0.13822562823495874,0.0,0.10001875571719658,0.10001875571719658,0.955450564984479
31,django__django-16255,1791015455.2050395,6.178305625915527,2076,1568,508,0,0,200,308,200,0.042342133905665706,0.0,0.016639059163610095,0.016639059163610095,0.12905185756343496
15,django__django-13821,1791015457.3365848,138.96367812156677,15145,14112,1033,0,0,423,610,423,0.09944729887101891,0.0,0.04059221364734501,0.04059221364734501,1.250759681568802
21,django__django-15380,1791015458.481631,21.68198013305664,10735,9408,1327,0,0,1033,294,1033,0.12165018926078354,0.0,0.09454510758204582,0.09454510758204582,0.8115165468380628
16,django__django-14787,1791015460.8605967,4.886801242828369,4662,3136,1526,0,0,1187,339,1187,0.130390625828354,0.0,0.10122144997265131,0.10122144997265131,0.26058407522403343
31,django__django-16255,1791015461.609073,7.857365131378174,3211,1568,1643,0,0,508,1135,508,0.13788577557891898,0.0,0.042342133905665706,0.042342133905665706,0.12905185756343496
23,pylint-dev__pylint-6528,1791015461.8527775,193.72886991500854,12857,10976,1881,0,0,1461,420,1461,0.1759382069933356,0.0,0.136344236428219,0.136344236428219,0.955450564984479
26,pytest-dev__pytest-5631,1791015466.4735532,6.369230031967163,9082,7840,1242,0,0,787,455,787,0.11184005204119662,0.0,0.07068742692863404,0.07068742692863404,0.6700628887888102
16,django__django-14787,1791015466.4853053,4.1780314445495605,6058,3136,2922,0,0,1526,1396,1526,0.25173085633446823,0.0,0.130390625828354,0.130390625828354,0.26058407522403343
12,sympy__sympy-20916,1791015466.9092278,17.438925981521606,12903,10976,1927,0,0,1481,446,1481,0.1802855022390335,0.0,0.13822562823495874,0.13822562823495874,0.955450564984479
28,sympy__sympy-13757,1791015467.178965,4.327781438827515,23357,21952,1405,0,0,613,792,613,0.1466361019704909,0.0,0.06373228066266365,0.06373228066266365,2.0324387747299717
19,sympy__sympy-11618,1791015469.384886,6.7923524379730225,1423,0,1423,1423,0,0,0,0,0.1170137732992503,0.0,0.0,0.0,0.0
31,django__django-16255,1791015470.2784529,9.261981725692749,3942,3136,806,0,0,75,731,75,0.06857676652065714,0.0,0.0063535579183205204,0.0063535579183205204,0.26058407522403343
27,astropy__astropy-12907,1791015470.7858295,8.797223329544067,7145,6272,873,0,0,376,497,376,0.07706875223137505,0.0,0.03309915243269541,0.03309915243269541,0.531089590836721
16,django__django-14787,1791015470.8151999,12.446150541305542,8157,4704,3453,0,0,1354,2099,1354,0.30386365443385777,0.0,0.11771827857670619,0.11771827857670619,0.39459665298179547
2,django__django-12262,1791015471.359526,97.20482921600342,6258,4704,1554,0,0,868,686,868,0.13526327674003844,0.0,0.07525210477630737,0.07525210477630737,0.39459665298179547
28,sympy__sympy-13757,1791015471.6403892,4.769989252090454,24332,21952,2380,0,0,1405,975,1405,0.24956475851297288,0.0,0.1466361019704909,0.1466361019704909,2.0324387747299717
26,pytest-dev__pytest-5631,1791015473.6131384,16.22648549079895,9491,7840,1651,0,0,1242,409,1242,0.14901044203320435,0.0,0.11184005204119662,0.11184005204119662,0.6700628887888102
28,sympy__sympy-13757,1791015476.565465,4.447973012924194,25238,23520,1718,0,0,812,906,812,0.18229196043120233,0.0,0.08578785958924832,0.08578785958924832,2.1962156736536964
19,sympy__sympy-11618,1791015476.6498716,6.3875250816345215,2574,0,2574,0,0,1423,1151,1423,0.21315532735838633,0.0,0.1170137732992503,0.1170137732992503,0.0
31,django__django-16255,1791015479.7785833,19.863266229629517,4769,3136,1633,0,0,806,827,806,0.13962148779700667,0.0,0.06857676652065714,0.06857676652065714,0.26058407522403343
27,astropy__astropy-12907,1791015480.0786295,48.328701972961426,7427,6272,1155,0,0,873,282,873,0.10212810785108956,0.0,0.07706875223137505,0.07706875223137505,0.531089590836721
21,django__django-15380,1791015481.1123776,19.515649795532227,11395,9408,1987,0,0,1327,660,1327,0.182815935051985,0.0,0.12165018926078354,0.12165018926078354,0.8115165468380628
28,sympy__sympy-13757,1791015481.1532326,9.302249431610107,26654,25088,1566,0,0,150,1416,150,0.16852081271842875,0.0,0.016034701410314225,0.016034701410314225,2.362472932674584
19,sympy__sympy-11618,1791015483.29689,3.0899832248687744,2904,1568,1336,0,0,1006,330,1006,0.11191447200362942,0.0,0.08410346979495138,0.08410346979495138,0.12905185756343496
16,django__django-14787,1791015483.499947,487.8128626346588,8529,7840,689,0,0,317,372,317,0.06185112115468798,0.0,0.02839741862684306,0.02839741862684306,0.6700628887888102
19,sympy__sympy-11618,1791015486.5404959,8.015471935272217,3640,1568,2072,0,0,1336,736,1336,0.17433719062826245,0.0,0.11191447200362942,0.11191447200362942,0.12905185756343496
7,django__django-13112,1791015486.9489565,7.327209711074829,15859,14112,1747,0,0,141,1606,141,0.16881354044949393,0.0,0.013510681119359833,0.013510681119359833,1.250759681568802
12,sympy__sympy-20916,1791015487.2901335,5.726766586303711,13374,12544,830,0,0,359,471,359,0.07850647694776373,0.0,0.03387112399545376,0.03387112399545376,1.1018649432280587
11,sympy__sympy-18211,1791015487.831087,75.6459732055664,14061,12544,1517,0,0,695,822,695,0.14401283551808672,0.0,0.06569002393714213,0.06569002393714213,1.1018649432280587
26,pytest-dev__pytest-5631,1791015490.1398892,4.179519891738892,9862,9408,454,0,0,83,371,83,0.04141965947834035,0.0,0.007556783983951691,0.007556783983951691,0.8115165468380628
28,sympy__sympy-13757,1791015490.5868008,22.25283408164978,27764,25088,2676,0,0,1566,1110,1566,0.28946874104418496,0.0,0.16852081271842875,0.16852081271842875,2.362472932674584
22,django__django-13112,1791015491.4759598,5.961922645568848,7207,4704,2503,0,0,1142,1361,1142,0.21906431351014793,0.0,0.09916463861711061,0.09916463861711061,0.39459665298179547
30,sympy__sympy-18211,1791015491.550773,162.97998976707458,11256,10976,280,0,0,27,253,27,0.025963510521064107,0.0,0.0025001785332116055,0.0025001785332116055,0.955450564984479
12,sympy__sympy-20916,1791015494.000301,8.721256017684937,13728,12544,1184,0,0,830,354,830,0.11220138303631706,0.0,0.07850647694776373,0.07850647694776373,1.1018649432280587
7,django__django-13112,1791015494.5811489,12.363811731338501,16278,15680,598,0,0,179,419,179,0.05838442390249501,0.0,0.017438442011587108,0.017438442011587108,1.4021347800067088
26,pytest-dev__pytest-5631,1791015494.5992823,24.121304512023926,10091,9408,683,0,0,454,229,454,0.062390849555902024,0.0,0.04141965947834035,0.04141965947834035,0.8115165468380628
19,sympy__sympy-11618,1791015495.9012659,7.8691205978393555,3998,3136,862,0,0,504,358,504,0.0733657547661252,0.0,0.04280497296766396,0.04280497296766396,0.26058407522403343
22,django__django-13112,1791015497.679442,6.61329984664917,7476,6272,1204,0,0,935,269,935,0.10649057424154126,0.0,0.08257137565522236,0.08257137565522236,0.531089590836721
31,django__django-16255,1791015499.903471,12.814270496368408,5658,4704,954,0,0,65,889,65,0.08274934314087316,0.0,0.005608910039244642,0.005608910039244642,0.39459665298179547
21,django__django-15380,1791015500.760709,15.162264585494995,11710,10976,734,0,0,419,315,419,0.06822957932374174,0.0,0.038881916905568796,0.038881916905568796,0.955450564984479
12,sympy__sympy-20916,1791015503.305906,5.427855730056763,14039,12544,1495,0,0,1184,311,1184,0.14190772675253915,0.0,0.11220138303631706,0.11220138303631706,1.1018649432280587
19,sympy__sympy-11618,1791015503.9238863,5.07196569442749,4977,3136,1841,0,0,862,979,862,0.15759864292936024,0.0,0.0733657547661252,0.0733657547661252,0.26058407522403343
22,django__django-13112,1791015504.5081375,6.422726392745972,8236,6272,1964,0,0,1204,760,1204,0.17446345608220537,0.0,0.10649057424154126,0.10649057424154126,0.531089590836721
7,django__django-13112,1791015507.079632,12.495898485183716,16608,15680,928,0,0,598,330,598,0.09075772684304773,0.0,0.05838442390249501,0.05838442390249501,1.4021347800067088
12,sympy__sympy-20916,1791015508.8796346,10.848975896835327,14315,12544,1771,0,0,1495,276,1495,0.16835263497016598,0.0,0.14190772675253915,0.14190772675253915,1.1018649432280587
19,sympy__sympy-11618,1791015509.1145275,39.21110677719116,5370,4704,666,0,0,273,393,273,0.05767165749854385,0.0,0.02358606517159822,0.02358606517159822,0.39459665298179547
22,django__django-13112,1791015511.256923,5.585054159164429,8755,7840,915,0,0,396,519,396,0.08224331613874118,0.0,0.035490158130116266,0.035490158130116266,0.6700628887888102
28,sympy__sympy-13757,1791015513.1180868,7.486910820007324,28029,26656,1373,0,0,1108,265,1108,0.14978987596309074,0.0,0.12073112192613333,0.12073112192613333,2.5312105517926358
31,django__django-16255,1791015513.6439774,10.766315698623657,5975,4704,1271,0,0,954,317,954,0.11044895266919305,0.0,0.08274934314087316,0.08274934314087316,0.39459665298179547
6,pytest-dev__pytest-6202,1791015515.5470724,26.8594069480896,4035,3136,899,0,0,224,675,224,0.076531643424546,0.0,0.018992795183935582,0.018992795183935582,0.26058407522403343
21,django__django-15380,1791015516.1296914,2.591731071472168,12104,10976,1128,0,0,734,394,734,0.10507835695707043,0.0,0.06822957932374174,0.06822957932374174,0.955450564984479
22,django__django-13112,1791015517.1313238,12.050359725952148,9592,7840,1752,0,0,915,837,915,0.1582154207884951,0.0,0.08224331613874118,0.08224331613874118,0.6700628887888102
26,pytest-dev__pytest-5631,1791015518.9589581,7.298292398452759,10558,9408,1150,0,0,683,467,683,0.10532137771870137,0.0,0.062390849555902024,0.062390849555902024,0.8115165468380628
21,django__django-15380,1791015519.060124,10.94816255569458,12233,10976,1257,0,0,1128,129,1128,0.11717708999308796,0.0,0.10507835695707043,0.10507835695707043,0.955450564984479
7,django__django-13112,1791015520.71775,7.625620365142822,17103,15680,1423,0,0,928,495,928,0.1395236739259322,0.0,0.09075772684304773,0.09075772684304773,1.4021347800067088
28,sympy__sympy-13757,1791015520.7472427,59.617581605911255,28680,26656,2024,0,0,1373,651,1373,0.22147651472836027,0.0,0.14978987596309074,0.14978987596309074,2.5312105517926358
12,sympy__sympy-13757,1791015523.1723995,7.517815589904785,1506,0,1506,1506,0,0,0,0,0.12390194302734359,0.0,0.0,0.0,0.0
9,sympy__sympy-13757,1791015523.2944865,8.348167896270752,27724,26656,1068,0,0,156,912,156,0.1163510488303042,0.0,0.0169233321240719,0.0169233321240719,2.5312105517926358
31,django__django-16255,1791015524.5758073,4.752074241638184,6237,4704,1533,0,0,1271,262,1271,0.1334191558166859,0.0,0.11044895266919305,0.11044895266919305,0.39459665298179547
26,pytest-dev__pytest-5631,1791015526.3948064,7.226426601409912,10840,9408,1432,0,0,1150,282,1150,0.1313517082663742,0.0,0.10532137771870137,0.10532137771870137,0.8115165468380628
27,astropy__astropy-12907,1791015528.5369058,51.609888315200806,7836,6272,1564,0,0,1155,409,1155,0.1386156185789359,0.0,0.10212810785108956,0.10212810785108956,0.531089590836721
7,django__django-13112,1791015528.8155305,13.700429439544678,17775,15680,2095,0,0,1423,672,1423,0.2061227200477593,0.0,0.1395236739259322,0.1395236739259322,1.4021347800067088
22,django__django-13112,1791015529.4446588,8.148767709732056,9936,9408,528,0,0,184,344,184,0.04819059022087693,0.0,0.016761762739242434,0.016761762739242434,0.8115165468380628
31,django__django-16255,1791015529.8101523,19.271109580993652,6486,4704,1782,0,0,1533,249,1533,0.15531379800444925,0.0,0.1334191558166859,0.1334191558166859,0.39459665298179547
21,django__django-15380,1791015530.1815913,3.4030652046203613,12363,10976,1387,0,0,1257,130,1257,0.12938659549143455,0.0,0.11717708999308796,0.11717708999308796,0.955450564984479
12,sympy__sympy-13757,1791015531.1302536,10.387442588806152,2295,0,2295,0,0,1506,789,1506,0.18972809569833834,0.0,0.12390194302734359,0.12390194302734359,0.0
9,sympy__sympy-13757,1791015531.9071217,39.74568247795105,28315,26656,1659,0,0,1068,591,1068,0.1812308887776432,0.0,0.1163510488303042,0.1163510488303042,2.5312105517926358
26,pytest-dev__pytest-5631,1791015533.8826232,26.732592582702637,11410,9408,2002,0,0,1432,570,1432,0.1842111728944806,0.0,0.1313517082663742,0.1313517082663742,0.8115165468380628
21,django__django-15380,1791015534.5660732,49.942689418792725,12587,10976,1611,0,0,1387,224,1387,0.1504645111761471,0.0,0.12938659549143455,0.12938659549143455,0.955450564984479
18,django__django-10973,1791015536.1573687,104.59850788116455,5575,4704,871,0,0,12,859,12,0.07551351074649007,0.0,0.001035170272807538,0.001035170272807538,0.39459665298179547
22,django__django-13112,1791015537.731874,28.486528396606445,12200,9408,2792,0,0,528,2264,528,0.2580144854056012,0.0,0.04819059022087693,0.04819059022087693,0.8115165468380628
6,pytest-dev__pytest-6202,1791015542.7222152,59.62684988975525,5175,3136,2039,0,0,899,1140,899,0.17475206110265773,0.0,0.076531643424546,0.076531643424546,0.26058407522403343
7,django__django-13112,1791015542.7578452,10.903311729431152,18572,17248,1324,0,0,527,797,527,0.1318450949071266,0.0,0.05226726151268895,0.05226726151268895,1.5559902385417792
12,sympy__sympy-13757,1791015543.1231866,4.646727561950684,2895,1568,1327,0,0,727,600,727,0.11115453285473754,0.0,0.06067623813490341,0.06067623813490341,0.12905185756343496
8,pytest-dev__pytest-10051,1791015546.5579576,44.0164897441864,8053,6272,1781,0,0,1399,382,1399,0.15804303938681039,0.0,0.1238754101986196,0.1238754101986196,0.531089590836721
12,sympy__sympy-13757,1791015547.8894699,33.71784424781799,3549,1568,1981,0,0,1327,654,1327,0.16658955732246153,0.0,0.11115453285473754,0.11115453285473754,0.12905185756343496
19,sympy__sympy-11618,1791015548.600077,5.161184310913086,5843,4704,1139,0,0,666,473,666,0.09890241245939252,0.0,0.05767165749854385,0.05767165749854385,0.39459665298179547
31,django__django-16255,1791015549.4476068,5.694138050079346,6985,6272,713,0,0,214,499,214,0.06288635073006374,0.0,0.018820860149523697,0.018820860149523697,0.531089590836721
29,sympy__sympy-15875,1791015551.6956477,281.93908166885376,4964,4704,260,0,0,204,56,204,0.022461214270166716,0.0,0.017617651775111844,0.017617651775111844,0.39459665298179547
7,django__django-13112,1791015553.9320612,2.908656358718872,18876,17248,1628,0,0,1324,304,1324,0.1623673283726684,0.0,0.1318450949071266,0.1318450949071266,1.5559902385417792
19,sympy__sympy-11618,1791015553.9928825,35.205989360809326,6572,4704,1868,0,0,1139,729,1139,0.16289033528787272,0.0,0.09890241245939252,0.09890241245939252,0.39459665298179547
31,django__django-16255,1791015555.3030586,2.7757067680358887,7112,6272,840,0,0,713,127,713,0.07414151789592344,0.0,0.06288635073006374,0.06288635073006374,0.531089590836721
7,django__django-13112,1791015556.974842,18.79841375350952,19107,18816,291,0,0,60,231,60,0.029286729883368088,0.0,0.006031509740434501,0.006031509740434501,1.7123260571740133
31,django__django-16255,1791015559.1451523,3.236624240875244,7332,6272,1060,0,0,840,220,840,0.09367716531997083,0.0,0.07414151789592344,0.07414151789592344,0.531089590836721
14,pytest-dev__pytest-10051,1791015562.2947817,171.35819554328918,8787,7840,947,0,0,676,271,676,0.0851348710736057,0.0,0.06067968602246453,0.06067968602246453,0.6700628887888102
31,django__django-16255,1791015562.534753,3.8438327312469482,7596,6272,1324,0,0,1060,264,1060,0.11718439504710636,0.0,0.09367716531997083,0.09367716531997083,0.531089590836721
11,sympy__sympy-18211,1791015563.751189,6.933854103088379,15275,12544,2731,0,0,1517,1214,1517,0.2609334494670518,0.0,0.14401283551808672,0.14401283551808672,1.1018649432280587
22,django__django-13112,1791015566.3582072,7.299931764602661,13336,10976,2360,0,0,1224,1136,1224,0.2213114017170609,0.0,0.11408046725918497,0.11408046725918497,0.955450564984479
2,django__django-12262,1791015569.6233892,18.178364276885986,7233,4704,2529,0,0,1554,975,1554,0.22137301938236145,0.0,0.13526327674003844,0.13526327674003844,0.39459665298179547
26,sympy__sympy-15875,1791015570.6966543,14.089823961257935,1499,0,1499,1499,0,0,0,0,0.12332074469863413,0.0,0.0,0.0,0.0
11,sympy__sympy-18211,1791015570.9793634,39.71004915237427,16362,14112,2250,0,0,1163,1087,1163,0.21798957610984196,0.0,0.11203871112630852,0.11203871112630852,1.250759681568802
9,sympy__sympy-13757,1791015571.9272633,69.91427636146545,28765,28224,541,0,0,91,450,91,0.05965009864963766,0.0,0.010012909562427995,0.010012909562427995,2.702428531007851
4,django__django-13821,1791015573.6276655,62.100165367126465,17082,15680,1402,0,0,929,473,929,0.1374497945643929,0.0,0.09085599472419467,0.09085599472419467,1.4021347800067088
22,django__django-13112,1791015573.8074524,5.5720250606536865,13876,12544,1332,0,0,792,540,792,0.12632599533158567,0.0,0.07489702347348115,0.07489702347348115,1.1018649432280587
7,django__django-13112,1791015576.7361648,23.6971492767334,20032,18816,1216,0,0,291,925,291,0.12294765911446517,0.0,0.029286729883368088,0.029286729883368088,1.7123260571740133
3,django__django-13112,1791015577.0247233,84.71540260314941,31317,26656,4661,0,0,1297,3364,1297,0.5162305094007863,0.0,0.1414487991223263,0.1414487991223263,2.5312105517926358
22,django__django-13112,1791015579.6278656,3.1797845363616943,14533,12544,1989,0,0,1332,657,1332,0.1892946019060949,0.0,0.12632599533158567,0.12632599533158567,1.1018649432280587
27,astropy__astropy-12907,1791015580.285181,62.51776719093323,8209,6272,1937,0,0,1564,373,1564,0.17203864703310318,0.0,0.1386156185789359,0.1386156185789359,0.531089590836721
28,sympy__sympy-13757,1791015580.782581,81.41415905952454,29086,28224,862,0,0,456,406,456,0.09518279970240044,0.0,0.05025853551314509,0.05025853551314509,2.702428531007851
31,sympy__sympy-18211,1791015581.7768245,8.577747106552124,1547,0,1547,1547,0,0,0,0,0.12730709736623233,0.0,0.0,0.0,0.0
12,sympy__sympy-13757,1791015582.12998,8.009785413742065,3960,3136,824,0,0,413,411,413,0.07011573914744729,0.0,0.03505733966186303,0.03505733966186303,0.26058407522403343
22,django__django-13112,1791015582.945475,14.615948677062988,14870,14112,758,0,0,421,337,421,0.07286779891986546,0.0,0.04039986356535162,0.04039986356535162,1.250759681568802
21,django__django-15380,1791015584.8627713,8.442707061767578,14026,12544,1482,0,0,43,1439,43,0.14066402835689687,0.0,0.004050132932567374,0.004050132932567374,1.1018649432280587
26,sympy__sympy-15875,1791015586.8910887,8.147696256637573,2205,0,2205,0,0,1499,706,1499,0.18218767599586586,0.0,0.12332074469863413,0.12332074469863413,0.0
2,django__django-12262,1791015588.2307549,6.81066632270813,7761,6272,1489,0,0,961,528,961,0.13191211902305566,0.0,0.08488008152743588,0.08488008152743588,0.531089590836721
19,sympy__sympy-11618,1791015589.3255572,54.480125188827515,7029,6272,757,0,0,300,457,300,0.06678393658131267,0.0,0.026397397432947136,0.026397397432947136,0.531089590836721
12,sympy__sympy-13757,1791015590.364063,4.032279968261719,4875,3136,1739,0,0,824,915,824,0.1487774688309395,0.0,0.07011573914744729,0.07011573914744729,0.26058407522403343
8,pytest-dev__pytest-10051,1791015590.8308697,211.32232356071472,8474,7840,634,0,0,213,421,213,0.05689621465250915,0.0,0.01906974143472128,0.01906974143472128,0.6700628887888102
17,pylint-dev__pylint-6528,1791015592.2183728,3.4977712631225586,13014,12544,470,0,0,42,428,42,0.04437012697009508,0.0,0.0039559226089447945,0.0039559226089447945,1.1018649432280587
31,sympy__sympy-18211,1791015592.7436283,9.225329160690308,2984,0,2984,0,0,1547,1437,1547,0.2477249356969757,0.0,0.12730709736623233,0.12730709736623233,0.0
21,django__django-15380,1791015593.5909207,4.987613916397095,14568,12544,2024,0,0,1482,542,1482,0.19266131094651645,0.0,0.14066402835689687,0.14066402835689687,1.1018649432280587
12,sympy__sympy-13757,1791015594.516583,12.655874729156494,5347,4704,643,0,0,171,472,171,0.05567253377801944,0.0,0.014764891073177489,0.014764891073177489,0.39459665298179547
10,sympy__sympy-15875,1791015594.9856417,477.24186515808105,5470,4704,766,0,0,32,734,32,0.06636970413234862,0.0,0.0027607768898623188,0.0027607768898623188,0.39459665298179547
2,django__django-12262,1791015595.1764143,9.133431673049927,7941,6272,1669,0,0,1489,180,1489,0.14801005150232122,0.0,0.13191211902305566,0.13191211902305566,0.531089590836721
26,sympy__sympy-15875,1791015595.3457804,3.9366455078125,2682,1568,1114,0,0,637,477,637,0.09319315835297921,0.0,0.053135818432430926,0.053135818432430926,0.12905185756343496
17,pylint-dev__pylint-6528,1791015595.8521256,3.0050837993621826,13227,12544,683,0,0,470,213,470,0.06455167346707893,0.0,0.04437012697009508,0.04437012697009508,1.1018649432280587
15,django__django-13821,1791015596.59073,76.17703604698181,15699,14112,1587,0,0,1033,554,1033,0.15322457281124208,0.0,0.09944729887101891,0.09944729887101891,1.250759681568802
22,django__django-13112,1791015597.7115855,6.288292407989502,15780,14112,1668,0,0,758,910,758,0.1611132598921053,0.0,0.07286779891986546,0.07286779891986546,1.250759681568802
17,pylint-dev__pylint-6528,1791015598.9885936,5.878780841827393,13865,12544,1321,0,0,683,638,683,0.12527543290488644,0.0,0.06455167346707893,0.06455167346707893,1.1018649432280587
26,sympy__sympy-15875,1791015599.423222,23.85933017730713,3776,1568,2208,0,0,1114,1094,1114,0.18593164363911965,0.0,0.09319315835297921,0.09319315835297921,0.12905185756343496
7,django__django-13112,1791015600.8808184,9.750435829162598,20489,18816,1673,0,0,1216,457,1216,0.16953979970366687,0.0,0.12294765911446517,0.12294765911446517,1.7123260571740133
21,django__django-15380,1791015601.4830856,4.5641701221466064,14820,14112,708,0,0,456,252,456,0.06804335939626034,0.0,0.04376657260577316,0.04376657260577316,1.250759681568802
31,sympy__sympy-18211,1791015602.3719592,9.807185888290405,3252,1568,1684,0,0,1416,268,1416,0.14136145293092087,0.0,0.11867307813354076,0.11867307813354076,0.12905185756343496
22,django__django-13112,1791015604.255193,5.207717418670654,16581,15680,901,0,0,100,801,100,0.08810487539388628,0.0,0.009738161454198457,0.009738161454198457,1.4021347800067088
6,pytest-dev__pytest-6202,1791015604.3720655,4.40346360206604,5533,4704,829,0,0,471,358,471,0.07185465340451208,0.0,0.04073948334489572,0.04073948334489572,0.39459665298179547
2,django__django-12262,1791015604.4763439,5.134903192520142,8157,7840,317,0,0,101,216,101,0.02839741862684306,0.0,0.009036753550232094,0.009036753550232094,0.6700628887888102
17,pylint-dev__pylint-6528,1791015605.133645,82.83240747451782,14154,12544,1610,0,0,1321,289,1321,0.1529170991665764,0.0,0.12527543290488644,0.12527543290488644,1.1018649432280587
21,django__django-15380,1791015606.2000499,14.100603103637695,15166,14112,1054,0,0,708,346,708,0.10148014161708863,0.0,0.06804335939626034,0.06804335939626034,1.250759681568802
12,sympy__sympy-13757,1791015607.7518864,16.455087900161743,5623,4704,919,0,0,643,276,643,0.0796972410904999,0.0,0.05567253377801944,0.05567253377801944,0.39459665298179547
6,pytest-dev__pytest-6202,1791015608.9066238,24.47386384010315,6077,4704,1373,0,0,829,544,829,0.11938331870054121,0.0,0.07185465340451208,0.07185465340451208,0.39459665298179547
22,django__django-13112,1791015609.60221,3.7796270847320557,17477,15680,1797,0,0,901,896,901,0.17653299581585705,0.0,0.08810487539388628,0.08810487539388628,1.4021347800067088
2,django__django-12262,1791015610.1134315,49.72402858734131,8428,7840,588,0,0,317,271,317,0.052754454569583394,0.0,0.02839741862684306,0.02839741862684306,0.6700628887888102
7,django__django-13112,1791015610.9062593,4.291559219360352,21664,20384,1280,0,0,105,1175,105,0.13148469441173266,0.0,0.010723620974269394,0.010723620974269394,1.8711422359034104
11,sympy__sympy-18211,1791015610.9454553,178.28146719932556,16926,15680,1246,0,0,682,564,682,0.12205776164844823,0.0,0.06661447767193511,0.06661447767193511,1.4021347800067088
31,sympy__sympy-18211,1791015613.1264565,12.16138219833374,4314,3136,1178,0,0,116,1062,116,0.10044862691845269,0.0,0.009829235270322381,0.009829235270322381,0.26058407522403343
22,django__django-13112,1791015613.5150409,11.667262077331543,18749,17248,1501,0,0,229,1272,229,0.14960492486841576,0.0,0.02267753728078666,0.02267753728078666,1.5559902385417792
7,django__django-13112,1791015615.341572,3.548034429550171,23046,20384,2662,0,0,1280,1382,1280,0.27530277946900705,0.0,0.13148469441173266,0.13148469441173266,1.8711422359034104
1,django__django-11749,1791015617.3231907,252.4631907939911,10848,9408,1440,0,0,1052,388,1052,0.13209132761520326,0.0,0.0962941609375956,0.0962941609375956,0.8115165468380628
7,django__django-13112,1791015619.039507,4.9386305809021,23650,21952,1698,0,0,1094,604,1094,0.17746668655312048,0.0,0.11400624064244608,0.11400624064244608,2.0324387747299717
26,sympy__sympy-15875,1791015623.7466488,347.8908703327179,4096,3136,960,0,0,640,320,640,0.08175409690804605,0.0,0.05439942597852118,0.05439942597852118,0.26058407522403343
7,django__django-13112,1791015624.216092,3.499690532684326,24260,23520,740,0,0,130,610,130,0.07815417878770803,0.0,0.013689787629395937,0.013689787629395937,2.1962156736536964
12,sympy__sympy-13757,1791015624.5248296,9.811544179916382,6994,4704,2290,0,0,919,1371,919,0.2001763631621437,0.0,0.0796972410904999,0.0796972410904999,0.39459665298179547
22,django__django-13112,1791015625.3147476,3.8026511669158936,19825,17248,2577,0,0,1501,1076,1501,0.25824871062748933,0.0,0.14960492486841576,0.14960492486841576,1.5559902385417792
31,sympy__sympy-18211,1791015625.5368726,5.950670003890991,5225,3136,2089,0,0,1178,911,1178,0.17908998717123392,0.0,0.10044862691845269,0.10044862691845269,0.26058407522403343
7,django__django-13112,1791015627.8513887,9.03158950805664,24708,23520,1188,0,0,740,448,740,0.1257376057123148,0.0,0.07815417878770803,0.07815417878770803,2.1962156736536964
22,django__django-13112,1791015629.283843,5.701882600784302,20430,18816,1614,0,0,1009,605,1009,0.16351277701645595,0.0,0.10191289199525543,0.10191289199525543,1.7123260571740133
31,sympy__sympy-18211,1791015631.6243892,4.165424346923828,5642,4704,938,0,0,521,417,521,0.0813539431454789,0.0,0.04507740941347189,0.04507740941347189,0.39459665298179547
12,sympy__sympy-13757,1791015634.4600425,35.97387194633484,7669,6272,1397,0,0,722,675,722,0.12369690948253731,0.0,0.06368342530721816,0.06368342530721816,0.531089590836721
6,pytest-dev__pytest-6202,1791015634.9500318,36.82582759857178,6450,4704,1746,0,0,1373,373,1373,0.15214443967220215,0.0,0.11938331870054121,0.11938331870054121,0.39459665298179547
22,django__django-13112,1791015635.1278152,58.422879219055176,21288,20384,904,0,0,46,858,46,0.09268961092396462,0.0,0.004696598287058487,0.004696598287058487,1.8711422359034104
21,sympy__sympy-20916,1791015635.876726,8.190714359283447,1425,0,1425,1425,0,0,0,0,0.11717967157659702,0.0,0.0,0.0,0.0
31,sympy__sympy-18211,1791015635.9161942,4.690349817276001,7205,4704,2501,0,0,938,1563,938,0.21888674899828808,0.0,0.0813539431454789,0.0813539431454789,0.39459665298179547
4,django__django-13821,1791015636.088375,8.119722366333008,17466,15680,1786,0,0,1402,384,1402,0.1754424721979351,0.0,0.1374497945643929,0.1374497945643929,1.4021347800067088
7,django__django-13112,1791015637.0418417,15.165890455245972,25566,23520,2046,0,0,1188,858,1188,0.2174335925597066,0.0,0.1257376057123148,0.1257376057123148,2.1962156736536964
31,sympy__sympy-18211,1791015640.735401,34.00308156013489,8590,6272,2318,0,0,933,1385,933,0.2063234301423371,0.0,0.08239381114336251,0.08239381114336251,0.531089590836721
18,django__django-10973,1791015641.0060394,211.14957642555237,7017,4704,2313,0,0,871,1442,871,0.20221370277938136,0.0,0.07551351074649007,0.07551351074649007,0.39459665298179547
9,sympy__sympy-13757,1791015642.279356,8.347009181976318,29339,28224,1115,0,0,541,574,541,0.12326157714436187,0.0,0.05965009864963766,0.05965009864963766,2.702428531007851
27,astropy__astropy-12907,1791015643.0073726,8.67096757888794,8989,7840,1149,0,0,369,780,369,0.1034116545423873,0.0,0.03306534908101406,0.03306534908101406,0.6700628887888102
19,sympy__sympy-11618,1791015644.199537,20.56102180480957,7501,6272,1229,0,0,757,472,757,0.10871725557763513,0.0,0.06678393658131267,0.06678393658131267,0.531089590836721
4,django__django-13821,1791015644.3531005,9.620771408081055,18330,17248,1082,0,0,218,864,218,0.10761444070866227,0.0,0.02158701366286472,0.02158701366286472,1.5559902385417792
21,sympy__sympy-20916,1791015644.3935475,7.870944023132324,2087,0,2087,0,0,1425,662,1425,0.1723137284352821,0.0,0.11717967157659702,0.11717967157659702,0.0
9,sympy__sympy-13757,1791015651.0757875,16.606714963912964,29602,28224,1378,0,0,1115,263,1115,0.15251864156751674,0.0,0.12326157714436187,0.12326157714436187,2.702428531007851
27,astropy__astropy-12907,1791015651.8275516,7.2782745361328125,9219,7840,1379,0,0,1149,230,1149,0.12427197275029925,0.0,0.1034116545423873,0.1034116545423873,0.6700628887888102
21,sympy__sympy-20916,1791015652.5287738,5.235159635543823,2420,1568,852,0,0,519,333,519,0.07116259957489753,0.0,0.04326187087184715,0.04326187087184715,0.12905185756343496
7,django__django-13112,1791015652.6178467,9.88927674293518,25894,25088,806,0,0,478,328,478,0.08642650079131622,0.0,0.0511763335388185,0.0511763335388185,2.362472932674584
4,django__django-13821,1791015654.1332693,22.45522713661194,18569,17248,1321,0,0,1082,239,1082,0.13154435322699046,0.0,0.10761444070866227,0.10761444070866227,1.5559902385417792
30,sympy__sympy-18211,1791015654.694366,26.124982357025146,12190,10976,1214,0,0,280,934,280,0.11314231363452257,0.0,0.025963510521064107,0.025963510521064107,0.955450564984479
5,django__django-14787,1791015655.4139261,148.62566685676575,10367,9408,959,0,0,903,56,903,0.08773647646042279,0.0,0.08258767103522546,0.08258767103522546,0.8115165468380628
23,pylint-dev__pylint-6528,1791015656.0719514,3.537472724914551,13526,12544,982,0,0,313,669,313,0.09295885850542412,0.0,0.029523828749755843,0.029523828749755843,1.1018649432280587
21,sympy__sympy-20916,1791015658.014865,6.617231607437134,2604,1568,1036,0,0,852,184,852,0.08662720293960685,0.0,0.07116259957489753,0.07116259957489753,0.12905185756343496
27,astropy__astropy-12907,1791015659.2536917,3.0467917919158936,9368,7840,1528,0,0,1379,149,1379,0.137814316190791,0.0,0.12427197275029925,0.12427197275029925,0.6700628887888102
23,pylint-dev__pylint-6528,1791015659.7624152,180.29330825805664,14035,12544,1491,0,0,982,509,982,0.14152503216397713,0.0,0.09295885850542412,0.09295885850542412,1.1018649432280587
2,django__django-12262,1791015660.226923,6.117836236953735,10099,7840,2259,0,0,588,1671,588,0.2045780819801682,0.0,0.052754454569583394,0.052754454569583394,0.6700628887888102
3,django__django-13112,1791015661.886692,16.459697484970093,31987,29792,2195,0,0,1525,670,1525,0.24732192351264268,0.0,0.17131419087319238,0.17131419087319238,2.87612687032023
27,astropy__astropy-12907,1791015662.4375708,9.905123949050903,9599,7840,1759,0,0,1528,231,1528,0.1588537709549253,0.0,0.137814316190791,0.137814316190791,0.6700628887888102
7,django__django-13112,1791015662.7533958,23.851887464523315,28444,25088,3356,0,0,806,2550,806,0.3641769478905764,0.0,0.08642650079131622,0.08642650079131622,2.362472932674584
28,sympy__sympy-13757,1791015664.5318213,26.176562070846558,29588,28224,1364,0,0,862,502,862,0.1509594728846015,0.0,0.09518279970240044,0.09518279970240044,2.702428531007851
21,sympy__sympy-20916,1791015664.894238,5.5363547801971436,2793,1568,1225,0,0,1036,189,1036,0.10254760021482126,0.0,0.08662720293960685,0.08662720293960685,0.12905185756343496
19,sympy__sympy-11618,1791015664.9126906,2.840564012527466,7979,6272,1707,0,0,1229,478,1229,0.1514126825330258,0.0,0.10871725557763513,0.10871725557763513,0.531089590836721
2,django__django-12262,1791015666.529658,2.5206894874572754,10230,9408,822,0,0,691,131,691,0.07514588931243343,0.0,0.06312442393091555,0.06312442393091555,0.8115165468380628
9,sympy__sympy-13757,1791015668.0895722,24.469928979873657,30167,28224,1943,0,0,1378,565,1378,0.2156072484028198,0.0,0.15251864156751674,0.15251864156751674,2.702428531007851
19,sympy__sympy-11618,1791015668.1270063,8.067796230316162,8150,7840,310,0,0,139,171,139,0.027769251699013273,0.0,0.012439384580936682,0.012439384580936682,0.6700628887888102
2,django__django-12262,1791015669.5020893,14.284165143966675,10639,9408,1231,0,0,822,409,822,0.1127899623227235,0.0,0.07514588931243343,0.07514588931243343,0.8115165468380628
21,sympy__sympy-20916,1791015670.5865083,3.0728321075439453,3332,1568,1764,0,0,1225,539,1225,0.1481481451875051,0.0,0.10254760021482126,0.10254760021482126,0.12905185756343496
12,sympy__sympy-13757,1791015670.5992396,6.06241774559021,8114,6272,1842,0,0,1397,445,1397,0.16351275772215218,0.0,0.12369690948253731,0.12369690948253731,0.531089590836721
6,pytest-dev__pytest-6202,1791015672.3088844,28.760772228240967,6827,6272,555,0,0,178,377,178,0.04890657334501437,0.0,0.015651501817276564,0.015651501817276564,0.531089590836721
27,astropy__astropy-12907,1791015672.8601747,26.125996589660645,9946,9408,538,0,0,191,347,191,0.04910600457487817,0.0,0.017400112905672664,0.017400112905672664,0.8115165468380628
15,django__django-13821,1791015672.9204483,11.502464771270752,15869,15680,189,0,0,19,170,19,0.018413610003621236,0.0,0.0018494743733352503,0.0018494743733352503,1.4021347800067088
21,sympy__sympy-20916,1791015673.8052719,3.7520570755004883,4122,3136,986,0,0,196,790,196,0.08398120168679461,0.0,0.01661592752690662,0.01661592752690662,0.26058407522403343
31,sympy__sympy-18211,1791015674.8671088,39.21040415763855,9523,7840,1683,0,0,750,933,750,0.15192575718557605,0.0,0.06735013219024796,0.06735013219024796,0.6700628887888102
19,sympy__sympy-11618,1791015676.3373716,3.8887360095977783,8319,7840,479,0,0,310,169,310,0.04294880612059694,0.0,0.027769251699013273,0.027769251699013273,0.6700628887888102
12,sympy__sympy-13757,1791015677.0608845,15.098581552505493,8331,7840,491,0,0,274,217,274,0.04402773990544005,0.0,0.024539459770063075,0.024539459770063075,0.6700628887888102
21,sympy__sympy-20916,1791015677.702106,5.223333120346069,7203,3136,4067,0,0,986,3081,986,0.3527217662795533,0.0,0.08398120168679461,0.08398120168679461,0.26058407522403343
3,django__django-13112,1791015678.6042907,117.75845098495483,32269,31360,909,0,0,627,282,627,0.1032699571503979,0.0,0.07114322410310041,0.07114322410310041,3.0523055697297723
30,sympy__sympy-18211,1791015681.127403,2.695148229598999,12553,10976,1577,0,0,1214,363,1214,0.1472619261326441,0.0,0.11314231363452257,0.11314231363452257,0.955450564984479
19,sympy__sympy-11618,1791015681.2397594,9.2803053855896,8811,7840,971,0,0,479,492,479,0.08730421521574275,0.0,0.04294880612059694,0.04294880612059694,0.6700628887888102
21,sympy__sympy-20916,1791015683.0603387,3.7715628147125244,7362,6272,1090,0,0,931,159,931,0.09634490039427031,0.0,0.0822162506668657,0.0822162506668657,0.531089590836721
30,sympy__sympy-18211,1791015684.0074358,2.9278948307037354,12646,12544,102,0,0,9,93,9,0.009610327674439275,0.0,0.0008475478890643378,0.0008475478890643378,1.1018649432280587
2,django__django-12262,1791015684.1267128,4.723560571670532,10941,9408,1533,0,0,1231,302,1231,0.14069414056595575,0.0,0.1127899623227235,0.1127899623227235,0.8115165468380628
15,django__django-13821,1791015684.6148374,32.79146909713745,16156,15680,476,0,0,189,287,189,0.046443927663640715,0.0,0.018413610003621236,0.018413610003621236,1.4021347800067088
4,sympy__sympy-23262,1791015685.2020893,9.151160478591919,1640,1568,72,72,0,0,0,0,0.005985412560691707,0.0,0.0,0.0,0.12905185756343496
21,sympy__sympy-20916,1791015686.992976,98.0921082496643,9001,6272,2729,0,0,1090,1639,1090,0.2434719973590052,0.0,0.09634490039427031,0.09634490039427031,0.531089590836721
7,django__django-13112,1791015687.0311916,34.2466139793396,28827,28224,603,0,0,220,383,220,0.06650501257770275,0.0,0.024221349557309597,0.024221349557309597,2.702428531007851
30,sympy__sympy-18211,1791015687.088279,193.44235396385193,13642,12544,1098,0,0,102,996,102,0.10400398900962748,0.0,0.009610327674439275,0.009610327674439275,1.1018649432280587
17,pylint-dev__pylint-6528,1791015688.102204,29.68261456489563,14763,14112,651,0,0,42,609,42,0.06254657479923874,0.0,0.004022360825833104,0.004022360825833104,1.250759681568802
2,django__django-12262,1791015689.035827,4.018719911575317,11332,9408,1924,0,0,1533,391,1533,0.17695841483524316,0.0,0.14069414056595575,0.14069414056595575,0.8115165468380628
28,sympy__sympy-13757,1791015692.3392825,10.039597749710083,29958,28224,1734,0,0,1364,370,1364,0.1922325160424702,0.0,0.1509594728846015,0.1509594728846015,2.702428531007851
12,sympy__sympy-13757,1791015692.5483313,12.873038053512573,8911,7840,1071,0,0,491,580,491,0.09634940395400676,0.0,0.04402773990544005,0.04402773990544005,0.6700628887888102
9,sympy__sympy-13757,1791015693.120781,69.54871821403503,30663,29792,871,0,0,375,496,375,0.09755834385495382,0.0,0.041908909090441065,0.041908909090441065,2.87612687032023
2,django__django-12262,1791015693.1857285,4.11169171333313,11801,10976,825,0,0,356,469,356,0.07672642922651668,0.0,0.03302439668882696,0.03302439668882696,0.955450564984479
22,django__django-13112,1791015693.703559,19.200578689575195,21971,20384,1587,0,0,904,683,904,0.16326623473521795,0.0,0.09268961092396462,0.09268961092396462,1.8711422359034104
4,sympy__sympy-23262,1791015696.3516088,7.802231550216675,3165,1568,1597,0,0,72,1525,72,0.1339882538255642,0.0,0.005985412560691707,0.005985412560691707,0.12905185756343496
19,sympy__sympy-11618,1791015697.2295923,8.594989776611328,9370,7840,1530,0,0,971,559,971,0.1379962449477653,0.0,0.08730421521574275,0.08730421521574275,0.6700628887888102
2,django__django-12262,1791015697.4418511,5.119358539581299,13533,10976,2557,0,0,825,1732,825,0.2400393683721984,0.0,0.07672642922651668,0.07672642922651668,0.955450564984479
27,astropy__astropy-12907,1791015699.5012288,5.713274002075195,10753,9408,1345,0,0,538,807,538,0.12331251688228641,0.0,0.04910600457487817,0.04910600457487817,0.8115165468380628
6,pytest-dev__pytest-6202,1791015701.219429,26.164087057113647,7407,6272,1135,0,0,555,580,555,0.10034820542449688,0.0,0.04890657334501437,0.04890657334501437,0.531089590836721
0,django__django-10973,1791015702.1360369,84.24917888641357,5247,4704,543,0,0,180,363,180,0.04698689588552489,0.0,0.015542807764357836,0.015542807764357836,0.39459665298179547
2,django__django-12262,1791015702.6982343,4.248332262039185,14976,12544,2432,0,0,989,1443,989,0.2319986901460299,0.0,0.09362499012861866,0.09362499012861866,1.1018649432280587
4,sympy__sympy-23262,1791015704.3973656,4.538378000259399,3913,3136,777,0,0,29,748,29,0.06609799814691554,0.0,0.0024560361649657294,0.0024560361649657294,0.26058407522403343
12,sympy__sympy-13757,1791015705.5614846,4.071646690368652,9068,7840,1228,0,0,1071,157,1071,0.11057070313093191,0.0,0.09634940395400676,0.09634940395400676,0.6700628887888102
2,django__django-12262,1791015707.1160934,3.534869432449341,15103,14112,991,0,0,864,127,864,0.09538294807520091,0.0,0.08310395180528661,0.08310395180528661,1.250759681568802
28,sympy__sympy-13757,1791015707.2637243,5.528951168060303,30257,29792,465,0,0,166,299,166,0.05198815726498566,0.0,0.018534176730091466,0.018534176730091466,2.87612687032023
27,astropy__astropy-12907,1791015707.2695787,4.200441360473633,11480,9408,2072,0,0,1345,727,1345,0.1907252841273787,0.0,0.12331251688228641,0.12331251688228641,0.8115165468380628
4,sympy__sympy-23262,1791015709.0491526,6.5985119342803955,4151,3136,1015,0,0,777,238,777,0.08646608464436396,0.0,0.06609799814691554,0.06609799814691554,0.26058407522403343
2,django__django-12262,1791015711.1105993,4.09396767616272,15573,14112,1461,0,0,991,470,991,0.1409664380888771,0.0,0.09538294807520091,0.09538294807520091,1.250759681568802
19,sympy__sympy-11618,1791015711.406949,7.401742935180664,9937,7840,2097,0,0,1530,567,1530,0.18973578516574632,0.0,0.1379962449477653,0.1379962449477653,0.6700628887888102
12,sympy__sympy-13757,1791015711.7062552,8.226104736328125,9554,7840,1714,0,0,1228,486,1228,0.1547509538724353,0.0,0.11057070313093191,0.11057070313093191,0.6700628887888102
22,django__django-13112,1791015713.1395185,97.83223032951355,22483,21952,531,0,0,19,512,19,0.055184955013809774,0.0,0.0019696959086569527,0.0019696959086569527,2.0324387747299717
27,astropy__astropy-12907,1791015713.7044313,4.003616094589233,12329,10976,1353,0,0,504,849,504,0.1261916937791363,0.0,0.04679126598096251,0.04679126598096251,0.955450564984479
31,sympy__sympy-18211,1791015714.6481695,35.18080496788025,10496,9408,1088,0,0,115,973,115,0.09960915552151299,0.0,0.010472099136323406,0.010472099136323406,0.8115165468380628
28,sympy__sympy-13757,1791015715.5261717,6.504228353500366,30578,29792,786,0,0,465,321,465,0.0880040244391459,0.0,0.05198815726498566,0.05198815726498566,2.87612687032023
4,sympy__sympy-23262,1791015715.89719,4.522925853729248,4700,3136,1564,0,0,1015,549,1015,0.13366755328306373,0.0,0.08646608464436396,0.08646608464436396,0.26058407522403343
2,django__django-12262,1791015716.1901445,4.255944013595581,15736,14112,1624,0,0,1461,163,1461,0.15682722596044543,0.0,0.1409664380888771,0.1409664380888771,1.250759681568802
15,django__django-13821,1791015717.5397413,15.50966501235962,16315,15680,635,0,0,476,159,476,0.06200868944723405,0.0,0.046443927663640715,0.046443927663640715,1.4021347800067088
17,pylint-dev__pylint-6528,1791015717.9196491,462.784912109375,15400,14112,1288,0,0,651,637,651,0.12416191669441975,0.0,0.06254657479923874,0.06254657479923874,1.250759681568802
27,astropy__astropy-12907,1791015718.8272128,4.85368800163269,12704,10976,1728,0,0,1353,375,1353,0.16149408306773388,0.0,0.1261916937791363,0.1261916937791363,0.955450564984479
19,sympy__sympy-11618,1791015720.4355066,5.2839860916137695,10321,9408,913,0,0,529,384,529,0.08350686854206517,0.0,0.048282127116493656,0.048282127116493656,0.8115165468380628
4,sympy__sympy-23262,1791015720.5411003,3.9127893447875977,5570,3136,2434,0,0,1564,870,1564,0.20909041693148472,0.0,0.13366755328306373,0.13366755328306373,0.26058407522403343
7,django__django-13112,1791015721.436324,33.46951746940613,29213,28224,989,0,0,603,386,603,0.1092696083435086,0.0,0.06650501257770275,0.06650501257770275,2.702428531007851
12,sympy__sympy-13757,1791015722.0811095,3.715442180633545,9704,9408,296,0,0,146,150,146,0.026981297385776856,0.0,0.013297295823182644,0.013297295823182644,0.8115165468380628
28,sympy__sympy-13757,1791015722.1598465,17.58493185043335,30866,29792,1074,0,0,786,288,786,0.12040579712806632,0.0,0.0880040244391459,0.0880040244391459,2.87612687032023
4,sympy__sympy-23262,1791015724.603933,15.013044357299805,8562,4704,3858,0,0,866,2992,866,0.34029176569978903,0.0,0.07507783917372268,0.07507783917372268,0.39459665298179547
27,astropy__astropy-12907,1791015724.7725554,18.68006157875061,13082,12544,538,0,0,160,378,160,0.05080808841706437,0.0,0.01507970482415415,0.01507970482415415,1.1018649432280587
2,django__django-12262,1791015725.023721,6.826969861984253,16048,15680,368,0,0,56,312,56,0.035886182106856006,0.0,0.0054521275225386,0.0054521275225386,1.4021347800067088
19,sympy__sympy-11618,1791015725.8539038,16.991794109344482,10813,9408,1405,0,0,913,492,913,0.12885596964133386,0.0,0.08350686854206517,0.08350686854206517,0.8115165468380628
6,pytest-dev__pytest-6202,1791015727.626214,11.33060359954834,8040,6272,1768,0,0,1135,633,1135,0.1568778469611908,0.0,0.10034820542449688,0.10034820542449688,0.531089590836721
12,sympy__sympy-13757,1791015727.8578033,9.170085191726685,10993,9408,1585,0,0,296,1289,296,0.14550811887882584,0.0,0.026981297385776856,0.026981297385776856,0.8115165468380628
15,django__django-13821,1791015733.386501,6.719132900238037,16728,15680,1048,0,0,635,413,635,0.10255707570368579,0.0,0.06200868944723405,0.06200868944723405,1.4021347800067088
14,pytest-dev__pytest-10051,1791015733.7885234,403.8034248352051,10009,7840,2169,0,0,947,1222,947,0.19632909288365913,0.0,0.0851348710736057,0.0851348710736057,0.6700628887888102
13,django__django-11749,1791015735.7518625,398.77149081230164,13977,12544,1433,0,0,691,742,691,0.13597777452550885,0.0,0.06531055763900229,0.06531055763900229,1.1018649432280587
2,django__django-12262,1791015736.1970334,3.2655272483825684,16387,15680,707,0,0,368,339,368,0.06906527298218074,0.0,0.035886182106856006,0.035886182106856006,1.4021347800067088
12,sympy__sympy-13757,1791015738.4912536,5.963985919952393,11386,10976,410,0,0,17,393,17,0.03804488315487317,0.0,0.0015741007324096348,0.0015741007324096348,0.955450564984479
6,pytest-dev__pytest-6202,1791015739.1063352,5.755096197128296,8267,7840,427,0,0,200,227,200,0.038275105097296314,0.0,0.0179045490091017,0.0179045490091017,0.6700628887888102
4,sympy__sympy-23262,1791015740.0232582,9.72103238105774,8837,7840,997,0,0,722,275,722,0.08965499378288323,0.0,0.06482552989277433,0.06482552989277433,0.6700628887888102
28,sympy__sympy-13757,1791015740.169125,9.089691638946533,31548,29792,1756,0,0,1074,682,1074,0.19746868921108196,0.0,0.12040579712806632,0.12040579712806632,2.87612687032023
15,django__django-13821,1791015740.2604074,13.463990926742554,16977,15680,1297,0,0,1048,249,1048,0.12708707123830346,0.0,0.10255707570368579,0.10255707570368579,1.4021347800067088
19,sympy__sympy-11618,1791015742.9912279,14.834886074066162,11232,9408,1824,0,0,1405,419,1405,0.16766898574972666,0.0,0.12885596964133386,0.12885596964133386,0.8115165468380628
2,django__django-12262,1791015743.7223244,8.169568061828613,16541,15680,861,0,0,707,154,707,0.08417607694544657,0.0,0.06906527298218074,0.06906527298218074,1.4021347800067088
27,astropy__astropy-12907,1791015743.992109,21.92123508453369,13864,12544,1320,0,0,538,782,538,0.12517993328277652,0.0,0.05080808841706437,0.05080808841706437,1.1018649432280587
6,pytest-dev__pytest-6202,1791015745.2780614,6.383012056350708,8763,7840,923,0,0,427,496,427,0.08296610802374464,0.0,0.038275105097296314,0.038275105097296314,0.6700628887888102
12,sympy__sympy-13757,1791015747.1622825,11.489891529083252,11708,10976,732,0,0,410,322,410,0.068042929192025,0.0,0.03804488315487317,0.03804488315487317,0.955450564984479
28,sympy__sympy-13757,1791015749.4115345,18.254082679748535,31876,31360,516,0,0,188,328,188,0.05851959946784455,0.0,0.021289989801539688,0.021289989801539688,3.0523055697297723
4,sympy__sympy-23262,1791015750.2602386,14.109768867492676,9562,7840,1722,0,0,997,725,997,0.15548019426755705,0.0,0.08965499378288323,0.08965499378288323,0.6700628887888102
31,sympy__sympy-18211,1791015750.4981496,70.19024968147278,11842,9408,2434,0,0,1088,1346,1088,0.22449142835111754,0.0,0.09960915552151299,0.09960915552151299,0.8115165468380628
2,django__django-12262,1791015753.7587147,6.035517454147339,16916,15680,1236,0,0,861,375,861,0.12107193020961336,0.0,0.08417607694544657,0.08417607694544657,1.4021347800067088
15,django__django-13821,1791015753.8944979,80.7832887172699,17307,15680,1627,0,0,1297,330,1297,0.15969308347625696,0.0,0.12708707123830346,0.12708707123830346,1.4021347800067088
7,django__django-13112,1791015755.2025685,12.682092428207397,29997,28224,1773,0,0,989,784,989,0.19659096389829703,0.0,0.1092696083435086,0.1092696083435086,2.702428531007851
6,pytest-dev__pytest-6202,1791015756.315405,9.017406463623047,8966,7840,1126,0,0,923,203,923,0.10132855794377837,0.0,0.08296610802374464,0.08296610802374464,0.6700628887888102
19,sympy__sympy-11618,1791015758.240289,34.84923529624939,11769,10976,793,0,0,256,537,256,0.07373757361832788,0.0,0.02373496760331047,0.02373496760331047,0.955450564984479
12,sympy__sympy-13757,1791015758.7935555,11.947909116744995,12184,10976,1208,0,0,732,476,732,0.11257946988408145,0.0,0.068042929192025,0.068042929192025,0.955450564984479
2,django__django-12262,1791015759.9489725,32.28777074813843,17217,15680,1537,0,0,1236,301,1236,0.150789639203913,0.0,0.12107193020961336,0.12107193020961336,1.4021347800067088
4,sympy__sympy-23262,1791015764.8574476,6.083192348480225,9889,9408,481,0,0,154,327,154,0.04388949409926505,0.0,0.014026536218304402,0.014026536218304402,0.8115165468380628
27,astropy__astropy-12907,1791015766.4032087,18.777755737304688,14567,12544,2023,0,0,1320,703,1320,0.1925651021093544,0.0,0.12517993328277652,0.12517993328277652,1.1018649432280587
6,pytest-dev__pytest-6202,1791015766.55628,9.14047884941101,9539,7840,1699,0,0,1126,573,1126,0.15338380215661257,0.0,0.10132855794377837,0.10132855794377837,0.6700628887888102
28,sympy__sympy-13757,1791015767.8099296,37.43279266357422,32140,31360,780,0,0,516,264,516,0.08856372990502867,0.0,0.05851959946784455,0.05851959946784455,3.0523055697297723
7,django__django-13112,1791015768.3985288,26.92290425300598,31615,29792,1823,0,0,205,1618,205,0.20506469721571163,0.0,0.022892624585918297,0.022892624585918297,2.87612687032023
12,sympy__sympy-13757,1791015770.8917809,104.95676755905151,12428,10976,1452,0,0,1208,244,1208,0.1354977417689049,0.0,0.11257946988408145,0.11257946988408145,0.955450564984479
4,sympy__sympy-23262,1791015771.4677541,9.637485027313232,10155,9408,747,0,0,481,266,481,0.06826125239864662,0.0,0.04388949409926505,0.04388949409926505,0.8115165468380628
9,sympy__sympy-13757,1791015777.019908,8.021464824676514,30992,29792,1200,0,0,871,329,871,0.13460788526409123,0.0,0.09755834385495382,0.09755834385495382,2.87612687032023
4,sympy__sympy-23262,1791015781.3709133,5.94532585144043,10463,9408,1055,0,0,747,308,747,0.09657036054863792,0.0,0.06826125239864662,0.06826125239864662,0.8115165468380628
21,sympy__sympy-20916,1791015785.3395379,25.992034435272217,9662,7840,1822,0,0,1161,661,1161,0.16460114694666642,0.0,0.1044986994069161,0.1044986994069161,0.6700628887888102
27,astropy__astropy-12907,1791015785.7007751,5.4825053215026855,15202,14112,1090,0,0,455,635,455,0.10496604996668187,0.0,0.04367036376861111,0.04367036376861111,1.250759681568802
0,django__django-10973,1791015786.9367251,667.3782916069031,5518,4704,814,0,0,543,271,543,0.07054834991894351,0.0,0.04698689588552489,0.04698689588552489,0.39459665298179547
4,sympy__sympy-23262,1791015787.4387498,2.8864262104034424,10684,9408,1276,0,0,1055,221,1055,0.11694203605517056,0.0,0.09657036054863792,0.09657036054863792,0.8115165468380628
11,sympy__sympy-18211,1791015789.492508,69.71580958366394,17958,15680,2278,0,0,1246,1032,1246,0.22433799156366618,0.0,0.12205776164844823,0.12205776164844823,1.4021347800067088
4,sympy__sympy-23262,1791015790.472822,9.049336910247803,11289,9408,1881,0,0,1276,605,1276,0.17296272399412344,0.0,0.11694203605517056,0.11694203605517056,0.8115165468380628
19,sympy__sympy-11618,1791015793.4925675,4.122209072113037,12275,10976,1299,0,0,793,506,793,0.12111983512406577,0.0,0.07373757361832788,0.07373757361832788,0.955450564984479
2,django__django-12262,1791015793.5809433,10.57161283493042,17508,15680,1828,0,0,1537,291,1537,0.17960694640351527,0.0,0.150789639203913,0.150789639203913,1.4021347800067088
27,astropy__astropy-12907,1791015794.2466056,5.879734754562378,15594,14112,1482,0,0,1090,392,1090,0.14300834829567008,0.0,0.10496604996668187,0.10496604996668187,1.250759681568802
7,django__django-13112,1791015795.6100705,4.850338459014893,32181,31360,821,0,0,255,566,255,0.09323598218157556,0.0,0.028885997806169364,0.028885997806169364,3.0523055697297723
3,django__django-13112,1791015796.6710622,6.211544513702393,32995,31360,1635,0,0,909,726,909,0.18634834492772112,0.0,0.1032699571503979,0.1032699571503979,3.0523055697297723
19,sympy__sympy-11618,1791015797.7590904,9.93133544921875,12762,10976,1786,0,0,1299,487,1299,0.1669668539577551,0.0,0.12111983512406577,0.12111983512406577,0.955450564984479
6,pytest-dev__pytest-6202,1791015799.534356,7.6804938316345215,10212,9408,804,0,0,131,673,131,0.0734930589178163,0.0,0.011930144107359923,0.011930144107359923,0.8115165468380628
4,sympy__sympy-23262,1791015799.656817,10.788939952850342,11840,10976,864,0,0,313,551,313,0.08037049373902475,0.0,0.029028705847707253,0.029028705847707253,0.955450564984479
7,django__django-13112,1791015800.605247,64.89398694038391,34913,31360,3553,0,0,821,2732,821,0.40838893018354155,0.0,0.09323598218157556,0.09323598218157556,3.0523055697297723
8,pytest-dev__pytest-10051,1791015802.423131,3.760251760482788,9122,7840,1282,0,0,634,648,634,0.11546785276139902,0.0,0.05689621465250915,0.05689621465250915,0.6700628887888102
3,django__django-13112,1791015803.0117552,5.421525478363037,33332,32928,404,0,0,67,337,67,0.04643391925986912,0.0,0.007689285421015322,0.007689285421015322,3.2309646292364778
5,django__django-14787,1791015804.2172067,319.56664633750916,10794,9408,1386,0,0,959,427,959,0.12710014999082733,0.0,0.08773647646042279,0.08773647646042279,0.8115165468380628
2,django__django-12262,1791015804.2971046,3.2300262451171875,17794,17248,546,0,0,260,286,260,0.05415689279235375,0.0,0.025751487868444885,0.025751487868444885,1.5559902385417792
8,pytest-dev__pytest-10051,1791015806.3551567,3.5285279750823975,9258,7840,1418,0,0,1282,136,1282,0.1278144490162661,0.0,0.11546785276139902,0.11546785276139902,0.6700628887888102
6,pytest-dev__pytest-6202,1791015808.0680196,7.867834091186523,10627,9408,1219,0,0,804,415,804,0.11168308768427647,0.0,0.0734930589178163,0.0734930589178163,0.8115165468380628
27,astropy__astropy-12907,1791015808.6251721,8.700931072235107,16205,14112,2093,0,0,1482,611,1482,0.2026129948693936,0.0,0.14300834829567008,0.14300834829567008,1.250759681568802
3,django__django-13112,1791015808.6710835,26.115317583084106,35023,32928,2095,0,0,404,1691,404,0.2425767369094518,0.0,0.04643391925986912,0.04643391925986912,3.2309646292364778
8,pytest-dev__pytest-10051,1791015810.0439012,3.7791693210601807,9468,7840,1628,0,0,1418,210,1418,0.14691569735921592,0.0,0.1278144490162661,0.1278144490162661,0.6700628887888102
4,sympy__sympy-23262,1791015810.951874,16.349233388900757,12458,10976,1482,0,0,864,618,864,0.1383197084181237,0.0,0.08037049373902475,0.08037049373902475,0.955450564984479
19,pytest-dev__pytest-10051,1791015811.2188404,7.841843366622925,1823,1568,255,255,0,0,0,0,0.021221874929410838,0.0,0.0,0.0,0.12905185756343496
22,django__django-13112,1791015811.2490625,36.72206735610962,22987,21952,1035,0,0,531,504,531,0.10782702121212259,0.0,0.055184955013809774,0.055184955013809774,2.0324387747299717
28,pytest-dev__pytest-5631,1791015812.7829227,9.28148102760315,2019,1568,451,451,0,0,0,0,0.03757817930520332,0.0,0.0,0.0,0.12905185756343496
21,sympy__sympy-20916,1791015813.2115412,9.938844919204712,9843,9408,435,0,0,254,181,254,0.03968206857147079,0.0,0.023147488897413762,0.023147488897413762,0.8115165468380628
8,pytest-dev__pytest-10051,1791015813.9683475,281.5780246257782,10132,9408,724,0,0,60,664,60,0.06615110070861839,0.0,0.005462039309963279,0.005462039309963279,0.8115165468380628
9,sympy__sympy-13757,1791015814.5306165,7.463055372238159,31405,29792,1613,0,0,1200,413,1200,0.18127146166158392,0.0,0.13460788526409123,0.13460788526409123,2.87612687032023
2,pytest-dev__pytest-6202,1791015815.7466886,8.721899271011353,2111,1568,543,543,0,0,0,0,0.045268993420270034,0.0,0.0,0.0,0.12905185756343496
19,pytest-dev__pytest-10051,1791015819.442912,6.3044116497039795,3982,1568,2414,0,0,255,2159,255,0.20352936724183346,0.0,0.021221874929410838,0.021221874929410838,0.12905185756343496
31,sympy__sympy-18211,1791015820.9395971,4.922023057937622,13063,10976,2087,0,0,866,1221,866,0.19542315487626563,0.0,0.08055741020470134,0.08055741020470134,0.955450564984479
9,sympy__sympy-13757,1791015822.1348963,14.64216685295105,31606,31360,246,0,0,45,201,45,0.027865375214527817,0.0,0.005092762252041634,0.005092762252041634,3.0523055697297723
28,pytest-dev__pytest-5631,1791015822.4264488,3.524430990219116,2289,1568,721,0,0,451,270,451,0.06017328926020116,0.0,0.03757817930520332,0.03757817930520332,0.12905185756343496
21,sympy__sympy-20916,1791015823.6309621,101.17739748954773,10128,9408,720,0,0,435,285,435,0.06578417228340566,0.0,0.03968206857147079,0.03968206857147079,0.8115165468380628
2,pytest-dev__pytest-6202,1791015824.8347642,6.562822103500366,2587,1568,1019,0,0,543,476,543,0.08519697601406512,0.0,0.045268993420270034,0.045268993420270034,0.12905185756343496
31,sympy__sympy-18211,1791015826.0050788,157.28245377540588,14369,12544,1825,0,0,519,1306,519,0.17353562752301982,0.0,0.0490087766326859,0.0490087766326859,1.1018649432280587
19,pytest-dev__pytest-10051,1791015826.041641,48.92042922973633,5939,3136,2803,0,0,846,1957,846,0.24131073072927242,0.0,0.07199714958123496,0.07199714958123496,0.26058407522403343
28,pytest-dev__pytest-5631,1791015826.085802,3.268537759780884,2463,1568,895,0,0,721,174,721,0.07477355184306952,0.0,0.06017328926020116,0.06017328926020116,0.12905185756343496
4,sympy__sympy-23262,1791015827.7792823,5.170074939727783,12851,10976,1875,0,0,1482,393,1482,0.17537132586218523,0.0,0.1383197084181237,0.1383197084181237,0.955450564984479
27,astropy__astropy-12907,1791015828.3232722,4.575249195098877,16478,15680,798,0,0,525,273,525,0.07799149257298991,0.0,0.05123789643148679,0.05123789643148679,1.4021347800067088
6,pytest-dev__pytest-6202,1791015828.99949,15.335592269897461,11139,9408,1731,0,0,1219,512,1219,0.1590388705415694,0.0,0.11168308768427647,0.11168308768427647,0.8115165468380628
28,pytest-dev__pytest-5631,1791015829.4829624,190.24799036979675,3567,1568,1999,0,0,895,1104,895,0.16812139340973714,0.0,0.07477355184306952,0.07477355184306952,0.12905185756343496
2,pytest-dev__pytest-6202,1791015831.7462733,3.8928966522216797,2814,1568,1246,0,0,1019,227,1019,0.10431875773926967,0.0,0.08519697601406512,0.08519697601406512,0.12905185756343496
4,sympy__sympy-23262,1791015833.0891519,3.497189521789551,13014,12544,470,0,0,307,163,307,0.04437012697009508,0.0,0.028956947618605497,0.028956947618605497,1.1018649432280587
27,astropy__astropy-12907,1791015833.0914059,6.477995157241821,16704,15680,1024,0,0,798,226,798,0.10019604374700619,0.0,0.07799149257298991,0.07799149257298991,1.4021347800067088
29,sympy__sympy-15875,1791015834.0370443,4.293178558349609,5908,4704,1204,0,0,260,944,260,0.10458601202407639,0.0,0.022461214270166716,0.022461214270166716,0.39459665298179547
15,django__django-13821,1791015834.9956532,24.95690679550171,17789,17248,541,0,0,59,482,59,0.05365958609354178,0.0,0.005837624941186591,0.005837624941186591,1.5559902385417792
3,django__django-13112,1791015835.0348504,7.132492780685425,36812,34496,2316,0,0,527,1789,527,0.272087751025511,0.0,0.06143731730558248,0.06143731730558248,3.412104048840347
2,pytest-dev__pytest-6202,1791015835.8146176,19.190894842147827,3409,1568,1841,0,0,1246,595,1246,0.1546864344224227,0.0,0.10431875773926967,0.10431875773926967,0.12905185756343496
24,django__django-14787,1791015836.416523,553.6356928348541,9913,9408,505,0,0,382,123,382,0.04608552006174135,0.0,0.03483702933099885,0.03483702933099885,0.8115165468380628
4,sympy__sympy-23262,1791015836.7278578,6.148079872131348,13825,12544,1281,0,0,470,811,470,0.12145623491627949,0.0,0.04437012697009508,0.04437012697009508,1.1018649432280587
9,sympy__sympy-13757,1791015836.9344301,6.585375547409058,31908,31360,548,0,0,246,302,246,0.06215756743121957,0.0,0.027865375214527817,0.027865375214527817,3.0523055697297723
29,sympy__sympy-15875,1791015838.441743,235.88248419761658,6576,4704,1872,0,0,1204,668,1204,0.16324291396215887,0.0,0.10458601202407639,0.10458601202407639,0.39459665298179547
23,pylint-dev__pylint-6528,1791015840.3208978,4.084514856338501,14763,12544,2219,0,0,1491,728,1491,0.21144131313998205,0.0,0.14152503216397713,0.14152503216397713,1.1018649432280587
27,astropy__astropy-12907,1791015840.6892657,15.716934442520142,17128,15680,1448,0,0,1024,424,1024,0.14199315801119994,0.0,0.10019604374700619,0.10019604374700619,1.4021347800067088
3,django__django-13112,1791015842.3106294,59.228644132614136,36974,36064,910,0,0,748,162,748,0.10770250858437921,0.0,0.08846797132447815,0.08846797132447815,3.59572382854138
4,sympy__sympy-23262,1791015843.0109577,6.984943866729736,14713,12544,2169,0,0,1281,888,1281,0.20662227091442648,0.0,0.12145623491627949,0.12145623491627949,1.1018649432280587
9,sympy__sympy-13757,1791015843.6854093,4.286604166030884,32075,31360,715,0,0,548,167,548,0.08115997614252046,0.0,0.06215756743121957,0.06215756743121957,3.0523055697297723
23,pylint-dev__pylint-6528,1791015844.5474741,49.7242386341095,15246,14112,1134,0,0,651,483,651,0.10922838017591692,0.0,0.06254657479923874,0.06254657479923874,1.250759681568802
6,pytest-dev__pytest-6202,1791015844.9456372,3.547055721282959,11464,10976,488,0,0,163,325,163,0.045301890451378814,0.0,0.015104852395153195,0.015104852395153195,0.955450564984479
9,sympy__sympy-13757,1791015848.1364896,4.073780536651611,32237,31360,877,0,0,715,162,715,0.09962033505859884,0.0,0.08115997614252046,0.08115997614252046,3.0523055697297723
22,django__django-13112,1791015848.2279024,38.763803243637085,23634,21952,1682,0,0,1035,647,1035,0.17578086955134758,0.0,0.10782702121212259,0.10782702121212259,2.0324387747299717
6,pytest-dev__pytest-6202,1791015848.6351607,4.257545709609985,11614,10976,638,0,0,488,150,488,0.05927492489083315,0.0,0.045301890451378814,0.045301890451378814,0.955450564984479
4,sympy__sympy-23262,1791015850.2599204,36.137174129486084,15865,14112,1753,0,0,601,1152,601,0.16939862913862533,0.0,0.05772753257368319,0.05772753257368319,1.250759681568802
18,django__django-10973,1791015852.3249214,18.353800773620605,7230,6272,958,0,0,745,213,745,0.08461365758332821,0.0,0.0657207649244558,0.0657207649244558,0.531089590836721
9,sympy__sympy-13757,1791015852.3764474,9.199732065200806,32714,31360,1354,0,0,877,477,877,0.15412958515611336,0.0,0.09962033505859884,0.09962033505859884,3.0523055697297723
6,pytest-dev__pytest-6202,1791015853.0244303,4.298928737640381,11841,10976,865,0,0,638,227,638,0.08046395146744266,0.0,0.05927492489083315,0.05927492489083315,0.955450564984479
2,pytest-dev__pytest-6202,1791015855.4178813,37.39887547492981,4415,3136,1279,0,0,273,1006,273,0.10912610604528272,0.0,0.02315421676182421,0.02315421676182421,0.26058407522403343
27,astropy__astropy-12907,1791015856.9726808,4.6009931564331055,17496,15680,1816,0,0,1448,368,1448,0.1784169150391561,0.0,0.14199315801119994,0.14199315801119994,1.4021347800067088
6,pytest-dev__pytest-6202,1791015857.6801758,4.722010135650635,12019,10976,1043,0,0,865,178,865,0.09711549896792922,0.0,0.08046395146744266,0.08046395146744266,0.955450564984479
11,sympy__sympy-18211,1791015859.5566308,5.197741270065308,18590,17248,1342,0,0,710,632,710,0.13364973565884639,0.0,0.0704825330285958,0.0704825330285958,1.5559902385417792
15,django__django-13821,1791015860.7630508,6.84687876701355,18360,17248,1112,0,0,541,571,541,0.11061503270230288,0.0,0.05365958609354178,0.05365958609354178,1.5559902385417792
27,astropy__astropy-12907,1791015861.724878,11.052640199661255,17794,17248,546,0,0,248,298,248,0.05415689279235375,0.0,0.024561456504085734,0.024561456504085734,1.5559902385417792
9,sympy__sympy-13757,1791015861.725369,13.994835615158081,32954,31360,1594,0,0,1354,240,1354,0.18164242359975247,0.0,0.15412958515611336,0.15412958515611336,3.0523055697297723
6,pytest-dev__pytest-6202,1791015862.5378668,5.223918437957764,12202,10976,1226,0,0,1043,183,1043,0.11426811009020654,0.0,0.09711549896792922,0.09711549896792922,0.955450564984479
11,sympy__sympy-18211,1791015864.8981037,3.146723985671997,19238,17248,1990,0,0,1342,648,1342,0.19883449441465234,0.0,0.13364973565884639,0.13364973565884639,1.5559902385417792
7,django__django-13112,1791015865.649413,506.20812034606934,35422,34496,926,0,0,417,509,417,0.10813884806115448,0.0,0.04859045107296639,0.04859045107296639,3.412104048840347
15,django__django-13821,1791015868.0644422,5.481882333755493,18559,17248,1311,0,0,1112,199,1112,0.13054194653451925,0.0,0.11061503270230288,0.11061503270230288,1.5559902385417792
11,sympy__sympy-18211,1791015868.2137516,4.320797920227051,19398,18816,582,0,0,422,160,422,0.058658889410873674,0.0,0.042498675782418394,0.042498675782418394,1.7123260571740133
6,pytest-dev__pytest-6202,1791015868.2871995,13.564277172088623,12353,10976,1377,0,0,1226,151,1226,0.12844679745633836,0.0,0.11426811009020654,0.11426811009020654,0.955450564984479
1,django__django-11749,1791015870.4125464,131.5561990737915,11402,9408,1994,0,0,1440,554,1440,0.18346701779760843,0.0,0.13209132761520326,0.13209132761520326,0.8115165468380628
18,django__django-10973,1791015870.8130322,23.94875454902649,7884,6272,1612,0,0,958,654,958,0.1429088363926137,0.0,0.08461365758332821,0.08461365758332821,0.531089590836721
11,sympy__sympy-18211,1791015872.6722107,5.39531135559082,19800,18816,984,0,0,582,402,582,0.09937538682195174,0.0,0.058658889410873674,0.058658889410873674,1.7123260571740133
27,astropy__astropy-12907,1791015872.9644313,29.448822498321533,18125,17248,877,0,0,546,331,546,0.08713469587051731,0.0,0.05415689279235375,0.05415689279235375,1.5559902385417792
15,django__django-13821,1791015874.5593407,10.563163757324219,19453,17248,2205,0,0,1311,894,1311,0.22055574624886443,0.0,0.13054194653451925,0.13054194653451925,1.5559902385417792
19,pytest-dev__pytest-10051,1791015875.2150533,41.327476501464844,6460,4704,1756,0,0,1235,521,1235,0.15302468583741682,0.0,0.1072981529715104,0.1072981529715104,0.39459665298179547
11,sympy__sympy-18211,1791015878.208229,476.08855652809143,20312,18816,1496,0,0,984,512,984,0.15146926696605872,0.0,0.09937538682195174,0.09937538682195174,1.7123260571740133
9,sympy__sympy-13757,1791015878.7967756,11.288908243179321,33251,32928,323,0,0,26,297,26,0.037110951168791026,0.0,0.002983364093046682,0.002983364093046682,3.2309646292364778
30,sympy__sympy-18211,1791015880.7699704,95.57998418807983,14076,12544,1532,0,0,1098,434,1098,0.14544841690245192,0.0,0.10400398900962748,0.10400398900962748,1.1018649432280587
12,sympy__sympy-13757,1791015880.901865,9.39949893951416,12873,10976,1897,0,0,1452,445,1452,0.1774500675657097,0.0,0.1354977417689049,0.1354977417689049,0.955450564984479
6,pytest-dev__pytest-6202,1791015881.991912,22.047465324401855,12592,10976,1616,0,0,1377,239,1377,0.15093557792687137,0.0,0.12844679745633836,0.12844679745633836,0.955450564984479
15,django__django-13821,1791015885.3039322,3.6414520740509033,19609,18816,793,0,0,637,156,637,0.08000965766504563,0.0,0.0642199276166305,0.0642199276166305,1.7123260571740133
4,sympy__sympy-23262,1791015886.932586,9.07121205329895,16294,15680,614,0,0,185,429,185,0.059951504382540405,0.0,0.018023530700718503,0.018023530700718503,1.4021347800067088
22,django__django-13112,1791015887.2414546,85.99045658111572,26296,23520,2776,0,0,114,2662,114,0.29603473590520046,0.0,0.01200397062762304,0.01200397062762304,2.1962156736536964
15,django__django-13821,1791015889.4930544,3.388354778289795,20158,18816,1342,0,0,793,549,793,0.13577259487465856,0.0,0.08000965766504563,0.08000965766504563,1.7123260571740133
12,sympy__sympy-13757,1791015892.970195,13.047560691833496,13210,12544,666,0,0,329,337,329,0.06293925898040266,0.0,0.031035689322129974,0.031035689322129974,1.1018649432280587
15,django__django-13821,1791015893.0440478,4.068371772766113,20348,18816,1532,0,0,1342,190,1342,0.15514206911891762,0.0,0.13577259487465856,0.13577259487465856,1.7123260571740133
2,pytest-dev__pytest-6202,1791015893.0866976,4.849164962768555,4824,3136,1688,0,0,1279,409,1279,0.14437081777394228,0.0,0.10912610604528272,0.10912610604528272,0.26058407522403343
9,sympy__sympy-13757,1791015893.796262,6.225883483886719,33760,32928,832,0,0,323,509,323,0.09580591124792906,0.0,0.037110951168791026,0.037110951168791026,3.2309646292364778
23,pylint-dev__pylint-6528,1791015894.533909,8.41300344467163,15876,14112,1764,0,0,1134,630,1134,0.17047138606197698,0.0,0.10922838017591692,0.10922838017591692,1.250759681568802
18,django__django-10973,1791015895.0306268,10.260218381881714,8604,7840,764,0,0,44,720,44,0.06861272993816732,0.0,0.003935538440524594,0.003935538440524594,0.6700628887888102
15,django__django-13821,1791015897.957457,41.911346673965454,20764,18816,1948,0,0,1532,416,1532,0.19767818561344574,0.0,0.15514206911891762,0.15514206911891762,1.7123260571740133
2,pytest-dev__pytest-6202,1791015898.0798762,43.50055122375488,5580,4704,876,0,0,120,756,120,0.0759492075402764,0.0,0.01035824001618028,0.01035824001618028,0.39459665298179547
9,sympy__sympy-13757,1791015900.1777039,18.988397359848022,34122,32928,1194,0,0,832,362,832,0.1377087193589719,0.0,0.09580591124792906,0.09580591124792906,3.2309646292364778
3,django__django-13112,1791015901.8131158,534.8064343929291,37506,36064,1442,0,0,910,532,910,0.17105401513129453,0.0,0.10770250858437921,0.10770250858437921,3.59572382854138
23,pylint-dev__pylint-6528,1791015903.1062942,28.73947310447693,16428,15680,748,0,0,196,552,196,0.0730859422525277,0.0,0.019096287624070167,0.019096287624070167,1.4021347800067088
4,sympy__sympy-23262,1791015904.6152384,5.45465612411499,16563,15680,883,0,0,614,269,614,0.08633671634161855,0.0,0.059951504382540405,0.059951504382540405,1.4021347800067088
18,django__django-10973,1791015905.4917688,29.889891624450684,8800,7840,960,0,0,764,196,764,0.08630986035181581,0.0,0.06861272993816732,0.06861272993816732,0.6700628887888102
6,pytest-dev__pytest-6202,1791015908.0365942,7.943210601806641,12892,12544,348,0,0,48,300,48,0.03283135919137593,0.0,0.00452119968329162,0.00452119968329162,1.1018649432280587
4,sympy__sympy-23262,1791015910.3146398,80.67146158218384,17650,15680,1970,0,0,883,1087,883,0.19370001487993482,0.0,0.08633671634161855,0.08633671634161855,1.4021347800067088
27,pylint-dev__pylint-6528,1791015913.424048,4.949822425842285,1932,1568,364,364,0,0,0,0,0.03031319955668319,0.0,0.0,0.0,0.12905185756343496
6,pytest-dev__pytest-6202,1791015916.134443,4.287303924560547,13189,12544,645,0,0,348,297,348,0.06094785537726456,0.0,0.03283135919137593,0.03283135919137593,1.1018649432280587
19,pytest-dev__pytest-10051,1791015917.0958862,4.815915107727051,7137,6272,865,0,0,188,677,188,0.07635901878112926,0.0,0.016531747982491258,0.016531747982491258,0.531089590836721
27,pylint-dev__pylint-6528,1791015918.7485666,6.420163154602051,3281,1568,1713,0,0,364,1349,364,0.14382088283619288,0.0,0.03031319955668319,0.03031319955668319,0.12905185756343496
9,sympy__sympy-13757,1791015919.6143425,22.224682331085205,34718,32928,1790,0,0,1194,596,1194,0.2069858809392073,0.0,0.1377087193589719,0.1377087193589719,3.2309646292364778
12,sympy__sympy-13757,1791015920.2942135,5.948986768722534,13734,12544,1190,0,0,666,524,666,0.11277357268753037,0.0,0.06293925898040266,0.06293925898040266,1.1018649432280587
6,pytest-dev__pytest-6202,1791015920.5720363,15.76341700553894,13449,12544,905,0,0,645,260,645,0.0856346732412921,0.0,0.06094785537726456,0.06094785537726456,1.1018649432280587
19,pytest-dev__pytest-10051,1791015922.0601122,46.63225197792053,7338,6272,1066,0,0,865,201,865,0.09421063969829623,0.0,0.07635901878112926,0.07635901878112926,0.531089590836721
21,sympy__sympy-20916,1791015925.2292328,15.338195085525513,10438,9408,1030,0,0,720,310,720,0.09426897455449346,0.0,0.06578417228340566,0.06578417228340566,0.8115165468380628
27,pylint-dev__pylint-6528,1791015925.4298582,4.055561542510986,4178,3136,1042,0,0,145,897,145,0.0887803590470925,0.0,0.01228866517559442,0.01228866517559442,0.26058407522403343
27,pylint-dev__pylint-6528,1791015929.6376262,3.8685972690582275,6101,3136,2965,0,0,1042,1923,1042,0.25549962559760964,0.0,0.0887803590470925,0.0887803590470925,0.26058407522403343
23,pylint-dev__pylint-6528,1791015932.1136937,195.53545308113098,17011,15680,1331,0,0,748,583,748,0.13044140207310073,0.0,0.0730859422525277,0.0730859422525277,1.4021347800067088
27,pylint-dev__pylint-6528,1791015933.6456614,12.185139894485474,6877,4704,2173,0,0,1397,776,1397,0.18982076751503846,0.0,0.12148704783984761,0.12148704783984761,0.39459665298179547
18,django__django-10973,1791015935.5516362,4.344709634780884,8976,7840,1136,0,0,960,176,960,0.10223418654243739,0.0,0.08630986035181581,0.08630986035181581,0.6700628887888102
15,django__django-13821,1791015940.1512983,20.15764880180359,21129,20384,745,0,0,380,365,380,0.07632715169198231,0.0,0.0388620068840483,0.0388620068840483,1.8711422359034104
12,sympy__sympy-13757,1791015940.5279312,8.913318395614624,14044,12544,1500,0,0,1190,310,1190,0.1423861176871587,0.0,0.11277357268753037,0.11277357268753037,1.1018649432280587
18,django__django-10973,1791015940.9150755,13.78545331954956,9732,7840,1892,0,0,1136,756,1136,0.1709918164245467,0.0,0.10223418654243739,0.10223418654243739,0.6700628887888102
21,sympy__sympy-20916,1791015941.0014198,6.580169200897217,10697,9408,1289,0,0,1030,259,1030,0.1181419043552873,0.0,0.09426897455449346,0.09426897455449346,0.8115165468380628
2,pytest-dev__pytest-6202,1791015942.048682,4.89159369468689,6339,4704,1635,0,0,876,759,876,0.14238048210842222,0.0,0.0759492075402764,0.0759492075402764,0.39459665298179547
9,sympy__sympy-13757,1791015942.2468615,8.512981414794922,34934,34496,438,0,0,222,216,222,0.05104209186477848,0.0,0.02584646133533795,0.02584646133533795,3.412104048840347
27,pylint-dev__pylint-6528,1791015946.7159643,2.8895223140716553,7179,6272,907,0,0,605,302,605,0.08008583970722005,0.0,0.05332782966011287,0.05332782966011287,0.531089590836721
2,pytest-dev__pytest-6202,1791015947.0535355,11.626342058181763,6880,6272,608,0,0,67,541,67,0.05359318524185895,0.0,0.005887544253496651,0.005887544253496651,0.531089590836721
21,sympy__sympy-20916,1791015948.032877,16.008503437042236,10965,9408,1557,0,0,1289,268,1289,0.14291563773986302,0.0,0.1181419043552873,0.1181419043552873,0.8115165468380628
27,pylint-dev__pylint-6528,1791015949.7575388,674.0088739395142,8528,6272,2256,0,0,907,1349,907,0.20073430265894612,0.0,0.08008583970722005,0.08008583970722005,0.531089590836721
6,astropy__astropy-12907,1791015949.8606582,5.974903583526611,1688,1568,120,120,0,0,0,0,0.0099785930625328,0.0,0.0,0.0,0.12905185756343496
9,sympy__sympy-13757,1791015951.1771894,8.551602363586426,35186,34496,690,0,0,438,252,438,0.08049648347088034,0.0,0.05104209186477848,0.05104209186477848,3.412104048840347
20,django__django-11749,1791015953.2873726,22.707082271575928,14338,12544,1794,0,0,1459,335,1459,0.17055984622057757,0.0,0.13846405654775698,0.13846405654775698,1.1018649432280587
18,django__django-10973,1791015954.8257575,18.411463260650635,10472,9408,1064,0,0,324,740,324,0.09739901385916575,0.0,0.029538158375294044,0.029538158375294044,0.8115165468380628
6,astropy__astropy-12907,1791015956.385024,3.3577635288238525,1998,1568,430,0,0,120,310,120,0.035823864377191844,0.0,0.0099785930625328,0.0099785930625328,0.12905185756343496
2,pytest-dev__pytest-6202,1791015958.9071243,9.680787324905396,7319,6272,1047,0,0,608,439,608,0.09252142875876596,0.0,0.05359318524185895,0.05359318524185895,0.531089590836721
6,astropy__astropy-12907,1791015959.8986635,70.3972315788269,4666,1568,3098,0,0,430,2668,430,0.2622677146198557,0.0,0.035823864377191844,0.035823864377191844,0.12905185756343496
9,sympy__sympy-13757,1791015960.24038,164.53338050842285,35635,34496,1139,0,0,690,449,690,0.13313549464224728,0.0,0.08049648347088034,0.08049648347088034,3.412104048840347
15,django__django-13821,1791015960.464386,20.194999933242798,22085,20384,1701,0,0,745,956,745,0.17509205820893797,0.0,0.07632715169198231,0.07632715169198231,1.8711422359034104
12,sympy__sympy-13757,1791015963.4049678,4.00473952293396,14238,12544,1694,0,0,1500,194,1500,0.16096715960352825,0.0,0.1423861176871587,0.1423861176871587,1.1018649432280587
21,sympy__sympy-20916,1791015964.3088942,12.35573434829712,11286,9408,1878,0,0,1557,321,1557,0.17268402447568545,0.0,0.14291563773986302,0.14291563773986302,0.8115165468380628
19,pytest-dev__pytest-10051,1791015968.8468616,4.34296178817749,7710,6272,1438,0,0,1066,372,1066,0.12735698073040913,0.0,0.09421063969829623,0.09421063969829623,0.531089590836721
2,pytest-dev__pytest-6202,1791015968.9524558,14.328867197036743,7523,6272,1251,0,0,1047,204,1047,0.11067725672406908,0.0,0.09252142875876596,0.09252142875876596,0.531089590836721
25,django__django-15380,1791015970.0222135,46.30458188056946,17798,17248,550,0,0,494,56,494,0.054554756310536946,0.0,0.04898613592811425,0.04898613592811425,1.5559902385417792
16,django__django-14787,1791015971.6736155,25.598296642303467,9134,7840,1294,0,0,689,605,689,0.1165565077357759,0.0,0.06185112115468798,0.06185112115468798,0.6700628887888102
26,sympy__sympy-15875,1791015972.225952,231.21552443504333,4675,3136,1539,0,0,960,579,960,0.1315115160209738,0.0,0.08175409690804605,0.08175409690804605,0.26058407522403343
18,django__django-10973,1791015973.3603008,8.120768547058105,10805,9408,1397,0,0,1064,333,1064,0.12811663276791674,0.0,0.09739901385916575,0.09739901385916575,0.8115165468380628
19,pytest-dev__pytest-10051,1791015973.4551554,22.567420482635498,7859,6272,1587,0,0,1438,149,1438,0.14067249540627225,0.0,0.12735698073040913,0.12735698073040913,0.531089590836721
22,django__django-13112,1791015973.5045176,4.635221481323242,26889,25088,1801,0,0,1208,593,1208,0.1940231842119383,0.0,0.12977747688431235,0.12977747688431235,2.362472932674584
20,django__django-11749,1791015976.1826215,11.799341201782227,14856,14112,744,0,0,226,518,226,0.07151670162538529,0.0,0.02166510787983429,0.02166510787983429,1.250759681568802
30,sympy__sympy-18211,1791015976.5148175,259.1782283782959,14996,12544,2452,0,0,1532,920,1532,0.2339313108864065,0.0,0.14544841690245192,0.14544841690245192,1.1018649432280587
21,sympy__sympy-20916,1791015976.799278,167.62431073188782,11550,10976,574,0,0,310,264,310,0.053310320533569565,0.0,0.028750006329269266,0.028750006329269266,0.955450564984479
22,django__django-13112,1791015978.2928088,71.69213247299194,27451,26656,795,0,0,233,562,233,0.08650015216818979,0.0,0.02528556509388665,0.02528556509388665,2.5312105517926358
12,sympy__sympy-13757,1791015981.3240974,3.5880608558654785,14363,14112,251,0,0,126,125,126,0.024064855847779322,0.0,0.01207242126278498,0.01207242126278498,1.250759681568802
2,pytest-dev__pytest-6202,1791015983.7624323,4.151623249053955,7810,6272,1538,0,0,1251,287,1251,0.13629109610133525,0.0,0.11067725672406908,0.11067725672406908,0.531089590836721
31,sympy__sympy-18211,1791015984.0395699,3.976344585418701,14748,14112,636,0,0,257,379,257,0.06110059731087339,0.0,0.024640889182276523,0.024640889182276523,1.250759681568802
20,django__django-11749,1791015988.1561258,12.825605869293213,15211,14112,1099,0,0,744,355,744,0.10583773134433347,0.0,0.07151670162538529,0.07151670162538529,1.250759681568802
2,pytest-dev__pytest-6202,1791015988.2250562,47.339383363723755,8073,6272,1801,0,0,1538,263,1538,0.1598359760359826,0.0,0.13629109610133525,0.13629109610133525,0.531089590836721
31,sympy__sympy-18211,1791015988.3397532,212.01296591758728,15095,14112,983,0,0,636,347,636,0.09460898778700602,0.0,0.06110059731087339,0.06110059731087339,1.250759681568802
15,django__django-10973,1791015989.121318,4.652790784835815,1426,0,1426,1426,0,0,0,0,0.11726262222853152,0.0,0.0,0.0,0.0
4,sympy__sympy-23262,1791015991.1526628,6.267059326171875,17922,17248,674,0,0,402,272,402,0.0668965315344631,0.0,0.03984455634486443,0.03984455634486443,1.5559902385417792
15,django__django-10973,1791015994.3352973,4.699173450469971,1646,0,1646,0,0,1426,220,1426,0.1355362905729214,0.0,0.11726262222853152,0.11726262222853152,0.0
18,django__django-11749,1791015995.027255,6.820474147796631,1633,1568,65,65,0,0,0,0,0.005403267939352256,0.0,0.0,0.0,0.12905185756343496
16,django__django-14787,1791015997.4294555,193.65861749649048,9488,7840,1648,0,0,1294,354,1294,0.14873718420180923,0.0,0.1165565077357759,0.1165565077357759,0.6700628887888102
4,sympy__sympy-23262,1791015997.6792939,25.58504581451416,18919,17248,1671,0,0,674,997,674,0.16669214443116936,0.0,0.0668965315344631,0.0668965315344631,1.5559902385417792
19,pytest-dev__pytest-10051,1791015997.847366,252.63070511817932,8221,7840,381,0,0,19,362,19,0.03414295119605802,0.0,0.0016991974541831223,0.0016991974541831223,0.6700628887888102
12,sympy__sympy-13757,1791015998.957394,16.74595594406128,14510,14112,398,0,0,251,147,251,0.038188127664145186,0.0,0.024064855847779322,0.024064855847779322,1.250759681568802
15,django__django-10973,1791015999.2984931,9.657999038696289,2338,1568,770,0,0,78,692,78,0.06428176788400693,0.0,0.00648443300948647,0.00648443300948647,0.12905185756343496
20,django__django-11749,1791016001.1278756,12.979956150054932,15508,14112,1396,0,0,1099,297,1099,0.13464905953967157,0.0,0.10583773134433347,0.10583773134433347,1.250759681568802
1,django__django-11749,1791016002.22622,274.68913221359253,11954,10976,978,0,0,426,552,426,0.09103117272198184,0.0,0.039532999651192224,0.039532999651192224,0.955450564984479
18,django__django-11749,1791016003.0383723,3.1070826053619385,1958,1568,390,0,0,65,325,65,0.03248354291908391,0.0,0.005403267939352256,0.005403267939352256,0.12905185756343496
18,django__django-11749,1791016006.277472,3.8471627235412598,2051,1568,483,0,0,390,93,390,0.04025227659723031,0.0,0.03248354291908391,0.03248354291908391,0.12905185756343496
15,django__django-10973,1791016009.3573394,3.137403726577759,3286,1568,1718,0,0,770,948,770,0.14424500822649725,0.0,0.06428176788400693,0.06428176788400693,0.12905185756343496
18,django__django-11749,1791016010.5075266,2.7101991176605225,2216,1568,648,0,0,483,165,483,0.05405698694364646,0.0,0.04025227659723031,0.04025227659723031,0.12905185756343496
15,django__django-10973,1791016012.6482427,277.4023323059082,4400,3136,1264,0,0,150,1114,150,0.10783672081920787,0.0,0.012712790565898765,0.012712790565898765,0.26058407522403343
18,django__django-11749,1791016013.3339903,4.114511966705322,4651,1568,3083,0,0,648,2435,648,0.260974531108331,0.0,0.05405698694364646,0.05405698694364646,0.12905185756343496
20,django__django-11749,1791016014.2771902,7.646235942840576,15917,14112,1805,0,0,1396,409,1396,0.17447091910962553,0.0,0.13464905953967157,0.13464905953967157,1.250759681568802
12,sympy__sympy-13757,1791016015.8376315,6.684017658233643,14963,14112,851,0,0,398,453,398,0.08184796472038419,0.0,0.038188127664145186,0.038188127664145186,1.250759681568802
25,django__django-15380,1791016016.6627433,71.38661766052246,18355,17248,1107,0,0,550,557,550,0.11011487098414881,0.0,0.054554756310536946,0.054554756310536946,1.5559902385417792
18,django__django-11749,1791016017.5811167,116.52692079544067,5533,3136,2397,0,0,1515,882,1515,0.20586723116227412,0.0,0.12944231344773255,0.12944231344773255,0.26058407522403343
28,pytest-dev__pytest-5631,1791016020.3417816,9.059869766235352,4015,3136,879,0,0,431,448,431,0.07482018075490338,0.0,0.03658917574913866,0.03658917574913866,0.26058407522403343
20,django__django-11749,1791016022.235594,27.17923355102539,16225,15680,545,0,0,237,308,237,0.05319531447766869,0.0,0.023095820671718708,0.023095820671718708,1.4021347800067088
12,sympy__sympy-13757,1791016022.9483469,13.02302098274231,15190,14112,1078,0,0,851,227,851,0.10380393524374845,0.0,0.08184796472038419,0.08184796472038419,1.250759681568802
4,sympy__sympy-23262,1791016023.3984535,40.84214806556702,19256,18816,440,0,0,103,337,103,0.04431541051713227,0.0,0.010356325798935445,0.010356325798935445,1.7123260571740133
6,astropy__astropy-12907,1791016030.4384663,5.682892560958862,4971,3136,1835,0,0,1530,305,1530,0.1570794597891975,0.0,0.13073549695925724,0.13073549695925724,0.26058407522403343
12,sympy__sympy-13757,1791016036.126157,4.443733215332031,15609,14112,1497,0,0,1078,419,1078,0.14446712797324088,0.0,0.10380393524374845,0.10380393524374845,1.250759681568802
6,astropy__astropy-12907,1791016036.4004366,8.244662284851074,5505,4704,801,0,0,267,534,267,0.06941640384046854,0.0,0.023066882031435476,0.023066882031435476,0.39459665298179547
28,pytest-dev__pytest-5631,1791016037.714443,25.26011824607849,4287,3136,1151,0,0,879,272,879,0.09813064805246471,0.0,0.07482018075490338,0.07482018075490338,0.26058407522403343
2,pytest-dev__pytest-6202,1791016037.9330337,55.78958034515381,8877,7840,1037,0,0,233,804,233,0.09327290786366772,0.0,0.020862678083893495,0.020862678083893495,0.6700628887888102
6,astropy__astropy-12907,1791016046.1698246,167.21526670455933,5841,4704,1137,0,0,801,336,801,0.09872760006511758,0.0,0.06941640384046854,0.06941640384046854,0.39459665298179547
12,django__django-12262,1791016047.4279227,8.28768539428711,1590,1568,22,22,0,0,0,0,0.0018283211977950437,0.0,0.0,0.0,0.12905185756343496
20,django__django-11749,1791016049.589807,21.00874400138855,16599,15680,919,0,0,545,374,545,0.08987336131055926,0.0,0.05319531447766869,0.05319531447766869,1.4021347800067088
22,django__django-13112,1791016051.055459,6.333847761154175,28015,26656,1359,0,0,795,564,795,0.14825292397132456,0.0,0.08650015216818979,0.08650015216818979,2.5312105517926358
12,django__django-12262,1791016056.491871,9.563312768936157,2892,1568,1324,0,0,22,1302,22,0.11090123796424055,0.0,0.0018283211977950437,0.0018283211977950437,0.12905185756343496
22,django__django-13112,1791016057.8892777,18.031160831451416,28609,26656,1953,0,0,1359,594,1359,0.21363738424504894,0.0,0.14825292397132456,0.14825292397132456,2.5312105517926358
28,pytest-dev__pytest-5631,1791016063.3839638,168.75192022323608,4818,3136,1682,0,0,1151,531,1151,0.1438525607495944,0.0,0.09813064805246471,0.09813064805246471,0.26058407522403343
4,sympy__sympy-23262,1791016064.632679,18.696852207183838,19731,18816,915,0,0,440,475,440,0.09237514421420834,0.0,0.04431541051713227,0.04431541051713227,1.7123260571740133
12,django__django-12262,1791016066.335236,132.85387110710144,5367,1568,3799,0,0,1324,2475,1324,0.3229556673837871,0.0,0.11090123796424055,0.11090123796424055,0.12905185756343496
20,django__django-11749,1791016070.7510407,7.509809732437134,16964,15680,1284,0,0,919,365,919,0.12580484117879104,0.0,0.08987336131055926,0.08987336131055926,1.4021347800067088
10,sympy__sympy-15875,1791016072.574717,203.85856819152832,5878,4704,1174,0,0,766,408,766,0.10196228258359413,0.0,0.06636970413234862,0.06636970413234862,0.39459665298179547
29,sympy__sympy-15875,1791016074.7933013,141.22446489334106,6918,6272,646,0,0,304,342,304,0.05695514183092569,0.0,0.026749976107233307,0.026749976107233307,0.531089590836721
22,django__django-13112,1791016076.33856,98.90873885154724,28943,28224,719,0,0,385,334,385,0.07934075068283131,0.0,0.042419405029833754,0.042419405029833754,2.702428531007851
20,django__django-11749,1791016078.4278421,7.04198431968689,17574,15680,1894,0,0,1284,610,1284,0.18615471566359892,0.0,0.12580484117879104,0.12580484117879104,1.4021347800067088
4,sympy__sympy-23262,1791016083.5022154,5.510462999343872,20207,18816,1391,0,0,915,476,915,0.14076439529725687,0.0,0.09237514421420834,0.09237514421420834,1.7123260571740133
20,django__django-11749,1791016085.644424,97.22486805915833,18213,17248,965,0,0,326,639,326,0.09592080745955311,0.0,0.03229925712852855,0.03229925712852855,1.5559902385417792
25,django__django-15380,1791016088.3761542,11.542450189590454,19003,17248,1755,0,0,1107,648,1107,0.1751460034694896,0.0,0.11011487098414881,0.11011487098414881,1.5559902385417792
4,sympy__sympy-23262,1791016089.4864326,25.030667066574097,20710,18816,1894,0,0,1391,503,1391,0.19214681008200166,0.0,0.14076439529725687,0.14076439529725687,1.7123260571740133
2,pytest-dev__pytest-6202,1791016093.9982674,3.483112335205078,9273,7840,1433,0,0,1037,396,1037,0.12917734846829837,0.0,0.09327290786366772,0.09327290786366772,0.6700628887888102
8,pytest-dev__pytest-10051,1791016095.7067344,10.845512866973877,10491,9408,1083,0,0,724,359,724,0.09914866142192136,0.0,0.06615110070861839,0.06615110070861839,0.8115165468380628
2,pytest-dev__pytest-6202,1791016097.6006098,6.272981882095337,9967,7840,2127,0,0,1433,694,1433,0.1924823611451998,0.0,0.12917734846829837,0.12917734846829837,0.6700628887888102
25,django__django-15380,1791016100.0652728,11.521165370941162,19261,18816,445,0,0,187,258,187,0.044820117062896306,0.0,0.01881018483725568,0.01881018483725568,1.7123260571740133
2,pytest-dev__pytest-6202,1791016104.13198,48.40691590309143,10538,9408,1130,0,0,559,571,559,0.10347830168390978,0.0,0.05102870309594714,0.05102870309594714,0.8115165468380628
8,pytest-dev__pytest-10051,1791016106.7055745,14.90177321434021,10773,9408,1365,0,0,1083,282,1083,0.1251599309323328,0.0,0.09914866142192136,0.09914866142192136,0.8115165468380628
25,django__django-15380,1791016111.7880735,2.872957468032837,19541,18816,725,0,0,445,280,445,0.07312393637188407,0.0,0.044820117062896306,0.044820117062896306,1.7123260571740133
4,sympy__sympy-23262,1791016114.9298475,5.468578338623047,21376,20384,992,0,0,326,666,326,0.10175652728464704,0.0,0.03333063135260421,0.03333063135260421,1.8711422359034104
25,django__django-15380,1791016115.020531,5.620899677276611,19648,18816,832,0,0,725,107,725,0.08396092629412764,0.0,0.07312393637188407,0.07312393637188407,1.7123260571740133
4,sympy__sympy-23262,1791016120.7896352,5.2282328605651855,21687,20384,1303,0,0,992,311,992,0.1338624269887657,0.0,0.10175652728464704,0.10175652728464704,1.8711422359034104
25,django__django-15380,1791016120.8335392,3.9566829204559326,19791,18816,975,0,0,832,143,832,0.09846203931219824,0.0,0.08396092629412764,0.08396092629412764,1.7123260571740133
8,pytest-dev__pytest-10051,1791016121.740823,128.63193225860596,11161,9408,1753,0,0,1365,388,1365,0.1610796152668249,0.0,0.1251599309323328,0.1251599309323328,0.8115165468380628
5,django__django-14787,1791016123.9497602,76.92299580574036,11357,9408,1949,0,0,1386,563,1386,0.17928234842030497,0.0,0.12710014999082733,0.12710014999082733,0.8115165468380628
25,django__django-15380,1791016125.2373528,3.120598077774048,20267,18816,1451,0,0,975,476,975,0.14688010288726466,0.0,0.09846203931219824,0.09846203931219824,1.7123260571740133
9,sympy__sympy-13757,1791016125.3347182,83.6681478023529,36114,34496,1618,0,0,1139,479,1139,0.1895158098766479,0.0,0.13313549464224728,0.13313549464224728,3.412104048840347
4,sympy__sympy-23262,1791016126.1838934,4.46405553817749,21822,20384,1438,0,0,1303,135,1303,0.14782944270584955,0.0,0.1338624269887657,0.1338624269887657,1.8711422359034104
23,pylint-dev__pylint-6528,1791016128.2618694,238.6352572441101,17238,15680,1558,0,0,1331,227,1331,0.15286637862899818,0.0,0.13044140207310073,0.13044140207310073,1.4021347800067088
25,django__django-15380,1791016128.5252237,2.893977403640747,20375,18816,1559,0,0,1451,108,1451,0.15789752875262553,0.0,0.14688010288726466,0.14688010288726466,1.7123260571740133
4,sympy__sympy-23262,1791016131.8909366,11.122877836227417,22130,20384,1746,0,0,1438,308,1438,0.1797637555500564,0.0,0.14782944270584955,0.14782944270584955,1.8711422359034104
25,django__django-15380,1791016132.3732502,4.434657096862793,20588,18816,1772,0,0,1559,213,1559,0.1796608296105129,0.0,0.15789752875262553,0.15789752875262553,1.7123260571740133
18,django__django-11749,1791016134.4101675,225.33686757087708,6086,4704,1382,0,0,829,553,829,0.12017214903103002,0.0,0.07185465340451208,0.07185465340451208,0.39459665298179547
13,django__django-11749,1791016134.7931774,121.59879565238953,14388,12544,1844,0,0,1433,411,1433,0.1753599726819407,0.0,0.13597777452550885,0.13597777452550885,1.1018649432280587
14,pytest-dev__pytest-10051,1791016137.8523242,373.65521717071533,11147,9408,1739,0,0,601,1138,601,0.15978090303748899,0.0,0.05487543483440649,0.05487543483440649,0.8115165468380628
25,django__django-15380,1791016140.216167,35.0332670211792,20846,20384,462,0,0,204,258,204,0.04726712835748699,0.0,0.020844650881115433,0.020844650881115433,1.8711422359034104
4,sympy__sympy-23262,1791016144.6836846,9.771968126296997,22532,21952,580,0,0,178,402,178,0.06029168761964122,0.0,0.018467216723495383,0.018467216723495383,2.0324387747299717
21,sympy__sympy-20916,1791016144.706572,371.94609022140503,14266,10976,3290,0,0,574,2716,574,0.3100664731883988,0.0,0.053310320533569565,0.053310320533569565,0.955450564984479
2,pytest-dev__pytest-6202,1791016152.8322668,10.586059093475342,10873,9408,1465,0,0,1130,335,1130,0.13440305422710624,0.0,0.10347830168390978,0.10347830168390978,0.8115165468380628
4,sympy__sympy-23262,1791016154.8446934,4.087063789367676,22839,21952,887,0,0,580,307,580,0.09234205979266989,0.0,0.06029168761964122,0.06029168761964122,2.0324387747299717
4,sympy__sympy-23262,1791016159.0674493,4.6505961418151855,23144,21952,1192,0,0,887,305,887,0.12427778986068913,0.0,0.09234205979266989,0.09234205979266989,2.0324387747299717
2,pytest-dev__pytest-6202,1791016163.6272464,8.210240125656128,11141,9408,1733,0,0,1465,268,1465,0.15922437261250474,0.0,0.13440305422710624,0.13440305422710624,0.8115165468380628
4,sympy__sympy-23262,1791016164.0909472,5.613707542419434,23341,21952,1389,0,0,1192,197,1192,0.14495501441418646,0.0,0.12427778986068913,0.12427778986068913,2.0324387747299717
4,sympy__sympy-23262,1791016169.846188,14.486590147018433,23708,21952,1756,0,0,1389,367,1389,0.1835799381568116,0.0,0.14495501441418646,0.14495501441418646,2.0324387747299717
2,pytest-dev__pytest-6202,1791016171.967459,11.472943544387817,11334,10976,358,0,0,165,193,165,0.033210288172294496,0.0,0.015290354466088557,0.015290354466088557,0.955450564984479
25,django__django-15380,1791016175.6219192,5.544677972793579,21771,20384,1387,0,0,462,925,462,0.14255085360916098,0.0,0.04726712835748699,0.04726712835748699,1.8711422359034104
22,django__django-13112,1791016175.690825,16.384337425231934,29216,28224,992,0,0,719,273,719,0.10960256432669499,0.0,0.07934075068283131,0.07934075068283131,2.702428531007851
17,pylint-dev__pylint-6528,1791016180.9556625,4.971733093261719,15774,14112,1662,0,0,1288,374,1288,0.1605286857117599,0.0,0.12416191669441975,0.12416191669441975,1.250759681568802
25,django__django-15380,1791016181.3147535,7.438717603683472,22122,20384,1738,0,0,1387,351,1387,0.17893308226986998,0.0,0.14255085360916098,0.14255085360916098,1.8711422359034104
20,django__django-11749,1791016183.0446327,59.10281753540039,18729,17248,1481,0,0,965,516,965,0.14759658054082408,0.0,0.09592080745955311,0.09592080745955311,1.5559902385417792
2,pytest-dev__pytest-6202,1791016183.6166065,3.433983325958252,11619,10976,643,0,0,358,285,358,0.05974108363127494,0.0,0.033210288172294496,0.033210288172294496,0.955450564984479
4,sympy__sympy-23262,1791016184.607524,8.819762706756592,24032,23520,512,0,0,188,324,188,0.054015358603384044,0.0,0.01980303923308705,0.01980303923308705,2.1962156736536964
17,pylint-dev__pylint-6528,1791016186.082368,73.20427751541138,16395,15680,715,0,0,94,621,94,0.06984966064843925,0.0,0.009153587273853098,0.009153587273853098,1.4021347800067088
2,pytest-dev__pytest-6202,1791016187.2356772,5.366425514221191,12096,10976,1120,0,0,643,477,643,0.10432860077631578,0.0,0.05974108363127494,0.05974108363127494,0.955450564984479
25,django__django-15380,1791016188.9008667,12.290602207183838,22509,21952,557,0,0,170,387,170,0.057894348222497276,0.0,0.01763654344330897,0.01763654344330897,2.0324387747299717
16,django__django-14787,1791016191.2260618,44.99400186538696,9947,9408,539,0,0,80,459,80,0.04919755155890246,0.0,0.007283526152556582,0.007283526152556582,0.8115165468380628
22,django__django-13112,1791016192.7708437,105.50444006919861,29780,28224,1556,0,0,992,564,992,0.1723595967497222,0.0,0.10960256432669499,0.10960256432669499,2.702428531007851
2,pytest-dev__pytest-6202,1791016192.8707259,3.050785779953003,12225,10976,1249,0,0,1120,129,1120,0.11642629268867215,0.0,0.10432860077631578,0.10432860077631578,0.955450564984479
4,sympy__sympy-23262,1791016193.8063238,23.72420334815979,24484,23520,964,0,0,512,452,512,0.10192058245310157,0.0,0.054015358603384044,0.054015358603384044,2.1962156736536964
2,pytest-dev__pytest-6202,1791016196.1757166,4.272831439971924,12553,10976,1577,0,0,1249,328,1249,0.1472619261326441,0.0,0.11642629268867215,0.11642629268867215,0.955450564984479
12,django__django-12262,1791016199.413476,3.6827352046966553,6029,4704,1325,0,0,663,662,663,0.11517760369875639,0.0,0.05741087196542666,0.05741087196542666,0.39459665298179547
31,sympy__sympy-18211,1791016200.6198761,59.69388723373413,16587,14112,2475,0,0,983,1492,983,0.24006943281908352,0.0,0.09460898778700602,0.09460898778700602,1.250759681568802
2,pytest-dev__pytest-6202,1791016200.8204608,3.493255615234375,12666,12544,122,0,0,9,113,9,0.011495936435542978,0.0,0.0008475478890643378,0.0008475478890643378,1.1018649432280587
5,django__django-14787,1791016201.052363,13.11499834060669,11799,10976,823,0,0,381,442,381,0.07653959548578217,0.0,0.03534833027388878,0.03534833027388878,0.955450564984479
12,django__django-12262,1791016203.2118373,120.9985454082489,6807,4704,2103,0,0,1325,778,1325,0.1836317148624304,0.0,0.11517760369875639,0.11517760369875639,0.39459665298179547
26,sympy__sympy-15875,1791016203.7389803,3.726320743560791,5222,3136,2086,0,0,1539,547,1539,0.178829640483846,0.0,0.1315115160209738,0.1315115160209738,0.26058407522403343
2,pytest-dev__pytest-6202,1791016204.6684756,32.73584485054016,12954,12544,410,0,0,122,288,122,0.03869344670068761,0.0,0.011495936435542978,0.011495936435542978,1.1018649432280587
26,sympy__sympy-15875,1791016207.6290936,3.7365176677703857,5832,4704,1128,0,0,518,610,518,0.0979409942284978,0.0,0.04481706272608396,0.04481706272608396,0.39459665298179547
9,sympy__sympy-13757,1791016209.4021685,6.549099445343018,36363,36064,299,0,0,50,249,50,0.03529581505177473,0.0,0.005896030175614996,0.005896030175614996,3.59572382854138
26,sympy__sympy-15875,1791016211.4960246,394.5863347053528,6063,4704,1359,0,0,1128,231,1128,0.11815641172092049,0.0,0.0979409942284978,0.0979409942284978,0.39459665298179547
6,astropy__astropy-12907,1791016213.5368903,107.27057385444641,7498,4704,2794,0,0,1137,1657,1137,0.24494295838048444,0.0,0.09872760006511758,0.09872760006511758,0.39459665298179547
5,django__django-14787,1791016214.301864,20.796283960342407,12199,10976,1223,0,0,823,400,823,0.11398664735693533,0.0,0.07653959548578217,0.07653959548578217,0.955450564984479
29,sympy__sympy-15875,1791016216.1371405,196.7782437801361,7344,6272,1072,0,0,646,426,646,0.09474415039488887,0.0,0.05695514183092569,0.05695514183092569,0.531089590836721
9,sympy__sympy-13757,1791016216.3692732,31.61632251739502,36701,36064,637,0,0,299,338,299,0.0753040368008301,0.0,0.03529581505177473,0.03529581505177473,3.59572382854138
25,django__django-13112,1791016216.9912689,9.163515090942383,1856,1568,288,288,0,0,0,0,0.023973029225670343,0.0,0.0,0.0,0.12905185756343496
4,django__django-13821,1791016222.8367531,5.110286474227905,1507,0,1507,0,17248,1321,0,18569,0.1239849753953794,1.5559902385417792,0.13154435322699046,1.6875345917687696,0.0
25,django__django-13112,1791016226.540917,4.567202806472778,2239,1568,671,0,0,288,383,288,0.05598346101474216,0.0,0.023973029225670343,0.023973029225670343,0.12905185756343496
4,django__django-13821,1791016228.3034751,6.895543575286865,1843,0,1843,0,0,1507,336,1507,0.15194096758370462,0.0,0.1239849753953794,0.1239849753953794,0.0
25,django__django-13112,1791016231.8154914,2.3759875297546387,2723,1568,1155,0,0,671,484,671,0.09664695495780405,0.0,0.05598346101474216,0.05598346101474216,0.12905185756343496
28,pytest-dev__pytest-5631,1791016232.3931117,5.524973154067993,5756,4704,1052,0,0,114,938,114,0.09130180349713123,0.0,0.009839982991832396,0.009839982991832396,0.39459665298179547
25,django__django-13112,1791016234.367783,12.021982669830322,4759,1568,3191,0,0,1155,2036,1155,0.2702905187895901,0.0,0.09664695495780405,0.09664695495780405,0.12905185756343496
5,django__django-14787,1791016235.2911446,4.800374984741211,12720,10976,1744,0,0,1223,521,1223,0.16300347399793505,0.0,0.11398664735693533,0.11398664735693533,0.955450564984479
4,django__django-13821,1791016235.4427538,3.7055106163024902,2169,1568,601,0,0,275,326,275,0.05012193860227865,0.0,0.02288911002026971,0.02288911002026971,0.12905185756343496
30,sympy__sympy-18211,1791016235.9507468,53.965795278549194,16296,14112,2184,0,0,884,1300,884,0.21152250603958653,0.0,0.0850365725456632,0.0850365725456632,1.250759681568802
16,django__django-14787,1791016236.380809,228.93302536010742,10291,9408,883,0,0,539,344,539,0.08074957867377311,0.0,0.04919755155890246,0.04919755155890246,0.8115165468380628
2,pytest-dev__pytest-6202,1791016237.6681135,57.65456461906433,13865,12544,1321,0,0,410,911,410,0.12527543290488644,0.0,0.03869344670068761,0.03869344670068761,1.1018649432280587
28,pytest-dev__pytest-5631,1791016238.165438,3.436833620071411,7101,4704,2397,0,0,1052,1345,1052,0.20965895511182833,0.0,0.09130180349713123,0.09130180349713123,0.39459665298179547
4,django__django-13821,1791016239.2941337,3.6116886138916016,5261,1568,3693,0,0,601,3092,601,0.31374707328669893,0.0,0.05012193860227865,0.05012193860227865,0.12905185756343496
5,django__django-14787,1791016240.229887,5.216218948364258,12831,12544,287,0,0,176,111,176,0.027067606146701156,0.0,0.01658909575435532,0.01658909575435532,1.1018649432280587
28,pytest-dev__pytest-5631,1791016241.7729464,420.5939893722534,7578,6272,1306,0,0,829,477,829,0.11557939581045674,0.0,0.07316601725690276,0.07316601725690276,0.531089590836721
20,django__django-11749,1791016242.3398883,41.04156255722046,19137,17248,1889,0,0,1481,408,1481,0.18864665658728663,0.0,0.14759658054082408,0.14759658054082408,1.5559902385417792
4,django__django-13821,1791016243.0341513,7.250154256820679,6460,4704,1756,0,0,557,1199,557,0.15302468583741682,0.0,0.04820227786833845,0.04820227786833845,0.39459665298179547
5,django__django-14787,1791016245.6141553,4.599296569824219,13040,12544,496,0,0,287,209,287,0.04683114963747124,0.0,0.027067606146701156,0.027067606146701156,1.1018649432280587
25,django__django-13112,1791016246.7278883,8.870537042617798,5136,4704,432,0,0,55,377,55,0.03735765185453996,0.0,0.0047457233712296185,0.0047457233712296185,0.39459665298179547
9,sympy__sympy-13757,1791016248.2765944,65.8959367275238,37232,36064,1168,0,0,637,531,637,0.13838994913865427,0.0,0.0753040368008301,0.0753040368008301,3.59572382854138
5,django__django-14787,1791016250.5180738,10.129053592681885,13565,12544,1021,0,0,496,525,496,0.09667079277985458,0.0,0.04683114963747124,0.04683114963747124,1.1018649432280587
8,pytest-dev__pytest-10051,1791016250.5180898,3.629575729370117,11540,10976,564,0,0,185,379,185,0.05237872437382719,0.0,0.017145597120408702,0.017145597120408702,0.955450564984479
4,django__django-13821,1791016250.5572162,20.748672246932983,7068,6272,796,0,0,188,608,188,0.0702402477582302,0.0,0.016531747982491258,0.016531747982491258,0.531089590836721
19,pytest-dev__pytest-10051,1791016250.6182387,262.2187030315399,8663,7840,823,0,0,381,442,381,0.0739358501286832,0.0,0.03414295119605802,0.03414295119605802,0.6700628887888102
8,pytest-dev__pytest-10051,1791016254.424537,29.28184413909912,11754,10976,778,0,0,564,214,564,0.0723369031683562,0.0,0.05237872437382719,0.05237872437382719,0.955450564984479
25,django__django-13112,1791016255.977935,4.140934705734253,6114,4704,1410,0,0,432,978,432,0.12262681041650728,0.0,0.03735765185453996,0.03735765185453996,0.39459665298179547
13,django__django-11749,1791016256.5566933,324.12620735168457,14829,14112,717,0,0,276,441,276,0.06891157237938961,0.0,0.02646523434119743,0.02646523434119743,1.250759681568802
17,pylint-dev__pylint-6528,1791016259.555463,7.652608871459961,16941,15680,1261,0,0,715,546,715,0.12353669796434245,0.0,0.06984966064843925,0.06984966064843925,1.4021347800067088
25,django__django-13112,1791016260.2536745,2.7955362796783447,6222,4704,1518,0,0,1410,108,1410,0.13210219897272418,0.0,0.12262681041650728,0.12262681041650728,0.39459665298179547
31,sympy__sympy-18211,1791016260.5712538,76.49783086776733,17148,15680,1468,0,0,907,561,907,0.14396919925775475,0.0,0.0886943343811767,0.0886943343811767,1.4021347800067088
5,django__django-14787,1791016260.8336697,3.552553653717041,13696,12544,1152,0,0,1021,131,1021,0.10915031827169301,0.0,0.09667079277985458,0.09667079277985458,1.1018649432280587
25,django__django-13112,1791016263.263922,4.149440765380859,6374,4704,1670,0,0,1518,152,1518,0.14545786570816413,0.0,0.13210219897272418,0.13210219897272418,0.39459665298179547
5,django__django-14787,1791016265.4966195,3.7383100986480713,14337,12544,1793,0,0,1152,641,1152,0.17046386941678962,0.0,0.10915031827169301,0.10915031827169301,1.1018649432280587
17,pylint-dev__pylint-6528,1791016267.4892635,271.5116751194,19914,15680,4234,0,0,1261,2973,1261,0.4211428054286807,0.0,0.12353669796434245,0.12353669796434245,1.4021347800067088
25,django__django-13112,1791016267.7231064,8.777744054794312,7597,6272,1325,0,0,102,1223,102,0.11727357125535186,0.0,0.008964927853238557,0.008964927853238557,0.531089590836721
5,django__django-14787,1791016269.3923175,2.6486005783081055,14523,14112,411,0,0,225,186,225,0.03943817368583006,0.0,0.02156913107604633,0.02156913107604633,1.250759681568802
4,django__django-13821,1791016272.0792048,13.879160165786743,15815,6272,9543,0,0,796,8747,796,0.884194090519444,0.0,0.0702402477582302,0.0702402477582302,0.531089590836721
5,django__django-14787,1791016272.79714,47.899410247802734,14663,14112,551,0,0,411,140,411,0.05291101245001996,0.0,0.03943817368583006,0.03943817368583006,1.250759681568802
25,django__django-13112,1791016276.6465526,11.28310489654541,7753,6272,1481,0,0,1325,156,1325,0.13119741400555976,0.0,0.11727357125535186,0.11727357125535186,0.531089590836721
10,sympy__sympy-15875,1791016276.8707733,36.11365056037903,6188,4704,1484,0,0,1174,310,1174,0.12911793715742811,0.0,0.10196228258359413,0.10196228258359413,0.39459665298179547
1,django__django-11749,1791016277.1339803,25.52793860435486,12321,10976,1345,0,0,978,367,978,0.12544012168501917,0.0,0.09103117272198184,0.09103117272198184,0.955450564984479
20,django__django-11749,1791016283.558343,72.61962628364563,19583,18816,767,0,0,321,446,321,0.07737633104943058,0.0,0.03231083795505271,0.03231083795505271,1.7123260571740133
8,pytest-dev__pytest-10051,1791016284.2185063,5.333641290664673,12690,10976,1714,0,0,778,936,778,0.16017357786036682,0.0,0.0723369031683562,0.0723369031683562,0.955450564984479
4,django__django-13821,1791016286.4103785,20.145475149154663,16487,15680,807,0,0,135,672,135,0.07887475947789406,0.0,0.013148901349456163,0.013148901349456163,1.4021347800067088
25,django__django-13112,1791016288.1051166,3.1651909351348877,8144,6272,1872,0,0,1481,391,1481,0.1662041602006092,0.0,0.13119741400555976,0.13119741400555976,0.531089590836721
30,sympy__sympy-18211,1791016290.2276268,371.72183084487915,16739,15680,1059,0,0,616,443,616,0.10363940955234298,0.0,0.0601474076016797,0.0601474076016797,1.4021347800067088
15,django__django-10973,1791016290.9683518,205.0600802898407,6101,3136,2965,0,0,1264,1701,1264,0.25549962559760964,0.0,0.10783672081920787,0.10783672081920787,0.26058407522403343
8,pytest-dev__pytest-10051,1791016291.0100596,8.848337173461914,12839,12544,295,0,0,146,149,146,0.027823294311106563,0.0,0.013759199616787081,0.013759199616787081,1.1018649432280587
25,django__django-13112,1791016291.4100876,36.93765306472778,8716,7840,876,0,0,304,572,304,0.07872063030190302,0.0,0.027230862248520116,0.027230862248520116,0.6700628887888102
2,pytest-dev__pytest-6202,1791016295.5732014,7.006267786026001,14080,12544,1536,0,0,1321,215,1321,0.1458312769408981,0.0,0.12527543290488644,0.12527543290488644,1.1018649432280587
22,django__django-13112,1791016298.5548398,513.5723793506622,30411,28224,2187,0,0,1556,631,1556,0.24295216422061522,0.0,0.1723595967497222,0.1723595967497222,2.702428531007851
8,pytest-dev__pytest-10051,1791016299.97911,105.39779925346375,13142,12544,598,0,0,295,303,295,0.05649251658348506,0.0,0.027823294311106563,0.027823294311106563,1.1018649432280587
1,django__django-11749,1791016302.8584425,31.914663076400757,12908,10976,1932,0,0,1345,587,1345,0.1807581629581537,0.0,0.12544012168501917,0.12544012168501917,0.955450564984479
2,pytest-dev__pytest-6202,1791016302.8833597,4.9494948387146,14520,12544,1976,0,0,1536,440,1536,0.18804442473511163,0.0,0.1458312769408981,0.1458312769408981,1.1018649432280587
4,django__django-13821,1791016306.9951508,3.2924351692199707,16861,15680,1181,0,0,807,374,807,0.11565166059887459,0.0,0.07887475947789406,0.07887475947789406,1.4021347800067088
2,pytest-dev__pytest-6202,1791016307.9596033,26.729540586471558,17182,14112,3070,0,0,408,2662,408,0.2987044939306196,0.0,0.039149686394368347,0.039149686394368347,1.250759681568802
4,django__django-13821,1791016310.4305625,150.86983251571655,19298,15680,3618,0,0,1181,2437,1181,0.35874700653812264,0.0,0.11565166059887459,0.11565166059887459,1.4021347800067088
10,sympy__sympy-15875,1791016313.4573233,39.98678994178772,6439,4704,1735,0,0,1484,251,1484,0.1511762854115734,0.0,0.12911793715742811,0.12911793715742811,0.39459665298179547
9,sympy__sympy-13757,1791016314.4648814,5.562030792236328,37867,36064,1803,0,0,1168,635,1168,0.21420514894165382,0.0,0.13838994913865427,0.13838994913865427,3.59572382854138
9,sympy__sympy-13757,1791016320.1715994,61.64343976974487,38280,37632,648,0,0,235,413,235,0.07763306276515504,0.0,0.02810500914345738,0.02810500914345738,3.7818239683395767
5,django__django-14787,1791016320.8882167,28.81027317047119,15852,14112,1740,0,0,551,1189,551,0.16813098288109507,0.0,0.05291101245001996,0.05291101245001996,1.250759681568802
6,astropy__astropy-12907,1791016321.3658216,76.54391121864319,7959,6272,1687,0,0,1226,461,1226,0.14962164250447663,0.0,0.10845002052555888,0.10845002052555888,0.531089590836721
12,django__django-12262,1791016324.3420503,18.75331163406372,7323,6272,1051,0,0,535,516,535,0.09287702184923383,0.0,0.04713877700750482,0.04713877700750482,0.531089590836721
25,django__django-13112,1791016328.4734454,28.088640928268433,9653,7840,1813,0,0,876,937,876,0.1637798480852566,0.0,0.07872063030190302,0.07872063030190302,0.6700628887888102
1,django__django-11749,1791016334.9064772,3.4356420040130615,13199,12544,655,0,0,364,291,364,0.06189608732108869,0.0,0.03434378471457395,0.03434378471457395,1.1018649432280587
2,pytest-dev__pytest-6202,1791016334.9229095,7.977656841278076,17488,15680,1808,0,0,1502,306,1502,0.17762364150351057,0.0,0.1473293954927128,0.1473293954927128,1.4021347800067088
31,sympy__sympy-18211,1791016337.3507466,76.30449032783508,18858,15680,3178,0,0,1468,1710,1468,0.3144129526438023,0.0,0.14396919925775475,0.14396919925775475,1.4021347800067088
1,django__django-11749,1791016338.7661233,19.6257586479187,13307,12544,763,0,0,655,108,655,0.07214342064769244,0.0,0.06189608732108869,0.06189608732108869,1.1018649432280587
2,pytest-dev__pytest-6202,1791016343.1676242,7.81196403503418,17957,17248,709,0,0,240,469,240,0.07038290422126776,0.0,0.023768182968440188,0.023768182968440188,1.5559902385417792
12,django__django-12262,1791016344.0922916,76.5954315662384,7806,6272,1534,0,0,1051,483,1051,0.13593353778907288,0.0,0.09287702184923383,0.09287702184923383,0.531089590836721
5,django__django-14787,1791016349.8953447,7.067821741104126,16104,15680,424,0,0,172,252,172,0.04135909981971339,0.0,0.016755884443188252,0.016755884443188252,1.4021347800067088
2,pytest-dev__pytest-6202,1791016351.1205182,11.516140937805176,18248,17248,1000,0,0,709,291,709,0.0994174551894671,0.0,0.07038290422126776,0.07038290422126776,1.5559902385417792
10,sympy__sympy-15875,1791016354.0659213,11.243479013442993,6735,6272,463,0,0,167,296,167,0.04077805147305741,0.0,0.01468334755664783,0.01468334755664783,0.531089590836721
11,sympy__sympy-18211,1791016354.549365,74.87504196166992,20712,18816,1896,0,0,1496,400,1496,0.19235162338270617,0.0,0.15146926696605872,0.15146926696605872,1.7123260571740133
20,django__django-11749,1791016356.3587136,6.100356817245483,19807,18816,991,0,0,767,224,767,0.10008582471350908,0.0,0.07737633104943058,0.07737633104943058,1.7123260571740133
25,django__django-13112,1791016356.700685,68.23052597045898,10680,9408,1272,0,0,245,1027,245,0.11657288010956654,0.0,0.02232619003600396,0.02232619003600396,0.8115165468380628
5,django__django-14787,1791016357.1854277,5.453900337219238,16315,15680,635,0,0,424,211,424,0.06200868944723405,0.0,0.04135909981971339,0.04135909981971339,1.4021347800067088
1,django__django-11749,1791016358.8155413,10.073007106781006,13855,12544,1311,0,0,763,548,763,0.12432048208162116,0.0,0.07214342064769244,0.07214342064769244,1.1018649432280587
18,django__django-11749,1791016360.038139,16.67022967338562,6530,4704,1826,0,0,1382,444,1382,0.15918923374803906,0.0,0.12017214903103002,0.12017214903103002,0.39459665298179547
20,django__django-11749,1791016362.589264,238.70578002929688,20102,18816,1286,0,0,991,295,991,0.13007064609780014,0.0,0.10008582471350908,0.10008582471350908,1.7123260571740133
2,pytest-dev__pytest-6202,1791016362.7857635,10.390532493591309,18542,17248,1294,0,0,1000,294,1000,0.12883808668627192,0.0,0.0994174551894671,0.0994174551894671,1.5559902385417792
5,django__django-14787,1791016364.555698,4.904381275177002,16569,15680,889,0,0,635,254,635,0.0869260663741072,0.0,0.06200868944723405,0.06200868944723405,1.4021347800067088
10,sympy__sympy-15875,1791016365.5712006,11.644652843475342,7095,6272,823,0,0,463,360,463,0.07263397745013371,0.0,0.04077805147305741,0.04077805147305741,0.531089590836721
23,pylint-dev__pylint-6528,1791016367.1777282,7.108982086181641,17843,15680,2163,0,0,1558,605,1558,0.2128872916721028,0.0,0.15286637862899818,0.15286637862899818,1.4021347800067088
1,django__django-11749,1791016369.3696084,3.8809070587158203,14383,12544,1839,0,0,1311,528,1311,0.17487984654121924,0.0,0.12432048208162116,0.12432048208162116,1.1018649432280587
7,django__django-13112,1791016372.103094,76.27187848091125,36353,34496,1857,0,0,926,931,926,0.2177336749360485,0.0,0.10813884806115448,0.10813884806115448,3.412104048840347
2,pytest-dev__pytest-6202,1791016373.3231804,3.361006021499634,18787,17248,1539,0,0,1294,245,1294,0.15342189083335406,0.0,0.12883808668627192,0.12883808668627192,1.5559902385417792
5,django__django-14787,1791016373.4836233,3.9564616680145264,16789,15680,1109,0,0,889,220,889,0.10856064734657543,0.0,0.0869260663741072,0.0869260663741072,1.4021347800067088
23,pylint-dev__pylint-6528,1791016374.5745358,642.0765528678894,18579,17248,1331,0,0,595,736,595,0.13254686080353736,0.0,0.059031833137032454,0.059031833137032454,1.5559902385417792
1,django__django-11749,1791016374.8829236,11.054811477661133,14523,14112,411,0,0,271,140,271,0.03943817368583006,0.0,0.025985108200475962,0.025985108200475962,1.250759681568802
2,pytest-dev__pytest-6202,1791016376.8487682,3.9522509574890137,19013,17248,1765,0,0,1539,226,1539,0.17615288941492158,0.0,0.15342189083335406,0.15342189083335406,1.5559902385417792
18,django__django-11749,1791016377.5697875,34.265963315963745,6920,6272,648,0,0,258,390,258,0.05713212726819106,0.0,0.02269629589311349,0.02269629589311349,0.531089590836721
10,sympy__sympy-15875,1791016377.8441257,3.78939151763916,7471,6272,1199,0,0,823,376,823,0.10604531363737925,0.0,0.07263397745013371,0.07263397745013371,0.531089590836721
5,django__django-14787,1791016378.5654554,6.662097692489624,17280,15680,1600,0,0,1109,491,1109,0.15702119217549,0.0,0.10856064734657543,0.10856064734657543,1.4021347800067088
2,pytest-dev__pytest-6202,1791016381.0784566,12.683522701263428,19272,18816,456,0,0,197,259,197,0.045930560241563806,0.0,0.019817070782687657,0.019817070782687657,1.7123260571740133
10,sympy__sympy-15875,1791016381.7726872,4.060881614685059,7559,6272,1287,0,0,1199,88,1199,0.11388558455707486,0.0,0.10604531363737925,0.10604531363737925,0.531089590836721
9,sympy__sympy-13757,1791016382.323484,56.6081862449646,38591,37632,959,0,0,648,311,648,0.11504258360151788,0.0,0.07763306276515504,0.07763306276515504,3.7818239683395767
5,django__django-14787,1791016385.3562493,14.169676303863525,17783,17248,535,0,0,32,503,32,0.053062851346712396,0.0,0.0031657336404196323,0.0031657336404196323,1.5559902385417792
10,sympy__sympy-15875,1791016385.957589,10.609818696975708,8002,6272,1730,0,0,1287,443,1287,0.15347287743761165,0.0,0.11388558455707486,0.11388558455707486,0.531089590836721
24,django__django-14787,1791016390.6121402,433.50033235549927,10864,9408,1456,0,0,505,951,505,0.13357076001028667,0.0,0.04608552006174135,0.04608552006174135,0.8115165468380628
2,pytest-dev__pytest-6202,1791016394.0578234,7.427448749542236,19649,18816,833,0,0,456,377,456,0.08406226105117565,0.0,0.045930560241563806,0.045930560241563806,1.7123260571740133
10,sympy__sympy-15875,1791016397.2726247,13.864109992980957,8373,7840,533,0,0,162,371,162,0.047805152177809306,0.0,0.014499579485522551,0.014499579485522551,0.6700628887888102
6,astropy__astropy-12907,1791016398.0739741,3.6186869144439697,8325,7840,485,0,0,119,366,119,0.04348825485388487,0.0,0.010648344552387494,0.010648344552387494,0.6700628887888102
6,astropy__astropy-12907,1791016401.8313813,15.431163549423218,8659,7840,819,0,0,485,334,485,0.07357484965175817,0.0,0.04348825485388487,0.04348825485388487,0.6700628887888102
1,django__django-11749,1791016403.519892,10.068337202072144,15059,14112,947,0,0,411,536,411,0.09112696549200845,0.0,0.03943817368583006,0.03943817368583006,1.250759681568802
8,pytest-dev__pytest-10051,1791016405.6545563,5.003741979598999,13908,12544,1364,0,0,598,766,598,0.12938287101896964,0.0,0.05649251658348506,0.05649251658348506,1.1018649432280587
2,pytest-dev__pytest-6202,1791016406.4143918,3.64125657081604,19855,18816,1039,0,0,833,206,833,0.10495873049684429,0.0,0.08406226105117565,0.08406226105117565,1.7123260571740133
5,django__django-14787,1791016409.791945,5.867275714874268,1538,0,1538,0,17248,535,0,17783,0.12655947918950483,1.5559902385417792,0.053062851346712396,1.6090530898884916,0.0
8,pytest-dev__pytest-10051,1791016410.7963421,8.843378782272339,14191,12544,1647,0,0,1364,283,1364,0.1564620819339099,0.0,0.12938287101896964,0.12938287101896964,1.1018649432280587
10,sympy__sympy-15875,1791016411.7728412,7.057882070541382,8708,7840,868,0,0,533,335,533,0.07799821774102414,0.0,0.047805152177809306,0.047805152177809306,0.6700628887888102
18,django__django-11749,1791016412.013738,420.40501046180725,7269,6272,997,0,0,648,349,648,0.08807787706293932,0.0,0.05713212726819106,0.05713212726819106,0.531089590836721
29,sympy__sympy-15875,1791016413.3850381,36.81773924827576,7738,6272,1466,0,0,1072,394,1072,0.12985751612278545,0.0,0.09474415039488887,0.09474415039488887,0.531089590836721
2,pytest-dev__pytest-6202,1791016414.5756521,10.911320209503174,20149,18816,1333,0,0,1039,294,1039,0.13485599687998623,0.0,0.10495873049684429,0.10495873049684429,1.7123260571740133
31,sympy__sympy-18211,1791016415.1063666,224.94290232658386,19184,18816,368,0,0,42,326,42,0.03705043276470828,0.0,0.004221675476498031,0.004221675476498031,1.7123260571740133
5,django__django-14787,1791016416.5137851,4.438870429992676,2824,0,2824,0,0,1538,1286,1538,0.23421418001799738,0.0,0.12655947918950483,0.12655947918950483,0.0
6,astropy__astropy-12907,1791016417.4205866,8.870893001556396,9027,7840,1187,0,0,819,368,819,0.10685446164739582,0.0,0.07357484965175817,0.07357484965175817,0.6700628887888102
10,sympy__sympy-15875,1791016419.0159383,5.977332592010498,8957,7840,1117,0,0,868,249,868,0.10051357846086996,0.0,0.07799821774102414,0.07799821774102414,0.6700628887888102
8,pytest-dev__pytest-10051,1791016419.8116734,8.358698606491089,14673,14112,561,0,0,79,482,79,0.05387411470660122,0.0,0.007567343593166614,0.007567343593166614,1.250759681568802
12,django__django-12262,1791016420.8130748,20.56711506843567,8209,6272,1937,0,0,1534,403,1534,0.17203864703310318,0.0,0.13593353778907288,0.13593353778907288,0.531089590836721
5,django__django-14787,1791016421.1118646,41.218382596969604,4439,1568,2871,0,0,1256,1615,1256,0.24272181220507522,0.0,0.10516232245456243,0.10516232245456243,0.12905185756343496
10,sympy__sympy-15875,1791016425.1531196,4.591488838195801,9435,7840,1595,0,0,1117,478,1117,0.1439111263001789,0.0,0.10051357846086996,0.10051357846086996,0.6700628887888102
25,django__django-13112,1791016425.2004664,21.702611207962036,12325,9408,2917,0,0,1272,1645,1272,0.2697499178077679,0.0,0.11657288010956654,0.11657288010956654,0.8115165468380628
2,pytest-dev__pytest-6202,1791016426.2268825,7.0827624797821045,20559,18816,1743,0,0,1333,410,1333,0.176695059502816,0.0,0.13485599687998623,0.13485599687998623,1.7123260571740133
6,astropy__astropy-12907,1791016426.8041584,21.47578454017639,9361,7840,1521,0,0,1187,334,1187,0.13717759731986473,0.0,0.10685446164739582,0.10685446164739582,0.6700628887888102
11,sympy__sympy-18211,1791016429.5614314,35.19378423690796,21701,20384,1317,0,0,328,989,328,0.135310003760194,0.0,0.0335354446533087,0.0335354446533087,1.8711422359034104
8,pytest-dev__pytest-10051,1791016429.8181105,6.147716999053955,14922,14112,810,0,0,561,249,561,0.07788789147010217,0.0,0.05387411470660122,0.05387411470660122,1.250759681568802
10,sympy__sympy-15875,1791016429.8877203,2.9978573322296143,9557,9408,149,0,0,27,122,27,0.013570753405047627,0.0,0.0024574682509262637,0.0024574682509262637,0.8115165468380628
1,django__django-11749,1791016431.781291,8.039718627929688,15607,14112,1495,0,0,947,548,947,0.14427261090130158,0.0,0.09112696549200845,0.09112696549200845,1.250759681568802
10,sympy__sympy-15875,1791016433.024546,528.8986005783081,10360,9408,952,0,0,149,803,149,0.08709270276608332,0.0,0.013570753405047627,0.013570753405047627,0.8115165468380628
3,django__django-13112,1791016437.038747,171.45031428337097,37941,36064,1877,0,0,1442,435,1442,0.22306677100362715,0.0,0.17105401513129453,0.17105401513129453,3.59572382854138
9,sympy__sympy-13757,1791016439.1175916,380.1862096786499,39130,37632,1498,0,0,959,539,959,0.18010883405771708,0.0,0.11504258360151788,0.11504258360151788,3.7818239683395767
1,django__django-11749,1791016440.3936024,39.15605640411377,15838,14112,1726,0,0,1495,231,1495,0.16676601604388863,0.0,0.14427261090130158,0.14427261090130158,1.250759681568802
2,pytest-dev__pytest-6202,1791016440.6740532,5.243239402770996,20920,20384,536,0,0,175,361,175,0.05485806100870749,0.0,0.017878880773418513,0.017878880773418513,1.8711422359034104
12,django__django-12262,1791016441.530691,2.5397398471832275,8443,7840,603,0,0,369,234,369,0.05410479395419189,0.0,0.03306534908101406,0.03306534908101406,0.6700628887888102
12,django__django-12262,1791016444.4361105,53.734522104263306,8557,7840,717,0,0,603,114,603,0.0643747912833022,0.0,0.05410479395419189,0.05410479395419189,0.6700628887888102
2,pytest-dev__pytest-6202,1791016446.238245,4.124242782592773,21069,20384,685,0,0,536,149,536,0.07015926685802616,0.0,0.05485806100870749,0.05485806100870749,1.8711422359034104
8,pytest-dev__pytest-10051,1791016447.3251228,6.727515697479248,15270,14112,1158,0,0,810,348,810,0.11155411077683006,0.0,0.07788789147010217,0.07788789147010217,1.250759681568802
25,django__django-13112,1791016448.0922,6.91774582862854,13277,10976,2301,0,0,1349,952,1349,0.21571013706797443,0.0,0.12581589966135168,0.12581589966135168,0.955450564984479
7,django__django-13112,1791016448.5735042,3.8300583362579346,36755,36064,691,0,0,289,402,289,0.08170656044965288,0.0,0.034113895235015596,0.034113895235015596,3.59572382854138
6,astropy__astropy-12907,1791016448.7606556,11.86824631690979,10142,7840,2302,0,0,1521,781,1521,0.20852215043975586,0.0,0.13717759731986473,0.13717759731986473,0.6700628887888102
29,sympy__sympy-15875,1791016450.3516827,13.691077947616577,8534,6272,2262,0,0,1466,796,1466,0.20127501647854323,0.0,0.12985751612278545,0.12985751612278545,0.531089590836721
2,pytest-dev__pytest-6202,1791016450.5487747,2.7726387977600098,21173,20384,789,0,0,685,104,685,0.08085257546453534,0.0,0.07015926685802616,0.07015926685802616,1.8711422359034104
7,django__django-13112,1791016452.8907568,5.717164993286133,36882,36064,818,0,0,691,127,691,0.0967759426609018,0.0,0.08170656044965288,0.08170656044965288,3.59572382854138
2,pytest-dev__pytest-6202,1791016453.4914978,2.72698712348938,21324,20384,940,0,0,789,151,789,0.09639785970565894,0.0,0.08085257546453534,0.08085257546453534,1.8711422359034104
0,django__django-10973,1791016454.3268213,93.2234263420105,5574,4704,870,0,0,814,56,814,0.07542637441425509,0.0,0.07054834991894351,0.07054834991894351,0.39459665298179547
25,django__django-13112,1791016455.1478395,4.696781396865845,13938,12544,1394,0,0,733,661,733,0.13224963019779606,0.0,0.06929575882439468,0.06929575882439468,1.1018649432280587
2,pytest-dev__pytest-6202,1791016456.3683937,2.504849910736084,21458,20384,1074,0,0,940,134,940,0.11021227642263146,0.0,0.09639785970565894,0.09639785970565894,1.8711422359034104
8,pytest-dev__pytest-10051,1791016458.7652395,7.661823511123657,15888,14112,1776,0,0,1158,618,1158,0.17164180556202144,0.0,0.11155411077683006,0.11155411077683006,1.250759681568802
2,pytest-dev__pytest-6202,1791016459.0482423,5.705671787261963,21565,20384,1181,0,0,1074,107,1074,0.12125619875209553,0.0,0.11021227642263146,0.11021227642263146,1.8711422359034104
7,django__django-13112,1791016459.2297769,15.27891492843628,37404,36064,1340,0,0,818,522,818,0.15888554977269553,0.0,0.0967759426609018,0.0967759426609018,3.59572382854138
25,django__django-13112,1791016460.011129,9.016265869140625,14633,12544,2089,0,0,1394,695,1394,0.19891704932547363,0.0,0.13224963019779606,0.13224963019779606,1.1018649432280587
4,django__django-13821,1791016461.5616968,79.30791425704956,20023,18816,1207,0,0,482,725,482,0.12203220514521121,0.0,0.04855572937081834,0.04855572937081834,1.7123260571740133
6,astropy__astropy-12907,1791016462.3903704,21.872571229934692,10865,9408,1457,0,0,734,723,734,0.13366323311012582,0.0,0.06706849239050319,0.06706849239050319,0.8115165468380628
5,django__django-14787,1791016462.4872339,5.007964372634888,6915,3136,3779,0,0,1303,2476,1303,0.3271951868540209,0.0,0.11118959454447674,0.11118959454447674,0.26058407522403343
29,sympy__sympy-15875,1791016464.6584446,19.27971839904785,8762,7840,922,0,0,694,228,694,0.08287575550717656,0.0,0.06230171852645414,0.06230171852645414,0.6700628887888102
11,sympy__sympy-18211,1791016465.236733,12.85602617263794,22035,20384,1651,0,0,1317,334,1317,0.16990367938227072,0.0,0.135310003760194,0.135310003760194,1.8711422359034104
2,pytest-dev__pytest-6202,1791016465.324764,6.902525186538696,21763,20384,1379,0,0,1181,198,1181,0.14172307771962847,0.0,0.12125619875209553,0.12125619875209553,1.8711422359034104
16,django__django-14787,1791016465.472618,89.24375700950623,10733,9408,1325,0,0,883,442,883,0.12146550636854281,0.0,0.08074957867377311,0.08074957867377311,0.8115165468380628
5,django__django-14787,1791016467.637849,3.6012096405029297,8263,6272,1991,0,0,643,1348,643,0.17688900057621937,0.0,0.05668967124133331,0.05668967124133331,0.531089590836721
25,django__django-13112,1791016469.1615012,5.676595449447632,15651,14112,1539,0,0,521,1018,521,0.1485529186528251,0.0,0.050022310984730325,0.050022310984730325,1.250759681568802
8,pytest-dev__pytest-10051,1791016471.3711538,7.321770429611206,16279,15680,599,0,0,208,391,208,0.05848235886619217,0.0,0.02026670712411462,0.02026670712411462,1.4021347800067088
5,django__django-14787,1791016471.411063,14.26077651977539,8860,7840,1020,0,0,423,597,423,0.09173509715096634,0.0,0.03791570262413027,0.03791570262413027,0.6700628887888102
7,django__django-13112,1791016474.661606,3.5605428218841553,37581,36064,1517,0,0,1340,177,1340,0.18000811231078853,0.0,0.15888554977269553,0.15888554977269553,3.59572382854138
25,django__django-13112,1791016474.9879684,5.076388835906982,15997,14112,1885,0,0,1539,346,1539,0.18227976882113014,0.0,0.1485529186528251,0.1485529186528251,1.250759681568802
11,sympy__sympy-18211,1791016478.2253788,16.305489540100098,22255,21952,303,0,0,83,220,83,0.03145487271520008,0.0,0.008607140555709722,0.008607140555709722,2.0324387747299717
7,django__django-13112,1791016478.7059455,3.4041409492492676,38045,36064,1981,0,0,1517,464,1517,0.23553028038023038,0.0,0.18000811231078853,0.18000811231078853,3.59572382854138
8,pytest-dev__pytest-10051,1791016478.8318896,16.538289070129395,16771,15680,1091,0,0,599,492,599,0.10678871119451376,0.0,0.05848235886619217,0.05848235886619217,1.4021347800067088
2,pytest-dev__pytest-6202,1791016479.300299,25.00649619102478,22116,20384,1732,0,0,1379,353,1379,0.17831011968104196,0.0,0.14172307771962847,0.14172307771962847,1.8711422359034104
25,django__django-13112,1791016480.2162635,21.76970386505127,16592,15680,912,0,0,317,595,317,0.08918557794703952,0.0,0.030904670383223302,0.030904670383223302,1.4021347800067088
1,django__django-11749,1791016481.1998487,27.213865518569946,16109,15680,429,0,0,158,271,158,0.041847907035148235,0.0,0.015390917605981812,0.015390917605981812,1.4021347800067088
7,django__django-13112,1791016482.267529,3.1478629112243652,38139,37632,507,0,0,413,94,413,0.060704623867586203,0.0,0.04943014058203392,0.04943014058203392,3.7818239683395767
29,sympy__sympy-15875,1791016484.5163443,14.86974310874939,9236,7840,1396,0,0,922,474,922,0.12581594041814018,0.0,0.08287575550717656,0.08287575550717656,0.6700628887888102
6,astropy__astropy-12907,1791016484.7841578,6.582120418548584,11459,9408,2051,0,0,1457,594,1457,0.18877053170893984,0.0,0.13366323311012582,0.13366323311012582,0.8115165468380628
5,django__django-14787,1791016485.8950853,107.02858376502991,9239,7840,1399,0,0,1020,379,1020,0.12608843556592303,0.0,0.09173509715096634,0.09173509715096634,0.6700628887888102
7,django__django-13112,1791016485.951973,6.321338176727295,38273,37632,641,0,0,507,134,507,0.07679217066647848,0.0,0.060704623867586203,0.060704623867586203,3.7818239683395767
7,django__django-13112,1791016492.9493418,4.987173080444336,38610,37632,978,0,0,641,337,641,0.1173312154359111,0.0,0.07679217066647848,0.07679217066647848,3.7818239683395767
11,sympy__sympy-18211,1791016494.6845903,8.24104642868042,22642,21952,690,0,0,303,387,303,0.07176460353698827,0.0,0.03145487271520008,0.03145487271520008,2.0324387747299717
15,django__django-10973,1791016496.4822233,126.54342818260193,6904,4704,2200,0,0,1397,803,1397,0.19220929461515845,0.0,0.12148704783984761,0.12148704783984761,0.39459665298179547
8,pytest-dev__pytest-10051,1791016496.9802704,4.924422025680542,16992,15680,1312,0,0,1091,221,1091,0.12856677931737673,0.0,0.10678871119451376,0.10678871119451376,1.4021347800067088
7,django__django-13112,1791016498.5269141,5.782358646392822,38756,37632,1124,0,0,978,146,978,0.134929695755534,0.0,0.1173312154359111,0.1173312154359111,3.7818239683395767
12,django__django-12262,1791016498.5695322,18.00584101676941,10215,7840,2375,0,0,717,1658,717,0.21522216600058808,0.0,0.0643747912833022,0.0643747912833022,0.6700628887888102
29,sympy__sympy-15875,1791016499.8635511,14.884113788604736,9734,7840,1894,0,0,1396,498,1396,0.17117447961759205,0.0,0.12581594041814018,0.12581594041814018,0.6700628887888102
8,pytest-dev__pytest-10051,1791016502.0312417,7.914391040802002,17441,15680,1761,0,0,1312,449,1312,0.1729644634082713,0.0,0.12856677931737673,0.12856677931737673,1.4021347800067088
25,django__django-13112,1791016502.1354606,5.90529465675354,17473,15680,1793,0,0,912,881,912,0.17613642764920573,0.0,0.08918557794703952,0.08918557794703952,1.4021347800067088
11,sympy__sympy-18211,1791016503.5798388,21.661036014556885,22900,21952,948,0,0,690,258,690,0.09872169801336067,0.0,0.07176460353698827,0.07176460353698827,2.0324387747299717
2,pytest-dev__pytest-6202,1791016504.7222936,28.9579598903656,22540,21952,588,0,0,164,424,164,0.06112566989751036,0.0,0.017013580854480948,0.017013580854480948,2.0324387747299717
6,astropy__astropy-12907,1791016505.1233444,5.400023460388184,12048,10976,1072,0,0,483,589,483,0.09983141957376512,0.0,0.04483651356252365,0.04483651356252365,0.955450564984479
7,django__django-13112,1791016505.4131322,5.344325304031372,38895,37632,1263,0,0,1124,139,1124,0.1517043959333994,0.0,0.134929695755534,0.134929695755534,3.7818239683395767
25,django__django-13112,1791016508.1656682,4.5311431884765625,17651,17248,403,0,0,225,178,225,0.0399438754380801,0.0,0.02228096911413536,0.02228096911413536,1.5559902385417792
1,django__django-11749,1791016508.5725303,5.789064884185791,16543,15680,863,0,0,429,434,429,0.0843724785319198,0.0,0.041847907035148235,0.041847907035148235,1.4021347800067088
8,pytest-dev__pytest-10051,1791016510.0880747,37.729827642440796,17619,17248,371,0,0,193,178,193,0.03676616484019421,0.0,0.019109004873200934,0.019109004873200934,1.5559902385417792
6,astropy__astropy-12907,1791016511.559864,6.770446062088013,12556,10976,1580,0,0,1072,508,1072,0.14754446025479914,0.0,0.09983141957376512,0.09983141957376512,0.955450564984479
14,pytest-dev__pytest-10051,1791016511.7768447,241.01407861709595,11696,10976,720,0,0,171,549,171,0.0669231131443481,0.0,0.01584688489107281,0.01584688489107281,0.955450564984479
25,django__django-13112,1791016512.8356166,3.1748225688934326,17829,17248,581,0,0,403,178,403,0.05763874587256737,0.0,0.0399438754380801,0.0399438754380801,1.5559902385417792
19,pytest-dev__pytest-10051,1791016513.1011004,13.678391456604004,9150,7840,1310,0,0,823,487,823,0.11800827368194129,0.0,0.0739358501286832,0.0739358501286832,0.6700628887888102
7,django__django-13112,1791016514.0558448,15.03023910522461,39351,37632,1719,0,0,1263,456,1263,0.2068719263575823,0.0,0.1517043959333994,0.1517043959333994,3.7818239683395767
1,django__django-11749,1791016514.5137672,9.689791202545166,16963,15680,1283,0,0,863,420,863,0.1257062151591754,0.0,0.0843724785319198,0.0843724785319198,1.4021347800067088
29,sympy__sympy-15875,1791016515.2185957,8.838478326797485,10054,9408,646,0,0,326,320,326,0.05899890793139463,0.0,0.029720821568339405,0.029720821568339405,0.8115165468380628
25,django__django-13112,1791016516.19466,4.9117279052734375,18414,17248,1166,0,0,581,585,581,0.1160183863416927,0.0,0.05763874587256737,0.05763874587256737,1.5559902385417792
12,django__django-12262,1791016516.9639087,11.544363975524902,10857,9408,1449,0,0,807,642,807,0.13292347655895384,0.0,0.07376850795133544,0.07376850795133544,0.8115165468380628
21,sympy__sympy-20916,1791016517.1849754,127.55972027778625,15066,14112,954,0,0,154,800,154,0.09180392298536559,0.0,0.014757356604075803,0.014757356604075803,1.250759681568802
25,django__django-13112,1791016521.2307498,3.090284824371338,19202,17248,1954,0,0,1166,788,1166,0.1952020055384403,0.0,0.1160183863416927,0.1160183863416927,1.5559902385417792
1,django__django-11749,1791016524.3358538,7.9327991008758545,17142,15680,1462,0,0,1283,179,1283,0.14337634451247652,0.0,0.1257062151591754,0.1257062151591754,1.4021347800067088
29,sympy__sympy-15875,1791016524.3506289,4.933744430541992,10276,9408,868,0,0,646,222,646,0.07937127422338254,0.0,0.05899890793139463,0.05899890793139463,0.8115165468380628
25,django__django-13112,1791016524.4600804,13.818208932876587,19925,18816,1109,0,0,386,723,386,0.1120692179432009,0.0,0.038866186906206406,0.038866186906206406,1.7123260571740133
11,sympy__sympy-18211,1791016526.3572805,19.949126958847046,23597,21952,1645,0,0,948,697,948,0.17188340690310994,0.0,0.09872169801336067,0.09872169801336067,2.0324387747299717
19,pytest-dev__pytest-10051,1791016526.9318428,5.07255482673645,9517,7840,1677,0,0,1310,367,1310,0.1513790569049273,0.0,0.11800827368194129,0.11800827368194129,0.6700628887888102
12,django__django-12262,1791016528.658606,5.108813762664795,11021,9408,1613,0,0,1449,164,1449,0.1481013909489421,0.0,0.13292347655895384,0.13292347655895384,0.8115165468380628
6,astropy__astropy-12907,1791016530.3074534,9.150437831878662,12911,12544,367,0,0,12,355,12,0.034627393252135145,0.0,0.0011300820112194083,0.0011300820112194083,1.1018649432280587
7,django__django-13112,1791016530.5608191,19.382644176483154,39681,39200,481,0,0,151,330,151,0.058346133721699764,0.0,0.01829142646222233,0.01829142646222233,3.9704044682349364
19,pytest-dev__pytest-10051,1791016532.144877,8.907510995864868,9701,9408,293,0,0,109,184,109,0.026707394905138068,0.0,0.009925398855674668,0.009925398855674668,0.8115165468380628
29,sympy__sympy-15875,1791016532.7155986,8.587692022323608,10587,9408,1179,0,0,868,311,868,0.10799455475050695,0.0,0.07937127422338254,0.07937127422338254,0.8115165468380628
1,django__django-11749,1791016532.7677577,11.747031211853027,17312,15680,1632,0,0,1462,170,1462,0.16018795886884474,0.0,0.14337634451247652,0.14337634451247652,1.4021347800067088
12,django__django-12262,1791016534.250055,3.7545547485351562,11534,10976,558,0,0,45,513,45,0.0518198151023381,0.0,0.004167372802525899,0.004167372802525899,0.955450564984479
2,pytest-dev__pytest-6202,1791016534.299781,14.56502079963684,22974,21952,1022,0,0,588,434,588,0.10646597042427133,0.0,0.06112566989751036,0.06112566989751036,2.0324387747299717
12,django__django-12262,1791016538.1575222,3.155813694000244,11686,10976,710,0,0,558,152,558,0.06599004407710062,0.0,0.0518198151023381,0.0518198151023381,0.955450564984479
25,django__django-13112,1791016538.6751611,10.062795639038086,20219,18816,1403,0,0,1109,294,1109,0.14198724626912043,0.0,0.1120692179432009,0.1120692179432009,1.7123260571740133
17,pylint-dev__pylint-6528,1791016539.3530767,585.284227848053,20882,18816,2066,0,0,1098,968,1098,0.20977550319445454,0.0,0.11095152826137639,0.11095152826137639,1.7123260571740133
6,astropy__astropy-12907,1791016541.1375442,6.7031426429748535,13152,12544,608,0,0,367,241,367,0.05744027437215343,0.0,0.034627393252135145,0.034627393252135145,1.1018649432280587
4,django__django-13821,1791016541.3586156,102.1380078792572,20426,18816,1610,0,0,1207,403,1207,0.1631042924227838,0.0,0.12203220514521121,0.12203220514521121,1.7123260571740133
19,pytest-dev__pytest-10051,1791016542.6425283,24.65056276321411,9929,9408,521,0,0,293,228,293,0.04754986019910111,0.0,0.026707394905138068,0.026707394905138068,0.8115165468380628
1,django__django-11749,1791016544.6463518,32.635464906692505,17808,17248,560,0,0,64,496,64,0.05554948572484793,0.0,0.00633250033377436,0.00633250033377436,1.5559902385417792
29,sympy__sympy-15875,1791016545.0655966,8.81270694732666,10987,9408,1579,0,0,1179,400,1179,0.14495252062270098,0.0,0.10799455475050695,0.10799455475050695,0.8115165468380628
12,django__django-12262,1791016546.0518837,13.957032680511475,12072,10976,1096,0,0,710,386,710,0.10207971962890246,0.0,0.06599004407710062,0.06599004407710062,0.955450564984479
0,django__django-10973,1791016547.747888,22.969779014587402,6020,4704,1316,0,0,870,446,870,0.1143892909035759,0.0,0.07542637441425509,0.07542637441425509,0.39459665298179547
11,sympy__sympy-18211,1791016547.7705686,7.251718759536743,24173,23520,653,0,0,77,576,77,0.06893712546627546,0.0,0.008106507979385388,0.008106507979385388,2.1962156736536964
6,astropy__astropy-12907,1791016547.9922638,6.402698278427124,13292,12544,748,0,0,608,140,608,0.0707194762414584,0.0,0.05744027437215343,0.05744027437215343,1.1018649432280587
25,django__django-13112,1791016548.8657038,15.92606234550476,20833,18816,2017,0,0,1403,614,1403,0.20475033536382078,0.0,0.14198724626912043,0.14198724626912043,1.7123260571740133
2,pytest-dev__pytest-6202,1791016549.28138,4.2751054763793945,23309,21952,1357,0,0,1022,335,1022,0.14159361409127896,0.0,0.10646597042427133,0.10646597042427133,2.0324387747299717
7,django__django-13112,1791016550.6146946,6.833633899688721,40393,39200,1193,0,0,481,712,481,0.14514143057800627,0.0,0.058346133721699764,0.058346133721699764,3.9704044682349364
2,pytest-dev__pytest-6202,1791016553.9930148,16.48032546043396,23611,21952,1659,0,0,1357,302,1357,0.17335796007637855,0.0,0.14159361409127896,0.14159361409127896,2.0324387747299717
6,astropy__astropy-12907,1791016554.530195,8.62126612663269,13544,12544,1000,0,0,748,252,748,0.09467186826887358,0.0,0.0707194762414584,0.0707194762414584,1.1018649432280587
16,django__django-14787,1791016554.8610585,7.804004430770874,11150,9408,1742,0,0,1325,417,1325,0.16005918186933135,0.0,0.12146550636854281,0.12146550636854281,0.8115165468380628
11,sympy__sympy-18211,1791016555.174654,4.459598064422607,24326,23520,806,0,0,653,153,653,0.08515151977198343,0.0,0.06893712546627546,0.06893712546627546,2.1962156736536964
7,django__django-13112,1791016557.5829782,53.96560740470886,40943,39200,1743,0,0,1193,550,1193,0.2125384775140588,0.0,0.14514143057800627,0.14514143057800627,3.9704044682349364
8,django__django-15380,1791016557.985104,8.124305248260498,1823,0,1823,1823,0,0,0,0,0.15027373249284579,0.0,0.0,0.0,0.0
11,sympy__sympy-18211,1791016561.7784135,4.760379791259766,24590,23520,1070,0,0,806,264,806,0.11318482881245685,0.0,0.08515151977198343,0.08515151977198343,2.1962156736536964
12,django__django-12262,1791016562.546769,8.21040415763855,12569,10976,1593,0,0,1096,497,1096,0.14876887970357652,0.0,0.10207971962890246,0.10207971962890246,0.955450564984479
16,django__django-14787,1791016562.8363261,21.172446727752686,11604,10976,628,0,0,174,454,174,0.05834268307300634,0.0,0.016125163722915156,0.016125163722915156,0.955450564984479
6,astropy__astropy-12907,1791016563.2883394,7.426114082336426,13827,12544,1283,0,0,1000,283,1000,0.12164715647976107,0.0,0.09467186826887358,0.09467186826887358,1.1018649432280587
29,sympy__sympy-15875,1791016564.049492,36.44734263420105,11343,10976,367,0,0,11,356,11,0.03404684978551588,0.0,0.001018502476284785,0.001018502476284785,0.955450564984479
25,django__django-13112,1791016564.9174125,20.61829972267151,21497,20384,1113,0,0,449,664,449,0.11423629356753635,0.0,0.04593415663442332,0.04593415663442332,1.8711422359034104
8,django__django-15380,1791016566.4399781,12.266607761383057,3427,1568,1859,0,0,255,1604,255,0.15621572823099086,0.0,0.021221874929410838,0.021221874929410838,0.12905185756343496
19,pytest-dev__pytest-10051,1791016567.5654268,19.82267713546753,10434,9408,1026,0,0,521,505,521,0.09390081130819425,0.0,0.04754986019910111,0.04754986019910111,0.8115165468380628
2,pytest-dev__pytest-6202,1791016570.8045275,33.66504693031311,24107,23520,587,0,0,91,496,91,0.06194997175596353,0.0,0.009581061152653985,0.009581061152653985,2.1962156736536964
6,astropy__astropy-12907,1791016570.868546,9.71029019355774,14170,12544,1626,0,0,1283,343,1283,0.15444989520233832,0.0,0.12164715647976107,0.12164715647976107,1.1018649432280587
12,django__django-12262,1791016570.8973176,4.109228134155273,12736,12544,192,0,0,25,167,25,0.018098744947790266,0.0,0.0023545014599967683,0.0023545014599967683,1.1018649432280587
0,django__django-10973,1791016571.2815757,74.8871865272522,6687,4704,1983,0,0,1316,667,1316,0.1730334110997313,0.0,0.1143892909035759,0.1143892909035759,0.39459665298179547
12,django__django-12262,1791016575.7617462,10.57669448852539,13046,12544,502,0,0,192,310,192,0.04739917479403993,0.0,0.018098744947790266,0.018098744947790266,1.1018649432280587
8,django__django-15380,1791016578.9689226,31.303836584091187,5045,3136,1909,0,0,291,1618,291,0.16348525676121578,0.0,0.024683510570392378,0.024683510570392378,0.26058407522403343
13,django__django-11749,1791016580.999804,20.108613967895508,15276,14112,1164,0,0,717,447,717,0.11213563422272647,0.0,0.06891157237938961,0.06891157237938961,1.250759681568802
6,astropy__astropy-12907,1791016581.1667755,23.06041383743286,14489,14112,377,0,0,58,319,58,0.036169182708342934,0.0,0.005555156861595026,0.005555156861595026,1.250759681568802
11,sympy__sympy-18211,1791016581.5144455,8.424976348876953,24886,23520,1366,0,0,1070,296,1070,0.14469972742825526,0.0,0.11318482881245685,0.11318482881245685,2.1962156736536964
16,django__django-14787,1791016584.2248597,5.028491735458374,12113,10976,1137,0,0,628,509,628,0.10592190983673734,0.0,0.05834268307300634,0.05834268307300634,0.955450564984479
25,django__django-13112,1791016585.6698093,5.8473851680755615,22350,20384,1966,0,0,1113,853,1113,0.20263257248136657,0.0,0.11423629356753635,0.11423629356753635,1.8711422359034104
12,django__django-12262,1791016586.4970942,7.462082147598267,13729,12544,1185,0,0,502,683,502,0.11229674545608406,0.0,0.04739917479403993,0.04739917479403993,1.1018649432280587
19,pytest-dev__pytest-10051,1791016587.6688163,11.66178297996521,10912,9408,1504,0,0,1026,478,1026,0.13801060677493954,0.0,0.09390081130819425,0.09390081130819425,0.8115165468380628
16,django__django-14787,1791016589.5739133,38.82364320755005,12595,10976,1619,0,0,1137,482,1137,0.151218230083395,0.0,0.10592190983673734,0.10592190983673734,0.955450564984479
25,django__django-13112,1791016591.6716228,39.87893104553223,23007,21952,1055,0,0,398,657,398,0.10992127841857434,0.0,0.04133603365480555,0.04133603365480555,2.0324387747299717
5,django__django-14787,1791016593.2184649,616.5185475349426,9641,7840,1801,0,0,1399,402,1399,0.16268491005064556,0.0,0.12608843556592303,0.12608843556592303,0.6700628887888102
12,django__django-12262,1791016594.213751,27.856802225112915,15031,12544,2487,0,0,1185,1302,1185,0.2373143681912941,0.0,0.11229674545608406,0.11229674545608406,1.1018649432280587
13,django__django-11749,1791016601.2640924,334.18643736839294,15738,14112,1626,0,0,1164,462,1164,0.1570220033133,0.0,0.11213563422272647,0.11213563422272647,1.250759681568802
20,django__django-11749,1791016601.4876494,15.84509825706482,20570,18816,1754,0,0,1286,468,1286,0.17781990690981092,0.0,0.13007064609780014,0.13007064609780014,1.7123260571740133
11,sympy__sympy-18211,1791016601.924446,7.84683895111084,25406,23520,1886,0,0,1366,520,1366,0.20027777416505332,0.0,0.14469972742825526,0.14469972742825526,2.1962156736536964
2,pytest-dev__pytest-6202,1791016604.7490308,19.12166142463684,24581,23520,1061,0,0,587,474,587,0.11222799017767214,0.0,0.06194997175596353,0.06194997175596353,2.1962156736536964
29,sympy__sympy-15875,1791016605.4836092,56.040542125701904,12028,10976,1052,0,0,367,685,367,0.09795828008441707,0.0,0.03404684978551588,0.03404684978551588,0.955450564984479
26,sympy__sympy-15875,1791016606.6561058,100.81420993804932,6376,4704,1672,0,0,1359,313,1359,0.14563375352668595,0.0,0.11815641172092049,0.11815641172092049,0.39459665298179547
19,pytest-dev__pytest-10051,1791016606.6737518,7.631525754928589,11400,9408,1992,0,0,1504,488,1504,0.18328098911179794,0.0,0.13801060677493954,0.13801060677493954,0.8115165468380628
3,django__django-13112,1791016608.7779512,3.312333106994629,38537,37632,905,0,0,309,596,309,0.10854003944469014,0.0,0.0369666312054307,0.0369666312054307,3.7818239683395767
8,django__django-15380,1791016610.5408642,31.24028992652893,5551,4704,847,0,0,341,506,341,0.07342251721289915,0.0,0.029472679003453756,0.029472679003453756,0.39459665298179547
7,django__django-13112,1791016611.7893605,414.1560254096985,41472,40768,704,0,0,175,529,175,0.08658924127772807,0.0,0.02147761752153526,0.02147761752153526,4.16146532822746
3,django__django-13112,1791016612.2677228,361.55759382247925,38738,37632,1106,0,0,905,201,905,0.1327588579151381,0.0,0.10854003944469014,0.10854003944469014,3.7818239683395767
11,sympy__sympy-18211,1791016614.4805102,18.806782722473145,25821,25088,733,0,0,318,415,318,0.07857179939184813,0.0,0.03402051514416524,0.03402051514416524,2.362472932674584
19,pytest-dev__pytest-10051,1791016615.3810306,20.42598056793213,11764,10976,788,0,0,424,364,424,0.07327065824731839,0.0,0.03934697096538174,0.03934697096538174,0.955450564984479
20,django__django-11749,1791016617.4821203,68.33676767349243,20953,20384,569,0,0,186,383,186,0.058244987758824335,0.0,0.019003728180413446,0.019003728180413446,1.8711422359034104
15,django__django-10973,1791016623.1790788,20.200360536575317,7709,6272,1437,0,0,632,805,632,0.1272676905231581,0.0,0.055716356760232885,0.055716356760232885,0.531089590836721
27,pylint-dev__pylint-6528,1791016623.7723103,94.64088201522827,8584,7840,744,0,0,688,56,688,0.06680907940015651,0.0,0.06176100470685702,0.06176100470685702,0.6700628887888102
2,pytest-dev__pytest-6202,1791016624.0272472,4.437638998031616,24990,23520,1470,0,0,1061,409,1061,0.155793513532361,0.0,0.11222799017767214,0.11222799017767214,2.1962156736536964
12,django__django-12262,1791016626.5045502,18.36316227912903,15449,14112,1337,0,0,919,418,919,0.12891851396526616,0.0,0.08841962985055078,0.08841962985055078,1.250759681568802
16,django__django-14787,1791016628.610008,15.840456485748291,13340,12544,796,0,0,51,745,51,0.0752768973432868,0.0,0.004803851839815252,0.004803851839815252,1.1018649432280587
2,pytest-dev__pytest-6202,1791016628.6252859,12.125694513320923,25234,23520,1714,0,0,1470,244,1470,0.1818640738120929,0.0,0.155793513532361,0.155793513532361,2.1962156736536964
25,django__django-13112,1791016631.9964771,6.951315402984619,23336,21952,1384,0,0,1055,329,1055,0.14442972751698108,0.0,0.10992127841857434,0.10992127841857434,2.0324387747299717
11,sympy__sympy-18211,1791016635.176032,14.25034213066101,26547,25088,1459,0,0,733,726,733,0.1569275533934795,0.0,0.07857179939184813,0.07857179939184813,2.362472932674584
19,pytest-dev__pytest-10051,1791016635.9515047,19.518582105636597,12078,10976,1102,0,0,788,314,788,0.10264188543835491,0.0,0.07327065824731839,0.07327065824731839,0.955450564984479
25,django__django-13112,1791016639.1273065,8.17487382888794,24175,21952,2223,0,0,1384,839,1384,0.23292582492178698,0.0,0.14442972751698108,0.14442972751698108,2.0324387747299717
31,sympy__sympy-18211,1791016640.8611345,613.5847392082214,19547,18816,731,0,0,368,363,368,0.07373131237101753,0.0,0.03705043276470828,0.03705043276470828,1.7123260571740133
2,pytest-dev__pytest-6202,1791016640.8996189,42.22724962234497,25472,25088,384,0,0,146,238,146,0.04109416080793172,0.0,0.015606814791204822,0.015606814791204822,2.362472932674584
8,django__django-15380,1791016642.0708373,8.748567819595337,6044,4704,1340,0,0,847,493,847,0.11649163994872681,0.0,0.07342251721289915,0.07342251721289915,0.39459665298179547
15,django__django-10973,1791016643.5967631,63.82101082801819,8308,6272,2036,0,0,1437,599,1437,0.1809332090549356,0.0,0.1272676905231581,0.1272676905231581,0.531089590836721
4,django__django-13821,1791016643.889559,74.03584361076355,20698,20384,314,0,0,42,272,42,0.03210183629100082,0.0,0.004288113693386341,0.004288113693386341,1.8711422359034104
21,sympy__sympy-20916,1791016644.9893134,9.469162702560425,15708,14112,1596,0,0,954,642,954,0.15410076673359943,0.0,0.09180392298536559,0.09180392298536559,1.250759681568802
16,django__django-14787,1791016645.1302173,32.360243797302246,13746,12544,1202,0,0,796,406,796,0.11391806094475872,0.0,0.0752768973432868,0.0752768973432868,1.1018649432280587
12,django__django-12262,1791016645.5109315,11.926109075546265,15720,14112,1608,0,0,1337,271,1337,0.1552691524106779,0.0,0.12891851396526616,0.12891851396526616,1.250759681568802
0,django__django-10973,1791016646.328843,6.620774507522583,6894,6272,622,0,0,415,207,415,0.05483163134205743,0.0,0.03654047324480575,0.03654047324480575,0.531089590836721
25,django__django-13112,1791016647.4474938,3.608154773712158,24483,23520,963,0,0,655,308,655,0.10181436995099381,0.0,0.06914892599806244,0.06914892599806244,2.1962156736536964
11,sympy__sympy-18211,1791016650.8441339,5.776472330093384,26898,25088,1810,0,0,1459,351,1459,0.19500097848692594,0.0,0.1569275533934795,0.1569275533934795,2.362472932674584
8,django__django-15380,1791016650.9620543,39.405620098114014,6594,4704,1890,0,0,1340,550,1340,0.16482971774691654,0.0,0.11649163994872681,0.11649163994872681,0.39459665298179547
25,django__django-13112,1791016651.2058566,6.593345880508423,25613,23520,2093,0,0,963,1130,963,0.22247802171899808,0.0,0.10181436995099381,0.10181436995099381,2.1962156736536964
0,django__django-10973,1791016654.0415123,3.9426016807556152,7703,6272,1431,0,0,622,809,622,0.12673197046530776,0.0,0.05483163134205743,0.05483163134205743,0.531089590836721
21,sympy__sympy-20916,1791016655.2323105,23.819652318954468,16326,15680,646,0,0,28,618,28,0.06308644013233251,0.0,0.002725668295692584,0.002725668295692584,1.4021347800067088
11,sympy__sympy-18211,1791016656.7785127,11.063034057617188,27258,26656,602,0,0,242,360,242,0.06544213757145521,0.0,0.026263359368874292,0.026263359368874292,2.5312105517926358
19,pytest-dev__pytest-10051,1791016656.8385162,4.0651280879974365,12321,10976,1345,0,0,1102,243,1102,0.12544012168501917,0.0,0.10264188543835491,0.10264188543835491,0.955450564984479
12,django__django-12262,1791016657.580056,10.316582918167114,16079,15680,399,0,0,40,359,40,0.03891544205782304,0.0,0.0038940539727710687,0.0038940539727710687,1.4021347800067088
25,django__django-13112,1791016657.9291918,12.97382664680481,26184,25088,1096,0,0,525,571,525,0.11768320942381394,0.0,0.05622076269810998,0.05622076269810998,2.362472932674584
0,django__django-10973,1791016658.8881574,44.23436522483826,8616,6272,2344,0,0,1431,913,1431,0.20866841191048824,0.0,0.12673197046530776,0.12673197046530776,0.531089590836721
19,pytest-dev__pytest-10051,1791016661.0553815,15.929008960723877,12588,10976,1612,0,0,1345,267,1345,0.15055872250861044,0.0,0.12544012168501917,0.12544012168501917,0.955450564984479
29,sympy__sympy-15875,1791016661.6785374,17.160751819610596,12354,10976,1378,0,0,1052,326,1052,0.1285407727200646,0.0,0.09795828008441707,0.09795828008441707,0.955450564984479
28,pytest-dev__pytest-5631,1791016662.6494122,352.6767246723175,8139,6272,1867,0,0,1306,561,1306,0.16575553006831908,0.0,0.11557939581045674,0.11557939581045674,0.531089590836721
30,sympy__sympy-18211,1791016662.952652,401.5135943889618,17072,15680,1392,0,0,1059,333,1059,0.13646238933397722,0.0,0.10363940955234298,0.10363940955234298,1.4021347800067088
12,django__django-12262,1791016668.0634236,27.487302541732788,16408,15680,728,0,0,399,329,399,0.07112442831287268,0.0,0.03891544205782304,0.03891544205782304,1.4021347800067088
11,sympy__sympy-18211,1791016668.489967,8.160003900527954,27617,26656,961,0,0,602,359,602,0.10464228732709414,0.0,0.06544213757145521,0.06544213757145521,2.5312105517926358
25,django__django-13112,1791016671.203704,3.1181864738464355,26473,25088,1385,0,0,1096,289,1096,0.14891654146875533,0.0,0.11768320942381394,0.11768320942381394,2.362472932674584
25,django__django-13112,1791016674.4551716,63.36185073852539,26703,25088,1615,0,0,1385,230,1385,0.17383373118932058,0.0,0.14891654146875533,0.14891654146875533,2.362472932674584
16,django__django-14787,1791016677.6906967,4.340717077255249,14519,12544,1975,0,0,1202,773,1202,0.1879482643223059,0.0,0.11391806094475872,0.11391806094475872,1.1018649432280587
21,sympy__sympy-20916,1791016679.2163634,8.338269233703613,16505,15680,825,0,0,646,179,646,0.08064153843600633,0.0,0.06308644013233251,0.06308644013233251,1.4021347800067088
16,django__django-14787,1791016682.214764,3.9922800064086914,14645,14112,533,0,0,407,126,407,0.05117768261604443,0.0,0.03905352598156262,0.03905352598156262,1.250759681568802
29,sympy__sympy-15875,1791016685.136977,5.586193799972534,12806,10976,1830,0,0,1378,452,1378,0.17112087502332624,0.0,0.1285407727200646,0.1285407727200646,0.955450564984479
20,django__django-11749,1791016685.9969091,5.427951097488403,21103,20384,719,0,0,569,150,569,0.07365395568965341,0.0,0.058244987758824335,0.058244987758824335,1.8711422359034104
16,django__django-14787,1791016687.707919,5.656497001647949,15777,14112,1665,0,0,533,1132,533,0.1608209682621492,0.0,0.05117768261604443,0.05117768261604443,1.250759681568802
21,sympy__sympy-20916,1791016687.7183414,2.496243953704834,16715,15680,1035,0,0,825,210,825,0.10127811126170355,0.0,0.08064153843600633,0.08064153843600633,1.4021347800067088
21,sympy__sympy-20916,1791016690.388223,9.820747375488281,16821,15680,1141,0,0,1035,106,1035,0.11171156313395729,0.0,0.10127811126170355,0.10127811126170355,1.4021347800067088
8,django__django-15380,1791016690.6185083,6.194778680801392,7541,6272,1269,0,0,322,947,322,0.11228125720836934,0.0,0.028336779891990963,0.028336779891990963,0.531089590836721
29,sympy__sympy-15875,1791016690.87632,10.017822504043579,13134,12544,590,0,0,262,328,262,0.05573438298908486,0.0,0.024706496779746505,0.024706496779746505,1.1018649432280587
20,django__django-11749,1791016691.6131642,101.46897602081299,21348,20384,964,0,0,719,245,719,0.09887075192546681,0.0,0.07365395568965341,0.07365395568965341,1.8711422359034104
11,sympy__sympy-18211,1791016692.3268106,19.007837772369385,27953,26656,1297,0,0,961,336,961,0.1414487991223263,0.0,0.10464228732709414,0.10464228732709414,2.5312105517926358
16,django__django-14787,1791016693.647795,3.098154067993164,16217,15680,537,0,0,97,440,97,0.052412298834839596,0.0,0.009445869824242371,0.009445869824242371,1.4021347800067088
8,django__django-15380,1791016696.9253485,19.881842374801636,8198,6272,1926,0,0,1269,657,1269,0.17105097271266861,0.0,0.11228125720836934,0.11228125720836934,0.531089590836721
16,django__django-14787,1791016697.451578,6.981029033660889,16371,15680,691,0,0,537,154,537,0.06749669134708904,0.0,0.052412298834839596,0.052412298834839596,1.4021347800067088
21,sympy__sympy-20916,1791016700.6346254,11.872595310211182,17242,15680,1562,0,0,1141,421,1141,0.153261998485338,0.0,0.11171156313395729,0.11171156313395729,1.4021347800067088
0,django__django-10973,1791016703.464918,24.78693413734436,9659,7840,1819,0,0,776,1043,776,0.164327371579963,0.0,0.06969511395839911,0.06969511395839911,0.6700628887888102
15,django__django-10973,1791016707.61997,43.01223039627075,8783,7840,943,0,0,468,475,468,0.08477337021166526,0.0,0.041959911102846505,0.041959911102846505,0.6700628887888102
26,sympy__sympy-15875,1791016707.9528694,194.58984422683716,6819,6272,547,0,0,104,443,104,0.04819940638565423,0.0,0.009140815671760387,0.009140815671760387,0.531089590836721
16,django__django-14787,1791016709.4130483,5.488559722900391,16832,15680,1152,0,0,691,461,691,0.11279492902670882,0.0,0.06749669134708904,0.06749669134708904,1.4021347800067088
11,sympy__sympy-18211,1791016711.4875302,7.442789316177368,28370,26656,1714,0,0,1297,417,1297,0.18728669780002444,0.0,0.1414487991223263,0.1414487991223263,2.5312105517926358
21,sympy__sympy-20916,1791016713.2166207,23.042131900787354,17586,15680,1906,0,0,1562,344,1562,0.18734569130290657,0.0,0.153261998485338,0.153261998485338,1.4021347800067088
16,django__django-14787,1791016715.333245,4.123305559158325,17002,15680,1322,0,0,1152,170,1152,0.12955337747518686,0.0,0.11279492902670882,0.11279492902670882,1.4021347800067088
8,django__django-15380,1791016716.9360707,16.428310871124268,8743,7840,903,0,0,358,545,358,0.08115924937212682,0.0,0.03207767476057951,0.03207767476057951,0.6700628887888102
4,django__django-13821,1791016718.1850188,129.8155393600464,21705,20384,1321,0,0,314,1007,314,0.1357236334417265,0.0,0.03210183629100082,0.03210183629100082,1.8711422359034104
27,pylint-dev__pylint-6528,1791016718.8123653,3.0631468296051025,9190,7840,1350,0,0,744,606,744,0.12163881844900254,0.0,0.06680907940015651,0.06680907940015651,0.6700628887888102
11,sympy__sympy-18211,1791016719.0663564,12.432983875274658,28742,28224,518,0,0,146,372,146,0.05710813285042116,0.0,0.01606871858480926,0.01606871858480926,2.702428531007851
16,django__django-14787,1791016719.8781805,3.778256416320801,17252,15680,1572,0,0,1322,250,1322,0.15425111874504044,0.0,0.12955337747518686,0.12955337747518686,1.4021347800067088
27,pylint-dev__pylint-6528,1791016722.0296528,3.139293670654297,9393,7840,1553,0,0,1350,203,1350,0.14008871569468762,0.0,0.12163881844900254,0.12163881844900254,0.6700628887888102
16,django__django-14787,1791016723.8196487,2.6410837173461914,17357,17248,109,0,0,4,105,4,0.010787513812915824,0.0,0.000395660209970066,0.000395660209970066,1.5559902385417792
27,pylint-dev__pylint-6528,1791016725.330466,5.007535457611084,10040,7840,2200,0,0,1553,647,1553,0.19916948876536228,0.0,0.14008871569468762,0.14008871569468762,0.6700628887888102
16,django__django-14787,1791016726.6313398,3.4221949577331543,17475,17248,227,0,0,109,118,109,0.022479251179779496,0.0,0.010787513812915824,0.010787513812915824,1.5559902385417792
0,django__django-10973,1791016728.4629557,6.640121698379517,10186,9408,778,0,0,251,527,251,0.0711062142936156,0.0,0.022873713530710348,0.022873713530710348,0.8115165468380628
16,django__django-14787,1791016730.2193077,3.836771249771118,17574,17248,326,0,0,227,99,227,0.03229925712852855,0.0,0.022479251179779496,0.022479251179779496,1.5559902385417792
27,pylint-dev__pylint-6528,1791016731.2068284,256.6396026611328,10233,9408,825,0,0,632,193,632,0.07542139282335347,0.0,0.05771583071610962,0.05771583071610962,0.8115165468380628
11,sympy__sympy-18211,1791016732.1441398,27.979339361190796,28977,28224,753,0,0,518,235,518,0.08310552232654055,0.0,0.05710813285042116,0.05710813285042116,2.702428531007851
8,django__django-15380,1791016733.6451774,7.291308641433716,8931,7840,1091,0,0,903,188,903,0.09815965231056788,0.0,0.08115924937212682,0.08115924937212682,0.6700628887888102
0,django__django-10973,1791016735.2418735,13.006964683532715,10960,9408,1552,0,0,778,774,778,0.14245277790869637,0.0,0.0711062142936156,0.0711062142936156,0.8115165468380628
21,sympy__sympy-20916,1791016736.7243168,3.9672250747680664,18269,17248,1021,0,0,338,683,338,0.10151603702578055,0.0,0.033490232767836185,0.033490232767836185,1.5559902385417792
25,django__django-13112,1791016738.273668,113.73965716362,27042,26656,386,0,0,47,339,47,0.0419191811584549,0.0,0.005096112071268943,0.005096112071268943,2.5312105517926358
21,sympy__sympy-20916,1791016740.8357654,3.9078235626220703,18396,17248,1148,0,0,1021,127,1021,0.11421694159749084,0.0,0.10151603702578055,0.10151603702578055,1.5559902385417792
8,django__django-15380,1791016741.2126405,7.517438888549805,9754,7840,1914,0,0,1091,823,1091,0.17300133349301222,0.0,0.09815965231056788,0.09815965231056788,0.6700628887888102
16,django__django-14787,1791016742.60613,3.0482065677642822,17748,17248,500,0,0,326,174,326,0.04958262250011743,0.0,0.03229925712852855,0.03229925712852855,1.5559902385417792
21,sympy__sympy-20916,1791016745.628858,6.958043575286865,18642,17248,1394,0,0,1148,246,1148,0.13886497836510342,0.0,0.11421694159749084,0.11421694159749084,1.5559902385417792
16,django__django-14787,1791016745.8431733,21.813923835754395,18085,17248,837,0,0,500,337,500,0.08314359141692967,0.0,0.04958262250011743,0.04958262250011743,1.5559902385417792
8,django__django-15380,1791016748.9888628,7.8914923667907715,11054,9408,1646,0,0,346,1300,346,0.15115876271551526,0.0,0.03154767544375957,0.03154767544375957,0.8115165468380628
15,django__django-10973,1791016750.914373,6.71130895614624,9255,7840,1415,0,0,943,472,943,0.12754189636456006,0.0,0.08477337021166526,0.08477337021166526,0.6700628887888102
14,pytest-dev__pytest-10051,1791016753.170641,9.231059074401855,12401,10976,1425,0,0,720,705,720,0.13295874808757047,0.0,0.0669231131443481,0.0669231131443481,0.955450564984479
21,sympy__sympy-20916,1791016754.6248717,7.59906530380249,18942,17248,1694,0,0,1394,300,1394,0.16900618384701369,0.0,0.13886497836510342,0.13886497836510342,1.5559902385417792
8,django__django-15380,1791016757.1297514,6.780174732208252,11756,10976,780,0,0,78,702,78,0.07252364611342259,0.0,0.007224744569099059,0.007224744569099059,0.955450564984479
15,django__django-10973,1791016758.6258833,3.431781053543091,10141,7840,2301,0,0,1415,886,1415,0.20843040673178398,0.0,0.12754189636456006,0.12754189636456006,0.6700628887888102
14,pytest-dev__pytest-10051,1791016762.566056,594.3217663764954,12588,10976,1612,0,0,1425,187,1425,0.15055872250861044,0.0,0.13295874808757047,0.13295874808757047,0.955450564984479
15,django__django-10973,1791016762.9260063,89.59240937232971,10868,9408,1460,0,0,733,727,733,0.1339406584626878,0.0,0.06697674868253131,0.06697674868253131,0.8115165468380628
8,django__django-15380,1791016764.1592577,5.189845561981201,12712,10976,1736,0,0,780,956,780,0.16224874624993024,0.0,0.07252364611342259,0.07252364611342259,0.955450564984479
21,sympy__sympy-20916,1791016765.4199197,7.551677227020264,19341,18816,525,0,0,126,399,126,0.05289885185369452,0.0,0.012670365214779761,0.012670365214779761,1.7123260571740133
16,django__django-14787,1791016767.8461373,4.890885591506958,18441,17248,1193,0,0,837,356,837,0.11872116632875532,0.0,0.08314359141692967,0.08314359141692967,1.5559902385417792
8,django__django-15380,1791016769.4935925,6.697943449020386,13273,12544,729,0,0,168,561,168,0.06891613918245978,0.0,0.015834368006350515,0.015834368006350515,1.1018649432280587
16,django__django-14787,1791016773.095656,3.572495222091675,18857,17248,1609,0,0,1193,416,1193,0.16045695734472265,0.0,0.11872116632875532,0.11872116632875532,1.5559902385417792
21,sympy__sympy-20916,1791016774.9760683,15.68578553199768,19753,18816,937,0,0,525,412,525,0.09460658405470157,0.0,0.05289885185369452,0.05289885185369452,1.7123260571740133
8,django__django-15380,1791016776.4358926,18.469492435455322,14223,12544,1679,0,0,729,950,729,0.1595291267361237,0.0,0.06891613918245978,0.06891613918245978,1.1018649432280587
16,django__django-14787,1791016777.164081,3.1947519779205322,19013,18816,197,0,0,41,156,41,0.019817070782687657,0.0,0.004121138712488752,0.004121138712488752,1.7123260571740133
16,django__django-14787,1791016780.5421603,26.58716893196106,19343,18816,527,0,0,197,330,197,0.05310090294840654,0.0,0.019817070782687657,0.019817070782687657,1.7123260571740133
21,sympy__sympy-20916,1791016792.4098344,11.085280656814575,20055,18816,1239,0,0,937,302,937,0.12528752384484612,0.0,0.09460658405470157,0.09460658405470157,1.7123260571740133
20,django__django-11749,1791016793.4605746,163.53795790672302,21550,20384,1166,0,0,964,202,964,0.11970728924130072,0.0,0.09887075192546681,0.09887075192546681,1.8711422359034104
8,django__django-15380,1791016795.910739,5.405329942703247,14735,14112,623,0,0,111,512,111,0.0598476004299745,0.0,0.010634388395380433,0.010634388395380433,1.250759681568802
8,django__django-15380,1791016801.5545254,5.324633836746216,15052,14112,940,0,0,623,317,623,0.09045005743184839,0.0,0.0598476004299745,0.0598476004299745,1.250759681568802
21,sympy__sympy-20916,1791016803.9283543,7.018133878707886,20318,18816,1502,0,0,1239,263,1239,0.15208130986253376,0.0,0.12528752384484612,0.12528752384484612,1.7123260571740133
8,django__django-15380,1791016807.1271021,17.147916555404663,15459,14112,1347,0,0,940,407,940,0.1298895457101969,0.0,0.09045005743184839,0.09045005743184839,1.250759681568802
21,sympy__sympy-20916,1791016811.4033291,9.17071270942688,20586,18816,1770,0,0,1502,268,1502,0.1794562665023161,0.0,0.15208130986253376,0.15208130986253376,1.7123260571740133
22,django__django-13112,1791016812.560332,73.25088620185852,30872,29792,1080,0,0,619,461,619,0.1210817238566331,0.0,0.06925382490823648,0.06925382490823648,2.87612687032023
21,sympy__sympy-20916,1791016820.7361753,3.256282091140747,20860,20384,476,0,0,202,274,202,0.04870282703784323,0.0,0.020640087772918658,0.020640087772918658,1.8711422359034104
21,sympy__sympy-20916,1791016824.1689773,21.707674026489258,21111,20384,727,0,0,476,251,476,0.07447640489998934,0.0,0.04870282703784323,0.04870282703784323,1.8711422359034104
24,django__django-14787,1791016824.3747845,357.06761145591736,11420,9408,2012,0,0,1456,556,1456,0.18514145756123898,0.0,0.13357076001028667,0.13357076001028667,0.8115165468380628
8,django__django-15380,1791016824.6458104,12.302078247070312,16065,14112,1953,0,0,1347,606,1347,0.18892236756259792,0.0,0.1298895457101969,0.1298895457101969,1.250759681568802
9,sympy__sympy-13757,1791016824.8433707,267.58717799186707,39506,37632,1874,0,0,1498,376,1498,0.22567181857669225,0.0,0.18010883405771708,0.18010883405771708,3.7818239683395767
18,django__django-11749,1791016832.6928053,3.7465240955352783,7723,6272,1451,0,0,997,454,997,0.12851784522918147,0.0,0.08807787706293932,0.08807787706293932,0.531089590836721
18,django__django-11749,1791016836.5716736,5.130821228027344,8382,6272,2110,0,0,1451,659,1451,0.1875881271457884,0.0,0.12851784522918147,0.12851784522918147,0.531089590836721
8,django__django-15380,1791016837.1052568,17.080830097198486,16428,15680,748,0,0,385,363,385,0.0730859422525277,0.0,0.03754726912469108,0.03754726912469108,1.4021347800067088
18,django__django-11749,1791016841.9601908,2.466900110244751,8597,7840,757,0,0,542,215,542,0.0679814063476091,0.0,0.0486148291936993,0.0486148291936993,0.6700628887888102
18,django__django-11749,1791016844.5562139,5.749136686325073,8756,7840,916,0,0,757,159,757,0.08233366159342397,0.0,0.0679814063476091,0.0679814063476091,0.6700628887888102
21,sympy__sympy-20916,1791016847.370175,9.165310859680176,21577,20384,1193,0,0,727,466,727,0.12249548979293402,0.0,0.07447640489998934,0.07447640489998934,1.8711422359034104
4,django__django-13821,1791016848.2522006,3.0251405239105225,21970,20384,1586,0,0,1321,265,1321,0.16316255744993235,0.0,0.1357236334417265,0.1357236334417265,1.8711422359034104
18,django__django-11749,1791016850.4482553,16.177126169204712,9049,7840,1209,0,0,916,293,916,0.10884833159572137,0.0,0.08233366159342397,0.08233366159342397,0.6700628887888102
4,django__django-13821,1791016851.4065056,117.74331641197205,22923,21952,971,0,0,18,953,18,0.10112810991543167,0.0,0.0018660186233713536,0.0018660186233713536,2.0324387747299717
25,django__django-13112,1791016852.5709703,53.32040810585022,28129,26656,1473,0,0,386,1087,386,0.16077385486802068,0.0,0.0419191811584549,0.0419191811584549,2.5312105517926358
15,django__django-10973,1791016852.7260869,23.21172833442688,11611,9408,2203,0,0,1460,743,1460,0.20292925989907334,0.0,0.1339406584626878,0.1339406584626878,0.8115165468380628
8,django__django-15380,1791016854.3398895,2.924855947494507,16831,15680,1151,0,0,748,403,748,0.11269643617407307,0.0,0.0730859422525277,0.0730859422525277,1.4021347800067088
8,django__django-15380,1791016857.648143,39.90919542312622,16952,15680,1272,0,0,1151,121,1151,0.12462139552689314,0.0,0.11269643617407307,0.11269643617407307,1.4021347800067088
21,sympy__sympy-20916,1791016859.590424,21.05240535736084,21882,20384,1498,0,0,1193,305,1193,0.15404290696520376,0.0,0.12249548979293402,0.12249548979293402,1.8711422359034104
18,django__django-11749,1791016866.7989137,5.841521978378296,9411,7840,1571,0,0,1209,362,1209,0.1417266737588661,0.0,0.10884833159572137,0.10884833159572137,0.6700628887888102
18,django__django-11749,1791016872.8124626,20.63271689414978,9524,9408,116,0,0,3,113,3,0.010563219380707511,0.0,0.00027301570961344655,0.00027301570961344655,0.8115165468380628
15,django__django-10973,1791016876.260886,56.2619788646698,12448,10976,1472,0,0,635,837,635,0.13737895198430838,0.0,0.05899524175265716,0.05899524175265716,0.955450564984479
22,django__django-13112,1791016886.0872326,5.170027256011963,31117,29792,1325,0,0,1080,245,1080,0.1487130846042839,0.0,0.1210817238566331,0.1210817238566331,2.87612687032023
22,django__django-13112,1791016891.4167793,6.540931940078735,31317,29792,1525,0,0,1325,200,1325,0.17131419087319238,0.0,0.1487130846042839,0.1487130846042839,2.87612687032023
18,django__django-11749,1791016893.619761,10.419194221496582,10035,9408,627,0,0,116,511,116,0.05725763677344378,0.0,0.010563219380707511,0.010563219380707511,0.8115165468380628
8,django__django-15380,1791016897.9184217,4.655829429626465,18020,15680,2340,0,0,1272,1068,1272,0.23051694788400318,0.0,0.12462139552689314,0.12462139552689314,1.4021347800067088
22,django__django-13112,1791016898.2043417,5.8136231899261475,31891,29792,2099,0,0,1525,574,1525,0.23640346773302234,0.0,0.17131419087319238,0.17131419087319238,2.87612687032023
8,django__django-15380,1791016902.734348,3.445894956588745,18155,17248,907,0,0,772,135,772,0.09012908349350279,0.0,0.0766614893489328,0.0766614893489328,1.5559902385417792
26,sympy__sympy-15875,1791016903.0262933,109.67031836509705,7229,6272,957,0,0,547,410,547,0.08452485161964049,0.0,0.04819940638565423,0.04819940638565423,0.531089590836721
22,django__django-13112,1791016904.153745,4.840545415878296,32239,31360,879,0,0,531,348,531,0.09984840617411359,0.0,0.06022476832348009,0.06022476832348009,3.0523055697297723
18,django__django-11749,1791016904.1677384,19.692429780960083,10362,9408,954,0,0,627,327,627,0.08727663306311938,0.0,0.05725763677344378,0.05725763677344378,0.8115165468380628
25,django__django-13112,1791016906.6268458,6.26638650894165,28458,26656,1802,0,0,1473,329,1473,0.19698233986187708,0.0,0.16077385486802068,0.16077385486802068,2.5312105517926358
8,django__django-15380,1791016906.6537259,3.3518905639648438,18624,17248,1376,0,0,907,469,907,0.13705939333843514,0.0,0.09012908349350279,0.09012908349350279,1.5559902385417792
22,django__django-13112,1791016909.1423342,79.58087491989136,33190,31360,1830,0,0,879,951,879,0.20875337930363283,0.0,0.09984840617411359,0.09984840617411359,3.0523055697297723
8,django__django-15380,1791016910.1751406,3.492703676223755,18746,17248,1498,0,0,1376,122,1376,0.1493036474938377,0.0,0.13705939333843514,0.13705939333843514,1.5559902385417792
25,django__django-13112,1791016913.0755816,3.0410783290863037,28801,28224,577,0,0,234,343,234,0.06362989911555605,0.0,0.025764360646661877,0.025764360646661877,2.702428531007851
8,django__django-15380,1791016914.6072712,4.394055128097534,18969,17248,1721,0,0,1498,223,1498,0.17172334586790708,0.0,0.1493036474938377,0.1493036474938377,1.5559902385417792
25,django__django-13112,1791016916.26443,38.87998867034912,29282,28224,1058,0,0,577,481,577,0.1169298930871988,0.0,0.06362989911555605,0.06362989911555605,2.702428531007851
8,django__django-15380,1791016921.8700464,6.175062656402588,19229,18816,413,0,0,153,260,153,0.04159043098921344,0.0,0.01538752723567315,0.01538752723567315,1.7123260571740133
18,django__django-11749,1791016924.2602148,28.10357165336609,10477,9408,1069,0,0,954,115,954,0.09785941211888545,0.0,0.08727663306311938,0.08727663306311938,0.8115165468380628
8,django__django-15380,1791016928.1716928,9.854225873947144,19570,18816,754,0,0,413,341,413,0.07605992348275492,0.0,0.04159043098921344,0.04159043098921344,1.7123260571740133
15,django__django-10973,1791016932.7324317,6.946949481964111,13064,10976,2088,0,0,1472,616,1472,0.1955178464169293,0.0,0.13737895198430838,0.13737895198430838,0.955450564984479
13,django__django-11749,1791016935.9032419,279.3532831668854,15866,15680,186,0,0,58,128,58,0.01812104901318305,0.0,0.005646904875393166,0.005646904875393166,1.4021347800067088
8,django__django-15380,1791016938.1552749,4.082054853439331,19701,18816,885,0,0,754,131,754,0.08933305860023524,0.0,0.07605992348275492,0.07605992348275492,1.7123260571740133
15,django__django-10973,1791016939.8679566,7.595970630645752,13847,12544,1303,0,0,520,783,520,0.12355659405954345,0.0,0.04910346817334954,0.04910346817334954,1.1018649432280587
8,django__django-15380,1791016942.3761895,26.112027406692505,20047,18816,1231,0,0,885,346,885,0.12447359732122473,0.0,0.08933305860023524,0.08933305860023524,1.7123260571740133
15,django__django-10973,1791016947.6061153,21.39385461807251,14058,12544,1514,0,0,1303,211,1303,0.14372574647991412,0.0,0.12355659405954345,0.12355659405954345,1.1018649432280587
18,django__django-11749,1791016952.786458,4.523980379104614,11406,9408,1998,0,0,1069,929,1069,0.18383908727531847,0.0,0.09785941211888545,0.09785941211888545,0.8115165468380628
25,django__django-13112,1791016955.5594819,8.308021306991577,29517,28224,1293,0,0,1058,235,1058,0.14305530445537246,0.0,0.1169298930871988,0.1169298930871988,2.702428531007851
20,django__django-11749,1791016957.1603184,12.499076128005981,21893,20384,1509,0,0,1166,343,1166,0.15518243603173426,0.0,0.11970728924130072,0.11970728924130072,1.8711422359034104
18,django__django-11749,1791016957.9114676,3.0291759967803955,11643,10976,667,0,0,430,237,430,0.06197899666197894,0.0,0.039905069128902265,0.039905069128902265,0.955450564984479
10,sympy__sympy-15875,1791016962.198841,226.0038764476776,10857,9408,1449,0,0,952,497,952,0.13292347655895384,0.0,0.08709270276608332,0.08709270276608332,0.8115165468380628
18,django__django-11749,1791016962.7668715,3.7351996898651123,11785,10976,809,0,0,667,142,667,0.07523187229080538,0.0,0.06197899666197894,0.06197899666197894,0.955450564984479
25,django__django-13112,1791016964.0329154,3.592745065689087,29828,28224,1604,0,0,1293,311,1293,0.1777154386387623,0.0,0.14305530445537246,0.14305530445537246,2.702428531007851
25,django__django-13112,1791016967.7657595,4.404760837554932,30429,29792,637,0,0,36,601,36,0.07127345164293934,0.0,0.004017099326383563,0.004017099326383563,2.87612687032023
4,django__django-13821,1791016969.666254,67.03583455085754,23250,21952,1298,0,0,971,327,971,0.13539874047893022,0.0,0.10112810991543167,0.10112810991543167,2.0324387747299717
20,django__django-11749,1791016969.810484,16.538591623306274,22217,20384,1833,0,0,1509,324,1509,0.18880149650651165,0.0,0.15518243603173426,0.15518243603173426,1.8711422359034104
25,django__django-13112,1791016972.2905798,53.98081016540527,31625,29792,1833,0,0,637,1196,637,0.20619881815740748,0.0,0.07127345164293934,0.07127345164293934,2.87612687032023
3,django__django-13112,1791016974.3375208,7.45185112953186,39371,37632,1739,0,0,1106,633,1106,0.20929635696696175,0.0,0.1327588579151381,0.1327588579151381,3.7818239683395767
3,django__django-13112,1791016981.933337,106.38567805290222,39673,39200,473,0,0,171,302,171,0.057373811128514474,0.0,0.020715857071601756,0.020715857071601756,3.9704044682349364
18,django__django-11749,1791016983.8957798,5.808895826339722,12093,10976,1117,0,0,809,308,809,0.10404745885440526,0.0,0.07523187229080538,0.07523187229080538,0.955450564984479
20,django__django-11749,1791016986.7457972,3.6925759315490723,22395,21952,443,0,0,265,178,265,0.04601976142195037,0.0,0.02750495767995065,0.02750495767995065,2.0324387747299717
22,django__django-13112,1791016988.97039,5.0713396072387695,34472,32928,1544,0,0,262,1282,262,0.17834818566553107,0.0,0.03009431979692701,0.03009431979692701,3.2309646292364778
27,pylint-dev__pylint-6528,1791016989.0354755,44.58575248718262,10447,9408,1039,0,0,825,214,825,0.09509740087585096,0.0,0.07542139282335347,0.07542139282335347,0.8115165468380628
20,django__django-11749,1791016990.597359,95.0387704372406,22673,21952,721,0,0,443,278,443,0.07500008466244217,0.0,0.04601976142195037,0.04601976142195037,2.0324387747299717
22,django__django-13112,1791016994.1970487,171.30245780944824,35275,32928,2347,0,0,1544,803,1544,0.2720537547960501,0.0,0.17834818566553107,0.17834818566553107,3.2309646292364778
18,django__django-11749,1791017005.9770765,4.8334081172943115,12309,10976,1333,0,0,1117,216,1117,0.1243128846047343,0.0,0.10404745885440526,0.10404745885440526,0.955450564984479
18,django__django-11749,1791017011.7699068,5.767391204833984,12647,10976,1671,0,0,1333,338,1333,0.156118976772087,0.0,0.1243128846047343,0.1243128846047343,0.955450564984479
26,sympy__sympy-15875,1791017012.8561397,125.29842138290405,7816,6272,1544,0,0,957,587,957,0.13682746383495153,0.0,0.08452485161964049,0.08452485161964049,0.531089590836721
28,pytest-dev__pytest-5631,1791017015.5013602,4.707693338394165,8638,7840,798,0,0,299,499,299,0.07167986196860053,0.0,0.026782232116229966,0.026782232116229966,0.6700628887888102
23,pylint-dev__pylint-6528,1791017016.8062232,301.25751209259033,19029,17248,1781,0,0,1331,450,1331,0.17776411676649018,0.0,0.13254686080353736,0.13254686080353736,1.5559902385417792
18,django__django-11749,1791017019.141424,203.71641516685486,12839,12544,295,0,0,103,192,103,0.027823294311106563,0.0,0.00970459852850727,0.00970459852850727,1.1018649432280587
28,pytest-dev__pytest-5631,1791017020.582116,48.53991723060608,9112,7840,1272,0,0,798,474,798,0.11456075125523489,0.0,0.07167986196860053,0.07167986196860053,0.6700628887888102
7,django__django-13112,1791017026.3417335,423.6947729587555,41796,40768,1028,0,0,704,324,704,0.12660797994279654,0.0,0.08658924127772807,0.08658924127772807,4.16146532822746
25,django__django-13112,1791017026.431233,120.7256691455841,32307,31360,947,0,0,265,682,265,0.107605225142616,0.0,0.030020118747865213,0.030020118747865213,3.0523055697297723
27,pylint-dev__pylint-6528,1791017034.0665612,7.108632326126099,10715,9408,1307,0,0,1039,268,1039,0.11980354192971243,0.0,0.09509740087585096,0.09509740087585096,0.8115165468380628
4,django__django-13821,1791017037.075572,13.33462905883789,24099,21952,2147,0,0,1298,849,1298,0.2248802415740901,0.0,0.13539874047893022,0.13539874047893022,2.0324387747299717
27,pylint-dev__pylint-6528,1791017041.59331,147.64010977745056,10933,9408,1525,0,0,1307,218,1307,0.13995377063960357,0.0,0.11980354192971243,0.11980354192971243,0.8115165468380628
4,django__django-13821,1791017050.5943177,2.641294002532959,24331,23520,811,0,0,579,232,579,0.08568180043093562,0.0,0.06110334265036552,0.06110334265036552,2.1962156736536964
4,django__django-13821,1791017053.368637,34.12379336357117,24485,23520,965,0,0,811,154,811,0.1020267959640501,0.0,0.08568180043093562,0.08568180043093562,2.1962156736536964
30,sympy__sympy-18211,1791017065.0521946,321.830361366272,17776,15680,2096,0,0,1392,704,1392,0.2062221652460696,0.0,0.13646238933397722,0.13646238933397722,1.4021347800067088
28,pytest-dev__pytest-5631,1791017069.4748964,9.522639274597168,9691,7840,1851,0,0,1272,579,1272,0.16724811026024397,0.0,0.11456075125523489,0.11456075125523489,0.6700628887888102
28,pytest-dev__pytest-5631,1791017079.3862443,5.963878631591797,10033,9408,625,0,0,283,342,283,0.057074366258262746,0.0,0.025794452210991314,0.025794452210991314,0.8115165468380628
28,pytest-dev__pytest-5631,1791017085.5208344,8.249715805053711,10241,9408,833,0,0,625,208,625,0.07615611324146686,0.0,0.057074366258262746,0.057074366258262746,0.8115165468380628
20,django__django-11749,1791017086.2428133,5.129018306732178,23084,21952,1132,0,0,721,411,721,0.11798793617922029,0.0,0.07500008466244217,0.07500008466244217,2.0324387747299717
4,django__django-13821,1791017088.3244724,35.93318724632263,25138,23520,1618,0,0,965,653,965,0.1715996373891005,0.0,0.1020267959640501,0.1020267959640501,2.1962156736536964
3,django__django-13112,1791017088.471842,188.6717963218689,40210,39200,1010,0,0,473,537,473,0.12278425740624835,0.0,0.057373811128514474,0.057373811128514474,3.9704044682349364
20,django__django-11749,1791017091.5310564,3.0221245288848877,23212,21952,1260,0,0,1132,128,1132,0.13141068117466131,0.0,0.11798793617922029,0.11798793617922029,2.0324387747299717
28,pytest-dev__pytest-5631,1791017093.9185596,25.284783124923706,10941,9408,1533,0,0,833,700,833,0.14069414056595575,0.0,0.07615611324146686,0.07615611324146686,0.8115165468380628
20,django__django-11749,1791017112.0699522,8.112725734710693,23761,21952,1809,0,0,1260,549,1260,0.18916915281699515,0.0,0.13141068117466131,0.13141068117466131,2.0324387747299717
28,pytest-dev__pytest-5631,1791017119.545877,6.673436641693115,11559,9408,2151,0,0,1533,618,1533,0.19808286147963863,0.0,0.14069414056595575,0.14069414056595575,0.8115165468380628
4,django__django-13821,1791017124.5095751,24.825583457946777,25489,25088,401,0,0,50,351,50,0.04291687218575285,0.0,0.005342378368212419,0.005342378368212419,2.362472932674584
17,pylint-dev__pylint-6528,1791017124.9027646,41.776607275009155,21284,20384,900,0,0,498,402,498,0.09227766398881469,0.0,0.05095932446505706,0.05095932446505706,1.8711422359034104
28,pytest-dev__pytest-5631,1791017126.519398,16.26975393295288,11791,10976,815,0,0,583,232,583,0.07579230087647441,0.0,0.054148843333222424,0.054148843333222424,0.955450564984479
20,django__django-11749,1791017136.8549538,3.411478281021118,24270,23520,750,0,0,241,509,241,0.07921409949173175,0.0,0.025392253893270614,0.025392253893270614,2.1962156736536964
26,sympy__sympy-15875,1791017138.3363645,53.708303689956665,8589,6272,2317,0,0,1544,773,1544,0.20623325215521995,0.0,0.13682746383495153,0.13682746383495153,0.531089590836721
28,pytest-dev__pytest-5631,1791017143.1096494,9.367588758468628,12351,10976,1375,0,0,815,560,815,0.1282588499554082,0.0,0.07579230087647441,0.07579230087647441,0.955450564984479
25,django__django-13112,1791017147.3138876,3.7564282417297363,32893,31360,1533,0,0,947,586,947,0.17464406939588176,0.0,0.107605225142616,0.107605225142616,3.0523055697297723
4,django__django-13821,1791017149.5213609,6.61404824256897,25728,25088,640,0,0,401,239,401,0.06857291224802714,0.0,0.04291687218575285,0.04291687218575285,2.362472932674584
25,django__django-13112,1791017151.233471,23.34582805633545,33494,31360,2134,0,0,1533,601,1533,0.2437587719613498,0.0,0.17464406939588176,0.17464406939588176,3.0523055697297723
28,pytest-dev__pytest-5631,1791017152.839352,15.49003791809082,12675,10976,1699,0,0,1375,324,1375,0.15875897027533814,0.0,0.1282588499554082,0.1282588499554082,0.955450564984479
4,django__django-13821,1791017156.4172099,11.232389211654663,26144,25088,1056,0,0,640,416,640,0.1133668950638227,0.0,0.06857291224802714,0.06857291224802714,2.362472932674584
20,django__django-11749,1791017157.4833262,4.187734127044678,24698,23520,1178,0,0,750,428,750,0.12467326628577571,0.0,0.07921409949173175,0.07921409949173175,2.1962156736536964
22,django__django-13112,1791017165.7567332,6.412714004516602,36789,34496,2293,0,0,779,1514,779,0.2693590679701614,0.0,0.09091433519218074,0.09091433519218074,3.412104048840347
17,pylint-dev__pylint-6528,1791017167.3590124,9.86678171157837,21630,20384,1246,0,0,900,346,900,0.12797076295150775,0.0,0.09227766398881469,0.09227766398881469,1.8711422359034104
4,django__django-13821,1791017167.8185213,35.370032787323,26460,25088,1372,0,0,1056,316,1056,0.14750977203548155,0.0,0.1133668950638227,0.1133668950638227,2.362472932674584
28,pytest-dev__pytest-5631,1791017169.3903604,31.438556432724,13506,12544,962,0,0,131,831,131,0.09105589768330123,0.0,0.012344592031758424,0.012344592031758424,1.1018649432280587
22,django__django-13112,1791017172.321737,158.24055886268616,37197,36064,1133,0,0,725,408,725,0.13422298725620646,0.0,0.0857392882691285,0.0857392882691285,3.59572382854138
25,django__django-13112,1791017174.7080622,4.801830768585205,34095,32928,1167,0,0,566,601,566,0.13457880931035543,0.0,0.06509971245464395,0.06509971245464395,3.2309646292364778
20,django__django-11749,1791017178.7973492,8.122422695159912,24845,23520,1325,0,0,1178,147,1178,0.14032921437790202,0.0,0.12467326628577571,0.12467326628577571,2.1962156736536964
25,django__django-13112,1791017179.6429276,3.3501949310302734,34385,32928,1457,0,0,1167,290,1167,0.16823483382664955,0.0,0.13457880931035543,0.13457880931035543,3.2309646292364778
17,pylint-dev__pylint-6528,1791017181.7893553,8.939973831176758,22070,20384,1686,0,0,1246,440,1246,0.17353527974023908,0.0,0.12797076295150775,0.12797076295150775,1.8711422359034104
24,django__django-14787,1791017181.8254106,223.7204692363739,12036,10976,1060,0,0,444,616,444,0.09870748745579996,0.0,0.04120743941482278,0.04120743941482278,0.955450564984479
25,django__django-13112,1791017183.1442027,173.9040868282318,34926,32928,1998,0,0,1457,541,1457,0.23124750061204769,0.0,0.16823483382664955,0.16823483382664955,3.2309646292364778
20,django__django-11749,1791017188.113089,4.834359407424927,25144,23520,1624,0,0,1325,299,1325,0.17224089227853318,0.0,0.14032921437790202,0.14032921437790202,2.1962156736536964
10,sympy__sympy-15875,1791017188.681336,24.884929895401,11181,9408,1773,0,0,1449,324,1449,0.1629352614574478,0.0,0.13292347655895384,0.13292347655895384,0.8115165468380628
27,pylint-dev__pylint-6528,1791017189.5196538,7.343653678894043,11413,9408,2005,0,0,1525,480,1525,0.18449024770168018,0.0,0.13995377063960357,0.13995377063960357,0.8115165468380628
17,pylint-dev__pylint-6528,1791017191.0456996,15.497242212295532,22733,21952,781,0,0,118,663,118,0.08126506033084516,0.0,0.012238740913678086,0.012238740913678086,2.0324387747299717
26,sympy__sympy-15875,1791017192.6233132,21.126323461532593,8781,7840,941,0,0,749,192,749,0.08459262583373958,0.0,0.06725995420313083,0.06725995420313083,0.6700628887888102
20,django__django-11749,1791017193.5496373,5.732105016708374,25470,25088,382,0,0,56,326,56,0.04087974334322126,0.0,0.005983633257645074,0.005983633257645074,2.362472932674584
27,pylint-dev__pylint-6528,1791017197.1417592,5.075505971908569,12306,10976,1330,0,0,437,893,437,0.12403109803358012,0.0,0.04055622955526398,0.04055622955526398,0.955450564984479
20,django__django-11749,1791017199.5155354,5.012779951095581,25814,25088,726,0,0,382,344,382,0.0778188913221056,0.0,0.04087974334322126,0.04087974334322126,2.362472932674584
28,pytest-dev__pytest-5631,1791017201.0186224,7.279649257659912,14190,12544,1646,0,0,962,684,962,0.1563662534297132,0.0,0.09105589768330123,0.09105589768330123,1.1018649432280587
27,pylint-dev__pylint-6528,1791017202.3701653,4.343257904052734,12749,10976,1773,0,0,1330,443,1330,0.1657399033275186,0.0,0.12403109803358012,0.12403109803358012,0.955450564984479
4,django__django-13821,1791017204.0506938,10.985137224197388,27337,25088,2249,0,0,1372,877,1372,0.24279481570932987,0.0,0.14750977203548155,0.14750977203548155,2.362472932674584
17,pylint-dev__pylint-6528,1791017206.715884,16.442546129226685,23182,21952,1230,0,0,781,449,781,0.12826324232044214,0.0,0.08126506033084516,0.08126506033084516,2.0324387747299717
27,pylint-dev__pylint-6528,1791017206.9019291,3.831251382827759,12940,12544,396,0,0,205,191,205,0.0373694105506713,0.0,0.019325525083938838,0.019325525083938838,1.1018649432280587
5,django__django-14787,1791017209.7490876,216.08118414878845,9697,9408,289,0,0,233,56,233,0.026342205721390285,0.0,0.021231252001392923,0.021231252001392923,0.8115165468380628
27,pylint-dev__pylint-6528,1791017210.933116,2.646792411804199,13079,12544,535,0,0,396,139,396,0.050523962344194866,0.0,0.0373694105506713,0.0373694105506713,1.1018649432280587
27,pylint-dev__pylint-6528,1791017213.7332616,7.317821264266968,13300,12544,756,0,0,535,221,535,0.07147888501057537,0.0,0.050523962344194866,0.050523962344194866,1.1018649432280587
10,sympy__sympy-15875,1791017214.0406764,299.303911447525,11573,10976,597,0,0,205,392,205,0.05545337455604428,0.0,0.019001243311031615,0.019001243311031615,0.955450564984479
26,sympy__sympy-15875,1791017214.2539177,4.418901681900024,9353,7840,1513,0,0,941,572,941,0.1364499791406801,0.0,0.08459262583373958,0.08459262583373958,0.6700628887888102
28,pytest-dev__pytest-5631,1791017214.7255988,5.019825220108032,14554,14112,442,0,0,78,364,78,0.04241974069001327,0.0,0.0074715150889699215,0.0074715150889699215,1.250759681568802
13,django__django-11749,1791017215.802701,9.187899589538574,17436,15680,1756,0,0,186,1570,186,0.1724689373133953,0.0,0.01812104901318305,0.01812104901318305,1.4021347800067088
4,django__django-13821,1791017215.8068352,11.863723278045654,27680,26656,1024,0,0,681,343,681,0.11153483276261096,0.0,0.07405719659127821,0.07405719659127821,2.5312105517926358
26,sympy__sympy-15875,1791017219.1753263,21.079965829849243,9531,7840,1691,0,0,1513,178,1513,0.1526547473881901,0.0,0.1364499791406801,0.1364499791406801,0.6700628887888102
20,django__django-11749,1791017220.998785,51.687989711761475,25978,25088,890,0,0,726,164,726,0.0954714396291211,0.0,0.0778188913221056,0.0778188913221056,2.362472932674584
27,pylint-dev__pylint-6528,1791017221.2012937,3.156726837158203,13534,12544,990,0,0,756,234,756,0.09372015582443805,0.0,0.07147888501057537,0.07147888501057537,1.1018649432280587
18,django__django-11749,1791017223.0364168,81.74593186378479,13258,12544,714,0,0,295,419,295,0.06749270928501178,0.0,0.027823294311106563,0.027823294311106563,1.1018649432280587
17,pylint-dev__pylint-6528,1791017223.412858,18.870709896087646,23436,21952,1484,0,0,1230,254,1230,0.15494025745468432,0.0,0.12826324232044214,0.12826324232044214,2.0324387747299717
27,pylint-dev__pylint-6528,1791017224.5147495,6.103575944900513,13774,12544,1230,0,0,990,240,990,0.11658909849578208,0.0,0.09372015582443805,0.09372015582443805,1.1018649432280587
13,django__django-11749,1791017225.1624734,2.940249443054199,17636,17248,388,0,0,188,200,188,0.03845419496812458,0.0,0.018613478778324945,0.018613478778324945,1.5559902385417792
4,django__django-13821,1791017228.0110233,19.360541582107544,36445,26656,9789,0,0,1024,8765,1024,1.109504639645279,0.0,0.11153483276261096,0.11153483276261096,2.5312105517926358
13,django__django-11749,1791017229.8524487,95.28258204460144,18395,17248,1147,0,0,388,759,388,0.11411687091791127,0.0,0.03845419496812458,0.03845419496812458,1.5559902385417792
27,pylint-dev__pylint-6528,1791017230.769844,4.576997518539429,14090,12544,1546,0,0,1230,316,1230,0.14678849765586643,0.0,0.11658909849578208,0.11658909849578208,1.1018649432280587
28,pytest-dev__pytest-5631,1791017233.921047,4.573850870132446,14789,14112,677,0,0,442,235,442,0.06505347349119549,0.0,0.04241974069001327,0.04241974069001327,1.250759681568802
27,pylint-dev__pylint-6528,1791017235.473793,6.881384372711182,14493,12544,1949,0,0,1546,403,1546,0.18544844769246283,0.0,0.14678849765586643,0.14678849765586643,1.1018649432280587
26,sympy__sympy-15875,1791017240.7758923,7.972902536392212,10256,9408,848,0,0,123,725,123,0.07753388805046003,0.0,0.011201089338937443,0.011201089338937443,0.8115165468380628
27,pylint-dev__pylint-6528,1791017242.506107,5.062094688415527,14742,14112,630,0,0,381,249,381,0.06052226987249493,0.0,0.03655370935171953,0.03655370935171953,1.250759681568802
17,pylint-dev__pylint-6528,1791017242.937306,8.062291622161865,23820,21952,1868,0,0,1484,384,1484,0.19539444196932457,0.0,0.15494025745468432,0.15494025745468432,2.0324387747299717
28,pytest-dev__pytest-5631,1791017246.6154377,6.657335996627808,15226,14112,1114,0,0,677,437,677,0.10729071523175568,0.0,0.06505347349119549,0.06505347349119549,1.250759681568802
4,django__django-13821,1791017247.5297096,8.238209962844849,37498,36064,1434,0,0,381,1053,381,0.17009924636727983,0.0,0.0449913628965348,0.0449913628965348,3.59572382854138
27,pylint-dev__pylint-6528,1791017247.7151642,5.805969715118408,14980,14112,868,0,0,630,238,630,0.08349044367045771,0.0,0.06052226987249493,0.06052226987249493,1.250759681568802
26,sympy__sympy-15875,1791017249.2694137,5.218729734420776,10525,9408,1117,0,0,848,269,848,0.10228051865763761,0.0,0.07753388805046003,0.07753388805046003,0.8115165468380628
17,pylint-dev__pylint-6528,1791017251.5076022,5.360827922821045,24027,23520,507,0,0,300,207,300,0.05348658616136347,0.0,0.0316175430456,0.0316175430456,2.1962156736536964
27,pylint-dev__pylint-6528,1791017253.678051,5.801729917526245,15123,14112,1011,0,0,868,143,868,0.0973181312711001,0.0,0.08349044367045771,0.08349044367045771,1.250759681568802
31,sympy__sympy-18211,1791017254.4730911,50.8668098449707,19603,18816,787,0,0,731,56,731,0.0794019063771506,0.0,0.07373131237101753,0.07373131237101753,1.7123260571740133
26,sympy__sympy-15875,1791017254.6464918,4.007055997848511,10655,9408,1247,0,0,1117,130,1117,0.11426602115431572,0.0,0.10228051865763761,0.10228051865763761,0.8115165468380628
4,django__django-13821,1791017256.1403897,15.149136781692505,37737,36064,1673,0,0,1434,239,1434,0.19865081173689436,0.0,0.17009924636727983,0.17009924636727983,3.59572382854138
17,pylint-dev__pylint-6528,1791017257.3716948,3.6990761756896973,24172,23520,652,0,0,507,145,507,0.06883122671364311,0.0,0.05348658616136347,0.05348658616136347,2.1962156736536964
27,pylint-dev__pylint-6528,1791017259.6157644,7.545278310775757,15266,14112,1154,0,0,1011,143,1011,0.11116644865638092,0.0,0.0973181312711001,0.0973181312711001,1.250759681568802
26,sympy__sympy-15875,1791017261.1304095,7.457195043563843,10876,9408,1468,0,0,1247,221,1247,0.13468050379184637,0.0,0.11426602115431572,0.11426602115431572,0.8115165468380628
17,pylint-dev__pylint-6528,1791017261.64123,2.5415141582489014,24285,23520,765,0,0,652,113,652,0.08080416970540927,0.0,0.06883122671364311,0.06883122671364311,2.1962156736536964
17,pylint-dev__pylint-6528,1791017264.791382,3.823618173599243,24369,23520,849,0,0,765,84,765,0.08971275766187066,0.0,0.08080416970540927,0.08080416970540927,2.1962156736536964
27,pylint-dev__pylint-6528,1791017267.300382,92.44258737564087,15746,14112,1634,0,0,1154,480,1154,0.15780115307834852,0.0,0.11116644865638092,0.11116644865638092,1.250759681568802
28,pytest-dev__pytest-5631,1791017267.8694713,4.054570913314819,15475,14112,1363,0,0,1114,249,1114,0.13144340634096346,0.0,0.10729071523175568,0.10729071523175568,1.250759681568802
17,pylint-dev__pylint-6528,1791017269.4575,539.1892280578613,24518,23520,998,0,0,849,149,849,0.10553240778501584,0.0,0.08971275766187066,0.08971275766187066,2.1962156736536964
28,pytest-dev__pytest-5631,1791017272.811515,10.513238906860352,15844,14112,1732,0,0,1363,369,1363,0.16735097761908468,0.0,0.13144340634096346,0.13144340634096346,1.250759681568802
20,django__django-11749,1791017273.0993726,52.215444803237915,27621,25088,2533,0,0,890,1643,890,0.2738174093343503,0.0,0.0954714396291211,0.0954714396291211,2.362472932674584
26,sympy__sympy-15875,1791017276.5053437,7.297748565673828,11279,9408,1871,0,0,1468,403,1468,0.17203376090875666,0.0,0.13468050379184637,0.13468050379184637,0.8115165468380628
3,django__django-13112,1791017277.3414187,3.1172895431518555,40545,39200,1345,0,0,1010,335,1010,0.16373700813420883,0.0,0.12278425740624835,0.12278425740624835,3.9704044682349364
3,django__django-13112,1791017280.9206667,5.619668483734131,40649,39200,1449,0,0,1345,104,1345,0.17647372772924053,0.0,0.16373700813420883,0.16373700813420883,3.9704044682349364
28,pytest-dev__pytest-5631,1791017283.7352931,12.924342632293701,16297,15680,617,0,0,164,453,164,0.060245360724510484,0.0,0.015975879181177835,0.015975879181177835,1.4021347800067088
3,django__django-13112,1791017287.1317,3.6361842155456543,40824,39200,1624,0,0,1449,175,1449,0.19793033614201272,0.0,0.17647372772924053,0.17647372772924053,3.9704044682349364
3,django__django-13112,1791017290.9135697,4.348041296005249,41207,40768,439,0,0,56,383,56,0.05393659797249097,0.0,0.006869476149489196,0.006869476149489196,4.16146532822746
26,sympy__sympy-15875,1791017292.1902492,3.9358389377593994,11618,10976,642,0,0,303,339,303,0.059647849865505066,0.0,0.028099742762340462,0.028099742762340462,0.955450564984479
3,django__django-13112,1791017295.8141375,6.925375461578369,41591,40768,823,0,0,439,384,439,0.10127517637822243,0.0,0.05393659797249097,0.05393659797249097,4.16146532822746
28,pytest-dev__pytest-5631,1791017296.8027062,12.92658543586731,16582,15680,902,0,0,617,285,617,0.08820311603633278,0.0,0.060245360724510484,0.060245360724510484,1.4021347800067088
3,django__django-13112,1791017302.893766,2.9660308361053467,41744,40768,976,0,0,823,153,823,0.12017808489447108,0.0,0.10127517637822243,0.10127517637822243,4.16146532822746
31,sympy__sympy-18211,1791017305.8873723,43.21480083465576,20083,18816,1267,0,0,787,480,787,0.1281367751332625,0.0,0.0794019063771506,0.0794019063771506,1.7123260571740133
3,django__django-13112,1791017306.3563359,3.638388156890869,42209,40768,1441,0,0,976,465,976,0.17777305625742532,0.0,0.12017808489447108,0.12017808489447108,4.16146532822746
18,django__django-11749,1791017306.6048262,10.132784128189087,13477,12544,933,0,0,714,219,714,0.08829732127258084,0.0,0.06749270928501178,0.06749270928501178,1.1018649432280587
3,django__django-13112,1791017310.1675704,2.5715925693511963,42513,40768,1745,0,0,1441,304,1441,0.21554446429031174,0.0,0.17777305625742532,0.17777305625742532,4.16146532822746
26,sympy__sympy-15875,1791017311.8058302,6.8733038902282715,11954,10976,978,0,0,642,336,642,0.09103117272198184,0.0,0.059647849865505066,0.059647849865505066,0.955450564984479
3,django__django-13112,1791017313.3759131,50.764875173568726,42844,42336,508,0,0,177,331,177,0.0632353712547321,0.0,0.02200324420062466,0.02200324420062466,4.355006548317148
18,django__django-11749,1791017316.9026496,14.688677787780762,13893,12544,1349,0,0,933,416,933,0.12794983191331188,0.0,0.08829732127258084,0.08829732127258084,1.1018649432280587
23,pylint-dev__pylint-6528,1791017318.5832212,201.84621953964233,19262,18816,446,0,0,213,233,213,0.04492106139857138,0.0,0.021428298134256257,0.021428298134256257,1.7123260571740133
26,sympy__sympy-15875,1791017320.0523887,4.332349538803101,12334,10976,1358,0,0,978,380,978,0.12666145912528412,0.0,0.09103117272198184,0.09103117272198184,0.955450564984479
26,sympy__sympy-15875,1791017326.2131507,12.331096410751343,12692,10976,1716,0,0,1358,358,1358,0.16036220935533016,0.0,0.12666145912528412,0.12666145912528412,0.955450564984479
20,django__django-11749,1791017326.8567452,42.50748538970947,28307,26656,1651,0,0,965,686,965,0.18035029805680391,0.0,0.1050797902162986,0.1050797902162986,2.5312105517926358
22,django__django-13112,1791017330.6989434,233.279070854187,37741,36064,1677,0,0,1133,544,1133,0.1991291524999393,0.0,0.13422298725620646,0.13422298725620646,3.59572382854138
13,django__django-11749,1791017343.6324,6.212915658950806,18874,17248,1626,0,0,1147,479,1147,0.16216621953522337,0.0,0.11411687091791127,0.11411687091791127,1.5559902385417792
26,sympy__sympy-15875,1791017345.4480915,6.447252988815308,13163,12544,619,0,0,148,471,148,0.058482924460796074,0.0,0.013947831111750436,0.013947831111750436,1.1018649432280587
31,sympy__sympy-18211,1791017349.2578523,11.317118167877197,20525,18816,1709,0,0,1267,442,1267,0.17321903018982887,0.0,0.1281367751332625,0.1281367751332625,1.7123260571740133
26,sympy__sympy-15875,1791017352.0309446,31.689135789871216,13524,12544,980,0,0,619,361,619,0.0927685442640782,0.0,0.058482924460796074,0.058482924460796074,1.1018649432280587
14,pytest-dev__pytest-10051,1791017356.9022179,281.9614465236664,12711,12544,167,0,0,44,123,44,0.015740031577633318,0.0,0.004144344265030709,0.004144344265030709,1.1018649432280587
25,django__django-13112,1791017357.1957994,12.962708473205566,35589,34496,1093,0,0,430,663,430,0.12773328286457,0.0,0.05010808100817832,0.05010808100817832,3.412104048840347
27,pylint-dev__pylint-6528,1791017360.0232935,3.2325620651245117,16540,15680,860,0,0,66,794,66,0.0840778776654711,0.0,0.006426054640441708,0.006426054640441708,1.4021347800067088
31,sympy__sympy-18211,1791017362.1134548,4.216122388839722,20989,20384,605,0,0,141,464,141,0.0619410699209901,0.0,0.014402851460431413,0.014402851460431413,1.8711422359034104
27,pylint-dev__pylint-6528,1791017363.4285266,215.5986795425415,16974,15680,1294,0,0,860,434,860,0.12679115686118925,0.0,0.0840778776654711,0.0840778776654711,1.4021347800067088
3,django__django-13112,1791017364.774763,50.574610233306885,43646,42336,1310,0,0,508,802,508,0.16359754536577634,0.0,0.0632353712547321,0.0632353712547321,4.355006548317148
13,django__django-11749,1791017366.2070937,2.803497552871704,19366,18816,550,0,0,58,492,58,0.055424780579312424,0.0,0.005830400902989449,0.005830400902989449,1.7123260571740133
31,sympy__sympy-18211,1791017366.5023646,3.4277782440185547,21134,20384,750,0,0,605,145,605,0.07684130603143499,0.0,0.0619410699209901,0.0619410699209901,1.8711422359034104
20,django__django-11749,1791017369.7808447,46.435532331466675,29623,28224,1399,0,0,83,1316,83,0.1548577653408678,0.0,0.009132318841588738,0.009132318841588738,2.702428531007851
25,django__django-13112,1791017370.302402,191.82753777503967,36480,34496,1984,0,0,1093,891,1093,0.23275155179129317,0.0,0.12773328286457,0.12773328286457,3.412104048840347
31,sympy__sympy-18211,1791017372.4092426,5.108987808227539,21356,20384,972,0,0,750,222,750,0.09969517846368633,0.0,0.07684130603143499,0.07684130603143499,1.8711422359034104
26,sympy__sympy-15875,1791017384.2209384,10.445432186126709,13714,12544,1170,0,0,980,190,980,0.11086641508785866,0.0,0.0927685442640782,0.0927685442640782,1.1018649432280587
13,django__django-11749,1791017385.989124,4.800339937210083,19513,18816,697,0,0,550,147,550,0.07028999525079484,0.0,0.055424780579312424,0.055424780579312424,1.7123260571740133
30,sympy__sympy-18211,1791017387.4245877,4.555027484893799,18154,17248,906,0,0,528,378,528,0.09002925594454564,0.0,0.052366706710999224,0.052366706710999224,1.5559902385417792
31,sympy__sympy-18211,1791017390.1608572,4.065483093261719,21712,20384,1328,0,0,972,356,972,0.1364475242247775,0.0,0.09969517846368633,0.09969517846368633,1.8711422359034104
13,django__django-11749,1791017392.0862591,4.406749248504639,19937,18816,1121,0,0,697,424,697,0.11328865499794301,0.0,0.07028999525079484,0.07028999525079484,1.7123260571740133
30,sympy__sympy-18211,1791017392.1607883,4.355985403060913,18448,17248,1200,0,0,906,294,906,0.11942200711819198,0.0,0.09002925594454564,0.09002925594454564,1.5559902385417792
26,sympy__sympy-15875,1791017395.1438882,6.1714208126068115,13957,12544,1413,0,0,1170,243,1170,0.13406571395975847,0.0,0.11086641508785866,0.11086641508785866,1.1018649432280587
30,sympy__sympy-18211,1791017396.649098,7.413742542266846,18586,17248,1338,0,0,1200,138,1200,0.13324867613314526,0.0,0.11942200711819198,0.11942200711819198,1.5559902385417792
13,django__django-11749,1791017398.0459194,444.40228033065796,20285,18816,1469,0,0,1121,348,1121,0.14871552337047836,0.0,0.11328865499794301,0.11328865499794301,1.7123260571740133
26,sympy__sympy-15875,1791017401.7948916,50.61753487586975,14176,12544,1632,0,0,1413,219,1413,0.15502476029923898,0.0,0.13406571395975847,0.13406571395975847,1.1018649432280587
30,sympy__sympy-18211,1791017404.247076,11.711130619049072,18818,17248,1570,0,0,1338,232,1338,0.15653681044415116,0.0,0.13324867613314526,0.13324867613314526,1.5559902385417792
24,django__django-14787,1791017405.7144725,7.214476823806763,12616,10976,1640,0,0,1060,580,1060,0.15319704940693116,0.0,0.09870748745579996,0.09870748745579996,0.955450564984479
31,sympy__sympy-18211,1791017408.5561206,13.46162486076355,21917,20384,1533,0,0,1328,205,1328,0.15766910498091874,0.0,0.1364475242247775,0.1364475242247775,1.8711422359034104
24,django__django-14787,1791017413.087679,20.173767805099487,13048,12544,504,0,0,72,432,72,0.04758852458362223,0.0,0.006782671163351417,0.006782671163351417,1.1018649432280587
3,django__django-13112,1791017416.0372052,3.905534029006958,43995,42336,1659,0,0,1310,349,1310,0.20747398444852533,0.0,0.16359754536577634,0.16359754536577634,4.355006548317148
30,sympy__sympy-18211,1791017416.1096864,5.6415464878082275,19175,18816,359,0,0,2,357,2,0.036142678268111184,0.0,0.00020099181191724814,0.00020099181191724814,1.7123260571740133
20,django__django-11749,1791017416.6352074,175.4570083618164,30888,28224,2664,0,0,1399,1265,1399,0.29658271200116315,0.0,0.1548577653408678,0.1548577653408678,2.702428531007851
3,django__django-13112,1791017420.517631,8.827104806900024,44128,43904,224,0,0,91,133,91,0.028205561259114456,0.0,0.011452404261674695,0.011452404261674695,4.551028128503998
30,sympy__sympy-18211,1791017422.4458735,15.455149173736572,19413,18816,597,0,0,359,238,359,0.06017523354203482,0.0,0.036142678268111184,0.036142678268111184,1.7123260571740133
31,sympy__sympy-18211,1791017422.9130933,4.154221534729004,22273,20384,1889,0,0,1533,356,1533,0.19462293238262074,0.0,0.15766910498091874,0.15766910498091874,1.8711422359034104
5,django__django-14787,1791017425.9868698,3.8183887004852295,10236,9408,828,0,0,289,539,289,0.07569690541384032,0.0,0.026342205721390285,0.026342205721390285,0.8115165468380628
31,sympy__sympy-18211,1791017427.213436,7.20361328125,22615,21952,663,0,0,321,342,321,0.06894739376938949,0.0,0.03332639355605972,0.03332639355605972,2.0324387747299717
5,django__django-14787,1791017429.920827,6.766875267028809,10671,9408,1263,0,0,828,435,828,0.11574233824914175,0.0,0.07569690541384032,0.07569690541384032,0.8115165468380628
3,django__django-13112,1791017431.1583576,5.708364486694336,44448,43904,544,0,0,224,320,224,0.06858702970018964,0.0,0.028205561259114456,0.028205561259114456,4.551028128503998
24,django__django-14787,1791017433.4250653,4.457329273223877,13588,12544,1044,0,0,504,540,504,0.09886060152720916,0.0,0.04758852458362223,0.04758852458362223,1.1018649432280587
31,sympy__sympy-18211,1791017434.5974185,12.278867959976196,22790,21952,838,0,0,663,175,663,0.08722015119533197,0.0,0.06894739376938949,0.06894739376938949,2.0324387747299717
5,django__django-14787,1791017436.866175,4.6194398403167725,10826,9408,1418,0,0,1263,155,1263,0.13005752976739995,0.0,0.11574233824914175,0.11574233824914175,0.8115165468380628
3,django__django-13112,1791017437.448961,9.604270935058594,44922,43904,1018,0,0,544,474,544,0.1285919214644896,0.0,0.06858702970018964,0.06858702970018964,4.551028128503998
24,django__django-14787,1791017438.2041583,4.8576459884643555,14088,12544,1544,0,0,1044,500,1044,0.14659704544214672,0.0,0.09886060152720916,0.09886060152720916,1.1018649432280587
30,sympy__sympy-18211,1791017438.6898887,12.451319694519043,19938,18816,1122,0,0,597,525,597,0.11339028130996978,0.0,0.06017523354203482,0.06017523354203482,1.7123260571740133
5,django__django-14787,1791017441.8280976,3.8925886154174805,11025,9408,1617,0,0,1418,199,1418,0.14847192295333858,0.0,0.13005752976739995,0.13005752976739995,0.8115165468380628
24,django__django-14787,1791017443.2100677,2.906358480453491,14231,12544,1687,0,0,1544,143,1544,0.1602960493511983,0.0,0.14659704544214672,0.14659704544214672,1.1018649432280587
5,django__django-14787,1791017446.5415914,3.4986863136291504,11480,10976,504,0,0,49,455,49,0.04679126598096251,0.0,0.00453790480692238,0.00453790480692238,0.955450564984479
3,django__django-13112,1791017447.2274911,5.773286819458008,45315,43904,1411,0,0,1018,393,1018,0.17851468439739643,0.0,0.1285919214644896,0.1285919214644896,4.551028128503998
24,django__django-14787,1791017447.2425215,3.8244452476501465,14461,14112,349,0,0,119,230,119,0.033477948165365846,0.0,0.011401311010454999,0.011401311010454999,1.250759681568802
31,sympy__sympy-18211,1791017447.726248,17.981136322021484,23036,21952,1084,0,0,838,246,838,0.11295866814928716,0.0,0.08722015119533197,0.08722015119533197,2.0324387747299717
5,django__django-14787,1791017450.186548,3.23281192779541,11674,10976,698,0,0,504,194,504,0.06487049436338355,0.0,0.04679126598096251,0.04679126598096251,0.955450564984479
7,django__django-13112,1791017450.2118318,19.7636296749115,42142,40768,1374,0,0,1028,346,1028,0.16946097510120903,0.0,0.12660797994279654,0.12660797994279654,4.16146532822746
24,django__django-14787,1791017451.2078989,3.4163765907287598,14711,14112,599,0,0,349,250,349,0.05753482334438033,0.0,0.033477948165365846,0.033477948165365846,1.250759681568802
30,sympy__sympy-18211,1791017452.0299377,13.419867515563965,20536,18816,1720,0,0,1122,598,1122,0.1743435002903807,0.0,0.11339028130996978,0.11339028130996978,1.7123260571740133
26,sympy__sympy-15875,1791017452.9527438,32.02117204666138,14468,14112,356,0,0,64,292,64,0.03415068265131448,0.0,0.006130021958495703,0.006130021958495703,1.250759681568802
3,django__django-13112,1791017454.0435612,35.923328161239624,45648,43904,1744,0,0,1411,333,1411,0.2209375991245407,0.0,0.17851468439739643,0.17851468439739643,4.551028128503998
5,django__django-14787,1791017454.1408849,4.10626745223999,11828,10976,852,0,0,698,154,698,0.07924907968758887,0.0,0.06487049436338355,0.06487049436338355,0.955450564984479
24,django__django-14787,1791017455.300396,37.75308966636658,15325,14112,1213,0,0,599,614,599,0.11688610177713377,0.0,0.05753482334438033,0.05753482334438033,1.250759681568802
5,django__django-14787,1791017463.4016292,24.3946373462677,12081,10976,1105,0,0,852,253,852,0.10292298196243137,0.0,0.07924907968758887,0.07924907968758887,0.955450564984479
30,sympy__sympy-18211,1791017466.344351,5.249458312988281,20945,20384,561,0,0,152,409,152,0.057423813723205167,0.0,0.015527321560983253,0.015527321560983253,1.8711422359034104
31,sympy__sympy-18211,1791017466.4744492,10.108733892440796,23189,21952,1237,0,0,1084,153,1084,0.128997563508079,0.0,0.11295866814928716,0.11295866814928716,2.0324387747299717
7,django__django-13112,1791017470.1342247,178.20637559890747,42480,40768,1712,0,0,1374,338,1374,0.2114397675184551,0.0,0.16946097510120903,0.16946097510120903,4.16146532822746
30,sympy__sympy-18211,1791017471.7865787,3.582246780395508,21087,20384,703,0,0,561,142,561,0.0720092509664069,0.0,0.057423813723205167,0.057423813723205167,1.8711422359034104
31,sympy__sympy-18211,1791017476.7252805,9.1659414768219,23615,21952,1663,0,0,1237,426,1237,0.17377929730129396,0.0,0.128997563508079,0.128997563508079,2.0324387747299717
30,sympy__sympy-18211,1791017480.3880913,107.74671268463135,21461,20384,1077,0,0,703,374,703,0.11052176172560789,0.0,0.0720092509664069,0.0720092509664069,1.8711422359034104
26,sympy__sympy-15875,1791017485.5634894,66.41294050216675,14809,14112,697,0,0,356,341,356,0.06698232116714116,0.0,0.03415068265131448,0.03415068265131448,1.250759681568802
31,sympy__sympy-18211,1791017486.5360441,32.564164876937866,24135,23520,615,0,0,95,520,95,0.06491368208129802,0.0,0.010002398377569405,0.010002398377569405,2.1962156736536964
5,django__django-14787,1791017487.9850845,17.36789107322693,12815,10976,1839,0,0,1105,734,1105,0.17197080175889543,0.0,0.10292298196243137,0.10292298196243137,0.955450564984479
3,django__django-13112,1791017490.2425675,10.00330376625061,46445,45472,973,0,0,176,797,176,0.12442466871401378,0.0,0.02243565884052653,0.02243565884052653,4.749530068788012
24,django__django-14787,1791017493.2735808,47.59520411491394,16441,14112,2329,0,0,1213,1116,1213,0.22573624114755267,0.0,0.11688610177713377,0.11688610177713377,1.250759681568802
3,django__django-13112,1791017500.4029207,6.190465211868286,47108,45472,1636,0,0,973,663,973,0.20975448528862486,0.0,0.12442466871401378,0.12442466871401378,4.749530068788012
5,django__django-14787,1791017506.3620975,30.118583917617798,13329,12544,785,0,0,271,514,271,0.07423228304169043,0.0,0.025556423515315684,0.025556423515315684,1.1018649432280587
3,django__django-13112,1791017506.859087,2.709836483001709,47973,47040,933,0,0,68,865,68,0.12076662698328168,0.0,0.00877218490744714,0.00877218490744714,4.95051236916919
3,django__django-13112,1791017509.7071388,22.948938608169556,48572,47040,1532,0,0,933,599,933,0.19876350409301322,0.0,0.12076662698328168,0.12076662698328168,4.95051236916919
10,sympy__sympy-15875,1791017513.8347642,266.04377698898315,11920,10976,944,0,0,597,347,597,0.08785029994924942,0.0,0.05545337455604428,0.05545337455604428,0.955450564984479
23,pylint-dev__pylint-6528,1791017520.6878467,390.69847536087036,19988,18816,1172,0,0,446,726,446,0.11847288318327301,0.0,0.04492106139857138,0.04492106139857138,1.7123260571740133
3,django__django-13112,1791017532.9583611,519.8032920360565,50941,47040,3901,0,0,1532,2369,1532,0.5107819700600282,0.0,0.19876350409301322,0.19876350409301322,4.95051236916919
5,django__django-14787,1791017536.6546242,3.08442759513855,13550,12544,1006,0,0,785,221,785,0.09524294415989124,0.0,0.07423228304169043,0.07423228304169043,1.1018649432280587
5,django__django-14787,1791017539.9103494,5.729711294174194,13974,12544,1430,0,0,1006,424,1006,0.13569093971520702,0.0,0.09524294415989124,0.09524294415989124,1.1018649432280587
24,django__django-14787,1791017541.0381105,62.023953676223755,17606,15680,1926,0,0,761,1165,761,0.18933097353079484,0.0,0.07436114270964583,0.07436114270964583,1.4021347800067088
5,django__django-14787,1791017546.0713453,3.0130205154418945,14115,12544,1571,0,0,1430,141,1430,0.14918199081111852,0.0,0.13569093971520702,0.13569093971520702,1.1018649432280587
5,django__django-14787,1791017549.2427816,10.97366976737976,14549,14112,437,0,0,3,434,3,0.04193877721146355,0.0,0.0002872524703752271,0.0002872524703752271,1.250759681568802
26,sympy__sympy-15875,1791017552.4545996,22.001218795776367,15110,14112,998,0,0,697,301,697,0.09606021629151118,0.0,0.06698232116714116,0.06698232116714116,1.250759681568802
25,django__django-13112,1791017562.2901473,2.7793490886688232,36827,36064,763,0,0,416,347,416,0.0902478347497567,0.0,0.049131772090260255,0.049131772090260255,3.59572382854138
22,django__django-13112,1791017564.2344017,342.7977602481842,40177,37632,2545,0,0,109,2436,109,0.30733673141843754,0.0,0.013029012701742827,0.013029012701742827,3.7818239683395767
25,django__django-13112,1791017565.2262988,123.95859098434448,37205,36064,1141,0,0,763,378,763,0.13517532673167848,0.0,0.0902478347497567,0.0902478347497567,3.59572382854138
26,sympy__sympy-15875,1791017574.9462345,14.439945459365845,15457,14112,1345,0,0,998,347,998,0.1296953312904847,0.0,0.09606021629151118,0.09606021629151118,1.250759681568802
27,pylint-dev__pylint-6528,1791017579.6755881,269.59068536758423,17502,15680,1822,0,0,1294,528,1294,0.17901191256220206,0.0,0.12679115686118925,0.12679115686118925,1.4021347800067088
30,sympy__sympy-18211,1791017588.292154,48.79864239692688,22478,20384,2094,0,0,1077,1017,1077,0.21596053487001263,0.0,0.11052176172560789,0.11052176172560789,1.8711422359034104
20,django__django-11749,1791017592.260445,47.2573983669281,31240,29792,1448,0,0,1096,352,1096,0.16260798759425818,0.0,0.12288437268878442,0.12288437268878442,2.87612687032023
26,sympy__sympy-15875,1791017597.8560817,2.7888190746307373,15932,14112,1820,0,0,1345,475,1345,0.17593458662066366,0.0,0.1296953312904847,0.1296953312904847,1.250759681568802
26,sympy__sympy-15875,1791017600.7819145,4.84250020980835,16036,15680,356,0,0,252,104,252,0.034713825632558246,0.0,0.024559488182756814,0.024559488182756814,1.4021347800067088
24,django__django-14787,1791017603.266582,65.58461594581604,17962,17248,714,0,0,358,356,358,0.07088105834631554,0.0,0.03547551499572447,0.03547551499572447,1.5559902385417792
26,sympy__sympy-15875,1791017611.0607147,18.390132427215576,16272,15680,592,0,0,356,236,356,0.05779683530596794,0.0,0.034713825632558246,0.034713825632558246,1.4021347800067088
30,sympy__sympy-18211,1791017637.3924327,4.443859815597534,23063,21952,1111,0,0,526,585,526,0.11578734540976994,0.0,0.05466399604345161,0.05466399604345161,2.0324387747299717
26,sympy__sympy-15875,1791017641.7162232,5.853588104248047,16757,15680,1077,0,0,592,485,592,0.10541076461212867,0.0,0.05779683530596794,0.05779683530596794,1.4021347800067088
30,sympy__sympy-18211,1791017641.9885187,8.045912265777588,23172,21952,1220,0,0,1111,109,1111,0.1272142978038538,0.0,0.11578734540976994,0.11578734540976994,2.0324387747299717
14,pytest-dev__pytest-10051,1791017647.1782928,270.6719138622284,13373,12544,829,0,0,167,662,167,0.07841147266646545,0.0,0.015740031577633318,0.015740031577633318,1.1018649432280587
26,sympy__sympy-15875,1791017648.5822237,5.084752082824707,17127,15680,1447,0,0,1077,370,1077,0.14189436654170015,0.0,0.10541076461212867,0.10541076461212867,1.4021347800067088
7,django__django-13112,1791017648.8029568,173.67388105392456,42871,42336,535,0,0,144,391,144,0.06660359269347256,0.0,0.01789854742876804,0.01789854742876804,4.355006548317148
30,sympy__sympy-18211,1791017650.3152883,162.71005773544312,24244,21952,2292,0,0,1220,1072,1220,0.24023541442387206,0.0,0.1272142978038538,0.1272142978038538,2.0324387747299717
20,django__django-11749,1791017656.4082675,20.46419405937195,31588,29792,1796,0,0,1448,348,1448,0.20200307458909095,0.0,0.16260798759425818,0.16260798759425818,2.87612687032023
26,sympy__sympy-15875,1791017666.4164402,4.88575291633606,17481,15680,1801,0,0,1447,354,1447,0.17692958012396043,0.0,0.14189436654170015,0.14189436654170015,1.4021347800067088
24,django__django-14787,1791017669.077724,7.520865440368652,18393,17248,1145,0,0,714,431,714,0.11391673258527438,0.0,0.07088105834631554,0.07088105834631554,1.5559902385417792
26,sympy__sympy-15875,1791017671.4576197,13.203968048095703,17889,17248,641,0,0,233,408,233,0.06361051206337655,0.0,0.02307412158889007,0.02307412158889007,1.5559902385417792
24,django__django-14787,1791017676.800574,47.78785729408264,18587,17248,1339,0,0,1145,194,1145,0.13334893950130938,0.0,0.11391673258527438,0.11391673258527438,1.5559902385417792
20,django__django-11749,1791017677.4523866,4.649007558822632,32002,31360,642,0,0,228,414,228,0.07285007267859622,0.0,0.025824375179548664,0.025824375179548664,3.0523055697297723
20,django__django-11749,1791017682.2371302,9.468294620513916,32375,31360,1015,0,0,642,373,642,0.11536670899077847,0.0,0.07285007267859622,0.07285007267859622,3.0523055697297723
26,sympy__sympy-15875,1791017685.158518,4.97400164604187,18295,17248,1047,0,0,641,406,641,0.10411489760577591,0.0,0.06361051206337655,0.06361051206337655,1.5559902385417792
25,django__django-13112,1791017689.3348427,297.19544196128845,38085,36064,2021,0,0,1141,880,1141,0.24032684329415005,0.0,0.13517532673167848,0.13517532673167848,3.59572382854138
26,sympy__sympy-15875,1791017690.6072226,5.570868253707886,18672,17248,1424,0,0,1047,377,1047,0.1418750131082289,0.0,0.10411489760577591,0.10411489760577591,1.5559902385417792
20,django__django-11749,1791017691.8780777,28.23759913444519,32537,31360,1177,0,0,1015,162,1015,0.1338760975676436,0.0,0.11536670899077847,0.11536670899077847,3.0523055697297723
26,sympy__sympy-15875,1791017696.6516826,10.440491437911987,18868,17248,1620,0,0,1424,196,1424,0.16156291723506638,0.0,0.1418750131082289,0.1418750131082289,1.5559902385417792
26,sympy__sympy-15875,1791017707.6783588,28.352669715881348,19233,18816,417,0,0,52,365,52,0.041994085253341404,0.0,0.00522709860283246,0.00522709860283246,1.7123260571740133
24,django__django-14787,1791017724.767341,41.1290647983551,19040,17248,1792,0,0,1339,453,1339,0.17887198538354598,0.0,0.13334893950130938,0.13334893950130938,1.5559902385417792
26,sympy__sympy-15875,1791017738.9515405,11.30199122428894,19885,18816,1069,0,0,417,652,417,0.1080054769551144,0.0,0.041994085253341404,0.041994085253341404,1.7123260571740133
26,sympy__sympy-15875,1791017750.4618993,6.725128173828125,20544,18816,1728,0,0,1069,659,1069,0.1751613733990432,0.0,0.1080054769551144,0.1080054769551144,1.7123260571740133
26,sympy__sympy-15875,1791017757.3174455,7.097756862640381,20983,20384,599,0,0,160,439,160,0.06132496543162769,0.0,0.016345194669645756,0.016345194669645756,1.8711422359034104
24,django__django-14787,1791017766.1088178,26.029608726501465,19489,18816,673,0,0,224,449,224,0.06786153237792211,0.0,0.02253616675131207,0.02253616675131207,1.7123260571740133
10,sympy__sympy-15875,1791017780.3928995,161.12894916534424,12451,10976,1475,0,0,944,531,944,0.13766116832162503,0.0,0.08785029994924942,0.08785029994924942,0.955450564984479
24,django__django-14787,1791017792.2883496,15.125623226165771,19817,18816,1001,0,0,673,328,673,0.10110082173862676,0.0,0.06786153237792211,0.06786153237792211,1.7123260571740133
24,django__django-14787,1791017807.706276,20.496861457824707,20189,18816,1373,0,0,1001,372,1001,0.1389303912264659,0.0,0.10110082173862676,0.10110082173862676,1.7123260571740133
17,pylint-dev__pylint-6528,1791017808.664849,9.03285813331604,24574,23520,1054,0,0,998,56,998,0.11148383884569975,0.0,0.10553240778501584,0.10553240778501584,2.1962156736536964
30,sympy__sympy-18211,1791017813.17951,2.4249229431152344,24630,23520,1110,0,0,724,386,724,0.11743843363099737,0.0,0.0764585155001475,0.0764585155001475,2.1962156736536964
30,sympy__sympy-18211,1791017815.7340262,68.60488367080688,24929,23520,1409,0,0,1110,299,1110,0.14928525820356936,0.0,0.11743843363099737,0.11743843363099737,2.1962156736536964
17,pylint-dev__pylint-6528,1791017818.2133698,5.868880987167358,24785,23520,1265,0,0,1054,211,1054,0.13393639840878102,0.0,0.11148383884569975,0.11148383884569975,2.1962156736536964
7,django__django-13112,1791017822.9172277,27.86087989807129,43301,42336,965,0,0,535,430,535,0.12034476147754107,0.0,0.06660359269347256,0.06660359269347256,4.355006548317148
17,pylint-dev__pylint-6528,1791017824.2425056,4.807751417160034,25047,23520,1527,0,0,1265,262,1265,0.16187839075138596,0.0,0.13393639840878102,0.13393639840878102,2.1962156736536964
24,django__django-14787,1791017828.383496,48.72857213020325,20672,18816,1856,0,0,1373,483,1373,0.18825612408759154,0.0,0.1389303912264659,0.1389303912264659,1.7123260571740133
17,pylint-dev__pylint-6528,1791017829.1910517,4.634883403778076,25290,23520,1770,0,0,1527,243,1527,0.18785595535176663,0.0,0.16187839075138596,0.16187839075138596,2.1962156736536964
17,pylint-dev__pylint-6528,1791017833.9692647,8.415210247039795,25584,25088,496,0,0,202,294,202,0.05310797927110959,0.0,0.021598696330878547,0.021598696330878547,2.362472932674584
17,pylint-dev__pylint-6528,1791017842.5211205,11.37836503982544,25683,25088,595,0,0,496,99,496,0.06373787349995436,0.0,0.05310797927110959,0.05310797927110959,2.362472932674584
13,django__django-11749,1791017842.6041017,81.71291828155518,20772,18816,1956,0,0,1469,487,1469,0.1984978988476489,0.0,0.14871552337047836,0.14871552337047836,1.7123260571740133
27,pylint-dev__pylint-6528,1791017849.424755,258.60011982917786,17923,17248,675,0,0,254,421,254,0.06699612503236466,0.0,0.025156454027131684,0.025156454027131684,1.5559902385417792
7,django__django-13112,1791017851.5027418,157.63293766975403,43891,42336,1555,0,0,965,590,965,0.19438620441153448,0.0,0.12034476147754107,0.12034476147754107,4.355006548317148
17,pylint-dev__pylint-6528,1791017854.4191039,6.643252849578857,25860,25088,772,0,0,595,177,595,0.08276747785342978,0.0,0.06373787349995436,0.06373787349995436,2.362472932674584
17,pylint-dev__pylint-6528,1791017861.2335606,4.527039051055908,26184,25088,1096,0,0,772,324,772,0.11768320942381394,0.0,0.08276747785342978,0.08276747785342978,2.362472932674584
17,pylint-dev__pylint-6528,1791017865.9052525,5.526858806610107,26351,25088,1263,0,0,1096,167,1096,0.13572125918484046,0.0,0.11768320942381394,0.11768320942381394,2.362472932674584
17,pylint-dev__pylint-6528,1791017871.6345983,3.2002906799316406,26777,25088,1689,0,0,1263,426,1263,0.1818619135837277,0.0,0.13572125918484046,0.13572125918484046,2.362472932674584
17,pylint-dev__pylint-6528,1791017874.9939098,4.092856407165527,27217,26656,561,0,0,121,440,121,0.06097351273980912,0.0,0.01312429446567605,0.01312429446567605,2.5312105517926358
24,django__django-14787,1791017877.3014615,61.431299686431885,20969,20384,585,0,0,288,297,288,0.05988752952748801,0.0,0.029439945358194074,0.029439945358194074,1.8711422359034104
17,pylint-dev__pylint-6528,1791017879.2502415,1.9398746490478516,27475,26656,819,0,0,561,258,561,0.08912139240362253,0.0,0.06097351273980912,0.06097351273980912,2.5312105517926358
17,pylint-dev__pylint-6528,1791017881.3142395,8.288075923919678,28468,26656,1812,0,0,819,993,819,0.19808461170087666,0.0,0.08912139240362253,0.08912139240362253,2.5312105517926358
30,sympy__sympy-18211,1791017884.4997003,33.18989562988281,25470,23520,1950,0,0,1409,541,1409,0.20713700236410937,0.0,0.14928525820356936,0.14928525820356936,2.1962156736536964
17,pylint-dev__pylint-6528,1791017889.7421446,7.958460330963135,29022,28224,798,0,0,244,554,244,0.08809010154001291,0.0,0.026866632485661478,0.026866632485661478,2.702428531007851
17,pylint-dev__pylint-6528,1791017901.4845247,505.6396539211273,29405,28224,1181,0,0,798,383,798,0.13059709567413044,0.0,0.08809010154001291,0.08809010154001291,2.702428531007851
22,django__django-13112,1791017907.2909677,188.8513765335083,40704,39200,1504,0,0,977,527,977,0.18321390405589963,0.0,0.11875623152307757,0.11875623152307757,3.9704044682349364
23,pylint-dev__pylint-6528,1791017911.5514174,196.21933603286743,20252,18816,1436,0,0,1172,264,1172,0.14535083550600725,0.0,0.11847288318327301,0.11847288318327301,1.7123260571740133
14,pytest-dev__pytest-10051,1791017918.0145967,109.38055682182312,13760,12544,1216,0,0,829,387,829,0.11525348085387623,0.0,0.07841147266646545,0.07841147266646545,1.1018649432280587
30,sympy__sympy-18211,1791017918.3802397,7.223953723907471,25920,25088,832,0,0,382,450,382,0.08922536405137271,0.0,0.04087974334322126,0.04087974334322126,2.362472932674584
13,django__django-11749,1791017926.571968,42.53056359291077,21179,20384,795,0,0,388,407,388,0.08146983003236066,0.0,0.03968172011825143,0.03968172011825143,1.8711422359034104
30,sympy__sympy-18211,1791017930.519655,37.164459466934204,26349,25088,1261,0,0,832,429,832,0.13550506817807928,0.0,0.08922536405137271,0.08922536405137271,2.362472932674584
24,django__django-14787,1791017939.092499,4.525025367736816,21515,20384,1131,0,0,585,546,585,0.11609404978510846,0.0,0.05988752952748801,0.05988752952748801,1.8711422359034104
10,sympy__sympy-15875,1791017941.8009589,286.1887640953064,12878,10976,1902,0,0,1475,427,1475,0.17792257695871638,0.0,0.13766116832162503,0.13766116832162503,0.955450564984479
24,django__django-14787,1791017943.7874696,29.932653188705444,21819,20384,1435,0,0,1131,304,1131,0.14751886482833337,0.0,0.11609404978510846,0.11609404978510846,1.8711422359034104
30,sympy__sympy-18211,1791017970.5721946,6.548037767410278,26910,25088,1822,0,0,1261,561,1261,0.19630483130084483,0.0,0.13550506817807928,0.13550506817807928,2.362472932674584
13,django__django-11749,1791017970.7940702,4.125465154647827,21443,20384,1059,0,0,795,264,795,0.1086649861012515,0.0,0.08146983003236066,0.08146983003236066,1.8711422359034104
24,django__django-14787,1791017973.930103,49.812772274017334,22119,20384,1735,0,0,1435,300,1435,0.17862159643567257,0.0,0.14751886482833337,0.14751886482833337,1.8711422359034104
13,django__django-11749,1791017975.076229,7.142252206802368,21770,20384,1386,0,0,1059,327,1059,0.14244737809202676,0.0,0.1086649861012515,0.1086649861012515,1.8711422359034104
13,django__django-11749,1791017982.3774924,7.633928537368774,22180,20384,1796,0,0,1386,410,1386,0.18495692637031902,0.0,0.14244737809202676,0.14244737809202676,1.8711422359034104
25,django__django-13112,1791017986.6809592,495.93777298927307,39000,37632,1368,0,0,453,915,453,0.16438885528907743,0.0,0.05422670349595357,0.05422670349595357,3.7818239683395767
13,django__django-11749,1791017990.2234974,21.343166828155518,22378,21952,426,0,0,228,198,228,0.04425011305026218,0.0,0.02366038754375802,0.02366038754375802,2.0324387747299717
30,sympy__sympy-18211,1791017998.9527729,8.738832950592041,27331,26656,675,0,0,254,421,254,0.0734026673751659,0.0,0.02756721218279319,0.02756721218279319,2.5312105517926358
7,django__django-13112,1791018009.2995725,3.043842077255249,44272,42336,1936,0,0,1555,381,1555,0.2423860182143771,0.0,0.19438620441153448,0.19438620441153448,4.355006548317148
7,django__django-13112,1791018012.5181446,491.0965268611908,44758,43904,854,0,0,368,486,368,0.10780509055239532,0.0,0.04636443802752649,0.04636443802752649,4.551028128503998
30,sympy__sympy-18211,1791018019.5129108,15.58061671257019,27742,26656,1086,0,0,675,411,675,0.11832188197295744,0.0,0.0734026673751659,0.0734026673751659,2.5312105517926358
24,django__django-14787,1791018023.9646678,12.314592599868774,22604,21952,652,0,0,167,485,167,0.06779985248956745,0.0,0.017325057609111554,0.017325057609111554,2.0324387747299717
14,pytest-dev__pytest-10051,1791018029.1703286,136.56453132629395,14106,12544,1562,0,0,1216,346,1216,0.14832026063869327,0.0,0.11525348085387623,0.11525348085387623,1.1018649432280587
30,sympy__sympy-18211,1791018035.8213212,6.804173469543457,28143,26656,1487,0,0,1086,401,1086,0.1623124169696349,0.0,0.11832188197295744,0.11832188197295744,2.5312105517926358
24,django__django-14787,1791018036.4979105,50.23730254173279,23032,21952,1080,0,0,652,428,652,0.11253966739956478,0.0,0.06779985248956745,0.06779985248956745,2.0324387747299717
30,sympy__sympy-18211,1791018043.2813327,60.06431269645691,28406,26656,1750,0,0,1487,263,1487,0.1912521525503793,0.0,0.1623124169696349,0.1623124169696349,2.5312105517926358
3,django__django-13112,1791018052.787127,260.3732154369354,50997,50176,821,0,0,765,56,765,0.10882048962880467,0.0,0.10137628900618215,0.10137628900618215,5.359918050223036
24,django__django-14787,1791018086.9234426,29.382916927337646,23423,21952,1471,0,0,1080,391,1080,0.15357331806333485,0.0,0.11253966739956478,0.11253966739956478,2.0324387747299717
22,django__django-13112,1791018096.4074638,232.433247089386,43179,39200,3979,0,0,1504,2475,1504,0.48968039306040967,0.0,0.18321390405589963,0.18321390405589963,3.9704044682349364
30,sympy__sympy-18211,1791018104.1257415,12.092302322387695,28888,28224,664,0,0,182,482,182,0.07325314804399544,0.0,0.020034173335164118,0.020034173335164118,2.702428531007851
23,pylint-dev__pylint-6528,1791018108.0685432,3.6090102195739746,20559,18816,1743,0,0,1436,307,1436,0.176695059502816,0.0,0.14535083550600725,0.14535083550600725,1.7123260571740133
27,pylint-dev__pylint-6528,1791018108.2226975,4.399521827697754,18151,17248,903,0,0,675,228,675,0.08972977935071871,0.0,0.06699612503236466,0.06699612503236466,1.5559902385417792
23,pylint-dev__pylint-6528,1791018111.8158925,2.421785831451416,20699,20384,315,0,0,175,140,175,0.0322042303308436,0.0,0.017878880773418513,0.017878880773418513,1.8711422359034104
27,pylint-dev__pylint-6528,1791018112.7756462,455.58782386779785,18373,17248,1125,0,0,903,222,903,0.11191557120387205,0.0,0.08972977935071871,0.08972977935071871,1.5559902385417792
23,pylint-dev__pylint-6528,1791018114.3733108,4.155026197433472,21190,20384,806,0,0,315,491,315,0.08260155773331784,0.0,0.0322042303308436,0.0322042303308436,1.8711422359034104
24,django__django-14787,1791018116.4610631,78.00951552391052,23808,21952,1856,0,0,1471,385,1471,0.19412799697067257,0.0,0.15357331806333485,0.15357331806333485,2.0324387747299717
30,sympy__sympy-18211,1791018116.9614484,14.624051570892334,29418,28224,1194,0,0,664,530,664,0.13204248857578324,0.0,0.07325314804399544,0.07325314804399544,2.702428531007851
23,pylint-dev__pylint-6528,1791018118.6957557,463.2501244544983,21774,20384,1390,0,0,806,584,806,0.14286128621360816,0.0,0.08260155773331784,0.08260155773331784,1.8711422359034104
30,sympy__sympy-18211,1791018132.2407615,13.862272024154663,29813,28224,1589,0,0,1194,395,1194,0.1760414883603499,0.0,0.13204248857578324,0.13204248857578324,2.702428531007851
30,sympy__sympy-18211,1791018146.7355056,3.632746696472168,30137,29792,345,0,0,21,324,21,0.03855097561228868,0.0,0.0023431490479711953,0.0023431490479711953,2.87612687032023
30,sympy__sympy-18211,1791018150.5274749,18.492120027542114,30518,29792,726,0,0,345,381,345,0.0812641874264565,0.0,0.03855097561228868,0.03855097561228868,2.87612687032023
14,pytest-dev__pytest-10051,1791018166.9129071,3.953174591064453,14570,12544,2026,0,0,1562,464,1562,0.19285373164736283,0.0,0.14832026063869327,0.14832026063869327,1.1018649432280587
14,pytest-dev__pytest-10051,1791018172.7468882,3.6539041996002197,14871,14112,759,0,0,458,301,458,0.07296431343577686,0.0,0.04395899330661954,0.04395899330661954,1.250759681568802
30,sympy__sympy-18211,1791018174.997827,63.13309383392334,31161,29792,1369,0,0,726,643,726,0.15368186564196598,0.0,0.0812641874264565,0.0812641874264565,2.87612687032023
14,pytest-dev__pytest-10051,1791018188.9867873,5.110569477081299,15348,14112,1236,0,0,759,477,759,0.11911674839832884,0.0,0.07296431343577686,0.07296431343577686,1.250759681568802
24,django__django-14787,1791018194.6237888,8.991447925567627,24179,23520,659,0,0,288,371,288,0.06957253916772549,0.0,0.03035109804694803,0.03035109804694803,2.1962156736536964
14,pytest-dev__pytest-10051,1791018194.70517,76.7316026687622,15779,14112,1667,0,0,1236,431,1236,0.16101582833994585,0.0,0.11911674839832884,0.11911674839832884,1.250759681568802
24,django__django-14787,1791018203.9587193,35.04221200942993,24611,23520,1091,0,0,659,432,659,0.11541777007845963,0.0,0.06957253916772549,0.06957253916772549,2.1962156736536964
10,sympy__sympy-15875,1791018228.5178773,369.79039001464844,13496,12544,952,0,0,334,618,334,0.09010456859835334,0.0,0.031508198715136625,0.031508198715136625,1.1018649432280587
30,sympy__sympy-18211,1791018238.2904446,13.650010585784912,31457,29792,1665,0,0,1369,296,1369,0.1871589756714432,0.0,0.15368186564196598,0.15368186564196598,2.87612687032023
24,django__django-14787,1791018239.2444415,3.323493003845215,24963,23520,1443,0,0,1091,352,1091,0.15291234729613595,0.0,0.11541777007845963,0.11541777007845963,2.1962156736536964
24,django__django-14787,1791018242.6953733,60.12399888038635,25182,23520,1662,0,0,1443,219,1443,0.17630301663581277,0.0,0.15291234729613595,0.15291234729613595,2.1962156736536964
30,sympy__sympy-18211,1791018252.10315,5.843436241149902,31967,31360,607,0,0,97,510,97,0.06886777909670425,0.0,0.01098027626190094,0.01098027626190094,3.0523055697297723
30,sympy__sympy-18211,1791018258.1179528,12.744197368621826,32235,31360,875,0,0,607,268,607,0.09939226797844714,0.0,0.06886777909670425,0.06886777909670425,3.0523055697297723
30,sympy__sympy-18211,1791018271.590204,12.422982931137085,32712,31360,1352,0,0,875,477,875,0.15390055564187954,0.0,0.09939226797844714,0.09939226797844714,3.0523055697297723
14,pytest-dev__pytest-10051,1791018271.7938902,8.518364191055298,16407,15680,727,0,0,99,628,99,0.07102636320871786,0.0,0.009640729902039007,0.009640729902039007,1.4021347800067088
14,pytest-dev__pytest-10051,1791018282.2008526,151.10139203071594,16723,15680,1043,0,0,727,316,727,0.10206514612610826,0.0,0.07102636320871786,0.07102636320871786,1.4021347800067088
24,django__django-14787,1791018302.9925961,9.482543706893921,26413,25088,1325,0,0,94,1231,94,0.1424251819344975,0.0,0.010045757614924678,0.010045757614924678,2.362472932674584
24,django__django-14787,1791018312.6712003,12.773266315460205,26678,25088,1590,0,0,1325,265,1325,0.171122755847863,0.0,0.1424251819344975,0.1424251819344975,2.362472932674584
3,django__django-13112,1791018313.3035805,39.40253758430481,51293,50176,1117,0,0,821,296,821,0.14822096377359656,0.0,0.10882048962880467,0.10882048962880467,5.359918050223036
24,django__django-14787,1791018325.6384013,6.938805818557739,26962,26656,306,0,0,22,284,22,0.03321891975412794,0.0,0.0023851367298113497,0.0023851367298113497,2.5312105517926358
22,django__django-13112,1791018328.9873796,13.921084880828857,43964,42336,1628,0,0,843,785,843,0.203571677741875,0.0,0.10507831297819906,0.10507831297819906,4.355006548317148
24,django__django-14787,1791018333.1439657,6.248012542724609,27632,26656,976,0,0,306,670,306,0.10628300639097327,0.0,0.03321891975412794,0.03321891975412794,2.5312105517926358
22,django__django-13112,1791018343.0439465,184.79889464378357,44794,43904,890,0,0,60,830,60,0.11236572906643401,0.0,0.007550097555024426,0.007550097555024426,4.551028128503998
24,django__django-14787,1791018345.275619,5.066476106643677,27943,26656,1287,0,0,976,311,976,0.1403517228132249,0.0,0.10628300639097327,0.10628300639097327,2.5312105517926358
24,django__django-14787,1791018351.3920507,3.5739715099334717,28207,26656,1551,0,0,1287,264,1287,0.16934836178640064,0.0,0.1403517228132249,0.1403517228132249,2.5312105517926358
24,django__django-14787,1791018355.4448519,5.296664237976074,28470,26656,1814,0,0,1551,263,1551,0.19830507817476567,0.0,0.16934836178640064,0.16934836178640064,2.5312105517926358
24,django__django-14787,1791018360.9074109,3.112373113632202,28583,28224,359,0,0,246,113,246,0.03955000967709733,0.0,0.02708709895955048,0.02708709895955048,2.702428531007851
24,django__django-14787,1791018372.3967817,2.912177324295044,28751,28224,527,0,0,359,168,359,0.05810275156271211,0.0,0.03955000967709733,0.03955000967709733,2.702428531007851
24,django__django-14787,1791018383.6082351,22.19251847267151,28873,28224,649,0,0,527,122,527,0.07159342242025576,0.0,0.05810275156271211,0.05810275156271211,2.702428531007851
24,django__django-14787,1791018405.9436834,2.8436357975006104,29380,28224,1156,0,0,649,507,649,0.1278179731395423,0.0,0.07159342242025576,0.07159342242025576,2.702428531007851
17,pylint-dev__pylint-6528,1791018407.1563485,98.11313104629517,29461,28224,1237,0,0,1181,56,1181,0.13682461820244457,0.0,0.13059709567413044,0.13059709567413044,2.702428531007851
24,django__django-14787,1791018408.944357,2.522003412246704,29473,28224,1249,0,0,1156,93,1156,0.1381594989226836,0.0,0.1278179731395423,0.1278179731395423,2.702428531007851
24,django__django-14787,1791018411.6065495,4.08333945274353,29560,28224,1336,0,0,1249,87,1249,0.14784172871713605,0.0,0.1381594989226836,0.1381594989226836,2.702428531007851
24,django__django-14787,1791018415.9421437,2.935995101928711,29730,28224,1506,0,0,1336,170,1336,0.16678306644182658,0.0,0.14784172871713605,0.14784172871713605,2.702428531007851
24,django__django-14787,1791018419.0197473,5.263580560684204,30260,28224,2036,0,0,1506,530,1506,0.22602261224980147,0.0,0.16678306644182658,0.16678306644182658,2.702428531007851
24,django__django-14787,1791018424.4213808,22.62811779975891,30659,29792,867,0,0,468,399,468,0.09710856539141906,0.0,0.05232427293742274,0.05232427293742274,2.87612687032023
24,django__django-14787,1791018447.7825713,11.723678588867188,31281,29792,1489,0,0,867,622,867,0.16724301364687438,0.0,0.09710856539141906,0.09710856539141906,2.87612687032023
25,django__django-13112,1791018482.6377187,213.0786054134369,39056,37632,1424,0,0,1368,56,1368,0.1711584481329046,0.0,0.16438885528907743,0.16438885528907743,3.7818239683395767
7,django__django-13112,1791018503.6408136,105.02139663696289,44814,43904,910,0,0,854,56,854,0.11489998208061272,0.0,0.10780509055239532,0.10780509055239532,4.551028128503998
27,pylint-dev__pylint-6528,1791018569.394063,95.51576018333435,18865,17248,1617,0,0,1125,492,1125,0.1612612797043381,0.0,0.11191557120387205,0.11191557120387205,1.5559902385417792
23,pylint-dev__pylint-6528,1791018581.9700587,3.2515153884887695,21830,20384,1446,0,0,1390,56,1390,0.14865769476821936,0.0,0.14286128621360816,0.14286128621360816,1.8711422359034104
23,pylint-dev__pylint-6528,1791018585.3533318,95.4360876083374,22149,20384,1765,0,0,1446,319,1446,0.18173686335815328,0.0,0.14865769476821936,0.14865769476821936,1.8711422359034104
7,django__django-13112,1791018608.8137798,114.97955441474915,45167,43904,1263,0,0,910,353,910,0.15969596430767888,0.0,0.11489998208061272,0.11489998208061272,4.551028128503998
27,pylint-dev__pylint-6528,1791018665.8444855,153.4194643497467,19135,18816,319,0,0,49,270,49,0.03210920250273254,0.0,0.004925461072104184,0.004925461072104184,1.7123260571740133
23,pylint-dev__pylint-6528,1791018680.9376712,7.43819785118103,22431,21952,479,0,0,197,282,197,0.04976821452548982,0.0,0.02044032453159227,0.02044032453159227,2.0324387747299717
23,pylint-dev__pylint-6528,1791018688.565923,18.72221851348877,22717,21952,765,0,0,479,286,479,0.07959404504065792,0.0,0.04976821452548982,0.04976821452548982,2.0324387747299717
25,django__django-13112,1791018695.862467,219.36930322647095,39692,37632,2060,0,0,1424,636,1424,0.24826368260654863,0.0,0.1711584481329046,0.1711584481329046,3.7818239683395767
23,pylint-dev__pylint-6528,1791018707.4656646,2.0402112007141113,23574,21952,1622,0,0,765,857,765,0.16946135595162504,0.0,0.07959404504065792,0.07959404504065792,2.0324387747299717
23,pylint-dev__pylint-6528,1791018709.629798,1.9225025177001953,23785,23520,265,0,0,54,211,54,0.027924151191269744,0.0,0.005684457027900478,0.005684457027900478,2.1962156736536964
23,pylint-dev__pylint-6528,1791018711.7065098,1.771653413772583,23907,23520,387,0,0,265,122,265,0.04080361385854652,0.0,0.027924151191269744,0.027924151191269744,2.1962156736536964
23,pylint-dev__pylint-6528,1791018713.627158,6.61194109916687,24111,23520,591,0,0,387,204,387,0.062373310520940695,0.0,0.04080361385854652,0.04080361385854652,2.1962156736536964
23,pylint-dev__pylint-6528,1791018720.3848898,2.042457103729248,24389,23520,869,0,0,591,278,591,0.09183489922684392,0.0,0.062373310520940695,0.062373310520940695,2.1962156736536964
23,pylint-dev__pylint-6528,1791018722.5679066,2.862159013748169,25011,23520,1491,0,0,869,622,869,0.15803492906072197,0.0,0.09183489922684392,0.09183489922684392,2.1962156736536964
7,django__django-13112,1791018723.9528992,4.755661487579346,45572,43904,1668,0,0,1263,405,1263,0.21124564012125518,0.0,0.15969596430767888,0.15969596430767888,4.551028128503998
23,pylint-dev__pylint-6528,1791018725.9469507,18.416223526000977,25216,23520,1696,0,0,1491,205,1491,0.17993878377657047,0.0,0.15803492906072197,0.15803492906072197,2.1962156736536964
7,django__django-13112,1791018729.9701707,3.5581440925598145,45840,45472,368,0,0,100,268,100,0.04694656335645263,0.0,0.012743699837241017,0.012743699837241017,4.749530068788012
7,django__django-13112,1791018736.451915,6.5715861320495605,46101,45472,629,0,0,368,261,368,0.08032571331739664,0.0,0.04694656335645263,0.04694656335645263,4.749530068788012
7,django__django-13112,1791018745.2702212,7.467147350311279,46380,45472,908,0,0,629,279,629,0.11608286959469419,0.0,0.08032571331739664,0.08032571331739664,4.749530068788012
23,pylint-dev__pylint-6528,1791018745.625595,70.41819381713867,25668,25088,580,0,0,128,452,128,0.06212664789560404,0.0,0.013681524755682383,0.013681524755682383,2.362472932674584
7,django__django-13112,1791018753.3098838,12.542289018630981,46774,45472,1302,0,0,908,394,908,0.16671239179085642,0.0,0.11608286959469419,0.11608286959469419,4.749530068788012
7,django__django-13112,1791018766.3415644,14.352709293365479,47189,45472,1717,0,0,1302,415,1302,0.2202097933955728,0.0,0.16671239179085642,0.16671239179085642,4.749530068788012
7,django__django-13112,1791018781.473789,3.477219343185425,47700,47040,660,0,0,149,511,149,0.08533888182020175,0.0,0.019227493014395098,0.019227493014395098,4.95051236916919
7,django__django-13112,1791018787.0821528,14.022989511489868,47851,47040,811,0,0,660,151,660,0.10492515539394232,0.0,0.08533888182020175,0.08533888182020175,4.95051236916919
7,django__django-13112,1791018801.2662694,6.43118953704834,48476,47040,1436,0,0,811,625,811,0.186238812413841,0.0,0.10492515539394232,0.10492515539394232,4.95051236916919
27,pylint-dev__pylint-6528,1791018819.4441679,148.54704809188843,19390,18816,574,0,0,319,255,319,0.057850265354270694,0.0,0.03210920250273254,0.03210920250273254,1.7123260571740133
25,django__django-13112,1791018915.3866823,41.14875888824463,39958,39200,758,0,0,492,266,492,0.09205262497751818,0.0,0.05968318271118862,0.05968318271118862,3.9704044682349364
25,django__django-13112,1791018956.710436,26.35032868385315,40481,39200,1281,0,0,758,523,758,0.15590445037286782,0.0,0.09205262497751818,0.09205262497751818,3.9704044682349364
27,pylint-dev__pylint-6528,1791018968.449446,5.25372052192688,19785,18816,969,0,0,574,395,574,0.09785318637019663,0.0,0.057850265354270694,0.057850265354270694,1.7123260571740133
27,pylint-dev__pylint-6528,1791018973.855833,17.40346598625183,20095,18816,1279,0,0,969,310,969,0.12935812495007976,0.0,0.09785318637019663,0.09785318637019663,1.7123260571740133
25,django__django-13112,1791018983.5267503,1.9459593296051025,40649,39200,1449,0,0,1281,168,1281,0.17647372772924053,0.0,0.15590445037286782,0.15590445037286782,3.9704044682349364
25,django__django-13112,1791018985.653733,5.0798797607421875,40966,39200,1766,0,0,1449,317,1449,0.21536354723300696,0.0,0.17647372772924053,0.17647372772924053,3.9704044682349364
27,pylint-dev__pylint-6528,1791018991.4276178,2.0824198722839355,20962,18816,2146,0,0,1279,867,1279,0.21798506445461127,0.0,0.12935812495007976,0.12935812495007976,1.7123260571740133
25,django__django-13112,1791018991.560629,3.915858745574951,41194,40768,426,0,0,198,228,198,0.052336593162953526,0.0,0.024302687240483425,0.024302687240483425,4.16146532822746
27,pylint-dev__pylint-6528,1791018993.6628234,2.3892266750335693,21344,20384,960,0,0,578,382,578,0.09845856286853522,0.0,0.05916888572521382,0.05916888572521382,1.8711422359034104
25,django__django-13112,1791018995.6542876,2.255171537399292,41339,40768,571,0,0,426,145,426,0.07019245525999193,0.0,0.052336593162953526,0.052336593162953526,4.16146532822746
27,pylint-dev__pylint-6528,1791018996.1883461,3.5258638858795166,21688,20384,1304,0,0,960,344,960,0.13396581877211708,0.0,0.09845856286853522,0.09845856286853522,1.8711422359034104
25,django__django-13112,1791018999.0887864,2.833603858947754,41876,40768,1108,0,0,571,537,571,0.13650545285018617,0.0,0.07019245525999193,0.07019245525999193,4.16146532822746
27,pylint-dev__pylint-6528,1791019000.6112545,6.847595691680908,21977,20384,1593,0,0,1304,289,1304,0.16388831963258746,0.0,0.13396581877211708,0.13396581877211708,1.8711422359034104
25,django__django-13112,1791019003.2118435,240.47295022010803,42109,40768,1341,0,0,1108,233,1108,0.16536862956673948,0.0,0.13650545285018617,0.13650545285018617,4.16146532822746
27,pylint-dev__pylint-6528,1791019008.3391335,2.9417319297790527,22237,21952,285,0,0,25,260,25,0.02958367873874568,0.0,0.002591780806026444,0.002591780806026444,2.0324387747299717
27,pylint-dev__pylint-6528,1791019011.7663686,9.719789266586304,22366,21952,414,0,0,285,129,285,0.043001125032068106,0.0,0.02958367873874568,0.02958367873874568,2.0324387747299717
27,pylint-dev__pylint-6528,1791019022.3416204,10.935510873794556,22759,21952,807,0,0,414,393,414,0.08398101100445268,0.0,0.043001125032068106,0.043001125032068106,2.0324387747299717
27,pylint-dev__pylint-6528,1791019033.7378497,75.7936327457428,23066,21952,1114,0,0,807,307,807,0.11610168828099098,0.0,0.08398101100445268,0.08398101100445268,2.0324387747299717
27,pylint-dev__pylint-6528,1791019110.4232323,8.523113489151001,23396,21952,1444,0,0,1114,330,1114,0.1507348348706947,0.0,0.11610168828099098,0.11610168828099098,2.0324387747299717
27,pylint-dev__pylint-6528,1791019120.5380392,6.951720952987671,23756,21952,1804,0,0,1444,360,1444,0.18864174735420022,0.0,0.1507348348706947,0.1507348348706947,2.0324387747299717
27,pylint-dev__pylint-6528,1791019128.205701,2.6378719806671143,24047,23520,527,0,0,236,291,236,0.05560182725555932,0.0,0.024864848430475674,0.024864848430475674,2.1962156736536964
27,pylint-dev__pylint-6528,1791019130.9988751,1.9748845100402832,24191,23520,671,0,0,527,144,527,0.07084347552542732,0.0,0.05560182725555932,0.05560182725555932,2.1962156736536964
27,pylint-dev__pylint-6528,1791019133.4774303,5.381467819213867,24556,23520,1036,0,0,671,365,671,0.10957053383836964,0.0,0.07084347552542732,0.07084347552542732,2.1962156736536964
27,pylint-dev__pylint-6528,1791019139.7302234,35.756155490875244,24817,23520,1297,0,0,1036,261,1036,0.1373454482983198,0.0,0.10957053383836964,0.10957053383836964,2.1962156736536964
27,pylint-dev__pylint-6528,1791019176.4205403,149.52285361289978,25063,23520,1543,0,0,1297,246,1297,0.1635870156249915,0.0,0.1373454482983198,0.1373454482983198,2.1962156736536964
25,django__django-13112,1791019243.8570337,147.62397980690002,42399,40768,1631,0,0,1341,290,1341,0.20136926053258178,0.0,0.16536862956673948,0.16536862956673948,4.16146532822746
27,pylint-dev__pylint-6528,1791019326.8383129,22.707585334777832,25348,23520,1828,0,0,1543,285,1543,0.19406516788825684,0.0,0.1635870156249915,0.1635870156249915,2.1962156736536964
27,pylint-dev__pylint-6528,1791019349.701195,68.63801908493042,25769,25088,681,0,0,260,421,260,0.0729799483603035,0.0,0.027807908867368742,0.027807908867368742,2.362472932674584
25,django__django-13112,1791019391.6342018,182.420996427536,43561,42336,1225,0,0,63,1162,63,0.15292991468845574,0.0,0.007828040442894712,0.007828040442894712,4.355006548317148
27,pylint-dev__pylint-6528,1791019435.9060218,3.1720306873321533,26196,25088,1108,0,0,681,427,681,0.11897841849012747,0.0,0.0729799483603035,0.0729799483603035,2.362472932674584
27,pylint-dev__pylint-6528,1791019441.0125155,3.337224006652832,26543,25088,1455,0,0,1108,347,1108,0.1564943844841668,0.0,0.11897841849012747,0.11897841849012747,2.362472932674584
27,pylint-dev__pylint-6528,1791019452.367745,2.340759515762329,26824,25088,1736,0,0,1455,281,1455,0.18696376293238126,0.0,0.1564943844841668,0.1564943844841668,2.362472932674584
27,pylint-dev__pylint-6528,1791019458.8968763,10.669236660003662,27108,26656,452,0,0,168,284,168,0.049101757411791534,0.0,0.018226143814329646,0.018226143814329646,2.5312105517926358
27,pylint-dev__pylint-6528,1791019471.084675,55.185643434524536,27409,26656,753,0,0,452,301,452,0.08191438000947157,0.0,0.049101757411791534,0.049101757411791534,2.5312105517926358
25,django__django-13112,1791019574.4880083,66.03231978416443,44015,42336,1679,0,0,1225,454,1225,0.20999211618740826,0.0,0.15292991468845574,0.15292991468845574,4.355006548317148
25,django__django-13112,1791019641.108614,85.0975592136383,44451,43904,547,0,0,111,436,111,0.06896609475017144,0.0,0.013970536000557674,0.013970536000557674,4.551028128503998
25,django__django-13112,1791019726.367072,159.03100490570068,44738,43904,834,0,0,547,287,547,0.10527196743986436,0.0,0.06896609475017144,0.06896609475017144,4.551028128503998
