t_min,kv_gpu_pct,cpu_kv_fill_gb,vllm_pinned_gb,vllm_other_gb,vm_rss_gb,page_cache_gb,hbm_node_used_gb,running,waiting,n_vmm,other_used_gb
0.0,0.0,0.0,68.7,nan,0.0,nan,nan,0.0,0.0,0,nan
0.016680641969045003,0.0,0.0,68.7,nan,0.0,nan,nan,0.0,0.0,0,nan
0.03335914611816406,0.0,0.0,68.7,nan,0.234590208,nan,nan,0.0,0.0,1,nan
0.05003285805384318,0.0,0.0,68.7,nan,0.234590208,nan,nan,0.0,0.0,1,nan
0.06670939127604167,0.0,0.0,68.7,nan,0.234590208,nan,nan,0.0,0.0,1,nan
0.08337904214859009,0.0,0.0,68.7,nan,0.234590208,nan,nan,0.0,0.0,1,nan
0.10005035400390624,0.7194244604316502,0.0,68.7,nan,0.234590208,nan,nan,1.0,0.0,1,nan
0.116719917456309,0.7194244604316502,0.0,68.7,nan,0.469250048,nan,nan,1.0,0.0,2,nan
0.1333939035733541,0.0,0.0,68.7,nan,0.504909824,nan,nan,0.0,0.0,2,nan
0.15006709893544515,0.8992805755395739,0.205324288,68.7,nan,0.515395584,nan,nan,1.0,0.0,2,nan
0.16673645973205567,0.8992805755395739,0.205324288,68.7,nan,0.515395584,nan,nan,1.0,0.0,2,nan
0.18340651194254556,1.7985611510791366,0.410648576,68.7,nan,0.515395584,nan,nan,2.0,0.0,2,nan
0.20007726351420085,1.7985611510791366,0.410648576,68.7,nan,0.768987136,nan,nan,2.0,0.0,3,nan
0.21674888134002684,1.7985611510791366,0.410648576,68.7,nan,0.768987136,nan,nan,2.0,0.0,3,nan
0.23342793782552082,0.8992805755395739,0.410648576,68.7,nan,0.813043712,nan,nan,1.0,0.0,3,nan
0.250099770228068,1.7985611510791366,0.410648576,68.7,nan,0.813043712,nan,nan,2.0,0.0,3,nan
0.2667690674463908,2.6978417266187105,0.615972864,68.7,nan,0.813043712,nan,nan,3.0,0.0,3,nan
0.2834428826967875,2.6978417266187105,0.615972864,68.7,nan,1.05003008,nan,nan,3.0,0.0,4,nan
0.3001137971878052,2.6978417266187105,0.615972864,68.7,nan,1.052127232,nan,nan,3.0,0.0,4,nan
0.31678884824117026,1.7985611510791366,0.615972864,68.7,nan,1.073098752,nan,nan,1.0,0.0,4,nan
0.33346298535664876,3.237410071942448,0.615972864,68.7,nan,1.150693376,nan,nan,3.0,0.0,4,nan
0.35013729333877563,3.7769784172661858,0.821297152,68.7,nan,1.150693376,nan,nan,4.0,0.0,4,nan
0.366812785466512,3.9568345323740983,1.02662144,68.7,nan,1.396027392,nan,nan,4.0,0.0,5,nan
0.3834860920906067,4.856115107913672,1.02662144,68.7,nan,1.396027392,nan,nan,4.0,0.0,5,nan
0.4001602451006571,4.496402877697847,1.283325952,68.7,nan,1.396027392,nan,nan,4.0,0.0,5,nan
0.41683541536331176,5.215827338129497,1.48865024,68.7,nan,1.408610304,nan,nan,5.0,0.0,5,nan
0.43350940545399985,4.316546762589923,1.48865024,68.7,nan,1.435877376,nan,nan,4.0,0.0,5,nan
0.45018516381581625,5.755395683453235,1.48865024,68.7,nan,1.690877952,nan,nan,5.0,0.0,6,nan
0.46685999631881714,5.39568345323741,1.693974528,68.7,nan,1.690877952,nan,nan,5.0,0.0,6,nan
0.48353166580200196,5.39568345323741,1.899298816,68.7,nan,1.716047872,nan,nan,5.0,0.0,6,nan
0.5002029736836752,5.39568345323741,1.899298816,68.7,nan,1.716047872,nan,nan,5.0,0.0,6,nan
0.5168765465418498,6.294964028776984,1.899298816,68.7,nan,1.716047872,nan,nan,6.0,0.0,6,nan
0.5335506359736125,5.39568345323741,1.899298816,68.7,nan,1.959108608,nan,nan,5.0,0.0,7,nan
0.5502283294995626,5.39568345323741,1.899298816,68.7,nan,2.05348864,nan,nan,5.0,0.0,7,nan
0.5669025182723999,6.294964028776984,1.899298816,68.7,nan,2.05348864,nan,nan,6.0,0.0,7,nan
0.5835755944252015,4.496402877697847,1.899298816,68.7,nan,2.104107008,nan,nan,4.0,0.0,7,nan
0.600246250629425,7.5539568345323715,2.566651904,68.7,nan,2.104107008,nan,nan,7.0,0.0,7,nan
0.6169195731480916,8.273381294964032,2.566651904,68.7,nan,2.342989824,nan,nan,6.0,0.0,8,nan
0.6335910479227702,7.913669064748197,2.771976192,68.7,nan,2.342989824,nan,nan,7.0,0.0,8,nan
0.6502640048662821,8.09352517985612,2.97730048,68.7,nan,2.342989824,nan,nan,7.0,0.0,8,nan
0.6669363896052043,8.273381294964032,2.97730048,68.7,nan,2.342989824,nan,nan,7.0,0.0,8,nan
0.6836099425951639,8.09352517985612,3.182624768,68.7,nan,2.374647808,nan,nan,7.0,0.0,8,nan
0.7002824544906616,9.352517985611508,3.593273344,68.7,nan,2.60933632,nan,nan,8.0,0.0,9,nan
0.716959810256958,9.352517985611508,3.593273344,68.7,nan,2.60933632,nan,nan,8.0,0.0,9,nan
0.7336332201957703,9.172661870503596,3.593273344,68.7,nan,2.62823936,nan,nan,7.0,0.0,9,nan
0.7503103176752727,9.532374100719421,3.593273344,68.7,nan,2.653405184,nan,nan,8.0,0.0,9,nan
0.7669845700263977,10.251798561151082,3.593273344,68.7,nan,2.653405184,nan,nan,9.0,0.0,9,nan
0.7836615165074666,10.431654676258994,3.593273344,68.7,nan,2.879893504,nan,nan,9.0,0.0,10,nan
0.8003305514653524,9.532374100719421,3.798597632,68.7,nan,2.923937792,nan,nan,8.0,0.0,10,nan
0.8170044700304667,10.251798561151082,4.00392192,68.7,nan,2.963984384,nan,nan,8.0,0.0,10,nan
0.8336788415908813,9.712230215827333,4.209246208,68.7,nan,2.966081536,nan,nan,8.0,0.0,10,nan
0.8503537774085999,10.431654676258994,4.209246208,68.7,nan,2.97867264,nan,nan,9.0,0.0,10,nan
0.8670272866884867,12.050359712230218,4.414570496,68.7,nan,3.213553664,nan,nan,10.0,0.0,11,nan
0.8837033073107402,11.151079136690644,4.414570496,68.7,nan,3.226136576,nan,nan,9.0,0.0,11,nan
0.9003787914911906,12.050359712230218,4.414570496,68.7,nan,3.226136576,nan,nan,10.0,0.0,11,nan
0.9170525709788004,11.151079136690644,4.619894784,68.7,nan,3.247108096,nan,nan,9.0,0.0,11,nan
0.9337235212326049,12.230215827338132,4.825219072,68.7,nan,3.249205248,nan,nan,10.0,0.0,11,nan
0.9503993988037109,12.769784172661868,5.03054336,68.7,nan,3.546853376,nan,nan,10.0,0.0,12,nan
0.9670765280723572,11.870503597122307,5.235867648,68.7,nan,3.590905856,nan,nan,9.0,0.0,12,nan
0.983751654624939,15.647482014388492,5.235867648,68.7,nan,3.62027008,nan,nan,11.0,0.0,12,nan
1.0004266818364462,14.568345323741006,5.851840512,68.7,nan,3.62027008,nan,nan,11.0,0.0,12,nan
1.0170978466669718,14.568345323741006,5.851840512,68.7,nan,3.632857088,nan,nan,11.0,0.0,12,nan
1.0337765216827393,13.129496402877693,5.851840512,68.7,nan,3.928399872,nan,nan,10.0,0.0,13,nan
1.0504501144091287,13.48920863309353,6.0571648,68.7,nan,4.010205184,nan,nan,10.0,0.0,13,nan
1.067121426264445,14.388489208633093,6.262489088,68.7,nan,4.03746816,nan,nan,11.0,0.0,13,nan
1.0837936321894328,16.726618705035968,6.467813376,68.7,nan,4.03746816,nan,nan,12.0,0.0,13,nan
1.1004663666089376,16.546762589928054,6.673137664,68.7,nan,4.03746816,nan,nan,13.0,0.0,13,nan
1.1171381910641989,16.546762589928054,6.673137664,68.7,nan,4.276383744,nan,nan,13.0,0.0,14,nan
1.133810035387675,15.647482014388492,6.673137664,68.7,nan,4.37915648,nan,nan,12.0,0.0,14,nan
1.150482702255249,14.568345323741006,6.673137664,68.7,nan,4.452560896,nan,nan,10.0,0.0,14,nan
1.1671541372934977,16.90647482014388,7.289110528,68.7,nan,4.49032192,nan,nan,13.0,0.0,14,nan
1.183829120794932,17.0863309352518,7.494434816,68.7,nan,4.49032192,nan,nan,13.0,0.0,14,nan
1.200504461924235,17.985611510791365,7.905083392,68.7,nan,4.72520704,nan,nan,14.0,0.0,15,nan
1.2171785632769268,18.16546762589928,8.11040768,68.7,nan,4.72520704,nan,nan,14.0,0.0,15,nan
1.2338507572809856,18.16546762589928,8.11040768,68.7,nan,4.72520704,nan,nan,14.0,0.0,15,nan
1.2505274732907614,17.266187050359715,8.11040768,68.7,nan,4.741984256,nan,nan,13.0,0.0,15,nan
1.267202099164327,16.90647482014388,8.315731968,68.7,nan,4.773609472,nan,nan,13.0,0.0,15,nan
1.283881938457489,18.345323741007192,8.521056256,68.7,nan,5.069328384,nan,nan,14.0,0.0,16,nan
1.3005583047866822,19.064748201438853,8.931704832,68.7,nan,5.092397056,nan,nan,14.0,0.0,16,nan
1.3172308564186097,19.424460431654676,8.931704832,68.7,nan,5.094494208,nan,nan,15.0,0.0,16,nan
1.333904739220937,16.90647482014388,8.931704832,68.7,nan,5.130162176,nan,nan,13.0,0.0,16,nan
1.3505782206853232,20.683453237410077,9.13702912,68.7,nan,5.130162176,nan,nan,16.0,0.0,16,nan
1.367251209417979,20.683453237410077,9.13702912,68.7,nan,5.364891648,nan,nan,16.0,0.0,17,nan
1.383926018079122,19.60431654676259,9.342353408,68.7,nan,5.364891648,nan,nan,15.0,0.0,17,nan
1.4006011565526326,20.863309352517987,9.342353408,68.7,nan,5.369085952,nan,nan,16.0,0.0,17,nan
1.417278281847636,19.424460431654676,9.547677696,68.7,nan,5.369085952,nan,nan,15.0,0.0,17,nan
1.4339513619740805,18.345323741007192,9.753001984,68.7,nan,5.39441152,nan,nan,15.0,0.0,17,nan
1.4506284674008687,21.0431654676259,9.753001984,68.7,nan,5.625102336,nan,nan,16.0,0.0,18,nan
1.4673006137212117,21.223021582733814,9.753001984,68.7,nan,5.654482944,nan,nan,16.0,0.0,18,nan
1.483980162938436,22.84172661870504,9.958326272,68.7,nan,5.654482944,nan,nan,17.0,0.0,18,nan
1.5006543000539143,19.424460431654676,10.16365056,68.7,nan,5.654482944,nan,nan,15.0,0.0,18,nan
1.5173284769058228,21.942446043165464,10.368974848,68.7,nan,5.667065856,nan,nan,17.0,0.0,18,nan
1.5340030630429586,21.58273381294964,10.368974848,68.7,nan,5.973065728,nan,nan,16.0,0.0,19,nan
1.5506779432296753,21.223021582733814,10.779623424,68.7,nan,5.973065728,nan,nan,15.0,0.0,19,nan
1.5673518180847168,23.201438848920862,11.190272,68.7,nan,5.996138496,nan,nan,17.0,0.0,19,nan
1.5840274453163148,23.201438848920862,11.395596288,68.7,nan,5.998235648,nan,nan,16.0,0.0,19,nan
1.6007015625635783,25.71942446043165,11.806244864,68.7,nan,5.998235648,nan,nan,19.0,0.0,19,nan
1.6173783938090007,25.71942446043165,12.011569152,68.7,nan,6.235213824,nan,nan,19.0,0.0,20,nan
1.634052050113678,25.71942446043165,12.011569152,68.7,nan,6.235213824,nan,nan,19.0,0.0,20,nan
1.6507283449172974,23.201438848920862,12.011569152,68.7,nan,6.24570368,nan,nan,17.0,0.0,20,nan
1.667399485905965,24.28057553956835,12.011569152,68.7,nan,6.28369408,nan,nan,18.0,0.0,20,nan
1.6840709845225017,24.820143884892087,12.011569152,68.7,nan,6.28369408,nan,nan,19.0,0.0,20,nan
1.7007420182228088,23.201438848920862,12.21689344,68.7,nan,6.522580992,nan,nan,17.0,0.0,21,nan
1.7174158453941346,26.618705035971225,12.832866304,68.7,nan,6.524678144,nan,nan,20.0,0.0,21,nan
1.734091329574585,26.978417266187048,13.038190592,68.7,nan,6.524678144,nan,nan,20.0,0.0,21,nan
1.7507686018943787,27.338129496402875,13.038190592,68.7,nan,6.566629376,nan,nan,20.0,0.0,21,nan
1.7674448370933533,28.41726618705036,13.24351488,68.7,nan,6.566629376,nan,nan,21.0,0.0,21,nan
1.7841148853302002,28.597122302158272,13.24351488,68.7,nan,6.803451904,nan,nan,21.0,0.0,22,nan
1.800788366794586,27.697841726618712,13.24351488,68.7,nan,6.803451904,nan,nan,20.0,0.0,22,nan
1.8174621979395549,27.877697841726622,13.448839168,68.7,nan,6.851735552,nan,nan,20.0,0.0,22,nan
1.8341342369715372,29.856115107913674,13.448839168,68.7,nan,6.88529408,nan,nan,21.0,0.0,22,nan
1.8508120099703471,27.15827338129496,13.654163456,68.7,nan,6.910496768,nan,nan,20.0,0.0,22,nan
1.867486023902893,28.23741007194245,13.859487744,68.7,nan,7.15147264,nan,nan,21.0,0.0,23,nan
1.8841602643330893,29.856115107913674,14.064812032,68.7,nan,7.15147264,nan,nan,21.0,0.0,23,nan
1.9008348822593688,28.597122302158272,14.064812032,68.7,nan,7.15147264,nan,nan,21.0,0.0,23,nan
1.9175121307373046,28.776978417266186,14.27013632,68.7,nan,7.15147264,nan,nan,21.0,0.0,23,nan
1.9341861764589945,29.136690647482013,14.475460608,68.7,nan,7.201816576,nan,nan,21.0,0.0,23,nan
1.9508597572644553,30.755395683453234,14.680784896,68.7,nan,7.472345088,nan,nan,22.0,0.0,24,nan
1.9675341248512268,30.215827338129497,14.886109184,68.7,nan,7.47444224,nan,nan,22.0,0.0,24,nan
1.9842090527216594,30.935251798561147,14.886109184,68.7,nan,7.510093824,nan,nan,21.0,0.0,24,nan
2.000885371367137,29.316546762589923,15.553462272,68.7,nan,7.510093824,nan,nan,21.0,0.0,24,nan
2.0175577720006306,31.83453237410072,15.964110848,68.7,nan,7.510093824,nan,nan,22.0,0.0,24,nan
2.034232207139333,29.856115107913674,16.169435136,68.7,nan,7.87693568,nan,nan,21.0,0.0,25,nan
2.050903109709422,32.37410071942446,16.374759424,68.7,nan,7.88742144,nan,nan,23.0,0.0,25,nan
2.067578653494517,30.755395683453234,16.374759424,68.7,nan,7.891615744,nan,nan,22.0,0.0,25,nan
2.0842618107795716,33.81294964028777,16.580083712,68.7,nan,7.893712896,nan,nan,23.0,0.0,25,nan
2.1009366234143574,35.07194244604317,16.785408,68.7,nan,7.916781568,nan,nan,25.0,0.0,25,nan
2.1176132400830587,33.81294964028777,17.196056576,68.7,nan,8.153223168,nan,nan,24.0,0.0,26,nan
2.134285394350688,34.172661870503596,17.196056576,68.7,nan,8.153223168,nan,nan,24.0,0.0,26,nan
2.1509594440460207,34.172661870503596,17.196056576,68.7,nan,8.1867776,nan,nan,24.0,0.0,26,nan
2.167632293701172,35.97122302158273,17.196056576,68.7,nan,8.195166208,nan,nan,24.0,0.0,26,nan
2.184310559431712,35.61151079136691,17.606705152,68.7,nan,8.245653504,nan,nan,25.0,0.0,26,nan
2.2009839177131654,35.61151079136691,17.81202944,68.7,nan,8.526667776,nan,nan,25.0,0.0,27,nan
2.2176535924275718,36.51079136690647,17.81202944,68.7,nan,8.532959232,nan,nan,26.0,0.0,27,nan
2.2343289454778037,35.251798561151084,17.81202944,68.7,nan,8.532959232,nan,nan,25.0,0.0,27,nan
2.2510018229484556,35.61151079136691,17.81202944,68.7,nan,8.539250688,nan,nan,25.0,0.0,27,nan
2.2676761468251545,37.410071942446045,18.017353728,68.7,nan,8.539250688,nan,nan,27.0,0.0,27,nan
2.2843486507733664,37.76978417266187,18.222678016,68.7,nan,8.77314048,nan,nan,27.0,0.0,28,nan
2.301019724210103,37.94964028776978,18.222678016,68.7,nan,8.777334784,nan,nan,27.0,0.0,28,nan
2.3176938851674396,34.352517985611506,18.222678016,68.7,nan,8.779431936,nan,nan,25.0,0.0,28,nan
2.3343665758768717,37.410071942446045,18.633326592,68.7,nan,8.80459776,nan,nan,26.0,0.0,28,nan
2.351044495900472,35.97122302158273,18.633326592,68.7,nan,8.84025344,nan,nan,25.0,0.0,28,nan
2.367715040842692,37.410071942446045,19.043975168,68.7,nan,9.102196736,nan,nan,27.0,0.0,29,nan
2.384387274583181,37.410071942446045,19.043975168,68.7,nan,9.137856512,nan,nan,27.0,0.0,29,nan
2.401061447461446,37.589928057553955,19.043975168,68.7,nan,9.142050816,nan,nan,27.0,0.0,29,nan
2.4177340785662333,35.251798561151084,19.249299456,68.7,nan,9.163067392,nan,nan,24.0,0.0,29,nan
2.4344114025433856,41.007194244604314,19.86527232,68.7,nan,9.184256,nan,nan,29.0,0.0,29,nan
2.4510882059733072,41.54676258992806,19.86527232,68.7,nan,9.423138816,nan,nan,29.0,0.0,30,nan
2.467760674158732,40.46762589928058,20.070596608,68.7,nan,9.423138816,nan,nan,28.0,0.0,30,nan
2.4844332933425903,41.72661870503597,20.070596608,68.7,nan,9.423138816,nan,nan,29.0,0.0,30,nan
2.501114288965861,41.90647482014388,20.070596608,68.7,nan,9.423138816,nan,nan,29.0,0.0,30,nan
2.5177930990854898,41.36690647482014,20.070596608,68.7,nan,9.423138816,nan,nan,29.0,0.0,30,nan
2.5344626824061076,42.62589928057554,20.070596608,68.7,nan,9.66832128,nan,nan,30.0,0.0,31,nan
2.551137606302897,41.90647482014388,20.070596608,68.7,nan,9.66832128,nan,nan,29.0,0.0,31,nan
2.5678084015846254,42.985611510791365,20.275920896,68.7,nan,9.674612736,nan,nan,30.0,0.0,31,nan
2.5844788869222004,40.46762589928058,20.481245184,68.7,nan,9.695588352,nan,nan,28.0,0.0,31,nan
2.6011545777320864,42.62589928057554,20.686569472,68.7,nan,9.699782656,nan,nan,30.0,0.0,31,nan
2.617825237909953,42.26618705035972,20.89189376,68.7,nan,9.982779392,nan,nan,29.0,0.0,32,nan
2.6344985683759052,40.827338129496404,21.097218048,68.7,nan,10.045755392,nan,nan,29.0,0.0,32,nan
2.651177151997884,45.14388489208633,21.507866624,68.7,nan,10.077212672,nan,nan,31.0,0.0,32,nan
2.6678511699040732,45.32374100719424,21.507866624,68.7,nan,10.077212672,nan,nan,32.0,0.0,32,nan
2.6845247626304625,41.36690647482014,21.507866624,68.7,nan,10.089795584,nan,nan,29.0,0.0,32,nan
2.7011962095896402,44.60431654676259,21.507866624,68.7,nan,10.15709696,nan,nan,31.0,0.0,32,nan
2.717869738737742,47.30215827338129,21.713190912,68.7,nan,10.180165632,nan,nan,32.0,0.0,32,nan
2.7345446944236755,42.0863309352518,21.9185152,68.7,nan,10.192744448,nan,nan,29.0,0.0,32,nan
2.7512158513069154,41.90647482014388,22.123839488,68.7,nan,10.339729408,nan,nan,27.0,0.0,32,nan
2.7678867101669313,45.14388489208633,22.329163776,68.7,nan,10.429906944,nan,nan,31.0,0.0,32,nan
2.7845582803090414,46.58273381294964,22.534488064,68.7,nan,10.429906944,nan,nan,32.0,0.0,32,nan
2.8012311736742657,43.16546762589928,22.534488064,68.7,nan,10.432004096,nan,nan,30.0,0.0,32,nan
2.817904162406921,46.043165467625904,22.534488064,68.7,nan,10.432004096,nan,nan,32.0,0.0,32,nan
2.8345755974451703,46.402877697841724,22.94513664,68.7,nan,10.432004096,nan,nan,32.0,0.0,32,nan
2.85124907096227,46.58273381294964,22.94513664,68.7,nan,10.432004096,nan,nan,32.0,0.0,32,nan
2.8679205854733785,45.32374100719424,22.94513664,68.7,nan,10.444587008,nan,nan,30.0,0.0,32,nan
2.8845948378245034,45.14388489208633,23.355785216,68.7,nan,10.45716992,nan,nan,31.0,0.0,32,nan
2.90127717256546,44.42446043165468,23.561109504,68.7,nan,10.45716992,nan,nan,30.0,0.0,32,nan
2.917948428789775,47.48201438848921,23.97175808,68.7,nan,10.45716992,nan,nan,32.0,0.0,32,nan
2.9346290389696756,46.58273381294964,23.97175808,68.7,nan,10.45716992,nan,nan,31.0,0.0,32,nan
2.9513012488683064,46.58273381294964,24.177082368,68.7,nan,10.45716992,nan,nan,31.0,0.0,32,nan
2.967976967493693,48.02158273381295,24.43378688,68.7,nan,10.45716992,nan,nan,32.0,0.0,32,nan
2.9846519430478415,46.58273381294964,24.43378688,68.7,nan,10.45716992,nan,nan,31.0,0.0,32,nan
3.001327713330587,45.32374100719424,24.43378688,68.7,nan,10.511695872,nan,nan,30.0,0.0,32,nan
3.0180008093516033,49.64028776978417,24.844435456,68.7,nan,10.511695872,nan,nan,32.0,0.0,32,nan
3.034679969151815,48.201438848920866,24.844435456,68.7,nan,10.52008448,nan,nan,31.0,0.0,32,nan
3.0513606468836465,49.280575539568346,24.844435456,68.7,nan,10.52008448,nan,nan,32.0,0.0,32,nan
3.068035328388214,47.48201438848921,24.844435456,68.7,nan,10.522181632,nan,nan,31.0,0.0,32,nan
3.084713304042816,49.10071942446043,25.255084032,68.7,nan,10.522181632,nan,nan,32.0,0.0,32,nan
3.1013926029205323,49.280575539568346,25.255084032,68.7,nan,10.524278784,nan,nan,32.0,0.0,32,nan
3.118069219589233,48.02158273381295,25.255084032,68.7,nan,10.610270208,nan,nan,30.0,0.0,32,nan
3.134743650754293,48.381294964028775,25.46040832,68.7,nan,10.64382464,nan,nan,31.0,0.0,32,nan
3.1514170289039614,49.82014388489209,25.665732608,68.7,nan,10.64382464,nan,nan,32.0,0.0,32,nan
3.168085559209188,50.0,25.665732608,68.7,nan,10.64382464,nan,nan,32.0,0.0,32,nan
3.184757125377655,50.35971223021583,25.665732608,68.7,nan,10.64382464,nan,nan,32.0,0.0,32,nan
3.2014317989349363,48.02158273381295,25.665732608,68.7,nan,10.650116096,nan,nan,30.0,0.0,32,nan
3.2181033651034037,50.53956834532374,25.871056896,68.7,nan,10.650116096,nan,nan,32.0,0.0,32,nan
3.234780402978261,49.280575539568346,25.871056896,68.7,nan,10.650116096,nan,nan,31.0,0.0,32,nan
3.251455024878184,50.719424460431654,26.076381184,68.7,nan,10.650116096,nan,nan,32.0,0.0,32,nan
3.268127731482188,50.899280575539564,26.076381184,68.7,nan,10.650116096,nan,nan,32.0,0.0,32,nan
3.2848000645637514,49.82014388489209,26.076381184,68.7,nan,10.696265728,nan,nan,31.0,0.0,32,nan
3.3014710386594137,49.280575539568346,26.076381184,68.7,nan,10.717237248,nan,nan,30.0,0.0,32,nan
3.31814413468043,50.719424460431654,26.281705472,68.7,nan,10.7193344,nan,nan,32.0,0.0,32,nan
3.334816646575928,50.719424460431654,26.281705472,68.7,nan,10.7193344,nan,nan,32.0,0.0,32,nan
3.351486913363139,51.07913669064747,26.281705472,68.7,nan,10.7193344,nan,nan,32.0,0.0,32,nan
3.368159357706706,51.618705035971225,26.281705472,68.7,nan,10.721431552,nan,nan,32.0,0.0,32,nan
3.384830407301585,49.280575539568346,26.281705472,68.7,nan,10.727927808,nan,nan,31.0,0.0,32,nan
3.4015047828356426,47.48201438848921,26.281705472,68.7,nan,10.813915136,nan,nan,30.0,0.0,32,nan
3.4181800564130147,41.36690647482014,26.281705472,68.7,nan,10.845372416,nan,nan,26.0,0.0,32,nan
3.4348511695861816,47.30215827338129,26.48702976,68.7,nan,10.860208128,nan,nan,30.0,0.0,32,nan
3.451520840326945,48.02158273381295,26.692354048,68.7,nan,10.862309376,nan,nan,30.0,0.0,32,nan
3.4681899785995483,48.92086330935251,26.692354048,68.7,nan,10.862309376,nan,nan,31.0,0.0,32,nan
3.4848613659540812,45.32374100719424,26.692354048,68.7,nan,10.86650368,nan,nan,29.0,0.0,32,nan
3.5015328327814736,49.10071942446043,26.692354048,68.7,nan,10.900058112,nan,nan,31.0,0.0,32,nan
3.5182041764259337,49.10071942446043,26.692354048,68.7,nan,10.900058112,nan,nan,30.0,0.0,32,nan
3.534874431292216,49.280575539568346,26.897678336,68.7,nan,10.622930944,nan,nan,31.0,0.0,32,nan
3.5515463749567666,50.0,27.103002624,68.7,nan,10.662842368,nan,nan,32.0,0.0,32,nan
3.5682154456774393,50.17985611510791,27.103002624,68.7,nan,10.662842368,nan,nan,32.0,0.0,32,nan
3.58488529920578,50.35971223021583,27.103002624,68.7,nan,10.662842368,nan,nan,32.0,0.0,32,nan
3.601559507846832,50.899280575539564,27.103002624,68.7,nan,10.671230976,nan,nan,31.0,0.0,32,nan
3.6182343284289042,47.66187050359713,27.103002624,68.7,nan,10.740436992,nan,nan,30.0,0.0,32,nan
3.6349085768063865,42.805755395683455,27.103002624,68.7,nan,10.771894272,nan,nan,27.0,0.0,32,nan
3.6515793879826863,48.7410071942446,27.5136512,68.7,nan,10.77612544,nan,nan,31.0,0.0,32,nan
3.668252694606781,49.82014388489209,27.5136512,68.7,nan,10.815971328,nan,nan,31.0,0.0,32,nan
3.68492857615153,47.66187050359713,27.5136512,68.7,nan,10.836987904,nan,nan,30.0,0.0,32,nan
3.701602868239085,51.07913669064747,27.5136512,68.7,nan,10.868445184,nan,nan,32.0,0.0,32,nan
3.718276067574819,51.07913669064747,27.5136512,68.7,nan,10.868445184,nan,nan,32.0,0.0,32,nan
3.7349488774935407,50.17985611510791,27.5136512,68.7,nan,10.916888576,nan,nan,31.0,0.0,32,nan
3.7516270716985067,49.10071942446043,27.5136512,68.7,nan,10.935762944,nan,nan,30.0,0.0,32,nan
3.76830024321874,49.82014388489209,27.924299776,68.7,nan,10.935762944,nan,nan,31.0,0.0,32,nan
3.7849756598472597,49.82014388489209,27.924299776,68.7,nan,10.935762944,nan,nan,31.0,0.0,32,nan
3.8016481518745424,51.438848920863315,27.924299776,68.7,nan,10.935762944,nan,nan,32.0,0.0,32,nan
3.8183239459991456,50.0,28.129624064,68.7,nan,10.935762944,nan,nan,31.0,0.0,32,nan
3.834998071193695,47.84172661870504,28.129624064,68.7,nan,10.937860096,nan,nan,29.0,0.0,32,nan
3.851669951279958,49.82014388489209,28.129624064,68.7,nan,10.939957248,nan,nan,31.0,0.0,32,nan
3.8683399319648744,51.25899280575539,28.334948352,68.7,nan,10.942058496,nan,nan,32.0,0.0,32,nan
3.88500927289327,50.17985611510791,28.334948352,68.7,nan,10.942058496,nan,nan,31.0,0.0,32,nan
3.9016834139823913,52.338129496402885,28.745596928,68.7,nan,10.942058496,nan,nan,32.0,0.0,32,nan
3.918352250258128,51.798561151079134,28.745596928,68.7,nan,10.942058496,nan,nan,32.0,0.0,32,nan
3.9350283900896708,50.17985611510791,28.745596928,68.7,nan,10.96722432,nan,nan,31.0,0.0,32,nan
3.951698593298594,46.043165467625904,28.950921216,68.7,nan,10.969321472,nan,nan,29.0,0.0,32,nan
3.968371633688609,49.280575539568346,28.950921216,68.7,nan,10.988199936,nan,nan,30.0,0.0,32,nan
3.9850425243377687,51.97841726618705,28.950921216,68.7,nan,10.988199936,nan,nan,32.0,0.0,32,nan
4.001711495717367,50.53956834532374,28.950921216,68.7,nan,10.988199936,nan,nan,31.0,0.0,32,nan
4.018382879098256,50.0,28.950921216,68.7,nan,10.988199936,nan,nan,31.0,0.0,32,nan
4.035058033466339,50.719424460431654,29.156245504,68.7,nan,10.988199936,nan,nan,31.0,0.0,32,nan
4.051728669802348,50.899280575539564,29.156245504,68.7,nan,10.988199936,nan,nan,31.0,0.0,32,nan
4.068400490283966,49.82014388489209,29.156245504,68.7,nan,10.99239424,nan,nan,30.0,0.0,32,nan
4.0850756645202635,51.97841726618705,29.361569792,68.7,nan,11.015462912,nan,nan,31.0,0.0,32,nan
4.1017500003178915,52.15827338129496,29.361569792,68.7,nan,11.017560064,nan,nan,31.0,0.0,32,nan
4.118426549434662,50.17985611510791,29.361569792,68.7,nan,11.017560064,nan,nan,30.0,0.0,32,nan
4.135101075967153,51.618705035971225,29.361569792,68.7,nan,11.017560064,nan,nan,31.0,0.0,32,nan
4.1517755349477135,51.97841726618705,29.361569792,68.7,nan,11.017560064,nan,nan,31.0,0.0,32,nan
4.168447760740916,53.776978417266186,29.361569792,68.7,nan,11.017560064,nan,nan,31.0,0.0,32,nan
4.185116839408875,51.438848920863315,29.772218368,68.7,nan,11.082776576,nan,nan,30.0,0.0,32,nan
4.20179503361384,52.15827338129496,29.772218368,68.7,nan,11.124719616,nan,nan,30.0,1.0,32,nan
4.218464867273966,54.13669064748201,29.772218368,68.7,nan,11.124719616,nan,nan,32.0,0.0,32,nan
4.235136993726095,50.53956834532374,29.772218368,68.7,nan,11.126816768,nan,nan,30.0,0.0,32,nan
4.25180801153183,54.49640287769783,30.234247168,68.7,nan,11.126816768,nan,nan,32.0,0.0,32,nan
4.2684783101081845,54.49640287769783,30.234247168,68.7,nan,11.126816768,nan,nan,32.0,0.0,32,nan
4.285151501496633,50.53956834532374,30.234247168,68.7,nan,11.126816768,nan,nan,29.0,0.0,32,nan
4.301820743083954,54.49640287769783,30.234247168,68.7,nan,11.126816768,nan,nan,32.0,0.0,32,nan
4.318490870793661,52.338129496402885,30.439571456,68.7,nan,11.126816768,nan,nan,31.0,0.0,32,nan
4.3351621389389035,54.85611510791366,30.644895744,68.7,nan,11.126816768,nan,nan,32.0,0.0,32,nan
4.351836311817169,54.85611510791366,30.644895744,68.7,nan,11.126816768,nan,nan,32.0,0.0,32,nan
4.368508791923523,53.05755395683454,30.644895744,68.7,nan,11.126816768,nan,nan,30.0,0.0,32,nan
4.385178073247274,53.05755395683454,30.644895744,68.7,nan,11.126816768,nan,nan,31.0,0.0,32,nan
4.401848526795705,54.49640287769783,30.644895744,68.7,nan,11.135205376,nan,nan,31.0,0.0,32,nan
4.418522055943807,52.87769784172662,30.850220032,68.7,nan,11.135205376,nan,nan,31.0,0.0,32,nan
4.435193586349487,50.17985611510791,30.850220032,68.7,nan,11.164565504,nan,nan,29.0,0.0,32,nan
4.451868494351705,51.618705035971225,31.05554432,68.7,nan,11.177148416,nan,nan,30.0,0.0,32,nan
4.4685419996579485,53.41726618705036,31.05554432,68.7,nan,11.177148416,nan,nan,31.0,0.0,32,nan
4.4852152347564695,53.597122302158276,31.05554432,68.7,nan,11.179245568,nan,nan,31.0,0.0,32,nan
4.501887929439545,51.798561151079134,31.05554432,68.7,nan,11.179245568,nan,nan,30.0,0.0,32,nan
4.518558704853058,51.97841726618705,31.260868608,68.7,nan,11.179245568,nan,nan,30.0,0.0,32,nan
4.535230882962545,52.69784172661871,31.260868608,68.7,nan,11.214897152,nan,nan,30.0,0.0,32,nan
4.551900426546733,53.776978417266186,31.466192896,68.7,nan,11.214897152,nan,nan,31.0,0.0,32,nan
4.568569779396057,53.956834532374096,31.466192896,68.7,nan,11.22328576,nan,nan,31.0,0.0,32,nan
4.585245470205943,52.338129496402885,31.722897408,68.7,nan,11.284103168,nan,nan,30.0,0.0,32,nan
4.6019150892893474,55.03597122302158,31.722897408,68.7,nan,11.288297472,nan,nan,31.0,0.0,32,nan
4.618592762947083,54.67625899280575,31.722897408,68.7,nan,11.290394624,nan,nan,31.0,0.0,32,nan
4.635267027219137,53.41726618705036,31.722897408,68.7,nan,11.292491776,nan,nan,30.0,0.0,32,nan
4.651943763097127,54.67625899280575,31.928221696,68.7,nan,11.294588928,nan,nan,31.0,0.0,32,nan
4.668617884318034,52.69784172661871,31.928221696,68.7,nan,11.294588928,nan,nan,30.0,0.0,32,nan
4.685293614864349,52.87769784172662,31.928221696,68.7,nan,11.29668608,nan,nan,30.0,0.0,32,nan
4.701966031392415,54.67625899280575,32.133545984,68.7,nan,11.29668608,nan,nan,31.0,0.0,32,nan
4.718638638655345,53.23741007194245,32.133545984,68.7,nan,11.29668608,nan,nan,30.0,0.0,32,nan
4.735310896237691,53.23741007194245,32.133545984,68.7,nan,11.300880384,nan,nan,30.0,0.0,32,nan
4.751983205477397,51.25899280575539,32.133545984,68.7,nan,11.302977536,nan,nan,29.0,0.0,32,nan
4.768658165136973,56.4748201438849,32.338870272,68.7,nan,11.302977536,nan,nan,32.0,0.0,32,nan
4.785329496860504,56.4748201438849,32.54419456,68.7,nan,11.302977536,nan,nan,32.0,0.0,32,nan
4.802000784873963,55.2158273381295,32.54419456,68.7,nan,11.302977536,nan,nan,31.0,0.0,32,nan
4.818675454457601,56.83453237410072,32.749518848,68.7,nan,11.302977536,nan,nan,32.0,0.0,32,nan
4.835346925258636,57.55395683453237,32.749518848,68.7,nan,11.302977536,nan,nan,32.0,0.0,32,nan
4.852017823855082,57.194244604316545,32.954843136,68.7,nan,11.302977536,nan,nan,32.0,0.0,32,nan
4.868692282835642,57.55395683453237,32.954843136,68.7,nan,11.302977536,nan,nan,32.0,0.0,32,nan
4.885364623864492,57.73381294964028,32.954843136,68.7,nan,11.302977536,nan,nan,32.0,0.0,32,nan
4.902035570144653,57.73381294964028,33.160167424,68.7,nan,11.302977536,nan,nan,32.0,0.0,32,nan
4.918707784016927,56.4748201438849,33.365491712,68.7,nan,11.324362752,nan,nan,31.0,0.0,32,nan
4.935380546251933,57.9136690647482,33.570816,68.7,nan,11.328561152,nan,nan,32.0,0.0,32,nan
4.952052056789398,56.11510791366907,33.570816,68.7,nan,11.328561152,nan,nan,31.0,0.0,32,nan
4.9687254707018536,56.4748201438849,33.570816,68.7,nan,11.328561152,nan,nan,31.0,0.0,32,nan
4.985398626327514,57.73381294964028,33.776140288,68.7,nan,11.328561152,nan,nan,31.0,1.0,32,nan
5.0020692904790245,54.67625899280575,33.981464576,68.7,nan,11.328561152,nan,nan,30.0,0.0,32,nan
5.01874342362086,56.83453237410072,34.186788864,68.7,nan,11.39986432,nan,nan,31.0,0.0,32,nan
5.035418295860291,56.4748201438849,34.186788864,68.7,nan,11.39986432,nan,nan,31.0,0.0,32,nan
5.0520926793416345,56.29496402877698,34.392113152,68.7,nan,11.39986432,nan,nan,31.0,0.0,32,nan
5.068764412403107,58.273381294964025,34.59743744,68.7,nan,11.39986432,nan,nan,32.0,0.0,32,nan
5.085438346862793,56.29496402877698,34.59743744,68.7,nan,11.43552,nan,nan,31.0,0.0,32,nan
5.102108526229858,56.11510791366907,35.008086016,68.7,nan,11.978682368,nan,nan,31.0,0.0,32,nan
5.118781721591949,54.85611510791366,35.008086016,68.7,nan,12.008042496,nan,nan,30.0,0.0,32,nan
5.135454877217611,58.81294964028777,35.008086016,68.7,nan,12.008042496,nan,nan,32.0,0.0,32,nan
5.152127559979757,56.83453237410072,35.008086016,68.7,nan,12.008042496,nan,nan,31.0,0.0,32,nan
5.168800373872121,58.992805755395686,35.213410304,68.7,nan,12.008042496,nan,nan,32.0,0.0,32,nan
5.18547594944636,59.172661870503596,35.213410304,68.7,nan,12.008042496,nan,nan,32.0,0.0,32,nan
5.20214624007543,57.73381294964028,35.213410304,68.7,nan,12.047888384,nan,nan,31.0,0.0,32,nan
5.21881939570109,57.73381294964028,35.213410304,68.7,nan,12.060471296,nan,nan,31.0,0.0,32,nan
5.235491172472636,59.352517985611506,35.213410304,68.7,nan,12.060471296,nan,nan,32.0,0.0,32,nan
5.252163930733999,57.55395683453237,35.213410304,68.7,nan,12.060471296,nan,nan,31.0,0.0,32,nan
5.268834539254507,52.87769784172662,35.213410304,68.7,nan,12.060471296,nan,nan,28.0,0.0,32,nan
5.285511608918508,54.67625899280575,35.418734592,68.7,nan,12.068859904,nan,nan,29.0,0.0,32,nan
5.3021867593129475,57.73381294964028,35.62405888,68.7,nan,11.882196992,nan,nan,31.0,0.0,32,nan
5.318858782450358,54.85611510791366,35.62405888,68.7,nan,11.882196992,nan,nan,30.0,0.0,32,nan
5.335536932945251,58.81294964028777,35.829383168,68.7,nan,11.882196992,nan,nan,32.0,0.0,32,nan
5.352210660775502,58.81294964028777,35.829383168,68.7,nan,11.882196992,nan,nan,32.0,0.0,32,nan
5.368884289264679,57.014388489208635,35.829383168,68.7,nan,11.896877056,nan,nan,31.0,0.0,32,nan
5.3855606834093726,58.81294964028777,35.829383168,68.7,nan,11.898974208,nan,nan,32.0,0.0,32,nan
5.4022341887156164,58.09352517985611,35.829383168,68.7,nan,11.919949824,nan,nan,31.0,0.0,32,nan
5.418910451730093,56.65467625899281,35.829383168,68.7,nan,11.922046976,nan,nan,31.0,0.0,32,nan
5.435585002104442,59.172661870503596,35.829383168,68.7,nan,11.922046976,nan,nan,32.0,0.0,32,nan
5.452261829376221,59.53237410071943,35.829383168,68.7,nan,11.922046976,nan,nan,32.0,0.0,32,nan
5.468936109542847,59.53237410071943,35.829383168,68.7,nan,11.934629888,nan,nan,32.0,0.0,32,nan
5.485610385735829,59.352517985611506,35.829383168,68.7,nan,11.934629888,nan,nan,32.0,0.0,32,nan
5.502285238107046,58.81294964028777,35.829383168,68.7,nan,11.934629888,nan,nan,31.0,0.0,32,nan
5.518961997826894,56.29496402877698,36.034707456,68.7,nan,11.934629888,nan,nan,30.0,0.0,32,nan
5.535635344187418,60.07194244604317,36.034707456,68.7,nan,11.934629888,nan,nan,32.0,0.0,32,nan
5.552311849594116,60.07194244604317,36.034707456,68.7,nan,11.934629888,nan,nan,32.0,0.0,32,nan
5.568984087308248,58.453237410071935,36.240031744,68.7,nan,11.934629888,nan,nan,30.0,0.0,32,nan
5.585662845770518,58.453237410071935,36.445356032,68.7,nan,11.934629888,nan,nan,31.0,0.0,32,nan
5.602334682146708,56.83453237410072,36.445356032,68.7,nan,11.934629888,nan,nan,30.0,0.0,32,nan
5.6190117200215655,60.251798561151084,36.445356032,68.7,nan,11.934629888,nan,nan,32.0,0.0,32,nan
5.635684776306152,61.15107913669065,36.445356032,68.7,nan,11.949309952,nan,nan,32.0,0.0,32,nan
5.652361460526785,58.63309352517986,36.65068032,68.7,nan,11.949309952,nan,nan,31.0,0.0,32,nan
5.669035196304321,58.63309352517986,36.65068032,68.7,nan,11.949309952,nan,nan,31.0,0.0,32,nan
5.685708439350128,60.251798561151084,36.65068032,68.7,nan,11.949309952,nan,nan,32.0,0.0,32,nan
5.70238131682078,60.431654676258994,36.65068032,68.7,nan,11.949309952,nan,nan,32.0,0.0,32,nan
5.719053745269775,60.79136690647482,36.65068032,68.7,nan,11.949309952,nan,nan,32.0,0.0,32,nan
5.735725955168406,57.37410071942446,36.65068032,68.7,nan,11.949309952,nan,nan,30.0,0.0,32,nan
5.752400390307108,58.09352517985611,36.65068032,68.7,nan,12.161122304,nan,nan,30.0,0.0,32,nan
5.769077901045481,60.07194244604317,37.061328896,68.7,nan,12.27855872,nan,nan,31.0,0.0,32,nan
5.7857505242029825,58.09352517985611,37.266653184,68.7,nan,12.280655872,nan,nan,30.0,0.0,32,nan
5.802425765991211,57.55395683453237,37.471977472,68.7,nan,12.337278976,nan,nan,30.0,0.0,32,nan
5.8190979282061255,59.89208633093526,37.471977472,68.7,nan,12.345667584,nan,nan,31.0,0.0,32,nan
5.835771584510804,57.73381294964028,37.471977472,68.7,nan,12.35195904,nan,nan,30.0,0.0,32,nan
5.852446138858795,59.352517985611506,37.471977472,68.7,nan,12.395999232,nan,nan,31.0,0.0,32,nan
5.869120077292124,57.194244604316545,37.471977472,68.7,nan,12.43584512,nan,nan,30.0,0.0,32,nan
5.885792426268259,54.31654676258992,37.67730176,68.7,nan,12.465205248,nan,nan,28.0,0.0,32,nan
5.902465160687765,54.13669064748201,37.882626048,68.7,nan,12.532473856,nan,nan,28.0,0.0,32,nan
5.919145735104879,59.352517985611506,37.882626048,68.7,nan,12.563922944,nan,nan,30.0,0.0,32,nan
5.935820237795512,55.93525179856116,38.087950336,68.7,nan,12.566020096,nan,nan,29.0,0.0,32,nan
5.9524955232938135,60.431654676258994,38.498598912,68.7,nan,12.566020096,nan,nan,31.0,0.0,32,nan
5.969166715939839,58.63309352517986,38.498598912,68.7,nan,12.574408704,nan,nan,30.0,0.0,32,nan
5.985846273104349,55.39568345323741,38.498598912,68.7,nan,12.645711872,nan,nan,29.0,0.0,32,nan
6.002519285678863,59.352517985611506,38.498598912,68.7,nan,12.649906176,nan,nan,30.0,0.0,32,nan
6.019193967183431,54.85611510791366,38.7039232,68.7,nan,12.666683392,nan,nan,28.0,0.0,32,nan
6.035864349206289,55.57553956834532,38.909247488,68.7,nan,12.133998592,nan,nan,28.0,0.0,32,nan
6.052537457148234,61.51079136690647,39.114571776,68.7,nan,12.375015424,nan,nan,31.0,1.0,32,nan
6.069209869702657,62.050359712230204,39.114571776,68.7,nan,12.375015424,nan,nan,32.0,0.0,32,nan
6.085881992181142,62.76978417266187,39.114571776,68.7,nan,12.375015424,nan,nan,32.0,0.0,32,nan
6.102559534708659,58.453237410071935,39.114571776,68.7,nan,12.379209728,nan,nan,30.0,0.0,32,nan
6.119231561819713,58.09352517985611,39.319896064,68.7,nan,12.446326784,nan,nan,30.0,0.0,32,nan
6.1359043637911475,54.49640287769783,39.319896064,68.7,nan,12.507144192,nan,nan,28.0,0.0,32,nan
6.152578707536062,60.79136690647482,39.319896064,68.7,nan,12.517634048,nan,nan,31.0,0.0,32,nan
6.169250237941742,57.37410071942446,39.319896064,68.7,nan,12.559589376,nan,nan,28.0,1.0,32,nan
6.185923870404562,60.431654676258994,39.525220352,68.7,nan,12.567977984,nan,nan,31.0,0.0,32,nan
6.202595082918803,60.431654676258994,39.525220352,68.7,nan,12.567977984,nan,nan,31.0,0.0,32,nan
6.219268600145976,55.75539568345324,39.525220352,68.7,nan,12.77349888,nan,nan,27.0,0.0,32,nan
6.235941596825918,57.37410071942446,39.73054464,68.7,nan,13.171986432,nan,nan,29.0,0.0,32,nan
6.252614823977153,59.172661870503596,40.141193216,68.7,nan,13.184569344,nan,nan,30.0,0.0,32,nan
6.269295171896617,55.03597122302158,40.141193216,68.7,nan,13.20136704,nan,nan,27.0,0.0,32,nan
6.285967759291331,58.992805755395686,40.141193216,68.7,nan,13.218144256,nan,nan,30.0,0.0,32,nan
6.302643060684204,53.41726618705036,40.141193216,68.7,nan,13.234921472,nan,nan,28.0,0.0,32,nan
6.319316037495931,56.29496402877698,40.346517504,68.7,nan,13.241217024,nan,nan,28.0,0.0,32,nan
6.33598841826121,58.81294964028777,40.551841792,68.7,nan,13.241217024,nan,nan,30.0,0.0,32,nan
6.352661867936452,60.97122302158273,40.551841792,68.7,nan,13.241217024,nan,nan,31.0,0.0,32,nan
6.369333934783936,58.81294964028777,40.551841792,68.7,nan,13.241217024,nan,nan,30.0,0.0,32,nan
6.386008830865224,59.352517985611506,40.551841792,68.7,nan,13.241217024,nan,nan,30.0,0.0,32,nan
6.402681787808736,60.79136690647482,40.551841792,68.7,nan,13.243314176,nan,nan,31.0,0.0,32,nan
6.4193615754445394,56.4748201438849,40.551841792,68.7,nan,13.243314176,nan,nan,29.0,0.0,32,nan
6.436034242312114,58.63309352517986,40.551841792,68.7,nan,13.274771456,nan,nan,30.0,0.0,32,nan
6.452709813912709,61.51079136690647,40.551841792,68.7,nan,13.274771456,nan,nan,31.0,0.0,32,nan
6.46938206354777,60.79136690647482,40.75716608,68.7,nan,13.285257216,nan,nan,31.0,0.0,32,nan
6.486062709490458,62.050359712230204,40.962490368,68.7,nan,13.302034432,nan,nan,31.0,0.0,32,nan
6.502735388278961,58.81294964028777,40.962490368,68.7,nan,13.312520192,nan,nan,30.0,0.0,32,nan
6.519410435358683,64.02877697841727,40.962490368,68.7,nan,13.364948992,nan,nan,32.0,0.0,32,nan
6.536085057258606,59.53237410071943,41.167814656,68.7,nan,13.364948992,nan,nan,30.0,0.0,32,nan
6.552760851383209,62.050359712230204,41.373138944,68.7,nan,13.364948992,nan,nan,31.0,0.0,32,nan
6.569436057408651,57.55395683453237,41.578463232,68.7,nan,13.385920512,nan,nan,28.0,0.0,32,nan
6.586114903291066,54.49640287769783,41.578463232,68.7,nan,13.614514176,nan,nan,27.0,0.0,32,nan
6.602794138590495,58.63309352517986,41.78378752,68.7,nan,13.669040128,nan,nan,29.0,0.0,32,nan
6.619468871752421,61.690647482014384,41.989111808,68.7,nan,13.669040128,nan,nan,30.0,0.0,32,nan
6.636144550641378,61.15107913669065,41.989111808,68.7,nan,13.669040128,nan,nan,30.0,0.0,32,nan
6.652819363276164,62.76978417266187,41.989111808,68.7,nan,13.702602752,nan,nan,30.0,0.0,32,nan
6.6694945653279625,60.07194244604317,41.989111808,68.7,nan,13.729865728,nan,nan,29.0,0.0,32,nan
6.6861692547798155,60.07194244604317,41.989111808,68.7,nan,13.750837248,nan,nan,29.0,0.0,32,nan
6.702840363979339,59.71223021582735,42.194436096,68.7,nan,13.750837248,nan,nan,29.0,0.0,32,nan
6.719513583183288,58.453237410071935,42.194436096,68.7,nan,13.757128704,nan,nan,28.0,0.0,32,nan
6.7361861824989315,59.89208633093526,42.194436096,68.7,nan,13.757128704,nan,nan,28.0,1.0,32,nan
6.752858769893646,59.352517985611506,42.605084672,68.7,nan,13.757128704,nan,nan,29.0,0.0,32,nan
6.769530248641968,57.73381294964028,42.605084672,68.7,nan,13.757128704,nan,nan,28.0,0.0,32,nan
6.786202204227448,60.251798561151084,42.605084672,68.7,nan,13.767614464,nan,nan,30.0,0.0,32,nan
6.8028783917427065,58.63309352517986,42.605084672,68.7,nan,13.769711616,nan,nan,28.0,0.0,32,nan
6.819550943374634,60.07194244604317,42.605084672,68.7,nan,13.769711616,nan,nan,30.0,0.0,32,nan
6.836224325497946,58.63309352517986,42.605084672,68.7,nan,13.769711616,nan,nan,29.0,0.0,32,nan
6.8528968016306555,58.273381294964025,42.81040896,68.7,nan,13.771808768,nan,nan,29.0,0.0,32,nan
6.869567529360453,58.81294964028777,43.015733248,68.7,nan,12.716654592,nan,nan,29.0,0.0,32,nan
6.886242763201396,61.51079136690647,43.221057536,68.7,nan,12.922253312,nan,nan,30.0,1.0,32,nan
6.902916093667348,62.23021582733813,43.221057536,68.7,nan,12.957904896,nan,nan,31.0,0.0,32,nan
6.919588470458985,64.38848920863309,43.426381824,68.7,nan,12.957904896,nan,nan,32.0,0.0,32,nan
6.936260513464609,63.84892086330935,43.426381824,68.7,nan,12.957904896,nan,nan,32.0,0.0,32,nan
6.9529328028361,61.870503597122294,43.426381824,68.7,nan,12.957904896,nan,nan,31.0,0.0,32,nan
6.969605080286661,65.28776978417265,43.426381824,68.7,nan,12.957904896,nan,nan,32.0,0.0,32,nan
6.986277425289154,64.74820143884892,43.426381824,68.7,nan,12.957904896,nan,nan,32.0,0.0,32,nan
7.002950151761373,64.38848920863309,43.426381824,68.7,nan,12.978876416,nan,nan,31.0,0.0,32,nan
7.019626724720001,60.431654676258994,43.426381824,68.7,nan,12.978876416,nan,nan,30.0,0.0,32,nan
7.036297078927358,64.38848920863309,43.426381824,68.7,nan,12.978876416,nan,nan,32.0,0.0,32,nan
7.052970131238301,62.76978417266187,43.426381824,68.7,nan,12.978876416,nan,nan,31.0,0.0,32,nan
7.069642794132233,57.73381294964028,43.426381824,68.7,nan,12.978876416,nan,nan,29.0,0.0,32,nan
7.086315302054087,62.410071942446045,43.426381824,68.7,nan,12.978876416,nan,nan,31.0,0.0,32,nan
7.102987440427144,66.36690647482014,43.426381824,68.7,nan,13.001998336,nan,nan,32.0,0.0,32,nan
7.119660210609436,65.10791366906474,43.8370304,68.7,nan,13.001998336,nan,nan,32.0,0.0,32,nan
7.136332734425863,63.48920863309353,43.8370304,68.7,nan,13.001998336,nan,nan,31.0,0.0,32,nan
7.153005063533783,65.28776978417265,44.042354688,68.7,nan,13.001998336,nan,nan,31.0,0.0,32,nan
7.169677086671194,62.23021582733813,44.042354688,68.7,nan,13.001998336,nan,nan,30.0,0.0,32,nan
7.186351215839386,63.66906474820144,44.042354688,68.7,nan,13.001998336,nan,nan,31.0,0.0,32,nan
7.203029159704844,59.71223021582735,44.042354688,68.7,nan,13.001998336,nan,nan,29.0,0.0,32,nan
7.219699629147848,61.51079136690647,44.247678976,68.7,nan,13.001998336,nan,nan,30.0,0.0,32,nan
7.236369502544403,64.02877697841727,44.247678976,68.7,nan,13.001998336,nan,nan,31.0,0.0,32,nan
7.253045729796091,64.20863309352518,44.247678976,68.7,nan,13.001998336,nan,nan,31.0,0.0,32,nan
7.26971621910731,64.20863309352518,44.247678976,68.7,nan,13.001998336,nan,nan,31.0,0.0,32,nan
7.286395438512167,61.690647482014384,44.247678976,68.7,nan,13.001998336,nan,nan,30.0,0.0,32,nan
7.303069929281871,64.38848920863309,44.247678976,68.7,nan,13.001998336,nan,nan,30.0,0.0,32,nan
7.319744900862376,64.74820143884892,44.453003264,68.7,nan,13.001998336,nan,nan,31.0,0.0,32,nan
7.336416606108347,64.74820143884892,44.453003264,68.7,nan,13.001998336,nan,nan,31.0,0.0,32,nan
7.353087929884593,62.23021582733813,44.453003264,68.7,nan,13.001998336,nan,nan,30.0,0.0,32,nan
7.36975797812144,64.568345323741,44.453003264,68.7,nan,13.001998336,nan,nan,30.0,0.0,32,nan
7.386432619889577,58.63309352517986,44.453003264,68.7,nan,13.043941376,nan,nan,28.0,0.0,32,nan
7.403101865450541,61.870503597122294,44.658327552,68.7,nan,13.04813568,nan,nan,29.0,1.0,32,nan
7.419774250189463,62.410071942446045,45.120356352,68.7,nan,13.04813568,nan,nan,30.0,0.0,32,nan
7.436448474725087,62.050359712230204,45.120356352,68.7,nan,13.04813568,nan,nan,30.0,0.0,32,nan
7.453121407826742,62.23021582733813,45.120356352,68.7,nan,13.075398656,nan,nan,30.0,0.0,32,nan
7.469796963532766,66.90647482014388,45.32568064,68.7,nan,13.075398656,nan,nan,32.0,0.0,32,nan
7.486468927065531,66.90647482014388,45.32568064,68.7,nan,13.075398656,nan,nan,32.0,0.0,32,nan
7.503142901261648,64.92805755395683,45.32568064,68.7,nan,13.075398656,nan,nan,31.0,0.0,32,nan
7.519815870126089,60.431654676258994,45.32568064,68.7,nan,13.104758784,nan,nan,29.0,0.0,32,nan
7.536484817663829,64.20863309352518,45.531004928,68.7,nan,13.104758784,nan,nan,31.0,0.0,32,nan
7.553163667519887,65.82733812949641,45.736329216,68.7,nan,13.104758784,nan,nan,32.0,0.0,32,nan
7.569833095868429,64.02877697841727,45.736329216,68.7,nan,13.104758784,nan,nan,31.0,0.0,32,nan
7.586510475476583,66.00719424460432,45.736329216,68.7,nan,13.104758784,nan,nan,32.0,0.0,32,nan
7.603183114528656,63.66906474820144,45.941653504,68.7,nan,13.104758784,nan,nan,31.0,0.0,32,nan
7.619862361749013,63.84892086330935,45.941653504,68.7,nan,13.104758784,nan,nan,30.0,0.0,32,nan
7.636534833908081,66.54676258992806,46.146977792,68.7,nan,13.104758784,nan,nan,32.0,0.0,32,nan
7.6532121181488035,63.66906474820144,46.146977792,68.7,nan,13.104758784,nan,nan,30.0,0.0,32,nan
7.669884864489237,64.20863309352518,46.557626368,68.7,nan,13.104758784,nan,nan,31.0,0.0,32,nan
7.686553752422332,64.20863309352518,46.557626368,68.7,nan,13.104758784,nan,nan,31.0,0.0,32,nan
7.703225338459015,62.589928057553955,46.557626368,68.7,nan,13.106855936,nan,nan,30.0,0.0,32,nan
7.719897774855296,65.10791366906474,46.762950656,68.7,nan,13.11105024,nan,nan,31.0,0.0,32,nan
7.7365709344546,62.23021582733813,46.762950656,68.7,nan,13.113147392,nan,nan,30.0,0.0,32,nan
7.753243263562521,62.589928057553955,46.762950656,68.7,nan,13.19493632,nan,nan,30.0,0.0,32,nan
7.769915819168091,60.251798561151084,46.968274944,68.7,nan,13.19493632,nan,nan,29.0,0.0,32,nan
7.786587977409363,59.71223021582735,46.968274944,68.7,nan,13.19493632,nan,nan,29.0,0.0,32,nan
7.803260131676992,60.07194244604317,46.968274944,68.7,nan,12.716326912,nan,nan,29.0,0.0,32,nan
7.819932572046915,60.97122302158273,46.968274944,68.7,nan,12.747841536,nan,nan,30.0,0.0,32,nan
7.83660458723704,59.172661870503596,46.968274944,68.7,nan,12.764618752,nan,nan,29.0,0.0,32,nan
7.85327806075414,56.4748201438849,46.968274944,68.7,nan,12.561907712,nan,nan,28.0,0.0,32,nan
7.869950397809347,62.050359712230204,46.968274944,68.7,nan,12.561907712,nan,nan,31.0,0.0,32,nan
7.886625607808431,62.23021582733813,46.968274944,68.7,nan,12.561907712,nan,nan,31.0,0.0,32,nan
7.903300682703654,62.050359712230204,46.968274944,68.7,nan,11.920400384,nan,nan,31.0,0.0,32,nan
7.919979385534922,60.07194244604317,46.968274944,68.7,nan,11.933007872,nan,nan,31.0,0.0,32,nan
7.936651905377706,62.76978417266187,46.968274944,68.7,nan,11.933007872,nan,nan,32.0,0.0,32,nan
7.953327957789103,62.76978417266187,46.968274944,68.7,nan,11.933007872,nan,nan,32.0,0.0,32,nan
7.970000223318736,63.66906474820144,46.968274944,68.7,nan,11.985440768,nan,nan,32.0,0.0,32,nan
7.98667585849762,63.309352517985616,46.968274944,68.7,nan,12.010606592,nan,nan,31.0,0.0,32,nan
8.003352499008178,60.07194244604317,46.968274944,68.7,nan,12.048371712,nan,nan,30.0,0.0,32,nan
8.020029099782308,60.61151079136691,47.173599232,68.7,nan,12.048371712,nan,nan,29.0,0.0,32,nan
8.03670308192571,62.410071942446045,47.584247808,68.7,nan,12.048371712,nan,nan,31.0,0.0,32,nan
8.053377866744995,65.10791366906474,47.584247808,68.7,nan,12.058857472,nan,nan,32.0,0.0,32,nan
8.0700510541598,66.00719424460432,47.789572096,68.7,nan,12.058857472,nan,nan,32.0,0.0,32,nan
8.086720530192057,65.46762589928056,47.789572096,68.7,nan,12.058857472,nan,nan,32.0,0.0,32,nan
8.103394337495168,63.48920863309353,47.789572096,68.7,nan,12.058857472,nan,nan,31.0,0.0,32,nan
8.120069885253907,64.38848920863309,47.789572096,68.7,nan,12.058857472,nan,nan,31.0,0.0,32,nan
8.136746100584666,63.84892086330935,47.994896384,68.7,nan,12.058857472,nan,nan,31.0,0.0,32,nan
8.153419319788615,61.690647482014384,47.994896384,68.7,nan,12.058857472,nan,nan,29.0,0.0,32,nan
8.170093405246735,62.76978417266187,47.994896384,68.7,nan,12.058857472,nan,nan,30.0,1.0,32,nan
8.186765468120575,65.28776978417265,48.40554496,68.7,nan,12.058857472,nan,nan,32.0,0.0,32,nan
8.20343744357427,62.050359712230204,48.40554496,68.7,nan,12.082081792,nan,nan,30.0,0.0,32,nan
8.220110531648,65.46762589928056,48.40554496,68.7,nan,12.096761856,nan,nan,32.0,0.0,32,nan
8.236786222457885,60.97122302158273,48.40554496,68.7,nan,12.130316288,nan,nan,30.0,0.0,32,nan
8.253459211190542,65.46762589928056,48.610869248,68.7,nan,12.159676416,nan,nan,32.0,0.0,32,nan
8.270131889979044,63.309352517985616,48.610869248,68.7,nan,12.159676416,nan,nan,31.0,0.0,32,nan
8.2868044257164,62.050359712230204,48.816193536,68.7,nan,12.218396672,nan,nan,30.0,0.0,32,nan
8.303478733698528,60.251798561151084,48.816193536,68.7,nan,12.23727104,nan,nan,29.0,0.0,32,nan
8.32015327612559,61.51079136690647,49.021517824,68.7,nan,12.258238464,nan,nan,29.0,0.0,32,nan
8.33682473897934,59.352517985611506,49.021517824,68.7,nan,12.289695744,nan,nan,29.0,0.0,32,nan
8.353498721122742,61.51079136690647,49.021517824,68.7,nan,12.312764416,nan,nan,30.0,0.0,32,nan
8.370180094242096,59.172661870503596,49.226842112,68.7,nan,12.321153024,nan,nan,29.0,0.0,32,nan
8.386853380997975,61.690647482014384,49.226842112,68.7,nan,12.321153024,nan,nan,30.0,0.0,32,nan
8.403526667753855,58.453237410071935,49.4321664,68.7,nan,12.038017024,nan,nan,29.0,0.0,32,nan
8.420199302832286,62.410071942446045,49.637490688,68.7,nan,12.040114176,nan,nan,31.0,0.0,32,nan
8.436870380242665,61.870503597122294,49.637490688,68.7,nan,12.040114176,nan,nan,31.0,0.0,32,nan
8.453542562325795,62.050359712230204,49.637490688,68.7,nan,12.040114176,nan,nan,31.0,0.0,32,nan
8.470215916633606,62.050359712230204,49.637490688,68.7,nan,12.06528,nan,nan,31.0,0.0,32,nan
8.48689401547114,62.76978417266187,49.842814976,68.7,nan,12.067377152,nan,nan,31.0,0.0,32,nan
8.503565156459809,62.76978417266187,49.842814976,68.7,nan,12.069474304,nan,nan,31.0,0.0,32,nan
8.520238161087036,62.76978417266187,49.842814976,68.7,nan,12.069474304,nan,nan,31.0,0.0,32,nan
8.536910804112752,62.949640287769796,50.048139264,68.7,nan,12.075773952,nan,nan,30.0,0.0,32,nan
8.553586769104005,58.09352517985611,50.048139264,68.7,nan,12.41761792,nan,nan,29.0,0.0,32,nan
8.57025938431422,62.949640287769796,50.253463552,68.7,nan,12.446978048,nan,nan,31.0,0.0,32,nan
8.586932833989461,64.38848920863309,50.45878784,68.7,nan,12.446978048,nan,nan,32.0,0.0,32,nan
8.60361216465632,62.589928057553955,50.45878784,68.7,nan,12.446978048,nan,nan,31.0,0.0,32,nan
8.620285534858704,62.76978417266187,50.45878784,68.7,nan,12.446978048,nan,nan,31.0,0.0,32,nan
8.636959687868755,62.76978417266187,50.45878784,68.7,nan,12.446978048,nan,nan,31.0,0.0,32,nan
8.653632378578186,62.23021582733813,50.45878784,68.7,nan,12.446978048,nan,nan,30.0,0.0,32,nan
8.67030424674352,61.15107913669065,50.664112128,68.7,nan,12.446978048,nan,nan,30.0,0.0,32,nan
8.686981070041657,64.92805755395683,50.664112128,68.7,nan,12.446978048,nan,nan,32.0,0.0,32,nan
8.7036541501681,64.92805755395683,50.664112128,68.7,nan,12.446978048,nan,nan,32.0,0.0,32,nan
8.720325152079264,62.410071942446045,50.664112128,68.7,nan,12.446978048,nan,nan,31.0,0.0,32,nan
8.736999948819479,62.949640287769796,50.664112128,68.7,nan,12.446978048,nan,nan,31.0,0.0,32,nan
8.753680340449016,65.64748201438849,50.869436416,68.7,nan,12.482650112,nan,nan,32.0,0.0,32,nan
8.770353925228118,65.10791366906474,50.869436416,68.7,nan,12.482650112,nan,nan,32.0,0.0,32,nan
8.78702978293101,60.251798561151084,50.869436416,68.7,nan,12.482650112,nan,nan,30.0,0.0,32,nan
8.803701035181682,60.97122302158273,50.869436416,68.7,nan,13.030055936,nan,nan,29.0,0.0,32,nan
8.820376404126485,61.15107913669065,51.074760704,68.7,nan,13.032153088,nan,nan,30.0,0.0,32,nan
8.837049841880798,63.66906474820144,51.074760704,68.7,nan,13.036347392,nan,nan,31.0,0.0,32,nan
8.853727833429973,60.61151079136691,51.074760704,68.7,nan,13.040541696,nan,nan,30.0,0.0,32,nan
8.870399367809295,61.15107913669065,51.074760704,68.7,nan,13.1495936,nan,nan,30.0,0.0,32,nan
8.887080657482148,63.129496402877706,51.074760704,68.7,nan,13.151690752,nan,nan,31.0,0.0,32,nan
8.903759598731995,63.309352517985616,51.074760704,68.7,nan,13.151690752,nan,nan,31.0,0.0,32,nan
8.9204372048378,63.309352517985616,51.074760704,68.7,nan,12.241481728,nan,nan,31.0,0.0,32,nan
8.937112410863241,64.20863309352518,51.074760704,68.7,nan,12.245676032,nan,nan,32.0,0.0,32,nan
8.953785332043966,64.20863309352518,51.074760704,68.7,nan,12.245676032,nan,nan,32.0,0.0,32,nan
8.970461801687877,64.20863309352518,51.074760704,68.7,nan,12.245676032,nan,nan,32.0,0.0,32,nan
8.98713613351186,64.74820143884892,51.074760704,68.7,nan,12.245676032,nan,nan,32.0,0.0,32,nan
9.003810016314189,65.28776978417265,51.074760704,68.7,nan,12.245676032,nan,nan,32.0,0.0,32,nan
9.020483843485515,65.28776978417265,51.074760704,68.7,nan,12.245676032,nan,nan,32.0,0.0,32,nan
9.037155369917551,62.050359712230204,51.074760704,68.7,nan,12.388319232,nan,nan,30.0,0.0,32,nan
9.053829717636109,65.46762589928056,51.074760704,68.7,nan,12.501577728,nan,nan,32.0,0.0,32,nan
9.070503385861715,67.26618705035972,51.48540928,68.7,nan,12.51416064,nan,nan,32.0,0.0,32,nan
9.087177916367848,63.66906474820144,51.690733568,68.7,nan,12.51416064,nan,nan,31.0,0.0,32,nan
9.103851866722106,63.66906474820144,51.690733568,68.7,nan,12.543520768,nan,nan,31.0,0.0,32,nan
9.120531670252483,65.82733812949641,51.896057856,68.7,nan,12.543520768,nan,nan,32.0,0.0,32,nan
9.137211294968923,65.64748201438849,51.896057856,68.7,nan,12.543520768,nan,nan,32.0,0.0,32,nan
9.153886091709136,66.00719424460432,52.101382144,68.7,nan,12.560297984,nan,nan,32.0,0.0,32,nan
9.170563578605652,67.62589928057554,52.101382144,68.7,nan,12.560297984,nan,nan,32.0,0.0,32,nan
9.18724190791448,62.23021582733813,52.306706432,68.7,nan,12.560297984,nan,nan,30.0,0.0,32,nan
9.203916227817535,62.050359712230204,52.306706432,68.7,nan,12.579172352,nan,nan,30.0,0.0,32,nan
9.220597847302754,62.949640287769796,52.306706432,68.7,nan,12.606435328,nan,nan,30.0,0.0,32,nan
9.237276367346446,61.870503597122294,52.306706432,68.7,nan,12.65047552,nan,nan,30.0,0.0,32,nan
9.253948171933493,62.23021582733813,52.51203072,68.7,nan,12.663058432,nan,nan,30.0,0.0,32,nan
9.270628416538239,57.55395683453237,52.51203072,68.7,nan,13.028139008,nan,nan,28.0,0.0,32,nan
9.287300805250803,62.76978417266187,52.51203072,68.7,nan,13.044916224,nan,nan,30.0,0.0,32,nan
9.303978101412456,62.589928057553955,52.717355008,68.7,nan,13.05120768,nan,nan,30.0,0.0,32,nan
9.320651936531068,62.76978417266187,52.717355008,68.7,nan,13.05120768,nan,nan,30.0,0.0,32,nan
9.337331108252208,55.39568345323741,52.717355008,68.7,nan,12.698710016,nan,nan,27.0,0.0,32,nan
9.354003961881002,62.23021582733813,52.922679296,68.7,nan,12.707098624,nan,nan,30.0,0.0,32,nan
9.370677196979523,63.84892086330935,52.922679296,68.7,nan,12.503031808,nan,nan,31.0,0.0,32,nan
9.387349887688954,65.10791366906474,52.922679296,68.7,nan,12.503031808,nan,nan,32.0,0.0,32,nan
9.404022113482158,63.66906474820144,53.128003584,68.7,nan,12.511420416,nan,nan,31.0,0.0,32,nan
9.420694442590078,65.10791366906474,53.333327872,68.7,nan,12.511420416,nan,nan,32.0,0.0,32,nan
9.437366660435995,65.28776978417265,53.333327872,68.7,nan,12.511420416,nan,nan,32.0,0.0,32,nan
9.454041822751362,64.38848920863309,53.53865216,68.7,nan,12.53658624,nan,nan,32.0,0.0,32,nan
9.470714338620503,62.589928057553955,53.53865216,68.7,nan,12.53658624,nan,nan,31.0,0.0,32,nan
9.487386707464854,60.97122302158273,53.53865216,68.7,nan,12.544974848,nan,nan,30.0,0.0,32,nan
9.50405816634496,62.23021582733813,53.53865216,68.7,nan,12.597424128,nan,nan,30.0,0.0,32,nan
9.520730551083883,62.949640287769796,53.53865216,68.7,nan,12.597424128,nan,nan,31.0,0.0,32,nan
9.537403118610381,58.81294964028777,53.53865216,68.7,nan,12.641513472,nan,nan,28.0,0.0,32,nan
9.554076087474822,63.309352517985616,53.743976448,68.7,nan,12.64990208,nan,nan,31.0,0.0,32,nan
9.57074734767278,60.61151079136691,53.949300736,68.7,nan,12.64990208,nan,nan,30.0,0.0,32,nan
9.58741975625356,61.51079136690647,53.949300736,68.7,nan,12.651999232,nan,nan,30.0,0.0,32,nan
9.604092196623485,60.431654676258994,53.949300736,68.7,nan,12.651999232,nan,nan,30.0,0.0,32,nan
9.620763989289602,62.76978417266187,53.949300736,68.7,nan,12.651999232,nan,nan,31.0,0.0,32,nan
9.637436374028523,62.76978417266187,53.949300736,68.7,nan,12.651999232,nan,nan,31.0,0.0,32,nan
9.654108599821727,60.07194244604317,53.949300736,68.7,nan,12.651999232,nan,nan,29.0,0.0,32,nan
9.670780833562215,64.38848920863309,54.206005248,68.7,nan,12.683460608,nan,nan,29.0,1.0,32,nan
9.68745361963908,62.76978417266187,54.616653824,68.7,nan,12.683460608,nan,nan,31.0,0.0,32,nan
9.704125698407491,62.050359712230204,54.616653824,68.7,nan,12.427669504,nan,nan,30.0,0.0,32,nan
9.720798075199127,59.352517985611506,54.616653824,68.7,nan,12.473802752,nan,nan,29.0,0.0,32,nan
9.737471187114716,61.870503597122294,54.873358336,68.7,nan,12.477997056,nan,nan,31.0,0.0,32,nan
9.754145129521687,60.79136690647482,54.873358336,68.7,nan,12.49267712,nan,nan,30.0,0.0,32,nan
9.770817077159881,63.129496402877706,54.873358336,68.7,nan,12.505260032,nan,nan,31.0,0.0,32,nan
9.787487908204396,63.84892086330935,55.130062848,68.7,nan,12.622700544,nan,nan,31.0,0.0,32,nan
9.80415909687678,63.84892086330935,55.335387136,68.7,nan,12.641574912,nan,nan,31.0,0.0,32,nan
9.820829963684082,60.97122302158273,55.335387136,68.7,nan,12.69610496,nan,nan,29.0,0.0,32,nan
9.83750017086665,58.992805755395686,55.335387136,68.7,nan,11.624480768,nan,nan,28.0,0.0,31,nan
9.854171653588613,65.10791366906474,55.746035712,68.7,nan,11.859193856,nan,nan,32.0,0.0,32,nan
9.870841650168101,64.568345323741,55.746035712,68.7,nan,11.859193856,nan,nan,32.0,0.0,32,nan
9.887511734167735,64.74820143884892,55.746035712,68.7,nan,11.859193856,nan,nan,32.0,0.0,32,nan
9.904186499118804,64.74820143884892,55.746035712,68.7,nan,11.859193856,nan,nan,32.0,0.0,32,nan
9.920862543582917,64.92805755395683,55.95136,68.7,nan,11.859193856,nan,nan,32.0,0.0,32,nan
9.937538842360178,64.92805755395683,55.95136,68.7,nan,11.859193856,nan,nan,32.0,0.0,32,nan
9.954211326440175,63.84892086330935,55.95136,68.7,nan,11.859193856,nan,nan,31.0,0.0,32,nan
9.970883238315583,63.48920863309353,56.362008576,68.7,nan,11.886456832,nan,nan,31.0,0.0,32,nan
9.987553306420644,65.28776978417265,56.362008576,68.7,nan,11.886456832,nan,nan,32.0,0.0,32,nan
10.0042249917984,65.46762589928056,56.567332864,68.7,nan,11.886456832,nan,nan,32.0,0.0,32,nan
10.020896379152934,64.92805755395683,56.567332864,68.7,nan,11.913723904,nan,nan,31.0,0.0,32,nan
10.037565577030183,66.18705035971223,56.567332864,68.7,nan,11.913723904,nan,nan,32.0,0.0,32,nan
10.054238212108611,63.84892086330935,56.567332864,68.7,nan,11.913723904,nan,nan,31.0,0.0,32,nan
10.07090955177943,65.64748201438849,56.772657152,68.7,nan,11.917918208,nan,nan,32.0,0.0,32,nan
10.087581439812977,64.02877697841727,56.772657152,68.7,nan,11.917918208,nan,nan,31.0,0.0,32,nan
10.104254762331644,65.82733812949641,56.772657152,68.7,nan,11.917918208,nan,nan,32.0,0.0,32,nan
10.120925756295522,63.66906474820144,56.772657152,68.7,nan,11.917918208,nan,nan,31.0,0.0,32,nan
10.137597918510437,64.02877697841727,56.97798144,68.7,nan,11.917918208,nan,nan,31.0,0.0,32,nan
10.15426880121231,60.61151079136691,56.97798144,68.7,nan,11.943084032,nan,nan,29.0,0.0,32,nan
10.170941948890686,61.690647482014384,57.183305728,68.7,nan,11.955707904,nan,nan,30.0,0.0,32,nan
10.187612505753835,66.18705035971223,57.183305728,68.7,nan,11.955707904,nan,nan,32.0,0.0,32,nan
10.204285792509715,65.64748201438849,57.183305728,68.7,nan,11.955707904,nan,nan,32.0,0.0,32,nan
10.220956854025523,65.64748201438849,57.183305728,68.7,nan,11.955707904,nan,nan,32.0,0.0,32,nan
10.237628757953644,62.23021582733813,57.183305728,68.7,nan,11.957805056,nan,nan,30.0,0.0,32,nan
10.25430024464925,65.82733812949641,57.183305728,68.7,nan,11.96199936,nan,nan,32.0,0.0,32,nan
10.270970066388449,60.97122302158273,57.183305728,68.7,nan,11.964096512,nan,nan,30.0,0.0,32,nan
10.287641886870066,63.84892086330935,57.183305728,68.7,nan,11.978776576,nan,nan,31.0,0.0,32,nan
10.304312892754872,64.74820143884892,57.388630016,68.7,nan,11.978776576,nan,nan,31.0,0.0,32,nan
10.320982682704926,64.74820143884892,57.593954304,68.7,nan,11.980877824,nan,nan,31.0,1.0,32,nan
10.337651777267457,64.92805755395683,57.593954304,68.7,nan,11.980877824,nan,nan,32.0,0.0,32,nan
10.354324134190877,60.07194244604317,57.593954304,68.7,nan,11.980877824,nan,nan,29.0,0.0,32,nan
10.370995966593425,64.92805755395683,57.593954304,68.7,nan,11.980877824,nan,nan,32.0,0.0,32,nan
10.387667429447173,64.92805755395683,57.593954304,68.7,nan,11.980877824,nan,nan,32.0,0.0,32,nan
10.404343406359354,64.92805755395683,57.593954304,68.7,nan,11.980877824,nan,nan,32.0,0.0,32,nan
10.421012989679973,64.02877697841727,57.593954304,68.7,nan,11.980877824,nan,nan,31.0,1.0,32,nan
10.437684214115142,62.410071942446045,57.593954304,68.7,nan,11.980877824,nan,nan,31.0,0.0,32,nan
10.454358569780986,64.92805755395683,57.593954304,68.7,nan,12.001849344,nan,nan,31.0,1.0,32,nan
10.471029957135519,64.20863309352518,57.799278592,68.7,nan,12.001849344,nan,nan,32.0,0.0,32,nan
10.487699945767721,64.568345323741,58.00460288,68.7,nan,12.001849344,nan,nan,32.0,0.0,32,nan
10.504371166229248,62.050359712230204,58.00460288,68.7,nan,12.001849344,nan,nan,31.0,0.0,32,nan
10.521039891242982,59.89208633093526,58.00460288,68.7,nan,12.001849344,nan,nan,29.0,0.0,32,nan
10.537711469332377,61.870503597122294,58.209927168,68.7,nan,12.001849344,nan,nan,31.0,0.0,32,nan
10.554382352034251,63.309352517985616,58.209927168,68.7,nan,12.001849344,nan,nan,31.0,1.0,32,nan
10.571051315466564,63.309352517985616,58.620575744,68.7,nan,12.001849344,nan,nan,32.0,0.0,32,nan
10.587722170352937,63.309352517985616,58.620575744,68.7,nan,12.001849344,nan,nan,32.0,0.0,32,nan
10.604394674301147,63.66906474820144,58.620575744,68.7,nan,12.001849344,nan,nan,32.0,0.0,32,nan
10.621065080165863,64.02877697841727,58.620575744,68.7,nan,12.001849344,nan,nan,32.0,0.0,32,nan
10.63773708343506,64.20863309352518,58.620575744,68.7,nan,12.003946496,nan,nan,32.0,0.0,32,nan
10.654409396648408,61.870503597122294,58.620575744,68.7,nan,12.003946496,nan,nan,31.0,0.0,32,nan
10.6710848848025,64.38848920863309,58.620575744,68.7,nan,12.003946496,nan,nan,32.0,0.0,32,nan
10.687761215368907,64.38848920863309,58.620575744,68.7,nan,12.003946496,nan,nan,32.0,0.0,32,nan
10.704434577624003,64.38848920863309,58.620575744,68.7,nan,12.003946496,nan,nan,32.0,0.0,32,nan
10.721107975641887,63.48920863309353,58.620575744,68.7,nan,12.012335104,nan,nan,31.0,0.0,32,nan
10.737777841091155,65.46762589928056,58.825900032,68.7,nan,12.012335104,nan,nan,32.0,0.0,32,nan
10.754451135794321,64.92805755395683,59.03122432,68.7,nan,12.012335104,nan,nan,32.0,0.0,32,nan
10.771125821272532,64.92805755395683,59.236548608,68.7,nan,12.012335104,nan,nan,32.0,0.0,32,nan
10.787798309326172,64.92805755395683,59.441872896,68.7,nan,12.012335104,nan,nan,32.0,0.0,32,nan
10.804471941788991,62.76978417266187,59.647197184,68.7,nan,12.012335104,nan,nan,31.0,0.0,32,nan
10.821146047115326,64.74820143884892,59.647197184,68.7,nan,12.022820864,nan,nan,31.0,0.0,32,nan
10.837828997770945,63.66906474820144,59.647197184,68.7,nan,12.022820864,nan,nan,31.0,0.0,32,nan
10.854503973325093,64.92805755395683,59.647197184,68.7,nan,12.022820864,nan,nan,32.0,0.0,32,nan
10.871177200476328,65.10791366906474,59.647197184,68.7,nan,12.022820864,nan,nan,32.0,0.0,32,nan
10.88784986337026,65.10791366906474,59.647197184,68.7,nan,12.022820864,nan,nan,32.0,0.0,32,nan
10.904524719715118,65.10791366906474,59.647197184,68.7,nan,12.022820864,nan,nan,32.0,0.0,32,nan
10.921197644869487,65.10791366906474,59.647197184,68.7,nan,12.022820864,nan,nan,32.0,0.0,32,nan
10.93787092367808,65.10791366906474,59.647197184,68.7,nan,12.022820864,nan,nan,32.0,0.0,32,nan
10.954543403784434,65.10791366906474,59.647197184,68.7,nan,12.022820864,nan,nan,32.0,0.0,32,nan
10.971215411027272,65.10791366906474,59.647197184,68.7,nan,12.022820864,nan,nan,31.0,0.0,32,nan
10.987888065973918,63.129496402877706,59.647197184,68.7,nan,12.022820864,nan,nan,31.0,0.0,32,nan
11.00456045071284,63.309352517985616,59.647197184,68.7,nan,12.022820864,nan,nan,31.0,0.0,32,nan
11.021233836809794,66.00719424460432,59.647197184,68.7,nan,12.022820864,nan,nan,32.0,0.0,32,nan
11.037912352879841,66.00719424460432,59.647197184,68.7,nan,12.022820864,nan,nan,32.0,0.0,32,nan
11.05458466609319,64.92805755395683,59.647197184,68.7,nan,12.022820864,nan,nan,31.0,1.0,32,nan
11.071262387434642,65.10791366906474,59.647197184,68.7,nan,12.022820864,nan,nan,32.0,0.0,32,nan
11.087936393419902,58.992805755395686,59.647197184,68.7,nan,12.029128704,nan,nan,30.0,0.0,32,nan
11.104608726501464,65.28776978417265,59.852521472,68.7,nan,12.029128704,nan,nan,32.0,0.0,32,nan
11.121281592051188,65.28776978417265,59.852521472,68.7,nan,12.029128704,nan,nan,31.0,1.0,32,nan
11.137953881422678,65.46762589928056,59.852521472,68.7,nan,12.029128704,nan,nan,32.0,0.0,32,nan
11.154626063505809,65.46762589928056,59.852521472,68.7,nan,12.029128704,nan,nan,32.0,0.0,32,nan
11.171297387282054,62.949640287769796,59.852521472,68.7,nan,12.031225856,nan,nan,31.0,0.0,32,nan
11.187969839572906,60.97122302158273,59.852521472,68.7,nan,12.037517312,nan,nan,30.0,0.0,32,nan
11.20464353164037,63.309352517985616,59.852521472,68.7,nan,12.037517312,nan,nan,31.0,0.0,32,nan
11.221315777301788,63.309352517985616,59.852521472,68.7,nan,12.037517312,nan,nan,31.0,0.0,32,nan
11.237988118330637,64.92805755395683,59.852521472,68.7,nan,12.037517312,nan,nan,32.0,0.0,32,nan
11.254660765329996,64.92805755395683,60.05784576,68.7,nan,12.037517312,nan,nan,32.0,0.0,32,nan
11.271333229541778,64.92805755395683,60.05784576,68.7,nan,12.037517312,nan,nan,32.0,0.0,32,nan
11.288009119033813,65.28776978417265,60.05784576,68.7,nan,12.037517312,nan,nan,32.0,0.0,32,nan
11.304681440194448,63.66906474820144,60.05784576,68.7,nan,12.037517312,nan,nan,31.0,0.0,32,nan
11.321353499094645,65.82733812949641,60.314550272,68.7,nan,12.037517312,nan,nan,32.0,0.0,32,nan
11.338026042779287,66.36690647482014,60.725198848,68.7,nan,12.037517312,nan,nan,32.0,0.0,32,nan
11.354698650042216,64.92805755395683,60.725198848,68.7,nan,12.037517312,nan,nan,31.0,0.0,32,nan
11.371370812257132,67.08633093525181,60.930523136,68.7,nan,12.037517312,nan,nan,32.0,0.0,32,nan
11.388043034076691,67.44604316546763,61.135847424,68.7,nan,12.037517312,nan,nan,32.0,0.0,32,nan
11.404715458552042,64.568345323741,61.135847424,68.7,nan,12.037517312,nan,nan,31.0,0.0,32,nan
11.421387990315756,65.64748201438849,61.135847424,68.7,nan,12.037517312,nan,nan,31.0,0.0,32,nan
11.43805959224701,67.44604316546763,61.135847424,68.7,nan,12.037517312,nan,nan,32.0,0.0,32,nan
11.454731873671214,67.62589928057554,61.135847424,68.7,nan,12.037517312,nan,nan,32.0,0.0,32,nan
11.471404739220937,67.98561151079137,61.135847424,68.7,nan,12.037517312,nan,nan,32.0,0.0,32,nan
11.48807697693507,64.74820143884892,61.341171712,68.7,nan,12.037517312,nan,nan,31.0,0.0,32,nan
11.50474881331126,67.80575539568345,61.546496,68.7,nan,12.037517312,nan,nan,32.0,0.0,32,nan
11.521420892079671,68.70503597122301,61.546496,68.7,nan,12.037517312,nan,nan,32.0,0.0,32,nan
11.538093113899231,66.72661870503597,61.546496,68.7,nan,12.039614464,nan,nan,31.0,0.0,32,nan
11.55476537545522,68.5251798561151,61.546496,68.7,nan,12.039614464,nan,nan,32.0,0.0,32,nan
11.57143737077713,66.18705035971223,61.546496,68.7,nan,12.039614464,nan,nan,31.0,0.0,32,nan
11.588109950224558,69.42446043165468,61.546496,68.7,nan,12.039614464,nan,nan,32.0,0.0,32,nan
11.604782843589783,69.42446043165468,61.546496,68.7,nan,12.039614464,nan,nan,32.0,0.0,32,nan
11.621454711755117,69.42446043165468,61.546496,68.7,nan,12.039614464,nan,nan,32.0,0.0,32,nan
11.638126643498738,67.80575539568345,61.751820288,68.7,nan,12.039614464,nan,nan,31.0,0.0,32,nan
11.654798738161723,69.7841726618705,61.751820288,68.7,nan,12.06687744,nan,nan,32.0,0.0,32,nan
11.67147114276886,69.7841726618705,61.751820288,68.7,nan,12.06687744,nan,nan,32.0,0.0,32,nan
11.688143650690714,68.70503597122301,61.751820288,68.7,nan,12.06687744,nan,nan,31.0,0.0,32,nan
11.704815530776978,68.34532374100719,61.957144576,68.7,nan,12.22416384,nan,nan,31.0,0.0,32,nan
11.72148710489273,68.16546762589928,62.162468864,68.7,nan,12.226260992,nan,nan,31.0,0.0,32,nan
11.738159747918447,70.14388489208633,62.57311744,68.7,nan,12.226260992,nan,nan,32.0,0.0,32,nan
11.754832061131795,70.14388489208633,62.57311744,68.7,nan,12.226260992,nan,nan,32.0,0.0,32,nan
11.77150328954061,68.16546762589928,62.57311744,68.7,nan,12.226260992,nan,nan,31.0,0.0,32,nan
11.788175706068674,68.16546762589928,62.778441728,68.7,nan,12.226260992,nan,nan,31.0,0.0,32,nan
11.804848074913025,66.54676258992806,62.778441728,68.7,nan,12.238843904,nan,nan,30.0,0.0,32,nan
11.821521043777466,68.34532374100719,62.778441728,68.7,nan,12.247232512,nan,nan,31.0,0.0,32,nan
11.838193615277609,68.88489208633092,62.778441728,68.7,nan,12.284981248,nan,nan,31.0,0.0,32,nan
11.854866369565327,70.68345323741008,62.983766016,68.7,nan,12.284981248,nan,nan,32.0,0.0,32,nan
11.871538778146109,68.16546762589928,62.983766016,68.7,nan,12.284981248,nan,nan,31.0,0.0,32,nan
11.888211218516032,68.16546762589928,62.983766016,68.7,nan,12.291272704,nan,nan,31.0,0.0,32,nan
11.904883356889089,63.48920863309353,62.983766016,68.7,nan,12.299661312,nan,nan,28.0,1.0,32,nan
11.92156080007553,70.14388489208633,62.983766016,68.7,nan,12.08139776,nan,nan,31.0,0.0,32,nan
11.938232199350994,68.5251798561151,63.445991424,68.7,nan,12.08139776,nan,nan,31.0,0.0,32,nan
11.95490517616272,70.14388489208633,63.702695936,68.7,nan,12.08139776,nan,nan,32.0,0.0,32,nan
11.971577616532644,70.14388489208633,63.702695936,68.7,nan,12.08139776,nan,nan,32.0,0.0,32,nan
11.98824995358785,68.34532374100719,63.702695936,68.7,nan,12.08139776,nan,nan,31.0,0.0,32,nan
12.004927213986715,67.98561151079137,63.702695936,68.7,nan,12.08139776,nan,nan,30.0,0.0,32,nan
12.021599864959716,63.66906474820144,63.908020224,68.7,nan,12.098195456,nan,nan,29.0,0.0,32,nan
12.038271403312683,62.589928057553955,63.908020224,68.7,nan,12.12336128,nan,nan,27.0,0.0,32,nan
12.054944268862407,69.42446043165468,63.908020224,68.7,nan,12.169531392,nan,nan,31.0,0.0,32,nan
12.071615703900655,68.88489208633092,63.908020224,68.7,nan,12.175822848,nan,nan,31.0,0.0,32,nan
12.088287663459777,68.88489208633092,63.908020224,68.7,nan,12.18840576,nan,nan,31.0,0.0,32,nan
12.104961244265239,68.88489208633092,63.908020224,68.7,nan,12.205182976,nan,nan,31.0,0.0,32,nan
12.121633287270864,69.42446043165468,63.908020224,68.7,nan,12.205182976,nan,nan,31.0,0.0,32,nan
12.138310062885285,66.36690647482014,63.908020224,68.7,nan,12.232445952,nan,nan,29.0,0.0,32,nan
12.154979693889619,64.568345323741,63.908020224,68.7,nan,12.242939904,nan,nan,28.0,0.0,32,nan
12.171655110518138,67.62589928057554,64.3186688,68.7,nan,12.253425664,nan,nan,30.0,0.0,32,nan
12.188329573472341,67.80575539568345,64.3186688,68.7,nan,12.261814272,nan,nan,30.0,0.0,32,nan
12.205002387364706,67.80575539568345,64.3186688,68.7,nan,12.335214592,nan,nan,30.0,0.0,32,nan
12.221676850318909,66.54676258992806,64.3186688,68.7,nan,12.35408896,nan,nan,29.0,0.0,32,nan
12.238349227110545,68.16546762589928,64.3186688,68.7,nan,12.40868864,nan,nan,30.0,0.0,32,nan
12.255025553703309,69.42446043165468,64.729317376,68.7,nan,12.40868864,nan,nan,31.0,0.0,32,nan
12.271698216597239,69.60431654676259,64.729317376,68.7,nan,11.814928384,nan,nan,31.0,0.0,32,nan
12.28836993376414,69.24460431654677,64.729317376,68.7,nan,12.054212608,nan,nan,31.0,0.0,32,nan
12.305041587352752,67.44604316546763,64.729317376,68.7,nan,12.131807232,nan,nan,30.0,0.0,32,nan
12.321714548269908,66.90647482014388,64.986021888,68.7,nan,12.136001536,nan,nan,31.0,0.0,32,nan
12.33838765223821,70.50359712230217,65.191346176,68.7,nan,12.136001536,nan,nan,32.0,0.0,32,nan
12.355060907204946,69.06474820143885,65.191346176,68.7,nan,12.136001536,nan,nan,31.0,0.0,32,nan
12.371733351548512,70.86330935251799,65.396670464,68.7,nan,12.136001536,nan,nan,32.0,0.0,32,nan
12.38840875228246,71.40287769784173,65.396670464,68.7,nan,12.136001536,nan,nan,32.0,0.0,32,nan
12.405081232388815,67.26618705035972,65.396670464,68.7,nan,12.177989632,nan,nan,30.0,0.0,32,nan
12.421752508481344,71.94244604316546,65.80731904,68.7,nan,12.177989632,nan,nan,32.0,0.0,32,nan
12.438428437709808,72.84172661870504,65.80731904,68.7,nan,12.177989632,nan,nan,32.0,0.0,32,nan
12.45510143438975,69.7841726618705,65.80731904,68.7,nan,12.192669696,nan,nan,30.0,0.0,32,nan
12.471774439016977,70.68345323741008,66.012643328,68.7,nan,12.226240512,nan,nan,31.0,0.0,32,nan
12.48844744761785,73.38129496402878,66.217967616,68.7,nan,12.23462912,nan,nan,32.0,0.0,32,nan
12.50511969725291,72.84172661870504,66.217967616,68.7,nan,12.23462912,nan,nan,32.0,0.0,32,nan
12.521791835625967,73.38129496402878,66.217967616,68.7,nan,12.240920576,nan,nan,32.0,0.0,32,nan
12.53846470117569,70.68345323741008,66.217967616,68.7,nan,12.240920576,nan,nan,31.0,0.0,32,nan
12.555135917663574,70.68345323741008,66.217967616,68.7,nan,12.240920576,nan,nan,31.0,0.0,32,nan
12.571807932853698,69.42446043165468,66.217967616,68.7,nan,12.25560064,nan,nan,30.0,0.0,32,nan
12.58848180770874,70.50359712230217,66.628616192,68.7,nan,12.263989248,nan,nan,31.0,0.0,32,nan
12.605154502391816,72.66187050359711,66.628616192,68.7,nan,12.263989248,nan,nan,32.0,0.0,32,nan
12.621828373273214,72.66187050359711,66.628616192,68.7,nan,12.263989248,nan,nan,32.0,0.0,32,nan
12.638499422868092,69.24460431654677,66.628616192,68.7,nan,12.263989248,nan,nan,31.0,0.0,32,nan
12.655174267292022,72.12230215827337,66.83394048,68.7,nan,12.263989248,nan,nan,30.0,2.0,32,nan
12.67184572617213,72.66187050359711,67.039264768,68.7,nan,12.263989248,nan,nan,32.0,0.0,32,nan
12.688517757256825,71.22302158273382,67.039264768,68.7,nan,12.263989248,nan,nan,31.0,0.0,32,nan
12.70518801609675,67.62589928057554,67.039264768,68.7,nan,12.278685696,nan,nan,29.0,0.0,32,nan
12.721861612796783,71.76258992805755,67.039264768,68.7,nan,12.339499008,nan,nan,31.0,0.0,32,nan
12.73853277762731,73.56115107913669,67.039264768,68.7,nan,12.34159616,nan,nan,32.0,0.0,32,nan
12.755207510789235,71.58273381294964,67.039264768,68.7,nan,12.34159616,nan,nan,31.0,0.0,32,nan
12.771876692771912,73.02158273381295,67.039264768,68.7,nan,12.34159616,nan,nan,32.0,0.0,32,nan
12.788547829786937,71.76258992805755,67.039264768,68.7,nan,12.34159616,nan,nan,31.0,0.0,32,nan
12.805217727025349,71.22302158273382,67.039264768,68.7,nan,12.34159616,nan,nan,31.0,0.0,32,nan
12.82189501921336,73.02158273381295,67.039264768,68.7,nan,12.34159616,nan,nan,32.0,0.0,32,nan
12.838569629192353,70.86330935251799,67.039264768,68.7,nan,12.34159616,nan,nan,31.0,0.0,32,nan
12.855243662993113,71.94244604316546,67.039264768,68.7,nan,12.34159616,nan,nan,31.0,0.0,32,nan
12.871914295355479,73.74100719424462,67.244589056,68.7,nan,12.34159616,nan,nan,32.0,0.0,32,nan
12.888587435086569,73.38129496402878,67.449913344,68.7,nan,12.34159616,nan,nan,32.0,0.0,32,nan
12.905257817109426,73.56115107913669,67.449913344,68.7,nan,12.34159616,nan,nan,32.0,0.0,32,nan
12.921929756800333,73.56115107913669,67.449913344,68.7,nan,12.34159616,nan,nan,32.0,0.0,32,nan
12.938601628939312,71.58273381294964,67.449913344,68.7,nan,12.34159616,nan,nan,31.0,0.0,32,nan
12.955276421705882,73.92086330935253,67.655237632,68.7,nan,12.34159616,nan,nan,32.0,0.0,32,nan
12.971946442127228,73.92086330935253,67.655237632,68.7,nan,12.34159616,nan,nan,32.0,0.0,32,nan
12.988619017601014,74.10071942446044,67.655237632,68.7,nan,12.345790464,nan,nan,32.0,0.0,32,nan
13.005291720231375,72.84172661870504,67.655237632,68.7,nan,12.345790464,nan,nan,31.0,0.0,32,nan
13.021961685021719,72.66187050359711,67.655237632,68.7,nan,12.389830656,nan,nan,31.0,0.0,32,nan
13.038633489608765,74.10071942446044,67.655237632,68.7,nan,12.389830656,nan,nan,32.0,0.0,32,nan
13.055304849147797,73.02158273381295,67.655237632,68.7,nan,12.389830656,nan,nan,31.0,1.0,32,nan
13.07197509209315,73.20143884892086,67.655237632,68.7,nan,12.391927808,nan,nan,32.0,0.0,32,nan
13.088647981484732,73.38129496402878,67.86056192,68.7,nan,12.391927808,nan,nan,32.0,0.0,32,nan
13.105321049690247,69.96402877697841,67.86056192,68.7,nan,12.391927808,nan,nan,30.0,0.0,32,nan
13.121992222468059,68.88489208633092,67.86056192,68.7,nan,12.402413568,nan,nan,30.0,0.0,32,nan
13.138663721084594,65.10791366906474,67.86056192,68.7,nan,12.435968,nan,nan,29.0,0.0,32,nan
13.15533440510432,71.40287769784173,68.065886208,68.7,nan,12.440162304,nan,nan,31.0,0.0,32,nan
13.172004838784536,71.40287769784173,68.065886208,68.7,nan,12.188430336,nan,nan,31.0,0.0,32,nan
13.188679734865824,72.4820143884892,68.065886208,68.7,nan,12.201013248,nan,nan,32.0,0.0,32,nan
13.205350383122761,72.4820143884892,68.065886208,68.7,nan,12.201013248,nan,nan,32.0,0.0,32,nan
13.222019453843435,71.94244604316546,68.065886208,68.7,nan,12.201013248,nan,nan,32.0,0.0,32,nan
13.238690872987112,72.3021582733813,68.065886208,68.7,nan,12.201013248,nan,nan,32.0,0.0,32,nan
13.25536387761434,72.4820143884892,68.065886208,68.7,nan,12.201013248,nan,nan,32.0,0.0,32,nan
13.27203799088796,70.50359712230217,68.065886208,68.7,nan,12.201013248,nan,nan,31.0,0.0,32,nan
13.288711154460907,71.22302158273382,68.271210496,68.7,nan,12.201013248,nan,nan,31.0,0.0,32,nan
13.305382887522379,71.76258992805755,68.476534784,68.7,nan,12.219887616,nan,nan,31.0,0.0,32,nan
13.322053877512614,68.88489208633092,68.681859072,68.7,nan,12.228276224,nan,nan,31.0,0.0,32,nan
13.33872842391332,73.02158273381295,68.7,68.7,nan,12.228276224,nan,nan,32.0,0.0,32,nan
13.355402672290802,69.24460431654677,68.7,68.7,nan,12.228276224,nan,nan,30.0,0.0,32,nan
13.372075243790944,73.74100719424462,68.7,68.7,nan,12.268122112,nan,nan,32.0,0.0,32,nan
13.388746694723766,71.40287769784173,68.7,68.7,nan,12.343619584,nan,nan,31.0,0.0,32,nan
13.405420613288879,73.38129496402878,68.7,68.7,nan,12.404436992,nan,nan,32.0,0.0,32,nan
13.42209175825119,71.40287769784173,68.7,68.7,nan,12.404436992,nan,nan,31.0,0.0,32,nan
13.438764556248982,73.38129496402878,68.7,68.7,nan,12.404436992,nan,nan,32.0,0.0,32,nan
13.455436726411184,74.28057553956835,68.7,68.7,nan,12.404436992,nan,nan,32.0,0.0,32,nan
13.472110625108083,73.92086330935253,68.7,68.7,nan,12.404436992,nan,nan,32.0,0.0,32,nan
13.488783339659372,73.02158273381295,68.7,68.7,nan,12.425412608,nan,nan,31.0,0.0,32,nan
13.505458803971608,69.60431654676259,68.7,68.7,nan,12.488327168,nan,nan,29.0,0.0,32,nan
13.52213128010432,74.46043165467626,68.7,68.7,nan,12.492529664,nan,nan,32.0,0.0,32,nan
13.538803780078888,74.46043165467626,68.7,68.7,nan,12.492529664,nan,nan,32.0,0.0,32,nan
13.555479864279429,74.64028776978418,68.7,68.7,nan,12.492529664,nan,nan,32.0,0.0,32,nan
13.572152133782705,73.92086330935253,68.7,68.7,nan,12.492529664,nan,nan,31.0,1.0,32,nan
13.588828174273173,73.38129496402878,68.7,68.7,nan,12.492529664,nan,nan,31.0,0.0,32,nan
13.605500531196594,75.17985611510791,68.7,68.7,nan,12.492529664,nan,nan,32.0,0.0,32,nan
13.622170996665954,74.64028776978418,68.7,68.7,nan,12.492529664,nan,nan,32.0,0.0,32,nan
13.638843480745951,74.64028776978418,68.7,68.7,nan,12.492529664,nan,nan,32.0,0.0,32,nan
13.655516640345256,73.20143884892086,68.7,68.7,nan,12.492529664,nan,nan,31.0,1.0,32,nan
13.672195863723754,73.74100719424462,68.7,68.7,nan,12.492529664,nan,nan,32.0,0.0,32,nan
13.688866396745047,69.7841726618705,68.7,68.7,nan,12.492529664,nan,nan,30.0,0.0,32,nan
13.705544022719065,73.92086330935253,68.7,68.7,nan,12.492529664,nan,nan,32.0,0.0,32,nan
13.722217516104381,74.10071942446044,68.7,68.7,nan,12.492529664,nan,nan,32.0,0.0,32,nan
13.738895873228708,74.10071942446044,68.7,68.7,nan,12.492529664,nan,nan,32.0,0.0,32,nan
13.75556938648224,74.10071942446044,68.7,68.7,nan,12.492529664,nan,nan,32.0,0.0,32,nan
13.772243618965149,72.66187050359711,68.7,68.7,nan,12.51770368,nan,nan,31.0,0.0,32,nan
13.7889155348142,74.28057553956835,68.7,68.7,nan,12.551258112,nan,nan,32.0,0.0,32,nan
13.805592747529348,72.3021582733813,68.7,68.7,nan,12.551258112,nan,nan,31.0,0.0,32,nan
13.822267242272694,72.3021582733813,68.7,68.7,nan,12.553355264,nan,nan,31.0,0.0,32,nan
13.838947248458862,70.68345323741008,68.7,68.7,nan,12.553355264,nan,nan,30.0,0.0,32,nan
13.855621739228566,69.24460431654677,68.7,68.7,nan,12.553355264,nan,nan,30.0,0.0,32,nan
13.872294906775156,71.76258992805755,68.7,68.7,nan,12.553355264,nan,nan,31.0,0.0,32,nan
13.888965614636739,71.76258992805755,68.7,68.7,nan,12.553355264,nan,nan,31.0,0.0,32,nan
13.905635571479797,70.32374100719426,68.7,68.7,nan,12.555452416,nan,nan,30.0,0.0,32,nan
13.92231155236562,70.32374100719426,68.7,68.7,nan,12.561743872,nan,nan,30.0,0.0,32,nan
13.938981056213379,68.70503597122301,68.7,68.7,nan,12.57013248,nan,nan,29.0,0.0,32,nan
13.955654005209604,69.7841726618705,68.7,68.7,nan,12.620500992,nan,nan,29.0,1.0,32,nan
13.972328114509583,67.80575539568345,68.7,68.7,nan,12.50086912,nan,nan,29.0,0.0,32,nan
13.989000769456228,67.08633093525181,68.7,68.7,nan,12.523937792,nan,nan,30.0,0.0,32,nan
14.005678562323252,71.76258992805755,68.7,68.7,nan,12.582658048,nan,nan,31.0,0.0,32,nan
14.022349039713541,68.70503597122301,68.7,68.7,nan,12.582658048,nan,nan,29.0,1.0,32,nan
14.03901828924815,70.86330935251799,68.7,68.7,nan,12.582658048,nan,nan,31.0,0.0,32,nan
14.055696658293407,68.16546762589928,68.7,68.7,nan,12.582658048,nan,nan,30.0,0.0,32,nan
14.072368264198303,64.02877697841727,68.7,68.7,nan,12.691714048,nan,nan,29.0,0.0,32,nan
14.089048512776692,71.94244604316546,68.7,68.7,nan,12.708491264,nan,nan,31.0,0.0,32,nan
14.10572619040807,70.86330935251799,68.7,68.7,nan,12.708491264,nan,nan,31.0,0.0,32,nan
14.122397089004517,69.24460431654677,68.7,68.7,nan,12.7106048,nan,nan,30.0,0.0,32,nan
14.13907840649287,67.26618705035972,68.7,68.7,nan,12.712706048,nan,nan,30.0,0.0,32,nan
14.155753163496653,70.32374100719426,68.7,68.7,nan,12.320673792,nan,nan,30.0,0.0,32,nan
14.172425790627797,72.12230215827337,68.7,68.7,nan,12.320673792,nan,nan,31.0,0.0,32,nan
14.189096307754516,72.3021582733813,68.7,68.7,nan,12.320673792,nan,nan,32.0,0.0,32,nan
14.205765986442566,69.42446043165468,68.7,68.7,nan,12.331159552,nan,nan,30.0,0.0,32,nan
14.222438200314839,71.58273381294964,68.7,68.7,nan,12.398460928,nan,nan,31.0,0.0,32,nan
14.239110553264618,71.76258992805755,68.7,68.7,nan,12.438306816,nan,nan,31.0,0.0,32,nan
14.255783720811207,71.40287769784173,68.7,68.7,nan,12.438306816,nan,nan,31.0,0.0,32,nan
14.272457838058472,73.02158273381295,68.7,68.7,nan,12.438306816,nan,nan,32.0,0.0,32,nan
14.289128200213115,73.02158273381295,68.7,68.7,nan,12.438306816,nan,nan,32.0,0.0,32,nan
14.305800755818685,70.86330935251799,68.7,68.7,nan,12.482342912,nan,nan,30.0,0.0,32,nan
14.322480765978495,70.50359712230217,68.7,68.7,nan,12.528480256,nan,nan,30.0,0.0,32,nan
14.3391521135966,72.66187050359711,68.7,68.7,nan,12.555743232,nan,nan,31.0,0.0,32,nan
14.355825527509053,73.74100719424462,68.7,68.7,nan,12.555743232,nan,nan,32.0,0.0,32,nan
14.372495524088542,71.58273381294964,68.7,68.7,nan,12.58510336,nan,nan,31.0,0.0,32,nan
14.389168473084768,70.68345323741008,68.7,68.7,nan,12.587200512,nan,nan,31.0,0.0,32,nan
14.405843504269917,72.12230215827337,68.7,68.7,nan,12.587200512,nan,nan,31.0,1.0,32,nan
14.42251640955607,70.32374100719426,68.7,68.7,nan,12.587200512,nan,nan,31.0,0.0,32,nan
14.439195215702057,70.68345323741008,68.7,68.7,nan,12.587200512,nan,nan,31.0,0.0,32,nan
14.45586661895116,71.40287769784173,68.7,68.7,nan,12.620754944,nan,nan,31.0,0.0,32,nan
14.472538232803345,68.34532374100719,68.7,68.7,nan,12.654309376,nan,nan,30.0,0.0,32,nan
14.489207951227824,73.56115107913669,68.7,68.7,nan,12.654309376,nan,nan,32.0,0.0,32,nan
14.505881615479787,72.12230215827337,68.7,68.7,nan,12.77597696,nan,nan,31.0,0.0,32,nan
14.522553451855977,72.12230215827337,68.7,68.7,nan,12.799045632,nan,nan,31.0,0.0,32,nan
14.539223285516103,73.74100719424462,68.7,68.7,nan,12.801142784,nan,nan,31.0,1.0,32,nan
14.555894883473714,73.92086330935253,68.7,68.7,nan,12.801142784,nan,nan,32.0,0.0,32,nan
14.572567212581635,74.10071942446044,68.7,68.7,nan,12.801142784,nan,nan,32.0,0.0,32,nan
14.589238254229228,72.84172661870504,68.7,68.7,nan,12.801142784,nan,nan,31.0,0.0,32,nan
14.605913631121318,73.02158273381295,68.7,68.7,nan,12.801142784,nan,nan,31.0,0.0,32,nan
14.622587259610494,70.32374100719426,68.7,68.7,nan,12.801142784,nan,nan,30.0,0.0,32,nan
14.639260578155518,68.88489208633092,68.7,68.7,nan,12.801142784,nan,nan,30.0,0.0,32,nan
14.655930304527283,74.46043165467626,68.7,68.7,nan,12.801142784,nan,nan,32.0,0.0,32,nan
14.672603384653728,73.38129496402878,68.7,68.7,nan,12.824211456,nan,nan,31.0,0.0,32,nan
14.689277331034342,75.0,68.7,68.7,nan,12.826308608,nan,nan,32.0,0.0,32,nan
14.705947236220043,74.46043165467626,68.7,68.7,nan,12.826308608,nan,nan,32.0,0.0,32,nan
14.722621329625447,75.0,68.7,68.7,nan,12.826308608,nan,nan,32.0,0.0,32,nan
14.739292271931966,75.17985611510791,68.7,68.7,nan,12.826308608,nan,nan,32.0,0.0,32,nan
14.75596474011739,74.64028776978418,68.7,68.7,nan,12.826308608,nan,nan,32.0,0.0,32,nan
14.772636099656422,74.64028776978418,68.7,68.7,nan,12.826308608,nan,nan,32.0,0.0,32,nan
14.789308309555054,74.82014388489209,68.7,68.7,nan,12.826308608,nan,nan,32.0,0.0,32,nan
14.805981636047363,72.66187050359711,68.7,68.7,nan,12.843085824,nan,nan,31.0,0.0,32,nan
14.822653011480968,72.66187050359711,68.7,68.7,nan,12.849381376,nan,nan,31.0,0.0,32,nan
14.8393261830012,72.84172661870504,68.7,68.7,nan,12.855672832,nan,nan,31.0,0.0,32,nan
14.855999076366425,72.12230215827337,68.7,68.7,nan,12.861964288,nan,nan,30.0,0.0,32,nan
14.872677926222483,73.74100719424462,68.7,68.7,nan,12.933292032,nan,nan,31.0,0.0,32,nan
14.88935183286667,75.0,68.7,68.7,nan,12.964749312,nan,nan,31.0,0.0,32,nan
14.906021809577942,73.56115107913669,68.7,68.7,nan,12.992012288,nan,nan,31.0,0.0,32,nan
14.922695597012838,70.50359712230217,68.7,68.7,nan,12.992012288,nan,nan,30.0,0.0,32,nan
14.939370167255401,73.92086330935253,68.7,68.7,nan,12.992012288,nan,nan,31.0,0.0,32,nan
14.956041280428568,74.28057553956835,68.7,68.7,nan,12.992012288,nan,nan,31.0,0.0,32,nan
14.972711884975434,74.46043165467626,68.7,68.7,nan,12.992012288,nan,nan,31.0,0.0,32,nan
14.989384671052298,75.0,68.7,68.7,nan,12.992012288,nan,nan,31.0,0.0,32,nan
15.006055064996083,74.46043165467626,68.7,68.7,nan,12.992012288,nan,nan,31.0,0.0,32,nan
15.022727151711782,73.02158273381295,68.7,68.7,nan,12.992012288,nan,nan,30.0,0.0,32,nan
15.039398169517517,73.02158273381295,68.7,68.7,nan,12.998324224,nan,nan,30.0,0.0,32,nan
15.056070148944855,70.50359712230217,68.7,68.7,nan,12.629069824,nan,nan,29.0,0.0,32,nan
15.07274279197057,75.35971223021582,68.7,68.7,nan,12.629069824,nan,nan,32.0,0.0,32,nan
15.089414536952972,75.71942446043165,68.7,68.7,nan,12.629069824,nan,nan,32.0,0.0,32,nan
15.106086719036103,75.71942446043165,68.7,68.7,nan,12.629069824,nan,nan,32.0,0.0,32,nan
15.122762513160705,75.71942446043165,68.7,68.7,nan,12.629069824,nan,nan,32.0,0.0,32,nan
15.139438553651173,72.66187050359711,68.7,68.7,nan,12.629069824,nan,nan,30.0,0.0,32,nan
15.156111053625743,75.71942446043165,68.7,68.7,nan,12.629069824,nan,nan,31.0,0.0,32,nan
15.172782484690348,74.10071942446044,68.7,68.7,nan,12.629069824,nan,nan,31.0,0.0,32,nan
15.189455064137777,74.46043165467626,68.7,68.7,nan,12.629069824,nan,nan,31.0,0.0,32,nan
15.206126197179158,76.79856115107914,68.7,68.7,nan,12.656398336,nan,nan,32.0,0.0,32,nan
15.222798077265422,75.89928057553956,68.7,68.7,nan,12.656398336,nan,nan,32.0,0.0,32,nan
15.239469496409098,75.89928057553956,68.7,68.7,nan,12.656398336,nan,nan,32.0,0.0,32,nan
15.256143693129221,75.89928057553956,68.7,68.7,nan,12.656398336,nan,nan,32.0,0.0,32,nan
15.272816435496013,76.2589928057554,68.7,68.7,nan,12.656398336,nan,nan,32.0,0.0,32,nan
15.289493568738301,76.2589928057554,68.7,68.7,nan,12.656398336,nan,nan,32.0,0.0,32,nan
15.306163012981415,72.3021582733813,68.7,68.7,nan,12.656398336,nan,nan,31.0,0.0,32,nan
15.32283320426941,74.82014388489209,68.7,68.7,nan,12.656398336,nan,nan,31.0,0.0,32,nan
15.339508438110352,76.97841726618705,68.7,68.7,nan,12.656398336,nan,nan,32.0,0.0,32,nan
15.356181450684865,76.61870503597122,68.7,68.7,nan,12.656398336,nan,nan,32.0,0.0,32,nan
15.372850688298543,76.07913669064747,68.7,68.7,nan,12.656398336,nan,nan,31.0,1.0,32,nan
15.389520013332367,71.76258992805755,68.7,68.7,nan,12.658495488,nan,nan,31.0,0.0,32,nan
15.406193256378174,73.92086330935253,68.7,68.7,nan,12.658495488,nan,nan,32.0,0.0,32,nan
15.42286289135615,73.20143884892086,68.7,68.7,nan,12.658495488,nan,nan,31.0,0.0,32,nan
15.439532665411631,74.10071942446044,68.7,68.7,nan,12.658495488,nan,nan,32.0,0.0,32,nan
15.456201795736948,70.50359712230217,68.7,68.7,nan,12.658495488,nan,nan,30.0,0.0,32,nan
15.472878376642862,74.28057553956835,68.7,68.7,nan,12.658495488,nan,nan,32.0,0.0,32,nan
15.489548965295155,70.14388489208633,68.7,68.7,nan,12.658495488,nan,nan,31.0,0.0,32,nan
15.506218866507213,67.26618705035972,68.7,68.7,nan,12.677369856,nan,nan,30.0,0.0,32,nan
15.522893528143564,71.22302158273382,68.7,68.7,nan,12.700438528,nan,nan,31.0,0.0,32,nan
15.539568769931794,72.84172661870504,68.7,68.7,nan,12.700438528,nan,nan,29.0,1.0,32,nan
15.556244277954102,75.53956834532374,68.7,68.7,nan,12.700438528,nan,nan,32.0,0.0,32,nan
15.572918649514516,75.71942446043165,68.7,68.7,nan,12.700438528,nan,nan,32.0,0.0,32,nan
15.58959254026413,70.68345323741008,68.7,68.7,nan,12.700438528,nan,nan,30.0,0.0,32,nan
15.606268914540609,75.89928057553956,68.7,68.7,nan,12.700438528,nan,nan,32.0,0.0,32,nan
15.622939495245616,76.07913669064747,68.7,68.7,nan,12.70253568,nan,nan,32.0,0.0,32,nan
15.639614375432332,76.43884892086331,68.7,68.7,nan,12.715122688,nan,nan,31.0,1.0,32,nan
15.656287515163422,75.0,68.7,68.7,nan,12.715122688,nan,nan,31.0,0.0,32,nan
15.672960817813873,71.94244604316546,68.7,68.7,nan,12.71721984,nan,nan,30.0,0.0,32,nan
15.689636739095052,75.35971223021582,68.7,68.7,nan,12.71721984,nan,nan,31.0,0.0,32,nan
15.706308964888255,74.82014388489209,68.7,68.7,nan,12.71721984,nan,nan,31.0,0.0,32,nan
15.722979879379272,76.79856115107914,68.7,68.7,nan,12.71721984,nan,nan,32.0,0.0,32,nan
15.739652848243713,72.3021582733813,68.7,68.7,nan,12.71721984,nan,nan,30.0,0.0,32,nan
15.756328694025676,72.84172661870504,68.7,68.7,nan,12.738207744,nan,nan,30.0,0.0,32,nan
15.773002783457438,70.14388489208633,68.7,68.7,nan,12.742402048,nan,nan,30.0,0.0,32,nan
15.78967696428299,74.28057553956835,68.7,68.7,nan,12.748693504,nan,nan,31.0,0.0,32,nan
15.806351538499197,70.50359712230217,68.7,68.7,nan,12.830466048,nan,nan,29.0,0.0,32,nan
15.82303341627121,74.46043165467626,68.7,68.7,nan,12.849340416,nan,nan,31.0,0.0,32,nan
15.839709158738454,74.46043165467626,68.7,68.7,nan,12.849340416,nan,nan,31.0,0.0,32,nan
15.85638068517049,70.50359712230217,68.7,68.7,nan,12.849340416,nan,nan,29.0,0.0,32,nan
15.87306094566981,75.0,68.7,68.7,nan,12.461187072,nan,nan,31.0,0.0,32,nan
15.88973445892334,75.35971223021582,68.7,68.7,nan,12.469768192,nan,nan,32.0,0.0,32,nan
15.90641108751297,70.50359712230217,68.7,68.7,nan,12.469768192,nan,nan,30.0,0.0,32,nan
15.923085387547811,76.79856115107914,68.7,68.7,nan,12.469768192,nan,nan,32.0,0.0,32,nan
15.93976234594981,74.28057553956835,68.7,68.7,nan,12.469768192,nan,nan,31.0,0.0,32,nan
15.956435076395671,76.2589928057554,68.7,68.7,nan,12.476059648,nan,nan,32.0,0.0,32,nan
15.973111553986866,70.50359712230217,68.7,68.7,nan,12.476059648,nan,nan,30.0,0.0,32,nan
15.989785079161326,70.50359712230217,68.7,68.7,nan,12.484448256,nan,nan,30.0,0.0,32,nan
16.006460110346477,71.58273381294964,68.7,68.7,nan,12.518002688,nan,nan,30.0,0.0,32,nan
16.02313377857208,74.64028776978418,68.7,68.7,nan,12.52009984,nan,nan,30.0,1.0,32,nan
16.03980435927709,74.28057553956835,68.7,68.7,nan,12.557860864,nan,nan,30.0,0.0,32,nan
16.056473632653553,74.28057553956835,68.7,68.7,nan,12.597731328,nan,nan,30.0,0.0,32,nan
16.073143084843952,75.35971223021582,68.7,68.7,nan,12.608217088,nan,nan,31.0,0.0,32,nan
16.08981844584147,78.23741007194245,68.7,68.7,nan,12.61031424,nan,nan,32.0,0.0,32,nan
16.106492058436075,77.15827338129496,68.7,68.7,nan,12.61031424,nan,nan,32.0,0.0,32,nan
16.1231636206309,77.87769784172663,68.7,68.7,nan,12.612411392,nan,nan,32.0,0.0,32,nan
16.139836692810057,77.33812949640287,68.7,68.7,nan,12.612411392,nan,nan,32.0,0.0,32,nan
16.15650624036789,74.64028776978418,68.7,68.7,nan,12.612411392,nan,nan,31.0,0.0,32,nan
16.173182411988577,69.60431654676259,68.7,68.7,nan,12.6208,nan,nan,30.0,0.0,32,nan
16.18985979159673,71.94244604316546,68.7,68.7,nan,12.624994304,nan,nan,31.0,0.0,32,nan
16.20653358300527,72.12230215827337,68.7,68.7,nan,12.624994304,nan,nan,31.0,0.0,32,nan
16.223212734858194,68.5251798561151,68.7,68.7,nan,12.637564928,nan,nan,29.0,0.0,32,nan
16.239887221654257,68.88489208633092,68.7,68.7,nan,12.666933248,nan,nan,29.0,0.0,32,nan
16.256561024983725,75.17985611510791,68.7,68.7,nan,12.675321856,nan,nan,31.0,0.0,32,nan
16.273234379291534,75.17985611510791,68.7,68.7,nan,12.675321856,nan,nan,31.0,0.0,32,nan
16.289911997318267,73.56115107913669,68.7,68.7,nan,12.675321856,nan,nan,30.0,0.0,32,nan
16.306585601965587,71.22302158273382,68.7,68.7,nan,12.717264896,nan,nan,29.0,0.0,32,nan
16.323262778917947,74.46043165467626,68.7,68.7,nan,12.73194496,nan,nan,30.0,0.0,32,nan
16.339935576915742,71.0431654676259,68.7,68.7,nan,12.748722176,nan,nan,30.0,0.0,32,nan
16.35661225716273,71.0431654676259,68.7,68.7,nan,12.767596544,nan,nan,30.0,0.0,32,nan
16.373285698890687,72.84172661870504,68.7,68.7,nan,12.767596544,nan,nan,30.0,1.0,32,nan
16.389965136845905,73.74100719424462,68.7,68.7,nan,12.788568064,nan,nan,30.0,0.0,32,nan
16.40663635333379,77.6978417266187,68.7,68.7,nan,12.801150976,nan,nan,32.0,0.0,32,nan
16.423309644063313,75.53956834532374,68.7,68.7,nan,12.801150976,nan,nan,29.0,1.0,32,nan
16.439982016881306,73.92086330935253,68.7,68.7,nan,12.801150976,nan,nan,30.0,0.0,32,nan
16.456653495629627,76.2589928057554,68.7,68.7,nan,12.80534528,nan,nan,31.0,0.0,32,nan
16.47332742611567,74.64028776978418,68.7,68.7,nan,12.813733888,nan,nan,30.0,0.0,32,nan
16.489999322096505,74.28057553956835,68.7,68.7,nan,12.874551296,nan,nan,30.0,0.0,32,nan
16.506671865781147,75.71942446043165,68.7,68.7,nan,12.874551296,nan,nan,31.0,0.0,32,nan
16.523344492912294,73.56115107913669,68.7,68.7,nan,12.874551296,nan,nan,30.0,0.0,32,nan
16.540018467108407,74.28057553956835,68.7,68.7,nan,12.876648448,nan,nan,30.0,0.0,32,nan
16.556695397694906,75.0,68.7,68.7,nan,12.876648448,nan,nan,30.0,0.0,32,nan
16.573367953300476,76.79856115107914,68.7,68.7,nan,12.876648448,nan,nan,31.0,0.0,32,nan
16.590042408307394,76.61870503597122,68.7,68.7,nan,12.876648448,nan,nan,30.0,1.0,32,nan
16.60671534538269,79.13669064748201,68.7,68.7,nan,12.876648448,nan,nan,32.0,0.0,32,nan
16.62338780562083,79.31654676258992,68.7,68.7,nan,12.876648448,nan,nan,32.0,0.0,32,nan
16.640060969193776,79.67625899280574,68.7,68.7,nan,12.876648448,nan,nan,32.0,0.0,32,nan
16.656732722123465,77.15827338129496,68.7,68.7,nan,12.876648448,nan,nan,31.0,0.0,32,nan
16.673405520121257,78.05755395683454,68.7,68.7,nan,12.8787456,nan,nan,31.0,0.0,32,nan
16.690080058574676,75.35971223021582,68.7,68.7,nan,12.8787456,nan,nan,30.0,0.0,32,nan
16.706750798225404,77.15827338129496,68.7,68.7,nan,12.8787456,nan,nan,31.0,0.0,32,nan
16.72342686255773,76.2589928057554,68.7,68.7,nan,12.8787456,nan,nan,30.0,1.0,32,nan
16.74010279973348,78.9568345323741,68.7,68.7,nan,12.8787456,nan,nan,32.0,0.0,32,nan
16.75677756468455,76.97841726618705,68.7,68.7,nan,12.880842752,nan,nan,31.0,0.0,32,nan
16.7734507838885,78.9568345323741,68.7,68.7,nan,12.885037056,nan,nan,32.0,0.0,32,nan
16.790128513177237,70.86330935251799,68.7,68.7,nan,12.885037056,nan,nan,29.0,0.0,32,nan
16.806800138950347,76.79856115107914,68.7,68.7,nan,12.887134208,nan,nan,31.0,0.0,32,nan
16.823479131857553,76.79856115107914,68.7,68.7,nan,12.887134208,nan,nan,31.0,0.0,32,nan
16.840150157610577,75.0,68.7,68.7,nan,12.887134208,nan,nan,30.0,0.0,32,nan
16.85682168404261,75.0,68.7,68.7,nan,12.887134208,nan,nan,30.0,0.0,32,nan
16.873496544361114,76.07913669064747,68.7,68.7,nan,13.243650048,nan,nan,30.0,0.0,32,nan
16.890171440442405,78.05755395683454,68.7,68.7,nan,13.28769024,nan,nan,31.0,0.0,32,nan
16.90684651931127,78.23741007194245,68.7,68.7,nan,13.28769024,nan,nan,31.0,0.0,32,nan
16.923520108064015,80.2158273381295,68.7,68.7,nan,13.28769024,nan,nan,32.0,0.0,32,nan
16.94019413391749,80.2158273381295,68.7,68.7,nan,13.28769024,nan,nan,32.0,0.0,32,nan
16.956869582335155,76.61870503597122,68.7,68.7,nan,13.28769024,nan,nan,30.0,0.0,32,nan
16.97354361216227,80.75539568345323,68.7,68.7,nan,13.289787392,nan,nan,32.0,0.0,32,nan
16.990217570463816,77.15827338129496,68.7,68.7,nan,13.289787392,nan,nan,30.0,0.0,32,nan
17.006895768642426,76.79856115107914,68.7,68.7,nan,13.826658304,nan,nan,30.0,0.0,32,nan
17.023568109671274,74.10071942446044,68.7,68.7,nan,13.845532672,nan,nan,29.0,0.0,32,nan
17.040242862701415,79.49640287769783,68.7,68.7,nan,13.847629824,nan,nan,30.0,0.0,32,nan
17.05691666205724,79.49640287769783,68.7,68.7,nan,13.847629824,nan,nan,31.0,0.0,32,nan
17.073594041665395,81.83453237410072,68.7,68.7,nan,13.849726976,nan,nan,32.0,0.0,32,nan
17.09026705423991,79.49640287769783,68.7,68.7,nan,13.849726976,nan,nan,31.0,0.0,32,nan
17.106943428516388,80.2158273381295,68.7,68.7,nan,13.849726976,nan,nan,31.0,0.0,32,nan
17.12361735900243,79.13669064748201,68.7,68.7,nan,13.849726976,nan,nan,31.0,0.0,32,nan
17.1402947584788,81.65467625899281,68.7,68.7,nan,13.849726976,nan,nan,32.0,0.0,32,nan
17.15696725050608,81.83453237410072,68.7,68.7,nan,13.849726976,nan,nan,32.0,0.0,32,nan
17.173645742734273,77.5179856115108,68.7,68.7,nan,13.849726976,nan,nan,31.0,0.0,32,nan
17.190318103631338,77.5179856115108,68.7,68.7,nan,13.849726976,nan,nan,31.0,0.0,32,nan
17.2069974342982,75.71942446043165,68.7,68.7,nan,13.851824128,nan,nan,30.0,0.0,32,nan
17.223670399188997,75.89928057553956,68.7,68.7,nan,13.851824128,nan,nan,29.0,0.0,32,nan
17.24034482638041,79.13669064748201,68.7,68.7,nan,13.851824128,nan,nan,31.0,0.0,32,nan
17.257017024358113,73.38129496402878,68.7,68.7,nan,13.851824128,nan,nan,29.0,0.0,32,nan
17.27369563182195,77.6978417266187,68.7,68.7,nan,13.851824128,nan,nan,31.0,0.0,32,nan
17.290370519955953,77.87769784172663,68.7,68.7,nan,13.851824128,nan,nan,31.0,0.0,32,nan
17.307042972246805,76.07913669064747,68.7,68.7,nan,13.860212736,nan,nan,29.0,0.0,32,nan
17.32371878226598,78.23741007194245,68.7,68.7,nan,13.86440704,nan,nan,31.0,0.0,32,nan
17.340395220120747,78.41726618705036,68.7,68.7,nan,13.86440704,nan,nan,31.0,0.0,32,nan
17.357068697611492,79.13669064748201,68.7,68.7,nan,13.86440704,nan,nan,31.0,0.0,32,nan
17.373746017615,78.59712230215827,68.7,68.7,nan,13.86440704,nan,nan,31.0,0.0,32,nan
17.390419268608092,76.97841726618705,68.7,68.7,nan,13.86440704,nan,nan,30.0,0.0,32,nan
17.407090977827707,76.97841726618705,68.7,68.7,nan,13.86440704,nan,nan,30.0,0.0,32,nan
17.423764181137084,81.29496402877699,68.7,68.7,nan,13.86440704,nan,nan,31.0,0.0,32,nan
17.440435190995533,82.01438848920863,68.7,68.7,nan,13.866504192,nan,nan,31.0,0.0,32,nan
17.457111394405366,81.4748201438849,68.7,68.7,nan,13.866504192,nan,nan,31.0,0.0,32,nan
17.473782006899516,81.4748201438849,68.7,68.7,nan,13.866504192,nan,nan,31.0,0.0,32,nan
17.490459795792898,81.4748201438849,68.7,68.7,nan,13.868601344,nan,nan,31.0,0.0,32,nan
17.507133750120797,81.4748201438849,68.7,68.7,nan,13.868601344,nan,nan,31.0,0.0,32,nan
17.523812218507132,81.4748201438849,68.7,68.7,nan,13.868601344,nan,nan,31.0,0.0,32,nan
17.540486407279968,81.4748201438849,68.7,68.7,nan,13.870698496,nan,nan,31.0,0.0,32,nan
17.55715740919113,75.89928057553956,68.7,68.7,nan,13.870698496,nan,nan,29.0,0.0,32,nan
17.57383143901825,75.71942446043165,68.7,68.7,nan,13.923127296,nan,nan,29.0,0.0,32,nan
17.590503374735516,76.97841726618705,68.7,68.7,nan,13.923127296,nan,nan,30.0,0.0,32,nan
17.607176045576733,76.97841726618705,68.7,68.7,nan,13.9273216,nan,nan,30.0,0.0,32,nan
17.62384855747223,77.15827338129496,68.7,68.7,nan,13.9273216,nan,nan,30.0,0.0,32,nan
17.640521172682444,77.6978417266187,68.7,68.7,nan,13.929418752,nan,nan,30.0,0.0,32,nan
17.657192718982696,75.0,68.7,68.7,nan,13.933613056,nan,nan,29.0,0.0,32,nan
17.67386650244395,72.4820143884892,68.7,68.7,nan,13.950390272,nan,nan,28.0,0.0,32,nan
17.690537464618682,75.35971223021582,68.7,68.7,nan,13.967167488,nan,nan,28.0,1.0,32,nan
17.707211860020955,77.5179856115108,68.7,68.7,nan,13.967167488,nan,nan,30.0,0.0,32,nan
17.723886561393737,78.05755395683454,68.7,68.7,nan,13.967167488,nan,nan,30.0,0.0,32,nan
17.740565530459087,77.33812949640287,68.7,68.7,nan,13.967167488,nan,nan,29.0,1.0,32,nan
17.757238364219667,75.71942446043165,68.7,68.7,nan,13.967167488,nan,nan,29.0,0.0,32,nan
17.77391107082367,78.05755395683454,68.7,68.7,nan,13.967167488,nan,nan,30.0,0.0,32,nan
17.790585565567017,80.39568345323741,68.7,68.7,nan,13.967167488,nan,nan,30.0,1.0,32,nan
17.807262082894642,73.38129496402878,68.7,68.7,nan,13.967167488,nan,nan,29.0,0.0,32,nan
17.823933613300323,77.87769784172663,68.7,68.7,nan,13.967167488,nan,nan,30.0,0.0,32,nan
17.840614012877147,72.84172661870504,68.7,68.7,nan,13.973458944,nan,nan,29.0,0.0,32,nan
17.857292405764262,77.33812949640287,68.7,68.7,nan,13.977653248,nan,nan,30.0,0.0,32,nan
17.873964961369833,76.97841726618705,68.7,68.7,nan,13.977653248,nan,nan,30.0,0.0,32,nan
17.890644725163778,72.66187050359711,68.7,68.7,nan,13.977653248,nan,nan,29.0,0.0,32,nan
17.907317113876342,73.38129496402878,68.7,68.7,nan,13.981847552,nan,nan,29.0,0.0,32,nan
17.92399261792501,66.18705035971223,68.7,68.7,nan,13.992333312,nan,nan,26.0,0.0,32,nan
17.940667514006297,66.54676258992806,68.7,68.7,nan,13.996527616,nan,nan,27.0,0.0,32,nan
17.95733869075775,69.06474820143885,68.7,68.7,nan,14.00072192,nan,nan,27.0,0.0,32,nan
17.974012474219005,68.88489208633092,68.7,68.7,nan,13.813911552,nan,nan,26.0,0.0,32,nan
17.990683309237163,69.96402877697841,68.7,68.7,nan,13.950246912,nan,nan,28.0,0.0,32,nan
18.007354990641275,70.86330935251799,68.7,68.7,nan,13.388197888,nan,nan,28.0,1.0,32,nan
18.024028289318085,71.0431654676259,68.7,68.7,nan,13.404975104,nan,nan,29.0,0.0,32,nan
18.04070290327072,77.15827338129496,68.7,68.7,nan,13.404975104,nan,nan,30.0,1.0,32,nan
18.05737522045771,78.41726618705036,68.7,68.7,nan,12.494733312,nan,nan,30.0,1.0,32,nan
18.074047418435416,76.79856115107914,68.7,68.7,nan,12.494733312,nan,nan,31.0,0.0,32,nan
18.09071972767512,74.28057553956835,68.7,68.7,nan,12.758974464,nan,nan,30.0,0.0,32,nan
18.107394381364188,74.46043165467626,68.7,68.7,nan,12.819791872,nan,nan,30.0,0.0,32,nan
18.124066038926443,75.0,68.7,68.7,nan,12.870160384,nan,nan,30.0,0.0,32,nan
18.14073800643285,72.4820143884892,68.7,68.7,nan,12.903714816,nan,nan,29.0,0.0,32,nan
18.15741008122762,74.64028776978418,68.7,68.7,nan,12.924686336,nan,nan,30.0,0.0,32,nan
18.17408032019933,74.64028776978418,68.7,68.7,nan,12.951957504,nan,nan,30.0,0.0,32,nan
18.19075184663137,74.64028776978418,68.7,68.7,nan,12.964540416,nan,nan,30.0,0.0,32,nan
18.207424652576446,73.74100719424462,68.7,68.7,nan,12.985516032,nan,nan,29.0,0.0,32,nan
18.224098153909047,71.76258992805755,68.7,68.7,nan,13.000196096,nan,nan,28.0,0.0,32,nan
18.240771452585857,75.17985611510791,68.7,68.7,nan,13.008584704,nan,nan,30.0,0.0,32,nan
18.25744630098343,73.02158273381295,68.7,68.7,nan,13.010681856,nan,nan,29.0,0.0,32,nan
18.274117259184518,77.6978417266187,68.7,68.7,nan,13.012779008,nan,nan,31.0,0.0,32,nan
18.290791602929435,79.67625899280574,68.7,68.7,nan,13.012779008,nan,nan,32.0,0.0,32,nan
18.307464138666788,79.67625899280574,68.7,68.7,nan,13.012779008,nan,nan,32.0,0.0,32,nan
18.324136340618132,78.9568345323741,68.7,68.7,nan,13.027459072,nan,nan,31.0,0.0,32,nan
18.340811030069986,77.15827338129496,68.7,68.7,nan,13.027459072,nan,nan,30.0,0.0,32,nan
18.35748114188512,77.6978417266187,68.7,68.7,nan,13.027459072,nan,nan,31.0,0.0,32,nan
18.37415270805359,71.76258992805755,68.7,68.7,nan,13.027459072,nan,nan,30.0,0.0,32,nan
18.390823185443878,78.59712230215827,68.7,68.7,nan,13.027459072,nan,nan,31.0,0.0,32,nan
18.407495482762656,74.10071942446044,68.7,68.7,nan,13.027459072,nan,nan,31.0,0.0,32,nan
18.424166190624238,78.05755395683454,68.7,68.7,nan,13.027459072,nan,nan,32.0,0.0,32,nan
18.440843963623045,78.41726618705036,68.7,68.7,nan,13.027459072,nan,nan,32.0,0.0,32,nan
18.457516145706176,75.89928057553956,68.7,68.7,nan,13.027459072,nan,nan,31.0,0.0,32,nan
18.474186988671622,76.79856115107914,68.7,68.7,nan,13.029556224,nan,nan,31.0,0.0,32,nan
18.49085941314697,78.41726618705036,68.7,68.7,nan,13.029556224,nan,nan,32.0,0.0,32,nan
18.507531758149465,76.43884892086331,68.7,68.7,nan,13.029556224,nan,nan,31.0,0.0,32,nan
18.524209813276926,79.31654676258992,68.7,68.7,nan,13.029556224,nan,nan,32.0,0.0,32,nan
18.540882321198783,76.97841726618705,68.7,68.7,nan,13.029556224,nan,nan,31.0,0.0,32,nan
18.557552357514698,78.77697841726618,68.7,68.7,nan,13.029556224,nan,nan,32.0,0.0,32,nan
18.57422822713852,78.9568345323741,68.7,68.7,nan,13.029556224,nan,nan,32.0,0.0,32,nan
18.59089946746826,78.9568345323741,68.7,68.7,nan,13.029556224,nan,nan,32.0,0.0,32,nan
18.60758069753647,77.5179856115108,68.7,68.7,nan,13.029556224,nan,nan,31.0,0.0,32,nan
18.62425292332967,79.13669064748201,68.7,68.7,nan,13.029556224,nan,nan,32.0,0.0,32,nan
18.640927453835804,79.49640287769783,68.7,68.7,nan,13.029556224,nan,nan,32.0,0.0,32,nan
18.657600887616475,79.49640287769783,68.7,68.7,nan,13.029556224,nan,nan,32.0,0.0,32,nan
18.674271885553996,77.15827338129496,68.7,68.7,nan,13.029556224,nan,nan,31.0,0.0,32,nan
18.69094564517339,78.9568345323741,68.7,68.7,nan,13.029556224,nan,nan,32.0,0.0,32,nan
18.707616543769838,78.9568345323741,68.7,68.7,nan,13.029556224,nan,nan,32.0,0.0,32,nan
18.72428638935089,78.9568345323741,68.7,68.7,nan,13.050527744,nan,nan,32.0,0.0,32,nan
18.740963311990104,76.2589928057554,68.7,68.7,nan,13.050527744,nan,nan,31.0,0.0,32,nan
18.757637031873067,79.67625899280574,68.7,68.7,nan,13.050527744,nan,nan,32.0,0.0,32,nan
18.77431079943975,79.13669064748201,68.7,68.7,nan,13.050527744,nan,nan,32.0,0.0,32,nan
18.790984173615772,79.67625899280574,68.7,68.7,nan,13.050527744,nan,nan,31.0,0.0,32,nan
18.807662912209828,79.13669064748201,68.7,68.7,nan,13.079887872,nan,nan,31.0,1.0,32,nan
18.8243336558342,72.3021582733813,68.7,68.7,nan,13.079887872,nan,nan,30.0,0.0,32,nan
18.841009346644082,79.67625899280574,68.7,68.7,nan,13.079887872,nan,nan,32.0,0.0,32,nan
18.857681294282276,79.67625899280574,68.7,68.7,nan,13.079887872,nan,nan,32.0,0.0,32,nan
18.874353921413423,76.97841726618705,68.7,68.7,nan,13.079887872,nan,nan,31.0,0.0,32,nan
18.891027291615803,79.67625899280574,68.7,68.7,nan,13.079887872,nan,nan,31.0,1.0,32,nan
18.907697109381356,79.85611510791367,68.7,68.7,nan,13.079887872,nan,nan,32.0,0.0,32,nan
18.924367344379426,75.53956834532374,68.7,68.7,nan,13.079887872,nan,nan,30.0,0.0,32,nan
18.9410383383433,80.03597122302159,68.7,68.7,nan,13.081985024,nan,nan,32.0,0.0,32,nan
18.957710178693137,78.23741007194245,68.7,68.7,nan,13.081985024,nan,nan,31.0,0.0,32,nan
18.974380946159364,78.59712230215827,68.7,68.7,nan,13.081985024,nan,nan,31.0,0.0,32,nan
18.991060813268025,80.03597122302159,68.7,68.7,nan,13.081985024,nan,nan,32.0,0.0,32,nan
19.007730011145274,78.05755395683454,68.7,68.7,nan,13.081985024,nan,nan,31.0,0.0,32,nan
19.024400993188223,77.5179856115108,68.7,68.7,nan,13.121830912,nan,nan,31.0,0.0,32,nan
19.041079183419544,81.4748201438849,68.7,68.7,nan,13.247660032,nan,nan,31.0,0.0,32,nan
19.057750888665517,73.74100719424462,68.7,68.7,nan,13.247660032,nan,nan,30.0,0.0,32,nan
19.074429214000702,73.92086330935253,68.7,68.7,nan,13.249757184,nan,nan,30.0,0.0,32,nan
19.09110088745753,74.28057553956835,68.7,68.7,nan,13.249757184,nan,nan,30.0,0.0,32,nan
19.107779800891876,74.28057553956835,68.7,68.7,nan,13.249757184,nan,nan,30.0,0.0,32,nan
19.124451982975007,78.77697841726618,68.7,68.7,nan,13.249757184,nan,nan,31.0,0.0,32,nan
19.141129851341248,78.23741007194245,68.7,68.7,nan,13.249757184,nan,nan,30.0,1.0,32,nan
19.157803014914194,78.9568345323741,68.7,68.7,nan,13.249757184,nan,nan,31.0,0.0,32,nan
19.17447796265284,81.65467625899281,68.7,68.7,nan,13.249757184,nan,nan,32.0,0.0,32,nan
19.191154746214547,81.83453237410072,68.7,68.7,nan,13.249757184,nan,nan,32.0,0.0,32,nan
19.207826598485312,81.29496402877699,68.7,68.7,nan,13.249757184,nan,nan,32.0,0.0,32,nan
19.224498037497202,81.29496402877699,68.7,68.7,nan,13.249757184,nan,nan,32.0,0.0,32,nan
19.241171367963155,78.9568345323741,68.7,68.7,nan,13.262352384,nan,nan,31.0,0.0,32,nan
19.257841769854227,82.19424460431655,68.7,68.7,nan,13.262352384,nan,nan,32.0,0.0,32,nan
19.274515521526336,81.65467625899281,68.7,68.7,nan,13.262352384,nan,nan,31.0,0.0,32,nan
19.291194780667624,81.65467625899281,68.7,68.7,nan,13.262352384,nan,nan,32.0,0.0,32,nan
19.307864701747896,75.17985611510791,68.7,68.7,nan,13.262352384,nan,nan,30.0,0.0,32,nan
19.324535504976907,75.35971223021582,68.7,68.7,nan,13.262352384,nan,nan,30.0,0.0,32,nan
19.34120767513911,71.40287769784173,68.7,68.7,nan,13.262352384,nan,nan,28.0,0.0,32,nan
19.357883282502492,77.6978417266187,68.7,68.7,nan,13.262352384,nan,nan,31.0,0.0,32,nan
19.374552941322328,80.93525179856115,68.7,68.7,nan,13.262352384,nan,nan,31.0,0.0,32,nan
19.391229220231374,82.37410071942446,68.7,68.7,nan,13.262352384,nan,nan,31.0,0.0,32,nan
19.407899288336434,79.85611510791367,68.7,68.7,nan,13.440610304,nan,nan,31.0,0.0,32,nan
19.424571490287782,75.53956834532374,68.7,68.7,nan,13.514010624,nan,nan,29.0,0.0,32,nan
19.44124652147293,79.67625899280574,68.7,68.7,nan,13.526593536,nan,nan,31.0,0.0,32,nan
19.45791703859965,79.67625899280574,68.7,68.7,nan,13.543370752,nan,nan,31.0,0.0,32,nan
19.474595395723977,79.67625899280574,68.7,68.7,nan,13.566439424,nan,nan,31.0,0.0,32,nan
19.49126807053884,75.0,68.7,68.7,nan,13.570633728,nan,nan,30.0,0.0,32,nan
19.507937077681223,77.87769784172663,68.7,68.7,nan,13.574828032,nan,nan,29.0,0.0,32,nan
19.524611055850983,77.33812949640287,68.7,68.7,nan,13.58323712,nan,nan,30.0,0.0,32,nan
19.541280364990236,77.87769784172663,68.7,68.7,nan,13.58323712,nan,nan,30.0,0.0,32,nan
19.557954061031342,77.87769784172663,68.7,68.7,nan,13.58323712,nan,nan,30.0,0.0,32,nan
19.574626354376473,75.89928057553956,68.7,68.7,nan,13.585334272,nan,nan,29.0,0.0,32,nan
19.591300169626873,76.07913669064747,68.7,68.7,nan,13.585334272,nan,nan,29.0,0.0,32,nan
19.60797755320867,78.23741007194245,68.7,68.7,nan,13.585334272,nan,nan,30.0,0.0,32,nan
19.624650863806405,78.23741007194245,68.7,68.7,nan,13.585334272,nan,nan,30.0,0.0,32,nan
19.641328616937002,78.41726618705036,68.7,68.7,nan,13.585334272,nan,nan,30.0,0.0,32,nan
19.657999404271443,78.41726618705036,68.7,68.7,nan,13.585334272,nan,nan,30.0,0.0,32,nan
19.674676628907523,78.41726618705036,68.7,68.7,nan,12.909797376,nan,nan,30.0,0.0,32,nan
19.691350412368774,79.49640287769783,68.7,68.7,nan,12.95392768,nan,nan,31.0,0.0,32,nan
19.708023766676586,79.49640287769783,68.7,68.7,nan,12.95392768,nan,nan,31.0,0.0,32,nan
19.724696135520936,79.67625899280574,68.7,68.7,nan,12.95392768,nan,nan,31.0,0.0,32,nan
19.74137020111084,78.23741007194245,68.7,68.7,nan,12.97281024,nan,nan,30.0,0.0,32,nan
19.75804286400477,79.67625899280574,68.7,68.7,nan,12.974907392,nan,nan,31.0,0.0,32,nan
19.7747154990832,80.03597122302159,68.7,68.7,nan,13.002166272,nan,nan,31.0,0.0,32,nan
19.791388845443727,80.03597122302159,68.7,68.7,nan,13.002166272,nan,nan,31.0,0.0,32,nan
19.80806129773458,82.01438848920863,68.7,68.7,nan,13.002166272,nan,nan,32.0,0.0,32,nan
19.824734465281168,80.57553956834532,68.7,68.7,nan,13.002166272,nan,nan,31.0,0.0,32,nan
19.841407946745555,82.01438848920863,68.7,68.7,nan,13.002166272,nan,nan,32.0,0.0,32,nan
19.85808083216349,82.19424460431655,68.7,68.7,nan,13.002166272,nan,nan,32.0,0.0,32,nan
19.874753161271414,80.03597122302159,68.7,68.7,nan,13.002166272,nan,nan,31.0,0.0,32,nan
19.891425840059917,81.83453237410072,68.7,68.7,nan,13.035720704,nan,nan,32.0,0.0,32,nan
19.90809954404831,79.85611510791367,68.7,68.7,nan,13.035720704,nan,nan,31.0,0.0,32,nan
19.924771873156228,79.85611510791367,68.7,68.7,nan,13.035720704,nan,nan,31.0,0.0,32,nan
19.941445048650106,79.85611510791367,68.7,68.7,nan,13.035720704,nan,nan,31.0,0.0,32,nan
19.95811788638433,81.11510791366908,68.7,68.7,nan,13.046206464,nan,nan,31.0,0.0,32,nan
19.974790954589842,80.2158273381295,68.7,68.7,nan,13.046206464,nan,nan,31.0,0.0,32,nan
19.991465067863466,77.87769784172663,68.7,68.7,nan,13.046206464,nan,nan,30.0,0.0,32,nan
20.008137838045755,80.2158273381295,68.7,68.7,nan,13.046206464,nan,nan,31.0,0.0,32,nan
20.024810445308685,81.4748201438849,68.7,68.7,nan,13.05249792,nan,nan,31.0,0.0,32,nan
20.04148312807083,80.57553956834532,68.7,68.7,nan,13.05249792,nan,nan,31.0,0.0,32,nan
20.05815528233846,80.57553956834532,68.7,68.7,nan,13.05249792,nan,nan,31.0,0.0,32,nan
20.074825970331826,78.59712230215827,68.7,68.7,nan,13.05249792,nan,nan,30.0,0.0,32,nan
20.091499749819437,78.59712230215827,68.7,68.7,nan,13.05249792,nan,nan,30.0,0.0,32,nan
20.10817064444224,78.59712230215827,68.7,68.7,nan,13.05249792,nan,nan,30.0,0.0,32,nan
20.124843072891235,73.92086330935253,68.7,68.7,nan,13.05249792,nan,nan,28.0,0.0,32,nan
20.14151773452759,77.6978417266187,68.7,68.7,nan,13.056692224,nan,nan,29.0,0.0,32,nan
20.15819259881973,75.17985611510791,68.7,68.7,nan,13.079785472,nan,nan,29.0,0.0,32,nan
20.174866863091786,81.65467625899281,68.7,68.7,nan,13.079785472,nan,nan,31.0,0.0,32,nan
20.191538763046264,81.83453237410072,68.7,68.7,nan,13.079785472,nan,nan,31.0,0.0,32,nan
20.208211012681325,82.37410071942446,68.7,68.7,nan,13.079785472,nan,nan,31.0,0.0,32,nan
20.22488289674123,81.11510791366908,68.7,68.7,nan,13.079785472,nan,nan,30.0,0.0,32,nan
20.241564043362935,81.65467625899281,68.7,68.7,nan,13.113339904,nan,nan,30.0,0.0,32,nan
20.258240242799122,80.93525179856115,68.7,68.7,nan,13.125922816,nan,nan,30.0,0.0,32,nan
20.274914264678955,82.91366906474819,68.7,68.7,nan,13.125922816,nan,nan,31.0,0.0,32,nan
20.291591930389405,79.49640287769783,68.7,68.7,nan,12.846936064,nan,nan,29.0,0.0,32,nan
20.308264752229054,77.15827338129496,68.7,68.7,nan,12.846936064,nan,nan,30.0,0.0,32,nan
20.324936378002167,81.83453237410072,68.7,68.7,nan,12.846936064,nan,nan,31.0,0.0,32,nan
20.341608719031015,81.83453237410072,68.7,68.7,nan,12.846936064,nan,nan,31.0,0.0,32,nan
20.358282240231834,80.2158273381295,68.7,68.7,nan,12.846936064,nan,nan,31.0,0.0,32,nan
20.374954867362977,78.59712230215827,68.7,68.7,nan,12.846936064,nan,nan,30.0,0.0,32,nan
20.391628909111024,79.67625899280574,68.7,68.7,nan,12.865806336,nan,nan,30.0,0.0,32,nan
20.408300336201986,80.57553956834532,68.7,68.7,nan,12.886777856,nan,nan,31.0,0.0,32,nan
20.424971640110016,80.57553956834532,68.7,68.7,nan,12.886777856,nan,nan,31.0,0.0,32,nan
20.441644513607024,79.31654676258992,68.7,68.7,nan,12.897263616,nan,nan,30.0,0.0,32,nan
20.458317426840463,75.17985611510791,68.7,68.7,nan,12.897263616,nan,nan,29.0,0.0,32,nan
20.474992922941844,81.11510791366908,68.7,68.7,nan,12.897263616,nan,nan,31.0,0.0,32,nan
20.491665236155193,81.11510791366908,68.7,68.7,nan,12.897263616,nan,nan,31.0,0.0,32,nan
20.508337608973186,81.29496402877699,68.7,68.7,nan,12.897263616,nan,nan,31.0,0.0,32,nan
20.525011614958444,83.63309352517986,68.7,68.7,nan,12.897263616,nan,nan,32.0,0.0,32,nan
20.54168413480123,83.63309352517986,68.7,68.7,nan,12.897263616,nan,nan,32.0,0.0,32,nan
20.558358458677926,83.81294964028777,68.7,68.7,nan,12.897263616,nan,nan,32.0,0.0,32,nan
20.575030994415282,84.71223021582735,68.7,68.7,nan,12.897263616,nan,nan,32.0,0.0,32,nan
20.591704698403678,81.83453237410072,68.7,68.7,nan,12.897263616,nan,nan,31.0,0.0,32,nan
20.60837704340617,80.2158273381295,68.7,68.7,nan,12.897263616,nan,nan,29.0,1.0,32,nan
20.625049233436584,77.33812949640287,68.7,68.7,nan,12.897263616,nan,nan,30.0,0.0,32,nan
20.641721928119658,80.2158273381295,68.7,68.7,nan,12.897263616,nan,nan,31.0,0.0,32,nan
20.65839408238729,76.61870503597122,68.7,68.7,nan,12.920332288,nan,nan,29.0,1.0,32,nan
20.67506651878357,77.87769784172663,68.7,68.7,nan,12.920332288,nan,nan,31.0,0.0,32,nan
20.69174114863078,77.87769784172663,68.7,68.7,nan,12.920332288,nan,nan,30.0,1.0,32,nan
20.708414443333943,77.87769784172663,68.7,68.7,nan,12.920332288,nan,nan,31.0,0.0,32,nan
20.725086573759715,77.87769784172663,68.7,68.7,nan,12.920332288,nan,nan,30.0,0.0,32,nan
20.74175922870636,76.07913669064747,68.7,68.7,nan,12.920332288,nan,nan,30.0,0.0,32,nan
20.758431947231294,77.6978417266187,68.7,68.7,nan,12.920332288,nan,nan,31.0,0.0,32,nan
20.775103425979616,77.87769784172663,68.7,68.7,nan,12.920332288,nan,nan,31.0,0.0,32,nan
20.79177572329839,77.87769784172663,68.7,68.7,nan,12.920332288,nan,nan,31.0,0.0,32,nan
20.808446749051413,74.82014388489209,68.7,68.7,nan,12.920332288,nan,nan,30.0,0.0,32,nan
20.825118800004322,75.35971223021582,68.7,68.7,nan,12.928724992,nan,nan,30.0,0.0,32,nan
20.841797411441803,75.53956834532374,68.7,68.7,nan,12.966473728,nan,nan,30.0,0.0,32,nan
20.858470026652018,72.66187050359711,68.7,68.7,nan,13.004222464,nan,nan,28.0,1.0,32,nan
20.87514077027639,72.84172661870504,68.7,68.7,nan,13.088108544,nan,nan,29.0,0.0,32,nan
20.891812340418497,73.02158273381295,68.7,68.7,nan,13.188775936,nan,nan,29.0,0.0,32,nan
20.908484621842703,73.38129496402878,68.7,68.7,nan,13.226524672,nan,nan,29.0,0.0,32,nan
20.92515745560328,71.76258992805755,68.7,68.7,nan,13.23491328,nan,nan,27.0,0.0,32,nan
20.941828838984172,73.20143884892086,68.7,68.7,nan,12.849389568,nan,nan,29.0,0.0,32,nan
20.95850136677424,73.92086330935253,68.7,68.7,nan,12.853583872,nan,nan,30.0,0.0,32,nan
20.97517650127411,73.92086330935253,68.7,68.7,nan,12.968927232,nan,nan,29.0,0.0,32,nan
20.99184883038203,73.74100719424462,68.7,68.7,nan,12.9878016,nan,nan,30.0,0.0,32,nan
21.008521242936453,73.74100719424462,68.7,68.7,nan,12.989898752,nan,nan,30.0,0.0,32,nan
21.025196170806886,73.02158273381295,68.7,68.7,nan,13.015252992,nan,nan,29.0,0.0,32,nan
21.041869298617044,73.92086330935253,68.7,68.7,nan,12.44055552,nan,nan,30.0,0.0,32,nan
21.058541770776113,74.82014388489209,68.7,68.7,nan,12.44055552,nan,nan,30.0,0.0,32,nan
21.0752143740654,73.38129496402878,68.7,68.7,nan,12.446846976,nan,nan,30.0,0.0,32,nan
21.09188461303711,75.0,68.7,68.7,nan,12.45104128,nan,nan,30.0,0.0,32,nan
21.108559938271842,75.35971223021582,68.7,68.7,nan,12.45104128,nan,nan,31.0,0.0,32,nan
21.125234846274058,77.6978417266187,68.7,68.7,nan,12.453138432,nan,nan,32.0,0.0,32,nan
21.14190940062205,77.6978417266187,68.7,68.7,nan,12.453138432,nan,nan,31.0,0.0,32,nan
21.158581733703613,74.46043165467626,68.7,68.7,nan,12.4720128,nan,nan,30.0,0.0,32,nan
21.17525411049525,76.2589928057554,68.7,68.7,nan,12.554018816,nan,nan,31.0,0.0,32,nan
21.19192625284195,76.97841726618705,68.7,68.7,nan,12.556115968,nan,nan,32.0,0.0,32,nan
21.208598681290944,78.05755395683454,68.7,68.7,nan,12.556115968,nan,nan,32.0,0.0,32,nan
21.225271173318227,77.5179856115108,68.7,68.7,nan,12.556115968,nan,nan,32.0,0.0,32,nan
21.241944150129953,77.6978417266187,68.7,68.7,nan,12.566626304,nan,nan,32.0,0.0,32,nan
21.25861666997274,78.41726618705036,68.7,68.7,nan,12.566626304,nan,nan,32.0,0.0,32,nan
21.275288772583007,78.05755395683454,68.7,68.7,nan,12.566626304,nan,nan,31.0,0.0,32,nan
21.291964515050253,78.59712230215827,68.7,68.7,nan,12.595986432,nan,nan,32.0,0.0,32,nan
21.308636065324148,78.59712230215827,68.7,68.7,nan,12.595986432,nan,nan,32.0,0.0,32,nan
21.325308529535928,79.13669064748201,68.7,68.7,nan,12.595986432,nan,nan,32.0,0.0,32,nan
21.341981303691863,79.13669064748201,68.7,68.7,nan,12.595986432,nan,nan,32.0,0.0,32,nan
21.358653831481934,79.49640287769783,68.7,68.7,nan,12.612763648,nan,nan,32.0,0.0,32,nan
21.37532640695572,79.49640287769783,68.7,68.7,nan,12.612763648,nan,nan,32.0,0.0,32,nan
21.39199844201406,77.87769784172663,68.7,68.7,nan,12.612763648,nan,nan,31.0,0.0,32,nan
21.408670377731323,79.49640287769783,68.7,68.7,nan,12.612763648,nan,nan,31.0,1.0,32,nan
21.42534304857254,80.2158273381295,68.7,68.7,nan,12.6148608,nan,nan,32.0,0.0,32,nan
21.44201552470525,79.85611510791367,68.7,68.7,nan,12.6148608,nan,nan,32.0,0.0,32,nan
21.45868797302246,78.41726618705036,68.7,68.7,nan,12.62534656,nan,nan,31.0,0.0,32,nan
21.475360417366026,79.49640287769783,68.7,68.7,nan,12.64631808,nan,nan,32.0,0.0,32,nan
21.492032992839814,77.15827338129496,68.7,68.7,nan,12.64631808,nan,nan,31.0,0.0,32,nan
21.50870325565338,77.15827338129496,68.7,68.7,nan,12.64631808,nan,nan,31.0,0.0,32,nan
21.525375779469808,79.49640287769783,68.7,68.7,nan,12.64631808,nan,nan,32.0,0.0,32,nan
21.542047905921937,79.49640287769783,68.7,68.7,nan,12.64631808,nan,nan,32.0,0.0,32,nan
21.558720747629803,79.85611510791367,68.7,68.7,nan,12.64631808,nan,nan,32.0,0.0,32,nan
21.575393116474153,80.03597122302159,68.7,68.7,nan,12.64631808,nan,nan,32.0,0.0,32,nan
21.59206492503484,80.03597122302159,68.7,68.7,nan,12.64631808,nan,nan,32.0,0.0,32,nan
21.608737234274546,80.03597122302159,68.7,68.7,nan,12.64631808,nan,nan,32.0,0.0,32,nan
21.625410556793213,79.13669064748201,68.7,68.7,nan,12.679876608,nan,nan,31.0,0.0,32,nan
21.64208169778188,79.49640287769783,68.7,68.7,nan,12.681977856,nan,nan,31.0,0.0,32,nan
21.658754543463388,78.9568345323741,68.7,68.7,nan,12.681977856,nan,nan,31.0,0.0,32,nan
21.67542719443639,78.9568345323741,68.7,68.7,nan,12.681977856,nan,nan,31.0,0.0,32,nan
21.692099797725678,78.9568345323741,68.7,68.7,nan,12.681977856,nan,nan,31.0,0.0,32,nan
21.708775945504506,79.13669064748201,68.7,68.7,nan,12.681977856,nan,nan,31.0,0.0,32,nan
21.725445850690207,75.35971223021582,68.7,68.7,nan,12.70714368,nan,nan,29.0,0.0,32,nan
21.742118231455485,77.87769784172663,68.7,68.7,nan,12.799418368,nan,nan,30.0,0.0,32,nan
21.758794192473093,78.9568345323741,68.7,68.7,nan,12.839264256,nan,nan,31.0,0.0,32,nan
21.77546681165695,80.57553956834532,68.7,68.7,nan,12.839264256,nan,nan,32.0,0.0,32,nan
21.792141314347585,80.75539568345323,68.7,68.7,nan,12.839264256,nan,nan,32.0,0.0,32,nan
21.80881141424179,78.59712230215827,68.7,68.7,nan,12.839264256,nan,nan,31.0,0.0,32,nan
21.825480687618256,78.59712230215827,68.7,68.7,nan,12.841361408,nan,nan,31.0,0.0,32,nan
21.842152984937034,78.59712230215827,68.7,68.7,nan,12.841361408,nan,nan,31.0,0.0,32,nan
21.858825659751894,78.59712230215827,68.7,68.7,nan,12.841361408,nan,nan,31.0,0.0,32,nan
21.87549890677134,77.33812949640287,68.7,68.7,nan,12.881403904,nan,nan,30.0,0.0,32,nan
21.892170902093252,77.5179856115108,68.7,68.7,nan,12.91915264,nan,nan,30.0,0.0,32,nan
21.908846604824067,78.9568345323741,68.7,68.7,nan,12.29203456,nan,nan,31.0,0.0,32,nan
21.925518278280894,79.85611510791367,68.7,68.7,nan,12.321497088,nan,nan,32.0,0.0,32,nan
21.942192602157593,80.03597122302159,68.7,68.7,nan,12.321497088,nan,nan,32.0,0.0,32,nan
21.958865837256113,76.43884892086331,68.7,68.7,nan,12.321497088,nan,nan,31.0,0.0,32,nan
21.975538841883342,76.43884892086331,68.7,68.7,nan,12.348760064,nan,nan,31.0,0.0,32,nan
21.992212104797364,80.2158273381295,68.7,68.7,nan,12.348760064,nan,nan,32.0,0.0,32,nan
22.0088853597641,80.2158273381295,68.7,68.7,nan,12.348760064,nan,nan,32.0,0.0,32,nan
22.025559628009795,80.2158273381295,68.7,68.7,nan,12.348760064,nan,nan,32.0,0.0,32,nan
22.042232406139373,80.39568345323741,68.7,68.7,nan,12.348760064,nan,nan,32.0,0.0,32,nan
22.05890497366587,79.49640287769783,68.7,68.7,nan,12.367663104,nan,nan,31.0,0.0,32,nan
22.07557767232259,81.11510791366908,68.7,68.7,nan,12.417994752,nan,nan,32.0,0.0,32,nan
22.09225018819173,76.79856115107914,68.7,68.7,nan,12.417994752,nan,nan,31.0,0.0,32,nan
22.10892560482025,80.57553956834532,68.7,68.7,nan,12.417994752,nan,nan,32.0,0.0,32,nan
22.125597981611886,80.75539568345323,68.7,68.7,nan,12.417994752,nan,nan,32.0,0.0,32,nan
22.142270867029826,80.93525179856115,68.7,68.7,nan,12.417994752,nan,nan,32.0,0.0,32,nan
22.158943577607474,80.93525179856115,68.7,68.7,nan,12.417994752,nan,nan,32.0,0.0,32,nan
22.175616093476613,79.67625899280574,68.7,68.7,nan,12.417994752,nan,nan,31.0,0.0,32,nan
22.192291621367136,81.11510791366908,68.7,68.7,nan,12.420091904,nan,nan,32.0,0.0,32,nan
22.208964880307516,81.11510791366908,68.7,68.7,nan,12.420091904,nan,nan,32.0,0.0,32,nan
22.22563762664795,81.11510791366908,68.7,68.7,nan,12.420091904,nan,nan,32.0,0.0,32,nan
22.2423099954923,81.65467625899281,68.7,68.7,nan,12.422189056,nan,nan,32.0,0.0,32,nan
22.25898358821869,81.83453237410072,68.7,68.7,nan,12.422189056,nan,nan,32.0,0.0,32,nan
22.27565734386444,82.01438848920863,68.7,68.7,nan,12.422189056,nan,nan,32.0,0.0,32,nan
22.292330626646677,82.01438848920863,68.7,68.7,nan,12.422189056,nan,nan,32.0,0.0,32,nan
22.309002951780954,82.73381294964028,68.7,68.7,nan,12.422189056,nan,nan,32.0,0.0,32,nan
22.32568162282308,82.37410071942446,68.7,68.7,nan,12.422189056,nan,nan,32.0,0.0,32,nan
22.342363250255584,81.11510791366908,68.7,68.7,nan,12.422189056,nan,nan,32.0,0.0,32,nan
22.359037005901335,81.29496402877699,68.7,68.7,nan,12.422189056,nan,nan,32.0,0.0,32,nan
22.375710010528564,80.75539568345323,68.7,68.7,nan,12.422189056,nan,nan,31.0,1.0,32,nan
22.39238339662552,77.15827338129496,68.7,68.7,nan,12.422189056,nan,nan,31.0,0.0,32,nan
22.409057303269705,80.93525179856115,68.7,68.7,nan,12.422189056,nan,nan,32.0,0.0,32,nan
22.425730423132578,80.93525179856115,68.7,68.7,nan,12.422189056,nan,nan,32.0,0.0,32,nan
22.442403423786164,81.11510791366908,68.7,68.7,nan,12.422189056,nan,nan,32.0,0.0,32,nan
22.459077481428782,81.29496402877699,68.7,68.7,nan,12.422189056,nan,nan,32.0,0.0,32,nan
22.47575025955836,81.29496402877699,68.7,68.7,nan,12.422189056,nan,nan,32.0,0.0,32,nan
22.492421690622965,81.4748201438849,68.7,68.7,nan,12.422189056,nan,nan,32.0,0.0,32,nan
22.509098954995473,81.4748201438849,68.7,68.7,nan,12.422189056,nan,nan,32.0,0.0,32,nan
22.52577568689982,81.4748201438849,68.7,68.7,nan,12.422189056,nan,nan,32.0,0.0,32,nan
22.542449708779653,81.4748201438849,68.7,68.7,nan,12.422189056,nan,nan,32.0,0.0,32,nan
22.559120456377666,81.4748201438849,68.7,68.7,nan,12.422189056,nan,nan,32.0,0.0,32,nan
22.575796115398408,81.4748201438849,68.7,68.7,nan,12.422189056,nan,nan,32.0,0.0,32,nan
22.5924706975619,81.65467625899281,68.7,68.7,nan,12.422189056,nan,nan,31.0,0.0,32,nan
22.609143380324046,82.01438848920863,68.7,68.7,nan,12.422189056,nan,nan,31.0,0.0,32,nan
22.625813603401184,82.73381294964028,68.7,68.7,nan,12.422189056,nan,nan,32.0,0.0,32,nan
22.6424880584081,82.19424460431655,68.7,68.7,nan,12.422189056,nan,nan,32.0,0.0,32,nan
22.659157792727154,82.19424460431655,68.7,68.7,nan,12.422189056,nan,nan,32.0,0.0,32,nan
22.6758286913236,82.37410071942446,68.7,68.7,nan,12.422189056,nan,nan,32.0,0.0,32,nan
22.692499764760335,80.57553956834532,68.7,68.7,nan,12.422189056,nan,nan,31.0,0.0,32,nan
22.709169733524323,82.19424460431655,68.7,68.7,nan,12.422189056,nan,nan,32.0,0.0,32,nan
22.72584406534831,81.29496402877699,68.7,68.7,nan,12.422189056,nan,nan,31.0,1.0,32,nan
22.742519183953604,81.4748201438849,68.7,68.7,nan,12.422189056,nan,nan,32.0,0.0,32,nan
22.759189867973326,81.83453237410072,68.7,68.7,nan,12.422189056,nan,nan,32.0,0.0,32,nan
22.775862530867258,81.83453237410072,68.7,68.7,nan,12.422189056,nan,nan,32.0,0.0,32,nan
22.792534069220224,79.13669064748201,68.7,68.7,nan,12.422189056,nan,nan,31.0,0.0,32,nan
22.809203759829202,82.01438848920863,68.7,68.7,nan,12.422189056,nan,nan,32.0,0.0,32,nan
22.825878310203553,82.01438848920863,68.7,68.7,nan,12.422189056,nan,nan,32.0,0.0,32,nan
22.842549852530162,82.19424460431655,68.7,68.7,nan,12.422189056,nan,nan,32.0,0.0,32,nan
22.859220719337465,80.57553956834532,68.7,68.7,nan,12.422189056,nan,nan,31.0,0.0,32,nan
22.875893541177113,82.37410071942446,68.7,68.7,nan,12.422189056,nan,nan,32.0,0.0,32,nan
22.892565294106802,82.37410071942446,68.7,68.7,nan,12.422189056,nan,nan,32.0,0.0,32,nan
22.909241950511934,82.37410071942446,68.7,68.7,nan,12.422189056,nan,nan,32.0,0.0,32,nan
22.92591667175293,82.55395683453237,68.7,68.7,nan,12.422189056,nan,nan,32.0,0.0,32,nan
22.942585790157317,82.55395683453237,68.7,68.7,nan,12.422189056,nan,nan,32.0,0.0,32,nan
22.95925918420156,82.91366906474819,68.7,68.7,nan,12.422189056,nan,nan,32.0,0.0,32,nan
22.975929276148477,83.09352517985612,68.7,68.7,nan,12.422189056,nan,nan,32.0,0.0,32,nan
22.992599336306252,84.17266187050359,68.7,68.7,nan,12.422189056,nan,nan,32.0,0.0,32,nan
23.009275368849437,83.63309352517986,68.7,68.7,nan,12.422189056,nan,nan,32.0,0.0,32,nan
23.02594715754191,83.63309352517986,68.7,68.7,nan,12.422189056,nan,nan,32.0,0.0,32,nan
23.042616275946298,77.87769784172663,68.7,68.7,nan,12.422189056,nan,nan,30.0,0.0,32,nan
23.05928860505422,83.81294964028777,68.7,68.7,nan,12.422189056,nan,nan,32.0,0.0,32,nan
23.075961820284526,83.81294964028777,68.7,68.7,nan,12.422189056,nan,nan,32.0,0.0,32,nan
23.09263410170873,83.81294964028777,68.7,68.7,nan,12.422189056,nan,nan,32.0,0.0,32,nan
23.109309844175975,83.81294964028777,68.7,68.7,nan,12.422189056,nan,nan,32.0,0.0,32,nan
23.12598215341568,83.99280575539568,68.7,68.7,nan,12.422189056,nan,nan,32.0,0.0,32,nan
23.14265235265096,81.83453237410072,68.7,68.7,nan,12.422189056,nan,nan,31.0,0.0,32,nan
23.15933212439219,84.71223021582735,68.7,68.7,nan,12.422189056,nan,nan,32.0,0.0,32,nan
23.176009698708853,84.53237410071942,68.7,68.7,nan,12.422189056,nan,nan,32.0,0.0,32,nan
23.192680251598357,81.83453237410072,68.7,68.7,nan,12.422189056,nan,nan,31.0,0.0,32,nan
23.20935323635737,75.71942446043165,68.7,68.7,nan,12.422189056,nan,nan,30.0,0.0,32,nan
23.226027139027913,81.11510791366908,68.7,68.7,nan,12.422189056,nan,nan,31.0,0.0,32,nan
23.24269701639811,83.63309352517986,68.7,68.7,nan,12.422189056,nan,nan,32.0,0.0,32,nan
23.259370986620585,80.75539568345323,68.7,68.7,nan,12.422189056,nan,nan,31.0,0.0,32,nan
23.276044587294262,83.99280575539568,68.7,68.7,nan,12.422189056,nan,nan,32.0,0.0,32,nan
23.29271901845932,83.81294964028777,68.7,68.7,nan,12.422189056,nan,nan,32.0,0.0,32,nan
23.309392364819846,80.75539568345323,68.7,68.7,nan,12.422189056,nan,nan,31.0,0.0,32,nan
23.32606574296951,77.6978417266187,68.7,68.7,nan,12.426387456,nan,nan,30.0,0.0,32,nan
23.34273835023244,83.99280575539568,68.7,68.7,nan,12.449456128,nan,nan,32.0,0.0,32,nan
23.359410226345062,84.35251798561151,68.7,68.7,nan,12.449456128,nan,nan,32.0,0.0,32,nan
23.376082491874694,82.91366906474819,68.7,68.7,nan,12.449456128,nan,nan,31.0,1.0,32,nan
23.3927547176679,83.27338129496404,68.7,68.7,nan,12.449456128,nan,nan,32.0,0.0,32,nan
23.409428147474923,80.39568345323741,68.7,68.7,nan,12.45155328,nan,nan,31.0,0.0,32,nan
23.426100591818493,79.31654676258992,68.7,68.7,nan,12.478824448,nan,nan,30.0,1.0,32,nan
23.442776489257813,79.67625899280574,68.7,68.7,nan,12.508184576,nan,nan,31.0,0.0,32,nan
23.4594487786293,79.67625899280574,68.7,68.7,nan,12.520767488,nan,nan,31.0,0.0,32,nan
23.4761217157046,82.73381294964028,68.7,68.7,nan,12.520767488,nan,nan,32.0,0.0,32,nan
23.492793742815653,82.91366906474819,68.7,68.7,nan,12.520767488,nan,nan,32.0,0.0,32,nan
23.509466167291006,79.85611510791367,68.7,68.7,nan,12.520767488,nan,nan,31.0,0.0,32,nan
23.52613860766093,80.57553956834532,68.7,68.7,nan,12.520767488,nan,nan,31.0,0.0,32,nan
23.54281755288442,82.55395683453237,68.7,68.7,nan,12.520767488,nan,nan,31.0,1.0,32,nan
23.55949758688609,83.09352517985612,68.7,68.7,nan,12.520767488,nan,nan,32.0,0.0,32,nan
23.57617872953415,83.09352517985612,68.7,68.7,nan,12.520767488,nan,nan,32.0,0.0,32,nan
23.592860627174378,83.09352517985612,68.7,68.7,nan,12.520767488,nan,nan,32.0,0.0,32,nan
23.609533003966014,83.09352517985612,68.7,68.7,nan,12.520767488,nan,nan,32.0,0.0,32,nan
23.62621190547943,83.27338129496404,68.7,68.7,nan,12.520767488,nan,nan,32.0,0.0,32,nan
23.642884214719135,83.63309352517986,68.7,68.7,nan,12.520767488,nan,nan,32.0,0.0,32,nan
23.659558467070262,83.63309352517986,68.7,68.7,nan,12.520767488,nan,nan,32.0,0.0,32,nan
23.6762309273084,83.27338129496404,68.7,68.7,nan,12.520767488,nan,nan,31.0,1.0,32,nan
23.692903860410055,83.45323741007195,68.7,68.7,nan,12.520767488,nan,nan,32.0,0.0,32,nan
23.70957708756129,80.2158273381295,68.7,68.7,nan,12.520767488,nan,nan,31.0,0.0,32,nan
23.72625026702881,83.45323741007195,68.7,68.7,nan,12.520767488,nan,nan,32.0,0.0,32,nan
23.742923919359843,83.45323741007195,68.7,68.7,nan,12.520767488,nan,nan,32.0,0.0,32,nan
23.759595715999602,83.63309352517986,68.7,68.7,nan,12.520767488,nan,nan,32.0,0.0,32,nan
23.77626850605011,80.57553956834532,68.7,68.7,nan,12.520767488,nan,nan,31.0,0.0,32,nan
23.7929429213206,83.81294964028777,68.7,68.7,nan,12.520767488,nan,nan,32.0,0.0,32,nan
23.809616239865623,83.99280575539568,68.7,68.7,nan,12.520767488,nan,nan,32.0,0.0,32,nan
23.826288525263468,83.99280575539568,68.7,68.7,nan,12.520767488,nan,nan,32.0,0.0,32,nan
23.842960635821026,83.99280575539568,68.7,68.7,nan,12.520767488,nan,nan,32.0,0.0,32,nan
23.859631033738456,81.11510791366908,68.7,68.7,nan,12.520767488,nan,nan,31.0,0.0,32,nan
23.876304340362548,84.17266187050359,68.7,68.7,nan,12.520767488,nan,nan,32.0,0.0,32,nan
23.892976530392964,84.17266187050359,68.7,68.7,nan,12.520767488,nan,nan,32.0,0.0,32,nan
23.909649415810904,84.17266187050359,68.7,68.7,nan,12.520767488,nan,nan,32.0,0.0,32,nan
23.926321717103324,84.17266187050359,68.7,68.7,nan,12.520767488,nan,nan,32.0,0.0,32,nan
23.942995111147564,84.17266187050359,68.7,68.7,nan,12.520767488,nan,nan,32.0,0.0,32,nan
23.959667082627615,84.89208633093526,68.7,68.7,nan,12.520767488,nan,nan,32.0,0.0,32,nan
23.976346631844837,84.53237410071942,68.7,68.7,nan,12.520767488,nan,nan,32.0,0.0,32,nan
23.993017987410227,83.09352517985612,68.7,68.7,nan,12.520767488,nan,nan,31.0,0.0,32,nan
24.00969281991323,85.25179856115108,68.7,68.7,nan,12.520767488,nan,nan,32.0,0.0,32,nan
24.026365065574645,85.61151079136691,68.7,68.7,nan,12.520767488,nan,nan,32.0,0.0,32,nan
24.04303853114446,85.61151079136691,68.7,68.7,nan,12.520767488,nan,nan,32.0,0.0,32,nan
24.059709282716117,85.25179856115108,68.7,68.7,nan,12.52286464,nan,nan,31.0,1.0,32,nan
24.07638463973999,85.61151079136691,68.7,68.7,nan,12.52286464,nan,nan,32.0,0.0,32,nan
24.09305447737376,85.61151079136691,68.7,68.7,nan,12.52286464,nan,nan,32.0,0.0,32,nan
24.109724847475686,85.61151079136691,68.7,68.7,nan,12.52286464,nan,nan,32.0,0.0,32,nan
24.12639792362849,85.61151079136691,68.7,68.7,nan,12.52286464,nan,nan,32.0,0.0,32,nan
24.14307757616043,82.01438848920863,68.7,68.7,nan,12.52286464,nan,nan,31.0,0.0,32,nan
24.159753119945528,84.71223021582735,68.7,68.7,nan,12.52286464,nan,nan,32.0,0.0,32,nan
24.17642397880554,81.83453237410072,68.7,68.7,nan,12.52286464,nan,nan,31.0,0.0,32,nan
24.19309778213501,84.71223021582735,68.7,68.7,nan,12.52286464,nan,nan,32.0,0.0,32,nan
24.209767524401347,84.71223021582735,68.7,68.7,nan,12.52286464,nan,nan,32.0,0.0,32,nan
24.226442885398864,82.55395683453237,68.7,68.7,nan,12.52286464,nan,nan,31.0,0.0,32,nan
24.24311216274897,85.61151079136691,68.7,68.7,nan,12.52286464,nan,nan,31.0,0.0,32,nan
24.259781761964163,85.07194244604317,68.7,68.7,nan,12.52286464,nan,nan,32.0,0.0,32,nan
24.276453439394633,82.01438848920863,68.7,68.7,nan,12.52286464,nan,nan,31.0,0.0,32,nan
24.293127298355103,85.25179856115108,68.7,68.7,nan,12.52286464,nan,nan,32.0,0.0,32,nan
24.309798010190327,86.15107913669064,68.7,68.7,nan,12.52286464,nan,nan,31.0,0.0,32,nan
24.326471253236136,85.07194244604317,68.7,68.7,nan,12.52286464,nan,nan,31.0,0.0,32,nan
24.34314456383387,83.45323741007195,68.7,68.7,nan,12.654989312,nan,nan,31.0,0.0,32,nan
24.359818243980406,85.79136690647482,68.7,68.7,nan,12.654989312,nan,nan,32.0,0.0,32,nan
24.37648729880651,85.431654676259,68.7,68.7,nan,12.654989312,nan,nan,32.0,0.0,32,nan
24.393157033125558,83.63309352517986,68.7,68.7,nan,12.654989312,nan,nan,31.0,0.0,32,nan
24.409829103946684,85.79136690647482,68.7,68.7,nan,12.654989312,nan,nan,32.0,0.0,32,nan
24.42650182644526,86.51079136690647,68.7,68.7,nan,12.654989312,nan,nan,32.0,0.0,32,nan
24.44317526022593,86.15107913669064,68.7,68.7,nan,12.654989312,nan,nan,32.0,0.0,32,nan
24.459846436977386,85.79136690647482,68.7,68.7,nan,12.659183616,nan,nan,32.0,0.0,32,nan
24.47652134895325,82.01438848920863,68.7,68.7,nan,12.659183616,nan,nan,30.0,0.0,32,nan
24.49319057861964,82.01438848920863,68.7,68.7,nan,12.688543744,nan,nan,31.0,0.0,32,nan
24.509863221645354,82.01438848920863,68.7,68.7,nan,12.6948352,nan,nan,30.0,0.0,32,nan
24.52653349240621,81.29496402877699,68.7,68.7,nan,12.709515264,nan,nan,30.0,1.0,32,nan
24.54320958852768,81.83453237410072,68.7,68.7,nan,12.72629248,nan,nan,31.0,0.0,32,nan
24.55988214413325,81.83453237410072,68.7,68.7,nan,12.776624128,nan,nan,31.0,0.0,32,nan
24.57655289967855,82.01438848920863,68.7,68.7,nan,12.803887104,nan,nan,31.0,0.0,32,nan
24.59322559038798,82.01438848920863,68.7,68.7,nan,12.822761472,nan,nan,31.0,0.0,32,nan
24.609900708993276,76.97841726618705,68.7,68.7,nan,12.822761472,nan,nan,30.0,0.0,32,nan
24.626576713720958,81.83453237410072,68.7,68.7,nan,12.822761472,nan,nan,31.0,0.0,32,nan
24.643249317010245,81.83453237410072,68.7,68.7,nan,12.822761472,nan,nan,31.0,0.0,32,nan
24.659921940167745,81.83453237410072,68.7,68.7,nan,12.824858624,nan,nan,31.0,0.0,32,nan
24.676591650644937,82.01438848920863,68.7,68.7,nan,12.824858624,nan,nan,31.0,0.0,32,nan
24.69326098759969,83.09352517985612,68.7,68.7,nan,12.824858624,nan,nan,31.0,0.0,32,nan
24.709930594762167,82.01438848920863,68.7,68.7,nan,12.824858624,nan,nan,31.0,0.0,32,nan
24.72660914262136,75.35971223021582,68.7,68.7,nan,12.824858624,nan,nan,29.0,0.0,32,nan
24.743281229337057,81.65467625899281,68.7,68.7,nan,12.466130944,nan,nan,31.0,0.0,32,nan
24.759952255090077,79.13669064748201,68.7,68.7,nan,12.466130944,nan,nan,31.0,0.0,32,nan
24.776626420021056,79.13669064748201,68.7,68.7,nan,12.466130944,nan,nan,31.0,0.0,32,nan
24.793298363685608,79.85611510791367,68.7,68.7,nan,12.466130944,nan,nan,31.0,0.0,32,nan
24.80997207959493,79.49640287769783,68.7,68.7,nan,12.466130944,nan,nan,31.0,0.0,32,nan
24.826644508043923,79.67625899280574,68.7,68.7,nan,12.466130944,nan,nan,31.0,0.0,32,nan
24.843318565686545,80.39568345323741,68.7,68.7,nan,12.038086656,nan,nan,32.0,0.0,32,nan
24.85999143520991,80.39568345323741,68.7,68.7,nan,12.038086656,nan,nan,32.0,0.0,32,nan
24.876667169729867,80.39568345323741,68.7,68.7,nan,12.038086656,nan,nan,32.0,0.0,32,nan
24.893340929349264,80.57553956834532,68.7,68.7,nan,12.038086656,nan,nan,32.0,0.0,32,nan
24.91001160144806,81.29496402877699,68.7,68.7,nan,12.073947136,nan,nan,32.0,0.0,32,nan
24.92668128410975,80.03597122302159,68.7,68.7,nan,12.094918656,nan,nan,31.0,0.0,32,nan
24.943358623981474,80.93525179856115,68.7,68.7,nan,12.101210112,nan,nan,32.0,0.0,32,nan
24.960030392805734,80.93525179856115,68.7,68.7,nan,12.101210112,nan,nan,32.0,0.0,32,nan
24.976700750986733,80.93525179856115,68.7,68.7,nan,12.101210112,nan,nan,32.0,0.0,32,nan
24.993379469712576,81.11510791366908,68.7,68.7,nan,12.147380224,nan,nan,31.0,0.0,32,nan
25.01005251010259,80.93525179856115,68.7,68.7,nan,12.147380224,nan,nan,32.0,0.0,32,nan
25.02672414779663,80.93525179856115,68.7,68.7,nan,12.147380224,nan,nan,32.0,0.0,32,nan
25.043394553661347,81.65467625899281,68.7,68.7,nan,12.157865984,nan,nan,31.0,0.0,32,nan
25.060064562161763,78.59712230215827,68.7,68.7,nan,12.157865984,nan,nan,31.0,0.0,32,nan
25.076738023757933,80.93525179856115,68.7,68.7,nan,12.157865984,nan,nan,32.0,0.0,32,nan
25.093412586053212,79.49640287769783,68.7,68.7,nan,12.157865984,nan,nan,30.0,1.0,32,nan
25.110085984071095,81.11510791366908,68.7,68.7,nan,12.157865984,nan,nan,32.0,0.0,32,nan
25.126763248443602,81.65467625899281,68.7,68.7,nan,12.172546048,nan,nan,31.0,0.0,32,nan
25.14343328475952,81.65467625899281,68.7,68.7,nan,12.172546048,nan,nan,32.0,0.0,32,nan
25.160108836491904,81.65467625899281,68.7,68.7,nan,12.172546048,nan,nan,32.0,0.0,32,nan
25.17677882909775,80.39568345323741,68.7,68.7,nan,12.172546048,nan,nan,31.0,0.0,32,nan
25.19345150788625,81.83453237410072,68.7,68.7,nan,12.172546048,nan,nan,32.0,0.0,32,nan
25.210120423634848,82.01438848920863,68.7,68.7,nan,12.172546048,nan,nan,32.0,0.0,32,nan
25.22679380575816,82.01438848920863,68.7,68.7,nan,12.172546048,nan,nan,32.0,0.0,32,nan
25.243469953536987,82.01438848920863,68.7,68.7,nan,12.1746432,nan,nan,32.0,0.0,32,nan
25.260139918327333,77.15827338129496,68.7,68.7,nan,12.1746432,nan,nan,31.0,0.0,32,nan
25.27680958112081,82.37410071942446,68.7,68.7,nan,12.1746432,nan,nan,32.0,0.0,32,nan
25.293482987085977,82.37410071942446,68.7,68.7,nan,12.1746432,nan,nan,32.0,0.0,32,nan
25.31015415986379,81.65467625899281,68.7,68.7,nan,12.178837504,nan,nan,31.0,1.0,32,nan
25.32683025598526,81.29496402877699,68.7,68.7,nan,12.178837504,nan,nan,32.0,0.0,32,nan
25.343500622113545,81.4748201438849,68.7,68.7,nan,12.178837504,nan,nan,32.0,0.0,32,nan
25.360171480973563,81.65467625899281,68.7,68.7,nan,12.178837504,nan,nan,32.0,0.0,32,nan
25.376842896143597,81.65467625899281,68.7,68.7,nan,12.183031808,nan,nan,32.0,0.0,32,nan
25.39351704120636,80.93525179856115,68.7,68.7,nan,12.183031808,nan,nan,31.0,0.0,32,nan
25.41019445260366,81.65467625899281,68.7,68.7,nan,12.183031808,nan,nan,32.0,0.0,32,nan
25.426867425441742,82.01438848920863,68.7,68.7,nan,12.183031808,nan,nan,32.0,0.0,32,nan
25.44354356129964,82.01438848920863,68.7,68.7,nan,12.183031808,nan,nan,32.0,0.0,32,nan
25.460214201609293,82.01438848920863,68.7,68.7,nan,12.183031808,nan,nan,32.0,0.0,32,nan
25.476893202463785,80.39568345323741,68.7,68.7,nan,12.183031808,nan,nan,31.0,0.0,32,nan
25.493563878536225,82.01438848920863,68.7,68.7,nan,12.183031808,nan,nan,32.0,0.0,32,nan
25.510236775875093,80.93525179856115,68.7,68.7,nan,12.183031808,nan,nan,31.0,0.0,32,nan
25.52691019376119,82.37410071942446,68.7,68.7,nan,12.183031808,nan,nan,32.0,0.0,32,nan
25.543582332134246,80.57553956834532,68.7,68.7,nan,12.197711872,nan,nan,31.0,0.0,32,nan
25.560261424382528,83.09352517985612,68.7,68.7,nan,12.20610048,nan,nan,32.0,0.0,32,nan
25.576932231585186,83.27338129496404,68.7,68.7,nan,12.20610048,nan,nan,32.0,0.0,32,nan
25.59360170761744,83.27338129496404,68.7,68.7,nan,12.20610048,nan,nan,31.0,0.0,32,nan
25.610271894931792,83.63309352517986,68.7,68.7,nan,12.20610048,nan,nan,32.0,0.0,32,nan
25.626941935221353,83.63309352517986,68.7,68.7,nan,12.20610048,nan,nan,32.0,0.0,32,nan
25.643617602189384,83.63309352517986,68.7,68.7,nan,12.20610048,nan,nan,32.0,0.0,32,nan
25.660288274288177,79.85611510791367,68.7,68.7,nan,12.26483712,nan,nan,30.0,0.0,32,nan
25.676963436603547,83.27338129496404,68.7,68.7,nan,12.300488704,nan,nan,31.0,0.0,32,nan
25.69363752603531,84.71223021582735,68.7,68.7,nan,12.300488704,nan,nan,32.0,0.0,32,nan
25.710308782259624,84.71223021582735,68.7,68.7,nan,12.300488704,nan,nan,32.0,0.0,32,nan
25.726979633172352,85.07194244604317,68.7,68.7,nan,12.300488704,nan,nan,32.0,0.0,32,nan
25.74365259806315,81.65467625899281,68.7,68.7,nan,12.300488704,nan,nan,30.0,1.0,32,nan
25.760332071781157,83.81294964028777,68.7,68.7,nan,12.300488704,nan,nan,32.0,0.0,32,nan
25.77700832684835,83.81294964028777,68.7,68.7,nan,12.300488704,nan,nan,32.0,0.0,32,nan
25.793680783112844,83.81294964028777,68.7,68.7,nan,12.300488704,nan,nan,32.0,0.0,32,nan
25.810350398222607,84.17266187050359,68.7,68.7,nan,12.300488704,nan,nan,32.0,0.0,32,nan
25.827025898297627,84.35251798561151,68.7,68.7,nan,12.300488704,nan,nan,32.0,0.0,32,nan
25.84369777838389,84.35251798561151,68.7,68.7,nan,12.300488704,nan,nan,32.0,0.0,32,nan
25.860368021329244,82.55395683453237,68.7,68.7,nan,12.300488704,nan,nan,31.0,0.0,32,nan
25.87704162200292,84.89208633093526,68.7,68.7,nan,12.300488704,nan,nan,32.0,0.0,32,nan
25.893710696697234,82.37410071942446,68.7,68.7,nan,12.30678016,nan,nan,31.0,0.0,32,nan
25.910385302702586,85.07194244604317,68.7,68.7,nan,12.30678016,nan,nan,32.0,0.0,32,nan
25.9270587404569,83.81294964028777,68.7,68.7,nan,12.30678016,nan,nan,31.0,0.0,32,nan
25.94373047351837,85.25179856115108,68.7,68.7,nan,12.30678016,nan,nan,32.0,0.0,32,nan
25.9604012131691,78.41726618705036,68.7,68.7,nan,12.313071616,nan,nan,29.0,0.0,32,nan
25.97707346280416,82.01438848920863,68.7,68.7,nan,12.367597568,nan,nan,30.0,1.0,32,nan
25.993746348222096,84.53237410071942,68.7,68.7,nan,12.367597568,nan,nan,32.0,0.0,32,nan
26.01042052110036,84.71223021582735,68.7,68.7,nan,12.367597568,nan,nan,32.0,0.0,32,nan
26.027093597253163,84.71223021582735,68.7,68.7,nan,12.367597568,nan,nan,32.0,0.0,32,nan
26.043765338261924,84.71223021582735,68.7,68.7,nan,12.367597568,nan,nan,32.0,0.0,32,nan
26.060438625017802,84.53237410071942,68.7,68.7,nan,12.367597568,nan,nan,32.0,0.0,32,nan
26.077109328905742,84.53237410071942,68.7,68.7,nan,12.367597568,nan,nan,32.0,0.0,32,nan
26.093780068556466,84.71223021582735,68.7,68.7,nan,12.367597568,nan,nan,32.0,0.0,32,nan
26.11045262416204,85.25179856115108,68.7,68.7,nan,12.367597568,nan,nan,32.0,0.0,32,nan
26.127126451333364,83.09352517985612,68.7,68.7,nan,12.367597568,nan,nan,31.0,0.0,32,nan
26.143798033396404,85.25179856115108,68.7,68.7,nan,12.367597568,nan,nan,32.0,0.0,32,nan
26.160469035307568,85.25179856115108,68.7,68.7,nan,12.367597568,nan,nan,32.0,0.0,32,nan
26.177146637439726,85.25179856115108,68.7,68.7,nan,12.367597568,nan,nan,31.0,1.0,32,nan
26.1938206076622,85.25179856115108,68.7,68.7,nan,12.367597568,nan,nan,32.0,0.0,32,nan
26.21049586137136,85.25179856115108,68.7,68.7,nan,12.367597568,nan,nan,32.0,0.0,32,nan
26.22717091242472,85.25179856115108,68.7,68.7,nan,12.367597568,nan,nan,32.0,0.0,32,nan
26.243842927614846,82.73381294964028,68.7,68.7,nan,12.394860544,nan,nan,31.0,0.0,32,nan
26.260517569382987,82.91366906474819,68.7,68.7,nan,12.394860544,nan,nan,31.0,0.0,32,nan
26.277193995316825,85.61151079136691,68.7,68.7,nan,12.394860544,nan,nan,32.0,0.0,32,nan
26.293863832950592,85.61151079136691,68.7,68.7,nan,12.394860544,nan,nan,32.0,0.0,32,nan
26.31053780714671,85.97122302158273,68.7,68.7,nan,12.394860544,nan,nan,32.0,0.0,32,nan
26.32720936934153,86.33093525179856,68.7,68.7,nan,12.394860544,nan,nan,32.0,0.0,32,nan
26.343883268038432,84.89208633093526,68.7,68.7,nan,12.394860544,nan,nan,31.0,0.0,32,nan
26.360553709665933,86.33093525179856,68.7,68.7,nan,12.394860544,nan,nan,32.0,0.0,32,nan
26.37722297112147,87.05035971223022,68.7,68.7,nan,12.394860544,nan,nan,32.0,0.0,32,nan
26.39389439423879,86.51079136690647,68.7,68.7,nan,12.394860544,nan,nan,32.0,0.0,32,nan
26.410564223925274,87.41007194244604,68.7,68.7,nan,12.394860544,nan,nan,32.0,0.0,32,nan
26.427238059043884,86.87050359712231,68.7,68.7,nan,12.394860544,nan,nan,32.0,0.0,32,nan
26.443908492724102,87.05035971223022,68.7,68.7,nan,12.394860544,nan,nan,32.0,0.0,32,nan
26.46058095296224,82.19424460431655,68.7,68.7,nan,12.394860544,nan,nan,31.0,0.0,32,nan
26.47725439866384,85.25179856115108,68.7,68.7,nan,12.394860544,nan,nan,30.0,1.0,32,nan
26.49392649332682,87.23021582733813,68.7,68.7,nan,12.394860544,nan,nan,32.0,0.0,32,nan
26.510601445039114,87.41007194244604,68.7,68.7,nan,12.394860544,nan,nan,32.0,0.0,32,nan
26.5272758603096,87.58992805755396,68.7,68.7,nan,12.394860544,nan,nan,32.0,0.0,32,nan
26.54395055770874,87.23021582733813,68.7,68.7,nan,12.394860544,nan,nan,32.0,0.0,32,nan
26.560620188713074,87.41007194244604,68.7,68.7,nan,12.394860544,nan,nan,32.0,0.0,32,nan
26.577290630340578,87.41007194244604,68.7,68.7,nan,12.394860544,nan,nan,32.0,0.0,32,nan
26.59396287997564,87.41007194244604,68.7,68.7,nan,12.394860544,nan,nan,32.0,0.0,32,nan
26.610632757345837,87.76978417266187,68.7,68.7,nan,12.394860544,nan,nan,32.0,0.0,32,nan
26.62730538447698,87.94964028776978,68.7,68.7,nan,12.394860544,nan,nan,32.0,0.0,32,nan
26.64397826194763,88.12949640287769,68.7,68.7,nan,12.394860544,nan,nan,32.0,0.0,32,nan
26.66066030661265,88.30935251798562,68.7,68.7,nan,12.394860544,nan,nan,32.0,0.0,32,nan
26.677336104710896,88.30935251798562,68.7,68.7,nan,12.394860544,nan,nan,32.0,0.0,32,nan
26.69401297569275,88.48920863309353,68.7,68.7,nan,12.394860544,nan,nan,32.0,0.0,32,nan
26.710687124729155,87.94964028776978,68.7,68.7,nan,12.394860544,nan,nan,30.0,2.0,32,nan
26.727359223365784,88.48920863309353,68.7,68.7,nan,12.394860544,nan,nan,32.0,0.0,32,nan
26.74402823448181,85.61151079136691,68.7,68.7,nan,12.394860544,nan,nan,31.0,0.0,32,nan
26.760697940985363,88.48920863309353,68.7,68.7,nan,12.394860544,nan,nan,32.0,0.0,32,nan
26.777371684710186,88.48920863309353,68.7,68.7,nan,12.394860544,nan,nan,32.0,0.0,32,nan
26.794040711720786,88.48920863309353,68.7,68.7,nan,12.394860544,nan,nan,32.0,0.0,32,nan
26.810714256763458,88.66906474820144,68.7,68.7,nan,12.394860544,nan,nan,32.0,0.0,32,nan
26.82738351027171,88.66906474820144,68.7,68.7,nan,12.394860544,nan,nan,32.0,0.0,32,nan
26.844053208827972,84.53237410071942,68.7,68.7,nan,12.394860544,nan,nan,30.0,0.0,32,nan
26.860728724797568,87.23021582733813,68.7,68.7,nan,12.422148096,nan,nan,31.0,0.0,32,nan
26.877400155862173,88.66906474820144,68.7,68.7,nan,12.422148096,nan,nan,32.0,0.0,32,nan
26.894070037206014,88.84892086330936,68.7,68.7,nan,12.422148096,nan,nan,32.0,0.0,32,nan
26.910741289456684,89.02877697841727,68.7,68.7,nan,12.422148096,nan,nan,32.0,0.0,32,nan
26.92741769949595,89.20863309352518,68.7,68.7,nan,12.422148096,nan,nan,32.0,0.0,32,nan
26.944088566303254,89.20863309352518,68.7,68.7,nan,12.422148096,nan,nan,32.0,0.0,32,nan
26.96076112985611,89.20863309352518,68.7,68.7,nan,12.422148096,nan,nan,31.0,1.0,32,nan
26.977434686819713,86.69064748201438,68.7,68.7,nan,12.422148096,nan,nan,31.0,0.0,32,nan
26.994105211893718,89.38848920863309,68.7,68.7,nan,12.422148096,nan,nan,32.0,0.0,32,nan
27.0107763171196,89.568345323741,68.7,68.7,nan,12.422148096,nan,nan,32.0,0.0,32,nan
27.02744540373484,88.12949640287769,68.7,68.7,nan,12.424245248,nan,nan,31.0,0.0,32,nan
27.044115062554678,88.84892086330936,68.7,68.7,nan,12.424245248,nan,nan,32.0,0.0,32,nan
27.060792617003123,88.48920863309353,68.7,68.7,nan,12.424245248,nan,nan,32.0,0.0,32,nan
27.07746578057607,87.05035971223022,68.7,68.7,nan,12.424245248,nan,nan,31.0,0.0,32,nan
27.09413797855377,88.48920863309353,68.7,68.7,nan,12.424245248,nan,nan,32.0,0.0,32,nan
27.110812874635062,88.66906474820144,68.7,68.7,nan,12.424245248,nan,nan,31.0,1.0,32,nan
27.127483340104423,86.87050359712231,68.7,68.7,nan,12.4263424,nan,nan,31.0,0.0,32,nan
27.144152561823528,88.30935251798562,68.7,68.7,nan,12.4263424,nan,nan,32.0,0.0,32,nan
27.16082424322764,88.30935251798562,68.7,68.7,nan,12.4263424,nan,nan,32.0,0.0,32,nan
27.177494235833485,85.61151079136691,68.7,68.7,nan,12.4263424,nan,nan,30.0,1.0,32,nan
27.194167109330497,85.97122302158273,68.7,68.7,nan,12.482961408,nan,nan,31.0,0.0,32,nan
27.21083738009135,88.84892086330936,68.7,68.7,nan,12.493447168,nan,nan,32.0,0.0,32,nan
27.227509140968323,88.84892086330936,68.7,68.7,nan,12.493447168,nan,nan,32.0,0.0,32,nan
27.24417941570282,85.61151079136691,68.7,68.7,nan,12.493447168,nan,nan,31.0,0.0,32,nan
27.260849380493163,88.30935251798562,68.7,68.7,nan,12.493447168,nan,nan,32.0,0.0,32,nan
27.27751929759979,86.15107913669064,68.7,68.7,nan,12.493447168,nan,nan,31.0,0.0,32,nan
27.294194690386455,86.15107913669064,68.7,68.7,nan,12.493447168,nan,nan,31.0,0.0,32,nan
27.31086891889572,86.15107913669064,68.7,68.7,nan,12.499738624,nan,nan,31.0,0.0,32,nan
27.327545408407847,80.03597122302159,68.7,68.7,nan,12.499738624,nan,nan,30.0,0.0,32,nan
27.344217924276986,84.89208633093526,68.7,68.7,nan,12.499738624,nan,nan,31.0,0.0,32,nan
27.360890173912047,85.07194244604317,68.7,68.7,nan,12.54797312,nan,nan,31.0,0.0,32,nan
27.377562713623046,87.76978417266187,68.7,68.7,nan,12.55223296,nan,nan,32.0,0.0,32,nan
27.394232507546743,87.58992805755396,68.7,68.7,nan,12.55223296,nan,nan,32.0,0.0,32,nan
27.410903457800547,86.51079136690647,68.7,68.7,nan,12.554330112,nan,nan,31.0,0.0,32,nan
27.427581135431925,85.07194244604317,68.7,68.7,nan,12.598370304,nan,nan,30.0,1.0,32,nan
27.444262131055197,87.94964028776978,68.7,68.7,nan,12.640313344,nan,nan,32.0,0.0,32,nan
27.460938131809236,87.94964028776978,68.7,68.7,nan,12.640313344,nan,nan,32.0,0.0,32,nan
27.477613739172618,85.07194244604317,68.7,68.7,nan,12.640313344,nan,nan,31.0,0.0,32,nan
27.494288766384123,82.73381294964028,68.7,68.7,nan,12.640313344,nan,nan,31.0,0.0,32,nan
27.510964345932006,88.12949640287769,68.7,68.7,nan,12.640313344,nan,nan,32.0,0.0,32,nan
27.527642067273458,88.12949640287769,68.7,68.7,nan,12.640313344,nan,nan,32.0,0.0,32,nan
27.544317611058553,88.30935251798562,68.7,68.7,nan,12.640313344,nan,nan,32.0,0.0,32,nan
27.56099701722463,84.71223021582735,68.7,68.7,nan,12.640313344,nan,nan,30.0,0.0,32,nan
27.577676232655843,86.51079136690647,68.7,68.7,nan,12.671770624,nan,nan,31.0,0.0,32,nan
27.59435215393702,86.51079136690647,68.7,68.7,nan,12.673867776,nan,nan,31.0,0.0,32,nan
27.611028842131297,86.69064748201438,68.7,68.7,nan,12.67806208,nan,nan,31.0,0.0,32,nan
27.627704342206318,83.27338129496404,68.7,68.7,nan,12.68854784,nan,nan,30.0,0.0,32,nan
27.644380191961925,85.07194244604317,68.7,68.7,nan,12.76194816,nan,nan,31.0,0.0,32,nan
27.661058966318766,85.25179856115108,68.7,68.7,nan,12.76194816,nan,nan,31.0,0.0,32,nan
27.677734235922497,85.25179856115108,68.7,68.7,nan,12.764045312,nan,nan,31.0,0.0,32,nan
27.69441337188085,82.37410071942446,68.7,68.7,nan,12.766142464,nan,nan,30.0,0.0,32,nan
27.71108416716258,85.431654676259,68.7,68.7,nan,12.766142464,nan,nan,31.0,0.0,32,nan
27.72776183684667,85.79136690647482,68.7,68.7,nan,12.766142464,nan,nan,31.0,0.0,32,nan
27.74443686803182,84.17266187050359,68.7,68.7,nan,12.77243392,nan,nan,30.0,0.0,32,nan
27.76111144622167,83.99280575539568,68.7,68.7,nan,12.77243392,nan,nan,30.0,0.0,32,nan
27.777785861492156,85.61151079136691,68.7,68.7,nan,12.77243392,nan,nan,31.0,0.0,32,nan
27.794462052981057,82.91366906474819,68.7,68.7,nan,12.77243392,nan,nan,30.0,0.0,32,nan
27.811137262980143,82.91366906474819,68.7,68.7,nan,12.778725376,nan,nan,30.0,0.0,32,nan
27.827807593345643,80.2158273381295,68.7,68.7,nan,12.778725376,nan,nan,29.0,0.0,32,nan
27.844482358296712,80.2158273381295,68.7,68.7,nan,12.778725376,nan,nan,29.0,0.0,32,nan
27.861162038644157,82.73381294964028,68.7,68.7,nan,12.778725376,nan,nan,30.0,0.0,32,nan
27.87783761024475,82.73381294964028,68.7,68.7,nan,12.778725376,nan,nan,30.0,0.0,32,nan
27.89451376994451,82.55395683453237,68.7,68.7,nan,12.778725376,nan,nan,30.0,0.0,32,nan
27.911192186673482,85.61151079136691,68.7,68.7,nan,12.780822528,nan,nan,31.0,0.0,32,nan
27.927863252162933,85.79136690647482,68.7,68.7,nan,12.78291968,nan,nan,31.0,0.0,32,nan
27.944537583986918,85.79136690647482,68.7,68.7,nan,12.227477504,nan,nan,31.0,0.0,32,nan
27.961213930447897,83.63309352517986,68.7,68.7,nan,12.458237952,nan,nan,31.0,0.0,32,nan
27.977888238430022,82.91366906474819,68.7,68.7,nan,12.458237952,nan,nan,30.0,0.0,32,nan
27.9945613582929,84.17266187050359,68.7,68.7,nan,12.460335104,nan,nan,30.0,1.0,32,nan
28.011234311262765,82.37410071942446,68.7,68.7,nan,12.464529408,nan,nan,30.0,0.0,32,nan
28.0279043118159,78.59712230215827,68.7,68.7,nan,12.46662656,nan,nan,29.0,0.0,32,nan
28.04457788070043,81.65467625899281,68.7,68.7,nan,12.485500928,nan,nan,30.0,0.0,32,nan
28.061251537005106,83.63309352517986,68.7,68.7,nan,12.53394432,nan,nan,30.0,0.0,32,nan
28.0779319524765,84.53237410071942,68.7,68.7,nan,12.573790208,nan,nan,31.0,0.0,32,nan
28.094603395462038,84.89208633093526,68.7,68.7,nan,12.590567424,nan,nan,31.0,0.0,32,nan
28.111275613307953,83.27338129496404,68.7,68.7,nan,12.590567424,nan,nan,30.0,0.0,32,nan
28.127949337164562,84.89208633093526,68.7,68.7,nan,12.590567424,nan,nan,31.0,0.0,32,nan
28.144626569747924,84.17266187050359,68.7,68.7,nan,12.611538944,nan,nan,29.0,1.0,32,nan
28.161298716068266,85.07194244604317,68.7,68.7,nan,12.611538944,nan,nan,31.0,0.0,32,nan
28.177970914045968,85.25179856115108,68.7,68.7,nan,12.611538944,nan,nan,31.0,0.0,32,nan
28.194641268253328,85.25179856115108,68.7,68.7,nan,12.611538944,nan,nan,31.0,0.0,32,nan
28.211313700675966,81.83453237410072,68.7,68.7,nan,12.611538944,nan,nan,29.0,0.0,32,nan
28.227984527746838,82.73381294964028,68.7,68.7,nan,12.613636096,nan,nan,30.0,0.0,32,nan
28.244659328460692,85.79136690647482,68.7,68.7,nan,12.613636096,nan,nan,31.0,0.0,32,nan
28.261332416534422,85.79136690647482,68.7,68.7,nan,12.613636096,nan,nan,30.0,0.0,32,nan
28.27800441980362,83.81294964028777,68.7,68.7,nan,12.615733248,nan,nan,30.0,0.0,32,nan
28.294676752885184,86.69064748201438,68.7,68.7,nan,12.6178304,nan,nan,31.0,0.0,32,nan
28.311347846190134,86.15107913669064,68.7,68.7,nan,12.619927552,nan,nan,31.0,0.0,32,nan
28.328021156787873,89.02877697841727,68.7,68.7,nan,12.619927552,nan,nan,32.0,0.0,32,nan
28.344693545500437,86.87050359712231,68.7,68.7,nan,12.619927552,nan,nan,31.0,0.0,32,nan
28.361364928881326,85.61151079136691,68.7,68.7,nan,12.619927552,nan,nan,31.0,0.0,32,nan
28.37803872823715,85.97122302158273,68.7,68.7,nan,12.619927552,nan,nan,31.0,0.0,32,nan
28.394714204470315,83.81294964028777,68.7,68.7,nan,12.622024704,nan,nan,30.0,0.0,32,nan
28.411386887232464,77.33812949640287,68.7,68.7,nan,12.63880192,nan,nan,29.0,0.0,32,nan
28.42805953423182,82.37410071942446,68.7,68.7,nan,12.64928768,nan,nan,30.0,0.0,32,nan
28.444733381271362,77.15827338129496,68.7,68.7,nan,12.651384832,nan,nan,29.0,0.0,32,nan
28.461411027113595,80.03597122302159,68.7,68.7,nan,12.655579136,nan,nan,29.0,0.0,32,nan
28.478082875410717,85.25179856115108,68.7,68.7,nan,12.65977344,nan,nan,30.0,1.0,32,nan
28.494755494594575,85.431654676259,68.7,68.7,nan,12.668162048,nan,nan,31.0,0.0,32,nan
28.51142488718033,85.79136690647482,68.7,68.7,nan,12.6702592,nan,nan,31.0,0.0,32,nan
28.528096159299213,84.17266187050359,68.7,68.7,nan,12.676550656,nan,nan,30.0,0.0,32,nan
28.544768504301707,85.79136690647482,68.7,68.7,nan,12.68074496,nan,nan,31.0,0.0,32,nan
28.561443996429443,82.73381294964028,68.7,68.7,nan,12.689133568,nan,nan,30.0,0.0,32,nan
28.5781153122584,83.81294964028777,68.7,68.7,nan,12.695425024,nan,nan,30.0,0.0,32,nan
28.594792652130128,86.15107913669064,68.7,68.7,nan,12.71851008,nan,nan,31.0,0.0,32,nan
28.611463522911073,87.76978417266187,68.7,68.7,nan,12.71851008,nan,nan,31.0,1.0,32,nan
28.6281374891599,88.30935251798562,68.7,68.7,nan,12.71851008,nan,nan,32.0,0.0,32,nan
28.644811995824178,88.30935251798562,68.7,68.7,nan,12.71851008,nan,nan,32.0,0.0,32,nan
28.661484972635904,88.48920863309353,68.7,68.7,nan,12.71851008,nan,nan,32.0,0.0,32,nan
28.67815753618876,88.84892086330936,68.7,68.7,nan,12.71851008,nan,nan,32.0,0.0,32,nan
28.694829233487447,85.97122302158273,68.7,68.7,nan,12.71851008,nan,nan,31.0,0.0,32,nan
28.711498709519706,82.01438848920863,68.7,68.7,nan,12.72899584,nan,nan,30.0,0.0,32,nan
28.728177050749462,83.99280575539568,68.7,68.7,nan,12.731092992,nan,nan,31.0,0.0,32,nan
28.744850663344064,83.99280575539568,68.7,68.7,nan,12.733190144,nan,nan,31.0,0.0,32,nan
28.761522102355958,83.99280575539568,68.7,68.7,nan,12.735287296,nan,nan,31.0,0.0,32,nan
28.77819649775823,79.13669064748201,68.7,68.7,nan,12.735287296,nan,nan,30.0,0.0,32,nan
28.794870340824126,84.89208633093526,68.7,68.7,nan,12.735287296,nan,nan,31.0,0.0,32,nan
28.811544167995454,85.431654676259,68.7,68.7,nan,12.737384448,nan,nan,31.0,0.0,32,nan
28.828218615055086,85.25179856115108,68.7,68.7,nan,12.764647424,nan,nan,31.0,0.0,32,nan
28.844893821080525,87.58992805755396,68.7,68.7,nan,12.764647424,nan,nan,32.0,0.0,32,nan
28.861566245555878,85.61151079136691,68.7,68.7,nan,12.764647424,nan,nan,31.0,0.0,32,nan
28.87824468612671,80.93525179856115,68.7,68.7,nan,12.764647424,nan,nan,30.0,0.0,32,nan
28.8949201186498,86.51079136690647,68.7,68.7,nan,12.764647424,nan,nan,32.0,0.0,32,nan
28.911595582962036,83.99280575539568,68.7,68.7,nan,12.764647424,nan,nan,31.0,0.0,32,nan
28.928270979722342,85.07194244604317,68.7,68.7,nan,12.766744576,nan,nan,31.0,0.0,32,nan
28.944943046569826,82.37410071942446,68.7,68.7,nan,12.768841728,nan,nan,30.0,0.0,32,nan
28.961614151795704,85.431654676259,68.7,68.7,nan,12.77093888,nan,nan,31.0,0.0,32,nan
28.978286357720695,85.25179856115108,68.7,68.7,nan,12.77093888,nan,nan,31.0,0.0,32,nan
28.994961376984914,87.76978417266187,68.7,68.7,nan,12.77093888,nan,nan,32.0,0.0,32,nan
29.011634361743926,84.71223021582735,68.7,68.7,nan,12.773036032,nan,nan,31.0,0.0,32,nan
29.02830947637558,84.71223021582735,68.7,68.7,nan,12.773036032,nan,nan,31.0,0.0,32,nan
29.04498267173767,82.01438848920863,68.7,68.7,nan,12.775153664,nan,nan,29.0,1.0,32,nan
29.061658573150634,84.53237410071942,68.7,68.7,nan,12.775153664,nan,nan,31.0,0.0,32,nan
29.078331792354582,84.71223021582735,68.7,68.7,nan,12.775153664,nan,nan,31.0,0.0,32,nan
29.095004892349245,81.83453237410072,68.7,68.7,nan,12.775153664,nan,nan,30.0,0.0,32,nan
29.11167654196421,86.51079136690647,68.7,68.7,nan,12.777250816,nan,nan,31.0,0.0,32,nan
29.128350404898324,83.45323741007195,68.7,68.7,nan,12.777250816,nan,nan,30.0,0.0,32,nan
29.145026993751525,85.97122302158273,68.7,68.7,nan,12.777250816,nan,nan,31.0,0.0,32,nan
29.161700836817424,83.63309352517986,68.7,68.7,nan,12.777250816,nan,nan,31.0,0.0,32,nan
29.178376746177673,88.66906474820144,68.7,68.7,nan,12.777250816,nan,nan,32.0,0.0,32,nan
29.1950488169988,87.05035971223022,68.7,68.7,nan,12.777250816,nan,nan,31.0,0.0,32,nan
29.211721595128378,89.02877697841727,68.7,68.7,nan,12.777250816,nan,nan,32.0,0.0,32,nan
29.228395501772564,83.99280575539568,68.7,68.7,nan,12.785639424,nan,nan,30.0,1.0,32,nan
29.245068776607514,89.02877697841727,68.7,68.7,nan,12.785639424,nan,nan,32.0,0.0,32,nan
29.261740442117055,89.02877697841727,68.7,68.7,nan,12.785639424,nan,nan,32.0,0.0,32,nan
29.278410716851553,89.02877697841727,68.7,68.7,nan,12.785639424,nan,nan,32.0,0.0,32,nan
29.295083463191986,89.20863309352518,68.7,68.7,nan,12.785639424,nan,nan,32.0,0.0,32,nan
29.311761566003163,89.20863309352518,68.7,68.7,nan,12.785639424,nan,nan,32.0,0.0,32,nan
29.3284339427948,87.41007194244604,68.7,68.7,nan,12.8129024,nan,nan,31.0,0.0,32,nan
29.345109768708546,83.45323741007195,68.7,68.7,nan,12.850651136,nan,nan,30.0,0.0,32,nan
29.36178095738093,87.76978417266187,68.7,68.7,nan,12.850651136,nan,nan,31.0,0.0,32,nan
29.378452849388122,87.76978417266187,68.7,68.7,nan,12.850651136,nan,nan,31.0,0.0,32,nan
29.395127967993417,83.63309352517986,68.7,68.7,nan,12.852748288,nan,nan,29.0,0.0,32,nan
29.411801997820536,87.41007194244604,68.7,68.7,nan,12.869525504,nan,nan,30.0,1.0,32,nan
29.42847882906596,81.11510791366908,68.7,68.7,nan,12.884205568,nan,nan,29.0,0.0,32,nan
29.44515074888865,88.12949640287769,68.7,68.7,nan,12.90727424,nan,nan,31.0,0.0,32,nan
29.46182893117269,87.41007194244604,68.7,68.7,nan,12.90727424,nan,nan,30.0,1.0,32,nan
29.478503799438478,87.76978417266187,68.7,68.7,nan,12.909371392,nan,nan,31.0,0.0,32,nan
29.495178667704263,82.91366906474819,68.7,68.7,nan,12.911468544,nan,nan,29.0,0.0,32,nan
29.511854108174642,84.89208633093526,68.7,68.7,nan,12.911468544,nan,nan,30.0,0.0,32,nan
29.528526755174003,88.12949640287769,68.7,68.7,nan,12.911468544,nan,nan,31.0,0.0,32,nan
29.545201416810354,83.45323741007195,68.7,68.7,nan,12.911468544,nan,nan,30.0,0.0,32,nan
29.561878498395284,90.46762589928058,68.7,68.7,nan,12.913565696,nan,nan,32.0,0.0,32,nan
29.57855245669683,90.46762589928058,68.7,68.7,nan,12.913565696,nan,nan,32.0,0.0,32,nan
29.595228731632233,87.76978417266187,68.7,68.7,nan,12.913565696,nan,nan,31.0,0.0,32,nan
29.611901358763376,90.64748201438849,68.7,68.7,nan,12.913565696,nan,nan,32.0,0.0,32,nan
29.62857708533605,88.12949640287769,68.7,68.7,nan,12.913565696,nan,nan,31.0,0.0,32,nan
29.64524759054184,83.99280575539568,68.7,68.7,nan,12.913565696,nan,nan,30.0,0.0,32,nan
29.661922057469685,85.97122302158273,68.7,68.7,nan,12.947120128,nan,nan,31.0,0.0,32,nan
29.67859435081482,82.91366906474819,68.7,68.7,nan,12.95970304,nan,nan,30.0,0.0,32,nan
29.695266338189445,84.53237410071942,68.7,68.7,nan,12.965994496,nan,nan,31.0,0.0,32,nan
29.711935154596965,87.94964028776978,68.7,68.7,nan,12.965994496,nan,nan,31.0,0.0,32,nan
29.72860857248306,87.23021582733813,68.7,68.7,nan,12.965994496,nan,nan,31.0,0.0,32,nan
29.745281978448233,86.51079136690647,68.7,68.7,nan,12.972285952,nan,nan,30.0,1.0,32,nan
29.761959381898244,89.02877697841727,68.7,68.7,nan,12.972285952,nan,nan,32.0,0.0,32,nan
29.778631881872812,87.05035971223022,68.7,68.7,nan,13.26379008,nan,nan,31.0,0.0,32,nan
29.79531339009603,87.05035971223022,68.7,68.7,nan,13.303635968,nan,nan,31.0,0.0,32,nan
29.811982762813567,84.53237410071942,68.7,68.7,nan,13.314121728,nan,nan,30.0,0.0,32,nan
29.828660623232523,87.23021582733813,68.7,68.7,nan,13.314121728,nan,nan,31.0,0.0,32,nan
29.845329411824544,87.41007194244604,68.7,68.7,nan,13.320413184,nan,nan,31.0,0.0,32,nan
29.862000636259715,85.61151079136691,68.7,68.7,nan,13.320413184,nan,nan,29.0,0.0,32,nan
29.878680253028868,87.41007194244604,68.7,68.7,nan,13.364453376,nan,nan,31.0,0.0,32,nan
29.895353865623473,84.17266187050359,68.7,68.7,nan,13.391716352,nan,nan,30.0,0.0,32,nan
29.912030744552613,87.23021582733813,68.7,68.7,nan,13.395910656,nan,nan,30.0,1.0,32,nan
29.928703677654266,87.58992805755396,68.7,68.7,nan,13.398007808,nan,nan,31.0,0.0,32,nan
29.945379030704498,83.09352517985612,68.7,68.7,nan,13.402202112,nan,nan,30.0,0.0,32,nan
29.9620495001475,81.11510791366908,68.7,68.7,nan,13.442048,nan,nan,29.0,0.0,32,nan
29.97871916294098,88.48920863309353,68.7,68.7,nan,13.446242304,nan,nan,31.0,0.0,32,nan
29.995394404729208,86.69064748201438,68.7,68.7,nan,13.448339456,nan,nan,30.0,0.0,32,nan
30.012068899472556,90.46762589928058,68.7,68.7,nan,13.450436608,nan,nan,31.0,1.0,32,nan
30.02874533335368,85.07194244604317,68.7,68.7,nan,13.450436608,nan,nan,30.0,0.0,32,nan
30.045419347286224,90.28776978417265,68.7,68.7,nan,13.450436608,nan,nan,32.0,0.0,32,nan
30.06209203402201,90.46762589928058,68.7,68.7,nan,13.450436608,nan,nan,32.0,0.0,32,nan
30.078766246636707,90.46762589928058,68.7,68.7,nan,13.450436608,nan,nan,32.0,0.0,32,nan
30.09544451634089,88.48920863309353,68.7,68.7,nan,13.450436608,nan,nan,31.0,0.0,32,nan
30.112119555473328,87.41007194244604,68.7,68.7,nan,13.450436608,nan,nan,31.0,0.0,32,nan
30.12879100640615,88.48920863309353,68.7,68.7,nan,13.450436608,nan,nan,31.0,0.0,32,nan
30.145467774073282,83.81294964028777,68.7,68.7,nan,13.450436608,nan,nan,29.0,0.0,32,nan
30.162143882115682,85.25179856115108,68.7,68.7,nan,13.502865408,nan,nan,29.0,0.0,32,nan
30.178819366296132,87.05035971223022,68.7,68.7,nan,13.557407744,nan,nan,30.0,0.0,32,nan
30.195494004090627,87.76978417266187,68.7,68.7,nan,13.557407744,nan,nan,30.0,0.0,32,nan
30.212168391545614,89.02877697841727,68.7,68.7,nan,13.572087808,nan,nan,30.0,1.0,32,nan
30.22884558439255,91.18705035971223,68.7,68.7,nan,13.572087808,nan,nan,31.0,1.0,32,nan
30.245518302917482,88.12949640287769,68.7,68.7,nan,13.572087808,nan,nan,31.0,0.0,32,nan
30.26219607591629,86.87050359712231,68.7,68.7,nan,13.576282112,nan,nan,29.0,1.0,32,nan
30.27887007792791,85.07194244604317,68.7,68.7,nan,13.593059328,nan,nan,29.0,1.0,32,nan
30.2955442070961,83.81294964028777,68.7,68.7,nan,13.59515648,nan,nan,30.0,0.0,32,nan
30.31221856276194,89.02877697841727,68.7,68.7,nan,13.59515648,nan,nan,31.0,0.0,32,nan
30.328891571362814,89.02877697841727,68.7,68.7,nan,13.59515648,nan,nan,31.0,0.0,32,nan
30.345565176010133,89.02877697841727,68.7,68.7,nan,13.59515648,nan,nan,31.0,0.0,32,nan
30.362234580516816,83.81294964028777,68.7,68.7,nan,13.59515648,nan,nan,29.0,0.0,32,nan
30.378909520308177,83.27338129496404,68.7,68.7,nan,13.59515648,nan,nan,28.0,1.0,32,nan
30.395582354068758,87.05035971223022,68.7,68.7,nan,13.59515648,nan,nan,30.0,0.0,32,nan
30.412264251708983,87.05035971223022,68.7,68.7,nan,13.59515648,nan,nan,30.0,0.0,32,nan
30.428938261667888,87.58992805755396,68.7,68.7,nan,13.433647104,nan,nan,30.0,0.0,32,nan
30.44560708204905,88.12949640287769,68.7,68.7,nan,13.433647104,nan,nan,31.0,0.0,32,nan
30.46227844953537,83.09352517985612,68.7,68.7,nan,13.433647104,nan,nan,29.0,0.0,32,nan
30.478950782616934,83.09352517985612,68.7,68.7,nan,13.442035712,nan,nan,29.0,0.0,32,nan
30.495620262622833,86.69064748201438,68.7,68.7,nan,13.96422656,nan,nan,30.0,0.0,32,nan
30.51229821840922,88.84892086330936,68.7,68.7,nan,13.981003776,nan,nan,29.0,1.0,32,nan
30.528969033559164,90.82733812949641,68.7,68.7,nan,13.981003776,nan,nan,31.0,1.0,32,nan
30.54563986857732,90.82733812949641,68.7,68.7,nan,13.981003776,nan,nan,31.0,1.0,32,nan
30.562313636144,90.10791366906474,68.7,68.7,nan,13.997780992,nan,nan,31.0,0.0,32,nan
30.57898601690928,87.94964028776978,68.7,68.7,nan,14.0061696,nan,nan,31.0,0.0,32,nan
30.595659919579823,87.94964028776978,68.7,68.7,nan,14.012461056,nan,nan,31.0,0.0,32,nan
30.61233225663503,87.94964028776978,68.7,68.7,nan,14.014558208,nan,nan,31.0,0.0,32,nan
30.629009596506755,87.94964028776978,68.7,68.7,nan,14.014558208,nan,nan,31.0,0.0,32,nan
30.645683693885804,87.41007194244604,68.7,68.7,nan,14.02714112,nan,nan,28.0,2.0,32,nan
30.662353901068368,88.12949640287769,68.7,68.7,nan,14.02923008,nan,nan,31.0,0.0,32,nan
30.679024306933083,88.84892086330936,68.7,68.7,nan,14.02923008,nan,nan,31.0,0.0,32,nan
30.695693703492484,88.30935251798562,68.7,68.7,nan,14.031327232,nan,nan,31.0,0.0,32,nan
30.71236451466878,86.15107913669064,68.7,68.7,nan,14.031327232,nan,nan,30.0,0.0,32,nan
30.729037439823152,88.30935251798562,68.7,68.7,nan,14.031327232,nan,nan,31.0,0.0,32,nan
30.745711155732472,88.48920863309353,68.7,68.7,nan,14.031327232,nan,nan,31.0,0.0,32,nan
30.762383329868317,85.79136690647482,68.7,68.7,nan,14.033424384,nan,nan,30.0,0.0,32,nan
30.779060781002045,86.51079136690647,68.7,68.7,nan,14.05022208,nan,nan,29.0,1.0,32,nan
30.795731933911643,86.33093525179856,68.7,68.7,nan,14.054416384,nan,nan,30.0,0.0,32,nan
30.812404417991637,82.91366906474819,68.7,68.7,nan,14.062804992,nan,nan,28.0,1.0,32,nan
30.829077076911926,88.84892086330936,68.7,68.7,nan,14.077485056,nan,nan,31.0,0.0,32,nan
30.84574978351593,88.84892086330936,68.7,68.7,nan,14.090067968,nan,nan,31.0,0.0,32,nan
30.862420761585234,87.23021582733813,68.7,68.7,nan,14.09216512,nan,nan,30.0,0.0,32,nan
30.87909032901128,89.92805755395683,68.7,68.7,nan,14.09216512,nan,nan,31.0,0.0,32,nan
30.89576384226481,90.46762589928058,68.7,68.7,nan,13.490249728,nan,nan,31.0,0.0,31,nan
30.912442910671235,89.568345323741,68.7,68.7,nan,13.490249728,nan,nan,31.0,0.0,31,nan
30.929116809368132,89.568345323741,68.7,68.7,nan,13.490249728,nan,nan,31.0,0.0,31,nan
30.94579358100891,89.568345323741,68.7,68.7,nan,13.490249728,nan,nan,31.0,0.0,31,nan
30.962467241287232,86.15107913669064,68.7,68.7,nan,13.500735488,nan,nan,30.0,0.0,31,nan
30.97914466460546,86.33093525179856,68.7,68.7,nan,13.500735488,nan,nan,30.0,0.0,31,nan
30.995817836125692,86.15107913669064,68.7,68.7,nan,13.500735488,nan,nan,30.0,0.0,31,nan
31.012494428952536,84.17266187050359,68.7,68.7,nan,13.500735488,nan,nan,29.0,0.0,31,nan
31.029168331623076,83.81294964028777,68.7,68.7,nan,13.500735488,nan,nan,29.0,0.0,31,nan
31.04584520260493,86.15107913669064,68.7,68.7,nan,13.500735488,nan,nan,30.0,0.0,31,nan
31.062518962224324,86.33093525179856,68.7,68.7,nan,13.500735488,nan,nan,30.0,0.0,31,nan
31.07919518550237,86.51079136690647,68.7,68.7,nan,13.500735488,nan,nan,30.0,0.0,31,nan
31.095869358380636,86.69064748201438,68.7,68.7,nan,13.500735488,nan,nan,30.0,0.0,31,nan
31.11254293123881,86.69064748201438,68.7,68.7,nan,13.500735488,nan,nan,30.0,0.0,31,nan
31.129216917355855,84.71223021582735,68.7,68.7,nan,13.500735488,nan,nan,29.0,0.0,31,nan
31.145891253153483,80.2158273381295,68.7,68.7,nan,13.50283264,nan,nan,27.0,0.0,31,nan
31.162563570340474,86.15107913669064,68.7,68.7,nan,13.507026944,nan,nan,28.0,1.0,31,nan
31.179235672950746,85.97122302158273,68.7,68.7,nan,13.507026944,nan,nan,29.0,0.0,31,nan
31.19591109355291,85.97122302158273,68.7,68.7,nan,13.509124096,nan,nan,28.0,0.0,31,nan
31.212583100795747,84.35251798561151,68.7,68.7,nan,13.511221248,nan,nan,28.0,0.0,31,nan
31.22925822734833,83.81294964028777,68.7,68.7,nan,13.519609856,nan,nan,28.0,0.0,31,nan
31.245928132534026,87.94964028776978,68.7,68.7,nan,13.542678528,nan,nan,30.0,0.0,31,nan
31.262602015336356,87.23021582733813,68.7,68.7,nan,13.542678528,nan,nan,30.0,0.0,31,nan
31.27927508751551,87.41007194244604,68.7,68.7,nan,13.542678528,nan,nan,30.0,0.0,31,nan
31.295948934555053,83.45323741007195,68.7,68.7,nan,13.542678528,nan,nan,29.0,0.0,31,nan
31.312621359030405,83.45323741007195,68.7,68.7,nan,13.548986368,nan,nan,29.0,0.0,31,nan
31.329293060302735,78.23741007194245,68.7,68.7,nan,13.574152192,nan,nan,27.0,1.0,31,nan
31.345963311195373,83.45323741007195,68.7,68.7,nan,13.574152192,nan,nan,29.0,0.0,31,nan
31.362635815143584,83.45323741007195,68.7,68.7,nan,12.68914176,nan,nan,29.0,0.0,30,nan
31.37931238412857,85.25179856115108,68.7,68.7,nan,12.693336064,nan,nan,29.0,0.0,30,nan
31.395984546343485,87.23021582733813,68.7,68.7,nan,12.693336064,nan,nan,30.0,0.0,30,nan
31.41265889406204,87.23021582733813,68.7,68.7,nan,12.693336064,nan,nan,30.0,0.0,30,nan
31.42932991584142,87.23021582733813,68.7,68.7,nan,12.693336064,nan,nan,30.0,0.0,30,nan
31.44600344101588,87.41007194244604,68.7,68.7,nan,12.693336064,nan,nan,30.0,0.0,30,nan
31.46267707745234,87.41007194244604,68.7,68.7,nan,12.693336064,nan,nan,30.0,0.0,30,nan
31.479349760214486,87.58992805755396,68.7,68.7,nan,12.693336064,nan,nan,30.0,0.0,30,nan
31.496026945114135,85.07194244604317,68.7,68.7,nan,12.693336064,nan,nan,29.0,0.0,30,nan
31.51270086367925,83.27338129496404,68.7,68.7,nan,12.766736384,nan,nan,28.0,0.0,30,nan
31.529381775856017,82.73381294964028,68.7,68.7,nan,12.766736384,nan,nan,28.0,1.0,30,nan
31.546052237351734,82.91366906474819,68.7,68.7,nan,12.766736384,nan,nan,29.0,0.0,30,nan
31.562727522850036,82.91366906474819,68.7,68.7,nan,12.766736384,nan,nan,29.0,0.0,30,nan
31.579400177796682,85.431654676259,68.7,68.7,nan,12.766736384,nan,nan,30.0,0.0,30,nan
31.596076544125875,86.15107913669064,68.7,68.7,nan,12.766736384,nan,nan,30.0,0.0,30,nan
31.612747192382812,85.97122302158273,68.7,68.7,nan,12.766736384,nan,nan,30.0,0.0,30,nan
31.62942079305649,85.97122302158273,68.7,68.7,nan,12.766736384,nan,nan,30.0,0.0,30,nan
31.646093424161275,86.15107913669064,68.7,68.7,nan,12.766736384,nan,nan,30.0,0.0,30,nan
31.662767672538756,85.97122302158273,68.7,68.7,nan,12.766736384,nan,nan,29.0,1.0,30,nan
31.679442568620047,86.15107913669064,68.7,68.7,nan,12.766736384,nan,nan,30.0,0.0,30,nan
31.696115148067474,82.55395683453237,68.7,68.7,nan,12.766736384,nan,nan,29.0,0.0,30,nan
31.71278771162033,82.55395683453237,68.7,68.7,nan,12.766736384,nan,nan,29.0,0.0,30,nan
31.72946025530497,86.69064748201438,68.7,68.7,nan,12.766736384,nan,nan,29.0,1.0,30,nan
31.746134289105733,86.51079136690647,68.7,68.7,nan,12.766736384,nan,nan,30.0,0.0,30,nan
31.762805426120757,86.51079136690647,68.7,68.7,nan,12.766736384,nan,nan,30.0,0.0,30,nan
31.779477949937185,83.27338129496404,68.7,68.7,nan,12.766736384,nan,nan,29.0,0.0,30,nan
31.796149337291716,83.45323741007195,68.7,68.7,nan,12.766736384,nan,nan,29.0,0.0,30,nan
31.812828079859415,86.69064748201438,68.7,68.7,nan,12.766736384,nan,nan,29.0,1.0,30,nan
31.829503309726714,85.97122302158273,68.7,68.7,nan,12.796096512,nan,nan,29.0,1.0,30,nan
31.846176143487295,86.33093525179856,68.7,68.7,nan,12.796096512,nan,nan,30.0,0.0,30,nan
31.862848110993703,86.15107913669064,68.7,68.7,nan,12.796096512,nan,nan,29.0,1.0,30,nan
31.879527409871418,81.11510791366908,68.7,68.7,nan,12.838039552,nan,nan,27.0,1.0,30,nan
31.896201042334237,84.53237410071942,68.7,68.7,nan,12.838039552,nan,nan,29.0,0.0,30,nan
31.91287216345469,85.97122302158273,68.7,68.7,nan,12.838039552,nan,nan,30.0,0.0,30,nan
31.929545931021373,87.05035971223022,68.7,68.7,nan,12.838039552,nan,nan,30.0,0.0,30,nan
31.9462193330129,86.69064748201438,68.7,68.7,nan,12.838039552,nan,nan,30.0,0.0,30,nan
31.96289760271708,83.09352517985612,68.7,68.7,nan,12.838039552,nan,nan,29.0,0.0,30,nan
31.979570599397025,83.81294964028777,68.7,68.7,nan,12.838039552,nan,nan,28.0,1.0,30,nan
31.99624783595403,87.23021582733813,68.7,68.7,nan,12.838039552,nan,nan,30.0,0.0,30,nan
32.01292160352071,85.79136690647482,68.7,68.7,nan,12.838039552,nan,nan,29.0,0.0,30,nan
32.02959539890289,87.76978417266187,68.7,68.7,nan,12.854816768,nan,nan,30.0,0.0,30,nan
32.04626635313034,84.71223021582735,68.7,68.7,nan,12.949188608,nan,nan,29.0,0.0,30,nan
32.06293862263362,85.25179856115108,68.7,68.7,nan,12.949188608,nan,nan,29.0,0.0,30,nan
32.07961243391037,87.05035971223022,68.7,68.7,nan,12.949188608,nan,nan,29.0,1.0,30,nan
32.096288708845776,85.79136690647482,68.7,68.7,nan,12.96177152,nan,nan,29.0,0.0,30,nan
32.1129611770312,88.66906474820144,68.7,68.7,nan,12.976451584,nan,nan,30.0,0.0,30,nan
32.129633673032124,87.94964028776978,68.7,68.7,nan,12.976451584,nan,nan,30.0,0.0,30,nan
32.14630947510401,88.30935251798562,68.7,68.7,nan,12.976451584,nan,nan,30.0,0.0,30,nan
32.16298605600993,84.53237410071942,68.7,68.7,nan,12.984840192,nan,nan,29.0,0.0,30,nan
32.17966548999151,85.79136690647482,68.7,68.7,nan,13.022588928,nan,nan,29.0,1.0,30,nan
32.19633821646372,85.97122302158273,68.7,68.7,nan,13.022588928,nan,nan,30.0,0.0,30,nan
32.213011046250664,86.15107913669064,68.7,68.7,nan,13.022588928,nan,nan,30.0,0.0,30,nan
32.22968335151673,86.15107913669064,68.7,68.7,nan,13.022588928,nan,nan,30.0,0.0,30,nan
32.24635838667552,86.15107913669064,68.7,68.7,nan,13.022588928,nan,nan,30.0,0.0,30,nan
32.26303345362346,80.03597122302159,68.7,68.7,nan,13.022588928,nan,nan,28.0,0.0,30,nan
32.279705023765565,86.33093525179856,68.7,68.7,nan,13.022588928,nan,nan,30.0,0.0,30,nan
32.2963772614797,87.23021582733813,68.7,68.7,nan,13.022588928,nan,nan,30.0,0.0,30,nan
32.31304829518,83.45323741007195,68.7,68.7,nan,13.022588928,nan,nan,29.0,0.0,30,nan
32.329720656077065,87.05035971223022,68.7,68.7,nan,13.022588928,nan,nan,30.0,0.0,30,nan
32.34639317194621,87.05035971223022,68.7,68.7,nan,13.022588928,nan,nan,30.0,0.0,30,nan
32.36306752761205,87.05035971223022,68.7,68.7,nan,13.022588928,nan,nan,30.0,0.0,30,nan
32.37974239985148,87.05035971223022,68.7,68.7,nan,13.022588928,nan,nan,30.0,0.0,30,nan
32.39641447067261,87.05035971223022,68.7,68.7,nan,13.022588928,nan,nan,30.0,0.0,30,nan
32.41308683951696,81.4748201438849,68.7,68.7,nan,13.022588928,nan,nan,28.0,0.0,30,nan
32.42976114352544,81.4748201438849,68.7,68.7,nan,13.054066688,nan,nan,28.0,0.0,30,nan
32.44643690188726,76.79856115107914,68.7,68.7,nan,13.062455296,nan,nan,26.0,0.0,30,nan
32.4631125887235,79.49640287769783,68.7,68.7,nan,13.062455296,nan,nan,27.0,0.0,30,nan
32.47978578408559,79.49640287769783,68.7,68.7,nan,13.062455296,nan,nan,27.0,0.0,30,nan
32.49646216233571,77.15827338129496,68.7,68.7,nan,13.062455296,nan,nan,26.0,0.0,30,nan
32.51313426494598,75.71942446043165,68.7,68.7,nan,13.062455296,nan,nan,26.0,0.0,30,nan
32.52981340090434,75.71942446043165,68.7,68.7,nan,13.064552448,nan,nan,26.0,0.0,30,nan
32.54648567040761,77.5179856115108,68.7,68.7,nan,13.064552448,nan,nan,26.0,1.0,30,nan
32.56315944194794,75.35971223021582,68.7,68.7,nan,13.064552448,nan,nan,25.0,1.0,30,nan
32.57982902526855,75.53956834532374,68.7,68.7,nan,12.716519424,nan,nan,26.0,0.0,29,nan
32.59650903542836,77.87769784172663,68.7,68.7,nan,12.720713728,nan,nan,27.0,0.0,29,nan
32.6131827990214,77.87769784172663,68.7,68.7,nan,12.720713728,nan,nan,27.0,0.0,29,nan
32.629852954546614,75.53956834532374,68.7,68.7,nan,12.720713728,nan,nan,26.0,0.0,29,nan
32.64652634064357,78.59712230215827,68.7,68.7,nan,12.722806784,nan,nan,27.0,0.0,29,nan
32.66320219039917,78.05755395683454,68.7,68.7,nan,12.725067776,nan,nan,27.0,0.0,29,nan
32.679873998959856,81.83453237410072,68.7,68.7,nan,12.725067776,nan,nan,28.0,0.0,29,nan
32.69654324054718,81.83453237410072,68.7,68.7,nan,12.727164928,nan,nan,28.0,0.0,29,nan
32.71321188211441,81.83453237410072,68.7,68.7,nan,12.727164928,nan,nan,28.0,0.0,29,nan
32.72988370259603,79.67625899280574,68.7,68.7,nan,12.219609088,nan,nan,27.0,0.0,28,nan
32.746553564071654,77.87769784172663,68.7,68.7,nan,12.232192,nan,nan,26.0,0.0,28,nan
32.763228054841356,79.85611510791367,68.7,68.7,nan,12.244774912,nan,nan,27.0,0.0,28,nan
32.7799002011617,79.85611510791367,68.7,68.7,nan,12.244774912,nan,nan,27.0,0.0,28,nan
32.79657517274221,77.33812949640287,68.7,68.7,nan,12.31607808,nan,nan,26.0,0.0,28,nan
32.8132495323817,77.87769784172663,68.7,68.7,nan,12.320272384,nan,nan,26.0,0.0,28,nan
32.829921356836955,78.05755395683454,68.7,68.7,nan,12.322369536,nan,nan,26.0,0.0,28,nan
32.846597560246785,76.2589928057554,68.7,68.7,nan,11.183706112,nan,nan,25.0,0.0,27,nan
32.86327811876933,78.23741007194245,68.7,68.7,nan,11.206774784,nan,nan,26.0,0.0,27,nan
32.879950404167175,75.89928057553956,68.7,68.7,nan,11.27389184,nan,nan,25.0,0.0,27,nan
32.8966202378273,75.89928057553956,68.7,68.7,nan,11.294867456,nan,nan,25.0,0.0,27,nan
32.91329231262207,75.89928057553956,68.7,68.7,nan,11.296964608,nan,nan,25.0,0.0,27,nan
32.92996482849121,75.53956834532374,68.7,68.7,nan,11.29906176,nan,nan,24.0,1.0,27,nan
32.9466375430425,75.71942446043165,68.7,68.7,nan,11.29906176,nan,nan,25.0,0.0,27,nan
32.963310603300734,78.05755395683454,68.7,68.7,nan,11.29906176,nan,nan,26.0,0.0,27,nan
32.97998369932175,78.05755395683454,68.7,68.7,nan,10.799927296,nan,nan,26.0,0.0,26,nan
32.9966628074646,78.23741007194245,68.7,68.7,nan,10.799927296,nan,nan,26.0,0.0,26,nan
33.013335013389586,75.71942446043165,68.7,68.7,nan,10.820898816,nan,nan,25.0,0.0,26,nan
33.03000929355621,78.59712230215827,68.7,68.7,nan,10.820898816,nan,nan,26.0,0.0,26,nan
33.04668162266413,76.61870503597122,68.7,68.7,nan,10.820898816,nan,nan,25.0,0.0,26,nan
33.06335522333781,79.13669064748201,68.7,68.7,nan,10.820898816,nan,nan,26.0,0.0,26,nan
33.080030250549314,79.13669064748201,68.7,68.7,nan,10.820898816,nan,nan,26.0,0.0,26,nan
33.09670400619507,75.89928057553956,68.7,68.7,nan,10.820898816,nan,nan,25.0,0.0,26,nan
33.113380618890126,75.35971223021582,68.7,68.7,nan,10.820898816,nan,nan,25.0,0.0,26,nan
33.130051136016846,79.49640287769783,68.7,68.7,nan,10.820898816,nan,nan,26.0,0.0,26,nan
33.14672807455063,78.9568345323741,68.7,68.7,nan,10.820898816,nan,nan,26.0,0.0,26,nan
33.16340268452962,79.31654676258992,68.7,68.7,nan,10.820898816,nan,nan,26.0,0.0,26,nan
33.18007913033168,78.9568345323741,68.7,68.7,nan,10.820898816,nan,nan,26.0,0.0,26,nan
33.19675201574962,79.13669064748201,68.7,68.7,nan,10.820898816,nan,nan,26.0,0.0,26,nan
33.21342900594075,78.23741007194245,68.7,68.7,nan,10.820898816,nan,nan,25.0,0.0,26,nan
33.23009946346283,79.31654676258992,68.7,68.7,nan,10.820898816,nan,nan,26.0,0.0,26,nan
33.24677740732829,79.31654676258992,68.7,68.7,nan,10.820898816,nan,nan,26.0,0.0,26,nan
33.26345007419586,77.5179856115108,68.7,68.7,nan,10.820898816,nan,nan,25.0,0.0,26,nan
33.280129563808444,79.67625899280574,68.7,68.7,nan,10.820898816,nan,nan,26.0,0.0,26,nan
33.29680334329605,77.15827338129496,68.7,68.7,nan,10.820898816,nan,nan,25.0,0.0,26,nan
33.313477635383606,78.05755395683454,68.7,68.7,nan,10.848169984,nan,nan,25.0,0.0,26,nan
33.33015385866165,75.71942446043165,68.7,68.7,nan,10.848169984,nan,nan,25.0,0.0,26,nan
33.34682993094126,79.67625899280574,68.7,68.7,nan,10.848169984,nan,nan,26.0,0.0,26,nan
33.36350351174672,77.6978417266187,68.7,68.7,nan,10.85446144,nan,nan,25.0,0.0,26,nan
33.3801773985227,75.89928057553956,68.7,68.7,nan,10.8649472,nan,nan,24.0,0.0,26,nan
33.39685405492783,75.17985611510791,68.7,68.7,nan,10.963513344,nan,nan,24.0,0.0,26,nan
33.413526912530266,78.05755395683454,68.7,68.7,nan,11.047399424,nan,nan,25.0,0.0,26,nan
33.43020201921463,74.28057553956835,68.7,68.7,nan,11.057885184,nan,nan,24.0,0.0,26,nan
33.44687946637472,78.05755395683454,68.7,68.7,nan,11.057885184,nan,nan,25.0,0.0,26,nan
33.46355446179708,78.23741007194245,68.7,68.7,nan,11.057885184,nan,nan,25.0,0.0,26,nan
33.48022840023041,76.61870503597122,68.7,68.7,nan,11.057885184,nan,nan,24.0,0.0,26,nan
33.4969011147817,78.41726618705036,68.7,68.7,nan,11.057885184,nan,nan,25.0,0.0,26,nan
33.513579122225444,81.11510791366908,68.7,68.7,nan,11.057885184,nan,nan,26.0,0.0,26,nan
33.53024840752284,81.11510791366908,68.7,68.7,nan,11.057885184,nan,nan,26.0,0.0,26,nan
33.5469179948171,78.41726618705036,68.7,68.7,nan,11.068370944,nan,nan,25.0,0.0,26,nan
33.563594830036166,81.11510791366908,68.7,68.7,nan,11.08514816,nan,nan,26.0,0.0,26,nan
33.58026985724767,81.11510791366908,68.7,68.7,nan,11.08514816,nan,nan,26.0,0.0,26,nan
33.59693969488144,79.13669064748201,68.7,68.7,nan,11.08514816,nan,nan,25.0,0.0,26,nan
33.61361440817515,79.85611510791367,68.7,68.7,nan,11.101929472,nan,nan,25.0,0.0,26,nan
33.630288374423984,79.49640287769783,68.7,68.7,nan,11.114512384,nan,nan,25.0,0.0,26,nan
33.64696328639984,79.31654676258992,68.7,68.7,nan,11.137871872,nan,nan,25.0,0.0,26,nan
33.66363855202993,79.31654676258992,68.7,68.7,nan,11.238555648,nan,nan,25.0,0.0,26,nan
33.68031541903814,73.92086330935253,68.7,68.7,nan,11.284692992,nan,nan,23.0,0.0,26,nan
33.69698857069015,75.89928057553956,68.7,68.7,nan,11.295178752,nan,nan,24.0,0.0,26,nan
33.713660617669426,78.77697841726618,68.7,68.7,nan,11.305664512,nan,nan,25.0,0.0,26,nan
33.73033029635747,78.77697841726618,68.7,68.7,nan,11.311955968,nan,nan,25.0,0.0,26,nan
33.74699983199437,76.97841726618705,68.7,68.7,nan,11.406327808,nan,nan,24.0,0.0,26,nan
33.763677195707956,77.15827338129496,68.7,68.7,nan,11.441979392,nan,nan,24.0,0.0,26,nan
33.78034973144531,78.9568345323741,68.7,68.7,nan,11.448270848,nan,nan,25.0,0.0,26,nan
33.797027639547984,75.35971223021582,68.7,68.7,nan,11.448270848,nan,nan,24.0,0.0,26,nan
33.81370259523392,75.53956834532374,68.7,68.7,nan,10.699526144,nan,nan,24.0,0.0,25,nan
33.83037861585617,70.86330935251799,68.7,68.7,nan,10.707914752,nan,nan,22.0,0.0,25,nan
33.84705326159795,72.66187050359711,68.7,68.7,nan,10.72889856,nan,nan,23.0,0.0,25,nan
33.86373185316722,70.68345323741008,68.7,68.7,nan,10.72889856,nan,nan,22.0,0.0,25,nan
33.880410782496135,73.02158273381295,68.7,68.7,nan,10.72889856,nan,nan,23.0,0.0,25,nan
33.897082316875455,75.89928057553956,68.7,68.7,nan,10.72889856,nan,nan,24.0,0.0,25,nan
33.91375952959061,76.07913669064747,68.7,68.7,nan,10.72889856,nan,nan,24.0,0.0,25,nan
33.930432148774464,76.07913669064747,68.7,68.7,nan,10.261213184,nan,nan,24.0,0.0,24,nan
33.947111296653745,76.07913669064747,68.7,68.7,nan,10.261213184,nan,nan,24.0,0.0,24,nan
33.96378459533056,76.07913669064747,68.7,68.7,nan,10.261213184,nan,nan,24.0,0.0,24,nan
33.980461871623994,76.2589928057554,68.7,68.7,nan,10.261213184,nan,nan,24.0,0.0,24,nan
33.99713610013326,76.2589928057554,68.7,68.7,nan,10.261213184,nan,nan,24.0,0.0,24,nan
34.013808031876884,70.86330935251799,68.7,68.7,nan,10.261213184,nan,nan,22.0,0.0,24,nan
34.03047871987025,73.74100719424462,68.7,68.7,nan,10.263310336,nan,nan,23.0,0.0,24,nan
34.047153381506604,76.79856115107914,68.7,68.7,nan,10.269601792,nan,nan,24.0,0.0,24,nan
34.06382691462834,74.82014388489209,68.7,68.7,nan,10.269601792,nan,nan,23.0,0.0,24,nan
34.080501266320546,74.82014388489209,68.7,68.7,nan,10.269601792,nan,nan,23.0,0.0,24,nan
34.097178264458975,77.5179856115108,68.7,68.7,nan,10.269601792,nan,nan,24.0,0.0,24,nan
34.11385058561961,77.6978417266187,68.7,68.7,nan,10.269601792,nan,nan,24.0,0.0,24,nan
34.13052951097488,77.6978417266187,68.7,68.7,nan,10.269601792,nan,nan,24.0,0.0,24,nan
34.147204387187955,77.6978417266187,68.7,68.7,nan,10.269601792,nan,nan,24.0,0.0,24,nan
34.16387660503388,77.6978417266187,68.7,68.7,nan,10.269601792,nan,nan,24.0,0.0,24,nan
34.18055084149043,77.6978417266187,68.7,68.7,nan,10.269601792,nan,nan,24.0,0.0,24,nan
34.19723063707352,77.87769784172663,68.7,68.7,nan,10.269601792,nan,nan,24.0,0.0,24,nan
34.213902409871416,78.05755395683454,68.7,68.7,nan,10.269601792,nan,nan,24.0,0.0,24,nan
34.23057581186295,78.23741007194245,68.7,68.7,nan,10.269601792,nan,nan,24.0,0.0,24,nan
34.24724822441737,78.23741007194245,68.7,68.7,nan,10.269601792,nan,nan,24.0,0.0,24,nan
34.263920962810516,78.23741007194245,68.7,68.7,nan,10.269601792,nan,nan,24.0,0.0,24,nan
34.280593208471934,79.13669064748201,68.7,68.7,nan,10.269601792,nan,nan,24.0,0.0,24,nan
34.29726571242015,78.59712230215827,68.7,68.7,nan,10.269601792,nan,nan,24.0,0.0,24,nan
34.31393593947093,75.71942446043165,68.7,68.7,nan,10.269601792,nan,nan,23.0,0.0,24,nan
34.33060875733693,75.71942446043165,68.7,68.7,nan,10.269601792,nan,nan,23.0,0.0,24,nan
34.34728119373322,75.35971223021582,68.7,68.7,nan,10.269601792,nan,nan,23.0,0.0,24,nan
34.3639509956042,78.77697841726618,68.7,68.7,nan,10.269601792,nan,nan,24.0,0.0,24,nan
34.380626090367635,76.43884892086331,68.7,68.7,nan,10.286379008,nan,nan,23.0,0.0,24,nan
34.39730077981949,78.77697841726618,68.7,68.7,nan,10.307350528,nan,nan,24.0,0.0,24,nan
34.41397579511007,78.77697841726618,68.7,68.7,nan,10.307350528,nan,nan,24.0,0.0,24,nan
34.430646860599516,78.77697841726618,68.7,68.7,nan,10.307350528,nan,nan,24.0,0.0,24,nan
34.44732071558634,78.77697841726618,68.7,68.7,nan,10.307350528,nan,nan,24.0,0.0,24,nan
34.46399342616399,78.9568345323741,68.7,68.7,nan,10.307350528,nan,nan,24.0,0.0,24,nan
34.48066265185674,78.9568345323741,68.7,68.7,nan,10.307350528,nan,nan,23.0,0.0,24,nan
34.49733453591664,78.9568345323741,68.7,68.7,nan,10.315739136,nan,nan,24.0,0.0,24,nan
34.514005128542586,78.9568345323741,68.7,68.7,nan,10.315739136,nan,nan,24.0,0.0,24,nan
34.5306784470876,78.9568345323741,68.7,68.7,nan,10.315739136,nan,nan,24.0,0.0,24,nan
34.54734925031662,78.9568345323741,68.7,68.7,nan,10.315739136,nan,nan,24.0,0.0,24,nan
34.564021372795104,78.9568345323741,68.7,68.7,nan,10.315739136,nan,nan,24.0,0.0,24,nan
34.580700568358104,74.10071942446044,68.7,68.7,nan,10.315739136,nan,nan,22.0,0.0,24,nan
34.59737606048584,76.43884892086331,68.7,68.7,nan,10.31993344,nan,nan,23.0,0.0,24,nan
34.614046951135,76.79856115107914,68.7,68.7,nan,10.31993344,nan,nan,23.0,0.0,24,nan
34.63071940342585,76.79856115107914,68.7,68.7,nan,10.31993344,nan,nan,23.0,0.0,24,nan
34.64739431142807,73.74100719424462,68.7,68.7,nan,10.31993344,nan,nan,22.0,0.0,24,nan
34.66406679948171,71.40287769784173,68.7,68.7,nan,10.31993344,nan,nan,22.0,0.0,24,nan
34.68074323733648,75.53956834532374,68.7,68.7,nan,10.31993344,nan,nan,23.0,0.0,24,nan
34.697412474950156,75.53956834532374,68.7,68.7,nan,10.31993344,nan,nan,23.0,0.0,24,nan
34.71408468882243,75.53956834532374,68.7,68.7,nan,10.31993344,nan,nan,23.0,0.0,24,nan
34.730756894747415,75.71942446043165,68.7,68.7,nan,10.322030592,nan,nan,23.0,0.0,24,nan
34.74743095239003,75.71942446043165,68.7,68.7,nan,9.566990336,nan,nan,23.0,0.0,23,nan
34.7641033967336,75.89928057553956,68.7,68.7,nan,9.566990336,nan,nan,23.0,0.0,23,nan
34.78077167272568,69.96402877697841,68.7,68.7,nan,9.566990336,nan,nan,22.0,0.0,23,nan
34.797445221741995,70.14388489208633,68.7,68.7,nan,9.566990336,nan,nan,22.0,0.0,23,nan
34.81411705414454,70.14388489208633,68.7,68.7,nan,9.566990336,nan,nan,22.0,0.0,23,nan
34.83079178730647,70.14388489208633,68.7,68.7,nan,9.566990336,nan,nan,22.0,0.0,23,nan
34.84746415615082,70.32374100719426,68.7,68.7,nan,9.566990336,nan,nan,22.0,0.0,23,nan
34.86413698196411,61.690647482014384,68.7,68.7,nan,9.566990336,nan,nan,19.0,0.0,23,nan
34.88081185817718,74.10071942446044,68.7,68.7,nan,9.566990336,nan,nan,22.0,1.0,23,nan
34.89748649597168,74.64028776978418,68.7,68.7,nan,9.566990336,nan,nan,23.0,0.0,23,nan
34.91415942907334,74.64028776978418,68.7,68.7,nan,9.566990336,nan,nan,23.0,0.0,23,nan
34.93083188931147,74.64028776978418,68.7,68.7,nan,9.566990336,nan,nan,23.0,0.0,23,nan
34.94750418265661,74.64028776978418,68.7,68.7,nan,9.566990336,nan,nan,23.0,0.0,23,nan
34.96417483886083,74.64028776978418,68.7,68.7,nan,9.566990336,nan,nan,23.0,0.0,23,nan
34.98084803819656,74.64028776978418,68.7,68.7,nan,9.566990336,nan,nan,23.0,0.0,23,nan
34.99752043883006,74.82014388489209,68.7,68.7,nan,9.566990336,nan,nan,23.0,0.0,23,nan
35.014193145434064,73.74100719424462,68.7,68.7,nan,9.566990336,nan,nan,23.0,0.0,23,nan
35.03086571296056,73.92086330935253,68.7,68.7,nan,9.566990336,nan,nan,23.0,0.0,23,nan
35.047544836997986,75.0,68.7,68.7,nan,9.566990336,nan,nan,23.0,0.0,23,nan
35.06421693960826,74.46043165467626,68.7,68.7,nan,9.566990336,nan,nan,23.0,0.0,23,nan
35.080896329879764,75.17985611510791,68.7,68.7,nan,9.566990336,nan,nan,23.0,0.0,23,nan
35.09756884972254,74.64028776978418,68.7,68.7,nan,9.566990336,nan,nan,23.0,0.0,23,nan
35.11424334843954,74.64028776978418,68.7,68.7,nan,9.566990336,nan,nan,23.0,0.0,23,nan
35.13091594378154,74.64028776978418,68.7,68.7,nan,9.566990336,nan,nan,23.0,0.0,23,nan
35.14758834838867,74.64028776978418,68.7,68.7,nan,9.566990336,nan,nan,23.0,0.0,23,nan
35.16426218748093,74.64028776978418,68.7,68.7,nan,9.566990336,nan,nan,23.0,0.0,23,nan
35.180934353669485,74.82014388489209,68.7,68.7,nan,9.566990336,nan,nan,23.0,0.0,23,nan
35.197608760992686,75.0,68.7,68.7,nan,9.566990336,nan,nan,23.0,0.0,23,nan
35.21428082784017,75.0,68.7,68.7,nan,9.566990336,nan,nan,23.0,0.0,23,nan
35.23095188538233,71.94244604316546,68.7,68.7,nan,9.566990336,nan,nan,22.0,0.0,23,nan
35.24762746890386,71.94244604316546,68.7,68.7,nan,9.566990336,nan,nan,22.0,0.0,23,nan
35.26430035034816,71.76258992805755,68.7,68.7,nan,9.566990336,nan,nan,22.0,0.0,23,nan
35.2809752424558,75.0,68.7,68.7,nan,9.566990336,nan,nan,23.0,0.0,23,nan
35.29764761130015,73.38129496402878,68.7,68.7,nan,9.566990336,nan,nan,22.0,0.0,23,nan
35.31431980530421,71.76258992805755,68.7,68.7,nan,9.566990336,nan,nan,22.0,0.0,23,nan
35.33099594910939,70.86330935251799,68.7,68.7,nan,9.569087488,nan,nan,22.0,0.0,23,nan
35.347671977678935,74.82014388489209,68.7,68.7,nan,9.573281792,nan,nan,23.0,0.0,23,nan
35.36434429486592,72.12230215827337,68.7,68.7,nan,9.573281792,nan,nan,22.0,0.0,23,nan
35.38101652065913,74.64028776978418,68.7,68.7,nan,9.573281792,nan,nan,23.0,0.0,23,nan
35.39769436120987,74.64028776978418,68.7,68.7,nan,9.573281792,nan,nan,23.0,0.0,23,nan
35.41436537901561,69.24460431654677,68.7,68.7,nan,9.573281792,nan,nan,21.0,0.0,23,nan
35.43103805780411,71.76258992805755,68.7,68.7,nan,9.577476096,nan,nan,22.0,0.0,23,nan
35.44771039883296,71.76258992805755,68.7,68.7,nan,9.583767552,nan,nan,22.0,0.0,23,nan
35.46438353061676,75.0,68.7,68.7,nan,9.583767552,nan,nan,23.0,0.0,23,nan
35.481055470307666,75.0,68.7,68.7,nan,9.583767552,nan,nan,23.0,0.0,23,nan
35.497726984818776,75.0,68.7,68.7,nan,9.583767552,nan,nan,23.0,0.0,23,nan
35.5143995086352,75.17985611510791,68.7,68.7,nan,9.583767552,nan,nan,23.0,0.0,23,nan
35.53107579151789,75.17985611510791,68.7,68.7,nan,9.583767552,nan,nan,23.0,0.0,23,nan
35.54774806499481,75.35971223021582,68.7,68.7,nan,9.583767552,nan,nan,23.0,0.0,23,nan
35.56442051728566,75.35971223021582,68.7,68.7,nan,9.583767552,nan,nan,23.0,0.0,23,nan
35.58109421332677,75.35971223021582,68.7,68.7,nan,9.583767552,nan,nan,23.0,0.0,23,nan
35.59776764710744,76.07913669064747,68.7,68.7,nan,9.583767552,nan,nan,23.0,0.0,23,nan
35.614441402753194,76.07913669064747,68.7,68.7,nan,9.583767552,nan,nan,23.0,0.0,23,nan
35.63111301263174,76.07913669064747,68.7,68.7,nan,9.583767552,nan,nan,23.0,0.0,23,nan
35.64778504769007,76.07913669064747,68.7,68.7,nan,9.583767552,nan,nan,23.0,0.0,23,nan
35.66445671319961,76.07913669064747,68.7,68.7,nan,9.583767552,nan,nan,23.0,0.0,23,nan
35.681131251653035,76.07913669064747,68.7,68.7,nan,9.583767552,nan,nan,23.0,0.0,23,nan
35.69780386288961,76.2589928057554,68.7,68.7,nan,9.583767552,nan,nan,23.0,0.0,23,nan
35.71447606086731,76.43884892086331,68.7,68.7,nan,9.583767552,nan,nan,23.0,0.0,23,nan
35.73114871184031,74.46043165467626,68.7,68.7,nan,9.583767552,nan,nan,22.0,0.0,23,nan
35.74782111247381,76.43884892086331,68.7,68.7,nan,9.583767552,nan,nan,23.0,0.0,23,nan
35.764494109153745,76.61870503597122,68.7,68.7,nan,9.583767552,nan,nan,23.0,0.0,23,nan
35.78116609255473,76.61870503597122,68.7,68.7,nan,9.583767552,nan,nan,23.0,0.0,23,nan
35.79783826669057,77.15827338129496,68.7,68.7,nan,9.583767552,nan,nan,23.0,0.0,23,nan
35.81451028585434,73.92086330935253,68.7,68.7,nan,9.583767552,nan,nan,22.0,0.0,23,nan
35.8311817129453,73.92086330935253,68.7,68.7,nan,9.583767552,nan,nan,22.0,0.0,23,nan
35.847857518990836,73.92086330935253,68.7,68.7,nan,9.583767552,nan,nan,22.0,0.0,23,nan
35.86452968120575,73.92086330935253,68.7,68.7,nan,9.002942464,nan,nan,22.0,0.0,22,nan
35.88120215336482,73.92086330935253,68.7,68.7,nan,9.002942464,nan,nan,22.0,0.0,22,nan
35.89787551164627,73.56115107913669,68.7,68.7,nan,9.002942464,nan,nan,21.0,1.0,22,nan
35.914547781149544,73.74100719424462,68.7,68.7,nan,9.002942464,nan,nan,22.0,0.0,22,nan
35.93122546275457,73.74100719424462,68.7,68.7,nan,9.002942464,nan,nan,22.0,0.0,22,nan
35.94789807399114,73.74100719424462,68.7,68.7,nan,9.002942464,nan,nan,22.0,0.0,22,nan
35.96457054217657,73.74100719424462,68.7,68.7,nan,9.002942464,nan,nan,22.0,0.0,22,nan
35.981243109703065,69.60431654676259,68.7,68.7,nan,9.002942464,nan,nan,21.0,0.0,22,nan
35.99791541894277,73.56115107913669,68.7,68.7,nan,9.002942464,nan,nan,22.0,0.0,22,nan
36.01459288199742,74.64028776978418,68.7,68.7,nan,9.002942464,nan,nan,22.0,0.0,22,nan
36.031265155474344,74.10071942446044,68.7,68.7,nan,9.002942464,nan,nan,22.0,0.0,22,nan
36.04794707695643,74.64028776978418,68.7,68.7,nan,9.002942464,nan,nan,22.0,0.0,22,nan
36.064620145161946,74.64028776978418,68.7,68.7,nan,9.002942464,nan,nan,22.0,0.0,22,nan
36.081290392080945,74.64028776978418,68.7,68.7,nan,9.002942464,nan,nan,22.0,0.0,22,nan
36.097965343793234,71.58273381294964,68.7,68.7,nan,9.002942464,nan,nan,21.0,0.0,22,nan
36.11463650862376,74.64028776978418,68.7,68.7,nan,9.002942464,nan,nan,22.0,0.0,22,nan
36.131313872337344,74.64028776978418,68.7,68.7,nan,9.002942464,nan,nan,22.0,0.0,22,nan
36.147987401485445,74.64028776978418,68.7,68.7,nan,9.002942464,nan,nan,22.0,0.0,22,nan
36.16465810139974,74.64028776978418,68.7,68.7,nan,9.002942464,nan,nan,22.0,0.0,22,nan
36.18133270740509,73.92086330935253,68.7,68.7,nan,9.002942464,nan,nan,21.0,1.0,22,nan
36.19800806840261,68.34532374100719,68.7,68.7,nan,9.002942464,nan,nan,20.0,0.0,22,nan
36.21468102534612,74.28057553956835,68.7,68.7,nan,9.002942464,nan,nan,22.0,0.0,22,nan
36.23135198752085,67.62589928057554,68.7,68.7,nan,9.109897216,nan,nan,20.0,0.0,22,nan
36.2480219801267,74.10071942446044,68.7,68.7,nan,9.15603456,nan,nan,22.0,0.0,22,nan
36.26469365358353,74.10071942446044,68.7,68.7,nan,9.15603456,nan,nan,22.0,0.0,22,nan
36.28136761585871,70.14388489208633,68.7,68.7,nan,9.15603456,nan,nan,21.0,0.0,22,nan
36.29804049332937,71.76258992805755,68.7,68.7,nan,9.15603456,nan,nan,21.0,0.0,22,nan
36.31471780935923,74.46043165467626,68.7,68.7,nan,9.15603456,nan,nan,22.0,0.0,22,nan
36.33138737281163,74.46043165467626,68.7,68.7,nan,9.15603456,nan,nan,22.0,0.0,22,nan
36.34805968999863,75.17985611510791,68.7,68.7,nan,9.15603456,nan,nan,22.0,0.0,22,nan
36.36473234891891,71.94244604316546,68.7,68.7,nan,9.18120448,nan,nan,21.0,0.0,22,nan
36.38140176932017,74.82014388489209,68.7,68.7,nan,9.185398784,nan,nan,22.0,0.0,22,nan
36.398072024186455,71.0431654676259,68.7,68.7,nan,9.185398784,nan,nan,21.0,0.0,22,nan
36.414746296405795,74.82014388489209,68.7,68.7,nan,9.185398784,nan,nan,22.0,0.0,22,nan
36.43141872088115,74.82014388489209,68.7,68.7,nan,9.185398784,nan,nan,22.0,0.0,22,nan
36.44809245665868,71.94244604316546,68.7,68.7,nan,9.185398784,nan,nan,21.0,0.0,22,nan
36.4647651553154,72.12230215827337,68.7,68.7,nan,9.23783168,nan,nan,21.0,0.0,22,nan
36.481437687079115,72.12230215827337,68.7,68.7,nan,9.2588032,nan,nan,21.0,0.0,22,nan
36.49810986121496,75.0,68.7,68.7,nan,9.2588032,nan,nan,22.0,0.0,22,nan
36.51478441953659,75.0,68.7,68.7,nan,9.2588032,nan,nan,22.0,0.0,22,nan
36.53146047194799,73.20143884892086,68.7,68.7,nan,9.262997504,nan,nan,21.0,0.0,22,nan
36.54813444217046,75.0,68.7,68.7,nan,9.262997504,nan,nan,22.0,0.0,22,nan
36.56480907201767,75.0,68.7,68.7,nan,9.262997504,nan,nan,22.0,0.0,22,nan
36.58148186604182,75.17985611510791,68.7,68.7,nan,9.262997504,nan,nan,22.0,0.0,22,nan
36.59815427859624,72.3021582733813,68.7,68.7,nan,9.262997504,nan,nan,21.0,0.0,22,nan
36.614827473958336,75.53956834532374,68.7,68.7,nan,9.262997504,nan,nan,22.0,0.0,22,nan
36.6314995209376,75.53956834532374,68.7,68.7,nan,9.262997504,nan,nan,22.0,0.0,22,nan
36.64817829926809,75.53956834532374,68.7,68.7,nan,9.262997504,nan,nan,22.0,0.0,22,nan
36.66485017935435,75.53956834532374,68.7,68.7,nan,9.262997504,nan,nan,22.0,0.0,22,nan
36.681518785158794,75.53956834532374,68.7,68.7,nan,9.262997504,nan,nan,22.0,0.0,22,nan
36.69818812211354,75.71942446043165,68.7,68.7,nan,9.262997504,nan,nan,22.0,0.0,22,nan
36.71486104726792,75.89928057553956,68.7,68.7,nan,9.262997504,nan,nan,22.0,0.0,22,nan
36.73153327703476,75.17985611510791,68.7,68.7,nan,9.262997504,nan,nan,22.0,0.0,22,nan
36.748208332061765,75.17985611510791,68.7,68.7,nan,9.262997504,nan,nan,22.0,0.0,22,nan
36.76487975915273,72.4820143884892,68.7,68.7,nan,9.262997504,nan,nan,21.0,0.0,22,nan
36.78155201276143,76.07913669064747,68.7,68.7,nan,9.262997504,nan,nan,22.0,0.0,22,nan
36.79822848637899,75.71942446043165,68.7,68.7,nan,9.262997504,nan,nan,22.0,0.0,22,nan
36.8149005095164,75.71942446043165,68.7,68.7,nan,9.262997504,nan,nan,22.0,0.0,22,nan
36.83157540559769,72.84172661870504,68.7,68.7,nan,9.262997504,nan,nan,21.0,0.0,22,nan
36.84824765920639,75.89928057553956,68.7,68.7,nan,9.262997504,nan,nan,22.0,0.0,22,nan
36.86492036581039,75.89928057553956,68.7,68.7,nan,9.262997504,nan,nan,22.0,0.0,22,nan
36.881592464447024,75.89928057553956,68.7,68.7,nan,9.262997504,nan,nan,22.0,0.0,22,nan
36.89826307296753,75.89928057553956,68.7,68.7,nan,9.262997504,nan,nan,22.0,0.0,22,nan
36.91493513584137,75.89928057553956,68.7,68.7,nan,9.262997504,nan,nan,22.0,0.0,22,nan
36.93161128759384,75.89928057553956,68.7,68.7,nan,9.262997504,nan,nan,22.0,0.0,22,nan
36.94828384319941,75.89928057553956,68.7,68.7,nan,9.262997504,nan,nan,22.0,0.0,22,nan
36.96495888233185,76.07913669064747,68.7,68.7,nan,9.262997504,nan,nan,22.0,0.0,22,nan
36.98163117567698,76.07913669064747,68.7,68.7,nan,9.262997504,nan,nan,22.0,0.0,22,nan
36.99830097754796,76.07913669064747,68.7,68.7,nan,9.262997504,nan,nan,21.0,0.0,22,nan
37.01497469743093,76.97841726618705,68.7,68.7,nan,9.262997504,nan,nan,22.0,0.0,22,nan
37.031647280852,76.43884892086331,68.7,68.7,nan,9.262997504,nan,nan,22.0,0.0,22,nan
37.04832003116608,73.20143884892086,68.7,68.7,nan,9.262997504,nan,nan,21.0,0.0,22,nan
37.06499245564143,76.97841726618705,68.7,68.7,nan,9.262997504,nan,nan,22.0,0.0,22,nan
37.08166494369507,74.28057553956835,68.7,68.7,nan,9.262997504,nan,nan,20.0,1.0,22,nan
37.09833768606186,76.43884892086331,68.7,68.7,nan,9.27977472,nan,nan,22.0,0.0,22,nan
37.11501006285349,76.61870503597122,68.7,68.7,nan,9.27977472,nan,nan,22.0,0.0,22,nan
37.131682622432706,76.79856115107914,68.7,68.7,nan,9.27977472,nan,nan,22.0,0.0,22,nan
37.14835509459178,74.82014388489209,68.7,68.7,nan,9.27977472,nan,nan,21.0,0.0,22,nan
37.16502757469813,73.20143884892086,68.7,68.7,nan,9.313329152,nan,nan,20.0,1.0,22,nan
37.18170003493627,75.35971223021582,68.7,68.7,nan,9.313329152,nan,nan,22.0,0.0,22,nan
37.19837941726049,75.89928057553956,68.7,68.7,nan,9.313329152,nan,nan,22.0,0.0,22,nan
37.21505006949107,75.53956834532374,68.7,68.7,nan,9.313329152,nan,nan,22.0,0.0,22,nan
37.23172476291656,75.53956834532374,68.7,68.7,nan,9.313329152,nan,nan,22.0,0.0,22,nan
37.248396782080334,73.74100719424462,68.7,68.7,nan,9.33220352,nan,nan,21.0,0.0,22,nan
37.26506910721461,73.74100719424462,68.7,68.7,nan,9.351077888,nan,nan,21.0,0.0,22,nan
37.28174212376277,64.74820143884892,68.7,68.7,nan,9.384624128,nan,nan,18.0,0.0,22,nan
37.29841446081797,68.88489208633092,68.7,68.7,nan,9.416081408,nan,nan,19.0,0.0,22,nan
37.315086754163104,67.98561151079137,68.7,68.7,nan,9.426567168,nan,nan,19.0,0.0,22,nan
37.33175895611445,64.02877697841727,68.7,68.7,nan,9.439178752,nan,nan,18.0,0.0,22,nan
37.34843189318975,68.34532374100719,68.7,68.7,nan,9.575493632,nan,nan,19.0,0.0,22,nan
37.36511400938034,62.410071942446045,68.7,68.7,nan,9.671962624,nan,nan,18.0,0.0,22,nan
37.38178772926331,67.62589928057554,68.7,68.7,nan,9.695031296,nan,nan,19.0,0.0,22,nan
37.398460352420805,67.62589928057554,68.7,68.7,nan,9.697128448,nan,nan,19.0,0.0,22,nan
37.415132133166,67.62589928057554,68.7,68.7,nan,9.109929984,nan,nan,19.0,0.0,21,nan
37.43180366357168,67.62589928057554,68.7,68.7,nan,9.109929984,nan,nan,19.0,0.0,21,nan
37.448477097352345,67.80575539568345,68.7,68.7,nan,9.109929984,nan,nan,19.0,0.0,21,nan
37.4651500026385,67.98561151079137,68.7,68.7,nan,9.109929984,nan,nan,19.0,0.0,21,nan
37.48182512919108,67.98561151079137,68.7,68.7,nan,9.109929984,nan,nan,19.0,0.0,21,nan
37.49849773645401,67.80575539568345,68.7,68.7,nan,9.109929984,nan,nan,19.0,0.0,21,nan
37.51516985495885,67.80575539568345,68.7,68.7,nan,9.109929984,nan,nan,19.0,0.0,21,nan
37.53184365431468,69.60431654676259,68.7,68.7,nan,8.495407104,nan,nan,20.0,0.0,20,nan
37.5485160112381,70.32374100719426,68.7,68.7,nan,8.495407104,nan,nan,20.0,0.0,20,nan
37.56518854300181,66.72661870503597,68.7,68.7,nan,8.495407104,nan,nan,19.0,0.0,20,nan
37.58186088403066,69.96402877697841,68.7,68.7,nan,8.505892864,nan,nan,20.0,0.0,20,nan
37.5985332330068,67.80575539568345,68.7,68.7,nan,8.507990016,nan,nan,19.0,0.0,20,nan
37.61520858605703,69.24460431654677,68.7,68.7,nan,8.524767232,nan,nan,18.0,2.0,20,nan
37.63188122113546,68.5251798561151,68.7,68.7,nan,8.524767232,nan,nan,19.0,0.0,20,nan
37.64855356216431,67.98561151079137,68.7,68.7,nan,8.524767232,nan,nan,19.0,0.0,20,nan
37.66522698799769,68.16546762589928,68.7,68.7,nan,8.526864384,nan,nan,19.0,0.0,20,nan
37.681899293263754,68.16546762589928,68.7,68.7,nan,8.526864384,nan,nan,19.0,0.0,20,nan
37.69857162634532,63.48920863309353,68.7,68.7,nan,8.526864384,nan,nan,18.0,0.0,20,nan
37.715243947505954,67.98561151079137,68.7,68.7,nan,8.526864384,nan,nan,19.0,0.0,20,nan
37.731915851434074,67.98561151079137,68.7,68.7,nan,8.526864384,nan,nan,19.0,0.0,20,nan
37.74858830769857,68.70503597122301,68.7,68.7,nan,8.526864384,nan,nan,19.0,0.0,20,nan
37.76526027917862,68.16546762589928,68.7,68.7,nan,8.526864384,nan,nan,19.0,0.0,20,nan
37.781932814915976,68.16546762589928,68.7,68.7,nan,8.526864384,nan,nan,19.0,0.0,20,nan
37.798605024814606,68.16546762589928,68.7,68.7,nan,8.526864384,nan,nan,19.0,0.0,20,nan
37.81527680953344,68.16546762589928,68.7,68.7,nan,8.53315584,nan,nan,19.0,0.0,20,nan
37.83194855451584,68.16546762589928,68.7,68.7,nan,8.53315584,nan,nan,19.0,0.0,20,nan
37.84862062931061,68.16546762589928,68.7,68.7,nan,8.53315584,nan,nan,19.0,0.0,20,nan
37.86529262463252,68.16546762589928,68.7,68.7,nan,8.53315584,nan,nan,19.0,0.0,20,nan
37.881965410709384,68.16546762589928,68.7,68.7,nan,8.53315584,nan,nan,19.0,0.0,20,nan
37.89863566557566,69.96402877697841,68.7,68.7,nan,8.53315584,nan,nan,20.0,0.0,20,nan
37.91530930995941,69.96402877697841,68.7,68.7,nan,8.53315584,nan,nan,20.0,0.0,20,nan
37.93198126951854,70.14388489208633,68.7,68.7,nan,8.53315584,nan,nan,20.0,0.0,20,nan
37.94865345954895,70.32374100719426,68.7,68.7,nan,8.53315584,nan,nan,20.0,0.0,20,nan
37.96532362699509,70.50359712230217,68.7,68.7,nan,8.53315584,nan,nan,20.0,0.0,20,nan
37.981996377309166,69.7841726618705,68.7,68.7,nan,8.535252992,nan,nan,19.0,0.0,20,nan
37.99866931438446,71.22302158273382,68.7,68.7,nan,8.535252992,nan,nan,20.0,0.0,20,nan
38.015344285964964,70.86330935251799,68.7,68.7,nan,8.535252992,nan,nan,20.0,0.0,20,nan
38.032015645503996,71.0431654676259,68.7,68.7,nan,8.535252992,nan,nan,20.0,0.0,20,nan
38.04868884881338,68.34532374100719,68.7,68.7,nan,8.535252992,nan,nan,19.0,0.0,20,nan
38.065361670653026,69.96402877697841,68.7,68.7,nan,8.535252992,nan,nan,20.0,0.0,20,nan
38.08203452825546,68.16546762589928,68.7,68.7,nan,8.535252992,nan,nan,20.0,0.0,20,nan
38.09871083498001,66.18705035971223,68.7,68.7,nan,8.535252992,nan,nan,19.0,0.0,20,nan
38.115383291244505,68.34532374100719,68.7,68.7,nan,8.535252992,nan,nan,20.0,0.0,20,nan
38.13205545345942,66.90647482014388,68.7,68.7,nan,8.535252992,nan,nan,19.0,0.0,20,nan
38.14872848192851,68.70503597122301,68.7,68.7,nan,8.535252992,nan,nan,20.0,0.0,20,nan
38.16540050506592,68.88489208633092,68.7,68.7,nan,8.535252992,nan,nan,20.0,0.0,20,nan
38.182075611750285,69.06474820143885,68.7,68.7,nan,8.535252992,nan,nan,20.0,0.0,20,nan
38.198749256134036,69.06474820143885,68.7,68.7,nan,8.535252992,nan,nan,20.0,0.0,20,nan
38.215424585342404,69.06474820143885,68.7,68.7,nan,8.535252992,nan,nan,20.0,0.0,20,nan
38.232096739610036,58.09352517985611,68.7,68.7,nan,8.535252992,nan,nan,18.0,0.0,20,nan
38.248770117759705,67.62589928057554,68.7,68.7,nan,8.535252992,nan,nan,20.0,0.0,20,nan
38.26544230381648,67.62589928057554,68.7,68.7,nan,8.535252992,nan,nan,20.0,0.0,20,nan
38.28211473226547,67.80575539568345,68.7,68.7,nan,8.535252992,nan,nan,20.0,0.0,20,nan
38.29878790378571,67.80575539568345,68.7,68.7,nan,8.535252992,nan,nan,20.0,0.0,20,nan
38.31546016136805,67.98561151079137,68.7,68.7,nan,8.535252992,nan,nan,20.0,0.0,20,nan
38.33213263352712,67.98561151079137,68.7,68.7,nan,8.535252992,nan,nan,20.0,0.0,20,nan
38.348804827531175,67.98561151079137,68.7,68.7,nan,8.535252992,nan,nan,20.0,0.0,20,nan
38.365477323532104,67.98561151079137,68.7,68.7,nan,8.535252992,nan,nan,20.0,0.0,20,nan
38.38214954137802,67.98561151079137,68.7,68.7,nan,8.535252992,nan,nan,20.0,0.0,20,nan
38.39882188240687,68.16546762589928,68.7,68.7,nan,8.535252992,nan,nan,20.0,0.0,20,nan
38.415494267145796,67.62589928057554,68.7,68.7,nan,8.535252992,nan,nan,19.0,1.0,20,nan
38.43216481208801,67.98561151079137,68.7,68.7,nan,8.535252992,nan,nan,20.0,0.0,20,nan
38.448838233947754,67.98561151079137,68.7,68.7,nan,8.535252992,nan,nan,20.0,0.0,20,nan
38.465510527292885,67.98561151079137,68.7,68.7,nan,8.535252992,nan,nan,20.0,0.0,20,nan
38.482183361053465,66.18705035971223,68.7,68.7,nan,8.535252992,nan,nan,19.0,0.0,20,nan
38.498858817418416,68.16546762589928,68.7,68.7,nan,8.535252992,nan,nan,20.0,0.0,20,nan
38.51553117434184,69.06474820143885,68.7,68.7,nan,8.535252992,nan,nan,20.0,0.0,20,nan
38.532203423976895,68.5251798561151,68.7,68.7,nan,8.535252992,nan,nan,20.0,0.0,20,nan
38.548876798152925,68.5251798561151,68.7,68.7,nan,8.535252992,nan,nan,20.0,0.0,20,nan
38.56554996172587,68.70503597122301,68.7,68.7,nan,8.535252992,nan,nan,20.0,0.0,20,nan
38.582229526837665,68.88489208633092,68.7,68.7,nan,8.535252992,nan,nan,20.0,0.0,20,nan
38.59890166123708,68.88489208633092,68.7,68.7,nan,8.535252992,nan,nan,20.0,0.0,20,nan
38.615575110912324,69.06474820143885,68.7,68.7,nan,8.535252992,nan,nan,20.0,0.0,20,nan
38.63224748770396,69.06474820143885,68.7,68.7,nan,8.535252992,nan,nan,19.0,0.0,20,nan
38.64892034928004,69.06474820143885,68.7,68.7,nan,8.535252992,nan,nan,20.0,0.0,20,nan
38.665592245260875,69.06474820143885,68.7,68.7,nan,8.535252992,nan,nan,20.0,0.0,20,nan
38.682264570395155,65.82733812949641,68.7,68.7,nan,8.535252992,nan,nan,19.0,0.0,20,nan
38.698936903476714,69.24460431654677,68.7,68.7,nan,8.535252992,nan,nan,20.0,0.0,20,nan
38.715609006086986,69.24460431654677,68.7,68.7,nan,8.535252992,nan,nan,20.0,0.0,20,nan
38.73228011528651,69.24460431654677,68.7,68.7,nan,8.535252992,nan,nan,20.0,0.0,20,nan
38.748952424526216,69.24460431654677,68.7,68.7,nan,8.535252992,nan,nan,20.0,0.0,20,nan
38.765621554851535,69.24460431654677,68.7,68.7,nan,8.535252992,nan,nan,20.0,0.0,20,nan
38.78229441642761,69.24460431654677,68.7,68.7,nan,8.535252992,nan,nan,20.0,0.0,20,nan
38.79896759589513,69.24460431654677,68.7,68.7,nan,8.535252992,nan,nan,20.0,0.0,20,nan
38.81564174890518,69.24460431654677,68.7,68.7,nan,8.535252992,nan,nan,20.0,0.0,20,nan
38.8323135972023,69.24460431654677,68.7,68.7,nan,8.535252992,nan,nan,20.0,0.0,20,nan
38.848986494541165,69.24460431654677,68.7,68.7,nan,8.535252992,nan,nan,20.0,0.0,20,nan
38.86565879980723,69.24460431654677,68.7,68.7,nan,8.535252992,nan,nan,20.0,0.0,20,nan
38.882331538200376,67.98561151079137,68.7,68.7,nan,8.535252992,nan,nan,19.0,1.0,20,nan
38.89900391101837,68.70503597122301,68.7,68.7,nan,8.535252992,nan,nan,20.0,0.0,20,nan
38.91567616860072,68.88489208633092,68.7,68.7,nan,8.535252992,nan,nan,20.0,0.0,20,nan
38.93234805266062,68.88489208633092,68.7,68.7,nan,8.535252992,nan,nan,20.0,0.0,20,nan
38.94902105331421,67.08633093525181,68.7,68.7,nan,8.535252992,nan,nan,19.0,0.0,20,nan
38.96569202740987,69.06474820143885,68.7,68.7,nan,8.535252992,nan,nan,20.0,0.0,20,nan
38.9823645512263,69.06474820143885,68.7,68.7,nan,8.535252992,nan,nan,20.0,0.0,20,nan
38.99903676509857,69.06474820143885,68.7,68.7,nan,8.535252992,nan,nan,20.0,0.0,20,nan
39.01570915778478,69.06474820143885,68.7,68.7,nan,8.535252992,nan,nan,20.0,0.0,20,nan
39.03238132794698,69.06474820143885,68.7,68.7,nan,8.535252992,nan,nan,20.0,0.0,20,nan
39.049054487546286,69.24460431654677,68.7,68.7,nan,8.535252992,nan,nan,20.0,0.0,20,nan
39.06572689215342,69.42446043165468,68.7,68.7,nan,8.535252992,nan,nan,20.0,0.0,20,nan
39.082399598757426,69.60431654676259,68.7,68.7,nan,8.535252992,nan,nan,20.0,0.0,20,nan
39.09907182455063,69.7841726618705,68.7,68.7,nan,8.535252992,nan,nan,20.0,0.0,20,nan
39.11574390729268,68.16546762589928,68.7,68.7,nan,8.535252992,nan,nan,19.0,0.0,20,nan
39.13241476217906,69.96402877697841,68.7,68.7,nan,8.535252992,nan,nan,20.0,0.0,20,nan
39.14908711115519,69.96402877697841,68.7,68.7,nan,8.535252992,nan,nan,20.0,0.0,20,nan
39.165759138266246,69.96402877697841,68.7,68.7,nan,8.535252992,nan,nan,20.0,0.0,20,nan
39.1824333190918,69.96402877697841,68.7,68.7,nan,8.535252992,nan,nan,20.0,0.0,20,nan
39.19910530646642,69.96402877697841,68.7,68.7,nan,8.535252992,nan,nan,20.0,0.0,20,nan
39.21577735344569,68.16546762589928,68.7,68.7,nan,8.535252992,nan,nan,19.0,0.0,20,nan
39.2324497461319,69.60431654676259,68.7,68.7,nan,8.539447296,nan,nan,19.0,1.0,20,nan
39.24912804365158,69.7841726618705,68.7,68.7,nan,8.539447296,nan,nan,20.0,0.0,20,nan
39.26580027739207,60.79136690647482,68.7,68.7,nan,8.55412736,nan,nan,18.0,0.0,20,nan
39.282478447755174,69.60431654676259,68.7,68.7,nan,8.55412736,nan,nan,20.0,0.0,20,nan
39.299150768915815,69.7841726618705,68.7,68.7,nan,8.55412736,nan,nan,20.0,0.0,20,nan
39.31582530339559,66.54676258992806,68.7,68.7,nan,8.55412736,nan,nan,19.0,0.0,20,nan
39.332497541109724,69.60431654676259,68.7,68.7,nan,8.55412736,nan,nan,19.0,0.0,20,nan
39.34916993379593,63.66906474820144,68.7,68.7,nan,8.55412736,nan,nan,19.0,0.0,20,nan
39.36584243774414,63.66906474820144,68.7,68.7,nan,8.55412736,nan,nan,19.0,0.0,20,nan
39.38251561323802,60.79136690647482,68.7,68.7,nan,8.58558464,nan,nan,18.0,0.0,20,nan
39.39918798605601,60.79136690647482,68.7,68.7,nan,8.629628928,nan,nan,18.0,0.0,20,nan
39.415859973430635,60.79136690647482,68.7,68.7,nan,8.63172608,nan,nan,18.0,0.0,20,nan
39.43253209590912,60.97122302158273,68.7,68.7,nan,8.650600448,nan,nan,18.0,0.0,20,nan
39.44920538663864,61.33093525179856,68.7,68.7,nan,8.6526976,nan,nan,18.0,0.0,20,nan
39.46587733427683,61.33093525179856,68.7,68.7,nan,8.66318336,nan,nan,18.0,0.0,20,nan
39.482550557454424,61.33093525179856,68.7,68.7,nan,8.66318336,nan,nan,18.0,0.0,20,nan
39.49922641913096,61.690647482014384,68.7,68.7,nan,8.665280512,nan,nan,18.0,0.0,20,nan
39.5158987681071,61.690647482014384,68.7,68.7,nan,8.665280512,nan,nan,18.0,0.0,20,nan
39.53257123231888,61.870503597122294,68.7,68.7,nan,8.66738176,nan,nan,18.0,0.0,20,nan
39.54924344221751,61.870503597122294,68.7,68.7,nan,8.669478912,nan,nan,18.0,0.0,20,nan
39.56591627200444,61.870503597122294,68.7,68.7,nan,8.669478912,nan,nan,18.0,0.0,20,nan
39.58258884747823,61.870503597122294,68.7,68.7,nan,8.669478912,nan,nan,18.0,0.0,20,nan
39.59926115274429,62.23021582733813,68.7,68.7,nan,8.669478912,nan,nan,18.0,0.0,20,nan
39.61593357721964,62.23021582733813,68.7,68.7,nan,8.669478912,nan,nan,18.0,0.0,20,nan
39.63260844945908,62.23021582733813,68.7,68.7,nan,7.826395136,nan,nan,18.0,0.0,19,nan
39.64928221305211,62.23021582733813,68.7,68.7,nan,7.826395136,nan,nan,18.0,0.0,19,nan
39.665954717000325,65.82733812949641,68.7,68.7,nan,7.826395136,nan,nan,19.0,0.0,19,nan
39.68262720108032,65.46762589928056,68.7,68.7,nan,7.826395136,nan,nan,19.0,0.0,19,nan
39.69929975271225,65.46762589928056,68.7,68.7,nan,7.826395136,nan,nan,19.0,0.0,19,nan
39.715970953305565,65.46762589928056,68.7,68.7,nan,7.826395136,nan,nan,19.0,0.0,19,nan
39.732640612125394,65.46762589928056,68.7,68.7,nan,7.826395136,nan,nan,19.0,0.0,19,nan
39.74931370814641,65.46762589928056,68.7,68.7,nan,7.826395136,nan,nan,19.0,0.0,19,nan
39.76598725318909,65.46762589928056,68.7,68.7,nan,7.826395136,nan,nan,19.0,0.0,19,nan
39.782659991582236,63.48920863309353,68.7,68.7,nan,7.826395136,nan,nan,18.0,0.0,19,nan
39.799330528577165,62.410071942446045,68.7,68.7,nan,7.826395136,nan,nan,18.0,0.0,19,nan
39.81600164969762,62.76978417266187,68.7,68.7,nan,7.826395136,nan,nan,18.0,0.0,19,nan
39.83268131017685,62.949640287769796,68.7,68.7,nan,7.828492288,nan,nan,18.0,0.0,19,nan
39.84935995340347,62.949640287769796,68.7,68.7,nan,7.828492288,nan,nan,18.0,0.0,19,nan
39.8660357316335,59.352517985611506,68.7,68.7,nan,7.83058944,nan,nan,17.0,0.0,19,nan
39.88271087010701,61.33093525179856,68.7,68.7,nan,7.83058944,nan,nan,18.0,0.0,19,nan
39.8993811527888,59.352517985611506,68.7,68.7,nan,7.83058944,nan,nan,17.0,0.0,19,nan
39.91606072187424,61.33093525179856,68.7,68.7,nan,7.83058944,nan,nan,18.0,0.0,19,nan
39.932732633749644,61.33093525179856,68.7,68.7,nan,7.83058944,nan,nan,18.0,0.0,19,nan
39.94940503835678,61.33093525179856,68.7,68.7,nan,7.83058944,nan,nan,18.0,0.0,19,nan
39.966078945000966,61.33093525179856,68.7,68.7,nan,7.83058944,nan,nan,18.0,0.0,19,nan
39.98275042374929,61.33093525179856,68.7,68.7,nan,7.83058944,nan,nan,18.0,0.0,19,nan
39.99942102034887,61.51079136690647,68.7,68.7,nan,7.83058944,nan,nan,18.0,0.0,19,nan
40.0160920103391,61.690647482014384,68.7,68.7,nan,7.83058944,nan,nan,18.0,0.0,19,nan
40.03276445865631,61.690647482014384,68.7,68.7,nan,7.83058944,nan,nan,18.0,0.0,19,nan
40.049436064561206,61.690647482014384,68.7,68.7,nan,7.83058944,nan,nan,18.0,0.0,19,nan
40.06610701084137,61.690647482014384,68.7,68.7,nan,7.83058944,nan,nan,18.0,0.0,19,nan
40.082779061794284,64.92805755395683,68.7,68.7,nan,7.83058944,nan,nan,19.0,0.0,19,nan
40.0994548479716,64.20863309352518,68.7,68.7,nan,7.83058944,nan,nan,18.0,1.0,19,nan
40.116127121448514,64.568345323741,68.7,68.7,nan,7.83058944,nan,nan,19.0,0.0,19,nan
40.132799764474235,61.33093525179856,68.7,68.7,nan,7.83058944,nan,nan,18.0,0.0,19,nan
40.149471771717074,61.33093525179856,68.7,68.7,nan,7.83058944,nan,nan,18.0,0.0,19,nan
40.16614551941554,61.33093525179856,68.7,68.7,nan,7.83058944,nan,nan,18.0,0.0,19,nan
40.18281713326772,61.33093525179856,68.7,68.7,nan,7.83058944,nan,nan,18.0,0.0,19,nan
40.19949138561885,61.51079136690647,68.7,68.7,nan,7.83058944,nan,nan,18.0,0.0,19,nan
40.21616180340449,61.51079136690647,68.7,68.7,nan,7.83058944,nan,nan,18.0,0.0,19,nan
40.232836151123045,61.51079136690647,68.7,68.7,nan,7.834783744,nan,nan,18.0,0.0,19,nan
40.24951196908951,57.014388489208635,68.7,68.7,nan,7.836880896,nan,nan,17.0,0.0,19,nan
40.26618553797404,61.33093525179856,68.7,68.7,nan,7.836880896,nan,nan,18.0,0.0,19,nan
40.282863624890645,57.9136690647482,68.7,68.7,nan,7.836880896,nan,nan,17.0,0.0,19,nan
40.299535445372264,61.690647482014384,68.7,68.7,nan,7.836880896,nan,nan,18.0,0.0,19,nan
40.316208600997925,57.37410071942446,68.7,68.7,nan,7.836880896,nan,nan,17.0,0.0,19,nan
40.33288365602493,61.870503597122294,68.7,68.7,nan,7.836880896,nan,nan,18.0,0.0,19,nan
40.349560074011485,62.23021582733813,68.7,68.7,nan,7.836880896,nan,nan,18.0,0.0,19,nan
40.366235208511355,62.23021582733813,68.7,68.7,nan,7.836880896,nan,nan,18.0,0.0,19,nan
40.382913291454315,62.23021582733813,68.7,68.7,nan,7.836880896,nan,nan,18.0,0.0,19,nan
40.39958385626475,58.992805755395686,68.7,68.7,nan,7.836880896,nan,nan,17.0,0.0,19,nan
40.41625306606293,62.589928057553955,68.7,68.7,nan,7.836880896,nan,nan,18.0,0.0,19,nan
40.43292711575826,65.82733812949641,68.7,68.7,nan,7.836880896,nan,nan,19.0,0.0,19,nan
40.44960061709086,65.82733812949641,68.7,68.7,nan,7.836880896,nan,nan,19.0,0.0,19,nan
40.46627542177836,65.82733812949641,68.7,68.7,nan,7.836880896,nan,nan,19.0,0.0,19,nan
40.48294822772344,65.82733812949641,68.7,68.7,nan,7.836880896,nan,nan,19.0,0.0,19,nan
40.499630026022594,63.48920863309353,68.7,68.7,nan,7.836880896,nan,nan,18.0,0.0,19,nan
40.51630259354909,62.949640287769796,68.7,68.7,nan,7.836880896,nan,nan,18.0,0.0,19,nan
40.532975558439894,62.949640287769796,68.7,68.7,nan,7.836880896,nan,nan,18.0,0.0,19,nan
40.54964904785156,62.949640287769796,68.7,68.7,nan,7.836880896,nan,nan,18.0,0.0,19,nan
40.56632102330526,62.76978417266187,68.7,68.7,nan,7.836880896,nan,nan,18.0,0.0,19,nan
40.58299093643824,59.53237410071943,68.7,68.7,nan,7.836880896,nan,nan,17.0,0.0,19,nan
40.59966388940811,60.431654676258994,68.7,68.7,nan,7.836880896,nan,nan,17.0,0.0,19,nan
40.61633703708649,60.431654676258994,68.7,68.7,nan,7.836880896,nan,nan,17.0,0.0,19,nan
40.633009962240855,62.589928057553955,68.7,68.7,nan,7.836880896,nan,nan,18.0,0.0,19,nan
40.64968520402908,62.589928057553955,68.7,68.7,nan,7.836880896,nan,nan,18.0,0.0,19,nan
40.666359170277914,57.73381294964028,68.7,68.7,nan,7.836880896,nan,nan,17.0,0.0,19,nan
40.68303448359172,62.410071942446045,68.7,68.7,nan,7.836880896,nan,nan,18.0,0.0,19,nan
40.699710897604625,62.589928057553955,68.7,68.7,nan,7.836880896,nan,nan,18.0,0.0,19,nan
40.7163827697436,62.949640287769796,68.7,68.7,nan,7.836880896,nan,nan,18.0,0.0,19,nan
40.73305474917094,63.129496402877706,68.7,68.7,nan,7.836880896,nan,nan,18.0,0.0,19,nan
40.749727714061734,60.251798561151084,68.7,68.7,nan,7.836880896,nan,nan,17.0,0.0,19,nan
40.766397635142006,60.251798561151084,68.7,68.7,nan,7.853658112,nan,nan,17.0,0.0,19,nan
40.783072125911715,63.48920863309353,68.7,68.7,nan,7.891406848,nan,nan,17.0,0.0,19,nan
40.79974355697632,63.48920863309353,68.7,68.7,nan,7.918669824,nan,nan,18.0,0.0,19,nan
40.81641555229823,60.431654676258994,68.7,68.7,nan,7.929155584,nan,nan,17.0,0.0,19,nan
40.83309274117152,65.46762589928056,68.7,68.7,nan,7.929155584,nan,nan,19.0,0.0,19,nan
40.84976415236791,66.00719424460432,68.7,68.7,nan,7.929155584,nan,nan,19.0,0.0,19,nan
40.86643506288529,65.64748201438849,68.7,68.7,nan,7.929155584,nan,nan,19.0,0.0,19,nan
40.883104944229125,65.64748201438849,68.7,68.7,nan,7.929155584,nan,nan,19.0,0.0,19,nan
40.899776796499886,65.64748201438849,68.7,68.7,nan,7.929155584,nan,nan,19.0,0.0,19,nan
40.916446753342946,62.410071942446045,68.7,68.7,nan,7.929155584,nan,nan,18.0,0.0,19,nan
40.93312613169352,63.84892086330935,68.7,68.7,nan,7.929155584,nan,nan,18.0,0.0,19,nan
40.949801512559254,63.309352517985616,68.7,68.7,nan,7.929155584,nan,nan,18.0,0.0,19,nan
40.96647089719772,65.28776978417265,68.7,68.7,nan,7.929155584,nan,nan,19.0,0.0,19,nan
40.98314390182495,65.28776978417265,68.7,68.7,nan,7.929155584,nan,nan,19.0,0.0,19,nan
40.99981670777003,63.66906474820144,68.7,68.7,nan,7.929155584,nan,nan,18.0,0.0,19,nan
41.01648881435394,61.870503597122294,68.7,68.7,nan,7.929155584,nan,nan,18.0,0.0,19,nan
41.033159546057384,65.28776978417265,68.7,68.7,nan,7.929155584,nan,nan,19.0,0.0,19,nan
41.049829471111295,65.28776978417265,68.7,68.7,nan,7.929155584,nan,nan,19.0,0.0,19,nan
41.066501669089,65.28776978417265,68.7,68.7,nan,7.929155584,nan,nan,19.0,0.0,19,nan
41.08317887385686,65.10791366906474,68.7,68.7,nan,7.929155584,nan,nan,19.0,0.0,19,nan
41.099851322174075,65.10791366906474,68.7,68.7,nan,7.929155584,nan,nan,19.0,0.0,19,nan
41.116527088483174,61.690647482014384,68.7,68.7,nan,7.931252736,nan,nan,18.0,0.0,19,nan
41.13319966395696,65.28776978417265,68.7,68.7,nan,7.931252736,nan,nan,19.0,0.0,19,nan
41.14987033208211,65.46762589928056,68.7,68.7,nan,7.931252736,nan,nan,19.0,0.0,19,nan
41.16654285589854,63.66906474820144,68.7,68.7,nan,7.931252736,nan,nan,18.0,0.0,19,nan
41.18321503798167,61.870503597122294,68.7,68.7,nan,7.956455424,nan,nan,18.0,0.0,19,nan
41.19988861083984,66.72661870503597,68.7,68.7,nan,8.07809024,nan,nan,19.0,0.0,19,nan
41.21656142870585,62.23021582733813,68.7,68.7,nan,8.086478848,nan,nan,18.0,0.0,19,nan
41.233232939243315,62.23021582733813,68.7,68.7,nan,8.086478848,nan,nan,18.0,0.0,19,nan
41.24990886052449,62.23021582733813,68.7,68.7,nan,8.092770304,nan,nan,18.0,0.0,19,nan
41.26658118963242,59.89208633093526,68.7,68.7,nan,8.101158912,nan,nan,17.0,0.0,19,nan
41.28325341939926,60.61151079136691,68.7,68.7,nan,8.101158912,nan,nan,17.0,0.0,19,nan
41.29993266661962,58.273381294964025,68.7,68.7,nan,8.115838976,nan,nan,17.0,0.0,19,nan
41.316604948043825,58.273381294964025,68.7,68.7,nan,8.122130432,nan,nan,17.0,0.0,19,nan
41.33327495654424,58.273381294964025,68.7,68.7,nan,8.138907648,nan,nan,17.0,0.0,19,nan
41.349948505560555,58.63309352517986,68.7,68.7,nan,8.1410048,nan,nan,17.0,0.0,19,nan
41.36662956873576,57.55395683453237,68.7,68.7,nan,8.15149056,nan,nan,16.0,0.0,19,nan
41.383304158846535,53.776978417266186,68.7,68.7,nan,8.15149056,nan,nan,16.0,0.0,19,nan
41.399976857503255,60.251798561151084,68.7,68.7,nan,8.15149056,nan,nan,18.0,0.0,19,nan
41.41664919058482,60.431654676258994,68.7,68.7,nan,8.15149056,nan,nan,18.0,0.0,19,nan
41.433320713043216,60.431654676258994,68.7,68.7,nan,8.15149056,nan,nan,18.0,0.0,19,nan
41.449994242191316,61.51079136690647,68.7,68.7,nan,8.15149056,nan,nan,18.0,0.0,19,nan
41.466664203008015,58.63309352517986,68.7,68.7,nan,8.15149056,nan,nan,17.0,0.0,19,nan
41.48334277868271,60.61151079136691,68.7,68.7,nan,8.153587712,nan,nan,17.0,0.0,19,nan
41.50001798868179,62.050359712230204,68.7,68.7,nan,8.153587712,nan,nan,18.0,0.0,19,nan
41.5166933298111,58.453237410071935,68.7,68.7,nan,8.170364928,nan,nan,17.0,0.0,19,nan
41.53336696227392,59.53237410071943,68.7,68.7,nan,8.174559232,nan,nan,17.0,0.0,19,nan
41.55004641215007,61.33093525179856,68.7,68.7,nan,8.18294784,nan,nan,18.0,0.0,19,nan
41.566720910867055,61.51079136690647,68.7,68.7,nan,8.189239296,nan,nan,18.0,0.0,19,nan
41.58339403072993,61.690647482014384,68.7,68.7,nan,8.197627904,nan,nan,18.0,0.0,19,nan
41.600065954526265,55.39568345323741,68.7,68.7,nan,8.199725056,nan,nan,16.0,0.0,19,nan
41.61674374341965,60.251798561151084,68.7,68.7,nan,8.250056704,nan,nan,17.0,0.0,19,nan
41.63342064619064,62.76978417266187,68.7,68.7,nan,8.258445312,nan,nan,18.0,0.0,19,nan
41.650090571244554,62.76978417266187,68.7,68.7,nan,8.258445312,nan,nan,18.0,0.0,19,nan
41.66676260232926,62.949640287769796,68.7,68.7,nan,8.258445312,nan,nan,18.0,0.0,19,nan
41.68343475262324,62.949640287769796,68.7,68.7,nan,8.262639616,nan,nan,18.0,0.0,19,nan
41.70011162360509,65.46762589928056,68.7,68.7,nan,8.262639616,nan,nan,19.0,0.0,19,nan
41.716786074638364,63.309352517985616,68.7,68.7,nan,8.262639616,nan,nan,18.0,0.0,19,nan
41.73346033493678,65.46762589928056,68.7,68.7,nan,8.262639616,nan,nan,19.0,0.0,19,nan
41.7501349568367,65.46762589928056,68.7,68.7,nan,8.262639616,nan,nan,19.0,0.0,19,nan
41.76681130727132,65.46762589928056,68.7,68.7,nan,8.262639616,nan,nan,18.0,0.0,19,nan
41.78348226149877,63.129496402877706,68.7,68.7,nan,8.262639616,nan,nan,18.0,0.0,19,nan
41.80015974442164,61.33093525179856,68.7,68.7,nan,8.264736768,nan,nan,17.0,0.0,19,nan
41.81683473587036,63.129496402877706,68.7,68.7,nan,8.264736768,nan,nan,18.0,0.0,19,nan
41.83351227442424,57.55395683453237,68.7,68.7,nan,8.273125376,nan,nan,16.0,0.0,19,nan
41.850187889734904,63.129496402877706,68.7,68.7,nan,8.275222528,nan,nan,18.0,0.0,19,nan
41.86686051686605,63.129496402877706,68.7,68.7,nan,8.283611136,nan,nan,18.0,0.0,19,nan
41.883533696333565,63.129496402877706,68.7,68.7,nan,8.289902592,nan,nan,18.0,0.0,19,nan
41.90020496447881,63.309352517985616,68.7,68.7,nan,8.2982912,nan,nan,18.0,0.0,19,nan
41.91687837839127,60.97122302158273,68.7,68.7,nan,8.300388352,nan,nan,18.0,0.0,19,nan
41.93355056842168,66.00719424460432,68.7,68.7,nan,8.300388352,nan,nan,19.0,0.0,19,nan
41.950229640801744,64.20863309352518,68.7,68.7,nan,8.304627712,nan,nan,18.0,0.0,19,nan
41.966901242733,66.00719424460432,68.7,68.7,nan,8.304627712,nan,nan,19.0,0.0,19,nan
41.98357177178065,62.76978417266187,68.7,68.7,nan,8.304627712,nan,nan,18.0,0.0,19,nan
42.00024311145147,66.18705035971223,68.7,68.7,nan,8.304627712,nan,nan,19.0,0.0,19,nan
42.0169155160586,64.02877697841727,68.7,68.7,nan,8.304627712,nan,nan,17.0,0.0,19,nan
42.033584968249,57.55395683453237,68.7,68.7,nan,8.304627712,nan,nan,16.0,0.0,19,nan
42.050257833798725,62.23021582733813,68.7,68.7,nan,8.306724864,nan,nan,18.0,0.0,19,nan
42.066930544376376,63.48920863309353,68.7,68.7,nan,8.306724864,nan,nan,18.0,0.0,19,nan
42.083603131771085,59.172661870503596,68.7,68.7,nan,8.306724864,nan,nan,17.0,0.0,19,nan
42.100275627772014,62.410071942446045,68.7,68.7,nan,8.308822016,nan,nan,18.0,0.0,19,nan
42.1169482032458,58.63309352517986,68.7,68.7,nan,8.340279296,nan,nan,16.0,0.0,19,nan
42.13362162907918,60.97122302158273,68.7,68.7,nan,8.342376448,nan,nan,17.0,0.0,19,nan
42.150294641653694,59.53237410071943,68.7,68.7,nan,8.346570752,nan,nan,17.0,0.0,19,nan
42.166969454288484,62.76978417266187,68.7,68.7,nan,8.346570752,nan,nan,18.0,0.0,19,nan
42.18364310661952,62.76978417266187,68.7,68.7,nan,8.350752768,nan,nan,18.0,0.0,19,nan
42.20031681060791,59.53237410071943,68.7,68.7,nan,8.354947072,nan,nan,17.0,0.0,19,nan
42.2169872045517,62.949640287769796,68.7,68.7,nan,8.354947072,nan,nan,18.0,0.0,19,nan
42.233658440907796,62.949640287769796,68.7,68.7,nan,8.354947072,nan,nan,18.0,0.0,19,nan
42.250332645575206,60.79136690647482,68.7,68.7,nan,8.361238528,nan,nan,17.0,0.0,19,nan
42.26700405279795,65.46762589928056,68.7,68.7,nan,8.361238528,nan,nan,19.0,0.0,19,nan
42.28367807865143,60.251798561151084,68.7,68.7,nan,8.361238528,nan,nan,17.0,0.0,19,nan
42.30035043557485,63.48920863309353,68.7,68.7,nan,8.361238528,nan,nan,18.0,0.0,19,nan
42.31702915430069,58.63309352517986,68.7,68.7,nan,8.365432832,nan,nan,17.0,0.0,19,nan
42.33370189666748,56.4748201438849,68.7,68.7,nan,8.398999552,nan,nan,16.0,0.0,19,nan
42.35037961800893,56.4748201438849,68.7,68.7,nan,8.405291008,nan,nan,16.0,0.0,19,nan
42.36704879999161,58.992805755395686,68.7,68.7,nan,8.405291008,nan,nan,17.0,0.0,19,nan
42.38372051318486,58.992805755395686,68.7,68.7,nan,8.478691328,nan,nan,17.0,0.0,19,nan
42.40039366483688,58.992805755395686,68.7,68.7,nan,8.495468544,nan,nan,17.0,0.0,19,nan
42.41706733306249,60.251798561151084,68.7,68.7,nan,8.495468544,nan,nan,17.0,1.0,19,nan
42.433741478125256,60.431654676258994,68.7,68.7,nan,8.499662848,nan,nan,18.0,0.0,19,nan
42.450414502620696,60.61151079136691,68.7,68.7,nan,8.499662848,nan,nan,18.0,0.0,19,nan
42.46708717346191,55.39568345323741,68.7,68.7,nan,7.862235136,nan,nan,17.0,0.0,18,nan
42.48376123507818,60.431654676258994,68.7,68.7,nan,7.864332288,nan,nan,18.0,0.0,18,nan
42.50043250322342,60.431654676258994,68.7,68.7,nan,7.864332288,nan,nan,18.0,0.0,18,nan
42.51710789998372,58.09352517985611,68.7,68.7,nan,7.864332288,nan,nan,17.0,0.0,18,nan
42.53378080129623,58.81294964028777,68.7,68.7,nan,7.864332288,nan,nan,17.0,0.0,18,nan
42.55045356353124,58.992805755395686,68.7,68.7,nan,7.883206656,nan,nan,17.0,0.0,18,nan
42.5671272277832,58.992805755395686,68.7,68.7,nan,7.883206656,nan,nan,17.0,0.0,18,nan
42.58380002975464,60.07194244604317,68.7,68.7,nan,7.883206656,nan,nan,17.0,0.0,18,nan
42.600474603970845,58.992805755395686,68.7,68.7,nan,7.885303808,nan,nan,17.0,0.0,18,nan
42.617148502667746,58.992805755395686,68.7,68.7,nan,7.885303808,nan,nan,17.0,0.0,18,nan
42.63382146755854,59.172661870503596,68.7,68.7,nan,7.885303808,nan,nan,17.0,0.0,18,nan
42.65049695571263,59.352517985611506,68.7,68.7,nan,7.885303808,nan,nan,17.0,0.0,18,nan
42.667170294125874,61.33093525179856,68.7,68.7,nan,7.885303808,nan,nan,18.0,0.0,18,nan
42.68384308815003,61.33093525179856,68.7,68.7,nan,7.885303808,nan,nan,18.0,0.0,18,nan
42.70051554441452,61.51079136690647,68.7,68.7,nan,7.885303808,nan,nan,18.0,0.0,18,nan
42.71718858877818,56.29496402877698,68.7,68.7,nan,7.885303808,nan,nan,17.0,0.0,18,nan
42.73386333386103,59.53237410071943,68.7,68.7,nan,7.885303808,nan,nan,17.0,0.0,18,nan
42.750534081459044,59.53237410071943,68.7,68.7,nan,7.891595264,nan,nan,17.0,0.0,18,nan
42.767209792137145,59.53237410071943,68.7,68.7,nan,7.893692416,nan,nan,17.0,0.0,18,nan
42.783882621924086,59.53237410071943,68.7,68.7,nan,7.893692416,nan,nan,17.0,0.0,18,nan
42.800554903348285,59.53237410071943,68.7,68.7,nan,7.893692416,nan,nan,17.0,0.0,18,nan
42.81722826957703,59.71223021582735,68.7,68.7,nan,7.893692416,nan,nan,17.0,0.0,18,nan
42.833900388081865,59.71223021582735,68.7,68.7,nan,7.893692416,nan,nan,17.0,0.0,18,nan
42.85057612260183,59.89208633093526,68.7,68.7,nan,7.893692416,nan,nan,17.0,0.0,18,nan
42.867249103387195,59.89208633093526,68.7,68.7,nan,7.893692416,nan,nan,17.0,0.0,18,nan
42.88392152388891,54.49640287769783,68.7,68.7,nan,7.893692416,nan,nan,15.0,0.0,18,nan
42.900597695509596,52.15827338129496,68.7,68.7,nan,7.895789568,nan,nan,15.0,0.0,18,nan
42.917270231246945,59.53237410071943,68.7,68.7,nan,7.895789568,nan,nan,17.0,0.0,18,nan
42.933942290147144,59.53237410071943,68.7,68.7,nan,7.895789568,nan,nan,17.0,0.0,18,nan
42.95061510801315,59.53237410071943,68.7,68.7,nan,7.895789568,nan,nan,17.0,0.0,18,nan
42.9672881046931,57.55395683453237,68.7,68.7,nan,7.895789568,nan,nan,16.0,0.0,18,nan
42.9839629650116,57.194244604316545,68.7,68.7,nan,7.906275328,nan,nan,16.0,0.0,18,nan
43.00063679615656,59.172661870503596,68.7,68.7,nan,7.906275328,nan,nan,17.0,0.0,18,nan
43.017310285568236,53.776978417266186,68.7,68.7,nan,7.910469632,nan,nan,16.0,0.0,18,nan
43.033982765674594,59.352517985611506,68.7,68.7,nan,7.910469632,nan,nan,17.0,0.0,18,nan
43.05065519809723,59.53237410071943,68.7,68.7,nan,7.910469632,nan,nan,17.0,0.0,18,nan
43.067329065004984,59.53237410071943,68.7,68.7,nan,7.910469632,nan,nan,17.0,0.0,18,nan
43.08400301933288,59.71223021582735,68.7,68.7,nan,7.910469632,nan,nan,17.0,0.0,18,nan
43.10067668358485,55.93525179856116,68.7,68.7,nan,7.912566784,nan,nan,16.0,0.0,18,nan
43.11735134919484,56.83453237410072,68.7,68.7,nan,7.396671488,nan,nan,16.0,0.0,17,nan
43.13402790228526,58.992805755395686,68.7,68.7,nan,7.39876864,nan,nan,17.0,0.0,17,nan
43.15069981416067,58.992805755395686,68.7,68.7,nan,7.39876864,nan,nan,17.0,0.0,17,nan
43.167375814914706,58.992805755395686,68.7,68.7,nan,7.39876864,nan,nan,17.0,0.0,17,nan
43.18404801686605,58.992805755395686,68.7,68.7,nan,7.39876864,nan,nan,17.0,0.0,17,nan
43.20072027842204,57.73381294964028,68.7,68.7,nan,7.415545856,nan,nan,16.0,0.0,17,nan
43.21739172538121,50.53956834532374,68.7,68.7,nan,7.74479872,nan,nan,14.0,0.0,17,nan
43.23406298955282,53.41726618705036,68.7,68.7,nan,8.222949376,nan,nan,15.0,0.0,17,nan
43.25073819557826,56.83453237410072,68.7,68.7,nan,8.233435136,nan,nan,16.0,0.0,17,nan
43.26741038958232,56.83453237410072,68.7,68.7,nan,8.264892416,nan,nan,16.0,0.0,17,nan
43.28408289750417,56.83453237410072,68.7,68.7,nan,8.264892416,nan,nan,16.0,0.0,17,nan
43.3007549405098,56.83453237410072,68.7,68.7,nan,8.264892416,nan,nan,16.0,0.0,17,nan
43.31742804050445,56.65467625899281,68.7,68.7,nan,8.264892416,nan,nan,16.0,0.0,17,nan
43.33410129547119,54.67625899280575,68.7,68.7,nan,8.267010048,nan,nan,15.0,0.0,17,nan
43.35077973206838,54.67625899280575,68.7,68.7,nan,8.271204352,nan,nan,15.0,0.0,17,nan
43.367451922098795,54.67625899280575,68.7,68.7,nan,8.283787264,nan,nan,15.0,0.0,17,nan
43.38412824869156,54.67625899280575,68.7,68.7,nan,8.285884416,nan,nan,15.0,0.0,17,nan
43.40080029567083,54.67625899280575,68.7,68.7,nan,8.317341696,nan,nan,15.0,0.0,17,nan
43.41747701962789,54.85611510791366,68.7,68.7,nan,8.336216064,nan,nan,15.0,0.0,17,nan
43.434149316946666,54.85611510791366,68.7,68.7,nan,8.338313216,nan,nan,14.0,0.0,17,nan
43.45082635879517,52.69784172661871,68.7,68.7,nan,8.346701824,nan,nan,14.0,0.0,17,nan
43.46749942700068,52.69784172661871,68.7,68.7,nan,8.348798976,nan,nan,14.0,0.0,17,nan
43.4841766277949,52.69784172661871,68.7,68.7,nan,7.74895616,nan,nan,14.0,0.0,16,nan
43.500849882761635,52.69784172661871,68.7,68.7,nan,7.74895616,nan,nan,14.0,0.0,16,nan
43.51752860943476,52.87769784172662,68.7,68.7,nan,7.755247616,nan,nan,14.0,0.0,16,nan
43.53420141537984,55.57553956834532,68.7,68.7,nan,7.755247616,nan,nan,15.0,0.0,16,nan
43.55087600946426,55.57553956834532,68.7,68.7,nan,7.755247616,nan,nan,15.0,0.0,16,nan
43.56754860480626,57.73381294964028,68.7,68.7,nan,7.755247616,nan,nan,16.0,0.0,16,nan
43.58422149419785,57.73381294964028,68.7,68.7,nan,7.755247616,nan,nan,16.0,0.0,16,nan
43.60089380343755,57.73381294964028,68.7,68.7,nan,7.755247616,nan,nan,16.0,0.0,16,nan
43.617566188176475,58.273381294964025,68.7,68.7,nan,7.755247616,nan,nan,16.0,0.0,16,nan
43.634237957000735,55.2158273381295,68.7,68.7,nan,7.755247616,nan,nan,15.0,0.0,16,nan
43.650912113984425,55.2158273381295,68.7,68.7,nan,7.757344768,nan,nan,15.0,0.0,16,nan
43.66758575042089,55.2158273381295,68.7,68.7,nan,7.757344768,nan,nan,15.0,0.0,16,nan
43.684258898099266,55.2158273381295,68.7,68.7,nan,7.757344768,nan,nan,15.0,0.0,16,nan
43.700930921236676,55.2158273381295,68.7,68.7,nan,7.757344768,nan,nan,15.0,0.0,16,nan
43.71760297616323,55.2158273381295,68.7,68.7,nan,7.757344768,nan,nan,15.0,0.0,16,nan
43.73427460590998,55.39568345323741,68.7,68.7,nan,7.757344768,nan,nan,15.0,0.0,16,nan
43.75094745953878,53.05755395683454,68.7,68.7,nan,7.757344768,nan,nan,14.0,1.0,16,nan
43.76762539148331,53.23741007194245,68.7,68.7,nan,7.757344768,nan,nan,15.0,0.0,16,nan
43.784297517935435,53.23741007194245,68.7,68.7,nan,7.757344768,nan,nan,15.0,0.0,16,nan
43.80097019275029,53.41726618705036,68.7,68.7,nan,7.757344768,nan,nan,14.0,0.0,16,nan
43.81764283180237,50.35971223021583,68.7,68.7,nan,7.757344768,nan,nan,14.0,0.0,16,nan
43.83431572516759,53.41726618705036,68.7,68.7,nan,7.757344768,nan,nan,15.0,0.0,16,nan
43.850994090239205,50.899280575539564,68.7,68.7,nan,7.757344768,nan,nan,14.0,0.0,16,nan
43.86766749223073,47.48201438848921,68.7,68.7,nan,7.757344768,nan,nan,14.0,0.0,16,nan
43.88434263865153,53.05755395683454,68.7,68.7,nan,7.75944192,nan,nan,15.0,0.0,16,nan
43.901015182336174,52.87769784172662,68.7,68.7,nan,7.75944192,nan,nan,15.0,0.0,16,nan
43.9176876227061,55.93525179856116,68.7,68.7,nan,7.75944192,nan,nan,16.0,0.0,16,nan
43.93436121940613,56.11510791366907,68.7,68.7,nan,7.75944192,nan,nan,16.0,0.0,16,nan
43.95104293028513,49.46043165467626,68.7,68.7,nan,7.75944192,nan,nan,14.0,0.0,16,nan
43.967719618479414,45.68345323741008,68.7,68.7,nan,7.772024832,nan,nan,13.0,0.0,16,nan
43.98439432382584,50.35971223021583,68.7,68.7,nan,7.792996352,nan,nan,14.0,0.0,16,nan
44.0010685801506,50.53956834532374,68.7,68.7,nan,7.792996352,nan,nan,14.0,0.0,16,nan
44.01774410804113,53.776978417266186,68.7,68.7,nan,7.792996352,nan,nan,15.0,0.0,16,nan
44.03441662391027,53.956834532374096,68.7,68.7,nan,7.792996352,nan,nan,15.0,0.0,16,nan
44.05109375715256,53.956834532374096,68.7,68.7,nan,7.792996352,nan,nan,15.0,0.0,16,nan
44.06776610215505,54.13669064748201,68.7,68.7,nan,7.792996352,nan,nan,15.0,0.0,16,nan
44.08443474372228,51.07913669064747,68.7,68.7,nan,7.795093504,nan,nan,14.0,0.0,16,nan
44.10110914707184,51.438848920863315,68.7,68.7,nan,7.799287808,nan,nan,14.0,0.0,16,nan
44.11778343518575,51.618705035971225,68.7,68.7,nan,7.799287808,nan,nan,14.0,0.0,16,nan
44.134460441271465,51.618705035971225,68.7,68.7,nan,7.799287808,nan,nan,14.0,0.0,16,nan
44.151134355862936,51.618705035971225,68.7,68.7,nan,7.799287808,nan,nan,14.0,0.0,16,nan
44.16780795256297,51.618705035971225,68.7,68.7,nan,7.799287808,nan,nan,14.0,0.0,16,nan
44.18447969754537,51.618705035971225,68.7,68.7,nan,7.80138496,nan,nan,14.0,0.0,16,nan
44.20115469694137,51.438848920863315,68.7,68.7,nan,7.805579264,nan,nan,14.0,0.0,16,nan
44.21782773733139,51.438848920863315,68.7,68.7,nan,7.816065024,nan,nan,14.0,0.0,16,nan
44.234501886367795,54.13669064748201,68.7,68.7,nan,7.818162176,nan,nan,15.0,0.0,16,nan
44.251177124182384,52.87769784172662,68.7,68.7,nan,7.818162176,nan,nan,14.0,1.0,16,nan
44.26785223484039,53.05755395683454,68.7,68.7,nan,7.820259328,nan,nan,15.0,0.0,16,nan
44.28452738523483,53.05755395683454,68.7,68.7,nan,7.82235648,nan,nan,15.0,0.0,16,nan
44.30120347738266,56.11510791366907,68.7,68.7,nan,7.82235648,nan,nan,16.0,0.0,16,nan
44.31788063446681,53.41726618705036,68.7,68.7,nan,7.824453632,nan,nan,15.0,0.0,16,nan
44.334554700056714,56.11510791366907,68.7,68.7,nan,7.824453632,nan,nan,16.0,0.0,16,nan
44.351229242483775,56.11510791366907,68.7,68.7,nan,7.824453632,nan,nan,16.0,0.0,16,nan
44.3679115096728,53.05755395683454,68.7,68.7,nan,7.824453632,nan,nan,15.0,0.0,16,nan
44.38458610773087,53.23741007194245,68.7,68.7,nan,7.824453632,nan,nan,15.0,0.0,16,nan
44.401262350877126,47.84172661870504,68.7,68.7,nan,7.824453632,nan,nan,13.0,0.0,16,nan
44.41793521642685,50.53956834532374,68.7,68.7,nan,8.34039808,nan,nan,14.0,0.0,16,nan
44.43461051781972,53.23741007194245,68.7,68.7,nan,8.34039808,nan,nan,15.0,0.0,16,nan
44.451288266976675,53.23741007194245,68.7,68.7,nan,8.342495232,nan,nan,15.0,0.0,16,nan
44.467961927255,53.41726618705036,68.7,68.7,nan,8.342495232,nan,nan,15.0,0.0,16,nan
44.48463239272436,51.25899280575539,68.7,68.7,nan,8.342495232,nan,nan,14.0,0.0,16,nan
44.501308532555896,53.597122302158276,68.7,68.7,nan,8.342495232,nan,nan,15.0,0.0,16,nan
44.51798045237859,53.776978417266186,68.7,68.7,nan,8.342495232,nan,nan,15.0,0.0,16,nan
44.53465526898702,54.31654676258992,68.7,68.7,nan,8.342495232,nan,nan,15.0,0.0,16,nan
44.551327800750734,51.25899280575539,68.7,68.7,nan,8.342495232,nan,nan,14.0,0.0,16,nan
44.56799964904785,53.41726618705036,68.7,68.7,nan,8.342495232,nan,nan,15.0,0.0,16,nan
44.58467196623484,53.41726618705036,68.7,68.7,nan,8.342495232,nan,nan,15.0,0.0,16,nan
44.60134264230728,53.776978417266186,68.7,68.7,nan,8.342495232,nan,nan,15.0,0.0,16,nan
44.618014669418336,56.83453237410072,68.7,68.7,nan,8.342495232,nan,nan,16.0,0.0,16,nan
44.63468828201294,57.014388489208635,68.7,68.7,nan,8.342495232,nan,nan,16.0,0.0,16,nan
44.65136075814565,57.014388489208635,68.7,68.7,nan,8.342495232,nan,nan,16.0,0.0,16,nan
44.6680349946022,57.194244604316545,68.7,68.7,nan,8.342495232,nan,nan,16.0,0.0,16,nan
44.68471157153447,57.194244604316545,68.7,68.7,nan,8.346689536,nan,nan,16.0,0.0,16,nan
44.701383690039314,57.194244604316545,68.7,68.7,nan,8.346689536,nan,nan,16.0,0.0,16,nan
44.718059806029004,51.618705035971225,68.7,68.7,nan,8.346689536,nan,nan,15.0,0.0,16,nan
44.734729035695395,53.23741007194245,68.7,68.7,nan,8.355078144,nan,nan,15.0,0.0,16,nan
44.75140101114909,57.194244604316545,68.7,68.7,nan,8.355078144,nan,nan,16.0,0.0,16,nan
44.76807911793391,57.37410071942446,68.7,68.7,nan,8.355078144,nan,nan,16.0,0.0,16,nan
44.784752484162645,57.37410071942446,68.7,68.7,nan,8.355078144,nan,nan,16.0,0.0,16,nan
44.8014311393102,51.798561151079134,68.7,68.7,nan,8.355078144,nan,nan,15.0,0.0,16,nan
44.81810217698415,57.37410071942446,68.7,68.7,nan,8.355078144,nan,nan,16.0,0.0,16,nan
44.834781583150225,51.25899280575539,68.7,68.7,nan,8.355078144,nan,nan,14.0,0.0,16,nan
44.851451472441354,57.37410071942446,68.7,68.7,nan,8.355078144,nan,nan,16.0,0.0,16,nan
44.86813636223475,57.37410071942446,68.7,68.7,nan,8.355078144,nan,nan,16.0,0.0,16,nan
44.88480923175812,57.55395683453237,68.7,68.7,nan,8.355078144,nan,nan,16.0,0.0,16,nan
44.90148397286733,56.83453237410072,68.7,68.7,nan,8.355078144,nan,nan,16.0,0.0,16,nan
44.91816189289093,56.83453237410072,68.7,68.7,nan,8.355078144,nan,nan,16.0,0.0,16,nan
44.934836292266844,56.83453237410072,68.7,68.7,nan,8.355078144,nan,nan,16.0,0.0,16,nan
44.95151158571243,51.25899280575539,68.7,68.7,nan,8.355078144,nan,nan,15.0,0.0,16,nan
44.968184971809386,51.438848920863315,68.7,68.7,nan,8.367661056,nan,nan,15.0,0.0,16,nan
44.98485733668009,57.014388489208635,68.7,68.7,nan,8.367661056,nan,nan,16.0,0.0,16,nan
45.00153389771779,57.194244604316545,68.7,68.7,nan,8.367661056,nan,nan,16.0,0.0,16,nan
45.01821214755376,55.2158273381295,68.7,68.7,nan,8.367661056,nan,nan,15.0,0.0,16,nan
45.03488262097041,54.13669064748201,68.7,68.7,nan,8.367661056,nan,nan,15.0,0.0,16,nan
45.051552228132884,57.37410071942446,68.7,68.7,nan,8.367661056,nan,nan,16.0,0.0,16,nan
45.068221441904704,57.37410071942446,68.7,68.7,nan,8.367661056,nan,nan,16.0,0.0,16,nan
45.08489465316136,51.798561151079134,68.7,68.7,nan,8.369758208,nan,nan,15.0,0.0,16,nan
45.101568937301636,54.49640287769783,68.7,68.7,nan,8.369758208,nan,nan,15.0,0.0,16,nan
45.11824763615926,57.55395683453237,68.7,68.7,nan,8.369758208,nan,nan,16.0,0.0,16,nan
45.13492151896159,57.55395683453237,68.7,68.7,nan,8.369758208,nan,nan,16.0,0.0,16,nan
45.15159547328949,55.75539568345324,68.7,68.7,nan,8.373952512,nan,nan,15.0,0.0,16,nan
45.16826832294464,57.73381294964028,68.7,68.7,nan,8.376049664,nan,nan,16.0,0.0,16,nan
45.184938085079196,57.73381294964028,68.7,68.7,nan,8.376049664,nan,nan,16.0,0.0,16,nan
45.20161101023356,57.73381294964028,68.7,68.7,nan,8.376049664,nan,nan,16.0,0.0,16,nan
45.21827989419301,57.73381294964028,68.7,68.7,nan,8.376049664,nan,nan,16.0,0.0,16,nan
45.234953836599985,53.41726618705036,68.7,68.7,nan,8.422211584,nan,nan,14.0,0.0,16,nan
45.25162755648295,46.58273381294964,68.7,68.7,nan,8.447377408,nan,nan,13.0,0.0,16,nan
45.268300978342694,57.9136690647482,68.7,68.7,nan,8.447377408,nan,nan,16.0,0.0,16,nan
45.28497050603231,57.9136690647482,68.7,68.7,nan,8.447377408,nan,nan,16.0,0.0,16,nan
45.301644682884216,56.29496402877698,68.7,68.7,nan,8.447377408,nan,nan,15.0,1.0,16,nan
45.318314933776854,53.597122302158276,68.7,68.7,nan,8.44947456,nan,nan,15.0,0.0,16,nan
45.334992333253226,54.31654676258992,68.7,68.7,nan,8.44947456,nan,nan,15.0,0.0,16,nan
45.351662464936574,49.10071942446043,68.7,68.7,nan,8.451571712,nan,nan,14.0,0.0,16,nan
45.36833416223526,56.83453237410072,68.7,68.7,nan,8.485126144,nan,nan,16.0,0.0,16,nan
45.38500849405924,57.014388489208635,68.7,68.7,nan,8.504000512,nan,nan,16.0,0.0,16,nan
45.40167992512385,57.014388489208635,68.7,68.7,nan,8.504000512,nan,nan,16.0,0.0,16,nan
45.41835020383199,57.194244604316545,68.7,68.7,nan,8.504000512,nan,nan,16.0,0.0,16,nan
45.43502809604009,55.39568345323741,68.7,68.7,nan,8.510308352,nan,nan,15.0,0.0,16,nan
45.45169943173726,55.39568345323741,68.7,68.7,nan,8.564834304,nan,nan,15.0,0.0,16,nan
45.46836947997411,55.39568345323741,68.7,68.7,nan,8.575320064,nan,nan,15.0,0.0,16,nan
45.48504324356715,55.39568345323741,68.7,68.7,nan,8.575320064,nan,nan,15.0,0.0,16,nan
45.50171546538671,55.75539568345324,68.7,68.7,nan,8.575320064,nan,nan,15.0,0.0,16,nan
45.51839422384898,55.75539568345324,68.7,68.7,nan,8.577417216,nan,nan,15.0,0.0,16,nan
45.53506954113642,57.9136690647482,68.7,68.7,nan,8.577417216,nan,nan,16.0,0.0,16,nan
45.551741099357606,55.03597122302158,68.7,68.7,nan,8.579514368,nan,nan,15.0,0.0,16,nan
45.568410857518515,55.2158273381295,68.7,68.7,nan,8.58161152,nan,nan,15.0,0.0,16,nan
45.58508220911026,58.09352517985611,68.7,68.7,nan,8.58161152,nan,nan,16.0,0.0,16,nan
45.601754025618234,58.09352517985611,68.7,68.7,nan,8.58161152,nan,nan,16.0,0.0,16,nan
45.61842483282089,58.09352517985611,68.7,68.7,nan,8.58161152,nan,nan,16.0,0.0,16,nan
45.63509887059529,58.273381294964025,68.7,68.7,nan,8.58161152,nan,nan,16.0,0.0,16,nan
45.65176953872045,57.9136690647482,68.7,68.7,nan,8.58161152,nan,nan,15.0,0.0,16,nan
45.668445634841916,57.9136690647482,68.7,68.7,nan,8.58161152,nan,nan,16.0,0.0,16,nan
45.68511857589086,57.9136690647482,68.7,68.7,nan,8.58161152,nan,nan,16.0,0.0,16,nan
45.70179256995519,57.9136690647482,68.7,68.7,nan,8.58161152,nan,nan,16.0,0.0,16,nan
45.71846541961034,54.85611510791366,68.7,68.7,nan,8.58161152,nan,nan,15.0,0.0,16,nan
45.73513734738032,51.618705035971225,68.7,68.7,nan,8.604680192,nan,nan,14.0,0.0,16,nan
45.75180992285411,55.03597122302158,68.7,68.7,nan,8.610971648,nan,nan,15.0,0.0,16,nan
45.76848032871882,55.75539568345324,68.7,68.7,nan,8.6130688,nan,nan,15.0,0.0,16,nan
45.78515123923619,55.39568345323741,68.7,68.7,nan,8.615165952,nan,nan,15.0,0.0,16,nan
45.80182360808055,55.39568345323741,68.7,68.7,nan,8.615165952,nan,nan,15.0,0.0,16,nan
45.81849752267202,58.453237410071935,68.7,68.7,nan,8.615165952,nan,nan,16.0,0.0,16,nan
45.83517039219539,58.453237410071935,68.7,68.7,nan,8.615165952,nan,nan,16.0,0.0,16,nan
45.85184177160263,58.453237410071935,68.7,68.7,nan,8.615165952,nan,nan,16.0,0.0,16,nan
45.86851516564687,58.453237410071935,68.7,68.7,nan,8.615165952,nan,nan,16.0,0.0,16,nan
45.88518605232239,56.29496402877698,68.7,68.7,nan,8.615165952,nan,nan,15.0,0.0,16,nan
45.90185537735621,55.39568345323741,68.7,68.7,nan,8.615165952,nan,nan,15.0,0.0,16,nan
45.91852677663167,58.81294964028777,68.7,68.7,nan,8.615165952,nan,nan,16.0,0.0,16,nan
45.9351994117101,58.81294964028777,68.7,68.7,nan,8.615165952,nan,nan,16.0,0.0,16,nan
45.95187088251114,58.81294964028777,68.7,68.7,nan,8.615165952,nan,nan,16.0,0.0,16,nan
45.968542671203615,58.81294964028777,68.7,68.7,nan,8.615165952,nan,nan,16.0,0.0,16,nan
45.985212902228035,58.81294964028777,68.7,68.7,nan,8.615165952,nan,nan,16.0,0.0,16,nan
46.00188720226288,58.81294964028777,68.7,68.7,nan,8.615165952,nan,nan,16.0,0.0,16,nan
46.018561494350436,59.172661870503596,68.7,68.7,nan,8.615165952,nan,nan,16.0,0.0,16,nan
46.03523498773575,58.81294964028777,68.7,68.7,nan,8.615165952,nan,nan,16.0,0.0,16,nan
46.05190709034602,58.81294964028777,68.7,68.7,nan,8.615165952,nan,nan,16.0,0.0,16,nan
46.06857772668203,58.81294964028777,68.7,68.7,nan,8.615165952,nan,nan,16.0,0.0,16,nan
46.08525003194809,58.992805755395686,68.7,68.7,nan,8.615165952,nan,nan,16.0,0.0,16,nan
46.10192083120346,58.992805755395686,68.7,68.7,nan,8.615165952,nan,nan,16.0,0.0,16,nan
46.11859242121378,58.992805755395686,68.7,68.7,nan,8.615165952,nan,nan,16.0,0.0,16,nan
46.135266252358754,53.23741007194245,68.7,68.7,nan,8.615165952,nan,nan,15.0,0.0,16,nan
46.151937091350554,59.352517985611506,68.7,68.7,nan,8.615165952,nan,nan,16.0,0.0,16,nan
46.16861054499944,59.352517985611506,68.7,68.7,nan,8.615165952,nan,nan,16.0,0.0,16,nan
46.18528310060501,59.352517985611506,68.7,68.7,nan,8.615165952,nan,nan,16.0,0.0,16,nan
46.20196073055267,59.352517985611506,68.7,68.7,nan,8.615165952,nan,nan,16.0,0.0,16,nan
46.21863417625427,57.194244604316545,68.7,68.7,nan,8.615165952,nan,nan,15.0,0.0,16,nan
46.23530330260595,53.956834532374096,68.7,68.7,nan,8.62355456,nan,nan,15.0,0.0,16,nan
46.25197679201762,59.352517985611506,68.7,68.7,nan,8.62355456,nan,nan,16.0,0.0,16,nan
46.26865005890529,59.53237410071943,68.7,68.7,nan,8.62355456,nan,nan,16.0,0.0,16,nan
46.28532015482585,53.597122302158276,68.7,68.7,nan,8.62355456,nan,nan,15.0,0.0,16,nan
46.30199398597082,59.71223021582735,68.7,68.7,nan,8.62355456,nan,nan,16.0,0.0,16,nan
46.31866652568181,59.89208633093526,68.7,68.7,nan,8.62355456,nan,nan,16.0,0.0,16,nan
46.335343499978386,59.89208633093526,68.7,68.7,nan,8.62355456,nan,nan,16.0,0.0,16,nan
46.35201743046443,57.014388489208635,68.7,68.7,nan,8.62355456,nan,nan,15.0,0.0,16,nan
46.36869201262792,58.992805755395686,68.7,68.7,nan,8.62355456,nan,nan,16.0,0.0,16,nan
46.385365358988444,59.53237410071943,68.7,68.7,nan,8.62355456,nan,nan,16.0,0.0,16,nan
46.40203464825948,59.53237410071943,68.7,68.7,nan,8.62355456,nan,nan,16.0,0.0,16,nan
46.41871068874995,59.53237410071943,68.7,68.7,nan,8.62355456,nan,nan,16.0,0.0,16,nan
46.4353813846906,59.71223021582735,68.7,68.7,nan,8.62355456,nan,nan,16.0,0.0,16,nan
46.45205539067586,56.29496402877698,68.7,68.7,nan,8.625651712,nan,nan,15.0,0.0,16,nan
46.46872726281484,52.87769784172662,68.7,68.7,nan,8.648720384,nan,nan,14.0,0.0,16,nan
46.48539885282516,55.75539568345324,68.7,68.7,nan,8.650817536,nan,nan,15.0,0.0,16,nan
46.50206993023554,55.75539568345324,68.7,68.7,nan,8.6654976,nan,nan,15.0,0.0,16,nan
46.51874131759008,55.75539568345324,68.7,68.7,nan,8.690663424,nan,nan,15.0,0.0,16,nan
46.5354155977567,55.75539568345324,68.7,68.7,nan,8.70744064,nan,nan,15.0,0.0,16,nan
46.552092254161835,55.75539568345324,68.7,68.7,nan,8.70744064,nan,nan,15.0,0.0,16,nan
46.56876570383708,55.75539568345324,68.7,68.7,nan,8.70744064,nan,nan,15.0,0.0,16,nan
46.58543815215429,55.75539568345324,68.7,68.7,nan,8.70744064,nan,nan,15.0,0.0,16,nan
46.602111367384595,55.75539568345324,68.7,68.7,nan,8.70744064,nan,nan,15.0,0.0,16,nan
46.61878450314204,55.75539568345324,68.7,68.7,nan,8.70744064,nan,nan,15.0,0.0,16,nan
46.63545707861582,55.75539568345324,68.7,68.7,nan,8.162148352,nan,nan,15.0,0.0,15,nan
46.65213035345077,55.93525179856116,68.7,68.7,nan,8.162148352,nan,nan,15.0,0.0,15,nan
46.66880430777868,56.11510791366907,68.7,68.7,nan,8.162148352,nan,nan,14.0,0.0,15,nan
46.685478925704956,56.65467625899281,68.7,68.7,nan,8.162148352,nan,nan,15.0,0.0,15,nan
46.70215337673823,56.4748201438849,68.7,68.7,nan,8.162148352,nan,nan,15.0,0.0,15,nan
46.71882704893748,56.65467625899281,68.7,68.7,nan,8.162148352,nan,nan,15.0,0.0,15,nan
46.73549942175547,54.31654676258992,68.7,68.7,nan,8.162148352,nan,nan,14.0,0.0,15,nan
46.75217652320862,56.4748201438849,68.7,68.7,nan,8.162148352,nan,nan,15.0,0.0,15,nan
46.768850632508595,56.65467625899281,68.7,68.7,nan,8.162148352,nan,nan,15.0,0.0,15,nan
46.7855281829834,56.83453237410072,68.7,68.7,nan,8.162148352,nan,nan,15.0,0.0,15,nan
46.80220203002294,56.83453237410072,68.7,68.7,nan,8.162148352,nan,nan,15.0,0.0,15,nan
46.81887787977855,56.83453237410072,68.7,68.7,nan,8.162148352,nan,nan,15.0,0.0,15,nan
46.835551699002586,56.83453237410072,68.7,68.7,nan,8.162148352,nan,nan,15.0,0.0,15,nan
46.852221949895224,56.83453237410072,68.7,68.7,nan,8.162148352,nan,nan,15.0,0.0,15,nan
46.86889114777247,56.83453237410072,68.7,68.7,nan,8.162148352,nan,nan,15.0,0.0,15,nan
46.885568499565125,57.014388489208635,68.7,68.7,nan,8.162148352,nan,nan,14.0,0.0,15,nan
46.90224893490473,57.014388489208635,68.7,68.7,nan,8.164245504,nan,nan,15.0,0.0,15,nan
46.918921728928886,57.014388489208635,68.7,68.7,nan,8.164245504,nan,nan,15.0,0.0,15,nan
46.935597940286,57.014388489208635,68.7,68.7,nan,8.164245504,nan,nan,15.0,0.0,15,nan
46.952280310789746,57.014388489208635,68.7,68.7,nan,8.164245504,nan,nan,15.0,0.0,15,nan
46.96895414193471,57.194244604316545,68.7,68.7,nan,8.164245504,nan,nan,15.0,0.0,15,nan
46.98562607765198,57.194244604316545,68.7,68.7,nan,8.164245504,nan,nan,15.0,0.0,15,nan
47.00230234464009,54.67625899280575,68.7,68.7,nan,8.164245504,nan,nan,14.0,0.0,15,nan
47.018977626164755,57.014388489208635,68.7,68.7,nan,8.164245504,nan,nan,15.0,0.0,15,nan
47.035652271906535,57.194244604316545,68.7,68.7,nan,8.164245504,nan,nan,15.0,0.0,15,nan
47.05232782761256,57.194244604316545,68.7,68.7,nan,8.164245504,nan,nan,15.0,0.0,15,nan
47.06900227069855,57.194244604316545,68.7,68.7,nan,8.164245504,nan,nan,15.0,0.0,15,nan
47.08567826747894,57.194244604316545,68.7,68.7,nan,8.164245504,nan,nan,15.0,0.0,15,nan
47.102352714538576,57.194244604316545,68.7,68.7,nan,8.164245504,nan,nan,15.0,0.0,15,nan
47.11902747154236,57.194244604316545,68.7,68.7,nan,8.164245504,nan,nan,15.0,0.0,15,nan
47.13570441802343,55.2158273381295,68.7,68.7,nan,8.164245504,nan,nan,14.0,0.0,15,nan
47.15237667957942,55.2158273381295,68.7,68.7,nan,8.187318272,nan,nan,14.0,0.0,15,nan
47.16904913584391,54.85611510791366,68.7,68.7,nan,8.187318272,nan,nan,14.0,0.0,15,nan
47.18572182655335,54.85611510791366,68.7,68.7,nan,8.187318272,nan,nan,14.0,0.0,15,nan
47.20239515304566,53.956834532374096,68.7,68.7,nan,8.187318272,nan,nan,13.0,1.0,15,nan
47.219069854418436,54.31654676258992,68.7,68.7,nan,8.187318272,nan,nan,14.0,0.0,15,nan
47.235742421944934,54.31654676258992,68.7,68.7,nan,8.187318272,nan,nan,14.0,0.0,15,nan
47.25241656303406,54.31654676258992,68.7,68.7,nan,8.187318272,nan,nan,14.0,0.0,15,nan
47.26909297307332,54.31654676258992,68.7,68.7,nan,8.187318272,nan,nan,14.0,0.0,15,nan
47.28576285839081,54.31654676258992,68.7,68.7,nan,7.686053888,nan,nan,14.0,0.0,15,nan
47.3024382074674,54.49640287769783,68.7,68.7,nan,7.686053888,nan,nan,14.0,0.0,14,nan
47.31910760800044,54.67625899280575,68.7,68.7,nan,7.686053888,nan,nan,14.0,0.0,14,nan
47.33577987750371,54.67625899280575,68.7,68.7,nan,7.686053888,nan,nan,14.0,0.0,14,nan
47.3524547457695,54.67625899280575,68.7,68.7,nan,7.686053888,nan,nan,14.0,0.0,14,nan
47.36912853717804,52.15827338129496,68.7,68.7,nan,7.686053888,nan,nan,13.0,0.0,14,nan
47.38580227692922,54.49640287769783,68.7,68.7,nan,7.686053888,nan,nan,14.0,0.0,14,nan
47.40247866312663,54.49640287769783,68.7,68.7,nan,7.686053888,nan,nan,14.0,0.0,14,nan
47.41915192206701,54.49640287769783,68.7,68.7,nan,7.686053888,nan,nan,14.0,0.0,14,nan
47.43582870165507,54.49640287769783,68.7,68.7,nan,7.686053888,nan,nan,14.0,0.0,14,nan
47.452503792444865,51.618705035971225,68.7,68.7,nan,7.686053888,nan,nan,13.0,0.0,14,nan
47.469177202383676,54.31654676258992,68.7,68.7,nan,7.686053888,nan,nan,14.0,0.0,14,nan
47.48584611018499,54.49640287769783,68.7,68.7,nan,7.686053888,nan,nan,14.0,0.0,14,nan
47.502519965171814,54.67625899280575,68.7,68.7,nan,7.686053888,nan,nan,14.0,0.0,14,nan
47.51919292608897,54.67625899280575,68.7,68.7,nan,7.686053888,nan,nan,14.0,0.0,14,nan
47.53586197296779,54.85611510791366,68.7,68.7,nan,7.686053888,nan,nan,14.0,0.0,14,nan
47.55253211259842,55.57553956834532,68.7,68.7,nan,7.686053888,nan,nan,14.0,0.0,14,nan
47.569204147656755,55.2158273381295,68.7,68.7,nan,7.686053888,nan,nan,14.0,0.0,14,nan
47.58587700128555,55.2158273381295,68.7,68.7,nan,7.686053888,nan,nan,14.0,0.0,14,nan
47.60255060593287,55.39568345323741,68.7,68.7,nan,7.686053888,nan,nan,14.0,0.0,14,nan
47.619226221243544,52.517985611510795,68.7,68.7,nan,7.686053888,nan,nan,13.0,0.0,14,nan
47.63589789867401,52.69784172661871,68.7,68.7,nan,7.686053888,nan,nan,13.0,0.0,14,nan
47.65257043838501,52.69784172661871,68.7,68.7,nan,7.686053888,nan,nan,13.0,0.0,14,nan
47.669242986043294,51.97841726618705,68.7,68.7,nan,7.68815104,nan,nan,13.0,0.0,14,nan
47.68591606219609,51.97841726618705,68.7,68.7,nan,7.68815104,nan,nan,13.0,0.0,14,nan
47.702591701348624,51.97841726618705,68.7,68.7,nan,7.68815104,nan,nan,13.0,0.0,14,nan
47.71926467816035,51.97841726618705,68.7,68.7,nan,7.68815104,nan,nan,13.0,0.0,14,nan
47.73593765894572,52.15827338129496,68.7,68.7,nan,7.68815104,nan,nan,13.0,0.0,14,nan
47.75261005560557,52.15827338129496,68.7,68.7,nan,7.68815104,nan,nan,13.0,0.0,14,nan
47.7692818959554,54.67625899280575,68.7,68.7,nan,7.68815104,nan,nan,14.0,0.0,14,nan
47.78595479726791,54.67625899280575,68.7,68.7,nan,7.68815104,nan,nan,14.0,0.0,14,nan
47.80262699921926,54.67625899280575,68.7,68.7,nan,7.68815104,nan,nan,13.0,0.0,14,nan
47.819299364089964,54.67625899280575,68.7,68.7,nan,7.68815104,nan,nan,14.0,0.0,14,nan
47.83597176472346,54.67625899280575,68.7,68.7,nan,7.68815104,nan,nan,14.0,0.0,14,nan
47.85264436801275,54.49640287769783,68.7,68.7,nan,7.68815104,nan,nan,14.0,0.0,14,nan
47.8693171342214,54.67625899280575,68.7,68.7,nan,7.68815104,nan,nan,14.0,0.0,14,nan
47.8859926422437,52.15827338129496,68.7,68.7,nan,7.68815104,nan,nan,13.0,0.0,14,nan
47.90266508658727,52.15827338129496,68.7,68.7,nan,7.68815104,nan,nan,13.0,0.0,14,nan
47.91933790445328,52.15827338129496,68.7,68.7,nan,7.68815104,nan,nan,13.0,0.0,14,nan
47.936010376612344,52.15827338129496,68.7,68.7,nan,7.68815104,nan,nan,13.0,0.0,14,nan
47.95268252690633,52.15827338129496,68.7,68.7,nan,7.68815104,nan,nan,13.0,0.0,14,nan
47.96935476462046,52.517985611510795,68.7,68.7,nan,7.68815104,nan,nan,13.0,0.0,14,nan
47.986027558644615,55.03597122302158,68.7,68.7,nan,7.68815104,nan,nan,14.0,0.0,14,nan
48.002700074513754,55.2158273381295,68.7,68.7,nan,7.68815104,nan,nan,14.0,0.0,14,nan
48.01937548716863,55.2158273381295,68.7,68.7,nan,7.68815104,nan,nan,14.0,0.0,14,nan
48.03604771296183,55.2158273381295,68.7,68.7,nan,7.68815104,nan,nan,14.0,0.0,14,nan
48.05272007783254,55.2158273381295,68.7,68.7,nan,7.68815104,nan,nan,14.0,0.0,14,nan
48.06939253807068,55.2158273381295,68.7,68.7,nan,7.68815104,nan,nan,14.0,0.0,14,nan
48.0860648393631,55.2158273381295,68.7,68.7,nan,7.68815104,nan,nan,14.0,0.0,14,nan
48.10273729562759,55.2158273381295,68.7,68.7,nan,7.68815104,nan,nan,14.0,0.0,14,nan
48.119409279028574,55.2158273381295,68.7,68.7,nan,7.68815104,nan,nan,14.0,0.0,14,nan
48.13608301480611,55.39568345323741,68.7,68.7,nan,7.68815104,nan,nan,14.0,0.0,14,nan
48.15275539159775,55.75539568345324,68.7,68.7,nan,7.68815104,nan,nan,14.0,0.0,14,nan
48.1694295167923,55.75539568345324,68.7,68.7,nan,7.68815104,nan,nan,14.0,0.0,14,nan
48.18610359827677,55.75539568345324,68.7,68.7,nan,7.68815104,nan,nan,14.0,0.0,14,nan
48.20277737379074,55.75539568345324,68.7,68.7,nan,7.68815104,nan,nan,14.0,0.0,14,nan
48.21944977839788,55.75539568345324,68.7,68.7,nan,7.68815104,nan,nan,14.0,0.0,14,nan
48.23611964384715,55.75539568345324,68.7,68.7,nan,7.68815104,nan,nan,14.0,0.0,14,nan
48.25279377301534,55.75539568345324,68.7,68.7,nan,7.68815104,nan,nan,14.0,0.0,14,nan
48.26946394443512,55.93525179856116,68.7,68.7,nan,7.68815104,nan,nan,14.0,0.0,14,nan
48.28613600730896,54.13669064748201,68.7,68.7,nan,7.68815104,nan,nan,13.0,0.0,14,nan
48.30280522108078,53.597122302158276,68.7,68.7,nan,7.68815104,nan,nan,13.0,0.0,14,nan
48.31947768131892,53.597122302158276,68.7,68.7,nan,7.68815104,nan,nan,13.0,0.0,14,nan
48.33614885807037,53.597122302158276,68.7,68.7,nan,7.68815104,nan,nan,13.0,0.0,14,nan
48.352820944786075,53.776978417266186,68.7,68.7,nan,7.68815104,nan,nan,13.0,0.0,14,nan
48.36949304739634,53.956834532374096,68.7,68.7,nan,7.68815104,nan,nan,13.0,0.0,14,nan
48.38616577386856,54.13669064748201,68.7,68.7,nan,7.68815104,nan,nan,13.0,0.0,14,nan
48.40283774932225,54.13669064748201,68.7,68.7,nan,7.68815104,nan,nan,13.0,0.0,14,nan
48.41951045195262,54.49640287769783,68.7,68.7,nan,7.68815104,nan,nan,13.0,0.0,14,nan
48.436182701587676,53.956834532374096,68.7,68.7,nan,7.68815104,nan,nan,13.0,0.0,14,nan
48.452851967016855,46.76258992805755,68.7,68.7,nan,7.71960832,nan,nan,11.0,0.0,14,nan
48.469526441891986,46.76258992805755,68.7,68.7,nan,7.795105792,nan,nan,11.0,0.0,14,nan
48.486198806762694,46.76258992805755,68.7,68.7,nan,7.795105792,nan,nan,11.0,0.0,14,nan
48.50287090539932,49.280575539568346,68.7,68.7,nan,7.805591552,nan,nan,12.0,0.0,14,nan
48.519544963041945,49.280575539568346,68.7,68.7,nan,7.81398016,nan,nan,12.0,0.0,14,nan
48.53621785640716,49.280575539568346,68.7,68.7,nan,7.81398016,nan,nan,12.0,0.0,14,nan
48.55289305845896,49.280575539568346,68.7,68.7,nan,7.816077312,nan,nan,12.0,0.0,14,nan
48.56956537167231,49.280575539568346,68.7,68.7,nan,7.816077312,nan,nan,12.0,0.0,14,nan
48.58623801072439,48.92086330935251,68.7,68.7,nan,7.818174464,nan,nan,12.0,0.0,14,nan
48.60291074117025,42.985611510791365,68.7,68.7,nan,7.820271616,nan,nan,11.0,0.0,14,nan
48.619583022594455,50.899280575539564,68.7,68.7,nan,7.820271616,nan,nan,13.0,0.0,14,nan
48.636255252361295,51.438848920863315,68.7,68.7,nan,7.832854528,nan,nan,13.0,0.0,14,nan
48.65292660395304,51.07913669064747,68.7,68.7,nan,7.839145984,nan,nan,13.0,0.0,14,nan
48.66959838072459,51.07913669064747,68.7,68.7,nan,7.839145984,nan,nan,13.0,0.0,14,nan
48.68626970450084,51.438848920863315,68.7,68.7,nan,7.839145984,nan,nan,12.0,0.0,14,nan
48.70294185876846,48.7410071942446,68.7,68.7,nan,7.839145984,nan,nan,12.0,0.0,14,nan
48.719615244865416,48.7410071942446,68.7,68.7,nan,7.839145984,nan,nan,12.0,0.0,14,nan
48.73628823757171,48.7410071942446,68.7,68.7,nan,7.839145984,nan,nan,12.0,0.0,14,nan
48.7529612382253,52.87769784172662,68.7,68.7,nan,7.839145984,nan,nan,13.0,0.0,14,nan
48.7696335196495,52.87769784172662,68.7,68.7,nan,7.839145984,nan,nan,13.0,0.0,14,nan
48.786310784022014,52.87769784172662,68.7,68.7,nan,7.841243136,nan,nan,13.0,0.0,14,nan
48.80298350652059,53.23741007194245,68.7,68.7,nan,7.841243136,nan,nan,13.0,0.0,14,nan
48.81965815623601,53.23741007194245,68.7,68.7,nan,7.841243136,nan,nan,13.0,0.0,14,nan
48.83633255958557,53.23741007194245,68.7,68.7,nan,7.841243136,nan,nan,13.0,0.0,14,nan
48.85300491650899,53.23741007194245,68.7,68.7,nan,7.841243136,nan,nan,13.0,0.0,14,nan
48.869678223133086,53.23741007194245,68.7,68.7,nan,7.841243136,nan,nan,13.0,0.0,14,nan
48.88635119994481,53.23741007194245,68.7,68.7,nan,7.841243136,nan,nan,13.0,0.0,14,nan
48.90302670399348,56.29496402877698,68.7,68.7,nan,7.841243136,nan,nan,14.0,0.0,14,nan
48.91969995498657,55.93525179856116,68.7,68.7,nan,7.841243136,nan,nan,14.0,0.0,14,nan
48.93637217680613,55.93525179856116,68.7,68.7,nan,7.841243136,nan,nan,14.0,0.0,14,nan
48.95304511388143,55.75539568345324,68.7,68.7,nan,7.841243136,nan,nan,14.0,0.0,14,nan
48.969717315832774,55.75539568345324,68.7,68.7,nan,7.841243136,nan,nan,14.0,0.0,14,nan
48.98639300266902,53.41726618705036,68.7,68.7,nan,7.841243136,nan,nan,13.0,0.0,14,nan
49.003065367539726,56.11510791366907,68.7,68.7,nan,7.841243136,nan,nan,14.0,0.0,14,nan
49.01973747412364,56.11510791366907,68.7,68.7,nan,7.841243136,nan,nan,14.0,0.0,14,nan
49.03640888134638,56.11510791366907,68.7,68.7,nan,7.841243136,nan,nan,14.0,0.0,14,nan
49.05308142900467,56.11510791366907,68.7,68.7,nan,7.841243136,nan,nan,14.0,0.0,14,nan
49.06975336869558,53.41726618705036,68.7,68.7,nan,7.841243136,nan,nan,13.0,0.0,14,nan
49.08642613490422,51.97841726618705,68.7,68.7,nan,7.841243136,nan,nan,13.0,0.0,14,nan
49.10309675931931,56.4748201438849,68.7,68.7,nan,7.841243136,nan,nan,14.0,0.0,14,nan
49.119769175847374,56.4748201438849,68.7,68.7,nan,7.841243136,nan,nan,14.0,0.0,14,nan
49.13644208908081,56.4748201438849,68.7,68.7,nan,7.841243136,nan,nan,14.0,0.0,14,nan
49.15311537981033,56.4748201438849,68.7,68.7,nan,7.841243136,nan,nan,14.0,0.0,14,nan
49.16978777249654,56.65467625899281,68.7,68.7,nan,7.841243136,nan,nan,14.0,0.0,14,nan
49.18645814259847,56.83453237410072,68.7,68.7,nan,7.841243136,nan,nan,14.0,0.0,14,nan
49.20313028097153,54.31654676258992,68.7,68.7,nan,7.841243136,nan,nan,13.0,0.0,14,nan
49.219802645842236,57.194244604316545,68.7,68.7,nan,7.841243136,nan,nan,14.0,0.0,14,nan
49.236477363109586,57.37410071942446,68.7,68.7,nan,7.841243136,nan,nan,14.0,0.0,14,nan
49.253151973088585,57.37410071942446,68.7,68.7,nan,7.841243136,nan,nan,14.0,0.0,14,nan
49.269828935464226,57.37410071942446,68.7,68.7,nan,7.841243136,nan,nan,14.0,0.0,14,nan
49.28650280237198,57.37410071942446,68.7,68.7,nan,7.841243136,nan,nan,14.0,0.0,14,nan
49.303181580702464,54.31654676258992,68.7,68.7,nan,7.841243136,nan,nan,13.0,0.0,14,nan
49.319853468736014,57.014388489208635,68.7,68.7,nan,7.841243136,nan,nan,14.0,0.0,14,nan
49.33652642567952,57.014388489208635,68.7,68.7,nan,7.841243136,nan,nan,14.0,0.0,14,nan
49.353198711077376,57.014388489208635,68.7,68.7,nan,7.841243136,nan,nan,14.0,0.0,14,nan
49.3698690811793,57.014388489208635,68.7,68.7,nan,7.841243136,nan,nan,14.0,0.0,14,nan
49.38654091755549,57.194244604316545,68.7,68.7,nan,7.841243136,nan,nan,14.0,0.0,14,nan
49.40321352481842,54.31654676258992,68.7,68.7,nan,7.841243136,nan,nan,13.0,0.0,14,nan
49.41988422870636,57.194244604316545,68.7,68.7,nan,7.841243136,nan,nan,14.0,0.0,14,nan
49.43655736446381,57.194244604316545,68.7,68.7,nan,7.841243136,nan,nan,14.0,0.0,14,nan
49.45322774648666,57.194244604316545,68.7,68.7,nan,7.841243136,nan,nan,14.0,0.0,14,nan
49.469899861017865,57.194244604316545,68.7,68.7,nan,7.841243136,nan,nan,14.0,0.0,14,nan
49.486572122573854,57.194244604316545,68.7,68.7,nan,7.841243136,nan,nan,14.0,0.0,14,nan
49.50324740409851,57.194244604316545,68.7,68.7,nan,7.841243136,nan,nan,14.0,0.0,14,nan
49.51992568174998,57.194244604316545,68.7,68.7,nan,7.841243136,nan,nan,14.0,0.0,14,nan
49.53659647305806,57.37410071942446,68.7,68.7,nan,7.841243136,nan,nan,14.0,0.0,14,nan
49.55326586167018,57.55395683453237,68.7,68.7,nan,7.841243136,nan,nan,14.0,0.0,14,nan
49.569944230715436,57.55395683453237,68.7,68.7,nan,7.841243136,nan,nan,14.0,0.0,14,nan
49.58661847511927,54.67625899280575,68.7,68.7,nan,7.841243136,nan,nan,13.0,0.0,14,nan
49.603295131524405,57.55395683453237,68.7,68.7,nan,7.841243136,nan,nan,14.0,0.0,14,nan
49.61997002363205,57.55395683453237,68.7,68.7,nan,7.841243136,nan,nan,14.0,0.0,14,nan
49.636644001801805,58.453237410071935,68.7,68.7,nan,7.841243136,nan,nan,14.0,0.0,14,nan
49.65331740776698,57.9136690647482,68.7,68.7,nan,7.841243136,nan,nan,14.0,0.0,14,nan
49.66999672253927,57.9136690647482,68.7,68.7,nan,7.841243136,nan,nan,14.0,0.0,14,nan
49.68667574326197,57.9136690647482,68.7,68.7,nan,7.841243136,nan,nan,14.0,0.0,14,nan
49.70334920883179,57.9136690647482,68.7,68.7,nan,7.841243136,nan,nan,14.0,0.0,14,nan
49.720027486483254,57.9136690647482,68.7,68.7,nan,7.841243136,nan,nan,14.0,0.0,14,nan
49.7367012778918,57.9136690647482,68.7,68.7,nan,7.841243136,nan,nan,14.0,0.0,14,nan
49.7533714056015,57.9136690647482,68.7,68.7,nan,7.841243136,nan,nan,14.0,0.0,14,nan
49.77004140615463,57.9136690647482,68.7,68.7,nan,7.841243136,nan,nan,14.0,0.0,14,nan
49.78671598831813,57.9136690647482,68.7,68.7,nan,7.841243136,nan,nan,14.0,0.0,14,nan
49.80339194933573,53.597122302158276,68.7,68.7,nan,7.841243136,nan,nan,13.0,0.0,14,nan
49.82006409168243,53.597122302158276,68.7,68.7,nan,7.84543744,nan,nan,13.0,0.0,14,nan
49.836733639240265,53.956834532374096,68.7,68.7,nan,7.84543744,nan,nan,13.0,0.0,14,nan
49.85341486930847,53.956834532374096,68.7,68.7,nan,7.84543744,nan,nan,13.0,0.0,14,nan
49.8700843334198,51.07913669064747,68.7,68.7,nan,7.855919104,nan,nan,12.0,0.0,14,nan
49.88675984144211,53.956834532374096,68.7,68.7,nan,7.874793472,nan,nan,13.0,0.0,14,nan
49.903431769212084,54.13669064748201,68.7,68.7,nan,7.874793472,nan,nan,13.0,0.0,14,nan
49.920101165771484,54.13669064748201,68.7,68.7,nan,7.874793472,nan,nan,13.0,0.0,14,nan
49.93677949110667,54.31654676258992,68.7,68.7,nan,6.740180992,nan,nan,13.0,0.0,13,nan
49.95345198313395,54.31654676258992,68.7,68.7,nan,6.740180992,nan,nan,13.0,0.0,13,nan
49.970121411482495,54.31654676258992,68.7,68.7,nan,6.740180992,nan,nan,13.0,0.0,13,nan
49.9867910305659,54.31654676258992,68.7,68.7,nan,6.740180992,nan,nan,13.0,0.0,13,nan
50.003466216723126,55.03597122302158,68.7,68.7,nan,6.740180992,nan,nan,13.0,0.0,13,nan
50.020143043994906,54.67625899280575,68.7,68.7,nan,6.740180992,nan,nan,13.0,0.0,13,nan
50.03681179682414,54.67625899280575,68.7,68.7,nan,6.740180992,nan,nan,13.0,0.0,13,nan
50.05348228216171,54.85611510791366,68.7,68.7,nan,6.740180992,nan,nan,13.0,0.0,13,nan
50.07015186548233,52.15827338129496,68.7,68.7,nan,6.740180992,nan,nan,12.0,0.0,13,nan
50.0868269999822,52.15827338129496,68.7,68.7,nan,6.740180992,nan,nan,12.0,0.0,13,nan
50.103496273358665,52.15827338129496,68.7,68.7,nan,6.740180992,nan,nan,12.0,0.0,13,nan
50.120168586572014,55.03597122302158,68.7,68.7,nan,6.740180992,nan,nan,13.0,0.0,13,nan
50.13684210777283,55.03597122302158,68.7,68.7,nan,6.740180992,nan,nan,13.0,0.0,13,nan
50.15351182222366,55.03597122302158,68.7,68.7,nan,6.740180992,nan,nan,13.0,0.0,13,nan
50.17018121480942,55.03597122302158,68.7,68.7,nan,6.740180992,nan,nan,13.0,0.0,13,nan
50.186852022012076,55.03597122302158,68.7,68.7,nan,6.740180992,nan,nan,13.0,0.0,13,nan
50.20352435509364,55.03597122302158,68.7,68.7,nan,6.740180992,nan,nan,13.0,0.0,13,nan
50.22019571463267,55.03597122302158,68.7,68.7,nan,6.740180992,nan,nan,13.0,0.0,13,nan
50.236866823832194,55.03597122302158,68.7,68.7,nan,6.740180992,nan,nan,13.0,0.0,13,nan
50.253538270791374,55.03597122302158,68.7,68.7,nan,6.740180992,nan,nan,13.0,0.0,13,nan
50.27021390199661,55.03597122302158,68.7,68.7,nan,6.740180992,nan,nan,13.0,0.0,13,nan
50.28688488006592,55.03597122302158,68.7,68.7,nan,6.740180992,nan,nan,13.0,0.0,13,nan
50.30355425278346,52.15827338129496,68.7,68.7,nan,6.740180992,nan,nan,12.0,0.0,13,nan
50.320226192474365,55.2158273381295,68.7,68.7,nan,6.740180992,nan,nan,13.0,0.0,13,nan
50.336897150675455,55.2158273381295,68.7,68.7,nan,6.740180992,nan,nan,13.0,0.0,13,nan
50.35356671412786,55.2158273381295,68.7,68.7,nan,6.740180992,nan,nan,13.0,0.0,13,nan
50.3702471613884,55.39568345323741,68.7,68.7,nan,6.740180992,nan,nan,13.0,0.0,13,nan
50.38692664305369,55.39568345323741,68.7,68.7,nan,6.740180992,nan,nan,13.0,0.0,13,nan
50.40359881321589,55.39568345323741,68.7,68.7,nan,6.740180992,nan,nan,13.0,0.0,13,nan
50.42027395566304,55.39568345323741,68.7,68.7,nan,6.740180992,nan,nan,13.0,0.0,13,nan
50.436946260929105,55.39568345323741,68.7,68.7,nan,6.740180992,nan,nan,13.0,0.0,13,nan
50.453617453575134,55.39568345323741,68.7,68.7,nan,6.740180992,nan,nan,13.0,0.0,13,nan
50.470296041170755,55.75539568345324,68.7,68.7,nan,6.740180992,nan,nan,13.0,0.0,13,nan
50.486965203285216,55.75539568345324,68.7,68.7,nan,6.740180992,nan,nan,13.0,0.0,13,nan
50.50363636016846,55.75539568345324,68.7,68.7,nan,6.740180992,nan,nan,13.0,0.0,13,nan
50.52030912637711,55.75539568345324,68.7,68.7,nan,6.740180992,nan,nan,13.0,0.0,13,nan
50.53698131640752,52.69784172661871,68.7,68.7,nan,6.740180992,nan,nan,12.0,0.0,13,nan
50.553654090563455,52.69784172661871,68.7,68.7,nan,6.740180992,nan,nan,12.0,0.0,13,nan
50.57032843828201,52.69784172661871,68.7,68.7,nan,6.740180992,nan,nan,12.0,0.0,13,nan
50.587000556786855,52.69784172661871,68.7,68.7,nan,6.740180992,nan,nan,12.0,0.0,13,nan
50.603675742944084,52.69784172661871,68.7,68.7,nan,6.740180992,nan,nan,12.0,0.0,13,nan
50.62034976085027,52.69784172661871,68.7,68.7,nan,6.740180992,nan,nan,12.0,0.0,13,nan
50.63702682654063,52.69784172661871,68.7,68.7,nan,6.740180992,nan,nan,12.0,0.0,13,nan
50.653699680169424,53.05755395683454,68.7,68.7,nan,6.740180992,nan,nan,12.0,0.0,13,nan
50.670377198855086,53.05755395683454,68.7,68.7,nan,5.899169792,nan,nan,12.0,0.0,12,nan
50.687051864465076,53.05755395683454,68.7,68.7,nan,5.899169792,nan,nan,12.0,0.0,12,nan
50.70372607707977,53.05755395683454,68.7,68.7,nan,5.899169792,nan,nan,12.0,0.0,12,nan
50.720400003592175,53.23741007194245,68.7,68.7,nan,5.899169792,nan,nan,12.0,0.0,12,nan
50.737076222896576,53.23741007194245,68.7,68.7,nan,5.899169792,nan,nan,12.0,0.0,12,nan
50.75374932289124,53.41726618705036,68.7,68.7,nan,5.899169792,nan,nan,12.0,0.0,12,nan
50.77043070395788,53.41726618705036,68.7,68.7,nan,5.899169792,nan,nan,12.0,0.0,12,nan
50.787104201316836,53.41726618705036,68.7,68.7,nan,5.899169792,nan,nan,12.0,0.0,12,nan
50.80377763112386,53.05755395683454,68.7,68.7,nan,5.899169792,nan,nan,12.0,0.0,12,nan
50.820449928442635,52.517985611510795,68.7,68.7,nan,5.899169792,nan,nan,12.0,0.0,12,nan
50.83712133566539,52.69784172661871,68.7,68.7,nan,5.899169792,nan,nan,12.0,0.0,12,nan
50.85379384358724,52.87769784172662,68.7,68.7,nan,5.899169792,nan,nan,12.0,0.0,12,nan
50.87046635548274,53.05755395683454,68.7,68.7,nan,5.899169792,nan,nan,12.0,0.0,12,nan
50.88714466492335,53.23741007194245,68.7,68.7,nan,5.899169792,nan,nan,12.0,0.0,12,nan
50.90381400982539,53.23741007194245,68.7,68.7,nan,5.899169792,nan,nan,12.0,0.0,12,nan
50.92048695087433,53.23741007194245,68.7,68.7,nan,5.899169792,nan,nan,12.0,0.0,12,nan
50.93715957800547,53.23741007194245,68.7,68.7,nan,5.899169792,nan,nan,12.0,0.0,12,nan
50.95383172035217,53.23741007194245,68.7,68.7,nan,5.899169792,nan,nan,12.0,0.0,12,nan
50.97050382296244,53.23741007194245,68.7,68.7,nan,5.899169792,nan,nan,12.0,0.0,12,nan
50.98717615207036,53.23741007194245,68.7,68.7,nan,5.899169792,nan,nan,12.0,0.0,12,nan
51.00384897391002,53.23741007194245,68.7,68.7,nan,5.899169792,nan,nan,12.0,0.0,12,nan
51.02052108049393,53.23741007194245,68.7,68.7,nan,5.899169792,nan,nan,12.0,0.0,12,nan
51.03719302813212,53.23741007194245,68.7,68.7,nan,5.899169792,nan,nan,12.0,0.0,12,nan
51.053865285714465,53.23741007194245,68.7,68.7,nan,5.899169792,nan,nan,12.0,0.0,12,nan
51.070537614822385,53.23741007194245,68.7,68.7,nan,5.899169792,nan,nan,12.0,0.0,12,nan
51.087209808826444,53.23741007194245,68.7,68.7,nan,5.899169792,nan,nan,12.0,0.0,12,nan
51.10388200680415,53.23741007194245,68.7,68.7,nan,5.899169792,nan,nan,12.0,0.0,12,nan
51.120554236570996,53.23741007194245,68.7,68.7,nan,5.899169792,nan,nan,12.0,0.0,12,nan
51.13722687959671,53.23741007194245,68.7,68.7,nan,5.899169792,nan,nan,12.0,0.0,12,nan
51.153899149099985,53.23741007194245,68.7,68.7,nan,5.899169792,nan,nan,12.0,0.0,12,nan
51.170571474234265,53.23741007194245,68.7,68.7,nan,5.899169792,nan,nan,12.0,0.0,12,nan
51.187242905298866,53.23741007194245,68.7,68.7,nan,5.899169792,nan,nan,12.0,0.0,12,nan
51.20391576687495,53.41726618705036,68.7,68.7,nan,5.899169792,nan,nan,12.0,0.0,12,nan
51.22058833440145,53.41726618705036,68.7,68.7,nan,5.899169792,nan,nan,12.0,0.0,12,nan
51.23726011117299,53.41726618705036,68.7,68.7,nan,5.899169792,nan,nan,12.0,0.0,12,nan
51.25393265883128,50.53956834532374,68.7,68.7,nan,5.899169792,nan,nan,11.0,0.0,12,nan
51.27060540119807,48.02158273381295,68.7,68.7,nan,5.899169792,nan,nan,11.0,0.0,12,nan
51.2872780362765,51.438848920863315,68.7,68.7,nan,5.899169792,nan,nan,12.0,0.0,12,nan
51.30394949118296,51.438848920863315,68.7,68.7,nan,5.899169792,nan,nan,12.0,0.0,12,nan
51.320622134208676,51.798561151079134,68.7,68.7,nan,5.899169792,nan,nan,12.0,0.0,12,nan
51.33729458649953,51.798561151079134,68.7,68.7,nan,5.899169792,nan,nan,12.0,0.0,12,nan
51.353967483838396,51.25899280575539,68.7,68.7,nan,5.899169792,nan,nan,12.0,0.0,12,nan
51.37064219315847,51.438848920863315,68.7,68.7,nan,5.899169792,nan,nan,12.0,0.0,12,nan
51.387314979235335,48.02158273381295,68.7,68.7,nan,5.899169792,nan,nan,11.0,0.0,12,nan
51.403987153371176,51.438848920863315,68.7,68.7,nan,5.899169792,nan,nan,12.0,0.0,12,nan
51.420659430821736,48.02158273381295,68.7,68.7,nan,5.899169792,nan,nan,11.0,0.0,12,nan
51.437331624825795,51.438848920863315,68.7,68.7,nan,5.899169792,nan,nan,12.0,0.0,12,nan
51.45400397380193,51.438848920863315,68.7,68.7,nan,5.899169792,nan,nan,12.0,0.0,12,nan
51.470674737294516,51.438848920863315,68.7,68.7,nan,5.899169792,nan,nan,12.0,0.0,12,nan
51.48734759489695,51.618705035971225,68.7,68.7,nan,5.899169792,nan,nan,12.0,0.0,12,nan
51.504019089539845,46.043165467625904,68.7,68.7,nan,5.899169792,nan,nan,11.0,0.0,12,nan
51.52069462537766,51.438848920863315,68.7,68.7,nan,5.899169792,nan,nan,12.0,0.0,12,nan
51.537367872397105,51.438848920863315,68.7,68.7,nan,5.899169792,nan,nan,12.0,0.0,12,nan
51.554043078422545,51.438848920863315,68.7,68.7,nan,5.899169792,nan,nan,12.0,0.0,12,nan
51.57071446180343,51.798561151079134,68.7,68.7,nan,5.899169792,nan,nan,12.0,0.0,12,nan
51.58738540410995,51.798561151079134,68.7,68.7,nan,5.899169792,nan,nan,12.0,0.0,12,nan
51.60405915975571,52.15827338129496,68.7,68.7,nan,5.899169792,nan,nan,12.0,0.0,12,nan
51.620731488863626,51.798561151079134,68.7,68.7,nan,5.899169792,nan,nan,12.0,0.0,12,nan
51.637404056390125,51.798561151079134,68.7,68.7,nan,5.899169792,nan,nan,12.0,0.0,12,nan
51.65407634973526,51.798561151079134,68.7,68.7,nan,5.899169792,nan,nan,12.0,0.0,12,nan
51.670748774210615,51.798561151079134,68.7,68.7,nan,5.899169792,nan,nan,12.0,0.0,12,nan
51.687420558929446,51.798561151079134,68.7,68.7,nan,5.899169792,nan,nan,12.0,0.0,12,nan
51.704092534383136,51.798561151079134,68.7,68.7,nan,5.899169792,nan,nan,12.0,0.0,12,nan
51.72076567808787,52.15827338129496,68.7,68.7,nan,5.899169792,nan,nan,12.0,0.0,12,nan
51.73743883371353,52.338129496402885,68.7,68.7,nan,5.899169792,nan,nan,12.0,0.0,12,nan
51.754110129674274,52.338129496402885,68.7,68.7,nan,5.899169792,nan,nan,12.0,0.0,12,nan
51.770783094565076,52.338129496402885,68.7,68.7,nan,5.899169792,nan,nan,12.0,0.0,12,nan
51.787459401289624,52.338129496402885,68.7,68.7,nan,5.899169792,nan,nan,12.0,0.0,12,nan
51.80413191318512,52.338129496402885,68.7,68.7,nan,5.899169792,nan,nan,12.0,0.0,12,nan
51.82080409924189,52.338129496402885,68.7,68.7,nan,5.899169792,nan,nan,12.0,0.0,12,nan
51.83747551441193,44.24460431654676,68.7,68.7,nan,5.899169792,nan,nan,10.0,0.0,12,nan
51.85414787133535,51.07913669064747,68.7,68.7,nan,5.899169792,nan,nan,12.0,0.0,12,nan
51.87081972360611,51.07913669064747,68.7,68.7,nan,5.899169792,nan,nan,12.0,0.0,12,nan
51.88749200105667,51.07913669064747,68.7,68.7,nan,5.899169792,nan,nan,12.0,0.0,12,nan
51.90416407585144,51.07913669064747,68.7,68.7,nan,5.899169792,nan,nan,12.0,0.0,12,nan
51.92083516915639,51.07913669064747,68.7,68.7,nan,5.899169792,nan,nan,12.0,0.0,12,nan
51.93751193284989,51.07913669064747,68.7,68.7,nan,5.899169792,nan,nan,12.0,0.0,12,nan
51.95418187379837,50.0,68.7,68.7,nan,5.899169792,nan,nan,12.0,0.0,12,nan
51.97085931301117,50.0,68.7,68.7,nan,5.899169792,nan,nan,12.0,0.0,12,nan
51.98753036657969,44.42446043165468,68.7,68.7,nan,5.899169792,nan,nan,11.0,0.0,12,nan
52.00420072476069,50.0,68.7,68.7,nan,5.899169792,nan,nan,12.0,0.0,12,nan
52.020879026254015,50.0,68.7,68.7,nan,5.899169792,nan,nan,12.0,0.0,12,nan
52.03755200703939,50.0,68.7,68.7,nan,5.899169792,nan,nan,12.0,0.0,12,nan
52.054225675264995,50.0,68.7,68.7,nan,5.899169792,nan,nan,12.0,0.0,12,nan
52.07089726527532,50.0,68.7,68.7,nan,5.899169792,nan,nan,12.0,0.0,12,nan
52.087568740049996,50.0,68.7,68.7,nan,5.899169792,nan,nan,12.0,0.0,12,nan
52.104244180520375,50.0,68.7,68.7,nan,5.899169792,nan,nan,12.0,0.0,12,nan
52.120916593074796,50.0,68.7,68.7,nan,5.899169792,nan,nan,12.0,0.0,12,nan
52.13758773008983,50.0,68.7,68.7,nan,5.899169792,nan,nan,12.0,0.0,12,nan
52.1542622367541,50.17985611510791,68.7,68.7,nan,5.899169792,nan,nan,12.0,0.0,12,nan
52.1709342122078,50.17985611510791,68.7,68.7,nan,5.899169792,nan,nan,12.0,0.0,12,nan
52.18760925134023,50.17985611510791,68.7,68.7,nan,5.899169792,nan,nan,12.0,0.0,12,nan
52.20427828629811,50.17985611510791,68.7,68.7,nan,5.899169792,nan,nan,12.0,0.0,12,nan
52.22094720204671,50.17985611510791,68.7,68.7,nan,5.899169792,nan,nan,12.0,0.0,12,nan
52.23762080669403,50.17985611510791,68.7,68.7,nan,5.899169792,nan,nan,12.0,0.0,12,nan
52.2542915503184,50.17985611510791,68.7,68.7,nan,5.899169792,nan,nan,12.0,0.0,12,nan
52.27096296151479,50.17985611510791,68.7,68.7,nan,5.899169792,nan,nan,12.0,0.0,12,nan
52.28763375679652,50.35971223021583,68.7,68.7,nan,5.899169792,nan,nan,12.0,0.0,12,nan
52.30430926879247,50.35971223021583,68.7,68.7,nan,5.899169792,nan,nan,12.0,0.0,12,nan
52.32098131577174,47.12230215827338,68.7,68.7,nan,5.899169792,nan,nan,11.0,0.0,12,nan
52.33765333890915,50.899280575539564,68.7,68.7,nan,5.899169792,nan,nan,12.0,0.0,12,nan
52.354324352741244,50.899280575539564,68.7,68.7,nan,5.899169792,nan,nan,12.0,0.0,12,nan
52.37099480231603,50.899280575539564,68.7,68.7,nan,5.899169792,nan,nan,12.0,0.0,12,nan
52.3876684029897,50.899280575539564,68.7,68.7,nan,5.899169792,nan,nan,12.0,0.0,12,nan
52.404339611530304,51.07913669064747,68.7,68.7,nan,5.899169792,nan,nan,12.0,0.0,12,nan
52.421013410886125,51.07913669064747,68.7,68.7,nan,5.899169792,nan,nan,12.0,0.0,12,nan
52.43768283526103,51.07913669064747,68.7,68.7,nan,5.899169792,nan,nan,12.0,0.0,12,nan
52.45435783068339,51.07913669064747,68.7,68.7,nan,5.899169792,nan,nan,12.0,0.0,12,nan
52.47102887630463,51.25899280575539,68.7,68.7,nan,5.899169792,nan,nan,12.0,0.0,12,nan
52.48770411014557,51.438848920863315,68.7,68.7,nan,5.899169792,nan,nan,12.0,0.0,12,nan
52.50437358617783,51.438848920863315,68.7,68.7,nan,5.899169792,nan,nan,12.0,0.0,12,nan
52.52104276418686,51.438848920863315,68.7,68.7,nan,5.899169792,nan,nan,12.0,0.0,12,nan
52.53771655956904,47.84172661870504,68.7,68.7,nan,5.899169792,nan,nan,11.0,0.0,12,nan
52.55438847939173,51.618705035971225,68.7,68.7,nan,5.899169792,nan,nan,12.0,0.0,12,nan
52.57105888525645,51.798561151079134,68.7,68.7,nan,5.899169792,nan,nan,12.0,0.0,12,nan
52.58773354291916,51.798561151079134,68.7,68.7,nan,5.899169792,nan,nan,12.0,0.0,12,nan
52.60440524816513,51.798561151079134,68.7,68.7,nan,5.899169792,nan,nan,12.0,0.0,12,nan
52.62107710440954,48.02158273381295,68.7,68.7,nan,5.899169792,nan,nan,11.0,0.0,12,nan
52.637747474511464,51.798561151079134,68.7,68.7,nan,5.899169792,nan,nan,12.0,0.0,12,nan
52.654418702920275,51.798561151079134,68.7,68.7,nan,5.899169792,nan,nan,12.0,0.0,12,nan
52.67109533548355,51.798561151079134,68.7,68.7,nan,5.899169792,nan,nan,12.0,0.0,12,nan
52.687768026192984,51.798561151079134,68.7,68.7,nan,5.899169792,nan,nan,12.0,0.0,12,nan
52.7044408639272,51.798561151079134,68.7,68.7,nan,5.899169792,nan,nan,12.0,0.0,12,nan
52.721116824944815,51.798561151079134,68.7,68.7,nan,5.899169792,nan,nan,12.0,0.0,12,nan
52.73778860171636,51.798561151079134,68.7,68.7,nan,5.899169792,nan,nan,12.0,0.0,12,nan
52.75446027517319,48.02158273381295,68.7,68.7,nan,5.899169792,nan,nan,11.0,0.0,12,nan
52.771136887868245,48.02158273381295,68.7,68.7,nan,5.899169792,nan,nan,11.0,0.0,12,nan
52.78780791759491,48.02158273381295,68.7,68.7,nan,5.899169792,nan,nan,11.0,0.0,12,nan
52.804479547341664,48.02158273381295,68.7,68.7,nan,5.911752704,nan,nan,11.0,0.0,12,nan
52.821149571736655,52.517985611510795,68.7,68.7,nan,5.913849856,nan,nan,12.0,0.0,12,nan
52.837827650705975,51.97841726618705,68.7,68.7,nan,5.913849856,nan,nan,12.0,0.0,12,nan
52.854501791795094,51.97841726618705,68.7,68.7,nan,5.913849856,nan,nan,12.0,0.0,12,nan
52.87117166519165,51.97841726618705,68.7,68.7,nan,5.913849856,nan,nan,12.0,0.0,12,nan
52.887841471036275,51.97841726618705,68.7,68.7,nan,5.913849856,nan,nan,12.0,0.0,12,nan
52.90451862414678,51.97841726618705,68.7,68.7,nan,5.913849856,nan,nan,12.0,0.0,12,nan
52.92119270165761,50.53956834532374,68.7,68.7,nan,5.913849856,nan,nan,12.0,0.0,12,nan
52.937864951292674,50.719424460431654,68.7,68.7,nan,5.913849856,nan,nan,12.0,0.0,12,nan
52.95453647375107,50.899280575539564,68.7,68.7,nan,5.913849856,nan,nan,12.0,0.0,12,nan
52.971210114161174,51.07913669064747,68.7,68.7,nan,5.913849856,nan,nan,12.0,0.0,12,nan
52.98788412412008,49.46043165467626,68.7,68.7,nan,5.913849856,nan,nan,11.0,1.0,12,nan
53.00455551147461,49.64028776978417,68.7,68.7,nan,5.913849856,nan,nan,12.0,0.0,12,nan
53.021227788925174,49.64028776978417,68.7,68.7,nan,5.913849856,nan,nan,12.0,0.0,12,nan
53.037901588280995,49.82014388489209,68.7,68.7,nan,5.913849856,nan,nan,12.0,0.0,12,nan
53.05457497040431,49.82014388489209,68.7,68.7,nan,5.913849856,nan,nan,12.0,0.0,12,nan
53.071248241265614,50.0,68.7,68.7,nan,5.913849856,nan,nan,12.0,0.0,12,nan
53.08792204459508,46.402877697841724,68.7,68.7,nan,5.913849856,nan,nan,11.0,0.0,12,nan
53.104598359266916,49.10071942446043,68.7,68.7,nan,5.913849856,nan,nan,12.0,0.0,12,nan
53.12127141157786,49.10071942446043,68.7,68.7,nan,5.913849856,nan,nan,12.0,0.0,12,nan
53.13794424533844,49.10071942446043,68.7,68.7,nan,5.913849856,nan,nan,12.0,0.0,12,nan
53.15461707909902,49.10071942446043,68.7,68.7,nan,5.913849856,nan,nan,12.0,0.0,12,nan
53.171287703514096,49.10071942446043,68.7,68.7,nan,5.913849856,nan,nan,12.0,0.0,12,nan
53.18795892794927,49.10071942446043,68.7,68.7,nan,5.913849856,nan,nan,12.0,0.0,12,nan
53.20463365316391,45.86330935251799,68.7,68.7,nan,5.913849856,nan,nan,11.0,0.0,12,nan
53.22130476236343,42.44604316546763,68.7,68.7,nan,5.953695744,nan,nan,10.0,0.0,12,nan
53.23798025051753,42.62589928057554,68.7,68.7,nan,5.978861568,nan,nan,10.0,0.0,12,nan
53.25465925137202,45.68345323741008,68.7,68.7,nan,5.978861568,nan,nan,11.0,0.0,12,nan
53.27132871945699,45.68345323741008,68.7,68.7,nan,5.98095872,nan,nan,11.0,0.0,12,nan
53.287998565038045,45.86330935251799,68.7,68.7,nan,5.983055872,nan,nan,11.0,0.0,12,nan
53.304669690132144,45.86330935251799,68.7,68.7,nan,5.985153024,nan,nan,11.0,0.0,12,nan
53.321340243021645,49.46043165467626,68.7,68.7,nan,5.985153024,nan,nan,12.0,0.0,12,nan
53.33801124095917,49.46043165467626,68.7,68.7,nan,5.985153024,nan,nan,12.0,0.0,12,nan
53.35468099514643,49.64028776978417,68.7,68.7,nan,5.985153024,nan,nan,12.0,0.0,12,nan
53.371354552110034,49.64028776978417,68.7,68.7,nan,5.985153024,nan,nan,12.0,0.0,12,nan
53.38802530765533,49.64028776978417,68.7,68.7,nan,5.985153024,nan,nan,12.0,0.0,12,nan
53.40469855070114,49.64028776978417,68.7,68.7,nan,5.985153024,nan,nan,12.0,0.0,12,nan
53.421371229489644,49.64028776978417,68.7,68.7,nan,5.985153024,nan,nan,12.0,0.0,12,nan
53.43804268836975,46.402877697841724,68.7,68.7,nan,5.985153024,nan,nan,11.0,0.0,12,nan
53.45471597115199,49.46043165467626,68.7,68.7,nan,5.985153024,nan,nan,12.0,0.0,12,nan
53.47138862609863,49.64028776978417,68.7,68.7,nan,5.985153024,nan,nan,12.0,0.0,12,nan
53.488060943285625,46.94244604316546,68.7,68.7,nan,5.985153024,nan,nan,11.0,0.0,12,nan
53.50473344723384,49.10071942446043,68.7,68.7,nan,5.985153024,nan,nan,12.0,0.0,12,nan
53.52140922546387,46.043165467625904,68.7,68.7,nan,5.985153024,nan,nan,11.0,0.0,12,nan
53.53808250427246,49.10071942446043,68.7,68.7,nan,5.985153024,nan,nan,12.0,0.0,12,nan
53.55475511153539,49.10071942446043,68.7,68.7,nan,5.985153024,nan,nan,12.0,0.0,12,nan
53.57142671346664,49.10071942446043,68.7,68.7,nan,5.985153024,nan,nan,12.0,0.0,12,nan
53.58809909820557,49.10071942446043,68.7,68.7,nan,5.985153024,nan,nan,12.0,0.0,12,nan
53.60477189620336,49.280575539568346,68.7,68.7,nan,5.985153024,nan,nan,12.0,0.0,12,nan
53.62144163449605,49.280575539568346,68.7,68.7,nan,5.985153024,nan,nan,12.0,0.0,12,nan
53.63811422189077,49.46043165467626,68.7,68.7,nan,5.985153024,nan,nan,12.0,0.0,12,nan
53.65478656291962,49.64028776978417,68.7,68.7,nan,5.985153024,nan,nan,12.0,0.0,12,nan
53.67145919799805,49.64028776978417,68.7,68.7,nan,5.985153024,nan,nan,12.0,0.0,12,nan
53.688131697972615,49.64028776978417,68.7,68.7,nan,5.985153024,nan,nan,12.0,0.0,12,nan
53.70480364163716,49.64028776978417,68.7,68.7,nan,5.985153024,nan,nan,12.0,0.0,12,nan
53.72147600650787,49.64028776978417,68.7,68.7,nan,5.985153024,nan,nan,12.0,0.0,12,nan
53.73814890384674,49.64028776978417,68.7,68.7,nan,5.985153024,nan,nan,12.0,0.0,12,nan
53.75482189257939,49.64028776978417,68.7,68.7,nan,5.985153024,nan,nan,12.0,0.0,12,nan
53.77149487733841,49.82014388489209,68.7,68.7,nan,5.985153024,nan,nan,12.0,0.0,12,nan
53.78816765546799,50.0,68.7,68.7,nan,5.985153024,nan,nan,12.0,0.0,12,nan
53.80484449068705,50.0,68.7,68.7,nan,5.985153024,nan,nan,12.0,0.0,12,nan
53.82152072985967,50.0,68.7,68.7,nan,5.985153024,nan,nan,12.0,0.0,12,nan
53.83819324572881,50.17985611510791,68.7,68.7,nan,5.985153024,nan,nan,12.0,0.0,12,nan
53.854865701993305,50.17985611510791,68.7,68.7,nan,5.985153024,nan,nan,12.0,0.0,12,nan
53.871538364887236,50.35971223021583,68.7,68.7,nan,5.985153024,nan,nan,12.0,0.0,12,nan
53.88821246226629,50.35971223021583,68.7,68.7,nan,5.985153024,nan,nan,12.0,0.0,12,nan
53.904886404673256,50.35971223021583,68.7,68.7,nan,5.985153024,nan,nan,12.0,0.0,12,nan
53.92155691385269,46.58273381294964,68.7,68.7,nan,5.985153024,nan,nan,11.0,0.0,12,nan
53.938229620456696,46.58273381294964,68.7,68.7,nan,5.985153024,nan,nan,11.0,0.0,12,nan
53.95490172306697,43.34532374100719,68.7,68.7,nan,5.987250176,nan,nan,10.0,0.0,12,nan
53.97157521645228,43.34532374100719,68.7,68.7,nan,5.987250176,nan,nan,10.0,0.0,12,nan
53.98824527661006,50.17985611510791,68.7,68.7,nan,5.987250176,nan,nan,12.0,0.0,12,nan
54.00492072105408,50.17985611510791,68.7,68.7,nan,5.987250176,nan,nan,12.0,0.0,12,nan
54.02159107526143,46.94244604316546,68.7,68.7,nan,5.987250176,nan,nan,11.0,0.0,12,nan
54.038265752792356,50.35971223021583,68.7,68.7,nan,5.987250176,nan,nan,12.0,0.0,12,nan
54.05494093497594,50.53956834532374,68.7,68.7,nan,5.987250176,nan,nan,12.0,0.0,12,nan
54.071614837646486,50.53956834532374,68.7,68.7,nan,5.987250176,nan,nan,12.0,0.0,12,nan
54.08828858137131,46.76258992805755,68.7,68.7,nan,5.987250176,nan,nan,11.0,0.0,12,nan
54.10496590137482,46.94244604316546,68.7,68.7,nan,5.987250176,nan,nan,11.0,0.0,12,nan
54.12164192199707,46.94244604316546,68.7,68.7,nan,5.987250176,nan,nan,11.0,0.0,12,nan
54.13831644058227,47.66187050359713,68.7,68.7,nan,5.987250176,nan,nan,11.0,0.0,12,nan
54.15499127705892,47.30215827338129,68.7,68.7,nan,5.987250176,nan,nan,11.0,0.0,12,nan
54.17166312535604,47.66187050359713,68.7,68.7,nan,5.987250176,nan,nan,11.0,0.0,12,nan
54.1883346915245,47.30215827338129,68.7,68.7,nan,5.987250176,nan,nan,11.0,0.0,12,nan
54.205008061726886,47.30215827338129,68.7,68.7,nan,5.987250176,nan,nan,11.0,0.0,12,nan
54.221677851676944,47.30215827338129,68.7,68.7,nan,5.987250176,nan,nan,11.0,0.0,12,nan
54.23835338354111,41.36690647482014,68.7,68.7,nan,5.987250176,nan,nan,10.0,0.0,12,nan
54.25502365430196,46.223021582733814,68.7,68.7,nan,5.987250176,nan,nan,11.0,0.0,12,nan
54.27169486284256,46.223021582733814,68.7,68.7,nan,5.987250176,nan,nan,11.0,0.0,12,nan
54.28836461305618,46.223021582733814,68.7,68.7,nan,5.987250176,nan,nan,11.0,0.0,12,nan
54.30503576993942,46.223021582733814,68.7,68.7,nan,5.989347328,nan,nan,11.0,0.0,12,nan
54.321710276603696,46.223021582733814,68.7,68.7,nan,5.989347328,nan,nan,11.0,0.0,12,nan
54.33838267326355,46.223021582733814,68.7,68.7,nan,5.989347328,nan,nan,11.0,0.0,12,nan
54.35505346854528,46.402877697841724,68.7,68.7,nan,5.989347328,nan,nan,11.0,0.0,12,nan
54.37172592878342,46.402877697841724,68.7,68.7,nan,5.989347328,nan,nan,11.0,0.0,12,nan
54.388398484388986,46.402877697841724,68.7,68.7,nan,5.989347328,nan,nan,11.0,0.0,12,nan
54.40507053136825,46.402877697841724,68.7,68.7,nan,5.989347328,nan,nan,11.0,0.0,12,nan
54.42174472411474,46.402877697841724,68.7,68.7,nan,5.989347328,nan,nan,11.0,0.0,12,nan
54.43841764529546,46.402877697841724,68.7,68.7,nan,5.989347328,nan,nan,11.0,0.0,12,nan
54.455094174544016,50.35971223021583,68.7,68.7,nan,5.989347328,nan,nan,12.0,0.0,12,nan
54.4717658718427,50.35971223021583,68.7,68.7,nan,5.989347328,nan,nan,12.0,0.0,12,nan
54.48843757311503,50.35971223021583,68.7,68.7,nan,5.989347328,nan,nan,12.0,0.0,12,nan
54.505108908812204,50.35971223021583,68.7,68.7,nan,5.989347328,nan,nan,12.0,0.0,12,nan
54.52178063790004,50.35971223021583,68.7,68.7,nan,5.989347328,nan,nan,12.0,0.0,12,nan
54.53845051129659,50.35971223021583,68.7,68.7,nan,5.989347328,nan,nan,12.0,0.0,12,nan
54.55512726306915,50.35971223021583,68.7,68.7,nan,5.989347328,nan,nan,12.0,0.0,12,nan
54.57180163860321,50.35971223021583,68.7,68.7,nan,5.989347328,nan,nan,12.0,0.0,12,nan
54.58848091761271,46.76258992805755,68.7,68.7,nan,5.989347328,nan,nan,11.0,0.0,12,nan
54.60515035390854,46.94244604316546,68.7,68.7,nan,5.989347328,nan,nan,11.0,0.0,12,nan
54.62182034651438,46.94244604316546,68.7,68.7,nan,5.989347328,nan,nan,11.0,0.0,12,nan
54.63849259614945,46.402877697841724,68.7,68.7,nan,5.989347328,nan,nan,11.0,0.0,12,nan
54.65516209204991,43.34532374100719,68.7,68.7,nan,5.989347328,nan,nan,10.0,0.0,12,nan
54.67183386087417,37.76978417266187,68.7,68.7,nan,5.993541632,nan,nan,9.0,0.0,12,nan
54.688504473368326,43.5251798561151,68.7,68.7,nan,5.993541632,nan,nan,10.0,0.0,12,nan
54.7051753838857,43.5251798561151,68.7,68.7,nan,5.993541632,nan,nan,10.0,0.0,12,nan
54.721850550174715,43.5251798561151,68.7,68.7,nan,6.010318848,nan,nan,10.0,0.0,12,nan
54.73852154811223,43.5251798561151,68.7,68.7,nan,6.027096064,nan,nan,10.0,0.0,12,nan
54.75519254207611,43.70503597122302,68.7,68.7,nan,6.029193216,nan,nan,10.0,0.0,12,nan
54.771862570444746,43.70503597122302,68.7,68.7,nan,6.029193216,nan,nan,10.0,0.0,12,nan
54.78853335777919,47.48201438848921,68.7,68.7,nan,6.029193216,nan,nan,11.0,0.0,12,nan
54.80520311196645,47.48201438848921,68.7,68.7,nan,4.898758656,nan,nan,11.0,0.0,11,nan
54.821876645088196,47.48201438848921,68.7,68.7,nan,4.898758656,nan,nan,11.0,0.0,11,nan
54.83854842185974,47.48201438848921,68.7,68.7,nan,4.898758656,nan,nan,11.0,0.0,11,nan
54.85522613128026,44.24460431654676,68.7,68.7,nan,4.898758656,nan,nan,10.0,0.0,11,nan
54.871898432572685,47.48201438848921,68.7,68.7,nan,4.898758656,nan,nan,11.0,0.0,11,nan
54.88856992721558,47.48201438848921,68.7,68.7,nan,4.898758656,nan,nan,11.0,0.0,11,nan
54.90524057547251,47.66187050359713,68.7,68.7,nan,4.898758656,nan,nan,11.0,0.0,11,nan
54.92191061576207,44.96402877697842,68.7,68.7,nan,4.898758656,nan,nan,10.0,0.0,11,nan
54.93858636220296,44.96402877697842,68.7,68.7,nan,4.900855808,nan,nan,10.0,0.0,11,nan
54.955261019865674,47.48201438848921,68.7,68.7,nan,4.90295296,nan,nan,11.0,0.0,11,nan
54.97193524837494,47.48201438848921,68.7,68.7,nan,4.90295296,nan,nan,11.0,0.0,11,nan
54.988613080978396,47.48201438848921,68.7,68.7,nan,4.90295296,nan,nan,11.0,0.0,11,nan
55.00528280337652,47.48201438848921,68.7,68.7,nan,4.90295296,nan,nan,11.0,0.0,11,nan
55.021952430407204,47.48201438848921,68.7,68.7,nan,4.90295296,nan,nan,11.0,0.0,11,nan
55.03862202167511,47.84172661870504,68.7,68.7,nan,4.90295296,nan,nan,11.0,0.0,11,nan
55.055293174584705,43.88489208633094,68.7,68.7,nan,4.90295296,nan,nan,10.0,0.0,11,nan
55.07196433941523,47.66187050359713,68.7,68.7,nan,4.90295296,nan,nan,11.0,0.0,11,nan
55.0886359055837,47.66187050359713,68.7,68.7,nan,4.90295296,nan,nan,11.0,0.0,11,nan
55.10530907313029,47.84172661870504,68.7,68.7,nan,4.90295296,nan,nan,11.0,0.0,11,nan
55.121980686982475,47.84172661870504,68.7,68.7,nan,4.90295296,nan,nan,11.0,0.0,11,nan
55.138654657204945,47.84172661870504,68.7,68.7,nan,4.90295296,nan,nan,11.0,0.0,11,nan
55.15532416502635,48.02158273381295,68.7,68.7,nan,4.90295296,nan,nan,11.0,0.0,11,nan
55.171997280915576,44.06474820143885,68.7,68.7,nan,4.90295296,nan,nan,10.0,0.0,11,nan
55.18867181539535,48.02158273381295,68.7,68.7,nan,4.90295296,nan,nan,11.0,0.0,11,nan
55.205342559019726,48.02158273381295,68.7,68.7,nan,4.90295296,nan,nan,11.0,0.0,11,nan
55.222012197971345,48.02158273381295,68.7,68.7,nan,4.90295296,nan,nan,11.0,0.0,11,nan
55.23868130048116,48.02158273381295,68.7,68.7,nan,4.90295296,nan,nan,11.0,0.0,11,nan
55.255353303750354,48.02158273381295,68.7,68.7,nan,4.90295296,nan,nan,11.0,0.0,11,nan
55.27202956279119,48.02158273381295,68.7,68.7,nan,4.90295296,nan,nan,11.0,0.0,11,nan
55.28869992494583,48.02158273381295,68.7,68.7,nan,4.90295296,nan,nan,11.0,0.0,11,nan
55.3053688844045,48.02158273381295,68.7,68.7,nan,4.90295296,nan,nan,11.0,0.0,11,nan
55.322044829527535,48.201438848920866,68.7,68.7,nan,4.90295296,nan,nan,11.0,0.0,11,nan
55.33871760765712,40.10791366906474,68.7,68.7,nan,4.90295296,nan,nan,10.0,0.0,11,nan
55.35539076725642,46.58273381294964,68.7,68.7,nan,4.90295296,nan,nan,11.0,0.0,11,nan
55.37206587791443,46.58273381294964,68.7,68.7,nan,4.90295296,nan,nan,11.0,0.0,11,nan
55.38873823881149,46.76258992805755,68.7,68.7,nan,4.90295296,nan,nan,11.0,0.0,11,nan
55.40541136264801,46.76258992805755,68.7,68.7,nan,4.90295296,nan,nan,11.0,0.0,11,nan
55.422082734107974,46.76258992805755,68.7,68.7,nan,4.90295296,nan,nan,11.0,0.0,11,nan
55.43875505924225,46.76258992805755,68.7,68.7,nan,4.90295296,nan,nan,11.0,0.0,11,nan
55.455427320798236,46.94244604316546,68.7,68.7,nan,4.90295296,nan,nan,11.0,0.0,11,nan
55.472099685668944,46.94244604316546,68.7,68.7,nan,4.90295296,nan,nan,11.0,0.0,11,nan
55.488775495688124,47.12230215827338,68.7,68.7,nan,4.90295296,nan,nan,11.0,0.0,11,nan
55.505446489651995,47.12230215827338,68.7,68.7,nan,4.90295296,nan,nan,11.0,0.0,11,nan
55.52211932738622,47.12230215827338,68.7,68.7,nan,4.90295296,nan,nan,11.0,0.0,11,nan
55.538797501722975,47.12230215827338,68.7,68.7,nan,4.90295296,nan,nan,11.0,0.0,11,nan
55.55547092358271,47.12230215827338,68.7,68.7,nan,4.90295296,nan,nan,11.0,0.0,11,nan
55.57214240233103,47.12230215827338,68.7,68.7,nan,4.90295296,nan,nan,11.0,0.0,11,nan
55.58881475130717,47.12230215827338,68.7,68.7,nan,4.90295296,nan,nan,11.0,0.0,11,nan
55.60548665523529,47.12230215827338,68.7,68.7,nan,4.90295296,nan,nan,11.0,0.0,11,nan
55.62216169039409,47.12230215827338,68.7,68.7,nan,4.90295296,nan,nan,11.0,0.0,11,nan
55.63883067766825,47.12230215827338,68.7,68.7,nan,4.90295296,nan,nan,11.0,0.0,11,nan
55.655502287546796,47.30215827338129,68.7,68.7,nan,4.90295296,nan,nan,11.0,0.0,11,nan
55.67217484712601,47.30215827338129,68.7,68.7,nan,4.90295296,nan,nan,11.0,0.0,11,nan
55.68884800275167,47.30215827338129,68.7,68.7,nan,4.90295296,nan,nan,11.0,0.0,11,nan
55.70551913181941,47.30215827338129,68.7,68.7,nan,4.90295296,nan,nan,11.0,0.0,11,nan
55.72219484647115,47.30215827338129,68.7,68.7,nan,4.90295296,nan,nan,11.0,0.0,11,nan
55.73886621395747,47.48201438848921,68.7,68.7,nan,4.90295296,nan,nan,11.0,0.0,11,nan
55.75554149150848,47.84172661870504,68.7,68.7,nan,4.90295296,nan,nan,11.0,0.0,11,nan
55.77221317688624,47.84172661870504,68.7,68.7,nan,4.90295296,nan,nan,11.0,0.0,11,nan
55.78888367811839,47.84172661870504,68.7,68.7,nan,4.90295296,nan,nan,11.0,0.0,11,nan
55.80555481910706,47.84172661870504,68.7,68.7,nan,4.90295296,nan,nan,11.0,0.0,11,nan
55.82222602764765,47.84172661870504,68.7,68.7,nan,4.90295296,nan,nan,11.0,0.0,11,nan
55.83889583349228,48.02158273381295,68.7,68.7,nan,4.90295296,nan,nan,11.0,0.0,11,nan
55.855567407608035,48.02158273381295,68.7,68.7,nan,4.90295296,nan,nan,11.0,0.0,11,nan
55.87224572499593,48.02158273381295,68.7,68.7,nan,4.90295296,nan,nan,11.0,0.0,11,nan
55.88892690738042,48.02158273381295,68.7,68.7,nan,4.90295296,nan,nan,11.0,0.0,11,nan
55.905598203341164,44.7841726618705,68.7,68.7,nan,4.90295296,nan,nan,10.0,0.0,11,nan
55.92226762374242,48.02158273381295,68.7,68.7,nan,4.90295296,nan,nan,11.0,0.0,11,nan
55.93894471724828,48.02158273381295,68.7,68.7,nan,4.90295296,nan,nan,11.0,0.0,11,nan
55.95561557610829,48.201438848920866,68.7,68.7,nan,4.90295296,nan,nan,11.0,0.0,11,nan
55.97228794892629,48.381294964028775,68.7,68.7,nan,4.90295296,nan,nan,11.0,0.0,11,nan
55.988958128293355,48.381294964028775,68.7,68.7,nan,4.90295296,nan,nan,11.0,0.0,11,nan
56.00563193162282,48.381294964028775,68.7,68.7,nan,4.90295296,nan,nan,11.0,0.0,11,nan
56.02230145136515,48.381294964028775,68.7,68.7,nan,4.90295296,nan,nan,11.0,0.0,11,nan
56.038974618911745,48.381294964028775,68.7,68.7,nan,4.90295296,nan,nan,11.0,0.0,11,nan
56.055643951892854,48.381294964028775,68.7,68.7,nan,4.90295296,nan,nan,11.0,0.0,11,nan
56.07231840689977,48.381294964028775,68.7,68.7,nan,4.90295296,nan,nan,11.0,0.0,11,nan
56.088987763722734,48.02158273381295,68.7,68.7,nan,4.90295296,nan,nan,11.0,0.0,11,nan
56.10566298564275,48.02158273381295,68.7,68.7,nan,4.90295296,nan,nan,11.0,0.0,11,nan
56.12233621279399,48.02158273381295,68.7,68.7,nan,4.90295296,nan,nan,11.0,0.0,11,nan
56.13900645573934,48.02158273381295,68.7,68.7,nan,4.90295296,nan,nan,11.0,0.0,11,nan
56.155676527818045,48.02158273381295,68.7,68.7,nan,4.90295296,nan,nan,11.0,0.0,11,nan
56.17234581708908,48.02158273381295,68.7,68.7,nan,4.90295296,nan,nan,11.0,0.0,11,nan
56.189015909036,43.88489208633094,68.7,68.7,nan,4.90295296,nan,nan,10.0,0.0,11,nan
56.2056885321935,47.84172661870504,68.7,68.7,nan,4.90295296,nan,nan,11.0,0.0,11,nan
56.222361624240875,47.84172661870504,68.7,68.7,nan,4.90295296,nan,nan,11.0,0.0,11,nan
56.23903435468674,47.84172661870504,68.7,68.7,nan,4.90295296,nan,nan,11.0,0.0,11,nan
56.255707597732545,44.96402877697842,68.7,68.7,nan,4.90295296,nan,nan,10.0,0.0,11,nan
56.27237879832585,46.402877697841724,68.7,68.7,nan,4.90295296,nan,nan,11.0,0.0,11,nan
56.28905476331711,46.402877697841724,68.7,68.7,nan,4.90295296,nan,nan,11.0,0.0,11,nan
56.30572527249654,46.402877697841724,68.7,68.7,nan,4.90295296,nan,nan,11.0,0.0,11,nan
56.32239521344503,43.5251798561151,68.7,68.7,nan,4.90295296,nan,nan,10.0,0.0,11,nan
56.33906707763672,43.88489208633094,68.7,68.7,nan,4.90295296,nan,nan,10.0,0.0,11,nan
56.35574407974879,46.402877697841724,68.7,68.7,nan,4.90295296,nan,nan,11.0,0.0,11,nan
56.372418443361916,46.402877697841724,68.7,68.7,nan,4.90295296,nan,nan,11.0,0.0,11,nan
56.389091312885284,46.402877697841724,68.7,68.7,nan,4.90295296,nan,nan,11.0,0.0,11,nan
56.40576456785202,42.805755395683455,68.7,68.7,nan,4.90295296,nan,nan,10.0,0.0,11,nan
56.42243464787801,46.402877697841724,68.7,68.7,nan,4.90295296,nan,nan,11.0,0.0,11,nan
56.43911190827688,43.5251798561151,68.7,68.7,nan,4.90295296,nan,nan,10.0,0.0,11,nan
56.4557860771815,46.402877697841724,68.7,68.7,nan,4.90295296,nan,nan,11.0,0.0,11,nan
56.47246100107829,46.58273381294964,68.7,68.7,nan,4.90295296,nan,nan,11.0,0.0,11,nan
56.48913286924362,46.58273381294964,68.7,68.7,nan,4.90295296,nan,nan,11.0,0.0,11,nan
56.50580403010051,46.58273381294964,68.7,68.7,nan,4.90295296,nan,nan,11.0,0.0,11,nan
56.52247723738353,46.58273381294964,68.7,68.7,nan,4.90295296,nan,nan,11.0,0.0,11,nan
56.539149431387585,46.76258992805755,68.7,68.7,nan,4.90295296,nan,nan,11.0,0.0,11,nan
56.55582080284754,46.76258992805755,68.7,68.7,nan,4.90295296,nan,nan,11.0,0.0,11,nan
56.57249273856481,46.94244604316546,68.7,68.7,nan,4.90295296,nan,nan,11.0,0.0,11,nan
56.58916581869126,47.48201438848921,68.7,68.7,nan,4.90295296,nan,nan,11.0,0.0,11,nan
56.605835783481595,47.48201438848921,68.7,68.7,nan,4.90295296,nan,nan,11.0,0.0,11,nan
56.62250833908717,47.66187050359713,68.7,68.7,nan,4.90295296,nan,nan,11.0,0.0,11,nan
56.63917902310689,47.66187050359713,68.7,68.7,nan,4.90295296,nan,nan,11.0,0.0,11,nan
56.65584886868795,43.5251798561151,68.7,68.7,nan,4.90295296,nan,nan,10.0,0.0,11,nan
56.67251909573873,47.66187050359713,68.7,68.7,nan,4.90295296,nan,nan,11.0,0.0,11,nan
56.68918809096019,47.84172661870504,68.7,68.7,nan,4.90295296,nan,nan,11.0,0.0,11,nan
56.70586233933766,47.84172661870504,68.7,68.7,nan,4.90295296,nan,nan,11.0,0.0,11,nan
56.72253299554189,47.84172661870504,68.7,68.7,nan,4.90295296,nan,nan,11.0,0.0,11,nan
56.73920263449351,47.84172661870504,68.7,68.7,nan,4.90295296,nan,nan,11.0,0.0,11,nan
56.755872122446696,47.84172661870504,68.7,68.7,nan,4.90295296,nan,nan,11.0,0.0,11,nan
56.7725454211235,47.84172661870504,68.7,68.7,nan,4.90295296,nan,nan,11.0,0.0,11,nan
56.789218946297964,48.02158273381295,68.7,68.7,nan,4.90295296,nan,nan,11.0,0.0,11,nan
56.80589450995127,48.02158273381295,68.7,68.7,nan,4.90295296,nan,nan,11.0,0.0,11,nan
56.82256451845169,48.02158273381295,68.7,68.7,nan,4.90295296,nan,nan,11.0,0.0,11,nan
56.83924564520518,48.02158273381295,68.7,68.7,nan,4.90295296,nan,nan,11.0,0.0,11,nan
56.85591665903727,48.02158273381295,68.7,68.7,nan,4.90295296,nan,nan,11.0,0.0,11,nan
56.87259057362874,48.02158273381295,68.7,68.7,nan,4.90295296,nan,nan,11.0,0.0,11,nan
56.8892609834671,48.02158273381295,68.7,68.7,nan,4.90295296,nan,nan,11.0,0.0,11,nan
56.905931595961256,43.88489208633094,68.7,68.7,nan,4.90295296,nan,nan,10.0,0.0,11,nan
56.92260461648305,48.02158273381295,68.7,68.7,nan,4.90295296,nan,nan,11.0,0.0,11,nan
56.939277438322705,48.02158273381295,68.7,68.7,nan,4.90295296,nan,nan,11.0,0.0,11,nan
56.9559489607811,48.02158273381295,68.7,68.7,nan,4.90295296,nan,nan,11.0,0.0,11,nan
56.97261997461319,48.561151079136685,68.7,68.7,nan,4.90295296,nan,nan,11.0,0.0,11,nan
56.98929011821747,48.02158273381295,68.7,68.7,nan,4.90295296,nan,nan,11.0,0.0,11,nan
57.00596414804458,48.02158273381295,68.7,68.7,nan,4.90295296,nan,nan,11.0,0.0,11,nan
57.0226331114769,48.02158273381295,68.7,68.7,nan,4.90295296,nan,nan,11.0,0.0,11,nan
57.03930311600367,48.02158273381295,68.7,68.7,nan,4.90295296,nan,nan,11.0,0.0,11,nan
57.055976792176565,48.02158273381295,68.7,68.7,nan,4.90295296,nan,nan,11.0,0.0,11,nan
57.072649017969766,48.7410071942446,68.7,68.7,nan,4.90295296,nan,nan,11.0,0.0,11,nan
57.08932679494222,48.381294964028775,68.7,68.7,nan,4.90295296,nan,nan,11.0,0.0,11,nan
57.10600410699844,48.381294964028775,68.7,68.7,nan,4.90295296,nan,nan,11.0,0.0,11,nan
57.122675983111066,48.381294964028775,68.7,68.7,nan,4.90295296,nan,nan,11.0,0.0,11,nan
57.1393495241801,48.381294964028775,68.7,68.7,nan,4.90295296,nan,nan,11.0,0.0,11,nan
57.15602148373922,48.381294964028775,68.7,68.7,nan,4.90295296,nan,nan,11.0,0.0,11,nan
57.17269581953685,48.381294964028775,68.7,68.7,nan,4.90295296,nan,nan,11.0,0.0,11,nan
57.1893668293953,48.381294964028775,68.7,68.7,nan,4.90295296,nan,nan,11.0,0.0,11,nan
57.20604109764099,48.381294964028775,68.7,68.7,nan,4.90295296,nan,nan,11.0,0.0,11,nan
57.22271170218786,45.68345323741008,68.7,68.7,nan,4.90295296,nan,nan,10.0,0.0,11,nan
57.239384325345355,45.68345323741008,68.7,68.7,nan,4.911341568,nan,nan,10.0,0.0,11,nan
57.25605850219726,48.02158273381295,68.7,68.7,nan,4.911341568,nan,nan,11.0,0.0,11,nan
57.272729929288225,48.02158273381295,68.7,68.7,nan,4.911341568,nan,nan,11.0,0.0,11,nan
57.28941019773483,44.06474820143885,68.7,68.7,nan,4.911341568,nan,nan,10.0,0.0,11,nan
57.306084934870405,44.06474820143885,68.7,68.7,nan,4.911341568,nan,nan,9.0,0.0,11,nan
57.32276358604431,41.72661870503597,68.7,68.7,nan,4.928118784,nan,nan,9.0,0.0,11,nan
57.33943456013997,41.72661870503597,68.7,68.7,nan,4.936507392,nan,nan,9.0,0.0,11,nan
57.35610464811325,44.24460431654676,68.7,68.7,nan,4.936507392,nan,nan,10.0,0.0,11,nan
57.37277422348658,44.42446043165468,68.7,68.7,nan,4.936507392,nan,nan,10.0,0.0,11,nan
57.38944650093715,48.7410071942446,68.7,68.7,nan,4.936507392,nan,nan,11.0,0.0,11,nan
57.40611912806829,46.58273381294964,68.7,68.7,nan,4.936507392,nan,nan,10.0,0.0,11,nan
57.422791143258415,46.58273381294964,68.7,68.7,nan,4.938604544,nan,nan,10.0,0.0,11,nan
57.43946151336034,46.58273381294964,68.7,68.7,nan,4.938604544,nan,nan,10.0,0.0,11,nan
57.45613404512405,46.58273381294964,68.7,68.7,nan,4.940701696,nan,nan,10.0,0.0,11,nan
57.47281030019124,46.58273381294964,68.7,68.7,nan,4.940701696,nan,nan,10.0,0.0,11,nan
57.489483046531674,46.94244604316546,68.7,68.7,nan,4.942798848,nan,nan,10.0,0.0,11,nan
57.5061539610227,46.94244604316546,68.7,68.7,nan,4.944896,nan,nan,10.0,0.0,11,nan
57.522827835877735,46.94244604316546,68.7,68.7,nan,4.946993152,nan,nan,10.0,0.0,11,nan
57.53950310945511,46.94244604316546,68.7,68.7,nan,4.949090304,nan,nan,10.0,0.0,11,nan
57.556177445252736,46.94244604316546,68.7,68.7,nan,4.961673216,nan,nan,10.0,0.0,11,nan
57.57284832398097,46.94244604316546,68.7,68.7,nan,4.961673216,nan,nan,10.0,0.0,11,nan
57.58951952060064,47.12230215827338,68.7,68.7,nan,4.961673216,nan,nan,10.0,0.0,11,nan
57.60619497299194,47.12230215827338,68.7,68.7,nan,4.963770368,nan,nan,10.0,0.0,11,nan
57.62286525567372,49.46043165467626,68.7,68.7,nan,4.963770368,nan,nan,11.0,0.0,11,nan
57.63954404989878,49.46043165467626,68.7,68.7,nan,4.963770368,nan,nan,11.0,0.0,11,nan
57.65621769825618,49.46043165467626,68.7,68.7,nan,4.963770368,nan,nan,11.0,0.0,11,nan
57.672890758514406,49.46043165467626,68.7,68.7,nan,4.963770368,nan,nan,11.0,0.0,11,nan
57.68956360022227,49.46043165467626,68.7,68.7,nan,4.963770368,nan,nan,11.0,0.0,11,nan
57.70623493591945,43.5251798561151,68.7,68.7,nan,4.96586752,nan,nan,9.0,0.0,11,nan
57.7229088306427,49.46043165467626,68.7,68.7,nan,4.96586752,nan,nan,11.0,0.0,11,nan
57.73957906564077,49.46043165467626,68.7,68.7,nan,4.96586752,nan,nan,11.0,0.0,11,nan
57.756250556310015,49.46043165467626,68.7,68.7,nan,4.96586752,nan,nan,11.0,0.0,11,nan
57.77291992108027,49.46043165467626,68.7,68.7,nan,4.96586752,nan,nan,11.0,0.0,11,nan
57.789594145615894,49.46043165467626,68.7,68.7,nan,4.96586752,nan,nan,11.0,0.0,11,nan
57.80626607338588,49.46043165467626,68.7,68.7,nan,4.96586752,nan,nan,11.0,0.0,11,nan
57.82293732961019,49.46043165467626,68.7,68.7,nan,4.96586752,nan,nan,11.0,0.0,11,nan
57.839608959356944,49.46043165467626,68.7,68.7,nan,4.96586752,nan,nan,11.0,0.0,11,nan
57.85628080368042,46.043165467625904,68.7,68.7,nan,4.96586752,nan,nan,10.0,0.0,11,nan
57.87295199632645,49.46043165467626,68.7,68.7,nan,4.96586752,nan,nan,11.0,0.0,11,nan
57.889630273977914,49.46043165467626,68.7,68.7,nan,4.96586752,nan,nan,11.0,0.0,11,nan
57.90630210240682,49.64028776978417,68.7,68.7,nan,4.96586752,nan,nan,11.0,0.0,11,nan
57.922975941499075,49.64028776978417,68.7,68.7,nan,4.96586752,nan,nan,11.0,0.0,11,nan
57.93964843352636,49.64028776978417,68.7,68.7,nan,4.96586752,nan,nan,11.0,0.0,11,nan
57.95631815195084,49.64028776978417,68.7,68.7,nan,4.96586752,nan,nan,11.0,0.0,11,nan
57.972993075847626,49.64028776978417,68.7,68.7,nan,4.96586752,nan,nan,11.0,0.0,11,nan
57.98966487248739,49.64028776978417,68.7,68.7,nan,4.96586752,nan,nan,11.0,0.0,11,nan
58.00633792479833,49.64028776978417,68.7,68.7,nan,4.96586752,nan,nan,11.0,0.0,11,nan
58.023009876410164,49.64028776978417,68.7,68.7,nan,4.96586752,nan,nan,11.0,0.0,11,nan
58.039681422710416,49.64028776978417,68.7,68.7,nan,4.96586752,nan,nan,11.0,0.0,11,nan
58.05635081926982,49.64028776978417,68.7,68.7,nan,4.96586752,nan,nan,11.0,0.0,11,nan
58.07302766640981,49.64028776978417,68.7,68.7,nan,4.96586752,nan,nan,11.0,0.0,11,nan
58.089698759714764,49.64028776978417,68.7,68.7,nan,4.96586752,nan,nan,11.0,0.0,11,nan
58.10637027025223,49.82014388489209,68.7,68.7,nan,4.96586752,nan,nan,11.0,0.0,11,nan
58.12304171721141,50.0,68.7,68.7,nan,4.96586752,nan,nan,11.0,0.0,11,nan
58.13971453507741,50.0,68.7,68.7,nan,4.96586752,nan,nan,11.0,0.0,11,nan
58.156384873390195,50.0,68.7,68.7,nan,4.96586752,nan,nan,11.0,0.0,11,nan
58.17305482228597,50.17985611510791,68.7,68.7,nan,4.96586752,nan,nan,11.0,0.0,11,nan
58.18972735007604,50.17985611510791,68.7,68.7,nan,4.96586752,nan,nan,11.0,0.0,11,nan
58.20640279054642,50.53956834532374,68.7,68.7,nan,4.96586752,nan,nan,11.0,0.0,11,nan
58.22308052778244,50.719424460431654,68.7,68.7,nan,4.96586752,nan,nan,11.0,0.0,11,nan
58.23975839614868,50.719424460431654,68.7,68.7,nan,4.96586752,nan,nan,11.0,0.0,11,nan
58.256431913375856,50.719424460431654,68.7,68.7,nan,4.96586752,nan,nan,11.0,0.0,11,nan
58.27310423056284,49.64028776978417,68.7,68.7,nan,4.96586752,nan,nan,11.0,0.0,11,nan
58.289779770374295,49.64028776978417,68.7,68.7,nan,4.96586752,nan,nan,11.0,0.0,11,nan
58.30645210345586,50.0,68.7,68.7,nan,4.96586752,nan,nan,11.0,0.0,11,nan
58.323125406106314,50.0,68.7,68.7,nan,4.96586752,nan,nan,11.0,0.0,11,nan
58.33979790608088,50.0,68.7,68.7,nan,4.96586752,nan,nan,11.0,0.0,11,nan
58.3564666112264,50.0,68.7,68.7,nan,4.96586752,nan,nan,11.0,0.0,11,nan
58.373146986961366,50.0,68.7,68.7,nan,4.96586752,nan,nan,11.0,0.0,11,nan
58.38982206980388,50.0,68.7,68.7,nan,4.96586752,nan,nan,11.0,0.0,11,nan
58.40649397770564,50.17985611510791,68.7,68.7,nan,4.96586752,nan,nan,11.0,0.0,11,nan
58.42316314776738,50.17985611510791,68.7,68.7,nan,4.96586752,nan,nan,11.0,0.0,11,nan
58.43983483314514,50.0,68.7,68.7,nan,4.96586752,nan,nan,11.0,0.0,11,nan
58.45651036500931,49.82014388489209,68.7,68.7,nan,4.96586752,nan,nan,11.0,0.0,11,nan
58.473182904720304,49.82014388489209,68.7,68.7,nan,4.96586752,nan,nan,11.0,0.0,11,nan
58.48985348939895,50.0,68.7,68.7,nan,4.96586752,nan,nan,11.0,0.0,11,nan
58.50652812321981,46.58273381294964,68.7,68.7,nan,4.96586752,nan,nan,10.0,0.0,11,nan
58.52319782972336,50.17985611510791,68.7,68.7,nan,4.96586752,nan,nan,11.0,0.0,11,nan
58.53988058964411,50.17985611510791,68.7,68.7,nan,4.96586752,nan,nan,11.0,0.0,11,nan
58.55654947360357,50.17985611510791,68.7,68.7,nan,4.96586752,nan,nan,11.0,0.0,11,nan
58.57321900924047,50.17985611510791,68.7,68.7,nan,4.96586752,nan,nan,11.0,0.0,11,nan
58.58988866408666,50.17985611510791,68.7,68.7,nan,4.96586752,nan,nan,11.0,0.0,11,nan
58.606565833091736,50.35971223021583,68.7,68.7,nan,4.96586752,nan,nan,11.0,0.0,11,nan
58.62324624061584,50.35971223021583,68.7,68.7,nan,4.96586752,nan,nan,11.0,0.0,11,nan
58.63992082675298,50.35971223021583,68.7,68.7,nan,4.96586752,nan,nan,11.0,0.0,11,nan
58.65659057299296,50.35971223021583,68.7,68.7,nan,4.96586752,nan,nan,11.0,0.0,11,nan
58.67326171795527,50.35971223021583,68.7,68.7,nan,4.96586752,nan,nan,11.0,0.0,11,nan
58.689933276176454,50.35971223021583,68.7,68.7,nan,4.96586752,nan,nan,11.0,0.0,11,nan
58.70661136309306,50.35971223021583,68.7,68.7,nan,4.96586752,nan,nan,11.0,0.0,11,nan
58.723282023270926,50.53956834532374,68.7,68.7,nan,4.96586752,nan,nan,11.0,0.0,11,nan
58.73995320002238,50.53956834532374,68.7,68.7,nan,4.96586752,nan,nan,11.0,0.0,11,nan
58.75662658214569,50.53956834532374,68.7,68.7,nan,4.96586752,nan,nan,11.0,0.0,11,nan
58.773296976089476,50.53956834532374,68.7,68.7,nan,4.96586752,nan,nan,11.0,0.0,11,nan
58.78997035821279,50.53956834532374,68.7,68.7,nan,4.96586752,nan,nan,11.0,0.0,11,nan
58.806639925638834,50.53956834532374,68.7,68.7,nan,4.96586752,nan,nan,11.0,0.0,11,nan
58.823312640190125,50.53956834532374,68.7,68.7,nan,4.96586752,nan,nan,11.0,0.0,11,nan
58.839986419677736,50.53956834532374,68.7,68.7,nan,4.96586752,nan,nan,11.0,0.0,11,nan
58.85665939648946,50.53956834532374,68.7,68.7,nan,4.96586752,nan,nan,11.0,0.0,11,nan
58.87333247264226,50.53956834532374,68.7,68.7,nan,4.96586752,nan,nan,11.0,0.0,11,nan
58.89000549316406,50.53956834532374,68.7,68.7,nan,4.96586752,nan,nan,11.0,0.0,11,nan
58.90667565663656,50.53956834532374,68.7,68.7,nan,4.96586752,nan,nan,11.0,0.0,11,nan
58.92334856192271,50.719424460431654,68.7,68.7,nan,4.96586752,nan,nan,11.0,0.0,11,nan
58.940020064512886,50.719424460431654,68.7,68.7,nan,4.96586752,nan,nan,11.0,0.0,11,nan
58.95669714212418,50.719424460431654,68.7,68.7,nan,4.96586752,nan,nan,11.0,0.0,11,nan
58.97336611747742,46.402877697841724,68.7,68.7,nan,4.96586752,nan,nan,10.0,0.0,11,nan
58.99004286527634,48.7410071942446,68.7,68.7,nan,4.96586752,nan,nan,10.0,0.0,11,nan
59.00671413739522,50.719424460431654,68.7,68.7,nan,4.96586752,nan,nan,11.0,0.0,11,nan
59.02338647842407,50.899280575539564,68.7,68.7,nan,4.96586752,nan,nan,11.0,0.0,11,nan
59.0400615533193,51.07913669064747,68.7,68.7,nan,4.96586752,nan,nan,11.0,0.0,11,nan
59.05673583745956,51.07913669064747,68.7,68.7,nan,4.96586752,nan,nan,11.0,0.0,11,nan
59.07340756257375,51.07913669064747,68.7,68.7,nan,4.96586752,nan,nan,11.0,0.0,11,nan
59.09007723331452,51.07913669064747,68.7,68.7,nan,4.96586752,nan,nan,11.0,0.0,11,nan
59.10674842596054,51.25899280575539,68.7,68.7,nan,4.96586752,nan,nan,11.0,0.0,11,nan
59.12342154184977,51.25899280575539,68.7,68.7,nan,4.96586752,nan,nan,11.0,0.0,11,nan
59.14009411334992,48.92086330935251,68.7,68.7,nan,4.96586752,nan,nan,10.0,0.0,11,nan
59.15676794846853,48.92086330935251,68.7,68.7,nan,4.967968768,nan,nan,10.0,0.0,11,nan
59.17343824307124,51.438848920863315,68.7,68.7,nan,4.967968768,nan,nan,11.0,0.0,11,nan
59.19011070330938,51.438848920863315,68.7,68.7,nan,4.967968768,nan,nan,11.0,0.0,11,nan
59.206784109274544,46.94244604316546,68.7,68.7,nan,4.967968768,nan,nan,10.0,0.0,11,nan
59.22346065839132,46.94244604316546,68.7,68.7,nan,4.97006592,nan,nan,10.0,0.0,11,nan
59.24013080994288,47.12230215827338,68.7,68.7,nan,4.976357376,nan,nan,10.0,0.0,11,nan
59.25680501858393,47.12230215827338,68.7,68.7,nan,4.978454528,nan,nan,10.0,0.0,11,nan
59.27347980340322,47.12230215827338,68.7,68.7,nan,4.978454528,nan,nan,10.0,0.0,11,nan
59.29015270471573,47.30215827338129,68.7,68.7,nan,4.978454528,nan,nan,10.0,0.0,11,nan
59.306827477614085,47.30215827338129,68.7,68.7,nan,4.978454528,nan,nan,10.0,0.0,11,nan
59.323502969741824,47.30215827338129,68.7,68.7,nan,4.978454528,nan,nan,10.0,0.0,11,nan
59.34017810821533,47.30215827338129,68.7,68.7,nan,4.500492288,nan,nan,10.0,0.0,10,nan
59.35685125192006,47.30215827338129,68.7,68.7,nan,4.500492288,nan,nan,10.0,0.0,10,nan
59.37352637052536,47.30215827338129,68.7,68.7,nan,4.500492288,nan,nan,10.0,0.0,10,nan
59.39019773403803,47.30215827338129,68.7,68.7,nan,4.500492288,nan,nan,10.0,0.0,10,nan
59.40686962207158,47.48201438848921,68.7,68.7,nan,4.500492288,nan,nan,10.0,0.0,10,nan
59.42354479233424,47.48201438848921,68.7,68.7,nan,4.500492288,nan,nan,10.0,0.0,10,nan
59.44021445910136,47.66187050359713,68.7,68.7,nan,4.500492288,nan,nan,10.0,0.0,10,nan
59.456887729962666,47.66187050359713,68.7,68.7,nan,4.500492288,nan,nan,10.0,0.0,10,nan
59.47355830669403,47.66187050359713,68.7,68.7,nan,4.500492288,nan,nan,10.0,0.0,10,nan
59.49023009141286,47.66187050359713,68.7,68.7,nan,4.500492288,nan,nan,10.0,0.0,10,nan
59.50689882040024,43.88489208633094,68.7,68.7,nan,4.500492288,nan,nan,9.0,0.0,10,nan
59.523571066061656,47.66187050359713,68.7,68.7,nan,4.500492288,nan,nan,10.0,0.0,10,nan
59.54024261236191,47.66187050359713,68.7,68.7,nan,4.500492288,nan,nan,10.0,0.0,10,nan
59.556911710898085,47.66187050359713,68.7,68.7,nan,4.500492288,nan,nan,10.0,0.0,10,nan
59.57358272473017,47.66187050359713,68.7,68.7,nan,4.500492288,nan,nan,10.0,0.0,10,nan
59.590252157052355,47.66187050359713,68.7,68.7,nan,4.500492288,nan,nan,10.0,0.0,10,nan
59.606925229231514,47.66187050359713,68.7,68.7,nan,4.500492288,nan,nan,10.0,0.0,10,nan
59.623598484198254,47.66187050359713,68.7,68.7,nan,4.500492288,nan,nan,10.0,0.0,10,nan
59.640274262428285,47.84172661870504,68.7,68.7,nan,4.500492288,nan,nan,10.0,0.0,10,nan
59.65694762865702,47.84172661870504,68.7,68.7,nan,4.500492288,nan,nan,10.0,0.0,10,nan
59.67362620830536,44.06474820143885,68.7,68.7,nan,4.500492288,nan,nan,9.0,0.0,10,nan
59.69030360380808,46.76258992805755,68.7,68.7,nan,4.500492288,nan,nan,10.0,0.0,10,nan
59.70698163906733,46.76258992805755,68.7,68.7,nan,4.500492288,nan,nan,10.0,0.0,10,nan
59.723651401201884,46.94244604316546,68.7,68.7,nan,4.500492288,nan,nan,10.0,0.0,10,nan
59.740321000417076,46.94244604316546,68.7,68.7,nan,4.500492288,nan,nan,10.0,0.0,10,nan
59.75699405670166,46.94244604316546,68.7,68.7,nan,4.500492288,nan,nan,10.0,0.0,10,nan
59.77366470893224,46.94244604316546,68.7,68.7,nan,4.500492288,nan,nan,10.0,0.0,10,nan
59.790333875020345,47.12230215827338,68.7,68.7,nan,4.500492288,nan,nan,10.0,0.0,10,nan
59.80700313647588,47.12230215827338,68.7,68.7,nan,4.500492288,nan,nan,10.0,0.0,10,nan
59.823677599430084,47.12230215827338,68.7,68.7,nan,4.500492288,nan,nan,10.0,0.0,10,nan
59.84035035769145,47.30215827338129,68.7,68.7,nan,4.500492288,nan,nan,10.0,0.0,10,nan
59.857029954592385,47.30215827338129,68.7,68.7,nan,4.500492288,nan,nan,10.0,0.0,10,nan
59.873704918225606,47.30215827338129,68.7,68.7,nan,4.500492288,nan,nan,10.0,0.0,10,nan
59.89037976662318,47.84172661870504,68.7,68.7,nan,4.500492288,nan,nan,10.0,0.0,10,nan
59.907061858971915,47.30215827338129,68.7,68.7,nan,4.500492288,nan,nan,10.0,0.0,10,nan
59.92373771667481,47.66187050359713,68.7,68.7,nan,4.500492288,nan,nan,10.0,0.0,10,nan
59.94040824174881,41.36690647482014,68.7,68.7,nan,4.500492288,nan,nan,9.0,0.0,10,nan
59.957082056999205,46.94244604316546,68.7,68.7,nan,4.500492288,nan,nan,10.0,0.0,10,nan
59.97376210689545,46.94244604316546,68.7,68.7,nan,4.500492288,nan,nan,10.0,0.0,10,nan
59.990436073144274,46.94244604316546,68.7,68.7,nan,4.500492288,nan,nan,10.0,0.0,10,nan
60.007112844785055,43.16546762589928,68.7,68.7,nan,4.500492288,nan,nan,9.0,0.0,10,nan
60.02378665606181,46.94244604316546,68.7,68.7,nan,4.506783744,nan,nan,10.0,0.0,10,nan
60.04046238263448,47.12230215827338,68.7,68.7,nan,4.506783744,nan,nan,10.0,0.0,10,nan
60.05713753302892,47.12230215827338,68.7,68.7,nan,4.506783744,nan,nan,10.0,0.0,10,nan
60.07381299336751,47.12230215827338,68.7,68.7,nan,4.506783744,nan,nan,10.0,0.0,10,nan
60.09048271576564,47.12230215827338,68.7,68.7,nan,4.506783744,nan,nan,10.0,0.0,10,nan
60.10715325276057,47.12230215827338,68.7,68.7,nan,4.506783744,nan,nan,10.0,0.0,10,nan
60.1238267660141,43.34532374100719,68.7,68.7,nan,4.53404672,nan,nan,9.0,0.0,10,nan
60.14050013224284,43.34532374100719,68.7,68.7,nan,4.573892608,nan,nan,9.0,0.0,10,nan
60.157170895735426,43.34532374100719,68.7,68.7,nan,4.580184064,nan,nan,9.0,0.0,10,nan
60.17384268045426,43.34532374100719,68.7,68.7,nan,4.580184064,nan,nan,8.0,0.0,10,nan
60.19051468372345,43.34532374100719,68.7,68.7,nan,4.580184064,nan,nan,9.0,0.0,10,nan
60.20718442996343,43.5251798561151,68.7,68.7,nan,4.580184064,nan,nan,9.0,0.0,10,nan
60.22385762532552,47.48201438848921,68.7,68.7,nan,4.582281216,nan,nan,10.0,0.0,10,nan
60.240531118710834,47.48201438848921,68.7,68.7,nan,4.582281216,nan,nan,10.0,0.0,10,nan
60.25720399618149,47.48201438848921,68.7,68.7,nan,4.582281216,nan,nan,10.0,0.0,10,nan
60.27387868563334,47.48201438848921,68.7,68.7,nan,4.582281216,nan,nan,10.0,0.0,10,nan
60.29055123329162,47.48201438848921,68.7,68.7,nan,4.582281216,nan,nan,10.0,0.0,10,nan
60.3072248061498,43.70503597122302,68.7,68.7,nan,4.582281216,nan,nan,9.0,0.0,10,nan
60.32389544248581,47.66187050359713,68.7,68.7,nan,4.582281216,nan,nan,10.0,0.0,10,nan
60.34056811730067,41.36690647482014,68.7,68.7,nan,4.582281216,nan,nan,9.0,0.0,10,nan
60.35724591811498,41.36690647482014,68.7,68.7,nan,4.58647552,nan,nan,9.0,0.0,10,nan
60.37392143805822,41.36690647482014,68.7,68.7,nan,4.588572672,nan,nan,9.0,0.0,10,nan
60.39059633811315,41.36690647482014,68.7,68.7,nan,4.59276288,nan,nan,9.0,0.0,10,nan
60.40726803541183,41.36690647482014,68.7,68.7,nan,4.649385984,nan,nan,9.0,0.0,10,nan
60.42394663890203,41.36690647482014,68.7,68.7,nan,4.733272064,nan,nan,9.0,0.0,10,nan
60.44061723947525,41.36690647482014,68.7,68.7,nan,4.733272064,nan,nan,9.0,0.0,10,nan
60.45728760560353,41.36690647482014,68.7,68.7,nan,4.733272064,nan,nan,9.0,0.0,10,nan
60.47396225134532,37.410071942446045,68.7,68.7,nan,4.122968064,nan,nan,8.0,0.0,9,nan
60.49063410361608,41.36690647482014,68.7,68.7,nan,4.122968064,nan,nan,9.0,0.0,9,nan
60.507311654090884,41.36690647482014,68.7,68.7,nan,4.122968064,nan,nan,9.0,0.0,9,nan
60.52398458719254,41.54676258992806,68.7,68.7,nan,4.122968064,nan,nan,9.0,0.0,9,nan
60.54066013892491,37.589928057553955,68.7,68.7,nan,4.122968064,nan,nan,8.0,0.0,9,nan
60.557333056132,37.589928057553955,68.7,68.7,nan,4.13974528,nan,nan,8.0,0.0,9,nan
60.57400973637899,37.76978417266187,68.7,68.7,nan,4.294934528,nan,nan,8.0,0.0,9,nan
60.590682629744215,37.76978417266187,68.7,68.7,nan,4.29703168,nan,nan,8.0,0.0,9,nan
60.60735893646876,37.94964028776978,68.7,68.7,nan,4.29703168,nan,nan,8.0,0.0,9,nan
60.62402926286062,37.94964028776978,68.7,68.7,nan,4.29703168,nan,nan,8.0,0.0,9,nan
60.640702712535855,37.94964028776978,68.7,68.7,nan,4.29703168,nan,nan,8.0,0.0,9,nan
60.65737407207489,37.94964028776978,68.7,68.7,nan,4.29703168,nan,nan,8.0,0.0,9,nan
60.674047295252485,41.90647482014388,68.7,68.7,nan,4.29703168,nan,nan,9.0,0.0,9,nan
60.690721384684245,42.0863309352518,68.7,68.7,nan,4.29703168,nan,nan,9.0,0.0,9,nan
60.707393391927084,42.0863309352518,68.7,68.7,nan,4.29703168,nan,nan,9.0,0.0,9,nan
60.7240655263265,38.12949640287769,68.7,68.7,nan,4.29703168,nan,nan,8.0,0.0,9,nan
60.740737573305765,38.12949640287769,68.7,68.7,nan,4.29703168,nan,nan,8.0,0.0,9,nan
60.7574090162913,38.12949640287769,68.7,68.7,nan,4.303323136,nan,nan,8.0,0.0,9,nan
60.77407910029093,38.12949640287769,68.7,68.7,nan,4.303323136,nan,nan,8.0,0.0,9,nan
60.7907541513443,38.30935251798561,68.7,68.7,nan,4.303323136,nan,nan,8.0,0.0,9,nan
60.80742491086324,38.30935251798561,68.7,68.7,nan,4.303323136,nan,nan,8.0,0.0,9,nan
60.8240950067838,38.30935251798561,68.7,68.7,nan,4.303323136,nan,nan,8.0,0.0,9,nan
60.840766390164696,38.30935251798561,68.7,68.7,nan,4.303323136,nan,nan,8.0,0.0,9,nan
60.85743727684021,42.26618705035972,68.7,68.7,nan,4.303323136,nan,nan,9.0,0.0,9,nan
60.87410935958226,42.26618705035972,68.7,68.7,nan,4.303323136,nan,nan,9.0,0.0,9,nan
60.89077984491984,42.26618705035972,68.7,68.7,nan,4.303323136,nan,nan,9.0,0.0,9,nan
60.907450222969054,42.26618705035972,68.7,68.7,nan,4.303323136,nan,nan,9.0,0.0,9,nan
60.92413042783737,42.26618705035972,68.7,68.7,nan,4.303323136,nan,nan,9.0,0.0,9,nan
60.940802641709645,42.26618705035972,68.7,68.7,nan,4.303323136,nan,nan,9.0,0.0,9,nan
60.95747476418813,42.26618705035972,68.7,68.7,nan,4.303323136,nan,nan,9.0,0.0,9,nan
60.97414502302806,42.44604316546763,68.7,68.7,nan,4.303323136,nan,nan,9.0,0.0,9,nan
60.99081633488337,42.62589928057554,68.7,68.7,nan,4.303323136,nan,nan,9.0,0.0,9,nan
61.0074885725975,42.62589928057554,68.7,68.7,nan,4.303323136,nan,nan,9.0,0.0,9,nan
61.024163115024564,42.62589928057554,68.7,68.7,nan,4.303323136,nan,nan,9.0,0.0,9,nan
61.040835082530975,42.62589928057554,68.7,68.7,nan,4.303323136,nan,nan,9.0,0.0,9,nan
61.05750506718953,42.62589928057554,68.7,68.7,nan,4.303323136,nan,nan,9.0,0.0,9,nan
61.07417631149292,42.62589928057554,68.7,68.7,nan,4.303323136,nan,nan,9.0,0.0,9,nan
61.09084762732188,42.805755395683455,68.7,68.7,nan,4.303323136,nan,nan,9.0,0.0,9,nan
61.107520977656044,42.805755395683455,68.7,68.7,nan,4.303323136,nan,nan,9.0,0.0,9,nan
61.12419368028641,42.805755395683455,68.7,68.7,nan,4.303323136,nan,nan,9.0,0.0,9,nan
61.140864260991414,42.805755395683455,68.7,68.7,nan,4.303323136,nan,nan,9.0,0.0,9,nan
61.15753512382507,42.805755395683455,68.7,68.7,nan,4.303323136,nan,nan,9.0,0.0,9,nan
61.174212499459586,42.805755395683455,68.7,68.7,nan,4.303323136,nan,nan,9.0,0.0,9,nan
61.190882885456084,42.805755395683455,68.7,68.7,nan,4.303323136,nan,nan,9.0,0.0,9,nan
61.207559589544935,42.805755395683455,68.7,68.7,nan,4.303323136,nan,nan,9.0,0.0,9,nan
61.22423409223556,38.84892086330935,68.7,68.7,nan,4.303323136,nan,nan,8.0,0.0,9,nan
61.24091265598933,42.805755395683455,68.7,68.7,nan,4.303323136,nan,nan,9.0,0.0,9,nan
61.2575820684433,41.007194244604314,68.7,68.7,nan,4.303323136,nan,nan,9.0,0.0,9,nan
61.27425247828166,37.05035971223022,68.7,68.7,nan,4.303323136,nan,nan,8.0,0.0,9,nan
61.29092418750127,41.18705035971223,68.7,68.7,nan,4.303323136,nan,nan,9.0,0.0,9,nan
61.30759516954422,41.18705035971223,68.7,68.7,nan,4.303323136,nan,nan,9.0,0.0,9,nan
61.324275970458984,41.18705035971223,68.7,68.7,nan,4.303323136,nan,nan,9.0,0.0,9,nan
61.340950612227125,41.36690647482014,68.7,68.7,nan,4.303323136,nan,nan,9.0,0.0,9,nan
61.357620147864026,41.36690647482014,68.7,68.7,nan,4.303323136,nan,nan,9.0,0.0,9,nan
61.37429664929708,41.54676258992806,68.7,68.7,nan,4.303323136,nan,nan,9.0,0.0,9,nan
61.39096715847651,37.589928057553955,68.7,68.7,nan,4.303323136,nan,nan,8.0,0.0,9,nan
61.40764204661051,41.72661870503597,68.7,68.7,nan,4.303323136,nan,nan,9.0,0.0,9,nan
61.42431219418844,41.90647482014388,68.7,68.7,nan,4.303323136,nan,nan,9.0,0.0,9,nan
61.440986204147336,37.76978417266187,68.7,68.7,nan,4.303323136,nan,nan,8.0,0.0,9,nan
61.45765606959661,42.0863309352518,68.7,68.7,nan,4.303323136,nan,nan,9.0,0.0,9,nan
61.474327456951144,42.0863309352518,68.7,68.7,nan,4.303323136,nan,nan,9.0,0.0,9,nan
61.490996857484184,42.0863309352518,68.7,68.7,nan,4.303323136,nan,nan,9.0,0.0,9,nan
61.507666544119516,42.0863309352518,68.7,68.7,nan,4.303323136,nan,nan,9.0,0.0,9,nan
61.52433824936549,42.0863309352518,68.7,68.7,nan,4.303323136,nan,nan,9.0,0.0,9,nan
61.54100869099299,42.0863309352518,68.7,68.7,nan,4.303323136,nan,nan,9.0,0.0,9,nan
61.557679891586304,42.26618705035972,68.7,68.7,nan,4.303323136,nan,nan,9.0,0.0,9,nan
61.574351811408995,42.26618705035972,68.7,68.7,nan,4.303323136,nan,nan,9.0,0.0,9,nan
61.591026337941486,42.26618705035972,68.7,68.7,nan,4.303323136,nan,nan,9.0,0.0,9,nan
61.607698663075766,42.26618705035972,68.7,68.7,nan,4.303323136,nan,nan,9.0,0.0,9,nan
61.62437071800232,42.26618705035972,68.7,68.7,nan,4.303323136,nan,nan,9.0,0.0,9,nan
61.641040456295016,42.26618705035972,68.7,68.7,nan,4.303323136,nan,nan,9.0,0.0,9,nan
61.65771213769913,42.26618705035972,68.7,68.7,nan,4.303323136,nan,nan,9.0,0.0,9,nan
61.674384860197705,42.26618705035972,68.7,68.7,nan,4.303323136,nan,nan,9.0,0.0,9,nan
61.691055107116696,39.20863309352518,68.7,68.7,nan,4.303323136,nan,nan,8.0,0.0,9,nan
61.707727416356406,39.38848920863309,68.7,68.7,nan,4.303323136,nan,nan,8.0,0.0,9,nan
61.724399427572884,39.38848920863309,68.7,68.7,nan,4.303323136,nan,nan,8.0,0.0,9,nan
61.74107189178467,39.38848920863309,68.7,68.7,nan,4.303323136,nan,nan,8.0,0.0,9,nan
61.75774405002594,39.38848920863309,68.7,68.7,nan,4.303323136,nan,nan,8.0,0.0,9,nan
61.77441593805949,39.38848920863309,68.7,68.7,nan,4.303323136,nan,nan,8.0,0.0,9,nan
61.79108771085739,39.38848920863309,68.7,68.7,nan,4.303323136,nan,nan,8.0,0.0,9,nan
61.807759602864586,39.38848920863309,68.7,68.7,nan,4.303323136,nan,nan,8.0,0.0,9,nan
61.82443164189657,39.38848920863309,68.7,68.7,nan,4.303323136,nan,nan,8.0,0.0,9,nan
61.84110328753789,39.38848920863309,68.7,68.7,nan,3.906936832,nan,nan,8.0,0.0,8,nan
61.85777765909831,39.568345323741006,68.7,68.7,nan,3.906936832,nan,nan,8.0,0.0,8,nan
61.87445027828217,39.568345323741006,68.7,68.7,nan,3.906936832,nan,nan,8.0,0.0,8,nan
61.89112460215886,39.568345323741006,68.7,68.7,nan,3.906936832,nan,nan,8.0,0.0,8,nan
61.907796919345856,39.568345323741006,68.7,68.7,nan,3.906936832,nan,nan,8.0,0.0,8,nan
61.92446951468786,35.251798561151084,68.7,68.7,nan,3.906936832,nan,nan,7.0,0.0,8,nan
61.94114182392756,39.38848920863309,68.7,68.7,nan,3.906936832,nan,nan,8.0,0.0,8,nan
61.95781446695328,39.38848920863309,68.7,68.7,nan,3.906936832,nan,nan,8.0,0.0,8,nan
61.97448614041011,39.568345323741006,68.7,68.7,nan,3.906936832,nan,nan,8.0,0.0,8,nan
61.99115841786067,39.568345323741006,68.7,68.7,nan,3.906936832,nan,nan,8.0,0.0,8,nan
62.007830023765564,39.748201438848916,68.7,68.7,nan,3.906936832,nan,nan,8.0,0.0,8,nan
62.0245027979215,39.748201438848916,68.7,68.7,nan,3.906936832,nan,nan,8.0,0.0,8,nan
62.04117519458135,39.748201438848916,68.7,68.7,nan,3.906936832,nan,nan,8.0,0.0,8,nan
62.057847853501634,39.92805755395683,68.7,68.7,nan,3.906936832,nan,nan,8.0,0.0,8,nan
62.07451986471812,39.92805755395683,68.7,68.7,nan,3.906936832,nan,nan,8.0,0.0,8,nan
62.09119190772375,40.10791366906474,68.7,68.7,nan,3.906936832,nan,nan,8.0,0.0,8,nan
62.107862242062886,40.10791366906474,68.7,68.7,nan,3.906936832,nan,nan,8.0,0.0,8,nan
62.12453683614731,35.97122302158273,68.7,68.7,nan,4.097777664,nan,nan,7.0,0.0,8,nan
62.141213532288866,35.97122302158273,68.7,68.7,nan,4.17118208,nan,nan,7.0,0.0,8,nan
62.15788625876109,35.97122302158273,68.7,68.7,nan,4.208930816,nan,nan,7.0,0.0,8,nan
62.17455866734187,36.15107913669065,68.7,68.7,nan,4.236193792,nan,nan,7.0,0.0,8,nan
62.191230801741284,36.15107913669065,68.7,68.7,nan,4.236193792,nan,nan,7.0,0.0,8,nan
62.20790308316548,36.15107913669065,68.7,68.7,nan,4.236193792,nan,nan,7.0,0.0,8,nan
62.22457601626714,36.15107913669065,68.7,68.7,nan,4.236193792,nan,nan,7.0,0.0,8,nan
62.24124796390534,36.15107913669065,68.7,68.7,nan,4.236193792,nan,nan,7.0,0.0,8,nan
62.257920026779175,36.15107913669065,68.7,68.7,nan,4.236193792,nan,nan,7.0,0.0,8,nan
62.27459209362666,36.33093525179856,68.7,68.7,nan,4.236193792,nan,nan,7.0,0.0,8,nan
62.29126373529434,36.33093525179856,68.7,68.7,nan,4.236193792,nan,nan,7.0,0.0,8,nan
62.30793681542079,36.33093525179856,68.7,68.7,nan,3.196002304,nan,nan,7.0,0.0,7,nan
62.32461102406184,36.33093525179856,68.7,68.7,nan,3.196002304,nan,nan,7.0,0.0,7,nan
62.34128297170003,36.33093525179856,68.7,68.7,nan,3.196002304,nan,nan,7.0,0.0,7,nan
62.357955026626584,36.33093525179856,68.7,68.7,nan,3.196002304,nan,nan,7.0,0.0,7,nan
62.3746275305748,36.33093525179856,68.7,68.7,nan,3.196002304,nan,nan,7.0,0.0,7,nan
62.39129971663157,36.33093525179856,68.7,68.7,nan,3.196002304,nan,nan,7.0,0.0,7,nan
62.40797182321548,36.33093525179856,68.7,68.7,nan,3.196002304,nan,nan,7.0,0.0,7,nan
62.42464394569397,36.33093525179856,68.7,68.7,nan,3.196002304,nan,nan,7.0,0.0,7,nan
62.4413159608841,36.51079136690647,68.7,68.7,nan,3.196002304,nan,nan,7.0,0.0,7,nan
62.45798799196879,36.51079136690647,68.7,68.7,nan,3.196002304,nan,nan,7.0,0.0,7,nan
62.474661537011464,36.51079136690647,68.7,68.7,nan,3.196002304,nan,nan,7.0,0.0,7,nan
62.4913346807162,36.51079136690647,68.7,68.7,nan,3.196002304,nan,nan,7.0,0.0,7,nan
62.508011825879414,35.07194244604317,68.7,68.7,nan,3.196002304,nan,nan,7.0,0.0,7,nan
62.52468453248342,34.53237410071942,68.7,68.7,nan,3.196002304,nan,nan,7.0,0.0,7,nan
62.54135927359263,34.53237410071942,68.7,68.7,nan,3.196002304,nan,nan,7.0,0.0,7,nan
62.55803456703822,34.53237410071942,68.7,68.7,nan,3.196002304,nan,nan,7.0,0.0,7,nan
62.574704794089,34.71223021582733,68.7,68.7,nan,3.196002304,nan,nan,7.0,0.0,7,nan
62.59137715895971,34.71223021582733,68.7,68.7,nan,3.196002304,nan,nan,7.0,0.0,7,nan
62.60804937283198,34.71223021582733,68.7,68.7,nan,3.196002304,nan,nan,7.0,0.0,7,nan
62.62472123702367,34.71223021582733,68.7,68.7,nan,3.196002304,nan,nan,7.0,0.0,7,nan
62.64139349460602,34.71223021582733,68.7,68.7,nan,3.196002304,nan,nan,7.0,0.0,7,nan
62.658066781361896,34.71223021582733,68.7,68.7,nan,3.196002304,nan,nan,7.0,0.0,7,nan
62.674738872051236,34.71223021582733,68.7,68.7,nan,3.196002304,nan,nan,7.0,0.0,7,nan
62.69141184886296,34.71223021582733,68.7,68.7,nan,3.196002304,nan,nan,7.0,0.0,7,nan
62.7080840587616,34.89208633093526,68.7,68.7,nan,3.196002304,nan,nan,7.0,0.0,7,nan
62.724758207798004,34.89208633093526,68.7,68.7,nan,3.196002304,nan,nan,7.0,0.0,7,nan
62.74143097798029,34.89208633093526,68.7,68.7,nan,3.196002304,nan,nan,7.0,0.0,7,nan
62.75810314019521,35.07194244604317,68.7,68.7,nan,3.196002304,nan,nan,7.0,0.0,7,nan
62.77477553685506,35.07194244604317,68.7,68.7,nan,3.196002304,nan,nan,7.0,0.0,7,nan
62.79144795735677,35.251798561151084,68.7,68.7,nan,3.196002304,nan,nan,7.0,0.0,7,nan
62.808121907711026,35.251798561151084,68.7,68.7,nan,3.196002304,nan,nan,7.0,0.0,7,nan
62.82479387521744,35.431654676258994,68.7,68.7,nan,3.196002304,nan,nan,7.0,0.0,7,nan
62.841465699672696,35.431654676258994,68.7,68.7,nan,3.196002304,nan,nan,7.0,0.0,7,nan
62.858138144016266,33.63309352517986,68.7,68.7,nan,3.196002304,nan,nan,7.0,0.0,7,nan
62.87481145064036,33.63309352517986,68.7,68.7,nan,3.196002304,nan,nan,7.0,0.0,7,nan
62.89148594141007,29.136690647482013,68.7,68.7,nan,2.73455104,nan,nan,6.0,0.0,6,nan
62.9081606666247,29.136690647482013,68.7,68.7,nan,2.73455104,nan,nan,6.0,0.0,6,nan
62.92483057975769,29.136690647482013,68.7,68.7,nan,2.73455104,nan,nan,6.0,0.0,6,nan
62.94150314728419,29.136690647482013,68.7,68.7,nan,2.73455104,nan,nan,6.0,0.0,6,nan
62.958175325393675,29.136690647482013,68.7,68.7,nan,2.73455104,nan,nan,6.0,0.0,6,nan
62.974847157796226,29.136690647482013,68.7,68.7,nan,2.73455104,nan,nan,6.0,0.0,6,nan
62.99152049620946,29.136690647482013,68.7,68.7,nan,2.73455104,nan,nan,6.0,0.0,6,nan
63.00819280544917,29.136690647482013,68.7,68.7,nan,2.73455104,nan,nan,6.0,0.0,6,nan
63.02486396630605,29.136690647482013,68.7,68.7,nan,2.73455104,nan,nan,6.0,0.0,6,nan
63.041536434491476,29.136690647482013,68.7,68.7,nan,2.73455104,nan,nan,6.0,0.0,6,nan
63.058208493391675,29.136690647482013,68.7,68.7,nan,2.73455104,nan,nan,6.0,0.0,6,nan
63.07488121589025,29.136690647482013,68.7,68.7,nan,2.73455104,nan,nan,6.0,0.0,6,nan
63.09155348141988,29.316546762589923,68.7,68.7,nan,2.73455104,nan,nan,6.0,0.0,6,nan
63.10822566350301,29.316546762589923,68.7,68.7,nan,2.73455104,nan,nan,6.0,0.0,6,nan
63.1248982389768,29.496402877697847,68.7,68.7,nan,2.73455104,nan,nan,6.0,0.0,6,nan
63.14157161315282,29.496402877697847,68.7,68.7,nan,2.73455104,nan,nan,6.0,0.0,6,nan
63.15824456612269,29.496402877697847,68.7,68.7,nan,2.73455104,nan,nan,6.0,0.0,6,nan
63.17491696278254,29.496402877697847,68.7,68.7,nan,2.73455104,nan,nan,6.0,0.0,6,nan
63.191592677434286,29.496402877697847,68.7,68.7,nan,2.73455104,nan,nan,6.0,0.0,6,nan
63.20826483170192,29.67625899280576,68.7,68.7,nan,2.73455104,nan,nan,6.0,0.0,6,nan
63.22493747472763,29.67625899280576,68.7,68.7,nan,2.73455104,nan,nan,6.0,0.0,6,nan
63.241608850161235,29.67625899280576,68.7,68.7,nan,2.73455104,nan,nan,6.0,0.0,6,nan
63.25828128258387,23.381294964028775,68.7,68.7,nan,2.73455104,nan,nan,5.0,0.0,6,nan
63.274959901968636,23.381294964028775,68.7,68.7,nan,2.203959296,nan,nan,5.0,0.0,5,nan
63.2916327436765,23.381294964028775,68.7,68.7,nan,2.203959296,nan,nan,5.0,0.0,5,nan
63.30830504099528,23.381294964028775,68.7,68.7,nan,2.203959296,nan,nan,5.0,0.0,5,nan
63.32497779130936,23.381294964028775,68.7,68.7,nan,2.203959296,nan,nan,5.0,0.0,5,nan
63.34164993365606,23.381294964028775,68.7,68.7,nan,2.203959296,nan,nan,5.0,0.0,5,nan
63.35832462708155,23.381294964028775,68.7,68.7,nan,2.203959296,nan,nan,5.0,0.0,5,nan
63.37499692042669,23.56115107913669,68.7,68.7,nan,2.203959296,nan,nan,5.0,0.0,5,nan
63.39166899124781,23.56115107913669,68.7,68.7,nan,2.203959296,nan,nan,5.0,0.0,5,nan
63.40834391117096,23.741007194244602,68.7,68.7,nan,2.203959296,nan,nan,5.0,0.0,5,nan
63.4250165383021,23.741007194244602,68.7,68.7,nan,2.203959296,nan,nan,5.0,0.0,5,nan
63.441686356067656,23.741007194244602,68.7,68.7,nan,2.203959296,nan,nan,5.0,0.0,5,nan
63.45835903485616,23.741007194244602,68.7,68.7,nan,2.203959296,nan,nan,5.0,0.0,5,nan
63.47503105004628,23.741007194244602,68.7,68.7,nan,2.203959296,nan,nan,5.0,0.0,5,nan
63.49170047442119,23.741007194244602,68.7,68.7,nan,2.203959296,nan,nan,5.0,0.0,5,nan
63.50837594270706,23.741007194244602,68.7,68.7,nan,2.203959296,nan,nan,5.0,0.0,5,nan
63.525049197673795,23.741007194244602,68.7,68.7,nan,2.203959296,nan,nan,5.0,0.0,5,nan
63.54172154664993,23.741007194244602,68.7,68.7,nan,2.203959296,nan,nan,5.0,0.0,5,nan
63.55839434862137,23.741007194244602,68.7,68.7,nan,2.203959296,nan,nan,5.0,0.0,5,nan
63.57506623268127,23.741007194244602,68.7,68.7,nan,2.203959296,nan,nan,5.0,0.0,5,nan
63.59173842668533,23.741007194244602,68.7,68.7,nan,2.203959296,nan,nan,5.0,0.0,5,nan
63.60841064850489,23.741007194244602,68.7,68.7,nan,2.203959296,nan,nan,5.0,0.0,5,nan
63.62508308092753,23.741007194244602,68.7,68.7,nan,2.203959296,nan,nan,5.0,0.0,5,nan
63.64175538221995,23.741007194244602,68.7,68.7,nan,2.203959296,nan,nan,5.0,0.0,5,nan
63.658427627881366,23.741007194244602,68.7,68.7,nan,2.203959296,nan,nan,5.0,0.0,5,nan
63.67509992520014,23.741007194244602,68.7,68.7,nan,2.203959296,nan,nan,5.0,0.0,5,nan
63.69177478949229,23.920863309352512,68.7,68.7,nan,2.203959296,nan,nan,5.0,0.0,5,nan
63.70844676097234,23.920863309352512,68.7,68.7,nan,2.203959296,nan,nan,5.0,0.0,5,nan
63.72511894305547,24.100719424460426,68.7,68.7,nan,2.203959296,nan,nan,5.0,0.0,5,nan
63.741791721185045,24.100719424460426,68.7,68.7,nan,2.203959296,nan,nan,5.0,0.0,5,nan
63.75846405029297,24.100719424460426,68.7,68.7,nan,2.203959296,nan,nan,5.0,0.0,5,nan
63.77513594230016,24.100719424460426,68.7,68.7,nan,2.203959296,nan,nan,5.0,0.0,5,nan
63.791811394691464,24.100719424460426,68.7,68.7,nan,2.203959296,nan,nan,5.0,0.0,5,nan
63.80848335425059,24.28057553956835,68.7,68.7,nan,2.203959296,nan,nan,5.0,0.0,5,nan
63.82516108353933,24.28057553956835,68.7,68.7,nan,2.203959296,nan,nan,5.0,0.0,5,nan
63.84183355967204,24.28057553956835,68.7,68.7,nan,2.203959296,nan,nan,5.0,0.0,5,nan
63.85851218700409,24.28057553956835,68.7,68.7,nan,2.203959296,nan,nan,5.0,0.0,5,nan
63.87518446048101,24.28057553956835,68.7,68.7,nan,2.203959296,nan,nan,5.0,0.0,5,nan
63.89186415274938,24.28057553956835,68.7,68.7,nan,2.203959296,nan,nan,5.0,0.0,5,nan
63.90853623549143,24.28057553956835,68.7,68.7,nan,2.203959296,nan,nan,5.0,0.0,5,nan
63.925208735466,24.28057553956835,68.7,68.7,nan,2.203959296,nan,nan,5.0,0.0,5,nan
63.941881422201796,19.964028776978417,68.7,68.7,nan,2.203959296,nan,nan,4.0,0.0,5,nan
63.95855372746785,22.661870503597125,68.7,68.7,nan,2.2081536,nan,nan,5.0,0.0,5,nan
63.97522593736649,22.84172661870504,68.7,68.7,nan,2.2081536,nan,nan,5.0,0.0,5,nan
63.99190002679825,22.84172661870504,68.7,68.7,nan,2.2081536,nan,nan,5.0,0.0,5,nan
64.00858129262924,22.84172661870504,68.7,68.7,nan,2.2081536,nan,nan,5.0,0.0,5,nan
64.02525378465653,22.84172661870504,68.7,68.7,nan,2.2081536,nan,nan,5.0,0.0,5,nan
64.04192614952723,22.84172661870504,68.7,68.7,nan,2.2081536,nan,nan,5.0,0.0,5,nan
64.05859874884287,22.84172661870504,68.7,68.7,nan,2.2081536,nan,nan,5.0,0.0,5,nan
64.075270986557,22.84172661870504,68.7,68.7,nan,2.2081536,nan,nan,5.0,0.0,5,nan
64.09194311698278,22.84172661870504,68.7,68.7,nan,2.2081536,nan,nan,5.0,0.0,5,nan
64.10861520767212,22.84172661870504,68.7,68.7,nan,2.2081536,nan,nan,5.0,0.0,5,nan
64.12528809309006,22.84172661870504,68.7,68.7,nan,2.2081536,nan,nan,5.0,0.0,5,nan
64.14196051756541,22.84172661870504,68.7,68.7,nan,2.2081536,nan,nan,5.0,0.0,5,nan
64.1586326678594,17.985611510791365,68.7,68.7,nan,2.2081536,nan,nan,4.0,0.0,5,nan
64.17530509233475,20.863309352517987,68.7,68.7,nan,2.2081536,nan,nan,5.0,0.0,5,nan
64.19197744925818,20.863309352517987,68.7,68.7,nan,2.2081536,nan,nan,5.0,0.0,5,nan
64.20864904324213,21.0431654676259,68.7,68.7,nan,2.2081536,nan,nan,5.0,0.0,5,nan
64.22532706658045,21.0431654676259,68.7,68.7,nan,2.2081536,nan,nan,5.0,0.0,5,nan
64.24199732939402,21.0431654676259,68.7,68.7,nan,2.2081536,nan,nan,5.0,0.0,5,nan
64.2586708466212,21.0431654676259,68.7,68.7,nan,2.2081536,nan,nan,5.0,0.0,5,nan
64.27534468173981,21.76258992805755,68.7,68.7,nan,2.2081536,nan,nan,5.0,0.0,5,nan
64.29201823075613,21.223021582733814,68.7,68.7,nan,2.2081536,nan,nan,5.0,0.0,5,nan
64.3086946050326,21.223021582733814,68.7,68.7,nan,2.2081536,nan,nan,5.0,0.0,5,nan
64.32536824941636,21.402877697841728,68.7,68.7,nan,2.2081536,nan,nan,5.0,0.0,5,nan
64.34204492568969,21.402877697841728,68.7,68.7,nan,2.2081536,nan,nan,5.0,0.0,5,nan
64.35872000058492,21.402877697841728,68.7,68.7,nan,2.2081536,nan,nan,5.0,0.0,5,nan
64.37539308865865,21.402877697841728,68.7,68.7,nan,2.2081536,nan,nan,5.0,0.0,5,nan
64.39206680456797,21.58273381294964,68.7,68.7,nan,2.2081536,nan,nan,5.0,0.0,5,nan
64.40874264240264,21.58273381294964,68.7,68.7,nan,2.2081536,nan,nan,5.0,0.0,5,nan
64.42541610797247,21.58273381294964,68.7,68.7,nan,2.2081536,nan,nan,5.0,0.0,5,nan
64.44209274450938,17.805755395683455,68.7,68.7,nan,2.520625152,nan,nan,4.0,0.0,5,nan
64.4587695757548,17.805755395683455,68.7,68.7,nan,1.80547584,nan,nan,4.0,0.0,4,nan
64.47544343074163,17.805755395683455,68.7,68.7,nan,1.80547584,nan,nan,4.0,0.0,4,nan
64.49211630821227,17.805755395683455,68.7,68.7,nan,1.80547584,nan,nan,4.0,0.0,4,nan
64.50878742535909,17.805755395683455,68.7,68.7,nan,1.80547584,nan,nan,4.0,0.0,4,nan
64.52545708020529,17.985611510791365,68.7,68.7,nan,1.80547584,nan,nan,4.0,0.0,4,nan
64.54213068087896,17.985611510791365,68.7,68.7,nan,1.80547584,nan,nan,4.0,0.0,4,nan
64.5588106751442,17.985611510791365,68.7,68.7,nan,1.80547584,nan,nan,4.0,0.0,4,nan
64.57548326651255,17.985611510791365,68.7,68.7,nan,1.80547584,nan,nan,4.0,0.0,4,nan
64.59215770165126,17.985611510791365,68.7,68.7,nan,1.80547584,nan,nan,4.0,0.0,4,nan
64.60883007446925,11.870503597122307,68.7,68.7,nan,1.80547584,nan,nan,3.0,0.0,4,nan
64.62550177971522,17.44604316546763,68.7,68.7,nan,1.80547584,nan,nan,4.0,0.0,4,nan
64.64217663208643,17.44604316546763,68.7,68.7,nan,1.80547584,nan,nan,4.0,0.0,4,nan
64.65884944995244,17.44604316546763,68.7,68.7,nan,1.80547584,nan,nan,4.0,0.0,4,nan
64.67552475134532,17.44604316546763,68.7,68.7,nan,1.80547584,nan,nan,4.0,0.0,4,nan
64.6921980659167,17.44604316546763,68.7,68.7,nan,1.80547584,nan,nan,4.0,0.0,4,nan
64.70887213548025,17.44604316546763,68.7,68.7,nan,1.80547584,nan,nan,4.0,0.0,4,nan
64.72554457585017,17.805755395683455,68.7,68.7,nan,1.80547584,nan,nan,4.0,0.0,4,nan
64.74221707979838,17.805755395683455,68.7,68.7,nan,1.80547584,nan,nan,4.0,0.0,4,nan
64.75889181693395,17.805755395683455,68.7,68.7,nan,1.80547584,nan,nan,4.0,0.0,4,nan
64.77556444803874,17.805755395683455,68.7,68.7,nan,1.80547584,nan,nan,4.0,0.0,4,nan
64.7922380487124,17.805755395683455,68.7,68.7,nan,1.80547584,nan,nan,4.0,0.0,4,nan
64.80891029437383,17.805755395683455,68.7,68.7,nan,1.80547584,nan,nan,4.0,0.0,4,nan
64.82558388312658,17.805755395683455,68.7,68.7,nan,1.80547584,nan,nan,4.0,0.0,4,nan
64.842258477211,17.805755395683455,68.7,68.7,nan,1.80547584,nan,nan,4.0,0.0,4,nan
64.85893114805222,17.805755395683455,68.7,68.7,nan,1.80547584,nan,nan,4.0,0.0,4,nan
64.8756047964096,17.805755395683455,68.7,68.7,nan,1.80547584,nan,nan,4.0,0.0,4,nan
64.892276263237,17.805755395683455,68.7,68.7,nan,1.80547584,nan,nan,4.0,0.0,4,nan
64.9089527686437,17.805755395683455,68.7,68.7,nan,1.80547584,nan,nan,4.0,0.0,4,nan
64.92562516530354,17.805755395683455,68.7,68.7,nan,1.80547584,nan,nan,4.0,0.0,4,nan
64.94229747851689,17.805755395683455,68.7,68.7,nan,1.80547584,nan,nan,4.0,0.0,4,nan
64.95897140900294,17.985611510791365,68.7,68.7,nan,1.80547584,nan,nan,4.0,0.0,4,nan
64.97564264535904,17.985611510791365,68.7,68.7,nan,1.80547584,nan,nan,4.0,0.0,4,nan
64.992316309611,17.985611510791365,68.7,68.7,nan,1.80547584,nan,nan,4.0,0.0,4,nan
65.00899405876795,17.985611510791365,68.7,68.7,nan,1.80547584,nan,nan,4.0,0.0,4,nan
65.02566817998886,17.985611510791365,68.7,68.7,nan,1.80547584,nan,nan,4.0,0.0,4,nan
65.0423446615537,17.985611510791365,68.7,68.7,nan,1.80547584,nan,nan,4.0,0.0,4,nan
65.05901712973913,17.985611510791365,68.7,68.7,nan,1.80547584,nan,nan,4.0,0.0,4,nan
65.07569115161895,17.985611510791365,68.7,68.7,nan,1.80547584,nan,nan,4.0,0.0,4,nan
65.09236325025559,18.16546762589928,68.7,68.7,nan,1.80547584,nan,nan,4.0,0.0,4,nan
65.10903525352478,18.16546762589928,68.7,68.7,nan,1.80547584,nan,nan,4.0,0.0,4,nan
65.12571495771408,18.16546762589928,68.7,68.7,nan,1.80547584,nan,nan,4.0,0.0,4,nan
65.14238763252894,18.16546762589928,68.7,68.7,nan,1.80547584,nan,nan,4.0,0.0,4,nan
65.15906040271123,18.16546762589928,68.7,68.7,nan,1.80547584,nan,nan,4.0,0.0,4,nan
65.17573268413544,18.16546762589928,68.7,68.7,nan,1.80547584,nan,nan,4.0,0.0,4,nan
65.19240535100302,18.16546762589928,68.7,68.7,nan,1.80547584,nan,nan,4.0,0.0,4,nan
65.20907851060231,18.16546762589928,68.7,68.7,nan,1.80547584,nan,nan,4.0,0.0,4,nan
65.22575071255366,18.16546762589928,68.7,68.7,nan,1.80547584,nan,nan,4.0,0.0,4,nan
65.24242562055588,18.16546762589928,68.7,68.7,nan,1.80547584,nan,nan,4.0,0.0,4,nan
65.25909816424051,18.16546762589928,68.7,68.7,nan,1.80547584,nan,nan,4.0,0.0,4,nan
65.27577081918716,18.16546762589928,68.7,68.7,nan,1.80547584,nan,nan,4.0,0.0,4,nan
65.29244145949681,18.525179856115102,68.7,68.7,nan,1.80547584,nan,nan,4.0,0.0,4,nan
65.30911396344503,18.525179856115102,68.7,68.7,nan,1.80547584,nan,nan,4.0,0.0,4,nan
65.32578600645066,18.525179856115102,68.7,68.7,nan,1.80547584,nan,nan,4.0,0.0,4,nan
65.34245840708415,18.525179856115102,68.7,68.7,nan,1.80547584,nan,nan,4.0,0.0,4,nan
65.35913074016571,18.525179856115102,68.7,68.7,nan,1.80547584,nan,nan,4.0,0.0,4,nan
65.37580306132635,18.525179856115102,68.7,68.7,nan,1.80547584,nan,nan,4.0,0.0,4,nan
65.3924751440684,18.525179856115102,68.7,68.7,nan,1.80547584,nan,nan,4.0,0.0,4,nan
65.40914712349574,18.525179856115102,68.7,68.7,nan,1.80547584,nan,nan,4.0,0.0,4,nan
65.42581931352615,18.525179856115102,68.7,68.7,nan,1.80547584,nan,nan,4.0,0.0,4,nan
65.44249163468679,18.525179856115102,68.7,68.7,nan,1.80547584,nan,nan,4.0,0.0,4,nan
65.45916420221329,18.525179856115102,68.7,68.7,nan,1.80547584,nan,nan,4.0,0.0,4,nan
65.4758359670639,18.525179856115102,68.7,68.7,nan,1.80547584,nan,nan,4.0,0.0,4,nan
65.49250911474228,18.525179856115102,68.7,68.7,nan,1.80547584,nan,nan,4.0,0.0,4,nan
65.50918137629827,18.525179856115102,68.7,68.7,nan,1.80547584,nan,nan,4.0,0.0,4,nan
65.52585339546204,18.705035971223015,68.7,68.7,nan,1.80547584,nan,nan,4.0,0.0,4,nan
65.54252564112345,15.647482014388492,68.7,68.7,nan,1.80547584,nan,nan,3.0,0.0,4,nan
65.55919845104218,15.647482014388492,68.7,68.7,nan,1.80547584,nan,nan,3.0,0.0,4,nan
65.57586925427118,18.345323741007192,68.7,68.7,nan,1.80547584,nan,nan,4.0,0.0,4,nan
65.59254254102707,18.345323741007192,68.7,68.7,nan,1.80547584,nan,nan,4.0,0.0,4,nan
65.6092147231102,18.345323741007192,68.7,68.7,nan,1.80547584,nan,nan,4.0,0.0,4,nan
65.62588688135148,18.345323741007192,68.7,68.7,nan,1.80547584,nan,nan,4.0,0.0,4,nan
65.64255743424097,18.345323741007192,68.7,68.7,nan,1.80547584,nan,nan,4.0,0.0,4,nan
65.6592295408249,18.345323741007192,68.7,68.7,nan,1.80547584,nan,nan,4.0,0.0,4,nan
65.67590141296387,18.345323741007192,68.7,68.7,nan,1.80547584,nan,nan,4.0,0.0,4,nan
65.6925756931305,18.345323741007192,68.7,68.7,nan,1.80547584,nan,nan,4.0,0.0,4,nan
65.70924762090047,18.345323741007192,68.7,68.7,nan,1.80547584,nan,nan,4.0,0.0,4,nan
65.72592055002848,18.345323741007192,68.7,68.7,nan,1.80547584,nan,nan,4.0,0.0,4,nan
65.74259057442347,18.345323741007192,68.7,68.7,nan,1.80547584,nan,nan,4.0,0.0,4,nan
65.7592625816663,18.345323741007192,68.7,68.7,nan,1.80547584,nan,nan,4.0,0.0,4,nan
65.77593462864557,18.345323741007192,68.7,68.7,nan,1.80547584,nan,nan,4.0,0.0,4,nan
65.79260876576106,18.345323741007192,68.7,68.7,nan,1.80547584,nan,nan,4.0,0.0,4,nan
65.80928330024084,14.92805755395683,68.7,68.7,nan,1.80547584,nan,nan,3.0,0.0,4,nan
65.82595413128534,17.985611510791365,68.7,68.7,nan,1.80547584,nan,nan,4.0,0.0,4,nan
65.84262599547704,17.985611510791365,68.7,68.7,nan,1.80547584,nan,nan,4.0,0.0,4,nan
65.85929679473242,18.16546762589928,68.7,68.7,nan,1.80547584,nan,nan,4.0,0.0,4,nan
65.87596805493037,18.16546762589928,68.7,68.7,nan,1.80547584,nan,nan,4.0,0.0,4,nan
65.89264395634333,18.16546762589928,68.7,68.7,nan,1.80547584,nan,nan,4.0,0.0,4,nan
65.90931713581085,18.16546762589928,68.7,68.7,nan,1.80547584,nan,nan,4.0,0.0,4,nan
65.92599233786265,18.16546762589928,68.7,68.7,nan,1.80547584,nan,nan,4.0,0.0,4,nan
65.94266732931138,18.16546762589928,68.7,68.7,nan,1.80547584,nan,nan,4.0,0.0,4,nan
65.9593408783277,18.16546762589928,68.7,68.7,nan,1.80547584,nan,nan,4.0,0.0,4,nan
65.9760132352511,18.16546762589928,68.7,68.7,nan,1.80547584,nan,nan,4.0,0.0,4,nan
65.9926842490832,18.16546762589928,68.7,68.7,nan,1.80547584,nan,nan,4.0,0.0,4,nan
66.00935766299565,18.16546762589928,68.7,68.7,nan,1.80547584,nan,nan,4.0,0.0,4,nan
66.02603121598561,18.345323741007192,68.7,68.7,nan,1.80547584,nan,nan,4.0,0.0,4,nan
66.0427053531011,18.345323741007192,68.7,68.7,nan,1.80547584,nan,nan,4.0,0.0,4,nan
66.05937837759653,12.410071942446043,68.7,68.7,nan,1.80547584,nan,nan,3.0,0.0,4,nan
66.07605088949204,17.44604316546763,68.7,68.7,nan,1.80547584,nan,nan,4.0,0.0,4,nan
66.0927257180214,17.44604316546763,68.7,68.7,nan,1.80547584,nan,nan,4.0,0.0,4,nan
66.10939697424571,17.44604316546763,68.7,68.7,nan,1.80547584,nan,nan,4.0,0.0,4,nan
66.12606619199117,17.44604316546763,68.7,68.7,nan,1.80547584,nan,nan,4.0,0.0,4,nan
66.14274229208628,17.44604316546763,68.7,68.7,nan,1.80547584,nan,nan,4.0,0.0,4,nan
66.15941493908564,17.44604316546763,68.7,68.7,nan,1.80547584,nan,nan,4.0,0.0,4,nan
66.1760873556137,17.44604316546763,68.7,68.7,nan,1.80547584,nan,nan,4.0,0.0,4,nan
66.19275977214177,17.44604316546763,68.7,68.7,nan,1.80547584,nan,nan,4.0,0.0,4,nan
66.20943202972413,17.44604316546763,68.7,68.7,nan,1.80547584,nan,nan,4.0,0.0,4,nan
66.2261044939359,17.44604316546763,68.7,68.7,nan,1.80547584,nan,nan,4.0,0.0,4,nan
66.24277719259263,17.625899280575542,68.7,68.7,nan,1.80547584,nan,nan,4.0,0.0,4,nan
66.25944937070211,17.625899280575542,68.7,68.7,nan,1.80547584,nan,nan,4.0,0.0,4,nan
66.27612822055816,17.625899280575542,68.7,68.7,nan,1.80547584,nan,nan,4.0,0.0,4,nan
66.29280072450638,17.625899280575542,68.7,68.7,nan,1.80547584,nan,nan,4.0,0.0,4,nan
66.30947955052058,17.625899280575542,68.7,68.7,nan,1.80547584,nan,nan,4.0,0.0,4,nan
66.32615094184875,17.625899280575542,68.7,68.7,nan,1.80547584,nan,nan,4.0,0.0,4,nan
66.34282649755478,17.625899280575542,68.7,68.7,nan,1.80547584,nan,nan,4.0,0.0,4,nan
66.3594988822937,17.625899280575542,68.7,68.7,nan,1.80547584,nan,nan,4.0,0.0,4,nan
66.37617186705272,17.625899280575542,68.7,68.7,nan,1.80547584,nan,nan,4.0,0.0,4,nan
66.39284458557765,17.625899280575542,68.7,68.7,nan,1.80547584,nan,nan,4.0,0.0,4,nan
66.40951729218165,17.625899280575542,68.7,68.7,nan,1.80547584,nan,nan,4.0,0.0,4,nan
66.42619211673737,17.805755395683455,68.7,68.7,nan,1.80547584,nan,nan,4.0,0.0,4,nan
66.44286487102508,17.805755395683455,68.7,68.7,nan,1.80547584,nan,nan,4.0,0.0,4,nan
66.45953739484152,17.985611510791365,68.7,68.7,nan,1.80547584,nan,nan,4.0,0.0,4,nan
66.47620988289515,17.985611510791365,68.7,68.7,nan,1.80547584,nan,nan,4.0,0.0,4,nan
66.49288212458292,17.985611510791365,68.7,68.7,nan,1.80547584,nan,nan,4.0,0.0,4,nan
66.50955441395442,17.985611510791365,68.7,68.7,nan,1.80547584,nan,nan,4.0,0.0,4,nan
66.52622582912446,11.690647482014393,68.7,68.7,nan,1.80547584,nan,nan,3.0,0.0,4,nan
66.54289690256118,17.625899280575542,68.7,68.7,nan,1.80547584,nan,nan,4.0,0.0,4,nan
66.55957660277684,14.20863309352518,68.7,68.7,nan,1.80547584,nan,nan,3.0,0.0,4,nan
66.57624820073445,17.625899280575542,68.7,68.7,nan,1.80547584,nan,nan,4.0,0.0,4,nan
66.59292131662369,17.625899280575542,68.7,68.7,nan,1.80547584,nan,nan,4.0,0.0,4,nan
66.60959989627203,12.050359712230218,68.7,68.7,nan,1.80547584,nan,nan,3.0,0.0,4,nan
66.62626917362213,12.050359712230218,68.7,68.7,nan,1.807572992,nan,nan,3.0,0.0,4,nan
66.64294209082921,17.805755395683455,68.7,68.7,nan,1.807572992,nan,nan,4.0,0.0,4,nan
66.65961345831553,17.805755395683455,68.7,68.7,nan,1.807572992,nan,nan,4.0,0.0,4,nan
66.67628575166067,17.805755395683455,68.7,68.7,nan,1.807572992,nan,nan,4.0,0.0,4,nan
66.69295872052511,12.050359712230218,68.7,68.7,nan,1.811767296,nan,nan,3.0,0.0,4,nan
66.70963045756022,12.050359712230218,68.7,68.7,nan,1.860001792,nan,nan,3.0,0.0,4,nan
66.72630260388057,12.050359712230218,68.7,68.7,nan,1.866293248,nan,nan,3.0,0.0,4,nan
66.7429751197497,17.805755395683455,68.7,68.7,nan,1.866293248,nan,nan,4.0,0.0,4,nan
66.75964739322663,17.805755395683455,68.7,68.7,nan,1.866293248,nan,nan,4.0,0.0,4,nan
66.77631939649582,17.805755395683455,68.7,68.7,nan,1.866293248,nan,nan,4.0,0.0,4,nan
66.79299248854319,17.805755395683455,68.7,68.7,nan,1.866293248,nan,nan,4.0,0.0,4,nan
66.80966456333796,17.805755395683455,68.7,68.7,nan,1.866293248,nan,nan,4.0,0.0,4,nan
66.8263368288676,17.805755395683455,68.7,68.7,nan,1.866293248,nan,nan,4.0,0.0,4,nan
66.84300896724065,12.050359712230218,68.7,68.7,nan,1.866293248,nan,nan,3.0,0.0,4,nan
66.85968184868494,12.050359712230218,68.7,68.7,nan,1.866293248,nan,nan,3.0,0.0,4,nan
66.87635423342387,8.633093525179858,68.7,68.7,nan,1.893556224,nan,nan,2.0,0.0,4,nan
66.89302743673325,17.805755395683455,68.7,68.7,nan,1.897750528,nan,nan,4.0,0.0,4,nan
66.90969996054967,17.805755395683455,68.7,68.7,nan,1.897750528,nan,nan,4.0,0.0,4,nan
66.92637615601221,17.805755395683455,68.7,68.7,nan,1.897750528,nan,nan,4.0,0.0,4,nan
66.94305177927018,17.805755395683455,68.7,68.7,nan,1.897750528,nan,nan,4.0,0.0,4,nan
66.95972817341486,17.805755395683455,68.7,68.7,nan,1.897750528,nan,nan,4.0,0.0,4,nan
66.97640108664831,17.805755395683455,68.7,68.7,nan,1.897750528,nan,nan,4.0,0.0,4,nan
66.99308023055394,17.805755395683455,68.7,68.7,nan,1.897750528,nan,nan,4.0,0.0,4,nan
67.00975236097972,12.050359712230218,68.7,68.7,nan,1.897750528,nan,nan,3.0,0.0,4,nan
67.02642712195714,17.805755395683455,68.7,68.7,nan,1.897750528,nan,nan,4.0,0.0,4,nan
67.04310170412063,17.985611510791365,68.7,68.7,nan,1.897750528,nan,nan,4.0,0.0,4,nan
67.05978059768677,17.985611510791365,68.7,68.7,nan,1.897750528,nan,nan,4.0,0.0,4,nan
67.07645295461019,17.985611510791365,68.7,68.7,nan,1.897750528,nan,nan,4.0,0.0,4,nan
67.09312583605448,17.985611510791365,68.7,68.7,nan,1.897750528,nan,nan,4.0,0.0,4,nan
67.10979806979498,17.985611510791365,68.7,68.7,nan,1.897750528,nan,nan,4.0,0.0,4,nan
67.1264669060707,18.16546762589928,68.7,68.7,nan,1.897750528,nan,nan,4.0,0.0,4,nan
67.14314186573029,18.16546762589928,68.7,68.7,nan,1.897750528,nan,nan,4.0,0.0,4,nan
67.15981370608012,18.345323741007192,68.7,68.7,nan,1.897750528,nan,nan,4.0,0.0,4,nan
67.17648604710897,18.345323741007192,68.7,68.7,nan,1.897750528,nan,nan,4.0,0.0,4,nan
67.19315868616104,18.345323741007192,68.7,68.7,nan,1.897750528,nan,nan,4.0,0.0,4,nan
67.2098307689031,18.345323741007192,68.7,68.7,nan,1.897750528,nan,nan,4.0,0.0,4,nan
67.2265031139056,12.410071942446043,68.7,68.7,nan,1.897750528,nan,nan,3.0,0.0,4,nan
67.24317541917165,18.345323741007192,68.7,68.7,nan,1.897750528,nan,nan,4.0,0.0,4,nan
67.25984767278035,18.525179856115102,68.7,68.7,nan,1.897750528,nan,nan,4.0,0.0,4,nan
67.27651982307434,18.525179856115102,68.7,68.7,nan,1.897750528,nan,nan,4.0,0.0,4,nan
67.29319219589233,18.525179856115102,68.7,68.7,nan,1.897750528,nan,nan,4.0,0.0,4,nan
67.30986474752426,18.525179856115102,68.7,68.7,nan,1.897750528,nan,nan,4.0,0.0,4,nan
67.32653675079345,18.525179856115102,68.7,68.7,nan,1.897750528,nan,nan,4.0,0.0,4,nan
67.34320991834005,18.525179856115102,68.7,68.7,nan,1.897750528,nan,nan,4.0,0.0,4,nan
67.35988231897355,18.525179856115102,68.7,68.7,nan,1.897750528,nan,nan,4.0,0.0,4,nan
67.37655471563339,18.525179856115102,68.7,68.7,nan,1.897750528,nan,nan,4.0,0.0,4,nan
67.39322744607925,18.525179856115102,68.7,68.7,nan,1.897750528,nan,nan,4.0,0.0,4,nan
67.40989983081818,18.525179856115102,68.7,68.7,nan,1.897750528,nan,nan,4.0,0.0,4,nan
67.42657023270925,18.525179856115102,68.7,68.7,nan,1.897750528,nan,nan,4.0,0.0,4,nan
67.44324259757995,18.525179856115102,68.7,68.7,nan,1.897750528,nan,nan,4.0,0.0,4,nan
67.45991388161977,18.525179856115102,68.7,68.7,nan,1.897750528,nan,nan,4.0,0.0,4,nan
67.47658669153849,12.589928057553957,68.7,68.7,nan,1.897750528,nan,nan,3.0,0.0,4,nan
67.49325927495957,18.525179856115102,68.7,68.7,nan,1.897750528,nan,nan,4.0,0.0,4,nan
67.50993182261784,18.525179856115102,68.7,68.7,nan,1.897750528,nan,nan,4.0,0.0,4,nan
67.52660403649013,18.525179856115102,68.7,68.7,nan,1.897750528,nan,nan,4.0,0.0,4,nan
67.54327634970348,12.589928057553957,68.7,68.7,nan,1.897750528,nan,nan,3.0,0.0,4,nan
67.55995118220648,12.589928057553957,68.7,68.7,nan,1.897750528,nan,nan,3.0,0.0,4,nan
67.57662607431412,12.589928057553957,68.7,68.7,nan,1.897750528,nan,nan,3.0,0.0,4,nan
67.59329832792282,18.525179856115102,68.7,68.7,nan,1.897750528,nan,nan,4.0,0.0,4,nan
67.60997052590052,18.705035971223015,68.7,68.7,nan,1.897750528,nan,nan,4.0,0.0,4,nan
67.62664047479629,18.705035971223015,68.7,68.7,nan,1.897750528,nan,nan,4.0,0.0,4,nan
67.64331319332123,18.705035971223015,68.7,68.7,nan,1.897750528,nan,nan,4.0,0.0,4,nan
67.65998466412226,18.705035971223015,68.7,68.7,nan,1.897750528,nan,nan,4.0,0.0,4,nan
67.67665971517563,18.705035971223015,68.7,68.7,nan,1.897750528,nan,nan,4.0,0.0,4,nan
67.69333199659984,18.705035971223015,68.7,68.7,nan,1.897750528,nan,nan,4.0,0.0,4,nan
67.7100041826566,18.705035971223015,68.7,68.7,nan,1.897750528,nan,nan,4.0,0.0,4,nan
67.72667659521103,18.705035971223015,68.7,68.7,nan,1.897750528,nan,nan,4.0,0.0,4,nan
67.7433490117391,18.88489208633094,68.7,68.7,nan,1.897750528,nan,nan,4.0,0.0,4,nan
67.76002192894617,18.88489208633094,68.7,68.7,nan,1.897750528,nan,nan,4.0,0.0,4,nan
67.77669483820597,18.88489208633094,68.7,68.7,nan,1.897750528,nan,nan,4.0,0.0,4,nan
67.79336711565654,18.88489208633094,68.7,68.7,nan,1.897750528,nan,nan,4.0,0.0,4,nan
67.81004509925842,18.88489208633094,68.7,68.7,nan,1.897750528,nan,nan,3.0,0.0,4,nan
67.82671719789505,19.064748201438853,68.7,68.7,nan,1.897750528,nan,nan,4.0,0.0,4,nan
67.84339604775111,19.064748201438853,68.7,68.7,nan,1.897750528,nan,nan,4.0,0.0,4,nan
67.86006844838461,19.064748201438853,68.7,68.7,nan,1.897750528,nan,nan,4.0,0.0,4,nan
67.8767428835233,19.244604316546766,68.7,68.7,nan,1.897750528,nan,nan,4.0,0.0,4,nan
67.8934155980746,19.244604316546766,68.7,68.7,nan,1.897750528,nan,nan,4.0,0.0,4,nan
67.91008772850037,19.244604316546766,68.7,68.7,nan,1.897750528,nan,nan,4.0,0.0,4,nan
67.92675997813542,13.129496402877693,68.7,68.7,nan,1.897750528,nan,nan,3.0,0.0,4,nan
67.94343299070994,13.129496402877693,68.7,68.7,nan,1.89984768,nan,nan,3.0,0.0,4,nan
67.96011416117351,13.129496402877693,68.7,68.7,nan,1.89984768,nan,nan,3.0,0.0,4,nan
67.97678643862406,13.129496402877693,68.7,68.7,nan,1.89984768,nan,nan,3.0,0.0,4,nan
67.993459268411,13.129496402877693,68.7,68.7,nan,1.954373632,nan,nan,3.0,0.0,4,nan
68.01013174851735,13.129496402877693,68.7,68.7,nan,1.973248,nan,nan,3.0,0.0,4,nan
68.02680285374323,13.129496402877693,68.7,68.7,nan,1.973248,nan,nan,3.0,0.0,4,nan
68.0434757232666,13.129496402877693,68.7,68.7,nan,1.973248,nan,nan,3.0,0.0,4,nan
68.06015226046244,9.352517985611508,68.7,68.7,nan,1.258217472,nan,nan,2.0,0.0,3,nan
68.0768290956815,9.352517985611508,68.7,68.7,nan,1.258217472,nan,nan,2.0,0.0,3,nan
68.09350051879883,9.352517985611508,68.7,68.7,nan,1.32952064,nan,nan,2.0,0.0,3,nan
68.1101767261823,9.352517985611508,68.7,68.7,nan,1.354686464,nan,nan,2.0,0.0,3,nan
68.12685090700785,8.633093525179858,68.7,68.7,nan,1.379852288,nan,nan,2.0,0.0,3,nan
68.14352593024572,8.633093525179858,68.7,68.7,nan,1.379852288,nan,nan,2.0,0.0,3,nan
68.16019713481268,8.812949640287771,68.7,68.7,nan,1.38194944,nan,nan,2.0,0.0,3,nan
68.17686982949574,8.812949640287771,68.7,68.7,nan,1.41340672,nan,nan,2.0,0.0,3,nan
68.19354257980983,8.812949640287771,68.7,68.7,nan,1.417601024,nan,nan,2.0,0.0,3,nan
68.21021510362625,8.812949640287771,68.7,68.7,nan,1.440669696,nan,nan,2.0,0.0,3,nan
68.22688863277435,8.812949640287771,68.7,68.7,nan,1.442766848,nan,nan,2.0,0.0,3,nan
68.24356193939845,8.812949640287771,68.7,68.7,nan,1.472126976,nan,nan,2.0,0.0,3,nan
68.26023213863373,8.812949640287771,68.7,68.7,nan,1.472126976,nan,nan,2.0,0.0,3,nan
68.27690513531367,8.812949640287771,68.7,68.7,nan,1.472126976,nan,nan,2.0,0.0,3,nan
68.29357687234878,8.812949640287771,68.7,68.7,nan,1.478418432,nan,nan,2.0,0.0,3,nan
68.31024914979935,8.812949640287771,68.7,68.7,nan,1.501487104,nan,nan,2.0,0.0,3,nan
68.32692197561263,8.812949640287771,68.7,68.7,nan,1.514070016,nan,nan,2.0,0.0,3,nan
68.34359675645828,8.812949640287771,68.7,68.7,nan,1.514070016,nan,nan,2.0,0.0,3,nan
68.36027118762334,8.812949640287771,68.7,68.7,nan,1.514070016,nan,nan,2.0,0.0,3,nan
68.3769456466039,8.812949640287771,68.7,68.7,nan,1.514070016,nan,nan,2.0,0.0,3,nan
68.39361987511317,8.812949640287771,68.7,68.7,nan,1.516167168,nan,nan,2.0,0.0,3,nan
68.41029372612635,8.812949640287771,68.7,68.7,nan,1.516167168,nan,nan,2.0,0.0,3,nan
68.42696855068206,8.812949640287771,68.7,68.7,nan,1.522458624,nan,nan,2.0,0.0,3,nan
68.44364672899246,8.812949640287771,68.7,68.7,nan,0.89116672,nan,nan,2.0,0.0,2,nan
68.46032621065775,8.992805755395683,68.7,68.7,nan,0.89116672,nan,nan,2.0,0.0,2,nan
68.47700111865997,8.992805755395683,68.7,68.7,nan,0.89116672,nan,nan,2.0,0.0,2,nan
68.49367864529292,8.992805755395683,68.7,68.7,nan,0.89116672,nan,nan,2.0,0.0,2,nan
68.51035267512003,8.992805755395683,68.7,68.7,nan,0.89116672,nan,nan,2.0,0.0,2,nan
68.52702796459198,8.992805755395683,68.7,68.7,nan,0.89116672,nan,nan,2.0,0.0,2,nan
68.54370245536168,8.992805755395683,68.7,68.7,nan,0.89116672,nan,nan,2.0,0.0,2,nan
68.56037750641505,8.992805755395683,68.7,68.7,nan,0.89116672,nan,nan,2.0,0.0,2,nan
68.57705148855845,8.992805755395683,68.7,68.7,nan,0.89116672,nan,nan,2.0,0.0,2,nan
68.59372820456822,8.992805755395683,68.7,68.7,nan,0.89116672,nan,nan,2.0,0.0,2,nan
68.61040281852087,8.992805755395683,68.7,68.7,nan,0.89116672,nan,nan,2.0,0.0,2,nan
68.62707776625952,8.992805755395683,68.7,68.7,nan,0.89116672,nan,nan,2.0,0.0,2,nan
68.64375217755635,8.992805755395683,68.7,68.7,nan,0.89116672,nan,nan,2.0,0.0,2,nan
68.6604267557462,8.992805755395683,68.7,68.7,nan,0.89116672,nan,nan,2.0,0.0,2,nan
68.67710146903991,9.172661870503596,68.7,68.7,nan,0.89116672,nan,nan,2.0,0.0,2,nan
68.69377594391504,9.172661870503596,68.7,68.7,nan,0.89116672,nan,nan,2.0,0.0,2,nan
68.7104483683904,9.172661870503596,68.7,68.7,nan,0.89116672,nan,nan,2.0,0.0,2,nan
68.72712027231852,9.172661870503596,68.7,68.7,nan,0.89116672,nan,nan,2.0,0.0,2,nan
68.74379307428995,9.172661870503596,68.7,68.7,nan,0.89116672,nan,nan,2.0,0.0,2,nan
68.76046554644903,9.172661870503596,68.7,68.7,nan,0.89116672,nan,nan,2.0,0.0,2,nan
68.77713858286539,9.172661870503596,68.7,68.7,nan,0.89116672,nan,nan,2.0,0.0,2,nan
68.7938106139501,9.172661870503596,68.7,68.7,nan,0.89116672,nan,nan,2.0,0.0,2,nan
68.81048320531845,9.172661870503596,68.7,68.7,nan,0.89116672,nan,nan,2.0,0.0,2,nan
68.82715418338776,9.172661870503596,68.7,68.7,nan,0.89116672,nan,nan,2.0,0.0,2,nan
68.84382649660111,9.172661870503596,68.7,68.7,nan,0.89116672,nan,nan,2.0,0.0,2,nan
68.86049848794937,9.172661870503596,68.7,68.7,nan,0.89116672,nan,nan,2.0,0.0,2,nan
68.87717134157816,9.172661870503596,68.7,68.7,nan,0.89116672,nan,nan,2.0,0.0,2,nan
68.89384829203287,9.172661870503596,68.7,68.7,nan,0.89116672,nan,nan,2.0,0.0,2,nan
68.91052015622456,9.172661870503596,68.7,68.7,nan,0.89116672,nan,nan,2.0,0.0,2,nan
68.92719283898671,9.172661870503596,68.7,68.7,nan,0.89116672,nan,nan,2.0,0.0,2,nan
68.94386557340621,9.172661870503596,68.7,68.7,nan,0.89116672,nan,nan,2.0,0.0,2,nan
68.9605417728424,9.172661870503596,68.7,68.7,nan,0.89116672,nan,nan,2.0,0.0,2,nan
68.97721874713898,9.352517985611508,68.7,68.7,nan,0.89116672,nan,nan,2.0,0.0,2,nan
68.993894191583,9.352517985611508,68.7,68.7,nan,0.89116672,nan,nan,2.0,0.0,2,nan
69.01056538422903,9.352517985611508,68.7,68.7,nan,0.89116672,nan,nan,2.0,0.0,2,nan
69.02723636627198,9.352517985611508,68.7,68.7,nan,0.89116672,nan,nan,2.0,0.0,2,nan
69.04390900532404,9.352517985611508,68.7,68.7,nan,0.89116672,nan,nan,2.0,0.0,2,nan
69.0605821331342,9.352517985611508,68.7,68.7,nan,0.89116672,nan,nan,2.0,0.0,2,nan
69.077254931132,9.352517985611508,68.7,68.7,nan,0.89116672,nan,nan,2.0,0.0,2,nan
69.09392614761988,9.352517985611508,68.7,68.7,nan,0.89116672,nan,nan,2.0,0.0,2,nan
69.11059761842093,9.352517985611508,68.7,68.7,nan,0.89116672,nan,nan,2.0,0.0,2,nan
69.12727008660634,9.352517985611508,68.7,68.7,nan,0.89116672,nan,nan,2.0,0.0,2,nan
69.1439426501592,9.352517985611508,68.7,68.7,nan,0.89116672,nan,nan,2.0,0.0,2,nan
69.16061328252157,9.352517985611508,68.7,68.7,nan,0.89116672,nan,nan,2.0,0.0,2,nan
69.17728569110234,9.352517985611508,68.7,68.7,nan,0.89116672,nan,nan,2.0,0.0,2,nan
69.19396159648895,9.532374100719421,68.7,68.7,nan,0.89116672,nan,nan,2.0,0.0,2,nan
69.2106338818868,9.532374100719421,68.7,68.7,nan,0.89116672,nan,nan,2.0,0.0,2,nan
69.22730838855108,9.532374100719421,68.7,68.7,nan,0.89116672,nan,nan,2.0,0.0,2,nan
69.24398018519084,9.532374100719421,68.7,68.7,nan,0.89116672,nan,nan,2.0,0.0,2,nan
69.26065227588018,9.532374100719421,68.7,68.7,nan,0.89116672,nan,nan,2.0,0.0,2,nan
69.2773302435875,9.532374100719421,68.7,68.7,nan,0.89116672,nan,nan,2.0,0.0,2,nan
69.2940019607544,9.532374100719421,68.7,68.7,nan,0.89116672,nan,nan,2.0,0.0,2,nan
69.31067342360815,9.532374100719421,68.7,68.7,nan,0.89116672,nan,nan,2.0,0.0,2,nan
69.32734761635463,9.532374100719421,68.7,68.7,nan,0.89116672,nan,nan,2.0,0.0,2,nan
69.34402010440826,9.532374100719421,68.7,68.7,nan,0.89116672,nan,nan,2.0,0.0,2,nan
69.36069302558899,9.532374100719421,68.7,68.7,nan,0.89116672,nan,nan,2.0,0.0,2,nan
69.37736616134643,9.532374100719421,68.7,68.7,nan,0.89116672,nan,nan,2.0,0.0,2,nan
69.39403759241104,9.532374100719421,68.7,68.7,nan,0.89116672,nan,nan,2.0,0.0,2,nan
69.41070968310038,9.532374100719421,68.7,68.7,nan,0.89116672,nan,nan,2.0,0.0,2,nan
69.42738144795099,9.532374100719421,68.7,68.7,nan,0.89116672,nan,nan,2.0,0.0,2,nan
69.44405164718628,9.532374100719421,68.7,68.7,nan,0.89116672,nan,nan,2.0,0.0,2,nan
69.46072354714076,9.532374100719421,68.7,68.7,nan,0.89116672,nan,nan,2.0,0.0,2,nan
69.47739520072938,9.532374100719421,68.7,68.7,nan,0.89116672,nan,nan,2.0,0.0,2,nan
69.49406689802805,9.712230215827333,68.7,68.7,nan,0.89116672,nan,nan,2.0,0.0,2,nan
69.51073768933614,9.712230215827333,68.7,68.7,nan,0.89116672,nan,nan,2.0,0.0,2,nan
69.52741029659907,9.712230215827333,68.7,68.7,nan,0.89116672,nan,nan,2.0,0.0,2,nan
69.54408186674118,9.712230215827333,68.7,68.7,nan,0.89116672,nan,nan,2.0,0.0,2,nan
69.56075401703517,9.712230215827333,68.7,68.7,nan,0.89116672,nan,nan,2.0,0.0,2,nan
69.57742607196172,9.712230215827333,68.7,68.7,nan,0.89116672,nan,nan,2.0,0.0,2,nan
69.59409637053808,9.712230215827333,68.7,68.7,nan,0.89116672,nan,nan,2.0,0.0,2,nan
69.61076562404632,9.712230215827333,68.7,68.7,nan,0.89116672,nan,nan,2.0,0.0,2,nan
69.62744382222493,9.712230215827333,68.7,68.7,nan,0.89116672,nan,nan,2.0,0.0,2,nan
69.64411792755126,9.712230215827333,68.7,68.7,nan,0.89116672,nan,nan,2.0,0.0,2,nan
69.66079524755477,9.712230215827333,68.7,68.7,nan,0.89116672,nan,nan,2.0,0.0,2,nan
69.67746818065643,9.712230215827333,68.7,68.7,nan,0.89116672,nan,nan,2.0,0.0,2,nan
69.69414160648982,9.712230215827333,68.7,68.7,nan,0.89116672,nan,nan,2.0,0.0,2,nan
69.71081337134044,9.712230215827333,68.7,68.7,nan,0.89116672,nan,nan,2.0,0.0,2,nan
69.72748408317565,8.633093525179858,68.7,68.7,nan,0.89116672,nan,nan,2.0,0.0,2,nan
69.74416381120682,8.633093525179858,68.7,68.7,nan,0.89116672,nan,nan,2.0,0.0,2,nan
69.76083356142044,8.633093525179858,68.7,68.7,nan,0.89116672,nan,nan,2.0,0.0,2,nan
69.77751607100168,8.633093525179858,68.7,68.7,nan,0.89116672,nan,nan,2.0,0.0,2,nan
69.79419409831365,8.633093525179858,68.7,68.7,nan,0.89116672,nan,nan,2.0,0.0,2,nan
69.81086965004603,8.633093525179858,68.7,68.7,nan,0.89116672,nan,nan,2.0,0.0,2,nan
69.82754350503286,8.633093525179858,68.7,68.7,nan,0.89116672,nan,nan,2.0,0.0,2,nan
69.84421498378119,8.633093525179858,68.7,68.7,nan,0.89116672,nan,nan,2.0,0.0,2,nan
69.86088426907857,8.633093525179858,68.7,68.7,nan,0.89116672,nan,nan,2.0,0.0,2,nan
69.87756007512411,8.633093525179858,68.7,68.7,nan,0.89116672,nan,nan,2.0,0.0,2,nan
69.89423118432363,8.633093525179858,68.7,68.7,nan,0.89116672,nan,nan,2.0,0.0,2,nan
69.91090091466904,8.633093525179858,68.7,68.7,nan,0.89116672,nan,nan,2.0,0.0,2,nan
69.92757091124852,8.633093525179858,68.7,68.7,nan,0.89116672,nan,nan,2.0,0.0,2,nan
69.94424048662185,8.633093525179858,68.7,68.7,nan,0.89116672,nan,nan,2.0,0.0,2,nan
69.96091133753458,8.633093525179858,68.7,68.7,nan,0.89116672,nan,nan,2.0,0.0,2,nan
69.97758292357126,8.633093525179858,68.7,68.7,nan,0.89116672,nan,nan,2.0,0.0,2,nan
69.99426308472951,8.812949640287771,68.7,68.7,nan,0.89116672,nan,nan,2.0,0.0,2,nan
70.01093389987946,8.992805755395683,68.7,68.7,nan,0.89116672,nan,nan,2.0,0.0,2,nan
70.02760410706202,8.992805755395683,68.7,68.7,nan,0.89116672,nan,nan,2.0,0.0,2,nan
70.04427934487661,8.992805755395683,68.7,68.7,nan,0.89116672,nan,nan,2.0,0.0,2,nan
70.06094944477081,8.992805755395683,68.7,68.7,nan,0.89116672,nan,nan,2.0,0.0,2,nan
70.07762028376261,8.992805755395683,68.7,68.7,nan,0.89116672,nan,nan,2.0,0.0,2,nan
70.09429397185643,8.992805755395683,68.7,68.7,nan,0.89116672,nan,nan,2.0,0.0,2,nan
70.11096616983414,8.992805755395683,68.7,68.7,nan,0.89116672,nan,nan,2.0,0.0,2,nan
70.12763747374217,8.992805755395683,68.7,68.7,nan,0.89116672,nan,nan,2.0,0.0,2,nan
70.14431017637253,8.992805755395683,68.7,68.7,nan,0.89116672,nan,nan,2.0,0.0,2,nan
70.16098314523697,8.992805755395683,68.7,68.7,nan,0.89116672,nan,nan,2.0,0.0,2,nan
70.17765400807063,8.992805755395683,68.7,68.7,nan,0.89116672,nan,nan,2.0,0.0,2,nan
70.1943236430486,8.992805755395683,68.7,68.7,nan,0.89116672,nan,nan,2.0,0.0,2,nan
70.21099735895793,8.992805755395683,68.7,68.7,nan,0.89116672,nan,nan,2.0,0.0,2,nan
70.22767200072606,8.992805755395683,68.7,68.7,nan,0.89116672,nan,nan,2.0,0.0,2,nan
70.24434312582017,8.992805755395683,68.7,68.7,nan,0.89116672,nan,nan,2.0,0.0,2,nan
70.26101551453273,8.992805755395683,68.7,68.7,nan,0.89116672,nan,nan,2.0,0.0,2,nan
70.27768871386846,8.992805755395683,68.7,68.7,nan,0.89116672,nan,nan,2.0,0.0,2,nan
70.29436051448187,8.992805755395683,68.7,68.7,nan,0.89116672,nan,nan,2.0,0.0,2,nan
70.31103359858194,8.992805755395683,68.7,68.7,nan,0.89116672,nan,nan,2.0,0.0,2,nan
70.32770812908808,8.992805755395683,68.7,68.7,nan,0.89116672,nan,nan,2.0,0.0,2,nan
70.34438028335572,8.992805755395683,68.7,68.7,nan,0.89116672,nan,nan,2.0,0.0,2,nan
70.36105233033499,8.992805755395683,68.7,68.7,nan,0.89116672,nan,nan,2.0,0.0,2,nan
70.37772541443506,8.992805755395683,68.7,68.7,nan,0.89116672,nan,nan,2.0,0.0,2,nan
70.39439755678177,8.992805755395683,68.7,68.7,nan,0.89116672,nan,nan,2.0,0.0,2,nan
70.41107128858566,8.812949640287771,68.7,68.7,nan,0.89116672,nan,nan,2.0,0.0,2,nan
70.4277440826098,8.812949640287771,68.7,68.7,nan,0.89116672,nan,nan,2.0,0.0,2,nan
70.44441686471303,8.812949640287771,68.7,68.7,nan,0.89116672,nan,nan,2.0,0.0,2,nan
70.46109209855398,8.812949640287771,68.7,68.7,nan,0.89116672,nan,nan,2.0,0.0,2,nan
70.47776511907577,8.812949640287771,68.7,68.7,nan,0.89116672,nan,nan,2.0,0.0,2,nan
70.49443749586742,8.812949640287771,68.7,68.7,nan,0.89116672,nan,nan,2.0,0.0,2,nan
70.51111007531485,8.992805755395683,68.7,68.7,nan,0.89116672,nan,nan,2.0,0.0,2,nan
70.52778147856394,9.172661870503596,68.7,68.7,nan,0.89116672,nan,nan,2.0,0.0,2,nan
70.54445342620214,9.172661870503596,68.7,68.7,nan,0.89116672,nan,nan,2.0,0.0,2,nan
70.56112557649612,9.172661870503596,68.7,68.7,nan,0.89116672,nan,nan,2.0,0.0,2,nan
70.57779814004898,9.172661870503596,68.7,68.7,nan,0.89116672,nan,nan,2.0,0.0,2,nan
70.5944702665011,5.39568345323741,68.7,68.7,nan,0.89116672,nan,nan,1.0,0.0,2,nan
70.61114334662756,8.273381294964032,68.7,68.7,nan,0.89116672,nan,nan,2.0,0.0,2,nan
70.62781546115875,8.273381294964032,68.7,68.7,nan,0.89116672,nan,nan,2.0,0.0,2,nan
70.64448745648066,8.273381294964032,68.7,68.7,nan,0.89116672,nan,nan,2.0,0.0,2,nan
70.66116040945053,8.273381294964032,68.7,68.7,nan,0.89116672,nan,nan,2.0,0.0,2,nan
70.67783236106237,8.273381294964032,68.7,68.7,nan,0.89116672,nan,nan,2.0,0.0,2,nan
70.69450828631719,8.273381294964032,68.7,68.7,nan,0.89116672,nan,nan,2.0,0.0,2,nan
70.71118032534918,8.273381294964032,68.7,68.7,nan,0.89116672,nan,nan,2.0,0.0,2,nan
70.72785306771597,8.273381294964032,68.7,68.7,nan,0.89116672,nan,nan,2.0,0.0,2,nan
70.74452537695566,8.273381294964032,68.7,68.7,nan,0.89116672,nan,nan,2.0,0.0,2,nan
70.76119719743728,8.273381294964032,68.7,68.7,nan,0.89116672,nan,nan,2.0,0.0,2,nan
70.77786919673284,8.273381294964032,68.7,68.7,nan,0.89116672,nan,nan,2.0,0.0,2,nan
70.79454172054926,8.453237410071946,68.7,68.7,nan,0.89116672,nan,nan,2.0,0.0,2,nan
70.81121404965718,8.453237410071946,68.7,68.7,nan,0.89116672,nan,nan,2.0,0.0,2,nan
70.82788619995117,8.453237410071946,68.7,68.7,nan,0.89116672,nan,nan,2.0,0.0,2,nan
70.84455800851187,3.0575539568345356,68.7,68.7,nan,0.89116672,nan,nan,1.0,0.0,2,nan
70.8612307190895,8.273381294964032,68.7,68.7,nan,0.89116672,nan,nan,2.0,0.0,2,nan
70.87790261904398,8.273381294964032,68.7,68.7,nan,0.89116672,nan,nan,2.0,0.0,2,nan
70.89457577466965,8.453237410071946,68.7,68.7,nan,0.89116672,nan,nan,2.0,0.0,2,nan
70.91124792893727,8.453237410071946,68.7,68.7,nan,0.89116672,nan,nan,2.0,0.0,2,nan
70.92792075475057,8.453237410071946,68.7,68.7,nan,0.89116672,nan,nan,2.0,0.0,2,nan
70.9445929646492,8.453237410071946,68.7,68.7,nan,0.89116672,nan,nan,2.0,0.0,2,nan
70.9612649679184,8.453237410071946,68.7,68.7,nan,0.89116672,nan,nan,2.0,0.0,2,nan
70.97793749968211,3.0575539568345356,68.7,68.7,nan,0.89116672,nan,nan,1.0,0.0,2,nan
70.99461237192153,8.453237410071946,68.7,68.7,nan,0.89116672,nan,nan,2.0,0.0,2,nan
71.01128546794256,8.453237410071946,68.7,68.7,nan,0.89116672,nan,nan,2.0,0.0,2,nan
71.02795443932216,8.453237410071946,68.7,68.7,nan,0.89116672,nan,nan,2.0,0.0,2,nan
71.04462749958039,8.453237410071946,68.7,68.7,nan,0.89116672,nan,nan,2.0,0.0,2,nan
71.06130024194718,5.39568345323741,68.7,68.7,nan,0.89116672,nan,nan,1.0,0.0,2,nan
71.07797909975052,8.453237410071946,68.7,68.7,nan,0.89116672,nan,nan,2.0,0.0,2,nan
71.09465137322744,3.0575539568345356,68.7,68.7,nan,0.89116672,nan,nan,1.0,0.0,2,nan
71.11132701237996,3.0575539568345356,68.7,68.7,nan,0.89116672,nan,nan,1.0,0.0,2,nan
71.12800029118856,5.39568345323741,68.7,68.7,nan,0.89116672,nan,nan,1.0,0.0,2,nan
71.14467479387919,8.633093525179858,68.7,68.7,nan,0.89116672,nan,nan,2.0,0.0,2,nan
71.16134496927262,3.237410071942448,68.7,68.7,nan,0.89116672,nan,nan,1.0,0.0,2,nan
71.17801730235418,3.237410071942448,68.7,68.7,nan,0.899555328,nan,nan,1.0,0.0,2,nan
71.19469199577968,8.633093525179858,68.7,68.7,nan,0.899555328,nan,nan,2.0,0.0,2,nan
71.21136424144109,8.633093525179858,68.7,68.7,nan,0.899555328,nan,nan,2.0,0.0,2,nan
71.22803628444672,8.633093525179858,68.7,68.7,nan,0.899555328,nan,nan,2.0,0.0,2,nan
71.2447083791097,8.633093525179858,68.7,68.7,nan,0.899555328,nan,nan,2.0,0.0,2,nan
71.2613817691803,5.575539568345322,68.7,68.7,nan,0.899555328,nan,nan,1.0,0.0,2,nan
71.27805448770523,8.812949640287771,68.7,68.7,nan,0.899555328,nan,nan,2.0,0.0,2,nan
71.29472678502401,8.812949640287771,68.7,68.7,nan,0.899555328,nan,nan,2.0,0.0,2,nan
71.31139922539393,8.812949640287771,68.7,68.7,nan,0.899555328,nan,nan,2.0,0.0,2,nan
71.32807202339173,8.812949640287771,68.7,68.7,nan,0.899555328,nan,nan,2.0,0.0,2,nan
71.34474433263144,8.812949640287771,68.7,68.7,nan,0.899555328,nan,nan,2.0,0.0,2,nan
71.36141713857651,8.812949640287771,68.7,68.7,nan,0.899555328,nan,nan,2.0,0.0,2,nan
71.3780882438024,8.812949640287771,68.7,68.7,nan,0.899555328,nan,nan,2.0,0.0,2,nan
71.39476043780645,8.812949640287771,68.7,68.7,nan,0.899555328,nan,nan,2.0,0.0,2,nan
71.41143277088801,8.812949640287771,68.7,68.7,nan,0.899555328,nan,nan,2.0,0.0,2,nan
71.42810389200847,8.812949640287771,68.7,68.7,nan,0.899555328,nan,nan,2.0,0.0,2,nan
71.44477599859238,8.812949640287771,68.7,68.7,nan,0.899555328,nan,nan,2.0,0.0,2,nan
71.46144799788793,8.812949640287771,68.7,68.7,nan,0.899555328,nan,nan,2.0,0.0,2,nan
71.47812060117721,8.812949640287771,68.7,68.7,nan,0.899555328,nan,nan,2.0,0.0,2,nan
71.49479483366012,5.575539568345322,68.7,68.7,nan,0.899555328,nan,nan,1.0,0.0,2,nan
71.51146920919419,8.812949640287771,68.7,68.7,nan,0.899555328,nan,nan,2.0,0.0,2,nan
71.52814173301061,8.812949640287771,68.7,68.7,nan,0.899555328,nan,nan,2.0,0.0,2,nan
71.54481445948282,8.812949640287771,68.7,68.7,nan,0.899555328,nan,nan,2.0,0.0,2,nan
71.56148487329483,8.812949640287771,68.7,68.7,nan,0.899555328,nan,nan,2.0,0.0,2,nan
71.57815422217051,8.812949640287771,68.7,68.7,nan,0.899555328,nan,nan,2.0,0.0,2,nan
71.59482595125834,8.812949640287771,68.7,68.7,nan,0.899555328,nan,nan,2.0,0.0,2,nan
71.6114991704623,8.812949640287771,68.7,68.7,nan,0.899555328,nan,nan,2.0,0.0,2,nan
71.62816839615503,8.812949640287771,68.7,68.7,nan,0.899555328,nan,nan,2.0,0.0,2,nan
71.64484130938848,8.812949640287771,68.7,68.7,nan,0.899555328,nan,nan,2.0,0.0,2,nan
71.66151903470357,8.812949640287771,68.7,68.7,nan,0.899555328,nan,nan,2.0,0.0,2,nan
71.67818859418233,8.812949640287771,68.7,68.7,nan,0.899555328,nan,nan,2.0,0.0,2,nan
71.69486419757207,8.812949640287771,68.7,68.7,nan,0.899555328,nan,nan,2.0,0.0,2,nan
71.71153715451558,8.812949640287771,68.7,68.7,nan,0.899555328,nan,nan,2.0,0.0,2,nan
71.72820825576783,8.812949640287771,68.7,68.7,nan,0.899555328,nan,nan,2.0,0.0,2,nan
71.7448822816213,8.812949640287771,68.7,68.7,nan,0.899555328,nan,nan,2.0,0.0,2,nan
71.76155438025792,8.812949640287771,68.7,68.7,nan,0.899555328,nan,nan,2.0,0.0,2,nan
71.77822376092276,8.812949640287771,68.7,68.7,nan,0.899555328,nan,nan,2.0,0.0,2,nan
71.79489494164785,8.992805755395683,68.7,68.7,nan,0.899555328,nan,nan,2.0,0.0,2,nan
71.81156810919444,8.992805755395683,68.7,68.7,nan,0.899555328,nan,nan,2.0,0.0,2,nan
71.82824397881826,8.992805755395683,68.7,68.7,nan,0.899555328,nan,nan,2.0,0.0,2,nan
71.84491653045019,9.172661870503596,68.7,68.7,nan,0.899555328,nan,nan,2.0,0.0,2,nan
71.86158878803253,9.172661870503596,68.7,68.7,nan,0.899555328,nan,nan,2.0,0.0,2,nan
71.8782618800799,9.172661870503596,68.7,68.7,nan,0.899555328,nan,nan,2.0,0.0,2,nan
71.89493522246678,9.172661870503596,68.7,68.7,nan,0.899555328,nan,nan,2.0,0.0,2,nan
71.91161061525345,9.172661870503596,68.7,68.7,nan,0.899555328,nan,nan,2.0,0.0,2,nan
71.9282840013504,9.172661870503596,68.7,68.7,nan,0.899555328,nan,nan,2.0,0.0,2,nan
71.94495342175166,9.172661870503596,68.7,68.7,nan,0.899555328,nan,nan,2.0,0.0,2,nan
71.96162714163462,9.172661870503596,68.7,68.7,nan,0.899555328,nan,nan,2.0,0.0,2,nan
71.97830154498418,9.172661870503596,68.7,68.7,nan,0.899555328,nan,nan,2.0,0.0,2,nan
71.99497496684393,9.172661870503596,68.7,68.7,nan,0.899555328,nan,nan,2.0,0.0,2,nan
72.01165072520574,9.172661870503596,68.7,68.7,nan,0.899555328,nan,nan,2.0,0.0,2,nan
72.02832016944885,9.172661870503596,68.7,68.7,nan,0.899555328,nan,nan,2.0,0.0,2,nan
72.04499356746673,9.172661870503596,68.7,68.7,nan,0.899555328,nan,nan,2.0,0.0,2,nan
72.06166505416235,9.172661870503596,68.7,68.7,nan,0.899555328,nan,nan,2.0,0.0,2,nan
72.07833464940389,9.172661870503596,68.7,68.7,nan,0.899555328,nan,nan,2.0,0.0,2,nan
72.09501244624455,9.172661870503596,68.7,68.7,nan,0.899555328,nan,nan,2.0,0.0,2,nan
72.11168523232142,9.172661870503596,68.7,68.7,nan,0.899555328,nan,nan,2.0,0.0,2,nan
72.12835995753606,9.172661870503596,68.7,68.7,nan,0.899555328,nan,nan,2.0,0.0,2,nan
72.14503282705942,9.172661870503596,68.7,68.7,nan,0.899555328,nan,nan,2.0,0.0,2,nan
72.1617032368978,9.172661870503596,68.7,68.7,nan,0.899555328,nan,nan,2.0,0.0,2,nan
72.17837798198065,9.172661870503596,68.7,68.7,nan,0.899555328,nan,nan,2.0,0.0,2,nan
72.19504939317703,9.172661870503596,68.7,68.7,nan,0.899555328,nan,nan,2.0,0.0,2,nan
72.21171983480454,9.172661870503596,68.7,68.7,nan,0.899555328,nan,nan,2.0,0.0,2,nan
72.22839274803798,9.172661870503596,68.7,68.7,nan,0.899555328,nan,nan,2.0,0.0,2,nan
72.24506226380666,9.172661870503596,68.7,68.7,nan,0.899555328,nan,nan,2.0,0.0,2,nan
72.2617331425349,9.172661870503596,68.7,68.7,nan,0.899555328,nan,nan,2.0,0.0,2,nan
72.27840232054392,9.172661870503596,68.7,68.7,nan,0.899555328,nan,nan,2.0,0.0,2,nan
72.29507580995559,9.172661870503596,68.7,68.7,nan,0.899555328,nan,nan,2.0,0.0,2,nan
72.31174600919088,9.352517985611508,68.7,68.7,nan,0.899555328,nan,nan,2.0,0.0,2,nan
72.3284187833468,9.352517985611508,68.7,68.7,nan,0.899555328,nan,nan,2.0,0.0,2,nan
72.34509468078613,9.352517985611508,68.7,68.7,nan,0.899555328,nan,nan,2.0,0.0,2,nan
72.36176756620407,9.532374100719421,68.7,68.7,nan,0.899555328,nan,nan,2.0,0.0,2,nan
72.37844050327936,9.532374100719421,68.7,68.7,nan,0.899555328,nan,nan,2.0,0.0,2,nan
72.3951095422109,9.532374100719421,68.7,68.7,nan,0.899555328,nan,nan,2.0,0.0,2,nan
72.41178036530813,9.532374100719421,68.7,68.7,nan,0.899555328,nan,nan,2.0,0.0,2,nan
72.42845139900844,9.532374100719421,68.7,68.7,nan,0.899555328,nan,nan,2.0,0.0,2,nan
72.44512788454692,9.532374100719421,68.7,68.7,nan,0.899555328,nan,nan,2.0,0.0,2,nan
72.46179981629054,9.532374100719421,68.7,68.7,nan,0.899555328,nan,nan,2.0,0.0,2,nan
72.47847055196762,9.532374100719421,68.7,68.7,nan,0.899555328,nan,nan,2.0,0.0,2,nan
72.49514269431432,9.532374100719421,68.7,68.7,nan,0.899555328,nan,nan,2.0,0.0,2,nan
72.51181531349818,9.532374100719421,68.7,68.7,nan,0.899555328,nan,nan,2.0,0.0,2,nan
72.52848779757818,9.532374100719421,68.7,68.7,nan,0.899555328,nan,nan,2.0,0.0,2,nan
72.54515887498856,9.532374100719421,68.7,68.7,nan,0.899555328,nan,nan,2.0,0.0,2,nan
72.56183007558187,9.532374100719421,68.7,68.7,nan,0.899555328,nan,nan,2.0,0.0,2,nan
72.57850124438603,9.532374100719421,68.7,68.7,nan,0.899555328,nan,nan,2.0,0.0,2,nan
72.59517524639766,9.532374100719421,68.7,68.7,nan,0.899555328,nan,nan,2.0,0.0,2,nan
72.61184587876002,9.532374100719421,68.7,68.7,nan,0.899555328,nan,nan,2.0,0.0,2,nan
72.62852079073588,9.532374100719421,68.7,68.7,nan,0.899555328,nan,nan,2.0,0.0,2,nan
72.64519058863321,9.532374100719421,68.7,68.7,nan,0.899555328,nan,nan,2.0,0.0,2,nan
72.66185964345932,9.532374100719421,68.7,68.7,nan,0.899555328,nan,nan,2.0,0.0,2,nan
72.67853435675303,9.532374100719421,68.7,68.7,nan,0.899555328,nan,nan,2.0,0.0,2,nan
72.69521067142486,9.532374100719421,68.7,68.7,nan,0.899555328,nan,nan,2.0,0.0,2,nan
72.71188503901163,9.532374100719421,68.7,68.7,nan,0.899555328,nan,nan,2.0,0.0,2,nan
72.72855449120203,9.532374100719421,68.7,68.7,nan,0.899555328,nan,nan,2.0,0.0,2,nan
72.74522526264191,9.532374100719421,68.7,68.7,nan,0.899555328,nan,nan,2.0,0.0,2,nan
72.76189591884614,9.532374100719421,68.7,68.7,nan,0.899555328,nan,nan,2.0,0.0,2,nan
72.7785701751709,9.532374100719421,68.7,68.7,nan,0.899555328,nan,nan,2.0,0.0,2,nan
72.795241467158,9.532374100719421,68.7,68.7,nan,0.899555328,nan,nan,2.0,0.0,2,nan
72.81191505591075,9.532374100719421,68.7,68.7,nan,0.899555328,nan,nan,2.0,0.0,2,nan
72.82858435710271,9.712230215827333,68.7,68.7,nan,0.899555328,nan,nan,2.0,0.0,2,nan
72.84525324900945,9.712230215827333,68.7,68.7,nan,0.899555328,nan,nan,2.0,0.0,2,nan
72.86192942063013,9.712230215827333,68.7,68.7,nan,0.899555328,nan,nan,2.0,0.0,2,nan
72.8785986940066,10.431654676258994,68.7,68.7,nan,0.899555328,nan,nan,2.0,0.0,2,nan
72.8952693939209,9.892086330935257,68.7,68.7,nan,0.899555328,nan,nan,2.0,0.0,2,nan
72.91194306612014,9.892086330935257,68.7,68.7,nan,0.899555328,nan,nan,2.0,0.0,2,nan
72.9286141594251,9.892086330935257,68.7,68.7,nan,0.899555328,nan,nan,2.0,0.0,2,nan
72.94528638919195,9.892086330935257,68.7,68.7,nan,0.899555328,nan,nan,2.0,0.0,2,nan
72.96195986270905,6.1151079136690605,68.7,68.7,nan,0.899555328,nan,nan,1.0,0.0,2,nan
72.97863017320633,9.352517985611508,68.7,68.7,nan,0.899555328,nan,nan,2.0,0.0,2,nan
72.99530406395594,9.352517985611508,68.7,68.7,nan,0.899555328,nan,nan,2.0,0.0,2,nan
73.0119741598765,10.07194244604317,68.7,68.7,nan,0.899555328,nan,nan,2.0,0.0,2,nan
73.02864371140798,9.532374100719421,68.7,68.7,nan,0.899555328,nan,nan,2.0,0.0,2,nan
73.04531775712967,9.532374100719421,68.7,68.7,nan,0.899555328,nan,nan,2.0,0.0,2,nan
73.06198778947194,9.532374100719421,68.7,68.7,nan,0.899555328,nan,nan,2.0,0.0,2,nan
73.07865711450577,9.532374100719421,68.7,68.7,nan,0.899555328,nan,nan,2.0,0.0,2,nan
73.09533091783524,9.532374100719421,68.7,68.7,nan,0.899555328,nan,nan,2.0,0.0,2,nan
73.11200198729833,6.1151079136690605,68.7,68.7,nan,0.899555328,nan,nan,1.0,0.0,2,nan
73.12867838144302,6.1151079136690605,68.7,68.7,nan,0.907943936,nan,nan,1.0,0.0,2,nan
73.1453493475914,9.532374100719421,68.7,68.7,nan,0.910041088,nan,nan,2.0,0.0,2,nan
73.16202747821808,9.532374100719421,68.7,68.7,nan,0.910041088,nan,nan,2.0,0.0,2,nan
73.17870049476623,9.532374100719421,68.7,68.7,nan,0.910041088,nan,nan,2.0,0.0,2,nan
73.195376821359,9.532374100719421,68.7,68.7,nan,0.910041088,nan,nan,2.0,0.0,2,nan
73.21204723914464,9.532374100719421,68.7,68.7,nan,0.910041088,nan,nan,2.0,0.0,2,nan
73.22871919473012,9.532374100719421,68.7,68.7,nan,0.910041088,nan,nan,2.0,0.0,2,nan
73.24539694388707,9.532374100719421,68.7,68.7,nan,0.910041088,nan,nan,2.0,0.0,2,nan
73.2620662689209,6.1151079136690605,68.7,68.7,nan,0.918429696,nan,nan,1.0,0.0,2,nan
73.27873991330465,9.532374100719421,68.7,68.7,nan,0.918429696,nan,nan,2.0,0.0,2,nan
73.29541143576304,9.532374100719421,68.7,68.7,nan,0.918429696,nan,nan,2.0,0.0,2,nan
73.31208313306173,10.07194244604317,68.7,68.7,nan,0.918429696,nan,nan,2.0,0.0,2,nan
73.32875526746115,9.532374100719421,68.7,68.7,nan,0.918429696,nan,nan,2.0,0.0,2,nan
73.34542498588561,6.294964028776984,68.7,68.7,nan,0.918429696,nan,nan,1.0,0.0,2,nan
73.36209628979366,9.712230215827333,68.7,68.7,nan,0.918429696,nan,nan,2.0,0.0,2,nan
73.37876660029093,9.712230215827333,68.7,68.7,nan,0.918429696,nan,nan,2.0,0.0,2,nan
73.39543753465017,9.712230215827333,68.7,68.7,nan,0.918429696,nan,nan,2.0,0.0,2,nan
73.41211003462473,9.712230215827333,68.7,68.7,nan,0.918429696,nan,nan,2.0,0.0,2,nan
73.42878279685974,9.712230215827333,68.7,68.7,nan,0.918429696,nan,nan,2.0,0.0,2,nan
73.44545321067174,6.294964028776984,68.7,68.7,nan,0.918429696,nan,nan,1.0,0.0,2,nan
73.46212844848633,9.712230215827333,68.7,68.7,nan,0.918429696,nan,nan,2.0,0.0,2,nan
73.47880057493846,9.712230215827333,68.7,68.7,nan,0.918429696,nan,nan,2.0,0.0,2,nan
73.49547703266144,9.712230215827333,68.7,68.7,nan,0.918429696,nan,nan,2.0,0.0,2,nan
73.5121530532837,9.712230215827333,68.7,68.7,nan,0.918429696,nan,nan,2.0,0.0,2,nan
73.52882843414942,9.712230215827333,68.7,68.7,nan,0.918429696,nan,nan,2.0,0.0,2,nan
73.54550372362137,9.712230215827333,68.7,68.7,nan,0.918429696,nan,nan,2.0,0.0,2,nan
73.5621763308843,9.892086330935257,68.7,68.7,nan,0.918429696,nan,nan,2.0,0.0,2,nan
73.57884569168091,9.892086330935257,68.7,68.7,nan,0.918429696,nan,nan,2.0,0.0,2,nan
73.59551639556885,9.892086330935257,68.7,68.7,nan,0.918429696,nan,nan,2.0,0.0,2,nan
73.61218520005544,9.892086330935257,68.7,68.7,nan,0.918429696,nan,nan,2.0,0.0,2,nan
73.6288570801417,9.892086330935257,68.7,68.7,nan,0.918429696,nan,nan,2.0,0.0,2,nan
73.64553119341532,9.892086330935257,68.7,68.7,nan,0.918429696,nan,nan,2.0,0.0,2,nan
73.66220185756683,9.892086330935257,68.7,68.7,nan,0.918429696,nan,nan,2.0,0.0,2,nan
73.67887582778931,9.892086330935257,68.7,68.7,nan,0.918429696,nan,nan,2.0,0.0,2,nan
73.69554483095804,9.892086330935257,68.7,68.7,nan,0.918429696,nan,nan,2.0,0.0,2,nan
73.71221402088801,9.892086330935257,68.7,68.7,nan,0.918429696,nan,nan,2.0,0.0,2,nan
73.72888528903326,9.892086330935257,68.7,68.7,nan,0.918429696,nan,nan,2.0,0.0,2,nan
73.7455597837766,9.892086330935257,68.7,68.7,nan,0.918429696,nan,nan,2.0,0.0,2,nan
73.76223287185033,9.892086330935257,68.7,68.7,nan,0.918429696,nan,nan,2.0,0.0,2,nan
73.77890226046244,9.892086330935257,68.7,68.7,nan,0.918429696,nan,nan,2.0,0.0,2,nan
73.79557776848475,9.892086330935257,68.7,68.7,nan,0.918429696,nan,nan,2.0,0.0,2,nan
73.81225046714147,9.892086330935257,68.7,68.7,nan,0.918429696,nan,nan,2.0,0.0,2,nan
73.8289200981458,9.892086330935257,68.7,68.7,nan,0.918429696,nan,nan,2.0,0.0,2,nan
73.84559462865194,9.892086330935257,68.7,68.7,nan,0.918429696,nan,nan,2.0,0.0,2,nan
73.86226780017218,9.892086330935257,68.7,68.7,nan,0.918429696,nan,nan,2.0,0.0,2,nan
73.87894130547842,10.07194244604317,68.7,68.7,nan,0.918429696,nan,nan,2.0,0.0,2,nan
73.89561320145926,10.07194244604317,68.7,68.7,nan,0.918429696,nan,nan,2.0,0.0,2,nan
73.91228276093801,10.07194244604317,68.7,68.7,nan,0.918429696,nan,nan,2.0,0.0,2,nan
73.92895942131678,10.07194244604317,68.7,68.7,nan,0.918429696,nan,nan,2.0,0.0,2,nan
73.94563072919846,10.07194244604317,68.7,68.7,nan,0.918429696,nan,nan,2.0,0.0,2,nan
73.96230010588964,10.07194244604317,68.7,68.7,nan,0.918429696,nan,nan,2.0,0.0,2,nan
73.97897044420242,10.07194244604317,68.7,68.7,nan,0.918429696,nan,nan,2.0,0.0,2,nan
73.99563951889674,10.07194244604317,68.7,68.7,nan,0.918429696,nan,nan,2.0,0.0,2,nan
74.01230841080347,10.07194244604317,68.7,68.7,nan,0.918429696,nan,nan,2.0,0.0,2,nan
74.02898386716842,10.07194244604317,68.7,68.7,nan,0.918429696,nan,nan,2.0,0.0,2,nan
74.0456536491712,10.07194244604317,68.7,68.7,nan,0.918429696,nan,nan,2.0,0.0,2,nan
74.06232738892237,6.474820143884896,68.7,68.7,nan,0.918429696,nan,nan,1.0,0.0,2,nan
74.07899797360102,10.611510791366907,68.7,68.7,nan,0.918429696,nan,nan,2.0,0.0,2,nan
74.09566929737727,10.07194244604317,68.7,68.7,nan,0.918429696,nan,nan,2.0,0.0,2,nan
74.11234080791473,10.07194244604317,68.7,68.7,nan,0.918429696,nan,nan,2.0,0.0,2,nan
74.12901138861974,10.07194244604317,68.7,68.7,nan,0.918429696,nan,nan,2.0,0.0,2,nan
74.14568171501159,10.07194244604317,68.7,68.7,nan,0.918429696,nan,nan,2.0,0.0,2,nan
74.16235264142354,10.07194244604317,68.7,68.7,nan,0.918429696,nan,nan,2.0,0.0,2,nan
74.17902802228927,10.07194244604317,68.7,68.7,nan,0.918429696,nan,nan,2.0,0.0,2,nan
74.19569775263469,10.07194244604317,68.7,68.7,nan,0.918429696,nan,nan,2.0,0.0,2,nan
74.21236887772878,10.07194244604317,68.7,68.7,nan,0.918429696,nan,nan,2.0,0.0,2,nan
74.22904450496038,10.07194244604317,68.7,68.7,nan,0.918429696,nan,nan,2.0,0.0,2,nan
74.24572046200434,10.07194244604317,68.7,68.7,nan,0.918429696,nan,nan,2.0,0.0,2,nan
74.26239358584085,10.07194244604317,68.7,68.7,nan,0.918429696,nan,nan,2.0,0.0,2,nan
74.27906723419825,10.07194244604317,68.7,68.7,nan,0.918429696,nan,nan,2.0,0.0,2,nan
74.29574277400971,10.07194244604317,68.7,68.7,nan,0.918429696,nan,nan,2.0,0.0,2,nan
74.312413195769,10.07194244604317,68.7,68.7,nan,0.918429696,nan,nan,2.0,0.0,2,nan
74.3290829539299,10.07194244604317,68.7,68.7,nan,0.918429696,nan,nan,2.0,0.0,2,nan
74.34575266838074,10.07194244604317,68.7,68.7,nan,0.918429696,nan,nan,2.0,0.0,2,nan
74.36242706775666,10.07194244604317,68.7,68.7,nan,0.918429696,nan,nan,2.0,0.0,2,nan
74.37909957170487,10.07194244604317,68.7,68.7,nan,0.918429696,nan,nan,2.0,0.0,2,nan
74.39577156305313,10.251798561151082,68.7,68.7,nan,0.918429696,nan,nan,2.0,0.0,2,nan
74.41244430144629,10.251798561151082,68.7,68.7,nan,0.918429696,nan,nan,2.0,0.0,2,nan
74.42911406358083,10.251798561151082,68.7,68.7,nan,0.918429696,nan,nan,2.0,0.0,2,nan
74.44578442176183,10.251798561151082,68.7,68.7,nan,0.918429696,nan,nan,2.0,0.0,2,nan
74.46246178150177,10.251798561151082,68.7,68.7,nan,0.918429696,nan,nan,2.0,0.0,2,nan
74.47913381258647,10.251798561151082,68.7,68.7,nan,0.918429696,nan,nan,2.0,0.0,2,nan
74.49580804904302,10.251798561151082,68.7,68.7,nan,0.918429696,nan,nan,2.0,0.0,2,nan
74.51247965494791,10.251798561151082,68.7,68.7,nan,0.918429696,nan,nan,2.0,0.0,2,nan
74.52915385564168,10.251798561151082,68.7,68.7,nan,0.918429696,nan,nan,2.0,0.0,2,nan
74.54582663774491,10.251798561151082,68.7,68.7,nan,0.918429696,nan,nan,2.0,0.0,2,nan
74.56249961058299,10.251798561151082,68.7,68.7,nan,0.918429696,nan,nan,2.0,0.0,2,nan
74.5791706720988,10.251798561151082,68.7,68.7,nan,0.918429696,nan,nan,2.0,0.0,2,nan
74.59584241310755,10.251798561151082,68.7,68.7,nan,0.918429696,nan,nan,2.0,0.0,2,nan
74.61251622041067,10.431654676258994,68.7,68.7,nan,0.918429696,nan,nan,2.0,0.0,2,nan
74.62918742497762,10.431654676258994,68.7,68.7,nan,0.918429696,nan,nan,2.0,0.0,2,nan
74.64585707187652,10.431654676258994,68.7,68.7,nan,0.918429696,nan,nan,2.0,0.0,2,nan
74.66252851486206,10.431654676258994,68.7,68.7,nan,0.918429696,nan,nan,2.0,0.0,2,nan
74.67920408646266,10.431654676258994,68.7,68.7,nan,0.918429696,nan,nan,2.0,0.0,2,nan
74.69587439695994,10.431654676258994,68.7,68.7,nan,0.918429696,nan,nan,2.0,0.0,2,nan
74.71254831155142,10.431654676258994,68.7,68.7,nan,0.918429696,nan,nan,2.0,0.0,2,nan
74.72922138770421,10.431654676258994,68.7,68.7,nan,0.918429696,nan,nan,2.0,0.0,2,nan
74.74589278697968,10.431654676258994,68.7,68.7,nan,0.918429696,nan,nan,2.0,0.0,2,nan
74.76256534655889,10.431654676258994,68.7,68.7,nan,0.918429696,nan,nan,2.0,0.0,2,nan
74.77924086650212,10.431654676258994,68.7,68.7,nan,0.918429696,nan,nan,2.0,0.0,2,nan
74.79591331481933,10.431654676258994,68.7,68.7,nan,0.918429696,nan,nan,2.0,0.0,2,nan
74.81258632739384,10.431654676258994,68.7,68.7,nan,0.918429696,nan,nan,2.0,0.0,2,nan
74.82926216125489,10.431654676258994,68.7,68.7,nan,0.918429696,nan,nan,2.0,0.0,2,nan
74.84593404134115,10.431654676258994,68.7,68.7,nan,0.918429696,nan,nan,2.0,0.0,2,nan
74.86260830958685,10.431654676258994,68.7,68.7,nan,0.918429696,nan,nan,2.0,0.0,2,nan
74.87928125063578,10.431654676258994,68.7,68.7,nan,0.918429696,nan,nan,2.0,0.0,2,nan
74.89595196644466,10.431654676258994,68.7,68.7,nan,0.918429696,nan,nan,2.0,0.0,2,nan
74.91262744665146,10.431654676258994,68.7,68.7,nan,0.918429696,nan,nan,2.0,0.0,2,nan
74.92930070161819,10.611510791366907,68.7,68.7,nan,0.918429696,nan,nan,2.0,0.0,2,nan
74.9459746003151,10.611510791366907,68.7,68.7,nan,0.918429696,nan,nan,2.0,0.0,2,nan
74.96264556248983,10.611510791366907,68.7,68.7,nan,0.918429696,nan,nan,2.0,0.0,2,nan
74.97931563456854,10.611510791366907,68.7,68.7,nan,0.918429696,nan,nan,2.0,0.0,2,nan
74.99598667621612,10.611510791366907,68.7,68.7,nan,0.918429696,nan,nan,2.0,0.0,2,nan
75.012659907341,10.611510791366907,68.7,68.7,nan,0.918429696,nan,nan,2.0,0.0,2,nan
75.02933272520701,10.611510791366907,68.7,68.7,nan,0.918429696,nan,nan,2.0,0.0,2,nan
75.04600320657094,10.611510791366907,68.7,68.7,nan,0.918429696,nan,nan,2.0,0.0,2,nan
75.06267871061961,10.611510791366907,68.7,68.7,nan,0.918429696,nan,nan,2.0,0.0,2,nan
75.07934745550156,10.611510791366907,68.7,68.7,nan,0.918429696,nan,nan,2.0,0.0,2,nan
75.0960184375445,10.611510791366907,68.7,68.7,nan,0.918429696,nan,nan,2.0,0.0,2,nan
75.11270305713018,10.611510791366907,68.7,68.7,nan,0.918429696,nan,nan,2.0,0.0,2,nan
75.12937573194503,10.79136690647482,68.7,68.7,nan,0.918429696,nan,nan,2.0,0.0,2,nan
75.14604819615683,10.79136690647482,68.7,68.7,nan,0.918429696,nan,nan,2.0,0.0,2,nan
75.16272063652674,10.79136690647482,68.7,68.7,nan,0.918429696,nan,nan,2.0,0.0,2,nan
75.17939382394155,10.79136690647482,68.7,68.7,nan,0.918429696,nan,nan,2.0,0.0,2,nan
75.19607609907786,10.07194244604317,68.7,68.7,nan,0.918429696,nan,nan,2.0,0.0,2,nan
75.21274740695954,9.532374100719421,68.7,68.7,nan,0.918429696,nan,nan,2.0,0.0,2,nan
75.2294186035792,9.532374100719421,68.7,68.7,nan,0.918429696,nan,nan,2.0,0.0,2,nan
75.24609295924505,9.532374100719421,68.7,68.7,nan,0.918429696,nan,nan,2.0,0.0,2,nan
75.26276531219483,9.532374100719421,68.7,68.7,nan,0.918429696,nan,nan,2.0,0.0,2,nan
75.27943731546402,9.532374100719421,68.7,68.7,nan,0.918429696,nan,nan,2.0,0.0,2,nan
75.29610844055811,9.532374100719421,68.7,68.7,nan,0.918429696,nan,nan,2.0,0.0,2,nan
75.31277874708175,9.532374100719421,68.7,68.7,nan,0.918429696,nan,nan,2.0,0.0,2,nan
75.32945133845011,9.532374100719421,68.7,68.7,nan,0.918429696,nan,nan,2.0,0.0,2,nan
75.3461257894834,9.532374100719421,68.7,68.7,nan,0.918429696,nan,nan,2.0,0.0,2,nan
75.36279771327972,9.532374100719421,68.7,68.7,nan,0.918429696,nan,nan,2.0,0.0,2,nan
75.37946981986364,9.532374100719421,68.7,68.7,nan,0.918429696,nan,nan,2.0,0.0,2,nan
75.39614291191101,9.532374100719421,68.7,68.7,nan,0.918429696,nan,nan,2.0,0.0,2,nan
75.41281477212905,9.532374100719421,68.7,68.7,nan,0.918429696,nan,nan,2.0,0.0,2,nan
75.42948653300603,9.532374100719421,68.7,68.7,nan,0.918429696,nan,nan,2.0,0.0,2,nan
75.44615857601165,9.532374100719421,68.7,68.7,nan,0.918429696,nan,nan,2.0,0.0,2,nan
75.46283096472422,9.532374100719421,68.7,68.7,nan,0.918429696,nan,nan,2.0,0.0,2,nan
75.47950296401977,9.532374100719421,68.7,68.7,nan,0.918429696,nan,nan,2.0,0.0,2,nan
75.49617526133855,9.532374100719421,68.7,68.7,nan,0.918429696,nan,nan,2.0,0.0,2,nan
75.51284741560617,9.532374100719421,68.7,68.7,nan,0.918429696,nan,nan,2.0,0.0,2,nan
75.5295205116272,9.532374100719421,68.7,68.7,nan,0.918429696,nan,nan,2.0,0.0,2,nan
75.54619311889013,9.532374100719421,68.7,68.7,nan,0.918429696,nan,nan,2.0,0.0,2,nan
75.56286540031434,9.532374100719421,68.7,68.7,nan,0.918429696,nan,nan,2.0,0.0,2,nan
75.57953819433848,9.532374100719421,68.7,68.7,nan,0.918429696,nan,nan,2.0,0.0,2,nan
75.5962103287379,9.532374100719421,68.7,68.7,nan,0.918429696,nan,nan,2.0,0.0,2,nan
75.61288242737452,9.532374100719421,68.7,68.7,nan,0.918429696,nan,nan,2.0,0.0,2,nan
75.62955353657405,9.532374100719421,68.7,68.7,nan,0.918429696,nan,nan,2.0,0.0,2,nan
75.64622566302617,9.532374100719421,68.7,68.7,nan,0.918429696,nan,nan,2.0,0.0,2,nan
75.6628976504008,9.712230215827333,68.7,68.7,nan,0.918429696,nan,nan,2.0,0.0,2,nan
75.67956938743592,9.712230215827333,68.7,68.7,nan,0.918429696,nan,nan,2.0,0.0,2,nan
75.69624170859655,10.431654676258994,68.7,68.7,nan,0.918429696,nan,nan,2.0,0.0,2,nan
75.71291350126266,9.892086330935257,68.7,68.7,nan,0.918429696,nan,nan,2.0,0.0,2,nan
75.72958571513495,9.892086330935257,68.7,68.7,nan,0.918429696,nan,nan,2.0,0.0,2,nan
75.74625847736995,9.892086330935257,68.7,68.7,nan,0.918429696,nan,nan,2.0,0.0,2,nan
75.76293056805929,9.892086330935257,68.7,68.7,nan,0.918429696,nan,nan,2.0,0.0,2,nan
75.77960289319357,9.892086330935257,68.7,68.7,nan,0.918429696,nan,nan,2.0,0.0,2,nan
75.79627496004105,9.892086330935257,68.7,68.7,nan,0.918429696,nan,nan,2.0,0.0,2,nan
75.81294713815053,9.892086330935257,68.7,68.7,nan,0.918429696,nan,nan,2.0,0.0,2,nan
75.82961919705073,9.892086330935257,68.7,68.7,nan,0.918429696,nan,nan,2.0,0.0,2,nan
75.84629150231679,9.892086330935257,68.7,68.7,nan,0.918429696,nan,nan,2.0,0.0,2,nan
75.86296464999516,9.892086330935257,68.7,68.7,nan,0.918429696,nan,nan,2.0,0.0,2,nan
75.87963777780533,9.892086330935257,68.7,68.7,nan,0.918429696,nan,nan,2.0,0.0,2,nan
75.89630974928538,9.892086330935257,68.7,68.7,nan,0.918429696,nan,nan,2.0,0.0,2,nan
75.9129819115003,9.892086330935257,68.7,68.7,nan,0.918429696,nan,nan,2.0,0.0,2,nan
75.92965508302053,9.892086330935257,68.7,68.7,nan,0.918429696,nan,nan,2.0,0.0,2,nan
75.94632752339045,9.892086330935257,68.7,68.7,nan,0.918429696,nan,nan,2.0,0.0,2,nan
75.96299939552942,9.892086330935257,68.7,68.7,nan,0.918429696,nan,nan,2.0,0.0,2,nan
75.9796717206637,9.892086330935257,68.7,68.7,nan,0.918429696,nan,nan,2.0,0.0,2,nan
75.99634414513906,9.892086330935257,68.7,68.7,nan,0.918429696,nan,nan,2.0,0.0,2,nan
76.01301610469818,9.892086330935257,68.7,68.7,nan,0.918429696,nan,nan,2.0,0.0,2,nan
76.02968834241231,9.892086330935257,68.7,68.7,nan,0.918429696,nan,nan,2.0,0.0,2,nan
76.04636171658834,9.892086330935257,68.7,68.7,nan,0.918429696,nan,nan,2.0,0.0,2,nan
76.06303374767303,9.892086330935257,68.7,68.7,nan,0.918429696,nan,nan,2.0,0.0,2,nan
76.07971231937408,9.892086330935257,68.7,68.7,nan,0.918429696,nan,nan,2.0,0.0,2,nan
76.09638452529907,9.892086330935257,68.7,68.7,nan,0.918429696,nan,nan,2.0,0.0,2,nan
76.11306039889654,9.892086330935257,68.7,68.7,nan,0.918429696,nan,nan,2.0,0.0,2,nan
76.12973374525706,9.892086330935257,68.7,68.7,nan,0.918429696,nan,nan,2.0,0.0,2,nan
76.1464087843895,9.892086330935257,68.7,68.7,nan,0.918429696,nan,nan,2.0,0.0,2,nan
76.16308089494706,9.892086330935257,68.7,68.7,nan,0.918429696,nan,nan,2.0,0.0,2,nan
76.17975393533706,10.07194244604317,68.7,68.7,nan,0.918429696,nan,nan,2.0,0.0,2,nan
76.19642647902171,10.07194244604317,68.7,68.7,nan,0.918429696,nan,nan,2.0,0.0,2,nan
76.21309981743495,10.07194244604317,68.7,68.7,nan,0.918429696,nan,nan,2.0,0.0,2,nan
76.22977128426234,10.251798561151082,68.7,68.7,nan,0.918429696,nan,nan,2.0,0.0,2,nan
76.24644408226013,10.251798561151082,68.7,68.7,nan,0.918429696,nan,nan,2.0,0.0,2,nan
76.26311608155568,10.251798561151082,68.7,68.7,nan,0.918429696,nan,nan,2.0,0.0,2,nan
76.2797882994016,10.251798561151082,68.7,68.7,nan,0.918429696,nan,nan,2.0,0.0,2,nan
76.29645945628484,10.251798561151082,68.7,68.7,nan,0.918429696,nan,nan,2.0,0.0,2,nan
76.31313163042068,10.251798561151082,68.7,68.7,nan,0.918429696,nan,nan,2.0,0.0,2,nan
76.3298039396604,10.251798561151082,68.7,68.7,nan,0.918429696,nan,nan,2.0,0.0,2,nan
76.34647593100865,10.251798561151082,68.7,68.7,nan,0.918429696,nan,nan,2.0,0.0,2,nan
76.3631470322609,10.251798561151082,68.7,68.7,nan,0.918429696,nan,nan,2.0,0.0,2,nan
76.37981935739518,10.251798561151082,68.7,68.7,nan,0.918429696,nan,nan,2.0,0.0,2,nan
76.39649183352789,10.251798561151082,68.7,68.7,nan,0.918429696,nan,nan,2.0,0.0,2,nan
76.41316374142964,10.251798561151082,68.7,68.7,nan,0.918429696,nan,nan,2.0,0.0,2,nan
76.42983595530193,10.251798561151082,68.7,68.7,nan,0.918429696,nan,nan,2.0,0.0,2,nan
76.4465092420578,10.251798561151082,68.7,68.7,nan,0.918429696,nan,nan,2.0,0.0,2,nan
76.46318171819051,10.251798561151082,68.7,68.7,nan,0.918429696,nan,nan,2.0,0.0,2,nan
76.47985450029373,10.251798561151082,68.7,68.7,nan,0.918429696,nan,nan,2.0,0.0,2,nan
76.49652587175369,10.251798561151082,68.7,68.7,nan,0.918429696,nan,nan,2.0,0.0,2,nan
76.51319827636082,10.251798561151082,68.7,68.7,nan,0.918429696,nan,nan,2.0,0.0,2,nan
76.52987043062846,10.251798561151082,68.7,68.7,nan,0.918429696,nan,nan,2.0,0.0,2,nan
76.54654292265575,10.251798561151082,68.7,68.7,nan,0.918429696,nan,nan,2.0,0.0,2,nan
76.56321517626445,5.935251798561147,68.7,68.7,nan,0.918429696,nan,nan,1.0,0.0,2,nan
76.57988780736923,9.532374100719421,68.7,68.7,nan,0.918429696,nan,nan,2.0,0.0,2,nan
76.59656072060267,9.532374100719421,68.7,68.7,nan,0.918429696,nan,nan,2.0,0.0,2,nan
76.61323351462683,9.532374100719421,68.7,68.7,nan,0.918429696,nan,nan,2.0,0.0,2,nan
76.62990523576737,9.532374100719421,68.7,68.7,nan,0.918429696,nan,nan,2.0,0.0,2,nan
76.64657793045043,9.532374100719421,68.7,68.7,nan,0.918429696,nan,nan,2.0,0.0,2,nan
76.66325005292893,9.532374100719421,68.7,68.7,nan,0.918429696,nan,nan,2.0,0.0,2,nan
76.67992541790008,9.532374100719421,68.7,68.7,nan,0.918429696,nan,nan,2.0,0.0,2,nan
76.69659647146861,9.532374100719421,68.7,68.7,nan,0.918429696,nan,nan,2.0,0.0,2,nan
76.71326913436253,9.532374100719421,68.7,68.7,nan,0.918429696,nan,nan,2.0,0.0,2,nan
76.72994207938513,9.532374100719421,68.7,68.7,nan,0.918429696,nan,nan,2.0,0.0,2,nan
76.74661471048991,9.712230215827333,68.7,68.7,nan,0.918429696,nan,nan,2.0,0.0,2,nan
76.76328693628311,9.712230215827333,68.7,68.7,nan,0.918429696,nan,nan,2.0,0.0,2,nan
76.77995977004369,9.712230215827333,68.7,68.7,nan,0.918429696,nan,nan,2.0,0.0,2,nan
76.7966317375501,9.712230215827333,68.7,68.7,nan,0.918429696,nan,nan,2.0,0.0,2,nan
76.81330353418986,9.712230215827333,68.7,68.7,nan,0.918429696,nan,nan,2.0,0.0,2,nan
76.82997566064199,9.712230215827333,68.7,68.7,nan,0.918429696,nan,nan,2.0,0.0,2,nan
76.84664772351583,9.712230215827333,68.7,68.7,nan,0.918429696,nan,nan,2.0,0.0,2,nan
76.86331990162532,9.712230215827333,68.7,68.7,nan,0.918429696,nan,nan,2.0,0.0,2,nan
76.87999257644017,9.712230215827333,68.7,68.7,nan,0.918429696,nan,nan,2.0,0.0,2,nan
76.89666484196981,9.712230215827333,68.7,68.7,nan,0.918429696,nan,nan,2.0,0.0,2,nan
76.91333700418473,9.712230215827333,68.7,68.7,nan,0.918429696,nan,nan,2.0,0.0,2,nan
76.9300101240476,9.712230215827333,68.7,68.7,nan,0.918429696,nan,nan,2.0,0.0,2,nan
76.94668245712916,9.712230215827333,68.7,68.7,nan,0.918429696,nan,nan,2.0,0.0,2,nan
76.96335332393646,9.712230215827333,68.7,68.7,nan,0.918429696,nan,nan,2.0,0.0,2,nan
76.9800268292427,9.712230215827333,68.7,68.7,nan,0.918429696,nan,nan,2.0,0.0,2,nan
76.99669931729635,9.712230215827333,68.7,68.7,nan,0.918429696,nan,nan,2.0,0.0,2,nan
77.01337148745854,9.712230215827333,68.7,68.7,nan,0.918429696,nan,nan,2.0,0.0,2,nan
77.03004353841146,9.712230215827333,68.7,68.7,nan,0.918429696,nan,nan,2.0,0.0,2,nan
77.04671578804651,9.712230215827333,68.7,68.7,nan,0.918429696,nan,nan,2.0,0.0,2,nan
77.06339728832245,9.712230215827333,68.7,68.7,nan,0.918429696,nan,nan,2.0,0.0,2,nan
77.08006930351257,9.712230215827333,68.7,68.7,nan,0.918429696,nan,nan,2.0,0.0,2,nan
77.09674195051193,9.712230215827333,68.7,68.7,nan,0.918429696,nan,nan,2.0,0.0,2,nan
77.11341493527094,9.712230215827333,68.7,68.7,nan,0.918429696,nan,nan,2.0,0.0,2,nan
77.13008808692297,9.712230215827333,68.7,68.7,nan,0.918429696,nan,nan,2.0,0.0,2,nan
77.14676202138266,9.712230215827333,68.7,68.7,nan,0.918429696,nan,nan,2.0,0.0,2,nan
77.16343483924865,9.712230215827333,68.7,68.7,nan,0.918429696,nan,nan,2.0,0.0,2,nan
77.18010796308518,9.712230215827333,68.7,68.7,nan,0.918429696,nan,nan,2.0,0.0,2,nan
77.19677999814351,9.712230215827333,68.7,68.7,nan,0.918429696,nan,nan,2.0,0.0,2,nan
77.2134534517924,9.712230215827333,68.7,68.7,nan,0.918429696,nan,nan,2.0,0.0,2,nan
77.23012873331706,9.712230215827333,68.7,68.7,nan,0.918429696,nan,nan,2.0,0.0,2,nan
77.24680163462956,9.712230215827333,68.7,68.7,nan,0.918429696,nan,nan,2.0,0.0,2,nan
77.26347565253576,9.892086330935257,68.7,68.7,nan,0.918429696,nan,nan,2.0,0.0,2,nan
77.28014784256617,10.07194244604317,68.7,68.7,nan,0.918429696,nan,nan,2.0,0.0,2,nan
77.29682068824768,10.07194244604317,68.7,68.7,nan,0.918429696,nan,nan,2.0,0.0,2,nan
77.31349334716796,10.07194244604317,68.7,68.7,nan,0.918429696,nan,nan,2.0,0.0,2,nan
77.33016563256582,10.07194244604317,68.7,68.7,nan,0.918429696,nan,nan,2.0,0.0,2,nan
77.34683792193731,10.07194244604317,68.7,68.7,nan,0.918429696,nan,nan,2.0,0.0,2,nan
77.36351068019867,10.07194244604317,68.7,68.7,nan,0.918429696,nan,nan,2.0,0.0,2,nan
77.38018308083217,10.07194244604317,68.7,68.7,nan,0.918429696,nan,nan,2.0,0.0,2,nan
77.39685535033544,10.07194244604317,68.7,68.7,nan,0.918429696,nan,nan,2.0,0.0,2,nan
77.41352772712708,10.07194244604317,68.7,68.7,nan,0.918429696,nan,nan,2.0,0.0,2,nan
77.4301999171575,10.07194244604317,68.7,68.7,nan,0.918429696,nan,nan,2.0,0.0,2,nan
77.4468719681104,10.07194244604317,68.7,68.7,nan,0.918429696,nan,nan,2.0,0.0,2,nan
77.46354227463404,10.07194244604317,68.7,68.7,nan,0.918429696,nan,nan,2.0,0.0,2,nan
77.48021426598231,10.07194244604317,68.7,68.7,nan,0.918429696,nan,nan,2.0,0.0,2,nan
77.49688387314478,10.07194244604317,68.7,68.7,nan,0.918429696,nan,nan,2.0,0.0,2,nan
77.51355882485707,10.07194244604317,68.7,68.7,nan,0.918429696,nan,nan,2.0,0.0,2,nan
77.53023124535879,10.07194244604317,68.7,68.7,nan,0.918429696,nan,nan,2.0,0.0,2,nan
77.54690117835999,10.07194244604317,68.7,68.7,nan,0.918429696,nan,nan,2.0,0.0,2,nan
77.56357632875442,10.07194244604317,68.7,68.7,nan,0.918429696,nan,nan,2.0,0.0,2,nan
77.58024847904841,10.07194244604317,68.7,68.7,nan,0.918429696,nan,nan,2.0,0.0,2,nan
77.59692531824112,10.07194244604317,68.7,68.7,nan,0.918429696,nan,nan,2.0,0.0,2,nan
77.61359804868698,10.07194244604317,68.7,68.7,nan,0.918429696,nan,nan,2.0,0.0,2,nan
77.63027014732361,10.07194244604317,68.7,68.7,nan,0.918429696,nan,nan,2.0,0.0,2,nan
77.64694334665934,10.07194244604317,68.7,68.7,nan,0.918429696,nan,nan,2.0,0.0,2,nan
77.66361430088679,9.352517985611508,68.7,68.7,nan,0.918429696,nan,nan,2.0,0.0,2,nan
77.68028395573297,9.352517985611508,68.7,68.7,nan,0.918429696,nan,nan,2.0,0.0,2,nan
77.6969600200653,9.352517985611508,68.7,68.7,nan,0.918429696,nan,nan,2.0,0.0,2,nan
77.71363325516383,9.352517985611508,68.7,68.7,nan,0.918429696,nan,nan,2.0,0.0,2,nan
77.73030507564545,9.352517985611508,68.7,68.7,nan,0.918429696,nan,nan,2.0,0.0,2,nan
77.74697728951772,9.352517985611508,68.7,68.7,nan,0.918429696,nan,nan,2.0,0.0,2,nan
77.76364940007528,9.352517985611508,68.7,68.7,nan,0.918429696,nan,nan,2.0,0.0,2,nan
77.7803217848142,9.712230215827333,68.7,68.7,nan,0.918429696,nan,nan,2.0,0.0,2,nan
77.79699373245239,9.712230215827333,68.7,68.7,nan,0.918429696,nan,nan,2.0,0.0,2,nan
77.81366660197575,9.712230215827333,68.7,68.7,nan,0.918429696,nan,nan,2.0,0.0,2,nan
77.8303375641505,9.712230215827333,68.7,68.7,nan,0.918429696,nan,nan,2.0,0.0,2,nan
77.84701049725214,9.712230215827333,68.7,68.7,nan,0.918429696,nan,nan,2.0,0.0,2,nan
77.86368172566095,9.712230215827333,68.7,68.7,nan,0.918429696,nan,nan,2.0,0.0,2,nan
77.88035366932552,9.712230215827333,68.7,68.7,nan,0.918429696,nan,nan,2.0,0.0,2,nan
77.897025791804,9.712230215827333,68.7,68.7,nan,0.918429696,nan,nan,2.0,0.0,2,nan
77.91369831959406,9.712230215827333,68.7,68.7,nan,0.918429696,nan,nan,2.0,0.0,2,nan
77.93037035862605,9.712230215827333,68.7,68.7,nan,0.918429696,nan,nan,2.0,0.0,2,nan
77.94704220692317,9.712230215827333,68.7,68.7,nan,0.918429696,nan,nan,2.0,0.0,2,nan
77.9637113571167,9.712230215827333,68.7,68.7,nan,0.918429696,nan,nan,2.0,0.0,2,nan
77.98038432995479,9.712230215827333,68.7,68.7,nan,0.918429696,nan,nan,2.0,0.0,2,nan
77.99706049362818,9.712230215827333,68.7,68.7,nan,0.918429696,nan,nan,2.0,0.0,2,nan
78.01373244126638,9.712230215827333,68.7,68.7,nan,0.918429696,nan,nan,2.0,0.0,2,nan
78.03040487766266,9.712230215827333,68.7,68.7,nan,0.918429696,nan,nan,2.0,0.0,2,nan
78.04707597891489,9.712230215827333,68.7,68.7,nan,0.918429696,nan,nan,2.0,0.0,2,nan
78.06374912659327,9.712230215827333,68.7,68.7,nan,0.918429696,nan,nan,2.0,0.0,2,nan
78.08042114575704,9.712230215827333,68.7,68.7,nan,0.918429696,nan,nan,2.0,0.0,2,nan
78.09709295829137,9.712230215827333,68.7,68.7,nan,0.918429696,nan,nan,2.0,0.0,2,nan
78.11376514434815,5.755395683453235,68.7,68.7,nan,0.918429696,nan,nan,1.0,0.0,2,nan
78.13043757279713,5.755395683453235,68.7,68.7,nan,0.945692672,nan,nan,1.0,0.0,2,nan
78.14711034695307,5.755395683453235,68.7,68.7,nan,0.947789824,nan,nan,1.0,0.0,2,nan
78.1637829264005,5.755395683453235,68.7,68.7,nan,0.972959744,nan,nan,1.0,0.0,2,nan
78.18045505285264,5.755395683453235,68.7,68.7,nan,1.023291392,nan,nan,1.0,0.0,2,nan
78.19712779919307,5.755395683453235,68.7,68.7,nan,1.027485696,nan,nan,1.0,0.0,2,nan
78.21379978259405,5.755395683453235,68.7,68.7,nan,1.029582848,nan,nan,1.0,0.0,2,nan
78.23047573963801,5.755395683453235,68.7,68.7,nan,1.029582848,nan,nan,1.0,0.0,2,nan
78.24714845021566,5.755395683453235,68.7,68.7,nan,1.029582848,nan,nan,1.0,0.0,2,nan
78.26382083892823,5.755395683453235,68.7,68.7,nan,1.029582848,nan,nan,1.0,0.0,2,nan
78.28049299319585,5.755395683453235,68.7,68.7,nan,1.048457216,nan,nan,1.0,0.0,2,nan
78.29716478188833,5.935251798561147,68.7,68.7,nan,1.050554368,nan,nan,1.0,0.0,2,nan
78.31383500893911,5.935251798561147,68.7,68.7,nan,1.050554368,nan,nan,1.0,0.0,2,nan
78.33050936857859,5.935251798561147,68.7,68.7,nan,1.050554368,nan,nan,1.0,0.0,2,nan
78.34718132813772,5.935251798561147,68.7,68.7,nan,1.050554368,nan,nan,1.0,0.0,2,nan
78.36385218699773,5.935251798561147,68.7,68.7,nan,1.050554368,nan,nan,1.0,0.0,2,nan
78.38052663008372,5.935251798561147,68.7,68.7,nan,1.058942976,nan,nan,1.0,0.0,2,nan
78.39719900290171,9.532374100719421,68.7,68.7,nan,1.058942976,nan,nan,2.0,0.0,2,nan
78.41387118895848,9.532374100719421,68.7,68.7,nan,1.058942976,nan,nan,2.0,0.0,2,nan
78.43054307699204,9.532374100719421,68.7,68.7,nan,1.058942976,nan,nan,2.0,0.0,2,nan
78.44721511205037,5.935251798561147,68.7,68.7,nan,1.058942976,nan,nan,1.0,0.0,2,nan
78.46388485034306,5.935251798561147,68.7,68.7,nan,1.058942976,nan,nan,1.0,0.0,2,nan
78.480559694767,10.07194244604317,68.7,68.7,nan,1.058942976,nan,nan,2.0,0.0,2,nan
78.49723164637884,9.532374100719421,68.7,68.7,nan,1.058942976,nan,nan,2.0,0.0,2,nan
78.51390351851781,9.532374100719421,68.7,68.7,nan,1.058942976,nan,nan,2.0,0.0,2,nan
78.53057597478231,9.712230215827333,68.7,68.7,nan,1.058942976,nan,nan,2.0,0.0,2,nan
78.54724787076314,5.935251798561147,68.7,68.7,nan,1.058942976,nan,nan,1.0,0.0,2,nan
78.5639203508695,5.935251798561147,68.7,68.7,nan,1.058942976,nan,nan,1.0,0.0,2,nan
78.58059238592783,5.935251798561147,68.7,68.7,nan,1.058942976,nan,nan,1.0,0.0,2,nan
78.5972618818283,5.935251798561147,68.7,68.7,nan,1.058942976,nan,nan,1.0,0.0,2,nan
78.61393454472224,5.935251798561147,68.7,68.7,nan,1.058942976,nan,nan,1.0,0.0,2,nan
78.63060890833536,5.935251798561147,68.7,68.7,nan,1.058942976,nan,nan,1.0,0.0,2,nan
78.64728084405263,5.935251798561147,68.7,68.7,nan,1.061040128,nan,nan,1.0,0.0,2,nan
78.66395295858383,5.935251798561147,68.7,68.7,nan,1.061040128,nan,nan,1.0,0.0,2,nan
78.6806246360143,9.712230215827333,68.7,68.7,nan,1.061040128,nan,nan,2.0,0.0,2,nan
78.6972968618075,9.712230215827333,68.7,68.7,nan,1.061040128,nan,nan,2.0,0.0,2,nan
78.71396698554356,5.935251798561147,68.7,68.7,nan,1.061040128,nan,nan,1.0,0.0,2,nan
78.73064111471176,5.935251798561147,68.7,68.7,nan,1.061040128,nan,nan,1.0,0.0,2,nan
78.74731326500574,5.935251798561147,68.7,68.7,nan,1.061040128,nan,nan,1.0,0.0,2,nan
78.76398402055105,5.935251798561147,68.7,68.7,nan,1.06313728,nan,nan,1.0,0.0,2,nan
78.78065765698751,9.712230215827333,68.7,68.7,nan,1.06313728,nan,nan,2.0,0.0,2,nan
78.79732859929403,10.431654676258994,68.7,68.7,nan,1.06313728,nan,nan,2.0,0.0,2,nan
78.81399895350138,9.892086330935257,68.7,68.7,nan,1.06313728,nan,nan,2.0,0.0,2,nan
78.83066978057225,9.892086330935257,68.7,68.7,nan,1.06313728,nan,nan,2.0,0.0,2,nan
78.84734216928481,9.892086330935257,68.7,68.7,nan,1.06313728,nan,nan,2.0,0.0,2,nan
78.8640141526858,9.892086330935257,68.7,68.7,nan,1.06313728,nan,nan,2.0,0.0,2,nan
78.88068587382635,9.892086330935257,68.7,68.7,nan,1.06313728,nan,nan,2.0,0.0,2,nan
78.89735784928004,9.892086330935257,68.7,68.7,nan,1.06313728,nan,nan,2.0,0.0,2,nan
78.91403001149496,9.892086330935257,68.7,68.7,nan,1.06313728,nan,nan,2.0,0.0,2,nan
78.93070236841838,9.892086330935257,68.7,68.7,nan,1.06313728,nan,nan,2.0,0.0,2,nan
78.94737566709519,9.892086330935257,68.7,68.7,nan,1.06313728,nan,nan,2.0,0.0,2,nan
78.96404684384665,6.1151079136690605,68.7,68.7,nan,1.06313728,nan,nan,1.0,0.0,2,nan
78.980719657739,10.431654676258994,68.7,68.7,nan,1.06313728,nan,nan,2.0,0.0,2,nan
78.99739257097244,9.892086330935257,68.7,68.7,nan,1.06313728,nan,nan,2.0,0.0,2,nan
79.01406496365865,9.892086330935257,68.7,68.7,nan,1.06313728,nan,nan,2.0,0.0,2,nan
79.03073699474335,9.892086330935257,68.7,68.7,nan,1.06313728,nan,nan,2.0,0.0,2,nan
79.04741047620773,9.892086330935257,68.7,68.7,nan,1.06313728,nan,nan,2.0,0.0,2,nan
79.06408272186916,9.892086330935257,68.7,68.7,nan,1.06313728,nan,nan,2.0,0.0,2,nan
79.08075476487478,9.892086330935257,68.7,68.7,nan,1.06313728,nan,nan,2.0,0.0,2,nan
79.09742617607117,9.892086330935257,68.7,68.7,nan,1.06313728,nan,nan,2.0,0.0,2,nan
79.11409811178844,9.892086330935257,68.7,68.7,nan,1.06313728,nan,nan,2.0,0.0,2,nan
79.13077067136764,9.892086330935257,68.7,68.7,nan,1.06313728,nan,nan,2.0,0.0,2,nan
79.147443095843,9.892086330935257,68.7,68.7,nan,1.06313728,nan,nan,2.0,0.0,2,nan
79.16411614020666,9.892086330935257,68.7,68.7,nan,1.06313728,nan,nan,2.0,0.0,2,nan
79.18079232772192,9.892086330935257,68.7,68.7,nan,1.06313728,nan,nan,2.0,0.0,2,nan
79.19746523300806,9.892086330935257,68.7,68.7,nan,1.06313728,nan,nan,2.0,0.0,2,nan
79.21413819392522,9.892086330935257,68.7,68.7,nan,1.06313728,nan,nan,2.0,0.0,2,nan
79.23081033229828,9.892086330935257,68.7,68.7,nan,1.06313728,nan,nan,2.0,0.0,2,nan
79.2474832812945,9.892086330935257,68.7,68.7,nan,1.06313728,nan,nan,2.0,0.0,2,nan
79.2641584555308,10.07194244604317,68.7,68.7,nan,1.06313728,nan,nan,2.0,0.0,2,nan
79.28083203236262,10.07194244604317,68.7,68.7,nan,1.06313728,nan,nan,2.0,0.0,2,nan
79.29750490585963,10.07194244604317,68.7,68.7,nan,1.06313728,nan,nan,2.0,0.0,2,nan
79.31417766412099,10.07194244604317,68.7,68.7,nan,1.06313728,nan,nan,2.0,0.0,2,nan
79.33085017999014,10.251798561151082,68.7,68.7,nan,1.06313728,nan,nan,2.0,0.0,2,nan
79.34752874771753,10.251798561151082,68.7,68.7,nan,1.06313728,nan,nan,2.0,0.0,2,nan
79.36420143047968,10.251798561151082,68.7,68.7,nan,1.06313728,nan,nan,2.0,0.0,2,nan
79.3808775027593,10.251798561151082,68.7,68.7,nan,1.06313728,nan,nan,2.0,0.0,2,nan
79.39754923979442,10.251798561151082,68.7,68.7,nan,1.06313728,nan,nan,2.0,0.0,2,nan
79.41422212521235,10.251798561151082,68.7,68.7,nan,1.06313728,nan,nan,2.0,0.0,2,nan
79.43089466492334,10.251798561151082,68.7,68.7,nan,1.06313728,nan,nan,2.0,0.0,2,nan
79.4475674033165,10.251798561151082,68.7,68.7,nan,1.06313728,nan,nan,2.0,0.0,2,nan
79.46424320538839,10.251798561151082,68.7,68.7,nan,1.06313728,nan,nan,2.0,0.0,2,nan
79.4809160510699,10.251798561151082,68.7,68.7,nan,1.06313728,nan,nan,2.0,0.0,2,nan
79.49758565823237,10.251798561151082,68.7,68.7,nan,1.06313728,nan,nan,2.0,0.0,2,nan
79.51425873835882,10.251798561151082,68.7,68.7,nan,1.06313728,nan,nan,2.0,0.0,2,nan
79.5309313972791,10.251798561151082,68.7,68.7,nan,1.06313728,nan,nan,2.0,0.0,2,nan
79.54760338465373,10.251798561151082,68.7,68.7,nan,1.06313728,nan,nan,2.0,0.0,2,nan
79.56427555084228,10.251798561151082,68.7,68.7,nan,1.06313728,nan,nan,2.0,0.0,2,nan
79.58094760974248,10.251798561151082,68.7,68.7,nan,1.06313728,nan,nan,2.0,0.0,2,nan
79.59761978785197,10.251798561151082,68.7,68.7,nan,1.06313728,nan,nan,2.0,0.0,2,nan
79.61429270505906,10.251798561151082,68.7,68.7,nan,1.06313728,nan,nan,2.0,0.0,2,nan
79.63096319437027,10.251798561151082,68.7,68.7,nan,1.06313728,nan,nan,2.0,0.0,2,nan
79.64763594468435,10.251798561151082,68.7,68.7,nan,1.06313728,nan,nan,2.0,0.0,2,nan
79.66430858373641,10.251798561151082,68.7,68.7,nan,1.06313728,nan,nan,2.0,0.0,2,nan
79.6809811592102,10.251798561151082,68.7,68.7,nan,1.06313728,nan,nan,2.0,0.0,2,nan
79.69765111605327,10.251798561151082,68.7,68.7,nan,1.06313728,nan,nan,2.0,0.0,2,nan
79.71433527866999,10.251798561151082,68.7,68.7,nan,1.06313728,nan,nan,2.0,0.0,2,nan
79.7310155749321,10.251798561151082,68.7,68.7,nan,1.06313728,nan,nan,2.0,0.0,2,nan
79.74768809874853,10.251798561151082,68.7,68.7,nan,1.06313728,nan,nan,2.0,0.0,2,nan
79.7643586675326,10.251798561151082,68.7,68.7,nan,1.06313728,nan,nan,2.0,0.0,2,nan
79.78103143374125,10.431654676258994,68.7,68.7,nan,1.06313728,nan,nan,2.0,0.0,2,nan
79.79770397345224,10.431654676258994,68.7,68.7,nan,1.06313728,nan,nan,2.0,0.0,2,nan
79.81437693039577,10.431654676258994,68.7,68.7,nan,1.06313728,nan,nan,2.0,0.0,2,nan
79.83104827404023,10.431654676258994,68.7,68.7,nan,1.06313728,nan,nan,2.0,0.0,2,nan
79.84772088130315,10.611510791366907,68.7,68.7,nan,1.06313728,nan,nan,2.0,0.0,2,nan
79.86439332564672,10.611510791366907,68.7,68.7,nan,1.06313728,nan,nan,2.0,0.0,2,nan
79.88106576999029,10.611510791366907,68.7,68.7,nan,1.06313728,nan,nan,2.0,0.0,2,nan
79.89773812294007,6.474820143884896,68.7,68.7,nan,1.06313728,nan,nan,1.0,0.0,2,nan
79.9144103328387,6.474820143884896,68.7,68.7,nan,1.065234432,nan,nan,1.0,0.0,2,nan
79.93108255465826,6.474820143884896,68.7,68.7,nan,1.067331584,nan,nan,1.0,0.0,2,nan
79.94776126543681,6.474820143884896,68.7,68.7,nan,1.067331584,nan,nan,1.0,0.0,2,nan
79.9644311507543,6.474820143884896,68.7,68.7,nan,1.067331584,nan,nan,1.0,0.0,2,nan
79.98110460440317,6.474820143884896,68.7,68.7,nan,1.067331584,nan,nan,1.0,0.0,2,nan
79.99777747392655,6.474820143884896,68.7,68.7,nan,1.067331584,nan,nan,1.0,0.0,2,nan
80.01444989442825,6.474820143884896,68.7,68.7,nan,1.067331584,nan,nan,1.0,0.0,2,nan
80.03112507661184,6.474820143884896,68.7,68.7,nan,1.067331584,nan,nan,1.0,0.0,2,nan
80.04779832363128,6.474820143884896,68.7,68.7,nan,1.067331584,nan,nan,1.0,0.0,2,nan
80.06447063684463,6.474820143884896,68.7,68.7,nan,1.067331584,nan,nan,1.0,0.0,2,nan
80.08114280303319,6.474820143884896,68.7,68.7,nan,1.067331584,nan,nan,1.0,0.0,2,nan
80.09781416654587,6.474820143884896,68.7,68.7,nan,1.067331584,nan,nan,1.0,0.0,2,nan
80.11448623736699,6.474820143884896,68.7,68.7,nan,1.067331584,nan,nan,1.0,0.0,2,nan
80.13115853865942,6.474820143884896,68.7,68.7,nan,1.067331584,nan,nan,1.0,0.0,2,nan
80.14783109426499,6.474820143884896,68.7,68.7,nan,1.096691712,nan,nan,1.0,0.0,2,nan
80.1645025173823,6.474820143884896,68.7,68.7,nan,1.098788864,nan,nan,1.0,0.0,2,nan
80.18117544253667,6.474820143884896,68.7,68.7,nan,1.098788864,nan,nan,1.0,0.0,2,nan
80.19784813721975,6.474820143884896,68.7,68.7,nan,1.098788864,nan,nan,1.0,0.0,2,nan
80.2145216623942,6.474820143884896,68.7,68.7,nan,1.098788864,nan,nan,1.0,0.0,2,nan
80.23119351069133,6.474820143884896,68.7,68.7,nan,1.098788864,nan,nan,1.0,0.0,2,nan
80.24786526759466,6.474820143884896,68.7,68.7,nan,1.098788864,nan,nan,1.0,0.0,2,nan
80.26453584035238,6.474820143884896,68.7,68.7,nan,0.53061632,nan,nan,1.0,0.0,1,nan
80.28121457894643,6.474820143884896,68.7,68.7,nan,0.53061632,nan,nan,1.0,0.0,1,nan
80.29788475036621,6.474820143884896,68.7,68.7,nan,0.53061632,nan,nan,1.0,0.0,1,nan
80.31456127166749,6.474820143884896,68.7,68.7,nan,0.53061632,nan,nan,1.0,0.0,1,nan
80.33123349746069,6.474820143884896,68.7,68.7,nan,0.53061632,nan,nan,1.0,0.0,1,nan
80.34790956576666,6.654676258992809,68.7,68.7,nan,0.53061632,nan,nan,1.0,0.0,1,nan
80.36458180348079,6.654676258992809,68.7,68.7,nan,0.53061632,nan,nan,1.0,0.0,1,nan
80.38125473658243,6.654676258992809,68.7,68.7,nan,0.53061632,nan,nan,1.0,0.0,1,nan
80.39792733589807,6.654676258992809,68.7,68.7,nan,0.53061632,nan,nan,1.0,0.0,1,nan
80.41460080941518,6.654676258992809,68.7,68.7,nan,0.53061632,nan,nan,1.0,0.0,1,nan
80.43127550284068,6.654676258992809,68.7,68.7,nan,0.53061632,nan,nan,1.0,0.0,1,nan
80.44794840017954,6.654676258992809,68.7,68.7,nan,0.53061632,nan,nan,1.0,0.0,1,nan
80.46462092796962,6.654676258992809,68.7,68.7,nan,0.53061632,nan,nan,1.0,0.0,1,nan
80.4812930146853,6.654676258992809,68.7,68.7,nan,0.53061632,nan,nan,1.0,0.0,1,nan
80.49796427885691,6.654676258992809,68.7,68.7,nan,0.53061632,nan,nan,1.0,0.0,1,nan
80.5146366516749,6.654676258992809,68.7,68.7,nan,0.53061632,nan,nan,1.0,0.0,1,nan
80.53130859136581,6.654676258992809,68.7,68.7,nan,0.53061632,nan,nan,1.0,0.0,1,nan
80.54798117081324,6.654676258992809,68.7,68.7,nan,0.53061632,nan,nan,1.0,0.0,1,nan
80.56465326150258,6.654676258992809,68.7,68.7,nan,0.53061632,nan,nan,1.0,0.0,1,nan
80.58132581313451,6.654676258992809,68.7,68.7,nan,0.53061632,nan,nan,1.0,0.0,1,nan
80.59799818992614,6.654676258992809,68.7,68.7,nan,0.53061632,nan,nan,1.0,0.0,1,nan
80.61467106342316,6.654676258992809,68.7,68.7,nan,0.53061632,nan,nan,1.0,0.0,1,nan
80.63134285608928,6.654676258992809,68.7,68.7,nan,0.53061632,nan,nan,1.0,0.0,1,nan
80.64801493883132,6.654676258992809,68.7,68.7,nan,0.53061632,nan,nan,1.0,0.0,1,nan
80.66468756993612,6.654676258992809,68.7,68.7,nan,0.53061632,nan,nan,1.0,0.0,1,nan
80.68136056661606,6.654676258992809,68.7,68.7,nan,0.53061632,nan,nan,1.0,0.0,1,nan
80.69803179502487,0.0,68.7,68.7,nan,0.53061632,nan,nan,0.0,0.0,1,nan
80.7147043744723,5.755395683453235,68.7,68.7,nan,0.53061632,nan,nan,1.0,0.0,1,nan
80.73137664794922,5.755395683453235,68.7,68.7,nan,0.53061632,nan,nan,1.0,0.0,1,nan
80.74804963668187,5.755395683453235,68.7,68.7,nan,0.53061632,nan,nan,1.0,0.0,1,nan
80.76472168763479,5.755395683453235,68.7,68.7,nan,0.53061632,nan,nan,1.0,0.0,1,nan
80.78139390945435,5.755395683453235,68.7,68.7,nan,0.53061632,nan,nan,1.0,0.0,1,nan
80.79806691010793,5.755395683453235,68.7,68.7,nan,0.53061632,nan,nan,1.0,0.0,1,nan
80.81474122603734,5.755395683453235,68.7,68.7,nan,0.53061632,nan,nan,1.0,0.0,1,nan
80.8314133922259,5.755395683453235,68.7,68.7,nan,0.53061632,nan,nan,1.0,0.0,1,nan
80.84808578093846,5.755395683453235,68.7,68.7,nan,0.53061632,nan,nan,1.0,0.0,1,nan
80.8647586186727,5.755395683453235,68.7,68.7,nan,0.53061632,nan,nan,1.0,0.0,1,nan
80.88143144051234,5.755395683453235,68.7,68.7,nan,0.53061632,nan,nan,1.0,0.0,1,nan
80.89810264110565,5.755395683453235,68.7,68.7,nan,0.53061632,nan,nan,1.0,0.0,1,nan
80.91477558612823,5.755395683453235,68.7,68.7,nan,0.53061632,nan,nan,1.0,0.0,1,nan
80.93144764105479,5.755395683453235,68.7,68.7,nan,0.53061632,nan,nan,1.0,0.0,1,nan
80.94811975161234,5.755395683453235,68.7,68.7,nan,0.53061632,nan,nan,1.0,0.0,1,nan
80.96479173501332,5.755395683453235,68.7,68.7,nan,0.53061632,nan,nan,1.0,0.0,1,nan
80.98146444161733,5.755395683453235,68.7,68.7,nan,0.53061632,nan,nan,1.0,0.0,1,nan
80.99813660383225,5.755395683453235,68.7,68.7,nan,0.53061632,nan,nan,1.0,0.0,1,nan
81.01480870246887,5.755395683453235,68.7,68.7,nan,0.53061632,nan,nan,1.0,0.0,1,nan
81.03148066202799,5.755395683453235,68.7,68.7,nan,0.53061632,nan,nan,1.0,0.0,1,nan
81.04815312226613,5.755395683453235,68.7,68.7,nan,0.53061632,nan,nan,1.0,0.0,1,nan
81.06482571363449,5.755395683453235,68.7,68.7,nan,0.53061632,nan,nan,1.0,0.0,1,nan
81.08149789969126,5.755395683453235,68.7,68.7,nan,0.53061632,nan,nan,1.0,0.0,1,nan
81.09816830158233,5.755395683453235,68.7,68.7,nan,0.53061632,nan,nan,1.0,0.0,1,nan
81.11484097639719,5.755395683453235,68.7,68.7,nan,0.53061632,nan,nan,1.0,0.0,1,nan
81.13151354789734,5.755395683453235,68.7,68.7,nan,0.53061632,nan,nan,1.0,0.0,1,nan
81.14818646113078,5.755395683453235,68.7,68.7,nan,0.53061632,nan,nan,1.0,0.0,1,nan
81.16485910018285,6.474820143884896,68.7,68.7,nan,0.53061632,nan,nan,1.0,0.0,1,nan
81.1815318107605,5.935251798561147,68.7,68.7,nan,0.53061632,nan,nan,1.0,0.0,1,nan
81.19820474783579,5.935251798561147,68.7,68.7,nan,0.53061632,nan,nan,1.0,0.0,1,nan
81.21487749417624,5.935251798561147,68.7,68.7,nan,0.53061632,nan,nan,1.0,0.0,1,nan
81.23155022064844,5.935251798561147,68.7,68.7,nan,0.53061632,nan,nan,1.0,0.0,1,nan
81.24823005596797,5.935251798561147,68.7,68.7,nan,0.53061632,nan,nan,1.0,0.0,1,nan
81.26490228176117,5.935251798561147,68.7,68.7,nan,0.53061632,nan,nan,1.0,0.0,1,nan
81.28157571951549,5.935251798561147,68.7,68.7,nan,0.53061632,nan,nan,1.0,0.0,1,nan
81.29825298786163,5.935251798561147,68.7,68.7,nan,0.53061632,nan,nan,1.0,0.0,1,nan
81.31492532491684,5.935251798561147,68.7,68.7,nan,0.53061632,nan,nan,1.0,0.0,1,nan
81.33159718513488,5.935251798561147,68.7,68.7,nan,0.53061632,nan,nan,1.0,0.0,1,nan
81.34826986789703,5.935251798561147,68.7,68.7,nan,0.53061632,nan,nan,1.0,0.0,1,nan
81.36494077841441,5.935251798561147,68.7,68.7,nan,0.53061632,nan,nan,1.0,0.0,1,nan
81.38161339759827,5.935251798561147,68.7,68.7,nan,0.53061632,nan,nan,1.0,0.0,1,nan
81.3982855717341,5.935251798561147,68.7,68.7,nan,0.53061632,nan,nan,1.0,0.0,1,nan
81.41495873530705,5.935251798561147,68.7,68.7,nan,0.53061632,nan,nan,1.0,0.0,1,nan
81.43163102865219,5.935251798561147,68.7,68.7,nan,0.53061632,nan,nan,1.0,0.0,1,nan
81.4483014067014,5.935251798561147,68.7,68.7,nan,0.53061632,nan,nan,1.0,0.0,1,nan
81.46497563521068,5.935251798561147,68.7,68.7,nan,0.53061632,nan,nan,1.0,0.0,1,nan
81.48164821863175,5.935251798561147,68.7,68.7,nan,0.53061632,nan,nan,1.0,0.0,1,nan
81.49831949075063,5.935251798561147,68.7,68.7,nan,0.53061632,nan,nan,1.0,0.0,1,nan
81.5149919072787,5.935251798561147,68.7,68.7,nan,0.53061632,nan,nan,1.0,0.0,1,nan
81.53166400988897,5.935251798561147,68.7,68.7,nan,0.53061632,nan,nan,1.0,0.0,1,nan
81.54833671649297,5.935251798561147,68.7,68.7,nan,0.53061632,nan,nan,1.0,0.0,1,nan
81.56500841379166,5.935251798561147,68.7,68.7,nan,0.53061632,nan,nan,1.0,0.0,1,nan
81.58168042500814,5.935251798561147,68.7,68.7,nan,0.53061632,nan,nan,1.0,0.0,1,nan
81.59835260709127,5.935251798561147,68.7,68.7,nan,0.53061632,nan,nan,1.0,0.0,1,nan
81.61502567529678,5.935251798561147,68.7,68.7,nan,0.53061632,nan,nan,1.0,0.0,1,nan
81.63169781366985,5.935251798561147,68.7,68.7,nan,0.53061632,nan,nan,1.0,0.0,1,nan
81.64837017854055,5.935251798561147,68.7,68.7,nan,0.53061632,nan,nan,1.0,0.0,1,nan
81.66504211425782,6.1151079136690605,68.7,68.7,nan,0.53061632,nan,nan,1.0,0.0,1,nan
81.68171475728353,6.1151079136690605,68.7,68.7,nan,0.53061632,nan,nan,1.0,0.0,1,nan
81.69838643074036,6.1151079136690605,68.7,68.7,nan,0.53061632,nan,nan,1.0,0.0,1,nan
81.7150587240855,6.1151079136690605,68.7,68.7,nan,0.53061632,nan,nan,1.0,0.0,1,nan
81.73173050085704,6.1151079136690605,68.7,68.7,nan,0.53061632,nan,nan,1.0,0.0,1,nan
81.74840301275253,6.1151079136690605,68.7,68.7,nan,0.53061632,nan,nan,1.0,0.0,1,nan
81.76507497231165,6.1151079136690605,68.7,68.7,nan,0.53061632,nan,nan,1.0,0.0,1,nan
81.78174769083658,6.1151079136690605,68.7,68.7,nan,0.53061632,nan,nan,1.0,0.0,1,nan
81.79841962258021,6.1151079136690605,68.7,68.7,nan,0.53061632,nan,nan,1.0,0.0,1,nan
81.81509265899658,5.755395683453235,68.7,68.7,nan,0.53061632,nan,nan,1.0,0.0,1,nan
81.83176505963007,5.755395683453235,68.7,68.7,nan,0.53061632,nan,nan,1.0,0.0,1,nan
81.84843720992406,5.755395683453235,68.7,68.7,nan,0.53061632,nan,nan,1.0,0.0,1,nan
81.86510925690332,5.755395683453235,68.7,68.7,nan,0.53061632,nan,nan,1.0,0.0,1,nan
81.8817817012469,5.755395683453235,68.7,68.7,nan,0.53061632,nan,nan,1.0,0.0,1,nan
81.89845383961996,5.755395683453235,68.7,68.7,nan,0.53061632,nan,nan,1.0,0.0,1,nan
81.91512667735418,5.755395683453235,68.7,68.7,nan,0.53061632,nan,nan,1.0,0.0,1,nan
81.93179912169775,5.755395683453235,68.7,68.7,nan,0.53061632,nan,nan,1.0,0.0,1,nan
81.94847153425216,5.755395683453235,68.7,68.7,nan,0.53061632,nan,nan,1.0,0.0,1,nan
81.96514358520508,5.755395683453235,68.7,68.7,nan,0.53061632,nan,nan,1.0,0.0,1,nan
81.98181589841843,5.755395683453235,68.7,68.7,nan,0.53061632,nan,nan,1.0,0.0,1,nan
81.9984885931015,5.755395683453235,68.7,68.7,nan,0.53061632,nan,nan,1.0,0.0,1,nan
82.01516069968541,5.755395683453235,68.7,68.7,nan,0.53061632,nan,nan,1.0,0.0,1,nan
82.0318327109019,5.755395683453235,68.7,68.7,nan,0.53061632,nan,nan,1.0,0.0,1,nan
82.04851160844167,5.755395683453235,68.7,68.7,nan,0.53061632,nan,nan,1.0,0.0,1,nan
82.06518388191859,5.755395683453235,68.7,68.7,nan,0.53061632,nan,nan,1.0,0.0,1,nan
82.08185880581537,5.755395683453235,68.7,68.7,nan,0.53061632,nan,nan,1.0,0.0,1,nan
82.09853622118632,5.755395683453235,68.7,68.7,nan,0.53061632,nan,nan,1.0,0.0,1,nan
82.11520934502283,5.755395683453235,68.7,68.7,nan,0.53061632,nan,nan,1.0,0.0,1,nan
82.13188218275705,5.755395683453235,68.7,68.7,nan,0.53061632,nan,nan,1.0,0.0,1,nan
82.14855541785558,5.935251798561147,68.7,68.7,nan,0.53061632,nan,nan,1.0,0.0,1,nan
82.16522737741471,5.935251798561147,68.7,68.7,nan,0.53061632,nan,nan,1.0,0.0,1,nan
82.18190001646677,5.935251798561147,68.7,68.7,nan,0.53061632,nan,nan,1.0,0.0,1,nan
82.1985746105512,5.935251798561147,68.7,68.7,nan,0.53061632,nan,nan,1.0,0.0,1,nan
82.21524777809779,5.935251798561147,68.7,68.7,nan,0.53061632,nan,nan,1.0,0.0,1,nan
82.2319204012553,5.935251798561147,68.7,68.7,nan,0.53061632,nan,nan,1.0,0.0,1,nan
82.24859385093053,5.935251798561147,68.7,68.7,nan,0.53061632,nan,nan,1.0,0.0,1,nan
82.26526701847712,5.935251798561147,68.7,68.7,nan,0.53061632,nan,nan,1.0,0.0,1,nan
82.28194200197855,5.935251798561147,68.7,68.7,nan,0.53061632,nan,nan,1.0,0.0,1,nan
82.29861427942912,5.935251798561147,68.7,68.7,nan,0.53061632,nan,nan,1.0,0.0,1,nan
82.31528748671214,5.935251798561147,68.7,68.7,nan,0.53061632,nan,nan,1.0,0.0,1,nan
82.33195981184642,5.935251798561147,68.7,68.7,nan,0.53061632,nan,nan,1.0,0.0,1,nan
82.34863293965658,5.935251798561147,68.7,68.7,nan,0.53061632,nan,nan,1.0,0.0,1,nan
82.36530519723892,5.935251798561147,68.7,68.7,nan,0.53061632,nan,nan,1.0,0.0,1,nan
82.38197878996532,5.935251798561147,68.7,68.7,nan,0.53061632,nan,nan,1.0,0.0,1,nan
82.39864835341771,5.935251798561147,68.7,68.7,nan,0.53061632,nan,nan,1.0,0.0,1,nan
82.41532068649927,5.935251798561147,68.7,68.7,nan,0.53061632,nan,nan,1.0,0.0,1,nan
82.43199364741643,5.935251798561147,68.7,68.7,nan,0.53061632,nan,nan,1.0,0.0,1,nan
82.44866653680802,5.935251798561147,68.7,68.7,nan,0.53061632,nan,nan,1.0,0.0,1,nan
82.46534304618835,5.935251798561147,68.7,68.7,nan,0.53061632,nan,nan,1.0,0.0,1,nan
82.48201503356297,5.935251798561147,68.7,68.7,nan,0.53061632,nan,nan,1.0,0.0,1,nan
82.49868626594544,5.935251798561147,68.7,68.7,nan,0.53061632,nan,nan,1.0,0.0,1,nan
82.51535900433858,5.935251798561147,68.7,68.7,nan,0.53061632,nan,nan,1.0,0.0,1,nan
82.53203125794728,5.935251798561147,68.7,68.7,nan,0.53061632,nan,nan,1.0,0.0,1,nan
82.54870382547378,5.935251798561147,68.7,68.7,nan,0.53061632,nan,nan,1.0,0.0,1,nan
82.5653760433197,5.935251798561147,68.7,68.7,nan,0.53061632,nan,nan,1.0,0.0,1,nan
82.58204913934073,5.935251798561147,68.7,68.7,nan,0.53061632,nan,nan,1.0,0.0,1,nan
82.59872130155563,5.935251798561147,68.7,68.7,nan,0.53061632,nan,nan,1.0,0.0,1,nan
82.61539411942164,5.935251798561147,68.7,68.7,nan,0.53061632,nan,nan,1.0,0.0,1,nan
82.63206615050633,6.1151079136690605,68.7,68.7,nan,0.53061632,nan,nan,1.0,0.0,1,nan
82.64873865842819,6.1151079136690605,68.7,68.7,nan,0.53061632,nan,nan,1.0,0.0,1,nan
82.66541140874227,6.1151079136690605,68.7,68.7,nan,0.53061632,nan,nan,1.0,0.0,1,nan
82.68208366632462,6.1151079136690605,68.7,68.7,nan,0.53061632,nan,nan,1.0,0.0,1,nan
82.69875487883886,6.1151079136690605,68.7,68.7,nan,0.53061632,nan,nan,1.0,0.0,1,nan
82.71542710065842,6.1151079136690605,68.7,68.7,nan,0.53061632,nan,nan,1.0,0.0,1,nan
82.73209983110428,6.1151079136690605,68.7,68.7,nan,0.53061632,nan,nan,1.0,0.0,1,nan
82.74877558549245,6.1151079136690605,68.7,68.7,nan,0.53061632,nan,nan,1.0,0.0,1,nan
82.76544788281123,6.1151079136690605,68.7,68.7,nan,0.53061632,nan,nan,1.0,0.0,1,nan
82.78212062517802,6.1151079136690605,68.7,68.7,nan,0.53061632,nan,nan,1.0,0.0,1,nan
82.7987913052241,6.1151079136690605,68.7,68.7,nan,0.53061632,nan,nan,1.0,0.0,1,nan
82.81546328862508,6.1151079136690605,68.7,68.7,nan,0.53061632,nan,nan,1.0,0.0,1,nan
82.83213522434235,6.1151079136690605,68.7,68.7,nan,0.53061632,nan,nan,1.0,0.0,1,nan
82.84881176153819,6.1151079136690605,68.7,68.7,nan,0.53061632,nan,nan,1.0,0.0,1,nan
82.86548384428025,6.1151079136690605,68.7,68.7,nan,0.53061632,nan,nan,1.0,0.0,1,nan
82.88216214179992,6.1151079136690605,68.7,68.7,nan,0.53061632,nan,nan,1.0,0.0,1,nan
82.89883253574371,6.1151079136690605,68.7,68.7,nan,0.53061632,nan,nan,1.0,0.0,1,nan
82.91550473372142,6.1151079136690605,68.7,68.7,nan,0.53061632,nan,nan,1.0,0.0,1,nan
82.93217760324478,6.1151079136690605,68.7,68.7,nan,0.53061632,nan,nan,1.0,0.0,1,nan
82.94884987274806,6.1151079136690605,68.7,68.7,nan,0.53061632,nan,nan,1.0,0.0,1,nan
82.96552568674088,6.1151079136690605,68.7,68.7,nan,0.53061632,nan,nan,1.0,0.0,1,nan
82.98219694296519,6.1151079136690605,68.7,68.7,nan,0.53061632,nan,nan,1.0,0.0,1,nan
82.99886904160182,6.1151079136690605,68.7,68.7,nan,0.53061632,nan,nan,1.0,0.0,1,nan
83.01554230848949,6.1151079136690605,68.7,68.7,nan,0.53061632,nan,nan,1.0,0.0,1,nan
83.03221451838812,6.1151079136690605,68.7,68.7,nan,0.53061632,nan,nan,1.0,0.0,1,nan
83.04888747930526,6.1151079136690605,68.7,68.7,nan,0.53061632,nan,nan,1.0,0.0,1,nan
83.06556054751078,6.1151079136690605,68.7,68.7,nan,0.53061632,nan,nan,1.0,0.0,1,nan
83.08223343292872,6.1151079136690605,68.7,68.7,nan,0.53061632,nan,nan,1.0,0.0,1,nan
83.09890867074331,6.1151079136690605,68.7,68.7,nan,0.53061632,nan,nan,1.0,0.0,1,nan
83.11558157602946,6.1151079136690605,68.7,68.7,nan,0.53061632,nan,nan,1.0,0.0,1,nan
83.13225364685059,6.294964028776984,68.7,68.7,nan,0.53061632,nan,nan,1.0,0.0,1,nan
83.14892715215683,6.294964028776984,68.7,68.7,nan,0.53061632,nan,nan,1.0,0.0,1,nan
83.16559929052988,6.294964028776984,68.7,68.7,nan,0.53061632,nan,nan,1.0,0.0,1,nan
83.18227817614873,6.294964028776984,68.7,68.7,nan,0.53061632,nan,nan,1.0,0.0,1,nan
83.19895025491715,6.294964028776984,68.7,68.7,nan,0.53061632,nan,nan,1.0,0.0,1,nan
83.21562212308248,6.294964028776984,68.7,68.7,nan,0.53061632,nan,nan,1.0,0.0,1,nan
83.23229415019354,0.0,68.7,68.7,nan,0.53061632,nan,nan,0.0,0.0,1,nan
83.24896687666575,5.755395683453235,68.7,68.7,nan,0.53061632,nan,nan,1.0,0.0,1,nan
83.26564255952835,5.755395683453235,68.7,68.7,nan,0.53061632,nan,nan,1.0,0.0,1,nan
83.28231490850449,5.755395683453235,68.7,68.7,nan,0.53061632,nan,nan,1.0,0.0,1,nan
83.29898643891016,5.755395683453235,68.7,68.7,nan,0.53061632,nan,nan,1.0,0.0,1,nan
83.31565919717153,5.755395683453235,68.7,68.7,nan,0.53061632,nan,nan,1.0,0.0,1,nan
83.33233210245768,5.755395683453235,68.7,68.7,nan,0.53061632,nan,nan,1.0,0.0,1,nan
83.34900497198105,5.755395683453235,68.7,68.7,nan,0.53061632,nan,nan,1.0,0.0,1,nan
83.36567706267039,5.755395683453235,68.7,68.7,nan,0.53061632,nan,nan,1.0,0.0,1,nan
83.38234972556432,5.755395683453235,68.7,68.7,nan,0.53061632,nan,nan,1.0,0.0,1,nan
83.39902072747549,5.755395683453235,68.7,68.7,nan,0.53061632,nan,nan,1.0,0.0,1,nan
83.41569318771363,5.755395683453235,68.7,68.7,nan,0.53061632,nan,nan,1.0,0.0,1,nan
83.43236590226492,5.755395683453235,68.7,68.7,nan,0.53061632,nan,nan,1.0,0.0,1,nan
83.44903855323791,5.755395683453235,68.7,68.7,nan,0.53061632,nan,nan,1.0,0.0,1,nan
83.4657107869784,5.755395683453235,68.7,68.7,nan,0.53061632,nan,nan,1.0,0.0,1,nan
83.48238336245218,5.935251798561147,68.7,68.7,nan,0.53061632,nan,nan,1.0,0.0,1,nan
83.49905533393225,5.935251798561147,68.7,68.7,nan,0.53061632,nan,nan,1.0,0.0,1,nan
83.51572858492533,5.935251798561147,68.7,68.7,nan,0.53061632,nan,nan,1.0,0.0,1,nan
83.53240148623784,5.935251798561147,68.7,68.7,nan,0.53061632,nan,nan,1.0,0.0,1,nan
83.5490776737531,5.935251798561147,68.7,68.7,nan,0.53061632,nan,nan,1.0,0.0,1,nan
83.56574999491373,5.935251798561147,68.7,68.7,nan,0.53061632,nan,nan,1.0,0.0,1,nan
83.58242116769155,5.935251798561147,68.7,68.7,nan,0.53061632,nan,nan,1.0,0.0,1,nan
83.59909383455913,5.935251798561147,68.7,68.7,nan,0.53061632,nan,nan,1.0,0.0,1,nan
83.61576633453369,5.935251798561147,68.7,68.7,nan,0.53061632,nan,nan,1.0,0.0,1,nan
83.63243757883707,5.935251798561147,68.7,68.7,nan,0.53061632,nan,nan,1.0,0.0,1,nan
83.64911014636358,5.935251798561147,68.7,68.7,nan,0.53061632,nan,nan,1.0,0.0,1,nan
83.66578275760016,5.935251798561147,68.7,68.7,nan,0.53061632,nan,nan,1.0,0.0,1,nan
83.68245526552201,5.935251798561147,68.7,68.7,nan,0.53061632,nan,nan,1.0,0.0,1,nan
83.69912769794465,5.935251798561147,68.7,68.7,nan,0.53061632,nan,nan,1.0,0.0,1,nan
83.71580018202464,5.935251798561147,68.7,68.7,nan,0.53061632,nan,nan,1.0,0.0,1,nan
83.73247205018997,5.935251798561147,68.7,68.7,nan,0.53061632,nan,nan,1.0,0.0,1,nan
83.74914457798005,5.935251798561147,68.7,68.7,nan,0.53061632,nan,nan,1.0,0.0,1,nan
83.76581721305847,5.935251798561147,68.7,68.7,nan,0.53061632,nan,nan,1.0,0.0,1,nan
83.78249211708705,5.935251798561147,68.7,68.7,nan,0.53061632,nan,nan,1.0,0.0,1,nan
83.79916427930196,5.935251798561147,68.7,68.7,nan,0.53061632,nan,nan,1.0,0.0,1,nan
83.8158362587293,5.935251798561147,68.7,68.7,nan,0.53061632,nan,nan,1.0,0.0,1,nan
83.83250857194265,5.935251798561147,68.7,68.7,nan,0.53061632,nan,nan,1.0,0.0,1,nan
83.84917993942896,5.935251798561147,68.7,68.7,nan,0.53061632,nan,nan,1.0,0.0,1,nan
83.86585204203924,5.935251798561147,68.7,68.7,nan,0.53061632,nan,nan,1.0,0.0,1,nan
83.88252558708191,5.935251798561147,68.7,68.7,nan,0.53061632,nan,nan,1.0,0.0,1,nan
83.89919811089834,5.935251798561147,68.7,68.7,nan,0.53061632,nan,nan,1.0,0.0,1,nan
83.91587028503417,5.935251798561147,68.7,68.7,nan,0.53061632,nan,nan,1.0,0.0,1,nan
83.93254228432973,5.935251798561147,68.7,68.7,nan,0.53061632,nan,nan,1.0,0.0,1,nan
83.94921507438023,5.935251798561147,68.7,68.7,nan,0.53061632,nan,nan,1.0,0.0,1,nan
83.96588711341222,6.1151079136690605,68.7,68.7,nan,0.53061632,nan,nan,1.0,0.0,1,nan
83.98255942265193,6.1151079136690605,68.7,68.7,nan,0.53061632,nan,nan,1.0,0.0,1,nan
83.99923127492269,6.1151079136690605,68.7,68.7,nan,0.53061632,nan,nan,1.0,0.0,1,nan
84.01590338945388,6.1151079136690605,68.7,68.7,nan,0.53061632,nan,nan,1.0,0.0,1,nan
84.03257424036661,6.1151079136690605,68.7,68.7,nan,0.53061632,nan,nan,1.0,0.0,1,nan
84.04924612840017,6.1151079136690605,68.7,68.7,nan,0.53061632,nan,nan,1.0,0.0,1,nan
84.06591918468476,6.1151079136690605,68.7,68.7,nan,0.53061632,nan,nan,1.0,0.0,1,nan
84.08259185949962,6.1151079136690605,68.7,68.7,nan,0.53061632,nan,nan,1.0,0.0,1,nan
84.09926320314408,6.1151079136690605,68.7,68.7,nan,0.53061632,nan,nan,1.0,0.0,1,nan
84.11593509515127,6.1151079136690605,68.7,68.7,nan,0.53061632,nan,nan,1.0,0.0,1,nan
84.13261059919994,6.1151079136690605,68.7,68.7,nan,0.53061632,nan,nan,1.0,0.0,1,nan
84.14928272565206,6.1151079136690605,68.7,68.7,nan,0.53061632,nan,nan,1.0,0.0,1,nan
84.16595459381739,6.1151079136690605,68.7,68.7,nan,0.53061632,nan,nan,1.0,0.0,1,nan
84.18262673219046,6.1151079136690605,68.7,68.7,nan,0.53061632,nan,nan,1.0,0.0,1,nan
84.19929953813553,6.1151079136690605,68.7,68.7,nan,0.53061632,nan,nan,1.0,0.0,1,nan
84.21597898801168,6.1151079136690605,68.7,68.7,nan,0.53061632,nan,nan,1.0,0.0,1,nan
84.23265021244684,6.1151079136690605,68.7,68.7,nan,0.53061632,nan,nan,1.0,0.0,1,nan
84.24932917753856,6.1151079136690605,68.7,68.7,nan,0.53061632,nan,nan,1.0,0.0,1,nan
84.26600172917048,6.1151079136690605,68.7,68.7,nan,0.53061632,nan,nan,1.0,0.0,1,nan
84.28267605702082,6.1151079136690605,68.7,68.7,nan,0.53061632,nan,nan,1.0,0.0,1,nan
84.29934794108073,6.1151079136690605,68.7,68.7,nan,0.53061632,nan,nan,1.0,0.0,1,nan
84.31602022250493,6.1151079136690605,68.7,68.7,nan,0.53061632,nan,nan,1.0,0.0,1,nan
84.33269359668095,6.1151079136690605,68.7,68.7,nan,0.53061632,nan,nan,1.0,0.0,1,nan
84.34936623573303,6.1151079136690605,68.7,68.7,nan,0.53061632,nan,nan,1.0,0.0,1,nan
84.36603823502858,6.1151079136690605,68.7,68.7,nan,0.53061632,nan,nan,1.0,0.0,1,nan
84.38271037737529,6.1151079136690605,68.7,68.7,nan,0.53061632,nan,nan,1.0,0.0,1,nan
84.39938236872355,6.1151079136690605,68.7,68.7,nan,0.53061632,nan,nan,1.0,0.0,1,nan
84.4160545706749,6.1151079136690605,68.7,68.7,nan,0.53061632,nan,nan,1.0,0.0,1,nan
84.43272655010223,6.1151079136690605,68.7,68.7,nan,0.53061632,nan,nan,1.0,0.0,1,nan
84.4493991891543,6.1151079136690605,68.7,68.7,nan,0.53061632,nan,nan,1.0,0.0,1,nan
84.46607098579406,6.294964028776984,68.7,68.7,nan,0.53061632,nan,nan,1.0,0.0,1,nan
84.4827436129252,6.294964028776984,68.7,68.7,nan,0.53061632,nan,nan,1.0,0.0,1,nan
84.49941514333089,6.294964028776984,68.7,68.7,nan,0.53061632,nan,nan,1.0,0.0,1,nan
84.51608730554581,6.294964028776984,68.7,68.7,nan,0.53061632,nan,nan,1.0,0.0,1,nan
84.53275890350342,6.294964028776984,68.7,68.7,nan,0.53061632,nan,nan,1.0,0.0,1,nan
84.54943106571834,6.294964028776984,68.7,68.7,nan,0.53061632,nan,nan,1.0,0.0,1,nan
84.56610184510549,6.294964028776984,68.7,68.7,nan,0.53061632,nan,nan,1.0,0.0,1,nan
84.58277638355891,6.294964028776984,68.7,68.7,nan,0.53061632,nan,nan,1.0,0.0,1,nan
84.59944695234299,6.294964028776984,68.7,68.7,nan,0.53061632,nan,nan,1.0,0.0,1,nan
84.61611893177033,6.294964028776984,68.7,68.7,nan,0.53061632,nan,nan,1.0,0.0,1,nan
84.63279167811076,6.294964028776984,68.7,68.7,nan,0.53061632,nan,nan,1.0,0.0,1,nan
84.64946354230246,6.294964028776984,68.7,68.7,nan,0.53061632,nan,nan,1.0,0.0,1,nan
84.66613576809566,6.294964028776984,68.7,68.7,nan,0.53061632,nan,nan,1.0,0.0,1,nan
84.68280922571817,6.294964028776984,68.7,68.7,nan,0.53061632,nan,nan,1.0,0.0,1,nan
84.69947888851166,6.294964028776984,68.7,68.7,nan,0.53061632,nan,nan,1.0,0.0,1,nan
84.71615087588629,6.294964028776984,68.7,68.7,nan,0.53061632,nan,nan,1.0,0.0,1,nan
84.7328250169754,6.294964028776984,68.7,68.7,nan,0.53061632,nan,nan,1.0,0.0,1,nan
84.74949684540431,6.294964028776984,68.7,68.7,nan,0.53061632,nan,nan,1.0,0.0,1,nan
84.76616845925649,6.294964028776984,68.7,68.7,nan,0.53061632,nan,nan,1.0,0.0,1,nan
84.78284268776575,6.294964028776984,68.7,68.7,nan,0.53061632,nan,nan,1.0,0.0,1,nan
84.7995142976443,6.294964028776984,68.7,68.7,nan,0.53061632,nan,nan,1.0,0.0,1,nan
84.81618686914445,6.294964028776984,68.7,68.7,nan,0.53061632,nan,nan,1.0,0.0,1,nan
84.83285847504933,6.294964028776984,68.7,68.7,nan,0.53061632,nan,nan,1.0,0.0,1,nan
84.84953092336654,6.294964028776984,68.7,68.7,nan,0.53061632,nan,nan,1.0,0.0,1,nan
84.86620248953501,6.294964028776984,68.7,68.7,nan,0.53061632,nan,nan,1.0,0.0,1,nan
84.88287529945373,6.294964028776984,68.7,68.7,nan,0.53061632,nan,nan,1.0,0.0,1,nan
84.89954862594604,6.294964028776984,68.7,68.7,nan,0.53061632,nan,nan,1.0,0.0,1,nan
84.91622058947881,6.294964028776984,68.7,68.7,nan,0.53061632,nan,nan,1.0,0.0,1,nan
84.93289142847061,6.294964028776984,68.7,68.7,nan,0.53061632,nan,nan,1.0,0.0,1,nan
84.94956381718318,6.294964028776984,68.7,68.7,nan,0.53061632,nan,nan,1.0,0.0,1,nan
84.96623731056849,6.474820143884896,68.7,68.7,nan,0.53061632,nan,nan,1.0,0.0,1,nan
84.98291579882304,6.474820143884896,68.7,68.7,nan,0.53061632,nan,nan,1.0,0.0,1,nan
84.9995915611585,6.474820143884896,68.7,68.7,nan,0.53061632,nan,nan,1.0,0.0,1,nan
85.01626534064611,6.474820143884896,68.7,68.7,nan,0.53061632,nan,nan,1.0,0.0,1,nan
85.03293801546097,6.474820143884896,68.7,68.7,nan,0.53061632,nan,nan,1.0,0.0,1,nan
85.04961141347886,6.474820143884896,68.7,68.7,nan,0.53061632,nan,nan,1.0,0.0,1,nan
85.06628382603327,6.474820143884896,68.7,68.7,nan,0.53061632,nan,nan,1.0,0.0,1,nan
85.08295862674713,6.474820143884896,68.7,68.7,nan,0.53061632,nan,nan,1.0,0.0,1,nan
85.09963082869848,6.474820143884896,68.7,68.7,nan,0.53061632,nan,nan,1.0,0.0,1,nan
85.11630323330562,6.474820143884896,68.7,68.7,nan,0.53061632,nan,nan,1.0,0.0,1,nan
85.13297556638717,6.474820143884896,68.7,68.7,nan,0.53061632,nan,nan,1.0,0.0,1,nan
85.14964799880981,6.474820143884896,68.7,68.7,nan,0.53061632,nan,nan,1.0,0.0,1,nan
85.16631900866827,6.474820143884896,68.7,68.7,nan,0.53061632,nan,nan,1.0,0.0,1,nan
85.18299185832342,6.474820143884896,68.7,68.7,nan,0.53061632,nan,nan,1.0,0.0,1,nan
85.1996642867724,6.474820143884896,68.7,68.7,nan,0.53061632,nan,nan,1.0,0.0,1,nan
85.21633676290512,6.474820143884896,68.7,68.7,nan,0.53061632,nan,nan,1.0,0.0,1,nan
85.23300814231237,6.474820143884896,68.7,68.7,nan,0.53061632,nan,nan,1.0,0.0,1,nan
85.2496810277303,6.474820143884896,68.7,68.7,nan,0.53061632,nan,nan,1.0,0.0,1,nan
85.26635337670645,6.474820143884896,68.7,68.7,nan,0.53061632,nan,nan,1.0,0.0,1,nan
85.28302533626557,6.474820143884896,68.7,68.7,nan,0.53061632,nan,nan,1.0,0.0,1,nan
85.29969761371612,6.474820143884896,68.7,68.7,nan,0.53061632,nan,nan,1.0,0.0,1,nan
85.31637068192164,6.474820143884896,68.7,68.7,nan,0.53061632,nan,nan,1.0,0.0,1,nan
85.33304303884506,6.474820143884896,68.7,68.7,nan,0.53061632,nan,nan,1.0,0.0,1,nan
85.34971616665523,6.474820143884896,68.7,68.7,nan,0.53061632,nan,nan,1.0,0.0,1,nan
85.36638858715693,6.474820143884896,68.7,68.7,nan,0.53061632,nan,nan,1.0,0.0,1,nan
85.38306060234706,6.474820143884896,68.7,68.7,nan,0.53061632,nan,nan,1.0,0.0,1,nan
85.39973320960999,6.474820143884896,68.7,68.7,nan,0.53061632,nan,nan,1.0,0.0,1,nan
85.41640515724818,6.474820143884896,68.7,68.7,nan,0.53061632,nan,nan,1.0,0.0,1,nan
85.43307595650354,6.474820143884896,68.7,68.7,nan,0.53061632,nan,nan,1.0,0.0,1,nan
85.4497480471929,6.474820143884896,68.7,68.7,nan,0.53061632,nan,nan,1.0,0.0,1,nan
85.46642040808996,6.654676258992809,68.7,68.7,nan,0.53061632,nan,nan,1.0,0.0,1,nan
85.48309251070023,6.654676258992809,68.7,68.7,nan,0.53061632,nan,nan,1.0,0.0,1,nan
85.49976254701615,6.654676258992809,68.7,68.7,nan,0.53061632,nan,nan,1.0,0.0,1,nan
85.51643440326055,6.654676258992809,68.7,68.7,nan,0.53061632,nan,nan,1.0,0.0,1,nan
85.53311288356781,6.654676258992809,68.7,68.7,nan,0.53061632,nan,nan,1.0,0.0,1,nan
85.54978470802307,6.654676258992809,68.7,68.7,nan,0.53061632,nan,nan,1.0,0.0,1,nan
85.56645908355713,6.654676258992809,68.7,68.7,nan,0.53061632,nan,nan,1.0,0.0,1,nan
85.58313101132711,6.654676258992809,68.7,68.7,nan,0.53061632,nan,nan,1.0,0.0,1,nan
85.59980314572653,6.654676258992809,68.7,68.7,nan,0.53061632,nan,nan,1.0,0.0,1,nan
85.61647577683131,6.654676258992809,68.7,68.7,nan,0.53061632,nan,nan,1.0,0.0,1,nan
85.63314768473307,6.654676258992809,68.7,68.7,nan,0.53061632,nan,nan,1.0,0.0,1,nan
85.6498197833697,6.654676258992809,68.7,68.7,nan,0.53061632,nan,nan,1.0,0.0,1,nan
85.66649243036906,6.654676258992809,68.7,68.7,nan,0.53061632,nan,nan,1.0,0.0,1,nan
85.68316398064296,6.654676258992809,68.7,68.7,nan,0.53061632,nan,nan,1.0,0.0,1,nan
85.69983583688736,6.654676258992809,68.7,68.7,nan,0.53061632,nan,nan,1.0,0.0,1,nan
85.7165088335673,6.654676258992809,68.7,68.7,nan,0.53061632,nan,nan,1.0,0.0,1,nan
85.7331812342008,6.654676258992809,68.7,68.7,nan,0.53061632,nan,nan,1.0,0.0,1,nan
85.74985310633977,6.654676258992809,68.7,68.7,nan,0.53061632,nan,nan,1.0,0.0,1,nan
85.76652508974075,6.654676258992809,68.7,68.7,nan,0.53061632,nan,nan,1.0,0.0,1,nan
85.78319741884867,6.654676258992809,68.7,68.7,nan,0.53061632,nan,nan,1.0,0.0,1,nan
85.79986943801244,6.654676258992809,68.7,68.7,nan,0.53061632,nan,nan,1.0,0.0,1,nan
85.81654212474822,6.654676258992809,68.7,68.7,nan,0.53061632,nan,nan,1.0,0.0,1,nan
85.83321415980657,6.654676258992809,68.7,68.7,nan,0.53061632,nan,nan,1.0,0.0,1,nan
85.84988721609116,6.654676258992809,68.7,68.7,nan,0.53061632,nan,nan,1.0,0.0,1,nan
85.86655967632929,6.654676258992809,68.7,68.7,nan,0.53061632,nan,nan,1.0,0.0,1,nan
85.8832291007042,0.0,68.7,68.7,nan,0.53061632,nan,nan,0.0,0.0,1,nan
85.89990013043085,0.0,68.7,68.7,nan,0.532713472,nan,nan,0.0,0.0,1,nan
85.91657547156017,0.0,68.7,68.7,nan,0.950042624,nan,nan,0.0,0.0,1,nan
85.93324826955795,0.0,68.7,68.7,nan,0.960577536,nan,nan,0.0,0.0,1,nan
85.94992043177287,0.0,68.7,68.7,nan,0.966868992,nan,nan,0.0,0.0,1,nan
85.96659272114435,0.0,68.7,68.7,nan,0.968966144,nan,nan,0.0,0.0,1,nan
85.98326392173767,0.0,68.7,68.7,nan,0.979451904,nan,nan,0.0,0.0,1,nan
85.99993682305018,0.0,68.7,68.7,nan,1.11157248,nan,nan,0.0,0.0,1,nan
86.01660925944647,0.0,68.7,68.7,nan,1.126252544,nan,nan,0.0,0.0,1,nan
86.03328111171723,0.0,68.7,68.7,nan,1.126252544,nan,nan,0.0,0.0,1,nan
86.04995294411977,0.0,68.7,68.7,nan,1.126252544,nan,nan,0.0,0.0,1,nan
