tenant,instance_id,started_at,duration_s,prompt,cached,computed,first,evict,tail,new,recompute,gpu_s_total,gpu_s_evict,gpu_s_tail,gpu_s_recompute,gpu_s_cached
0,django__django-10973,1791027856.953178,6.384928464889526,1426,0,1426,1426,0,0,0,0,0.2977778176847471,0.0,0.0,0.0,0.0
1,django__django-11749,1791027861.967433,9.193526029586792,1633,0,1633,1633,0,0,0,0,0.34117853828631056,0.0,0.0,0.0,0.0
0,django__django-10973,1791027864.143189,5.210402488708496,1907,0,1907,0,0,1426,481,1426,0.39869502967144277,0.0,0.2977778176847471,0.2977778176847471,0.0
2,django__django-12262,1791027867.0580606,7.801330089569092,1590,0,1590,1590,0,0,0,0,0.3321592807221973,0.0,0.0,0.0,0.0
0,django__django-10973,1791027869.4674397,156.9973967075348,2515,1568,947,0,0,339,608,339,0.19905482428010593,0.0,0.07114951289022524,0.07114951289022524,0.3275455167812175
1,django__django-11749,1791027871.5760927,4.732600212097168,2131,1568,563,0,0,65,498,65,0.11822801484224883,0.0,0.013633021505092992,0.013633021505092992,0.3275455167812175
3,django__django-13112,1791027871.9532373,15.987240552902222,1856,0,1856,1856,0,0,0,0,0.38798352059828134,0.0,0.0,0.0,0.0
2,django__django-12262,1791027875.6608574,10.519433736801147,2712,1568,1144,0,0,22,1122,22,0.24057988522980064,0.0,0.004613763940979734,0.004613763940979734,0.3275455167812175
1,django__django-11749,1791027876.43561,5.53808331489563,4581,1568,3013,0,0,563,2450,563,0.6365389880301854,0.0,0.11822801484224883,0.11822801484224883,0.3275455167812175
4,django__django-13821,1791027877.0187206,7.811902761459351,1507,0,1507,1507,0,0,0,0,0.31475542743485596,0.0,0.0,0.0,0.0
5,django__django-14787,1791027881.954948,9.34688687324524,1538,0,1538,1538,0,0,0,0,0.3212548276933707,0.0,0.0,0.0,0.0
1,django__django-11749,1791027882.100141,22.430610418319702,5386,3136,2250,0,0,1445,805,1445,0.478107118777539,0.0,0.3064491254089177,0.3064491254089177,0.6576353794024852
4,django__django-13821,1791027885.309886,10.216211080551147,1843,0,1843,0,0,1507,336,1507,0.3852535664367373,0.0,0.31475542743485596,0.31475542743485596,0.0
2,django__django-12262,1791027886.4261887,5.3792009353637695,3577,1568,2009,0,0,1144,865,1144,0.4233860659830005,0.0,0.24057988522980064,0.24057988522980064,0.3275455167812175
6,django__django-15380,1791027887.0374162,9.282451868057251,1823,0,1823,1823,0,0,0,0,0.3810539784631459,0.0,0.0,0.0,0.0
3,django__django-13112,1791027888.2993927,30.893136739730835,3128,1568,1560,0,0,288,1272,288,0.3283992731066599,0.0,0.06043800381706374,0.06043800381706374,0.3275455167812175
2,django__django-12262,1791027891.9185746,6.0476930141448975,4525,3136,1389,0,0,441,948,441,0.29453264832746506,0.0,0.09329620336173278,0.09329620336173278,0.6576353794024852
7,django__django-16255,1791027891.9798305,8.507250308990479,1768,0,1768,1768,0,0,0,0,0.36950724594643786,0.0,0.0,0.0,0.0
5,django__django-14787,1791027892.1797483,6.448487758636475,2755,0,2755,0,0,1538,1217,1538,0.5771945877094858,0.0,0.3212548276933707,0.3212548276933707,0.0
4,django__django-13821,1791027895.7771378,8.594229221343994,2215,1568,647,0,0,275,372,275,0.1358958400979697,0.0,0.0577080496555198,0.0577080496555198,0.3275455167812175
6,django__django-15380,1791027896.703883,42.99034237861633,3178,1568,1610,0,0,255,1355,255,0.3389665441820262,0.0,0.05350846168192838,0.05350846168192838,0.3275455167812175
8,sympy__sympy-11618,1791027896.7128527,9.893564701080322,1423,0,1423,1423,0,0,0,0,0.29714914771672013,0.0,0.0,0.0,0.0
2,django__django-12262,1791027898.1173189,5.025158166885376,4642,3136,1506,0,0,1389,117,1389,0.3194332665768882,0.0,0.29453264832746506,0.29453264832746506,0.6576353794024852
5,django__django-14787,1791027898.761507,223.18344831466675,4365,1568,2797,0,0,1187,1610,1187,0.5905933160538079,0.0,0.24964907092826832,0.24964907092826832,0.3275455167812175
7,django__django-16255,1791027901.2571309,7.173376560211182,2273,1568,705,0,0,200,505,200,0.14809931435181514,0.0,0.04196172916522034,0.04196172916522034,0.3275455167812175
9,sympy__sympy-13757,1791027901.8603835,13.918050765991211,1506,0,1506,1506,0,0,0,0,0.31454578591985305,0.0,0.0,0.0,0.0
2,django__django-12262,1791027903.2653532,175.088604927063,5550,3136,2414,0,0,1506,908,1506,0.5131606650462445,0.0,0.3194332665768882,0.3194332665768882,0.6576353794024852
4,django__django-13821,1791027904.6117926,13.927886247634888,3246,1568,1678,0,0,647,1031,647,0.35334218472602813,0.0,0.1358958400979697,0.1358958400979697,0.3275455167812175
1,django__django-11749,1791027904.7194812,16.279237270355225,5794,4704,1090,0,0,682,408,682,0.23273080519541123,0.0,0.1454729103162211,0.1454729103162211,0.9902695878638031
10,sympy__sympy-15875,1791027906.5781195,12.712630033493042,1499,0,1499,1499,0,0,0,0,0.31307832429107485,0.0,0.0,0.0,0.0
8,sympy__sympy-11618,1791027906.956439,8.91672158241272,3715,0,3715,0,0,1423,2292,1423,0.7801676569906105,0.0,0.29714914771672013,0.29714914771672013,0.0
7,django__django-16255,1791027908.5859468,21.312849044799805,4421,1568,2853,0,0,705,2148,705,0.6025005207378843,0.0,0.14809931435181514,0.14809931435181514,0.3275455167812175
11,sympy__sympy-18211,1791027911.9317012,15.845885992050171,1547,0,1547,1547,0,0,0,0,0.32314193662490864,0.0,0.0,0.0,0.0
8,sympy__sympy-11618,1791027916.1384346,6.473023891448975,4227,3136,1091,0,0,579,512,579,0.2311745517458072,0.0,0.1225322775881252,0.1225322775881252,0.6576353794024852
12,sympy__sympy-20916,1791027916.6359973,17.11747694015503,1425,0,1425,1425,0,0,0,0,0.2975682599938723,0.0,0.0,0.0,0.0
9,sympy__sympy-13757,1791027917.851616,9.441878318786621,2250,0,2250,0,0,1506,744,1506,0.47080510584372154,0.0,0.31454578591985305,0.31454578591985305,0.0
4,django__django-13821,1791027919.2800415,6.315118312835693,4146,3136,1010,0,0,110,900,110,0.21396894036735675,0.0,0.02325232210476042,0.02325232210476042,0.6576353794024852
3,django__django-13112,1791027919.9425635,8.26213526725769,3345,1568,1777,0,0,1560,217,1560,0.3742799808242251,0.0,0.3283992731066599,0.3283992731066599,0.3275455167812175
1,django__django-11749,1791027921.172619,29.303895473480225,6146,4704,1442,0,0,1090,352,1090,0.3081505499141995,0.0,0.23273080519541123,0.23273080519541123,0.9902695878638031
10,sympy__sympy-15875,1791027921.8777363,12.158670425415039,3115,0,3115,0,0,1499,1616,1499,0.6531977231858186,0.0,0.31307832429107485,0.31307832429107485,0.0
13,sympy__sympy-23262,1791027922.1279447,12.069910764694214,1640,0,1640,1640,0,0,0,0,0.3426469706191891,0.0,0.0,0.0,0.0
8,sympy__sympy-11618,1791027922.7575216,15.492394208908081,4965,3136,1829,0,0,1091,738,1091,0.3882495365712838,0.0,0.2311745517458072,0.2311745517458072,0.6576353794024852
4,django__django-13821,1791027925.7458649,66.42042016983032,5353,3136,2217,0,0,1010,1207,1010,0.47105702512785425,0.0,0.21396894036735675,0.21396894036735675,0.6576353794024852
14,pytest-dev__pytest-10051,1791027926.4162207,11.522308349609375,1823,0,1823,1823,0,0,0,0,0.3810539784631459,0.0,0.0,0.0,0.0
9,sympy__sympy-13757,1791027927.3998864,7.8653175830841064,2565,1568,997,0,0,682,315,682,0.20959037671935807,0.0,0.14325958906250397,0.14325958906250397,0.3275455167812175
3,django__django-13112,1791027928.506215,16.894466161727905,5631,3136,2495,0,0,209,2286,209,0.5304839655005007,0.0,0.044190118202957325,0.044190118202957325,0.6576353794024852
7,django__django-16255,1791027930.0282526,24.278690814971924,5775,3136,2639,0,0,1285,1354,1285,0.5612977089114585,0.0,0.27241065811661663,0.27241065811661663,0.6576353794024852
11,sympy__sympy-18211,1791027930.206281,15.090214729309082,2013,0,2013,0,0,1547,466,1547,0.42096677729458887,0.0,0.32314193662490864,0.32314193662490864,0.0
15,pytest-dev__pytest-5631,1791027931.5976756,12.122418642044067,2019,0,2019,2019,0,0,0,0,0.42222778996929117,0.0,0.0,0.0,0.0
12,sympy__sympy-20916,1791027934.1333718,13.854879140853882,3298,0,3298,0,0,1425,1873,1425,0.6918840671750647,0.0,0.2975682599938723,0.2975682599938723,0.0
10,sympy__sympy-15875,1791027934.3419206,6.416812419891357,3590,1568,2022,0,0,1547,475,1547,0.4261393480889257,0.0,0.325652206404601,0.325652206404601,0.3275455167812175
9,sympy__sympy-13757,1791027935.404855,56.84150004386902,3476,1568,1908,0,0,997,911,997,0.4020011396515615,0.0,0.20959037671935807,0.20959037671935807,0.3275455167812175
13,sympy__sympy-23262,1791027936.4001858,8.316463947296143,3164,1568,1596,0,0,72,1524,72,0.3360074474947474,0.0,0.015101453837971523,0.015101453837971523,0.3275455167812175
14,pytest-dev__pytest-10051,1791027938.3090074,8.410034894943237,2074,1568,506,0,0,255,251,255,0.10624329202685528,0.0,0.05350846168192838,0.05350846168192838,0.3275455167812175
8,sympy__sympy-11618,1791027939.8547163,55.608458518981934,5312,4704,608,0,0,261,347,261,0.12966517929619298,0.0,0.05561532810996593,0.05561532810996593,0.9902695878638031
6,django__django-15380,1791027939.9812226,32.895140171051025,3740,3136,604,0,0,42,562,42,0.1278307763855535,0.0,0.0088766815607585,0.0088766815607585,0.6576353794024852
10,sympy__sympy-15875,1791027940.8952515,40.165876150131226,4516,3136,1380,0,0,454,926,454,0.292617802923329,0.0,0.09604948546765796,0.09604948546765796,0.6576353794024852
15,pytest-dev__pytest-5631,1791027944.08831,8.009084463119507,2293,1568,725,0,0,451,274,451,0.15230821611741396,0.0,0.09468227318807364,0.09468227318807364,0.3275455167812175
13,sympy__sympy-23262,1791027944.9823644,10.240287780761719,3459,3136,323,0,0,28,295,28,0.0683128719547839,0.0,0.005917584873479726,0.005917584873479726,0.6576353794024852
3,django__django-13112,1791027945.7012596,48.123690366744995,5934,4704,1230,0,0,927,303,927,0.26271193716404756,0.0,0.19784975703918287,0.19784975703918287,0.9902695878638031
11,sympy__sympy-18211,1791027946.1433349,9.579623937606812,2453,1568,885,0,0,445,440,445,0.1859943323094166,0.0,0.09342126051337131,0.09342126051337131,0.3275455167812175
14,pytest-dev__pytest-10051,1791027946.9967875,21.80780529975891,4117,1568,2549,0,0,506,2043,506,0.5379004198961455,0.0,0.10624329202685528,0.10624329202685528,0.3275455167812175
12,sympy__sympy-20916,1791027948.236275,9.900671005249023,3875,3136,739,0,0,162,577,162,0.15645384644207538,0.0,0.03424868777257937,0.03424868777257937,0.6576353794024852
1,django__django-11749,1791027950.803444,7.73362922668457,6690,4704,1986,0,0,1442,544,1442,0.424960546415507,0.0,0.3081505499141995,0.3081505499141995,0.9902695878638031
15,pytest-dev__pytest-5631,1791027952.3643034,19.036993980407715,2991,1568,1423,0,0,725,698,725,0.29945820647334725,0.0,0.15230821611741396,0.15230821611741396,0.3275455167812175
7,django__django-16255,1791027954.5412824,5.663091421127319,7183,4704,2479,0,0,1071,1408,1071,0.5310841386525762,0.0,0.22866350045014056,0.22866350045014056,0.9902695878638031
13,sympy__sympy-23262,1791027955.4611723,12.739667892456055,4082,3136,946,0,0,323,623,323,0.20037918500604074,0.0,0.0683128719547839,0.0683128719547839,0.6576353794024852
11,sympy__sympy-18211,1791027956.4581945,10.879160165786743,2892,1568,1324,0,0,885,439,885,0.27855667828122727,0.0,0.1859943323094166,0.1859943323094166,0.3275455167812175
12,sympy__sympy-20916,1791027958.4302046,6.407332897186279,6495,3136,3359,0,0,739,2620,739,0.7156883106180234,0.0,0.15645384644207538,0.15645384644207538,0.6576353794024852
1,django__django-11749,1791027958.7278743,11.215960502624512,7036,6272,764,0,0,418,346,418,0.16423592376103435,0.0,0.08978199211413897,0.08978199211413897,1.3254481421651712
7,django__django-16255,1791027960.3295722,23.036967277526855,10526,6272,4254,0,0,911,3343,911,0.9221579886824894,0.0,0.1959055843512081,0.1959055843512081,1.3254481421651712
12,sympy__sympy-20916,1791027964.953543,57.40162801742554,7088,6272,816,0,0,223,593,223,0.17543624077650022,0.0,0.04787554785533743,0.04787554785533743,1.3254481421651712
11,sympy__sympy-18211,1791027967.461323,11.949655294418335,4075,1568,2507,0,0,1324,1183,1324,0.5289829252988105,0.0,0.27855667828122727,0.27855667828122727,0.3275455167812175
13,sympy__sympy-23262,1791027968.4420843,6.6669921875,4743,3136,1607,0,0,946,661,946,0.3409400649116101,0.0,0.20037918500604074,0.20037918500604074,0.6576353794024852
14,pytest-dev__pytest-10051,1791027969.097061,440.11925530433655,4858,3136,1722,0,0,981,741,981,0.365440856642531,0.0,0.2078105572748778,0.2078105572748778,0.6576353794024852
1,django__django-11749,1791027970.092366,10.717095613479614,7775,6272,1503,0,0,764,739,764,0.3236723568636193,0.0,0.16423592376103435,0.16423592376103435,1.3254481421651712
15,pytest-dev__pytest-5631,1791027971.6951947,58.89593863487244,3496,1568,1928,0,0,1423,505,1423,0.40623494028779344,0.0,0.29945820647334725,0.29945820647334725,0.3275455167812175
6,django__django-15380,1791027973.1609526,12.38594365119934,3994,3136,858,0,0,604,254,604,0.18170019256655853,0.0,0.1278307763855535,0.1278307763855535,0.6576353794024852
13,sympy__sympy-23262,1791027975.25188,8.114027261734009,6942,4704,2238,0,0,39,2199,39,0.4791748523988022,0.0,0.008305856450292214,0.008305856450292214,0.9902695878638031
11,sympy__sympy-18211,1791027979.5489426,14.455347537994385,4670,3136,1534,0,0,939,595,939,0.32539448967052004,0.0,0.19889306267754278,0.19889306267754278,0.6576353794024852
1,django__django-11749,1791027981.2383523,9.548043489456177,8116,6272,1844,0,0,1503,341,1503,0.3974323672348048,0.0,0.3236723568636193,0.3236723568636193,1.3254481421651712
10,sympy__sympy-15875,1791027981.6108668,410.46260833740234,4822,3136,1686,0,0,1380,306,1380,0.3577695719998012,0.0,0.292617802923329,0.292617802923329,0.6576353794024852
13,sympy__sympy-23262,1791027983.493634,13.754500389099121,7810,6272,1538,0,0,670,868,670,0.33123749070866954,0.0,0.14399629809743417,0.14399629809743417,1.3254481421651712
7,django__django-16255,1791027983.6422913,23.86090111732483,11547,9408,2139,0,0,1118,1021,1118,0.4682812079358714,0.0,0.2441678425596029,0.2441678425596029,2.003438288288058
6,django__django-15380,1791027986.2578425,7.422508478164673,4764,3136,1628,0,0,858,770,858,0.3454131011195156,0.0,0.18170019256655853,0.18170019256655853,0.6576353794024852
1,django__django-11749,1791027991.0916896,12.012465953826904,8524,7840,684,0,0,276,408,276,0.14812003687141503,0.0,0.05970946709338659,0.05970946709338659,1.6631710423065895
4,django__django-13821,1791027992.5153236,11.890637397766113,5593,4704,889,0,0,649,240,649,0.18972193109382035,0.0,0.13842281666653636,0.13842281666653636,0.9902695878638031
9,sympy__sympy-13757,1791027992.7870533,23.24047040939331,4024,3136,888,0,0,340,548,340,0.18806713056497282,0.0,0.07191127703029374,0.07191127703029374,0.6576353794024852
6,django__django-15380,1791027993.8048768,7.8852338790893555,4907,4704,203,0,0,60,143,60,0.04325027405291265,0.0,0.01277889265819777,0.01277889265819777,0.9902695878638031
3,django__django-13112,1791027994.0658476,35.29174876213074,8884,4704,4180,0,0,1230,2950,1230,0.8991738774341662,0.0,0.26271193716404756,0.26271193716404756,0.9902695878638031
11,sympy__sympy-18211,1791027994.245597,184.16658735275269,5272,3136,2136,0,0,1534,602,1534,0.4537570277812006,0.0,0.32539448967052004,0.32539448967052004,0.6576353794024852
8,sympy__sympy-11618,1791027995.7358413,4.1928551197052,5655,4704,951,0,0,608,343,608,0.20298389073428796,0.0,0.12966517929619298,0.12966517929619298,0.9902695878638031
13,sympy__sympy-23262,1791027997.5003011,9.216938018798828,8567,6272,2295,0,0,1538,757,1538,0.49517075222722606,0.0,0.33123749070866954,0.33123749070866954,1.3254481421651712
8,sympy__sympy-11618,1791028000.0674872,47.30065417289734,6581,4704,1877,0,0,951,926,951,0.40153106818314444,0.0,0.20298389073428796,0.20298389073428796,0.9902695878638031
6,django__django-15380,1791028001.8326743,7.811369180679321,5191,4704,487,0,0,203,284,203,0.10382961172760252,0.0,0.04325027405291265,0.04325027405291265,0.9902695878638031
1,django__django-11749,1791028003.388591,4.775152683258057,8815,7840,975,0,0,684,291,684,0.21128282611673577,0.0,0.14812003687141503,0.14812003687141503,1.6631710423065895
4,django__django-13821,1791028004.6965313,133.5839982032776,6646,4704,1942,0,0,889,1053,889,0.4155012955278661,0.0,0.18972193109382035,0.18972193109382035,0.9902695878638031
13,sympy__sympy-23262,1791028007.0407505,5.878225803375244,9253,7840,1413,0,0,727,686,727,0.306517808728999,0.0,0.15744785208580792,0.15744785208580792,1.6631710423065895
1,django__django-11749,1791028008.3011117,6.164036512374878,11339,7840,3499,0,0,975,2524,975,0.7628041664844565,0.0,0.21128282611673577,0.21128282611673577,1.6631710423065895
7,django__django-16255,1791028008.578688,7.272578001022339,11879,10976,903,0,0,571,332,571,0.19857730180831037,0.0,0.12546961611435287,0.12546961611435287,2.346249880109576
6,django__django-15380,1791028009.7764332,38.124974966049194,6100,4704,1396,0,0,487,909,487,0.29828727716218983,0.0,0.10382961172760252,0.10382961172760252,0.9902695878638031
13,sympy__sympy-23262,1791028013.0534549,7.244353532791138,10295,7840,2455,0,0,1413,1042,1413,0.5338793618052035,0.0,0.306517808728999,0.306517808728999,1.6631710423065895
1,django__django-11749,1791028014.6100855,5.811113595962524,11714,10976,738,0,0,363,375,363,0.16222940497063906,0.0,0.07972532868146961,0.07972532868146961,2.346249880109576
7,django__django-16255,1791028015.9824734,21.99744439125061,12061,10976,1085,0,0,903,182,903,0.23870281142837207,0.0,0.19857730180831037,0.19857730180831037,2.346249880109576
9,sympy__sympy-13757,1791028016.311634,5.820675373077393,4838,3136,1702,0,0,888,814,888,0.36117886626248985,0.0,0.18806713056497282,0.18806713056497282,0.6576353794024852
13,sympy__sympy-23262,1791028020.474942,12.417166233062744,12685,9408,3277,0,0,887,2390,887,0.7193478188571788,0.0,0.19361211582373503,0.19361211582373503,2.003438288288058
1,django__django-11749,1791028020.5831482,20.445958137512207,12046,10976,1070,0,0,738,332,738,0.23539446776282544,0.0,0.16222940497063906,0.16222940497063906,2.346249880109576
9,sympy__sympy-13757,1791028022.2568262,4.778106927871704,6128,4704,1424,0,0,134,1290,134,0.3042907476163674,0.0,0.028544657801171998,0.028544657801171998,0.9902695878638031
12,sympy__sympy-20916,1791028022.5097132,22.326025247573853,7838,6272,1566,0,0,816,750,816,0.33729051053632647,0.0,0.17543624077650022,0.17543624077650022,1.3254481421651712
0,django__django-10973,1791028026.7201118,4.365883827209473,2720,1568,1152,0,0,947,205,947,0.24226703071109726,0.0,0.19905482428010593,0.19905482428010593,0.3275455167812175
9,sympy__sympy-13757,1791028027.1556022,46.7887978553772,7135,4704,2431,0,0,1424,1007,1424,0.5207405661493887,0.0,0.3042907476163674,0.3042907476163674,0.9902695878638031
3,django__django-13112,1791028029.6704986,7.314342498779297,9333,7840,1493,0,0,1044,449,1044,0.32393376852003447,0.0,0.22627242299138,0.22627242299138,1.6631710423065895
15,pytest-dev__pytest-5631,1791028031.1310506,5.639433860778809,3773,3136,637,0,0,360,277,360,0.13482578516470903,0.0,0.07614507766652576,0.07614507766652576,0.6576353794024852
0,django__django-10973,1791028031.2162268,113.17828273773193,3829,1568,2261,0,0,1152,1109,1152,0.47678854459976094,0.0,0.24226703071109726,0.24226703071109726,0.3275455167812175
13,sympy__sympy-23262,1791028033.2681763,8.880970239639282,13298,12544,754,0,0,141,613,141,0.16697630878626543,0.0,0.031180289374091535,0.031180289374091535,2.6916058177711446
3,django__django-13112,1791028037.2457488,47.84397864341736,10176,7840,2336,0,0,1493,843,1493,0.5078570536574745,0.0,0.32393376852003447,0.32393376852003447,1.6631710423065895
7,django__django-16255,1791028038.1485777,4.250170469284058,12398,10976,1422,0,0,1085,337,1085,0.31309164574004683,0.0,0.23870281142837207,0.23870281142837207,2.346249880109576
1,django__django-11749,1791028042.2732515,18.179006338119507,12524,10976,1548,0,0,1070,478,1070,0.3409348677140408,0.0,0.23539446776282544,0.23539446776282544,2.346249880109576
13,sympy__sympy-23262,1791028042.431293,7.660794734954834,13721,12544,1177,0,0,754,423,754,0.26090896156933213,0.0,0.16697630878626543,0.16697630878626543,2.6916058177711446
7,django__django-16255,1791028042.5406075,4.381843090057373,12570,10976,1594,0,0,1422,172,1422,0.35110394744309054,0.0,0.31309164574004683,0.31309164574004683,2.346249880109576
15,pytest-dev__pytest-5631,1791028045.0567188,251.3197979927063,4134,3136,998,0,0,637,361,637,0.21142053835898708,0.0,0.13482578516470903,0.13482578516470903,0.6576353794024852
12,sympy__sympy-20916,1791028046.9590335,33.003602504730225,8235,6272,1963,0,0,1566,397,1566,0.42320098838556713,0.0,0.33729051053632647,0.33729051053632647,1.3254481421651712
7,django__django-16255,1791028047.238584,41.04203963279724,12666,12544,122,0,0,26,96,26,0.02697749068729428,0.0,0.0057480097815218395,0.0057480097815218395,2.6916058177711446
8,sympy__sympy-11618,1791028047.4970772,9.278977394104004,7272,6272,1000,0,0,309,691,309,0.21509060076008754,0.0,0.06635251388177636,0.06635251388177636,1.3254481421651712
6,django__django-15380,1791028048.1675436,7.269608974456787,6488,4704,1784,0,0,1396,388,1396,0.3815504999103412,0.0,0.29828727716218983,0.29828727716218983,0.9902695878638031
13,sympy__sympy-23262,1791028050.2545657,13.516505002975464,14806,12544,2262,0,0,1177,1085,1177,0.5026939396177598,0.0,0.26090896156933213,0.26090896156933213,2.6916058177711446
6,django__django-15380,1791028055.5822504,36.64236640930176,7307,6272,1035,0,0,216,819,216,0.22263751579310556,0.0,0.046371945608973106,0.046371945608973106,1.3254481421651712
8,sympy__sympy-11618,1791028057.1732152,32.33647394180298,8195,6272,1923,0,0,1000,923,1000,0.41453763190242277,0.0,0.21509060076008754,0.21509060076008754,1.3254481421651712
1,django__django-11749,1791028060.8762484,71.38960313796997,13145,10976,2169,0,0,1548,621,1548,0.4784022064051592,0.0,0.3409348677140408,0.3409348677140408,2.346249880109576
13,sympy__sympy-23262,1791028065.758457,7.908054828643799,15239,14112,1127,0,0,694,433,694,0.25162490957131173,0.0,0.15479365611614088,0.15479365611614088,3.039506101272764
13,sympy__sympy-23262,1791028073.964224,5.9405436515808105,15753,14112,1641,0,0,1127,514,1127,0.36682195725499506,0.0,0.25162490957131173,0.25162490957131173,3.039506101272764
9,sympy__sympy-13757,1791028074.4567893,5.512370347976685,7804,6272,1532,0,0,863,669,863,0.3299405205876239,0.0,0.1855620118480206,0.1855620118480206,1.3254481421651712
2,django__django-12262,1791028078.6989336,9.778361558914185,5831,4704,1127,0,0,846,281,846,0.24065241813609542,0.0,0.1805264565849267,0.1805264565849267,0.9902695878638031
13,sympy__sympy-23262,1791028080.0545938,32.90996718406677,16622,15680,942,0,0,73,869,73,0.21175840369753732,0.0,0.016377327913326058,0.016377327913326058,3.389950730614433
9,sympy__sympy-13757,1791028080.0933468,13.966788053512573,8589,6272,2317,0,0,1532,785,1532,0.49994386273106345,0.0,0.3299405205876239,0.3299405205876239,1.3254481421651712
12,sympy__sympy-20916,1791028080.540374,16.003522872924805,8470,7840,630,0,0,395,235,395,0.1364087466830935,0.0,0.08547808824414893,0.08547808824414893,1.6631710423065895
3,django__django-13112,1791028085.3210297,21.035544395446777,11354,9408,1946,0,0,768,1178,768,0.42583428941695267,0.0,0.16758980767600615,0.16758980767600615,2.003438288288058
7,django__django-16255,1791028088.6464763,13.864432334899902,13386,12544,842,0,0,122,720,122,0.1865025996517098,0.0,0.02697749068729428,0.02697749068729428,2.6916058177711446
2,django__django-12262,1791028088.8388648,5.536452531814575,6113,4704,1409,0,0,1127,282,1127,0.3010745018307874,0.0,0.24065241813609542,0.24065241813609542,0.9902695878638031
8,sympy__sympy-11618,1791028089.6589274,28.3983314037323,8539,7840,699,0,0,355,344,355,0.15137370857787813,0.0,0.0768147317610045,0.0768147317610045,1.6631710423065895
6,django__django-15380,1791028092.5074422,6.835100173950195,8114,6272,1842,0,0,1035,807,1035,0.39699940638380327,0.0,0.22263751579310556,0.22263751579310556,1.3254481421651712
9,sympy__sympy-13757,1791028094.3073196,6.720028877258301,8813,7840,973,0,0,749,224,749,0.21084841852337577,0.0,0.16222096258964525,0.16222096258964525,1.6631710423065895
2,django__django-12262,1791028094.4845173,5.906574010848999,6469,4704,1765,0,0,1409,356,1409,0.3774695494249139,0.0,0.3010745018307874,0.3010745018307874,0.9902695878638031
12,sympy__sympy-20916,1791028096.9888206,19.783263683319092,8721,7840,881,0,0,630,251,630,0.19087014398844307,0.0,0.1364087466830935,0.1364087466830935,1.6631710423065895
6,django__django-15380,1791028099.4907322,58.67465329170227,8678,7840,838,0,0,274,564,274,0.18153547589286428,0.0,0.0592765062423851,0.0592765062423851,1.6631710423065895
2,django__django-12262,1791028100.5266478,9.586261749267578,7139,6272,867,0,0,197,670,197,0.18642388515509772,0.0,0.04229099512354582,0.04229099512354582,1.3254481421651712
9,sympy__sympy-13757,1791028101.1601267,32.508365631103516,9299,7840,1459,0,0,973,486,973,0.3165311763438055,0.0,0.21084841852337577,0.21084841852337577,1.6631710423065895
7,django__django-16255,1791028102.6575644,4.6982715129852295,13517,12544,973,0,0,842,131,842,0.215584990913112,0.0,0.1865025996517098,0.1865025996517098,2.6916058177711446
3,django__django-13112,1791028106.5977247,9.178770065307617,12091,10976,1115,0,0,378,737,378,0.2453201972938659,0.0,0.08302269759543417,0.08302269759543417,2.346249880109576
7,django__django-16255,1791028108.4185746,10.928824663162231,13737,12544,1193,0,0,973,220,973,0.2644656041610413,0.0,0.215584990913112,0.215584990913112,2.6916058177711446
2,django__django-12262,1791028110.354702,5.715059757232666,8593,6272,2321,0,0,867,1454,867,0.500811754817509,0.0,0.18642388515509772,0.18642388515509772,1.3254481421651712
13,sympy__sympy-23262,1791028113.3886418,18.402585744857788,16898,15680,1218,0,0,942,276,942,0.27397621158080493,0.0,0.21175840369753732,0.21175840369753732,3.389950730614433
3,django__django-13112,1791028116.0304272,38.693687915802,12661,10976,1685,0,0,1115,570,1115,0.3712274907863894,0.0,0.2453201972938659,0.2453201972938659,2.346249880109576
2,django__django-12262,1791028116.1943603,26.763824701309204,8901,7840,1061,0,0,753,308,753,0.22996626856332142,0.0,0.1630888546760907,0.1630888546760907,1.6631710423065895
12,sympy__sympy-20916,1791028117.1371665,3.600109815597534,8867,7840,1027,0,0,881,146,881,0.2225788764956486,0.0,0.19087014398844307,0.19087014398844307,1.6631710423065895
8,sympy__sympy-11618,1791028118.4707932,76.79329371452332,8806,7840,966,0,0,699,267,699,0.20932802454488786,0.0,0.15137370857787813,0.15137370857787813,1.6631710423065895
7,django__django-16255,1791028120.2238507,9.173635959625244,14047,12544,1503,0,0,1193,310,1193,0.33342784614319937,0.0,0.2644656041610413,0.2644656041610413,2.6916058177711446
12,sympy__sympy-20916,1791028120.906861,112.10160303115845,10343,7840,2503,0,0,1027,1476,1027,0.5443799027496894,0.0,0.2225788764956486,0.2225788764956486,1.6631710423065895
5,django__django-14787,1791028122.2507658,6.143819093704224,4707,3136,1571,0,0,1229,342,1229,0.3332730646132037,0.0,0.2605034534325402,0.2605034534325402,0.6576353794024852
5,django__django-14787,1791028128.6833162,5.016462087631226,5822,4704,1118,0,0,3,1115,3,0.23872540891959765,0.0,0.000638856151885818,0.000638856151885818,0.9902695878638031
7,django__django-16255,1791028129.5568576,7.137014627456665,14331,12544,1787,0,0,1503,284,1503,0.3966934470113538,0.0,0.33342784614319937,0.33342784614319937,2.6916058177711446
13,sympy__sympy-23262,1791028132.187532,15.60202169418335,17158,15680,1478,0,0,1218,260,1218,0.33265929946901734,0.0,0.27397621158080493,0.27397621158080493,3.389950730614433
1,django__django-11749,1791028132.4408863,18.62297296524048,13583,12544,1039,0,0,601,438,601,0.23024391569960395,0.0,0.13304626874359046,0.13304626874359046,2.6916058177711446
5,django__django-14787,1791028133.8492398,6.576320171356201,8292,4704,3588,0,0,1118,2470,1118,0.7707276865618609,0.0,0.23872540891959765,0.23872540891959765,0.9902695878638031
9,sympy__sympy-13757,1791028133.9362993,6.591866970062256,10238,7840,2398,0,0,1459,939,1459,0.5214130662694688,0.0,0.3165311763438055,0.3165311763438055,1.6631710423065895
7,django__django-16255,1791028136.8654547,13.6914701461792,14603,14112,491,0,0,219,272,219,0.10946382238572436,0.0,0.048793163509734915,0.048793163509734915,3.039506101272764
4,django__django-13821,1791028138.5110867,53.81430459022522,6992,6272,720,0,0,374,346,374,0.15476091807677994,0.0,0.08032274122649802,0.08032274122649802,1.3254481421651712
5,django__django-14787,1791028140.6072757,5.7336266040802,9653,7840,1813,0,0,452,1361,452,0.39366383909400704,0.0,0.0978262321190747,0.0978262321190747,1.6631710423065895
9,sympy__sympy-13757,1791028140.6663845,188.6531834602356,11290,9408,1882,0,0,830,1052,830,0.4117671380535781,0.0,0.1811458202880005,0.1811458202880005,2.003438288288058
2,django__django-12262,1791028143.8934424,31.782633781433105,9390,7840,1550,0,0,1061,489,1061,0.33634668050457983,0.0,0.22996626856332142,0.22996626856332142,1.6631710423065895
0,django__django-10973,1791028144.9793203,577.3512926101685,4625,3136,1489,0,0,693,796,693,0.3158143483919149,0.0,0.1466986819784932,0.1466986819784932,0.6576353794024852
5,django__django-14787,1791028146.4900908,553.8722741603851,10454,9408,1046,0,0,245,801,245,0.22840428987540787,0.0,0.05339659311253866,0.05339659311253866,2.003438288288058
13,sympy__sympy-23262,1791028148.1713226,19.95978856086731,17384,15680,1704,0,0,1478,226,1478,0.38372527785375427,0.0,0.33265929946901734,0.33265929946901734,3.389950730614433
1,django__django-11749,1791028151.2609637,13.961373329162598,14633,12544,2089,0,0,1039,1050,1039,0.4640604106171133,0.0,0.23024391569960395,0.23024391569960395,2.6916058177711446
3,django__django-13112,1791028154.9810734,5.797029495239258,13111,12544,567,0,0,117,450,117,0.12550954968352843,0.0,0.02587155312482067,0.02587155312482067,2.6916058177711446
6,django__django-15380,1791028159.090204,26.401859521865845,9597,7840,1757,0,0,838,919,838,0.3814534270157264,0.0,0.18153547589286428,0.18153547589286428,1.6631710423065895
3,django__django-13112,1791028160.914158,8.019332885742188,13686,12544,1142,0,0,567,575,567,0.25312972951767576,0.0,0.12550954968352843,0.12550954968352843,2.6916058177711446
1,django__django-11749,1791028165.383193,55.823041915893555,14895,14112,783,0,0,521,262,521,0.1746807741079157,0.0,0.1161601271154944,0.1161601271154944,3.039506101272764
7,pytest-dev__pytest-6202,1791028166.0976226,11.544471263885498,2111,0,2111,2111,0,0,0,0,0.4415679828229902,0.0,0.0,0.0,0.0
13,sympy__sympy-23262,1791028168.4035673,5.836897134780884,17973,17248,725,0,0,136,589,136,0.16407257028856428,0.0,0.030736302672035067,0.030736302672035067,3.7429397057961524
3,django__django-13112,1791028169.243317,26.094733476638794,13853,12544,1309,0,0,1142,167,1142,0.2902591858833338,0.0,0.25312972951767576,0.25312972951767576,2.6916058177711446
13,sympy__sympy-23262,1791028174.3969357,7.441283702850342,19499,17248,2251,0,0,725,1526,725,0.5111944377998089,0.0,0.16407257028856428,0.16407257028856428,3.7429397057961524
2,django__django-12262,1791028176.070739,27.635642766952515,10072,7840,2232,0,0,1550,682,1550,0.48512686868907845,0.0,0.33634668050457983,0.33634668050457983,1.6631710423065895
7,pytest-dev__pytest-6202,1791028177.9811335,5.851025342941284,2385,1568,817,0,0,543,274,543,0.17167449586765998,0.0,0.11402246604177266,0.11402246604177266,0.3275455167812175
11,sympy__sympy-18211,1791028178.720849,98.0762197971344,5820,4704,1116,0,0,568,548,568,0.23829719603278834,0.0,0.12112281931988274,0.12112281931988274,0.9902695878638031
13,sympy__sympy-23262,1791028181.987428,5.394268989562988,19766,18816,950,0,0,683,267,683,0.2166437811702886,0.0,0.15566111677803954,0.15566111677803954,4.0984730268179215
7,pytest-dev__pytest-6202,1791028184.0122437,5.351207971572876,2541,1568,973,0,0,817,156,817,0.2045329886703941,0.0,0.17167449586765998,0.17167449586765998,0.3275455167812175
6,django__django-15380,1791028185.872301,4.309922933578491,10092,9408,684,0,0,189,495,189,0.1492299428373553,0.0,0.04118618103425802,0.04118618103425802,2.003438288288058
13,sympy__sympy-23262,1791028187.4975858,10.202964305877686,21307,18816,2491,0,0,950,1541,950,0.5700490327663318,0.0,0.2166437811702886,0.2166437811702886,4.0984730268179215
7,pytest-dev__pytest-6202,1791028189.5011947,80.94104194641113,3136,1568,1568,0,0,973,595,973,0.3300898626212677,0.0,0.2045329886703941,0.2045329886703941,0.3275455167812175
6,django__django-15380,1791028190.3614564,5.218490839004517,10234,9408,826,0,0,684,142,684,0.18027111878473182,0.0,0.1492299428373553,0.1492299428373553,2.003438288288058
4,django__django-13821,1791028192.9062726,5.731625318527222,7566,6272,1294,0,0,720,574,720,0.27852408748222746,0.0,0.15476091807677994,0.15476091807677994,1.3254481421651712
3,django__django-13112,1791028195.5081053,6.229517221450806,14294,12544,1750,0,0,1309,441,1309,0.3884463687832992,0.0,0.2902591858833338,0.2902591858833338,2.6916058177711446
8,sympy__sympy-11618,1791028195.5186987,13.152661561965942,9385,7840,1545,0,0,966,579,966,0.3352576940435597,0.0,0.20932802454488786,0.20932802454488786,1.6631710423065895
6,django__django-15380,1791028195.9287012,18.482516050338745,10359,9408,951,0,0,826,125,826,0.20761336693432822,0.0,0.18027111878473182,0.18027111878473182,2.003438288288058
13,sympy__sympy-23262,1791028198.0075364,38.16737413406372,21814,20384,1430,0,0,923,507,923,0.32878148556127434,0.0,0.21197136590451227,0.21197136590451227,4.45655069367974
4,django__django-13821,1791028198.7986999,475.20288944244385,8357,6272,2085,0,0,1294,791,1294,0.44963445220278175,0.0,0.27852408748222746,0.27852408748222746,1.3254481421651712
3,django__django-13112,1791028202.861787,41.698740005493164,14864,14112,752,0,0,182,570,182,0.1677528700810524,0.0,0.040546085281680314,0.040546085281680314,3.039506101272764
2,django__django-12262,1791028204.1285486,389.19395685195923,10610,9408,1202,0,0,664,538,664,0.2625654344650785,0.0,0.14485962270761005,0.14485962270761005,2.003438288288058
8,sympy__sympy-11618,1791028208.8408532,59.693564653396606,10083,7840,2243,0,0,1545,698,1545,0.4875304935345823,0.0,0.3352576940435597,0.3352576940435597,1.6631710423065895
6,django__django-15380,1791028214.7092972,9.823718309402466,11278,9408,1870,0,0,951,919,951,0.40913001907174046,0.0,0.20761336693432822,0.20761336693432822,2.003438288288058
1,django__django-11749,1791028221.4064274,143.22709393501282,15370,14112,1258,0,0,783,475,783,0.2809585072564092,0.0,0.1746807741079157,0.1746807741079157,3.039506101272764
6,django__django-15380,1791028224.7776175,5.632638931274414,11704,10976,728,0,0,302,426,302,0.16002740763954862,0.0,0.06631842725022191,0.06631842725022191,2.346249880109576
6,django__django-15380,1791028230.5385692,36.05800414085388,12365,10976,1389,0,0,728,661,728,0.3058020882886566,0.0,0.16002740763954862,0.16002740763954862,2.346249880109576
12,sympy__sympy-20916,1791028233.3758059,4.616596460342407,10943,9408,1535,0,0,935,600,935,0.33557059648165505,0.0,0.20411265676822093,0.20411265676822093,2.003438288288058
13,sympy__sympy-23262,1791028236.5612004,9.870003461837769,22087,20384,1703,0,0,1430,273,1430,0.39178942445897863,0.0,0.32878148556127434,0.32878148556127434,4.45655069367974
12,sympy__sympy-20916,1791028238.1123297,645.9668056964874,11745,9408,2337,0,0,1535,802,1535,0.5118678461757403,0.0,0.33557059648165505,0.33557059648165505,2.003438288288058
3,django__django-13112,1791028244.8316958,14.252867698669434,16087,14112,1975,0,0,752,1223,752,0.44182417992451056,0.0,0.1677528700810524,0.1677528700810524,3.039506101272764
13,sympy__sympy-23262,1791028246.558839,75.73453640937805,22438,21952,486,0,0,135,351,135,0.1122909491324464,0.0,0.03116741175710891,0.03116741175710891,4.81717270638161
3,django__django-13112,1791028259.2199585,9.091618776321411,16905,15680,1225,0,0,407,818,407,0.275555224496456,0.0,0.09137955058284151,0.09137955058284151,3.389950730614433
6,django__django-15380,1791028266.9194903,17.60585927963257,12848,10976,1872,0,0,1389,483,1389,0.412607165933857,0.0,0.3058020882886566,0.3058020882886566,2.346249880109576
3,django__django-13112,1791028268.578979,8.051407814025879,17621,15680,1941,0,0,1225,716,1225,0.43733354688913306,0.0,0.275555224496456,0.275555224496456,3.389950730614433
8,sympy__sympy-11618,1791028268.6849697,6.103370666503906,10214,9408,806,0,0,675,131,675,0.17589785963617538,0.0,0.1472632475531139,0.1472632475531139,2.003438288288058
7,pytest-dev__pytest-6202,1791028270.7640953,62.584203243255615,4158,1568,2590,0,1568,0,1022,1568,0.5466073540176662,0.3300898626212677,0.0,0.3300898626212677,0.3275455167812175
8,sympy__sympy-11618,1791028274.940681,6.522775173187256,10340,9408,932,0,0,806,126,806,0.20345630310575052,0.0,0.17589785963617538,0.17589785963617538,2.003438288288058
3,django__django-13112,1791028276.7735732,65.2029755115509,18113,17248,865,0,0,373,492,373,0.19581821050166417,0.0,0.08434457170741387,0.08434457170741387,3.7429397057961524
11,sympy__sympy-18211,1791028276.93962,354.4672405719757,7888,4704,3184,0,0,1116,2068,1116,0.6832800468039216,0.0,0.23829719603278834,0.23829719603278834,0.9902695878638031
8,sympy__sympy-11618,1791028282.5501053,62.02740287780762,10843,9408,1435,0,0,932,503,932,0.31363506821828435,0.0,0.20345630310575052,0.20345630310575052,2.003438288288058
6,django__django-15380,1791028284.768056,25.11181092262268,13755,12544,1211,0,0,304,907,304,0.2684671437456424,0.0,0.06725122827228829,0.06725122827228829,2.6916058177711446
15,pytest-dev__pytest-5631,1791028296.798916,163.35123491287231,5244,3136,2108,0,0,998,1110,998,0.4477783609900047,0.0,0.21142053835898708,0.21142053835898708,0.6576353794024852
6,django__django-15380,1791028310.318483,24.47678232192993,14250,12544,1706,0,0,1211,495,1211,0.37864087664291657,0.0,0.2684671437456424,0.2684671437456424,2.6916058177711446
13,sympy__sympy-23262,1791028322.6843889,32.01151084899902,22810,21952,858,0,0,486,372,486,0.19840719815913282,0.0,0.1122909491324464,0.1122909491324464,4.81717270638161
9,sympy__sympy-13757,1791028329.838222,20.96209454536438,11947,10976,971,0,0,314,657,314,0.21356523931780635,0.0,0.06895554623205959,0.06895554623205959,2.346249880109576
7,pytest-dev__pytest-6202,1791028333.6208162,5.070307970046997,4555,3136,1419,0,0,1022,397,1022,0.3009160717377325,0.0,0.21651749139639856,0.21651749139639856,0.6576353794024852
6,django__django-15380,1791028335.0909088,95.90860915184021,14651,14112,539,0,0,138,401,138,0.12017835701537276,0.0,0.030740593141297717,0.030740593141297717,3.039506101272764
7,pytest-dev__pytest-6202,1791028338.8340964,114.95919680595398,5067,3136,1931,0,0,1419,512,1419,0.41000342096947573,0.0,0.3009160717377325,0.3009160717377325,0.6576353794024852
3,django__django-13112,1791028342.3943706,14.599520444869995,18361,17248,1113,0,0,865,248,865,0.2521031340557812,0.0,0.19581821050166417,0.19581821050166417,3.7429397057961524
8,sympy__sympy-11618,1791028346.0649018,8.412973403930664,11248,9408,1840,0,0,1435,405,1435,0.40253787358258675,0.0,0.31363506821828435,0.31363506821828435,2.003438288288058
9,sympy__sympy-13757,1791028350.9831858,8.285187005996704,12282,10976,1306,0,0,971,335,971,0.2874727286638668,0.0,0.21356523931780635,0.21356523931780635,2.346249880109576
13,sympy__sympy-23262,1791028354.8521178,9.233035326004028,23334,21952,1382,0,0,858,524,858,0.3199536685456162,0.0,0.19840719815913282,0.19840719815913282,4.81717270638161
8,sympy__sympy-11618,1791028355.809434,7.727533340454102,11387,10976,411,0,0,272,139,272,0.09027772881985284,0.0,0.059726281761068194,0.059726281761068194,2.346249880109576
3,django__django-13112,1791028357.135115,8.586336374282837,19538,17248,2290,0,0,1113,1177,1113,0.5200974169786835,0.0,0.2521031340557812,0.2521031340557812,3.7429397057961524
9,sympy__sympy-13757,1791028359.7042906,22.249997854232788,12693,10976,1717,0,0,1306,411,1306,0.3783059382482369,0.0,0.2874727286638668,0.2874727286638668,2.346249880109576
13,sympy__sympy-23262,1791028364.473786,15.481300830841064,23572,21952,1620,0,0,1382,238,1382,0.37525372938709867,0.0,0.3199536685456162,0.3199536685456162,4.81717270638161
1,django__django-11749,1791028364.766376,337.80008244514465,15621,14112,1509,0,0,1258,251,1258,0.33721218860372,0.0,0.2809585072564092,0.2809585072564092,3.039506101272764
8,sympy__sympy-11618,1791028365.117835,21.718435764312744,11702,10976,726,0,0,411,315,411,0.1595870205917199,0.0,0.09027772881985284,0.09027772881985284,2.346249880109576
3,django__django-13112,1791028365.8639781,4.54925537109375,20060,18816,1244,0,0,722,522,722,0.2838785741255583,0.0,0.16456409595691412,0.16456409595691412,4.0984730268179215
3,django__django-13112,1791028370.5448215,19.302223920822144,20455,18816,1639,0,0,1244,395,1244,0.3743518559964424,0.0,0.2838785741255583,0.2838785741255583,4.0984730268179215
13,sympy__sympy-23262,1791028380.4273844,20.330649614334106,23875,23520,355,0,0,52,303,52,0.08257520863101604,0.0,0.012087370845178802,0.012087370845178802,5.18033906492353
9,sympy__sympy-13757,1791028382.3854108,20.933485746383667,13522,12544,978,0,0,149,829,149,0.21669535770111806,0.0,0.03295000058666815,0.03295000058666815,2.6916058177711446
3,django__django-13112,1791028390.3126023,16.50032877922058,21427,20384,1043,0,0,71,972,71,0.23959470192036675,0.0,0.01627418913462288,0.01627418913462288,4.45655069367974
10,sympy__sympy-15875,1791028392.6680672,423.3303008079529,5272,4704,568,0,0,118,450,118,0.12112281931988274,0.0,0.025135363538483328,0.025135363538483328,0.9902695878638031
8,sympy__sympy-11618,1791028392.7317226,8.488044500350952,12233,10976,1257,0,0,726,531,726,0.2766551281714249,0.0,0.1595870205917199,0.1595870205917199,2.346249880109576
13,sympy__sympy-23262,1791028401.1312442,22.610405445098877,24312,23520,792,0,0,355,437,355,0.18440321301740797,0.0,0.08257520863101604,0.08257520863101604,5.18033906492353
8,sympy__sympy-11618,1791028401.3613598,19.44095492362976,12650,10976,1674,0,0,1257,417,1257,0.36879451921713596,0.0,0.2766551281714249,0.2766551281714249,2.346249880109576
9,sympy__sympy-13757,1791028403.7161043,8.557782649993896,14215,12544,1671,0,0,978,693,978,0.3708424840513693,0.0,0.21669535770111806,0.21669535770111806,2.6916058177711446
3,django__django-13112,1791028407.2096906,12.248175859451294,21699,20384,1315,0,0,1043,272,1043,0.30226276765402577,0.0,0.23959470192036675,0.23959470192036675,4.45655069367974
14,pytest-dev__pytest-10051,1791028409.5790296,560.0885207653046,5941,4704,1237,0,0,154,1083,154,0.2642115262009224,0.0,0.032806648181213136,0.032806648181213136,0.9902695878638031
9,sympy__sympy-13757,1791028412.4166784,5.57506537437439,14358,14112,246,0,0,103,143,103,0.05481219580018584,0.0,0.022942200549750484,0.022942200549750484,3.039506101272764
3,django__django-13112,1791028419.7151337,14.712882280349731,24614,20384,4230,0,0,1315,2915,1315,0.9786779044584981,0.0,0.30226276765402577,0.30226276765402577,4.45655069367974
9,sympy__sympy-13757,1791028420.0314157,9.982643604278564,14844,14112,732,0,0,246,486,246,0.1632837823613974,0.0,0.05481219580018584,0.05481219580018584,3.039506101272764
13,sympy__sympy-23262,1791028424.1344068,26.017230987548828,24783,23520,1263,0,0,792,471,792,0.29437505185640256,0.0,0.18440321301740797,0.18440321301740797,5.18033906492353
8,pylint-dev__pylint-6528,1791028424.4517248,7.390101909637451,1932,0,1932,1932,0,0,0,0,0.4039467525356783,0.0,0.0,0.0,0.0
6,django__django-15380,1791028431.2834015,19.257385969161987,15190,14112,1078,0,0,539,539,539,0.24065736427161083,0.0,0.12017835701537276,0.12017835701537276,3.039506101272764
9,sympy__sympy-13757,1791028432.0469263,6.994597434997559,15002,14112,890,0,0,732,158,732,0.19860085745339034,0.0,0.1632837823613974,0.1632837823613974,3.039506101272764
8,pylint-dev__pylint-6528,1791028432.2243087,8.722706079483032,2792,1568,1224,0,0,364,860,364,0.25745432045620914,0.0,0.07640123575446074,0.07640123575446074,0.3275455167812175
3,django__django-13112,1791028434.5665383,9.679946184158325,25371,23520,1851,0,0,1094,757,1094,0.4319869373327947,0.0,0.25488953321470864,0.25488953321470864,5.18033906492353
8,pylint-dev__pylint-6528,1791028441.2431808,10.688656091690063,4399,1568,2831,0,0,1224,1607,1224,0.5978223032864818,0.0,0.25745432045620914,0.25745432045620914,0.3275455167812175
9,sympy__sympy-13757,1791028441.4597955,17.839015007019043,15377,14112,1265,0,0,890,375,890,0.2825264512476923,0.0,0.19860085745339034,0.19860085745339034,3.039506101272764
3,django__django-13112,1791028444.5012121,11.734634160995483,26502,25088,1414,0,0,283,1131,283,0.3319744693875434,0.0,0.06627623295082469,0.06627623295082469,5.5460497693055
13,sympy__sympy-23262,1791028450.5499747,20.052647352218628,25304,23520,1784,0,0,1263,521,1263,0.41628860944082197,0.0,0.29437505185640256,0.29437505185640256,5.18033906492353
6,django__django-15380,1791028450.8473291,55.63805365562439,15608,14112,1496,0,0,1078,418,1078,0.33429705038542407,0.0,0.24065736427161083,0.24065736427161083,3.039506101272764
8,pylint-dev__pylint-6528,1791028452.1814342,7.065643787384033,6207,3136,3071,0,0,1263,1808,1263,0.6538676930050421,0.0,0.267732440665214,0.267732440665214,0.6576353794024852
7,pytest-dev__pytest-6202,1791028454.3415089,93.83607649803162,5473,4704,769,0,0,363,406,363,0.16406492284657243,0.0,0.07736921250815786,0.07736921250815786,0.9902695878638031
3,django__django-13112,1791028456.3736243,5.425268650054932,27051,25088,1963,0,0,1414,549,1414,0.46142459208979014,0.0,0.3319744693875434,0.3319744693875434,5.5460497693055
8,pylint-dev__pylint-6528,1791028459.3731945,7.135098457336426,6378,4704,1674,0,0,1503,171,1503,0.3579291239716156,0.0,0.32123348454372425,0.32123348454372425,0.9902695878638031
9,sympy__sympy-13757,1791028459.4425998,9.155080318450928,16096,14112,1984,0,0,1265,719,1265,0.4438467952159645,0.0,0.2825264512476923,0.2825264512476923,3.039506101272764
15,pytest-dev__pytest-5631,1791028460.4178648,7.89594292640686,5529,4704,825,0,0,540,285,540,0.17603633888247952,0.0,0.11514415252868679,0.11514415252868679,0.9902695878638031
3,django__django-13112,1791028461.9257605,7.6417396068573,27573,26656,917,0,0,395,522,395,0.2165425421588155,0.0,0.09316954186776996,0.09316954186776996,5.914304819527521
8,pylint-dev__pylint-6528,1791028466.7553494,297.50574588775635,8131,6272,1859,0,0,106,1753,106,0.4006797055627028,0.0,0.022750569670247547,0.022750569670247547,1.3254481421651712
15,pytest-dev__pytest-5631,1791028468.6291206,9.230010509490967,5865,4704,1161,0,0,825,336,825,0.24793298721863782,0.0,0.17603633888247952,0.17603633888247952,0.9902695878638031
9,sympy__sympy-13757,1791028468.7427418,5.106269598007202,16319,15680,639,0,0,416,223,416,0.14354484800383732,0.0,0.09340216587429545,0.09340216587429545,3.389950730614433
3,django__django-13112,1791028469.7016907,36.47465252876282,28421,26656,1765,0,0,917,848,917,0.4175657137792758,0.0,0.2165425421588155,0.2165425421588155,5.914304819527521
13,sympy__sympy-23262,1791028470.9658604,15.840916872024536,25647,25088,559,0,0,216,343,216,0.13099295606646186,0.0,0.05057790505885195,0.05057790505885195,5.5460497693055
9,sympy__sympy-13757,1791028473.967655,24.33799934387207,17674,15680,1994,0,0,639,1355,639,0.4493298469165027,0.0,0.14354484800383732,0.14354484800383732,3.389950730614433
15,pytest-dev__pytest-5631,1791028478.1227612,5.168555498123169,6521,4704,1817,0,0,1161,656,1161,0.38863935445776343,0.0,0.24793298721863782,0.24793298721863782,0.9902695878638031
15,pytest-dev__pytest-5631,1791028483.4190674,17.14437770843506,7071,6272,799,0,0,249,550,249,0.17177429080272108,0.0,0.05346080015639538,0.05346080015639538,1.3254481421651712
13,sympy__sympy-23262,1791028487.2162035,6.588517665863037,26003,25088,915,0,0,559,356,559,0.21458456791102926,0.0,0.13099295606646186,0.13099295606646186,5.5460497693055
13,sympy__sympy-23262,1791028493.9734278,5.589788913726807,26142,25088,1054,0,0,915,139,915,0.24725846776410929,0.0,0.21458456791102926,0.21458456791102926,5.5460497693055
9,sympy__sympy-13757,1791028498.452821,13.46844744682312,17856,17248,608,0,0,426,182,426,0.1375578439428792,0.0,0.09634087173478352,0.09634087173478352,3.7429397057961524
15,pytest-dev__pytest-5631,1791028500.7400208,4.794514179229736,7221,6272,949,0,0,799,150,799,0.2040959368869138,0.0,0.17177429080272108,0.17177429080272108,1.3254481421651712
13,sympy__sympy-23262,1791028500.8770583,10.512224197387695,26442,25088,1354,0,0,1054,300,1054,0.31784582199163025,0.0,0.24725846776410929,0.24725846776410929,5.5460497693055
15,pytest-dev__pytest-5631,1791028505.7264857,9.608702421188354,7568,6272,1296,0,0,949,347,949,0.2789559141203356,0.0,0.2040959368869138,0.2040959368869138,1.3254481421651712
3,django__django-13112,1791028506.573562,17.460251092910767,28635,28224,411,0,0,197,214,197,0.09761381781402809,0.0,0.04676631771720548,0.04676631771720548,6.285104215589591
6,django__django-15380,1791028506.7881837,26.378763914108276,16289,14112,2177,0,0,1496,681,1496,0.4872408291046546,0.0,0.33429705038542407,0.33429705038542407,3.039506101272764
13,sympy__sympy-23262,1791028512.966806,5.824559450149536,26866,25088,1778,0,0,1354,424,1354,0.4177681221118194,0.0,0.31784582199163025,0.31784582199163025,5.5460497693055
9,sympy__sympy-13757,1791028514.1142237,6.479362726211548,18341,17248,1093,0,0,608,485,608,0.24756166782357078,0.0,0.1375578439428792,0.1375578439428792,3.7429397057961524
15,pytest-dev__pytest-5631,1791028515.5103068,13.15928840637207,8319,6272,2047,0,0,1296,751,1296,0.4413994265811454,0.0,0.2789559141203356,0.2789559141203356,1.3254481421651712
13,sympy__sympy-23262,1791028518.9413745,69.37795400619507,27225,26656,569,0,0,210,359,210,0.13426254370180551,0.0,0.04951307188979924,0.04951307188979924,5.914304819527521
9,sympy__sympy-13757,1791028522.5886867,6.950635194778442,18764,17248,1516,0,0,1093,423,1093,0.34370188490202824,0.0,0.24756166782357078,0.24756166782357078,3.7429397057961524
3,django__django-13112,1791028524.1664076,3.9012439250946045,29222,28224,998,0,0,411,587,411,0.23733132558725303,0.0,0.09761381781402809,0.09761381781402809,6.285104215589591
3,django__django-13112,1791028528.1947758,47.2367959022522,30048,28224,1824,0,0,998,826,998,0.4345394343957326,0.0,0.23733132558725303,0.23733132558725303,6.285104215589591
15,pytest-dev__pytest-5631,1791028528.858803,5.2967917919158936,8443,7840,603,0,0,479,124,479,0.13055423321466164,0.0,0.10367652643972718,0.10367652643972718,1.6631710423065895
9,sympy__sympy-13757,1791028529.6731145,4.328721046447754,18879,17248,1631,0,0,1516,115,1516,0.3698713097373541,0.0,0.34370188490202824,0.34370188490202824,3.7429397057961524
6,django__django-15380,1791028533.302148,19.450665712356567,16513,15680,833,0,0,609,224,609,0.1872085921916493,0.0,0.13679619976298557,0.13679619976298557,3.389950730614433
9,sympy__sympy-13757,1791028534.1277897,31.756874799728394,19289,18816,473,0,0,63,410,63,0.10774905468834246,0.0,0.014337988715584735,0.014337988715584735,4.0984730268179215
15,pytest-dev__pytest-5631,1791028534.3592799,6.393273115158081,8990,7840,1150,0,0,603,547,603,0.2493095180194807,0.0,0.13055423321466164,0.13055423321466164,1.6631710423065895
15,pytest-dev__pytest-5631,1791028540.9205225,62.160659313201904,9413,7840,1573,0,0,1150,423,1150,0.341356351452053,0.0,0.2493095180194807,0.2493095180194807,1.6631710423065895
7,pytest-dev__pytest-6202,1791028548.4504907,57.871299028396606,5835,4704,1131,0,0,769,362,769,0.24150889358327132,0.0,0.16406492284657243,0.16406492284657243,0.9902695878638031
6,django__django-15380,1791028552.9384756,15.820945024490356,16840,15680,1160,0,0,833,327,833,0.26089491243026014,0.0,0.1872085921916493,0.1872085921916493,3.389950730614433
9,sympy__sympy-13757,1791028566.0168252,53.42184042930603,19522,18816,706,0,0,473,233,473,0.16091140126309822,0.0,0.10774905468834246,0.10774905468834246,4.0984730268179215
6,django__django-15380,1791028568.8967366,12.068737030029297,17573,15680,1893,0,0,1160,733,1160,0.42647148179408717,0.0,0.26089491243026014,0.26089491243026014,3.389950730614433
3,django__django-13112,1791028575.8452532,262.9201216697693,30334,29792,542,0,0,256,286,256,0.12964296350835575,0.0,0.06119569249361211,0.06119569249361211,6.658447957491712
6,django__django-15380,1791028581.2691302,8.51028823852539,17691,17248,443,0,0,325,118,325,0.10018935730002149,0.0,0.07348250661236795,0.07348250661236795,3.7429397057961524
13,sympy__sympy-23262,1791028588.4881682,10.429958581924438,27835,26656,1179,0,0,569,610,569,0.27857167390311643,0.0,0.13426254370180551,0.13426254370180551,5.914304819527521
6,django__django-15380,1791028589.959519,5.254318475723267,17831,17248,583,0,0,443,140,443,0.13189414101218214,0.0,0.10018935730002149,0.10018935730002149,3.7429397057961524
2,django__django-12262,1791028593.4787524,31.972013473510742,11321,9408,1913,0,0,1202,711,1202,0.4185803851613669,0.0,0.2625654344650785,0.2625654344650785,2.003438288288058
6,django__django-15380,1791028596.5492675,67.3861563205719,18059,17248,811,0,0,583,228,583,0.18357106060398773,0.0,0.13189414101218214,0.13189414101218214,3.7429397057961524
13,sympy__sympy-23262,1791028599.2951975,31.495258808135986,28087,26656,1431,0,0,1179,252,1179,0.3383003035823248,0.0,0.27857167390311643,0.27857167390311643,5.914304819527521
15,pytest-dev__pytest-5631,1791028603.4700944,45.0280864238739,9748,9408,340,0,0,5,335,5,0.07411810760584744,0.0,0.0010891054705846478,0.0010891054705846478,2.003438288288058
7,pytest-dev__pytest-6202,1791028606.6241293,38.15767550468445,6032,4704,1328,0,0,1131,197,1131,0.28371079814680306,0.0,0.24150889358327132,0.24150889358327132,0.9902695878638031
9,sympy__sympy-13757,1791028620.5973983,16.79367685317993,19958,18816,1142,0,0,706,436,706,0.26054208398027084,0.0,0.16091140126309822,0.16091140126309822,4.0984730268179215
2,django__django-12262,1791028625.6354158,4.295960903167725,11851,10976,875,0,0,345,530,345,0.19240718898753614,0.0,0.0757687933398484,0.0757687933398484,2.346249880109576
2,django__django-12262,1791028630.0579166,5.669239282608032,12287,10976,1311,0,0,875,436,875,0.28857670515568995,0.0,0.19240718898753614,0.19240718898753614,2.346249880109576
11,sympy__sympy-18211,1791028632.1286306,217.37485146522522,8796,7840,956,0,0,48,908,48,0.20715612111063914,0.0,0.010378592361135417,0.010378592361135417,1.6631710423065895
13,sympy__sympy-23262,1791028632.3119612,5.597354412078857,28725,26656,2069,0,0,1431,638,1431,0.4898118334974919,0.0,0.3383003035823248,0.3383003035823248,5.914304819527521
2,django__django-12262,1791028636.0990493,82.8765504360199,12496,10976,1520,0,0,1311,209,1311,0.33474606521730504,0.0,0.28857670515568995,0.28857670515568995,2.346249880109576
9,sympy__sympy-13757,1791028637.8389356,9.571044683456421,20247,18816,1431,0,0,1142,289,1142,0.3266901030175551,0.0,0.26054208398027084,0.26054208398027084,4.0984730268179215
13,sympy__sympy-23262,1791028638.0356016,25.096922874450684,29088,28224,864,0,0,501,363,501,0.20540528938859248,0.0,0.11901243743542159,0.11901243743542159,6.285104215589591
7,pytest-dev__pytest-6202,1791028645.0204985,129.9937071800232,6229,4704,1525,0,0,1328,197,1328,0.3259528648163365,0.0,0.28371079814680306,0.28371079814680306,0.9902695878638031
9,sympy__sympy-13757,1791028647.8046246,9.480735063552856,20469,18816,1653,0,0,1431,222,1431,0.37756146678221053,0.0,0.3266901030175551,0.3266901030175551,4.0984730268179215
15,pytest-dev__pytest-5631,1791028648.725355,72.61249279975891,10199,9408,791,0,0,340,451,340,0.17261818692702494,0.0,0.07411810760584744,0.07411810760584744,2.003438288288058
9,sympy__sympy-13757,1791028657.691108,15.198183059692383,20661,20384,277,0,0,85,192,85,0.06352178477370589,0.0,0.01948379992039101,0.01948379992039101,4.45655069367974
13,sympy__sympy-23262,1791028663.502576,18.315199851989746,29398,28224,1174,0,0,864,310,864,0.27929226098662063,0.0,0.20540528938859248,0.20540528938859248,6.285104215589591
6,django__django-15380,1791028664.2783456,31.41261124610901,19214,17248,1966,0,0,811,1155,811,0.4461819850918003,0.0,0.18357106060398773,0.18357106060398773,3.7429397057961524
4,django__django-13821,1791028674.2895155,3.7227752208709717,8577,7840,737,0,0,517,220,517,0.15961738567742362,0.0,0.11191155206136356,0.11191155206136356,1.6631710423065895
4,django__django-13821,1791028678.1353188,239.4763195514679,10230,7840,2390,0,0,737,1653,737,0.519663679820784,0.0,0.15961738567742362,0.15961738567742362,1.6631710423065895
13,sympy__sympy-23262,1791028681.976151,13.063361167907715,29765,28224,1541,0,0,1174,367,1174,0.366893462414142,0.0,0.27929226098662063,0.27929226098662063,6.285104215589591
9,sympy__sympy-13757,1791028694.0409331,7.414622783660889,21041,20384,657,0,0,277,380,277,0.15079276567537675,0.0,0.06352178477370589,0.06352178477370589,4.45655069367974
13,sympy__sympy-23262,1791028695.213237,15.767975807189941,30206,28224,1982,0,0,1541,441,1541,0.4723424971767888,0.0,0.366893462414142,0.366893462414142,6.285104215589591
6,django__django-15380,1791028696.0079257,9.616033792495728,19765,18816,949,0,0,398,551,398,0.21641524404103424,0.0,0.0906486640700309,0.0906486640700309,4.0984730268179215
5,django__django-14787,1791028700.6017962,386.7920243740082,10854,9408,1446,0,0,1046,400,1046,0.3160474697604565,0.0,0.22840428987540787,0.22840428987540787,2.003438288288058
1,django__django-11749,1791028702.7081091,61.109190225601196,15912,14112,1800,0,0,1509,291,1509,0.4025122105963861,0.0,0.33721218860372,0.33721218860372,3.039506101272764
9,sympy__sympy-13757,1791028708.3685532,7.5443031787872314,21169,20384,785,0,0,657,128,657,0.18022295216687031,0.0,0.15079276567537675,0.15079276567537675,4.45655069367974
6,django__django-15380,1791028708.5294168,6.311456680297852,20036,18816,1220,0,0,949,271,949,0.27838666663347483,0.0,0.21641524404103424,0.21641524404103424,4.0984730268179215
13,sympy__sympy-23262,1791028711.3751144,40.117934703826904,30502,29792,710,0,0,414,296,414,0.16988921771778964,0.0,0.0989987552746683,0.0989987552746683,6.658447957491712
6,django__django-15380,1791028716.3196082,6.103091478347778,20366,18816,1550,0,0,1220,330,1220,0.3539526450227841,0.0,0.27838666663347483,0.27838666663347483,4.0984730268179215
2,django__django-12262,1791028719.1220193,126.47993278503418,12860,10976,1884,0,0,1520,364,1520,0.41526378178696355,0.0,0.33474606521730504,0.33474606521730504,2.346249880109576
15,pytest-dev__pytest-5631,1791028721.4642715,30.019617795944214,10530,9408,1122,0,0,791,331,791,0.24504375278610097,0.0,0.17261818692702494,0.17261818692702494,2.003438288288058
0,django__django-10973,1791028722.5773997,75.00690031051636,4976,3136,1840,0,0,1489,351,1489,0.3905950257619431,0.0,0.3158143483919149,0.3158143483919149,0.6576353794024852
6,django__django-15380,1791028722.5816507,5.91405177116394,20711,18816,1895,0,0,1550,345,1550,0.43307393779570336,0.0,0.3539526450227841,0.3539526450227841,4.0984730268179215
9,sympy__sympy-13757,1791028722.9345167,11.536664247512817,21871,20384,1487,0,0,785,702,785,0.34193061865343555,0.0,0.18022295216687031,0.18022295216687031,4.45655069367974
6,django__django-15380,1791028728.6327465,32.1387825012207,21089,20384,705,0,0,327,378,327,0.16182709866739192,0.0,0.07499627093388385,0.07499627093388385,4.45655069367974
9,sympy__sympy-13757,1791028741.7039177,23.349563360214233,22220,20384,1836,0,0,1487,349,1487,0.4225135401605551,0.0,0.34193061865343555,0.34193061865343555,4.45655069367974
15,pytest-dev__pytest-5631,1791028751.66747,61.36196804046631,10915,9408,1507,0,0,1122,385,1122,0.3294276054232064,0.0,0.24504375278610097,0.24504375278610097,2.003438288288058
13,astropy__astropy-12907,1791028758.394221,7.308553695678711,1688,0,1688,1688,0,0,0,0,0.35271758692461247,0.0,0.0,0.0,0.0
1,django__django-11749,1791028763.985482,4.5297722816467285,16149,15680,469,0,0,232,237,232,0.10531482287510957,0.0,0.05206758125471706,0.05206758125471706,3.389950730614433
8,pylint-dev__pylint-6528,1791028764.7488554,106.13080048561096,8675,7840,835,0,0,291,544,291,0.18088429138495798,0.0,0.06295680542128462,0.06295680542128462,1.6631710423065895
13,astropy__astropy-12907,1791028766.0952508,4.096266269683838,1967,1568,399,0,0,120,279,120,0.08375473437345797,0.0,0.025172070143394912,0.025172070143394912,0.3275455167812175
1,django__django-11749,1791028768.6833482,4.665888547897339,16273,15680,593,0,0,469,124,469,0.13319730153180454,0.0,0.10531482287510957,0.10531482287510957,3.389950730614433
13,astropy__astropy-12907,1791028770.328467,125.0024721622467,4637,1568,3069,0,0,399,2670,399,0.6484587104507198,0.0,0.08375473437345797,0.08375473437345797,0.3275455167812175
6,django__django-10973,1791028771.1149807,7.69805908203125,1426,0,1426,1426,0,0,0,0,0.2977778176847471,0.0,0.0,0.0,0.0
9,sympy__sympy-13757,1791028771.9996395,15.275932312011719,22589,21952,637,0,0,268,369,268,0.14722947113495358,0.0,0.061891527458685425,0.061891527458685425,4.81717270638161
1,django__django-11749,1791028773.5303946,8.38644814491272,16398,15680,718,0,0,593,125,593,0.16132074398602328,0.0,0.13319730153180454,0.13319730153180454,3.389950730614433
7,pytest-dev__pytest-6202,1791028775.2885559,6.437824964523315,6569,4704,1865,0,0,1525,340,1525,0.398952427396724,0.0,0.3259528648163365,0.3259528648163365,0.9902695878638031
6,django__django-10973,1791028779.5601604,4.791675806045532,1907,0,1907,0,0,1426,481,1426,0.39869502967144277,0.0,0.2977778176847471,0.2977778176847471,0.0
1,django__django-11749,1791028782.0951989,11.221181869506836,16714,15680,1034,0,0,718,316,718,0.23248891388800977,0.0,0.16132074398602328,0.16132074398602328,3.389950730614433
7,pytest-dev__pytest-6202,1791028782.1094704,41.52946662902832,6889,6272,617,0,0,297,320,297,0.13258862558547038,0.0,0.06377387309535594,0.06377387309535594,1.3254481421651712
6,django__django-10973,1791028784.5083363,67.00312185287476,2511,1568,943,0,0,339,604,339,0.19821209185046987,0.0,0.07114951289022524,0.07114951289022524,0.3275455167812175
1,django__django-11749,1791028793.501248,16.283352613449097,16917,15680,1237,0,0,1034,203,1034,0.27826222175512805,0.0,0.23248891388800977,0.23248891388800977,3.389950730614433
9,sympy__sympy-13757,1791028794.3624284,4.898356914520264,22852,21952,900,0,0,637,263,637,0.20813899759167656,0.0,0.14722947113495358,0.14722947113495358,4.81717270638161
0,django__django-10973,1791028797.7380316,65.49337983131409,5430,4704,726,0,0,272,454,272,0.15487478824509637,0.0,0.057960817300625224,0.057960817300625224,0.9902695878638031
9,sympy__sympy-13757,1791028799.4135225,11.640429258346558,23799,21952,1847,0,0,900,947,900,0.42805252269226884,0.0,0.20813899759167656,0.20813899759167656,4.81717270638161
1,django__django-11749,1791028809.9906561,4.967838764190674,17143,15680,1463,0,0,1237,226,1237,0.3292718351403676,0.0,0.27826222175512805,0.27826222175512805,3.389950730614433
9,sympy__sympy-13757,1791028811.188014,70.8002073764801,24159,23520,639,0,0,279,360,279,0.1487292771868477,0.0,0.064886164150349,0.064886164150349,5.18033906492353
15,pytest-dev__pytest-5631,1791028813.1539793,18.77770471572876,11153,9408,1745,0,0,1507,238,1507,0.3816688907158271,0.0,0.3294276054232064,0.3294276054232064,2.003438288288058
1,django__django-11749,1791028815.1661127,159.17241406440735,17382,15680,1702,0,0,1463,239,1463,0.3832731347306806,0.0,0.3292718351403676,0.3292718351403676,3.389950730614433
10,sympy__sympy-15875,1791028816.3230288,5.045045852661133,6390,4704,1686,0,0,568,1118,568,0.3605053928456715,0.0,0.12112281931988274,0.12112281931988274,0.9902695878638031
10,sympy__sympy-15875,1791028821.517033,567.4307057857513,6620,6272,348,0,0,118,230,118,0.07473412561165961,0.0,0.02532683854430343,0.02532683854430343,1.3254481421651712
7,pytest-dev__pytest-6202,1791028823.890786,16.457505226135254,7284,6272,1012,0,0,617,395,617,0.21767797167421626,0.0,0.13258862558547038,0.13258862558547038,1.3254481421651712
15,pytest-dev__pytest-5631,1791028832.1289558,52.003350496292114,11250,10976,274,0,0,177,97,177,0.060165729150769974,0.0,0.03885729889430857,0.03885729889430857,2.346249880109576
3,django__django-13112,1791028839.1077807,6.4908058643341064,30842,29792,1050,0,0,542,508,542,0.25142934129314126,0.0,0.12964296350835575,0.12964296350835575,6.658447957491712
7,pytest-dev__pytest-6202,1791028840.5889373,10.176637172698975,8030,6272,1758,0,0,1012,746,1012,0.37881878857693263,0.0,0.21767797167421626,0.21767797167421626,1.3254481421651712
3,django__django-13112,1791028845.7266238,247.60251259803772,31346,29792,1554,0,0,1050,504,1050,0.37252068683167594,0.0,0.25142934129314126,0.25142934129314126,6.658447957491712
2,django__django-12262,1791028845.7592626,8.463181018829346,13296,12544,752,0,0,316,436,316,0.16653262258633447,0.0,0.06990784412539484,0.06990784412539484,2.6916058177711446
11,sympy__sympy-18211,1791028850.1674547,277.73520970344543,9293,7840,1453,0,0,956,497,956,0.3152249607318938,0.0,0.20715612111063914,0.20715612111063914,1.6631710423065895
7,pytest-dev__pytest-6202,1791028851.00461,85.03057670593262,9118,7840,1278,0,0,190,1088,190,0.27714339507123853,0.0,0.04109588843551438,0.04109588843551438,1.6631710423065895
6,django__django-10973,1791028851.924632,4.812635898590088,2879,1568,1311,0,0,943,368,943,0.27581278654737706,0.0,0.19821209185046987,0.19821209185046987,0.3275455167812175
2,django__django-12262,1791028854.6847413,74.30238747596741,13883,12544,1339,0,0,752,587,752,0.2969322061330853,0.0,0.16653262258633447,0.16653262258633447,2.6916058177711446
6,django__django-10973,1791028856.8667476,205.38690567016602,3995,1568,2427,0,0,1311,1116,1311,0.5120022714488862,0.0,0.27581278654737706,0.27581278654737706,0.3275455167812175
0,django__django-10973,1791028863.386795,58.96941947937012,5861,4704,1157,0,0,726,431,726,0.24707638758756847,0.0,0.15487478824509637,0.15487478824509637,0.9902695878638031
8,pylint-dev__pylint-6528,1791028871.1487808,3.393712282180786,8969,7840,1129,0,0,835,294,835,0.2447446416131873,0.0,0.18088429138495798,0.18088429138495798,1.6631710423065895
8,pylint-dev__pylint-6528,1791028874.6717181,3.9668705463409424,9167,7840,1327,0,0,1129,198,1129,0.28780303882556346,0.0,0.2447446416131873,0.2447446416131873,1.6631710423065895
8,pylint-dev__pylint-6528,1791028878.7719464,6.587514162063599,9835,7840,1995,0,0,1327,668,1327,0.433370091471452,0.0,0.28780303882556346,0.28780303882556346,1.6631710423065895
9,sympy__sympy-13757,1791028882.4117694,7.29939866065979,24891,23520,1371,0,0,639,732,639,0.3196238805698605,0.0,0.1487292771868477,0.1487292771868477,5.18033906492353
15,pytest-dev__pytest-5631,1791028884.3439102,47.8026225566864,12092,10976,1116,0,0,274,842,274,0.24554079286313524,0.0,0.060165729150769974,0.060165729150769974,2.346249880109576
12,sympy__sympy-20916,1791028884.5262432,13.195422649383545,12291,10976,1315,0,0,769,546,769,0.2894599049767325,0.0,0.16905625435422186,0.16905625435422186,2.346249880109576
8,pylint-dev__pylint-6528,1791028885.5398052,3.4515011310577393,10064,9408,656,0,0,427,229,427,0.1431116105606792,0.0,0.09310284548998365,0.09310284548998365,2.003438288288058
9,sympy__sympy-13757,1791028889.8582127,75.93909740447998,25781,23520,2261,0,0,1371,890,1371,0.5281525262457736,0.0,0.3196238805698605,0.3196238805698605,5.18033906492353
8,pylint-dev__pylint-6528,1791028889.9847417,7.846665382385254,10207,9408,799,0,0,656,143,656,0.1743673167289967,0.0,0.1431116105606792,0.1431116105606792,2.003438288288058
13,astropy__astropy-12907,1791028897.0703723,6.914966344833374,5058,3136,1922,0,0,1501,421,1501,0.4080835274900716,0.0,0.31836884782945213,0.31836884782945213,0.6576353794024852
8,pylint-dev__pylint-6528,1791028897.95508,5.503147602081299,11163,9408,1755,0,0,799,956,799,0.38386518593647745,0.0,0.1743673167289967,0.1743673167289967,2.003438288288058
12,sympy__sympy-20916,1791028897.973859,9.757492542266846,13901,10976,2925,0,0,1315,1610,1315,0.6462924030065212,0.0,0.2894599049767325,0.2894599049767325,2.346249880109576
8,pylint-dev__pylint-6528,1791028903.5888467,9.169037818908691,11442,10976,466,0,0,187,279,187,0.1023719519024015,0.0,0.041053594114958944,0.041053594114958944,2.346249880109576
13,astropy__astropy-12907,1791028904.1255717,79.76651811599731,5866,4704,1162,0,0,354,808,354,0.24814713971356958,0.0,0.07544931902875376,0.07544931902875376,0.9902695878638031
12,sympy__sympy-20916,1791028908.0144124,11.576417446136475,14453,12544,1909,0,0,1357,552,1357,0.42389655292650424,0.0,0.30093646534495255,0.30093646534495255,2.6916058177711446
8,pylint-dev__pylint-6528,1791028912.914043,298.8367564678192,11830,10976,854,0,0,466,388,466,0.18778013681039854,0.0,0.1023719519024015,0.1023719519024015,2.346249880109576
4,django__django-13821,1791028917.866148,505.0680170059204,11591,9408,2183,0,0,822,1361,822,0.47796362141947324,0.0,0.17939643383931564,0.17939643383931564,2.003438288288058
12,sympy__sympy-20916,1791028919.8293805,253.4493179321289,15096,14112,984,0,0,341,643,341,0.21962453882549074,0.0,0.07599626942488538,0.07599626942488538,3.039506101272764
0,django__django-10973,1791028922.644149,12.26819658279419,6948,4704,2244,0,0,1157,1087,1157,0.48046647019404093,0.0,0.24707638758756847,0.24707638758756847,0.9902695878638031
2,django__django-12262,1791028929.356818,9.830101251602173,15288,12544,2744,0,0,1339,1405,1339,0.6104952230853659,0.0,0.2969322061330853,0.2969322061330853,2.6916058177711446
15,pytest-dev__pytest-5631,1791028932.361952,51.69683003425598,13028,10976,2052,0,0,1116,936,1116,0.4524720509010278,0.0,0.24554079286313524,0.24554079286313524,2.346249880109576
0,django__django-10973,1791028935.3009284,16.092714071273804,7134,6272,862,0,0,676,186,676,0.18534654610841578,0.0,0.1452879158926729,0.1452879158926729,1.3254481421651712
7,pytest-dev__pytest-6202,1791028936.1765285,11.486861228942871,9383,7840,1543,0,0,1278,265,1278,0.3348221067032121,0.0,0.27714339507123853,0.27714339507123853,1.6631710423065895
2,django__django-12262,1791028939.7115433,8.21308970451355,15899,14112,1787,0,0,1176,611,1176,0.3995931574808497,0.0,0.2625949395837471,0.2625949395837471,3.039506101272764
7,pytest-dev__pytest-6202,1791028947.8318934,7.805207967758179,9587,7840,1747,0,0,1543,204,1543,0.37927333779316896,0.0,0.3348221067032121,0.3348221067032121,1.6631710423065895
2,django__django-12262,1791028948.1928344,4.846719741821289,16273,15680,593,0,0,219,374,219,0.13319730153180454,0.0,0.04914852813918069,0.04914852813918069,3.389950730614433
0,django__django-10973,1791028951.5508654,5.9870688915252686,7289,6272,1017,0,0,862,155,862,0.21875608687023218,0.0,0.18534654610841578,0.18534654610841578,1.3254481421651712
2,django__django-12262,1791028954.0451648,5.484013557434082,16422,15680,742,0,0,593,149,593,0.16672229527724544,0.0,0.13319730153180454,0.13319730153180454,3.389950730614433
7,pytest-dev__pytest-6202,1791028956.0360312,9.897851467132568,9805,9408,397,0,0,179,218,179,0.08655549934038564,0.0,0.03900609181170057,0.03900609181170057,2.003438288288058
0,django__django-10973,1791028958.5171142,4.542176008224487,8000,6272,1728,0,0,1017,711,1017,0.3723274804092459,0.0,0.21875608687023218,0.21875608687023218,1.3254481421651712
0,django__django-10973,1791028963.8394196,104.74161720275879,9043,7840,1203,0,0,160,1043,160,0.2608324259404892,0.0,0.034604580267827666,0.034604580267827666,1.6631710423065895
2,django__django-12262,1791028964.1265235,12.883164882659912,16731,15680,1051,0,0,742,309,742,0.23632051044374094,0.0,0.16672229527724544,0.16672229527724544,3.389950730614433
9,sympy__sympy-13757,1791028966.3522859,72.60224413871765,26349,25088,1261,0,0,693,568,693,0.2959537810805468,0.0,0.1624418218638036,0.1624418218638036,5.5460497693055
7,pytest-dev__pytest-6202,1791028969.7804363,7.335504055023193,10019,9408,611,0,0,397,214,397,0.13328027631163394,0.0,0.08655549934038564,0.08655549934038564,2.003438288288058
14,pytest-dev__pytest-10051,1791028969.9524071,6.181601524353027,6291,4704,1587,0,0,1237,350,1237,0.33925563128418607,0.0,0.2642115262009224,0.2642115262009224,0.9902695878638031
1,django__django-11749,1791028974.614481,440.7952950000763,17785,17248,537,0,0,134,403,134,0.12147461755551602,0.0,0.0302841595489614,0.0302841595489614,3.7429397057961524
14,pytest-dev__pytest-10051,1791028976.3948464,5.1686484813690186,6613,6272,341,0,0,19,322,19,0.073229617857739,0.0,0.0040770769828179804,0.0040770769828179804,1.3254481421651712
7,pytest-dev__pytest-6202,1791028977.9777389,6.177975654602051,10249,9408,841,0,0,611,230,611,0.18355133479841604,0.0,0.13328027631163394,0.13328027631163394,2.003438288288058
14,pytest-dev__pytest-10051,1791028981.6894171,283.430939912796,7278,6272,1006,0,0,341,665,341,0.21638426758956789,0.0,0.073229617857739,0.073229617857739,1.3254481421651712
13,astropy__astropy-12907,1791028984.1391098,96.1882529258728,7734,4704,3030,0,0,1162,1868,1162,0.6499905095530972,0.0,0.24814713971356958,0.24814713971356958,0.9902695878638031
15,pytest-dev__pytest-5631,1791028984.2262907,21.90593957901001,13317,12544,773,0,0,484,289,484,0.17119153414133212,0.0,0.1071161132394591,0.1071161132394591,2.6916058177711446
2,django__django-12262,1791028986.6448016,9.407646656036377,17243,15680,1563,0,0,1051,512,1051,0.3518593288442578,0.0,0.23632051044374094,0.23632051044374094,3.389950730614433
2,django__django-12262,1791028996.1986709,5.390704870223999,17691,15680,2011,0,0,1563,448,1563,0.45317833248174066,0.0,0.3518593288442578,0.3518593288442578,3.389950730614433
7,pytest-dev__pytest-6202,1791029000.2859344,11.027865409851074,10868,9408,1460,0,0,841,619,841,0.31911798009745956,0.0,0.18355133479841604,0.18355133479841604,2.003438288288058
2,django__django-12262,1791029001.7447581,22.721577644348145,18107,17248,859,0,0,443,416,443,0.19445726704791688,0.0,0.10018935730002149,0.10018935730002149,3.7429397057961524
15,pytest-dev__pytest-5631,1791029006.461806,9.061539649963379,13794,12544,1250,0,0,773,477,773,0.2771382964322576,0.0,0.17119153414133212,0.17119153414133212,2.6916058177711446
7,pytest-dev__pytest-6202,1791029012.158082,6.854845285415649,11205,9408,1797,0,0,1460,337,1460,0.3930907559366393,0.0,0.31911798009745956,0.31911798009745956,2.003438288288058
15,pytest-dev__pytest-5631,1791029015.9964979,9.240938186645508,14410,12544,1866,0,0,1250,616,1250,0.4143068152532787,0.0,0.2771382964322576,0.2771382964322576,2.6916058177711446
7,pytest-dev__pytest-6202,1791029019.18167,15.397390127182007,11459,10976,483,0,0,229,254,229,0.10611079964759124,0.0,0.050279164115120734,0.050279164115120734,2.346249880109576
15,pytest-dev__pytest-5631,1791029025.379303,11.633068799972534,14954,14112,842,0,0,298,544,298,0.18786888740510407,0.0,0.06640653175165985,0.06640653175165985,3.039506101272764
2,django__django-12262,1791029025.4971125,25.128661394119263,18404,17248,1156,0,0,859,297,859,0.26186868818073084,0.0,0.19445726704791688,0.19445726704791688,3.7429397057961524
7,pytest-dev__pytest-6202,1791029035.855669,6.993664026260376,11933,10976,957,0,0,483,474,483,0.21047909629835168,0.0,0.10611079964759124,0.10611079964759124,2.346249880109576
15,pytest-dev__pytest-5631,1791029037.99676,39.04854679107666,15995,14112,1883,0,0,842,1041,842,0.421153364931611,0.0,0.18786888740510407,0.18786888740510407,3.039506101272764
9,sympy__sympy-13757,1791029039.393666,245.48938870429993,26596,25088,1508,0,0,1261,247,1261,0.3541168406663128,0.0,0.2959537810805468,0.2959537810805468,5.5460497693055
7,pytest-dev__pytest-6202,1791029042.990843,24.169753313064575,12190,10976,1214,0,0,957,257,957,0.26716417878542476,0.0,0.21047909629835168,0.21047909629835168,2.346249880109576
2,django__django-12262,1791029050.7607656,43.78681564331055,19150,17248,1902,0,0,1156,746,1156,0.43159425484715763,0.0,0.26186868818073084,0.26186868818073084,3.7429397057961524
6,django__django-10973,1791029063.0027332,14.26244831085205,4365,3136,1229,0,0,859,370,859,0.2605034534325402,0.0,0.18191240882761853,0.18191240882761853,0.6576353794024852
0,django__django-10973,1791029068.7652924,45.453211069107056,9836,7840,1996,0,0,1203,793,1203,0.43358835238352483,0.0,0.2608324259404892,0.2608324259404892,1.6631710423065895
7,pytest-dev__pytest-6202,1791029072.5874057,31.771930932998657,12800,10976,1824,0,0,1214,610,1214,0.40198219272815194,0.0,0.26716417878542476,0.26716417878542476,2.346249880109576
15,pytest-dev__pytest-5631,1791029077.4133523,70.07275724411011,16623,15680,943,0,0,315,628,315,0.21198368824364955,0.0,0.07070873558994195,0.07070873558994195,3.389950730614433
6,django__django-10973,1791029078.9447489,5.532891750335693,4888,3136,1752,0,0,1229,523,1229,0.3718346183619267,0.0,0.2605034534325402,0.2605034534325402,0.6576353794024852
13,astropy__astropy-12907,1791029080.6635876,5.910639047622681,8338,6272,2066,0,0,1462,604,1462,0.44551675259869056,0.0,0.3148119552517291,0.3148119552517291,1.3254481421651712
6,django__django-10973,1791029084.6202452,27.678691387176514,6844,4704,2140,0,0,184,1956,184,0.458083702085911,0.0,0.039200409900608794,0.039200409900608794,0.9902695878638031
13,astropy__astropy-12907,1791029086.695526,28.256746768951416,8663,7840,823,0,0,498,325,498,0.17827964649125283,0.0,0.10779385245727234,0.10779385245727234,1.6631710423065895
5,django__django-14787,1791029087.6622598,358.63052010536194,11317,9408,1909,0,0,1446,463,1446,0.41770120061954535,0.0,0.3160474697604565,0.3160474697604565,2.003438288288058
3,django__django-13112,1791029093.6554978,6.423461198806763,31645,29792,1853,0,0,1554,299,1554,0.4444828421780466,0.0,0.37252068683167594,0.37252068683167594,6.658447957491712
3,django__django-13112,1791029100.2101977,248.58891654014587,32477,31360,1117,0,0,285,832,285,0.2693241738699288,0.0,0.06859475443587595,0.06859475443587595,7.034336045233882
2,django__django-11749,1791029102.931173,9.131300926208496,1633,0,1633,1633,0,0,0,0,0.34117853828631056,0.0,0.0,0.0,0.0
7,pytest-dev__pytest-6202,1791029104.5982647,34.42003512382507,13792,12544,1248,0,0,256,992,256,0.2766935836454743,0.0,0.056626255066583246,0.056626255066583246,2.6916058177711446
6,django__django-10973,1791029112.4627502,54.4128475189209,7567,6272,1295,0,0,572,723,572,0.27874000028384865,0.0,0.12290514778454294,0.12290514778454294,1.3254481421651712
2,django__django-11749,1791029112.7956676,6.236339092254639,1860,1568,292,0,0,65,227,65,0.06127802489835988,0.0,0.013633021505092992,0.013633021505092992,0.3275455167812175
0,django__django-10973,1791029114.3616617,15.19086241722107,10676,9408,1268,0,0,428,840,428,0.2770258078335562,0.0,0.09332110640205649,0.09332110640205649,2.003438288288058
13,astropy__astropy-12907,1791029115.482852,26.89086151123047,9153,7840,1313,0,0,823,490,823,0.284757172782212,0.0,0.17827964649125283,0.17827964649125283,1.6631710423065895
2,django__django-11749,1791029119.1861327,4.79370641708374,2079,1568,511,0,0,292,219,292,0.10729444896933858,0.0,0.06127802489835988,0.06127802489835988,0.3275455167812175
2,django__django-11749,1791029124.1181605,7.4966020584106445,5251,1568,3683,0,0,511,3172,511,0.7793628142464366,0.0,0.10729444896933858,0.10729444896933858,0.3275455167812175
11,sympy__sympy-18211,1791029128.6571774,420.92030787467957,9890,7840,2050,0,0,1453,597,1453,0.4453759784111392,0.0,0.3152249607318938,0.3152249607318938,1.6631710423065895
0,django__django-10973,1791029130.450736,23.17092251777649,10886,9408,1478,0,0,1268,210,1268,0.3230660771435221,0.0,0.2770258078335562,0.2770258078335562,2.003438288288058
2,django__django-11749,1791029131.8135698,5.907758951187134,5426,4704,722,0,0,547,175,547,0.15401998928048177,0.0,0.11663874316385105,0.11663874316385105,0.9902695878638031
2,django__django-11749,1791029137.8777819,5.424313545227051,5532,4704,828,0,0,722,106,722,0.1766777563271674,0.0,0.15401998928048177,0.15401998928048177,0.9902695878638031
7,pytest-dev__pytest-6202,1791029139.1622608,13.457129716873169,14038,12544,1494,0,0,1248,246,1248,0.3314243148115686,0.0,0.2766935836454743,0.2766935836454743,2.6916058177711446
13,astropy__astropy-12907,1791029142.558827,4.17144250869751,9544,7840,1704,0,0,1313,391,1313,0.3699001333657266,0.0,0.284757172782212,0.284757172782212,1.6631710423065895
2,django__django-11749,1791029143.7522233,4.93790078163147,5653,4704,949,0,0,828,121,828,0.20255602349264873,0.0,0.1766777563271674,0.1766777563271674,0.9902695878638031
13,astropy__astropy-12907,1791029147.2380483,10.47777271270752,9775,9408,367,0,0,136,231,136,0.08000908456998837,0.0,0.029632887384258212,0.029632887384258212,2.003438288288058
15,pytest-dev__pytest-5631,1791029147.7494051,13.406249761581421,17036,15680,1356,0,0,943,413,943,0.3051146774982703,0.0,0.21198368824364955,0.21198368824364955,3.389950730614433
2,django__django-11749,1791029148.8472447,7.088560104370117,8785,4704,4081,0,0,949,3132,949,0.8776686013027493,0.0,0.20255602349264873,0.20255602349264873,0.9902695878638031
7,pytest-dev__pytest-6202,1791029152.8852625,5.046910524368286,14191,12544,1647,0,0,1494,153,1494,0.3654957475307082,0.0,0.3314243148115686,0.3314243148115686,2.6916058177711446
2,django__django-11749,1791029156.0777223,25.885542392730713,9501,7840,1661,0,0,945,716,945,0.3605288424051089,0.0,0.20476714685996297,0.20476714685996297,1.6631710423065895
7,pytest-dev__pytest-6202,1791029158.0579402,4.949571132659912,14296,14112,184,0,0,79,105,79,0.04099183707370534,0.0,0.017595464029089344,0.017595464029089344,3.039506101272764
13,astropy__astropy-12907,1791029159.8963275,29.627209186553955,10516,9408,1108,0,0,367,741,367,0.2419781394339622,0.0,0.08000908456998837,0.08000908456998837,2.003438288288058
15,pytest-dev__pytest-5631,1791029161.5367134,16.057615280151367,17423,15680,1743,0,0,1356,387,1356,0.3925428961288808,0.0,0.3051146774982703,0.3051146774982703,3.389950730614433
0,django__django-12262,1791029162.0918007,9.876755714416504,1590,0,1590,1590,0,0,0,0,0.3321592807221973,0.0,0.0,0.0,0.0
6,django__django-10973,1791029167.1303911,13.087928533554077,8500,6272,2228,0,0,1295,933,1295,0.48063754659967667,0.0,0.27874000028384865,0.27874000028384865,1.3254481421651712
7,pytest-dev__pytest-6202,1791029171.9288073,11.321060180664062,14688,14112,576,0,0,184,392,184,0.12843910478549692,0.0,0.04099183707370534,0.04099183707370534,3.039506101272764
0,django__django-12262,1791029172.4943492,6.62668776512146,3033,1568,1465,0,0,22,1443,22,0.30832858570151406,0.0,0.004613763940979734,0.004613763940979734,0.3275455167812175
12,sympy__sympy-20916,1791029173.4345734,243.970379114151,15779,14112,1667,0,0,984,683,984,0.37265631002788885,0.0,0.21962453882549074,0.21962453882549074,3.039506101272764
15,pytest-dev__pytest-5631,1791029177.7234595,28.59888005256653,17992,17248,744,0,0,175,569,175,0.16837971759641532,0.0,0.03955392094716166,0.03955392094716166,3.7429397057961524
0,django__django-12262,1791029179.260474,121.84147524833679,5402,1568,3834,0,0,1465,2369,1465,0.8116156142902815,0.0,0.30832858570151406,0.30832858570151406,0.3275455167812175
6,django__django-10973,1791029180.5915384,6.838790655136108,8714,7840,874,0,0,660,214,660,0.18935041646351655,0.0,0.14291464645825852,0.14291464645825852,1.6631710423065895
2,django__django-11749,1791029182.1845121,11.739879131317139,9748,9408,340,0,0,93,247,93,0.07411810760584744,0.0,0.02026159642364049,0.02026159642364049,2.003438288288058
6,django__django-10973,1791029187.5904498,16.144158363342285,9409,7840,1569,0,0,874,695,874,0.34048506500585374,0.0,0.18935041646351655,0.18935041646351655,1.6631710423065895
13,astropy__astropy-12907,1791029190.0481927,21.417868614196777,11185,9408,1777,0,0,1108,669,1108,0.3886973996946624,0.0,0.2419781394339622,0.2419781394339622,2.003438288288058
2,django__django-11749,1791029194.2723835,100.78611922264099,10304,9408,896,0,0,340,556,340,0.195580785631882,0.0,0.07411810760584744,0.07411810760584744,2.003438288288058
7,pytest-dev__pytest-6202,1791029197.417891,9.402878761291504,15179,14112,1067,0,0,576,491,576,0.23819560377126245,0.0,0.12843910478549692,0.12843910478549692,3.039506101272764
6,django__django-10973,1791029203.8728707,9.57683515548706,9668,9408,260,0,0,1,259,1,0.05666779027096235,0.0,0.00021781902438537237,0.00021781902438537237,2.003438288288058
15,pytest-dev__pytest-5631,1791029206.4832911,13.148525714874268,18332,17248,1084,0,0,744,340,744,0.24551814306906017,0.0,0.16837971759641532,0.16837971759641532,3.7429397057961524
8,pylint-dev__pylint-6528,1791029211.9955957,425.524316072464,12468,10976,1492,0,0,854,638,854,0.32855807405533966,0.0,0.18778013681039854,0.18778013681039854,2.346249880109576
15,pytest-dev__pytest-5631,1791029219.7752051,42.55339574813843,18529,17248,1281,0,0,1084,197,1084,0.2902677930067248,0.0,0.24551814306906017,0.24551814306906017,3.7429397057961524
13,astropy__astropy-12907,1791029226.0307133,7.479321479797363,11821,10976,845,0,0,209,636,209,0.18579725415564824,0.0,0.04588580787314382,0.04588580787314382,2.346249880109576
6,django__django-13112,1791029227.2170396,18.988715648651123,1856,0,1856,1856,0,0,0,0,0.38798352059828134,0.0,0.0,0.0,0.0
7,pytest-dev__pytest-6202,1791029227.7340364,7.346256494522095,15538,14112,1426,0,0,1067,359,1067,0.31860315857199445,0.0,0.23819560377126245,0.23819560377126245,3.039506101272764
7,pytest-dev__pytest-6202,1791029235.5623307,8.01424503326416,15924,14112,1812,0,0,1426,386,1426,0.40520687639444025,0.0,0.31860315857199445,0.31860315857199445,3.039506101272764
7,pytest-dev__pytest-6202,1791029243.738524,13.144572019577026,16159,15680,479,0,0,244,235,244,0.1075628199900589,0.0,0.05476224705277126,0.05476224705277126,3.389950730614433
6,django__django-13112,1791029246.8894792,12.695058107376099,3469,1568,1901,0,0,288,1613,288,0.40051940722369633,0.0,0.06043800381706374,0.06043800381706374,0.3275455167812175
13,astropy__astropy-12907,1791029247.5184464,8.116521835327148,12084,10976,1108,0,0,845,263,845,0.24377605728522214,0.0,0.18579725415564824,0.18579725415564824,2.346249880109576
13,astropy__astropy-12907,1791029255.8231864,12.483104467391968,12328,10976,1352,0,0,1108,244,1108,0.2976302882670691,0.0,0.24377605728522214,0.24377605728522214,2.346249880109576
7,pytest-dev__pytest-6202,1791029257.2904537,8.742732286453247,16453,15680,773,0,0,479,294,479,0.17370018125148362,0.0,0.1075628199900589,0.1075628199900589,3.389950730614433
6,django__django-13112,1791029259.8521593,57.35047268867493,4207,3136,1071,0,0,333,738,333,0.226925621371892,0.0,0.07042954460242862,0.07042954460242862,0.6576353794024852
14,pytest-dev__pytest-10051,1791029265.3571653,486.07448959350586,8329,6272,2057,0,0,1006,1051,1006,0.44356639370563017,0.0,0.21638426758956789,0.21638426758956789,1.3254481421651712
7,pytest-dev__pytest-6202,1791029266.1783369,49.01389741897583,16718,15680,1038,0,0,773,265,773,0.23339043911225982,0.0,0.17370018125148362,0.17370018125148362,3.389950730614433
13,astropy__astropy-12907,1791029269.452918,22.281432628631592,12771,10976,1795,0,0,1352,443,1352,0.39556409351068034,0.0,0.2976302882670691,0.2976302882670691,2.346249880109576
15,django__django-13821,1791029272.6859474,8.1322660446167,1507,0,1507,1507,0,0,0,0,0.31475542743485596,0.0,0.0,0.0,0.0
15,django__django-13821,1791029281.2036827,12.571718454360962,1843,0,1843,0,0,1507,336,1507,0.3852535664367373,0.0,0.31475542743485596,0.31475542743485596,0.0
9,sympy__sympy-13757,1791029285.197759,17.40619468688965,28596,25088,3508,0,0,1508,2000,1508,0.8273981321337142,0.0,0.3541168406663128,0.3541168406663128,5.5460497693055
13,astropy__astropy-12907,1791029292.2767744,11.479453325271606,13287,12544,743,0,0,227,516,227,0.16453608591250132,0.0,0.05020815584911159,0.05020815584911159,2.6916058177711446
15,django__django-13821,1791029294.2539096,12.194881916046143,2929,1568,1361,0,0,275,1086,275,0.2863671735437998,0.0,0.0577080496555198,0.0577080496555198,0.3275455167812175
2,django__django-11749,1791029295.3604858,7.5117692947387695,10510,9408,1102,0,0,896,206,896,0.2406643672321352,0.0,0.195580785631882,0.195580785631882,2.003438288288058
0,django__django-12262,1791029301.224033,6.974391937255859,5672,4704,968,0,0,698,270,698,0.20662092941904459,0.0,0.14889154320769585,0.14889154320769585,0.9902695878638031
2,django__django-11749,1791029303.1199093,7.819936037063599,10682,9408,1274,0,0,1102,172,1102,0.2783406107616987,0.0,0.2406643672321352,0.2406643672321352,2.003438288288058
9,sympy__sympy-13757,1791029303.2663808,9.310531854629517,29573,28224,1349,0,0,372,977,372,0.3210465652955353,0.0,0.08834368584962364,0.08834368584962364,6.285104215589591
13,astropy__astropy-12907,1791029303.9274662,15.937889575958252,13638,12544,1094,0,0,743,351,743,0.2424631298708922,0.0,0.16453608591250132,0.16453608591250132,2.6916058177711446
15,django__django-13821,1791029306.6899507,24.565671682357788,7191,1568,5623,0,0,1361,4262,1361,1.1955323702956273,0.0,0.2863671735437998,0.2863671735437998,0.3275455167812175
0,django__django-12262,1791029308.3519657,221.15805792808533,6380,4704,1676,0,0,968,708,968,0.35835849176863377,0.0,0.20662092941904459,0.20662092941904459,0.9902695878638031
2,django__django-11749,1791029311.3263335,10.017594814300537,11076,9408,1668,0,0,1274,394,1274,0.3647608837997447,0.0,0.2783406107616987,0.2783406107616987,2.003438288288058
9,sympy__sympy-13757,1791029312.7551723,35.488428354263306,30246,28224,2022,0,0,1349,673,1349,0.4819169908860458,0.0,0.3210465652955353,0.3210465652955353,6.285104215589591
7,pytest-dev__pytest-6202,1791029315.3398132,47.28209662437439,17151,15680,1471,0,0,1038,433,1038,0.33107845380607237,0.0,0.23339043911225982,0.23339043911225982,3.389950730614433
6,django__django-13112,1791029317.3383374,7.64694356918335,5087,3136,1951,0,0,1071,880,1071,0.4142701510347829,0.0,0.226925621371892,0.226925621371892,0.6576353794024852
13,astropy__astropy-12907,1791029319.9989407,33.61619973182678,13919,12544,1375,0,0,1094,281,1094,0.30494105985333203,0.0,0.2424631298708922,0.2424631298708922,2.6916058177711446
2,django__django-11749,1791029321.591778,7.432793140411377,12044,10976,1068,0,0,100,968,100,0.23495337286680412,0.0,0.021949291978226152,0.021949291978226152,2.346249880109576
6,django__django-13112,1791029325.2973976,14.150241136550903,7623,4704,2919,0,0,383,2536,383,0.6260113231217859,0.0,0.081635942573465,0.081635942573465,0.9902695878638031
2,django__django-11749,1791029329.264694,5.933746576309204,12421,10976,1445,0,0,1068,377,1068,0.3181729128415468,0.0,0.23495337286680412,0.23495337286680412,2.346249880109576
15,django__django-13821,1791029331.501194,23.79015040397644,7905,6272,1633,0,0,919,714,919,0.35177781572713174,0.0,0.1976297449116738,0.1976297449116738,1.3254481421651712
2,django__django-11749,1791029335.3238862,6.519272565841675,13615,10976,2639,0,0,1445,1194,1445,0.582708833502952,0.0,0.3181729128415468,0.3181729128415468,2.346249880109576
6,django__django-13112,1791029339.6128297,65.99937868118286,9206,6272,2934,0,0,1351,1583,1351,0.6340119210501001,0.0,0.29083276882041775,0.29083276882041775,1.3254481421651712
2,django__django-11749,1791029341.976934,35.74281978607178,14266,12544,1722,0,0,1071,651,1071,0.38220627833857584,0.0,0.2373528958413833,0.2373528958413833,2.6916058177711446
9,sympy__sympy-13757,1791029348.7039797,99.1780755519867,30569,29792,777,0,0,454,323,454,0.18594795417501309,0.0,0.10857324898392529,0.10857324898392529,6.658447957491712
3,django__django-13112,1791029349.0420408,9.909801721572876,32990,31360,1630,0,0,1117,513,1117,0.3934482526982902,0.0,0.2693241738699288,0.2693241738699288,7.034336045233882
15,django__django-13821,1791029355.5984693,43.009082078933716,8688,7840,848,0,0,65,783,65,0.18370615818549424,0.0,0.014054915585713555,0.014054915585713555,1.6631710423065895
3,django__django-13112,1791029359.1103153,7.974938154220581,33583,32928,655,0,0,62,593,62,0.15883584193804356,0.0,0.015015819116069362,0.015015819116069362,7.412768478816103
13,django__django-14787,1791029364.5261798,8.587053775787354,1538,0,1538,1538,0,0,0,0,0.3212548276933707,0.0,0.0,0.0,0.0
3,django__django-13112,1791029367.2251596,8.60377049446106,34218,32928,1290,0,0,655,635,655,0.3132455896552041,0.0,0.15883584193804356,0.15883584193804356,7.412768478816103
13,django__django-14787,1791029373.6281934,6.5543012619018555,2696,0,2696,0,0,1538,1158,1538,0.5647513097426544,0.0,0.3212548276933707,0.3212548276933707,0.0
3,django__django-13112,1791029375.9656107,6.788441181182861,34399,32928,1471,0,0,1290,181,1290,0.357334869646539,0.0,0.3132455896552041,0.3132455896552041,7.412768478816103
7,django__django-15380,1791029376.6802588,17.561293363571167,1823,0,1823,1823,0,0,0,0,0.3810539784631459,0.0,0.0,0.0,0.0
2,django__django-11749,1791029377.8800476,12.28119945526123,14502,14112,390,0,0,154,236,154,0.08692644261672362,0.0,0.03430599483695698,0.03430599483695698,3.039506101272764
13,django__django-14787,1791029380.3497877,372.4410798549652,4307,1568,2739,0,0,1128,1611,1128,0.57826427532585,0.0,0.2372057929614369,0.2372057929614369,0.3275455167812175
3,django__django-13112,1791029382.9101942,5.08896017074585,34888,32928,1960,0,0,1471,489,1471,0.4766185283153466,0.0,0.357334869646539,0.357334869646539,7.412768478816103
3,django__django-13112,1791029388.1427772,6.033313989639282,35916,34496,1420,0,0,392,1028,392,0.34721268351858653,0.0,0.09564174889307558,0.09564174889307558,7.793745258238374
10,sympy__sympy-15875,1791029389.5451233,10.405235290527344,7098,6272,826,0,0,348,478,348,0.1775904687032504,0.0,0.07473412561165961,0.07473412561165961,1.3254481421651712
2,django__django-11749,1791029390.4345362,28.03933572769165,15168,14112,1056,0,0,390,666,390,0.2357339684896733,0.0,0.08692644261672362,0.08692644261672362,3.039506101272764
3,django__django-13112,1791029394.329722,7.424905061721802,36783,34496,2287,0,0,1420,867,1420,0.5602340141828315,0.0,0.34721268351858653,0.34721268351858653,7.793745258238374
7,django__django-15380,1791029394.619577,29.061466932296753,3195,1568,1627,0,0,255,1372,255,0.34256000570371165,0.0,0.05350846168192838,0.05350846168192838,0.3275455167812175
15,django__django-13821,1791029398.8581867,62.759278774261475,9052,7840,1212,0,0,848,364,848,0.26278943488104284,0.0,0.18370615818549424,0.18370615818549424,1.6631710423065895
10,sympy__sympy-15875,1791029400.466224,410.7025396823883,7379,6272,1107,0,0,826,281,826,0.23816658444972175,0.0,0.1775904687032504,0.1775904687032504,1.3254481421651712
3,django__django-13112,1791029401.9209578,48.63674712181091,37420,36064,1356,0,0,719,637,719,0.3337190961643445,0.0,0.17671288892051032,0.17671288892051032,8.177266383500696
6,django__django-13112,1791029405.8769505,33.40941619873047,10602,7840,2762,0,0,1366,1396,1366,0.6010802142373048,0.0,0.2962890209086818,0.2962890209086818,1.6631710423065895
1,django__django-11749,1791029415.586511,102.74481177330017,18402,17248,1154,0,0,537,617,537,0.2614144339314688,0.0,0.12147461755551602,0.12147461755551602,3.7429397057961524
12,sympy__sympy-20916,1791029417.5598636,160.11968517303467,16492,15680,812,0,0,99,713,99,0.18248022458505497,0.0,0.022211680686219797,0.022211680686219797,3.389950730614433
2,django__django-11749,1791029419.5607452,633.8755223751068,15713,14112,1601,0,0,1056,545,1056,0.3578473959349094,0.0,0.2357339684896733,0.2357339684896733,3.039506101272764
4,django__django-13821,1791029423.2325819,200.66315245628357,12323,10976,1347,0,0,615,732,615,0.29652609962776133,0.0,0.13515202959795472,0.13515202959795472,2.346249880109576
7,django__django-15380,1791029423.9525862,39.45014977455139,4382,3136,1246,0,0,59,1187,59,0.26411779751077213,0.0,0.012470143082443956,0.012470143082443956,0.6576353794024852
6,django__django-13112,1791029439.5868304,10.116010904312134,11112,9408,1704,0,0,1194,510,1194,0.37266516226333213,0.0,0.2608129682558365,0.2608129682558365,2.003438288288058
5,django__django-14787,1791029446.4523866,51.704559564590454,11794,10976,818,0,0,341,477,341,0.1798491091361658,0.0,0.07488960879802682,0.07488960879802682,2.346249880109576
9,sympy__sympy-13757,1791029448.3935153,20.12584638595581,30958,29792,1166,0,0,777,389,777,0.27927628299602075,0.0,0.18594795417501309,0.18594795417501309,6.658447957491712
6,django__django-13112,1791029449.8174648,34.395270109176636,11617,10976,641,0,0,136,505,136,0.14087439747521435,0.0,0.02985357044181358,0.02985357044181358,2.346249880109576
3,django__django-13112,1791029450.811347,9.301423788070679,38164,36064,2100,0,0,1356,744,1356,0.5176300462503174,0.0,0.3337190961643445,0.3337190961643445,8.177266383500696
3,django__django-13112,1791029460.3701613,652.66042304039,38955,37632,1323,0,0,532,791,532,0.3277218149355945,0.0,0.13156457514794606,0.13156457514794606,8.563331854603067
15,django__django-13821,1791029462.0021296,5.561046361923218,10719,7840,2879,0,0,1212,1667,1212,0.6267166313691062,0.0,0.26278943488104284,0.26278943488104284,1.6631710423065895
7,django__django-15380,1791029463.6785166,16.623023748397827,5772,3136,2636,0,0,1246,1390,1246,0.560655537049618,0.0,0.26411779751077213,0.26411779751077213,0.6576353794024852
15,django__django-13821,1791029467.7199569,111.86588454246521,11328,9408,1920,0,0,1311,609,1311,0.4201189979518872,0.0,0.2864493853876378,0.2864493853876378,2.003438288288058
9,sympy__sympy-13757,1791029468.7009792,120.09746408462524,31197,29792,1405,0,0,1166,239,1166,0.3366944868911359,0.0,0.27927628299602075,0.27927628299602075,6.658447957491712
7,django__django-15380,1791029480.5717094,5.744606971740723,6457,4704,1753,0,0,1068,685,1068,0.3748922994980999,0.0,0.2280213285883001,0.2280213285883001,0.9902695878638031
6,django__django-13112,1791029484.4730375,30.517449855804443,12085,10976,1109,0,0,641,468,641,0.24399664561043108,0.0,0.14087439747521435,0.14087439747521435,2.346249880109576
7,django__django-15380,1791029486.4616876,29.88510775566101,7320,6272,1048,0,0,185,863,185,0.22544097854063516,0.0,0.03971374519673182,0.03971374519673182,1.3254481421651712
5,django__django-14787,1791029498.3238394,6.463356971740723,12299,10976,1323,0,0,818,505,818,0.291226354292375,0.0,0.1798491091361658,0.1798491091361658,2.346249880109576
5,django__django-14787,1791029505.0891476,34.44074892997742,12736,10976,1760,0,0,1323,437,1323,0.3878192707461624,0.0,0.291226354292375,0.291226354292375,2.346249880109576
6,django__django-13112,1791029515.7159736,73.91386270523071,12923,10976,1947,0,0,1109,838,1109,0.4292134598861749,0.0,0.24399664561043108,0.24399664561043108,2.346249880109576
7,django__django-15380,1791029517.556629,42.642247438430786,7857,6272,1585,0,0,1048,537,1048,0.341398378915521,0.0,0.22544097854063516,0.22544097854063516,1.3254481421651712
1,django__django-11749,1791029518.526079,991.2806231975555,18676,17248,1428,0,0,1154,274,1154,0.32368582931873946,0.0,0.2614144339314688,0.2614144339314688,3.7429397057961524
0,django__django-12262,1791029530.4762082,24.324506759643555,6963,6272,691,0,0,108,583,108,0.1485171233721298,0.0,0.023179937467265745,0.023179937467265745,1.3254481421651712
5,django__django-14787,1791029539.828124,5.84803581237793,13013,12544,469,0,0,192,277,192,0.10379275884579385,0.0,0.0424633330845937,0.0424633330845937,2.6916058177711446
5,django__django-14787,1791029547.5552616,9.382600784301758,13561,12544,1017,0,0,469,548,469,0.22535710656240315,0.0,0.10379275884579385,0.10379275884579385,2.6916058177711446
11,sympy__sympy-18211,1791029549.8547564,234.34116196632385,10840,9408,1432,0,0,482,950,482,0.31297716225714595,0.0,0.10510873242967082,0.10510873242967082,2.003438288288058
0,django__django-12262,1791029555.1679533,5.49077033996582,7440,6272,1168,0,0,691,477,691,0.25132735443905246,0.0,0.1485171233721298,0.1485171233721298,1.3254481421651712
5,django__django-14787,1791029558.3623738,101.50334811210632,13868,12544,1324,0,0,1017,307,1017,0.2935955795858095,0.0,0.22535710656240315,0.22535710656240315,2.6916058177711446
7,django__django-15380,1791029560.346443,10.99447512626648,8020,7840,180,0,0,17,163,17,0.038932015559707614,0.0,0.0036754787741027986,0.0036754787741027986,1.6631710423065895
0,django__django-12262,1791029560.7813709,32.43508863449097,7560,6272,1288,0,0,1168,120,1168,0.2772286324046817,0.0,0.25132735443905246,0.25132735443905246,1.3254481421651712
7,django__django-15380,1791029571.4679177,8.338860750198364,8552,7840,712,0,0,180,532,180,0.1541937457357178,0.0,0.038932015559707614,0.038932015559707614,1.6631710423065895
12,sympy__sympy-20916,1791029577.816766,17.467349529266357,16840,15680,1160,0,0,812,348,812,0.26089491243026014,0.0,0.18248022458505497,0.18248022458505497,3.389950730614433
15,django__django-13821,1791029579.926238,155.9592046737671,11996,10976,1020,0,0,352,668,352,0.22436833720122693,0.0,0.07730740613036861,0.07730740613036861,2.346249880109576
7,django__django-15380,1791029579.940307,11.828526973724365,9271,7840,1431,0,0,712,719,712,0.3104358222268775,0.0,0.1541937457357178,0.1541937457357178,1.6631710423065895
9,sympy__sympy-13757,1791029589.1432686,6.103094100952148,31528,29792,1736,0,0,1405,331,1405,0.4163127196961307,0.0,0.3366944868911359,0.3366944868911359,6.658447957491712
6,django__django-13112,1791029589.917231,91.58086347579956,14507,12544,1963,0,0,379,1584,379,0.4359421896203081,0.0,0.08385752222460621,0.08385752222460621,2.6916058177711446
7,django__django-15380,1791029592.1005473,25.13411593437195,9549,7840,1709,0,0,1431,278,1431,0.3709899425450407,0.0,0.3104358222268775,0.3104358222268775,1.6631710423065895
0,django__django-12262,1791029593.6261802,178.16228199005127,8147,6272,1875,0,0,1288,587,1288,0.40414378975917387,0.0,0.2772286324046817,0.2772286324046817,1.3254481421651712
9,sympy__sympy-13757,1791029595.402286,28.241234302520752,31843,31360,483,0,0,168,315,168,0.11629954169457782,0.0,0.04042463195396004,0.04042463195396004,7.034336045233882
12,sympy__sympy-20916,1791029595.473577,161.53650283813477,17079,15680,1399,0,0,1160,239,1160,0.31482127014548406,0.0,0.26089491243026014,0.26089491243026014,3.389950730614433
7,django__django-15380,1791029617.4121025,3.900783061981201,9955,9408,547,0,0,141,406,141,0.11930154388038314,0.0,0.030722696563572308,0.030722696563572308,2.003438288288058
7,django__django-15380,1791029621.6875587,68.95287275314331,10086,9408,678,0,0,547,131,547,0.14791880333406904,0.0,0.11930154388038314,0.11930154388038314,2.003438288288058
9,sympy__sympy-13757,1791029623.8082378,4.494912147521973,32148,31360,788,0,0,483,305,483,0.18986357070120952,0.0,0.11629954169457782,0.11629954169457782,7.034336045233882
4,django__django-13821,1791029624.3412492,273.7730758190155,12949,10976,1973,0,0,1347,626,1347,0.43497166723507913,0.0,0.29652609962776133,0.29652609962776133,2.346249880109576
9,sympy__sympy-13757,1791029628.48351,14.94203233718872,32388,31360,1028,0,0,788,240,788,0.24781769997752878,0.0,0.18986357070120952,0.18986357070120952,7.034336045233882
8,pylint-dev__pylint-6528,1791029638.9207168,233.771625995636,12910,10976,1934,0,0,1492,442,1492,0.42633461855019766,0.0,0.32855807405533966,0.32855807405533966,2.346249880109576
9,sympy__sympy-13757,1791029643.8616114,22.634757041931152,32714,31360,1354,0,0,1028,326,1028,0.3266342002248648,0.0,0.24781769997752878,0.24781769997752878,7.034336045233882
5,django__django-14787,1791029660.038864,139.8377981185913,14604,12544,2060,0,0,1324,736,1324,0.45758730103944845,0.0,0.2935955795858095,0.2935955795858095,2.6916058177711446
9,sympy__sympy-13757,1791029669.0481958,17.950535774230957,33102,31360,1742,0,0,1354,388,1354,0.4205836870917235,0.0,0.3266342002248648,0.3266342002248648,7.034336045233882
6,django__django-13112,1791029681.7689188,36.313955545425415,15243,14112,1131,0,0,395,736,395,0.252520329087468,0.0,0.08804190611868927,0.08804190611868927,3.039506101272764
9,sympy__sympy-13757,1791029687.1276183,8.04217267036438,33472,32928,544,0,0,174,370,174,0.1318873782550013,0.0,0.04215125350950265,0.04215125350950265,7.412768478816103
7,django__django-15380,1791029691.0053725,6.619107484817505,11347,9408,1939,0,0,678,1261,678,0.4242954882808608,0.0,0.14791880333406904,0.14791880333406904,2.003438288288058
9,sympy__sympy-13757,1791029695.3170943,44.93897891044617,33795,32928,867,0,0,544,323,544,0.21034041151766109,0.0,0.1318873782550013,0.1318873782550013,7.412768478816103
7,django__django-15380,1791029697.7631779,5.051059722900391,11475,10976,499,0,0,371,128,371,0.10962998837704123,0.0,0.08148389645934224,0.08148389645934224,2.346249880109576
7,django__django-15380,1791029703.85689,5.816709756851196,11655,10976,679,0,0,499,180,499,0.14923911661568828,0.0,0.10962998837704123,0.10962998837704123,2.346249880109576
7,django__django-15380,1791029712.5182562,4.43071436882019,11828,10976,852,0,0,679,173,679,0.1873394889763936,0.0,0.14923911661568828,0.14923911661568828,2.346249880109576
6,django__django-13112,1791029718.3611984,7.584604978561401,15708,14112,1596,0,0,1131,465,1131,0.35672569219229877,0.0,0.252520329087468,0.252520329087468,3.039506101272764
7,django__django-15380,1791029719.575927,4.665512323379517,11946,10976,970,0,0,852,118,852,0.21334479380407487,0.0,0.1873394889763936,0.1873394889763936,2.346249880109576
7,django__django-15380,1791029725.5216825,15.450241565704346,12273,10976,1297,0,0,970,327,970,0.2854856361751292,0.0,0.21334479380407487,0.21334479380407487,2.346249880109576
6,django__django-13112,1791029726.0870962,8.038286447525024,16277,15680,597,0,0,28,569,28,0.13409700125282112,0.0,0.006281062850629749,0.006281062850629749,3.389950730614433
6,django__django-13112,1791029734.354559,6.337791204452515,16479,15680,799,0,0,597,202,597,0.1795533685815479,0.0,0.13409700125282112,0.13409700125282112,3.389950730614433
15,django__django-13821,1791029736.1793385,10.350919008255005,13506,10976,2530,0,0,1020,1510,1020,0.5584982127092559,0.0,0.22436833720122693,0.22436833720122693,2.346249880109576
6,django__django-13112,1791029740.844845,261.19454622268677,17172,15680,1492,0,0,799,693,799,0.33582114292017673,0.0,0.1795533685815479,0.1795533685815479,3.389950730614433
7,django__django-15380,1791029741.1355524,24.089425563812256,12688,10976,1712,0,0,1297,415,1297,0.37719986097888314,0.0,0.2854856361751292,0.2854856361751292,2.346249880109576
15,django__django-13821,1791029746.8165414,6.0627827644348145,13844,12544,1300,0,0,962,338,962,0.28825746142735253,0.0,0.2131422750476873,0.2131422750476873,2.6916058177711446
9,django__django-16255,1791029747.7887409,9.660515069961548,1768,0,1768,1768,0,0,0,0,0.36950724594643786,0.0,0.0,0.0,0.0
14,pytest-dev__pytest-10051,1791029751.6839693,11.889907360076904,9353,7840,1513,0,0,489,1024,489,0.3282887933335719,0.0,0.10584349356421197,0.10584349356421197,1.6631710423065895
15,django__django-13821,1791029753.0057983,171.63603973388672,14627,12544,2083,0,0,1300,783,1300,0.4627210751608232,0.0,0.28825746142735253,0.28825746142735253,2.6916058177711446
13,django__django-14787,1791029753.3650994,5.268715143203735,4879,3136,1743,0,0,1171,572,1171,0.3699163920512919,0.0,0.24817441270458232,0.24817441270458232,0.6576353794024852
12,sympy__sympy-20916,1791029757.5753005,10.770631074905396,17456,15680,1776,0,0,1399,377,1399,0.4000051871668407,0.0,0.31482127014548406,0.31482127014548406,3.389950730614433
9,django__django-16255,1791029757.9587011,5.621955871582031,2267,1568,699,0,0,200,499,200,0.1468367245416662,0.0,0.04196172916522034,0.04196172916522034,0.3275455167812175
13,django__django-14787,1791029758.761262,6.843487739562988,7356,4704,2652,0,0,175,2477,175,0.5683838808944711,0.0,0.03728218358997402,0.03728218358997402,0.9902695878638031
9,django__django-16255,1791029763.7583816,24.37787103652954,4415,1568,2847,0,0,699,2148,699,0.6012245935775808,0.0,0.1468367245416662,0.1468367245416662,0.3275455167812175
14,pytest-dev__pytest-10051,1791029764.1682956,13.505899906158447,9796,7840,1956,0,0,1513,443,1513,0.42485872309591877,0.0,0.3282887933335719,0.3282887933335719,1.6631710423065895
13,django__django-14787,1791029765.7258847,4.143174171447754,8563,6272,2291,0,0,1084,1207,1084,0.49430296776682164,0.0,0.2332053265931031,0.2332053265931031,1.3254481421651712
12,sympy__sympy-20916,1791029768.5003076,5.355401039123535,17605,17248,357,0,0,208,149,208,0.08072361841675925,0.0,0.04701621198512145,0.04701621198512145,3.7429397057961524
13,django__django-14787,1791029770.0235977,19.35110592842102,8957,7840,1117,0,0,723,394,723,0.24213634571301523,0.0,0.1565800676254034,0.1565800676254034,1.6631710423065895
0,django__django-12262,1791029771.9542558,7.174616098403931,8799,7840,959,0,0,307,652,307,0.20780768127482308,0.0,0.06642088961775561,0.06642088961775561,1.6631710423065895
12,sympy__sympy-20916,1791029774.7452028,8.377218961715698,17853,17248,605,0,0,357,248,357,0.13687816544062487,0.0,0.08072361841675925,0.08072361841675925,3.7429397057961524
7,sympy__sympy-11618,1791029775.6942608,10.326533794403076,1423,0,1423,1423,0,0,0,0,0.29714914771672013,0.0,0.0,0.0,0.0
14,pytest-dev__pytest-10051,1791029777.800085,13.357702732086182,9979,9408,571,0,0,388,183,388,0.12454307180652846,0.0,0.08459147711445038,0.08459147711445038,2.003438288288058
0,django__django-12262,1791029779.6280603,86.44208312034607,9249,7840,1409,0,0,959,450,959,0.30564718459689794,0.0,0.20780768127482308,0.20780768127482308,1.6631710423065895
11,sympy__sympy-18211,1791029784.7558606,7.620852947235107,11151,9408,1743,0,0,1432,311,1432,0.38122964409008636,0.0,0.31297716225714595,0.31297716225714595,2.003438288288058
12,sympy__sympy-20916,1791029785.2665856,10.842052698135376,18141,17248,893,0,0,605,288,605,0.20216977254859542,0.0,0.13687816544062487,0.13687816544062487,3.7429397057961524
7,sympy__sympy-11618,1791029786.568896,10.280860662460327,2578,0,2578,0,0,1423,1155,1423,0.5398755609123176,0.0,0.29714914771672013,0.29714914771672013,0.0
9,django__django-16255,1791029788.3992686,8.082994937896729,4643,3136,1507,0,0,1279,228,1279,0.3196461534309728,0.0,0.2711347309563131,0.2711347309563131,0.6576353794024852
13,django__django-14787,1791029789.5952733,131.64158010482788,9329,7840,1489,0,0,1117,372,1117,0.32306281323088437,0.0,0.24213634571301523,0.24213634571301523,1.6631710423065895
14,pytest-dev__pytest-10051,1791029791.310385,7.64459228515625,10203,9408,795,0,0,571,224,571,0.1734927435490846,0.0,0.12454307180652846,0.12454307180652846,2.003438288288058
11,sympy__sympy-18211,1791029792.63353,8.610840320587158,11338,10976,362,0,0,175,187,175,0.07950551236613154,0.0,0.03841805226856784,0.03841805226856784,2.346249880109576
9,django__django-16255,1791029796.7505417,6.424874305725098,7284,3136,4148,0,0,1507,2641,1507,0.8854907344369022,0.0,0.3196461534309728,0.3196461534309728,0.6576353794024852
7,sympy__sympy-11618,1791029797.1511369,5.7986741065979,2917,1568,1349,0,0,1010,339,1010,0.28383388471526083,0.0,0.21233004413109996,0.21233004413109996,0.3275455167812175
12,sympy__sympy-20916,1791029799.029487,23.746885538101196,18656,17248,1408,0,0,893,515,893,0.31913784343212376,0.0,0.20216977254859542,0.20216977254859542,3.7429397057961524
14,pytest-dev__pytest-10051,1791029799.1013062,133.49741005897522,10392,9408,984,0,0,795,189,795,0.2148344183409065,0.0,0.1734927435490846,0.1734927435490846,2.003438288288058
5,django__django-14787,1791029800.8840642,8.05514645576477,14916,14112,804,0,0,492,312,492,0.179374435420893,0.0,0.10968701753782958,0.10968701753782958,3.039506101272764
11,sympy__sympy-18211,1791029801.4959195,8.559282541275024,11705,10976,729,0,0,362,367,362,0.16024760271576166,0.0,0.07950551236613154,0.07950551236613154,2.346249880109576
7,sympy__sympy-11618,1791029803.0893185,23.10923933982849,3655,1568,2087,0,0,1349,738,1349,0.43990838200330035,0.0,0.28383388471526083,0.28383388471526083,0.3275455167812175
9,django__django-16255,1791029803.3010647,6.8797829151153564,10629,6272,4357,0,0,1012,3345,1012,0.9447179532779869,0.0,0.21767797167421626,0.21767797167421626,1.3254481421651712
5,django__django-14787,1791029809.3799324,7.4590067863464355,15185,14112,1073,0,0,804,269,804,0.23953836670301124,0.0,0.179374435420893,0.179374435420893,3.039506101272764
11,sympy__sympy-18211,1791029810.1955152,13.008600950241089,12255,10976,1279,0,0,729,550,729,0.28151170267003806,0.0,0.16024760271576166,0.16024760271576166,2.346249880109576
9,django__django-16255,1791029810.3182733,5.704702138900757,11878,9408,2470,0,0,1221,1249,1221,0.5411685184869705,0.0,0.2667278071551004,0.2667278071551004,2.003438288288058
10,sympy__sympy-15875,1791029811.6407025,297.99386858940125,7670,6272,1398,0,0,1107,291,1107,0.30098456159194115,0.0,0.23816658444972175,0.23816658444972175,1.3254481421651712
9,django__django-16255,1791029816.1747324,21.767868995666504,13016,10976,2040,0,0,902,1138,902,0.4498133487585116,0.0,0.19835692666545185,0.19835692666545185,2.346249880109576
5,django__django-14787,1791029816.9687643,4.312751531600952,15299,14112,1187,0,0,1073,114,1073,0.265057940888164,0.0,0.23953836670301124,0.23953836670301124,3.039506101272764
12,sympy__sympy-20916,1791029823.22743,164.86230039596558,19144,17248,1896,0,0,1408,488,1408,0.43022687245853586,0.0,0.31913784343212376,0.31913784343212376,3.7429397057961524
11,sympy__sympy-18211,1791029823.3487997,12.577955722808838,12582,10976,1606,0,0,1279,327,1279,0.3537571109839597,0.0,0.28151170267003806,0.28151170267003806,2.346249880109576
5,django__django-14787,1791029825.185288,8.847142934799194,15437,14112,1325,0,0,1187,138,1187,0.2959680512531914,0.0,0.265057940888164,0.265057940888164,3.039506101272764
7,sympy__sympy-11618,1791029828.1963413,11.42955207824707,4274,3136,1138,0,0,519,619,519,0.24116116752067626,0.0,0.10981851938203264,0.10981851938203264,0.6576353794024852
5,django__django-14787,1791029836.188042,7.6008734703063965,15737,14112,1625,0,0,1325,300,1325,0.36323193403273135,0.0,0.2959680512531914,0.2959680512531914,3.039506101272764
11,sympy__sympy-18211,1791029836.5258868,8.928527355194092,12854,12544,310,0,0,38,272,38,0.06857951757125755,0.0,0.00840117332239098,0.00840117332239098,2.6916058177711446
9,django__django-16255,1791029838.9856043,57.38086414337158,13362,12544,818,0,0,472,346,472,0.18117645282057973,0.0,0.10445741109694288,0.10445741109694288,2.6916058177711446
7,sympy__sympy-11618,1791029839.7665126,14.224367141723633,5256,3136,2120,0,0,1138,982,1138,0.45034054741054536,0.0,0.24116116752067626,0.24116116752067626,0.6576353794024852
5,django__django-14787,1791029844.3185132,6.259603261947632,15920,15680,240,0,0,57,183,57,0.05386400856223407,0.0,0.01278730469106229,0.01278730469106229,3.389950730614433
11,sympy__sympy-18211,1791029845.7532368,17.47632622718811,13095,12544,551,0,0,310,241,310,0.12196327230745774,0.0,0.06857951757125755,0.06857951757125755,2.6916058177711446
5,django__django-14787,1791029851.1300986,3.686772346496582,16082,15680,402,0,0,240,162,240,0.09025591164122491,0.0,0.05386400856223407,0.05386400856223407,3.389950730614433
7,sympy__sympy-11618,1791029854.2752428,13.540892124176025,5543,4704,839,0,0,552,287,552,0.1790296999756878,0.0,0.11770633894922744,0.11770633894922744,0.9902695878638031
5,django__django-14787,1791029854.9856024,9.191879749298096,16209,15680,529,0,0,402,127,402,0.1188043578634735,0.0,0.09025591164122491,0.09025591164122491,3.389950730614433
11,sympy__sympy-18211,1791029863.3866944,20.277489185333252,13286,12544,742,0,0,551,191,551,0.16431425367862654,0.0,0.12196327230745774,0.12196327230745774,2.6916058177711446
5,django__django-14787,1791029864.3357592,67.87785506248474,16541,15680,861,0,0,529,332,529,0.19351379225169915,0.0,0.1188043578634735,0.1188043578634735,3.389950730614433
0,django__django-12262,1791029866.473234,11.429243564605713,10870,7840,3030,0,0,1409,1621,1409,0.659823886970638,0.0,0.30564718459689794,0.30564718459689794,1.6631710423065895
7,sympy__sympy-11618,1791029868.1273332,7.422956466674805,6153,4704,1449,0,0,839,610,839,0.30965167469188987,0.0,0.1790296999756878,0.1790296999756878,0.9902695878638031
8,pylint-dev__pylint-6528,1791029872.9674273,228.289959192276,13226,12544,682,0,0,366,316,366,0.15100621345051385,0.0,0.08097868088862899,0.08097868088862899,2.6916058177711446
7,sympy__sympy-11618,1791029875.7119496,23.88739013671875,6334,4704,1630,0,0,1449,181,1449,0.3484840797213833,0.0,0.30965167469188987,0.30965167469188987,0.9902695878638031
0,django__django-12262,1791029878.0439525,4.99862003326416,11043,9408,1635,0,0,1462,173,1462,0.3575164734028118,0.0,0.3195566409891696,0.3195566409891696,2.003438288288058
0,django__django-12262,1791029883.5807493,5.640704393386841,11683,10976,707,0,0,67,640,67,0.15540355009306955,0.0,0.014704881581293277,0.014704881581293277,2.346249880109576
11,sympy__sympy-18211,1791029883.8167596,8.650908470153809,13632,12544,1088,0,0,742,346,742,0.2411299725633004,0.0,0.16431425367862654,0.16431425367862654,2.6916058177711446
0,django__django-12262,1791029889.3676736,5.290918827056885,11983,10976,1007,0,0,707,300,707,0.2215019670327476,0.0,0.15540355009306955,0.15540355009306955,2.346249880109576
11,sympy__sympy-18211,1791029893.2292986,11.593462944030762,14076,12544,1532,0,0,1088,444,1088,0.3398842395339424,0.0,0.2411299725633004,0.2411299725633004,2.6916058177711446
9,django__django-16255,1791029896.6380703,53.613322019577026,13667,12544,1123,0,0,818,305,818,0.24890724871863523,0.0,0.18117645282057973,0.18117645282057973,2.6916058177711446
4,django__django-13821,1791029898.3905227,9.836766004562378,13353,12544,809,0,0,405,404,405,0.1791793014364741,0.0,0.0896157295735104,0.0896157295735104,2.6916058177711446
0,django__django-12262,1791029899.6938741,13.601538896560669,12390,10976,1414,0,0,1007,407,1007,0.3113243768107077,0.0,0.2215019670327476,0.2215019670327476,2.346249880109576
7,sympy__sympy-11618,1791029899.7361681,5.182498455047607,6900,6272,628,0,0,62,566,62,0.134956016675468,0.0,0.013305525420015233,0.013305525420015233,1.3254481421651712
7,sympy__sympy-11618,1791029905.0565476,89.87392401695251,7591,6272,1319,0,0,628,691,628,0.28392221798249073,0.0,0.134956016675468,0.134956016675468,1.3254481421651712
11,sympy__sympy-18211,1791029905.5516946,18.08109426498413,14267,12544,1723,0,0,1532,191,1532,0.3824291247409137,0.0,0.3398842395339424,0.3398842395339424,2.6916058177711446
4,django__django-13821,1791029908.375079,5.696226358413696,14132,12544,1588,0,0,809,779,809,0.35235422078627515,0.0,0.1791793014364741,0.1791793014364741,2.6916058177711446
4,django__django-13821,1791029914.2039266,400.7426505088806,14756,14112,644,0,0,20,624,20,0.14362471407709526,0.0,0.004453937284656281,0.004453937284656281,3.039506101272764
0,django__django-12262,1791029914.5894263,5.459902763366699,12774,10976,1798,0,0,1414,384,1414,0.39622799444927403,0.0,0.3113243768107077,0.3113243768107077,2.346249880109576
0,django__django-12262,1791029920.2047298,6.007638692855835,12938,12544,394,0,0,230,164,230,0.08717947954947036,0.0,0.050872056787705365,0.050872056787705365,2.6916058177711446
13,django__django-14787,1791029921.411684,140.03573775291443,9727,7840,1887,0,0,1489,398,1489,0.4098040041875587,0.0,0.32306281323088437,0.32306281323088437,1.6631710423065895
11,sympy__sympy-18211,1791029924.2998402,16.432982921600342,14446,14112,334,0,0,155,179,155,0.07443501894545825,0.0,0.034528841239294804,0.034528841239294804,3.039506101272764
15,django__django-13821,1791029924.8777533,38.24280595779419,15214,14112,1102,0,0,515,587,515,0.24602891273417973,0.0,0.11482079165920432,0.11482079165920432,3.039506101272764
0,django__django-12262,1791029927.8814132,11.69328784942627,13239,12544,695,0,0,394,301,394,0.15388930601510956,0.0,0.08717947954947036,0.08717947954947036,2.6916058177711446
14,pytest-dev__pytest-10051,1791029932.7538192,335.92675256729126,10660,9408,1252,0,0,984,268,984,0.2735198488282199,0.0,0.2148344183409065,0.2148344183409065,2.003438288288058
5,django__django-14787,1791029933.0281556,45.216801166534424,17096,15680,1416,0,0,861,555,861,0.31865928804337146,0.0,0.19351379225169915,0.19351379225169915,3.389950730614433
0,django__django-12262,1791029939.7681742,5.00268816947937,13546,12544,1002,0,0,695,307,695,0.22202547841683795,0.0,0.15388930601510956,0.15388930601510956,2.6916058177711446
11,sympy__sympy-18211,1791029941.39347,12.59229588508606,14669,14112,557,0,0,334,223,334,0.12419692221176339,0.0,0.07443501894545825,0.07443501894545825,3.039506101272764
0,django__django-12262,1791029945.4729002,7.286632299423218,13726,12544,1182,0,0,1002,180,1002,0.26202038392043236,0.0,0.22202547841683795,0.22202547841683795,2.6916058177711446
9,django__django-16255,1791029950.4424314,7.2608020305633545,14089,12544,1545,0,0,1123,422,1123,0.3427787673653917,0.0,0.24890724871863523,0.24890724871863523,2.6916058177711446
0,django__django-12262,1791029952.935088,4.991765737533569,13862,12544,1318,0,0,1182,136,1182,0.2922609941634432,0.0,0.26202038392043236,0.26202038392043236,2.6916058177711446
0,django__django-12262,1791029958.0704765,4.755522966384888,13960,12544,1416,0,0,1318,98,1318,0.31406388790368905,0.0,0.2922609941634432,0.2922609941634432,2.6916058177711446
9,django__django-16255,1791029958.1986396,62.1680965423584,14333,12544,1789,0,0,1545,244,1545,0.39713927538344646,0.0,0.3427787673653917,0.3427787673653917,2.6916058177711446
15,django__django-13821,1791029963.3161426,56.97425293922424,15622,14112,1510,0,0,1102,408,1102,0.3374364372491878,0.0,0.24602891273417973,0.24602891273417973,3.039506101272764
0,django__django-12262,1791029963.525842,12.23388147354126,14100,12544,1556,0,0,1416,140,1416,0.34522811982505464,0.0,0.31406388790368905,0.31406388790368905,2.6916058177711446
0,django__django-12262,1791029975.888273,7.020383834838867,14235,12544,1691,0,0,1556,135,1556,0.3752985531595296,0.0,0.34522811982505464,0.34522811982505464,2.6916058177711446
5,django__django-14787,1791029978.4171112,25.027234077453613,17493,15680,1813,0,0,1416,397,1416,0.4083733384817971,0.0,0.31865928804337146,0.31865928804337146,3.389950730614433
0,django__django-12262,1791029983.0641677,5.465188026428223,14601,14112,489,0,0,123,366,123,0.10901743518611128,0.0,0.027398269657910684,0.027398269657910684,3.039506101272764
0,django__django-12262,1791029988.652594,7.308177947998047,15858,14112,1746,0,0,489,1257,489,0.39038805863595966,0.0,0.10901743518611128,0.10901743518611128,3.039506101272764
12,sympy__sympy-20916,1791029990.5328448,12.493255376815796,19733,18816,917,0,0,328,589,328,0.20910260231402597,0.0,0.07469355143676652,0.07469355143676652,4.0984730268179215
7,sympy__sympy-11618,1791029995.08224,12.109643459320068,7912,6272,1640,0,0,1319,321,1319,0.35329168280715406,0.0,0.28392221798249073,0.28392221798249073,1.3254481421651712
0,django__django-12262,1791029996.0989,27.328373908996582,16129,15680,449,0,0,178,271,178,0.10081913910494447,0.0,0.03994342929429061,0.03994342929429061,3.389950730614433
6,django__django-13112,1791030002.3052335,6.430813789367676,17595,15680,1915,0,0,1492,423,1492,0.4314496323243705,0.0,0.33582114292017673,0.33582114292017673,3.389950730614433
5,django__django-14787,1791030003.604126,17.97355365753174,17945,17248,697,0,0,245,452,245,0.15772587625025558,0.0,0.055384363300077843,0.055384363300077843,3.7429397057961524
12,sympy__sympy-20916,1791030005.645551,20.512835264205933,20069,18816,1253,0,0,917,336,917,0.2859381931126577,0.0,0.20910260231402597,0.20910260231402597,4.0984730268179215
7,sympy__sympy-11618,1791030007.317812,32.29573678970337,8050,7840,210,0,0,72,138,72,0.04542394464686148,0.0,0.01556878266573584,0.01556878266573584,1.6631710423065895
6,django__django-13112,1791030008.902333,50.08889055252075,18274,17248,1026,0,0,347,679,347,0.23235077206197746,0.0,0.07846065714265132,0.07846065714265132,3.7429397057961524
15,django__django-13821,1791030020.4857993,43.630975008010864,15876,14112,1764,0,0,1510,254,1510,0.3944291073262562,0.0,0.3374364372491878,0.3374364372491878,3.039506101272764
9,django__django-16255,1791030020.7412002,56.0755410194397,15452,14112,1340,0,0,221,1119,221,0.29932903336656663,0.0,0.04923899188182755,0.04923899188182755,3.039506101272764
11,sympy__sympy-18211,1791030022.8563638,11.17737102508545,15295,14112,1183,0,0,557,626,557,0.26416228956207327,0.0,0.12419692221176339,0.12419692221176339,3.039506101272764
0,django__django-12262,1791030023.5631104,78.50368523597717,16542,15680,862,0,0,449,413,449,0.19373899297368327,0.0,0.10081913910494447,0.10081913910494447,3.389950730614433
12,sympy__sympy-20916,1791030026.771911,27.381207704544067,20877,18816,2061,0,0,1253,808,1253,0.47118778492117297,0.0,0.2859381931126577,0.2859381931126577,4.0984730268179215
11,sympy__sympy-18211,1791030034.22022,4.883375883102417,15424,14112,1312,0,0,1183,129,1183,0.29305538843383794,0.0,0.26416228956207327,0.26416228956207327,3.039506101272764
5,sympy__sympy-13757,1791030037.82224,8.465774536132812,1506,0,1506,1506,0,0,0,0,0.31454578591985305,0.0,0.0,0.0,0.0
11,sympy__sympy-18211,1791030039.5298975,4.841810464859009,15555,14112,1443,0,0,1312,131,1312,0.3224140660910798,0.0,0.29305538843383794,0.29305538843383794,3.039506101272764
7,sympy__sympy-11618,1791030039.7515705,14.280813694000244,8602,7840,762,0,0,210,552,210,0.16504167241024104,0.0,0.04542394464686148,0.04542394464686148,1.6631710423065895
5,sympy__sympy-13757,1791030046.6631992,10.089476823806763,1855,0,1855,0,0,1506,349,1506,0.38777351791512166,0.0,0.31454578591985305,0.31454578591985305,0.0
11,sympy__sympy-18211,1791030049.8988316,6.435043811798096,15950,14112,1838,0,0,1443,395,1443,0.4110458301805857,0.0,0.3224140660910798,0.3224140660910798,3.039506101272764
2,django__django-11749,1791030053.7590818,296.6964256763458,16146,15680,466,0,0,33,433,33,0.10464044392050745,0.0,0.007402766593240368,0.007402766593240368,3.389950730614433
7,sympy__sympy-11618,1791030054.579556,33.77651882171631,9048,7840,1208,0,0,762,446,762,0.2619196427810279,0.0,0.16504167241024104,0.16504167241024104,1.6631710423065895
12,sympy__sympy-20916,1791030054.968644,12.483683824539185,21268,20384,884,0,0,493,391,493,0.20299699030070611,0.0,0.11311011805935346,0.11311011805935346,4.45655069367974
11,sympy__sympy-18211,1791030056.4557536,142.70334768295288,16400,15680,720,0,0,270,450,270,0.1617708504932447,0.0,0.060601200838916666,0.060601200838916666,3.389950730614433
5,sympy__sympy-13757,1791030058.2995715,16.51974105834961,2318,1568,750,0,0,287,463,287,0.157569925436413,0.0,0.06022800113390415,0.06022800113390415,0.3275455167812175
6,django__django-13112,1791030059.2378685,5.470980167388916,18525,17248,1277,0,0,1026,251,1026,0.28935877121477455,0.0,0.23235077206197746,0.23235077206197746,3.7429397057961524
13,django__django-14787,1791030061.5872092,377.5702574253082,10093,9408,685,0,0,319,366,319,0.14944846970993322,0.0,0.06953675820609027,0.06953675820609027,2.003438288288058
15,django__django-13821,1791030064.2977245,7.203168153762817,16225,15680,545,0,0,196,349,196,0.12240219639209728,0.0,0.043984477984587156,0.043984477984587156,3.389950730614433
6,django__django-13112,1791030064.8668866,7.444861173629761,18993,17248,1745,0,0,1277,468,1277,0.3958266824597287,0.0,0.28935877121477455,0.28935877121477455,3.7429397057961524
12,sympy__sympy-20916,1791030067.5841093,74.55736303329468,21566,20384,1182,0,0,884,298,884,0.2716103609068459,0.0,0.20299699030070611,0.20299699030070611,4.45655069367974
15,django__django-13821,1791030071.6362152,24.62032413482666,16576,15680,896,0,0,545,351,545,0.20139643326628237,0.0,0.12240219639209728,0.12240219639209728,3.389950730614433
6,django__django-13112,1791030072.4499784,5.39950704574585,19114,18816,298,0,0,177,121,177,0.06785719832117824,0.0,0.040293361437959335,0.040293361437959335,4.0984730268179215
5,sympy__sympy-13757,1791030075.0635078,5.318209171295166,2548,1568,980,0,0,750,230,750,0.20600799861016145,0.0,0.157569925436413,0.157569925436413,0.3275455167812175
9,django__django-16255,1791030077.1742866,8.34349012374878,16474,14112,2362,0,0,1340,1022,1340,0.5288723306446743,0.0,0.29932903336656663,0.29932903336656663,3.039506101272764
6,django__django-13112,1791030077.9875195,4.721203088760376,19320,18816,504,0,0,298,206,298,0.1148189164283855,0.0,0.06785719832117824,0.06785719832117824,4.0984730268179215
5,sympy__sympy-13757,1791030080.503698,35.89149594306946,2952,1568,1384,0,0,980,404,980,0.29122306033197537,0.0,0.20600799861016145,0.20600799861016145,0.3275455167812175
6,django__django-13112,1791030082.8251762,6.912161350250244,20026,18816,1210,0,0,504,706,504,0.2760985477722891,0.0,0.1148189164283855,0.1148189164283855,4.0984730268179215
9,django__django-16255,1791030085.675138,6.241028547286987,16601,15680,921,0,0,794,127,794,0.2070276672831758,0.0,0.17842770130300528,0.17842770130300528,3.389950730614433
7,sympy__sympy-11618,1791030088.762775,7.528760194778442,9736,7840,1896,0,0,1208,688,1208,0.4117673837618454,0.0,0.2619196427810279,0.2619196427810279,1.6631710423065895
6,django__django-13112,1791030089.8907206,5.057024002075195,20228,18816,1412,0,0,1210,202,1210,0.3223386168854198,0.0,0.2760985477722891,0.2760985477722891,4.0984730268179215
9,django__django-16255,1791030092.4108782,6.064420461654663,17281,15680,1601,0,0,921,680,921,0.36044528986980756,0.0,0.2070276672831758,0.2070276672831758,3.389950730614433
6,django__django-13112,1791030095.0911322,4.6841206550598145,20449,18816,1633,0,0,1412,221,1412,0.3729763706087742,0.0,0.3223386168854198,0.3223386168854198,4.0984730268179215
15,django__django-13821,1791030096.4241474,20.098050832748413,16896,15680,1216,0,0,896,320,896,0.2735250743472681,0.0,0.20139643326628237,0.20139643326628237,3.389950730614433
7,sympy__sympy-11618,1791030096.49413,6.571789741516113,9868,9408,460,0,0,328,132,328,0.10030600199751832,0.0,0.07150013778037702,0.07150013778037702,2.003438288288058
9,django__django-16255,1791030098.6212888,6.293594598770142,17704,17248,456,0,0,33,423,33,0.10313251864873615,0.0,0.007456314688088363,0.007456314688088363,3.7429397057961524
6,django__django-13112,1791030099.905126,6.10513710975647,20530,20384,146,0,0,65,81,65,0.03347089988527785,0.0,0.014898703746954681,0.014898703746954681,4.45655069367974
8,pylint-dev__pylint-6528,1791030101.5113099,20.391546487808228,13603,12544,1059,0,0,682,377,682,0.2346869041043226,0.0,0.15100621345051385,0.15100621345051385,2.6916058177711446
0,django__django-12262,1791030102.2039664,7.1926538944244385,16787,15680,1107,0,0,862,245,862,0.24894435554003627,0.0,0.19373899297368327,0.19373899297368327,3.389950730614433
7,sympy__sympy-11618,1791030104.2327456,15.77778697013855,10365,9408,957,0,0,460,497,460,0.20892620154775984,0.0,0.10030600199751832,0.10030600199751832,2.003438288288058
9,django__django-16255,1791030105.41668,5.861161231994629,18187,17248,939,0,0,456,483,456,0.21260624296725195,0.0,0.10313251864873615,0.10313251864873615,3.7429397057961524
6,django__django-13112,1791030106.1398468,4.71124267578125,20631,20384,247,0,0,146,101,146,0.05663833491653343,0.0,0.03347089988527785,0.03347089988527785,4.45655069367974
0,django__django-12262,1791030109.5356915,15.868640422821045,17398,15680,1718,0,0,1107,611,1107,0.3868903956202372,0.0,0.24894435554003627,0.24894435554003627,3.389950730614433
10,sympy__sympy-15875,1791030110.1473136,270.78217577934265,8016,6272,1744,0,0,1398,346,1398,0.3757893955270449,0.0,0.30098456159194115,0.30098456159194115,1.3254481421651712
6,django__django-13112,1791030110.9695451,5.7125563621521,20925,20384,541,0,0,247,294,247,0.12413630458795946,0.0,0.05663833491653343,0.05663833491653343,4.45655069367974
9,django__django-16255,1791030111.4539518,5.164546489715576,18286,17248,1038,0,0,939,99,939,0.23507477009566038,0.0,0.21260624296725195,0.21260624296725195,3.7429397057961524
3,django__django-13112,1791030113.1710482,276.80952429771423,39466,37632,1834,0,0,1323,511,1323,0.4547871231327448,0.0,0.3277218149355945,0.3277218149355945,8.563331854603067
5,sympy__sympy-13757,1791030116.6573467,7.614032506942749,3267,1568,1699,0,0,1384,315,1384,0.3577826878584518,0.0,0.29122306033197537,0.29122306033197537,0.3275455167812175
9,django__django-16255,1791030116.7825305,5.36391806602478,18658,17248,1410,0,0,1038,372,1038,0.3195926233932014,0.0,0.23507477009566038,0.23507477009566038,3.7429397057961524
6,django__django-13112,1791030116.8052485,11.344679832458496,21145,20384,761,0,0,541,220,541,0.17470350068722357,0.0,0.12413630458795946,0.12413630458795946,4.45655069367974
15,django__django-13821,1791030117.7360868,35.781652212142944,17986,15680,2306,0,0,1216,1090,1216,0.5200085006369425,0.0,0.2735250743472681,0.2735250743472681,3.389950730614433
7,sympy__sympy-11618,1791030121.458654,20.518179178237915,10866,9408,1458,0,0,957,501,957,0.3186793233452126,0.0,0.20892620154775984,0.20892620154775984,2.003438288288058
8,pylint-dev__pylint-6528,1791030122.0552993,47.914949893951416,14048,12544,1504,0,0,1059,445,1059,0.33365046590993164,0.0,0.2346869041043226,0.2346869041043226,2.6916058177711446
9,django__django-16255,1791030122.2869148,5.367777109146118,18930,17248,1682,0,0,1410,272,1410,0.38148126133812205,0.0,0.3195926233932014,0.3195926233932014,3.7429397057961524
5,sympy__sympy-13757,1791030124.4407945,5.55956244468689,4049,3136,913,0,0,131,782,131,0.19337362370054084,0.0,0.02769282523718406,0.02769282523718406,0.6576353794024852
6,django__django-13112,1791030128.3780484,5.762335538864136,21410,20384,1026,0,0,761,265,761,0.2356804899597982,0.0,0.17470350068722357,0.17470350068722357,4.45655069367974
9,django__django-16255,1791030128.648729,10.677250623703003,19149,18816,333,0,0,114,219,114,0.07583303417345352,0.0,0.025947940316352676,0.025947940316352676,4.0984730268179215
5,sympy__sympy-13757,1791030130.1493618,3.802976131439209,4177,3136,1041,0,0,913,128,913,0.2205530019603532,0.0,0.19337362370054084,0.19337362370054084,0.6576353794024852
0,django__django-12262,1791030130.2080512,8.735101699829102,17641,17248,393,0,0,150,243,150,0.08887113587241247,0.0,0.033901420438517973,0.033901420438517973,3.7429397057961524
5,sympy__sympy-13757,1791030134.074436,17.94928789138794,4980,3136,1844,0,0,1041,803,1041,0.39144796196815623,0.0,0.2205530019603532,0.2205530019603532,0.6576353794024852
6,django__django-13112,1791030134.2772565,4.775920867919922,21597,20384,1213,0,0,1026,187,1026,0.27875327071760314,0.0,0.2356804899597982,0.2356804899597982,4.45655069367974
6,django__django-13112,1791030139.1735508,277.8827340602875,22508,20384,2124,0,0,1213,911,1213,0.48910669381881056,0.0,0.27875327071760314,0.27875327071760314,4.45655069367974
0,django__django-12262,1791030139.3527303,5.799509763717651,17766,17248,518,0,0,393,125,393,0.1171715403747722,0.0,0.08887113587241247,0.08887113587241247,3.7429397057961524
9,django__django-16255,1791030140.268489,42.237894773483276,19451,18816,635,0,0,333,302,333,0.1447057647422473,0.0,0.07583303417345352,0.07583303417345352,4.0984730268179215
12,sympy__sympy-20916,1791030142.2716906,4.815941333770752,21819,20384,1435,0,0,1182,253,1182,0.3299347837561057,0.0,0.2716103609068459,0.2716103609068459,4.45655069367974
0,django__django-12262,1791030145.5298593,33.52799701690674,18210,17248,962,0,0,518,444,518,0.21782529934257552,0.0,0.1171715403747722,0.1171715403747722,3.7429397057961524
12,sympy__sympy-20916,1791030147.2173102,41.16650390625,22062,20384,1678,0,0,1435,243,1435,0.3860162586005499,0.0,0.3299347837561057,0.3299347837561057,4.45655069367974
7,sympy__sympy-11618,1791030149.9097433,10.171020746231079,11446,9408,2038,0,0,1458,580,1458,0.4460632456986309,0.0,0.3186793233452126,0.3186793233452126,2.003438288288058
5,sympy__sympy-13757,1791030152.2887402,52.6395149230957,5176,4704,472,0,0,276,196,276,0.10062791098054086,0.0,0.05881375350683832,0.05881375350683832,0.9902695878638031
15,django__django-13821,1791030154.4071755,20.970948219299316,18633,17248,1385,0,0,738,647,738,0.31390817140364335,0.0,0.1670195254552233,0.1670195254552233,3.7429397057961524
7,sympy__sympy-11618,1791030161.6992748,11.933786630630493,12170,10976,1194,0,0,470,724,470,0.26275043568760936,0.0,0.10325165387711238,0.10325165387711238,2.346249880109576
8,pylint-dev__pylint-6528,1791030170.4440215,53.56403994560242,14494,12544,1950,0,0,1504,446,1504,0.43304203832821797,0.0,0.33365046590993164,0.33365046590993164,2.6916058177711446
7,sympy__sympy-11618,1791030175.2578862,8.82258415222168,12512,10976,1536,0,0,1194,342,1194,0.3382824244397536,0.0,0.26275043568760936,0.26275043568760936,2.346249880109576
15,django__django-13821,1791030176.1406665,43.3376739025116,19148,17248,1900,0,0,1385,515,1385,0.4311384565781539,0.0,0.31390817140364335,0.31390817140364335,3.7429397057961524
0,django__django-12262,1791030179.2163665,12.772888660430908,18776,17248,1528,0,0,962,566,962,0.34643196794648934,0.0,0.21782529934257552,0.21782529934257552,3.7429397057961524
9,django__django-16255,1791030183.0366645,8.508172750473022,20781,18816,1965,0,0,635,1330,635,0.4491425648562226,0.0,0.1447057647422473,0.1447057647422473,4.0984730268179215
7,sympy__sympy-11618,1791030184.2258918,5.206417083740234,13171,10976,2195,0,0,1536,659,1536,0.48416638699933745,0.0,0.3382824244397536,0.3382824244397536,2.346249880109576
7,sympy__sympy-11618,1791030189.5647838,11.854881525039673,13804,12544,1260,0,0,627,633,627,0.2793619224581209,0.0,0.13881044933776873,0.13881044933776873,2.6916058177711446
12,sympy__sympy-15875,1791030191.8854601,11.516441106796265,1499,0,1499,1499,0,0,0,0,0.31307832429107485,0.0,0.0,0.0,0.0
9,django__django-16255,1791030192.0825837,11.216135740280151,21973,20384,1589,0,0,397,1192,397,0.36546903801863856,0.0,0.09106489799440312,0.09106489799440312,4.45655069367974
0,django__django-12262,1791030192.1377916,33.47648763656616,18977,17248,1729,0,0,1528,201,1528,0.3921830117955022,0.0,0.34643196794648934,0.34643196794648934,3.7429397057961524
11,sympy__sympy-18211,1791030200.2230446,7.505748748779297,16814,15680,1134,0,0,720,414,720,0.2550320118499979,0.0,0.1617708504932447,0.1617708504932447,3.389950730614433
7,sympy__sympy-11618,1791030201.8239284,38.974305868148804,14014,12544,1470,0,0,1260,210,1260,0.32608197440073494,0.0,0.2793619224581209,0.2793619224581209,2.6916058177711446
9,django__django-16255,1791030203.9104202,15.636115312576294,23284,21952,1332,0,0,21,1311,21,0.3083434597385745,0.0,0.004847025316768844,0.004847025316768844,4.81717270638161
5,sympy__sympy-13757,1791030205.062493,14.303984880447388,6279,4704,1575,0,0,472,1103,472,0.33668059183067517,0.0,0.10062791098054086,0.10062791098054086,0.9902695878638031
12,sympy__sympy-15875,1791030205.5433292,20.50289797782898,3078,0,3078,0,0,1499,1579,1499,0.6453801059769577,0.0,0.31307832429107485,0.31307832429107485,0.0
11,sympy__sympy-18211,1791030207.862109,101.2229232788086,17520,15680,1840,0,0,1134,706,1134,0.41448072140323033,0.0,0.2550320118499979,0.2550320118499979,3.389950730614433
5,sympy__sympy-13757,1791030219.771792,28.41925287246704,6777,6272,505,0,0,7,498,7,0.10849140809734116,0.0,0.0015020375293070807,0.0015020375293070807,1.3254481421651712
15,django__django-13821,1791030219.9835255,53.04919648170471,20373,18816,1557,0,0,332,1225,332,0.35555678034007654,0.0,0.07560513555638455,0.07560513555638455,4.0984730268179215
9,django__django-16255,1791030220.070802,15.628344058990479,24607,21952,2655,0,0,1332,1323,1332,0.6164210343789667,0.0,0.3083434597385745,0.3083434597385745,4.81717270638161
8,pylint-dev__pylint-6528,1791030224.4487693,296.07878494262695,14742,14112,630,0,0,382,248,382,0.14049787392603127,0.0,0.08514175482659908,0.08514175482659908,3.039506101272764
12,sympy__sympy-15875,1791030226.5429265,9.279783248901367,3388,1568,1820,0,0,1510,310,1510,0.38337733453432055,0.0,0.3178345891957401,0.3178345891957401,0.3275455167812175
0,sympy__sympy-18211,1791030233.678795,9.916098833084106,1547,0,1547,1547,0,0,0,0,0.32314193662490864,0.0,0.0,0.0,0.0
12,sympy__sympy-15875,1791030236.006568,9.121128797531128,6189,3136,3053,0,0,252,2801,252,0.6500067544245851,0.0,0.05328747191305281,0.05328747191305281,0.6576353794024852
9,django__django-16255,1791030236.201425,5.376935720443726,24749,23520,1229,0,0,1087,142,1087,0.28642884468667384,0.0,0.25325467583704686,0.25325467583704686,5.18033906492353
9,django__django-16255,1791030242.1083965,6.240458726882935,24910,23520,1390,0,0,1229,161,1229,0.3240670527053826,0.0,0.28642884468667384,0.28642884468667384,5.18033906492353
0,sympy__sympy-18211,1791030244.0291512,12.737142562866211,1909,0,1909,0,0,1547,362,1547,0.3991151436986687,0.0,0.32314193662490864,0.32314193662490864,0.0
7,sympy__sympy-20916,1791030244.4696066,10.714722156524658,1425,0,1425,1425,0,0,0,0,0.2975682599938723,0.0,0.0,0.0,0.0
12,sympy__sympy-15875,1791030245.2947128,11.185447692871094,7539,4704,2835,0,0,1485,1350,1485,0.6078733873190878,0.0,0.3173725459632672,0.3173725459632672,0.9902695878638031
5,sympy__sympy-13757,1791030248.3156178,53.00185036659241,6911,6272,639,0,0,505,134,505,0.13732353298422484,0.0,0.10849140809734116,0.10849140809734116,1.3254481421651712
9,django__django-16255,1791030248.479761,38.7562837600708,25122,23520,1602,0,0,1390,212,1390,0.3736688394146629,0.0,0.3240670527053826,0.3240670527053826,5.18033906492353
7,sympy__sympy-20916,1791030255.5301611,10.42102837562561,2874,0,2874,0,0,1425,1449,1425,0.6023030069229969,0.0,0.2975682599938723,0.2975682599938723,0.0
12,sympy__sympy-15875,1791030256.7369654,5.865099191665649,7922,6272,1650,0,0,1267,383,1267,0.35545443802791993,0.0,0.2726948330177197,0.2726948330177197,1.3254481421651712
0,sympy__sympy-18211,1791030259.1372657,6.134533882141113,2581,1568,1013,0,0,341,672,341,0.21296229990904986,0.0,0.07156962691745117,0.07156962691745117,0.3275455167812175
12,sympy__sympy-15875,1791030262.726166,426.2060284614563,8481,7840,641,0,0,82,559,82,0.1387941351238468,0.0,0.01773153788650171,0.01773153788650171,1.6631710423065895
0,sympy__sympy-18211,1791030265.4121764,6.2545881271362305,5103,1568,3535,0,0,1013,2522,1013,0.7477736957496405,0.0,0.21296229990904986,0.21296229990904986,0.3275455167812175
7,sympy__sympy-20916,1791030266.203454,7.836042642593384,3197,1568,1629,0,0,1306,323,1306,0.34298278554518324,0.0,0.2747574901417794,0.2747574901417794,0.3275455167812175
14,pytest-dev__pytest-10051,1791030268.9456906,7.502770662307739,11493,9408,2085,0,0,1252,833,1252,0.45640098418811925,0.0,0.2735198488282199,0.2735198488282199,2.003438288288058
0,sympy__sympy-18211,1791030271.8050506,4.376790285110474,5252,4704,548,0,0,399,149,399,0.11685226025119477,0.0,0.08504962466705493,0.08504962466705493,0.9902695878638031
15,django__django-13821,1791030273.3596354,7.9991700649261475,20672,18816,1856,0,0,1557,299,1557,0.42412361661205505,0.0,0.35555678034007654,0.35555678034007654,4.0984730268179215
7,sympy__sympy-20916,1791030274.3010752,5.856339931488037,3458,3136,322,0,0,61,261,61,0.06810121038178121,0.0,0.012892922923915567,0.012892922923915567,0.6576353794024852
0,sympy__sympy-18211,1791030276.3384326,12.396920204162598,6612,4704,1908,0,0,548,1360,548,0.4081932466194386,0.0,0.11685226025119477,0.11685226025119477,0.9902695878638031
14,pytest-dev__pytest-10051,1791030276.5842028,411.0972499847412,11724,10976,748,0,0,517,231,517,0.16443150578830742,0.0,0.11358939236660073,0.11358939236660073,2.346249880109576
7,sympy__sympy-20916,1791030280.2786007,7.501797914505005,5482,3136,2346,0,0,322,2024,322,0.4986228900109775,0.0,0.06810121038178121,0.06810121038178121,0.6576353794024852
15,django__django-13821,1791030281.5125833,35.05457639694214,21805,20384,1421,0,0,288,1133,288,0.32670561400712195,0.0,0.06604594975023553,0.06604594975023553,4.45655069367974
9,django__django-16255,1791030287.735498,10.886747360229492,26166,25088,1078,0,0,34,1044,34,0.25290202862685224,0.0,0.007958135032692885,0.007958135032692885,5.5460497693055
7,sympy__sympy-20916,1791030287.930852,51.63924479484558,5892,4704,1188,0,0,778,410,778,0.2537154678196843,0.0,0.1659886815496596,0.1659886815496596,0.9902695878638031
0,sympy__sympy-18211,1791030288.8893373,4.286689043045044,6768,6272,496,0,0,340,156,340,0.10655558803360438,0.0,0.07301469231807059,0.07301469231807059,1.3254481421651712
0,sympy__sympy-18211,1791030293.3323073,45.57430720329285,8611,6272,2339,0,0,496,1843,496,0.5047174741099377,0.0,0.10655558803360438,0.10655558803360438,1.3254481421651712
9,django__django-16255,1791030299.0999346,40.72276496887207,26392,25088,1304,0,0,1078,226,1078,0.30607479504259383,0.0,0.25290202862685224,0.25290202862685224,5.5460497693055
5,sympy__sympy-13757,1791030301.4492037,5.1395792961120605,8136,6272,1864,0,0,639,1225,639,0.4017622034152911,0.0,0.13732353298422484,0.13732353298422484,1.3254481421651712
5,sympy__sympy-13757,1791030306.71396,4.873636960983276,9562,7840,1722,0,0,296,1426,296,0.37382356749055345,0.0,0.06403930327387289,0.06403930327387289,1.6631710423065895
11,sympy__sympy-18211,1791030309.8384957,16.963778972625732,18060,17248,812,0,0,272,540,272,0.1837978322522238,0.0,0.061491746221511163,0.061491746221511163,3.7429397057961524
5,sympy__sympy-13757,1791030311.7169018,4.840842962265015,10680,9408,1272,0,0,154,1118,154,0.27790233897952143,0.0,0.03355632150908506,0.03355632150908506,2.003438288288058
4,django__django-13821,1791030315.8261857,211.75369453430176,15145,14112,1033,0,0,644,389,644,0.2305873175334154,0.0,0.14362471407709526,0.14362471407709526,3.039506101272764
5,sympy__sympy-13757,1791030316.6797323,179.341454744339,11335,9408,1927,0,0,1272,655,1272,0.4216576614508305,0.0,0.27790233897952143,0.27790233897952143,2.003438288288058
11,sympy__sympy-18211,1791030327.6101818,10.795551776885986,19149,17248,1901,0,0,812,1089,812,0.4313663551952229,0.0,0.1837978322522238,0.1837978322522238,3.7429397057961524
0,sympy__sympy-18211,1791030339.506324,31.70809292793274,8931,7840,1091,0,0,771,320,771,0.23648554915300374,0.0,0.16699457396851944,0.16699457396851944,1.6631710423065895
11,sympy__sympy-18211,1791030339.5585072,9.628246068954468,20468,18816,1652,0,0,333,1319,333,0.3773322021423138,0.0,0.07583303417345352,0.07583303417345352,4.0984730268179215
7,sympy__sympy-20916,1791030339.7347267,11.950458526611328,6731,4704,2027,0,0,1188,839,1188,0.43377665163260987,0.0,0.2537154678196843,0.2537154678196843,0.9902695878638031
9,django__django-16255,1791030340.3170648,12.000546932220459,27063,25088,1975,0,0,1304,671,1304,0.4642575863267385,0.0,0.30607479504259383,0.30607479504259383,5.5460497693055
11,sympy__sympy-18211,1791030349.9010782,5.923468351364136,20588,20384,204,0,0,84,120,84,0.0467736810097591,0.0,0.019254535280494298,0.019254535280494298,4.45655069367974
2,django__django-11749,1791030350.6105099,112.85006761550903,16746,15680,1066,0,0,466,600,466,0.23970157930187885,0.0,0.10464044392050745,0.10464044392050745,3.389950730614433
7,sympy__sympy-20916,1791030351.9386299,11.576821565628052,6968,6272,696,0,0,459,237,459,0.14959357760857106,0.0,0.09859809733124182,0.09859809733124182,1.3254481421651712
9,django__django-16255,1791030352.8789074,10.308152437210083,27289,26656,633,0,0,407,226,407,0.1493850925808298,0.0,0.09600253610471837,0.09600253610471837,5.914304819527521
11,sympy__sympy-18211,1791030356.166277,5.267916679382324,20708,20384,324,0,0,204,120,204,0.07430772880623578,0.0,0.0467736810097591,0.0467736810097591,4.45655069367974
11,sympy__sympy-18211,1791030361.5785968,10.13192081451416,21361,20384,977,0,0,324,653,324,0.22440002298082934,0.0,0.07430772880623578,0.07430772880623578,4.45655069367974
7,sympy__sympy-20916,1791030363.7952602,12.537304878234863,7354,6272,1082,0,0,696,386,696,0.23277393873808508,0.0,0.14959357760857106,0.14959357760857106,1.3254481421651712
9,django__django-16255,1791030363.9365835,10.574952125549316,27681,26656,1025,0,0,633,392,633,0.24210319662868193,0.0,0.1493850925808298,0.1493850925808298,5.914304819527521
0,sympy__sympy-18211,1791030371.8026814,12.922642469406128,9138,7840,1298,0,0,1091,207,1091,0.281493969961928,0.0,0.23648554915300374,0.23648554915300374,1.6631710423065895
11,sympy__sympy-18211,1791030372.3013875,11.418243408203125,21607,20384,1223,0,0,977,246,977,0.28105764732017074,0.0,0.22440002298082934,0.22440002298082934,4.45655069367974
9,django__django-16255,1791030374.675246,7.9012298583984375,27813,26656,1157,0,0,1025,132,1025,0.27336038881022956,0.0,0.24210319662868193,0.24210319662868193,5.914304819527521
7,sympy__sympy-20916,1791030376.5219684,4.9066245555877686,9110,6272,2838,0,0,1082,1756,1082,0.6131261811613481,0.0,0.23277393873808508,0.23277393873808508,1.3254481421651712
10,sympy__sympy-15875,1791030381.558177,231.1399552822113,8669,7840,829,0,0,176,653,176,0.1795819503105214,0.0,0.0380664953856267,0.0380664953856267,1.6631710423065895
7,sympy__sympy-20916,1791030381.5863304,6.642446994781494,9860,7840,2020,0,0,1270,750,1270,0.4388269247330065,0.0,0.27540328101992995,0.27540328101992995,1.6631710423065895
9,django__django-16255,1791030382.7200525,11.473087310791016,28083,26656,1427,0,0,1157,270,1157,0.33735171680192705,0.0,0.27336038881022956,0.27336038881022956,5.914304819527521
11,sympy__sympy-18211,1791030383.8585336,20.496114492416382,22103,20384,1719,0,0,1223,496,1223,0.3954845900443483,0.0,0.28105764732017074,0.28105764732017074,4.45655069367974
0,sympy__sympy-18211,1791030385.2477095,16.868680953979492,9349,7840,1509,0,0,1298,211,1298,0.32741775525515954,0.0,0.281493969961928,0.281493969961928,1.6631710423065895
7,sympy__sympy-20916,1791030388.402974,7.526639699935913,11277,9408,1869,0,0,452,1417,452,0.4089102658832149,0.0,0.09855967875153812,0.09855967875153812,2.003438288288058
3,django__django-13112,1791030390.1527545,239.1485333442688,40425,39200,1225,0,0,266,959,266,0.30537177730954385,0.0,0.06617730619032329,0.06617730619032329,8.951941671545487
9,django__django-16255,1791030395.4289215,29.997618675231934,28252,26656,1596,0,0,1427,169,1427,0.3774439368898501,0.0,0.33735171680192705,0.33735171680192705,5.914304819527521
7,sympy__sympy-20916,1791030396.1182387,58.75655555725098,12639,10976,1663,0,0,301,1362,301,0.36636167286664173,0.0,0.06609867406169632,0.06609867406169632,2.346249880109576
0,sympy__sympy-18211,1791030402.2750657,9.287543773651123,10110,7840,2270,0,0,1509,761,1509,0.49343083085969064,0.0,0.32741775525515954,0.32741775525515954,1.6631710423065895
11,sympy__sympy-18211,1791030404.6536644,8.394673824310303,22595,21952,643,0,0,151,492,151,0.148618244199219,0.0,0.03486257734247867,0.03486257734247867,4.81717270638161
0,sympy__sympy-18211,1791030411.7183213,19.829060792922974,11006,9408,1598,0,0,702,896,702,0.34939529280591886,0.0,0.15316358487822226,0.15316358487822226,2.003438288288058
11,sympy__sympy-18211,1791030413.1818097,15.718446254730225,22934,21952,982,0,0,643,339,643,0.22714443869378517,0.0,0.148618244199219,0.148618244199219,4.81717270638161
6,django__django-13112,1791030417.3357704,199.77314114570618,22980,21952,1028,0,0,556,472,556,0.23780907424957637,0.0,0.1284846811169409,0.1284846811169409,4.81717270638161
11,sympy__sympy-18211,1791030429.5578759,6.278992652893066,23078,21952,1126,0,0,982,144,982,0.2605366867944131,0.0,0.22714443869378517,0.22714443869378517,4.81717270638161
0,sympy__sympy-18211,1791030432.2127895,98.1691825389862,11227,10976,251,0,0,30,221,30,0.05511233408928504,0.0,0.006583700984400313,0.006583700984400313,2.346249880109576
11,sympy__sympy-18211,1791030435.962977,7.143865585327148,23276,21952,1324,0,0,1126,198,1126,0.30648606641830856,0.0,0.2605366867944131,0.2605366867944131,4.81717270638161
13,django__django-14787,1791030439.4427285,323.1353449821472,11056,9408,1648,0,0,685,963,685,0.3603701975114766,0.0,0.14944846970993322,0.14944846970993322,2.003438288288058
11,sympy__sympy-18211,1791030443.2619138,23.911441802978516,23511,21952,1559,0,0,1324,235,1324,0.36107459765860284,0.0,0.30648606641830856,0.30648606641830856,4.81717270638161
7,sympy__sympy-20916,1791030456.8144572,80.91985559463501,13168,12544,624,0,0,95,529,95,0.13814531587403264,0.0,0.021005735205073015,0.021005735205073015,2.6916058177711446
2,django__django-11749,1791030463.605761,14.717965602874756,17122,15680,1442,0,0,1066,376,1066,0.32452977625952245,0.0,0.23970157930187885,0.23970157930187885,3.389950730614433
11,sympy__sympy-18211,1791030467.3553708,9.79298210144043,23933,21952,1981,0,0,1559,422,1559,0.45924512260712375,0.0,0.36107459765860284,0.36107459765860284,4.81717270638161
11,sympy__sympy-18211,1791030477.8757894,22.748892784118652,24176,23520,656,0,0,413,243,413,0.15269185152984766,0.0,0.09607876406520391,0.09607876406520391,5.18033906492353
2,django__django-11749,1791030478.489539,694.3349621295929,17389,15680,1709,0,0,1442,267,1442,0.3848556537715896,0.0,0.32452977625952245,0.32452977625952245,3.389950730614433
5,sympy__sympy-13757,1791030496.3595715,70.93970680236816,12518,10976,1542,0,0,359,1183,359,0.3396086274493132,0.0,0.07884606962931198,0.07884606962931198,2.346249880109576
11,sympy__sympy-18211,1791030507.47112,12.985670328140259,24631,23520,1111,0,0,656,455,656,0.25886011224450606,0.0,0.15269185152984766,0.15269185152984766,5.18033906492353
1,django__django-11749,1791030509.8184612,84.3679301738739,18732,0,18732,0,17248,1428,56,18676,4.079362097791792,3.7429397057961524,0.32368582931873946,4.066625535114892,0.0
8,pylint-dev__pylint-6528,1791030520.7774746,135.7913477420807,15811,14112,1699,0,0,630,1069,630,0.3798380122576621,0.0,0.14049787392603127,0.14049787392603127,3.039506101272764
4,django__django-13821,1791030527.855465,16.23922610282898,15547,14112,1435,0,0,1033,402,1033,0.32062066059163635,0.0,0.2305873175334154,0.2305873175334154,3.039506101272764
11,sympy__sympy-18211,1791030528.7265487,21.764777421951294,25140,23520,1620,0,0,1111,509,1111,0.3778824540432729,0.0,0.25886011224450606,0.25886011224450606,5.18033906492353
0,sympy__sympy-18211,1791030530.5243661,153.7463505268097,11501,10976,525,0,0,251,274,251,0.1153492350991126,0.0,0.05511233408928504,0.05511233408928504,2.346249880109576
7,sympy__sympy-20916,1791030538.5481625,336.7877812385559,13543,12544,999,0,0,624,375,624,0.22135918072910094,0.0,0.13814531587403264,0.13814531587403264,2.6916058177711446
4,django__django-13821,1791030544.3048813,12.67996883392334,15846,14112,1734,0,0,1435,299,1435,0.3876942124516021,0.0,0.32062066059163635,0.32062066059163635,3.039506101272764
11,sympy__sympy-18211,1791030551.637126,15.39425277709961,25630,25088,542,0,0,52,490,52,0.12700450283493636,0.0,0.012171749661302916,0.012171749661302916,5.5460497693055
4,django__django-13821,1791030557.1980596,10.332292556762695,16085,15680,405,0,0,166,239,166,0.09093009190159754,0.0,0.03724958310993305,0.03724958310993305,3.389950730614433
5,sympy__sympy-13757,1791030567.434766,110.75807881355286,13252,10976,2276,0,0,1542,734,1542,0.5021285111335906,0.0,0.3396086274493132,0.3396086274493132,2.346249880109576
4,django__django-13821,1791030567.7230394,19.427298545837402,16285,15680,605,0,0,405,200,405,0.13589645036841164,0.0,0.09093009190159754,0.09093009190159754,3.389950730614433
11,sympy__sympy-18211,1791030567.818898,11.371422529220581,25903,25088,815,0,0,542,273,542,0.19109053178508356,0.0,0.12700450283493636,0.12700450283493636,5.5460497693055
11,sympy__sympy-18211,1791030579.3362293,17.942970752716064,26427,25088,1339,0,0,815,524,815,0.3143142422546525,0.0,0.19109053178508356,0.19109053178508356,5.5460497693055
4,django__django-13821,1791030587.3104482,21.13679552078247,16608,15680,928,0,0,605,323,605,0.20860452871287316,0.0,0.13589645036841164,0.13589645036841164,3.389950730614433
1,django__django-11749,1791030594.334507,14.165795087814331,19283,17248,2035,0,0,1484,551,1484,0.46191413024343075,0.0,0.33642239199564017,0.33642239199564017,3.7429397057961524
11,sympy__sympy-18211,1791030597.4351115,22.632497310638428,26823,25088,1735,0,0,1339,396,1339,0.40762601551547295,0.0,0.3143142422546525,0.3143142422546525,5.5460497693055
1,django__django-11749,1791030608.6642845,35.015889167785645,19590,18816,774,0,0,467,307,467,0.17643718335451244,0.0,0.10638080922166138,0.10638080922166138,4.0984730268179215
4,django__django-13821,1791030609.1969318,14.976722478866577,17452,15680,1772,0,0,928,844,928,0.39910060701881217,0.0,0.20860452871287316,0.20860452871287316,3.389950730614433
10,sympy__sympy-15875,1791030613.2335749,107.31313276290894,9098,7840,1258,0,0,829,429,829,0.27279323412686046,0.0,0.1795819503105214,0.1795819503105214,1.6631710423065895
6,django__django-13112,1791030617.454709,33.47758197784424,23205,21952,1253,0,0,1028,225,1028,0.29000460298202363,0.0,0.23780907424957637,0.23780907424957637,4.81717270638161
11,sympy__sympy-18211,1791030624.2088423,19.09900975227356,27221,26656,565,0,0,167,398,167,0.1333175251386124,0.0,0.039370965293452756,0.039370965293452756,5.914304819527521
4,django__django-13821,1791030624.5488336,8.642929077148438,17889,17248,641,0,0,204,437,204,0.14503492217794944,0.0,0.046111631837092985,0.046111631837092985,3.7429397057961524
3,django__django-13112,1791030629.5971162,451.99237871170044,40724,39200,1524,0,0,1225,299,1225,0.38014320103068955,0.0,0.30537177730954385,0.30537177730954385,8.951941671545487
4,django__django-13821,1791030633.3618233,73.54066634178162,18242,17248,994,0,0,641,353,641,0.22508750585099785,0.0,0.14503492217794944,0.14503492217794944,3.7429397057961524
1,django__django-11749,1791030643.8313673,39.348936796188354,20180,18816,1364,0,0,774,590,774,0.3113470528263027,0.0,0.17643718335451244,0.17643718335451244,4.0984730268179215
6,django__django-13112,1791030651.2039394,5.147207498550415,23782,21952,1830,0,0,1253,577,1253,0.42409658080404394,0.0,0.29000460298202363,0.29000460298202363,4.81717270638161
8,pylint-dev__pylint-6528,1791030656.8803327,159.31032490730286,16072,15680,392,0,0,131,261,131,0.08800871137292508,0.0,0.0293933829159931,0.0293933829159931,3.389950730614433
6,django__django-13112,1791030657.6066885,9.896191596984863,24049,23520,529,0,0,262,267,262,0.1230963187990173,0.0,0.060930222262124085,0.060930222262124085,5.18033906492353
11,sympy__sympy-18211,1791030662.0909731,24.465551137924194,27766,26656,1110,0,0,565,545,565,0.2622288668739221,0.0,0.1333175251386124,0.1333175251386124,5.914304819527521
6,django__django-13112,1791030668.0405095,44.284942865371704,24702,23520,1182,0,0,529,653,529,0.27544635170141135,0.0,0.1230963187990173,0.1230963187990173,5.18033906492353
5,sympy__sympy-13757,1791030678.6357975,80.84530067443848,13855,12544,1311,0,0,708,603,708,0.2907040249237421,0.0,0.1567725734720219,0.1567725734720219,2.6916058177711446
1,django__django-11749,1791030683.3595684,13.9188072681427,20792,18816,1976,0,0,1364,612,1364,0.45166809585558004,0.0,0.3113470528263027,0.3113470528263027,4.0984730268179215
0,sympy__sympy-18211,1791030684.5654967,6.397109746932983,12495,10976,1519,0,0,525,994,525,0.3345250515622611,0.0,0.1153492350991126,0.1153492350991126,2.346249880109576
11,sympy__sympy-18211,1791030687.8014617,8.97940707206726,28197,26656,1541,0,0,1110,431,1110,0.36439292865169476,0.0,0.2622288668739221,0.2622288668739221,5.914304819527521
14,pytest-dev__pytest-10051,1791030687.8155575,20.785573959350586,12245,10976,1269,0,0,748,521,748,0.2793041067150854,0.0,0.16443150578830742,0.16443150578830742,2.346249880109576
12,sympy__sympy-15875,1791030689.4265056,707.1128969192505,8798,7840,958,0,0,641,317,641,0.20759049351856262,0.0,0.1387941351238468,0.1387941351238468,1.6631710423065895
0,sympy__sympy-18211,1791030691.08473,123.80215382575989,13976,10976,3000,0,0,1519,1481,1519,0.6629804254837043,0.0,0.3345250515622611,0.3345250515622611,2.346249880109576
1,django__django-11749,1791030697.4211354,13.849534749984741,21146,20384,762,0,0,408,354,408,0.1749334659312524,0.0,0.09359042899376052,0.09359042899376052,4.45655069367974
11,sympy__sympy-18211,1791030697.8299317,11.840944051742554,28453,26656,1797,0,0,1541,256,1541,0.425166064750588,0.0,0.36439292865169476,0.36439292865169476,5.914304819527521
4,django__django-13821,1791030707.0961597,42.271371603012085,18524,17248,1276,0,0,994,282,994,0.28913151835395146,0.0,0.22508750585099785,0.22508750585099785,3.7429397057961524
14,pytest-dev__pytest-10051,1791030708.7587628,333.1490092277527,12601,10976,1625,0,0,1269,356,1269,0.3579582580249743,0.0,0.2793041067150854,0.2793041067150854,2.346249880109576
11,sympy__sympy-18211,1791030709.8412497,10.616494417190552,28846,28224,622,0,0,229,393,229,0.14779490328328068,0.0,0.054366668688517646,0.054366668688517646,6.285104215589591
1,django__django-11749,1791030711.7312245,35.75426411628723,21253,20384,869,0,0,762,107,762,0.19954572649680563,0.0,0.1749334659312524,0.1749334659312524,4.45655069367974
6,django__django-13112,1791030712.5090516,19.98702096939087,24985,23520,1465,0,0,1182,283,1182,0.3416095379843131,0.0,0.27544635170141135,0.27544635170141135,5.18033906492353
11,sympy__sympy-18211,1791030720.6263373,36.95632219314575,29106,28224,882,0,0,622,260,622,0.20969278101540537,0.0,0.14779490328328068,0.14779490328328068,6.285104215589591
10,sympy__sympy-15875,1791030721.1424427,45.287301540374756,9595,7840,1755,0,0,1258,497,1258,0.3810174008922887,0.0,0.27279323412686046,0.27279323412686046,1.6631710423065895
6,django__django-13112,1791030732.641815,72.86830115318298,26151,23520,2631,0,0,1465,1166,1465,0.6150854376161679,0.0,0.3416095379843131,0.3416095379843131,5.18033906492353
1,django__django-11749,1791030747.9303212,25.22020959854126,21916,20384,1532,0,0,869,663,869,0.3523138882168405,0.0,0.19954572649680563,0.19954572649680563,4.45655069367974
4,django__django-13821,1791030750.1932473,16.29192590713501,19120,17248,1872,0,0,1276,596,1276,0.4247577154557292,0.0,0.28913151835395146,0.28913151835395146,3.7429397057961524
5,sympy__sympy-13757,1791030759.6241689,5.7480127811431885,14445,12544,1901,0,0,1311,590,1311,0.4221122708037649,0.0,0.2907040249237421,0.2907040249237421,2.6916058177711446
13,django__django-14787,1791030762.8593953,6.02385687828064,11452,10976,476,0,0,80,396,80,0.10457123788515203,0.0,0.017558605689958037,0.017558605689958037,2.346249880109576
5,sympy__sympy-13757,1791030765.5242035,306.0706009864807,15499,14112,1387,0,0,333,1054,333,0.3098616184545818,0.0,0.07421198730214605,0.07421198730214605,3.039506101272764
10,sympy__sympy-15875,1791030766.5887382,4.521133184432983,10318,9408,910,0,0,187,723,187,0.19864332750238986,0.0,0.040750154910820305,0.040750154910820305,2.003438288288058
4,django__django-13821,1791030767.1426506,20.45763373374939,19394,18816,578,0,0,304,274,304,0.13169938103558645,0.0,0.06922439443395983,0.06922439443395983,4.0984730268179215
13,django__django-14787,1791030770.0288286,6.399345874786377,11913,10976,937,0,0,476,461,476,0.20607067241063834,0.0,0.10457123788515203,0.10457123788515203,2.346249880109576
10,sympy__sympy-15875,1791030771.2417383,19.61046028137207,10768,9408,1360,0,0,910,450,910,0.2971902133274283,0.0,0.19864332750238986,0.19864332750238986,2.003438288288058
1,django__django-11749,1791030773.5764265,6.903396844863892,22346,20384,1962,0,0,1532,430,1532,0.45163748304590545,0.0,0.3523138882168405,0.3523138882168405,4.45655069367974
13,django__django-14787,1791030777.1798613,506.6677052974701,12082,10976,1106,0,0,937,169,937,0.24333488373940168,0.0,0.20607067241063834,0.20607067241063834,2.346249880109576
1,django__django-11749,1791030782.3241758,8.39491057395935,22500,21952,548,0,0,394,154,394,0.12663371224342845,0.0,0.09101547034403579,0.09101547034403579,4.81717270638161
4,django__django-13821,1791030787.748144,4.702683210372925,19551,18816,735,0,0,578,157,578,0.16753210546783884,0.0,0.13169938103558645,0.13169938103558645,4.0984730268179215
10,sympy__sympy-15875,1791030791.4180458,15.940594911575317,11215,9408,1807,0,0,1360,447,1360,0.3952875892874945,0.0,0.2971902133274283,0.2971902133274283,2.003438288288058
4,django__django-13821,1791030792.9429786,5.743828535079956,19999,18816,1183,0,0,735,448,735,0.269921143762544,0.0,0.16753210546783884,0.16753210546783884,4.0984730268179215
4,django__django-13821,1791030798.8441377,4.2763237953186035,20205,18816,1389,0,0,1183,206,1183,0.3170715282498482,0.0,0.269921143762544,0.269921143762544,4.0984730268179215
4,django__django-13821,1791030804.0145216,13.090021133422852,20604,18816,1788,0,0,1389,399,1389,0.40852169323611437,0.0,0.3170715282498482,0.3170715282498482,4.0984730268179215
6,django__django-13112,1791030805.9773493,102.15612864494324,26464,25088,1376,0,0,1063,313,1063,0.323025893462903,0.0,0.24937473323419784,0.24937473323419784,5.5460497693055
10,sympy__sympy-15875,1791030807.83769,11.059946775436401,11660,10976,684,0,0,239,445,239,0.15033984880329554,0.0,0.052475997465975976,0.052475997465975976,2.346249880109576
1,django__django-11749,1791030808.200834,10.644336938858032,22922,21952,970,0,0,548,422,548,0.22436271998643495,0.0,0.12663371224342845,0.12663371224342845,4.81717270638161
0,sympy__sympy-18211,1791030815.1473207,5.405059814453125,14932,12544,2388,0,0,1432,956,1432,0.5308511481479079,0.0,0.31762448782213554,0.31762448782213554,2.6916058177711446
8,pylint-dev__pylint-6528,1791030816.503118,817.5971293449402,16559,15680,879,0,0,392,487,392,0.19756756358187783,0.0,0.08800871137292508,0.08800871137292508,3.389950730614433
4,django__django-13821,1791030818.0798326,8.965821027755737,21056,20384,672,0,0,220,452,220,0.15424073860610127,0.0,0.05044402637429486,0.05044402637429486,4.45655069367974
10,sympy__sympy-15875,1791030819.3773751,7.005988597869873,11893,10976,917,0,0,684,233,684,0.20166266246923642,0.0,0.15033984880329554,0.15033984880329554,2.346249880109576
0,sympy__sympy-18211,1791030820.711579,4.726097106933594,15047,14112,935,0,0,820,115,820,0.2086642448303005,0.0,0.18295086464628904,0.18295086464628904,3.039506101272764
0,sympy__sympy-18211,1791030825.586782,7.162296295166016,15128,14112,1016,0,0,935,81,935,0.2267836230288069,0.0,0.2086642448303005,0.2086642448303005,3.039506101272764
10,sympy__sympy-15875,1791030826.5647926,5.847261667251587,12024,10976,1048,0,0,917,131,917,0.23054265157706227,0.0,0.20166266246923642,0.20166266246923642,2.346249880109576
4,django__django-13821,1791030827.807426,9.92791223526001,21267,20384,883,0,0,672,211,672,0.20276689880305232,0.0,0.15424073860610127,0.15424073860610127,4.45655069367974
0,sympy__sympy-18211,1791030833.0051234,78.09793376922607,15842,14112,1730,0,0,1016,714,1016,0.3867962968391878,0.0,0.2267836230288069,0.2267836230288069,3.039506101272764
10,sympy__sympy-15875,1791030835.2057557,11.740861892700195,12291,10976,1315,0,0,1048,267,1048,0.2894599049767325,0.0,0.23054265157706227,0.23054265157706227,2.346249880109576
1,django__django-11749,1791030835.3465981,7.009914398193359,23069,21952,1117,0,0,970,147,970,0.2584490426071634,0.0,0.22436271998643495,0.22436271998643495,4.81717270638161
4,django__django-13821,1791030838.0577283,4.344161748886108,21629,20384,1245,0,0,883,362,883,0.2861276401185735,0.0,0.20276689880305232,0.20276689880305232,4.45655069367974
4,django__django-13821,1791030842.5671372,99.839026927948,22741,20384,2357,0,0,1245,1112,1245,0.543045217668894,0.0,0.2861276401185735,0.2861276401185735,4.45655069367974
1,django__django-11749,1791030843.8459287,110.77936625480652,23404,21952,1452,0,0,1117,335,1117,0.3362123073117446,0.0,0.2584490426071634,0.2584490426071634,4.81717270638161
10,sympy__sympy-15875,1791030852.4813774,10.642676830291748,12695,10976,1719,0,0,1315,404,1315,0.3787483764000388,0.0,0.2894599049767325,0.2894599049767325,2.346249880109576
10,sympy__sympy-15875,1791030871.4534366,28.28572726249695,13098,12544,554,0,0,151,403,151,0.1226281791355883,0.0,0.033392438738470094,0.033392438738470094,2.6916058177711446
7,sympy__sympy-20916,1791030876.220702,293.12738609313965,14111,12544,1567,0,0,999,568,999,0.3476775975034767,0.0,0.22135918072910094,0.22135918072910094,2.6916058177711446
10,sympy__sympy-15875,1791030900.205461,31.68545174598694,13633,12544,1089,0,0,554,535,554,0.24135216286073458,0.0,0.1226281791355883,0.1226281791355883,2.6916058177711446
6,django__django-13112,1791030908.6153033,32.02330541610718,27073,25088,1985,0,0,1376,609,1376,0.46661852869276454,0.0,0.323025893462903,0.323025893462903,5.5460497693055
0,sympy__sympy-18211,1791030911.2456138,5.61345648765564,17132,15680,1452,0,0,162,1290,162,0.3267878426184976,0.0,0.03635166749751879,0.03635166749751879,3.389950730614433
0,sympy__sympy-18211,1791030916.9864051,156.2390205860138,17811,15680,2131,0,0,1452,679,1452,0.4803526195389441,0.0,0.3267878426184976,0.3267878426184976,3.389950730614433
10,sympy__sympy-15875,1791030932.3860815,6.344150066375732,14221,12544,1677,0,0,1089,588,1089,0.37217926131945467,0.0,0.24135216286073458,0.24135216286073458,2.6916058177711446
6,django__django-13112,1791030941.1356554,293.70015692710876,27412,26656,756,0,0,417,339,417,0.17846064268159142,0.0,0.09836347847074436,0.09836347847074436,5.914304819527521
4,django__django-13821,1791030942.69216,27.674392223358154,23060,21952,1108,0,0,789,319,789,0.2563614822440417,0.0,0.18242320496702435,0.18242320496702435,4.81717270638161
1,django__django-11749,1791030954.7688804,40.73566460609436,23896,21952,1944,0,0,1452,492,1452,0.450630383474442,0.0,0.3362123073117446,0.3362123073117446,4.81717270638161
10,sympy__sympy-15875,1791030955.9932919,8.51213550567627,14618,14112,506,0,0,109,397,109,0.11281185832820928,0.0,0.02427897781783584,0.02427897781783584,3.039506101272764
10,sympy__sympy-15875,1791030965.7682197,7.332974195480347,14915,14112,803,0,0,506,297,506,0.17915091739066488,0.0,0.11281185832820928,0.11281185832820928,3.039506101272764
4,django__django-13821,1791030970.5319128,28.243286609649658,24306,21952,2354,0,0,1108,1246,1108,0.5461701373078113,0.0,0.2563614822440417,0.2563614822440417,4.81717270638161
10,sympy__sympy-15875,1791030974.1348832,7.896368503570557,15228,14112,1116,0,0,803,313,803,0.2491625912783087,0.0,0.17915091739066488,0.17915091739066488,3.039506101272764
10,sympy__sympy-15875,1791030982.2248883,21.938738584518433,15503,14112,1391,0,0,1116,275,1116,0.31075811423114785,0.0,0.2491625912783087,0.2491625912783087,3.039506101272764
1,django__django-11749,1791030995.9196723,188.72665548324585,24517,23520,997,0,0,376,621,376,0.2322395981705189,0.0,0.08746402493252219,0.08746402493252219,5.18033906492353
10,sympy__sympy-15875,1791031008.1806283,15.9571373462677,15862,14112,1750,0,0,1391,359,1391,0.3912860404797837,0.0,0.31075811423114785,0.31075811423114785,3.039506101272764
10,sympy__sympy-15875,1791031024.432288,29.302002906799316,16166,15680,486,0,0,182,304,182,0.10913647954503727,0.0,0.0408414111381147,0.0408414111381147,3.389950730614433
14,pytest-dev__pytest-10051,1791031042.0484169,309.85132789611816,12960,12544,416,0,0,57,359,57,0.09205210481630965,0.0,0.012602320363405582,0.012602320363405582,2.6916058177711446
10,sympy__sympy-15875,1791031053.8851779,10.43883228302002,16386,15680,706,0,0,486,220,486,0.1586201918714204,0.0,0.10913647954503727,0.10913647954503727,3.389950730614433
10,sympy__sympy-15875,1791031065.8647416,7.25071120262146,16637,15680,957,0,0,706,251,706,0.21513778055012722,0.0,0.1586201918714204,0.1586201918714204,3.389950730614433
5,sympy__sympy-13757,1791031071.8931072,11.377900123596191,16369,14112,2257,0,0,1387,870,1387,0.5052392941451498,0.0,0.3098616184545818,0.3098616184545818,3.039506101272764
0,sympy__sympy-18211,1791031073.3812082,512.1707627773285,18149,17248,901,0,0,563,338,563,0.20398465358267648,0.0,0.12736364435722486,0.12736364435722486,3.7429397057961524
10,sympy__sympy-15875,1791031075.6848354,6.0123090744018555,16851,15680,1171,0,0,957,214,957,0.26337558096324937,0.0,0.21513778055012722,0.21513778055012722,3.389950730614433
3,django__django-13112,1791031081.7691855,154.47555899620056,41068,39200,1868,0,0,1524,344,1524,0.4662823010733436,0.0,0.38014320103068955,0.38014320103068955,8.951941671545487
10,sympy__sympy-15875,1791031081.881454,14.619611501693726,17114,15680,1434,0,0,1171,263,1171,0.3227233976826784,0.0,0.26337558096324937,0.26337558096324937,3.389950730614433
5,sympy__sympy-13757,1791031084.123442,7.5008673667907715,17299,15680,1619,0,0,689,930,689,0.36451284561215724,0.0,0.1547946648034807,0.1547946648034807,3.389950730614433
5,sympy__sympy-13757,1791031091.7595534,21.422680139541626,17974,17248,726,0,0,51,675,51,0.1642992529383434,0.0,0.011523870430438031,0.011523870430438031,3.7429397057961524
10,sympy__sympy-15875,1791031102.6232362,7.302910566329956,17453,15680,1773,0,0,1434,339,1434,0.3993267505035206,0.0,0.3227233976826784,0.3227233976826784,3.389950730614433
10,sympy__sympy-15875,1791031110.0624735,37.374347448349,17938,17248,690,0,0,205,485,205,0.15613932951173629,0.0,0.04633777532180144,0.04633777532180144,3.7429397057961524
5,sympy__sympy-13757,1791031113.3252566,16.524479627609253,18218,17248,970,0,0,726,244,726,0.21964075162256635,0.0,0.1642992529383434,0.1642992529383434,3.7429397057961524
5,sympy__sympy-13757,1791031130.0243979,4.388935327529907,18515,17248,1267,0,0,970,297,970,0.28708628917550344,0.0,0.21964075162256635,0.21964075162256635,3.7429397057961524
5,sympy__sympy-13757,1791031134.538461,10.414282083511353,18678,17248,1430,0,0,1267,163,1267,0.32414065067444814,0.0,0.28708628917550344,0.28708628917550344,3.7429397057961524
5,sympy__sympy-13757,1791031145.3677483,27.35234808921814,18963,17248,1715,0,0,1430,285,1430,0.3889950172861175,0.0,0.32414065067444814,0.32414065067444814,3.7429397057961524
10,sympy__sympy-15875,1791031148.033406,14.216347694396973,18411,17248,1163,0,0,690,473,690,0.2634586106514199,0.0,0.15613932951173629,0.15613932951173629,3.7429397057961524
7,sympy__sympy-20916,1791031169.6185446,81.52397274971008,14991,12544,2447,0,0,1567,880,1567,0.544041520557091,0.0,0.3476775975034767,0.3476775975034767,2.6916058177711446
10,sympy__sympy-15875,1791031172.2505708,13.535517454147339,18636,17248,1388,0,0,1163,225,1163,0.31459027149181956,0.0,0.2634586106514199,0.2634586106514199,3.7429397057961524
2,django__django-11749,1791031173.1454244,8.497922897338867,17884,17248,636,0,0,141,495,141,0.14390195909566764,0.0,0.03186667858987037,0.03186667858987037,3.7429397057961524
5,sympy__sympy-13757,1791031173.146468,24.750441789627075,19729,18816,913,0,0,147,766,147,0.208188596608486,0.0,0.03346169626434814,0.03346169626434814,4.0984730268179215
2,django__django-11749,1791031181.7993007,8.102809429168701,18244,17248,996,0,0,636,360,636,0.22554142894321072,0.0,0.14390195909566764,0.14390195909566764,3.7429397057961524
10,sympy__sympy-15875,1791031185.9426727,17.76616621017456,19128,17248,1880,0,0,1388,492,1388,0.4265807015585883,0.0,0.31459027149181956,0.31459027149181956,3.7429397057961524
1,django__django-11749,1791031186.24485,35.17308759689331,25014,23520,1494,0,0,997,497,997,0.3483941928697603,0.0,0.2322395981705189,0.2322395981705189,5.18033906492353
2,django__django-11749,1791031190.054646,11.111908435821533,18612,17248,1364,0,0,996,368,996,0.3091337315725856,0.0,0.22554142894321072,0.22554142894321072,3.7429397057961524
5,sympy__sympy-13757,1791031198.066706,6.4345543384552,19875,18816,1059,0,0,913,146,913,0.2415605322793561,0.0,0.208188596608486,0.208188596608486,4.0984730268179215
2,django__django-11749,1791031201.3357217,27.01162338256836,19028,17248,1780,0,0,1364,416,1364,0.40379813565543154,0.0,0.3091337315725856,0.3091337315725856,3.7429397057961524
10,sympy__sympy-15875,1791031203.8393946,59.3245484828949,19299,18816,483,0,0,312,171,312,0.11002954658873992,0.0,0.0710473805368189,0.0710473805368189,4.0984730268179215
5,sympy__sympy-13757,1791031206.55498,8.276738166809082,20367,18816,1551,0,0,1059,492,1059,0.3541818041063714,0.0,0.2415605322793561,0.2415605322793561,4.0984730268179215
5,sympy__sympy-13757,1791031216.7934558,7.761048078536987,20504,18816,1688,0,0,1551,137,1551,0.385586381144036,0.0,0.3541818041063714,0.3541818041063714,4.0984730268179215
1,django__django-11749,1791031221.866897,12.732028722763062,25556,23520,2036,0,0,1494,542,1494,0.4753571893080485,0.0,0.3483941928697603,0.3483941928697603,5.18033906492353
5,sympy__sympy-13757,1791031226.5419738,6.803977966308594,20683,20384,299,0,0,120,179,120,0.06857023994552437,0.0,0.027508714282216493,0.027508714282216493,4.45655069367974
2,django__django-11749,1791031228.5107698,205.8768699169159,19468,18816,652,0,0,212,440,212,0.14858551256779104,0.0,0.04826481463366222,0.04826481463366222,4.0984730268179215
6,django__django-13112,1791031234.9855564,250.794686794281,28475,26656,1819,0,0,756,1063,756,0.43039192075363764,0.0,0.17846064268159142,0.17846064268159142,5.914304819527521
5,sympy__sympy-13757,1791031236.144961,18.76943588256836,21063,20384,679,0,0,299,380,299,0.15584987232510433,0.0,0.06857023994552437,0.06857023994552437,4.45655069367974
1,django__django-11749,1791031236.174264,5.36101222038269,25841,25088,753,0,0,468,285,468,0.17652942648293732,0.0,0.1096464849260785,0.1096464849260785,5.5460497693055
3,django__django-13112,1791031236.5115972,151.89811992645264,41349,40768,581,0,0,300,281,300,0.1455826377675955,0.0,0.07512813829087193,0.07512813829087193,9.34309583432796
1,django__django-11749,1791031241.686354,26.738323211669922,26308,25088,1220,0,0,753,467,753,0.2863052939928147,0.0,0.17652942648293732,0.17652942648293732,5.5460497693055
7,sympy__sympy-20916,1791031251.7433197,277.2966105937958,16739,14112,2627,0,0,879,1748,879,0.5885683475335084,0.0,0.19614123705547215,0.19614123705547215,3.039506101272764
5,sympy__sympy-13757,1791031255.0471067,7.056701183319092,21282,20384,898,0,0,679,219,679,0.20621837992876632,0.0,0.15584987232510433,0.15584987232510433,4.45655069367974
5,sympy__sympy-13757,1791031262.2461262,10.0305655002594,21530,20384,1146,0,0,898,248,898,0.2633166169166762,0.0,0.20621837992876632,0.20621837992876632,4.45655069367974
5,sympy__sympy-13757,1791031272.4027689,7.907527446746826,21690,20384,1306,0,0,1146,160,1146,0.30018796718595425,0.0,0.2633166169166762,0.2633166169166762,4.45655069367974
5,sympy__sympy-13757,1791031280.4552457,30.08822798728943,22074,20384,1690,0,0,1306,384,1306,0.3887872974930649,0.0,0.30018796718595425,0.30018796718595425,4.45655069367974
13,django__django-14787,1791031284.0141957,339.5148181915283,12624,10976,1648,0,0,1106,542,1106,0.36304435691479464,0.0,0.24333488373940168,0.24333488373940168,2.346249880109576
5,sympy__sympy-13757,1791031310.978827,11.891364097595215,22321,21952,369,0,0,122,247,122,0.08523560372969062,0.0,0.02816528479119525,0.02816528479119525,4.81717270638161
5,sympy__sympy-13757,1791031324.9675002,7.4303202629089355,22489,21952,537,0,0,369,168,369,0.12408873818582265,0.0,0.08523560372969062,0.08523560372969062,4.81717270638161
5,sympy__sympy-13757,1791031332.8303227,7.462624788284302,22660,21952,708,0,0,537,171,537,0.16366567368154555,0.0,0.12408873818582265,0.12408873818582265,4.81717270638161
5,sympy__sympy-13757,1791031342.3261988,18.92832350730896,22878,21952,926,0,0,708,218,708,0.21416435968079003,0.0,0.16366567368154555,0.16366567368154555,4.81717270638161
14,pytest-dev__pytest-10051,1791031352.0513206,176.9368236064911,13510,12544,966,0,0,416,550,416,0.21403052087426627,0.0,0.09205210481630965,0.09205210481630965,2.6916058177711446
5,sympy__sympy-13757,1791031364.2224295,8.33109998703003,23173,21952,1221,0,0,926,295,926,0.2825780432301068,0.0,0.21416435968079003,0.21416435968079003,4.81717270638161
5,sympy__sympy-13757,1791031374.6377242,16.149547338485718,23488,21952,1536,0,0,1221,315,1221,0.3557293673429547,0.0,0.2825780432301068,0.2825780432301068,4.81717270638161
3,django__django-13112,1791031388.9347193,9.931553363800049,41812,40768,1044,0,0,581,463,581,0.26184783000493855,0.0,0.1455826377675955,0.1455826377675955,9.34309583432796
5,sympy__sympy-13757,1791031394.2507472,7.080032587051392,23831,21952,1879,0,0,1536,343,1536,0.4354998128754626,0.0,0.3557293673429547,0.3557293673429547,4.81717270638161
12,sympy__sympy-15875,1791031396.8518336,394.5203218460083,9466,7840,1626,0,0,958,668,958,0.352902460028952,0.0,0.20759049351856262,0.20759049351856262,1.6631710423065895
3,django__django-13112,1791031399.1513271,6.3299009799957275,42683,40768,1915,0,0,1044,871,1044,0.481168227055963,0.0,0.26184783000493855,0.26184783000493855,9.34309583432796
5,sympy__sympy-13757,1791031402.9540317,12.888927459716797,24147,23520,627,0,0,311,316,311,0.145932345952552,0.0,0.07233345433354277,0.07233345433354277,5.18033906492353
3,django__django-13112,1791031405.6604977,5.829630374908447,43006,42336,670,0,0,347,323,347,0.16900163572190677,0.0,0.08746971843344119,0.08746971843344119,9.73679434295048
3,django__django-13112,1791031411.6402867,17.566458702087402,43674,42336,1338,0,0,670,668,670,0.33796126218665246,0.0,0.16900163572190677,0.16900163572190677,9.73679434295048
5,sympy__sympy-13757,1791031416.1259038,7.576836109161377,24376,23520,856,0,0,627,229,627,0.1993328297995959,0.0,0.145932345952552,0.145932345952552,5.18033906492353
5,sympy__sympy-13757,1791031423.8553984,19.976366996765137,24516,23520,996,0,0,856,140,856,0.23200614439395043,0.0,0.1993328297995959,0.1993328297995959,5.18033906492353
3,django__django-13112,1791031429.465953,28.74837589263916,44573,42336,2237,0,0,1338,899,1338,0.5660774686973572,0.0,0.33796126218665246,0.33796126218665246,9.73679434295048
2,django__django-11749,1791031434.8488967,500.3039300441742,19614,18816,798,0,0,652,146,652,0.18191801364330176,0.0,0.14858551256779104,0.14858551256779104,4.0984730268179215
5,sympy__sympy-13757,1791031444.2783196,25.83515167236328,25018,23520,1498,0,0,996,502,996,0.34933007563785995,0.0,0.23200614439395043,0.23200614439395043,5.18033906492353
3,django__django-13112,1791031458.3526757,863.6201598644257,45080,43904,1176,0,0,669,507,669,0.29885186780446193,0.0,0.16983461423478524,0.16983461423478524,10.133037197413053
5,sympy__sympy-13757,1791031472.2172153,6.381986141204834,25207,23520,1687,0,0,1498,189,1498,0.3935694108300704,0.0,0.34933007563785995,0.34933007563785995,5.18033906492353
5,sympy__sympy-13757,1791031479.428758,4.447278738021851,25343,25088,255,0,0,119,136,119,0.0597151726756732,0.0,0.027858706448100377,0.027858706448100377,5.5460497693055
5,sympy__sympy-13757,1791031484.0200312,6.551940441131592,25490,25088,402,0,0,255,147,255,0.09416979057375105,0.0,0.0597151726756732,0.0597151726756732,5.5460497693055
6,django__django-13112,1791031486.0515563,8.839714765548706,29409,28224,1185,0,0,251,934,251,0.2819158838085344,0.0,0.05959252469156724,0.05959252469156724,6.285104215589591
5,sympy__sympy-13757,1791031491.7619326,9.675667762756348,25651,25088,563,0,0,402,161,402,0.13193145911471288,0.0,0.09416979057375105,0.09416979057375105,5.5460497693055
6,django__django-13112,1791031495.201809,10.312751531600952,29893,28224,1669,0,0,1185,484,1185,0.3974792545443589,0.0,0.2819158838085344,0.2819158838085344,6.285104215589591
5,sympy__sympy-13757,1791031503.667356,5.123932600021362,25829,25088,741,0,0,563,178,563,0.17371160751776635,0.0,0.13193145911471288,0.13193145911471288,5.5460497693055
6,django__django-13112,1791031505.7189143,218.1271369457245,30227,29792,435,0,0,101,334,101,0.1040251580163054,0.0,0.024135512642238392,0.024135512642238392,6.658447957491712
5,sympy__sympy-13757,1791031508.9415033,9.621035814285278,26084,25088,996,0,0,741,255,741,0.23362232325663534,0.0,0.17371160751776635,0.17371160751776635,5.5460497693055
5,sympy__sympy-13757,1791031518.696446,13.04104232788086,26454,25088,1366,0,0,996,370,996,0.3206712534294687,0.0,0.23362232325663534,0.23362232325663534,5.5460497693055
7,sympy__sympy-20916,1791031529.5907426,138.16789722442627,17990,15680,2310,0,0,1059,1251,1059,0.5209152912582741,0.0,0.23812371819183936,0.23812371819183936,3.389950730614433
5,sympy__sympy-13757,1791031532.1703138,43.21469831466675,26691,25088,1603,0,0,1366,237,1366,0.37650405959387306,0.0,0.3206712534294687,0.3206712534294687,5.5460497693055
0,sympy__sympy-18211,1791031585.8991475,55.06699800491333,19526,17248,2278,0,0,901,1377,901,0.5173578711215429,0.0,0.20398465358267648,0.20398465358267648,3.7429397057961524
13,django__django-14787,1791031623.722844,8.10845947265625,12814,12544,270,0,0,80,190,80,0.05972495928685857,0.0,0.017688419253225902,0.017688419253225902,2.6916058177711446
13,django__django-14787,1791031631.9703798,562.4041404724121,13114,12544,570,0,0,270,300,270,0.12617450618521636,0.0,0.05972495928685857,0.05972495928685857,2.6916058177711446
8,pylint-dev__pylint-6528,1791031634.3802643,393.2056977748871,16896,15680,1216,0,0,879,337,879,0.2735250743472681,0.0,0.19756756358187783,0.19756756358187783,3.389950730614433
0,sympy__sympy-18211,1791031641.1054864,100.13287949562073,20251,18816,1435,0,0,710,725,710,0.32760625296498835,0.0,0.1618245500997735,0.1618245500997735,4.0984730268179215
7,sympy__sympy-20916,1791031668.035161,82.201345205307,18837,17248,1589,0,0,742,847,742,0.36031219421782257,0.0,0.1679263160765549,0.1679263160765549,3.7429397057961524
6,django__django-13112,1791031724.027126,501.56401205062866,30675,29792,883,0,0,435,448,435,0.2113638020304667,0.0,0.1040251580163054,0.1040251580163054,6.658447957491712
0,sympy__sympy-18211,1791031742.614757,7.886472463607788,20607,18816,1791,0,0,1435,356,1435,0.40920991248563954,0.0,0.32760625296498835,0.32760625296498835,4.0984730268179215
0,sympy__sympy-18211,1791031750.650186,29.24057674407959,21165,20384,781,0,0,223,558,223,0.17930300219229806,0.0,0.05113224562382001,0.05113224562382001,4.45655069367974
7,sympy__sympy-20916,1791031750.8222232,4.792148590087891,19359,18816,543,0,0,21,522,21,0.12371467120925968,0.0,0.004778873196053215,0.004778873196053215,4.0984730268179215
7,sympy__sympy-20916,1791031755.7620802,10.844473361968994,19483,18816,667,0,0,543,124,543,0.15200906784046947,0.0,0.12371467120925968,0.12371467120925968,4.0984730268179215
7,sympy__sympy-20916,1791031766.7603114,5.892719507217407,19704,18816,888,0,0,667,221,667,0.20247643608770588,0.0,0.15200906784046947,0.15200906784046947,4.0984730268179215
7,sympy__sympy-20916,1791031772.9054337,20.241607189178467,20033,18816,1217,0,0,888,329,888,0.27770022010902845,0.0,0.20247643608770588,0.20247643608770588,4.0984730268179215
0,sympy__sympy-18211,1791031780.565618,319.30452704429626,21379,20384,995,0,0,781,214,781,0.22854357926595956,0.0,0.17930300219229806,0.17930300219229806,4.45655069367974
12,sympy__sympy-15875,1791031791.8601136,38.32971549034119,9786,9408,378,0,0,58,320,58,0.0824093285089935,0.0,0.012635214047483627,0.012635214047483627,2.003438288288058
7,sympy__sympy-20916,1791031794.1881518,7.969895362854004,20632,18816,1816,0,0,1217,599,1217,0.4149454351013716,0.0,0.27770022010902845,0.27770022010902845,4.0984730268179215
7,sympy__sympy-20916,1791031802.3053498,5.599714517593384,20776,20384,392,0,0,248,144,248,0.0899169707529627,0.0,0.056867768239552065,0.056867768239552065,4.45655069367974
7,sympy__sympy-20916,1791031808.9061558,5.5263636112213135,21056,20384,672,0,0,392,280,392,0.15424073860610127,0.0,0.0899169707529627,0.0899169707529627,4.45655069367974
7,sympy__sympy-20916,1791031816.655356,10.670408725738525,21327,20384,943,0,0,672,271,672,0.21657422037470944,0.0,0.15424073860610127,0.15424073860610127,4.45655069367974
7,sympy__sympy-20916,1791031830.565462,14.426498651504517,21853,20384,1469,0,0,943,526,943,0.33777789759697,0.0,0.21657422037470944,0.21657422037470944,4.45655069367974
12,sympy__sympy-15875,1791031830.6696367,46.110713720321655,10069,9408,661,0,0,378,283,378,0.14420411039101763,0.0,0.0824093285089935,0.0824093285089935,2.003438288288058
7,sympy__sympy-20916,1791031847.3623707,9.498930931091309,22306,20384,1922,0,0,1469,453,1469,0.44239000692268676,0.0,0.33777789759697,0.33777789759697,4.45655069367974
7,sympy__sympy-20916,1791031857.4635963,7.391580820083618,22513,21952,561,0,0,354,207,354,0.129641570296024,0.0,0.08176799422081711,0.08176799422081711,4.81717270638161
7,sympy__sympy-20916,1791031865.4094455,14.935609340667725,22903,21952,951,0,0,561,390,561,0.21995863680110223,0.0,0.129641570296024,0.129641570296024,4.81717270638161
12,sympy__sympy-15875,1791031877.279795,24.20860457420349,10375,9408,967,0,0,661,306,661,0.21111434202607482,0.0,0.14420411039101763,0.14420411039101763,2.003438288288058
7,sympy__sympy-20916,1791031881.1600697,18.445622205734253,23249,21952,1297,0,0,951,346,951,0.30021785293649106,0.0,0.21995863680110223,0.21995863680110223,4.81717270638161
12,sympy__sympy-15875,1791031901.957915,5.311293840408325,10642,9408,1234,0,0,967,267,967,0.2695759616161447,0.0,0.21111434202607482,0.21111434202607482,2.003438288288058
7,sympy__sympy-20916,1791031902.6144693,14.476905584335327,23792,21952,1840,0,0,1297,543,1297,0.426423569223874,0.0,0.30021785293649106,0.30021785293649106,4.81717270638161
12,sympy__sympy-15875,1791031907.4153485,5.734495639801025,10738,9408,1330,0,0,1234,96,1234,0.2906139012846873,0.0,0.2695759616161447,0.2695759616161447,2.003438288288058
12,sympy__sympy-15875,1791031913.2887652,9.47164797782898,10962,9408,1554,0,0,1330,224,1330,0.33973951676745817,0.0,0.2906139012846873,0.2906139012846873,2.003438288288058
7,sympy__sympy-20916,1791031917.2568035,10.241682052612305,24125,23520,605,0,0,272,333,272,0.1408050257294778,0.0,0.06325721068195414,0.06325721068195414,5.18033906492353
12,sympy__sympy-15875,1791031922.9023092,5.453944206237793,11184,9408,1776,0,0,1554,222,1554,0.3884777427486542,0.0,0.33973951676745817,0.33973951676745817,2.003438288288058
7,sympy__sympy-20916,1791031927.65943,18.5220787525177,24428,23520,908,0,0,605,303,605,0.21146626459031184,0.0,0.1408050257294778,0.1408050257294778,5.18033906492353
12,sympy__sympy-15875,1791031928.4906428,18.593741416931152,11392,10976,416,0,0,208,208,208,0.09137707428731676,0.0,0.04566615092713565,0.04566615092713565,2.346249880109576
2,django__django-11749,1791031935.3123875,5.112087965011597,19961,18816,1145,0,0,798,347,798,0.26122829765991706,0.0,0.18191801364330176,0.18191801364330176,4.0984730268179215
2,django__django-11749,1791031942.0071006,269.77058267593384,20115,18816,1299,0,0,1145,154,1145,0.29646644370748687,0.0,0.26122829765991706,0.26122829765991706,4.0984730268179215
7,sympy__sympy-20916,1791031946.3575883,37.18392372131348,24812,23520,1292,0,0,908,384,908,0.3011536444981187,0.0,0.21146626459031184,0.21146626459031184,5.18033906492353
12,sympy__sympy-15875,1791031947.5507472,10.258707523345947,11606,10976,630,0,0,416,214,416,0.1384533103045624,0.0,0.09137707428731676,0.09137707428731676,2.346249880109576
12,sympy__sympy-15875,1791031957.948078,4.140839338302612,11961,10976,985,0,0,630,355,630,0.2166515851709536,0.0,0.1384533103045624,0.1384533103045624,2.346249880109576
12,sympy__sympy-15875,1791031962.236126,13.876760721206665,12934,10976,1958,0,0,985,973,985,0.4316495391573615,0.0,0.2166515851709536,0.2166515851709536,2.346249880109576
12,sympy__sympy-15875,1791031976.2803283,72.91831636428833,13595,12544,1051,0,0,390,661,390,0.23290965906887778,0.0,0.08629360149579278,0.08629360149579278,2.6916058177711446
12,sympy__sympy-15875,1791032049.6771812,214.69320011138916,14104,12544,1560,0,0,1051,509,1051,0.3461188244927236,0.0,0.23290965906887778,0.23290965906887778,2.6916058177711446
0,sympy__sympy-18211,1791032100.6734514,289.9874384403229,21675,20384,1291,0,0,995,296,995,0.2967301526816752,0.0,0.22854357926595956,0.22854357926595956,4.45655069367974
13,django__django-14787,1791032194.5564976,25.655973196029663,13910,12544,1366,0,0,570,796,570,0.3029387206870782,0.0,0.12617450618521636,0.12617450618521636,2.6916058177711446
2,django__django-11749,1791032212.2204218,87.31841945648193,21070,18816,2254,0,0,1299,955,1299,0.5155367236143501,0.0,0.29646644370748687,0.29646644370748687,4.0984730268179215
13,django__django-14787,1791032220.4233012,6.567370653152466,14416,12544,1872,0,0,1366,506,1366,0.415644803314325,0.0,0.3029387206870782,0.3029387206870782,2.6916058177711446
6,django__django-13112,1791032225.7648077,104.15272259712219,31241,29792,1449,0,0,883,566,883,0.3472716453269173,0.0,0.2113638020304667,0.2113638020304667,6.658447957491712
13,django__django-14787,1791032227.3187377,32.16390037536621,14789,14112,677,0,0,304,373,304,0.15099592554301444,0.0,0.06774451981270617,0.06774451981270617,3.039506101272764
13,django__django-14787,1791032260.104301,45.90402960777283,15689,14112,1577,0,0,677,900,677,0.35246345391977596,0.0,0.15099592554301444,0.15099592554301444,3.039506101272764
12,sympy__sympy-15875,1791032264.8476787,412.67701029777527,14431,12544,1887,0,0,1560,327,1560,0.418989936458301,0.0,0.3461188244927236,0.3461188244927236,2.6916058177711446
13,django__django-14787,1791032306.2284331,39.95405602455139,16013,15680,333,0,0,9,324,9,0.07475233625924854,0.0,0.0020188245781069206,0.0020188245781069206,3.389950730614433
2,django__django-11749,1791032317.5511403,9.647576093673706,21592,20384,1208,0,0,686,522,686,0.27760112122378605,0.0,0.15745905675253055,0.15745905675253055,4.45655069367974
6,django__django-13112,1791032330.060878,171.05360007286072,31941,29792,2149,0,0,1449,700,1449,0.5158140994903689,0.0,0.3472716453269173,0.3472716453269173,6.658447957491712
2,django__django-11749,1791032343.7866473,9.59177565574646,21822,20384,1438,0,0,1208,230,1208,0.3306267750913938,0.0,0.27760112122378605,0.27760112122378605,4.45655069367974
13,django__django-14787,1791032346.3793948,59.452791929244995,16215,15680,535,0,0,333,202,333,0.12015351626573406,0.0,0.07475233625924854,0.07475233625924854,3.389950730614433
2,django__django-11749,1791032354.45921,67.93546509742737,22338,20384,1954,0,0,1438,516,1438,0.44978785535844207,0.0,0.3306267750913938,0.3306267750913938,4.45655069367974
0,sympy__sympy-18211,1791032391.4394677,229.3880364894867,21999,20384,1615,0,0,1291,324,1291,0.3714707492852478,0.0,0.2967301526816752,0.2967301526816752,4.45655069367974
13,django__django-14787,1791032406.0183277,33.996253967285156,16590,15680,910,0,0,535,375,535,0.20454984463107775,0.0,0.12015351626573406,0.12015351626573406,3.389950730614433
2,django__django-11749,1791032422.8326836,44.768664598464966,22965,21952,1013,0,0,386,627,386,0.23433123509248135,0.0,0.08916584265657239,0.08916584265657239,4.81717270638161
13,django__django-14787,1791032440.14473,19.682743549346924,16910,15680,1230,0,0,910,320,910,0.27668312191075156,0.0,0.20454984463107775,0.20454984463107775,3.389950730614433
13,django__django-14787,1791032460.149338,98.4984233379364,17431,15680,1751,0,0,1230,521,1230,0.3943518328939296,0.0,0.27668312191075156,0.27668312191075156,3.389950730614433
2,django__django-11749,1791032467.7401114,21.453272104263306,23379,21952,1427,0,0,1013,414,1013,0.3304050684975554,0.0,0.23433123509248135,0.23433123509248135,4.81717270638161
2,django__django-11749,1791032491.0361147,52.292776107788086,23668,21952,1716,0,0,1427,289,1427,0.3975762272493046,0.0,0.3304050684975554,0.3304050684975554,4.81717270638161
6,django__django-13112,1791032501.3801928,192.15860676765442,33184,31360,1824,0,0,581,1243,581,0.4404589328807473,0.0,0.13992601174819827,0.13992601174819827,7.034336045233882
2,django__django-11749,1791032543.5976245,5.1666693687438965,23939,23520,419,0,0,148,271,148,0.097475882287108,0.0,0.0344098687073847,0.0344098687073847,5.18033906492353
2,django__django-11749,1791032548.9091096,23.74360179901123,24348,23520,828,0,0,419,409,419,0.19280060088503628,0.0,0.097475882287108,0.097475882287108,5.18033906492353
13,django__django-14787,1791032558.8077211,9.220419883728027,18243,17248,995,0,0,183,812,183,0.2253144668796714,0.0,0.04136285771221042,0.04136285771221042,3.7429397057961524
13,django__django-14787,1791032568.168285,16.46975064277649,18545,17248,1297,0,0,995,302,995,0.29390404575305024,0.0,0.2253144668796714,0.2253144668796714,3.7429397057961524
13,django__django-14787,1791032584.8649306,55.961594581604004,19041,17248,1793,0,0,1297,496,1297,0.4067592840062441,0.0,0.29390404575305024,0.29390404575305024,3.7429397057961524
0,sympy__sympy-18211,1791032620.9664423,194.5402557849884,23003,21952,1051,0,0,47,1004,47,0.2431422131934673,0.0,0.010848736583378139,0.010848736583378139,4.81717270638161
13,django__django-14787,1791032641.1020598,103.29538774490356,19287,18816,471,0,0,225,246,225,0.10729296872665232,0.0,0.051225962984474786,0.051225962984474786,4.0984730268179215
12,sympy__sympy-15875,1791032678.0217204,284.36250138282776,14947,14112,835,0,0,319,516,319,0.18630400765139138,0.0,0.07108965295668211,0.07108965295668211,3.039506101272764
6,django__django-13112,1791032693.671936,283.4540159702301,34424,32928,1496,0,0,256,1240,256,0.3634272139827331,0.0,0.06202649929852645,0.06202649929852645,7.412768478816103
13,django__django-14787,1791032744.6300967,39.692957162857056,19646,18816,830,0,0,471,359,471,0.18922671460142515,0.0,0.10729296872665232,0.10729296872665232,4.0984730268179215
13,django__django-14787,1791032785.290088,17.46751308441162,20508,18816,1692,0,0,830,862,830,0.3865035949334897,0.0,0.18922671460142515,0.18922671460142515,4.0984730268179215
13,django__django-14787,1791032803.750495,39.96608543395996,20939,20384,555,0,0,124,431,124,0.1273527247905508,0.0,0.028425928071670138,0.028425928071670138,4.45655069367974
0,sympy__sympy-18211,1791032816.0583923,7.283097267150879,23329,21952,1377,0,0,1051,326,1051,0.3187925312425119,0.0,0.2431422131934673,0.2431422131934673,4.81717270638161
0,sympy__sympy-18211,1791032823.591217,8.345558643341064,23966,21952,2014,0,0,1377,637,1377,0.4669297338603007,0.0,0.3187925312425119,0.3187925312425119,4.81717270638161
0,sympy__sympy-18211,1791032832.494254,186.77917504310608,24165,23520,645,0,0,446,199,446,0.15012779868674758,0.0,0.10376337531838083,0.10376337531838083,5.18033906492353
13,django__django-14787,1791032843.9725792,13.915765523910522,21793,20384,1409,0,0,555,854,555,0.3239379156613402,0.0,0.1273527247905508,0.1273527247905508,4.45655069367974
13,django__django-14787,1791032859.5710766,6.183071136474609,22055,20384,1671,0,0,1409,262,1409,0.384399888065157,0.0,0.3239379156613402,0.3239379156613402,4.45655069367974
13,django__django-14787,1791032865.8881798,5.632359266281128,22256,21952,304,0,0,103,201,103,0.07021097751479562,0.0,0.02377787536328737,0.02377787536328737,4.81717270638161
13,django__django-14787,1791032876.0581553,5.028374671936035,22456,21952,504,0,0,304,200,304,0.1164545673255606,0.0,0.07021097751479562,0.07021097751479562,4.81717270638161
13,django__django-14787,1791032881.2634053,52.624845027923584,22907,21952,955,0,0,504,451,504,0.22088578116256732,0.0,0.1164545673255606,0.1164545673255606,4.81717270638161
13,django__django-14787,1791032934.0516527,8.35691523551941,23374,21952,1422,0,0,955,467,955,0.329243698349651,0.0,0.22088578116256732,0.22088578116256732,4.81717270638161
13,django__django-14787,1791032942.7282066,5.07426643371582,23893,21952,1941,0,0,1422,519,1422,0.44993195320427937,0.0,0.329243698349651,0.329243698349651,4.81717270638161
13,django__django-14787,1791032948.2874088,4.786638498306274,24054,23520,534,0,0,373,161,373,0.12426118161892452,0.0,0.08676559466235957,0.08676559466235957,5.18033906492353
13,django__django-14787,1791032953.2202706,14.578157186508179,24549,23520,1029,0,0,534,495,534,0.23971066542984187,0.0,0.12426118161892452,0.12426118161892452,5.18033906492353
12,sympy__sympy-15875,1791032962.5296273,165.56249856948853,15437,14112,1325,0,0,835,490,835,0.2959680512531914,0.0,0.18630400765139138,0.18630400765139138,3.039506101272764
0,sympy__sympy-18211,1791033019.7383223,120.06283688545227,24428,23520,908,0,0,645,263,645,0.21146626459031184,0.0,0.15012779868674758,0.15012779868674758,5.18033906492353
12,sympy__sympy-15875,1791033128.6134167,96.0254635810852,15973,14112,1861,0,0,1325,536,1325,0.4162116416767344,0.0,0.2959680512531914,0.2959680512531914,3.039506101272764
0,sympy__sympy-18211,1791033140.3104904,7.0002217292785645,24663,23520,1143,0,0,908,235,908,0.2663349546941894,0.0,0.21146626459031184,0.21146626459031184,5.18033906492353
0,sympy__sympy-18211,1791033147.4395692,18.298011779785156,24886,23520,1366,0,0,1143,223,1143,0.31845468683666983,0.0,0.2663349546941894,0.2663349546941894,5.18033906492353
0,sympy__sympy-18211,1791033165.8892677,4.9204652309417725,25250,23520,1730,0,0,1366,364,1366,0.4036396066731934,0.0,0.31845468683666983,0.31845468683666983,5.18033906492353
0,sympy__sympy-18211,1791033171.4533322,5.728576898574829,25387,25088,299,0,0,162,137,162,0.07002577452366532,0.0,0.03792890229122335,0.03792890229122335,5.5460497693055
0,sympy__sympy-18211,1791033177.8375897,20.201051473617554,25545,25088,457,0,0,299,158,299,0.10706672282045923,0.0,0.07002577452366532,0.07002577452366532,5.5460497693055
0,sympy__sympy-18211,1791033199.0560873,15.176643133163452,25987,25088,899,0,0,457,442,457,0.21082482670107472,0.0,0.10706672282045923,0.10706672282045923,5.5460497693055
0,sympy__sympy-18211,1791033214.8782036,29.9749538898468,26318,25088,1230,0,0,899,331,899,0.2886584231222122,0.0,0.21082482670107472,0.21082482670107472,5.5460497693055
12,sympy__sympy-15875,1791033224.7946413,8.528471231460571,16365,15680,685,0,0,293,392,293,0.15389458425185762,0.0,0.06576701233506538,0.06576701233506538,3.389950730614433
12,sympy__sympy-15875,1791033233.9912977,21.44205069541931,16927,15680,1247,0,0,685,562,685,0.28051816663925705,0.0,0.15389458425185762,0.15389458425185762,3.389950730614433
0,sympy__sympy-18211,1791033245.0010786,32.15039896965027,26528,25088,1440,0,0,1230,210,1230,0.3380980402390462,0.0,0.2886584231222122,0.2886584231222122,5.5460497693055
12,sympy__sympy-15875,1791033255.9237847,24.65967869758606,17477,15680,1797,0,0,1247,550,1247,0.404754504596257,0.0,0.28051816663925705,0.28051816663925705,3.389950730614433
0,sympy__sympy-18211,1791033277.3081372,21.530538320541382,26929,25088,1841,0,0,1440,401,1440,0.43263094300702226,0.0,0.3380980402390462,0.3380980402390462,5.5460497693055
12,sympy__sympy-15875,1791033281.0819287,10.361982345581055,18065,17248,817,0,0,229,588,229,0.18493170601639075,0.0,0.05176552941453779,0.05176552941453779,3.7429397057961524
12,sympy__sympy-15875,1791033291.9131942,15.371080160140991,18326,17248,1078,0,0,817,261,817,0.24415583980167982,0.0,0.18493170601639075,0.18493170601639075,3.7429397057961524
0,sympy__sympy-18211,1791033299.5953395,13.330846309661865,27229,26656,573,0,0,273,300,273,0.13520757882285112,0.0,0.06437589278500211,0.06437589278500211,5.914304819527521
12,sympy__sympy-15875,1791033307.7704344,11.201887845993042,18651,17248,1403,0,0,1078,325,1078,0.318000911639581,0.0,0.24415583980167982,0.24415583980167982,3.7429397057961524
0,sympy__sympy-18211,1791033313.5797915,8.36458969116211,27570,26656,914,0,0,573,341,573,0.21583269628424911,0.0,0.13520757882285112,0.13520757882285112,5.914304819527521
12,sympy__sympy-15875,1791033319.148268,5.502989053726196,18775,17248,1527,0,0,1403,124,1403,0.3462044553343558,0.0,0.318000911639581,0.318000911639581,3.7429397057961524
0,sympy__sympy-18211,1791033322.1087086,5.424242734909058,27703,26656,1047,0,0,914,133,914,0.24731147647134777,0.0,0.21583269628424911,0.21583269628424911,5.914304819527521
12,sympy__sympy-15875,1791033325.8717117,10.071768045425415,19051,17248,1803,0,0,1527,276,1527,0.40903720943951066,0.0,0.3462044553343558,0.3462044553343558,3.7429397057961524
0,sympy__sympy-18211,1791033332.9603515,192.16992282867432,28076,26656,1420,0,0,1047,373,1047,0.3356917297785635,0.0,0.24731147647134777,0.24731147647134777,5.914304819527521
12,sympy__sympy-15875,1791033344.1977763,4.694953680038452,19423,18816,607,0,0,235,372,235,0.13831624381855692,0.0,0.05350388841774131,0.05350388841774131,4.0984730268179215
12,sympy__sympy-15875,1791033349.0304441,7.518533229827881,19544,18816,728,0,0,607,121,607,0.16593392476823648,0.0,0.13831624381855692,0.13831624381855692,4.0984730268179215
12,sympy__sympy-15875,1791033361.4736083,11.016618251800537,19878,18816,1062,0,0,728,334,728,0.24224648827742343,0.0,0.16593392476823648,0.16593392476823648,4.0984730268179215
12,sympy__sympy-15875,1791033377.7750201,20.740055561065674,20216,18816,1400,0,0,1062,338,1062,0.3195905023396324,0.0,0.24224648827742343,0.24224648827742343,4.0984730268179215
12,sympy__sympy-15875,1791033399.0578012,179.5982699394226,20654,18816,1838,0,0,1400,438,1400,0.41999323002882333,0.0,0.3195905023396324,0.3195905023396324,4.0984730268179215
0,sympy__sympy-18211,1791033525.275672,82.48600578308105,28444,26656,1788,0,0,1420,368,1420,0.4230283589312983,0.0,0.3356917297785635,0.3356917297785635,5.914304819527521
12,sympy__sympy-15875,1791033578.8092983,7.829674243927002,21409,20384,1025,0,0,270,755,270,0.23545025151120383,0.0,0.0619155631670038,0.0619155631670038,4.45655069367974
12,sympy__sympy-15875,1791033586.8062596,14.27110242843628,21850,20384,1466,0,0,1025,441,1025,0.3370858100191645,0.0,0.23545025151120383,0.23545025151120383,4.45655069367974
12,sympy__sympy-15875,1791033602.8809516,10.294407844543457,22171,20384,1787,0,0,1466,321,1466,0.4111919993588335,0.0,0.3370858100191645,0.3370858100191645,4.45655069367974
0,sympy__sympy-18211,1791033608.3856122,9.39033842086792,28741,28224,517,0,0,220,297,220,0.12281751404540513,0.0,0.05222896286922801,0.05222896286922801,6.285104215589591
12,sympy__sympy-15875,1791033620.5782468,11.598731517791748,22576,21952,624,0,0,219,405,219,0.14422059063496875,0.0,0.05056998665696382,0.05056998665696382,4.81717270638161
0,sympy__sympy-18211,1791033624.1715093,8.596729516983032,29028,28224,804,0,0,517,287,517,0.19111607221847143,0.0,0.12281751404540513,0.12281751404540513,6.285104215589591
12,sympy__sympy-15875,1791033650.5902424,11.805391073226929,22879,21952,927,0,0,624,303,624,0.21439611834721317,0.0,0.14422059063496875,0.14422059063496875,4.81717270638161
0,sympy__sympy-18211,1791033650.8473318,8.951631546020508,29447,28224,1223,0,0,804,419,804,0.2909802715624582,0.0,0.19111607221847143,0.19111607221847143,6.285104215589591
0,sympy__sympy-18211,1791033665.1622496,18.771068334579468,29746,28224,1522,0,0,1223,299,1223,0.36235482908487276,0.0,0.2909802715624582,0.2909802715624582,6.285104215589591
12,sympy__sympy-15875,1791033674.8307424,8.774397134780884,23069,21952,1117,0,0,927,190,927,0.2584490426071634,0.0,0.21439611834721317,0.21439611834721317,4.81717270638161
0,sympy__sympy-18211,1791033684.0772958,31.115323066711426,30095,28224,1871,0,0,1522,349,1522,0.44578194982625824,0.0,0.36235482908487276,0.36235482908487276,6.285104215589591
12,sympy__sympy-15875,1791033684.5236692,7.827052354812622,23254,21952,1302,0,0,1117,185,1117,0.30137857629328385,0.0,0.2584490426071634,0.2584490426071634,4.81717270638161
12,sympy__sympy-15875,1791033704.3783705,12.543115377426147,23595,21952,1643,0,0,1302,341,1302,0.38060095906343105,0.0,0.30137857629328385,0.30137857629328385,4.81717270638161
0,sympy__sympy-18211,1791033715.650565,20.406195163726807,30264,29792,472,0,0,303,169,303,0.11288231135302736,0.0,0.07243820792413774,0.07243820792413774,6.658447957491712
12,sympy__sympy-15875,1791033717.240104,6.2146382331848145,24116,23520,596,0,0,75,521,75,0.1387076300019963,0.0,0.017434600521511166,0.017434600521511166,5.18033906492353
12,sympy__sympy-15875,1791033723.6204333,5.5797202587127686,24856,23520,1336,0,0,596,740,596,0.3114400677420596,0.0,0.1387076300019963,0.1387076300019963,5.18033906492353
12,sympy__sympy-15875,1791033729.3304927,3.8363916873931885,25019,23520,1499,0,0,1336,163,1336,0.3495640489170493,0.0,0.3114400677420596,0.3114400677420596,5.18033906492353
12,sympy__sympy-15875,1791033733.3522017,98.26819443702698,26776,23520,3256,0,0,1499,1757,1499,0.7622533502658139,0.0,0.3495640489170493,0.3495640489170493,5.18033906492353
0,sympy__sympy-18211,1791033736.937558,18.089290142059326,30726,29792,934,0,0,472,462,472,0.22359632474417868,0.0,0.11288231135302736,0.11288231135302736,6.658447957491712
0,sympy__sympy-18211,1791033755.752466,26.774917125701904,31046,29792,1254,0,0,934,320,934,0.3004108380706753,0.0,0.22359632474417868,0.22359632474417868,6.658447957491712
0,sympy__sympy-18211,1791033808.83356,6.992499589920044,31416,29792,1624,0,0,1254,370,1254,0.3893597197210757,0.0,0.3004108380706753,0.3004108380706753,6.658447957491712
