t_min,kv_gpu_pct,cpu_kv_fill_gb,vllm_pinned_gb,vllm_other_gb,vm_rss_gb,page_cache_gb,hbm_node_used_gb,running,waiting,n_vmm,other_used_gb
0.0,0.0,nan,13.138927616,3.667316736,0.0,222.365507584,84.066824192,0.0,0.0,0,8.142712831999999
0.01667271852493286,0.0,nan,13.138927616,3.667337216,0.0,222.36551168,84.06472704,0.0,0.0,0,8.219926528
0.03334859609603882,0.0,nan,13.138927616,3.667337216,0.236601344,222.386466816,84.06472704,0.0,0.0,1,8.247762944
0.050024394194285074,0.0,nan,13.138927616,3.667337216,0.236601344,222.386475008,84.056338432,0.0,0.0,1,8.273293312
0.06669495105743409,0.0,nan,13.138927616,3.667337216,0.236601344,222.386479104,84.052144128,0.0,0.0,1,8.328224768
0.08336840073267619,0.0,nan,13.138927616,3.667337216,0.236601344,222.386479104,84.052144128,0.0,0.0,1,8.369254399999999
0.10004292726516724,0.5524861878453025,nan,13.138927616,3.668860928,0.236601344,222.386499584,84.265795584,1.0,0.0,1,8.505618431999999
0.11671547889709473,0.5524861878453025,nan,13.138927616,3.668860928,0.47147008,222.407254016,84.265795584,1.0,0.0,2,8.528900096000001
0.13339595794677733,0.5524861878453025,nan,13.138927616,3.668860928,0.47147008,222.40729088,84.265795584,1.0,0.0,2,8.554725376
0.15006986061731975,0.5524861878453025,nan,13.138927616,3.668865024,0.47147008,222.407294976,84.265795584,1.0,0.0,2,8.61118464
0.1667441725730896,0.5524861878453025,nan,13.138927616,3.668865024,0.47147008,222.407294976,84.265795584,1.0,0.0,2,8.649887744
0.18341859181722006,1.2430939226519389,nan,13.138927616,3.669430272,0.47147008,222.407299072,84.433567744,2.0,0.0,2,8.776269824000002
0.20009498596191405,0.6906077348066253,nan,13.138927616,3.669434368,0.744280064,222.462992384,84.433567744,1.0,0.0,3,8.819806208000001
0.21676965157190958,1.3812154696132617,nan,13.138927616,3.669733376,0.76105728,222.467837952,84.433567744,2.0,0.0,3,8.833175552
0.2334423859914144,1.3812154696132617,nan,13.138927616,3.669733376,0.76105728,222.467837952,84.433567744,2.0,0.0,3,8.889847808
0.25011562506357826,1.3812154696132617,nan,13.138927616,3.669733376,0.76105728,222.467842048,84.433567744,2.0,0.0,3,8.922021888000002
0.266791836420695,2.071823204419887,nan,13.138927616,3.669860352,0.763154432,222.467846144,84.433309696,3.0,0.0,3,9.066016767999999
0.2834673643112183,2.071823204419887,nan,13.138927616,3.669860352,0.997830656,222.488203264,84.433309696,3.0,0.0,4,9.098182656
0.3001406272252401,2.071823204419887,nan,13.138927616,3.670331392,0.997830656,222.488317952,84.433309696,3.0,0.0,4,9.106857984000001
0.3168121099472046,2.071823204419887,nan,13.138927616,3.670339584,0.997830656,222.488317952,84.433309696,3.0,0.0,4,9.167872
0.3334909876187642,2.071823204419887,nan,13.138927616,3.670396928,1.018826752,222.501445632,84.431212544,3.0,0.0,4,9.209253888
0.3501649578412374,2.7624309392265234,nan,13.138927616,3.670523904,1.018826752,222.501449728,84.431212544,4.0,0.0,4,9.343021056
0.3668468991915385,2.7624309392265234,nan,13.138927616,3.670523904,1.253515264,222.521925632,84.431212544,4.0,0.0,5,9.373200384
0.383519717057546,2.071823204419887,nan,13.138927616,3.670528,1.26404608,222.525444096,84.431081472,3.0,0.0,5,9.392586752
0.40019224484761556,2.071823204419887,nan,13.138927616,3.670974464,1.295527936,222.56171008,84.431081472,3.0,0.0,5,9.443061759999999
0.41686607599258424,3.176795580110492,nan,13.138927616,3.6727808,1.306013696,222.561808384,84.431081472,4.0,0.0,5,9.479401472
0.43353689908981324,3.4530386740331487,nan,13.138927616,3.672764416,1.306013696,222.56183296,84.431081472,5.0,0.0,5,9.612808192
0.45021103223164877,3.4530386740331487,nan,13.138927616,3.672813568,1.544876032,222.582595584,84.431081472,5.0,0.0,6,9.659539456
0.46688244740168255,3.4530386740331487,nan,13.138927616,3.672813568,1.544876032,222.582628352,84.431081472,5.0,0.0,6,9.682669568
0.48355741500854493,3.5911602209944715,nan,13.138927616,3.672813568,1.544876032,222.582657024,84.431081472,5.0,0.0,6,9.740181504
0.5002303997675578,3.5911602209944715,nan,13.138927616,3.672817664,1.544876032,222.582657024,84.431081472,5.0,0.0,6,9.779961856
0.5169084588686625,4.558011049723754,nan,13.138927616,3.6739072,1.544876032,222.582898688,84.431081472,6.0,0.0,6,9.908236288
0.5335859417915344,4.281767955801108,nan,13.138927616,3.673894912,1.779367936,222.601875456,84.431081472,6.0,0.0,7,9.949855744
0.5502575397491455,3.7292817679558055,nan,13.138927616,3.673894912,1.796206592,222.609301504,84.431081472,5.0,0.0,7,9.968386048
0.5669305880864461,4.83425414364641,nan,13.138927616,3.673972736,1.804603392,222.619410432,84.431081472,6.0,0.0,7,10.036097024
0.5836032629013062,4.83425414364641,nan,13.138927616,3.674353664,1.804603392,222.620041216,84.431081472,6.0,0.0,7,10.072588288
0.6002759178479512,4.558011049723754,nan,13.138927616,3.674681344,1.811095552,222.62120448,84.431081472,6.0,0.0,7,10.195173376000001
0.6169524510701497,5.2486187845303895,nan,13.138927616,3.674681344,2.068893696,222.657974272,84.431081472,7.0,0.0,8,10.231611392
0.6336252689361572,5.386740331491713,nan,13.138927616,3.674681344,2.068893696,222.65806848,84.431081472,7.0,0.0,8,10.248245248
0.6502976457277934,5.386740331491713,nan,13.138927616,3.674681344,2.068893696,222.658093056,84.431081472,7.0,0.0,8,10.317836287999999
0.6669796506563822,3.8674033149171283,nan,13.138927616,3.674693632,2.102669312,222.686511104,84.431081472,5.0,0.0,8,10.348470272
0.683653740088145,6.215469613259672,nan,13.138927616,3.675521024,2.11105792,222.700281856,84.73307136,8.0,0.0,8,10.495823872
0.7003307978312174,6.077348066298338,nan,13.138927616,3.67550464,2.348036096,222.720606208,84.73307136,8.0,0.0,9,10.52645376
0.7170069257418314,6.077348066298338,nan,13.138927616,3.67550464,2.348036096,222.72069632,84.73307136,8.0,0.0,9,10.545012736000002
0.7336795647939046,5.386740331491713,nan,13.138927616,3.67566848,2.360619008,222.721478656,84.73307136,7.0,0.0,9,10.604621824
0.7503595471382141,5.386740331491713,nan,13.138927616,3.67566848,2.386173952,222.737575936,84.73307136,7.0,0.0,9,10.686681087999998
0.7670313318570455,6.767955801104975,nan,13.138927616,3.676053504,2.386173952,222.737600512,84.73307136,9.0,0.0,9,10.770841599999999
0.7837032159169515,6.077348066298338,nan,13.138927616,3.676585984,2.620686336,222.758240256,84.73307136,8.0,0.0,10,10.806718464000001
0.8003751357396444,6.906077348066297,nan,13.138927616,3.676811264,2.620686336,222.758330368,84.73307136,9.0,0.0,10,10.825240575999999
0.8170506358146667,6.215469613259672,nan,13.138927616,3.676811264,2.656395264,222.787469312,84.73307136,8.0,0.0,10,10.886909952000002
0.8337268789609273,6.906077348066297,nan,13.138927616,3.677106176,2.675269632,222.79989248,84.73307136,9.0,0.0,10,10.963443712
0.8504028399785359,7.596685082872923,nan,13.138927616,3.677106176,2.675269632,222.79989248,84.73307136,10.0,0.0,10,11.059744767999998
0.8670789043108622,7.596685082872923,nan,13.138927616,3.677700096,2.918330368,222.82047488,84.73307136,10.0,0.0,11,11.097456639999999
0.8837537288665771,5.939226519337016,nan,13.138927616,3.678154752,2.920484864,222.826868736,84.73307136,8.0,0.0,11,11.150651391999999
0.9004228154818217,7.734806629834257,nan,13.138927616,3.678208,2.920484864,222.826868736,84.73307136,10.0,0.0,11,11.18982144
0.9170969406763713,7.458563535911599,nan,13.138927616,3.67822848,2.94356992,222.841131008,84.73307136,9.0,0.0,11,11.266711552
0.9337755560874939,8.83977900552486,nan,13.138927616,3.67863808,2.94356992,222.841167872,84.73307136,11.0,0.0,11,11.347443712000002
0.9504518389701844,8.149171270718236,nan,13.138927616,3.678818304,3.182637056,222.862512128,84.73307136,10.0,0.0,12,11.371462655999999
0.9671229680379232,8.977900552486185,nan,13.138927616,3.678826496,3.182637056,222.862606336,84.730974208,11.0,0.0,12,11.388391424000002
0.9837975104649862,8.977900552486185,nan,13.138927616,3.67884288,3.182637056,222.862610432,84.730974208,11.0,0.0,12,11.451588608000002
1.0004748423894247,9.116022099447518,nan,13.138927616,3.67884288,3.182637056,222.862610432,84.730974208,11.0,0.0,12,11.503456256
1.017148200670878,9.66850828729282,nan,13.138927616,3.678896128,3.182637056,222.862635008,84.730974208,12.0,0.0,12,11.620499456000001
1.0338180502255758,9.806629834254144,nan,13.138927616,3.678912512,3.419426816,222.883037184,84.730974208,12.0,0.0,13,11.652182016
1.0504926919937134,9.806629834254144,nan,13.138927616,3.678920704,3.419426816,222.883201024,84.730974208,12.0,0.0,13,11.677306880000001
1.0671631654103597,8.287292817679559,nan,13.138927616,3.6789248,3.43830528,222.892531712,84.730974208,10.0,0.0,13,11.736244223999998
1.0838438113530477,9.116022099447518,nan,13.138927616,3.679535104,3.495329792,222.933598208,84.730974208,11.0,0.0,13,11.812241408000002
1.1005173961321513,9.66850828729282,nan,13.138927616,3.679653888,3.528921088,222.941843456,84.730974208,12.0,0.0,13,11.903762431999997
1.1171931743621826,9.530386740331487,nan,13.138927616,3.679653888,3.7933056,222.995009536,84.730974208,12.0,0.0,14,11.940044799999999
1.1338666001955668,8.977900552486185,nan,13.138927616,3.679821824,3.923611648,223.084732416,84.730974208,11.0,0.0,14,11.969540096
1.1505433082580567,9.806629834254144,nan,13.138927616,3.680137216,3.965554688,223.0970368,84.730974208,12.0,0.0,14,12.02733056
1.1672142704327901,9.806629834254144,nan,13.138927616,3.680907264,3.98862336,223.103987712,84.730974208,12.0,0.0,14,12.070797312000002
1.183895234266917,10.635359116022103,nan,13.138927616,3.681030144,3.98862336,223.104208896,84.730974208,13.0,0.0,14,12.214104063999999
1.2005743185679119,11.325966850828728,nan,13.138927616,3.68103424,4.225445888,223.125200896,84.730974208,14.0,0.0,15,12.245311488000002
1.2172491788864135,11.46408839779005,nan,13.138927616,3.681046528,4.225445888,223.125295104,84.730974208,14.0,0.0,15,12.292714496000002
1.233926490942637,10.635359116022103,nan,13.138927616,3.681415168,4.235931648,223.125311488,84.730974208,13.0,0.0,15,12.34798592
1.2506011644999186,12.154696132596687,nan,13.138927616,3.68152576,4.235931648,223.125315584,84.730974208,15.0,0.0,15,12.404568064
1.267276390393575,11.878453038674031,nan,13.138927616,3.681538048,4.25271296,223.131009024,84.730974208,14.0,0.0,15,12.474703872
1.2839491248130799,12.29281767955801,nan,13.138927616,3.681681408,4.554719232,223.196520448,84.730974208,14.0,0.0,16,12.514422784
1.3006196737289428,11.049723756906083,nan,13.138927616,3.681665024,4.590374912,223.206465536,84.730974208,13.0,0.0,16,12.55804928
1.3172942399978638,13.397790055248615,nan,13.138927616,3.682541568,4.590374912,223.208501248,84.730974208,15.0,0.0,16,12.602101759999998
1.3339699586232503,12.845303867403313,nan,13.138927616,3.68267264,4.590374912,223.208501248,84.730974208,15.0,0.0,16,12.668030975999999
1.3506449500719706,13.53591160220995,nan,13.138927616,3.682676736,4.590374912,223.208505344,84.730974208,16.0,0.0,16,12.668022784
1.3673186540603637,12.845303867403313,nan,13.138927616,3.682684928,4.609253376,223.218577408,84.730974208,15.0,0.0,16,12.663582719999999
1.38399289449056,12.016574585635365,nan,13.138927616,3.682709504,4.659617792,223.25643264,84.730974208,14.0,0.0,16,12.67464192
1.4006667653719584,13.397790055248615,nan,13.138927616,3.68306176,4.686880768,223.267463168,84.730974208,15.0,0.0,16,12.66210816
1.4173441529273987,13.950276243093917,nan,13.138927616,3.683139584,4.697366528,223.272022016,84.730974208,16.0,0.0,16,12.667052032
1.4340145667394002,13.259668508287293,nan,13.138927616,3.683155968,4.701560832,223.274266624,84.730974208,15.0,0.0,16,12.659630079999998
1.4506869395573934,12.983425414364635,nan,13.138927616,3.683393536,4.77919232,223.315091456,84.730974208,15.0,0.0,16,12.662972415999999
1.4673601150512696,12.154696132596687,nan,13.138927616,3.683639296,4.837924864,223.360434176,84.730974208,14.0,0.0,16,12.744708096000002
1.4840330441792806,13.121546961325969,nan,13.138927616,3.683741696,4.837924864,223.360454656,84.730974208,15.0,0.0,16,12.739354624000002
1.5007080078125,13.950276243093917,nan,13.138927616,3.6837376,4.837924864,223.360724992,84.730974208,16.0,0.0,16,12.739088384
1.5173819144566854,13.950276243093917,nan,13.138927616,3.683749888,4.837924864,223.360729088,84.730974208,16.0,0.0,16,12.734492672
1.5340567072232565,13.259668508287293,nan,13.138927616,3.683749888,4.863115264,223.372189696,84.730974208,15.0,0.0,16,12.735328255999999
1.550729223092397,13.121546961325969,nan,13.138927616,3.68390144,4.863115264,223.372931072,84.730974208,15.0,0.0,16,12.738686976
1.5674017707506815,12.29281767955801,nan,13.138927616,3.684327424,4.873601024,223.373697024,84.730974208,14.0,0.0,16,12.736086016000002
1.584076503912608,13.259668508287293,nan,13.138927616,3.684343808,4.873601024,223.374413824,84.730974208,15.0,0.0,16,12.732334080000001
1.6007495482762655,14.088397790055252,nan,13.138927616,3.684409344,4.873601024,223.3744384,84.730974208,16.0,0.0,16,12.729561088
1.6174290736516317,14.088397790055252,nan,13.138927616,3.684605952,4.890382336,223.376904192,84.730974208,16.0,0.0,16,12.740091903999998
1.6341012954711913,14.088397790055252,nan,13.138927616,3.684622336,4.890382336,223.377502208,84.730974208,16.0,0.0,16,12.737130496
1.6507753769556681,13.121546961325969,nan,13.138927616,3.686592512,4.892499968,223.38471936,84.730974208,15.0,0.0,16,12.742901759999999
1.667448306083679,14.226519337016574,nan,13.138927616,3.686592512,4.892499968,223.384776704,84.730974208,16.0,0.0,16,12.741095424000001
1.6841240366299948,14.364640883977897,nan,13.138927616,3.686612992,4.892499968,223.38617344,84.730974208,16.0,0.0,16,12.737757184
1.700797442595164,14.364640883977897,nan,13.138927616,3.686621184,4.892499968,223.38617344,84.730974208,16.0,0.0,16,12.7348736
1.7174763758977254,14.779005524861876,nan,13.138927616,3.686817792,4.892499968,223.394000896,84.730974208,16.0,0.0,16,12.731162624000003
1.7341490268707276,13.812154696132595,nan,13.138927616,3.686817792,4.892499968,223.394189312,84.730974208,15.0,0.0,16,12.729462784000003
1.7508321444193522,14.502762430939232,nan,13.138927616,3.686998016,4.902985728,223.394193408,84.730974208,16.0,0.0,16,12.727001087999998
1.7675112724304198,14.502762430939232,nan,13.138927616,3.687018496,4.902985728,223.394459648,84.730974208,16.0,0.0,16,12.726038528
1.7841854135195414,13.950276243093917,nan,13.138927616,3.687497728,4.90508288,223.394701312,84.730974208,15.0,0.0,16,12.722868224
1.8008594473203023,14.779005524861876,nan,13.138927616,3.687489536,4.90508288,223.394762752,84.730974208,16.0,0.0,16,12.721795071999997
1.8175326704978942,15.33149171270718,nan,13.138927616,3.690287104,4.90508288,223.402979328,84.730974208,16.0,0.0,16,12.711350271999999
1.8342074354489644,15.055248618784534,nan,13.138927616,3.6902912,4.90508288,223.403122688,84.730974208,16.0,0.0,16,12.709392384
1.8508822282155355,15.193370165745856,nan,13.138927616,3.690299392,4.90508288,223.403126784,84.730974208,16.0,0.0,16,12.703813632000001
1.8675572554270425,15.193370165745856,nan,13.138927616,3.690323968,4.90508288,223.403126784,84.730974208,16.0,0.0,16,12.702076927999999
1.8842297196388245,14.088397790055252,nan,13.138927616,3.690340352,4.90508288,223.403159552,84.730974208,15.0,0.0,16,12.700815360000002
1.900903089841207,15.193370165745856,nan,13.138927616,3.690377216,4.90508288,223.40345856,84.730974208,16.0,0.0,16,12.701245440000003
1.9175777435302734,15.33149171270718,nan,13.138927616,3.6903936,4.90508288,223.40345856,84.730974208,16.0,0.0,16,12.697747456
1.934250279267629,15.745856353591158,nan,13.138927616,3.690442752,4.90508288,223.403687936,84.730974208,16.0,0.0,16,12.697726976
1.9509257912635802,15.193370165745856,nan,13.138927616,3.690426368,4.90508288,223.404126208,84.730974208,15.0,0.0,16,12.695543807999998
1.967603894074758,14.640883977900554,nan,13.138927616,3.6911104,4.90508288,223.412969472,84.730974208,15.0,0.0,16,12.691574784000002
1.9842737158139547,15.745856353591158,nan,13.138927616,3.691159552,4.90508288,223.419662336,84.730974208,16.0,0.0,16,12.694880256000003
2.0009488105773925,14.917127071823199,nan,13.138927616,3.6912128,4.9260544,223.42782976,84.730974208,15.0,0.0,16,12.687433728
2.017625868320465,14.917127071823199,nan,13.138927616,3.691208704,4.9260544,223.42782976,84.730974208,15.0,0.0,16,12.687437823999998
2.0343021353085837,15.745856353591158,nan,13.138927616,3.6912128,4.92816384,223.428542464,84.730974208,16.0,0.0,16,12.684611584000002
2.05097682873408,15.883977900552482,nan,13.138927616,3.6912128,4.92816384,223.42854656,84.730974208,16.0,0.0,16,12.682567680000002
2.067648998896281,16.022099447513817,nan,13.138927616,3.691266048,4.92816384,223.428759552,84.730974208,16.0,0.0,16,12.68230144
2.084325206279755,16.022099447513817,nan,13.138927616,3.691298816,4.92816384,223.428878336,84.730974208,16.0,0.0,16,12.682149888000001
2.10099569161733,16.022099447513817,nan,13.138927616,3.691311104,4.92816384,223.428882432,84.730974208,16.0,0.0,16,12.681764863999998
2.117668867111206,16.022099447513817,nan,13.138927616,3.691319296,4.92816384,223.428882432,84.730974208,16.0,0.0,16,12.679970816
2.134340786933899,16.436464088397795,nan,13.138927616,3.691327488,4.92816384,223.42889472,84.730974208,16.0,0.0,16,12.679950336000001
2.1510120232899985,14.779005524861876,nan,13.138927616,3.691327488,4.947038208,223.439396864,84.730974208,15.0,0.0,16,12.676640768
2.167686446507772,15.883977900552482,nan,13.138927616,3.691372544,4.953329664,223.447527424,84.730974208,15.0,0.0,16,12.683190272
2.18435773452123,16.16022099447514,nan,13.138927616,3.691995136,4.953329664,223.44753152,84.730974208,16.0,0.0,16,12.680998912000002
2.2010274370511373,15.193370165745856,nan,13.138927616,3.692900352,4.953329664,223.447560192,84.730974208,15.0,0.0,16,12.680065024000003
2.2177014271418254,16.436464088397795,nan,13.138927616,3.692896256,4.953329664,223.447564288,84.730974208,16.0,0.0,16,12.678696959999998
2.23437705039978,16.16022099447514,nan,13.138927616,3.692900352,4.961718272,223.4595328,84.730974208,15.0,0.0,16,12.682981376
2.2510515411694842,16.71270718232044,nan,13.138927616,3.692920832,4.96590848,223.462326272,84.730974208,16.0,0.0,16,12.675297280000002
2.2677257537841795,16.71270718232044,nan,13.138927616,3.69293312,4.96590848,223.462330368,84.730974208,16.0,0.0,16,12.675280896
2.284397808710734,16.71270718232044,nan,13.138927616,3.692941312,4.96590848,223.462330368,84.730974208,16.0,0.0,16,12.675272704000001
2.3010766744613647,16.71270718232044,nan,13.138927616,3.692949504,4.96590848,223.462334464,84.730974208,16.0,0.0,16,12.675260416
2.31774845123291,15.469613259668513,nan,13.138927616,3.692965888,4.96590848,223.462342656,84.730974208,15.0,0.0,16,12.674744320000002
2.3344199419021607,16.71270718232044,nan,13.138927616,3.693064192,4.96590848,223.462350848,84.730974208,16.0,0.0,16,12.674637823999998
2.3511001825332642,15.745856353591158,nan,13.138927616,3.69309696,4.968005632,223.462752256,84.730974208,15.0,0.0,16,12.676030464
2.3677791396776837,14.502762430939232,nan,13.138927616,3.693080576,4.968005632,223.462760448,84.730974208,14.0,0.0,16,12.676038656
2.3844499270121258,16.022099447513817,nan,13.138927616,3.693617152,4.968005632,223.46303488,84.730974208,15.0,0.0,16,12.675485696000003
2.401129444440206,15.745856353591158,nan,13.138927616,3.69369088,4.968005632,223.46899456,84.730974208,15.0,0.0,16,12.671258623999996
2.417800986766815,16.71270718232044,nan,13.138927616,3.69369088,4.968005632,223.468998656,84.730974208,16.0,0.0,16,12.671483903999999
2.43447949886322,16.9889502762431,nan,13.138927616,3.693748224,4.968005632,223.469121536,84.730974208,16.0,0.0,16,12.675432447999999
2.451152010758718,16.71270718232044,nan,13.138927616,3.69373184,4.968005632,223.469125632,84.730974208,16.0,0.0,16,12.675444736000003
2.4678202708562216,15.745856353591158,nan,13.138927616,3.69373184,4.968005632,223.469129728,84.730974208,15.0,0.0,16,12.675440639999998
2.4844889481862387,16.850828729281766,nan,13.138927616,3.693821952,4.968005632,223.46913792,84.730974208,16.0,0.0,16,12.675342336
2.5011584917704264,15.883977900552482,nan,13.138927616,3.693985792,4.970102784,223.469150208,84.730974208,15.0,0.0,16,12.673069056000001
2.5178295612335204,16.850828729281766,nan,13.138927616,3.693973504,4.970102784,223.469154304,84.730974208,16.0,0.0,16,12.673077248
2.534502335389455,16.850828729281766,nan,13.138927616,3.693993984,4.978491392,223.469166592,84.730974208,16.0,0.0,16,12.673302528000004
2.551176150639852,15.883977900552482,nan,13.138927616,3.69403904,4.980588544,223.471976448,84.730974208,15.0,0.0,16,12.668260352
2.567846635977427,17.12707182320442,nan,13.138927616,3.694088192,4.980588544,223.471980544,84.730974208,16.0,0.0,16,12.668207104
2.584517236550649,15.883977900552482,nan,13.138927616,3.694092288,4.980588544,223.471980544,84.730974208,15.0,0.0,16,12.668203007999999
2.601194171110789,15.607734806629836,nan,13.138927616,3.6947968,5.00803584,223.502503936,84.730974208,15.0,0.0,16,12.669784064
2.6178643981615703,16.16022099447514,nan,13.138927616,3.696259072,5.016424448,223.510904832,84.730974208,15.0,0.0,16,12.680302591999999
2.634535535176595,16.436464088397795,nan,13.138927616,3.696492544,5.016424448,223.51091712,84.730974208,15.0,0.0,16,12.68031488
2.651209346453349,17.403314917127076,nan,13.138927616,3.696484352,5.016424448,223.51091712,84.730974208,16.0,0.0,16,12.680323072000002
2.6678794225056968,17.95580110497238,nan,13.138927616,3.696500736,5.016424448,223.510921216,84.730974208,16.0,0.0,16,12.680302591999999
2.6845583081245423,16.29834254143646,nan,13.138927616,3.69651712,5.016424448,223.510925312,84.730974208,15.0,0.0,16,12.680282111999999
2.701230525970459,17.67955801104972,nan,13.138927616,3.696553984,5.016424448,223.511027712,84.730974208,16.0,0.0,16,12.682465279999997
2.7179023742675783,17.67955801104972,nan,13.138927616,3.696734208,5.016424448,223.511035904,84.730974208,16.0,0.0,16,12.682276864
2.7345725496610007,16.16022099447514,nan,13.138927616,3.696734208,5.0185216,223.511252992,84.730974208,15.0,0.0,16,12.684156928
2.751243468125661,18.232044198895025,nan,13.138927616,3.697278976,5.0185216,223.511273472,84.730974208,16.0,0.0,16,12.683415552
2.7679160873095197,17.817679558011047,nan,13.138927616,3.697287168,5.0185216,223.511277568,84.730974208,16.0,0.0,16,12.683890688000002
2.784592048327128,17.817679558011047,nan,13.138927616,3.697303552,5.0185216,223.511281664,84.730974208,16.0,0.0,16,12.685160447999998
2.801265545686086,17.95580110497238,nan,13.138927616,3.697319936,5.0185216,223.511281664,84.730974208,16.0,0.0,16,12.685144064
2.8179437200228374,17.12707182320442,nan,13.138927616,3.698302976,5.0185216,223.511314432,84.730974208,15.0,0.0,16,12.685418496
2.834614133834839,18.370165745856347,nan,13.138927616,3.698491392,5.0185216,223.511318528,84.730974208,16.0,0.0,16,12.685484031999998
2.8512847423553467,19.060773480662984,nan,13.138927616,3.698528256,5.0185216,223.511355392,84.730974208,16.0,0.0,16,12.685639680000001
2.8679608941078185,18.370165745856347,nan,13.138927616,3.698532352,5.0185216,223.511359488,84.730974208,16.0,0.0,16,12.685213695999998
2.884636390209198,18.370165745856347,nan,13.138927616,3.698548736,5.0185216,223.511363584,84.730974208,16.0,0.0,16,12.683202560000002
2.9013073007265726,18.370165745856347,nan,13.138927616,3.698548736,5.0185216,223.511363584,84.730974208,16.0,0.0,16,12.681461760000001
2.917978024482727,17.403314917127076,nan,13.138927616,3.698556928,5.0185216,223.512662016,84.730974208,15.0,0.0,16,12.688154624000003
2.934649924437205,18.78453038674033,nan,13.138927616,3.698573312,5.0185216,223.5126784,84.730974208,16.0,0.0,16,12.686340095999999
2.9513227462768556,18.370165745856347,nan,13.138927616,3.698573312,5.0185216,223.5126784,84.730974208,16.0,0.0,16,12.685516799999998
2.967994916439056,16.9889502762431,nan,13.138927616,3.698589696,5.0185216,223.51269888,84.730974208,15.0,0.0,16,12.683034624000001
2.9846654017766316,17.403314917127076,nan,13.138927616,3.698573312,5.024813056,223.525728256,84.730974208,15.0,0.0,16,12.682944511999999
3.0013411164283754,18.370165745856347,nan,13.138927616,3.698593792,5.031104512,223.528108032,84.730974208,16.0,0.0,16,12.682412032000002
3.0180125912030538,16.71270718232044,nan,13.138927616,3.69860608,5.031104512,223.528112128,84.730974208,15.0,0.0,16,12.682395648
3.0346830407778422,18.370165745856347,nan,13.138927616,3.699388416,5.031104512,223.543435264,84.730974208,16.0,0.0,16,12.682805248000001
3.0513529817263287,18.508287292817684,nan,13.138927616,3.699392512,5.031104512,223.54343936,84.730974208,16.0,0.0,16,12.681961472000001
3.0680246154467263,18.508287292817684,nan,13.138927616,3.699400704,5.031104512,223.54343936,84.730974208,16.0,0.0,16,12.681953280000002
3.084695827960968,16.29834254143646,nan,13.138927616,3.699400704,5.033201664,223.547686912,84.730974208,14.0,0.0,16,12.685930496000001
3.1013667782147727,16.16022099447514,nan,13.138927616,3.6994048,5.064658944,223.566372864,84.730974208,14.0,0.0,16,12.681207808000002
3.118041384220123,17.67955801104972,nan,13.138927616,3.699408896,5.064658944,223.569190912,84.730974208,15.0,0.0,16,12.682256384
3.134712040424347,17.67955801104972,nan,13.138927616,3.699408896,5.064658944,223.569195008,84.730974208,15.0,0.0,16,12.682252287999999
3.1513829827308655,17.67955801104972,nan,13.138927616,3.699408896,5.064658944,223.569199104,84.730974208,15.0,0.0,16,12.682248191999998
3.1680535872777305,16.16022099447514,nan,13.138927616,3.699408896,5.079339008,223.592841216,84.730974208,14.0,0.0,16,12.684738559999998
3.184724275271098,14.917127071823199,nan,13.141024768,3.701088256,5.087727616,223.596969984,84.730974208,13.0,0.0,16,12.701863936000002
3.201395094394684,17.817679558011047,nan,13.141024768,3.701075968,5.087727616,223.597330432,84.730974208,15.0,0.0,16,12.700954624000001
3.2180648962656657,16.71270718232044,nan,13.141024768,3.701075968,5.087727616,223.604604928,84.730974208,14.0,0.0,16,12.692287488000002
3.2347369233767194,17.5414364640884,nan,13.141024768,3.701075968,5.136121856,223.633625088,84.730974208,15.0,0.0,16,12.695334912
3.2514060338338218,15.883977900552482,nan,13.141024768,3.701100544,5.163384832,223.644012544,84.730974208,14.0,0.0,16,12.701704192
3.2680774052937824,17.817679558011047,nan,13.141024768,3.701321728,5.163384832,223.644143616,84.730974208,15.0,0.0,16,12.699774975999999
3.2847489515940347,18.922651933701662,nan,13.141024768,3.701342208,5.165481984,223.644164096,84.730974208,16.0,0.0,16,12.700229632
3.3014198581377667,18.922651933701662,nan,13.141024768,3.701346304,5.165481984,223.64428288,84.730974208,16.0,0.0,16,12.698705919999998
3.3180920282999673,19.475138121546966,nan,13.141024768,3.7015552,5.165481984,223.644336128,84.730974208,16.0,0.0,16,12.697214975999998
3.3347660263379413,19.060773480662984,nan,13.141024768,3.7015552,5.165481984,223.644340224,84.730974208,16.0,0.0,16,12.696850431999998
3.3514360666275023,19.060773480662984,nan,13.141024768,3.701571584,5.165481984,223.644418048,84.730974208,16.0,0.0,16,12.696756224000001
3.3681091189384462,19.060773480662984,nan,13.141024768,3.701571584,5.165481984,223.644418048,84.730974208,16.0,0.0,16,12.696756224000001
3.384780744711558,19.060773480662984,nan,13.141024768,3.701587968,5.165481984,223.644422144,84.730974208,16.0,0.0,16,12.696735743999998
3.4014508803685506,19.060773480662984,nan,13.141024768,3.701604352,5.165481984,223.644438528,84.730974208,16.0,0.0,16,12.697419776
3.4181247035662334,18.232044198895025,nan,13.141024768,3.701620736,5.165481984,223.651151872,84.730974208,15.0,0.0,16,12.698947584000003
3.4347975571950276,19.475138121546966,nan,13.141024768,3.701661696,5.165481984,223.65179904,84.730974208,16.0,0.0,16,12.697845760000003
3.4514672199885053,19.475138121546966,nan,13.141024768,3.701690368,5.165481984,223.651803136,84.730974208,16.0,0.0,16,12.696547327999998
3.468139350414276,19.475138121546966,nan,13.141024768,3.70169856,5.165481984,223.651807232,84.730974208,16.0,0.0,16,12.695891968000002
3.4848105748494467,17.817679558011047,nan,13.141024768,3.701899264,5.165481984,223.651827712,84.730974208,15.0,0.0,16,12.695670784
3.5014820734659833,19.475138121546966,nan,13.141024768,3.70188288,5.165481984,223.652368384,84.730974208,16.0,0.0,16,12.6937088
3.5181586265563967,19.475138121546966,nan,13.141024768,3.701899264,5.165481984,223.652478976,84.730974208,16.0,0.0,16,12.6917632
3.534830637772878,17.67955801104972,nan,13.141024768,3.701899264,5.165481984,223.652478976,84.730974208,15.0,0.0,16,12.69055488
3.551502990722656,17.67955801104972,nan,13.141024768,3.701899264,5.333254144,223.729410048,84.730974208,15.0,0.0,16,12.709715968
3.568174695968628,17.67955801104972,nan,13.141024768,3.70210816,5.396168704,223.786565632,84.730974208,15.0,0.0,16,12.702126079999996
3.58484499057134,19.475138121546966,nan,13.141024768,3.702116352,5.396168704,223.786668032,84.730974208,16.0,0.0,16,12.701245439999997
3.601514728864034,19.475138121546966,nan,13.141024768,3.702120448,5.396168704,223.786704896,84.730974208,16.0,0.0,16,12.701204480000001
3.618186108271281,19.475138121546966,nan,13.141024768,3.70212864,5.396168704,223.786708992,84.730974208,16.0,0.0,16,12.699541503999999
3.6348562717437742,19.613259668508288,nan,13.141024768,3.702132736,5.396168704,223.786725376,84.730974208,16.0,0.0,16,12.699521024
3.6515299240748087,19.75138121546961,nan,13.141024768,3.702145024,5.396168704,223.786729472,84.730974208,16.0,0.0,16,12.698058751999998
3.668198839823405,19.75138121546961,nan,13.141024768,3.702153216,5.396168704,223.788363776,84.730974208,16.0,0.0,16,12.696956927999999
3.6848698178927104,19.75138121546961,nan,13.141024768,3.702165504,5.396168704,223.788363776,84.730974208,16.0,0.0,16,12.696944639999998
3.701539162794749,16.71270718232044,nan,13.141024768,3.702259712,5.396168704,223.789166592,84.730974208,14.0,0.0,16,12.696047615999998
3.7182126879692077,20.16574585635359,nan,13.141024768,3.702284288,5.396168704,223.78921984,84.730974208,16.0,0.0,16,12.695089151999998
3.734885581334432,19.75138121546961,nan,13.141024768,3.702308864,5.396168704,223.792300032,84.730974208,16.0,0.0,16,12.692758527999999
3.7515593647956846,20.027624309392266,nan,13.141024768,3.702308864,5.396168704,223.79333632,84.730974208,16.0,0.0,16,12.691951616
3.7682317455609637,20.027624309392266,nan,13.141024768,3.702308864,5.396168704,223.793504256,84.730974208,16.0,0.0,16,12.69178368
3.7849037448565164,18.922651933701662,nan,13.141024768,3.702345728,5.398265856,223.802822656,84.730974208,15.0,0.0,16,12.698976256
3.801578720410665,15.469613259668513,nan,13.141024768,3.702329344,5.398265856,223.802822656,84.730974208,13.0,0.0,16,12.70052864
3.8182533740997315,21.132596685082873,nan,13.141024768,3.703054336,5.398265856,223.809179648,84.730974208,16.0,0.0,16,12.70468608
3.8349259972572325,19.889502762430944,nan,13.141024768,3.703058432,5.398265856,223.809429504,84.730974208,16.0,0.0,16,12.703797248000003
3.851600400606791,20.441988950276247,nan,13.141024768,3.703058432,5.398265856,223.809482752,84.730974208,16.0,0.0,16,12.703744000000002
3.8682769378026327,20.027624309392266,nan,13.141024768,3.703058432,5.398265856,223.809490944,84.730974208,16.0,0.0,16,12.703735808
3.8849497477213544,20.16574585635359,nan,13.141024768,3.703062528,5.398265856,223.80949504,84.730974208,16.0,0.0,16,12.703727616
3.901626785596212,20.16574585635359,nan,13.141024768,3.703201792,5.398265856,223.809523712,84.730974208,16.0,0.0,16,12.703817727999999
3.91830153465271,20.30386740331491,nan,13.141024768,3.703209984,5.398265856,223.809642496,84.730974208,16.0,0.0,16,12.703690751999998
3.9349729180336,20.30386740331491,nan,13.141024768,3.703222272,5.398265856,223.809646592,84.730974208,16.0,0.0,16,12.703932415999999
3.951645561059316,19.75138121546961,nan,13.141024768,3.70325504,5.425528832,223.821934592,84.730974208,15.0,0.0,16,12.701966336000002
3.968315005302429,20.718232044198892,nan,13.141024768,3.703250944,5.425528832,223.822077952,84.730974208,16.0,0.0,16,12.701827071999997
3.9849860072135925,20.30386740331491,nan,13.141024768,3.70325504,5.425528832,223.822082048,84.730974208,16.0,0.0,16,12.701818880000001
4.001657183965047,20.30386740331491,nan,13.141024768,3.70325504,5.425528832,223.822082048,84.730974208,16.0,0.0,16,12.701818880000001
4.018331209818522,20.58011049723757,nan,13.141024768,3.703296,5.425528832,223.822102528,84.730974208,16.0,0.0,16,12.701757439999998
4.035007679462433,20.30386740331491,nan,13.141024768,3.703296,5.425528832,223.822139392,84.730974208,16.0,0.0,16,12.701720575999996
4.051679956912994,21.132596685082873,nan,13.141024768,3.703345152,5.425528832,223.822147584,84.730974208,16.0,0.0,16,12.701917184
4.068352576096853,20.441988950276247,nan,13.141024768,3.703328768,5.425528832,223.822176256,84.730974208,16.0,0.0,16,12.701904895999999
4.085025453567505,19.198895027624307,nan,13.141024768,3.703332864,5.425528832,223.822188544,84.730974208,15.0,0.0,16,12.701888512
4.101699193318685,20.441988950276247,nan,13.141024768,3.703349248,5.425528832,223.82219264,84.730974208,16.0,0.0,16,12.701868032
4.118373644351959,20.441988950276247,nan,13.141024768,3.703349248,5.425528832,223.822196736,84.730974208,16.0,0.0,16,12.701863935999999
4.135047177473704,20.441988950276247,nan,13.141024768,3.703386112,5.425528832,223.822209024,84.730974208,16.0,0.0,16,12.701814784
4.151719256242116,19.198895027624307,nan,13.141024768,3.703394304,5.425528832,223.822221312,84.730974208,15.0,0.0,16,12.701794304
4.16839348077774,20.441988950276247,nan,13.141024768,3.703427072,5.425528832,223.8222336,84.730974208,16.0,0.0,16,12.701749247999999
4.185065122445424,20.856353591160225,nan,13.141024768,3.703578624,5.425528832,223.822340096,84.730974208,16.0,0.0,16,12.7014912
4.201741154988607,20.441988950276247,nan,13.141024768,3.703578624,5.425528832,223.822344192,84.730974208,16.0,0.0,16,12.701487104000002
4.218414171536764,20.441988950276247,nan,13.141024768,3.703599104,5.425528832,223.822344192,84.730974208,16.0,0.0,16,12.701466624000002
4.2350871960322065,20.441988950276247,nan,13.141024768,3.703599104,5.425528832,223.822352384,84.730974208,16.0,0.0,16,12.701458431999999
4.251759735743205,20.856353591160225,nan,13.141024768,3.703713792,5.425528832,223.822364672,84.730974208,16.0,0.0,16,12.701331456000002
4.268434202671051,18.922651933701662,nan,13.141024768,3.703713792,5.446500352,223.828574208,84.730974208,15.0,0.0,16,12.703608832
4.2851057330767315,20.58011049723757,nan,13.141024768,3.703857152,5.488447488,223.83335424,84.730974208,16.0,0.0,16,12.70177792
4.301778304576874,20.58011049723757,nan,13.141024768,3.703865344,5.488447488,223.833358336,84.730974208,16.0,0.0,16,12.701765631999999
4.318450685342153,21.132596685082873,nan,13.141024768,3.703914496,5.488447488,223.83337472,84.730974208,16.0,0.0,16,12.700504063999999
4.335123952229818,20.718232044198892,nan,13.141024768,3.70393088,5.488447488,223.833378816,84.730974208,16.0,0.0,16,12.700483583999999
4.351797044277191,18.922651933701662,nan,13.141024768,3.70393088,5.488447488,223.833382912,84.730974208,15.0,0.0,16,12.700479487999997
4.368469913800557,20.856353591160225,nan,13.141024768,3.707625472,5.488447488,223.833473024,84.730974208,16.0,0.0,16,12.698710015999998
4.385142433643341,20.856353591160225,nan,13.141024768,3.707633664,5.488447488,223.83347712,84.730974208,16.0,0.0,16,12.698697728
4.4018155614535015,19.33701657458563,nan,13.141024768,3.70763776,5.488447488,223.833489408,84.730974208,15.0,0.0,16,12.698681343999999
4.41848619778951,19.75138121546961,nan,13.141024768,3.707654144,5.49056512,223.848976384,84.730974208,15.0,0.0,16,12.699639808
4.4351613561312355,20.994475138121548,nan,13.141024768,3.70767872,5.492662272,223.85149952,84.730974208,16.0,0.0,16,12.699189248
4.451833967367808,21.132596685082873,nan,13.141024768,3.707691008,5.505245184,223.851696128,84.730974208,16.0,0.0,16,12.698619904000001
4.468509682019552,19.475138121546966,nan,13.141024768,3.7076992,5.507342336,223.852306432,84.730974208,15.0,0.0,16,12.6966784
4.485183334350586,19.889502762430944,nan,13.141024768,3.707768832,5.507342336,223.85231872,84.730974208,15.0,0.0,16,12.697100288000001
4.501861023902893,20.027624309392266,nan,13.141024768,3.707756544,5.509439488,223.852335104,84.730974208,15.0,0.0,16,12.699193344000003
4.518536686897278,20.994475138121548,nan,13.141024768,3.70776064,5.515751424,223.858556928,84.730974208,16.0,0.0,16,12.703043584
4.535210212071736,20.994475138121548,nan,13.141024768,3.707764736,5.515751424,223.858630656,84.730974208,16.0,0.0,16,12.702965759999998
4.551881142457327,21.132596685082873,nan,13.141024768,3.707764736,5.515751424,223.858634752,84.730974208,16.0,0.0,16,12.702961663999996
4.568558418750763,21.132596685082873,nan,13.141024768,3.707764736,5.515751424,223.858712576,84.730974208,16.0,0.0,16,12.702883839999998
4.585232059160869,21.132596685082873,nan,13.141024768,3.707764736,5.515751424,223.858712576,84.730974208,16.0,0.0,16,12.703113215999998
4.601903645197551,21.132596685082873,nan,13.141024768,3.707764736,5.515751424,223.858716672,84.730974208,16.0,0.0,16,12.702543871999996
4.618574253718058,20.16574585635359,nan,13.141024768,3.7078016,5.52204288,223.858737152,84.730974208,15.0,0.0,16,12.710928383999999
4.63524831533432,21.40883977900553,nan,13.141024768,3.707817984,5.52204288,223.860178944,84.730974208,16.0,0.0,16,12.713332735999998
4.65192395846049,21.132596685082873,nan,13.141024768,3.707920384,5.52204288,223.86018304,84.730974208,16.0,0.0,16,12.713226239999997
4.668596732616424,19.198895027624307,nan,13.141024768,3.707920384,5.52204288,223.860187136,84.730974208,15.0,0.0,16,12.713222144
4.685267333189646,20.994475138121548,nan,13.141024768,3.709165568,5.52204288,223.860215808,84.730974208,16.0,0.0,16,12.712980479999999
4.701943763097128,18.646408839779006,nan,13.141024768,3.709227008,5.52204288,223.860269056,84.730974208,14.0,0.0,16,12.712865791999999
4.7186182300249735,22.37569060773481,nan,13.141024768,3.709210624,5.52204288,223.860289536,84.730974208,16.0,0.0,16,12.711542783999999
4.735292470455169,21.270718232044196,nan,13.141024768,3.709227008,5.52204288,223.860289536,84.730974208,16.0,0.0,16,12.712558592
4.751966456572215,19.475138121546966,nan,13.141024768,3.709259776,5.52204288,223.860297728,84.730974208,15.0,0.0,16,12.712517632
4.768643991152445,21.270718232044196,nan,13.141024768,3.709251584,5.52204288,223.860301824,84.730974208,16.0,0.0,16,12.710690816
4.785330009460449,21.270718232044196,nan,13.141024768,3.709251584,5.52204288,223.86049024,84.730974208,16.0,0.0,16,12.708900864
4.80200381676356,21.270718232044196,nan,13.141024768,3.709251584,5.52204288,223.860494336,84.730974208,16.0,0.0,16,12.708896767999999
4.818679289023081,20.30386740331491,nan,13.141024768,3.709288448,5.524148224,223.862595584,84.730974208,15.0,0.0,16,12.705845248
4.835348518689473,21.54696132596685,nan,13.141024768,3.709370368,5.524148224,223.862718464,84.730974208,16.0,0.0,16,12.705640447999997
4.85202169418335,20.30386740331491,nan,13.141024768,3.709370368,5.524148224,223.862808576,84.730974208,15.0,0.0,16,12.704153599999998
4.868691619237264,20.30386740331491,nan,13.141024768,3.70939904,5.5514112,223.884140544,84.730974208,15.0,0.0,16,12.707778559999998
4.885365990797679,20.718232044198892,nan,13.141024768,3.709407232,5.58286848,223.90562816,84.730974208,15.0,0.0,16,12.696506368
4.902035470803579,21.685082872928174,nan,13.141024768,3.709415424,5.58286848,223.905632256,84.730974208,16.0,0.0,16,12.695609344
4.918707315127055,21.685082872928174,nan,13.141024768,3.709448192,5.58286848,223.905652736,84.730974208,16.0,0.0,16,12.695556095999999
4.93538016875585,19.613259668508288,nan,13.141024768,3.709448192,5.58286848,223.905656832,84.730974208,15.0,0.0,16,12.695552000000001
4.952059272925059,21.685082872928174,nan,13.141024768,3.710406656,5.58286848,223.905665024,84.730974208,16.0,0.0,16,12.695617535999999
4.968730906645457,21.685082872928174,nan,13.141024768,3.710414848,5.58286848,223.905767424,84.730974208,16.0,0.0,16,12.695506944
4.985400593280792,20.30386740331491,nan,13.141024768,3.710418944,5.59335424,223.928885248,84.730974208,15.0,0.0,16,12.704374783999999
5.002070411046346,20.441988950276247,nan,13.141024768,3.710676992,5.599645696,223.961993216,84.730974208,15.0,0.0,16,12.712468480000002
5.018740542729696,20.441988950276247,nan,13.141024768,3.710676992,5.605937152,223.997837312,84.730974208,15.0,0.0,16,12.707852288000002
5.035413058598836,20.441988950276247,nan,13.141024768,3.710676992,5.622714368,224.003411968,84.730974208,15.0,0.0,16,12.713566208
5.052084469795227,18.78453038674033,nan,13.141024768,3.710693376,5.683531776,224.0221184,84.730974208,14.0,0.0,16,12.712681472000003
5.06875567038854,20.58011049723757,nan,13.141024768,3.710676992,5.710794752,224.026292224,84.730974208,15.0,0.0,16,12.716040192
5.0854255358378095,20.58011049723757,nan,13.141024768,3.710676992,5.744349184,224.037146624,84.730974208,15.0,0.0,16,12.720898047999999
5.1020950198173525,20.58011049723757,nan,13.141024768,3.710676992,5.744349184,224.037146624,84.730974208,15.0,0.0,16,12.720898047999999
5.118766554196676,19.198895027624307,nan,13.141024768,3.710676992,5.775806464,224.068571136,84.730974208,14.0,0.0,16,12.723539967999999
5.135439590613047,21.132596685082873,nan,13.141024768,3.710676992,5.775806464,224.068747264,84.730974208,15.0,0.0,16,12.72336384
5.15211075146993,19.060773480662984,nan,13.141024768,3.710693376,5.775806464,224.068747264,84.730974208,14.0,0.0,16,12.723347455999997
5.168784598509471,20.718232044198892,nan,13.141024768,3.710681088,5.775806464,224.068759552,84.730974208,15.0,0.0,16,12.723347455999997
5.185461314519246,20.718232044198892,nan,13.141024768,3.710681088,5.775806464,224.068763648,84.730974208,15.0,0.0,16,12.72334336
5.202130989233653,20.718232044198892,nan,13.141024768,3.710681088,5.775806464,224.068763648,84.730974208,15.0,0.0,16,12.723830783999999
5.218808805942535,20.856353591160225,nan,13.141024768,3.710681088,5.780000768,224.072974336,84.730974208,15.0,0.0,16,12.722835455999999
5.235478909810384,20.856353591160225,nan,13.141024768,3.711152128,5.458870272,224.001191936,84.730974208,15.0,0.0,16,12.727885823999996
5.252151668071747,21.54696132596685,nan,13.141024768,3.711152128,5.458870272,224.001196032,84.730974208,16.0,0.0,16,12.727881727999998
5.268824295202891,21.54696132596685,nan,13.141024768,3.711152128,5.458870272,224.001200128,84.730974208,16.0,0.0,16,12.725145600000003
5.2854945182800295,19.889502762430944,nan,13.141024768,3.711348736,5.458870272,224.001794048,84.730974208,15.0,0.0,16,12.720721919999997
5.302164165178935,21.54696132596685,nan,13.141024768,3.711352832,5.463064576,224.007122944,84.730974208,16.0,0.0,16,12.715614208000002
5.318833430608113,21.54696132596685,nan,13.141024768,3.711352832,5.463064576,224.007122944,84.730974208,16.0,0.0,16,12.708810752000002
5.3355120658874515,21.54696132596685,nan,13.141024768,3.711352832,5.463064576,224.007155712,84.730974208,16.0,0.0,16,12.708777984000001
5.352183719476064,21.685082872928174,nan,13.141024768,3.711352832,5.463064576,224.007159808,84.730974208,16.0,0.0,16,12.70851584
5.368855440616608,21.685082872928174,nan,13.141024768,3.711352832,5.463064576,224.00917504,84.730974208,16.0,0.0,16,12.699918336
5.385532291730245,22.651933701657455,nan,13.141024768,3.71181568,5.463064576,224.00919552,84.730974208,16.0,0.0,16,12.700209152
5.402211582660675,20.441988950276247,nan,13.141024768,3.71181568,5.463064576,224.009203712,84.730974208,15.0,0.0,16,12.70020096
5.418883379300436,21.823204419889507,nan,13.141024768,3.71181568,5.463064576,224.009211904,84.730974208,16.0,0.0,16,12.700192767999997
5.435559964179992,21.270718232044196,nan,13.141024768,3.71183616,5.484068864,224.02101248,84.730974208,15.0,0.0,16,12.704567295999997
5.452234172821045,20.718232044198892,nan,13.141024768,3.71185664,5.484068864,224.021245952,84.730974208,15.0,0.0,16,12.702957567999999
5.468906966845195,21.685082872928174,nan,13.141024768,3.711840256,5.484068864,224.021639168,84.730974208,16.0,0.0,16,12.702580736000002
5.485576701164246,21.685082872928174,nan,13.141024768,3.711840256,5.484068864,224.021643264,84.730974208,16.0,0.0,16,12.70257664
5.502245728174845,19.475138121546966,nan,13.141024768,3.711987712,5.484068864,224.02164736,84.730974208,15.0,0.0,16,12.702425087999998
5.518914624055227,21.685082872928174,nan,13.141024768,3.712032768,5.484068864,224.021651456,84.730974208,16.0,0.0,16,12.701134847999999
5.535584207375845,20.994475138121548,nan,13.141024768,3.712053248,5.484068864,224.022126592,84.730974208,15.0,0.0,16,12.700639232
5.552258141835531,21.823204419889507,nan,13.141024768,3.712045056,5.484068864,224.02215936,84.730974208,16.0,0.0,16,12.700614655999999
5.568928428490957,20.441988950276247,nan,13.141024768,3.712139264,5.488263168,224.022335488,84.730974208,15.0,0.0,16,12.70034432
5.5855993866920475,21.823204419889507,nan,13.141024768,3.712135168,5.488263168,224.022433792,84.730974208,16.0,0.0,16,12.691087360000001
5.602272200584411,22.237569060773478,nan,13.141024768,3.713089536,5.488263168,224.022458368,84.730974208,16.0,0.0,16,12.691394560000003
5.618943397204081,21.96132596685083,nan,13.141024768,3.71308544,5.488263168,224.022458368,84.730974208,16.0,0.0,16,12.691398656
5.63561547199885,22.651933701657455,nan,13.141024768,3.71310592,5.496651776,224.025391104,84.730974208,16.0,0.0,16,12.688703487999998
5.652293781439464,22.237569060773478,nan,13.141024768,3.71310592,5.496651776,224.025399296,84.730974208,16.0,0.0,16,12.688695295999999
5.668965522448222,22.237569060773478,nan,13.141024768,3.713122304,5.496651776,224.02551808,84.730974208,16.0,0.0,16,12.688560128000002
5.685645071665446,20.994475138121548,nan,13.141024768,3.713142784,5.5218176,224.045203456,84.730974208,15.0,0.0,16,12.695896064000001
5.702317011356354,22.099447513812155,nan,13.141024768,3.7131264,5.5218176,224.045207552,84.730974208,16.0,0.0,16,12.695908351999998
5.718990969657898,22.099447513812155,nan,13.141024768,3.713142784,5.5218176,224.045211648,84.730974208,16.0,0.0,16,12.695887872000002
5.7356667757034305,21.270718232044196,nan,13.141024768,3.713179648,5.5218176,224.0454656,84.730974208,15.0,0.0,16,12.696354815999998
5.752342287699381,21.96132596685083,nan,13.141024768,3.713171456,5.5218176,224.045539328,84.730974208,16.0,0.0,16,12.696289279999997
5.769014330705007,19.75138121546961,nan,13.141024768,3.714572288,5.5218176,224.045551616,84.730974208,15.0,0.0,16,12.696682496
5.785684915383657,20.994475138121548,nan,13.141024768,3.71468288,5.5218176,224.045563904,84.730974208,15.0,0.0,16,12.696817664
5.802355623245239,22.237569060773478,nan,13.141024768,3.714670592,5.5218176,224.045568,84.730974208,16.0,0.0,16,12.696825855999998
5.819026700655619,22.237569060773478,nan,13.141024768,3.714670592,5.5218176,224.04560896,84.730974208,16.0,0.0,16,12.697817087999999
5.8356969912846886,20.441988950276247,nan,13.141024768,3.714670592,5.5218176,224.05599232,84.730974208,15.0,0.0,16,12.696100864
5.852366423606872,20.441988950276247,nan,13.141024768,3.714711552,5.54278912,224.066904064,84.730974208,15.0,0.0,16,12.701663232
5.8690354784329735,20.856353591160225,nan,13.141024768,3.714695168,5.544886272,224.066916352,84.730974208,15.0,0.0,16,12.699570176000002
5.8857069929440815,22.237569060773478,nan,13.141024768,3.714715648,5.544886272,224.066932736,84.730974208,16.0,0.0,16,12.699533312000003
5.902378761768341,22.237569060773478,nan,13.141024768,3.714715648,5.544886272,224.066936832,84.730974208,16.0,0.0,16,12.699787264000001
5.919051929314931,22.513812154696133,nan,13.141024768,3.714727936,5.544886272,224.066940928,84.730974208,16.0,0.0,16,12.699770880000003
5.935725748538971,22.513812154696133,nan,13.141024768,3.714732032,5.544886272,224.066940928,84.730974208,16.0,0.0,16,12.699766784000001
5.952397239208222,21.132596685082873,nan,13.141024768,3.714768896,5.544886272,224.06701056,84.730974208,15.0,0.0,16,12.699660288
5.96906840801239,22.513812154696133,nan,13.141024768,3.714752512,5.544886272,224.067080192,84.730974208,16.0,0.0,16,12.69960704
5.985741476217906,22.513812154696133,nan,13.141024768,3.714768896,5.544886272,224.067084288,84.730974208,16.0,0.0,16,12.69958656
6.0024153391520185,22.513812154696133,nan,13.141024768,3.714768896,5.544886272,224.067084288,84.730974208,16.0,0.0,16,12.69958656
6.019094888369242,22.651933701657455,nan,13.141024768,3.71478528,5.544886272,224.067088384,84.730974208,16.0,0.0,16,12.69956608
6.035770185788473,22.651933701657455,nan,13.141024768,3.71478528,5.544886272,224.06709248,84.730974208,16.0,0.0,16,12.699561983999999
6.052439951896668,21.270718232044196,nan,13.141024768,3.714813952,5.544886272,224.067301376,84.730974208,15.0,0.0,16,12.699324416
6.0691110491752625,22.928176795580114,nan,13.141024768,3.714801664,5.544886272,224.067325952,84.730974208,16.0,0.0,16,12.699312128000003
6.08578059275945,22.928176795580114,nan,13.141024768,3.714813952,5.544886272,224.067330048,84.730974208,16.0,0.0,16,12.699295744
6.10245023171107,22.928176795580114,nan,13.141024768,3.714822144,5.544886272,224.067330048,84.730974208,16.0,0.0,16,12.699287552000001
6.119127380847931,22.928176795580114,nan,13.141024768,3.714838528,5.544886272,224.067334144,84.730974208,16.0,0.0,16,12.699267071999998
6.135796542962392,22.928176795580114,nan,13.141024768,3.714850816,5.544886272,224.06733824,84.730974208,16.0,0.0,16,12.699250688000003
6.152467481295267,22.928176795580114,nan,13.141024768,3.714863104,5.544886272,224.067547136,84.730974208,16.0,0.0,16,12.699029504000002
6.169143545627594,22.790055248618778,nan,13.141024768,3.715006464,5.544886272,224.067567616,84.730974208,16.0,0.0,16,12.698865664000003
6.185815731684367,22.790055248618778,nan,13.141024768,3.715006464,5.544886272,224.067571712,84.730974208,16.0,0.0,16,12.698861567999998
6.202484754721324,22.790055248618778,nan,13.141024768,3.715022848,5.544886272,224.067571712,84.730974208,16.0,0.0,16,12.698845184
6.219157477219899,21.823204419889507,nan,13.141024768,3.715022848,5.544886272,224.067608576,84.730974208,15.0,0.0,16,12.698808320000001
6.235828864574432,22.928176795580114,nan,13.141024768,3.715039232,5.544886272,224.067637248,84.730974208,16.0,0.0,16,12.698763264
6.252499186992646,22.928176795580114,nan,13.141024768,3.715039232,5.544886272,224.067653632,84.730974208,16.0,0.0,16,12.698746880000002
6.2691690325737,22.928176795580114,nan,13.141024768,3.715055616,5.544886272,224.067657728,84.730974208,16.0,0.0,16,12.698726399999998
6.285840129852295,22.928176795580114,nan,13.141024768,3.715055616,5.544886272,224.067661824,84.730974208,16.0,0.0,16,12.698722304
6.302510221799214,22.928176795580114,nan,13.141024768,3.715080192,5.544886272,224.067661824,84.730974208,16.0,0.0,16,12.698697728000003
6.319180715084076,22.928176795580114,nan,13.141024768,3.715207168,5.544886272,224.067674112,84.730974208,16.0,0.0,16,12.698804224
6.335850997765859,22.928176795580114,nan,13.141024768,3.715207168,5.544886272,224.06815744,84.730974208,16.0,0.0,16,12.698320896000002
6.352523974577585,21.40883977900553,nan,13.141024768,3.715211264,5.544886272,224.068165632,84.730974208,15.0,0.0,16,12.698308608000001
6.369195612271627,22.790055248618778,nan,13.141024768,3.715227648,5.567954944,224.116822016,84.730974208,16.0,0.0,16,12.713312256000002
6.385869240760803,22.790055248618778,nan,13.141024768,3.715227648,5.567954944,224.116830208,84.730974208,16.0,0.0,16,12.713304063999999
6.402543246746063,22.928176795580114,nan,13.141024768,3.715227648,5.567954944,224.11685888,84.730974208,16.0,0.0,16,12.713275392
6.419216668605804,23.20441988950276,nan,13.141024768,3.715588096,5.570052096,224.119660544,84.730974208,16.0,0.0,16,12.712984575999997
6.435889148712159,21.40883977900553,nan,13.141024768,3.715571712,5.570052096,224.11966464,84.730974208,15.0,0.0,16,12.712996864
6.452559415499369,22.928176795580114,nan,13.141024768,3.71560448,5.570052096,224.119681024,84.730974208,16.0,0.0,16,12.712189952
6.469230524698893,23.066298342541437,nan,13.141024768,3.715608576,5.570052096,224.119681024,84.730974208,16.0,0.0,16,12.710813695999999
6.485902818044027,23.066298342541437,nan,13.141024768,3.715608576,5.570052096,224.119713792,84.730974208,16.0,0.0,16,12.709576703999996
6.502573498090109,23.342541436464092,nan,13.141024768,3.715612672,5.570052096,224.119717888,84.730974208,16.0,0.0,16,12.709568512
6.519245835145314,23.480662983425415,nan,13.141024768,3.715616768,5.570052096,224.119824384,84.730974208,16.0,0.0,16,12.7092736
6.535915577411652,23.480662983425415,nan,13.141024768,3.715633152,5.570052096,224.11982848,84.730974208,16.0,0.0,16,12.70925312
6.552585371335348,21.685082872928174,nan,13.141024768,3.715796992,5.570052096,224.119857152,84.730974208,15.0,0.0,16,12.709060607999998
6.569256202379862,23.618784530386737,nan,13.141024768,3.7157888,5.570052096,224.119857152,84.730974208,16.0,0.0,16,12.7090688
6.585927367210388,23.618784530386737,nan,13.141024768,3.715579904,5.570052096,224.119865344,84.730974208,16.0,0.0,16,12.709269504000002
6.602601393063863,23.618784530386737,nan,13.141024768,3.715588096,5.570052096,224.11986944,84.730974208,16.0,0.0,16,12.709257215999997
6.619269879659017,23.618784530386737,nan,13.141024768,3.71560448,5.570052096,224.11986944,84.730974208,16.0,0.0,16,12.709240831999999
6.635938556989034,23.618784530386737,nan,13.141024768,3.715616768,5.570052096,224.119873536,84.730974208,16.0,0.0,16,12.709224447999997
6.652611569563548,23.618784530386737,nan,13.141024768,3.715629056,5.570052096,224.119877632,84.730974208,16.0,0.0,16,12.710498303999998
6.669286719957987,23.618784530386737,nan,13.141024768,3.715637248,5.570052096,224.119877632,84.730974208,16.0,0.0,16,12.710748159999998
6.685960288842519,23.618784530386737,nan,13.141024768,3.71564544,5.570052096,224.119881728,84.730974208,16.0,0.0,16,12.710735872
6.702629864215851,23.618784530386737,nan,13.141024768,3.715653632,5.570052096,224.119885824,84.730974208,16.0,0.0,16,12.710723584
6.719299658139547,23.618784530386737,nan,13.141024768,3.715657728,5.570052096,224.11988992,84.730974208,16.0,0.0,16,12.710715391999997
6.735968585809072,23.756906077348063,nan,13.141024768,3.71566592,5.570052096,224.11988992,84.730974208,16.0,0.0,16,12.710707199999998
6.752640302975973,23.756906077348063,nan,13.141024768,3.715678208,5.570052096,224.119894016,84.730974208,16.0,0.0,16,12.710690816
6.769310414791107,23.756906077348063,nan,13.141024768,3.7156864,5.570052096,224.119898112,84.730974208,16.0,0.0,16,12.710678527999999
6.785979950428009,21.96132596685083,nan,13.141024768,3.715694592,5.570052096,224.119898112,84.730974208,15.0,0.0,16,12.710670335999996
6.80265101591746,24.03314917127072,nan,13.141024768,3.716886528,5.570052096,224.119918592,84.730974208,16.0,0.0,16,12.710232064
6.8193204522132875,24.03314917127072,nan,13.141024768,3.71689472,5.570052096,224.119922688,84.730974208,16.0,0.0,16,12.710477823999998
6.835989677906037,24.03314917127072,nan,13.141024768,3.716907008,5.570052096,224.11993088,84.730974208,16.0,0.0,16,12.710457343999998
6.852660401662191,24.03314917127072,nan,13.141024768,3.716923392,5.570052096,224.119934976,84.730974208,16.0,0.0,16,12.711751679999995
6.8693305929501856,24.17127071823204,nan,13.141024768,3.716923392,5.570052096,224.119939072,84.730974208,16.0,0.0,16,12.711755776
6.886001181602478,24.17127071823204,nan,13.141024768,3.716943872,5.570052096,224.119939072,84.730974208,16.0,0.0,16,12.711964671999997
6.902675533294678,24.17127071823204,nan,13.141024768,3.716943872,5.570052096,224.119943168,84.730974208,16.0,0.0,16,12.711960576
6.919346769650777,22.513812154696133,nan,13.141024768,3.717001216,5.570052096,224.119963648,84.730974208,15.0,0.0,16,12.711882751999998
6.936015252272288,24.309392265193374,nan,13.141024768,3.717005312,5.570052096,224.119963648,84.730974208,16.0,0.0,16,12.711878655999996
6.952684764067332,23.20441988950276,nan,13.141024768,3.71728384,5.570052096,224.12009472,84.730974208,15.0,0.0,16,12.711727103999998
6.969359457492828,24.309392265193374,nan,13.141024768,3.717287936,5.570052096,224.120098816,84.730974208,16.0,0.0,16,12.711718911999998
6.986029223601023,23.480662983425415,nan,13.141024768,3.717308416,5.5784448,224.134909952,84.730974208,15.0,0.0,16,12.713209855999999
7.002702820301056,24.309392265193374,nan,13.141024768,3.71730432,5.5784448,224.134914048,84.73307136,16.0,0.0,16,12.713209855999999
7.019373961289724,24.309392265193374,nan,13.141024768,3.717320704,5.5784448,224.13494272,84.73307136,16.0,0.0,16,12.711481344000003
7.036046000321706,24.309392265193374,nan,13.141024768,3.7173248,5.5784448,224.13494272,84.73307136,16.0,0.0,16,12.711477248000001
7.052718738714854,22.928176795580114,nan,13.141024768,3.717357568,5.5784448,224.134950912,84.73307136,15.0,0.0,16,12.709961728
7.069390265146891,24.309392265193374,nan,13.141024768,3.717341184,5.5784448,224.134955008,84.73307136,16.0,0.0,16,12.709974016
7.086064195632934,23.618784530386737,nan,13.141024768,3.717640192,5.5784448,224.134967296,84.73307136,15.0,0.0,16,12.70966272
7.102734231948853,24.447513812154696,nan,13.141024768,3.717623808,5.5784448,224.135016448,84.73307136,16.0,0.0,16,12.709888000000003
7.119409386316935,24.447513812154696,nan,13.141024768,3.71765248,5.5784448,224.135020544,84.73307136,16.0,0.0,16,12.708564992
7.136080495516459,24.447513812154696,nan,13.141024768,3.71765248,5.5784448,224.13502464,84.73307136,16.0,0.0,16,12.708560896000002
7.152753766377767,24.447513812154696,nan,13.141024768,3.71765248,5.5784448,224.13502464,84.73307136,16.0,0.0,16,12.708560896000002
7.169424982865651,23.066298342541437,nan,13.141024768,3.71765248,5.59941632,224.135028736,84.73307136,15.0,0.0,16,12.7085568
7.1860954364140825,24.861878453038678,nan,13.141024768,3.717668864,5.601513472,224.135041024,84.73307136,16.0,0.0,16,12.70982656
7.20276681582133,24.447513812154696,nan,13.141024768,3.717685248,5.601513472,224.135041024,84.73307136,16.0,0.0,16,12.709810176000001
7.219439204533895,22.928176795580114,nan,13.141024768,3.717771264,5.601513472,224.135061504,84.73307136,15.0,0.0,16,12.70970368
7.2361132264137265,24.58563535911602,nan,13.141024768,3.71777536,5.601513472,224.1350656,84.73307136,16.0,0.0,16,12.709695487999998
7.252782344818115,24.58563535911602,nan,13.141024768,3.71777536,5.601513472,224.1350656,84.73307136,16.0,0.0,16,12.709695487999998
7.269452297687531,24.58563535911602,nan,13.141024768,3.717791744,5.601513472,224.135114752,84.73307136,16.0,0.0,16,12.709371904000001
7.2861234943072,24.58563535911602,nan,13.141024768,3.717799936,5.601513472,224.135118848,84.73307136,16.0,0.0,16,12.709359616
7.302794313430786,24.58563535911602,nan,13.141024768,3.71781632,5.601513472,224.135118848,84.73307136,16.0,0.0,16,12.709343231999998
7.3194658597310385,24.723756906077345,nan,13.141024768,3.717824512,5.601513472,224.135122944,84.73307136,16.0,0.0,16,12.709330943999998
7.3361369649569195,24.723756906077345,nan,13.141024768,3.717840896,5.601513472,224.13512704,84.73307136,16.0,0.0,16,12.709310464000001
7.352807303269704,24.723756906077345,nan,13.141024768,3.717840896,5.601513472,224.13512704,84.73307136,16.0,0.0,16,12.709310464000001
7.369478344917297,24.723756906077345,nan,13.141024768,3.71785728,5.601513472,224.135135232,84.73307136,16.0,0.0,16,12.709285888
7.3861492355664575,24.723756906077345,nan,13.141024768,3.717861376,5.601513472,224.135139328,84.73307136,16.0,0.0,16,12.709031936000002
7.4028184374173485,24.723756906077345,nan,13.141024768,3.71787776,5.601513472,224.135143424,84.73307136,16.0,0.0,16,12.709011455999999
7.419493448734284,23.480662983425415,nan,13.141024768,3.717894144,5.601513472,224.136749056,84.73307136,15.0,0.0,16,12.709195776000001
7.4361643354098,24.447513812154696,nan,13.141024768,3.71787776,5.601513472,224.136753152,84.73307136,16.0,0.0,16,12.709208063999998
7.452833807468414,24.447513812154696,nan,13.141024768,3.71787776,5.601513472,224.136761344,84.73307136,16.0,0.0,16,12.708749311999998
7.469508878389994,24.447513812154696,nan,13.141024768,3.71787776,5.601513472,224.136761344,84.73307136,16.0,0.0,16,12.708749311999998
7.486180281639099,24.447513812154696,nan,13.141024768,3.71787776,5.601513472,224.13676544,84.73307136,16.0,0.0,16,12.708745216
7.5028516292572025,24.447513812154696,nan,13.141024768,3.71787776,5.601513472,224.136769536,84.73307136,16.0,0.0,16,12.70874112
7.519524733225505,24.58563535911602,nan,13.141024768,3.71787776,5.601513472,224.136769536,84.73307136,16.0,0.0,16,12.70874112
7.536196033159892,24.58563535911602,nan,13.141024768,3.71787776,5.601513472,224.136773632,84.73307136,16.0,0.0,16,12.708737023999998
7.55286853313446,24.861878453038678,nan,13.141024768,3.71787776,5.601513472,224.136777728,84.73307136,16.0,0.0,16,12.708732928
7.569540854295095,24.861878453038678,nan,13.141024768,3.71787776,5.601513472,224.136777728,84.73307136,16.0,0.0,16,12.708732928
7.586214729150137,24.861878453038678,nan,13.141024768,3.71787776,5.601513472,224.136781824,84.73307136,16.0,0.0,16,12.708728831999998
7.602883990605672,25.0,nan,13.141024768,3.71787776,5.601513472,224.13678592,84.73307136,16.0,0.0,16,12.708724736
7.619560285409292,25.0,nan,13.141024768,3.717894144,5.601513472,224.136790016,84.73307136,16.0,0.0,16,12.708704256
7.636230901877085,23.20441988950276,nan,13.141024768,3.717894144,5.601513472,224.136794112,84.73307136,15.0,0.0,16,12.70870016
7.652902587254842,25.0,nan,13.141024768,3.717906432,5.601513472,224.136810496,84.73307136,16.0,0.0,16,12.708671488
7.669574936230977,25.0,nan,13.141024768,3.71791872,5.601513472,224.136810496,84.73307136,16.0,0.0,16,12.7086592
7.686245167255402,25.0,nan,13.141024768,3.71791872,5.601513472,224.13686784,84.73307136,16.0,0.0,16,12.708601855999998
7.7029180447260535,25.138121546961322,nan,13.141024768,3.717935104,5.601513472,224.136871936,84.73307136,16.0,0.0,16,12.708581376000001
7.719587707519532,25.138121546961322,nan,13.141024768,3.717935104,5.601513472,224.136871936,84.73307136,16.0,0.0,16,12.708581376000001
7.736263712247212,25.138121546961322,nan,13.141024768,3.717955584,5.601513472,224.136876032,84.73307136,16.0,0.0,16,12.7085568
7.7529328028361,25.276243093922655,nan,13.141024768,3.717955584,5.601513472,224.136884224,84.73307136,16.0,0.0,16,12.708548608000001
7.769609475135804,25.276243093922655,nan,13.141024768,3.717955584,5.601513472,224.136921088,84.73307136,16.0,0.0,16,12.708511744000003
7.786282138029734,25.276243093922655,nan,13.141024768,3.717971968,5.601513472,224.136921088,84.73307136,16.0,0.0,16,12.70849536
7.802960256735484,25.276243093922655,nan,13.141024768,3.717971968,5.601513472,224.136925184,84.73307136,16.0,0.0,16,12.708491264
7.819632935523987,25.276243093922655,nan,13.141024768,3.717988352,5.601513472,224.13692928,84.73307136,16.0,0.0,16,12.708470784
7.836302681763967,25.276243093922655,nan,13.141024768,3.717988352,5.601513472,224.13692928,84.73307136,16.0,0.0,16,12.708470784
7.852972014745077,25.552486187845304,nan,13.141024768,3.719811072,5.601513472,224.136957952,84.73307136,16.0,0.0,16,12.706619392
7.869647145271301,25.138121546961322,nan,13.141024768,3.719811072,5.601513472,224.136962048,84.73307136,16.0,0.0,16,12.707123200000002
7.886324755350748,25.138121546961322,nan,13.141024768,3.719811072,5.601513472,224.136962048,84.73307136,16.0,0.0,16,12.707684352000001
7.902996937433879,25.138121546961322,nan,13.141024768,3.719827456,5.601513472,224.136966144,84.73307136,16.0,0.0,16,12.707663871999998
7.919667589664459,25.138121546961322,nan,13.141024768,3.719827456,5.601513472,224.13697024,84.73307136,16.0,0.0,16,12.707659776
7.936341730753581,25.276243093922655,nan,13.141024768,3.719827456,5.601513472,224.13697024,84.73307136,16.0,0.0,16,12.707659776
7.953014572461446,25.276243093922655,nan,13.141024768,3.71984384,5.601513472,224.136974336,84.73307136,16.0,0.0,16,12.707868672
7.969685991605123,24.17127071823204,nan,13.141024768,3.71984384,5.601513472,224.137027584,84.73307136,15.0,0.0,16,12.707557376
7.9863596479098,25.276243093922655,nan,13.141024768,3.71984384,5.601513472,224.137027584,84.73307136,16.0,0.0,16,12.707557376
8.003032581011455,25.276243093922655,nan,13.141024768,3.71984384,5.601513472,224.13703168,84.73307136,16.0,0.0,16,12.707553279999999
8.01970956325531,25.276243093922655,nan,13.141024768,3.71984384,5.601513472,224.137035776,84.73307136,16.0,0.0,16,12.707549184000001
8.036383597056071,25.552486187845304,nan,13.141024768,3.71984384,5.603610624,224.139784192,84.73307136,16.0,0.0,16,12.711215104000003
8.053057571252188,23.342541436464092,nan,13.141024768,3.71984384,5.603610624,224.139788288,84.73307136,15.0,0.0,16,12.711211008000001
8.069731283187867,25.138121546961322,nan,13.141024768,3.71984384,5.603610624,224.139804672,84.73307136,16.0,0.0,16,12.711194623999999
8.086403874556224,25.138121546961322,nan,13.141024768,3.71984384,5.603610624,224.139804672,84.73307136,16.0,0.0,16,12.711194623999999
8.103075337409972,25.138121546961322,nan,13.141024768,3.71984384,5.603610624,224.139808768,84.73307136,16.0,0.0,16,12.711190528000001
8.119748481114705,24.309392265193374,nan,13.141024768,3.719860224,5.607804928,224.13981696,84.73307136,15.0,0.0,16,12.710584319999999
8.136423774560292,25.276243093922655,nan,13.141024768,3.71984384,5.607804928,224.139821056,84.73307136,16.0,0.0,16,12.710596608
8.153097705046337,25.276243093922655,nan,13.141024768,3.71984384,5.607804928,224.139821056,84.73307136,16.0,0.0,16,12.710596608
8.169770367940266,23.066298342541437,nan,13.141024768,3.71984384,5.607804928,224.139825152,84.73307136,15.0,0.0,16,12.710592512000002
8.186443575223286,25.138121546961322,nan,13.141024768,3.719057408,5.607804928,224.139849728,84.73307136,16.0,0.0,16,12.710232064
8.203116023540497,25.690607734806626,nan,13.141024768,3.719057408,5.607804928,224.139849728,84.73307136,16.0,0.0,16,12.710232064
8.219790935516357,23.756906077348063,nan,13.141024768,3.719057408,5.609926656,224.139853824,84.73307136,15.0,0.0,16,12.70810624
8.236460614204407,23.756906077348063,nan,13.141024768,3.719061504,5.616218112,224.139915264,84.73307136,15.0,0.0,16,12.705943551999999
8.253133475780487,25.276243093922655,nan,13.141024768,3.719061504,5.616218112,224.139935744,84.73307136,16.0,0.0,16,12.704714752
8.269809945424397,25.41436464088398,nan,13.141024768,3.719061504,5.616218112,224.140029952,84.73307136,16.0,0.0,16,12.704620543999999
8.286482417583466,25.41436464088398,nan,13.141024768,3.719061504,5.616218112,224.140034048,84.73307136,16.0,0.0,16,12.704616448000001
8.303155028820038,25.41436464088398,nan,13.141024768,3.719061504,5.616218112,224.140034048,84.73307136,16.0,0.0,16,12.704616448000001
8.319827632109325,23.895027624309396,nan,13.141024768,3.719077888,5.616218112,224.1400832,84.73307136,15.0,0.0,16,12.704321536
8.336500207583109,25.41436464088398,nan,13.141024768,3.719061504,5.616218112,224.14030848,84.73307136,16.0,0.0,16,12.70411264
8.353174253304799,25.41436464088398,nan,13.141024768,3.719061504,5.616218112,224.14030848,84.73307136,16.0,0.0,16,12.70411264
8.369846721490225,25.41436464088398,nan,13.141024768,3.719061504,5.616218112,224.140312576,84.73307136,16.0,0.0,16,12.704108544000002
8.386520504951477,21.54696132596685,nan,13.141024768,3.719892992,5.616218112,224.140333056,84.73307136,14.0,0.0,16,12.704030719999997
8.403194355964661,25.96685082872928,nan,13.141024768,3.719876608,5.620412416,224.140525568,84.73307136,16.0,0.0,16,12.703854591999999
8.419867082436879,23.618784530386737,nan,13.141024768,3.719876608,5.620412416,224.140558336,84.73307136,15.0,0.0,16,12.703821823999998
8.436540293693543,25.82872928176796,nan,13.141024768,3.719897088,5.620412416,224.140578816,84.73307136,16.0,0.0,16,12.703780863999999
8.453213739395142,25.82872928176796,nan,13.141024768,3.719897088,5.620412416,224.140578816,84.73307136,16.0,0.0,16,12.703780863999999
8.469886430104573,26.243093922651937,nan,13.141024768,3.719938048,5.620412416,224.140763136,84.73307136,16.0,0.0,16,12.703555584
8.486560241381328,25.96685082872928,nan,13.141024768,3.719921664,5.620412416,224.140804096,84.73307136,16.0,0.0,16,12.703531007999999
8.503231680393219,25.96685082872928,nan,13.141024768,3.719933952,5.620412416,224.140808192,84.73307136,16.0,0.0,16,12.703514624
8.519911154111226,25.96685082872928,nan,13.141024768,3.719933952,5.620412416,224.140808192,84.73307136,16.0,0.0,16,12.703514624
8.536583614349365,22.099447513812155,nan,13.141024768,3.719933952,5.62460672,224.169750528,84.73307136,14.0,0.0,16,12.700635135999999
8.55326060851415,22.928176795580114,nan,13.141024768,3.720085504,5.639286784,224.169967616,84.73307136,14.0,0.0,16,12.698427392
8.569933191935222,23.756906077348063,nan,13.141024768,3.720085504,5.639286784,224.170164224,84.73307136,15.0,0.0,16,12.69846016
8.586607460180918,25.96685082872928,nan,13.141024768,3.720077312,5.639286784,224.170176512,84.73307136,16.0,0.0,16,12.698456063999998
8.60327999194463,25.96685082872928,nan,13.141024768,3.720077312,5.639286784,224.170180608,84.73307136,16.0,0.0,16,12.698451968
8.61995313167572,26.104972375690604,nan,13.141024768,3.7200896,5.639286784,224.170180608,84.73307136,16.0,0.0,16,12.69843968
8.636624268690746,26.104972375690604,nan,13.141024768,3.720097792,5.639286784,224.170303488,84.73307136,16.0,0.0,16,12.698308608000001
8.653297662734985,26.519337016574585,nan,13.141024768,3.720876032,5.639286784,224.170315776,84.73307136,16.0,0.0,16,12.697776128000001
8.669970444838206,26.243093922651937,nan,13.141024768,3.720880128,5.639286784,224.170315776,84.73307136,16.0,0.0,16,12.697772032
8.686643906434377,26.243093922651937,nan,13.141024768,3.720880128,5.639286784,224.170319872,84.73307136,16.0,0.0,16,12.697767935999998
8.703314284483591,26.381215469613263,nan,13.141024768,3.720880128,5.639286784,224.170323968,84.73307136,16.0,0.0,16,12.69776384
8.719985353946687,26.381215469613263,nan,13.141024768,3.720896512,5.639286784,224.170323968,84.73307136,16.0,0.0,16,12.697747456000002
8.736658382415772,26.381215469613263,nan,13.141024768,3.720896512,5.639286784,224.170328064,84.73307136,16.0,0.0,16,12.69774336
8.753331824143727,26.381215469613263,nan,13.141024768,3.7209088,5.639286784,224.17035264,84.73307136,16.0,0.0,16,12.697706496000002
8.770006620883942,26.381215469613263,nan,13.141024768,3.7209088,5.639286784,224.17035264,84.73307136,16.0,0.0,16,12.697706496000002
8.78668041229248,26.381215469613263,nan,13.141024768,3.7209088,5.639286784,224.170356736,84.73307136,16.0,0.0,16,12.6977024
8.803353118896485,23.756906077348063,nan,13.141024768,3.720925184,5.639286784,224.170360832,84.73307136,15.0,0.0,16,12.69768192
8.820026421546936,26.381215469613263,nan,13.141024768,3.72037632,5.639286784,224.170369024,84.73307136,16.0,0.0,16,12.698468352000003
8.836699954668681,24.723756906077345,nan,13.141024768,3.720388608,5.639286784,224.170622976,84.73307136,15.0,0.0,16,12.698718207999999
8.853372665246328,26.381215469613263,nan,13.141024768,3.72047872,5.639286784,224.170954752,84.73307136,16.0,0.0,16,12.706553856000003
8.870046003659565,26.381215469613263,nan,13.141024768,3.72047872,5.639286784,224.170958848,84.73307136,16.0,0.0,16,12.706549760000001
8.88672503232956,26.381215469613263,nan,13.141024768,3.720491008,5.639286784,224.170962944,84.73307136,16.0,0.0,16,12.708327424
8.903394575913747,26.381215469613263,nan,13.141024768,3.720491008,5.639286784,224.171040768,84.73307136,16.0,0.0,16,12.70976512
8.920068566004435,24.861878453038678,nan,13.141024768,3.720491008,5.639286784,224.171044864,84.73307136,15.0,0.0,16,12.709761024000002
8.936741813023884,24.861878453038678,nan,13.141024768,3.720491008,5.639286784,224.171126784,84.73307136,15.0,0.0,16,12.709679104
8.953415179252625,24.861878453038678,nan,13.141024768,3.720491008,5.639286784,224.17113088,84.73307136,15.0,0.0,16,12.709675008000001
8.970090309778849,22.513812154696133,nan,13.141024768,3.720491008,5.641383936,224.171134976,84.73307136,14.0,0.0,16,12.707573759999999
8.986763989925384,24.861878453038678,nan,13.141024768,3.721080832,5.651869696,224.171147264,84.73307136,15.0,0.0,16,12.709842944
9.003436676661174,23.342541436464092,nan,13.141024768,3.721080832,5.653966848,224.171163648,84.73307136,14.0,0.0,16,12.711845888000003
9.020110034942627,26.657458563535908,nan,13.141024768,3.721080832,5.656068096,224.171388928,84.73307136,16.0,0.0,16,12.70951936
9.03678212960561,25.82872928176796,nan,13.141024768,3.721080832,5.656068096,224.171388928,84.73307136,16.0,0.0,16,12.709289984
9.053458106517791,25.82872928176796,nan,13.141024768,3.721080832,5.656068096,224.171393024,84.73307136,16.0,0.0,16,12.709285888000002
9.070131333669027,25.96685082872928,nan,13.141024768,3.721080832,5.656068096,224.1714176,84.73307136,16.0,0.0,16,12.709261312
9.08681028286616,25.96685082872928,nan,13.141024768,3.721080832,5.656068096,224.171483136,84.73307136,16.0,0.0,16,12.709195776
9.10348203976949,25.96685082872928,nan,13.141024768,3.721080832,5.656068096,224.171487232,84.73307136,16.0,0.0,16,12.709191680000002
9.12015822728475,25.96685082872928,nan,13.141024768,3.721080832,5.656068096,224.171491328,84.73307136,16.0,0.0,16,12.709187583999997
9.136830524603527,25.96685082872928,nan,13.141024768,3.721080832,5.656068096,224.171495424,84.73307136,16.0,0.0,16,12.709183487999999
9.153510304292043,23.342541436464092,nan,13.141024768,3.721080832,5.656068096,224.171503616,84.73307136,15.0,0.0,16,12.709175295999996
9.170179005463918,26.104972375690604,nan,13.141024768,3.72129792,5.656068096,224.171597824,84.73307136,16.0,0.0,16,12.708863999999997
9.186852220694224,26.104972375690604,nan,13.141024768,3.721330688,5.656068096,224.171606016,84.73307136,16.0,0.0,16,12.708823039999997
9.203524657090504,26.519337016574585,nan,13.141024768,3.721347072,5.656068096,224.171614208,84.73307136,16.0,0.0,16,12.708798464
9.220197896162668,26.381215469613263,nan,13.141024768,3.721342976,5.656068096,224.171618304,84.73307136,16.0,0.0,16,12.708798464
9.23687025308609,26.381215469613263,nan,13.141024768,3.721342976,5.656068096,224.1716224,84.73307136,16.0,0.0,16,12.708794368000001
9.253543829917907,24.03314917127072,nan,13.141024768,3.721342976,5.656068096,224.1716224,84.73307136,15.0,0.0,16,12.708794368000001
9.270216496785482,26.381215469613263,nan,13.141024768,3.721572352,5.656068096,224.171634688,84.73307136,16.0,0.0,16,12.708552704
9.28689124584198,26.381215469613263,nan,13.141024768,3.721572352,5.656068096,224.171638784,84.73307136,16.0,0.0,16,12.708548608
9.303563888867696,25.96685082872928,nan,13.141024768,3.721572352,5.656068096,224.177713152,84.73307136,16.0,0.0,16,12.71021568
9.320236376921336,25.96685082872928,nan,13.141024768,3.721572352,5.656068096,224.177717248,84.73307136,16.0,0.0,16,12.710211584000001
9.336908789475759,25.96685082872928,nan,13.141024768,3.721572352,5.656068096,224.177721344,84.73307136,16.0,0.0,16,12.710207488
9.353581651051838,25.96685082872928,nan,13.141024768,3.721572352,5.656068096,224.177983488,84.73307136,16.0,0.0,16,12.710199296
9.37025820016861,25.96685082872928,nan,13.141024768,3.721572352,5.656068096,224.177987584,84.73307136,16.0,0.0,16,12.7101952
9.386931081612905,25.96685082872928,nan,13.141024768,3.721572352,5.656068096,224.17799168,84.73307136,16.0,0.0,16,12.710191104000002
9.403606645266215,25.96685082872928,nan,13.141024768,3.721572352,5.656068096,224.17799168,84.73307136,16.0,0.0,16,12.710191104000002
9.42027918100357,25.96685082872928,nan,13.141024768,3.721572352,5.656068096,224.177995776,84.73307136,16.0,0.0,16,12.710187008
9.43695213397344,24.17127071823204,nan,13.141024768,3.721572352,5.656068096,224.178024448,84.73307136,15.0,0.0,16,12.710158336000001
9.453626676400502,24.17127071823204,nan,13.141024768,3.721572352,5.706399744,224.17911808,84.73307136,15.0,0.0,16,12.709064704000003
9.47030036052068,21.823204419889507,nan,13.141024768,3.721793536,5.706399744,224.179269632,84.73307136,14.0,0.0,16,12.709195776000001
9.486973937352499,24.58563535911602,nan,13.141024768,3.721801728,5.706399744,224.179396608,84.73307136,15.0,0.0,16,12.709318656
9.503646051883697,24.723756906077345,nan,13.141024768,3.721822208,5.706399744,224.193036288,84.73307136,15.0,0.0,16,12.703916032000002
9.520318762461345,24.723756906077345,nan,13.141024768,3.721822208,5.7126912,224.195538944,84.73307136,15.0,0.0,16,12.711768064
9.536989239851634,22.099447513812155,nan,13.141024768,3.721822208,5.521575936,224.188358656,84.73307136,14.0,0.0,16,12.702175232
9.553663210074108,25.41436464088398,nan,13.141024768,3.720859648,5.534162944,224.200155136,84.73307136,16.0,0.0,16,12.699021311999998
9.570333643754322,25.41436464088398,nan,13.141024768,3.720859648,5.534162944,224.200155136,84.73307136,16.0,0.0,16,12.699021311999998
9.587007466952006,25.41436464088398,nan,13.141024768,3.720859648,5.534162944,224.200159232,84.73307136,16.0,0.0,16,12.699017216
9.603680650393168,25.41436464088398,nan,13.141024768,3.720859648,5.534162944,224.200163328,84.73307136,16.0,0.0,16,12.699013119999998
9.62035262187322,25.41436464088398,nan,13.141024768,3.720859648,5.534162944,224.200163328,84.73307136,16.0,0.0,16,12.698300416
9.637023186683654,23.756906077348063,nan,13.141024768,3.720859648,5.534162944,224.200167424,84.73307136,15.0,0.0,16,12.698296319999999
9.653695603211721,21.823204419889507,nan,13.141024768,3.720859648,5.536260096,224.200200192,84.73307136,14.0,0.0,16,12.695805952
9.670375716686248,22.928176795580114,nan,13.141024768,3.720998912,5.559345152,224.210755584,84.73307136,14.0,0.0,16,12.699873280000002
9.687048172950744,25.41436464088398,nan,13.141024768,3.720982528,5.563539456,224.214249472,84.73307136,16.0,0.0,16,12.709363711999998
9.703718900680542,25.41436464088398,nan,13.141024768,3.720986624,5.563539456,224.214253568,84.73307136,16.0,0.0,16,12.709355520000003
9.720391809940338,25.82872928176796,nan,13.141024768,3.722027008,5.563539456,224.214265856,84.73307136,16.0,0.0,16,12.712173567999997
9.73706295490265,25.552486187845304,nan,13.141024768,3.722174464,5.563539456,224.214269952,84.73307136,16.0,0.0,16,12.712022015999999
9.753736090660095,25.552486187845304,nan,13.141024768,3.722174464,5.563539456,224.214327296,84.73307136,16.0,0.0,16,12.711964672
9.770408562819163,25.552486187845304,nan,13.141024768,3.722174464,5.563539456,224.214327296,84.73307136,16.0,0.0,16,12.712194048
9.787081241607666,23.756906077348063,nan,13.141024768,3.722174464,5.565636608,224.214351872,84.73307136,15.0,0.0,16,12.71007232
9.803759066263835,23.895027624309396,nan,13.141024768,3.722174464,5.592899584,224.256212992,84.73307136,15.0,0.0,16,12.719144960000001
9.820431379477183,23.20441988950276,nan,13.141024768,3.722174464,5.607579648,224.256397312,84.73307136,14.0,0.0,16,12.721573888
9.837101527055104,27.071823204419886,nan,13.141024768,3.722469376,5.607579648,224.256733184,84.73307136,16.0,0.0,16,12.720943104000002
9.853774333000183,25.96685082872928,nan,13.141024768,3.722469376,5.607579648,224.25673728,84.73307136,16.0,0.0,16,12.720939008
9.870447166760762,25.96685082872928,nan,13.141024768,3.722469376,5.607579648,224.256741376,84.73307136,16.0,0.0,16,12.720934912000002
9.887124669551849,25.96685082872928,nan,13.141024768,3.722674176,5.607579648,224.256835584,84.73307136,16.0,0.0,16,12.720635904000003
9.903799219926197,25.96685082872928,nan,13.141024768,3.722674176,5.607579648,224.25683968,84.73307136,16.0,0.0,16,12.722761728
9.920475208759308,25.96685082872928,nan,13.141024768,3.722674176,5.607579648,224.256843776,84.73307136,16.0,0.0,16,12.714704895999999
9.937147414684295,26.104972375690604,nan,13.141024768,3.722678272,5.607579648,224.256843776,84.73307136,16.0,0.0,16,12.714700800000001
9.953823153177897,26.657458563535908,nan,13.141024768,3.722678272,5.607579648,224.256913408,84.73307136,16.0,0.0,16,12.71437312
9.970496300856272,23.480662983425415,nan,13.141024768,3.722686464,5.607579648,224.256917504,84.73307136,15.0,0.0,16,12.713029632000003
9.987178250153859,24.723756906077345,nan,13.141024768,3.723784192,5.607579648,224.256933888,84.73307136,15.0,0.0,16,12.711051264
10.003851012388866,25.41436464088398,nan,13.141024768,3.723767808,5.607579648,224.256937984,84.73307136,15.0,0.0,16,12.711063551999997
10.020524350802104,26.519337016574585,nan,13.141024768,3.723821056,5.607579648,224.256966656,84.73307136,16.0,0.0,16,12.709593088
10.037196985880534,25.41436464088398,nan,13.141024768,3.723821056,5.626454016,224.27148288,84.73307136,15.0,0.0,16,12.712914944000001
10.05387559334437,26.519337016574585,nan,13.141024768,3.723833344,5.632745472,224.275099648,84.73307136,16.0,0.0,16,12.705972224
10.070550966262818,27.071823204419886,nan,13.141024768,3.723833344,5.632745472,224.275161088,84.73307136,16.0,0.0,16,12.705910784
10.087224320570629,26.933701657458563,nan,13.141024768,3.723993088,5.632745472,224.275197952,84.73307136,16.0,0.0,16,12.705468415999999
10.103896876176199,26.933701657458563,nan,13.141024768,3.723993088,5.632745472,224.275202048,84.73307136,16.0,0.0,16,12.70546432
10.120569634437562,26.933701657458563,nan,13.141024768,3.723997184,5.632745472,224.275226624,84.73307136,16.0,0.0,16,12.705435648000002
10.137244057655334,26.933701657458563,nan,13.141024768,3.724029952,5.632745472,224.275288064,84.73307136,15.0,0.0,16,12.705341440000002
10.153918413321177,26.79558011049724,nan,13.141024768,3.724013568,5.632745472,224.276975616,84.73307136,16.0,0.0,16,12.706766848000001
10.170594378312428,24.03314917127072,nan,13.141024768,3.724128256,5.632745472,224.276979712,84.73307136,15.0,0.0,16,12.709941248
10.187269333998362,26.933701657458563,nan,13.141024768,3.724111872,5.632745472,224.276992,84.73307136,16.0,0.0,16,12.70788096
10.203945438067118,26.933701657458563,nan,13.141024768,3.724111872,5.632745472,224.276992,84.73307136,16.0,0.0,16,12.709470208000003
10.22062482436498,26.933701657458563,nan,13.141024768,3.724111872,5.632745472,224.276996096,84.73307136,16.0,0.0,16,12.706983935999997
10.237297292550405,26.933701657458563,nan,13.141024768,3.724115968,5.632745472,224.277000192,84.73307136,16.0,0.0,16,12.706975744000001
10.253970070679982,27.900552486187845,nan,13.141024768,3.72416512,5.632745472,224.277065728,84.73307136,16.0,0.0,16,12.706861056000001
10.27064259449641,27.209944751381222,nan,13.141024768,3.724148736,5.632745472,224.277069824,84.73307136,16.0,0.0,16,12.706873344000002
10.28731582959493,28.03867403314917,nan,13.141024768,3.724263424,5.632745472,224.277090304,84.73307136,16.0,0.0,16,12.706967551999998
10.303992974758149,27.62430939226519,nan,13.141024768,3.731574784,5.632745472,224.277098496,84.73307136,16.0,0.0,16,12.708421632
10.320666261514027,24.58563535911602,nan,13.141024768,3.73153792,5.632745472,224.277102592,84.73307136,15.0,0.0,16,12.7084544
10.337341368198395,27.348066298342545,nan,13.141024768,3.731521536,5.632745472,224.27711488,84.73307136,16.0,0.0,16,12.708458496000002
10.354014611244201,27.348066298342545,nan,13.141024768,3.731542016,5.632745472,224.27711488,84.73307136,16.0,0.0,16,12.708438016000002
10.370687254269917,25.41436464088398,nan,13.141024768,3.731939328,5.632745472,224.277118976,84.73307136,15.0,0.0,16,12.708294656
10.387361137072245,27.486187845303867,nan,13.141024768,3.731935232,5.632745472,224.277200896,84.73307136,16.0,0.0,16,12.707958783999999
10.404036311308543,27.486187845303867,nan,13.141024768,3.731959808,5.632745472,224.277200896,84.73307136,16.0,0.0,16,12.707934208000001
10.420708584785462,27.486187845303867,nan,13.141024768,3.731959808,5.632745472,224.277204992,84.73307136,16.0,0.0,16,12.707930112
10.43737895488739,26.519337016574585,nan,13.141024768,3.731959808,5.632745472,224.277209088,84.73307136,15.0,0.0,16,12.707926016000002
10.454052543640136,27.62430939226519,nan,13.141024768,3.732017152,5.632745472,224.277221376,84.73307136,16.0,0.0,16,12.707856384
10.470721872647603,27.62430939226519,nan,13.141024768,3.732033536,5.632745472,224.277250048,84.73307136,16.0,0.0,16,12.707811328000002
10.487396411101024,27.62430939226519,nan,13.141024768,3.732033536,5.632745472,224.277254144,84.73307136,16.0,0.0,16,12.707807232
10.504066896438598,27.62430939226519,nan,13.141024768,3.73219328,5.632745472,224.277262336,84.73307136,16.0,0.0,16,12.707868672
10.520744156837463,27.62430939226519,nan,13.141024768,3.732209664,5.632745472,224.277262336,84.73307136,16.0,0.0,16,12.707852288000002
10.537416740258534,27.62430939226519,nan,13.141024768,3.732226048,5.632745472,224.277274624,84.73307136,16.0,0.0,16,12.707823615999999
10.55409353574117,27.62430939226519,nan,13.141024768,3.732226048,5.632745472,224.27813888,84.73307136,16.0,0.0,16,12.706959359999999
10.570766325791677,27.62430939226519,nan,13.141024768,3.732226048,5.632745472,224.27813888,84.73307136,16.0,0.0,16,12.706959359999999
10.58744222720464,24.861878453038678,nan,13.141024768,3.732226048,5.632745472,224.278163456,84.73307136,15.0,0.0,16,12.70616064
10.604114675521851,27.62430939226519,nan,13.141024768,3.732205568,5.632745472,224.278171648,84.73307136,16.0,0.0,16,12.706418688
10.620790855089824,27.62430939226519,nan,13.141024768,3.732221952,5.632745472,224.278171648,84.73307136,16.0,0.0,16,12.706402304000001
10.637462635835012,27.62430939226519,nan,13.141024768,3.732226048,5.632745472,224.278175744,84.733874176,16.0,0.0,16,12.706394111999998
10.654133530457814,27.62430939226519,nan,13.141024768,3.732238336,5.632745472,224.2782208,84.733874176,16.0,0.0,16,12.706336768000003
10.670806384086609,27.62430939226519,nan,13.141024768,3.732238336,5.632745472,224.2782208,84.733874176,16.0,0.0,16,12.706336768000003
10.687478212515513,27.62430939226519,nan,13.141024768,3.73225472,5.632745472,224.278224896,84.733874176,16.0,0.0,16,12.706316288
10.704149719079336,24.861878453038678,nan,13.141024768,3.73383168,5.632745472,224.278228992,84.733874176,15.0,0.0,16,12.704735231999997
10.720825326442718,27.62430939226519,nan,13.141024768,3.733815296,5.632745472,224.278380544,84.733874176,16.0,0.0,16,12.704600064000001
10.737497997283935,27.62430939226519,nan,13.141024768,3.73383168,5.632745472,224.27838464,84.733874176,16.0,0.0,16,12.704579583999998
10.754173664251963,27.62430939226519,nan,13.141024768,3.73383168,5.632745472,224.278388736,84.733874176,16.0,0.0,16,12.704575488
10.770845862229665,27.62430939226519,nan,13.141024768,3.733848064,5.632745472,224.278388736,84.733874176,16.0,0.0,16,12.704559104000001
10.787518433729808,27.762430939226522,nan,13.141024768,3.733856256,5.632745472,224.278401024,84.733616128,16.0,0.0,16,12.704538624000001
10.804191442330678,25.0,nan,13.141024768,3.73280768,5.634842624,224.27840512,84.733616128,15.0,0.0,16,12.703485951999998
10.820866270860035,25.41436464088398,nan,13.141024768,3.732992,5.634842624,224.281325568,84.733263872,15.0,0.0,16,12.704505856
10.83754008213679,27.762430939226522,nan,13.141024768,3.732975616,5.634842624,224.28133376,84.733263872,16.0,0.0,16,12.704514047999997
10.854212927818299,27.900552486187845,nan,13.141024768,3.732996096,5.634842624,224.281341952,84.733263872,16.0,0.0,16,12.704743423999997
10.870886039733886,27.900552486187845,nan,13.141024768,3.73301248,5.634842624,224.281346048,84.733263872,16.0,0.0,16,12.704722944
10.887559727827709,27.900552486187845,nan,13.141024768,3.73301248,5.634842624,224.281350144,84.733263872,16.0,0.0,16,12.704718847999999
10.904229684670765,25.276243093922655,nan,13.141024768,3.733016576,5.634842624,224.281419776,84.733263872,15.0,0.0,16,12.704903167999998
10.92090175151825,28.59116022099447,nan,13.141024768,3.733200896,5.634842624,224.28145664,84.733263872,16.0,0.0,16,12.700033024
10.93757657210032,27.900552486187845,nan,13.141024768,3.733188608,5.634842624,224.28145664,84.733263872,16.0,0.0,16,12.703326208
10.954250911871592,27.900552486187845,nan,13.141024768,3.733200896,5.634842624,224.281464832,84.733263872,16.0,0.0,16,12.703305728
10.970930822690327,27.900552486187845,nan,13.141024768,3.733200896,5.634842624,224.281468928,84.733263872,16.0,0.0,16,12.703301631999999
10.987600016593934,27.900552486187845,nan,13.141024768,3.735248896,5.634842624,224.281468928,84.737519616,16.0,0.0,16,12.702773248
11.00427657365799,23.066298342541437,nan,13.141024768,3.735248896,5.634842624,224.281645056,84.737519616,14.0,0.0,16,12.702855168
11.020949900150299,23.066298342541437,nan,13.141024768,3.734884352,5.634842624,224.281899008,84.737519616,14.0,0.0,16,12.702965759999998
11.037625575065613,25.96685082872928,nan,13.141024768,3.734888448,5.634842624,224.2819072,84.737519616,15.0,0.0,16,12.702953472
11.054298317432403,28.03867403314917,nan,13.141024768,3.734491136,5.634842624,224.281919488,84.737261568,16.0,0.0,16,12.703338496
11.070978363355001,28.59116022099447,nan,13.141024768,3.734614016,5.634842624,224.281931776,84.737261568,16.0,0.0,16,12.703203328
11.087647823492686,28.314917127071826,nan,13.141024768,3.734614016,5.634842624,224.281931776,84.737261568,16.0,0.0,16,12.703203328
11.10431937376658,28.314917127071826,nan,13.141024768,3.734634496,5.634842624,224.28205056,84.737261568,16.0,0.0,16,12.703064063999996
11.12099263270696,25.41436464088398,nan,13.141024768,3.734429696,5.634842624,224.282058752,84.737261568,15.0,0.0,16,12.705067008
11.137666245301565,28.314917127071826,nan,13.141024768,3.734413312,5.634842624,224.282558464,84.737261568,16.0,0.0,16,12.704583679999999
11.154343581199646,26.243093922651937,nan,13.141024768,3.734413312,5.634842624,224.28256256,84.737261568,15.0,0.0,16,12.704579583999998
11.171018215020498,26.243093922651937,nan,13.141024768,3.734413312,5.64113408,224.282566656,84.737261568,15.0,0.0,16,12.706672639999997
11.187689809004466,28.314917127071826,nan,13.141024768,3.734716416,5.64113408,224.282574848,84.73700352,16.0,0.0,16,12.708167679999999
11.204363481203716,25.82872928176796,nan,13.141024768,3.735044096,5.64113408,224.282587136,84.73700352,15.0,0.0,16,12.707827712
11.221034928162892,28.45303867403315,nan,13.141024768,3.735199744,5.64113408,224.282591232,84.73700352,16.0,0.0,16,12.707897344
11.237707487742107,29.005524861878452,nan,13.141024768,3.735212032,5.64113408,224.282595328,84.73700352,16.0,0.0,16,12.70788096
11.254380734761556,28.59116022099447,nan,13.141024768,3.735236608,5.64113408,224.282595328,84.73700352,16.0,0.0,16,12.707856384
11.271056155363718,25.552486187845304,nan,13.141024768,3.735236608,5.64113408,224.282599424,84.73700352,15.0,0.0,16,12.707852287999998
11.28772956530253,29.143646408839775,nan,13.141024768,3.736772608,5.64113408,224.282611712,84.73700352,16.0,0.0,16,12.706304
11.304402001698811,29.005524861878452,nan,13.141024768,3.736793088,5.64113408,224.282619904,84.73700352,16.0,0.0,16,12.703559680000001
11.321075268586476,28.729281767955804,nan,13.141024768,3.736784896,5.64113408,224.283140096,84.7368192,16.0,0.0,16,12.703047680000001
11.337747979164124,28.729281767955804,nan,13.141024768,3.736788992,5.64113408,224.283348992,84.7368192,16.0,0.0,16,12.702834688
11.354418933391571,26.79558011049724,nan,13.141024768,3.736809472,5.64113408,224.283348992,84.736606208,15.0,0.0,16,12.702814208
11.371092200279236,25.276243093922655,nan,13.141024768,3.736817664,5.64113408,224.283377664,84.736606208,14.0,0.0,16,12.702777343999998
11.387765940030416,28.867403314917127,nan,13.141024768,3.73684224,5.64113408,224.283389952,84.736524288,16.0,0.0,16,12.70274048
11.404440840085348,28.867403314917127,nan,13.141024768,3.736846336,5.64113408,224.283389952,84.736524288,16.0,0.0,16,12.702736384000001
11.421113248666128,28.867403314917127,nan,13.141024768,3.736850432,5.64113408,224.283426816,84.736524288,16.0,0.0,16,12.702695423999998
11.437783789634704,28.867403314917127,nan,13.141024768,3.736866816,5.64113408,224.283435008,84.736524288,16.0,0.0,16,12.702670848
11.454457386334736,28.867403314917127,nan,13.141024768,3.736887296,5.64113408,224.283435008,84.736524288,16.0,0.0,16,12.702650368
11.471129981676738,28.867403314917127,nan,13.141024768,3.736891392,5.64113408,224.283439104,84.736524288,16.0,0.0,16,12.702642175999998
11.48780730565389,27.62430939226519,nan,13.141024768,3.736911872,5.64113408,224.283451392,84.736524288,15.0,0.0,16,12.702609408
11.504485964775085,29.005524861878452,nan,13.141024768,3.736907776,5.64113408,224.283459584,84.736524288,16.0,0.0,16,12.702605312
11.521160761515299,29.005524861878452,nan,13.141024768,3.736911872,5.64113408,224.283459584,84.73626624,16.0,0.0,16,12.702601215999998
11.537833547592163,29.69613259668509,nan,13.141024768,3.73692416,5.64113408,224.28346368,84.73626624,16.0,0.0,16,12.702584832
11.554510573546091,29.281767955801108,nan,13.141024768,3.736936448,5.64113408,224.283467776,84.73626624,16.0,0.0,16,12.702568448000001
11.571183844407399,29.281767955801108,nan,13.141024768,3.736936448,5.64113408,224.283467776,84.73626624,16.0,0.0,16,12.702568448000001
11.587857798735302,29.41988950276243,nan,13.141024768,3.736936448,5.64113408,224.283676672,84.73626624,16.0,0.0,16,12.702359551999997
11.60452976624171,28.314917127071826,nan,13.141024768,3.73694464,5.64113408,224.283680768,84.73626624,15.0,0.0,16,12.702347264
11.62120252052943,29.281767955801108,nan,13.141024768,3.736948736,5.64113408,224.28370944,84.736008192,16.0,0.0,16,12.702801920000002
11.637876232465109,29.83425414364641,nan,13.141024768,3.736952832,5.64113408,224.283713536,84.736008192,16.0,0.0,16,12.702793728
11.654549046357472,29.41988950276243,nan,13.141024768,3.736961024,5.64113408,224.283717632,84.736008192,16.0,0.0,16,12.702781439999999
11.671225078900655,29.41988950276243,nan,13.141024768,3.736961024,5.64113408,224.283742208,84.736008192,16.0,0.0,16,12.702756864000001
11.687897614638011,27.486187845303867,nan,13.141024768,3.7369856,5.64113408,224.283754496,84.736008192,15.0,0.0,16,12.70272
11.704570372899374,29.41988950276243,nan,13.141024768,3.7369856,5.64113408,224.283783168,84.736008192,16.0,0.0,16,12.702691328
11.721244808038076,29.558011049723753,nan,13.141024768,3.736997888,5.64113408,224.283783168,84.735750144,16.0,0.0,16,12.70267904
11.737918547789256,29.558011049723753,nan,13.141024768,3.737018368,5.64113408,224.283787264,84.735750144,16.0,0.0,16,12.702654463999998
11.754592096805572,29.558011049723753,nan,13.141024768,3.737022464,5.64113408,224.28379136,84.735750144,16.0,0.0,16,12.702646271999999
11.771265558401744,29.558011049723753,nan,13.141024768,3.737034752,5.64113408,224.28379136,84.735750144,16.0,0.0,16,12.702633983999998
11.78793689807256,29.558011049723753,nan,13.141024768,3.737038848,5.64113408,224.283795456,84.735750144,16.0,0.0,16,12.702625792
11.804607395331065,29.69613259668509,nan,13.141024768,3.737051136,5.64113408,224.283824128,84.735750144,16.0,0.0,16,12.702584832
11.821280268828074,29.69613259668509,nan,13.141024768,3.737051136,5.64113408,224.283828224,84.735750144,16.0,0.0,16,12.702580736000002
11.837950722376506,29.69613259668509,nan,13.141024768,3.737055232,5.64113408,224.283828224,84.735750144,16.0,0.0,16,12.70257664
11.85462727546692,29.69613259668509,nan,13.141024768,3.73706752,5.64113408,224.28383232,84.735750144,16.0,0.0,16,12.702560255999998
11.87130122979482,29.69613259668509,nan,13.141024768,3.737071616,5.64113408,224.283836416,84.735750144,16.0,0.0,16,12.702552063999999
11.887974246342976,29.69613259668509,nan,13.141024768,3.737083904,5.64113408,224.283836416,84.735750144,16.0,0.0,16,12.702539776000002
11.904648685455323,27.486187845303867,nan,13.141024768,3.737399296,5.64113408,224.283840512,84.735750144,15.0,0.0,16,12.702220288
11.921326573689779,29.69613259668509,nan,13.141024768,3.7373952,5.64113408,224.283856896,84.735492096,16.0,0.0,16,12.702466047999998
11.938000492254893,29.69613259668509,nan,13.141024768,3.7373952,5.64113408,224.283856896,84.735492096,16.0,0.0,16,12.702466047999998
11.954676918188731,27.762430939226522,nan,13.141024768,3.737419776,5.64113408,224.283877376,84.735492096,15.0,0.0,16,12.705435648000002
11.97134694258372,29.83425414364641,nan,13.141024768,3.73741568,5.64113408,224.283881472,84.735492096,16.0,0.0,16,12.705435647999998
11.988017868995666,29.83425414364641,nan,13.141024768,3.737419776,5.64113408,224.283885568,84.735492096,16.0,0.0,16,12.705427455999999
12.004692232608795,29.83425414364641,nan,13.141024768,3.737432064,5.64113408,224.283889664,84.735492096,16.0,0.0,16,12.705411072
12.02136215766271,29.83425414364641,nan,13.141024768,3.73743616,5.64113408,224.28389376,84.735492096,16.0,0.0,16,12.705402879999998
12.03803609609604,29.972375690607734,nan,13.141024768,3.737448448,5.64113408,224.28389376,84.735492096,16.0,0.0,16,12.705390592
12.054709812005362,29.972375690607734,nan,13.141024768,3.737452544,5.64113408,224.283910144,84.735234048,16.0,0.0,16,12.705370112
12.07138032913208,30.386740331491712,nan,13.141024768,3.737939968,5.64113408,224.28393472,84.735234048,16.0,0.0,16,12.704858112
12.08806097904841,30.110497237569056,nan,13.141024768,3.737944064,5.64113408,224.283938816,84.735234048,16.0,0.0,16,12.70614016
12.104733077685038,30.110497237569056,nan,13.141024768,3.737944064,5.64113408,224.283942912,84.735234048,16.0,0.0,16,12.706136063999999
12.121407508850098,30.110497237569056,nan,13.141024768,3.73807104,5.64113408,224.283947008,84.735234048,16.0,0.0,16,12.706004991999997
12.138078796863557,30.110497237569056,nan,13.141024768,3.73807104,5.64113408,224.283951104,84.735234048,16.0,0.0,16,12.706000895999999
12.154750990867615,28.03867403314917,nan,13.141024768,3.73807104,5.64113408,224.283951104,84.735234048,15.0,0.0,16,12.706000895999999
12.171427035331726,30.110497237569056,nan,13.141024768,3.738083328,5.64113408,224.284000256,84.735234048,16.0,0.0,16,12.705939456000003
12.188098915417989,30.110497237569056,nan,13.141024768,3.738083328,5.64113408,224.284004352,84.735234048,16.0,0.0,16,12.705935359999998
12.204767799377441,30.110497237569056,nan,13.141024768,3.738099712,5.64113408,224.284073984,84.735234048,16.0,0.0,16,12.705849344
12.2214448650678,30.110497237569056,nan,13.141024768,3.738112,5.64113408,224.28407808,84.735234048,16.0,0.0,16,12.705832959999999
12.238116665681202,30.110497237569056,nan,13.141024768,3.738128384,5.64113408,224.284082176,84.735234048,16.0,0.0,16,12.705812479999999
12.254793580373128,30.110497237569056,nan,13.141024768,3.738140672,5.64113408,224.284127232,84.735102976,16.0,0.0,16,12.705755136
12.271469302972157,30.110497237569056,nan,13.141024768,3.738144768,5.64113408,224.284135424,84.735102976,16.0,0.0,16,12.705742847999996
12.288145236174266,29.972375690607734,nan,13.141024768,3.738140672,5.64113408,224.284213248,84.735102976,16.0,0.0,16,12.70566912
12.304820148150126,28.03867403314917,nan,13.141024768,3.738251264,5.64113408,224.284213248,84.735102976,15.0,0.0,16,12.705558528000001
12.32149037917455,30.110497237569056,nan,13.141024768,3.738238976,5.64113408,224.28430336,84.735102976,16.0,0.0,16,12.705480704000003
12.338161341349284,30.110497237569056,nan,13.141024768,3.738251264,5.64113408,224.284307456,84.735102976,16.0,0.0,16,12.70546432
12.354831500848134,30.110497237569056,nan,13.141024768,3.73825536,5.64113408,224.284307456,84.735102976,16.0,0.0,16,12.705460224
12.371510322888692,29.558011049723753,nan,13.141024768,3.738267648,5.64113408,224.28442624,84.735102976,16.0,0.0,16,12.705329151999997
12.388182210922242,27.486187845303867,nan,13.141024768,3.738267648,5.64113408,224.284454912,84.735102976,15.0,0.0,16,12.705300479999998
12.404858859380086,27.486187845303867,nan,13.141024768,3.738267648,5.664206848,224.298901504,84.735102976,15.0,0.0,16,12.696752128
12.421532499790192,29.558011049723753,nan,13.141024768,3.738267648,5.685178368,224.300556288,84.735102976,16.0,0.0,16,12.695097344
12.438201864560446,29.558011049723753,nan,13.141024768,3.738267648,5.685178368,224.300560384,84.735102976,16.0,0.0,16,12.695093248
12.454873685042063,26.657458563535908,nan,13.141024768,3.738267648,5.685178368,224.30056448,84.735102976,15.0,0.0,16,12.695089152000001
12.471546884377798,29.558011049723753,nan,13.141024768,3.738124288,5.685178368,224.300613632,84.735102976,16.0,0.0,16,12.695183359999998
12.488218394915263,29.558011049723753,nan,13.141024768,3.738124288,5.685178368,224.300617728,84.735102976,16.0,0.0,16,12.695179264
12.504892063140868,29.558011049723753,nan,13.141024768,3.738124288,5.685178368,224.300621824,84.735102976,16.0,0.0,16,12.695175168000002
12.521561884880066,28.176795580110493,nan,13.141024768,3.738124288,5.685178368,224.30068736,84.735102976,15.0,0.0,16,12.695109632000001
12.538235779603323,29.558011049723753,nan,13.141024768,3.738124288,5.685178368,224.300720128,84.735102976,16.0,0.0,16,12.695076864000004
12.55490650733312,29.558011049723753,nan,13.141024768,3.738124288,5.685178368,224.300765184,84.735102976,16.0,0.0,16,12.695031808
12.571580636501313,29.558011049723753,nan,13.141024768,3.738124288,5.685178368,224.300765184,84.735102976,16.0,0.0,16,12.695031808
12.588260281085969,29.558011049723753,nan,13.141024768,3.738124288,5.685178368,224.300879872,84.735102976,16.0,0.0,16,12.694917120000003
12.604934465885162,29.69613259668509,nan,13.141024768,3.738124288,5.685178368,224.300883968,84.735102976,16.0,0.0,16,12.694913023999998
12.62160709698995,29.69613259668509,nan,13.141024768,3.738124288,5.685178368,224.300883968,84.735102976,16.0,0.0,16,12.694913023999998
12.638277260462443,29.69613259668509,nan,13.141024768,3.738124288,5.685178368,224.300888064,84.735102976,16.0,0.0,16,12.694908928
12.654950002829233,29.69613259668509,nan,13.141024768,3.738124288,5.685178368,224.30089216,84.735102976,16.0,0.0,16,12.694904832000002
12.671624112129212,29.69613259668509,nan,13.141024768,3.738124288,5.685178368,224.30089216,84.735102976,16.0,0.0,16,12.694904832000002
12.68829448223114,29.69613259668509,nan,13.141024768,3.738124288,5.685178368,224.300929024,84.735102976,16.0,0.0,16,12.694867968
12.704966187477112,29.69613259668509,nan,13.141024768,3.738124288,5.685178368,224.30093312,84.735102976,16.0,0.0,16,12.694863872000003
12.721636466185252,29.83425414364641,nan,13.141024768,3.738124288,5.685178368,224.30093312,84.735102976,16.0,0.0,16,12.694863872000003
12.738307340939839,29.972375690607734,nan,13.141024768,3.738124288,5.685178368,224.300937216,84.735102976,16.0,0.0,16,12.694859775999998
12.754981787999471,29.972375690607734,nan,13.141024768,3.738124288,5.685178368,224.300941312,84.735102976,16.0,0.0,16,12.69485568
12.771662159760792,29.972375690607734,nan,13.141024768,3.738124288,5.685178368,224.300941312,84.735102976,16.0,0.0,16,12.69485568
12.788331111272177,29.972375690607734,nan,13.141024768,3.738124288,5.685178368,224.300945408,84.735102976,16.0,0.0,16,12.694851584000002
12.805005435148875,27.62430939226519,nan,13.141024768,3.738124288,5.989261312,224.677167104,84.735102976,15.0,0.0,16,12.689534976000001
12.821678610642751,29.972375690607734,nan,13.141024768,3.738484736,6.022815744,224.677838848,84.735102976,16.0,0.0,16,12.697923584000002
12.838352032502492,29.972375690607734,nan,13.141024768,3.738488832,6.022815744,224.677838848,84.735102976,16.0,0.0,16,12.697919488000004
12.85502458413442,29.972375690607734,nan,13.141024768,3.738492928,6.022815744,224.677842944,84.735102976,16.0,0.0,16,12.697911296000001
12.871697354316712,30.110497237569056,nan,13.141024768,3.738492928,6.022815744,224.677851136,84.735102976,16.0,0.0,16,12.698132480000002
12.888373740514119,30.110497237569056,nan,13.141024768,3.738497024,6.022815744,224.677851136,84.735102976,16.0,0.0,16,12.698128384
12.905046629905701,30.110497237569056,nan,13.141024768,3.738517504,6.022815744,224.677986304,84.735102976,16.0,0.0,16,12.697972736
12.921718347072602,30.110497237569056,nan,13.141024768,3.7385216,6.022815744,224.6779904,84.735102976,16.0,0.0,16,12.697964544000001
12.938391780853271,30.110497237569056,nan,13.141024768,3.738533888,6.022815744,224.6779904,84.735102976,16.0,0.0,16,12.697952256
12.955065619945525,30.110497237569056,nan,13.141024768,3.738550272,6.022815744,224.677994496,84.735102976,16.0,0.0,16,12.698447872
12.97174647251765,28.59116022099447,nan,13.141024768,3.738574848,6.022815744,224.6796288,84.735102976,15.0,0.0,16,12.690509824000003
12.988419123490651,27.071823204419886,nan,13.141024768,3.738558464,6.022815744,224.6796288,84.735102976,15.0,0.0,16,12.690526208000001
13.00509360631307,25.41436464088398,nan,13.141024768,3.738574848,6.033301504,224.697372672,84.735102976,14.0,0.0,16,12.695183360000001
13.021767485141755,29.83425414364641,nan,13.141024768,3.738595328,6.033301504,224.69738496,84.735102976,16.0,0.0,16,12.695150592000001
13.038440295060475,29.972375690607734,nan,13.141024768,3.738595328,6.033301504,224.69738496,84.735102976,16.0,0.0,16,12.695150592000001
13.055109651883443,29.972375690607734,nan,13.141024768,3.738595328,6.033301504,224.697389056,84.735102976,16.0,0.0,16,12.695404544000002
13.07178672949473,28.59116022099447,nan,13.141024768,3.738615808,6.033301504,224.69748736,84.735102976,15.0,0.0,16,12.69528576
13.088460381825765,30.24861878453039,nan,13.141024768,3.738599424,6.033301504,224.697520128,84.735102976,16.0,0.0,16,12.695523328
13.105134201049804,25.0,nan,13.141024768,3.738619904,6.033301504,224.6976512,84.735102976,14.0,0.0,16,12.695371775999998
13.121807293097179,30.24861878453039,nan,13.141024768,3.738959872,6.033301504,224.697663488,84.735102976,16.0,0.0,16,12.695019519999999
13.13848164876302,30.386740331491712,nan,13.141024768,3.738959872,6.033301504,224.697667584,84.735102976,16.0,0.0,16,12.695015424000001
13.155153477191925,30.524861878453034,nan,13.141024768,3.738959872,6.033301504,224.697667584,84.735102976,16.0,0.0,16,12.695015424000001
13.171829787890116,30.524861878453034,nan,13.141024768,3.738959872,6.033301504,224.697716736,84.735102976,16.0,0.0,16,12.696256512000001
13.188502391179403,30.524861878453034,nan,13.141024768,3.738959872,6.033301504,224.697741312,84.735102976,16.0,0.0,16,12.693741568
13.205173726876577,30.524861878453034,nan,13.141024768,3.738959872,6.033301504,224.697778176,84.735102976,16.0,0.0,16,12.693704704000002
13.221849830945333,29.558011049723753,nan,13.141024768,3.738980352,6.033301504,224.69779456,84.735102976,15.0,0.0,16,12.692611072000002
13.238519970575968,30.524861878453034,nan,13.141024768,3.738963968,6.033301504,224.697806848,84.735102976,16.0,0.0,16,12.692828159999998
13.255191453297932,30.66298342541437,nan,13.141024768,3.738963968,6.033301504,224.697806848,84.735102976,16.0,0.0,16,12.692828159999998
13.271862280368804,31.491712707182316,nan,13.141024768,3.738206208,6.033301504,224.69781504,84.735102976,16.0,0.0,16,12.694351871999999
13.28853493531545,30.801104972375693,nan,13.141024768,3.738243072,6.033301504,224.69787648,84.735102976,16.0,0.0,16,12.694253568
13.305211357275645,30.801104972375693,nan,13.141024768,3.738243072,6.033301504,224.69787648,84.735102976,16.0,0.0,16,12.694253568
13.32188014984131,30.939226519337016,nan,13.141024768,3.738259456,6.033301504,224.697909248,84.735102976,16.0,0.0,16,12.694204415999998
13.338557696342468,30.939226519337016,nan,13.141024768,3.738259456,6.033301504,224.697913344,84.735102976,16.0,0.0,16,12.694200319999997
13.355230402946471,30.939226519337016,nan,13.141024768,3.73827584,6.033301504,224.697913344,84.735102976,16.0,0.0,16,12.694183935999998
13.371899894873302,30.939226519337016,nan,13.141024768,3.73827584,6.033301504,224.69793792,84.735102976,16.0,0.0,16,12.69415936
13.388573137919108,30.939226519337016,nan,13.141024768,3.738292224,6.033301504,224.69797888,84.735102976,16.0,0.0,16,12.694102016000002
13.405245741208395,30.939226519337016,nan,13.141024768,3.738292224,6.033301504,224.69797888,84.735102976,16.0,0.0,16,12.694102016000002
13.421919850508372,30.939226519337016,nan,13.141024768,3.738308608,6.033301504,224.698003456,84.735102976,16.0,0.0,16,12.694061055999999
13.438595008850097,30.939226519337016,nan,13.141024768,3.73833728,6.033301504,224.698011648,84.735102976,16.0,0.0,16,12.694024192
13.455270250638327,30.939226519337016,nan,13.141024768,3.738353664,6.033301504,224.698015744,84.735102976,16.0,0.0,16,12.694003711999997
13.471943080425262,30.939226519337016,nan,13.141024768,3.738353664,6.033301504,224.698015744,84.735102976,16.0,0.0,16,12.694003711999997
13.488618127504985,30.939226519337016,nan,13.141024768,3.738370048,6.033301504,224.69804032,84.735102976,16.0,0.0,16,12.693962752000001
13.505294315020244,30.939226519337016,nan,13.141024768,3.738370048,6.033301504,224.698064896,84.735102976,16.0,0.0,16,12.693938176
13.521975298722586,27.900552486187845,nan,13.141024768,3.738370048,6.033301504,224.698064896,84.735102976,15.0,0.0,16,12.693938176
13.538653349876403,28.729281767955804,nan,13.141024768,3.739664384,6.033301504,224.698077184,84.735102976,15.0,0.0,16,12.693405696
13.55532302459081,30.939226519337016,nan,13.141024768,3.738640384,6.033301504,224.69810176,84.735102976,16.0,0.0,16,12.695146496
13.571995675563812,30.939226519337016,nan,13.141024768,3.738652672,6.033301504,224.69810176,84.735102976,16.0,0.0,16,12.695134207999999
13.588668596744537,30.939226519337016,nan,13.141024768,3.738656768,6.033301504,224.698109952,84.735102976,16.0,0.0,16,12.695121920000002
13.605343560377756,30.939226519337016,nan,13.141024768,3.738669056,6.033301504,224.698114048,84.735102976,16.0,0.0,16,12.695105536
13.622012197971344,31.077348066298338,nan,13.141024768,3.738673152,6.033301504,224.698114048,84.735102976,16.0,0.0,16,12.695101439999998
13.638691679636638,31.077348066298338,nan,13.141024768,3.73868544,6.033301504,224.698146816,84.735102976,16.0,0.0,16,12.694966271999998
13.65536414384842,31.077348066298338,nan,13.141024768,3.738689536,6.033301504,224.698150912,84.735102976,16.0,0.0,16,12.69495808
13.672042723496755,31.077348066298338,nan,13.141024768,3.738701824,6.033301504,224.698150912,84.735102976,16.0,0.0,16,12.694945791999999
13.688715314865112,28.729281767955804,nan,13.141024768,3.738701824,6.033301504,224.698155008,84.735102976,15.0,0.0,16,12.694941696
13.705394272009531,26.79558011049724,nan,13.141024768,3.738701824,6.068953088,224.698159104,84.735102976,14.0,0.0,16,12.69248
13.722066946824391,28.03867403314917,nan,13.141024768,3.738701824,6.068953088,224.698322944,84.735102976,15.0,0.0,16,12.69231616
13.738736701011657,28.03867403314917,nan,13.141024768,3.738701824,6.068953088,224.69832704,84.735102976,15.0,0.0,16,12.692312064
13.75541056394577,28.03867403314917,nan,13.141024768,3.738701824,6.07105024,224.698331136,84.735102976,15.0,0.0,16,12.69440512
13.772082765897116,26.79558011049724,nan,13.141024768,3.738718208,6.07105024,224.698335232,84.735102976,14.0,0.0,16,12.69438464
13.788756755987803,28.176795580110493,nan,13.141024768,3.738701824,6.073147392,224.698351616,84.735102976,15.0,0.0,16,12.692287488000002
13.805429784456889,28.176795580110493,nan,13.141024768,3.738701824,6.087827456,224.698421248,84.735102976,15.0,0.0,16,12.694573056
13.822102312246958,28.176795580110493,nan,13.141024768,3.738701824,6.087827456,224.698425344,84.735102976,15.0,0.0,16,12.694568960000002
13.838777120908102,25.138121546961322,nan,13.141024768,3.739570176,6.087827456,224.69842944,84.735102976,14.0,0.0,16,12.693696511999999
13.855450161298116,28.176795580110493,nan,13.141024768,3.739553792,6.087827456,224.698441728,84.735102976,15.0,0.0,16,12.693700608
13.87212702035904,28.314917127071826,nan,13.141024768,3.739553792,6.087827456,224.698445824,84.735102976,15.0,0.0,16,12.693696512000002
13.888796699047088,28.314917127071826,nan,13.141024768,3.739553792,6.089924608,224.698466304,84.735102976,15.0,0.0,16,12.691578880000002
13.90546931028366,28.314917127071826,nan,13.141024768,3.739553792,6.089924608,224.69849088,84.735102976,15.0,0.0,16,12.690755584000001
13.922144440809886,28.314917127071826,nan,13.141024768,3.739553792,6.089924608,224.698527744,84.735102976,15.0,0.0,16,12.69071872
13.93881887992223,28.314917127071826,nan,13.141024768,3.739553792,6.096216064,224.699179008,84.735102976,15.0,0.0,16,12.691914752000002
13.95549134016037,28.314917127071826,nan,13.141024768,3.739553792,6.096216064,224.699363328,84.735102976,15.0,0.0,16,12.693794816
13.972165143489837,28.314917127071826,nan,13.141024768,3.739553792,6.096216064,224.699424768,84.735102976,15.0,0.0,16,12.696526848000001
13.98884345293045,28.314917127071826,nan,13.141024768,3.739553792,6.096216064,224.699428864,84.735102976,15.0,0.0,16,12.697026560000001
14.005515865484874,28.314917127071826,nan,13.141024768,3.739553792,6.098313216,224.69943296,84.735102976,15.0,0.0,16,12.694925311999999
14.022193098068238,28.867403314917127,nan,13.141024768,3.739553792,6.098313216,224.699437056,84.735102976,15.0,0.0,16,12.694921216000001
14.038865502675375,28.45303867403315,nan,13.141024768,3.739295744,6.098313216,224.699498496,84.735102976,15.0,0.0,16,12.695117824
14.055541416009268,27.62430939226519,nan,13.141024768,3.739283456,6.098313216,224.699523072,84.735102976,15.0,0.0,16,12.695105536
14.07221511999766,28.59116022099447,nan,13.141024768,3.739250688,6.098313216,224.699539456,84.735102976,15.0,0.0,16,12.695121920000002
14.088890699545543,30.801104972375693,nan,13.141024768,3.7392384,6.098313216,224.699539456,84.735102976,16.0,0.0,16,12.695134207999999
14.105563481648764,30.939226519337016,nan,13.141024768,3.739254784,6.098313216,224.699547648,84.735102976,16.0,0.0,16,12.695109631999998
14.122236553827921,30.939226519337016,nan,13.141024768,3.739254784,6.098313216,224.699551744,84.735102976,16.0,0.0,16,12.695105536
14.138909292221069,30.939226519337016,nan,13.141024768,3.739271168,6.098313216,224.699613184,84.735102976,16.0,0.0,16,12.695027711999998
14.15558234055837,30.110497237569056,nan,13.141024768,3.739275264,6.098313216,224.708718592,84.735102976,16.0,0.0,16,12.691337216
14.172253704071045,27.762430939226522,nan,13.141024768,3.739275264,6.098313216,224.708759552,84.735102976,15.0,0.0,16,12.691296255999998
14.188929251829784,27.62430939226519,nan,13.141024768,3.739291648,6.098313216,224.708870144,84.735102976,15.0,0.0,16,12.691169279999997
14.205602777004241,27.348066298342545,nan,13.141024768,3.739275264,6.098313216,224.708870144,84.735102976,15.0,0.0,16,12.691185663999999
14.22227551539739,27.348066298342545,nan,13.141024768,3.739275264,6.098313216,224.708878336,84.735102976,15.0,0.0,16,12.691177472
14.238948345184326,25.276243093922655,nan,13.141024768,3.739275264,6.102495232,224.7130112,84.735102976,14.0,0.0,16,12.693831680000002
14.25562533934911,25.276243093922655,nan,13.141024768,3.739275264,6.150787072,224.715935744,84.735102976,14.0,0.0,16,12.699947007999999
14.272298304239909,25.41436464088398,nan,13.141024768,3.739275264,6.178050048,224.716488704,84.735102976,14.0,0.0,16,12.698062848
14.288974559307098,29.972375690607734,nan,13.141024768,3.7400576,6.178050048,224.716500992,84.735102976,16.0,0.0,16,12.697497600000002
14.305646308263142,29.972375690607734,nan,13.141024768,3.7400576,6.178050048,224.716500992,84.735102976,16.0,0.0,16,12.697497600000002
14.322319118181865,26.79558011049724,nan,13.141024768,3.7400576,6.178050048,224.716505088,84.735102976,15.0,0.0,16,12.697493504
14.338992897669474,29.972375690607734,nan,13.141024768,3.740332032,6.178050048,224.716541952,84.735102976,16.0,0.0,16,12.697182208000001
14.35566516717275,29.972375690607734,nan,13.141024768,3.740332032,6.178050048,224.716660736,84.735102976,16.0,0.0,16,12.697063424
14.372340456644695,29.972375690607734,nan,13.141024768,3.74034432,6.178050048,224.716693504,84.735102976,16.0,0.0,16,12.697018367999998
14.389013230800629,27.762430939226522,nan,13.141024768,3.74034432,6.20111872,224.764694528,84.735102976,15.0,0.0,16,12.700631040000001
14.405686283111573,25.41436464088398,nan,13.141024768,3.74034432,6.249357312,224.833081344,84.735102976,14.0,0.0,16,12.706562048000002
14.422362267971039,27.62430939226519,nan,13.141024768,3.740352512,6.249357312,224.83341312,84.735102976,15.0,0.0,16,12.706222079999996
14.439032514890036,27.762430939226522,nan,13.141024768,3.740352512,6.249357312,224.83349504,84.735102976,15.0,0.0,16,12.706140159999997
14.455711098512014,26.104972375690604,nan,13.141024768,3.740368896,6.249357312,224.833499136,84.735102976,14.0,0.0,16,12.70611968
14.472384838263194,27.762430939226522,nan,13.141024768,3.740352512,6.249357312,224.833527808,84.735102976,15.0,0.0,16,12.706107391999996
14.48905959924062,27.762430939226522,nan,13.141024768,3.740352512,6.249357312,224.833531904,84.735102976,15.0,0.0,16,12.706103295999998
14.505734769503276,27.62430939226519,nan,13.141024768,3.740352512,6.251454464,224.835145728,84.735102976,15.0,0.0,16,12.706521087999997
14.522406693299612,27.348066298342545,nan,13.141024768,3.740389376,6.264037376,224.83580928,84.735102976,15.0,0.0,16,12.706308096
14.539079443613689,29.281767955801108,nan,13.141024768,3.74038528,6.264037376,224.835825664,84.735102976,16.0,0.0,16,12.706295807999997
14.555752770105999,29.281767955801108,nan,13.141024768,3.74038528,6.264037376,224.83582976,84.735102976,16.0,0.0,16,12.706291711999999
14.572424296538035,29.41988950276243,nan,13.141024768,3.74038528,6.264037376,224.83582976,84.735102976,16.0,0.0,16,12.706291711999999
14.589097666740418,29.41988950276243,nan,13.141024768,3.74038528,6.264037376,224.836083712,84.735102976,16.0,0.0,16,12.706037759999997
14.605775618553162,30.110497237569056,nan,13.141024768,3.74038528,6.264037376,224.836120576,84.735102976,16.0,0.0,16,12.708065279999996
14.622448615233104,29.69613259668509,nan,13.141024768,3.740389376,6.264037376,224.836132864,84.735102976,16.0,0.0,16,12.708048896000001
14.639117781321207,29.83425414364641,nan,13.141024768,3.740389376,6.264037376,224.83613696,84.735102976,16.0,0.0,16,12.7080448
14.655790853500367,29.83425414364641,nan,13.141024768,3.740389376,6.264037376,224.836141056,84.735102976,16.0,0.0,16,12.708040703999998
14.672463977336884,29.83425414364641,nan,13.141024768,3.740389376,6.264037376,224.836169728,84.735102976,16.0,0.0,16,12.708012032
14.689136675993602,29.83425414364641,nan,13.141024768,3.740389376,6.264037376,224.8361984,84.735102976,16.0,0.0,16,12.70798336
14.705809450149536,29.83425414364641,nan,13.141024768,3.740389376,6.264037376,224.836222976,84.735102976,16.0,0.0,16,12.707958783999999
14.722482363382975,27.348066298342545,nan,13.141024768,3.740389376,6.264037376,224.836542464,84.735102976,15.0,0.0,16,12.707639296
14.739158626397451,27.348066298342545,nan,13.141024768,3.740389376,6.264037376,224.83654656,84.735102976,15.0,0.0,16,12.707635199999999
14.755831869443258,27.348066298342545,nan,13.141024768,3.740389376,6.264037376,224.836571136,84.735102976,15.0,0.0,16,12.707610624
14.772507341702779,27.348066298342545,nan,13.141024768,3.740389376,6.264037376,224.838586368,84.735102976,15.0,0.0,16,12.705595392
14.789182031154633,27.348066298342545,nan,13.141024768,3.740389376,6.264037376,224.838586368,84.735102976,15.0,0.0,16,12.705595392
14.805859422683715,27.486187845303867,nan,13.141024768,3.740389376,6.264037376,224.838590464,84.735102976,15.0,0.0,16,12.705591295999998
14.82253392537435,27.486187845303867,nan,13.141024768,3.740389376,6.264037376,224.838688768,84.735102976,15.0,0.0,16,12.705492992
14.839209194978078,30.801104972375693,nan,13.141024768,3.73952512,6.264037376,224.838692864,84.735102976,16.0,0.0,16,12.706353151999998
14.855883085727692,30.110497237569056,nan,13.141024768,3.73952512,6.264037376,224.83869696,84.735102976,16.0,0.0,16,12.706349056
14.872552160422007,30.110497237569056,nan,13.141024768,3.73952512,6.264037376,224.838811648,84.735102976,16.0,0.0,16,12.706234368
14.889223925272624,30.110497237569056,nan,13.141024768,3.73952512,6.264037376,224.838811648,84.735102976,16.0,0.0,16,12.706234368
14.905895507335662,30.110497237569056,nan,13.141024768,3.73952512,6.264037376,224.838815744,84.735102976,16.0,0.0,16,12.699508735999999
14.922568015257518,30.110497237569056,nan,13.141024768,3.73952512,6.264037376,224.83881984,84.735102976,16.0,0.0,16,12.699480064
14.93924400806427,30.24861878453039,nan,13.141024768,3.73952512,6.264037376,224.839405568,84.735102976,16.0,0.0,16,12.698894335999999
14.955913106600443,30.24861878453039,nan,13.141024768,3.73952512,6.264037376,224.839737344,84.735102976,16.0,0.0,16,12.69856256
14.972582232952117,30.24861878453039,nan,13.141024768,3.73952512,6.264037376,224.83974144,84.735102976,16.0,0.0,16,12.698558463999998
14.989260987440746,30.24861878453039,nan,13.141024768,3.73952512,6.264037376,224.83974144,84.735102976,16.0,0.0,16,12.699332607999999
15.005936014652253,26.933701657458563,nan,13.141024768,3.73952512,6.270328832,224.86085632,84.735102976,15.0,0.0,16,12.7003648
15.022609965006511,26.933701657458563,nan,13.141024768,3.73952512,6.272425984,224.871473152,84.735102976,15.0,0.0,16,12.701843456
15.039284567038218,26.933701657458563,nan,13.141024768,3.73952512,6.291300352,224.898469888,84.735102976,15.0,0.0,16,12.704718847999999
15.05596086581548,26.933701657458563,nan,13.141024768,3.73952512,6.297591808,224.906186752,84.735102976,15.0,0.0,16,12.696969216
15.072634665171305,27.071823204419886,nan,13.141024768,3.73952512,6.314369024,224.909410304,84.735102976,15.0,0.0,16,12.697358336
15.089309028784434,27.071823204419886,nan,13.141024768,3.73952512,6.314369024,224.9094144,84.735102976,15.0,0.0,16,12.69735424
15.10598467985789,27.071823204419886,nan,13.141024768,3.73952512,5.938778112,224.886800384,84.735102976,15.0,0.0,16,12.704329728
15.12265759309133,27.762430939226522,nan,13.141024768,3.73952512,5.938778112,224.887635968,84.735102976,16.0,0.0,16,12.702482432000002
15.13933285077413,27.762430939226522,nan,13.141024768,3.73952512,5.938778112,224.887640064,84.735102976,16.0,0.0,16,12.702441472000002
15.156013520558675,25.552486187845304,nan,13.141024768,3.73952512,5.938778112,224.889188352,84.735102976,15.0,0.0,16,12.699836416000002
15.172691464424133,25.552486187845304,nan,13.141024768,3.73952512,5.942972416,224.902193152,84.735102976,15.0,0.0,16,12.699152384000001
15.189364246527354,25.552486187845304,nan,13.141024768,3.73952512,5.942972416,224.90241024,84.735102976,15.0,0.0,16,12.698935296000002
15.206036500136058,24.309392265193374,nan,13.141024768,3.73952512,5.942972416,224.90241024,84.735102976,14.0,0.0,16,12.698935296000002
15.222708205382029,22.651933701657455,nan,13.141024768,3.73952512,5.953458176,224.921772032,84.735102976,14.0,0.0,16,12.701417472000001
15.239381070931753,21.96132596685083,nan,13.141024768,3.739541504,5.980721152,224.935346176,84.735102976,13.0,0.0,16,12.70034432
15.25605119864146,22.651933701657455,nan,13.141024768,3.73952512,5.980721152,224.93564928,84.735102976,14.0,0.0,16,12.700057600000001
15.272724298636119,22.651933701657455,nan,13.141024768,3.73952512,5.980721152,224.935661568,84.735102976,14.0,0.0,16,12.700045312
15.289396313826243,22.651933701657455,nan,13.141024768,3.73952512,5.980721152,224.93566976,84.735102976,14.0,0.0,16,12.700037120000001
15.306067840258281,21.96132596685083,nan,13.141024768,3.73952512,5.980721152,224.93571072,84.735102976,13.0,0.0,16,12.699996159999998
15.322740614414215,22.790055248618778,nan,13.141024768,3.739541504,5.676367872,224.915419136,84.735102976,14.0,0.0,16,12.71103488
15.339411624272664,23.342541436464092,nan,13.141024768,3.739611136,5.676367872,224.915431424,84.735102976,15.0,0.0,16,12.712214528
15.356085574626922,25.82872928176796,nan,13.141024768,3.739594752,5.676367872,224.915451904,84.735102976,16.0,0.0,16,12.712464384
15.372755030790964,25.82872928176796,nan,13.141024768,3.739594752,5.676367872,224.915460096,84.735102976,16.0,0.0,16,12.712456192000001
15.389426596959431,25.138121546961322,nan,13.141024768,3.739594752,5.676367872,224.915464192,84.735102976,15.0,0.0,16,12.712452096
15.406096756458282,25.82872928176796,nan,13.141024768,3.739594752,5.676367872,224.915509248,84.735102976,16.0,0.0,16,12.712407040000002
15.422768525282542,25.82872928176796,nan,13.141024768,3.739594752,5.676367872,224.91553792,84.735102976,16.0,0.0,16,12.712370176
15.439438231786092,25.82872928176796,nan,13.141024768,3.739594752,5.676367872,224.915546112,84.735102976,16.0,0.0,16,12.709097472
15.456108744939169,25.276243093922655,nan,13.141024768,3.739594752,5.710135296,224.915570688,84.735102976,15.0,0.0,16,12.708859904
15.472781658172607,25.96685082872928,nan,13.141024768,3.739594752,5.718523904,224.915771392,84.735102976,16.0,0.0,16,12.708192256
15.48945628007253,25.96685082872928,nan,13.141024768,3.739594752,5.718523904,224.915775488,84.735102976,16.0,0.0,16,12.707078144
15.5061270236969,22.928176795580114,nan,13.141024768,3.739717632,5.775147008,224.928690176,84.735102976,14.0,0.0,16,12.708200447999996
15.522800715764363,25.96685082872928,nan,13.141024768,3.739701248,5.775147008,224.928923648,84.735102976,16.0,0.0,16,12.708237311999998
15.539476052920024,25.96685082872928,nan,13.141024768,3.739701248,5.775147008,224.928927744,84.735102976,16.0,0.0,16,12.708233216
15.556147289276122,25.96685082872928,nan,13.141024768,3.739701248,5.775147008,224.928960512,84.735102976,16.0,0.0,16,12.708200448
15.572818863391877,25.96685082872928,nan,13.141024768,3.739701248,5.775147008,224.928960512,84.735102976,16.0,0.0,16,12.708200448
15.589489380518595,23.480662983425415,nan,13.141024768,3.739701248,5.775147008,224.928964608,84.735102976,15.0,0.0,16,12.708196351999998
15.606162234147389,23.480662983425415,nan,13.141024768,3.739701248,5.775147008,224.928989184,84.735102976,15.0,0.0,16,12.708171776
15.62283212741216,23.480662983425415,nan,13.141024768,3.739701248,5.775147008,224.928989184,84.735102976,15.0,0.0,16,12.708171776
15.639501496156056,23.480662983425415,nan,13.141024768,3.739701248,5.775147008,224.92905472,84.735102976,15.0,0.0,16,12.70810624
15.656174870332082,23.480662983425415,nan,13.141024768,3.739701248,5.775147008,224.929058816,84.735102976,15.0,0.0,16,12.708102143999998
15.672845343748728,23.480662983425415,nan,13.141024768,3.739701248,5.775147008,224.929058816,84.735102976,15.0,0.0,16,12.708102143999998
15.689516146977743,23.618784530386737,nan,13.141024768,3.739701248,5.775147008,224.929091584,84.735102976,15.0,0.0,16,12.708069376000001
15.706189608573913,23.618784530386737,nan,13.141024768,3.739701248,5.775147008,224.929099776,84.735102976,15.0,0.0,16,12.708290559999998
15.722861703236898,26.104972375690604,nan,13.141024768,3.73977088,5.775147008,224.929435648,84.735102976,16.0,0.0,16,12.707885055999999
15.739534338315329,26.104972375690604,nan,13.141024768,3.73977088,5.775147008,224.929435648,84.735102976,16.0,0.0,16,12.707885055999999
15.756203802426656,26.104972375690604,nan,13.141024768,3.73977088,5.775147008,224.929439744,84.735102976,16.0,0.0,16,12.70788096
15.772876326243082,26.243093922651937,nan,13.141024768,3.73977088,5.775147008,224.929726464,84.735102976,16.0,0.0,16,12.707852288000002
15.78954638640086,23.756906077348063,nan,13.141024768,3.73977088,5.775147008,224.929738752,84.735102976,15.0,0.0,16,12.707840000000001
15.80622452100118,26.519337016574585,nan,13.141024768,3.73989376,5.775147008,224.929755136,84.735102976,16.0,0.0,16,12.707700735999996
15.822894004980723,26.519337016574585,nan,13.141024768,3.73989376,5.775147008,224.929759232,84.735102976,16.0,0.0,16,12.707696639999998
15.839565988381704,26.519337016574585,nan,13.141024768,3.73989376,5.775147008,224.929837056,84.735102976,16.0,0.0,16,12.707618815999997
15.856236259142557,26.519337016574585,nan,13.141024768,3.73989376,5.775147008,224.929841152,84.735102976,16.0,0.0,16,12.707614719999999
15.872909625371298,26.519337016574585,nan,13.141024768,3.73989376,5.775147008,224.929865728,84.735102976,16.0,0.0,16,12.707590143999997
15.889581803480784,26.519337016574585,nan,13.141024768,3.73989376,5.775147008,224.929865728,84.735102976,16.0,0.0,16,12.707590143999997
15.906258030732472,26.519337016574585,nan,13.141024768,3.73989376,5.775147008,224.929869824,84.735102976,16.0,0.0,16,12.707586047999996
15.922927836577097,26.519337016574585,nan,13.141024768,3.73989376,5.775147008,224.92987392,84.735102976,16.0,0.0,16,12.707581951999998
15.939597849051157,26.657458563535908,nan,13.141024768,3.73989376,5.775147008,224.92987392,84.735102976,16.0,0.0,16,12.707581951999998
15.956274032592773,26.657458563535908,nan,13.141024768,3.73989376,5.775147008,224.929878016,84.735102976,16.0,0.0,16,12.707577855999997
15.972945348421733,24.723756906077345,nan,13.141024768,3.739910144,5.775147008,224.9298944,84.735102976,15.0,0.0,16,12.707545088
15.989625298976899,24.03314917127072,nan,13.141024768,3.740028928,5.775147008,224.9298944,84.735102976,15.0,0.0,16,12.707426303999998
16.006299153963724,26.657458563535908,nan,13.141024768,3.740012544,5.775147008,224.929906688,84.735102976,16.0,0.0,16,12.70923264
16.022976823647817,25.138121546961322,nan,13.141024768,3.740028928,5.775147008,224.929927168,84.735102976,15.0,0.0,16,12.709953535999997
16.03964714606603,26.79558011049724,nan,13.141024768,3.740012544,5.775147008,224.929951744,84.735102976,16.0,0.0,16,12.709945344000001
16.056319928169252,24.861878453038678,nan,13.141024768,3.740028928,5.775147008,224.929951744,84.735102976,15.0,0.0,16,12.70992896
16.072995960712433,25.41436464088398,nan,13.141024768,3.740012544,5.775147008,224.929959936,84.735102976,15.0,0.0,16,12.710166527999998
16.08966911236445,26.519337016574585,nan,13.141024768,3.740012544,5.775147008,224.930213888,84.735102976,16.0,0.0,16,12.710141952
16.10634452899297,26.519337016574585,nan,13.141024768,3.740012544,5.775147008,224.930213888,84.735102976,16.0,0.0,16,12.710141952
16.123016051451366,26.657458563535908,nan,13.141024768,3.740012544,5.775147008,224.93026304,84.735102976,16.0,0.0,16,12.710092799999998
16.13969532251358,26.657458563535908,nan,13.141024768,3.740012544,5.775147008,224.930271232,84.735102976,16.0,0.0,16,12.710084607999999
16.15636908610662,26.79558011049724,nan,13.141024768,3.740012544,5.775147008,224.930271232,84.735102976,16.0,0.0,16,12.710084607999999
16.173041184743244,26.79558011049724,nan,13.141024768,3.740012544,5.775147008,224.930279424,84.735102976,16.0,0.0,16,12.710334463999999
16.18971256017685,26.79558011049724,nan,13.141024768,3.740012544,5.775147008,224.93028352,84.735102976,16.0,0.0,16,12.710330368000001
16.20638473033905,27.209944751381222,nan,13.141024768,3.740012544,5.775147008,224.930299904,84.735102976,16.0,0.0,16,12.710313983999999
16.22306142250697,26.79558011049724,nan,13.141024768,3.740012544,5.775147008,224.93032448,84.735102976,16.0,0.0,16,12.710289408000001
16.239731268088022,26.79558011049724,nan,13.141024768,3.740012544,5.775147008,224.930328576,84.735102976,16.0,0.0,16,12.710285312
16.256402357419333,26.79558011049724,nan,13.141024768,3.740012544,5.775147008,224.930328576,84.735102976,16.0,0.0,16,12.710285312
16.273072890440623,26.79558011049724,nan,13.141024768,3.740012544,5.775147008,224.930332672,84.735102976,16.0,0.0,16,12.710281215999998
16.289744766553245,26.79558011049724,nan,13.141024768,3.740012544,5.775147008,224.930361344,84.735102976,16.0,0.0,16,12.710252544
16.306415315469106,26.79558011049724,nan,13.141024768,3.740012544,5.775147008,224.930361344,84.735102976,16.0,0.0,16,12.710252544
16.323086718718212,26.79558011049724,nan,13.141024768,3.740012544,5.775147008,224.93036544,84.735102976,16.0,0.0,16,12.710248448000002
16.339759063720702,25.276243093922655,nan,13.141024768,3.740028928,5.775147008,224.930369536,84.735102976,15.0,0.0,16,12.710227967999998
16.356435934702557,26.933701657458563,nan,13.141024768,3.740012544,5.775147008,224.930394112,84.735102976,16.0,0.0,16,12.710219775999999
16.373108049233753,26.933701657458563,nan,13.141024768,3.740012544,5.775147008,224.930394112,84.735102976,16.0,0.0,16,12.710219775999999
16.38978255589803,26.933701657458563,nan,13.141024768,3.740012544,5.775147008,224.930418688,84.735102976,16.0,0.0,16,12.710195200000001
16.40645144780477,26.933701657458563,nan,13.141024768,3.740012544,5.775147008,224.930422784,84.735102976,16.0,0.0,16,12.710191104
16.423126276334127,26.933701657458563,nan,13.141024768,3.740012544,5.775147008,224.930422784,84.735102976,16.0,0.0,16,12.710707200000002
16.439799853165944,26.933701657458563,nan,13.141024768,3.740012544,5.775147008,224.93046784,84.735102976,16.0,0.0,16,12.710662144
16.45647357304891,23.342541436464092,nan,13.141024768,3.740274688,5.775147008,224.94654464,84.735102976,15.0,0.0,16,12.710580224000001
16.47314498027166,26.519337016574585,nan,13.141024768,3.740258304,5.775147008,224.946900992,84.735102976,16.0,0.0,16,12.710498303999998
16.489815465609233,26.657458563535908,nan,13.141024768,3.740258304,5.775147008,224.946917376,84.735102976,16.0,0.0,16,12.71048192
16.50649274190267,26.657458563535908,nan,13.141024768,3.740258304,5.775147008,224.946921472,84.735102976,16.0,0.0,16,12.710477823999998
16.523165647188822,26.657458563535908,nan,13.141024768,3.740258304,5.775147008,224.946921472,84.735102976,16.0,0.0,16,12.710477823999998
16.539837153752647,26.657458563535908,nan,13.141024768,3.740258304,5.775147008,224.946925568,84.735102976,16.0,0.0,16,12.710473727999997
16.55650813182195,26.657458563535908,nan,13.141024768,3.740258304,5.775147008,224.946929664,84.735102976,16.0,0.0,16,12.710469631999999
16.573180683453877,21.685082872928174,nan,13.141024768,3.741130752,5.775147008,224.947224576,84.735102976,14.0,0.0,16,12.71343104
16.589852476119994,27.209944751381222,nan,13.141024768,3.741130752,5.775147008,224.947228672,84.735102976,16.0,0.0,16,12.713672704
16.606527880827585,26.79558011049724,nan,13.141024768,3.741130752,5.775147008,224.947232768,84.735102976,16.0,0.0,16,12.713668607999999
16.62319980065028,26.79558011049724,nan,13.141024768,3.741130752,5.775147008,224.947232768,84.735102976,16.0,0.0,16,12.713668607999999
16.639874970912935,25.276243093922655,nan,13.141024768,3.741147136,5.779341312,224.947298304,84.735102976,15.0,0.0,16,12.718010368000002
16.656548428535462,25.276243093922655,nan,13.141024768,3.741130752,5.779341312,224.947318784,84.735102976,15.0,0.0,16,12.718006272
16.6732261856397,25.690607734806626,nan,13.141024768,3.741130752,5.812895744,224.958427136,84.735102976,15.0,0.0,16,12.718997503999999
16.689897561073302,26.381215469613263,nan,13.141024768,3.741130752,5.812895744,224.958427136,84.735102976,16.0,0.0,16,12.718997503999999
16.7065735300382,24.723756906077345,nan,13.141024768,3.741130752,5.812895744,224.958431232,84.735102976,15.0,0.0,16,12.718993408000001
16.723244138558705,26.381215469613263,nan,13.141024768,3.741130752,5.812895744,224.958455808,84.735102976,16.0,0.0,16,12.719468544
16.73991456826528,26.381215469613263,nan,13.141024768,3.741130752,5.812895744,224.958455808,84.735102976,16.0,0.0,16,12.719468544
16.756593306859333,26.79558011049724,nan,13.141024768,3.741147136,5.812895744,224.958472192,84.735102976,16.0,0.0,16,12.719177728
16.773264412085215,26.657458563535908,nan,13.141024768,3.741130752,5.812895744,224.958476288,84.735102976,16.0,0.0,16,12.719190016
16.789936010042826,26.657458563535908,nan,13.141024768,3.741130752,5.812895744,224.958476288,84.735102976,16.0,0.0,16,12.719190016
16.806604874134063,26.657458563535908,nan,13.141024768,3.741130752,5.812895744,224.95852544,84.735102976,16.0,0.0,16,12.719140863999998
16.82327607075373,26.657458563535908,nan,13.141024768,3.741130752,5.812895744,224.958529536,84.735102976,16.0,0.0,16,12.719136768
16.83995044628779,26.657458563535908,nan,13.141024768,3.741130752,5.812895744,224.958529536,84.735102976,16.0,0.0,16,12.719136768
16.85662594238917,25.552486187845304,nan,13.141024768,3.741130752,5.812895744,224.958533632,84.735102976,15.0,0.0,16,12.719132671999999
16.873297345638274,26.519337016574585,nan,13.141024768,3.741130752,5.812895744,224.963244032,84.735102976,16.0,0.0,16,12.722679808
16.889976088205973,26.519337016574585,nan,13.141024768,3.741130752,5.812895744,224.963244032,84.735102976,16.0,0.0,16,12.722679808
16.90664562781652,27.209944751381222,nan,13.141024768,3.741130752,5.812895744,224.963248128,84.735102976,16.0,0.0,16,12.722675712
16.923319097359975,26.79558011049724,nan,13.141024768,3.741130752,5.812895744,224.963252224,84.735102976,16.0,0.0,16,12.722671615999998
16.939994231859842,27.486187845303867,nan,13.141024768,3.741130752,5.812895744,224.963252224,84.735102976,16.0,0.0,16,12.722671615999998
16.956663314501444,27.071823204419886,nan,13.141024768,3.741130752,5.812895744,224.96325632,84.735102976,16.0,0.0,16,12.72266752
16.973336736361187,27.071823204419886,nan,13.141024768,3.741130752,5.812895744,224.963272704,84.735102976,16.0,0.0,16,12.722651135999998
16.99001152118047,25.690607734806626,nan,13.141024768,3.741147136,5.814992896,224.9632768,84.735102976,15.0,0.0,16,12.720533504000002
17.0066823999087,26.933701657458563,nan,13.141024768,3.741130752,5.814992896,224.963313664,84.735102976,16.0,0.0,16,12.720513023999999
17.02335613568624,26.933701657458563,nan,13.141024768,3.741130752,5.814992896,224.96331776,84.735102976,16.0,0.0,16,12.720508928000001
17.040027356147768,26.933701657458563,nan,13.141024768,3.741130752,5.814992896,224.963325952,84.735102976,16.0,0.0,16,12.720758784000001
17.05670108795166,26.933701657458563,nan,13.141024768,3.741130752,5.814992896,224.963330048,84.735102976,16.0,0.0,16,12.720754688
17.073371998469035,26.933701657458563,nan,13.141024768,3.741130752,5.814992896,224.963334144,84.735102976,16.0,0.0,16,12.720750592000002
17.090044542153677,26.933701657458563,nan,13.141024768,3.741130752,5.814992896,224.963350528,84.735102976,16.0,0.0,16,12.720734208
17.10671353340149,26.933701657458563,nan,13.141024768,3.741130752,5.814992896,224.963350528,84.735102976,16.0,0.0,16,12.720734208
17.1233917593956,27.348066298342545,nan,13.141024768,3.741130752,5.814992896,224.963366912,84.735102976,16.0,0.0,16,12.720717824000001
17.140060567855834,27.071823204419886,nan,13.141024768,3.741130752,5.814992896,224.963371008,84.735102976,16.0,0.0,16,12.720713728
17.156733854611716,27.071823204419886,nan,13.141024768,3.741130752,5.814992896,224.963371008,84.735102976,16.0,0.0,16,12.720713728
17.17340307235718,24.309392265193374,nan,13.141024768,3.741130752,5.814992896,224.963375104,84.735102976,15.0,0.0,16,12.720709632000002
17.190076553821562,26.933701657458563,nan,13.141024768,3.741503488,5.814992896,224.963903488,84.735102976,16.0,0.0,16,12.720582656000001
17.206750078996023,22.928176795580114,nan,13.141024768,3.741503488,5.817090048,224.963903488,84.735102976,14.0,0.0,16,12.718485504
17.223419535160065,25.96685082872928,nan,13.141024768,3.741503488,5.817090048,224.964194304,84.735102976,16.0,0.0,16,12.718452736
17.24009400208791,25.96685082872928,nan,13.141024768,3.741503488,5.817090048,224.964304896,84.735102976,16.0,0.0,16,12.718342144000001
17.256766871611276,25.96685082872928,nan,13.141024768,3.741503488,5.817090048,224.964304896,84.735102976,16.0,0.0,16,12.718342144000001
17.27344253460566,26.104972375690604,nan,13.141024768,3.741503488,5.817090048,224.96432128,84.735102976,16.0,0.0,16,12.718325759999999
17.290115122000376,24.861878453038678,nan,13.141024768,3.741503488,5.846638592,224.990130176,84.735102976,15.0,0.0,16,12.729294848
17.306792616844177,25.276243093922655,nan,13.141024768,3.741519872,5.867610112,224.996499456,84.735102976,15.0,0.0,16,12.726337535999999
17.32346586386363,26.381215469613263,nan,13.141024768,3.741503488,5.867610112,224.996499456,84.735102976,16.0,0.0,16,12.726353920000001
17.340141034126283,26.519337016574585,nan,13.141024768,3.741503488,5.867610112,224.996503552,84.735102976,16.0,0.0,16,12.726349824
17.35681060155233,26.657458563535908,nan,13.141024768,3.741503488,5.867610112,224.996507648,84.735102976,16.0,0.0,16,12.726345727999998
17.37348417043686,26.657458563535908,nan,13.141024768,3.741503488,5.867610112,224.996507648,84.735102976,16.0,0.0,16,12.726345727999998
17.390155784289043,25.552486187845304,nan,13.141024768,3.741503488,5.867610112,224.996511744,84.735102976,15.0,0.0,16,12.726341632
17.40682866970698,25.552486187845304,nan,13.141024768,3.741503488,5.928435712,225.044926464,84.735102976,15.0,0.0,16,12.725624832000001
17.42350308895111,25.552486187845304,nan,13.141024768,3.741519872,5.95570688,225.058586624,84.735102976,15.0,0.0,16,12.729778175999996
17.440174786249795,23.618784530386737,nan,13.141024768,3.741519872,5.95570688,225.05865216,84.735102976,14.0,0.0,16,12.729700351999998
17.45684572458267,26.79558011049724,nan,13.141024768,3.741503488,5.95570688,225.058656256,84.735102976,16.0,0.0,16,12.728152064
17.473517354329427,27.486187845303867,nan,13.141024768,3.741503488,5.95570688,225.058656256,84.735102976,16.0,0.0,16,12.728152064
17.490190863609314,27.071823204419886,nan,13.141024768,3.741503488,5.95570688,225.058660352,84.735102976,16.0,0.0,16,12.726783999999999
17.50686008532842,27.071823204419886,nan,13.141024768,3.741503488,5.95570688,225.058664448,84.735102976,16.0,0.0,16,12.722761727999998
17.523535680770873,27.071823204419886,nan,13.141024768,3.741503488,5.95570688,225.05873408,84.735102976,16.0,0.0,16,12.721561600000001
17.540209690729778,26.104972375690604,nan,13.141024768,3.741519872,5.95570688,225.05895936,84.735102976,15.0,0.0,16,12.721422335999996
17.556883855660757,27.071823204419886,nan,13.141024768,3.741503488,5.95570688,225.058975744,84.735102976,16.0,0.0,16,12.721422336
17.57355726957321,27.071823204419886,nan,13.141024768,3.741503488,5.95570688,225.058975744,84.735102976,16.0,0.0,16,12.721422336
17.590226860841117,27.209944751381222,nan,13.141024768,3.741503488,5.95570688,225.05914368,84.735102976,16.0,0.0,16,12.7212544
17.6069016456604,25.552486187845304,nan,13.141024768,3.741519872,5.964095488,225.059147776,84.735102976,15.0,0.0,16,12.720975871999999
17.62357104619344,27.348066298342545,nan,13.141024768,3.741503488,5.964095488,225.059155968,84.735102976,16.0,0.0,16,12.720984064000001
17.640247929096223,27.348066298342545,nan,13.141024768,3.741503488,5.964095488,225.05916416,84.735102976,16.0,0.0,16,12.720975872000002
17.656918585300446,27.348066298342545,nan,13.141024768,3.741503488,5.964095488,225.059168256,84.735102976,16.0,0.0,16,12.720971776
17.67358990907669,27.486187845303867,nan,13.141024768,3.741503488,5.964095488,225.059172352,84.735102976,16.0,0.0,16,12.722745344000002
17.690259647369384,27.486187845303867,nan,13.141024768,3.741503488,5.970444288,225.059180544,84.735102976,16.0,0.0,16,12.718608384
17.706928793589274,27.486187845303867,nan,13.141024768,3.741503488,5.970444288,225.05918464,84.735102976,16.0,0.0,16,12.716392448
17.723599123954774,27.486187845303867,nan,13.141024768,3.741503488,5.970444288,225.059188736,84.735102976,16.0,0.0,16,12.716388352000003
17.74026975631714,27.486187845303867,nan,13.141024768,3.741503488,5.970444288,225.059192832,84.735102976,16.0,0.0,16,12.716384256000001
17.756940285364788,27.486187845303867,nan,13.141024768,3.741503488,5.970444288,225.059201024,84.735102976,16.0,0.0,16,12.716376064000002
17.77361117998759,27.486187845303867,nan,13.141024768,3.741519872,5.970444288,225.059282944,84.735102976,16.0,0.0,16,12.715761663999999
17.79028527736664,27.209944751381222,nan,13.141024768,3.741503488,5.970444288,225.059282944,84.735102976,16.0,0.0,16,12.715778048
17.806960459550222,27.209944751381222,nan,13.141024768,3.741503488,5.970444288,225.05928704,84.735102976,16.0,0.0,16,12.715773952000003
17.82363068262736,27.209944751381222,nan,13.141024768,3.741503488,5.970444288,225.059319808,84.735102976,16.0,0.0,16,12.715741184000002
17.840301803747813,27.209944751381222,nan,13.141024768,3.741503488,5.970444288,225.059319808,84.735102976,16.0,0.0,16,12.715741184000002
17.856975356737774,27.209944751381222,nan,13.141024768,3.741503488,5.970444288,225.06364928,84.735102976,16.0,0.0,16,12.711153664000001
17.87364735205968,27.209944751381222,nan,13.141024768,3.741503488,5.970444288,225.063653376,84.735102976,16.0,0.0,16,12.711149568
17.8903240442276,27.209944751381222,nan,13.141024768,3.741503488,5.970444288,225.063653376,84.735102976,16.0,0.0,16,12.711149568
17.90699985822042,27.209944751381222,nan,13.141024768,3.741503488,5.970444288,225.063657472,84.735102976,16.0,0.0,16,12.711145472000002
17.92367563645045,27.209944751381222,nan,13.141024768,3.741503488,5.970444288,225.066000384,84.735102976,16.0,0.0,16,12.708802560000002
17.940348688761393,27.348066298342545,nan,13.141024768,3.741503488,5.970444288,225.066000384,84.735102976,16.0,0.0,16,12.708802560000002
17.957025480270385,25.552486187845304,nan,13.141024768,3.741503488,5.970444288,225.066102784,84.735102976,15.0,0.0,16,12.708700160000003
17.9736989180247,27.348066298342545,nan,13.141024768,3.741503488,5.970444288,225.066135552,84.735102976,16.0,0.0,16,12.708667392000002
17.990373106797538,27.348066298342545,nan,13.141024768,3.741503488,5.970444288,225.066139648,84.735102976,16.0,0.0,16,12.708663296000001
18.007047180334727,25.690607734806626,nan,13.141024768,3.741503488,5.970444288,225.069150208,84.735102976,15.0,0.0,16,12.707459072000002
18.023725354671477,27.348066298342545,nan,13.141024768,3.741503488,5.970444288,225.069174784,84.735102976,16.0,0.0,16,12.707434496000001
18.04039896329244,27.348066298342545,nan,13.141024768,3.741503488,5.970444288,225.06917888,84.735102976,16.0,0.0,16,12.70972416
18.05706886847814,26.243093922651937,nan,13.141024768,3.741503488,5.978832896,225.070395392,84.735102976,15.0,0.0,16,12.708147199999999
18.07374218304952,25.96685082872928,nan,13.141024768,3.74153216,5.978832896,225.070493696,84.735102976,15.0,0.0,16,12.708020224000002
18.090414528052012,27.209944751381222,nan,13.141024768,3.741515776,5.978832896,225.070522368,84.735102976,16.0,0.0,16,12.708007936000001
18.107089893023172,27.348066298342545,nan,13.141024768,3.741515776,5.978832896,225.070616576,84.735102976,16.0,0.0,16,12.707913728000001
18.12376167376836,25.552486187845304,nan,13.141024768,3.741515776,5.978832896,225.070620672,84.735102976,15.0,0.0,16,12.707909632
18.14043386777242,27.762430939226522,nan,13.141024768,3.741515776,5.978832896,225.072971776,84.735102976,16.0,0.0,16,12.706844671999999
18.157107253869373,27.62430939226519,nan,13.141024768,3.741515776,5.978832896,225.072996352,84.735102976,16.0,0.0,16,12.706820096000001
18.173779169718426,27.62430939226519,nan,13.141024768,3.741515776,5.978832896,225.073000448,84.735102976,16.0,0.0,16,12.706816
18.190453128019968,27.762430939226522,nan,13.141024768,3.741515776,5.978832896,225.073004544,84.735102976,16.0,0.0,16,12.706811903999998
18.207123549779258,27.762430939226522,nan,13.141024768,3.741515776,5.978832896,225.073004544,84.735102976,16.0,0.0,16,12.706811903999998
18.223796780904134,27.762430939226522,nan,13.141024768,3.741515776,5.978832896,225.07300864,84.735102976,16.0,0.0,16,12.706807808
18.240469829241434,27.762430939226522,nan,13.141024768,3.741515776,5.978832896,225.073082368,84.735102976,16.0,0.0,16,12.70673408
18.257138840357463,27.762430939226522,nan,13.141024768,3.741515776,5.978832896,225.073082368,84.735102976,16.0,0.0,16,12.70673408
18.273814435799917,26.104972375690604,nan,13.141024768,3.741536256,5.978832896,225.07309056,84.735102976,15.0,0.0,16,12.706705408000001
18.290483542283376,27.762430939226522,nan,13.141024768,3.741519872,5.978832896,225.073127424,84.735102976,16.0,0.0,16,12.706684927999998
18.30716075102488,27.762430939226522,nan,13.141024768,3.74153216,5.978832896,225.07313152,84.735102976,16.0,0.0,16,12.706668544000003
18.323829690615337,27.900552486187845,nan,13.141024768,3.74153216,5.978832896,225.07313152,84.735102976,16.0,0.0,16,12.706668544000003
18.340511004130047,27.900552486187845,nan,13.141024768,3.74153216,5.980930048,225.073152,84.735102976,16.0,0.0,16,12.704808959999998
18.357183861732484,25.96685082872928,nan,13.141024768,3.74153216,5.980930048,225.073156096,84.735102976,15.0,0.0,16,12.704804864
18.373853341738382,28.314917127071826,nan,13.141024768,3.74153216,5.997707264,225.078706176,84.735102976,16.0,0.0,16,12.70964224
18.390525670846305,28.03867403314917,nan,13.141024768,3.74153216,5.997707264,225.078972416,84.735102976,16.0,0.0,16,12.709375999999999
18.407196962833403,28.176795580110493,nan,13.141024768,3.74155264,5.997707264,225.079037952,84.735102976,16.0,0.0,16,12.709289984000002
18.423868139584858,28.176795580110493,nan,13.141024768,3.74155264,5.997707264,225.079037952,84.735102976,16.0,0.0,16,12.709289984000002
18.440541553497315,27.071823204419886,nan,13.141024768,3.74155264,6.018707456,225.09262848,84.735102976,15.0,0.0,16,12.707475456
18.457211820284524,28.314917127071826,nan,13.141024768,3.74155264,6.02290176,225.094934528,84.735102976,16.0,0.0,16,12.705169408
18.473881073792775,26.381215469613263,nan,13.141024768,3.74155264,6.058545152,225.110495232,84.735102976,15.0,0.0,16,12.7079424
18.490551098187765,26.381215469613263,nan,13.141024768,3.74155264,6.106779648,225.112891392,84.735102976,15.0,0.0,16,12.715900928000003
18.507223359743755,26.381215469613263,nan,13.141024768,3.74155264,6.106779648,225.11294464,84.735102976,15.0,0.0,16,12.715847680000003
18.523894210656483,25.138121546961322,nan,13.141024768,3.74155264,6.121459712,225.11294464,84.735102976,14.0,0.0,16,12.713750528000002
18.540568164984386,26.79558011049724,nan,13.141024768,3.741569024,6.12984832,225.116106752,84.735102976,15.0,0.0,16,12.721926143999998
18.55724164644877,28.314917127071826,nan,13.141024768,3.74155264,6.12984832,225.116409856,84.735102976,16.0,0.0,16,12.721897472000002
18.573912874857584,24.03314917127072,nan,13.141024768,3.74155264,6.12984832,225.1165696,84.735102976,14.0,0.0,16,12.721737728
18.590584560235342,26.79558011049724,nan,13.141024768,3.741872128,6.12984832,225.119576064,84.735102976,15.0,0.0,16,12.719702016
18.607261455059053,26.79558011049724,nan,13.141024768,3.741872128,6.12984832,225.123229696,84.735102976,15.0,0.0,16,12.720148479999999
18.62393393119176,26.79558011049724,nan,13.141024768,3.741872128,6.12984832,225.126006784,84.735102976,15.0,0.0,16,12.722487295999997
18.64060988028844,26.79558011049724,nan,13.141024768,3.741888512,6.134042624,225.127370752,84.735102976,15.0,0.0,16,12.723863552000001
18.657279805342355,27.486187845303867,nan,13.141024768,3.741872128,6.134042624,225.127571456,84.735102976,16.0,0.0,16,12.723679231999999
18.67395081122716,27.486187845303867,nan,13.141024768,3.741876224,6.134042624,225.127575552,84.735102976,16.0,0.0,16,12.723572736000001
18.690623807907105,27.486187845303867,nan,13.141024768,3.741876224,6.134042624,225.127575552,84.735102976,16.0,0.0,16,12.723572736000001
18.707297150293986,25.276243093922655,nan,13.141024768,3.741876224,6.134042624,225.127579648,84.735102976,15.0,0.0,16,12.723568640000003
18.723970437049864,27.486187845303867,nan,13.141024768,3.741884416,6.136139776,225.132601344,84.735102976,16.0,0.0,16,12.720635903999998
18.740639583269754,26.381215469613263,nan,13.141024768,3.741884416,6.136139776,225.132716032,84.735102976,15.0,0.0,16,12.720521215999998
18.757312961419423,24.17127071823204,nan,13.141024768,3.741884416,6.136139776,225.132785664,84.735102976,14.0,0.0,16,12.720451584
18.773984694480895,25.96685082872928,nan,13.141024768,3.741884416,6.138236928,225.13393664,84.735102976,15.0,0.0,16,12.721397759999999
18.79065750439962,25.552486187845304,nan,13.141024768,3.741884416,6.138236928,225.137164288,84.735102976,15.0,0.0,16,12.722298879999997
18.80732940832774,25.552486187845304,nan,13.141024768,3.741884416,6.138236928,225.137168384,84.735102976,15.0,0.0,16,12.722294783999999
18.82399951616923,25.552486187845304,nan,13.141024768,3.741884416,6.138236928,225.13717248,84.735102976,15.0,0.0,16,12.722290687999998
18.840670005480447,25.552486187845304,nan,13.141024768,3.741884416,6.1613056,225.210560512,84.735102976,15.0,0.0,16,12.717031424
18.85734237829844,25.552486187845304,nan,13.141024768,3.741884416,6.228414464,225.2106752,84.735102976,15.0,0.0,16,12.712980479999999
18.874013964335123,21.54696132596685,nan,13.141024768,3.7419008,6.228414464,225.211252736,84.735102976,12.0,0.0,16,12.717355007999998
18.89069037437439,24.447513812154696,nan,13.141024768,3.741884416,6.230511616,225.22513408,84.735102976,14.0,0.0,16,12.719198207999998
18.907360116640728,24.723756906077345,nan,13.141024768,3.741884416,6.232608768,225.228173312,84.735102976,14.0,0.0,16,12.716097535999998
18.92403383652369,26.657458563535908,nan,13.141024768,3.741884416,6.24519168,225.231970304,84.735102976,15.0,0.0,16,12.720558079999998
18.940706503391265,26.79558011049724,nan,13.141024768,3.741884416,6.264066048,225.235685376,84.735102976,15.0,0.0,16,12.725133311999997
18.957377501328786,26.79558011049724,nan,13.141024768,3.741884416,6.264066048,225.238700032,84.735102976,15.0,0.0,16,12.722118656
18.97404879728953,26.79558011049724,nan,13.141024768,3.741884416,6.272454656,225.240702976,84.735102976,15.0,0.0,16,12.728373247999997
18.990723288059236,26.933701657458563,nan,13.141024768,3.741884416,6.27664896,225.244573696,84.735102976,15.0,0.0,16,12.725534719999999
19.007394794623057,27.071823204419886,nan,13.141024768,3.741884416,6.278746112,225.24717056,84.735102976,15.0,0.0,16,12.735356927999998
19.024063817660014,27.071823204419886,nan,13.141024768,3.741884416,6.278746112,225.250369536,84.735102976,15.0,0.0,16,12.733108223999999
19.04073281288147,27.071823204419886,nan,13.141024768,3.741884416,6.280843264,225.25435904,84.735102976,15.0,0.0,16,12.727988223999999
19.057406024138132,27.071823204419886,nan,13.141024768,3.741884416,6.291329024,225.256542208,84.735102976,15.0,0.0,16,12.737748992
19.074078790346782,25.0,nan,13.141024768,3.7419008,6.293426176,225.258815488,84.735102976,14.0,0.0,16,12.724862976
19.090751520792644,27.071823204419886,nan,13.141024768,3.741884416,6.295523328,225.26214144,84.735102976,15.0,0.0,16,12.720754687999998
19.107425117492674,27.071823204419886,nan,13.141024768,3.741884416,6.295523328,225.265242112,84.735102976,15.0,0.0,16,12.722270208
19.124097355206807,27.071823204419886,nan,13.141024768,3.741884416,6.299717632,225.271279616,84.735102976,15.0,0.0,16,12.723175423999997
19.1407674352328,27.071823204419886,nan,13.141024768,3.741884416,6.299717632,225.273614336,84.735102976,15.0,0.0,16,12.723761151999998
19.157436684767404,28.45303867403315,nan,13.141024768,3.741884416,6.299717632,225.273622528,84.735102976,16.0,0.0,16,12.723523583999999
19.17411148150762,28.45303867403315,nan,13.141024768,3.741884416,6.299717632,225.273786368,84.735102976,16.0,0.0,16,12.723359744
19.190785773595174,28.45303867403315,nan,13.141024768,3.741884416,6.299717632,225.273790464,84.735102976,16.0,0.0,16,12.723355647999998
19.20745501915614,28.45303867403315,nan,13.141024768,3.741884416,6.299717632,225.27410176,84.735102976,16.0,0.0,16,12.723044351999999
19.224127078056334,28.45303867403315,nan,13.141024768,3.741884416,6.299717632,225.274150912,84.735102976,16.0,0.0,16,12.7229952
19.24079821507136,26.79558011049724,nan,13.141024768,3.741884416,6.299717632,225.274363904,84.735102976,15.0,0.0,16,12.722782207999998
19.257476524511972,28.59116022099447,nan,13.141024768,3.741884416,6.299717632,225.275068416,84.735102976,16.0,0.0,16,12.722077696
19.274149854977924,28.59116022099447,nan,13.141024768,3.741884416,6.299717632,225.275097088,84.735102976,16.0,0.0,16,12.722049023999997
19.29082692861557,28.59116022099447,nan,13.141024768,3.741884416,6.299717632,225.275101184,84.735102976,16.0,0.0,16,12.722044927999999
19.307499555746713,28.59116022099447,nan,13.141024768,3.741884416,6.299717632,225.27510528,84.735102976,16.0,0.0,16,12.722040831999998
19.32417053381602,27.071823204419886,nan,13.141024768,3.741884416,6.299717632,225.27510528,84.735102976,15.0,0.0,16,12.722040831999998
19.340842787424723,27.071823204419886,nan,13.141024768,3.7419008,6.301814784,225.282387968,84.735102976,15.0,0.0,16,12.713418751999999
19.35751645565033,28.59116022099447,nan,13.141024768,3.741884416,6.301814784,225.282445312,84.735102976,16.0,0.0,16,12.713377791999996
19.374185717105867,28.59116022099447,nan,13.141024768,3.741884416,6.301814784,225.292251136,84.735102976,16.0,0.0,16,12.715958271999998
19.390862067540485,28.729281767955804,nan,13.141024768,3.741884416,6.301814784,225.292566528,84.735102976,16.0,0.0,16,12.715642879999997
19.407534023125965,27.071823204419886,nan,13.141024768,3.7419008,6.303911936,225.293402112,84.735102976,15.0,0.0,16,12.713955327999999
19.424204778671264,28.867403314917127,nan,13.141024768,3.741884416,6.303911936,225.293430784,84.735102976,16.0,0.0,16,12.714196992
19.440875009695688,28.867403314917127,nan,13.141024768,3.741884416,6.303911936,225.293574144,84.735102976,16.0,0.0,16,12.714053631999997
19.457547001043956,27.348066298342545,nan,13.141024768,3.7419008,6.303911936,225.293725696,84.735102976,15.0,0.0,16,12.713885696
19.474218920866647,28.867403314917127,nan,13.141024768,3.741884416,6.303911936,225.29595392,84.735102976,16.0,0.0,16,12.711673855999999
19.49089119831721,28.867403314917127,nan,13.141024768,3.741884416,6.303911936,225.295958016,84.735102976,16.0,0.0,16,12.711669759999998
19.507564413547517,28.867403314917127,nan,13.141024768,3.741884416,6.303911936,225.296150528,84.735102976,16.0,0.0,16,12.711477248
19.524236528078713,28.867403314917127,nan,13.141024768,3.741884416,6.303911936,225.296150528,84.735102976,16.0,0.0,16,12.711477248
19.54090951283773,28.867403314917127,nan,13.141024768,3.741884416,6.303911936,225.296154624,84.735102976,16.0,0.0,16,12.711473151999998
19.557582517464954,25.0,nan,13.141024768,3.741884416,6.303911936,225.299214336,84.735102976,14.0,0.0,16,12.716670975999998
19.574253058433534,28.867403314917127,nan,13.141024768,3.741884416,6.303911936,225.299238912,84.735102976,16.0,0.0,16,12.716646399999997
19.590924926598866,28.867403314917127,nan,13.141024768,3.741884416,6.303911936,225.299304448,84.735102976,16.0,0.0,16,12.716580863999999
19.607597017288207,28.867403314917127,nan,13.141024768,3.741884416,6.303911936,225.299308544,84.735102976,16.0,0.0,16,12.716576767999998
19.624266831080117,28.867403314917127,nan,13.141024768,3.741884416,6.303911936,225.29931264,84.735102976,16.0,0.0,16,12.716572672
19.640942962964377,28.867403314917127,nan,13.141024768,3.741884416,6.303911936,225.302511616,84.735102976,16.0,0.0,16,12.713373696
19.65761518875758,28.867403314917127,nan,13.141024768,3.741884416,6.303911936,225.302515712,84.735102976,16.0,0.0,16,12.713369599999998
19.674285519123078,29.005524861878452,nan,13.141024768,3.741884416,6.303911936,225.302523904,84.735102976,16.0,0.0,16,12.713361407999999
19.690957017739613,29.005524861878452,nan,13.141024768,3.741884416,6.303911936,225.302523904,84.735102976,16.0,0.0,16,12.713619455999998
19.707629477977754,29.005524861878452,nan,13.141024768,3.741884416,6.303911936,225.302528,84.735102976,16.0,0.0,16,12.713615359999997
19.724301640192667,27.62430939226519,nan,13.141024768,3.741884416,6.320689152,225.355431936,84.735102976,15.0,0.0,16,12.718419968
19.74097314675649,29.143646408839775,nan,13.141024768,3.741884416,6.324883456,225.355722752,84.735102976,16.0,0.0,16,12.718387199999997
19.757644859949746,27.348066298342545,nan,13.141024768,3.741884416,6.324883456,225.356562432,84.735102976,15.0,0.0,16,12.717547519999998
19.774316334724425,27.348066298342545,nan,13.141024768,3.741884416,6.324883456,225.357971456,84.735102976,15.0,0.0,16,12.716597247999998
19.790986104806265,26.381215469613263,nan,13.141024768,3.741884416,6.324883456,225.357971456,84.735102976,15.0,0.0,16,12.716597247999998
19.807661139965056,29.143646408839775,nan,13.141024768,3.741323264,6.324883456,225.357996032,84.735102976,16.0,0.0,16,12.717133824000003
19.824332702159882,29.143646408839775,nan,13.141024768,3.741323264,6.324883456,225.358557184,84.735102976,16.0,0.0,16,12.717088767999998
19.841002957026163,29.281767955801108,nan,13.141024768,3.741323264,6.324883456,225.358557184,84.735102976,16.0,0.0,16,12.717088767999998
19.857673184076944,27.762430939226522,nan,13.141024768,3.74132736,6.324883456,225.35858176,84.735102976,15.0,0.0,16,12.718092288
19.87434878349304,29.41988950276243,nan,13.141024768,3.74132736,6.324883456,225.358819328,84.735102976,16.0,0.0,16,12.71785472
19.8910192489624,29.41988950276243,nan,13.141024768,3.74132736,6.324883456,225.358823424,84.735102976,16.0,0.0,16,12.717850623999999
19.90769315958023,29.558011049723753,nan,13.141024768,3.74132736,6.324883456,225.358872576,84.735102976,16.0,0.0,16,12.717801472
19.924365079402925,29.69613259668509,nan,13.141024768,3.74132736,6.324883456,225.358876672,84.735102976,16.0,0.0,16,12.717797376000002
19.94104616244634,29.69613259668509,nan,13.141024768,3.74132736,6.324883456,225.358942208,84.735102976,16.0,0.0,16,12.71773184
19.957718086242675,29.69613259668509,nan,13.141024768,3.74132736,6.324883456,225.359036416,84.735102976,16.0,0.0,16,12.717637632
19.974394631385803,29.83425414364641,nan,13.141024768,3.74132736,6.324883456,225.359044608,84.735102976,16.0,0.0,16,12.717629440000001
19.991063996156058,30.110497237569056,nan,13.141024768,3.74173696,6.324883456,225.359286272,84.735102976,16.0,0.0,16,12.716978176
20.007734195391336,29.83425414364641,nan,13.141024768,3.74173696,6.324883456,225.359286272,84.735102976,16.0,0.0,16,12.715429887999997
20.024411125977835,29.83425414364641,nan,13.141024768,3.74173696,6.324883456,225.35931904,84.735102976,16.0,0.0,16,12.707905536
20.041083097457886,29.83425414364641,nan,13.141024768,3.74173696,6.324883456,225.359323136,84.735102976,16.0,0.0,16,12.707901439999999
20.057756821314495,29.83425414364641,nan,13.141024768,3.74173696,6.324883456,225.359323136,84.735102976,16.0,0.0,16,12.710477824
20.074430092175803,29.83425414364641,nan,13.141024768,3.74173696,6.324883456,225.359327232,84.735102976,16.0,0.0,16,12.7112192
20.09110197623571,29.83425414364641,nan,13.141024768,3.74173696,6.324883456,225.359335424,84.735102976,16.0,0.0,16,12.70474752
20.10777248541514,29.83425414364641,nan,13.141024768,3.74173696,6.324883456,225.359335424,84.735102976,16.0,0.0,16,12.704907263999997
20.124444913864135,29.83425414364641,nan,13.141024768,3.74173696,6.324883456,225.35933952,84.735102976,16.0,0.0,16,12.704903168
20.14111520051956,29.83425414364641,nan,13.141024768,3.74173696,6.324883456,225.359343616,84.735102976,16.0,0.0,16,12.704899071999998
20.157792003949485,29.83425414364641,nan,13.141024768,3.74173696,6.324883456,225.359343616,84.735102976,16.0,0.0,16,12.704899071999998
20.174462656180065,28.729281767955804,nan,13.141024768,3.74173696,6.324883456,225.359347712,84.735102976,15.0,0.0,16,12.704894976
20.19113435347875,28.729281767955804,nan,13.141024768,3.74173696,6.33956352,225.386213376,84.735102976,15.0,0.0,16,12.701192192
20.207815714677174,29.69613259668509,nan,13.141024768,3.74173696,6.33956352,225.386217472,84.735102976,16.0,0.0,16,12.701446144000002
20.22449265321096,29.69613259668509,nan,13.141024768,3.74173696,6.33956352,225.386217472,84.735102976,16.0,0.0,16,12.701446144000002
20.241162184874216,29.83425414364641,nan,13.141024768,3.74173696,6.33956352,225.386237952,84.735102976,16.0,0.0,16,12.701425664000002
20.25783480008443,28.176795580110493,nan,13.141024768,3.74173696,6.33956352,225.386242048,84.735102976,15.0,0.0,16,12.701421568
20.27450973590215,28.176795580110493,nan,13.141024768,3.74173696,6.33956352,225.389944832,84.735102976,15.0,0.0,16,12.706205696000001
20.29118186632792,28.59116022099447,nan,13.141024768,3.74173696,6.343757824,225.39360256,84.735102976,15.0,0.0,16,12.710805504
20.307851310571035,28.176795580110493,nan,13.141024768,3.74173696,6.347952128,225.396793344,84.735102976,15.0,0.0,16,12.712583167999998
20.324523731072745,28.176795580110493,nan,13.141024768,3.74173696,6.352146432,225.400041472,84.735102976,15.0,0.0,16,12.709335040000001
20.34119530916214,28.176795580110493,nan,13.141024768,3.74173696,6.354243584,225.403355136,84.735102976,15.0,0.0,16,12.704108544
20.357865285873412,29.83425414364641,nan,13.141024768,3.74173696,6.354243584,225.403629568,84.735102976,16.0,0.0,16,12.703834112
20.374542462825776,29.83425414364641,nan,13.141024768,3.74173696,6.354243584,225.403629568,84.735102976,16.0,0.0,16,12.701503488
20.391214549541473,29.972375690607734,nan,13.141024768,3.74173696,6.354243584,225.403633664,84.735102976,16.0,0.0,16,12.699815936
20.407891790072124,29.972375690607734,nan,13.141024768,3.74173696,6.354243584,225.40363776,84.735102976,16.0,0.0,16,12.699811839999999
20.424561472733817,27.348066298342545,nan,13.141024768,3.74173696,6.358437888,225.40363776,84.735102976,14.0,0.0,16,12.698132479999998
20.44123214483261,29.281767955801108,nan,13.141024768,3.74173696,6.471725056,225.496776704,84.735102976,15.0,0.0,16,12.699045888
20.457909727096556,30.524861878453034,nan,13.141024768,3.74177792,6.545125376,225.5516672,84.735102976,16.0,0.0,16,12.709289984
20.474578551451366,29.005524861878452,nan,13.141024768,3.741761536,6.545125376,225.551671296,84.735102976,15.0,0.0,16,12.709302272
20.49126074711482,30.24861878453039,nan,13.141024768,3.741761536,6.547222528,225.580806144,84.735102976,16.0,0.0,16,12.712718336000002
20.50793466170629,30.24861878453039,nan,13.141024768,3.741761536,6.547222528,225.58081024,84.735102976,16.0,0.0,16,12.712714240000004
20.524609565734863,30.24861878453039,nan,13.141024768,3.741761536,6.547222528,225.580814336,84.735102976,16.0,0.0,16,12.711927808000002
20.541281441847485,30.24861878453039,nan,13.141024768,3.741761536,6.547222528,225.580814336,84.735102976,16.0,0.0,16,12.711927808000002
20.557960108915964,30.386740331491712,nan,13.141024768,3.741761536,6.547222528,225.581092864,84.735102976,16.0,0.0,16,12.711649280000003
20.57463489373525,30.386740331491712,nan,13.141024768,3.741761536,6.547222528,225.58109696,84.735102976,16.0,0.0,16,12.711645184000002
20.59130362669627,28.314917127071826,nan,13.141024768,3.741761536,6.547222528,225.581101056,84.735102976,15.0,0.0,16,12.711641088000004
20.60797486305237,29.83425414364641,nan,13.141024768,3.741761536,6.547222528,225.58121984,84.735102976,16.0,0.0,16,12.711751680000003
20.62464547952016,29.83425414364641,nan,13.141024768,3.741761536,6.547222528,225.581223936,84.735102976,16.0,0.0,16,12.711747584000001
20.64131681919098,29.83425414364641,nan,13.141024768,3.741761536,6.547222528,225.581223936,84.735102976,16.0,0.0,16,12.711747584000001
20.65799242258072,29.83425414364641,nan,13.141024768,3.741761536,6.547222528,225.581228032,84.735102976,16.0,0.0,16,12.711743488000003
20.674662637710572,29.83425414364641,nan,13.141024768,3.741761536,6.547222528,225.581232128,84.735102976,16.0,0.0,16,12.711739392000002
20.69133680264155,26.243093922651937,nan,13.141024768,3.741761536,6.547222528,225.581232128,84.735102976,15.0,0.0,16,12.711739392000002
20.708011456330617,29.972375690607734,nan,13.141024768,3.7425152,6.547222528,225.583345664,84.735102976,16.0,0.0,16,12.709904384000001
20.724690930048624,27.348066298342545,nan,13.141024768,3.7425152,6.547222528,225.589764096,84.735102976,15.0,0.0,16,12.709163008
20.741364006201426,27.348066298342545,nan,13.141024768,3.7425152,6.54931968,225.605869568,84.735102976,15.0,0.0,16,12.712959999999999
20.758041449387868,27.348066298342545,nan,13.141024768,3.7425152,6.551416832,225.622544384,84.735102976,15.0,0.0,16,12.691521536
20.774709872404735,27.348066298342545,nan,13.141024768,3.7425152,6.553513984,225.639378944,84.735102976,15.0,0.0,16,12.695851008
20.79138611952464,27.348066298342545,nan,13.141024768,3.7425152,6.614331392,225.650126848,84.735102976,15.0,0.0,16,12.699521024
20.808059855302176,24.03314917127072,nan,13.141024768,3.74249472,6.631108608,225.659621376,84.735102976,14.0,0.0,16,12.706562048
20.824730761845906,27.348066298342545,nan,13.141024768,3.742478336,6.631108608,225.668005888,84.735102976,15.0,0.0,16,12.709548031999999
20.841398894786835,27.348066298342545,nan,13.141024768,3.742478336,6.006300672,225.601363968,84.735102976,15.0,0.0,15,12.705906687999997
20.85807430346807,27.900552486187845,nan,13.141024768,3.742478336,6.24326656,225.601540096,84.735102976,16.0,0.0,16,12.694028287999997
20.874743358294168,26.381215469613263,nan,13.141024768,3.742478336,6.24326656,225.601544192,84.735102976,15.0,0.0,16,12.694024191999999
20.89141482114792,28.03867403314917,nan,13.141024768,3.742478336,6.24326656,225.601564672,84.735102976,16.0,0.0,16,12.694261759999998
20.90808458328247,28.03867403314917,nan,13.141024768,3.742478336,6.24326656,225.601564672,84.735102976,16.0,0.0,16,12.694261759999998
20.924756483236948,28.176795580110493,nan,13.141024768,3.742478336,6.24326656,225.601994752,84.735102976,16.0,0.0,16,12.693831679999997
20.941428093115487,28.176795580110493,nan,13.141024768,3.742478336,6.24326656,225.601998848,84.735102976,16.0,0.0,16,12.693827584
20.958099933465324,28.176795580110493,nan,13.141024768,3.742478336,6.24326656,225.60202752,84.735102976,16.0,0.0,16,12.693798911999997
20.97477440039317,28.176795580110493,nan,13.141024768,3.742478336,6.24326656,225.602031616,84.735102976,16.0,0.0,16,12.693794815999999
20.991444476445515,28.176795580110493,nan,13.141024768,3.742478336,6.24326656,225.602035712,84.735102976,16.0,0.0,16,12.693790719999997
21.008119110266367,26.381215469613263,nan,13.141024768,3.742478336,6.262145024,225.602146304,84.735102976,14.0,0.0,16,12.695773184
21.02478848695755,28.03867403314917,nan,13.141024768,3.742478336,6.285225984,225.622863872,84.735102976,16.0,0.0,16,12.706107392
21.041463311513265,26.657458563535908,nan,13.141024768,3.742478336,6.285225984,225.622888448,84.735102976,15.0,0.0,16,12.706082815999999
21.058136769135793,26.79558011049724,nan,13.141024768,3.742478336,6.310391808,225.62308096,84.735102976,15.0,0.0,16,12.70663168
21.07480587164561,28.176795580110493,nan,13.141024768,3.742478336,6.310391808,225.623093248,84.735102976,16.0,0.0,16,12.706848767999999
21.09147515296936,28.176795580110493,nan,13.141024768,3.742478336,6.310391808,225.623097344,84.735102976,16.0,0.0,16,12.709138431999998
21.10815141995748,28.176795580110493,nan,13.141024768,3.742478336,6.310391808,225.6231424,84.735102976,16.0,0.0,16,12.712259584
21.124827007452648,27.62430939226519,nan,13.141024768,3.742478336,6.310391808,225.6231424,84.735102976,15.0,0.0,16,12.712517631999999
21.1414985815684,28.176795580110493,nan,13.141024768,3.742478336,6.310391808,225.62318336,84.735102976,16.0,0.0,16,12.712476672
21.15817474126816,28.176795580110493,nan,13.141024768,3.742478336,6.310391808,225.62330624,84.735102976,16.0,0.0,16,12.712353792
21.174843180179597,28.176795580110493,nan,13.141024768,3.742478336,6.310391808,225.62330624,84.735102976,16.0,0.0,16,12.711882752
21.1915164232254,28.314917127071826,nan,13.141024768,3.742478336,6.310391808,225.623310336,84.735102976,16.0,0.0,16,12.711878655999998
21.208194406827293,27.762430939226522,nan,13.141024768,3.74249472,6.325071872,225.623314432,84.735102976,15.0,0.0,16,12.713955328
21.224865873654682,28.59116022099447,nan,13.141024768,3.742478336,6.325071872,225.623355392,84.735102976,16.0,0.0,16,12.712955904000001
21.241534252961475,28.59116022099447,nan,13.141024768,3.742478336,6.325071872,225.623359488,84.735102976,16.0,0.0,16,12.712206336000001
21.25820908943812,28.867403314917127,nan,13.141024768,3.742478336,6.325071872,225.62336768,84.735102976,16.0,0.0,16,12.712198143999998
21.27487848997116,27.209944751381222,nan,13.141024768,3.742478336,6.325071872,225.62336768,84.735102976,15.0,0.0,16,12.712198143999998
21.2915500720342,28.729281767955804,nan,13.141024768,3.742478336,6.325071872,225.623461888,84.735102976,16.0,0.0,16,12.712103935999998
21.30822200377782,27.348066298342545,nan,13.141024768,3.742478336,6.423638016,225.671716864,84.735102976,15.0,0.0,16,12.707692543999999
21.324893220265707,28.867403314917127,nan,13.141024768,3.742478336,6.423638016,225.671757824,84.735102976,16.0,0.0,16,12.707651583999999
21.34156485001246,28.867403314917127,nan,13.141024768,3.742478336,6.423638016,225.671766016,84.735102976,16.0,0.0,16,12.707057663999999
21.358236014842987,28.867403314917127,nan,13.141024768,3.742478336,6.423638016,225.671770112,84.735102976,16.0,0.0,16,12.707053567999997
21.374907596906027,28.867403314917127,nan,13.141024768,3.742478336,6.423638016,225.671827456,84.735102976,16.0,0.0,16,12.706484223999999
21.391580017407737,28.867403314917127,nan,13.141024768,3.742478336,6.423638016,225.671831552,84.735102976,16.0,0.0,16,12.706480127999997
21.408250065644584,29.143646408839775,nan,13.141024768,3.742478336,6.423638016,225.671872512,84.735102976,16.0,0.0,16,12.706439167999998
21.42491832971573,29.143646408839775,nan,13.141024768,3.742478336,6.423638016,225.671872512,84.735102976,16.0,0.0,16,12.706439167999998
21.441591262817383,29.143646408839775,nan,13.141024768,3.742478336,6.423638016,225.671880704,84.735102976,16.0,0.0,16,12.706430975999998
21.458264851570128,28.03867403314917,nan,13.141024768,3.742507008,6.423638016,225.671921664,84.735102976,15.0,0.0,16,12.706361344
21.474934927622478,29.281767955801108,nan,13.141024768,3.742490624,6.423638016,225.671938048,84.735102976,16.0,0.0,16,12.706361344
21.491606859366097,29.281767955801108,nan,13.141024768,3.742490624,6.423638016,225.671938048,84.735102976,16.0,0.0,16,12.706361344
21.508275719483695,27.900552486187845,nan,13.141024768,3.742490624,6.423638016,225.671942144,84.735102976,15.0,0.0,16,12.706357248000002
21.52494772672653,28.45303867403315,nan,13.141024768,3.742490624,6.423638016,225.671979008,84.735102976,15.0,0.0,16,12.706320384
21.541617866357168,29.41988950276243,nan,13.141024768,3.742490624,6.43833856,225.684037632,84.735102976,16.0,0.0,16,12.712853504
21.558289206027986,29.41988950276243,nan,13.141024768,3.742490624,6.43833856,225.684082688,84.735102976,16.0,0.0,16,12.712808448000002
21.57496042648951,29.41988950276243,nan,13.141024768,3.742490624,6.43833856,225.684094976,84.735102976,16.0,0.0,16,12.712796160000002
21.591631722450256,28.03867403314917,nan,13.141024768,3.742507008,6.44882432,225.684099072,84.735102976,15.0,0.0,16,12.710678527999999
21.608303240935008,29.281767955801108,nan,13.141024768,3.742490624,6.44882432,225.684332544,84.735102976,16.0,0.0,16,12.710461440000003
21.62497949997584,29.83425414364641,nan,13.141024768,3.742507008,6.461407232,225.684393984,84.735102976,16.0,0.0,16,12.710383616000001
21.641653283437094,29.558011049723753,nan,13.141024768,3.742490624,6.461407232,225.684393984,84.735102976,16.0,0.0,16,12.709539839999998
21.658324535687765,29.558011049723753,nan,13.141024768,3.742490624,6.461407232,225.684422656,84.735102976,16.0,0.0,16,12.709511167999999
21.674995640913647,29.558011049723753,nan,13.141024768,3.742490624,6.461407232,225.684426752,84.735102976,16.0,0.0,16,12.709507072000001
21.691670191287994,30.386740331491712,nan,13.141024768,3.742490624,6.461407232,225.684434944,84.735102976,16.0,0.0,16,12.705304576000003
21.708340386549633,28.03867403314917,nan,13.141024768,3.742490624,6.463504384,225.691045888,84.735102976,15.0,0.0,16,12.705284095999996
21.725012536843618,28.03867403314917,nan,13.141024768,3.742490624,6.471892992,225.710620672,84.735102976,15.0,0.0,16,12.705529855999998
21.74168442885081,26.933701657458563,nan,13.141024768,3.742507008,6.473990144,225.728413696,84.735102976,14.0,0.0,16,12.71304192
21.75835744937261,28.176795580110493,nan,13.141024768,3.742490624,6.4802816,225.747095552,84.735102976,15.0,0.0,16,12.703952896000002
21.775028471151987,26.79558011049724,nan,13.141024768,3.742490624,6.564171776,225.766592512,84.735102976,14.0,0.0,16,12.698357760000002
21.791700291633607,26.79558011049724,nan,13.141024768,3.742490624,6.606114816,225.785229312,84.735102976,14.0,0.0,16,12.697526272
21.808377468585967,28.729281767955804,nan,13.141024768,3.742490624,6.618697728,225.7932288,84.735102976,15.0,0.0,16,12.718723071999996
21.825052014986674,26.519337016574585,nan,13.141024768,3.742490624,6.00184832,225.794678784,84.735102976,14.0,0.0,16,13.334867967999998
21.841725075244902,29.41988950276243,nan,13.141024768,3.742507008,6.23679488,225.72703744,84.735102976,15.0,0.0,16,12.722716671999999
21.858396685123445,27.486187845303867,nan,13.141024768,3.742490624,6.23679488,225.72703744,84.735102976,15.0,0.0,16,12.722704384000002
21.87506875594457,27.486187845303867,nan,13.141024768,3.742490624,6.23679488,225.728188416,84.735102976,15.0,0.0,16,12.723359743999998
21.891740882396697,27.486187845303867,nan,13.141024768,3.742490624,6.23679488,225.728192512,84.735102976,15.0,0.0,16,12.722003968000001
21.908411777019502,27.486187845303867,nan,13.141024768,3.742490624,6.238892032,225.728270336,84.735102976,15.0,0.0,16,12.718501888000002
21.925082262357076,26.243093922651937,nan,13.141024768,3.676512256,6.240989184,225.72863488,84.678479872,14.0,0.0,16,12.777357312
21.941756411393484,27.486187845303867,nan,13.141024768,3.676495872,6.245183488,225.72875776,84.678479872,15.0,0.0,16,12.775706624
21.958430182933807,27.486187845303867,nan,13.141024768,3.676495872,6.24728064,225.72875776,84.678479872,15.0,0.0,16,12.776198143999999
21.975101025899253,27.486187845303867,nan,13.141024768,3.676495872,6.24728064,225.729069056,84.674285568,15.0,0.0,16,12.774113280000002
21.991778298219046,27.62430939226519,nan,13.141024768,3.676495872,6.24728064,225.729073152,84.674285568,15.0,0.0,16,12.774035456
22.008453845977783,28.729281767955804,nan,13.141024768,3.676495872,6.287130624,225.729073152,84.674285568,15.0,0.0,16,12.767739903999999
22.025127124786376,27.209944751381222,nan,13.141024768,3.676495872,6.287130624,225.729335296,84.674285568,15.0,0.0,16,12.771672064
22.041801480452218,29.143646408839775,nan,13.141024768,3.676495872,6.287130624,225.729404928,84.674285568,16.0,0.0,16,12.77186048
22.058472545941672,29.143646408839775,nan,13.141024768,3.676495872,6.287130624,225.729404928,84.674285568,16.0,0.0,16,12.77186048
22.07514411608378,29.143646408839775,nan,13.141024768,3.676495872,6.287130624,225.729409024,84.674285568,16.0,0.0,16,12.771856384
22.091813226540882,29.143646408839775,nan,13.141024768,3.676495872,6.287130624,225.729425408,84.674285568,16.0,0.0,16,12.771840000000001
22.108484427134197,29.143646408839775,nan,13.141024768,3.676495872,6.287130624,225.729466368,84.672188416,16.0,0.0,16,12.77308928
22.125160046418507,28.45303867403315,nan,13.141024768,3.676516352,6.299713536,225.72949504,84.672188416,15.0,0.0,16,12.765356032
22.141830559571584,28.176795580110493,nan,13.141024768,3.676499968,6.301810688,225.729560576,84.672188416,15.0,0.0,16,12.767404031999998
22.158503222465516,29.41988950276243,nan,13.141024768,3.676499968,6.301810688,225.729568768,84.672188416,16.0,0.0,16,12.765851647999998
22.175174693266552,29.83425414364641,nan,13.141024768,3.676499968,6.30390784,225.729568768,84.672188416,16.0,0.0,16,12.7679488
22.191844391822816,27.62430939226519,nan,13.141024768,3.676499968,6.30390784,225.729609728,84.672188416,15.0,0.0,16,12.768153599999998
22.20851569970449,27.62430939226519,nan,13.141024768,3.676499968,6.30390784,225.729613824,84.672188416,15.0,0.0,16,12.768149504
22.225193111101785,27.62430939226519,nan,13.141024768,3.676499968,6.30390784,225.729613824,84.672188416,15.0,0.0,16,12.768149504
22.241866064071655,27.62430939226519,nan,13.141024768,3.676499968,6.310199296,225.729634304,84.672188416,15.0,0.0,16,12.770226176000001
22.258541651566823,26.381215469613263,nan,13.141024768,3.676499968,6.3143936,225.7296384,84.672188416,14.0,0.0,16,12.766543872000003
22.275214763482413,27.762430939226522,nan,13.141024768,3.676499968,6.316490752,225.729646592,84.672188416,15.0,0.0,16,12.768632832000002
22.29189039071401,27.900552486187845,nan,13.141024768,3.676499968,6.32487936,225.729650688,84.672188416,15.0,0.0,16,12.768628736
22.30856455564499,26.381215469613263,nan,13.141024768,3.676516352,6.32487936,225.729667072,84.672188416,14.0,0.0,16,12.768825344
22.325240218639372,27.900552486187845,nan,13.141024768,3.676499968,6.331170816,225.729667072,84.672188416,15.0,0.0,16,12.766744575999997
22.341909650961558,27.900552486187845,nan,13.141024768,3.676499968,6.331170816,225.73070336,84.672188416,15.0,0.0,16,12.765708288000003
22.358579734961193,27.900552486187845,nan,13.141024768,3.676499968,6.341656576,225.73115392,84.672188416,15.0,0.0,16,12.763160576000002
22.375250438849132,26.657458563535908,nan,13.141024768,3.676516352,6.347948032,225.731190784,84.672188416,14.0,0.0,16,12.761010176000001
22.39192260901133,28.03867403314917,nan,13.141024768,3.676499968,6.35633664,225.73119488,84.672188416,15.0,0.0,16,12.761022464000002
22.408591679732005,28.03867403314917,nan,13.141024768,3.676499968,6.358433792,225.731715072,84.672188416,15.0,0.0,16,12.758405119999999
22.425263142585756,28.03867403314917,nan,13.141024768,3.676499968,6.360530944,225.731731456,84.672188416,15.0,0.0,16,12.760485888000002
22.441935058434805,29.83425414364641,nan,13.141024768,3.676499968,6.360530944,225.731739648,84.672188416,16.0,0.0,16,12.760477695999999
22.45861009756724,29.83425414364641,nan,13.141024768,3.676499968,6.360530944,225.731743744,84.672188416,16.0,0.0,16,12.760702976000001
22.475281508763633,29.83425414364641,nan,13.141024768,3.676499968,6.360530944,225.731874816,84.672188416,16.0,0.0,16,12.760571903999999
22.491953241825104,29.972375690607734,nan,13.141024768,3.676499968,6.360530944,225.740742656,84.672188416,16.0,0.0,16,12.759703552000001
22.50862463315328,29.972375690607734,nan,13.141024768,3.676499968,6.360530944,225.740746752,84.672188416,16.0,0.0,16,12.759699455999996
22.52529594898224,29.972375690607734,nan,13.141024768,3.676499968,6.360530944,225.740750848,84.672188416,16.0,0.0,16,12.759695359999998
22.54196694691976,29.972375690607734,nan,13.141024768,3.676499968,6.360530944,225.740763136,84.672188416,16.0,0.0,16,12.759683071999998
22.558640360832214,29.972375690607734,nan,13.141024768,3.676499968,6.360530944,225.740767232,84.672188416,16.0,0.0,16,12.759924735999999
22.575317454338073,27.900552486187845,nan,13.141024768,3.676499968,6.360530944,225.741492224,84.672188416,15.0,0.0,16,12.759199743999996
22.591996427377065,28.176795580110493,nan,13.141024768,3.676729344,6.360530944,225.742024704,84.672188416,15.0,0.0,16,12.759441407999997
22.608670079708098,28.176795580110493,nan,13.141024768,3.676729344,6.360530944,225.742610432,84.672188416,15.0,0.0,16,12.75885568
22.625346585114798,28.176795580110493,nan,13.141024768,3.676729344,6.360530944,225.742770176,84.672188416,15.0,0.0,16,12.758953983999998
22.642027219136555,28.176795580110493,nan,13.141024768,3.676729344,6.360530944,225.742884864,84.672188416,15.0,0.0,16,12.758839296000001
22.65869632959366,28.176795580110493,nan,13.141024768,3.676729344,6.360530944,225.743044608,84.672188416,15.0,0.0,16,12.758679552
22.675370438893637,26.657458563535908,nan,13.141024768,3.676729344,6.396182528,225.743192064,84.672188416,14.0,0.0,16,12.756692992000001
22.692044734954834,24.861878453038678,nan,13.141024768,3.676729344,6.417154048,225.745432576,84.672188416,13.0,0.0,16,12.760711168
22.708715665340424,24.861878453038678,nan,13.141024768,3.676729344,6.42973696,225.766633472,84.672188416,13.0,0.0,16,12.763250688
22.725391980012258,24.861878453038678,nan,13.141024768,3.676729344,6.438125568,225.799573504,84.672188416,13.0,0.0,16,12.772884479999998
22.742063677310945,24.861878453038678,nan,13.141024768,3.676729344,6.456999936,225.817985024,84.672188416,13.0,0.0,16,12.770955263999998
22.758733491102856,25.0,nan,13.141024768,3.676729344,6.515720192,225.821356032,84.672188416,13.0,0.0,16,12.765560832000002
22.775414709250132,25.0,nan,13.141024768,3.676729344,6.58702336,225.82509568,84.672188416,13.0,0.0,16,12.780531712000002
22.792085047562917,25.0,nan,13.141024768,3.676729344,6.626869248,225.827381248,84.672188416,13.0,0.0,16,12.776148992000001
22.808759355545043,25.0,nan,13.141024768,3.676729344,6.63945216,225.831456768,84.672188416,13.0,0.0,16,12.776497152000001
22.825432638327282,25.276243093922655,nan,13.141024768,3.676729344,6.647840768,225.832742912,84.672188416,13.0,0.0,16,12.775211008000001
22.842109103997547,25.276243093922655,nan,13.141024768,3.676729344,6.679298048,225.833254912,84.672188416,13.0,0.0,16,12.767956992000002
22.85878441333771,25.276243093922655,nan,13.141024768,3.676729344,6.77576704,225.834848256,84.672188416,13.0,0.0,16,12.766879743999999
22.875458550453185,25.276243093922655,nan,13.141024768,3.676729344,6.782058496,225.83529472,84.672188416,13.0,0.0,16,12.770086912
22.89213136037191,25.276243093922655,nan,13.141024768,3.676729344,6.786265088,225.8356224,84.672188416,13.0,0.0,16,12.765614079999999
22.908806709448495,26.79558011049724,nan,13.141024768,3.676729344,6.786265088,225.839931392,84.672188416,14.0,0.0,16,12.763951104
22.925481736660004,26.79558011049724,nan,13.141024768,3.676745728,6.21559808,225.75620096,84.672188416,14.0,0.0,16,12.760133631999999
22.942153743902843,29.281767955801108,nan,13.141024768,3.676741632,6.21559808,225.756602368,84.672188416,16.0,0.0,16,12.759457792000003
22.95882646640142,29.83425414364641,nan,13.141024768,3.676741632,6.21559808,225.756602368,84.672188416,16.0,0.0,16,12.759457792000003
22.975499014059704,29.558011049723753,nan,13.141024768,3.676741632,6.21559808,225.756606464,84.672188416,16.0,0.0,16,12.759453696000001
22.992176055908203,29.558011049723753,nan,13.141024768,3.676741632,6.21559808,225.757249536,84.672188416,16.0,0.0,16,12.758810624000002
23.008848627408344,29.558011049723753,nan,13.141024768,3.676741632,6.21559808,225.757249536,84.672188416,16.0,0.0,16,12.758810624000002
23.025523630777993,29.69613259668509,nan,13.141024768,3.676741632,6.21559808,225.757282304,84.672188416,16.0,0.0,16,12.758777856000002
23.04219873746236,28.176795580110493,nan,13.141024768,3.676741632,6.460964864,226.126876672,84.672188416,15.0,0.0,16,12.756934655999999
23.05887669722239,26.381215469613263,nan,13.141024768,3.676741632,6.521782272,226.12781056,84.672188416,14.0,0.0,16,12.753072128000003
23.075549960136414,28.314917127071826,nan,13.141024768,3.676741632,6.546948096,226.12826112,84.672188416,15.0,0.0,16,12.752879616000001
23.092225778102875,28.45303867403315,nan,13.141024768,3.676741632,6.546948096,226.134011904,84.672188416,15.0,0.0,16,12.755099648000002
23.10889792839686,28.45303867403315,nan,13.141024768,3.676741632,6.546948096,226.134020096,84.672188416,15.0,0.0,16,12.755091455999999
23.12557729880015,28.45303867403315,nan,13.141024768,3.676741632,6.5511424,226.134020096,84.672188416,15.0,0.0,16,12.755091456000002
23.14225027561188,28.45303867403315,nan,13.141024768,3.676741632,6.565822464,226.134175744,84.672188416,15.0,0.0,16,12.75824128
23.15892223119736,28.45303867403315,nan,13.141024768,3.676741632,6.584696832,226.13417984,84.672188416,15.0,0.0,16,12.761112576000002
23.17559473514557,28.45303867403315,nan,13.141024768,3.676741632,6.584696832,226.134675456,84.672188416,15.0,0.0,16,12.758536192000001
23.19226799408595,28.45303867403315,nan,13.141024768,3.676741632,6.584696832,226.134700032,84.672188416,15.0,0.0,16,12.759543808000004
23.208940164248148,28.45303867403315,nan,13.141024768,3.676741632,6.584696832,226.135007232,84.672188416,15.0,0.0,16,12.759236608000002
23.22561262448629,28.45303867403315,nan,13.141024768,3.676741632,6.584696832,226.135072768,84.672188416,15.0,0.0,16,12.759171072000001
23.242284099260967,27.762430939226522,nan,13.141024768,3.676741632,6.614069248,226.135076864,84.672188416,14.0,0.0,16,12.754960384
23.25895934899648,28.729281767955804,nan,13.141024768,3.676741632,6.660210688,226.15549952,84.672188416,15.0,0.0,16,12.753371136000002
23.275632031758626,29.972375690607734,nan,13.141024768,3.676741632,6.660210688,226.156535808,84.672188416,16.0,0.0,16,12.754399232
23.292307845751445,29.972375690607734,nan,13.141024768,3.676741632,6.660210688,226.1568512,84.672188416,16.0,0.0,16,12.754083840000003
23.308980298042297,29.972375690607734,nan,13.141024768,3.676741632,6.660210688,226.156855296,84.672188416,16.0,0.0,16,12.754079744000002
23.325653318564097,29.972375690607734,nan,13.141024768,3.676741632,6.660210688,226.156941312,84.672188416,16.0,0.0,16,12.753993728000001
23.342325476805367,30.110497237569056,nan,13.141024768,3.676741632,6.660210688,226.157461504,84.672188416,16.0,0.0,16,12.755537920000002
23.358996482690177,30.110497237569056,nan,13.141024768,3.676741632,6.660210688,226.157981696,84.672188416,16.0,0.0,16,12.755017728000002
23.375664631525677,30.24861878453039,nan,13.141024768,3.676741632,6.660210688,226.157981696,84.672188416,16.0,0.0,16,12.755017728000002
23.392341109116874,30.24861878453039,nan,13.141024768,3.676741632,6.660210688,226.157985792,84.672188416,16.0,0.0,16,12.755013632
23.409015047550202,30.24861878453039,nan,13.141024768,3.676741632,6.660210688,226.158710784,84.672188416,16.0,0.0,16,12.754288640000002
23.425686538219452,28.314917127071826,nan,13.141024768,3.676758016,6.660210688,226.159230976,84.672188416,15.0,0.0,16,12.754006015999998
23.44235782623291,30.24861878453039,nan,13.141024768,3.676741632,6.660210688,226.1599232,84.672188416,16.0,0.0,16,12.753330176000002
23.45903231302897,30.24861878453039,nan,13.141024768,3.676741632,6.660210688,226.159927296,84.672188416,16.0,0.0,16,12.75332608
23.47570755879084,30.386740331491712,nan,13.141024768,3.676741632,6.660210688,226.159939584,84.672188416,16.0,0.0,16,12.753313792
23.492380865414937,30.386740331491712,nan,13.141024768,3.676741632,6.660210688,226.15994368,84.672188416,16.0,0.0,16,12.753309696000002
23.5090504805247,28.176795580110493,nan,13.141024768,3.676741632,6.660210688,226.160058368,84.672188416,15.0,0.0,16,12.753195008000002
23.525726453463236,28.314917127071826,nan,13.141024768,3.676741632,6.679105536,226.17257984,84.672188416,15.0,0.0,16,12.755845120000002
23.542400062084198,28.314917127071826,nan,13.141024768,3.676741632,6.6937856,226.172706816,84.672188416,15.0,0.0,16,12.75858944
23.559076197942098,26.79558011049724,nan,13.141024768,3.676758016,6.6937856,226.172710912,84.672188416,14.0,0.0,16,12.75856896
23.575749504566193,26.104972375690604,nan,13.141024768,3.676741632,6.6937856,226.172796928,84.672188416,14.0,0.0,16,12.758499328000001
23.592427277565,28.03867403314917,nan,13.141024768,3.676741632,6.6937856,226.17280512,84.672188416,15.0,0.0,16,12.758491136000002
23.609100834528604,26.519337016574585,nan,13.141024768,3.676741632,6.6937856,226.172891136,84.672188416,14.0,0.0,16,12.75840512
23.625774856408437,26.519337016574585,nan,13.141024768,3.676758016,6.695882752,226.173349888,84.672188416,14.0,0.0,16,12.755832832
23.642446378866833,28.176795580110493,nan,13.141024768,3.676741632,6.695882752,226.173349888,84.672188416,15.0,0.0,16,12.755849216000001
23.659125419457755,28.176795580110493,nan,13.141024768,3.676741632,6.697979904,226.17335808,84.672188416,15.0,0.0,16,12.757938176
23.675799604256948,28.176795580110493,nan,13.141024768,3.676741632,6.572109824,226.163863552,84.672188416,15.0,0.0,16,12.755443712
23.692474953333537,28.729281767955804,nan,13.141024768,3.676741632,6.572109824,226.163675136,84.672188416,16.0,0.0,16,12.752216064
23.709145549933115,28.729281767955804,nan,13.141024768,3.676741632,6.572109824,226.163785728,84.672188416,16.0,0.0,16,12.752105472000002
23.725819611549376,28.729281767955804,nan,13.141024768,3.676741632,6.572109824,226.163789824,84.672188416,16.0,0.0,16,12.752101376
23.742490808169048,28.729281767955804,nan,13.141024768,3.676741632,6.572109824,226.163789824,84.672188416,16.0,0.0,16,12.752101376
23.759163069725037,28.867403314917127,nan,13.141024768,3.676741632,6.572109824,226.16379392,84.672188416,16.0,0.0,16,12.752097280000003
23.775834333896636,28.867403314917127,nan,13.141024768,3.676741632,6.572109824,226.163798016,84.672188416,16.0,0.0,16,12.752093184000001
23.792510060469308,28.867403314917127,nan,13.141024768,3.676741632,6.572109824,226.163838976,84.672188416,16.0,0.0,16,12.752052224000002
23.809181249141695,28.867403314917127,nan,13.141024768,3.676741632,6.572109824,226.16385536,84.672188416,16.0,0.0,16,12.75203584
23.825853820641836,28.176795580110493,nan,13.141024768,3.676758016,6.597279744,226.164035584,84.672188416,15.0,0.0,16,12.747640832
23.8425266901652,28.867403314917127,nan,13.141024768,3.676741632,6.597279744,226.16406016,84.672188416,16.0,0.0,16,12.747890688
23.859199305375416,28.867403314917127,nan,13.141024768,3.676741632,6.597279744,226.16406016,84.672188416,16.0,0.0,16,12.747890688
23.87587604125341,28.867403314917127,nan,13.141024768,3.676741632,6.597279744,226.164064256,84.672188416,16.0,0.0,16,12.747886592000002
23.892547365029653,25.690607734806626,nan,13.141024768,3.67654912,6.597279744,226.164068352,84.672188416,15.0,0.0,16,12.748849152
23.9092200477918,28.729281767955804,nan,13.141024768,3.676532736,6.597279744,226.164137984,84.672188416,16.0,0.0,16,12.748795904000003
23.92589510679245,28.867403314917127,nan,13.141024768,3.676532736,6.597279744,226.16416256,84.672188416,16.0,0.0,16,12.748771328000002
23.942566311359407,28.867403314917127,nan,13.141024768,3.676532736,6.597279744,226.164166656,84.672188416,16.0,0.0,16,12.748767232
23.959241445859274,28.867403314917127,nan,13.141024768,3.676532736,6.597279744,226.164166656,84.672188416,16.0,0.0,16,12.748767232
23.975913751125336,29.005524861878452,nan,13.141024768,3.676532736,6.597279744,226.16418304,84.672188416,16.0,0.0,16,12.748750848000002
23.992586576938628,29.005524861878452,nan,13.141024768,3.676532736,6.597279744,226.164207616,84.672188416,16.0,0.0,16,12.750790656000001
24.009261345863344,27.348066298342545,nan,13.141024768,3.676561408,6.597279744,226.164219904,84.672188416,15.0,0.0,16,12.750749695999998
24.025934235254923,29.005524861878452,nan,13.141024768,3.676545024,6.597279744,226.164224,84.672188416,16.0,0.0,16,12.750761984000002
24.042608992258707,28.314917127071826,nan,13.141024768,3.676561408,6.632951808,226.164228096,84.672188416,15.0,0.0,16,12.74888192
24.05928190946579,27.486187845303867,nan,13.141024768,3.676561408,6.643437568,226.164334592,84.672188416,15.0,0.0,16,12.751388672000001
24.07596340974172,28.729281767955804,nan,13.141024768,3.676545024,6.643437568,226.164338688,84.672188416,16.0,0.0,16,12.751400960000002
24.092642319202422,28.729281767955804,nan,13.141024768,3.676545024,6.643437568,226.16434688,84.672188416,16.0,0.0,16,12.751392768000002
24.109316118558247,28.867403314917127,nan,13.141024768,3.676545024,6.643437568,226.164350976,84.672188416,16.0,0.0,16,12.751388672000001
24.125993200143178,28.867403314917127,nan,13.141024768,3.676545024,6.643437568,226.164355072,84.672188416,16.0,0.0,16,12.751384576
24.14266947110494,28.867403314917127,nan,13.141024768,3.676545024,6.643437568,226.164359168,84.672188416,16.0,0.0,16,12.752887808
24.159343989690147,27.762430939226522,nan,13.141024768,3.676545024,6.643437568,226.164363264,84.672188416,15.0,0.0,16,12.753641472000002
24.176019755999246,28.729281767955804,nan,13.141024768,3.676545024,6.643437568,226.164396032,84.672188416,16.0,0.0,16,12.753612800000003
24.19269581635793,26.104972375690604,nan,13.141024768,3.676700672,6.643437568,226.164686848,84.672188416,15.0,0.0,16,12.753424384000002
24.209368026256563,28.729281767955804,nan,13.141024768,3.67669248,6.643437568,226.16475648,84.672188416,16.0,0.0,16,12.75359232
24.22603838046392,28.729281767955804,nan,13.141024768,3.67669248,6.643437568,226.164822016,84.672188416,16.0,0.0,16,12.753526784000002
24.242710685729982,28.176795580110493,nan,13.141024768,3.67669248,6.643437568,226.164826112,84.672188416,15.0,0.0,16,12.753522688
24.259386658668518,28.176795580110493,nan,13.141024768,3.67671296,6.64553472,226.164883456,85.230030848,15.0,0.0,16,12.751732736000001
24.276062377293904,28.176795580110493,nan,13.141024768,3.67671296,6.649729024,226.164887552,85.230030848,15.0,0.0,16,12.751986688000002
24.292733577887216,29.281767955801108,nan,13.141024768,3.676696576,6.649729024,226.16492032,85.230030848,16.0,0.0,16,12.751970304
24.30941070318222,29.281767955801108,nan,13.141024768,3.676696576,6.649729024,226.164924416,85.230030848,16.0,0.0,16,12.751966207999999
24.326087228457133,28.176795580110493,nan,13.141024768,3.67671296,6.658117632,226.164969472,85.230030848,15.0,0.0,16,12.756099072000001
24.342757523059845,29.558011049723753,nan,13.141024768,3.676696576,6.658117632,226.164985856,85.230030848,16.0,0.0,16,12.756099071999998
24.359430090586343,30.110497237569056,nan,13.141024768,3.677085696,6.658117632,226.164998144,85.230030848,16.0,0.0,16,12.755697664000003
24.37610370318095,29.69613259668509,nan,13.141024768,3.677085696,6.658117632,226.164998144,85.230030848,16.0,0.0,16,12.755943424000002
24.392777689297994,27.900552486187845,nan,13.141024768,3.677106176,6.658117632,226.16500224,85.230030848,15.0,0.0,16,12.755918848
24.409446760018668,29.83425414364641,nan,13.141024768,3.677089792,6.658117632,226.16502272,85.230030848,16.0,0.0,16,12.755914751999999
24.42612622578939,29.005524861878452,nan,13.141024768,3.677106176,6.658117632,226.165047296,85.230030848,15.0,0.0,16,12.755873792000003
24.442798443635304,29.83425414364641,nan,13.141024768,3.677089792,6.658117632,226.165088256,85.230030848,16.0,0.0,16,12.755849216000001
24.459469827016196,29.83425414364641,nan,13.141024768,3.677089792,6.658117632,226.165092352,85.230030848,16.0,0.0,16,12.75584512
24.476139116287232,29.83425414364641,nan,13.141024768,3.677089792,6.658117632,226.165096448,85.230030848,16.0,0.0,16,12.755841023999999
24.49281327724457,28.45303867403315,nan,13.141024768,3.677089792,6.658117632,226.16510464,85.230030848,15.0,0.0,16,12.755832832
24.509486198425293,29.972375690607734,nan,13.141024768,3.677089792,6.658117632,226.165121024,85.230030848,16.0,0.0,16,12.755816448000001
24.52615753412247,29.972375690607734,nan,13.141024768,3.677089792,6.658117632,226.16512512,85.230030848,16.0,0.0,16,12.755812352
24.54282692273458,29.972375690607734,nan,13.141024768,3.677089792,6.658117632,226.16512512,85.230030848,16.0,0.0,16,12.755812352
24.559501028060915,29.143646408839775,nan,13.141024768,3.677106176,6.668603392,226.165129216,85.230030848,15.0,0.0,16,12.757889024000002
24.576176083087923,30.110497237569056,nan,13.141024768,3.677089792,6.668603392,226.165157888,85.230030848,16.0,0.0,16,12.757876736000002
24.5928470214208,30.110497237569056,nan,13.141024768,3.677089792,6.668603392,226.165157888,85.230030848,16.0,0.0,16,12.757876736000002
24.60952761173248,30.110497237569056,nan,13.141024768,3.677089792,6.668603392,226.165161984,85.230030848,16.0,0.0,16,12.75787264
24.626199452082314,28.729281767955804,nan,13.141024768,3.677106176,6.668603392,226.16516608,85.230030848,15.0,0.0,16,12.75785216
24.642875615755717,30.110497237569056,nan,13.141024768,3.677089792,6.668603392,226.165174272,85.230030848,16.0,0.0,16,12.757860352
24.65954733689626,29.143646408839775,nan,13.141024768,3.677089792,6.668603392,226.165182464,85.227933696,15.0,0.0,16,12.758081536
24.67621994415919,30.386740331491712,nan,13.141024768,3.677089792,6.668603392,226.165198848,85.227933696,16.0,0.0,16,12.758065151999999
24.69288835525513,30.524861878453034,nan,13.141024768,3.677089792,6.668603392,226.165198848,85.227933696,16.0,0.0,16,12.758323200000001
24.709560918807984,30.524861878453034,nan,13.141024768,3.677089792,6.668603392,226.165202944,85.227933696,16.0,0.0,16,12.758319104
24.72623502810796,29.143646408839775,nan,13.141024768,3.677106176,6.668603392,226.165211136,85.227933696,15.0,0.0,16,12.758294528000002
24.742908998330435,30.66298342541437,nan,13.141024768,3.677089792,6.668603392,226.165223424,85.227933696,16.0,0.0,16,12.758298624
24.759579130013783,30.66298342541437,nan,13.141024768,3.677089792,6.668603392,226.165231616,85.227933696,16.0,0.0,16,12.758290432
24.776251729329427,30.66298342541437,nan,13.141024768,3.677089792,6.668603392,226.165235712,85.227933696,16.0,0.0,16,12.758286336
24.792924225330353,29.69613259668509,nan,13.141024768,3.677089792,6.668603392,226.165239808,85.227933696,15.0,0.0,16,12.758282240000002
24.809597086906432,30.801104972375693,nan,13.141024768,3.67712256,6.668603392,226.165260288,85.227933696,16.0,0.0,16,12.758228992000001
24.826269352436064,30.801104972375693,nan,13.141024768,3.677138944,6.668603392,226.165284864,85.227933696,16.0,0.0,16,12.758188032000001
24.842939627170562,31.21546961325967,nan,13.141024768,3.677155328,6.668603392,226.16528896,85.227933696,16.0,0.0,16,12.758167551999998
24.859612019856772,30.939226519337016,nan,13.141024768,3.677155328,6.668603392,226.165297152,85.227933696,16.0,0.0,16,12.758413312
24.87628616094589,30.939226519337016,nan,13.141024768,3.677171712,6.668603392,226.165301248,85.227933696,16.0,0.0,16,12.758392832
24.89295947154363,30.939226519337016,nan,13.141024768,3.677171712,6.668603392,226.165305344,85.227933696,16.0,0.0,16,12.758388735999999
24.909630898634592,30.939226519337016,nan,13.141024768,3.677188096,6.668603392,226.165305344,85.227933696,16.0,0.0,16,12.758372351999997
24.926303545633953,30.939226519337016,nan,13.141024768,3.677188096,6.668603392,226.16530944,85.227933696,16.0,0.0,16,12.758368255999999
24.942978342374165,27.900552486187845,nan,13.141024768,3.677188096,6.668603392,226.165313536,85.227933696,15.0,0.0,16,12.758364160000001
24.95964812040329,31.077348066298338,nan,13.141024768,3.677978624,6.668603392,226.165321728,85.227933696,16.0,0.0,16,12.759371776
24.976326485474903,30.939226519337016,nan,13.141024768,3.67796224,6.668603392,226.165399552,85.227933696,16.0,0.0,16,12.759539712
24.993000880877176,30.939226519337016,nan,13.141024768,3.67796224,6.668603392,226.165403648,85.227933696,16.0,0.0,16,12.759535616000003
25.009673142433165,31.491712707182316,nan,13.141024768,3.67796224,6.668603392,226.165403648,85.227933696,16.0,0.0,16,12.759535616000003
25.026342952251433,31.077348066298338,nan,13.141024768,3.67796224,6.668603392,226.165407744,85.227933696,16.0,0.0,16,12.759531520000001
25.04301771322886,29.281767955801108,nan,13.141024768,3.67796224,6.670700544,226.17307136,85.227933696,15.0,0.0,16,12.761706496000002
25.059695506095885,28.176795580110493,nan,13.141024768,3.67796224,6.670700544,226.17554944,85.227933696,14.0,0.0,16,12.759486464000002
25.07637016773224,29.41988950276243,nan,13.141024768,3.67796224,6.670700544,226.175807488,85.227933696,15.0,0.0,16,12.759228416000003
25.093040764331818,29.41988950276243,nan,13.141024768,3.67796224,6.670700544,226.175811584,85.227933696,15.0,0.0,16,12.759224320000001
25.109714516003926,29.41988950276243,nan,13.141024768,3.67796224,6.670700544,226.17581568,85.227933696,15.0,0.0,16,12.759220224000003
25.1263867020607,29.83425414364641,nan,13.141024768,3.677822976,6.670700544,226.17581568,85.227933696,15.0,0.0,16,12.759359488000001
25.143059452374775,29.558011049723753,nan,13.141024768,3.677822976,6.670700544,226.17595904,85.227933696,15.0,0.0,16,12.759216127999998
25.159732254346213,29.558011049723753,nan,13.141024768,3.677822976,6.670700544,226.175963136,85.227933696,15.0,0.0,16,12.759986175999998
25.17640728155772,29.558011049723753,nan,13.141024768,3.677822976,6.670700544,226.175963136,85.227933696,15.0,0.0,16,12.755599359999998
25.193078804016114,27.486187845303867,nan,13.141024768,3.677822976,6.670700544,226.178768896,85.227933696,14.0,0.0,16,12.757463040000005
25.20975311199824,27.486187845303867,nan,13.141024768,3.677822976,6.024687616,225.989562368,85.227933696,14.0,0.0,16,12.75856896
25.226426204045612,28.03867403314917,nan,13.141024768,3.677822976,6.024687616,225.989566464,85.227933696,15.0,0.0,16,12.759150592
25.243095735708874,28.03867403314917,nan,13.141024768,3.677822976,6.024687616,225.98957056,85.227933696,15.0,0.0,16,12.759146496000001
25.259770572185516,24.861878453038678,nan,13.141024768,3.678711808,6.024687616,225.989574656,85.227933696,14.0,0.0,16,12.758253568000002
25.2764466325442,28.176795580110493,nan,13.141024768,3.678695424,6.024687616,225.989586944,85.227933696,15.0,0.0,16,12.758257664
25.29312400420507,28.176795580110493,nan,13.141024768,3.678695424,6.024687616,225.98959104,85.227933696,15.0,0.0,16,12.758253567999999
25.30979830821355,28.176795580110493,nan,13.141024768,3.678695424,6.024687616,225.989595136,85.227933696,15.0,0.0,16,12.75850752
25.326477960745493,28.176795580110493,nan,13.141024768,3.678695424,6.024687616,225.989623808,85.227933696,15.0,0.0,16,12.758478848000001
25.343159492810567,28.176795580110493,nan,13.141024768,3.678695424,6.024687616,225.989750784,85.227933696,15.0,0.0,16,12.758351872
25.359830383459727,27.486187845303867,nan,13.141024768,3.678695424,6.07295488,225.99020544,85.227933696,14.0,0.0,16,12.751572992
25.376508927345277,28.176795580110493,nan,13.141024768,3.678695424,6.077149184,225.990643712,85.227933696,15.0,0.0,16,12.755329023999998
25.39318321545919,28.176795580110493,nan,13.141024768,3.678695424,6.077149184,225.9907584,85.227933696,15.0,0.0,16,12.755472384
25.409862685203553,28.59116022099447,nan,13.141024768,3.678773248,5.733199872,225.825345536,85.227933696,15.0,0.0,16,12.741423104000003
25.426535054047903,28.867403314917127,nan,13.141024768,3.678773248,5.733199872,225.82536192,85.227933696,16.0,0.0,16,12.74263552
25.443208042780558,28.867403314917127,nan,13.141024768,3.678773248,5.733199872,225.825374208,85.227933696,16.0,0.0,16,12.742623232
25.45988035996755,28.867403314917127,nan,13.141024768,3.678773248,5.733199872,225.825378304,85.227933696,16.0,0.0,16,12.742619136000002
25.476558939615884,28.176795580110493,nan,13.141024768,3.678789632,5.733199872,225.82540288,85.227933696,15.0,0.0,16,12.742578175999999
25.493230974674226,29.005524861878452,nan,13.141024768,3.678773248,5.733199872,225.825419264,85.227933696,16.0,0.0,16,12.742578176000002
25.509903343518577,29.005524861878452,nan,13.141024768,3.678773248,5.733199872,225.82542336,85.227933696,16.0,0.0,16,12.74257408
25.526579439640045,29.41988950276243,nan,13.141024768,3.677970432,5.733199872,225.825456128,85.227933696,16.0,0.0,16,12.743344128
25.543249122301738,29.281767955801108,nan,13.141024768,3.677954048,5.733199872,225.825488896,85.227933696,16.0,0.0,16,12.743327743999998
25.559927105903625,29.281767955801108,nan,13.141024768,3.677954048,5.733199872,225.825492992,85.227933696,16.0,0.0,16,12.743323648
25.57659856081009,29.281767955801108,nan,13.141024768,3.677954048,5.733199872,225.825497088,85.227933696,16.0,0.0,16,12.743319551999999
25.593269566694897,29.281767955801108,nan,13.141024768,3.677954048,5.733199872,225.825497088,85.227933696,16.0,0.0,16,12.743548928
25.60994273821513,25.82872928176796,nan,13.141024768,3.678240768,5.733199872,225.825513472,85.227933696,15.0,0.0,16,12.743503871999998
25.62661821047465,27.348066298342545,nan,13.141024768,3.678224384,5.733199872,225.825517568,85.227933696,15.0,0.0,16,12.743516159999999
25.643294966220857,26.79558011049724,nan,13.141024768,3.678240768,5.733199872,225.825656832,85.227933696,15.0,0.0,16,12.743847936000002
25.6599684993426,28.45303867403315,nan,13.141024768,3.678224384,5.733199872,225.825677312,85.227933696,16.0,0.0,16,12.74384384
25.676645588874816,28.45303867403315,nan,13.141024768,3.678224384,5.733199872,225.825681408,85.227933696,16.0,0.0,16,12.743839743999999
25.6933145682017,28.45303867403315,nan,13.141024768,3.678224384,5.733199872,225.825681408,85.227933696,16.0,0.0,16,12.743839743999999
25.70998549858729,24.309392265193374,nan,13.141024768,3.678621696,5.766770688,225.825697792,85.227933696,14.0,0.0,16,12.738756608
25.726658650239308,28.729281767955804,nan,13.141024768,3.678605312,5.770964992,225.825972224,85.227933696,16.0,0.0,16,12.742537215999999
25.74333108663559,28.729281767955804,nan,13.141024768,3.678605312,5.770964992,225.825972224,85.227933696,16.0,0.0,16,12.742537215999999
25.760009078184762,28.867403314917127,nan,13.141024768,3.678605312,5.770964992,225.825980416,85.227933696,16.0,0.0,16,12.742529024000003
25.776682325204213,28.867403314917127,nan,13.141024768,3.678605312,5.770964992,225.825984512,85.227933696,16.0,0.0,16,12.742524927999998
25.793355592091878,29.005524861878452,nan,13.141024768,3.678605312,5.770964992,225.826000896,85.227933696,16.0,0.0,16,12.742508544
25.810027492046355,27.900552486187845,nan,13.141024768,3.678621696,5.770964992,225.826000896,85.227933696,15.0,0.0,16,12.742492160000001
25.826696912447613,29.005524861878452,nan,13.141024768,3.678605312,5.770964992,225.826029568,85.227933696,16.0,0.0,16,12.74273792
25.843375392754872,29.005524861878452,nan,13.141024768,3.679072256,5.770964992,225.826033664,85.227933696,16.0,0.0,16,12.744073216
25.860047443707785,29.005524861878452,nan,13.141024768,3.679072256,5.770964992,225.826041856,85.227933696,16.0,0.0,16,12.744065023999998
25.87671661376953,29.005524861878452,nan,13.141024768,3.679072256,5.770964992,225.826045952,85.227933696,16.0,0.0,16,12.744060928
25.893392709891,29.143646408839775,nan,13.141024768,3.679072256,5.770964992,225.826050048,85.227933696,16.0,0.0,16,12.744056831999998
25.910063290596007,29.41988950276243,nan,13.141024768,3.67908864,5.770964992,225.826082816,85.227933696,16.0,0.0,16,12.74400768
25.926733473936718,29.281767955801108,nan,13.141024768,3.679072256,5.770964992,225.826086912,85.227933696,16.0,0.0,16,12.744019968
25.943406263987224,29.281767955801108,nan,13.141024768,3.679072256,5.770964992,225.826152448,85.227933696,16.0,0.0,16,12.743954431999999
25.960077794392905,29.281767955801108,nan,13.141024768,3.679072256,5.770964992,225.826156544,85.227933696,16.0,0.0,16,12.743950335999997
25.976747465133666,29.281767955801108,nan,13.141024768,3.679072256,5.770964992,225.82616064,85.227933696,16.0,0.0,16,12.74394624
25.993420271078744,29.41988950276243,nan,13.141024768,3.679072256,5.770964992,225.826164736,85.227933696,16.0,0.0,16,12.743942143999998
26.01009228626887,29.41988950276243,nan,13.141024768,3.679072256,5.770964992,225.826164736,85.227933696,16.0,0.0,16,12.741853184
26.026763522624968,29.41988950276243,nan,13.141024768,3.679072256,5.770964992,225.826177024,85.227933696,16.0,0.0,16,12.741513215999998
26.043432700634003,29.972375690607734,nan,13.141024768,3.679072256,5.770964992,225.82618112,85.227933696,16.0,0.0,16,12.74150912
26.060110235214232,26.933701657458563,nan,13.141024768,3.679072256,5.770964992,225.8262016,85.227933696,15.0,0.0,16,12.741718016
26.07678466240565,28.867403314917127,nan,13.141024768,3.679248384,5.770964992,225.826369536,85.227933696,16.0,0.0,16,12.741632
26.093461473782856,26.657458563535908,nan,13.141024768,3.679248384,5.770964992,225.826373632,85.227933696,15.0,0.0,16,12.741627903999998
26.11013071537018,26.933701657458563,nan,13.141024768,3.679260672,5.770964992,225.826439168,85.227933696,15.0,0.0,16,12.74155008
26.12680834531784,26.933701657458563,nan,13.141024768,3.679260672,5.802422272,225.829228544,85.227933696,15.0,0.0,16,12.740792319999997
26.14348124663035,28.867403314917127,nan,13.141024768,3.679260672,5.802422272,225.8296832,85.227933696,16.0,0.0,16,12.740337664000002
26.160160644849142,28.867403314917127,nan,13.141024768,3.679260672,5.802422272,225.829691392,85.227933696,16.0,0.0,16,12.740587519999998
26.176833856105805,28.867403314917127,nan,13.141024768,3.679260672,5.802422272,225.829715968,85.227933696,16.0,0.0,16,12.740562943999997
26.193510707219442,26.79558011049724,nan,13.141024768,3.679260672,5.802422272,225.844461568,85.227933696,15.0,0.0,16,12.744912896000002
26.21018671989441,28.176795580110493,nan,13.141024768,3.679260672,5.81081088,225.84461312,85.227933696,16.0,0.0,16,12.745191424000003
26.226860817273458,28.176795580110493,nan,13.141024768,3.679260672,5.81081088,225.84461312,85.227933696,16.0,0.0,16,12.745191424000003
26.24353450536728,28.176795580110493,nan,13.141024768,3.679260672,5.81081088,225.844727808,85.227933696,16.0,0.0,16,12.745076736
26.260209838549297,28.729281767955804,nan,13.141024768,3.679260672,5.81081088,225.844736,85.227933696,16.0,0.0,16,12.745068543999997
26.276880927880605,28.59116022099447,nan,13.141024768,3.679260672,5.81081088,225.844736,85.227933696,16.0,0.0,16,12.745068543999997
26.29355794986089,28.59116022099447,nan,13.141024768,3.679260672,5.81081088,225.844740096,85.227933696,16.0,0.0,16,12.745064447999999
26.310231558481853,28.59116022099447,nan,13.141024768,3.679260672,5.81081088,225.844744192,85.227933696,16.0,0.0,16,12.745060352000001
26.326908377806344,28.59116022099447,nan,13.141024768,3.679260672,5.81081088,225.844744192,85.227933696,16.0,0.0,16,12.745060352000001
26.34358163277308,28.59116022099447,nan,13.141024768,3.679260672,5.81081088,225.844748288,85.227933696,16.0,0.0,16,12.745056256000003
26.36026042699814,28.59116022099447,nan,13.141024768,3.679260672,5.81081088,225.844752384,85.227933696,16.0,0.0,16,12.745052159999998
26.37693550189336,28.59116022099447,nan,13.141024768,3.679260672,5.81081088,225.844752384,85.227933696,16.0,0.0,16,12.745052159999998
26.393608891963957,28.59116022099447,nan,13.141024768,3.679260672,5.81081088,225.84475648,85.227933696,16.0,0.0,16,12.744790016000001
26.410281602541605,28.729281767955804,nan,13.141024768,3.679260672,5.81081088,225.844760576,85.227933696,16.0,0.0,16,12.744785920000004
26.426957106590272,28.729281767955804,nan,13.141024768,3.679260672,5.81081088,225.844760576,85.227933696,16.0,0.0,16,12.744785920000004
26.443633663654328,28.729281767955804,nan,13.141024768,3.679260672,5.81081088,225.844764672,85.227933696,16.0,0.0,16,12.744781823999999
26.460308937231698,27.900552486187845,nan,13.141024768,3.679260672,5.81081088,225.844768768,85.227933696,15.0,0.0,16,12.744777728
26.47698310216268,28.867403314917127,nan,13.141024768,3.679260672,5.81081088,225.844785152,85.227933696,16.0,0.0,16,12.744761344000002
26.493659488360088,28.867403314917127,nan,13.141024768,3.679260672,5.81081088,225.844789248,85.227933696,16.0,0.0,16,12.744757247999997
26.5103289047877,29.005524861878452,nan,13.141024768,3.679260672,5.81081088,225.844793344,85.227933696,16.0,0.0,16,12.744753152
26.527003411451975,29.143646408839775,nan,13.141024768,3.679260672,5.81081088,225.84479744,85.227933696,16.0,0.0,16,12.744749056000002
26.543678216139476,29.143646408839775,nan,13.141024768,3.679260672,5.81081088,225.84479744,85.227933696,16.0,0.0,16,12.744749056000002
26.560353529453277,29.143646408839775,nan,13.141024768,3.679260672,5.81081088,225.844801536,85.227933696,16.0,0.0,16,12.744744959999997
26.577029478549957,27.071823204419886,nan,13.141024768,3.679277056,5.81081088,225.845231616,85.227933696,15.0,0.0,16,12.744298496
26.593707831700645,28.59116022099447,nan,13.141024768,3.679260672,5.81081088,225.8453504,85.227933696,16.0,0.0,16,12.744196096000001
26.61038369735082,25.276243093922655,nan,13.141024768,3.679223808,5.81081088,225.845358592,85.227933696,15.0,0.0,16,12.744482816
26.62705948750178,28.45303867403315,nan,13.141024768,3.679207424,5.81081088,225.845485568,85.227933696,16.0,0.0,16,12.744630272
26.643730851014457,28.45303867403315,nan,13.141024768,3.679207424,5.81081088,225.847549952,85.227933696,16.0,0.0,16,12.746436607999998
26.66040769815445,28.729281767955804,nan,13.141024768,3.679019008,5.81081088,225.848008704,85.227933696,16.0,0.0,16,12.746424319999997
26.677082208792367,28.45303867403315,nan,13.141024768,3.679019008,5.81081088,225.84803328,85.227933696,16.0,0.0,16,12.746399744
26.693751613299053,28.45303867403315,nan,13.141024768,3.679019008,5.81081088,225.84803328,85.227933696,16.0,0.0,16,12.746399744
26.710421327749888,28.45303867403315,nan,13.141024768,3.679019008,5.81081088,225.848107008,85.227933696,16.0,0.0,16,12.746326016
26.727097471555073,28.45303867403315,nan,13.141024768,3.679019008,5.81081088,225.848111104,85.227933696,16.0,0.0,16,12.746321919999998
26.74377594391505,28.45303867403315,nan,13.141024768,3.679019008,5.81081088,225.848111104,85.227933696,16.0,0.0,16,12.746321919999998
26.760448364416757,28.45303867403315,nan,13.141024768,3.679019008,5.81081088,225.8482176,85.227933696,16.0,0.0,16,12.746215424
26.77712355454763,28.45303867403315,nan,13.141024768,3.679019008,5.81081088,225.848221696,85.227933696,16.0,0.0,16,12.746211328
26.79379780292511,28.45303867403315,nan,13.141024768,3.679019008,5.81081088,225.848225792,85.227933696,16.0,0.0,16,12.746207231999998
26.810475544134775,24.723756906077345,nan,13.141024768,3.679260672,5.81081088,225.848233984,85.227933696,15.0,0.0,16,12.745957375999998
26.827150317033134,28.45303867403315,nan,13.141024768,3.679244288,5.81081088,225.848250368,85.227933696,16.0,0.0,16,12.746215424
26.843824287255604,28.867403314917127,nan,13.141024768,3.679260672,5.82551552,225.84827904,85.227933696,16.0,0.0,16,12.748242944000001
26.860496842861174,27.62430939226519,nan,13.141024768,3.679244288,5.82551552,225.84827904,85.227933696,15.0,0.0,16,12.748259328
26.87716953754425,28.59116022099447,nan,13.141024768,3.679244288,5.82551552,225.848303616,85.227933696,16.0,0.0,16,12.748234752000002
26.89384457667669,28.59116022099447,nan,13.141024768,3.679244288,5.82551552,225.848307712,85.227933696,16.0,0.0,16,12.748230656
26.910517358779906,28.59116022099447,nan,13.141024768,3.679244288,5.82551552,225.848307712,85.227933696,16.0,0.0,16,12.748230656
26.927191392580667,27.348066298342545,nan,13.141024768,3.679244288,5.82551552,225.848311808,85.227933696,15.0,0.0,16,12.748226559999999
26.94386445681254,25.552486187845304,nan,13.141024768,3.679244288,5.82551552,225.848324096,85.227933696,15.0,0.0,16,12.748214272000002
26.960534465312957,28.729281767955804,nan,13.141024768,3.679617024,5.82551552,225.848332288,85.227933696,16.0,0.0,16,12.747833344
26.97720947662989,28.729281767955804,nan,13.141024768,3.679617024,5.82551552,225.848336384,85.227933696,16.0,0.0,16,12.747829248000002
26.99387820959091,28.729281767955804,nan,13.141024768,3.679617024,5.82551552,225.84834048,85.227933696,16.0,0.0,16,12.747825152
27.0105473279953,28.729281767955804,nan,13.141024768,3.679617024,5.82551552,225.84834048,85.227933696,16.0,0.0,16,12.748054528
27.027217614650727,28.729281767955804,nan,13.141024768,3.679617024,5.82551552,225.848344576,85.227933696,16.0,0.0,16,12.748050432000003
27.043892387549082,28.729281767955804,nan,13.141024768,3.679617024,5.82551552,225.848348672,85.227933696,16.0,0.0,16,12.748046336000002
27.060563695430755,28.729281767955804,nan,13.141024768,3.679617024,5.82551552,225.84836096,85.227933696,16.0,0.0,16,12.748034048000001
27.07723650932312,28.867403314917127,nan,13.141024768,3.679617024,5.82551552,225.848365056,85.227933696,16.0,0.0,16,12.748029952000003
27.093909219900766,29.005524861878452,nan,13.141024768,3.679617024,5.82551552,225.848369152,85.227933696,16.0,0.0,16,12.748025856000002
27.110580611228944,29.143646408839775,nan,13.141024768,3.679617024,5.82551552,225.848369152,85.227933696,16.0,0.0,16,12.748025856000002
27.127259345849357,29.143646408839775,nan,13.141024768,3.679617024,5.82551552,225.848406016,85.227933696,16.0,0.0,16,12.747988992
27.1439351439476,28.176795580110493,nan,13.141024768,3.679617024,5.82551552,225.848410112,85.227933696,15.0,0.0,16,12.747984896000002
27.1606080253919,29.281767955801108,nan,13.141024768,3.679617024,5.82551552,225.8484224,85.227933696,16.0,0.0,16,12.747972608000001
27.17727781931559,29.281767955801108,nan,13.141024768,3.679617024,5.82551552,225.848426496,85.227933696,16.0,0.0,16,12.747968512
27.19394906759262,29.281767955801108,nan,13.141024768,3.679617024,5.82551552,225.848430592,85.227933696,16.0,0.0,16,12.747964416000002
27.21062001387278,27.900552486187845,nan,13.141024768,3.6796416,5.82551552,225.848434688,85.227933696,15.0,0.0,16,12.750262272
27.227291929721833,29.281767955801108,nan,13.141024768,3.679625216,5.82551552,225.848475648,85.227933696,16.0,0.0,16,12.750979072000003
27.243961747487386,28.176795580110493,nan,13.141024768,3.6796416,5.82551552,225.848479744,85.227933696,15.0,0.0,16,12.747804672000001
27.26063416004181,29.281767955801108,nan,13.141024768,3.679625216,5.82551552,225.848492032,85.227933696,16.0,0.0,16,12.747808768000002
27.27730946938197,29.281767955801108,nan,13.141024768,3.679625216,5.82551552,225.848492032,85.227933696,16.0,0.0,16,12.747808768000002
27.293982255458832,29.281767955801108,nan,13.141024768,3.679625216,5.82551552,225.848496128,85.227933696,16.0,0.0,16,12.747804671999997
27.31065168380737,29.281767955801108,nan,13.141024768,3.679625216,5.82551552,225.848500224,85.227933696,16.0,0.0,16,12.747800576
27.327322554588317,29.41988950276243,nan,13.141024768,3.679625216,5.82551552,225.84850432,85.227933696,16.0,0.0,16,12.747796480000002
27.34399489561717,29.558011049723753,nan,13.141024768,3.679625216,5.82551552,225.848508416,85.227933696,16.0,0.0,16,12.747792384000004
27.360667554537454,29.558011049723753,nan,13.141024768,3.679625216,5.82551552,225.848512512,85.227933696,16.0,0.0,16,12.747788287999999
27.377342522144318,29.558011049723753,nan,13.141024768,3.679625216,5.82551552,225.848512512,85.227933696,16.0,0.0,16,12.747788287999999
27.394014370441436,29.558011049723753,nan,13.141024768,3.679625216,5.82551552,225.848516608,85.227933696,16.0,0.0,16,12.747784192000001
27.410685829321544,29.558011049723753,nan,13.141024768,3.679625216,5.82551552,225.848520704,85.227933696,16.0,0.0,16,12.747780096000003
27.42736206452052,29.69613259668509,nan,13.141024768,3.679625216,5.82551552,225.848520704,85.227933696,16.0,0.0,16,12.747780096000003
27.44403415520986,28.03867403314917,nan,13.141024768,3.6796416,5.82551552,225.8485248,85.227933696,15.0,0.0,16,12.747759616
27.4607036391894,29.69613259668509,nan,13.141024768,3.679625216,5.82551552,225.848573952,85.227933696,16.0,0.0,16,12.747726848000003
27.477372765541077,29.69613259668509,nan,13.141024768,3.679625216,5.82551552,225.848573952,85.227933696,16.0,0.0,16,12.747726848000003
27.494043266773225,29.69613259668509,nan,13.141024768,3.679625216,5.82551552,225.848578048,85.227933696,16.0,0.0,16,12.747722751999998
27.510719152291617,29.69613259668509,nan,13.141024768,3.679625216,5.82551552,225.848582144,85.227933696,16.0,0.0,16,12.747718656
27.527395602067312,29.69613259668509,nan,13.141024768,3.679625216,5.82551552,225.84858624,85.227933696,16.0,0.0,16,12.747714560000002
27.54406467676163,29.69613259668509,nan,13.141024768,3.679625216,5.82551552,225.84860672,85.227933696,16.0,0.0,16,12.747694079999999
27.560743149121603,30.110497237569056,nan,13.141024768,3.6796416,5.833904128,225.848610816,85.227933696,16.0,0.0,16,12.747673599999999
27.577413177490236,29.83425414364641,nan,13.141024768,3.679625216,5.833904128,225.8486272,85.227933696,16.0,0.0,16,12.747673599999999
27.59408507347107,29.83425414364641,nan,13.141024768,3.679625216,5.833904128,225.8486272,85.227933696,16.0,0.0,16,12.747673599999999
27.610759166876473,29.83425414364641,nan,13.141024768,3.679625216,5.833904128,225.848631296,85.227933696,16.0,0.0,16,12.747669504000001
27.627433156967165,29.83425414364641,nan,13.141024768,3.679625216,5.833904128,225.848635392,85.227933696,16.0,0.0,16,12.747665408000003
27.64411195119222,29.972375690607734,nan,13.141024768,3.679625216,5.833904128,225.848635392,85.227933696,16.0,0.0,16,12.747665408000003
27.660792303085326,30.110497237569056,nan,13.141024768,3.679625216,5.833904128,225.848676352,85.227933696,16.0,0.0,16,12.747624448000003
27.67746785481771,30.110497237569056,nan,13.141024768,3.679625216,5.833904128,225.848680448,85.227933696,16.0,0.0,16,12.747620351999998
27.694143430391946,30.110497237569056,nan,13.141024768,3.679625216,5.833904128,225.848680448,85.227933696,16.0,0.0,16,12.747620351999998
27.710815763473512,30.110497237569056,nan,13.141024768,3.679625216,5.833904128,225.848684544,85.227933696,16.0,0.0,16,12.747616256
27.727490572134652,28.59116022099447,nan,13.141024768,3.679625216,5.91781888,225.890492416,85.227933696,15.0,0.0,16,12.746809343999999
27.744161478678386,29.005524861878452,nan,13.141024768,3.679625216,5.919916032,225.89069312,85.227933696,15.0,0.0,16,12.748705791999999
27.760833275318145,29.005524861878452,nan,13.141024768,3.679625216,5.951373312,225.893064704,85.227933696,15.0,0.0,16,12.746043391999997
27.77750227848689,28.176795580110493,nan,13.141024768,3.679625216,5.951373312,225.894375424,85.227933696,15.0,0.0,16,12.747313151999997
27.79417558511098,30.66298342541437,nan,13.141024768,3.679789056,5.951373312,225.89483008,85.227933696,16.0,0.0,16,12.746694655999999
27.810845776398978,30.386740331491712,nan,13.141024768,3.679789056,5.951373312,225.894834176,85.227933696,16.0,0.0,16,12.746690559999998
27.827518459161123,30.386740331491712,nan,13.141024768,3.679789056,5.951373312,225.894838272,85.227933696,16.0,0.0,16,12.746944511999999
27.84419318437576,30.386740331491712,nan,13.141024768,3.679789056,5.951373312,225.894838272,85.227933696,16.0,0.0,16,12.746944511999999
27.860862584908805,30.386740331491712,nan,13.141024768,3.679789056,5.951373312,225.894842368,85.227933696,16.0,0.0,16,12.746940415999997
27.87753654718399,30.386740331491712,nan,13.141024768,3.679789056,5.951373312,225.894944768,85.227933696,16.0,0.0,16,12.746838015999998
27.894208323955535,30.386740331491712,nan,13.141024768,3.679789056,5.951373312,225.895006208,85.227933696,16.0,0.0,16,12.746776575999998
27.91087794303894,30.386740331491712,nan,13.141024768,3.679789056,5.951373312,225.895010304,85.227933696,16.0,0.0,16,12.746772479999997
27.927550240357718,30.524861878453034,nan,13.141024768,3.679789056,5.951373312,225.8950144,85.227933696,16.0,0.0,16,12.746768384
27.94422524770101,30.66298342541437,nan,13.141024768,3.679789056,5.951373312,225.895018496,85.227933696,16.0,0.0,16,12.746764287999998
27.960896817843118,29.281767955801108,nan,13.141024768,3.679789056,5.951373312,225.895018496,85.227933696,15.0,0.0,16,12.746764287999998
27.977569516499837,29.281767955801108,nan,13.141024768,3.67980544,5.972344832,225.896976384,85.227933696,15.0,0.0,16,12.744790016
27.99424242178599,30.386740331491712,nan,13.141024768,3.679789056,5.972344832,225.89698048,85.227933696,16.0,0.0,16,12.744802303999997
28.010915569464366,30.386740331491712,nan,13.141024768,3.679789056,5.972344832,225.89698048,85.227933696,16.0,0.0,16,12.744802303999997
28.02759042978287,30.386740331491712,nan,13.141024768,3.679789056,5.972344832,225.896984576,85.227933696,16.0,0.0,16,12.744798207999999
28.044263060887655,30.386740331491712,nan,13.141024768,3.679789056,5.972344832,225.896988672,85.227933696,16.0,0.0,16,12.744794111999997
28.06093276341756,30.386740331491712,nan,13.141024768,3.679789056,5.972344832,225.897009152,85.227933696,16.0,0.0,16,12.744773631999998
28.07760576804479,30.386740331491712,nan,13.141024768,3.679789056,5.972344832,225.897099264,85.227933696,16.0,0.0,16,12.744683519999999
28.09427902698517,30.386740331491712,nan,13.141024768,3.679789056,5.972344832,225.89710336,85.227933696,16.0,0.0,16,12.744679423999997
28.110949718952178,30.524861878453034,nan,13.141024768,3.679789056,5.972344832,225.89710336,85.227933696,16.0,0.0,16,12.744679423999997
28.127626887957256,28.867403314917127,nan,13.141024768,3.679789056,5.972344832,225.897107456,85.227933696,15.0,0.0,16,12.744675328
28.144301879405976,30.524861878453034,nan,13.141024768,3.679789056,5.972344832,225.897238528,85.227933696,16.0,0.0,16,12.744802303999997
28.16097711324692,30.524861878453034,nan,13.141024768,3.679789056,5.972344832,225.897238528,85.227933696,16.0,0.0,16,12.744802303999997
28.177652966976165,30.524861878453034,nan,13.141024768,3.679789056,5.972344832,225.897242624,85.227933696,16.0,0.0,16,12.744798207999999
28.19432406028112,30.524861878453034,nan,13.141024768,3.679789056,5.972344832,225.89724672,85.227933696,16.0,0.0,16,12.744794111999997
28.210999842484792,30.524861878453034,nan,13.141024768,3.679789056,5.972344832,225.897250816,85.227933696,16.0,0.0,16,12.744790016
28.227677615483604,30.524861878453034,nan,13.141024768,3.679789056,5.972344832,225.897250816,85.227933696,16.0,0.0,16,12.750176256
28.2443487405777,28.867403314917127,nan,13.141024768,3.679789056,6.003802112,225.917517824,85.227933696,15.0,0.0,16,12.756766720000002
28.261025885740917,28.867403314917127,nan,13.141024768,3.679789056,6.03316224,225.930924032,85.227933696,15.0,0.0,16,12.76123136
28.27769967317581,30.524861878453034,nan,13.141024768,3.679789056,6.03316224,225.930924032,85.227933696,16.0,0.0,16,12.76123136
28.29437267780304,28.59116022099447,nan,13.141024768,3.679789056,6.03316224,225.931444224,85.227933696,15.0,0.0,16,12.761485312000001
28.311045551300047,29.972375690607734,nan,13.141024768,3.679789056,6.03316224,225.93185792,85.227933696,16.0,0.0,16,12.76184576
28.327720487117766,29.972375690607734,nan,13.141024768,3.679789056,6.03316224,225.93185792,85.227933696,16.0,0.0,16,12.76184576
28.34439891576767,29.972375690607734,nan,13.141024768,3.679789056,6.03316224,225.932378112,85.227933696,16.0,0.0,16,12.763389952
28.361074757575988,30.110497237569056,nan,13.141024768,3.679789056,6.03316224,225.932959744,85.227933696,16.0,0.0,16,12.762808320000001
28.3777454217275,30.110497237569056,nan,13.141024768,3.679789056,6.03316224,225.932959744,85.227933696,16.0,0.0,16,12.762808320000001
28.394418744246163,30.110497237569056,nan,13.141024768,3.679789056,6.03316224,225.933000704,85.227933696,16.0,0.0,16,12.762767360000002
28.411091152826945,30.110497237569056,nan,13.141024768,3.679789056,6.03316224,225.9330048,85.227933696,16.0,0.0,16,12.762763264
28.427764681975045,28.45303867403315,nan,13.141024768,3.679789056,6.035259392,225.933008896,85.227933696,15.0,0.0,16,12.760662015999998
28.4444434205691,28.59116022099447,nan,13.141024768,3.67980544,6.049939456,225.935736832,85.227933696,15.0,0.0,16,12.761047040000001
28.461115384101866,30.24861878453039,nan,13.141024768,3.679789056,6.049939456,225.93579008,85.227933696,16.0,0.0,16,12.761010176
28.477786135673522,30.66298342541437,nan,13.141024768,3.679789056,6.049939456,225.937342464,85.227933696,16.0,0.0,16,12.760231936
28.494459891319273,30.24861878453039,nan,13.141024768,3.679789056,6.049939456,225.937522688,85.227933696,16.0,0.0,16,12.760051712
28.511130746205648,30.24861878453039,nan,13.141024768,3.679789056,6.049939456,225.937526784,85.227933696,16.0,0.0,16,12.760047615999998
28.527803039550783,30.24861878453039,nan,13.141024768,3.679789056,6.049939456,225.93753088,85.227933696,16.0,0.0,16,12.76004352
28.54447397788366,30.24861878453039,nan,13.141024768,3.679789056,6.049939456,225.937600512,85.227933696,16.0,0.0,16,12.759973887999998
28.56114469766617,30.24861878453039,nan,13.141024768,3.679789056,6.049939456,225.93878016,85.227933696,16.0,0.0,16,12.760342527999999
28.577816434701283,30.24861878453039,nan,13.141024768,3.679789056,6.049939456,225.938980864,85.227933696,16.0,0.0,16,12.760141823999998
28.594486486911773,30.386740331491712,nan,13.141024768,3.679789056,6.049939456,225.938980864,85.227933696,16.0,0.0,16,12.760141823999998
28.611159153779347,30.386740331491712,nan,13.141024768,3.679789056,6.049939456,225.93898496,85.227933696,16.0,0.0,16,12.760137728
28.627830024560293,30.524861878453034,nan,13.141024768,3.679789056,6.049939456,225.938989056,85.227933696,16.0,0.0,16,12.760133631999999
28.6445011138916,30.524861878453034,nan,13.141024768,3.679789056,6.049939456,225.938989056,85.227933696,16.0,0.0,16,12.760133631999999
28.66117415825526,29.281767955801108,nan,13.141024768,3.67980544,6.049939456,225.939034112,85.227933696,15.0,0.0,16,12.760072191999999
28.677848410606384,30.524861878453034,nan,13.141024768,3.679789056,6.049939456,225.939038208,85.227933696,16.0,0.0,16,12.76008448
28.69452006816864,30.66298342541437,nan,13.141024768,3.679789056,6.049939456,225.939038208,85.227933696,16.0,0.0,16,12.76008448
28.711191713809967,30.66298342541437,nan,13.141024768,3.679789056,6.049939456,225.939042304,85.227933696,16.0,0.0,16,12.760080383999998
28.727862882614136,30.66298342541437,nan,13.141024768,3.679789056,6.049939456,225.9390464,85.227933696,16.0,0.0,16,12.760076288
28.744534118970236,30.66298342541437,nan,13.141024768,3.679789056,6.049939456,225.9390464,85.227933696,16.0,0.0,16,12.760076288
28.76121304035187,30.801104972375693,nan,13.141024768,3.679789056,6.049939456,225.939050496,85.227933696,16.0,0.0,16,12.760072191999999
28.777892065048217,30.524861878453034,nan,13.141024768,3.679789056,6.049939456,225.939099648,85.227933696,16.0,0.0,16,12.76002304
28.79456198612849,29.005524861878452,nan,13.141024768,3.679789056,6.049939456,225.939099648,85.227933696,15.0,0.0,16,12.76002304
28.811231938997903,29.558011049723753,nan,13.141024768,3.679789056,6.060425216,225.9423232,85.227933696,15.0,0.0,16,12.757798912000002
28.827910538514455,30.386740331491712,nan,13.141024768,3.679789056,6.060425216,225.942720512,85.227933696,16.0,0.0,16,12.757401600000001
28.84458174308141,30.386740331491712,nan,13.141024768,3.679789056,6.060425216,225.942720512,85.227933696,16.0,0.0,16,12.757401600000001
28.861258566379547,30.386740331491712,nan,13.141024768,3.679789056,6.060425216,225.942724608,85.227933696,16.0,0.0,16,12.757397504
28.877935286362966,30.386740331491712,nan,13.141024768,3.679789056,6.060425216,225.942728704,85.227933696,16.0,0.0,16,12.757393408000002
28.894607933362327,30.524861878453034,nan,13.141024768,3.679789056,6.060425216,225.9427328,85.227933696,16.0,0.0,16,12.757389312
28.911279594898225,30.524861878453034,nan,13.141024768,3.679789056,6.060425216,225.942863872,85.227933696,16.0,0.0,16,12.761387008
28.92795122464498,30.524861878453034,nan,13.141024768,3.679789056,6.060425216,225.942867968,85.227933696,16.0,0.0,16,12.761382912000002
28.944627443949383,30.801104972375693,nan,13.141024768,3.679789056,6.060425216,225.942872064,85.227933696,16.0,0.0,16,12.761378816
28.961301390329997,27.348066298342545,nan,13.141024768,3.679076352,6.060425216,225.942872064,85.227933696,15.0,0.0,16,12.763897856000003
28.977973504861197,30.801104972375693,nan,13.141024768,3.679522816,6.060425216,225.944141824,85.227933696,16.0,0.0,16,12.762181632000004
28.994644343852997,30.801104972375693,nan,13.141024768,3.679522816,6.060425216,225.94465792,85.227933696,16.0,0.0,16,12.762697728000003
29.011318123340608,31.077348066298338,nan,13.141024768,3.679543296,6.060425216,225.944727552,85.227933696,16.0,0.0,16,12.762607616000004
29.027987690766654,29.558011049723753,nan,13.141024768,3.679526912,6.06461952,225.944735744,85.227933696,15.0,0.0,16,12.762615808
29.04466114838918,30.801104972375693,nan,13.141024768,3.679526912,6.06461952,225.944866816,85.227933696,16.0,0.0,16,12.762484735999998
29.061333390076957,25.552486187845304,nan,13.141024768,3.681275904,6.06461952,225.94494464,85.227933696,14.0,0.0,16,12.76065792
29.078009565671284,30.801104972375693,nan,13.141024768,3.681861632,6.06461952,225.944993792,85.227933696,16.0,0.0,16,12.76002304
29.09468180735906,30.801104972375693,nan,13.141024768,3.681861632,6.06461952,225.945038848,85.227933696,16.0,0.0,16,12.759977983999999
29.111353663603463,30.801104972375693,nan,13.141024768,3.681869824,6.06461952,225.945153536,85.227933696,16.0,0.0,16,12.759855104
29.12802894115448,30.801104972375693,nan,13.141024768,3.681869824,6.06461952,225.945219072,85.227933696,16.0,0.0,16,12.759789567999999
29.144699088732402,30.801104972375693,nan,13.141024768,3.681869824,6.06461952,225.945223168,85.227933696,16.0,0.0,16,12.759785472
29.161376134554544,30.801104972375693,nan,13.141024768,3.681869824,6.06461952,225.945268224,85.227933696,16.0,0.0,16,12.759740416
29.178047939141592,30.939226519337016,nan,13.141024768,3.681869824,6.06461952,225.94527232,85.227933696,16.0,0.0,16,12.759736319999998
29.194726701577505,30.939226519337016,nan,13.141024768,3.681869824,6.06461952,225.945280512,85.227933696,16.0,0.0,16,12.759728127999999
29.211402865250907,30.939226519337016,nan,13.141024768,3.681869824,6.06461952,225.945284608,85.227933696,16.0,0.0,16,12.759724032000001
29.22807650168737,31.491712707182316,nan,13.141024768,3.681878016,6.06461952,225.945284608,85.227933696,16.0,0.0,16,12.759715840000002
29.244747094313304,31.077348066298338,nan,13.141024768,3.681878016,6.06461952,225.945288704,85.227933696,16.0,0.0,16,12.759715840000002
29.261418676376344,31.077348066298338,nan,13.141024768,3.681886208,6.06461952,225.945296896,85.227933696,16.0,0.0,16,12.760211456
29.278092177708945,31.077348066298338,nan,13.141024768,3.6818944,6.06461952,225.945296896,85.227933696,16.0,0.0,16,12.760203263999998
29.294764832655588,31.077348066298338,nan,13.141024768,3.6818944,6.06461952,225.945300992,85.227933696,16.0,0.0,16,12.760199168
29.31143653790156,31.077348066298338,nan,13.141024768,3.681910784,6.06461952,225.945305088,85.227933696,16.0,0.0,16,12.760178688
29.328109991550445,31.353591160220994,nan,13.141024768,3.681910784,6.06461952,225.945305088,85.227933696,16.0,0.0,16,12.760178688
29.344782475630442,31.353591160220994,nan,13.141024768,3.681927168,6.06461952,225.945309184,85.227933696,16.0,0.0,16,12.760158207999996
29.361458651224773,31.491712707182316,nan,13.141024768,3.681927168,6.06461952,225.94531328,85.227933696,16.0,0.0,16,12.760154111999999
29.378133010864257,31.491712707182316,nan,13.141024768,3.681939456,6.06461952,225.94531328,85.227933696,16.0,0.0,16,12.760141824000002
29.39481307665507,31.491712707182316,nan,13.141024768,3.681943552,6.06461952,225.945317376,85.227933696,16.0,0.0,16,12.76063744
29.41148553689321,31.491712707182316,nan,13.141024768,3.681943552,6.06461952,225.945321472,85.227933696,16.0,0.0,16,12.760633343999999
29.4281613945961,30.110497237569056,nan,13.141024768,3.681972224,6.06461952,225.945329664,85.227933696,15.0,0.0,16,12.76059648
29.44483515818914,31.629834254143653,nan,13.141024768,3.68195584,6.06461952,225.945358336,85.227933696,16.0,0.0,16,12.760584192
29.461509029070537,31.629834254143653,nan,13.141024768,3.68195584,6.06461952,225.945362432,85.227933696,16.0,0.0,16,12.760580095999998
29.478182605902354,31.767955801104975,nan,13.141024768,3.68195584,6.06461952,225.945362432,85.227933696,16.0,0.0,16,12.760580095999998
29.494860967000324,30.386740331491712,nan,13.141024768,3.68195584,6.073008128,225.945370624,85.227933696,15.0,0.0,16,12.756377599999999
29.511531031131746,31.767955801104975,nan,13.141024768,3.681972224,6.073008128,225.945423872,85.227933696,16.0,0.0,16,12.760502272000002
29.52820876042048,28.45303867403315,nan,13.141024768,3.681972224,6.073008128,225.94547712,85.227933696,15.0,0.0,16,12.760449024000001
29.54487770398458,29.972375690607734,nan,13.141024768,3.682152448,6.079299584,225.951342592,85.227933696,15.0,0.0,16,12.760305664
29.561549468835196,31.491712707182316,nan,13.141024768,3.682136064,6.079299584,225.9515392,85.227933696,16.0,0.0,16,12.76012544
29.578220387299854,31.491712707182316,nan,13.141024768,3.682136064,6.079299584,225.951576064,85.227933696,16.0,0.0,16,12.760088575999998
29.594892072677613,31.491712707182316,nan,13.141024768,3.682136064,6.079299584,225.95158016,85.227933696,16.0,0.0,16,12.76008448
29.611565935611726,28.176795580110493,nan,13.141024768,3.682152448,6.079299584,225.951584256,85.227933696,15.0,0.0,16,12.760064
29.628235491116843,31.491712707182316,nan,13.141024768,3.682148352,6.079299584,225.951633408,85.227933696,16.0,0.0,16,12.760248319999999
29.644906981786093,31.491712707182316,nan,13.141024768,3.682148352,6.079299584,225.951633408,85.227933696,16.0,0.0,16,12.760248319999999
29.661579847335815,31.491712707182316,nan,13.141024768,3.682148352,6.079299584,225.951637504,85.227933696,16.0,0.0,16,12.760244224000001
29.678253297011057,31.491712707182316,nan,13.141024768,3.682148352,6.079299584,225.95166208,85.227933696,16.0,0.0,16,12.760219648
29.694926563898722,31.491712707182316,nan,13.141024768,3.682152448,6.079299584,225.951674368,85.227933696,16.0,0.0,16,12.760203263999998
29.711598988374075,31.491712707182316,nan,13.141024768,3.682152448,6.079299584,225.951678464,85.227933696,16.0,0.0,16,12.760199168
29.72827871640523,31.491712707182316,nan,13.141024768,3.682152448,6.079299584,225.95168256,85.227933696,16.0,0.0,16,12.760195071999998
29.74495156208674,31.491712707182316,nan,13.141024768,3.682168832,6.079299584,225.95168256,85.227933696,16.0,0.0,16,12.760178688
29.761622921625772,29.281767955801108,nan,13.141024768,3.682168832,6.079299584,225.951686656,85.227933696,15.0,0.0,16,12.760174592000002
29.778292314211527,29.281767955801108,nan,13.141024768,3.682168832,6.081409024,225.951690752,85.227933696,15.0,0.0,16,12.762255360000001
29.794969940185545,31.353591160220994,nan,13.141024768,3.682185216,6.102380544,225.951830016,85.227933696,16.0,0.0,16,12.762099712000001
29.811645237604775,30.939226519337016,nan,13.141024768,3.682185216,6.102380544,225.951834112,85.227933696,16.0,0.0,16,12.762095616
29.82831678390503,30.939226519337016,nan,13.141024768,3.682185216,6.102380544,225.951838208,85.227933696,16.0,0.0,16,12.762091520000002
29.844986995061237,30.939226519337016,nan,13.141024768,3.682185216,6.102380544,225.951838208,85.227933696,16.0,0.0,16,12.762091520000002
29.86165875196457,27.62430939226519,nan,13.141024768,3.682185216,6.102380544,225.951842304,85.227933696,15.0,0.0,16,12.762087424
29.878330739339194,30.939226519337016,nan,13.141024768,3.682185216,6.102380544,225.951920128,85.227933696,16.0,0.0,16,12.762009599999999
29.895007956027985,30.939226519337016,nan,13.141024768,3.682185216,6.102380544,225.951924224,85.227933696,16.0,0.0,16,12.762005504000001
29.911677757898968,30.939226519337016,nan,13.141024768,3.682185216,6.102380544,225.951924224,85.227933696,16.0,0.0,16,12.762005504000001
29.928346995512644,30.939226519337016,nan,13.141024768,3.682185216,6.102380544,225.95192832,85.227933696,16.0,0.0,16,12.762001408
29.945025634765624,30.939226519337016,nan,13.141024768,3.682185216,6.102380544,225.951932416,85.227933696,16.0,0.0,16,12.761997312000002
29.961700320243835,30.939226519337016,nan,13.141024768,3.682185216,6.102380544,225.952002048,85.227933696,16.0,0.0,16,12.762185728000002
29.97837550640106,31.077348066298338,nan,13.141024768,3.682185216,6.102380544,225.952043008,85.227933696,16.0,0.0,16,12.762144767999999
29.995049877961478,31.077348066298338,nan,13.141024768,3.682185216,6.102380544,225.952047104,85.227933696,16.0,0.0,16,12.762140672000001
30.011720303694407,31.077348066298338,nan,13.141024768,3.682185216,6.102380544,225.952047104,85.227933696,16.0,0.0,16,12.762140672000001
30.02839291493098,31.077348066298338,nan,13.141024768,3.682185216,6.102380544,225.9520512,85.227933696,16.0,0.0,16,12.762136576
30.04506360689799,31.077348066298338,nan,13.141024768,3.682185216,6.102380544,225.952055296,85.227933696,16.0,0.0,16,12.762132480000002
30.061744431654613,31.077348066298338,nan,13.141024768,3.682185216,6.102380544,225.952075776,85.227933696,16.0,0.0,16,12.762112000000002
30.0784135222435,31.21546961325967,nan,13.141024768,3.682185216,6.102380544,225.952079872,85.227933696,16.0,0.0,16,12.762107904
30.09508358637492,31.21546961325967,nan,13.141024768,3.682185216,6.102380544,225.952083968,85.227933696,16.0,0.0,16,12.762103807999999
30.11175554593404,31.21546961325967,nan,13.141024768,3.682185216,6.102380544,225.952088064,85.227933696,16.0,0.0,16,12.762099712000001
30.12842902739843,31.491712707182316,nan,13.141024768,3.682185216,6.102380544,225.95209216,85.227933696,16.0,0.0,16,12.762095616
30.14510291814804,31.767955801104975,nan,13.141024768,3.6822016,6.102380544,225.952096256,85.227933696,16.0,0.0,16,12.762075136000004
30.161772247155508,31.491712707182316,nan,13.141024768,3.682185216,6.102380544,225.95213312,85.227933696,16.0,0.0,16,12.762054656
30.178443443775176,31.491712707182316,nan,13.141024768,3.682185216,6.102380544,225.952137216,85.227933696,16.0,0.0,16,12.762050559999999
30.19511446158091,31.491712707182316,nan,13.141024768,3.682185216,6.102380544,225.952141312,85.227933696,16.0,0.0,16,12.762046464
30.211786293983458,31.491712707182316,nan,13.141024768,3.682185216,6.102380544,225.952145408,85.227933696,16.0,0.0,16,12.762042368
30.22845675945282,31.491712707182316,nan,13.141024768,3.682185216,6.102380544,225.952145408,85.227933696,16.0,0.0,16,12.762042368
30.24512879451116,28.03867403314917,nan,13.141024768,3.682185216,6.102380544,225.952178176,85.227933696,15.0,0.0,16,12.762267648000002
30.261801222960155,28.176795580110493,nan,13.141024768,3.682185216,6.102380544,225.952182272,85.227933696,15.0,0.0,16,12.763041792
30.278474601109824,28.176795580110493,nan,13.141024768,3.682185216,6.102380544,225.952182272,85.227933696,15.0,0.0,16,12.763553792
30.29514830907186,31.906077348066297,nan,13.141024768,3.68224256,6.102380544,225.952186368,85.227933696,16.0,0.0,16,12.763492352000004
30.311822934945425,31.629834254143653,nan,13.141024768,3.682226176,6.102380544,225.952198656,85.227933696,16.0,0.0,16,12.763496448000001
30.328496368726096,31.629834254143653,nan,13.141024768,3.682230272,6.102380544,225.952198656,85.227933696,16.0,0.0,16,12.763492352
30.34516986608505,31.629834254143653,nan,13.141024768,3.682238464,6.102380544,225.952202752,85.227933696,16.0,0.0,16,12.763480064
30.361840844154358,31.629834254143653,nan,13.141024768,3.682250752,6.102380544,225.952223232,85.227933696,16.0,0.0,16,12.763447296000002
30.3785094777743,31.767955801104975,nan,13.141024768,3.682254848,6.102380544,225.952223232,85.227933696,16.0,0.0,16,12.763443200000001
30.395178123315176,31.767955801104975,nan,13.141024768,3.682267136,6.102380544,225.952227328,85.227933696,16.0,0.0,16,12.763426816000003
30.411849768956504,31.767955801104975,nan,13.141024768,3.682271232,6.102380544,225.952231424,85.227933696,16.0,0.0,16,12.763418624
30.428525960445405,31.767955801104975,nan,13.141024768,3.68228352,6.102380544,225.95223552,85.227933696,16.0,0.0,16,12.763402240000001
30.445200637976328,31.767955801104975,nan,13.141024768,3.682295808,6.102380544,225.952239616,85.227933696,16.0,0.0,16,12.763385856000003
30.461869859695433,31.767955801104975,nan,13.141024768,3.682312192,6.102380544,225.952243712,85.227933696,16.0,0.0,16,12.76002304
30.478542359670005,31.906077348066297,nan,13.141024768,3.682320384,6.102380544,225.952243712,85.227933696,16.0,0.0,16,12.756402176000002
30.49521544377009,30.110497237569056,nan,13.141024768,3.682320384,6.102380544,225.952247808,85.227933696,15.0,0.0,16,12.75639808
30.51188470919927,31.767955801104975,nan,13.141024768,3.682349056,6.102380544,225.952284672,85.227933696,16.0,0.0,16,12.756832256000003
30.528561158974966,31.767955801104975,nan,13.141024768,3.682361344,6.102380544,225.952288768,85.227933696,16.0,0.0,16,12.756815872
30.54523281256358,31.767955801104975,nan,13.141024768,3.682373632,6.102380544,225.952288768,85.227933696,16.0,0.0,16,12.756803584
30.56190941731135,31.767955801104975,nan,13.141024768,3.682373632,6.102380544,225.952292864,85.227933696,16.0,0.0,16,12.756799487999999
30.57858246167501,31.767955801104975,nan,13.141024768,3.682390016,6.102380544,225.95229696,85.227933696,16.0,0.0,16,12.756779008000002
30.59525649547577,31.767955801104975,nan,13.141024768,3.682398208,6.102380544,225.95229696,85.227933696,16.0,0.0,16,12.756770816000003
30.611926555633545,31.767955801104975,nan,13.141024768,3.682398208,6.102380544,225.9524608,85.227933696,16.0,0.0,16,12.756865024000003
30.62859913110733,31.767955801104975,nan,13.141024768,3.682402304,6.102380544,225.952464896,85.227933696,16.0,0.0,16,12.75711488
30.64527454773585,30.24861878453039,nan,13.141024768,3.682402304,6.102380544,225.952464896,85.227933696,15.0,0.0,16,12.75711488
30.661947703361513,32.04419889502762,nan,13.141024768,3.682410496,6.102380544,225.952489472,85.227933696,16.0,0.0,16,12.757082112000003
30.678620171546935,32.4585635359116,nan,13.141024768,3.682410496,6.102380544,225.952497664,85.227933696,16.0,0.0,16,12.757073920000003
30.695292588075002,32.04419889502762,nan,13.141024768,3.682418688,6.102380544,225.952526336,85.227933696,16.0,0.0,16,12.757266432000002
30.71196529865265,32.04419889502762,nan,13.141024768,3.682418688,6.102380544,225.952530432,85.227933696,16.0,0.0,16,12.757262336000004
30.728640103340148,28.59116022099447,nan,13.141024768,3.682435072,6.102380544,225.952534528,85.227933696,15.0,0.0,16,12.757241856
30.74531324704488,32.182320441988956,nan,13.141024768,3.682435072,6.102380544,225.952538624,85.227933696,16.0,0.0,16,12.753203200000002
30.761985798676807,30.66298342541437,nan,13.141024768,3.682443264,6.102380544,225.952591872,85.227933696,15.0,0.0,16,12.752797696000002
30.778658318519593,32.182320441988956,nan,13.141024768,3.682459648,6.102380544,225.952600064,85.227933696,16.0,0.0,16,12.75277312
30.795329892635344,32.182320441988956,nan,13.141024768,3.682471936,6.102380544,225.952600064,85.227933696,16.0,0.0,16,12.752760832000003
30.81200296084086,32.182320441988956,nan,13.141024768,3.682496512,6.102380544,225.95260416,85.227933696,16.0,0.0,16,12.75273216
30.82867570320765,32.182320441988956,nan,13.141024768,3.682496512,6.102380544,225.952653312,85.227933696,16.0,0.0,16,12.752683008000002
30.84534607330958,32.4585635359116,nan,13.141024768,3.682512896,6.102380544,225.952653312,85.227933696,16.0,0.0,16,12.751118336000001
30.86201850573222,30.939226519337016,nan,13.141024768,3.682512896,6.144323584,225.953927168,85.227933696,15.0,0.0,16,12.750114816000002
30.878691001733145,32.59668508287292,nan,13.141024768,3.682525184,6.144323584,225.954435072,85.227933696,16.0,0.0,16,12.754046976
30.895364252726235,32.59668508287292,nan,13.141024768,3.682537472,6.144323584,225.954439168,85.227933696,16.0,0.0,16,12.754190335999999
30.912036780516306,32.59668508287292,nan,13.141024768,3.682557952,6.144323584,225.954439168,85.227933696,16.0,0.0,16,12.754169855999999
30.928709757328033,32.73480662983425,nan,13.141024768,3.682566144,6.144323584,225.954443264,85.227933696,16.0,0.0,16,12.754157568000002
30.94538331826528,32.73480662983425,nan,13.141024768,3.682566144,6.144323584,225.95444736,85.227933696,16.0,0.0,16,12.754153472
30.96205774943034,33.011049723756905,nan,13.141024768,3.68257024,6.144323584,225.95444736,85.227933696,16.0,0.0,16,12.754665471999997
30.978730324904124,31.491712707182316,nan,13.141024768,3.68257024,6.165295104,225.958744064,85.227933696,15.0,0.0,16,12.750045184
30.995405757427214,31.491712707182316,nan,13.141024768,3.68257024,6.196752384,225.959395328,85.227933696,15.0,0.0,16,12.752523264
31.012079787254333,31.491712707182316,nan,13.141024768,3.682594816,6.2135296,225.95940352,85.227933696,15.0,0.0,16,12.752490496
31.028749763965607,33.011049723756905,nan,13.141024768,3.682594816,6.2135296,225.959407616,85.227933696,16.0,0.0,16,12.752744448000001
31.045419692993164,33.011049723756905,nan,13.141024768,3.682594816,6.2135296,225.959411712,85.227933696,16.0,0.0,16,12.752986112000002
31.062088926633198,33.011049723756905,nan,13.141024768,3.682594816,6.2135296,225.959411712,85.227933696,16.0,0.0,16,12.752986112000002
31.078758859634398,33.011049723756905,nan,13.141024768,3.6826112,6.2135296,225.959415808,85.227933696,16.0,0.0,16,12.752965631999999
31.095429368813832,31.491712707182316,nan,13.141024768,3.6826112,6.2135296,225.959419904,85.227933696,15.0,0.0,16,12.752961535999997
31.112109943230948,29.69613259668509,nan,13.141024768,3.682627584,6.215626752,225.959534592,85.227933696,14.0,0.0,16,12.754927616000002
31.128782550493877,31.491712707182316,nan,13.141024768,3.682648064,6.215626752,225.959550976,85.227933696,15.0,0.0,16,12.754890752
31.14545893271764,33.011049723756905,nan,13.141024768,3.682639872,6.215626752,225.959559168,85.227933696,16.0,0.0,16,12.754890752
31.162132076422374,33.011049723756905,nan,13.141024768,3.682656256,6.215626752,225.959559168,85.227933696,16.0,0.0,16,12.754874367999998
31.17880264123281,33.011049723756905,nan,13.141024768,3.682660352,6.215626752,225.95956736,85.227933696,16.0,0.0,16,12.75486208
31.195477918783823,33.149171270718234,nan,13.141024768,3.682660352,6.215626752,225.959723008,85.227933696,16.0,0.0,16,12.754706432
31.212150879700978,31.629834254143653,nan,13.141024768,3.682660352,6.245031936,225.959727104,85.227933696,15.0,0.0,16,12.75465728
31.228826705614726,31.629834254143653,nan,13.141024768,3.682697216,6.305849344,225.960030208,85.227933696,15.0,0.0,16,12.752220159999998
31.245500973860423,33.149171270718234,nan,13.141024768,3.682717696,6.305849344,225.960071168,85.227933696,16.0,0.0,16,12.752158719999999
31.262175381183624,33.149171270718234,nan,13.141024768,3.682717696,6.305849344,225.961086976,85.227933696,16.0,0.0,16,12.751142911999997
31.278843637307485,33.149171270718234,nan,13.141024768,3.68273408,6.305849344,225.961107456,85.227933696,16.0,0.0,16,12.75262976
31.2955180366834,33.149171270718234,nan,13.141024768,3.682742272,6.305849344,225.961111552,85.227933696,16.0,0.0,16,12.752859136
31.31219228108724,33.149171270718234,nan,13.141024768,3.682746368,6.305849344,225.961115648,85.227933696,16.0,0.0,16,12.752850944
31.32886598110199,33.149171270718234,nan,13.141024768,3.682750464,6.305849344,225.961156608,85.227933696,16.0,0.0,16,12.751257599999997
31.345542482535045,33.149171270718234,nan,13.141024768,3.682750464,6.305849344,225.961160704,85.227933696,16.0,0.0,16,12.750934015999997
31.362215971946718,33.149171270718234,nan,13.141024768,3.682766848,6.305849344,225.9611648,85.227933696,16.0,0.0,16,12.750913536
31.378893462816873,31.353591160220994,nan,13.141024768,3.682779136,6.305849344,225.9611648,85.227933696,15.0,0.0,16,12.750901248
31.39556718269984,33.149171270718234,nan,13.141024768,3.68279552,6.305849344,225.961172992,85.227933696,16.0,0.0,16,12.750876672000002
31.412242845694223,33.28729281767956,nan,13.141024768,3.682811904,6.307946496,225.961177088,85.227933696,16.0,0.0,16,12.74875904
31.428917153676352,33.149171270718234,nan,13.141024768,3.68279552,6.307946496,225.962258432,85.227933696,16.0,0.0,16,12.749987840000003
31.445592761039734,33.149171270718234,nan,13.141024768,3.68279552,6.307946496,225.962422272,85.227933696,16.0,0.0,16,12.749824
31.46226727962494,33.149171270718234,nan,13.141024768,3.68279552,6.307946496,225.962426368,85.227933696,16.0,0.0,16,12.749819904000002
31.478942708174387,29.558011049723753,nan,13.141024768,3.68279552,6.307946496,225.962426368,85.227933696,15.0,0.0,16,12.749819904000002
31.495616602897645,30.386740331491712,nan,13.141024768,3.682811904,6.3121408,225.975205888,85.227933696,15.0,0.0,16,12.754055167999999
31.512289520104726,29.83425414364641,nan,13.141024768,3.68279552,6.3121408,225.979056128,85.227933696,15.0,0.0,16,12.754034688000003
31.528962087631225,29.83425414364641,nan,13.141024768,3.68279552,6.3121408,225.979060224,85.227933696,15.0,0.0,16,12.754030592000001
31.545635799566906,29.83425414364641,nan,13.141024768,3.68279552,6.3121408,225.979060224,85.227933696,15.0,0.0,16,12.754030592000001
31.562309312820435,29.83425414364641,nan,13.141024768,3.68279552,6.3121408,225.97906432,85.227933696,15.0,0.0,16,12.755030016000001
31.578981630007426,28.45303867403315,nan,13.141024768,3.68279552,6.3121408,225.979068416,85.227933696,14.0,0.0,16,12.75502592
31.595657543341318,29.972375690607734,nan,13.141024768,3.68279552,5.709991936,225.76646144,85.227933696,15.0,0.0,16,12.756439040000002
31.61233145793279,30.66298342541437,nan,13.141024768,3.68279552,5.709991936,225.766641664,85.227933696,16.0,0.0,16,12.756520960000001
31.629006361961366,30.66298342541437,nan,13.141024768,3.68279552,5.709991936,225.76664576,85.227933696,16.0,0.0,16,12.756238336000001
31.64567775328954,30.66298342541437,nan,13.141024768,3.68279552,5.709991936,225.76664576,85.227933696,16.0,0.0,16,12.756238336000001
31.662351568539936,28.867403314917127,nan,13.141024768,3.68279552,5.709991936,225.766649856,85.227933696,15.0,0.0,16,12.75623424
31.679024434089662,30.110497237569056,nan,13.141024768,3.68279552,5.709991936,225.766801408,85.227933696,16.0,0.0,16,12.757114880000001
31.69569967587789,29.143646408839775,nan,13.141024768,3.682811904,5.756145664,225.808101376,85.227933696,15.0,0.0,16,12.768874496
31.712378307183585,29.83425414364641,nan,13.141024768,3.68279552,5.756145664,225.808437248,85.227933696,16.0,0.0,16,12.768555008000002
31.729052734375,29.83425414364641,nan,13.141024768,3.68279552,5.756145664,225.808441344,85.227933696,16.0,0.0,16,12.768550912
31.74572668472926,29.972375690607734,nan,13.141024768,3.68279552,5.756145664,225.808441344,85.227933696,16.0,0.0,16,12.768550912
31.762395469347634,27.071823204419886,nan,13.141024768,3.682811904,5.808775168,225.808961536,85.227933696,14.0,0.0,16,12.760547327999998
31.779067933559418,28.867403314917127,nan,13.141024768,3.68279552,5.82135808,225.809539072,85.227933696,15.0,0.0,16,12.76418048
31.795742440223695,29.972375690607734,nan,13.141024768,3.68279552,5.82135808,225.809567744,85.227933696,16.0,0.0,16,12.763860992000001
31.812415317694345,29.972375690607734,nan,13.141024768,3.68279552,5.82135808,225.80957184,85.227933696,16.0,0.0,16,12.762664960000002
31.82909220457077,30.110497237569056,nan,13.141024768,3.68279552,5.82135808,225.809575936,85.227933696,16.0,0.0,16,12.762660864
31.84576606353124,30.110497237569056,nan,13.141024768,3.68279552,5.82135808,225.809575936,85.227933696,16.0,0.0,16,12.762537984000002
31.862443029880524,28.03867403314917,nan,13.141024768,3.68279552,5.836038144,225.809649664,85.227933696,14.0,0.0,16,12.760367104
31.879117143154144,29.69613259668509,nan,13.141024768,3.682811904,5.854912512,225.827602432,85.227933696,15.0,0.0,16,12.757073919999998
31.895793640613554,27.486187845303867,nan,13.141024768,3.68279552,5.854912512,225.828995072,85.227933696,14.0,0.0,16,12.755955712
31.91246485710144,28.729281767955804,nan,13.141024768,3.68279552,5.859106816,225.82996992,85.227933696,15.0,0.0,16,12.756529151999999
31.92913451194763,28.729281767955804,nan,13.141024768,3.68279552,5.859106816,225.829974016,85.227933696,15.0,0.0,16,12.756525056000001
31.94580999215444,26.657458563535908,nan,13.141024768,3.682811904,5.859106816,225.829978112,85.227933696,14.0,0.0,16,12.756504575999998
31.9624817887942,28.729281767955804,nan,13.141024768,3.68279552,5.859106816,225.830080512,85.227933696,15.0,0.0,16,12.75693056
31.979153259595236,28.729281767955804,nan,13.141024768,3.68279552,5.859106816,225.830191104,85.227933696,15.0,0.0,16,12.756819968000002
31.995826824506125,28.729281767955804,nan,13.141024768,3.68279552,5.859106816,225.830199296,85.227933696,15.0,0.0,16,12.757069824000002
32.012498374780016,28.45303867403315,nan,13.141024768,3.68279552,5.859106816,225.830305792,85.227933696,15.0,0.0,16,12.756963328000001
32.029167858759564,28.45303867403315,nan,13.141024768,3.68279552,5.859106816,225.830387712,85.227933696,15.0,0.0,16,12.757368832000001
32.04583715200424,26.381215469613263,nan,13.141024768,3.68279552,5.896855552,225.830391808,85.227933696,14.0,0.0,16,12.757364736000001
32.06250745852788,28.45303867403315,nan,13.141024768,3.68279552,5.601038336,225.809891328,85.227933696,15.0,0.0,16,12.764045312000002
32.07917657693227,29.005524861878452,nan,13.141024768,3.68279552,5.601038336,225.809928192,85.227933696,16.0,0.0,16,12.763557888
32.09584570725759,27.62430939226519,nan,13.141024768,3.68279552,5.601038336,225.809932288,85.227933696,15.0,0.0,16,12.763553792000002
32.11251785755157,29.005524861878452,nan,13.141024768,3.68279552,5.601038336,225.809969152,85.227933696,16.0,0.0,16,12.76270592
32.129192074139915,27.762430939226522,nan,13.141024768,3.682811904,5.60523264,225.810046976,85.227933696,15.0,0.0,16,12.762857471999997
32.145861593882245,29.005524861878452,nan,13.141024768,3.68279552,5.60523264,225.81010432,85.227933696,16.0,0.0,16,12.762816512
32.16253083944321,29.005524861878452,nan,13.141024768,3.68279552,5.60523264,225.81010432,85.227933696,16.0,0.0,16,12.762816512
32.179200104872386,29.143646408839775,nan,13.141024768,3.68279552,5.60523264,225.810137088,85.227933696,16.0,0.0,16,12.761600000000001
32.19587411483129,27.071823204419886,nan,13.141024768,3.68279552,5.60523264,225.810141184,85.227933696,15.0,0.0,16,12.761595904
32.21254822413127,25.41436464088398,nan,13.141024768,3.68279552,5.632495616,225.81014528,85.227933696,14.0,0.0,16,12.763455488000002
32.22922435204188,29.005524861878452,nan,13.141024768,3.68279552,5.63668992,225.810735104,85.227933696,16.0,0.0,16,12.764413952
32.24589747985204,28.314917127071826,nan,13.141024768,3.682811904,5.680955392,225.810751488,85.227933696,15.0,0.0,16,12.765220863999996
32.26256903012594,29.005524861878452,nan,13.141024768,3.68279552,5.680955392,225.810980864,85.227933696,16.0,0.0,16,12.764495872000001
32.279241144657135,28.314917127071826,nan,13.141024768,3.682811904,5.680955392,225.810980864,85.227933696,15.0,0.0,16,12.763713535999997
32.29591175715129,27.900552486187845,nan,13.141024768,3.682811904,5.693550592,225.810997248,85.227933696,15.0,0.0,16,12.766679039999996
32.31258661746979,29.281767955801108,nan,13.141024768,3.68279552,5.693550592,225.811193856,85.227933696,16.0,0.0,16,12.766998527999998
32.329257345199586,29.281767955801108,nan,13.141024768,3.68279552,5.693550592,225.811267584,85.227933696,16.0,0.0,16,12.766924799999998
32.345926344394684,27.900552486187845,nan,13.141024768,3.68279552,5.693550592,225.811296256,85.227933696,15.0,0.0,16,12.766896127999999
32.36259532769521,29.41988950276243,nan,13.141024768,3.68279552,5.693550592,225.81141504,85.227933696,16.0,0.0,16,12.767023104
32.379265244801836,29.558011049723753,nan,13.141024768,3.68279552,5.693550592,225.812447232,85.227933696,16.0,0.0,16,12.767797248
32.395934184392296,29.558011049723753,nan,13.141024768,3.68279552,5.693550592,225.812545536,85.227933696,16.0,0.0,16,12.767440896
32.41261293490728,26.519337016574585,nan,13.141024768,3.68279552,5.695647744,225.8125824,85.227933696,14.0,0.0,16,12.769501184000001
32.42928716341655,27.209944751381222,nan,13.141024768,3.682811904,5.706133504,225.812738048,85.227933696,14.0,0.0,16,12.767232
32.445959428946175,27.62430939226519,nan,13.141024768,3.68279552,5.706133504,225.813266432,85.227933696,15.0,0.0,16,12.767494144
32.46262996991475,30.66298342541437,nan,13.141024768,3.68279552,5.706133504,225.8139136,85.227933696,16.0,0.0,16,12.766846976
32.47930192947388,27.900552486187845,nan,13.141024768,3.68279552,5.706133504,225.813921792,85.227933696,15.0,0.0,16,12.766838784
32.495975732803345,28.176795580110493,nan,13.141024768,3.682811904,5.706133504,225.813966848,85.227933696,15.0,0.0,16,12.767006719999998
32.51264675060908,29.69613259668509,nan,13.141024768,3.68279552,5.706133504,225.813991424,85.227933696,16.0,0.0,16,12.767227904000002
32.529318102200826,29.005524861878452,nan,13.141024768,3.682811904,5.706133504,225.814069248,85.227933696,15.0,0.0,16,12.767133695999998
32.5459911664327,30.110497237569056,nan,13.141024768,3.68279552,5.706133504,225.814106112,85.227933696,16.0,0.0,16,12.767113216000002
32.562663249174754,30.110497237569056,nan,13.141024768,3.68279552,5.706133504,225.814126592,85.227933696,16.0,0.0,16,12.767092736000002
32.5793364405632,30.110497237569056,nan,13.141024768,3.68279552,5.706133504,225.814183936,85.227933696,16.0,0.0,16,12.767035392
32.59600553115209,30.24861878453039,nan,13.141024768,3.68279552,5.706133504,225.81424128,85.227933696,16.0,0.0,16,12.766978048000002
32.61267822583516,30.386740331491712,nan,13.141024768,3.68279552,5.706133504,225.814245376,85.227933696,16.0,0.0,16,12.766973952
32.62935072183609,28.59116022099447,nan,13.141024768,3.682811904,5.708230656,225.814286336,85.227933696,15.0,0.0,16,12.766928895999998
32.64602927764257,29.558011049723753,nan,13.141024768,3.682811904,5.708230656,225.814294528,85.227933696,15.0,0.0,16,12.766445568
32.66270155111949,28.867403314917127,nan,13.141024768,3.68279552,5.708230656,225.8143232,85.227933696,15.0,0.0,16,12.766433280000003
32.67937445640564,29.972375690607734,nan,13.141024768,3.68279552,5.708230656,225.814433792,85.227933696,16.0,0.0,16,12.766580736
32.69604730606079,29.972375690607734,nan,13.141024768,3.68279552,5.708230656,225.814433792,85.227933696,16.0,0.0,16,12.766580736
32.712719762325285,29.972375690607734,nan,13.141024768,3.68279552,5.708230656,225.814437888,85.227933696,16.0,0.0,16,12.766576640000002
32.72939417759577,29.972375690607734,nan,13.141024768,3.68279552,5.708230656,225.81450752,85.227933696,16.0,0.0,16,12.766507008
32.74606901407242,30.386740331491712,nan,13.141024768,3.68279552,5.708230656,225.81450752,85.227933696,16.0,0.0,16,12.766507008
32.762743186950686,30.110497237569056,nan,13.141024768,3.68279552,5.708230656,225.814528,85.227933696,16.0,0.0,16,12.766744576000002
32.779416092236836,30.110497237569056,nan,13.141024768,3.68279552,5.708230656,225.814536192,85.227933696,16.0,0.0,16,12.766736384
32.79609192609787,30.110497237569056,nan,13.141024768,3.68279552,5.708230656,225.815568384,85.227933696,16.0,0.0,16,12.766478336
32.812765403588614,30.110497237569056,nan,13.141024768,3.68279552,5.708230656,225.81604352,85.227933696,16.0,0.0,16,12.766003200000002
32.829438797632854,28.45303867403315,nan,13.141024768,3.68279552,5.708230656,225.816076288,85.227933696,15.0,0.0,16,12.765970432000001
32.84611311753591,28.59116022099447,nan,13.141024768,3.68279552,5.727105024,225.816809472,85.227933696,15.0,0.0,16,12.764430336
32.86278660297394,27.348066298342545,nan,13.141024768,3.682811904,5.727105024,225.816825856,85.227933696,14.0,0.0,16,12.763439104
32.87946008841197,28.729281767955804,nan,13.141024768,3.68279552,5.727105024,225.816838144,85.227933696,15.0,0.0,16,12.763443200000001
32.89613471428553,30.939226519337016,nan,13.141024768,3.68279552,5.727105024,225.816887296,85.227933696,16.0,0.0,16,12.76235776
32.91280902226766,29.69613259668509,nan,13.141024768,3.68279552,5.760659456,225.81692416,85.227933696,15.0,0.0,16,12.758011904000004
32.929482622941336,29.69613259668509,nan,13.141024768,3.68279552,5.792116736,225.81884928,85.227933696,15.0,0.0,16,12.759990272
32.94616065422694,30.524861878453034,nan,13.141024768,3.68279552,5.792116736,225.819070464,85.227933696,16.0,0.0,16,12.759769087999999
32.962833217779796,30.524861878453034,nan,13.141024768,3.68279552,5.792116736,225.81942272,85.227933696,16.0,0.0,16,12.759674879999999
32.97951060930888,30.524861878453034,nan,13.141024768,3.68279552,5.792116736,225.819426816,85.227933696,16.0,0.0,16,12.759670784
32.99618459542592,30.524861878453034,nan,13.141024768,3.68279552,5.792116736,225.819455488,85.227933696,16.0,0.0,16,12.759642112000002
33.01285760005315,30.524861878453034,nan,13.141024768,3.68279552,5.792116736,225.819455488,85.227933696,16.0,0.0,16,12.759871488000002
33.029528041680656,30.524861878453034,nan,13.141024768,3.68279552,5.792116736,225.819459584,85.227933696,16.0,0.0,16,12.759867392
33.04620191653569,28.729281767955804,nan,13.141024768,3.68279552,5.792116736,225.82063104,85.227933696,15.0,0.0,16,12.758695935999999
33.06287245750427,28.729281767955804,nan,13.141024768,3.68279552,5.819379712,225.823838208,85.227933696,15.0,0.0,16,12.760309760000002
33.079543809096016,29.41988950276243,nan,13.141024768,3.682811904,5.819379712,225.824043008,85.227933696,15.0,0.0,16,12.760088575999998
33.09621321757634,30.801104972375693,nan,13.141024768,3.68279552,5.819379712,225.824698368,85.227933696,16.0,0.0,16,12.7594496
33.11288483142853,29.143646408839775,nan,13.141024768,3.68279552,5.850836992,225.82573056,85.227933696,15.0,0.0,16,12.758384640000001
33.12955501476924,29.972375690607734,nan,13.141024768,3.68279552,5.855031296,225.82745088,85.227933696,15.0,0.0,16,12.756664320000002
33.146224200725555,30.939226519337016,nan,13.141024768,3.68279552,5.855031296,225.827467264,85.227933696,16.0,0.0,16,12.756647936
33.16289329131444,30.939226519337016,nan,13.141024768,3.68279552,5.855031296,225.827467264,85.227933696,16.0,0.0,16,12.756647936
33.17956600983938,30.939226519337016,nan,13.141024768,3.68279552,5.855031296,225.827565568,85.227933696,16.0,0.0,16,12.756549632000002
33.19624258279801,30.939226519337016,nan,13.141024768,3.68279552,5.855031296,225.827569664,85.227933696,16.0,0.0,16,12.756545536
33.21291663646698,30.939226519337016,nan,13.141024768,3.68279552,5.855031296,225.82757376,85.227933696,16.0,0.0,16,12.75654144
33.22959363460541,29.41988950276243,nan,13.141024768,3.68279552,5.855031296,225.82767616,85.227933696,15.0,0.0,16,12.75643904
33.24626829226812,31.077348066298338,nan,13.141024768,3.68279552,5.855031296,225.827688448,85.227933696,16.0,0.0,16,12.756426752
33.26294224262237,31.077348066298338,nan,13.141024768,3.68279552,5.855031296,225.827692544,85.227933696,16.0,0.0,16,12.756422656000002
33.27961597839991,31.077348066298338,nan,13.141024768,3.68279552,5.855031296,225.827692544,85.227933696,16.0,0.0,16,12.756422656000002
33.29628563324611,31.077348066298338,nan,13.141024768,3.68279552,5.855031296,225.82769664,85.227933696,16.0,0.0,16,12.748447744
33.312960557142894,29.281767955801108,nan,13.141024768,3.68279552,5.855031296,225.827749888,85.227933696,15.0,0.0,16,12.749164544
33.32963446776072,31.21546961325967,nan,13.141024768,3.68279552,5.855031296,225.827762176,85.227933696,16.0,0.0,16,12.749348864000002
33.34630708297094,31.21546961325967,nan,13.141024768,3.68279552,5.855031296,225.827766272,85.227933696,16.0,0.0,16,12.749344768
33.36297972599665,31.21546961325967,nan,13.141024768,3.68279552,5.855031296,225.827770368,85.227933696,16.0,0.0,16,12.749340672000002
33.37965216239294,31.21546961325967,nan,13.141024768,3.68279552,5.855031296,225.827770368,85.227933696,16.0,0.0,16,12.749570048000002
33.39632543325424,31.21546961325967,nan,13.141024768,3.68279552,5.855031296,225.827786752,85.227933696,16.0,0.0,16,12.74877952
33.41299801270167,31.21546961325967,nan,13.141024768,3.682803712,5.855031296,225.827790848,85.227933696,16.0,0.0,16,12.748767231999999
33.4296737631162,31.21546961325967,nan,13.141024768,3.682803712,5.855031296,225.83109632,85.227933696,16.0,0.0,16,12.74933248
33.44634482860565,31.21546961325967,nan,13.141024768,3.682803712,5.855031296,225.831391232,85.227933696,16.0,0.0,16,12.749037567999999
33.46301735242208,31.21546961325967,nan,13.141024768,3.682803712,5.855031296,225.831395328,85.227933696,16.0,0.0,16,12.749033472
33.47969312270482,31.21546961325967,nan,13.141024768,3.682803712,5.855031296,225.831395328,85.227933696,16.0,0.0,16,12.749033472
33.496365916728976,31.21546961325967,nan,13.141024768,3.682811904,5.855031296,225.83140352,85.227933696,16.0,0.0,16,12.749017087999999
33.513041865825656,31.21546961325967,nan,13.141024768,3.682811904,5.855031296,225.83474176,85.227933696,16.0,0.0,16,12.749807615999998
33.52971503734589,31.629834254143653,nan,13.141024768,3.682811904,5.855031296,225.834770432,85.227933696,16.0,0.0,16,12.749778944
33.54639059305191,31.629834254143653,nan,13.141024768,3.682811904,5.855031296,225.835945984,85.227933696,16.0,0.0,16,12.750151679999998
33.563063148657484,31.21546961325967,nan,13.141024768,3.682811904,5.855031296,225.836285952,85.227933696,16.0,0.0,16,12.749811712
33.579736018180846,29.83425414364641,nan,13.141024768,3.682828288,5.855031296,225.836290048,85.227933696,15.0,0.0,16,12.749791232
33.59640874465307,31.21546961325967,nan,13.141024768,3.682811904,5.855031296,225.837060096,85.227933696,16.0,0.0,16,12.750069759999999
33.61308117310206,31.21546961325967,nan,13.141024768,3.682811904,5.855031296,225.837129728,85.227933696,16.0,0.0,16,12.750000128
33.62975371281306,31.21546961325967,nan,13.141024768,3.682811904,5.855031296,225.839685632,85.227933696,16.0,0.0,16,12.74925056
33.64642566839854,31.21546961325967,nan,13.141024768,3.682811904,5.855031296,225.839685632,85.227933696,16.0,0.0,16,12.749479936
33.66309818426768,31.21546961325967,nan,13.141024768,3.682811904,5.855031296,225.83973888,85.227933696,16.0,0.0,16,12.749426688
33.67977324326833,29.281767955801108,nan,13.141024768,3.682811904,5.855031296,225.839742976,85.227933696,15.0,0.0,16,12.749422591999998
33.69644792079926,31.491712707182316,nan,13.141024768,3.682811904,5.855031296,225.839869952,85.227933696,16.0,0.0,16,12.749295615999998
33.71312520503998,31.077348066298338,nan,13.141024768,3.682811904,5.855031296,225.840820224,85.227933696,16.0,0.0,16,12.750667776
33.729794919490814,30.110497237569056,nan,13.141024768,3.682811904,5.855031296,225.841057792,85.227933696,15.0,0.0,16,12.750430207999997
33.74646836519241,31.21546961325967,nan,13.141024768,3.682811904,5.855031296,225.841065984,85.227933696,16.0,0.0,16,12.750741504
33.76314201752345,31.21546961325967,nan,13.141024768,3.682811904,5.855031296,225.84107008,85.227933696,16.0,0.0,16,12.750966784
33.77981720368067,31.21546961325967,nan,13.141024768,3.682811904,5.855031296,225.841074176,85.227933696,16.0,0.0,16,12.750962687999998
33.7964905778567,31.21546961325967,nan,13.141024768,3.682811904,5.855031296,225.841078272,85.227933696,16.0,0.0,16,12.751216639999999
33.81316360235214,31.21546961325967,nan,13.141024768,3.682811904,5.855031296,225.841127424,85.227933696,16.0,0.0,16,12.751167488
33.82983655134837,31.21546961325967,nan,13.141024768,3.682811904,5.855031296,225.84113152,85.227933696,16.0,0.0,16,12.751163391999999
33.846507978439334,31.21546961325967,nan,13.141024768,3.682811904,5.855031296,225.84113152,85.227933696,16.0,0.0,16,12.751163391999999
33.86318112214406,28.59116022099447,nan,13.141024768,3.682828288,5.863419904,225.841135616,85.227933696,14.0,0.0,16,12.751142911999999
33.87986075083415,31.491712707182316,nan,13.141024768,3.682811904,5.863419904,225.841471488,85.227933696,16.0,0.0,16,12.751339519999998
33.8965344508489,31.629834254143653,nan,13.141024768,3.682811904,5.863419904,225.841475584,85.227933696,16.0,0.0,16,12.751335423999997
33.91320684353511,31.629834254143653,nan,13.141024768,3.682811904,5.863419904,225.841475584,85.227933696,16.0,0.0,16,12.751335423999997
33.929879446824394,31.629834254143653,nan,13.141024768,3.682811904,5.863419904,225.84147968,85.227933696,16.0,0.0,16,12.751331328
33.9465518116951,31.629834254143653,nan,13.141024768,3.682811904,5.863419904,225.841483776,85.227933696,16.0,0.0,16,12.751327231999998
33.96322540044785,32.04419889502762,nan,13.141024768,3.682811904,5.863419904,225.841483776,85.227933696,16.0,0.0,16,12.751327231999998
33.97989689906438,31.767955801104975,nan,13.141024768,3.682811904,5.863419904,225.841586176,85.227933696,16.0,0.0,16,12.751224831999998
33.99656934340795,31.767955801104975,nan,13.141024768,3.682811904,5.863419904,225.841590272,85.227933696,16.0,0.0,16,12.751220735999997
34.01324266990026,30.110497237569056,nan,13.141024768,3.682811904,5.863419904,225.841590272,85.227933696,15.0,0.0,16,12.751220735999997
34.029915765921274,32.182320441988956,nan,13.141024768,3.682811904,5.863419904,225.841631232,85.227933696,16.0,0.0,16,12.751179775999997
34.04659101963043,30.24861878453039,nan,13.141024768,3.682811904,5.863419904,225.841639424,85.227933696,15.0,0.0,16,12.751429631999997
34.06326536734899,30.24861878453039,nan,13.141024768,3.682811904,5.886488576,225.842671616,85.227933696,15.0,0.0,16,12.75746304
34.079944030443826,28.59116022099447,nan,13.141024768,3.682828288,5.9640832,225.843666944,85.227933696,14.0,0.0,16,12.758548479999998
34.09661875565847,30.386740331491712,nan,13.141024768,3.682811904,5.9640832,225.84367104,85.227933696,15.0,0.0,16,12.758712319999997
34.113291120529176,28.45303867403315,nan,13.141024768,3.682811904,5.9640832,225.84399872,85.227933696,14.0,0.0,16,12.75838464
34.129963453610735,28.867403314917127,nan,13.141024768,3.682811904,5.9640832,225.844117504,85.227933696,14.0,0.0,16,12.758265855999998
34.14663662115733,31.491712707182316,nan,13.141024768,3.682811904,5.9640832,225.844133888,85.227933696,16.0,0.0,16,12.758503423999997
34.16331057151159,31.491712707182316,nan,13.141024768,3.682811904,5.9640832,225.844133888,85.227933696,16.0,0.0,16,12.758503423999997
34.179979944229125,31.629834254143653,nan,13.141024768,3.682811904,5.9640832,225.844301824,85.227933696,16.0,0.0,16,12.758335487999997
34.19665062427521,31.629834254143653,nan,13.141024768,3.682811904,5.9640832,225.84430592,85.227933696,16.0,0.0,16,12.758331391999999
34.21332701047262,31.629834254143653,nan,13.141024768,3.682811904,5.9640832,225.8443264,85.227933696,16.0,0.0,16,12.758310911999999
34.2299986521403,29.83425414364641,nan,13.141024768,3.682828288,5.9640832,225.844330496,85.227933696,15.0,0.0,16,12.758290431999999
34.246668203671774,31.629834254143653,nan,13.141024768,3.682811904,5.9640832,225.84434688,85.227933696,16.0,0.0,16,12.758290431999999
34.2633384625117,31.767955801104975,nan,13.141024768,3.682811904,5.9640832,225.844350976,85.227933696,16.0,0.0,16,12.758286335999998
34.28000746568044,30.24861878453039,nan,13.141024768,3.682828288,5.972471808,225.844350976,85.227933696,15.0,0.0,16,12.758269952000001
34.296678721904755,31.906077348066297,nan,13.141024768,3.682811904,5.972471808,225.844371456,85.227933696,16.0,0.0,16,12.758265856
34.31335158348084,32.04419889502762,nan,13.141024768,3.682811904,5.972471808,225.844375552,85.227933696,16.0,0.0,16,12.758777856
34.330021683375044,32.04419889502762,nan,13.141024768,3.682811904,5.972471808,225.84440832,85.227933696,16.0,0.0,16,12.760035327999999
34.3466910759608,32.04419889502762,nan,13.141024768,3.682811904,5.972471808,225.844412416,85.227933696,16.0,0.0,16,12.761059328
34.36336179574331,30.386740331491712,nan,13.141024768,3.682811904,5.978763264,225.844453376,85.227933696,15.0,0.0,16,12.763119615999997
34.38003317515055,30.386740331491712,nan,13.141024768,3.68283648,6.020706304,225.847578624,85.227933696,15.0,0.0,16,12.761776128000001
34.39670584599177,32.182320441988956,nan,13.141024768,3.682820096,6.020706304,225.848041472,85.227933696,16.0,0.0,16,12.761329663999998
34.41337653398514,32.32044198895028,nan,13.141024768,3.682820096,6.020706304,225.848045568,85.227933696,16.0,0.0,16,12.761325568
34.43004780213038,32.32044198895028,nan,13.141024768,3.682820096,6.020706304,225.848045568,85.227933696,16.0,0.0,16,12.761325568
34.44671884775162,32.32044198895028,nan,13.141024768,3.682820096,6.020706304,225.848242176,85.227933696,16.0,0.0,16,12.761128959999997
34.46338909069697,32.32044198895028,nan,13.141024768,3.682820096,6.020706304,225.848397824,85.227933696,16.0,0.0,16,12.760973311999997
34.48005932172139,32.4585635359116,nan,13.141024768,3.682820096,6.020706304,225.848397824,85.227933696,16.0,0.0,16,12.760973311999997
34.49673318862915,30.939226519337016,nan,13.141024768,3.68283648,6.020706304,225.848406016,85.227933696,15.0,0.0,16,12.761194496000002
34.51340565284093,32.32044198895028,nan,13.141024768,3.682824192,6.020706304,225.848451072,85.227933696,16.0,0.0,16,12.761161727999998
34.5300762852033,30.524861878453034,nan,13.141024768,3.682824192,6.020706304,225.848451072,85.227933696,15.0,0.0,16,12.761161727999998
34.54674958388011,30.524861878453034,nan,13.141024768,3.682824192,6.020706304,225.848459264,85.227933696,15.0,0.0,16,12.761153536000002
34.56342743635177,32.182320441988956,nan,13.141024768,3.682828288,6.020706304,225.848512512,85.227933696,16.0,0.0,16,12.761325568
34.58009995619456,30.66298342541437,nan,13.141024768,3.682828288,6.517731328,226.08695296,85.227933696,15.0,0.0,16,12.75652096
34.59677002032598,30.66298342541437,nan,13.141024768,3.682828288,6.532411392,226.367254528,85.227933696,15.0,0.0,16,12.775370752
34.61343917051951,32.32044198895028,nan,13.141024768,3.682828288,6.532411392,226.369708032,85.227933696,16.0,0.0,16,12.774559744000001
34.630108213424684,32.32044198895028,nan,13.141024768,3.682828288,6.532411392,226.369712128,85.227933696,16.0,0.0,16,12.774555648
34.64677936236064,32.4585635359116,nan,13.141024768,3.682828288,6.532411392,226.369712128,85.227933696,16.0,0.0,16,12.774555648
34.66345054308574,32.4585635359116,nan,13.141024768,3.682828288,6.532411392,226.369716224,85.227933696,16.0,0.0,16,12.774551552000002
34.68012540340423,28.729281767955804,nan,13.141024768,3.682828288,6.532411392,226.36998656,85.227933696,14.0,0.0,16,12.774281215999999
34.6967986702919,32.04419889502762,nan,13.141024768,3.682828288,6.532411392,226.370060288,85.227933696,16.0,0.0,16,12.765945856000002
34.713469020525615,32.04419889502762,nan,13.141024768,3.682828288,6.532411392,226.370084864,85.227933696,16.0,0.0,16,12.76592128
34.73014260927836,32.04419889502762,nan,13.141024768,3.682828288,6.532411392,226.37008896,85.227933696,16.0,0.0,16,12.765917184
34.7468156615893,32.04419889502762,nan,13.141024768,3.682828288,6.532411392,226.37008896,85.227933696,16.0,0.0,16,12.765917184
34.76349097092946,32.04419889502762,nan,13.141024768,3.682828288,6.532411392,226.370093056,85.227933696,16.0,0.0,16,12.765913088000001
34.78016644716263,32.04419889502762,nan,13.141024768,3.682828288,6.532411392,226.3701504,85.227933696,16.0,0.0,16,12.765855744
34.79684222539266,30.524861878453034,nan,13.141024768,3.682828288,6.532411392,226.370174976,85.227933696,15.0,0.0,16,12.765831168000002
34.8135146856308,30.386740331491712,nan,13.141024768,3.682828288,6.532411392,226.370183168,85.227933696,15.0,0.0,16,12.765822975999999
34.83019235531489,32.59668508287292,nan,13.141024768,3.682828288,6.532411392,226.370195456,85.227933696,16.0,0.0,16,12.765810687999998
34.846861612796786,32.32044198895028,nan,13.141024768,3.682828288,6.532411392,226.370203648,85.227933696,16.0,0.0,16,12.765802496
34.86353032986323,32.87292817679558,nan,13.141024768,3.682828288,6.532411392,226.370207744,85.227933696,16.0,0.0,16,12.765798400000001
34.88019920190175,32.4585635359116,nan,13.141024768,3.682828288,6.532411392,226.37021184,85.227933696,16.0,0.0,16,12.765794304
34.89686839183172,30.801104972375693,nan,13.141024768,3.682844672,6.55128576,226.370326528,85.227933696,15.0,0.0,16,12.763824128000003
34.9135378519694,32.4585635359116,nan,13.141024768,3.682828288,6.55128576,226.37033472,85.227933696,16.0,0.0,16,12.764086272
34.93020652135213,32.4585635359116,nan,13.141024768,3.682828288,6.55128576,226.370338816,85.227933696,16.0,0.0,16,12.764082176000002
34.946875460942586,32.4585635359116,nan,13.141024768,3.682828288,6.55128576,226.370342912,85.227933696,16.0,0.0,16,12.76407808
34.963545115788776,32.4585635359116,nan,13.141024768,3.682828288,6.55128576,226.370371584,85.227933696,16.0,0.0,16,12.764049408000002
34.98021503289541,30.66298342541437,nan,13.141024768,3.682844672,6.55128576,226.370371584,85.227933696,15.0,0.0,16,12.764033024
34.99688395659129,32.32044198895028,nan,13.141024768,3.682828288,6.55128576,226.370494464,85.227933696,16.0,0.0,16,12.764430336
35.01355738639832,33.149171270718234,nan,13.141024768,3.682828288,6.55128576,226.370494464,85.227933696,16.0,0.0,16,12.764430336
35.03022787173589,32.73480662983425,nan,13.141024768,3.682852864,6.55128576,226.370502656,85.227933696,16.0,0.0,16,12.764397568
35.046900256474814,30.939226519337016,nan,13.141024768,3.682861056,6.568062976,226.370506752,85.227933696,15.0,0.0,16,12.764643327999998
35.06356906890869,30.939226519337016,nan,13.141024768,3.682873344,6.570160128,226.370506752,85.227933696,15.0,0.0,16,12.766093311999999
35.080238278706865,30.939226519337016,nan,13.141024768,3.682873344,6.570160128,226.370510848,85.227933696,15.0,0.0,16,12.766089215999997
35.09690712292989,29.143646408839775,nan,13.141024768,3.682873344,6.570160128,226.37053952,85.227933696,14.0,0.0,16,12.765622271999998
35.11357730229695,29.558011049723753,nan,13.141024768,3.682889728,6.574354432,226.37058048,85.227933696,14.0,0.0,16,12.765564928
35.13025139172872,30.939226519337016,nan,13.141024768,3.682873344,6.574354432,226.370588672,85.227933696,15.0,0.0,16,12.765573119999999
35.1469275077184,30.939226519337016,nan,13.141024768,3.682873344,6.574354432,226.370592768,85.227933696,15.0,0.0,16,12.765569023999998
35.16360061566035,30.939226519337016,nan,13.141024768,3.682873344,6.574354432,226.370605056,85.227933696,15.0,0.0,16,12.765556736
35.180279211203256,30.939226519337016,nan,13.141024768,3.682873344,6.574354432,226.370609152,85.227933696,15.0,0.0,16,12.76555264
35.196953264872235,27.486187845303867,nan,13.141024768,3.68289792,6.576451584,226.376040448,85.227933696,13.0,0.0,16,12.770451456
35.21362699270249,30.801104972375693,nan,13.141024768,3.682881536,6.576451584,226.376323072,85.227933696,15.0,0.0,16,12.770185215999998
35.23030134439468,30.939226519337016,nan,13.141024768,3.682881536,6.576451584,226.376327168,85.227933696,15.0,0.0,16,12.77018112
35.24697819550832,30.939226519337016,nan,13.141024768,3.682881536,6.578548736,226.376327168,85.227933696,15.0,0.0,16,12.768083968000001
35.26365830898285,31.077348066298338,nan,13.141024768,3.682881536,6.578548736,226.37633536,85.227933696,15.0,0.0,16,12.768075775999998
35.280328253904976,31.077348066298338,nan,13.141024768,3.682881536,6.578548736,226.37633536,85.227933696,15.0,0.0,16,12.768075775999998
35.29700250228246,31.629834254143653,nan,13.141024768,3.682881536,6.578548736,226.376404992,85.227933696,15.0,0.0,16,12.767809536
35.31367493073146,31.21546961325967,nan,13.141024768,3.682881536,6.578548736,226.376429568,85.227933696,15.0,0.0,16,12.767784959999998
35.33034799098969,31.21546961325967,nan,13.141024768,3.682881536,6.578548736,226.376429568,85.227933696,15.0,0.0,16,12.767686656
35.34702036778132,31.21546961325967,nan,13.141024768,3.682881536,6.578548736,226.376429568,85.227933696,15.0,0.0,16,12.768460800000001
35.36369180281957,31.21546961325967,nan,13.141024768,3.682881536,6.578548736,226.376450048,85.227933696,15.0,0.0,16,12.768956416
35.380365097522734,31.21546961325967,nan,13.141024768,3.682881536,6.578548736,226.376450048,85.227933696,15.0,0.0,16,12.768956416
35.39704376061757,31.21546961325967,nan,13.141024768,3.682881536,6.578548736,226.376454144,85.227933696,15.0,0.0,16,12.768952319999999
35.413716705640155,31.21546961325967,nan,13.141024768,3.682881536,6.578548736,226.376462336,85.227933696,15.0,0.0,16,12.768944128
35.43038892745972,31.21546961325967,nan,13.141024768,3.682881536,6.578548736,226.376482816,85.227933696,15.0,0.0,16,12.768923648
35.447063032786055,29.281767955801108,nan,13.141024768,3.68289792,6.578548736,226.376486912,85.227933696,14.0,0.0,16,12.768903168000003
35.46373554468155,31.353591160220994,nan,13.141024768,3.682881536,6.578548736,226.376507392,85.227933696,15.0,0.0,16,12.768899071999998
35.48040614128113,31.353591160220994,nan,13.141024768,3.682881536,6.578548736,226.376511488,85.227933696,15.0,0.0,16,12.768894976
35.497080794970195,31.353591160220994,nan,13.141024768,3.682881536,6.578548736,226.376527872,85.227933696,15.0,0.0,16,12.768878591999998
35.51375678777695,31.353591160220994,nan,13.141024768,3.682881536,6.578548736,226.376527872,85.227933696,15.0,0.0,16,12.768878591999998
35.53043098052343,31.353591160220994,nan,13.141024768,3.682885632,6.578548736,226.37654016,85.227933696,15.0,0.0,16,12.769120255999999
35.54710736274719,31.353591160220994,nan,13.141024768,3.682885632,6.578548736,226.376577024,85.227933696,15.0,0.0,16,12.769083391999997
35.56377703348796,31.353591160220994,nan,13.141024768,3.682885632,6.578548736,226.376577024,85.227933696,15.0,0.0,16,12.769083391999997
35.58045010566711,31.353591160220994,nan,13.141024768,3.682885632,6.578548736,226.376605696,85.227933696,15.0,0.0,16,12.769054719999998
35.59712498585383,31.353591160220994,nan,13.141024768,3.682885632,6.578548736,226.376605696,85.227933696,15.0,0.0,16,12.769054719999998
35.61379985014597,27.209944751381222,nan,13.141024768,3.682902016,6.578548736,226.377121792,85.227933696,13.0,0.0,16,12.768522240000001
35.63047569990158,29.143646408839775,nan,13.141024768,3.682885632,6.578548736,226.37733888,85.227933696,14.0,0.0,16,12.772450303999998
35.64714835087458,29.143646408839775,nan,13.141024768,3.682902016,6.578548736,226.37733888,85.227933696,14.0,0.0,16,12.77243392
35.66381998062134,31.353591160220994,nan,13.141024768,3.682885632,6.578548736,226.377388032,85.227933696,15.0,0.0,16,12.772401151999999
35.68049196799596,31.353591160220994,nan,13.141024768,3.682885632,6.578548736,226.377396224,85.227933696,15.0,0.0,16,12.770574335999997
35.69716526667277,31.353591160220994,nan,13.141024768,3.682885632,6.578548736,226.377396224,85.227933696,15.0,0.0,16,12.770574335999997
35.71384371519089,31.353591160220994,nan,13.141024768,3.682885632,6.578548736,226.37740032,85.227933696,15.0,0.0,16,12.769984511999999
35.730519235134125,31.906077348066297,nan,13.141024768,3.682885632,6.578548736,226.377519104,85.227933696,15.0,0.0,16,12.769607679999998
35.747195184230804,31.629834254143653,nan,13.141024768,3.682885632,6.578548736,226.377539584,85.227933696,15.0,0.0,16,12.769587199999998
35.76386774381002,31.629834254143653,nan,13.141024768,3.682885632,6.578548736,226.377547776,85.227933696,15.0,0.0,16,12.769832959999997
35.780540545781456,31.629834254143653,nan,13.141024768,3.682885632,6.578548736,226.377547776,85.227933696,15.0,0.0,16,12.769832959999997
35.79721380074819,31.629834254143653,nan,13.141024768,3.682885632,6.578548736,226.377560064,85.227933696,15.0,0.0,16,12.769820672
35.81388446887334,31.629834254143653,nan,13.141024768,3.682885632,6.578548736,226.37758464,85.227933696,15.0,0.0,16,12.769796095999999
35.83055515289307,31.629834254143653,nan,13.141024768,3.682885632,6.578548736,226.37758464,85.227933696,15.0,0.0,16,12.769796095999999
35.847229333718616,31.629834254143653,nan,13.141024768,3.682902016,6.578548736,226.377588736,85.227933696,15.0,0.0,16,12.769775615999999
35.86390918493271,27.071823204419886,nan,13.141024768,3.682902016,6.578548736,226.37819904,85.227933696,13.0,0.0,16,12.770713599999999
35.88058245182037,29.143646408839775,nan,13.141024768,3.682885632,6.578548736,226.37850624,85.227933696,14.0,0.0,16,12.770422783999999
35.89725652933121,29.143646408839775,nan,13.141024768,3.682902016,6.578548736,226.37852672,85.227933696,14.0,0.0,16,12.770861056
35.91392907301585,31.353591160220994,nan,13.141024768,3.682885632,6.578548736,226.37852672,85.227933696,15.0,0.0,16,12.771651583999999
35.93060348033905,31.353591160220994,nan,13.141024768,3.682885632,6.578548736,226.378534912,85.227933696,15.0,0.0,16,12.772388863999998
35.94727479616801,29.41988950276243,nan,13.141024768,3.682885632,6.578548736,226.378543104,85.227933696,14.0,0.0,16,12.772380671999999
35.96394553581874,31.491712707182316,nan,13.141024768,3.682885632,6.578548736,226.378551296,85.227933696,15.0,0.0,16,12.77237248
35.98061873912811,31.491712707182316,nan,13.141024768,3.682885632,6.578548736,226.378620928,85.227933696,15.0,0.0,16,12.772532223999997
35.99729235569636,31.491712707182316,nan,13.141024768,3.682885632,6.578548736,226.378625024,85.227933696,15.0,0.0,16,12.772757504
36.01396576563517,31.491712707182316,nan,13.141024768,3.682885632,6.578548736,226.378625024,85.227933696,15.0,0.0,16,12.772757504
36.03063663641612,31.491712707182316,nan,13.141024768,3.682885632,6.578548736,226.37862912,85.227933696,15.0,0.0,16,12.772753407999998
36.04731152455012,31.491712707182316,nan,13.141024768,3.682885632,6.578548736,226.37862912,85.227933696,15.0,0.0,16,12.772753407999998
36.0639853477478,31.491712707182316,nan,13.141024768,3.682885632,6.578548736,226.378637312,85.227933696,15.0,0.0,16,12.772745215999999
36.08065677881241,31.491712707182316,nan,13.141024768,3.682885632,6.578548736,226.378653696,85.227933696,15.0,0.0,16,12.772728831999997
36.09732569456101,31.491712707182316,nan,13.141024768,3.682885632,6.578548736,226.378653696,85.227933696,15.0,0.0,16,12.772728831999997
36.113997014363605,31.491712707182316,nan,13.141024768,3.682885632,6.578548736,226.378657792,85.227933696,15.0,0.0,16,12.772724735999999
36.130674588680264,31.629834254143653,nan,13.141024768,3.682885632,6.578548736,226.378661888,85.227933696,15.0,0.0,16,12.772720639999998
36.14734760125478,28.03867403314917,nan,13.141024768,3.682902016,6.578548736,226.378661888,85.227933696,13.0,0.0,16,12.772704255999999
36.16401882171631,29.558011049723753,nan,13.141024768,3.682885632,6.584840192,226.378981376,85.227933696,14.0,0.0,16,12.764712959999999
36.18069127003352,29.558011049723753,nan,13.141024768,3.682885632,6.589034496,226.416877568,85.227933696,14.0,0.0,16,12.786528255999997
36.19736678202947,29.41988950276243,nan,13.141024768,3.682902016,6.595325952,226.457235456,85.227933696,14.0,0.0,16,12.787572736000001
36.21403931379318,31.353591160220994,nan,13.141024768,3.682885632,6.599520256,226.472333312,85.227933696,15.0,0.0,16,12.788977663999999
36.230716029802956,31.491712707182316,nan,13.141024768,3.682889728,6.645661696,226.4964096,85.227933696,15.0,0.0,16,12.790669311999999
36.247392451763154,29.143646408839775,nan,13.141024768,3.682889728,6.689701888,226.506678272,85.227933696,14.0,0.0,16,12.791721984
36.26406599283219,31.491712707182316,nan,13.141024768,3.682889728,6.721159168,226.512859136,85.227933696,15.0,0.0,16,12.791959552000002
36.28074097633362,31.491712707182316,nan,13.141024768,3.682889728,6.74422784,226.52350464,85.227933696,15.0,0.0,16,12.799668224000001
36.297412292162576,31.491712707182316,nan,13.141024768,3.682889728,6.74422784,226.524422144,85.227933696,15.0,0.0,16,12.798750720000001
36.31408493121465,31.491712707182316,nan,13.141024768,3.682889728,6.746324992,226.545586176,85.227933696,15.0,0.0,16,12.804714496
36.33075689474742,31.491712707182316,nan,13.141024768,3.682889728,6.746324992,226.5458688,85.227933696,15.0,0.0,16,12.804431872
36.34742852449417,31.491712707182316,nan,13.141024768,3.682889728,6.746324992,226.545872896,85.227933696,15.0,0.0,16,12.804284416
36.36409986813863,31.491712707182316,nan,13.141024768,3.682889728,6.746324992,226.545872896,85.227933696,15.0,0.0,16,12.812804096000002
36.380778177579245,31.906077348066297,nan,13.141024768,3.682889728,6.746324992,226.545881088,85.227933696,15.0,0.0,16,12.811751424000002
36.39744930267334,31.629834254143653,nan,13.141024768,3.682889728,6.750519296,226.585055232,85.227933696,15.0,0.0,16,12.813062144
36.41412703990936,31.629834254143653,nan,13.141024768,3.682889728,6.750519296,226.587127808,85.227933696,15.0,0.0,16,12.809400320000002
36.430799372990926,31.767955801104975,nan,13.141024768,3.682889728,6.38138368,226.441224192,85.227933696,15.0,0.0,16,12.800647168000001
36.447468996047974,32.32044198895028,nan,13.141024768,3.682902016,6.38138368,226.441224192,85.227933696,16.0,0.0,16,12.799045632000002
36.46414073308309,29.281767955801108,nan,13.141024768,3.6829184,6.38138368,226.441244672,85.227933696,14.0,0.0,16,12.798271487999997
36.48081427812576,32.32044198895028,nan,13.141024768,3.682902016,6.38138368,226.441289728,85.227933696,16.0,0.0,16,12.796420096000002
36.49748698075612,32.32044198895028,nan,13.141024768,3.682902016,6.38138368,226.441289728,85.227933696,16.0,0.0,16,12.796420096000002
36.51415864626566,32.59668508287292,nan,13.141024768,3.682902016,6.38138368,226.44129792,85.227933696,16.0,0.0,16,12.794548224
36.53082932233811,32.59668508287292,nan,13.141024768,3.682902016,6.38138368,226.441326592,85.227933696,16.0,0.0,16,12.794519552
36.54749848445257,30.801104972375693,nan,13.141024768,3.682902016,6.38138368,226.441326592,85.227933696,15.0,0.0,16,12.794519552
36.56417047182719,30.939226519337016,nan,13.141024768,3.682902016,6.389772288,226.441363456,85.227933696,15.0,0.0,16,12.793085952000002
36.580844990412395,30.24861878453039,nan,13.141024768,3.6829184,6.419136512,226.441363456,85.227933696,14.0,0.0,16,12.792926207999999
36.59751626253128,30.939226519337016,nan,13.141024768,3.682902016,6.421233664,226.44156416,85.227933696,15.0,0.0,16,12.790902784
36.61419136524201,30.939226519337016,nan,13.141024768,3.682902016,6.421233664,226.441568256,85.227933696,15.0,0.0,16,12.790898688000002
36.63086221615473,30.939226519337016,nan,13.141024768,3.682902016,6.423330816,226.441572352,85.227933696,15.0,0.0,16,12.792991744000002
36.64753511746724,32.87292817679558,nan,13.141024768,3.682902016,6.423330816,226.441633792,85.227933696,16.0,0.0,16,12.789460991999999
36.66420950492223,32.87292817679558,nan,13.141024768,3.682902016,6.423330816,226.441654272,85.227933696,16.0,0.0,16,12.789440511999999
36.68088303009669,32.87292817679558,nan,13.141024768,3.682902016,6.423330816,226.441654272,85.227933696,16.0,0.0,16,12.789440511999999
36.69755942424138,30.24861878453039,nan,13.141024768,3.6829184,6.423330816,226.461413376,85.227933696,15.0,0.0,16,12.789792768000002
36.714233593146005,28.45303867403315,nan,13.141024768,3.682934784,6.423330816,226.483273728,85.227933696,14.0,0.0,16,12.794908671999998
36.73090983629227,32.04419889502762,nan,13.141024768,3.6829184,6.423330816,226.483593216,85.227933696,16.0,0.0,16,12.794605567999998
36.74758301178614,31.767955801104975,nan,13.141024768,3.6829184,6.42752512,226.483662848,85.227933696,15.0,0.0,16,12.786827264000001
36.76425674359004,31.353591160220994,nan,13.141024768,3.6829184,6.492557312,226.484813824,85.227933696,15.0,0.0,16,12.784590848000004
36.78092639048894,32.04419889502762,nan,13.141024768,3.6829184,6.509334528,226.485829632,85.227933696,16.0,0.0,16,12.788256768
36.79759891430537,31.906077348066297,nan,13.141024768,3.6829184,6.509334528,226.485858304,85.227933696,16.0,0.0,16,12.788228096000001
36.81427035331726,31.906077348066297,nan,13.141024768,3.6829184,6.509334528,226.485858304,85.227933696,16.0,0.0,16,12.788228096000001
36.830944840113325,30.386740331491712,nan,13.141024768,3.682934784,6.509334528,226.486018048,85.227933696,15.0,0.0,16,12.788310016
36.84761751095454,31.767955801104975,nan,13.141024768,3.6829184,6.509334528,226.486018048,85.227933696,16.0,0.0,16,12.788326399999999
36.86429075400034,31.767955801104975,nan,13.141024768,3.6829184,6.509334528,226.486018048,85.227933696,16.0,0.0,16,12.788326399999999
36.88096561034521,29.972375690607734,nan,13.141024768,3.6829184,6.509334528,226.48641536,85.227933696,15.0,0.0,16,12.788441088000003
36.89764201641083,32.04419889502762,nan,13.141024768,3.6829184,6.509334528,226.486419456,85.227933696,16.0,0.0,16,12.788436991999998
36.91431509653727,32.04419889502762,nan,13.141024768,3.682926592,6.509334528,226.486575104,85.227933696,16.0,0.0,16,12.788015104
36.93099086682002,29.83425414364641,nan,13.141024768,3.682942976,6.509334528,226.486587392,85.227933696,15.0,0.0,16,12.787986432
36.94766113758087,32.182320441988956,nan,13.141024768,3.682926592,6.509334528,226.486587392,85.227933696,16.0,0.0,16,12.788232191999999
36.96432985464732,32.182320441988956,nan,13.141024768,3.682926592,6.509334528,226.487058432,85.227933696,16.0,0.0,16,12.788019199999997
36.98099870681763,32.182320441988956,nan,13.141024768,3.682926592,6.509334528,226.487058432,85.227933696,16.0,0.0,16,12.788535296
36.99767305056254,30.386740331491712,nan,13.141024768,3.682951168,6.509334528,226.487123968,85.227933696,15.0,0.0,16,12.788445184
37.01434342463811,32.59668508287292,nan,13.141024768,3.682942976,6.509334528,226.48713216,85.227933696,16.0,0.0,16,12.783046656
37.03101575374603,32.182320441988956,nan,13.141024768,3.682951168,6.509334528,226.48713216,85.227933696,16.0,0.0,16,12.783038464
37.047692660490675,32.182320441988956,nan,13.141024768,3.682951168,6.509334528,226.487156736,85.227933696,16.0,0.0,16,12.783013888
37.06436720291774,32.182320441988956,nan,13.141024768,3.682955264,6.51143168,226.487160832,85.227933696,16.0,0.0,16,12.785332223999998
37.081040823459624,32.182320441988956,nan,13.141024768,3.682955264,6.51143168,226.487164928,85.227933696,16.0,0.0,16,12.785328128
37.09771379629771,32.59668508287292,nan,13.141024768,3.682971648,6.51143168,226.487222272,85.227933696,16.0,0.0,16,12.7852544
37.114392530918124,32.32044198895028,nan,13.141024768,3.68295936,6.51143168,226.487226368,85.227933696,16.0,0.0,16,12.785262592000002
37.13106405735016,32.32044198895028,nan,13.141024768,3.68295936,6.51143168,226.487226368,85.227933696,16.0,0.0,16,12.785262592000002
37.147742482026416,31.629834254143653,nan,13.141024768,3.682975744,6.51143168,226.487242752,85.227933696,15.0,0.0,16,12.785229823999998
37.16441639661789,32.32044198895028,nan,13.141024768,3.68295936,6.51143168,226.487242752,85.227933696,16.0,0.0,16,12.785246207999997
37.18109130859375,30.24861878453039,nan,13.141024768,3.68295936,6.51143168,226.487263232,85.227933696,15.0,0.0,16,12.785225728
37.19776700337728,32.32044198895028,nan,13.141024768,3.682971648,6.51143168,226.487312384,85.227933696,16.0,0.0,16,12.785422336
37.21444096962611,32.32044198895028,nan,13.141024768,3.682983936,6.51143168,226.487312384,85.227933696,16.0,0.0,16,12.785410048
37.231113851070404,30.386740331491712,nan,13.141024768,3.68300032,6.51143168,226.487320576,85.227933696,15.0,0.0,16,12.785385471999998
37.247785584131876,32.32044198895028,nan,13.141024768,3.682983936,6.51143168,226.48735744,85.227933696,16.0,0.0,16,12.785364991999998
37.26445555289586,32.32044198895028,nan,13.141024768,3.682983936,6.51143168,226.48735744,85.227933696,16.0,0.0,16,12.785364991999998
37.281125942866005,30.939226519337016,nan,13.141024768,3.682983936,6.51143168,226.49411584,85.227933696,15.0,0.0,16,12.786606079999999
37.29779983361562,30.24861878453039,nan,13.141024768,3.682983936,6.51143168,226.494119936,85.227933696,15.0,0.0,16,12.786601984
37.31447436412176,32.32044198895028,nan,13.141024768,3.682983936,6.51143168,226.494128128,85.227933696,16.0,0.0,16,12.786823167999998
37.331145191192626,32.59668508287292,nan,13.141024768,3.682988032,6.51143168,226.494148608,85.227933696,16.0,0.0,16,12.786798591999997
37.347815759976704,30.801104972375693,nan,13.141024768,3.683008512,6.513532928,226.49448448,85.227933696,15.0,0.0,16,12.784340992
37.36448721090952,32.87292817679558,nan,13.141024768,3.682992128,6.513532928,226.494488576,85.227933696,16.0,0.0,16,12.784353280000001
37.38115976254145,32.87292817679558,nan,13.141024768,3.682992128,6.513532928,226.494644224,85.227933696,16.0,0.0,16,12.788305920000003
37.39782892068227,33.011049723756905,nan,13.141024768,3.682992128,6.513532928,226.494652416,85.227933696,16.0,0.0,16,12.788305920000003
37.41450247367223,29.83425414364641,nan,13.141024768,3.6830208,6.513532928,226.494754816,85.227933696,14.0,0.0,16,12.788174847999997
37.43117610216141,33.011049723756905,nan,13.141024768,3.683008512,6.513532928,226.494820352,85.227933696,16.0,0.0,16,12.7881216
37.44784913857778,30.939226519337016,nan,13.141024768,3.683024896,6.513532928,226.494824448,85.227933696,15.0,0.0,16,12.78810112
37.4645233909289,30.801104972375693,nan,13.141024768,3.683008512,6.513532928,226.49491456,85.227933696,15.0,0.0,16,12.788256768
37.481197742621106,33.011049723756905,nan,13.141024768,3.683008512,6.513532928,226.494918656,85.227933696,16.0,0.0,16,12.788506624
37.497875320911405,31.077348066298338,nan,13.141024768,3.683008512,6.513532928,226.49499648,85.227933696,15.0,0.0,16,12.788428799999998
37.514547395706174,32.59668508287292,nan,13.141024768,3.683008512,6.513532928,226.495053824,85.227933696,16.0,0.0,16,12.788600832
37.5312188188235,31.21546961325967,nan,13.141024768,3.683008512,6.534504448,226.495053824,85.227933696,15.0,0.0,16,12.78885888
37.547889339923856,32.59668508287292,nan,13.141024768,3.683008512,6.534504448,226.495062016,85.227933696,16.0,0.0,16,12.787380224
37.56456123987834,33.011049723756905,nan,13.141024768,3.6830208,6.542893056,226.495229952,85.227933696,16.0,0.0,16,12.787199999999999
37.58123259941737,32.73480662983425,nan,13.141024768,3.6830208,6.542893056,226.495229952,85.227933696,16.0,0.0,16,12.787199999999999
37.59790325164795,32.73480662983425,nan,13.141024768,3.6830208,6.542893056,226.495279104,85.227933696,16.0,0.0,16,12.787408895999999
37.61457574764888,32.73480662983425,nan,13.141024768,3.6830208,6.542893056,226.4952832,85.227933696,16.0,0.0,16,12.787404799999997
37.63124945958455,29.281767955801108,nan,13.141024768,3.683037184,6.542893056,226.49534464,85.227933696,14.0,0.0,16,12.787326976
37.64792314767838,33.011049723756905,nan,13.141024768,3.6830208,6.542893056,226.495418368,85.227933696,16.0,0.0,16,12.788043775999999
37.664596613248186,33.011049723756905,nan,13.141024768,3.6830208,6.542893056,226.495430656,85.227933696,16.0,0.0,16,12.788289535999997
37.68126955827077,32.59668508287292,nan,13.141024768,3.6830208,6.542893056,226.495602688,85.227933696,16.0,0.0,16,12.788117503999999
37.69794538418452,32.04419889502762,nan,13.141024768,3.68494592,6.542893056,226.495778816,85.227933696,16.0,0.0,16,12.790632448
37.714616473515825,31.767955801104975,nan,13.141024768,3.684933632,6.542893056,226.495782912,85.227933696,16.0,0.0,16,12.79064064
37.73128921588262,31.767955801104975,nan,13.141024768,3.684933632,6.542893056,226.495791104,85.227933696,16.0,0.0,16,12.790890496
37.747963682810465,24.861878453038678,nan,13.141024768,3.684950016,6.580641792,226.509709312,85.227933696,12.0,0.0,16,12.791259136000003
37.76463317871094,29.972375690607734,nan,13.141024768,3.684622336,6.73583104,226.554425344,85.227933696,15.0,0.0,16,12.789161984
37.781303362051645,32.04419889502762,nan,13.141024768,3.684622336,6.73583104,226.55442944,85.227933696,16.0,0.0,16,12.788908031999998
37.797978138923646,32.04419889502762,nan,13.141024768,3.684622336,6.73583104,226.55442944,85.227933696,16.0,0.0,16,12.788908031999998
37.81465054750443,30.66298342541437,nan,13.141024768,3.684622336,6.742122496,226.556358656,85.227933696,15.0,0.0,16,12.79111168
37.83132150570552,30.66298342541437,nan,13.141024768,3.68463872,6.77777408,226.556379136,85.227933696,15.0,0.0,16,12.789235712
37.847995579242706,30.386740331491712,nan,13.141024768,3.68463872,6.77777408,226.556391424,85.227933696,15.0,0.0,16,12.789223424
37.86466743151347,32.182320441988956,nan,13.141024768,3.684622336,6.77777408,226.55670272,85.227933696,16.0,0.0,16,12.789174272
37.88134163220723,33.149171270718234,nan,13.141024768,3.684622336,6.77777408,226.556719104,85.227933696,16.0,0.0,16,12.789157887999998
37.898015050093335,30.24861878453039,nan,13.141024768,3.684622336,6.77777408,226.556719104,85.227933696,15.0,0.0,16,12.789157887999998
37.914686040083566,30.386740331491712,nan,13.141024768,3.684622336,6.832300032,226.556755968,85.227933696,15.0,0.0,16,12.789121024
37.93136008580526,28.176795580110493,nan,13.141024768,3.684622336,6.832300032,226.556796928,85.227933696,14.0,0.0,16,12.789080064
37.94803227980932,25.96685082872928,nan,13.141024768,3.68463872,6.876348416,226.558304256,85.227933696,13.0,0.0,16,12.791451648000002
37.96470323403676,30.524861878453034,nan,13.141024768,3.684622336,6.876348416,226.558308352,85.227933696,15.0,0.0,16,12.791463936
37.98137665987015,32.59668508287292,nan,13.141024768,3.68467968,6.876348416,226.55832064,85.227933696,16.0,0.0,16,12.791394304
37.998047610123955,32.59668508287292,nan,13.141024768,3.684704256,6.876348416,226.558386176,85.227933696,16.0,0.0,16,12.791304192000002
38.01471966902415,32.59668508287292,nan,13.141024768,3.684708352,6.876348416,226.558390272,85.227933696,16.0,0.0,16,12.791295999999999
38.03139199018479,32.59668508287292,nan,13.141024768,3.684712448,6.876348416,226.558414848,85.227933696,16.0,0.0,16,12.791267328000004
38.04806814193726,30.801104972375693,nan,13.141024768,3.684712448,6.876348416,226.558509056,85.227933696,15.0,0.0,16,12.788875264000001
38.06474139293035,32.73480662983425,nan,13.141024768,3.684712448,6.876348416,226.558509056,85.227933696,16.0,0.0,16,12.788875264000001
38.08141027291616,32.73480662983425,nan,13.141024768,3.684712448,6.876348416,226.558513152,85.227933696,16.0,0.0,16,12.788871168000004
38.09808178742727,32.73480662983425,nan,13.141024768,3.684712448,6.876348416,226.558570496,85.227933696,16.0,0.0,16,12.788813824000002
38.11476007302602,32.73480662983425,nan,13.141024768,3.684712448,6.876348416,226.558570496,85.227933696,16.0,0.0,16,12.788813824000002
38.131429481506345,28.867403314917127,nan,13.141024768,3.684728832,6.876348416,226.558963712,85.227933696,14.0,0.0,16,12.789374976000001
38.14810207287471,32.87292817679558,nan,13.141024768,3.684724736,6.876348416,226.558976,85.227933696,16.0,0.0,16,12.789366784000002
38.164774390061694,32.87292817679558,nan,13.141024768,3.684724736,6.876348416,226.558976,85.227933696,16.0,0.0,16,12.789366784000002
38.18144689798355,31.629834254143653,nan,13.141024768,3.684724736,6.876348416,226.559029248,85.227933696,15.0,0.0,16,12.789313536000002
38.198116759459175,31.21546961325967,nan,13.141024768,3.684724736,6.876348416,226.559033344,85.227933696,15.0,0.0,16,12.78930944
38.214792382717135,31.21546961325967,nan,13.141024768,3.684724736,6.876348416,226.559033344,85.227933696,15.0,0.0,16,12.78930944
38.23146580855052,29.281767955801108,nan,13.141024768,3.684724736,6.876348416,226.55916032,85.227933696,14.0,0.0,16,12.789182464
38.248140339056654,31.353591160220994,nan,13.141024768,3.684724736,6.876348416,226.55916032,85.227933696,15.0,0.0,16,12.789182464
38.26481279532115,31.906077348066297,nan,13.141024768,3.684724736,6.876348416,226.55920128,85.227933696,15.0,0.0,16,12.789141504
38.28148456811905,31.491712707182316,nan,13.141024768,3.684724736,6.876348416,226.560057344,85.227933696,15.0,0.0,16,12.789059584
38.29815518458684,31.491712707182316,nan,13.141024768,3.684724736,6.876348416,226.56006144,85.227933696,15.0,0.0,16,12.789055488000002
38.31482793490092,33.011049723756905,nan,13.141024768,3.684724736,6.876348416,226.560077824,85.227933696,16.0,0.0,16,12.789039104
38.33149914344152,33.011049723756905,nan,13.141024768,3.684724736,6.876348416,226.560077824,85.227933696,16.0,0.0,16,12.789039104
38.34817490180333,33.011049723756905,nan,13.141024768,3.684724736,6.876348416,226.560086016,85.227933696,16.0,0.0,16,12.789030912000001
38.36484551827113,31.077348066298338,nan,13.141024768,3.684724736,6.878445568,226.569048064,85.227933696,15.0,0.0,16,12.786229248000001
38.38152480125427,33.42541436464088,nan,13.141024768,3.684724736,6.88054272,226.578096128,85.227933696,16.0,0.0,16,12.788568064
38.39819533824921,33.011049723756905,nan,13.141024768,3.684724736,6.88054272,226.57810432,85.227933696,16.0,0.0,16,12.793683968
38.414867508411405,33.011049723756905,nan,13.141024768,3.684724736,6.88054272,226.578108416,85.227933696,16.0,0.0,16,12.79295488
38.43153656323751,33.011049723756905,nan,13.141024768,3.684724736,6.88054272,226.578108416,85.227933696,16.0,0.0,16,12.79295488
38.448208014170326,33.011049723756905,nan,13.141024768,3.684724736,6.88054272,226.5791488,85.227933696,16.0,0.0,16,12.792688639999998
38.464878769715625,33.011049723756905,nan,13.141024768,3.684724736,6.88054272,226.579152896,85.227933696,16.0,0.0,16,12.792684544
38.48154925902684,31.491712707182316,nan,13.141024768,3.684724736,6.88054272,226.579255296,85.227933696,15.0,0.0,16,12.792582144
38.49822296301524,31.491712707182316,nan,13.141024768,3.68474112,6.88054272,226.579267584,85.227933696,15.0,0.0,16,12.792553472000002
38.51489373445511,33.011049723756905,nan,13.141024768,3.684724736,6.88054272,226.57927168,85.227933696,16.0,0.0,16,12.792565759999999
38.531564593315125,33.149171270718234,nan,13.141024768,3.684724736,6.88054272,226.57951744,85.227933696,16.0,0.0,16,12.79232
38.54823660850525,33.149171270718234,nan,13.141024768,3.684724736,6.88054272,226.57957888,85.227933696,16.0,0.0,16,12.793290752
38.56490828990936,33.28729281767956,nan,13.141024768,3.684724736,6.88054272,226.579582976,85.227933696,16.0,0.0,16,12.793286656
38.58157838185628,33.28729281767956,nan,13.141024768,3.684724736,6.88054272,226.579582976,85.227933696,16.0,0.0,16,12.793286656
38.598249856630964,33.28729281767956,nan,13.141024768,3.684724736,6.88054272,226.579587072,85.227933696,16.0,0.0,16,12.793282559999998
38.614920171101886,33.28729281767956,nan,13.141024768,3.684724736,6.88054272,226.579591168,85.227933696,16.0,0.0,16,12.793278464
38.6315905213356,33.28729281767956,nan,13.141024768,3.684724736,6.88054272,226.579595264,85.227933696,16.0,0.0,16,12.793274367999999
38.648264813423154,31.491712707182316,nan,13.141024768,3.684777984,6.88054272,226.579611648,85.227933696,15.0,0.0,16,12.793204736
38.664939844608305,33.28729281767956,nan,13.141024768,3.684769792,6.88054272,226.579615744,85.227933696,16.0,0.0,16,12.793208831999998
38.681609551111855,33.28729281767956,nan,13.141024768,3.684769792,6.88054272,226.57961984,85.227933696,16.0,0.0,16,12.793204735999996
38.698282976945244,31.767955801104975,nan,13.141024768,3.684769792,6.882639872,226.579623936,85.227933696,15.0,0.0,16,12.795297791999998
38.7149624188741,31.767955801104975,nan,13.141024768,3.684769792,6.884737024,226.580688896,85.227933696,15.0,0.0,16,12.792393728
38.7316409945488,31.629834254143653,nan,13.141024768,3.684814848,6.884737024,226.582478848,85.227933696,15.0,0.0,16,12.791848960000003
38.74831597407659,33.70165745856354,nan,13.141024768,3.684892672,6.884737024,226.584035328,85.227933696,16.0,0.0,16,12.798472192000002
38.764985418319704,33.28729281767956,nan,13.141024768,3.684909056,6.884737024,226.584039424,85.227933696,16.0,0.0,16,12.798451712000002
38.78165521621704,33.42541436464088,nan,13.141024768,3.684921344,6.884737024,226.58408448,85.227933696,16.0,0.0,16,12.798394368
38.798327600955965,33.42541436464088,nan,13.141024768,3.684933632,6.884737024,226.58420736,85.227933696,16.0,0.0,16,12.798488576
38.814998813470204,33.42541436464088,nan,13.141024768,3.684937728,6.884737024,226.584211456,85.227933696,16.0,0.0,16,12.798480383999998
38.831667840480804,33.42541436464088,nan,13.141024768,3.684954112,6.884737024,226.58435072,85.227933696,16.0,0.0,16,12.799176704
38.84834435383479,31.353591160220994,nan,13.141024768,3.6849664,6.884737024,226.584354816,85.227933696,15.0,0.0,16,12.799160319999999
38.865024320284526,33.70165745856354,nan,13.141024768,3.685126144,6.884737024,226.585550848,85.227933696,16.0,0.0,16,12.797575167999998
38.88169924815496,33.97790055248618,nan,13.141024768,3.685158912,6.884737024,226.58637824,85.227933696,16.0,0.0,16,12.796960768000002
38.898372681935626,33.70165745856354,nan,13.141024768,3.685154816,6.884737024,226.58637824,85.227933696,16.0,0.0,16,12.796964864
38.91504774490992,33.70165745856354,nan,13.141024768,3.685158912,6.884737024,226.586382336,85.227933696,16.0,0.0,16,12.796956672
38.93172736565272,33.70165745856354,nan,13.141024768,3.685158912,6.884737024,226.586386432,85.227933696,16.0,0.0,16,12.796952576000002
38.948400457700096,31.21546961325967,nan,13.141024768,3.685163008,6.884737024,226.586791936,85.227933696,15.0,0.0,16,12.796542976000001
38.96507798830668,29.558011049723753,nan,13.141024768,3.685163008,6.888931328,226.600538112,85.227933696,14.0,0.0,16,12.800311295999999
38.981751414140064,31.353591160220994,nan,13.141024768,3.685163008,6.888931328,226.601639936,85.227933696,15.0,0.0,16,12.799209472
38.998429302374525,29.005524861878452,nan,13.141024768,3.685163008,6.643183616,226.582859776,85.227933696,14.0,0.0,16,12.801224704000001
39.01510123809179,32.59668508287292,nan,13.141024768,3.685695488,6.643183616,226.582880256,85.227933696,16.0,0.0,16,12.801445887999998
39.031778220335646,32.04419889502762,nan,13.141024768,3.685679104,6.643183616,226.582884352,85.227933696,16.0,0.0,16,12.801458175999999
39.04844940503438,32.04419889502762,nan,13.141024768,3.685679104,6.643183616,226.582900736,85.227933696,16.0,0.0,16,12.801441792
39.06512046655019,32.59668508287292,nan,13.141024768,3.685679104,6.643183616,226.582962176,85.227933696,16.0,0.0,16,12.800790528000002
39.08179220755895,32.73480662983425,nan,13.141024768,3.685679104,6.643183616,226.582966272,85.227933696,16.0,0.0,16,12.800786431999997
39.09846544265747,32.32044198895028,nan,13.141024768,3.685679104,6.643183616,226.583044096,85.227933696,16.0,0.0,16,12.800708608000003
39.11514004071554,32.4585635359116,nan,13.141024768,3.685679104,6.643183616,226.583044096,85.227933696,16.0,0.0,16,12.800708608000003
39.13181206385295,30.386740331491712,nan,13.141024768,3.685679104,6.643183616,226.583048192,85.227933696,15.0,0.0,16,12.800704511999998
39.14848575592041,32.32044198895028,nan,13.141024768,3.685679104,6.643183616,226.583093248,85.227933696,16.0,0.0,16,12.800659456
39.16515967448552,30.66298342541437,nan,13.141024768,3.685679104,6.643183616,226.583130112,85.227933696,15.0,0.0,16,12.800622591999998
39.181832269827524,32.4585635359116,nan,13.141024768,3.685679104,6.643183616,226.583134208,85.227933696,16.0,0.0,16,12.800618496
39.19851051966349,29.281767955801108,nan,13.141024768,3.685679104,6.679257088,226.583412736,85.227933696,14.0,0.0,16,12.798050304
39.215183182557425,31.767955801104975,nan,13.141024768,3.685687296,6.735904768,226.584711168,85.227933696,15.0,0.0,16,12.792864767999998
39.23186059395472,32.73480662983425,nan,13.141024768,3.685687296,6.75897344,226.585915392,85.227933696,15.0,0.0,16,12.794015743999998
39.248530972003934,32.59668508287292,nan,13.141024768,3.685687296,6.75897344,226.585923584,85.227933696,16.0,0.0,16,12.794007551999998
39.2652076681455,30.66298342541437,nan,13.141024768,3.685687296,6.75897344,226.585972736,85.227933696,15.0,0.0,16,12.7939584
39.2818793574969,32.73480662983425,nan,13.141024768,3.685687296,6.75897344,226.586099712,85.227933696,16.0,0.0,16,12.794089471999998
39.29854974746704,32.87292817679558,nan,13.141024768,3.685687296,6.75897344,226.587082752,85.227933696,16.0,0.0,16,12.793106432
39.315224691232046,33.011049723756905,nan,13.141024768,3.685687296,6.75897344,226.587090944,85.227933696,16.0,0.0,16,12.793098239999997
39.331895144780475,33.011049723756905,nan,13.141024768,3.685687296,6.75897344,226.587152384,85.227933696,16.0,0.0,16,12.793036799999998
39.34856675465902,33.011049723756905,nan,13.141024768,3.685687296,6.75897344,226.58715648,85.227933696,16.0,0.0,16,12.793032704
39.3652425289154,33.011049723756905,nan,13.141024768,3.685687296,6.75897344,226.587160576,85.227933696,16.0,0.0,16,12.793028607999998
39.381917083263396,33.011049723756905,nan,13.141024768,3.685687296,6.75897344,226.587189248,85.227933696,16.0,0.0,16,12.792999936
39.39859679937363,33.011049723756905,nan,13.141024768,3.685687296,6.75897344,226.587357184,85.227933696,16.0,0.0,16,12.792831999999999
39.415267984072365,33.149171270718234,nan,13.141024768,3.685687296,6.75897344,226.58736128,85.227933696,16.0,0.0,16,12.793884671999999
39.43194346825282,33.149171270718234,nan,13.141024768,3.685687296,6.75897344,226.58736128,85.227933696,16.0,0.0,16,12.794155007999999
39.448614501953124,33.149171270718234,nan,13.141024768,3.685687296,6.75897344,226.587365376,85.227933696,16.0,0.0,16,12.794150911999997
39.46529364188512,27.486187845303867,nan,13.141024768,3.68570368,6.75897344,226.58738176,85.227933696,13.0,0.0,16,12.794118144
39.481966904799144,33.97790055248618,nan,13.141024768,3.68570368,6.75897344,226.587451392,85.227933696,16.0,0.0,16,12.794048512000002
39.498641872406004,33.42541436464088,nan,13.141024768,3.685687296,6.75897344,226.587455488,85.227933696,16.0,0.0,16,12.794060799999999
39.515311694145204,33.5635359116022,nan,13.141024768,3.685687296,6.75897344,226.587987968,85.227933696,16.0,0.0,16,12.793528319999998
39.53198395172755,33.5635359116022,nan,13.141024768,3.685687296,6.75897344,226.587987968,85.227933696,16.0,0.0,16,12.793528319999998
39.54865386486053,33.97790055248618,nan,13.141024768,3.685687296,6.75897344,226.588012544,85.227933696,16.0,0.0,16,12.793503743999997
39.5653272151947,31.353591160220994,nan,13.141024768,3.685687296,6.75897344,226.588147712,85.227933696,15.0,0.0,16,12.793368575999997
39.581999544302626,30.524861878453034,nan,13.141024768,3.68570368,6.75897344,226.59987456,85.227933696,14.0,0.0,16,12.797882368000002
39.59867591063182,31.21546961325967,nan,13.141024768,3.685687296,6.763167744,226.618351616,85.227933696,15.0,0.0,16,12.795678719999998
39.61534719467163,31.21546961325967,nan,13.141024768,3.685687296,6.767362048,226.634235904,85.227933696,15.0,0.0,16,12.796309504
39.6320272843043,31.21546961325967,nan,13.141024768,3.685687296,6.823985152,226.643890176,85.227933696,15.0,0.0,16,12.793397248000002
39.64869801600774,31.21546961325967,nan,13.141024768,3.685687296,6.838665216,226.643992576,85.227933696,15.0,0.0,16,12.795392
39.66537405649821,31.21546961325967,nan,13.141024768,3.685687296,6.840762368,226.64503296,85.227933696,15.0,0.0,16,12.797480959999998
39.682047911485036,31.21546961325967,nan,13.141024768,3.685687296,6.840762368,226.645291008,85.227933696,15.0,0.0,16,12.799287296
39.69871901671092,31.21546961325967,nan,13.141024768,3.68570368,5.92642048,226.295672832,85.227933696,15.0,0.0,16,12.790956032
39.715390841166176,31.767955801104975,nan,13.141024768,3.685687296,5.92642048,226.295676928,85.227933696,16.0,0.0,16,12.790968319999998
39.73206383784612,28.59116022099447,nan,13.141024768,3.685687296,5.92642048,226.295681024,85.227933696,14.0,0.0,16,12.790964224
39.748740537961325,29.69613259668509,nan,13.141024768,3.685687296,5.92642048,226.295791616,85.227933696,15.0,0.0,16,12.783722496
39.76541495720546,32.04419889502762,nan,13.141024768,3.685687296,5.92642048,226.303602688,85.227933696,16.0,0.0,16,12.779782143999999
39.78209207057953,32.04419889502762,nan,13.141024768,3.685687296,5.92642048,226.303606784,85.227933696,16.0,0.0,16,12.780007423999997
39.79876524607341,32.04419889502762,nan,13.141024768,3.685687296,5.92642048,226.303639552,85.227933696,16.0,0.0,16,12.779974655999997
39.81544358332952,30.24861878453039,nan,13.141024768,3.685687296,5.92642048,226.303643648,85.227933696,15.0,0.0,16,12.779970559999999
39.83211947282155,27.762430939226522,nan,13.141024768,3.685687296,5.92642048,226.304065536,85.227933696,14.0,0.0,16,12.780064767999999
39.848796093463896,30.939226519337016,nan,13.141024768,3.685687296,5.92642048,226.304897024,85.227933696,15.0,0.0,16,12.779749375999998
39.86547484397888,29.83425414364641,nan,13.141024768,3.685687296,5.525843968,226.305179648,85.227933696,14.0,0.0,16,12.782419968
39.882145504156746,30.939226519337016,nan,13.141024768,3.685687296,5.767020544,226.293133312,85.227933696,15.0,0.0,16,12.795867135999998
39.89881833791733,31.353591160220994,nan,13.141024768,3.68570368,5.767020544,226.293805056,85.227933696,16.0,0.0,16,12.795437056
39.91549016634623,31.077348066298338,nan,13.141024768,3.685687296,5.767020544,226.293805056,85.227933696,16.0,0.0,16,12.79545344
39.93216320673625,31.077348066298338,nan,13.141024768,3.685687296,5.767020544,226.293809152,85.227933696,16.0,0.0,16,12.795449343999998
39.94883561929067,28.867403314917127,nan,13.141024768,3.68570368,5.767020544,226.293825536,85.227933696,15.0,0.0,16,12.794339328
39.96550909678141,31.21546961325967,nan,13.141024768,3.685687296,5.767020544,226.293846016,85.227933696,16.0,0.0,16,12.792750079999998
39.98218144973119,31.21546961325967,nan,13.141024768,3.685687296,5.767020544,226.293878784,85.227933696,16.0,0.0,16,12.791328767999996
39.99885693391164,31.21546961325967,nan,13.141024768,3.685687296,5.767020544,226.29388288,85.227933696,16.0,0.0,16,12.790108159999999
40.015530149141945,31.21546961325967,nan,13.141024768,3.685687296,5.767020544,226.29388288,85.227933696,16.0,0.0,16,12.789837824
40.03220131794612,31.21546961325967,nan,13.141024768,3.685687296,5.767020544,226.293886976,85.227933696,16.0,0.0,16,12.789833727999998
40.048872888088226,31.353591160220994,nan,13.141024768,3.685687296,5.767020544,226.293891072,85.227933696,16.0,0.0,16,12.789829631999996
40.06554716825485,30.66298342541437,nan,13.141024768,3.68570368,5.794291712,226.294091776,85.227933696,15.0,0.0,16,12.779634688000002
40.08221997419993,29.69613259668509,nan,13.141024768,3.68570368,5.794291712,226.294099968,85.227933696,14.0,0.0,16,12.779626496000002
40.098893694082896,30.801104972375693,nan,13.141024768,3.685687296,5.85510912,226.2951936,85.227933696,15.0,0.0,16,12.776710144
40.115565073490146,30.801104972375693,nan,13.141024768,3.685687296,5.882372096,226.296807424,85.227933696,15.0,0.0,16,12.781387775999999
40.1322371284167,31.491712707182316,nan,13.141024768,3.685687296,5.882372096,226.296823808,85.227933696,16.0,0.0,16,12.781371391999997
40.148910391330716,31.491712707182316,nan,13.141024768,3.685687296,5.882372096,226.296827904,85.227933696,16.0,0.0,16,12.781367295999999
40.16558199723561,31.491712707182316,nan,13.141024768,3.685687296,5.882372096,226.296848384,85.227933696,16.0,0.0,16,12.781346816
40.18225322564443,30.524861878453034,nan,13.141024768,3.68570368,5.882372096,226.296864768,85.227933696,15.0,0.0,16,12.781314047999999
40.19892539978027,31.629834254143653,nan,13.141024768,3.685687296,5.882372096,226.296868864,85.227933696,16.0,0.0,16,12.781326336
40.21559798320134,31.629834254143653,nan,13.141024768,3.685687296,5.882372096,226.297442304,85.227933696,16.0,0.0,16,12.780752896
40.23226979970932,30.939226519337016,nan,13.141024768,3.68570368,5.882372096,226.29746688,85.227933696,15.0,0.0,16,12.780711936
40.24894246260325,32.04419889502762,nan,13.141024768,3.685687296,5.882372096,226.297483264,85.227933696,16.0,0.0,16,12.780711936
40.265613333384195,32.04419889502762,nan,13.141024768,3.685687296,5.882372096,226.29748736,85.227933696,16.0,0.0,16,12.780707839999998
40.282286914189655,30.110497237569056,nan,13.141024768,3.685687296,5.882372096,226.29748736,85.227933696,15.0,0.0,16,12.780707839999998
40.29895966847737,31.629834254143653,nan,13.141024768,3.685687296,5.882372096,226.297585664,85.227933696,16.0,0.0,16,12.780838911999997
40.31563289562861,31.629834254143653,nan,13.141024768,3.685687296,5.882372096,226.29758976,85.227933696,16.0,0.0,16,12.780834815999999
40.33230273326238,30.66298342541437,nan,13.141024768,3.68570368,5.882372096,226.297593856,85.227933696,15.0,0.0,16,12.780814335999999
40.348975308736165,31.629834254143653,nan,13.141024768,3.685687296,5.882372096,226.297597952,85.227933696,16.0,0.0,16,12.780826624
40.36564815044403,31.906077348066297,nan,13.141024768,3.68570368,5.882372096,226.297618432,85.227933696,16.0,0.0,16,12.780789760000001
40.38232328891754,31.629834254143653,nan,13.141024768,3.685687296,5.897089024,226.297634816,85.227933696,16.0,0.0,16,12.778655743999998
40.3989959081014,31.629834254143653,nan,13.141024768,3.685687296,5.897089024,226.297696256,85.227933696,16.0,0.0,16,12.778594303999999
40.41566874186198,30.524861878453034,nan,13.141024768,3.68570368,5.897089024,226.297745408,85.227933696,15.0,0.0,16,12.779560960000001
40.43234552939733,31.767955801104975,nan,13.141024768,3.685687296,5.897089024,226.297745408,85.227933696,16.0,0.0,16,12.782391296
40.44902056852977,31.767955801104975,nan,13.141024768,3.68570368,5.897089024,226.297749504,85.227933696,16.0,0.0,16,12.7828992
40.465693374474846,31.767955801104975,nan,13.141024768,3.68570368,5.897089024,226.297765888,85.227933696,16.0,0.0,16,12.782882816
40.482365604241686,32.182320441988956,nan,13.141024768,3.68570368,5.897089024,226.297782272,85.227933696,16.0,0.0,16,12.782866432000002
40.499039034048714,29.69613259668509,nan,13.141024768,3.685720064,5.897089024,226.297798656,85.227933696,15.0,0.0,16,12.782833663999998
40.5157116651535,31.906077348066297,nan,13.141024768,3.68570368,5.897089024,226.297802752,85.227933696,16.0,0.0,16,12.782845952000002
40.53238424062729,31.906077348066297,nan,13.141024768,3.68570368,5.897089024,226.297802752,85.227933696,16.0,0.0,16,12.782845952000002
40.54905803600947,31.906077348066297,nan,13.141024768,3.68570368,5.897089024,226.297810944,85.227933696,16.0,0.0,16,12.78283776
40.565731302897134,32.04419889502762,nan,13.141024768,3.68570368,5.897089024,226.29781504,85.227933696,16.0,0.0,16,12.782833664000002
40.582407180468245,32.04419889502762,nan,13.141024768,3.68570368,5.897089024,226.297819136,85.227933696,16.0,0.0,16,12.782829568
40.599080709616345,28.314917127071826,nan,13.141024768,3.685720064,5.897089024,226.297868288,85.227933696,14.0,0.0,16,12.782764032
40.6157532175382,30.939226519337016,nan,13.141024768,3.68570368,5.897089024,226.29787648,85.227933696,15.0,0.0,16,12.782772224000002
40.632426738739014,32.04419889502762,nan,13.141024768,3.68570368,5.897089024,226.306142208,85.227933696,16.0,0.0,16,12.782505984
40.64909933010737,32.87292817679558,nan,13.141024768,3.68570368,5.897089024,226.306371584,85.227933696,16.0,0.0,16,12.782276608
40.66577382087708,32.4585635359116,nan,13.141024768,3.68570368,5.897089024,226.30637568,85.227933696,16.0,0.0,16,12.782272512000002
40.68244663874308,32.4585635359116,nan,13.141024768,3.68570368,5.897089024,226.306379776,85.227933696,16.0,0.0,16,12.782268416
40.699119699001315,32.87292817679558,nan,13.141024768,3.685720064,5.897089024,226.30643712,85.227933696,16.0,0.0,16,12.782194688
40.71579212347667,32.59668508287292,nan,13.141024768,3.68570368,5.897089024,226.306441216,85.227933696,16.0,0.0,16,12.782206976000001
40.73246564865112,32.73480662983425,nan,13.141024768,3.68570368,5.897089024,226.306613248,85.227933696,16.0,0.0,16,12.782034944
40.74914116859436,32.73480662983425,nan,13.141024768,3.68570368,5.897089024,226.306613248,85.227933696,16.0,0.0,16,12.782034944
40.76581253608068,32.73480662983425,nan,13.141024768,3.68570368,5.897089024,226.306617344,85.227933696,16.0,0.0,16,12.782030848000002
40.78248562812805,30.110497237569056,nan,13.141024768,3.68570368,5.897089024,226.306625536,85.227933696,15.0,0.0,16,12.782022656000002
40.79915918509165,32.87292817679558,nan,13.141024768,3.68570368,5.897089024,226.306633728,85.227933696,16.0,0.0,16,12.782014464
40.81582980553309,32.87292817679558,nan,13.141024768,3.68570368,5.897089024,226.306637824,85.227933696,16.0,0.0,16,12.782010368000002
40.8325025955836,33.28729281767956,nan,13.141024768,3.685720064,5.897089024,226.306670592,85.227933696,16.0,0.0,16,12.781961216000003
40.849175401528676,33.149171270718234,nan,13.141024768,3.68570368,5.897089024,226.306670592,85.227933696,16.0,0.0,16,12.782170112
40.865848048528036,33.149171270718234,nan,13.141024768,3.68570368,5.897089024,226.306674688,85.227933696,16.0,0.0,16,12.782166016000001
40.8825232108434,33.149171270718234,nan,13.141024768,3.68570368,5.897089024,226.306719744,85.227933696,16.0,0.0,16,12.78212096
40.89919591347377,33.149171270718234,nan,13.141024768,3.68570368,5.897089024,226.30672384,85.227933696,16.0,0.0,16,12.782116864000002
40.91586848894755,31.906077348066297,nan,13.141024768,3.685720064,5.897089024,226.306740224,85.227933696,15.0,0.0,16,12.782084096000002
40.93254175186157,33.28729281767956,nan,13.141024768,3.68570368,5.897089024,226.30674432,85.227933696,16.0,0.0,16,12.782096384000003
40.949214120705925,33.28729281767956,nan,13.141024768,3.68570368,5.897089024,226.306748416,85.227933696,16.0,0.0,16,12.782092288000001
40.96589312553406,31.077348066298338,nan,13.141024768,3.68570368,5.897089024,226.32019968,85.227933696,15.0,0.0,16,12.784214016
40.98256770769755,33.149171270718234,nan,13.141024768,3.68570368,5.897089024,226.320654336,85.227933696,16.0,0.0,16,12.783759360000001
40.999249410629275,31.906077348066297,nan,13.141024768,3.685720064,5.897089024,226.320666624,85.227933696,15.0,0.0,16,12.783730688000002
41.01592495838801,33.28729281767956,nan,13.141024768,3.68570368,5.897089024,226.320666624,85.227933696,16.0,0.0,16,12.783747072
41.03259920676549,33.28729281767956,nan,13.141024768,3.68570368,5.897089024,226.32067072,85.227933696,16.0,0.0,16,12.783742976
41.04926966826121,33.28729281767956,nan,13.141024768,3.68570368,5.897089024,226.320678912,85.227933696,16.0,0.0,16,12.783734784
41.06594165960948,31.353591160220994,nan,13.141024768,3.68570368,6.014529536,226.425675776,85.227933696,15.0,0.0,16,12.798251007999998
41.08261593580246,29.281767955801108,nan,13.141024768,3.685720064,6.016626688,226.427482112,85.227933696,14.0,0.0,16,12.795105280000005
41.099298270543414,30.801104972375693,nan,13.141024768,3.68570368,6.020820992,226.441183232,85.227933696,15.0,0.0,16,12.795936768
41.11596983671188,30.801104972375693,nan,13.141024768,3.68570368,6.027112448,226.458124288,85.227933696,15.0,0.0,16,12.797448192000001
41.132641184329984,30.801104972375693,nan,13.141024768,3.68570368,6.0292096,226.477314048,85.227933696,15.0,0.0,16,12.796870656000001
41.14931432406107,30.801104972375693,nan,13.141024768,3.68570368,6.033403904,226.492690432,85.227933696,15.0,0.0,16,12.793688064000001
41.165992081165314,31.077348066298338,nan,13.141024768,3.68570368,6.106804224,226.497388544,85.227933696,15.0,0.0,16,12.794957824
41.18266452153524,31.077348066298338,nan,13.141024768,3.68570368,6.108901376,226.51101184,85.227933696,15.0,0.0,16,12.7937536
41.19934060573578,31.077348066298338,nan,13.141024768,3.68570368,6.110998528,226.516021248,85.227933696,15.0,0.0,16,12.792840192
41.216014798482256,31.077348066298338,nan,13.141024768,3.68570368,6.110998528,226.519445504,85.227933696,15.0,0.0,16,12.791480320000002
41.232691037654874,31.077348066298338,nan,13.141024768,3.68570368,5.481811968,226.448293888,85.227933696,15.0,0.0,15,12.515459072000002
41.249360891183215,29.143646408839775,nan,13.141024768,3.68570368,5.481811968,226.448314368,85.227933696,14.0,0.0,15,12.515438592000002
41.26603510777156,29.143646408839775,nan,13.141024768,3.685720064,5.481811968,226.459070464,85.227933696,14.0,0.0,15,12.512661504000004
41.2827095190684,31.353591160220994,nan,13.141024768,3.68570368,5.481811968,226.459070464,85.227933696,15.0,0.0,15,12.512677888000002
41.299383318424226,31.353591160220994,nan,13.141024768,3.68570368,5.481811968,226.45907456,85.227933696,15.0,0.0,15,12.512673792000001
41.31605807940165,31.353591160220994,nan,13.141024768,3.68570368,5.481811968,226.459078656,85.227933696,15.0,0.0,15,12.512669696000003
41.332730480035146,31.353591160220994,nan,13.141024768,3.68570368,5.481811968,226.459078656,85.227933696,15.0,0.0,15,12.512669696000003
41.349403043588005,31.353591160220994,nan,13.141024768,3.68570368,5.481811968,226.459082752,85.227933696,15.0,0.0,15,12.512665600000002
41.36607605616252,31.353591160220994,nan,13.141024768,3.68570368,5.481811968,226.459086848,85.227933696,15.0,0.0,15,12.512661504
41.3827477534612,31.353591160220994,nan,13.141024768,3.68570368,5.481811968,226.459086848,85.227933696,15.0,0.0,15,12.512661504
41.39942290782928,31.353591160220994,nan,13.141024768,3.68570368,5.481811968,226.459090944,85.227933696,15.0,0.0,15,12.512657408000003
41.41609553893407,31.353591160220994,nan,13.141024768,3.68570368,5.481811968,226.45909504,85.227933696,15.0,0.0,15,12.512653312000001
41.43276716470719,31.353591160220994,nan,13.141024768,3.68570368,5.481811968,226.45909504,85.227933696,15.0,0.0,15,12.512653312000001
41.449443777402244,29.143646408839775,nan,13.141024768,3.68570368,5.481811968,226.45968896,85.227933696,14.0,0.0,15,12.514111488000001
41.46611916224162,25.552486187845304,nan,13.141024768,3.685720064,5.481811968,226.461945856,85.227933696,12.0,0.0,15,12.520366079999999
41.482792337735496,32.59668508287292,nan,13.141024768,3.685720064,5.481811968,226.461958144,85.227933696,15.0,0.0,15,12.520353791999998
41.49946533441543,31.491712707182316,nan,13.141024768,3.68570368,5.481811968,226.46196224,85.227933696,15.0,0.0,15,12.520366080000002
41.51614096959432,31.491712707182316,nan,13.141024768,3.68570368,5.481811968,226.461966336,85.227933696,15.0,0.0,15,12.519792640000002
41.532812503973645,31.491712707182316,nan,13.141024768,3.68570368,5.481811968,226.461966336,85.227933696,15.0,0.0,15,12.518412288
41.54948589404424,31.491712707182316,nan,13.141024768,3.68570368,5.481811968,226.462097408,85.227933696,15.0,0.0,15,12.517072896000002
41.566157972812654,31.491712707182316,nan,13.141024768,3.68570368,5.481811968,226.462130176,85.227933696,15.0,0.0,15,12.516810752000001
41.582830516497296,31.491712707182316,nan,13.141024768,3.68570368,5.481811968,226.462130176,85.227933696,15.0,0.0,15,12.516810752000001
41.59950323899587,31.629834254143653,nan,13.141024768,3.68570368,5.481811968,226.462134272,85.227933696,15.0,0.0,15,12.516806656
41.61617594957352,31.629834254143653,nan,13.141024768,3.68570368,5.481811968,226.462138368,85.227933696,15.0,0.0,15,12.516802560000002
41.63284849325816,29.281767955801108,nan,13.141024768,3.68570368,5.538439168,226.568237056,85.227933696,14.0,0.0,15,12.531634176
41.64952347278595,29.41988950276243,nan,13.141024768,3.685720064,5.548924928,226.568331264,85.227933696,14.0,0.0,15,12.533850112000001
41.66619615952174,30.110497237569056,nan,13.141024768,3.68570368,5.548924928,226.568339456,85.227933696,14.0,0.0,15,12.529385472
41.682868508497876,28.314917127071826,nan,13.141024768,3.68570368,5.548924928,226.568818688,85.227933696,14.0,0.0,15,12.529164288000002
41.6995437224706,31.21546961325967,nan,13.141024768,3.68570368,5.548924928,226.568818688,85.227933696,15.0,0.0,15,12.529393663999999
41.716213742891945,31.21546961325967,nan,13.141024768,3.68570368,5.548924928,226.568822784,85.227933696,15.0,0.0,15,12.529389568000001
41.73288586139679,28.867403314917127,nan,13.141024768,3.68570368,5.548924928,226.568830976,85.227933696,14.0,0.0,15,12.529381376000002
41.749558039506276,31.21546961325967,nan,13.141024768,3.68570368,5.58247936,226.568835072,85.227933696,15.0,0.0,15,12.529377279999999
41.766230809688565,31.21546961325967,nan,13.141024768,3.68570368,5.58247936,226.568839168,85.227933696,15.0,0.0,15,12.529373184
41.78291038672129,31.21546961325967,nan,13.141024768,3.68570368,5.58247936,226.568896512,85.227933696,15.0,0.0,15,12.529315839999999
41.79958311319351,31.21546961325967,nan,13.141024768,3.68570368,5.58247936,226.568900608,85.227933696,15.0,0.0,15,12.529311744000001
41.816257588068645,31.21546961325967,nan,13.141024768,3.68570368,5.58247936,226.568904704,85.227933696,15.0,0.0,15,12.529307648
41.832929881413776,28.867403314917127,nan,13.141024768,3.68570368,5.58247936,226.568916992,85.227933696,14.0,0.0,15,12.529295359999999
41.849601753552754,31.21546961325967,nan,13.141024768,3.68570368,5.58247936,226.568916992,85.227933696,15.0,0.0,15,12.529295359999999
41.866275787353516,27.209944751381222,nan,13.141024768,3.685720064,5.586673664,226.568925184,85.227933696,13.0,0.0,15,12.529270784000001
41.88294896682103,31.21546961325967,nan,13.141024768,3.68570368,5.586673664,226.568937472,85.227933696,15.0,0.0,15,12.529274880000003
41.8996235926946,31.21546961325967,nan,13.141024768,3.68570368,5.586673664,226.568937472,85.227933696,15.0,0.0,15,12.529274880000003
41.91629744768143,31.21546961325967,nan,13.141024768,3.68570368,5.586673664,226.568941568,85.227933696,15.0,0.0,15,12.529270784000001
41.93297576506932,31.21546961325967,nan,13.141024768,3.68570368,5.586673664,226.568945664,85.227933696,15.0,0.0,15,12.529266688
41.949650033315024,31.353591160220994,nan,13.141024768,3.68570368,5.586673664,226.568945664,85.227933696,15.0,0.0,15,12.529266688
41.966323188940684,31.353591160220994,nan,13.141024768,3.68570368,5.586673664,226.569007104,85.227933696,15.0,0.0,15,12.529205248
41.98299645980199,31.353591160220994,nan,13.141024768,3.68570368,5.586673664,226.569015296,85.227933696,15.0,0.0,15,12.529197056000001
41.999675611654915,27.62430939226519,nan,13.141024768,3.685720064,5.586673664,226.569023488,85.227933696,13.0,0.0,15,12.529172480000003
42.016346955299376,31.21546961325967,nan,13.141024768,3.68570368,5.586673664,226.569035776,85.227933696,15.0,0.0,15,12.529176576000001
42.033019777139025,31.21546961325967,nan,13.141024768,3.68570368,5.586673664,226.569039872,85.227933696,15.0,0.0,15,12.52917248
42.049692233403526,28.314917127071826,nan,13.141024768,3.685720064,5.586673664,226.569060352,85.227933696,14.0,0.0,15,12.529389568000003
42.066366068522136,31.21546961325967,nan,13.141024768,3.68570368,5.586673664,226.569064448,85.227933696,15.0,0.0,15,12.528738304
42.083043638865156,30.110497237569056,nan,13.141024768,3.685720064,5.586673664,226.569109504,85.227933696,14.0,0.0,15,12.528676864000001
42.09971594413121,31.353591160220994,nan,13.141024768,3.68570368,5.586673664,226.569109504,85.227933696,15.0,0.0,15,12.528693248
42.116389485200244,31.353591160220994,nan,13.141024768,3.68570368,5.586673664,226.5691136,85.227933696,15.0,0.0,15,12.527431680000003
42.13306357860565,31.491712707182316,nan,13.141024768,3.68570368,5.586673664,226.569117696,85.227933696,15.0,0.0,15,12.527427584000002
42.14973698854446,31.491712707182316,nan,13.141024768,3.68570368,5.586673664,226.569117696,85.227933696,15.0,0.0,15,12.527427584000002
42.16641361316045,29.005524861878452,nan,13.141024768,3.685720064,5.586673664,226.56919552,85.227933696,13.0,0.0,15,12.527849472000003
42.18308360179265,28.59116022099447,nan,13.141024768,3.68572416,5.586673664,226.569203712,85.227933696,14.0,0.0,15,12.525953024
42.199759713808696,29.143646408839775,nan,13.141024768,3.685707776,5.586673664,226.569220096,85.227933696,14.0,0.0,15,12.525953024
42.2164341211319,30.386740331491712,nan,13.141024768,3.685720064,5.586673664,226.569220096,85.227933696,14.0,0.0,15,12.526170111999999
42.23310453097026,31.767955801104975,nan,13.141024768,3.685720064,5.586673664,226.569228288,85.227933696,15.0,0.0,15,12.526161920000003
42.24977811177572,31.767955801104975,nan,13.141024768,3.685720064,5.586673664,226.569244672,85.227933696,15.0,0.0,15,12.52384768
42.26645113229752,31.767955801104975,nan,13.141024768,3.685720064,5.586673664,226.569244672,85.227933696,15.0,0.0,15,12.52384768
42.28312897284825,32.182320441988956,nan,13.141024768,3.685736448,5.586673664,226.56929792,85.227933696,15.0,0.0,15,12.523778048
42.29980057875316,32.04419889502762,nan,13.141024768,3.685720064,5.586673664,226.569302016,85.227933696,15.0,0.0,15,12.523790336000001
42.31647473573685,31.906077348066297,nan,13.141024768,3.685998592,5.586673664,226.569383936,85.227933696,15.0,0.0,15,12.521615359999998
42.33314712047577,31.906077348066297,nan,13.141024768,3.685998592,5.586673664,226.569388032,85.227933696,15.0,0.0,15,12.521869312
42.349823864301044,32.04419889502762,nan,13.141024768,3.685998592,5.586673664,226.569392128,85.227933696,15.0,0.0,15,12.521865215999998
42.366499642531075,32.04419889502762,nan,13.141024768,3.685998592,5.586673664,226.569392128,85.227933696,15.0,0.0,15,12.521865215999998
42.38317368427912,29.005524861878452,nan,13.141024768,3.685998592,5.609742336,226.587103232,85.227933696,14.0,0.0,15,12.516745216
42.39984536965688,30.801104972375693,nan,13.141024768,3.686019072,5.643296768,226.60491264,85.227933696,14.0,0.0,15,12.532269056
42.41651700735092,32.182320441988956,nan,13.141024768,3.686002688,5.643296768,226.604924928,85.227933696,15.0,0.0,15,12.532273152000002
42.43318999210994,32.32044198895028,nan,13.141024768,3.686002688,5.643296768,226.604929024,85.227933696,15.0,0.0,15,12.523728896000001
42.449861431121825,32.32044198895028,nan,13.141024768,3.686002688,5.643296768,226.60493312,85.227933696,15.0,0.0,15,12.522184704
42.46653381983439,32.32044198895028,nan,13.141024768,3.686002688,5.643296768,226.60493312,85.227933696,15.0,0.0,15,12.525010944000002
42.48321236371994,32.32044198895028,nan,13.141024768,3.686002688,5.643296768,226.60497408,85.227933696,15.0,0.0,15,12.525428736000002
42.49988688230515,32.32044198895028,nan,13.141024768,3.686002688,5.643296768,226.604978176,85.227933696,15.0,0.0,15,12.524077056000003
42.51655902862549,33.149171270718234,nan,13.141024768,3.686002688,5.643296768,226.604990464,85.227933696,15.0,0.0,15,12.524797952000004
42.533235398928326,32.32044198895028,nan,13.141024768,3.686002688,5.643296768,226.60499456,85.227933696,15.0,0.0,15,12.524793856000002
42.54991031090419,29.83425414364641,nan,13.141024768,3.686019072,5.643296768,226.605268992,85.227933696,14.0,0.0,15,12.523708416000002
42.566583796342215,32.32044198895028,nan,13.141024768,3.686002688,5.643296768,226.605268992,85.227933696,15.0,0.0,15,12.523724800000004
42.58325885931651,32.32044198895028,nan,13.141024768,3.686002688,5.643296768,226.605277184,85.227933696,15.0,0.0,15,12.523974656000004
42.59993041753769,32.32044198895028,nan,13.141024768,3.686002688,5.643296768,226.605285376,85.227933696,15.0,0.0,15,12.523966464
42.61660893758138,32.32044198895028,nan,13.141024768,3.686002688,5.643296768,226.605285376,85.227933696,15.0,0.0,15,12.523966464
42.633282701174416,32.32044198895028,nan,13.141024768,3.686002688,5.643296768,226.605293568,85.227933696,15.0,0.0,15,12.523999232000001
42.64995179176331,32.4585635359116,nan,13.141024768,3.686002688,5.643296768,226.605297664,85.227933696,15.0,0.0,15,12.523315200000003
42.666628404458365,31.21546961325967,nan,13.141024768,3.686019072,5.643296768,226.605309952,85.227933696,14.0,0.0,15,12.522246144
42.683302982648215,32.73480662983425,nan,13.141024768,3.686002688,5.643296768,226.605314048,85.227933696,15.0,0.0,15,12.522258432000001
42.699976340929666,32.73480662983425,nan,13.141024768,3.686002688,5.643296768,226.605326336,85.227933696,15.0,0.0,15,12.521398272000003
42.716649838288625,32.73480662983425,nan,13.141024768,3.686002688,5.643296768,226.605330432,85.227933696,15.0,0.0,15,12.521623552000001
42.73331900437673,32.87292817679558,nan,13.141024768,3.686002688,5.643296768,226.605330432,85.227933696,15.0,0.0,15,12.521623552000001
42.74999265670776,32.87292817679558,nan,13.141024768,3.686002688,5.643296768,226.605334528,85.227933696,15.0,0.0,15,12.521619456000003
42.766665887832644,32.4585635359116,nan,13.141024768,3.686002688,5.643296768,226.605420544,85.227933696,15.0,0.0,15,12.521533440000002
42.78334098656972,32.4585635359116,nan,13.141024768,3.686002688,5.643296768,226.605420544,85.227933696,15.0,0.0,15,12.521533440000002
42.800013999144234,32.4585635359116,nan,13.141024768,3.686002688,5.643296768,226.60542464,85.227933696,15.0,0.0,15,12.521529344000001
42.81668499310811,32.4585635359116,nan,13.141024768,3.686002688,5.643296768,226.605428736,85.227933696,15.0,0.0,15,12.521525248000003
42.83335867325465,32.59668508287292,nan,13.141024768,3.686002688,5.643296768,226.605428736,85.227933696,15.0,0.0,15,12.521525248000003
42.8500293413798,32.59668508287292,nan,13.141024768,3.686002688,5.643296768,226.605453312,85.227933696,15.0,0.0,15,12.521500672000002
42.86670256455739,32.59668508287292,nan,13.141024768,3.686002688,5.643296768,226.605457408,85.227933696,15.0,0.0,15,12.521496576000004
42.88337621291478,32.59668508287292,nan,13.141024768,3.686002688,5.643296768,226.605457408,85.227933696,15.0,0.0,15,12.521496576000004
42.9000488003095,29.558011049723753,nan,13.141024768,3.686002688,5.64539392,226.606678016,85.227933696,14.0,0.0,15,12.521123840000001
42.916723906993866,29.69613259668509,nan,13.141024768,3.686002688,5.68733696,226.607628288,85.227933696,14.0,0.0,15,12.521979904000002
42.93339374065399,29.69613259668509,nan,13.141024768,3.686002688,5.68733696,226.607628288,85.227933696,14.0,0.0,15,12.526174208
42.95006628433863,27.209944751381222,nan,13.141024768,3.686002688,5.68733696,226.607632384,85.227933696,13.0,0.0,15,12.526170112000003
42.96674517393112,27.209944751381222,nan,13.141024768,3.686019072,5.725085696,226.643574784,85.227933696,13.0,0.0,15,12.522725376
42.98341681957245,29.69613259668509,nan,13.141024768,3.686002688,5.725085696,226.643574784,85.227933696,14.0,0.0,15,12.522741760000002
43.00009378194809,28.176795580110493,nan,13.141024768,3.686002688,5.725085696,226.64368128,85.227933696,13.0,0.0,15,12.522635264000002
43.01676686604818,29.69613259668509,nan,13.141024768,3.686002688,5.727182848,226.643697664,85.227933696,14.0,0.0,15,12.524716032000002
43.03344207604726,29.69613259668509,nan,13.141024768,3.686002688,5.727182848,226.643697664,85.227933696,14.0,0.0,15,12.524716032000002
43.05011523962021,29.69613259668509,nan,13.141024768,3.686002688,5.727182848,226.643759104,85.227933696,14.0,0.0,15,12.524654592000003
43.06679149866104,27.209944751381222,nan,13.141024768,3.686002688,5.228044288,226.625245184,85.227933696,13.0,0.0,14,12.499918848000004
43.08346529404322,29.69613259668509,nan,13.141024768,3.686002688,5.228044288,226.62524928,85.227933696,14.0,0.0,14,12.242587648
43.100140762329104,29.69613259668509,nan,13.141024768,3.686002688,5.228044288,226.625253376,85.227933696,14.0,0.0,14,12.242104320000003
43.116814124584195,29.69613259668509,nan,13.141024768,3.686002688,5.228044288,226.625257472,85.227933696,14.0,0.0,14,12.242100224000001
43.13348649342855,29.558011049723753,nan,13.141024768,3.686002688,5.228044288,226.625363968,85.227933696,14.0,0.0,14,12.241956864000002
43.150159168243405,29.281767955801108,nan,13.141024768,3.686002688,5.228044288,226.625368064,85.227933696,14.0,0.0,14,12.241952768
43.16683266957601,29.281767955801108,nan,13.141024768,3.686002688,5.228044288,226.62537216,85.227933696,14.0,0.0,14,12.241948672000003
43.183507867654164,29.41988950276243,nan,13.141024768,3.686002688,5.228044288,226.62537216,85.227933696,14.0,0.0,14,12.241948672000003
43.20018087625503,29.41988950276243,nan,13.141024768,3.686002688,5.228044288,226.625380352,85.227933696,14.0,0.0,14,12.24194048
43.216860016187034,29.558011049723753,nan,13.141024768,3.686002688,5.228044288,226.625384448,85.227933696,14.0,0.0,14,12.241936384000002
43.23353247642517,29.558011049723753,nan,13.141024768,3.686002688,5.228044288,226.625384448,85.227933696,14.0,0.0,14,12.241936384000002
43.250207765897116,29.558011049723753,nan,13.141024768,3.686002688,5.228044288,226.62539264,85.227933696,14.0,0.0,14,12.241928192000003
43.266880774497984,29.558011049723753,nan,13.141024768,3.686002688,5.228044288,226.625396736,85.227933696,14.0,0.0,14,12.241924096000002
43.28355705340703,30.110497237569056,nan,13.141024768,3.686002688,5.228044288,226.625396736,85.227933696,14.0,0.0,14,12.241924096000002
43.300229569276176,29.69613259668509,nan,13.141024768,3.686002688,5.228044288,226.625400832,85.227933696,14.0,0.0,14,12.24192
43.31690229574839,29.69613259668509,nan,13.141024768,3.686002688,5.228044288,226.625404928,85.227933696,14.0,0.0,14,12.241915904000003
43.33357181549072,29.69613259668509,nan,13.141024768,3.686002688,5.228044288,226.625409024,85.227933696,14.0,0.0,14,12.241911808000001
43.35024491151174,29.69613259668509,nan,13.141024768,3.686002688,5.228044288,226.625409024,85.227933696,14.0,0.0,14,12.241911808000001
43.36691761016846,29.69613259668509,nan,13.141024768,3.686002688,5.228044288,226.62541312,85.227933696,14.0,0.0,14,12.241907712000003
43.38359030485153,28.03867403314917,nan,13.141024768,3.686002688,5.228044288,226.625417216,85.227933696,13.0,0.0,14,12.241903616000002
43.400263369083405,28.03867403314917,nan,13.141024768,3.686002688,5.27208448,226.62637568,85.227933696,13.0,0.0,14,12.243042304000003
43.41693657239278,28.03867403314917,nan,13.141024768,3.686019072,5.305643008,226.628091904,85.227933696,13.0,0.0,14,12.237111295999998
43.43361007372538,29.69613259668509,nan,13.141024768,3.686002688,5.305643008,226.628112384,85.227933696,14.0,0.0,14,12.235747328000002
43.450282430648805,29.69613259668509,nan,13.141024768,3.686002688,5.305643008,226.628112384,85.227933696,14.0,0.0,14,12.235747328000002
43.46695730288823,29.69613259668509,nan,13.141024768,3.686002688,5.305643008,226.62815744,85.227933696,14.0,0.0,14,12.235702272000001
43.48362648884456,29.69613259668509,nan,13.141024768,3.686002688,5.305643008,226.628161536,85.227933696,14.0,0.0,14,12.235169792
43.50030051867167,29.69613259668509,nan,13.141024768,3.686002688,5.305643008,226.628206592,85.227933696,14.0,0.0,14,12.236382208000002
43.51697487831116,29.69613259668509,nan,13.141024768,3.686002688,5.305643008,226.628210688,85.227933696,14.0,0.0,14,12.236378112
43.53364762067795,27.762430939226522,nan,13.141024768,3.686019072,5.305643008,226.628255744,85.227933696,13.0,0.0,14,12.236316671999997
43.550323824087776,29.558011049723753,nan,13.141024768,3.686002688,5.305643008,226.628255744,85.227933696,14.0,0.0,14,12.236333056
43.566996677716574,29.558011049723753,nan,13.141024768,3.686002688,5.305643008,226.62828032,85.227933696,14.0,0.0,14,12.236308480000002
43.58366906245549,29.558011049723753,nan,13.141024768,3.686002688,5.305643008,226.628284416,85.227933696,14.0,0.0,14,12.236304384
43.60034163395564,29.83425414364641,nan,13.141024768,3.686019072,5.305643008,226.628333568,85.227933696,14.0,0.0,14,12.236238848
43.61701486508051,29.558011049723753,nan,13.141024768,3.686002688,5.305643008,226.628337664,85.227933696,14.0,0.0,14,12.236251136
43.63368986447652,29.558011049723753,nan,13.141024768,3.686002688,5.305643008,226.62834176,85.227933696,14.0,0.0,14,12.236247040000002
43.65036333401998,29.558011049723753,nan,13.141024768,3.686002688,5.305643008,226.62834176,85.227933696,14.0,0.0,14,12.236247040000002
43.667036426067355,29.69613259668509,nan,13.141024768,3.686002688,5.305643008,226.628345856,85.227933696,14.0,0.0,14,12.236242944
43.68370925188064,29.83425414364641,nan,13.141024768,3.686002688,5.305643008,226.628374528,85.227933696,14.0,0.0,14,12.236214272000002
43.70038208961487,29.83425414364641,nan,13.141024768,3.686002688,5.305643008,226.628374528,85.227933696,14.0,0.0,14,12.236214272000002
43.71705742677053,29.83425414364641,nan,13.141024768,3.686002688,5.305643008,226.628378624,85.227933696,14.0,0.0,14,12.236210176
43.733728830019636,29.83425414364641,nan,13.141024768,3.686002688,5.305643008,226.62838272,85.227933696,14.0,0.0,14,12.236206080000002
43.75040147304535,29.83425414364641,nan,13.141024768,3.686002688,5.305643008,226.62838272,85.227933696,14.0,0.0,14,12.236206080000002
43.76707408030828,27.348066298342545,nan,13.141024768,3.686002688,5.305643008,226.628448256,85.227933696,13.0,0.0,14,12.236140544000001
43.783746898174286,30.24861878453039,nan,13.141024768,3.686019072,5.305643008,226.628456448,85.227933696,14.0,0.0,14,12.236115968
43.800423423449196,29.972375690607734,nan,13.141024768,3.686002688,5.305643008,226.628460544,85.227933696,14.0,0.0,14,12.236128256
43.81709648768107,29.972375690607734,nan,13.141024768,3.686002688,5.305643008,226.62846464,85.227933696,14.0,0.0,14,12.23612416
43.833768856525424,29.972375690607734,nan,13.141024768,3.686002688,5.305643008,226.628468736,85.227933696,14.0,0.0,14,12.236120064000001
43.850440625349684,30.110497237569056,nan,13.141024768,3.686002688,5.305643008,226.628521984,85.227933696,14.0,0.0,14,12.236066816000001
43.867113355795546,30.110497237569056,nan,13.141024768,3.686002688,5.305643008,226.62852608,85.227933696,14.0,0.0,14,12.23606272
43.883787071704866,30.110497237569056,nan,13.141024768,3.686002688,5.305643008,226.628530176,85.227933696,14.0,0.0,14,12.236058624000002
43.900460127989454,30.110497237569056,nan,13.141024768,3.686002688,5.305643008,226.631626752,85.227933696,14.0,0.0,14,12.232962048000001
43.91713280280431,30.110497237569056,nan,13.141024768,3.686002688,5.305643008,226.632134656,85.227933696,14.0,0.0,14,12.232712192000001
43.93380796114604,30.110497237569056,nan,13.141024768,3.686002688,5.305643008,226.632138752,85.227933696,14.0,0.0,14,12.232708096
43.950481084982556,30.110497237569056,nan,13.141024768,3.686002688,5.305643008,226.632138752,85.227933696,14.0,0.0,14,12.232708096
43.96715386311213,30.110497237569056,nan,13.141024768,3.686002688,5.305643008,226.632142848,85.227933696,14.0,0.0,14,12.232704000000002
43.98382627169291,30.110497237569056,nan,13.141024768,3.686002688,5.305643008,226.632146944,85.227933696,14.0,0.0,14,12.232699904
44.000499371687575,30.110497237569056,nan,13.141024768,3.686002688,5.305643008,226.637275136,85.227933696,14.0,0.0,14,12.235571200000003
44.017174422740936,30.110497237569056,nan,13.141024768,3.686002688,5.305643008,226.637279232,85.227933696,14.0,0.0,14,12.235567104000001
44.03384693066279,30.110497237569056,nan,13.141024768,3.686002688,5.305643008,226.637283328,85.227933696,14.0,0.0,14,12.235563008
44.05051918824514,30.110497237569056,nan,13.141024768,3.686002688,5.305643008,226.637283328,85.227933696,14.0,0.0,14,12.235563008
44.06719168424606,30.110497237569056,nan,13.141024768,3.686002688,5.305643008,226.637287424,85.227933696,14.0,0.0,14,12.235558912000002
44.08386796315511,29.83425414364641,nan,13.141024768,3.686002688,5.309837312,226.637344768,85.227933696,14.0,0.0,14,12.236017664000002
44.10054079294205,29.83425414364641,nan,13.141024768,3.686002688,5.309837312,226.637438976,85.227933696,14.0,0.0,14,12.235923456000002
44.11721337238948,29.972375690607734,nan,13.141024768,3.686002688,5.309837312,226.637443072,85.227933696,14.0,0.0,14,12.235919360000004
44.13389385143916,29.972375690607734,nan,13.141024768,3.686002688,5.309837312,226.637447168,85.227933696,14.0,0.0,14,12.235915264000003
44.1505670428276,27.348066298342545,nan,13.141024768,3.686002688,5.309837312,226.637447168,85.227933696,13.0,0.0,14,12.235915264000003
44.16723820765813,27.486187845303867,nan,13.141024768,3.686002688,5.32871168,226.637586432,85.227933696,13.0,0.0,14,12.229484544000004
44.18391163746516,27.486187845303867,nan,13.141024768,3.686002688,5.332905984,226.637590528,85.227933696,13.0,0.0,14,12.233674752000002
44.200585305690765,27.486187845303867,nan,13.141024768,3.686002688,5.337100288,226.637590528,85.227933696,13.0,0.0,14,12.233674752
44.21725797653198,27.486187845303867,nan,13.141024768,3.686002688,5.337100288,226.637594624,85.227933696,13.0,0.0,14,12.233670656000003
44.23393155733744,27.486187845303867,nan,13.141024768,3.686002688,5.33919744,226.63759872,85.227933696,13.0,0.0,14,12.235763712
44.25060364802678,27.62430939226519,nan,13.141024768,3.686002688,5.341294592,226.637635584,85.227933696,13.0,0.0,14,12.233629696000001
44.26727652947108,30.66298342541437,nan,13.141024768,3.686002688,5.341294592,226.637647872,85.227933696,14.0,0.0,14,12.233617408
44.28394869168599,30.386740331491712,nan,13.141024768,3.686002688,5.341294592,226.637651968,85.227933696,14.0,0.0,14,12.233613312
44.30062921444575,26.933701657458563,nan,13.141024768,3.686027264,5.341294592,226.637651968,85.496369152,13.0,0.0,14,12.235653119999998
44.317302358150485,26.933701657458563,nan,13.141024768,3.686023168,5.341294592,226.637828096,86.05001728,13.0,0.0,14,12.238245887999998
44.33397577603658,28.03867403314917,nan,13.141024768,3.686027264,5.341294592,226.637836288,86.05001728,14.0,0.0,14,12.238233600000001
44.35064883629481,29.143646408839775,nan,13.141024768,3.686027264,5.341294592,226.637836288,86.05001728,14.0,0.0,14,12.238233600000001
44.36731897592544,29.005524861878452,nan,13.141024768,3.68601088,5.341294592,226.637840384,86.05001728,14.0,0.0,14,12.238245887999998
44.3839914282163,29.143646408839775,nan,13.141024768,3.68601088,5.341294592,226.63784448,86.05001728,14.0,0.0,14,12.238241791999997
44.40066398779551,29.281767955801108,nan,13.141024768,3.68601088,5.341294592,226.637852672,86.05001728,14.0,0.0,14,12.238233599999997
44.41734534104665,29.281767955801108,nan,13.141024768,3.68601088,5.341294592,226.637852672,86.05001728,14.0,0.0,14,12.239265791999998
44.43402331670125,29.281767955801108,nan,13.141024768,3.68601088,5.341294592,226.637856768,86.05001728,14.0,0.0,14,12.238204927999998
44.45069570938746,29.41988950276243,nan,13.141024768,3.68601088,5.341294592,226.637860864,86.05001728,14.0,0.0,14,12.238200831999997
44.46736873388291,29.41988950276243,nan,13.141024768,3.68601088,5.341294592,226.637860864,86.05001728,14.0,0.0,14,12.238200831999997
44.48404159943263,24.723756906077345,nan,13.141024768,3.686027264,5.341294592,226.63786496,86.05001728,12.0,0.0,14,12.238180352
44.50071744521459,26.657458563535908,nan,13.141024768,3.68601088,5.341294592,226.63796736,86.05001728,13.0,0.0,14,12.240150527999997
44.51739997069041,26.657458563535908,nan,13.141024768,3.68601088,5.341294592,226.63796736,86.05001728,13.0,0.0,14,12.238569471999998
44.534075156847635,26.657458563535908,nan,13.141024768,3.68601088,5.341294592,226.638016512,86.05001728,13.0,0.0,14,12.23852032
44.550747907161714,26.657458563535908,nan,13.141024768,3.68601088,5.341294592,226.638020608,86.05001728,13.0,0.0,14,12.238516223999998
44.567420387268065,26.657458563535908,nan,13.141024768,3.68601088,5.341294592,226.638020608,86.05001728,13.0,0.0,14,12.238516223999998
44.58409173885981,26.657458563535908,nan,13.141024768,3.68601088,5.341294592,226.638024704,86.05001728,13.0,0.0,14,12.238512127999996
44.60076378583908,24.58563535911602,nan,13.141024768,3.686027264,5.341294592,226.6380288,86.05001728,12.0,0.0,14,12.238491648
44.61744521061579,26.519337016574585,nan,13.141024768,3.686027264,5.341294592,226.63809024,86.05001728,13.0,0.0,14,12.238659584
44.63411806027094,29.281767955801108,nan,13.141024768,3.68601088,5.341294592,226.638147584,86.05001728,14.0,0.0,14,12.238618623999997
44.65079106092453,29.143646408839775,nan,13.141024768,3.68601088,5.341294592,226.638180352,86.05001728,14.0,0.0,14,12.238585855999997
44.667463946342465,29.143646408839775,nan,13.141024768,3.68601088,5.341294592,226.638180352,86.05001728,14.0,0.0,14,12.238585855999997
44.684136390686035,29.143646408839775,nan,13.141024768,3.68601088,5.341294592,226.638184448,86.05001728,14.0,0.0,14,12.238581759999999
44.70080999533335,29.143646408839775,nan,13.141024768,3.68601088,5.341294592,226.638188544,86.05001728,14.0,0.0,14,12.238577663999997
44.71748258272807,29.143646408839775,nan,13.141024768,3.68601088,5.341294592,226.638188544,86.05001728,14.0,0.0,14,12.238577663999997
44.734158027172086,29.143646408839775,nan,13.141024768,3.68601088,5.341294592,226.63819264,86.05001728,14.0,0.0,14,12.238573568
44.750831385453544,29.281767955801108,nan,13.141024768,3.68601088,5.341294592,226.638196736,86.05001728,14.0,0.0,14,12.238569471999998
44.767507807413736,27.486187845303867,nan,13.141024768,3.68601088,5.341294592,226.638204928,86.05001728,13.0,0.0,14,12.240109567999998
44.78418089151383,29.143646408839775,nan,13.141024768,3.68601088,5.341294592,226.6382336,86.05001728,14.0,0.0,14,12.240080895999998
44.80085389614105,29.143646408839775,nan,13.141024768,3.68601088,5.341294592,226.638237696,86.05001728,14.0,0.0,14,12.240076799999997
44.81752696037292,29.143646408839775,nan,13.141024768,3.68601088,5.341294592,226.638237696,86.05001728,14.0,0.0,14,12.236963839999998
44.83419977029165,29.143646408839775,nan,13.141024768,3.68601088,5.341294592,226.638245888,86.05001728,14.0,0.0,14,12.237004799999998
44.85087504784266,29.281767955801108,nan,13.141024768,3.68601088,5.341294592,226.638249984,86.05001728,14.0,0.0,14,12.237000704
44.86754817565282,29.281767955801108,nan,13.141024768,3.68601088,5.341294592,226.638249984,86.05001728,14.0,0.0,14,12.237000704
44.88422822157542,29.69613259668509,nan,13.141024768,3.68601088,5.341294592,226.638647296,86.05001728,14.0,0.0,14,12.236861439999998
44.900900932153064,29.281767955801108,nan,13.141024768,3.68601088,5.341294592,226.638651392,86.05001728,14.0,0.0,14,12.236857343999997
44.91757710377375,29.281767955801108,nan,13.141024768,3.68601088,5.341294592,226.638651392,86.05001728,14.0,0.0,14,12.236857343999997
44.93424957593282,29.281767955801108,nan,13.141024768,3.68601088,5.341294592,226.638655488,86.05001728,14.0,0.0,14,12.236853248
44.950925370057426,29.281767955801108,nan,13.141024768,3.68601088,5.341294592,226.638659584,86.05001728,14.0,0.0,14,12.236591103999999
44.967596805095674,29.281767955801108,nan,13.141024768,3.68601088,5.341294592,226.63868416,86.05001728,14.0,0.0,14,12.236566527999997
44.98426970243454,26.519337016574585,nan,13.141024768,3.68601088,5.341294592,226.638688256,86.05001728,13.0,0.0,14,12.236562432
45.00094241301219,29.69613259668509,nan,13.141024768,3.68601088,5.341294592,226.63870464,86.05001728,14.0,0.0,14,12.236546047999997
45.01761553287506,29.281767955801108,nan,13.141024768,3.68601088,5.341294592,226.63870464,86.05001728,14.0,0.0,14,12.236546047999997
45.034291545550026,29.281767955801108,nan,13.141024768,3.68601088,5.341294592,226.638708736,86.05001728,14.0,0.0,14,12.236541952
45.050964212417604,29.281767955801108,nan,13.141024768,3.68601088,5.341294592,226.638712832,86.05001728,14.0,0.0,14,12.236537855999998
45.06763693888982,29.281767955801108,nan,13.141024768,3.68601088,5.341294592,226.638712832,86.05001728,14.0,0.0,14,12.236537855999998
45.08431022961934,27.348066298342545,nan,13.141024768,3.68601088,5.341294592,226.638716928,86.05001728,13.0,0.0,14,12.236533759999997
45.10098367532094,29.281767955801108,nan,13.141024768,3.68601088,5.341294592,226.638782464,86.05001728,14.0,0.0,14,12.236468224
45.117657124996185,29.281767955801108,nan,13.141024768,3.68601088,5.341294592,226.638782464,86.05001728,14.0,0.0,14,12.236468224
45.13433005015055,29.281767955801108,nan,13.141024768,3.68601088,5.341294592,226.638790656,86.05001728,14.0,0.0,14,12.23671808
45.15100282033284,29.281767955801108,nan,13.141024768,3.68601088,5.341294592,226.638794752,86.05001728,14.0,0.0,14,12.236713983999998
45.167675157388054,29.281767955801108,nan,13.141024768,3.68601088,5.341294592,226.638794752,86.05001728,14.0,0.0,14,12.236713983999998
45.18434770901998,29.281767955801108,nan,13.141024768,3.68601088,5.341294592,226.638819328,86.05001728,14.0,0.0,14,12.236689407999997
45.201027393341064,29.41988950276243,nan,13.141024768,3.68601088,5.341294592,226.638843904,86.05001728,14.0,0.0,14,12.236664831999999
45.217700167497,29.41988950276243,nan,13.141024768,3.68601088,5.341294592,226.638843904,86.05001728,14.0,0.0,14,12.236664831999999
45.23437547286351,29.41988950276243,nan,13.141024768,3.68601088,5.341294592,226.638848,86.05001728,14.0,0.0,14,12.236660735999997
45.25104817946752,29.41988950276243,nan,13.141024768,3.68601088,5.341294592,226.638856192,86.05001728,14.0,0.0,14,12.236652543999998
45.2677281777064,25.0,nan,13.141024768,3.686027264,5.343391744,226.63901184,86.05001728,12.0,0.0,14,12.238577664
45.28440274794897,29.41988950276243,nan,13.141024768,3.68601088,5.343391744,226.639020032,86.05001728,14.0,0.0,14,12.238585855999998
45.301076551278435,29.41988950276243,nan,13.141024768,3.68601088,5.343391744,226.639024128,86.05001728,14.0,0.0,14,12.238581759999997
45.31774940888087,29.41988950276243,nan,13.141024768,3.68601088,5.343391744,226.639024128,86.05001728,14.0,0.0,14,12.238581759999997
45.334424539407095,29.558011049723753,nan,13.141024768,3.68601088,5.343391744,226.639028224,86.05001728,14.0,0.0,14,12.238577664
45.35109817584355,29.558011049723753,nan,13.141024768,3.68601088,5.343391744,226.63903232,86.05001728,14.0,0.0,14,12.238573567999998
45.36777366797129,29.558011049723753,nan,13.141024768,3.68601088,5.343391744,226.6390528,86.05001728,14.0,0.0,14,12.238553087999998
45.38444630304972,29.558011049723753,nan,13.141024768,3.68601088,5.343391744,226.639056896,86.05001728,14.0,0.0,14,12.238548992
45.401119502385455,29.558011049723753,nan,13.141024768,3.68601088,5.343391744,226.639122432,86.05001728,14.0,0.0,14,12.238483455999999
45.41779596010844,29.558011049723753,nan,13.141024768,3.68601088,5.343391744,226.639122432,86.05001728,14.0,0.0,14,12.238483455999999
45.43447912136714,29.558011049723753,nan,13.141024768,3.68601088,5.343391744,226.639388672,86.05001728,14.0,0.0,14,12.238475264
45.45115099747976,29.558011049723753,nan,13.141024768,3.68601088,5.343391744,226.639392768,86.05001728,14.0,0.0,14,12.238471167999998
45.46782415310542,29.558011049723753,nan,13.141024768,3.68601088,5.343391744,226.63940096,86.05001728,14.0,0.0,14,12.238708735999998
45.48449700276057,29.558011049723753,nan,13.141024768,3.68601088,5.343391744,226.639429632,86.05001728,14.0,0.0,14,12.238680063999999
45.501176714897156,29.558011049723753,nan,13.141024768,3.68601088,5.343391744,226.639433728,86.05001728,14.0,0.0,14,12.238675967999997
45.51785251696904,29.558011049723753,nan,13.141024768,3.68601088,5.343391744,226.639437824,86.05001728,14.0,0.0,14,12.238913536
45.53453137874603,29.558011049723753,nan,13.141024768,3.68601088,5.343391744,226.639437824,86.05001728,14.0,0.0,14,12.239691775999999
45.551201581954956,29.558011049723753,nan,13.141024768,3.68601088,5.343391744,226.63944192,86.05001728,14.0,0.0,14,12.239687679999998
45.567874503135684,29.558011049723753,nan,13.141024768,3.68601088,5.343391744,226.639446016,86.05001728,14.0,0.0,14,12.239683584
45.58454724550247,29.558011049723753,nan,13.141024768,3.68601088,5.343391744,226.639446016,86.05001728,14.0,0.0,14,12.239683584
45.601220174630484,29.558011049723753,nan,13.141024768,3.68601088,5.343391744,226.639540224,86.05001728,14.0,0.0,14,12.239818752
45.61789313157399,29.558011049723753,nan,13.141024768,3.68601088,5.343391744,226.63954432,86.05001728,14.0,0.0,14,12.239814655999998
45.63456449906031,29.558011049723753,nan,13.141024768,3.68601088,5.343391744,226.63954432,86.05001728,14.0,0.0,14,12.239814655999998
45.6512371857961,29.69613259668509,nan,13.141024768,3.68601088,5.343391744,226.639556608,86.05001728,14.0,0.0,14,12.239802367999998
45.667909840742745,29.69613259668509,nan,13.141024768,3.68601088,5.343391744,226.639560704,86.05001728,14.0,0.0,14,12.239798272
45.68458182017009,30.24861878453039,nan,13.141024768,3.68601088,5.343391744,226.639593472,86.05001728,14.0,0.0,14,12.239765504
45.701257638136546,29.83425414364641,nan,13.141024768,3.68601088,5.343391744,226.639597568,86.05001728,14.0,0.0,14,12.23569408
45.71793038050334,30.524861878453034,nan,13.141024768,3.68601088,5.343391744,226.639654912,86.05001728,14.0,0.0,14,12.235636735999998
45.73460363944371,29.83425414364641,nan,13.141024768,3.68601088,5.343391744,226.639654912,86.05001728,14.0,0.0,14,12.235636735999998
45.75127604007721,29.83425414364641,nan,13.141024768,3.68601088,5.343391744,226.639659008,86.05001728,14.0,0.0,14,12.23563264
45.767951893806455,30.110497237569056,nan,13.141024768,3.685208064,5.343391744,226.639671296,86.05001728,14.0,0.0,14,12.237164544
45.7846252600352,29.83425414364641,nan,13.141024768,3.68519168,5.343391744,226.639671296,86.05001728,14.0,0.0,14,12.237180928000003
45.80129746596018,29.83425414364641,nan,13.141024768,3.68519168,5.343391744,226.639699968,86.05001728,14.0,0.0,14,12.237152256
45.8179702480634,29.972375690607734,nan,13.141024768,3.68519168,5.343391744,226.63974912,86.05001728,14.0,0.0,14,12.237103104000001
45.83464539051056,29.972375690607734,nan,13.141024768,3.68519168,5.343391744,226.63974912,86.05001728,14.0,0.0,14,12.237103104000001
45.851319114367165,29.972375690607734,nan,13.141024768,3.68519168,5.343391744,226.639765504,86.05001728,14.0,0.0,14,12.237086720000002
45.86798835595449,29.972375690607734,nan,13.141024768,3.68519168,5.343391744,226.6397696,86.05001728,14.0,0.0,14,12.237082624000001
45.88465773661931,30.110497237569056,nan,13.141024768,3.68519168,5.343391744,226.6397696,86.05001728,14.0,0.0,14,12.237082624000001
45.901331730683644,30.110497237569056,nan,13.141024768,3.68519168,5.343391744,226.639773696,86.05001728,14.0,0.0,14,12.237078528
45.91800362269084,30.24861878453039,nan,13.141024768,3.68519168,5.343391744,226.639798272,86.05001728,14.0,0.0,14,12.237053952000002
45.93467255036036,30.24861878453039,nan,13.141024768,3.68519168,5.343391744,226.639798272,86.05001728,14.0,0.0,14,12.237053952000002
45.95134369929632,28.729281767955804,nan,13.141024768,3.68519168,5.456637952,226.6405888,86.05001728,13.0,0.0,14,12.234797056000001
45.96801779270172,30.386740331491712,nan,13.141024768,3.68519168,5.456637952,226.640642048,86.05001728,14.0,0.0,14,12.234743808000001
45.98469124635061,30.386740331491712,nan,13.141024768,3.68519168,5.456637952,226.640646144,86.05001728,14.0,0.0,14,12.234739712
46.00136189858119,30.524861878453034,nan,13.141024768,3.68519168,5.456637952,226.64065024,86.05001728,14.0,0.0,14,12.234735615999998
46.01804081996282,29.005524861878452,nan,13.141024768,3.68519168,5.456637952,226.640654336,86.05001728,13.0,0.0,14,12.236025856000001
46.034712648391725,30.110497237569056,nan,13.141024768,3.68519168,5.456637952,226.640723968,86.05001728,14.0,0.0,14,12.235952128000001
46.05138679742813,30.110497237569056,nan,13.141024768,3.685126144,5.456637952,226.64081408,86.05001728,14.0,0.0,14,12.235927552
46.06805973450343,30.110497237569056,nan,13.141024768,3.685126144,5.456637952,226.640822272,86.05001728,14.0,0.0,14,12.235919359999997
46.08473270336787,30.110497237569056,nan,13.141024768,3.685126144,5.456637952,226.640822272,86.05001728,14.0,0.0,14,12.229009407999996
46.10140621264775,29.83425414364641,nan,13.141024768,3.685126144,5.458735104,226.640883712,86.05001728,14.0,0.0,14,12.230897664000004
46.11807867288589,29.972375690607734,nan,13.141024768,3.685126144,5.458735104,226.640887808,86.05001728,14.0,0.0,14,12.230893567999999
46.13475105762482,30.524861878453034,nan,13.141024768,3.685126144,5.458735104,226.640887808,86.05001728,14.0,0.0,14,12.230893567999999
46.15142143170039,27.209944751381222,nan,13.141024768,3.685126144,5.458735104,226.640891904,86.05001728,13.0,0.0,14,12.230889472000001
46.168094329039256,27.209944751381222,nan,13.141024768,3.685126144,5.460832256,226.640924672,86.05001728,13.0,0.0,14,12.232953855999998
46.18476694424947,27.209944751381222,nan,13.141024768,3.685126144,5.462929408,226.640924672,86.05001728,13.0,0.0,14,12.230856703999997
46.20144037803014,27.209944751381222,nan,13.141024768,3.685126144,5.462929408,226.640928768,86.05001728,13.0,0.0,14,12.230852608
46.21811509132385,30.110497237569056,nan,13.141024768,3.685126144,5.46502656,226.640953344,86.05001728,14.0,0.0,14,12.233437184000001
46.23479255437851,30.110497237569056,nan,13.141024768,3.685126144,5.46502656,226.640953344,86.05001728,14.0,0.0,14,12.233437184000001
46.251463230450945,30.110497237569056,nan,13.141024768,3.685126144,5.46502656,226.640990208,86.05001728,14.0,0.0,14,12.23340032
46.26813674767812,30.110497237569056,nan,13.141024768,3.685126144,5.46502656,226.640994304,86.05001728,14.0,0.0,14,12.233396224000002
46.28480997085571,30.110497237569056,nan,13.141024768,3.685126144,5.46502656,226.640994304,86.05001728,14.0,0.0,14,12.233396224000002
46.30148311853409,25.82872928176796,nan,13.141024768,3.685470208,5.46502656,226.641068032,86.05001728,13.0,0.0,14,12.235243520000003
46.318157649040224,29.69613259668509,nan,13.141024768,3.685470208,5.46502656,226.641072128,86.05001728,14.0,0.0,14,12.235239423999998
46.334830196698505,29.83425414364641,nan,13.141024768,3.685470208,5.46502656,226.641072128,86.05001728,14.0,0.0,14,12.235239423999998
46.351503455638884,29.972375690607734,nan,13.141024768,3.685470208,5.46502656,226.641076224,86.05001728,14.0,0.0,14,12.235235328
46.36817589203517,29.972375690607734,nan,13.141024768,3.685470208,5.46502656,226.641092608,86.05001728,14.0,0.0,14,12.234620927999996
46.38484892845154,29.972375690607734,nan,13.141024768,3.685470208,5.46502656,226.641178624,86.05001728,14.0,0.0,14,12.234792959999998
46.40152455568314,29.972375690607734,nan,13.141024768,3.685470208,5.46502656,226.64118272,86.05001728,14.0,0.0,14,12.234788864
46.41819783051809,30.110497237569056,nan,13.141024768,3.685470208,5.46502656,226.641186816,86.05001728,14.0,0.0,14,12.234784768000003
46.43487014770508,30.110497237569056,nan,13.141024768,3.685470208,5.46502656,226.641186816,86.05001728,14.0,0.0,14,12.234784768000003
46.45154289007187,30.110497237569056,nan,13.141024768,3.685470208,5.46502656,226.641190912,86.05001728,14.0,0.0,14,12.234780671999998
46.46821556886037,30.110497237569056,nan,13.141024768,3.685470208,5.46502656,226.641195008,86.05001728,14.0,0.0,14,12.234776576
46.48489529689153,30.110497237569056,nan,13.141024768,3.685470208,5.46502656,226.641211392,86.05001728,14.0,0.0,14,12.234760192000001
46.501567701498665,30.110497237569056,nan,13.141024768,3.685470208,5.46502656,226.642034688,86.05001728,14.0,0.0,14,12.234711039999999
46.51823687553406,30.110497237569056,nan,13.141024768,3.685470208,5.46502656,226.642038784,86.05001728,14.0,0.0,14,12.234706944000001
46.53490691979726,25.138121546961322,nan,13.141024768,3.685486592,5.46502656,226.64204288,86.05001728,12.0,0.0,14,12.235460607999999
46.55158582925797,27.209944751381222,nan,13.141024768,3.685470208,5.46502656,226.642075648,86.05001728,13.0,0.0,14,12.236857343999999
46.56825586557388,27.209944751381222,nan,13.141024768,3.685470208,5.46502656,226.642079744,86.05001728,13.0,0.0,14,12.236853248000001
46.58492854833603,27.209944751381222,nan,13.141024768,3.685470208,5.46502656,226.642112512,86.05001728,13.0,0.0,14,12.236820479999997
46.601601767539975,27.209944751381222,nan,13.141024768,3.685470208,5.467123712,226.642137088,86.05001728,13.0,0.0,14,12.234928128000004
46.61827461322149,27.209944751381222,nan,13.141024768,3.685470208,5.467123712,226.64218624,86.05001728,13.0,0.0,14,12.234878976000001
46.634947288036344,27.209944751381222,nan,13.141024768,3.685470208,5.467123712,226.642190336,86.05001728,13.0,0.0,14,12.234874880000003
46.651626718044284,24.723756906077345,nan,13.141024768,3.685470208,5.469220864,226.642190336,86.05001728,12.0,0.0,14,12.236972031999997
46.66830113728841,27.209944751381222,nan,13.141024768,3.6854784,5.469220864,226.64220672,86.05001728,13.0,0.0,14,12.236947456
46.684975330034895,27.209944751381222,nan,13.141024768,3.6854784,5.469220864,226.642210816,86.05001728,13.0,0.0,14,12.236943359999998
46.701649502913156,27.209944751381222,nan,13.141024768,3.6854784,5.469220864,226.642272256,86.05001728,13.0,0.0,14,12.236881919999998
46.718324621518455,27.209944751381222,nan,13.141024768,3.6854784,5.469220864,226.642276352,86.05001728,13.0,0.0,14,12.236877823999997
46.734999136130014,27.900552486187845,nan,13.141024768,3.6854784,5.471318016,226.642280448,86.05001728,13.0,0.0,14,12.234776576
46.75167225599289,22.928176795580114,nan,13.141024768,3.685494784,5.471318016,226.643890176,86.05001728,11.0,0.0,14,12.233150464
46.76834482351939,27.348066298342545,nan,13.141024768,3.6854784,5.473415168,226.645712896,86.05001728,13.0,0.0,14,12.233441280000001
46.78501473267873,27.348066298342545,nan,13.141024768,3.6854784,5.473415168,226.645716992,86.05001728,13.0,0.0,14,12.233437184
46.80168994267782,27.348066298342545,nan,13.141024768,3.6854784,5.47551232,226.645716992,86.05001728,13.0,0.0,14,12.235534336
46.81836351950963,27.348066298342545,nan,13.141024768,3.6854784,5.47551232,226.645721088,86.05001728,13.0,0.0,14,12.23553024
46.83504327535629,27.348066298342545,nan,13.141024768,3.6854784,5.47551232,226.64572928,86.05001728,13.0,0.0,14,12.235522048
46.85171626806259,30.24861878453039,nan,13.141024768,3.685490688,5.47551232,226.645798912,86.05001728,14.0,0.0,14,12.235440128
46.86839120388031,30.386740331491712,nan,13.141024768,3.685490688,5.47551232,226.645807104,86.05001728,14.0,0.0,14,12.235431935999998
46.885063954194386,30.386740331491712,nan,13.141024768,3.685490688,5.47551232,226.6458112,86.05001728,14.0,0.0,14,12.23542784
46.9017404794693,30.386740331491712,nan,13.141024768,3.685490688,5.47551232,226.6458112,86.05001728,14.0,0.0,14,12.23542784
46.918413078784944,30.524861878453034,nan,13.141024768,3.685490688,5.47551232,226.645843968,86.05001728,14.0,0.0,14,12.235653120000002
46.93508608738581,28.03867403314917,nan,13.141024768,3.685490688,5.481803776,226.646126592,86.05001728,13.0,0.0,14,12.233273344000004
46.951760252316795,30.524861878453034,nan,13.141024768,3.685490688,5.481803776,226.64617984,86.05001728,14.0,0.0,14,12.233220096000004
46.96843285957972,30.524861878453034,nan,13.141024768,3.685490688,5.481803776,226.646183936,86.05001728,14.0,0.0,14,12.233215999999999
46.985107990105945,30.524861878453034,nan,13.141024768,3.685490688,5.481803776,226.646188032,86.05001728,14.0,0.0,14,12.233211904000001
47.00177770455678,30.524861878453034,nan,13.141024768,3.685490688,5.481803776,226.646188032,86.05001728,14.0,0.0,14,12.233211904000001
47.0184509118398,30.524861878453034,nan,13.141024768,3.685490688,5.481803776,226.646192128,86.05001728,14.0,0.0,14,12.233207808000003
47.03512957493464,30.524861878453034,nan,13.141024768,3.685490688,5.481803776,226.646245376,86.05001728,14.0,0.0,14,12.233154560000003
47.05180116494497,30.524861878453034,nan,13.141024768,3.685490688,5.481803776,226.646245376,86.05001728,14.0,0.0,14,12.233154560000003
47.06847417354584,30.524861878453034,nan,13.141024768,3.685490688,5.481803776,226.646249472,86.05001728,14.0,0.0,14,12.233150463999998
47.085147098700205,30.524861878453034,nan,13.141024768,3.685490688,5.481803776,226.646253568,86.05001728,14.0,0.0,14,12.233146368
47.10181971391042,30.524861878453034,nan,13.141024768,3.685490688,5.481803776,226.646253568,86.05001728,14.0,0.0,14,12.233146368
47.11849242448807,28.729281767955804,nan,13.141024768,3.685490688,5.481803776,226.646327296,86.05001728,13.0,0.0,14,12.233330688000002
47.135164976119995,30.386740331491712,nan,13.141024768,3.685490688,5.481803776,226.646474752,86.05001728,14.0,0.0,14,12.233183232000002
47.15184058745702,30.386740331491712,nan,13.141024768,3.685490688,5.481803776,226.646478848,86.05001728,14.0,0.0,14,12.233179136000004
47.168513202667235,30.939226519337016,nan,13.141024768,3.685490688,5.481803776,226.646482944,86.05001728,14.0,0.0,14,12.233175039999999
47.18518512646357,30.524861878453034,nan,13.141024768,3.685490688,5.481803776,226.646503424,86.05001728,14.0,0.0,14,12.233154560000003
47.20185862382253,30.939226519337016,nan,13.141024768,3.685490688,5.481803776,226.646536192,86.05001728,14.0,0.0,14,12.233121791999999
47.21853135029475,30.66298342541437,nan,13.141024768,3.685490688,5.483900928,226.646663168,86.05001728,14.0,0.0,14,12.230897664
47.235210275650026,30.24861878453039,nan,13.141024768,3.685490688,5.483900928,226.646667264,86.05001728,14.0,0.0,14,12.230893568000003
47.25188306570053,27.348066298342545,nan,13.141024768,3.685490688,5.483900928,226.648215552,86.05001728,13.0,0.0,14,12.230119423999998
47.26855835914612,25.41436464088398,nan,13.141024768,3.685507072,5.483900928,226.648408064,86.05001728,12.0,0.0,14,12.230684671999999
47.28523291349411,28.176795580110493,nan,13.141024768,3.685490688,5.483900928,226.648461312,86.05001728,13.0,0.0,14,12.230647807999997
47.301908707618715,29.281767955801108,nan,13.141024768,3.685490688,5.483900928,226.648559616,86.05001728,14.0,0.0,14,12.230549503999999
47.31857946316401,27.762430939226522,nan,13.141024768,3.685494784,5.483900928,226.648563712,86.05001728,13.0,0.0,14,12.230541312
47.335252384344734,29.41988950276243,nan,13.141024768,3.685494784,5.483900928,226.648580096,86.05001728,14.0,0.0,14,12.232044544
47.351923406124115,29.558011049723753,nan,13.141024768,3.685494784,5.483900928,226.650832896,86.05001728,14.0,0.0,14,12.230766591999998
47.36859607696533,29.558011049723753,nan,13.141024768,3.685494784,5.483900928,226.650865664,86.05001728,14.0,0.0,14,12.230733824000001
47.38526947498322,29.558011049723753,nan,13.141024768,3.685494784,5.483900928,226.650877952,86.05001728,14.0,0.0,14,12.230721536
47.40194341341655,29.69613259668509,nan,13.141024768,3.685494784,5.483900928,226.650877952,86.05001728,14.0,0.0,14,12.230721536
47.41861592531204,26.657458563535908,nan,13.141024768,3.685494784,5.483900928,226.650882048,86.05001728,13.0,0.0,14,12.23071744
47.43529179096222,26.657458563535908,nan,13.141024768,3.685511168,5.483900928,226.653069312,86.05001728,13.0,0.0,14,12.228771839999997
47.451964259147644,29.69613259668509,nan,13.141024768,3.685494784,5.483900928,226.653069312,86.05001728,14.0,0.0,14,12.228788223999999
47.468636977672574,30.24861878453039,nan,13.141024768,3.685494784,5.483900928,226.653073408,86.05001728,14.0,0.0,14,12.228784128000001
47.48531029224396,29.83425414364641,nan,13.141024768,3.685494784,5.483900928,226.653110272,86.05001728,14.0,0.0,14,12.228747263999999
47.50198192199071,29.83425414364641,nan,13.141024768,3.685494784,5.483900928,226.653110272,86.05001728,14.0,0.0,14,12.228747263999999
47.51865684191386,29.83425414364641,nan,13.141024768,3.685494784,5.483900928,226.653192192,86.05001728,14.0,0.0,14,12.228665344
47.53533014853795,29.83425414364641,nan,13.141024768,3.685494784,5.483900928,226.653208576,86.05001728,14.0,0.0,14,12.228648960000001
47.552002688248955,29.83425414364641,nan,13.141024768,3.685494784,5.483900928,226.653212672,86.05001728,14.0,0.0,14,12.228640767999998
47.568677639961244,29.83425414364641,nan,13.141024768,3.685494784,5.483900928,226.653216768,86.05001728,14.0,0.0,14,12.229033984
47.585350477695464,27.762430939226522,nan,13.141024768,3.685494784,5.483900928,226.653220864,86.05001728,13.0,0.0,14,12.229029888
47.602026879787445,29.83425414364641,nan,13.141024768,3.685494784,5.483900928,226.65345024,86.05001728,14.0,0.0,14,12.227936256
47.61869968573252,28.176795580110493,nan,13.141024768,3.685511168,5.483900928,226.6534912,86.05001728,13.0,0.0,14,12.221698047999997
47.63537465333938,26.79558011049724,nan,13.141024768,3.685511168,5.483900928,226.653638656,86.05001728,13.0,0.0,14,12.2205184
47.65204810698827,29.83425414364641,nan,13.141024768,3.685494784,5.483900928,226.653696,86.05001728,14.0,0.0,14,12.2203136
47.66872431834539,27.62430939226519,nan,13.141024768,3.685511168,5.488095232,226.653724672,86.05001728,13.0,0.0,14,12.220268544
47.68539707263311,30.66298342541437,nan,13.141024768,3.685494784,5.488095232,226.653765632,86.05001728,14.0,0.0,14,12.221235200000002
47.70207020839055,29.83425414364641,nan,13.141024768,3.685494784,5.488095232,226.653769728,86.05001728,14.0,0.0,14,12.221231104000001
47.7187424659729,29.83425414364641,nan,13.141024768,3.685494784,5.488095232,226.653794304,86.05001728,14.0,0.0,14,12.221206528
47.73541512489319,29.83425414364641,nan,13.141024768,3.685494784,5.488095232,226.653847552,86.05001728,14.0,0.0,14,12.221153280000003
47.75208397308985,29.83425414364641,nan,13.141024768,3.685494784,5.488095232,226.653851648,86.05001728,14.0,0.0,14,12.221149184000001
47.768757243951164,29.83425414364641,nan,13.141024768,3.685494784,5.488095232,226.653888512,86.05001728,14.0,0.0,14,12.221112320000003
47.78542931874593,29.972375690607734,nan,13.141024768,3.685494784,5.488095232,226.653892608,86.05001728,14.0,0.0,14,12.221108224000002
47.802101798852284,29.972375690607734,nan,13.141024768,3.685494784,5.488095232,226.653896704,86.05001728,14.0,0.0,14,12.221104128
47.81877423127492,29.143646408839775,nan,13.141024768,3.685494784,5.490192384,226.6539008,86.05001728,13.0,0.0,14,12.219256832
47.83544656833013,29.972375690607734,nan,13.141024768,3.685494784,5.490192384,226.653937664,86.05001728,14.0,0.0,14,12.219478016
47.85211851994197,29.972375690607734,nan,13.141024768,3.685494784,5.490192384,226.65394176,86.05001728,14.0,0.0,14,12.219473919999999
47.868789668877916,29.972375690607734,nan,13.141024768,3.685494784,5.490192384,226.65394176,86.05001728,14.0,0.0,14,12.219473919999999
47.88546264568965,29.972375690607734,nan,13.141024768,3.685494784,5.490192384,226.653945856,86.05001728,14.0,0.0,14,12.219469824
47.902132733662924,30.24861878453039,nan,13.141024768,3.685494784,5.490192384,226.653949952,86.05001728,14.0,0.0,14,12.219465728
47.918807578086856,30.386740331491712,nan,13.141024768,3.685494784,5.490192384,226.653986816,86.05001728,14.0,0.0,14,12.219428864000001
47.93548038403193,30.524861878453034,nan,13.141024768,3.685494784,5.490192384,226.653990912,86.05001728,14.0,0.0,14,12.219424768
47.95215251048406,30.524861878453034,nan,13.141024768,3.685494784,5.490192384,226.653995008,86.05001728,14.0,0.0,14,12.219420672000002
47.9688245733579,30.524861878453034,nan,13.141024768,3.685494784,5.490192384,226.653995008,86.05001728,14.0,0.0,14,12.219420672000002
47.985494470596315,30.524861878453034,nan,13.141024768,3.685494784,5.490192384,226.653999104,86.05001728,14.0,0.0,14,12.219416576
48.00216716527939,30.524861878453034,nan,13.141024768,3.685494784,5.490192384,226.6540032,86.05001728,14.0,0.0,14,12.219412479999999
48.01884136199951,27.900552486187845,nan,13.141024768,3.685494784,5.490192384,226.654019584,86.05001728,13.0,0.0,14,12.219641855999999
48.03551252285639,30.524861878453034,nan,13.141024768,3.685494784,5.490192384,226.65402368,86.05001728,14.0,0.0,14,12.219637760000001
48.052184136708576,30.524861878453034,nan,13.141024768,3.685494784,5.490192384,226.654027776,86.05001728,14.0,0.0,14,12.219633664
48.0688560684522,30.524861878453034,nan,13.141024768,3.685494784,5.490192384,226.654027776,86.05001728,14.0,0.0,14,12.219633664
48.085528655846915,30.524861878453034,nan,13.141024768,3.685494784,5.490192384,226.654031872,86.05001728,14.0,0.0,14,12.212391936
48.102197583516435,30.524861878453034,nan,13.141024768,3.685494784,5.490192384,226.654068736,86.05001728,14.0,0.0,14,12.212125696000001
48.11887003580729,30.524861878453034,nan,13.141024768,3.685494784,5.490192384,226.654068736,86.05001728,14.0,0.0,14,12.212125696000001
48.13554252783457,30.524861878453034,nan,13.141024768,3.685494784,5.490192384,226.654076928,86.05001728,14.0,0.0,14,12.212117504000002
48.15221489667893,30.524861878453034,nan,13.141024768,3.685494784,5.490192384,226.65408512,86.05001728,14.0,0.0,14,12.212109311999999
48.16889074643453,30.524861878453034,nan,13.141024768,3.685494784,5.490192384,226.65408512,86.05001728,14.0,0.0,14,12.212109311999999
48.185563214619954,30.524861878453034,nan,13.141024768,3.685494784,5.490192384,226.654089216,86.05001728,14.0,0.0,14,12.212334592000001
48.20223683516185,30.524861878453034,nan,13.141024768,3.685494784,5.490192384,226.654117888,86.05001728,14.0,0.0,14,12.212305920000002
48.21890892187754,30.524861878453034,nan,13.141024768,3.685494784,5.490192384,226.654117888,86.05001728,14.0,0.0,14,12.212305920000002
48.235581290721896,30.524861878453034,nan,13.141024768,3.685494784,5.490192384,226.654121984,86.05001728,14.0,0.0,14,12.212301824
48.25225383838018,30.524861878453034,nan,13.141024768,3.685494784,5.490192384,226.65414656,86.05001728,14.0,0.0,14,12.212277248
48.268926509221394,28.314917127071826,nan,13.141024768,3.685511168,5.498580992,226.654154752,86.05001728,13.0,0.0,14,12.212252671999998
48.28559944232305,30.66298342541437,nan,13.141024768,3.685494784,5.498580992,226.654158848,86.05001728,14.0,0.0,14,12.212264959999999
48.302274175484975,28.45303867403315,nan,13.141024768,3.685494784,5.498580992,226.655571968,86.05001728,13.0,0.0,14,12.211625984000001
48.318946655591326,30.801104972375693,nan,13.141024768,3.685494784,5.498580992,226.655584256,86.05001728,14.0,0.0,14,12.211613696
48.33561913967132,30.801104972375693,nan,13.141024768,3.685494784,5.498580992,226.655588352,86.05001728,14.0,0.0,14,12.2116096
48.35229191382726,30.801104972375693,nan,13.141024768,3.685494784,5.498580992,226.655592448,86.05001728,14.0,0.0,14,12.211834880000001
48.36896410385768,30.801104972375693,nan,13.141024768,3.685494784,5.498580992,226.655625216,86.05001728,14.0,0.0,14,12.212031488000001
48.38563654820124,30.801104972375693,nan,13.141024768,3.685494784,5.498580992,226.655629312,86.05001728,14.0,0.0,14,12.212027392
48.402309342225394,31.353591160220994,nan,13.141024768,3.685494784,5.498580992,226.655735808,86.05001728,14.0,0.0,14,12.211920895999999
48.41898188193639,30.939226519337016,nan,13.141024768,3.685494784,5.498580992,226.655735808,86.05001728,14.0,0.0,14,12.211920895999999
48.43565164804458,27.900552486187845,nan,13.141024768,3.685494784,5.498580992,226.656407552,86.05001728,13.0,0.0,14,12.211249152
48.452326134840646,27.900552486187845,nan,13.141024768,3.685494784,5.504872448,226.670194688,86.05001728,13.0,0.0,14,12.209364992000001
48.468999175230664,28.176795580110493,nan,13.141024768,3.685511168,5.504872448,226.67159552,86.05001728,13.0,0.0,14,12.216205312
48.48567831516266,27.900552486187845,nan,13.141024768,3.685494784,5.504872448,226.671599616,86.05001728,13.0,0.0,14,12.2162176
48.50235089461009,27.900552486187845,nan,13.141024768,3.685494784,5.504872448,226.671603712,86.05001728,13.0,0.0,14,12.216213503999999
48.519027054309845,26.104972375690604,nan,13.141024768,3.685494784,5.504872448,226.671702016,86.05001728,12.0,0.0,14,12.216889344000002
48.53569940725962,27.62430939226519,nan,13.141024768,3.685494784,5.504872448,226.671706112,86.05001728,13.0,0.0,14,12.216885248
48.55237633784612,27.62430939226519,nan,13.141024768,3.685494784,5.504872448,226.671775744,86.05001728,13.0,0.0,14,12.216815616000002
48.56904772122701,28.03867403314917,nan,13.141024768,3.685494784,4.909268992,226.65166848,86.05001728,13.0,0.0,13,11.932192768
48.58572386503219,25.41436464088398,nan,13.141024768,3.685494784,4.913463296,226.65265152,86.05001728,12.0,0.0,13,11.930505216
48.60239545106888,27.62430939226519,nan,13.141024768,3.685494784,4.913463296,226.652659712,86.05001728,13.0,0.0,13,11.930497024000001
48.61906875371933,26.104972375690604,nan,13.141024768,3.685494784,4.913463296,226.652663808,86.05001728,12.0,0.0,13,11.930492928
48.63574140469233,26.104972375690604,nan,13.141024768,3.685494784,4.957503488,226.654765056,86.05001728,12.0,0.0,13,11.930423296
48.652414623896284,27.62430939226519,nan,13.141024768,3.685494784,4.957503488,226.654769152,86.05001728,13.0,0.0,13,11.9304192
48.669092297554016,27.62430939226519,nan,13.141024768,3.685494784,4.957503488,226.65478144,86.05001728,13.0,0.0,13,11.930406911999999
48.685765608151755,27.62430939226519,nan,13.141024768,3.685494784,4.957503488,226.654900224,86.05001728,13.0,0.0,13,11.930288128
48.7024425983429,27.900552486187845,nan,13.141024768,3.685511168,4.957503488,226.654912512,86.05001728,13.0,0.0,13,11.930259455999998
48.71911513010661,27.62430939226519,nan,13.141024768,3.685494784,4.957503488,226.65531392,86.05001728,13.0,0.0,13,11.930390528
48.73579132159551,27.62430939226519,nan,13.141024768,3.685494784,4.957503488,226.655383552,86.05001728,13.0,0.0,13,11.930320896000001
48.75246545871099,26.243093922651937,nan,13.141024768,3.685494784,4.9700864,226.656755712,86.05001728,12.0,0.0,13,11.916881920000002
48.769140271345776,27.762430939226522,nan,13.141024768,3.685494784,4.9700864,226.657009664,86.05001728,13.0,0.0,13,11.92921088
48.78581445614497,27.762430939226522,nan,13.141024768,3.685494784,4.9700864,226.65705472,86.05001728,13.0,0.0,13,11.929165824000002
48.80248523950577,27.762430939226522,nan,13.141024768,3.685494784,4.9700864,226.657058816,86.05001728,13.0,0.0,13,11.929161728
48.819154715538026,25.41436464088398,nan,13.141024768,3.685494784,4.99105792,226.658992128,86.05001728,12.0,0.0,13,11.927228416000002
48.83582661946615,25.41436464088398,nan,13.141024768,3.685494784,5.0225152,226.660356096,86.05001728,12.0,0.0,13,11.924799488000001
48.852500625451405,27.762430939226522,nan,13.141024768,3.685494784,5.024612352,226.660818944,86.05001728,13.0,0.0,13,11.927212032000002
48.869173900286356,27.900552486187845,nan,13.141024768,3.685494784,5.024612352,226.660892672,86.05001728,13.0,0.0,13,11.927138304000001
48.88584654331207,27.900552486187845,nan,13.141024768,3.685494784,5.024612352,226.662719488,86.05001728,13.0,0.0,13,11.927670784000002
48.90251902739207,27.900552486187845,nan,13.141024768,3.685494784,5.024612352,226.662723584,86.05001728,13.0,0.0,13,11.927666688
48.919191801548,27.900552486187845,nan,13.141024768,3.685494784,5.024612352,226.662842368,86.05001728,13.0,0.0,13,11.927547903999999
48.93586604992549,28.314917127071826,nan,13.141024768,3.685494784,5.024612352,226.662854656,86.05001728,13.0,0.0,13,11.927535616000002
48.952540429433185,27.900552486187845,nan,13.141024768,3.685494784,5.024612352,226.663067648,86.05001728,13.0,0.0,13,11.927322624
48.96921306848526,27.900552486187845,nan,13.141024768,3.685494784,5.024612352,226.663067648,86.05001728,13.0,0.0,13,11.927322624
48.98589292367299,24.17127071823204,nan,13.141024768,3.685494784,5.024612352,226.663145472,86.05001728,11.0,0.0,13,11.927244800000002
49.00256415208181,26.104972375690604,nan,13.141024768,3.685494784,5.056069632,226.66686464,86.05001728,12.0,0.0,13,11.92142848
49.01924627621968,23.480662983425415,nan,13.141024768,3.685511168,5.056069632,226.667184128,86.05001728,11.0,0.0,13,11.921092607999999
49.03591931263606,25.690607734806626,nan,13.141024768,3.685494784,5.058166784,226.66723328,86.05001728,12.0,0.0,13,11.918962688
49.05259208679199,25.690607734806626,nan,13.141024768,3.685494784,5.060263936,226.667585536,86.05001728,12.0,0.0,13,11.920707584
49.069265739123026,25.690607734806626,nan,13.141024768,3.685494784,5.060263936,226.66760192,86.05001728,12.0,0.0,13,11.920691200000002
49.08594123919805,25.690607734806626,nan,13.141024768,3.685494784,5.060263936,226.667671552,86.05001728,12.0,0.0,13,11.920879615999999
49.10261498689651,25.82872928176796,nan,13.141024768,3.685494784,5.08542976,226.667728896,86.05001728,12.0,0.0,13,11.920822271999999
49.11928970416387,23.618784530386737,nan,13.141024768,3.685511168,5.087526912,226.667802624,86.05001728,11.0,0.0,13,11.922829311999998
49.13596333265305,25.82872928176796,nan,13.141024768,3.685494784,5.087526912,226.670731264,86.05001728,12.0,0.0,13,11.92298496
49.15263618628184,25.82872928176796,nan,13.141024768,3.685494784,5.087526912,226.671149056,86.05001728,12.0,0.0,13,11.922567168
49.16930967966716,25.82872928176796,nan,13.141024768,3.685494784,5.087526912,226.671194112,86.05001728,12.0,0.0,13,11.922522112
49.18598306973775,25.82872928176796,nan,13.141024768,3.685494784,5.09591552,226.671263744,86.05001728,12.0,0.0,13,11.922452479999999
49.20266066789627,24.17127071823204,nan,13.141024768,3.685494784,5.09591552,226.672525312,86.05001728,11.0,0.0,13,11.921190912000002
49.21933410167694,26.104972375690604,nan,13.141024768,3.685494784,5.09591552,226.673348608,86.05001728,12.0,0.0,13,11.920367616000002
49.236008608341216,23.342541436464092,nan,13.141024768,3.685494784,5.09591552,226.673688576,86.05001728,11.0,0.0,13,11.918970880000002
49.252683134873706,25.96685082872928,nan,13.141024768,3.685494784,5.09591552,226.673811456,86.05001728,12.0,0.0,13,11.918544896000002
49.26936035553614,24.58563535911602,nan,13.141024768,3.685494784,5.09591552,226.673815552,86.05001728,11.0,0.0,13,11.9185408
49.286033848921456,28.314917127071826,nan,13.141024768,3.685494784,5.09591552,226.674069504,86.05001728,13.0,0.0,13,11.918286848
49.30271021127701,28.314917127071826,nan,13.141024768,3.685494784,5.09591552,226.67517952,86.05001728,13.0,0.0,13,11.921305600000002
49.31938311258952,28.314917127071826,nan,13.141024768,3.685494784,5.09591552,226.675339264,86.05001728,13.0,0.0,13,11.921145856
49.33605805238088,28.314917127071826,nan,13.141024768,3.685494784,5.09591552,226.675376128,86.05001728,13.0,0.0,13,11.921108991999999
49.352730909983315,28.314917127071826,nan,13.141024768,3.685494784,5.09591552,226.675380224,86.05001728,13.0,0.0,13,11.921104896000001
49.36940377553304,28.314917127071826,nan,13.141024768,3.685494784,5.09591552,226.676432896,86.05001728,13.0,0.0,13,11.921600512
49.386076327164965,26.381215469613263,nan,13.141024768,3.685494784,5.09591552,226.676436992,86.05001728,12.0,0.0,13,11.921596416000002
49.40275012652079,28.176795580110493,nan,13.141024768,3.685494784,5.09591552,226.67649024,86.05001728,13.0,0.0,13,11.921543168000001
49.4194296836853,28.03867403314917,nan,13.141024768,3.685494784,5.09591552,226.67661312,86.05001728,13.0,0.0,13,11.921907712000001
49.43610977331797,26.381215469613263,nan,13.141024768,3.685494784,5.09591552,226.676625408,86.05001728,12.0,0.0,13,11.921895424
49.45278471310933,24.723756906077345,nan,13.141024768,3.685494784,5.09591552,226.676887552,86.05001728,11.0,0.0,13,11.92163328
49.46945849657059,26.104972375690604,nan,13.141024768,3.685494784,5.09591552,226.676998144,86.05001728,12.0,0.0,13,11.921780736
49.48613290786743,26.519337016574585,nan,13.141024768,3.685494784,5.09591552,226.677039104,86.05001728,12.0,0.0,13,11.921739776
49.50280861457189,26.104972375690604,nan,13.141024768,3.685494784,5.09591552,226.677080064,86.05001728,12.0,0.0,13,11.921698816000001
49.519480125109354,26.104972375690604,nan,13.141024768,3.685494784,5.09591552,226.677100544,86.05001728,12.0,0.0,13,11.921678336000001
49.53615767161052,26.104972375690604,nan,13.141024768,3.685494784,5.09591552,226.677215232,86.05001728,12.0,0.0,13,11.921563648000001
49.552829972902934,26.104972375690604,nan,13.141024768,3.685494784,5.09591552,226.677866496,86.05001728,12.0,0.0,13,11.921428480000001
49.56950722932815,26.104972375690604,nan,13.141024768,3.685494784,5.09591552,226.678321152,86.05001728,12.0,0.0,13,11.920973823999999
49.58618346850077,23.756906077348063,nan,13.141024768,3.685494784,5.09591552,226.678423552,86.05001728,11.0,0.0,13,11.920871424
49.60286250909169,23.756906077348063,nan,13.141024768,3.685494784,5.098012672,226.678501376,86.05001728,11.0,0.0,13,11.919806464
49.619534981250766,26.104972375690604,nan,13.141024768,3.685494784,5.098012672,226.678530048,86.05001728,12.0,0.0,13,11.920007168000001
49.63620765606562,26.104972375690604,nan,13.141024768,3.685494784,5.098012672,226.678693888,86.05001728,12.0,0.0,13,11.919843328000002
49.65287860234579,26.104972375690604,nan,13.141024768,3.685494784,5.098012672,226.678738944,86.05001728,12.0,0.0,13,11.920027648000001
49.66955182949702,26.104972375690604,nan,13.141024768,3.685494784,5.098012672,226.678767616,86.05001728,12.0,0.0,13,11.919998976000002
49.686225068569186,22.928176795580114,nan,13.141024768,3.685511168,5.110595584,226.678902784,86.05001728,10.0,0.0,13,11.916169215999998
49.70289885997772,24.861878453038678,nan,13.141024768,3.685494784,5.1273728,226.68032,86.05001728,11.0,0.0,13,11.920252928
49.71957213083903,24.861878453038678,nan,13.141024768,3.685494784,5.131567104,226.680446976,86.05001728,11.0,0.0,13,11.920125952000001
49.736245286464694,28.59116022099447,nan,13.141024768,3.685494784,5.131567104,226.68097536,86.05001728,13.0,0.0,13,11.920875520000001
49.752918493747714,28.59116022099447,nan,13.141024768,3.685494784,5.131567104,226.681298944,86.05001728,13.0,0.0,13,11.920551936
49.769591971238455,26.243093922651937,nan,13.141024768,3.685494784,5.131567104,226.681307136,86.05001728,12.0,0.0,13,11.920543744000001
49.78626471360524,28.59116022099447,nan,13.141024768,3.685494784,5.131567104,226.68132352,86.05001728,13.0,0.0,13,11.920781312
49.80294400056203,28.59116022099447,nan,13.141024768,3.685494784,5.131567104,226.681483264,86.05001728,13.0,0.0,13,11.920621568
49.81961661577225,28.59116022099447,nan,13.141024768,3.685494784,5.131567104,226.681483264,86.05001728,13.0,0.0,13,11.920621568
49.83629076083501,28.729281767955804,nan,13.141024768,3.685494784,5.131567104,226.68156928,86.05001728,13.0,0.0,13,11.921567743999999
49.85296334822973,26.79558011049724,nan,13.141024768,3.685511168,5.156732928,226.69174784,86.05001728,12.0,0.0,13,11.920920575999997
49.869635951519015,26.519337016574585,nan,13.141024768,3.685511168,5.156732928,226.718130176,86.05001728,12.0,0.0,13,11.927052287999999
49.88630575339,28.867403314917127,nan,13.141024768,3.685494784,5.156732928,226.718142464,86.05001728,13.0,0.0,13,11.927056384
49.90297934611638,28.867403314917127,nan,13.141024768,3.685494784,5.156732928,226.71814656,86.05001728,13.0,0.0,13,11.927281663999999
49.91965243816376,27.486187845303867,nan,13.141024768,3.685494784,5.156732928,226.71814656,86.05001728,12.0,0.0,13,11.927281663999999
49.93632500569026,27.486187845303867,nan,13.141024768,3.685494784,5.163024384,226.718150656,86.05001728,12.0,0.0,13,11.929374720000002
49.952998483181,27.486187845303867,nan,13.141024768,3.685494784,5.165121536,226.718588928,86.05001728,12.0,0.0,13,11.9310336
49.969674456119535,27.62430939226519,nan,13.141024768,3.685494784,5.16931584,226.718765056,86.05001728,12.0,0.0,13,11.931889664
49.98634387652079,27.762430939226522,nan,13.141024768,3.685494784,5.16931584,226.718851072,86.05001728,12.0,0.0,13,11.931803648000002
50.00301761229833,27.762430939226522,nan,13.141024768,3.685494784,5.16931584,226.718879744,86.05001728,12.0,0.0,13,11.931774976
50.01968894402186,29.558011049723753,nan,13.141024768,3.685494784,5.16931584,226.71888384,86.05001728,13.0,0.0,13,11.931770880000002
50.0363621989886,29.281767955801108,nan,13.141024768,3.685494784,5.16931584,226.718887936,86.05001728,13.0,0.0,13,11.931766784
50.053035044670104,29.281767955801108,nan,13.141024768,3.685494784,5.16931584,226.718892032,86.05001728,13.0,0.0,13,11.931762688000003
50.069707707564035,29.281767955801108,nan,13.141024768,3.685494784,5.16931584,226.719051776,86.05001728,13.0,0.0,13,11.931602944000002
50.086380219459535,29.281767955801108,nan,13.141024768,3.685494784,5.16931584,226.719076352,86.05001728,13.0,0.0,13,11.931578368
50.10305287440618,29.41988950276243,nan,13.141024768,3.685494784,5.16931584,226.719080448,86.05001728,13.0,0.0,13,11.931574272000002
50.11972579956055,29.41988950276243,nan,13.141024768,3.685494784,5.16931584,226.719080448,86.05001728,13.0,0.0,13,11.931574272000002
50.136399324735,29.41988950276243,nan,13.141024768,3.685494784,5.16931584,226.719084544,86.05001728,13.0,0.0,13,11.931570176000001
50.153074844678244,29.41988950276243,nan,13.141024768,3.685494784,5.16931584,226.71908864,86.05001728,13.0,0.0,13,11.931824128000002
50.16974875132243,29.41988950276243,nan,13.141024768,3.685494784,5.16931584,226.719125504,86.05001728,13.0,0.0,13,11.931787264
50.18642412026723,27.900552486187845,nan,13.141024768,3.685494784,5.16931584,226.7191296,86.05001728,12.0,0.0,13,11.931783168000003
50.20309662421544,27.900552486187845,nan,13.141024768,3.685494784,5.16931584,226.719133696,86.05001728,12.0,0.0,13,11.931779072000001
50.2197693546613,27.900552486187845,nan,13.141024768,3.685494784,5.16931584,226.719481856,86.05001728,12.0,0.0,13,11.931430912
50.236442148685455,27.900552486187845,nan,13.141024768,3.685494784,5.16931584,226.719485952,86.05001728,12.0,0.0,13,11.931426816000002
50.253114628791806,27.900552486187845,nan,13.141024768,3.685494784,5.16931584,226.719510528,86.05001728,12.0,0.0,13,11.93140224
50.2697895805041,27.900552486187845,nan,13.141024768,3.685494784,5.16931584,226.719510528,86.05001728,12.0,0.0,13,11.93140224
50.28646222352982,27.900552486187845,nan,13.141024768,3.685494784,5.16931584,226.719514624,86.05001728,12.0,0.0,13,11.931398144000003
50.3031348824501,28.03867403314917,nan,13.141024768,3.685494784,5.16931584,226.719563776,86.05001728,12.0,0.0,13,11.931348992
50.31980746984482,28.03867403314917,nan,13.141024768,3.685494784,5.16931584,226.719563776,86.05001728,12.0,0.0,13,11.931348992
50.336480768521625,29.558011049723753,nan,13.141024768,3.685494784,5.16931584,226.719576064,86.05001728,13.0,0.0,13,11.931336704
50.3531534632047,29.558011049723753,nan,13.141024768,3.685494784,5.16931584,226.71958016,86.05001728,13.0,0.0,13,11.931332608000002
50.36982785463333,29.558011049723753,nan,13.141024768,3.685494784,5.16931584,226.71958016,86.05001728,13.0,0.0,13,11.931332608000002
50.38650212287903,29.558011049723753,nan,13.141024768,3.685494784,5.16931584,226.719584256,86.05001728,13.0,0.0,13,11.931328512
50.40317184527715,27.348066298342545,nan,13.141024768,3.685494784,5.20497152,226.71990784,86.05001728,12.0,0.0,13,11.928903680000001
50.419845449924466,29.143646408839775,nan,13.141024768,3.685494784,5.20497152,226.72001024,86.05001728,13.0,0.0,13,11.928801279999998
50.43651852607727,29.143646408839775,nan,13.141024768,3.685494784,5.20497152,226.720014336,86.05001728,13.0,0.0,13,11.928797184
50.45319112141927,29.143646408839775,nan,13.141024768,3.68549888,5.20497152,226.720018432,86.05001728,13.0,0.0,13,11.928788991999998
50.46986442406972,29.143646408839775,nan,13.141024768,3.68549888,5.20497152,226.72023552,86.05001728,13.0,0.0,13,11.928571903999998
50.48654080629349,29.143646408839775,nan,13.141024768,3.68549888,5.20497152,226.720239616,86.05001728,13.0,0.0,13,11.928567807999997
50.503213381767274,29.143646408839775,nan,13.141024768,3.68549888,5.20497152,226.720272384,86.05001728,13.0,0.0,13,11.92853504
50.51988615989685,29.143646408839775,nan,13.141024768,3.68549888,5.20497152,226.720346112,86.05001728,13.0,0.0,13,11.928461312
50.536558326085405,29.143646408839775,nan,13.141024768,3.68549888,5.20497152,226.720350208,86.05001728,13.0,0.0,13,11.928457215999998
50.55323251883189,29.143646408839775,nan,13.141024768,3.68549888,5.20497152,226.720591872,86.05001728,13.0,0.0,13,11.928215551999998
50.5699072877566,29.143646408839775,nan,13.141024768,3.68549888,5.20497152,226.720595968,86.05001728,13.0,0.0,13,11.928211456
50.58657993475596,29.143646408839775,nan,13.141024768,3.68549888,5.20497152,226.720600064,86.05001728,13.0,0.0,13,11.928207359999998
50.603251560529074,29.281767955801108,nan,13.141024768,3.68549888,5.20497152,226.72060416,86.05001728,13.0,0.0,13,11.928203263999997
50.61993216673533,29.281767955801108,nan,13.141024768,3.68549888,5.20497152,226.720608256,86.05001728,13.0,0.0,13,11.928199167999999
50.636606907844545,29.41988950276243,nan,13.141024768,3.68549888,5.20497152,226.720612352,86.05001728,13.0,0.0,13,11.928195071999998
50.65328042904536,29.41988950276243,nan,13.141024768,3.68549888,5.20497152,226.72064512,86.05001728,13.0,0.0,13,11.928162303999997
50.66995700597763,29.41988950276243,nan,13.141024768,3.68549888,5.20497152,226.720653312,86.05001728,13.0,0.0,13,11.928154111999998
50.686629676818846,29.41988950276243,nan,13.141024768,3.68549888,5.20497152,226.720657408,86.05001728,13.0,0.0,13,11.928150016
50.703302296002704,29.41988950276243,nan,13.141024768,3.68549888,5.20497152,226.720661504,86.05001728,13.0,0.0,13,11.928145919999999
50.719975348313646,29.41988950276243,nan,13.141024768,3.68549888,5.20497152,226.720661504,86.05001728,13.0,0.0,13,11.928145919999999
50.73664800723394,29.558011049723753,nan,13.141024768,3.68549888,5.20497152,226.720677888,86.05001728,13.0,0.0,13,11.928129535999997
50.753324282169345,29.558011049723753,nan,13.141024768,3.68549888,5.20497152,226.720681984,86.05001728,13.0,0.0,13,11.928125439999999
50.769997525215146,29.558011049723753,nan,13.141024768,3.68549888,5.20497152,226.720681984,86.05001728,13.0,0.0,13,11.928125439999999
50.78667018413544,29.558011049723753,nan,13.141024768,3.68549888,5.20497152,226.72068608,86.05001728,13.0,0.0,13,11.928121343999997
50.803343160947165,28.03867403314917,nan,13.141024768,3.68549888,5.20497152,226.720690176,86.05001728,12.0,0.0,13,11.928375295999999
50.82001595497131,29.558011049723753,nan,13.141024768,3.68549888,5.20497152,226.720722944,86.05001728,13.0,0.0,13,11.928571903999998
50.83669542471568,29.558011049723753,nan,13.141024768,3.68549888,5.20497152,226.72072704,86.05001728,13.0,0.0,13,11.928825856
50.8533679207166,29.558011049723753,nan,13.141024768,3.68549888,5.20497152,226.720731136,86.05001728,13.0,0.0,13,11.928821759999998
50.870041290918984,29.558011049723753,nan,13.141024768,3.68549888,5.20497152,226.720731136,86.05001728,13.0,0.0,13,11.928821759999998
50.886714311440784,29.558011049723753,nan,13.141024768,3.68549888,5.20497152,226.720735232,86.05001728,13.0,0.0,13,11.928817663999997
50.90339042743047,29.558011049723753,nan,13.141024768,3.68549888,5.20497152,226.720739328,86.05001728,13.0,0.0,13,11.928813567999999
50.92006333669027,29.558011049723753,nan,13.141024768,3.68549888,5.20497152,226.721574912,86.05001728,13.0,0.0,13,11.927977983999998
50.936736889680226,26.933701657458563,nan,13.141024768,3.68549888,5.20497152,226.721579008,86.05001728,12.0,0.0,13,11.927973887999997
50.95340974728266,30.110497237569056,nan,13.141024768,3.685515264,5.20497152,226.721615872,86.05001728,13.0,0.0,13,11.92792064
50.97008299827576,29.83425414364641,nan,13.141024768,3.68549888,5.20497152,226.721615872,86.05001728,13.0,0.0,13,11.927937023999998
50.98675866921743,27.900552486187845,nan,13.141024768,3.68549888,5.20497152,226.721619968,86.05001728,12.0,0.0,13,11.927932927999997
51.00343166589737,29.83425414364641,nan,13.141024768,3.68549888,5.20497152,226.721656832,86.05001728,13.0,0.0,13,11.922329599999998
51.0201074997584,29.83425414364641,nan,13.141024768,3.68549888,5.20497152,226.7216896,86.05001728,13.0,0.0,13,11.922296831999997
51.03678002357483,29.83425414364641,nan,13.141024768,3.68549888,5.20497152,226.721693696,86.05001728,13.0,0.0,13,11.922292736
51.05345350901286,29.83425414364641,nan,13.141024768,3.68549888,5.20497152,226.72173056,86.05001728,13.0,0.0,13,11.922255871999997
51.070127169291176,29.83425414364641,nan,13.141024768,3.68549888,5.20497152,226.72173056,86.05001728,13.0,0.0,13,11.922255871999997
51.08679965734482,27.900552486187845,nan,13.141024768,3.685515264,5.20497152,226.721734656,86.05001728,12.0,0.0,13,11.922235392000001
51.10347493092219,29.972375690607734,nan,13.141024768,3.68549888,5.20497152,226.721746944,86.05001728,13.0,0.0,13,11.922239487999999
51.120148905118306,29.972375690607734,nan,13.141024768,3.68549888,5.20497152,226.72175104,86.05001728,13.0,0.0,13,11.922493439999997
51.13682444492976,29.972375690607734,nan,13.141024768,3.68549888,5.20497152,226.721755136,86.05001728,13.0,0.0,13,11.922489343999999
51.15349419514338,29.972375690607734,nan,13.141024768,3.68549888,5.20497152,226.721759232,86.05001728,13.0,0.0,13,11.922485247999997
51.17016617457072,29.972375690607734,nan,13.141024768,3.68549888,5.20497152,226.721759232,86.05001728,13.0,0.0,13,11.922485247999997
51.18684263626734,29.972375690607734,nan,13.141024768,3.68549888,5.20497152,226.721763328,86.05001728,13.0,0.0,13,11.922481152
51.20351589918137,29.972375690607734,nan,13.141024768,3.68549888,5.20497152,226.721767424,86.05001728,13.0,0.0,13,11.922477055999998
51.22019249200821,29.972375690607734,nan,13.141024768,3.68549888,5.20497152,226.721767424,86.05001728,13.0,0.0,13,11.922477055999998
51.236865182717644,29.972375690607734,nan,13.141024768,3.68549888,5.20497152,226.72177152,86.05001728,13.0,0.0,13,11.922472959999997
51.25354500214259,29.972375690607734,nan,13.141024768,3.68549888,5.20497152,226.721775616,86.05001728,13.0,0.0,13,11.922468863999999
51.2702171087265,30.110497237569056,nan,13.141024768,3.68549888,5.20497152,226.721775616,86.05001728,13.0,0.0,13,11.922468863999999
51.28689010938009,30.110497237569056,nan,13.141024768,3.68549888,5.20497152,226.721779712,86.05001728,13.0,0.0,13,11.922464767999998
51.30356218020121,30.110497237569056,nan,13.141024768,3.68549888,5.20497152,226.721783808,86.05001728,13.0,0.0,13,11.922460672
51.32023575703303,30.24861878453039,nan,13.141024768,3.68549888,5.20497152,226.721783808,86.05001728,13.0,0.0,13,11.922460672
51.33690864642461,28.59116022099447,nan,13.141024768,3.68549888,5.20497152,226.721787904,86.05001728,12.0,0.0,13,11.922456575999998
51.35358139673869,30.24861878453039,nan,13.141024768,3.68549888,5.20497152,226.721804288,86.05001728,13.0,0.0,13,11.923181567999997
51.37025864521662,30.24861878453039,nan,13.141024768,3.68549888,5.20497152,226.721804288,86.05001728,13.0,0.0,13,11.923181567999997
51.38693137963613,30.24861878453039,nan,13.141024768,3.68549888,5.20497152,226.721808384,86.05001728,13.0,0.0,13,11.923177471999999
51.40360730489095,30.24861878453039,nan,13.141024768,3.68549888,5.20497152,226.72181248,86.05001728,13.0,0.0,13,11.923173375999998
51.42027979691823,30.24861878453039,nan,13.141024768,3.68549888,5.20497152,226.721816576,86.05001728,13.0,0.0,13,11.92316928
51.4369510213534,30.24861878453039,nan,13.141024768,3.68549888,5.20497152,226.721820672,86.05001728,13.0,0.0,13,11.923165183999998
51.453623648484545,28.59116022099447,nan,13.141024768,3.68549888,5.20497152,226.721824768,86.05001728,12.0,0.0,13,11.923161087999997
51.47029722929001,28.729281767955804,nan,13.141024768,3.68549888,5.234331648,226.728206336,86.05001728,12.0,0.0,13,11.917488127999999
51.48696991205215,25.96685082872928,nan,13.141024768,3.68549888,5.238525952,226.731741184,86.05001728,11.0,0.0,13,11.918082047999999
51.50364115635554,28.729281767955804,nan,13.141024768,3.68549888,5.238525952,226.731753472,86.05001728,12.0,0.0,13,11.918069759999998
51.520314474900566,29.005524861878452,nan,13.141024768,3.68549888,5.238525952,226.731810816,86.05001728,12.0,0.0,13,11.918241792
51.53698720534643,28.59116022099447,nan,13.141024768,3.68549888,5.238525952,226.731814912,86.05001728,12.0,0.0,13,11.918237695999998
51.5536609172821,28.59116022099447,nan,13.141024768,3.68549888,5.238525952,226.731851776,86.05001728,12.0,0.0,13,11.918200832
51.57033247947693,28.59116022099447,nan,13.141024768,3.68549888,5.238525952,226.731851776,86.05001728,12.0,0.0,13,11.918200832
51.587007749080655,28.729281767955804,nan,13.141024768,3.68549888,5.238525952,226.731933696,86.05001728,12.0,0.0,13,11.918118912
51.60367940664291,28.729281767955804,nan,13.141024768,3.68549888,5.238525952,226.731937792,86.05001728,12.0,0.0,13,11.918114816
51.62035355965296,28.729281767955804,nan,13.141024768,3.68549888,5.238525952,226.731978752,86.05001728,12.0,0.0,13,11.918589951999998
51.63702679872513,28.729281767955804,nan,13.141024768,3.68549888,5.238525952,226.731982848,86.05001728,12.0,0.0,13,11.920392191999998
51.653700200716656,28.729281767955804,nan,13.141024768,3.68549888,5.238525952,226.731986944,86.05001728,12.0,0.0,13,11.920388096
51.6703741868337,28.729281767955804,nan,13.141024768,3.68549888,5.238525952,226.731986944,86.05001728,12.0,0.0,13,11.920388096
51.687046754360196,28.729281767955804,nan,13.141024768,3.68549888,5.238525952,226.73199104,86.05001728,12.0,0.0,13,11.920383999999999
51.703718066215515,28.729281767955804,nan,13.141024768,3.68549888,5.238525952,226.732036096,86.05001728,12.0,0.0,13,11.920338944000001
51.7203914920489,26.104972375690604,nan,13.141024768,3.685515264,5.238525952,226.73207296,86.05001728,11.0,0.0,13,11.920515072
51.73706445296605,28.59116022099447,nan,13.141024768,3.685515264,5.238525952,226.732077056,86.05001728,12.0,0.0,13,11.920510976
51.75374532540639,30.24861878453039,nan,13.141024768,3.68549888,5.238525952,226.732085248,86.05001728,13.0,0.0,13,11.920519167999998
51.77041682402293,30.24861878453039,nan,13.141024768,3.68549888,5.238525952,226.732085248,86.05001728,13.0,0.0,13,11.920519167999998
51.78709383805593,30.386740331491712,nan,13.141024768,3.68549888,5.238525952,226.732138496,86.05001728,13.0,0.0,13,11.920465919999998
51.80376532077789,30.386740331491712,nan,13.141024768,3.68549888,5.238525952,226.732142592,86.05001728,13.0,0.0,13,11.920461824
51.820435289541884,30.386740331491712,nan,13.141024768,3.68549888,5.238525952,226.732158976,86.05001728,13.0,0.0,13,11.920445439999998
51.83710533777873,30.386740331491712,nan,13.141024768,3.68549888,5.238525952,226.732163072,86.05001728,13.0,0.0,13,11.920441344
51.85377545356751,30.386740331491712,nan,13.141024768,3.68549888,5.238525952,226.732167168,86.05001728,13.0,0.0,13,11.920437247999999
51.87044549783071,30.386740331491712,nan,13.141024768,3.68549888,5.238525952,226.732167168,86.05001728,13.0,0.0,13,11.920437247999999
51.88711894353231,28.729281767955804,nan,13.141024768,3.68549888,5.240623104,226.767220736,86.05001728,12.0,0.0,13,11.921735679999998
51.90379283825556,30.939226519337016,nan,13.141024768,3.68549888,5.240623104,226.767224832,86.05001728,13.0,0.0,13,11.921731584
51.92046618064244,30.524861878453034,nan,13.141024768,3.68549888,5.240623104,226.767233024,86.05001728,13.0,0.0,13,11.921723391999997
51.9371413230896,30.524861878453034,nan,13.141024768,3.68549888,5.240623104,226.767241216,86.05001728,13.0,0.0,13,11.921715199999998
51.953813147544864,30.524861878453034,nan,13.141024768,3.68549888,5.240623104,226.767245312,86.05001728,13.0,0.0,13,11.921711104
51.97048631111781,30.66298342541437,nan,13.141024768,3.68549888,5.240623104,226.767249408,86.05001728,13.0,0.0,13,11.921707007999998
51.987159983317056,30.939226519337016,nan,13.141024768,3.685515264,5.240623104,226.769215488,86.05001728,13.0,0.0,13,11.919724544000001
52.003832979997,30.66298342541437,nan,13.141024768,3.68549888,5.240623104,226.769219584,86.05001728,13.0,0.0,13,11.919736831999998
52.020503815015154,29.005524861878452,nan,13.141024768,3.68549888,5.240623104,226.769219584,86.05001728,12.0,0.0,13,11.919736831999998
52.037174073855084,29.005524861878452,nan,13.141024768,3.685515264,5.244817408,226.769227776,86.05001728,12.0,0.0,13,11.919712256
52.05384550889333,30.801104972375693,nan,13.141024768,3.68549888,5.244817408,226.769235968,86.05001728,13.0,0.0,13,11.919720448
52.0705158551534,30.801104972375693,nan,13.141024768,3.68549888,5.244817408,226.770284544,86.05001728,13.0,0.0,13,11.920736256000001
52.08718593120575,30.801104972375693,nan,13.141024768,3.68549888,5.244817408,226.77028864,86.05001728,13.0,0.0,13,11.92073216
52.10385642051697,30.801104972375693,nan,13.141024768,3.68549888,5.244817408,226.770292736,86.05001728,13.0,0.0,13,11.920728063999999
52.120528837045036,30.801104972375693,nan,13.141024768,3.68549888,5.244817408,226.770292736,86.05001728,13.0,0.0,13,11.920728063999999
52.137201102574664,30.939226519337016,nan,13.141024768,3.68549888,5.244817408,226.770296832,86.05001728,13.0,0.0,13,11.920723968
52.15387568473816,30.939226519337016,nan,13.141024768,3.68549888,5.244817408,226.770321408,86.05001728,13.0,0.0,13,11.920699392
52.170550632476804,29.281767955801108,nan,13.141024768,3.68549888,5.244817408,226.770890752,86.05001728,12.0,0.0,13,11.920130048
52.18722358942032,30.939226519337016,nan,13.141024768,3.68549888,5.244817408,226.771017728,86.05001728,13.0,0.0,13,11.92026112
52.20389356215795,30.939226519337016,nan,13.141024768,3.68549888,5.244817408,226.771021824,86.05001728,13.0,0.0,13,11.920257024000001
52.22056477864583,30.939226519337016,nan,13.141024768,3.68549888,5.244817408,226.771021824,86.05001728,13.0,0.0,13,11.920257024000001
52.23724069197973,31.077348066298338,nan,13.141024768,3.68549888,5.244817408,226.771054592,86.05001728,13.0,0.0,13,11.920224256000001
52.25391300121943,31.077348066298338,nan,13.141024768,3.68549888,5.244817408,226.771058688,86.05001728,13.0,0.0,13,11.92022016
52.270584392547605,31.077348066298338,nan,13.141024768,3.68549888,5.244817408,226.771120128,86.05001728,13.0,0.0,13,11.92015872
52.28725986083349,31.21546961325967,nan,13.141024768,3.68549888,5.244817408,226.771124224,86.05001728,13.0,0.0,13,11.920154623999998
52.303932869434355,31.21546961325967,nan,13.141024768,3.68549888,5.244817408,226.77112832,86.05001728,13.0,0.0,13,11.920150528
52.32060997486114,31.21546961325967,nan,13.141024768,3.68549888,5.244817408,226.77112832,86.05001728,13.0,0.0,13,11.920150528
52.337280758221944,31.21546961325967,nan,13.141024768,3.68549888,5.244817408,226.771132416,86.05001728,13.0,0.0,13,11.920146432
52.35395136276881,31.353591160220994,nan,13.141024768,3.68549888,5.244817408,226.771136512,86.05001728,13.0,0.0,13,11.920142336000001
52.3706209341685,31.353591160220994,nan,13.141024768,3.68549888,5.244817408,226.771136512,86.05001728,13.0,0.0,13,11.920142336000001
52.38729576269785,31.353591160220994,nan,13.141024768,3.68549888,5.244817408,226.771140608,86.05001728,13.0,0.0,13,11.92013824
52.40397520065308,28.867403314917127,nan,13.141024768,3.685609472,5.244817408,226.771156992,86.05001728,12.0,0.0,13,11.920011264000003
52.420646691322325,31.353591160220994,nan,13.141024768,3.685593088,5.244817408,226.77121024,86.05001728,13.0,0.0,13,11.919974400000001
52.437318917115526,31.491712707182316,nan,13.141024768,3.685593088,5.244817408,226.771214336,86.05001728,13.0,0.0,13,11.919970304
52.45399345556895,29.005524861878452,nan,13.141024768,3.685593088,5.244817408,226.77243904,86.05001728,12.0,0.0,13,11.919519743999999
52.47066642443339,29.005524861878452,nan,13.141024768,3.685593088,5.249019904,226.786729984,86.05001728,12.0,0.0,13,11.920445439999998
52.4873443643252,29.005524861878452,nan,13.141024768,3.685593088,5.253214208,226.802946048,86.05001728,12.0,0.0,13,11.928743936
52.504017277558646,29.005524861878452,nan,13.141024768,3.685593088,5.259505664,226.819649536,86.05001728,12.0,0.0,13,11.9289856
52.52069140672684,29.005524861878452,nan,13.141024768,3.685593088,5.337100288,226.828173312,86.05001728,12.0,0.0,13,11.931332608
52.53736292521159,27.209944751381222,nan,13.141024768,3.685593088,5.353877504,226.828238848,86.05001728,11.0,0.0,13,11.93076736
52.554033128420514,27.209944751381222,nan,13.141024768,3.685593088,5.368557568,226.828578816,86.05001728,11.0,0.0,13,11.928330239999998
52.570703407128654,27.209944751381222,nan,13.141024768,3.685593088,5.368557568,226.829443072,86.05001728,11.0,0.0,13,11.935297536
52.58737872044245,27.209944751381222,nan,13.141024768,3.685593088,4.640804864,226.755682304,86.05001728,11.0,0.0,12,11.942866943999999
52.6040581703186,27.209944751381222,nan,13.141024768,3.685593088,4.640804864,226.75572736,86.05001728,11.0,0.0,12,11.64859392
52.62073183457057,29.005524861878452,nan,13.141024768,3.685593088,4.640804864,226.755735552,86.05001728,12.0,0.0,12,11.641331712
52.637406555811566,29.005524861878452,nan,13.141024768,3.685593088,4.640804864,226.755739648,86.05001728,12.0,0.0,12,11.641257984
52.654079004128775,29.005524861878452,nan,13.141024768,3.685593088,4.640804864,226.7557888,86.05001728,12.0,0.0,12,11.641647104
52.67075075308482,29.005524861878452,nan,13.141024768,3.685593088,4.640804864,226.7557888,86.05001728,12.0,0.0,12,11.641647104
52.68742624123891,29.005524861878452,nan,13.141024768,3.685593088,4.640804864,226.755792896,86.05001728,12.0,0.0,12,11.640860671999999
52.70410787264506,29.005524861878452,nan,13.141024768,3.685593088,4.640804864,226.755796992,86.05001728,12.0,0.0,12,11.640856576000001
52.72078103621801,29.005524861878452,nan,13.141024768,3.685593088,4.640804864,226.755801088,86.05001728,12.0,0.0,12,11.64085248
52.73745985031128,29.005524861878452,nan,13.141024768,3.685593088,4.640804864,226.755805184,86.05001728,12.0,0.0,12,11.640848383999998
52.75413590272267,29.005524861878452,nan,13.141024768,3.685593088,4.640804864,226.755846144,86.05001728,12.0,0.0,12,11.640807423999998
52.770805772145586,29.005524861878452,nan,13.141024768,3.685593088,4.640804864,226.755846144,86.05001728,12.0,0.0,12,11.640807423999998
52.787475085258485,29.005524861878452,nan,13.141024768,3.685593088,4.640804864,226.75585024,86.05001728,12.0,0.0,12,11.640803328
52.80414972305298,29.005524861878452,nan,13.141024768,3.685593088,4.640804864,226.75585024,86.05001728,12.0,0.0,12,11.640803328
52.8208259622256,29.143646408839775,nan,13.141024768,3.685593088,4.640804864,226.755854336,86.05001728,12.0,0.0,12,11.640799231999999
52.837496574719744,29.143646408839775,nan,13.141024768,3.685593088,4.640804864,226.755858432,86.05001728,12.0,0.0,12,11.640795135999998
52.85417056878408,29.143646408839775,nan,13.141024768,3.685593088,4.640804864,226.755878912,86.05001728,12.0,0.0,12,11.640774655999998
52.87084456284841,27.348066298342545,nan,13.141024768,3.685593088,4.640804864,226.755883008,86.05001728,11.0,0.0,12,11.64077056
52.88751422166824,29.143646408839775,nan,13.141024768,3.685593088,4.640804864,226.755899392,86.05001728,12.0,0.0,12,11.640754175999998
52.90419323841731,29.143646408839775,nan,13.141024768,3.685593088,4.640804864,226.755899392,86.05001728,12.0,0.0,12,11.640754175999998
52.9208637992541,29.143646408839775,nan,13.141024768,3.685593088,4.640804864,226.755907584,86.05001728,12.0,0.0,12,11.640745983999999
52.93753877878189,29.143646408839775,nan,13.141024768,3.685593088,4.640804864,226.75591168,86.05001728,12.0,0.0,12,11.640741888
52.9542122443517,29.281767955801108,nan,13.141024768,3.685593088,4.640804864,226.75591168,86.05001728,12.0,0.0,12,11.640741888
52.97088426748912,29.281767955801108,nan,13.141024768,3.685593088,4.640804864,226.755915776,86.05001728,12.0,0.0,12,11.640737792
52.987553338209786,29.281767955801108,nan,13.141024768,3.685593088,4.640804864,226.755919872,86.05001728,12.0,0.0,12,11.640733695999998
53.00424570242564,29.281767955801108,nan,13.141024768,3.685593088,4.640804864,226.755948544,86.05001728,12.0,0.0,12,11.640963071999998
53.02091649373372,29.281767955801108,nan,13.141024768,3.685593088,4.640804864,226.75595264,86.05001728,12.0,0.0,12,11.640958976
53.03759136199951,29.281767955801108,nan,13.141024768,3.685593088,4.640804864,226.755956736,86.05001728,12.0,0.0,12,11.640954879999999
53.05426614284515,29.281767955801108,nan,13.141024768,3.685593088,4.640804864,226.755956736,86.05001728,12.0,0.0,12,11.640954879999999
53.070940665404,29.281767955801108,nan,13.141024768,3.685593088,4.640804864,226.755960832,86.05001728,12.0,0.0,12,11.640950784000001
53.08761047919591,29.41988950276243,nan,13.141024768,3.685593088,4.640804864,226.755964928,86.05001728,12.0,0.0,12,11.640946688
53.10428004264831,29.41988950276243,nan,13.141024768,3.685593088,4.640804864,226.75597312,86.05001728,12.0,0.0,12,11.640938496
53.12095314661662,29.41988950276243,nan,13.141024768,3.685593088,4.640804864,226.755977216,86.05001728,12.0,0.0,12,11.640934399999999
53.13762845198313,29.41988950276243,nan,13.141024768,3.685593088,4.640804864,226.755985408,86.05001728,12.0,0.0,12,11.641184255999999
53.15430178244909,29.41988950276243,nan,13.141024768,3.685593088,4.640804864,226.755985408,86.05001728,12.0,0.0,12,11.641184255999999
53.17097747325897,27.348066298342545,nan,13.141024768,3.685609472,4.640804864,226.755989504,86.05001728,11.0,0.0,12,11.64193792
53.18764687776566,29.005524861878452,nan,13.141024768,3.685593088,4.640804864,226.756112384,86.05001728,12.0,0.0,12,11.6420608
53.204316993554436,29.005524861878452,nan,13.141024768,3.685593088,4.640804864,226.756112384,86.05001728,12.0,0.0,12,11.6420608
53.22099481026331,29.005524861878452,nan,13.141024768,3.685593088,4.640804864,226.756120576,86.05001728,12.0,0.0,12,11.642052608
53.23766692479452,29.005524861878452,nan,13.141024768,3.685593088,4.640804864,226.756124672,86.05001728,12.0,0.0,12,11.642048511999999
53.25434226592382,29.005524861878452,nan,13.141024768,3.685593088,4.640804864,226.756124672,86.05001728,12.0,0.0,12,11.642048511999999
53.27101599375407,29.143646408839775,nan,13.141024768,3.685593088,4.640804864,226.756141056,86.05001728,12.0,0.0,12,11.642032128
53.287686129411064,29.143646408839775,nan,13.141024768,3.685593088,4.640804864,226.756145152,86.05001728,12.0,0.0,12,11.642028031999999
53.30436021089554,29.143646408839775,nan,13.141024768,3.685593088,4.640804864,226.756145152,86.05001728,12.0,0.0,12,11.642028031999999
53.32103281021118,29.143646408839775,nan,13.141024768,3.685593088,4.640804864,226.756149248,86.05001728,12.0,0.0,12,11.642023936000001
53.33770789305369,29.143646408839775,nan,13.141024768,3.685593088,4.640804864,226.756153344,86.05001728,12.0,0.0,12,11.64201984
53.354376471042634,29.143646408839775,nan,13.141024768,3.685593088,4.640804864,226.756153344,86.05001728,12.0,0.0,12,11.64201984
53.37105145057043,29.558011049723753,nan,13.141024768,3.685593088,4.640804864,226.756169728,86.05001728,12.0,0.0,12,11.642003455999998
53.38772637446721,29.281767955801108,nan,13.141024768,3.685593088,4.640804864,226.756173824,86.05001728,12.0,0.0,12,11.64199936
53.4043989777565,29.281767955801108,nan,13.141024768,3.685593088,4.640804864,226.756173824,86.05001728,12.0,0.0,12,11.64199936
53.42107533613841,29.281767955801108,nan,13.141024768,3.685593088,4.640804864,226.75617792,86.05001728,12.0,0.0,12,11.641995263999998
53.4377494653066,29.281767955801108,nan,13.141024768,3.685593088,4.640804864,226.756182016,86.05001728,12.0,0.0,12,11.641991168
53.45442473093669,29.281767955801108,nan,13.141024768,3.685593088,4.640804864,226.756182016,86.05001728,12.0,0.0,12,11.641991168
53.47109695672989,29.281767955801108,nan,13.141024768,3.685593088,4.640804864,226.756186112,86.05001728,12.0,0.0,12,11.641987072
53.48776865402858,29.281767955801108,nan,13.141024768,3.685593088,4.640804864,226.756190208,86.05001728,12.0,0.0,12,11.641982975999998
53.50444390773773,29.281767955801108,nan,13.141024768,3.685593088,4.640804864,226.756190208,86.05001728,12.0,0.0,12,11.641982975999998
53.521115601062775,29.281767955801108,nan,13.141024768,3.685593088,4.640804864,226.756194304,86.05001728,12.0,0.0,12,11.64197888
53.53779279390971,29.41988950276243,nan,13.141024768,3.685593088,4.640804864,226.756194304,86.05001728,12.0,0.0,12,11.64197888
53.554465707143144,27.62430939226519,nan,13.141024768,3.685593088,4.949086208,227.130916864,86.05001728,11.0,0.0,12,11.642810368
53.57114149332047,29.83425414364641,nan,13.141024768,3.685593088,5.001515008,227.130957824,86.05001728,12.0,0.0,12,11.644866559999999
53.587814843654634,29.41988950276243,nan,13.141024768,3.685593088,5.001515008,227.130957824,86.05001728,12.0,0.0,12,11.644604415999998
53.6044935743014,29.41988950276243,nan,13.141024768,3.685593088,5.001515008,227.13096192,86.05001728,12.0,0.0,12,11.638759423999998
53.621163336435956,29.41988950276243,nan,13.141024768,3.685593088,5.001515008,227.130966016,86.05001728,12.0,0.0,12,11.637997567999998
53.63783589204152,29.41988950276243,nan,13.141024768,3.685593088,5.001515008,227.130970112,86.05001728,12.0,0.0,12,11.637993472
53.65450503826141,29.41988950276243,nan,13.141024768,3.685593088,5.001515008,227.131068416,86.05001728,12.0,0.0,12,11.637895167999998
53.67117508252462,27.071823204419886,nan,13.141024768,3.685609472,5.00361216,227.131076608,86.05001728,11.0,0.0,12,11.641225216000002
53.687850026289624,27.209944751381222,nan,13.141024768,3.685593088,5.00361216,227.131154432,86.05001728,11.0,0.0,12,11.641167872
53.70452569325765,26.933701657458563,nan,13.141024768,3.685593088,5.02458368,227.131232256,86.05001728,11.0,0.0,12,11.641090047999999
53.72120132048925,27.071823204419886,nan,13.141024768,3.685593088,5.02458368,227.131240448,86.05001728,11.0,0.0,12,11.641081856
53.73787706693013,28.867403314917127,nan,13.141024768,3.685593088,5.02458368,227.131244544,86.05001728,12.0,0.0,12,11.641077759999998
53.75454929272334,28.867403314917127,nan,13.141024768,3.685593088,5.02458368,227.13124864,86.05001728,12.0,0.0,12,11.64130304
53.7712220231692,29.005524861878452,nan,13.141024768,3.685593088,5.02458368,227.131252736,86.05001728,12.0,0.0,12,11.641298943999999
53.78789168198903,29.005524861878452,nan,13.141024768,3.685593088,5.02458368,227.131252736,86.05001728,12.0,0.0,12,11.641298943999999
53.80456091165543,29.005524861878452,nan,13.141024768,3.685593088,5.02458368,227.13126912,86.05001728,12.0,0.0,12,11.64128256
53.82123480637868,29.005524861878452,nan,13.141024768,3.685593088,5.02458368,227.131273216,86.05001728,12.0,0.0,12,11.641278463999999
53.83791305224101,22.651933701657455,nan,13.141024768,3.685941248,5.02458368,227.13157632,86.05001728,10.0,0.0,12,11.640111104000002
53.85458261171977,28.45303867403315,nan,13.141024768,3.685941248,5.02458368,227.131584512,86.05001728,12.0,0.0,12,11.639881728000002
53.87125542163849,26.519337016574585,nan,13.141024768,3.685941248,5.207035904,227.131588608,86.05001728,11.0,0.0,12,11.642490880000002
53.88792759180069,28.59116022099447,nan,13.141024768,3.685941248,5.207035904,227.1315968,86.05001728,12.0,0.0,12,11.642482688000003
53.904603497187296,28.59116022099447,nan,13.141024768,3.685941248,5.207035904,227.131600896,86.05001728,12.0,0.0,12,11.642478592000002
53.92127547264099,28.59116022099447,nan,13.141024768,3.685941248,5.207035904,227.131604992,86.05001728,12.0,0.0,12,11.642474496
53.937948656082156,28.59116022099447,nan,13.141024768,3.685941248,5.207035904,227.131670528,86.05001728,12.0,0.0,12,11.642408960000003
53.9546257575353,28.729281767955804,nan,13.141024768,3.685941248,5.207035904,227.131674624,86.05001728,12.0,0.0,12,11.636711424000003
53.9712975859642,28.729281767955804,nan,13.141024768,3.685941248,5.207035904,227.13167872,86.05001728,12.0,0.0,12,11.636543488000003
53.98796936273575,28.867403314917127,nan,13.141024768,3.685941248,5.207035904,227.13167872,86.05001728,12.0,0.0,12,11.636543488000003
54.00464556614558,28.867403314917127,nan,13.141024768,3.685941248,5.207035904,227.131691008,86.05001728,12.0,0.0,12,11.636531200000002
54.021319742997484,28.867403314917127,nan,13.141024768,3.685941248,5.207035904,227.131695104,86.05001728,12.0,0.0,12,11.636527104
54.03799195686976,28.867403314917127,nan,13.141024768,3.685941248,5.207035904,227.131695104,86.05001728,12.0,0.0,12,11.637014528
54.05466392834981,28.867403314917127,nan,13.141024768,3.685941248,5.207035904,227.1316992,86.05001728,12.0,0.0,12,11.637010432000002
54.071345436573026,28.867403314917127,nan,13.141024768,3.685941248,5.207035904,227.131703296,86.05001728,12.0,0.0,12,11.637006336
54.08801992336909,26.933701657458563,nan,13.141024768,3.685941248,5.207035904,227.131736064,86.05001728,11.0,0.0,12,11.636973568
54.10469053983688,26.933701657458563,nan,13.141024768,3.685941248,5.207035904,227.13174016,86.05001728,11.0,0.0,12,11.636969472000002
54.121362725893654,26.933701657458563,nan,13.141024768,3.685941248,5.207035904,227.131752448,86.05001728,11.0,0.0,12,11.636957184000002
54.13804207642873,26.933701657458563,nan,13.141024768,3.685941248,5.207035904,227.131752448,86.05001728,11.0,0.0,12,11.636957184000002
54.15471586386363,26.933701657458563,nan,13.141024768,3.685941248,5.207035904,227.131756544,86.05001728,11.0,0.0,12,11.636953088
54.171386528015134,26.933701657458563,nan,13.141024768,3.685941248,5.207035904,227.13176064,86.05001728,11.0,0.0,12,11.636948992000002
54.188061726093295,29.143646408839775,nan,13.141024768,3.685941248,5.207035904,227.131805696,86.05001728,12.0,0.0,12,11.636903936000001
54.204734834035236,28.867403314917127,nan,13.141024768,3.685941248,5.207035904,227.131809792,86.05001728,12.0,0.0,12,11.63689984
54.22141187985738,28.867403314917127,nan,13.141024768,3.685941248,5.207035904,227.131813888,86.05001728,12.0,0.0,12,11.636895744000002
54.23808293739955,28.867403314917127,nan,13.141024768,3.685941248,5.207035904,227.131813888,86.05001728,12.0,0.0,12,11.636895744000002
54.25475857655207,28.867403314917127,nan,13.141024768,3.685941248,5.207035904,227.131817984,86.05001728,12.0,0.0,12,11.636891648
54.271431624889374,28.867403314917127,nan,13.141024768,3.685941248,5.207035904,227.13182208,86.05001728,12.0,0.0,12,11.636887552000003
54.2881032983462,29.005524861878452,nan,13.141024768,3.685941248,5.207035904,227.13182208,86.05001728,12.0,0.0,12,11.636887552000003
54.30477443933487,27.071823204419886,nan,13.141024768,3.685957632,5.207035904,227.131830272,86.05001728,11.0,0.0,12,11.637092351999998
54.32144517103831,29.143646408839775,nan,13.141024768,3.685941248,5.207035904,227.13184256,86.05001728,12.0,0.0,12,11.637096448000003
54.338114603360495,29.143646408839775,nan,13.141024768,3.685941248,5.207035904,227.131846656,86.05001728,12.0,0.0,12,11.637092352000002
54.35478482246399,27.209944751381222,nan,13.141024768,3.685941248,5.207035904,227.131850752,86.05001728,11.0,0.0,12,11.637088256
54.37145600318909,29.281767955801108,nan,13.141024768,3.685941248,5.207035904,227.131854848,86.05001728,12.0,0.0,12,11.637342208000002
54.38812564611435,29.281767955801108,nan,13.141024768,3.685941248,5.207035904,227.131895808,86.05001728,12.0,0.0,12,11.637301248000002
54.404798177878064,29.281767955801108,nan,13.141024768,3.685941248,5.207035904,227.13192448,86.05001728,12.0,0.0,12,11.637272576000003
54.42147252957026,29.281767955801108,nan,13.141024768,3.685941248,5.207035904,227.13192448,86.05001728,12.0,0.0,12,11.637272576000003
54.43814348777135,29.281767955801108,nan,13.141024768,3.685941248,5.207035904,227.131928576,86.05001728,12.0,0.0,12,11.637268480000001
54.45481670300166,29.41988950276243,nan,13.141024768,3.685941248,5.207035904,227.131932672,86.05001728,12.0,0.0,12,11.637264384
54.471488519509634,29.41988950276243,nan,13.141024768,3.685941248,5.207035904,227.131936768,86.05001728,12.0,0.0,12,11.637260288000002
54.488158039251964,29.41988950276243,nan,13.141024768,3.685941248,5.207035904,227.131940864,86.05001728,12.0,0.0,12,11.637256192
54.50483007033666,29.41988950276243,nan,13.141024768,3.685941248,5.207035904,227.13194496,86.05001728,12.0,0.0,12,11.637252096000003
54.52150830030441,29.41988950276243,nan,13.141024768,3.685941248,5.207035904,227.13194496,86.05001728,12.0,0.0,12,11.637252096000003
54.5381810983022,29.41988950276243,nan,13.141024768,3.685941248,5.207035904,227.131949056,86.05001728,12.0,0.0,12,11.637248000000001
54.55485373735428,29.41988950276243,nan,13.141024768,3.685941248,5.207035904,227.131953152,86.05001728,12.0,0.0,12,11.637243904
54.571523888905844,29.41988950276243,nan,13.141024768,3.685941248,5.207035904,227.131953152,86.05001728,12.0,0.0,12,11.637243904
54.588196655114494,29.558011049723753,nan,13.141024768,3.685941248,5.207035904,227.131957248,86.05001728,12.0,0.0,12,11.637239808000002
54.60486716032028,29.558011049723753,nan,13.141024768,3.685941248,5.207035904,227.131961344,86.05001728,12.0,0.0,12,11.637235712
54.62154231071472,29.558011049723753,nan,13.141024768,3.685941248,5.207035904,227.131961344,86.05001728,12.0,0.0,12,11.637235712
54.638213296731315,27.486187845303867,nan,13.141024768,3.685957632,5.207035904,227.13196544,86.05001728,11.0,0.0,12,11.637215232
54.654885880152385,29.558011049723753,nan,13.141024768,3.685941248,5.207035904,227.132002304,86.05001728,12.0,0.0,12,11.637194752000001
54.67156126101812,29.558011049723753,nan,13.141024768,3.685941248,5.207035904,227.132002304,86.05001728,12.0,0.0,12,11.637194752000001
54.68823450009028,29.558011049723753,nan,13.141024768,3.685941248,5.207035904,227.1320064,86.05001728,12.0,0.0,12,11.643887616000002
54.704906737804414,29.558011049723753,nan,13.141024768,3.685941248,5.207035904,227.132010496,86.05001728,12.0,0.0,12,11.643883520000001
54.72157705624898,29.558011049723753,nan,13.141024768,3.685941248,5.207035904,227.132018688,86.05001728,12.0,0.0,12,11.643875328000002
54.738251117865246,29.558011049723753,nan,13.141024768,3.685941248,5.207035904,227.13204736,86.05001728,12.0,0.0,12,11.643846656000003
54.754923431078595,29.558011049723753,nan,13.141024768,3.685941248,5.207035904,227.132051456,86.05001728,12.0,0.0,12,11.643842560000001
54.77159542242686,29.558011049723753,nan,13.141024768,3.685941248,5.207035904,227.132051456,86.05001728,12.0,0.0,12,11.643842560000001
54.7882661541303,29.558011049723753,nan,13.141024768,3.685941248,5.207035904,227.132055552,86.05001728,12.0,0.0,12,11.643838464
54.80494058529536,29.558011049723753,nan,13.141024768,3.685941248,5.207035904,227.132059648,86.05001728,12.0,0.0,12,11.643834368000002
54.82161191701889,29.558011049723753,nan,13.141024768,3.685941248,5.207035904,227.132063744,86.05001728,12.0,0.0,12,11.643830272
54.83828378915787,29.558011049723753,nan,13.141024768,3.685941248,5.207035904,227.13206784,86.05001728,12.0,0.0,12,11.643826176000003
54.85495872497559,29.69613259668509,nan,13.141024768,3.685941248,5.207035904,227.132076032,86.05001728,12.0,0.0,12,11.643817984
54.8716300646464,29.69613259668509,nan,13.141024768,3.685941248,5.207035904,227.132076032,86.05001728,12.0,0.0,12,11.643817984
54.888303116957346,27.62430939226519,nan,13.141024768,3.685941248,5.207035904,227.132080128,86.05001728,11.0,0.0,12,11.643813888000002
54.90497529109319,29.83425414364641,nan,13.141024768,3.685941248,5.207035904,227.132260352,86.05001728,12.0,0.0,12,11.643863040000001
54.92164794603983,29.83425414364641,nan,13.141024768,3.685941248,5.207035904,227.132260352,86.05001728,12.0,0.0,12,11.643863040000001
54.938324499130246,27.900552486187845,nan,13.141024768,3.685957632,5.207035904,227.132276736,86.05001728,11.0,0.0,12,11.643830272
54.9549956480662,29.83425414364641,nan,13.141024768,3.685941248,5.207035904,227.132280832,86.05001728,12.0,0.0,12,11.643842560000001
54.971667850017546,29.83425414364641,nan,13.141024768,3.685941248,5.207035904,227.132280832,86.05001728,12.0,0.0,12,11.643842560000001
54.988343465328214,29.83425414364641,nan,13.141024768,3.685941248,5.207035904,227.132284928,86.05001728,12.0,0.0,12,11.643838464
55.00501652558645,29.83425414364641,nan,13.141024768,3.685941248,5.207035904,227.132325888,86.05001728,12.0,0.0,12,11.643797504
55.021694461504616,29.83425414364641,nan,13.141024768,3.685941248,5.207035904,227.132325888,86.05001728,12.0,0.0,12,11.643797504
55.03836312691371,29.83425414364641,nan,13.141024768,3.685941248,5.207035904,227.132329984,86.05001728,12.0,0.0,12,11.643793408000002
55.05503526528676,29.972375690607734,nan,13.141024768,3.685941248,5.207035904,227.13233408,86.05001728,12.0,0.0,12,11.643789312000001
55.07171088854472,29.972375690607734,nan,13.141024768,3.685941248,5.207035904,227.13233408,86.05001728,12.0,0.0,12,11.643789312000001
55.088385832309726,29.972375690607734,nan,13.141024768,3.685941248,5.207035904,227.132342272,86.05001728,12.0,0.0,12,11.643781120000002
55.10505794684092,29.972375690607734,nan,13.141024768,3.685941248,5.207035904,227.132342272,86.05001728,12.0,0.0,12,11.643781120000002
55.12173018058141,29.972375690607734,nan,13.141024768,3.685941248,5.207035904,227.132346368,86.05001728,12.0,0.0,12,11.643777024
55.13839993874232,29.972375690607734,nan,13.141024768,3.685941248,5.207035904,227.132350464,86.05001728,12.0,0.0,12,11.643772928000002
55.15507041215896,29.972375690607734,nan,13.141024768,3.685941248,5.207035904,227.132530688,86.05001728,12.0,0.0,12,11.643850752
55.1717445731163,29.972375690607734,nan,13.141024768,3.685941248,5.207035904,227.132534784,86.05001728,12.0,0.0,12,11.643846656000003
55.18841428756714,28.03867403314917,nan,13.141024768,3.685941248,5.207035904,227.13253888,86.05001728,11.0,0.0,12,11.643842560000001
55.205084780852,28.03867403314917,nan,13.141024768,3.685941248,5.207035904,227.13253888,86.05001728,11.0,0.0,12,11.643842560000001
55.22175779740016,28.176795580110493,nan,13.141024768,3.685941248,5.207035904,227.132542976,86.05001728,11.0,0.0,12,11.643838464
55.238429101308185,28.176795580110493,nan,13.141024768,3.685941248,5.207035904,227.132547072,86.05001728,11.0,0.0,12,11.643834368000002
55.25509946346283,28.176795580110493,nan,13.141024768,3.685941248,5.207035904,227.132567552,86.05001728,11.0,0.0,12,11.643813888000002
55.271774752934775,28.314917127071826,nan,13.141024768,3.685941248,5.207035904,227.132571648,86.05001728,11.0,0.0,12,11.643809792
55.28844805955887,28.314917127071826,nan,13.141024768,3.685941248,5.207035904,227.132575744,86.05001728,11.0,0.0,12,11.643805696000003
55.30512679417928,28.176795580110493,nan,13.141024768,3.685957632,5.207035904,227.132653568,86.05001728,11.0,0.0,12,11.643711488
55.321799492836,27.900552486187845,nan,13.141024768,3.685941248,5.207035904,227.132657664,86.05001728,11.0,0.0,12,11.643723776
55.33847241401672,27.900552486187845,nan,13.141024768,3.685941248,5.207035904,227.13266176,86.05001728,11.0,0.0,12,11.643719680000002
55.355141890048984,24.723756906077345,nan,13.141024768,3.686047744,5.21332736,227.132674048,86.05001728,10.0,0.0,12,11.645951999999998
55.37181493441264,28.867403314917127,nan,13.141024768,3.686047744,5.21332736,227.132895232,86.05001728,12.0,0.0,12,11.64509184
55.38848975102107,28.867403314917127,nan,13.141024768,3.686047744,5.21332736,227.132899328,86.05001728,12.0,0.0,12,11.645087743999998
55.40516169468562,28.867403314917127,nan,13.141024768,3.686047744,5.21332736,227.132899328,86.05001728,12.0,0.0,12,11.645087743999998
55.421833769480386,28.867403314917127,nan,13.141024768,3.686047744,5.21332736,227.13290752,86.05001728,12.0,0.0,12,11.645079551999999
55.43850820461909,28.867403314917127,nan,13.141024768,3.686047744,5.21332736,227.132911616,86.05001728,12.0,0.0,12,11.645075456
55.45518093506495,29.005524861878452,nan,13.141024768,3.686047744,5.21332736,227.132940288,86.05001728,12.0,0.0,12,11.645046783999998
55.47185097535451,29.005524861878452,nan,13.141024768,3.686047744,5.21332736,227.132944384,86.05001728,12.0,0.0,12,11.645042688
55.48852283557256,29.005524861878452,nan,13.141024768,3.686047744,5.21332736,227.13294848,86.05001728,12.0,0.0,12,11.645038591999999
55.505194123586016,29.41988950276243,nan,13.141024768,3.686047744,5.21332736,227.132956672,86.05001728,12.0,0.0,12,11.6450304
55.521874570846556,29.558011049723753,nan,13.141024768,3.686047744,5.21332736,227.132960768,86.05001728,12.0,0.0,12,11.645255679999998
55.53854350646337,29.143646408839775,nan,13.141024768,3.686047744,5.21332736,227.132964864,86.05001728,12.0,0.0,12,11.645251584
55.555214707056685,26.381215469613263,nan,13.141024768,3.686047744,5.678895104,227.535003648,86.05001728,11.0,0.0,12,11.659268096
55.571894045670824,24.309392265193374,nan,13.141024768,3.686064128,5.693575168,227.65203456,86.05001728,10.0,0.0,12,11.660468224000002
55.58856771787008,28.867403314917127,nan,13.141024768,3.686060032,5.693575168,227.652108288,86.05001728,12.0,0.0,12,11.66065664
55.60524584054947,28.867403314917127,nan,13.141024768,3.686060032,5.693575168,227.652108288,86.05001728,12.0,0.0,12,11.66065664
55.62192507187525,28.867403314917127,nan,13.141024768,3.686060032,5.693575168,227.652112384,86.05001728,12.0,0.0,12,11.660652544000001
55.63860309123993,26.933701657458563,nan,13.141024768,3.686076416,5.693575168,227.652120576,86.05001728,11.0,0.0,12,11.660627968000004
55.65527548392614,29.41988950276243,nan,13.141024768,3.686060032,5.693575168,227.652120576,86.05001728,12.0,0.0,12,11.660644352000002
55.67194683154424,29.005524861878452,nan,13.141024768,3.686060032,5.693575168,227.65225984,86.05001728,12.0,0.0,12,11.660763136
55.68861832618713,29.005524861878452,nan,13.141024768,3.686060032,5.693575168,227.652263936,86.05001728,12.0,0.0,12,11.660759040000002
55.70529488325119,29.005524861878452,nan,13.141024768,3.686060032,5.693575168,227.652263936,86.05001728,12.0,0.0,12,11.662032896
55.72196854352951,29.005524861878452,nan,13.141024768,3.686060032,5.693575168,227.652272128,86.05001728,12.0,0.0,12,11.662028800000002
55.738645235697426,29.005524861878452,nan,13.141024768,3.686060032,5.693575168,227.652276224,86.05001728,12.0,0.0,12,11.662024704
55.755317854881284,29.005524861878452,nan,13.141024768,3.686060032,5.693575168,227.652276224,86.05001728,12.0,0.0,12,11.662024704
55.771995369593306,26.79558011049724,nan,13.141024768,3.686076416,5.693575168,227.65228032,86.05001728,11.0,0.0,12,11.662004224000004
55.788669017950696,29.143646408839775,nan,13.141024768,3.686060032,5.693575168,227.652292608,86.05001728,12.0,0.0,12,11.662008320000002
55.80534154176712,29.143646408839775,nan,13.141024768,3.686060032,5.693575168,227.652292608,86.05001728,12.0,0.0,12,11.662008320000002
55.82201129595439,27.209944751381222,nan,13.141024768,3.686060032,5.693575168,227.652296704,86.05001728,11.0,0.0,12,11.662004224
55.838686203956605,29.281767955801108,nan,13.141024768,3.686060032,5.693575168,227.652308992,86.05001728,12.0,0.0,12,11.661991936
55.8553622841835,29.41988950276243,nan,13.141024768,3.686060032,5.693575168,227.652308992,86.05001728,12.0,0.0,12,11.661991936
55.87204100688299,29.41988950276243,nan,13.141024768,3.686060032,5.693575168,227.652313088,86.05001728,12.0,0.0,12,11.661987840000002
55.88871254126231,27.209944751381222,nan,13.141024768,3.686060032,5.693575168,227.65232128,86.05001728,11.0,0.0,12,11.661979647999999
55.90538530349731,27.209944751381222,nan,13.141024768,3.686060032,5.693575168,227.652325376,86.05001728,11.0,0.0,12,11.661975552000001
55.92205839157104,29.41988950276243,nan,13.141024768,3.686060032,5.693575168,227.652333568,86.05001728,12.0,0.0,12,11.661967360000002
55.93873053391774,29.558011049723753,nan,13.141024768,3.686060032,5.693575168,227.652333568,86.05001728,12.0,0.0,12,11.661967360000002
55.95540147225062,29.558011049723753,nan,13.141024768,3.686060032,5.693575168,227.65234176,86.05001728,12.0,0.0,12,11.661959168
55.972077937920886,29.558011049723753,nan,13.141024768,3.686060032,5.693575168,227.652345856,86.05001728,12.0,0.0,12,11.663216640000002
55.98874728679657,29.69613259668509,nan,13.141024768,3.686060032,5.693575168,227.6524032,86.05001728,12.0,0.0,12,11.663663104000001
56.00541623830795,29.69613259668509,nan,13.141024768,3.686060032,5.693575168,227.652407296,86.05001728,12.0,0.0,12,11.663659008
56.02208608388901,29.69613259668509,nan,13.141024768,3.686060032,5.693575168,227.652411392,86.05001728,12.0,0.0,12,11.663654912000002
56.03875750700633,29.69613259668509,nan,13.141024768,3.686060032,5.693575168,227.652411392,86.05001728,12.0,0.0,12,11.663654912000002
56.05542795658111,27.348066298342545,nan,13.141024768,3.686060032,5.693575168,227.652415488,86.05001728,11.0,0.0,12,11.663650816
56.072096439202625,27.348066298342545,nan,13.141024768,3.686060032,5.693575168,227.65244416,86.05001728,11.0,0.0,12,11.663622144000001
56.088767715295155,30.110497237569056,nan,13.141024768,3.686076416,5.693575168,227.652448256,86.05001728,12.0,0.0,12,11.663601664000002
56.10544099410375,29.83425414364641,nan,13.141024768,3.686060032,5.693575168,227.652456448,86.05001728,12.0,0.0,12,11.663609856
56.122112747033434,29.83425414364641,nan,13.141024768,3.686060032,5.693575168,227.652460544,86.05001728,12.0,0.0,12,11.66360576
56.13878578742345,29.83425414364641,nan,13.141024768,3.686060032,5.693575168,227.652460544,86.05001728,12.0,0.0,12,11.66360576
56.15545699993769,29.83425414364641,nan,13.141024768,3.686060032,5.693575168,227.652497408,86.05001728,12.0,0.0,12,11.663568896000001
56.172129893302916,27.209944751381222,nan,13.141024768,3.686187008,5.69567232,227.652554752,86.05001728,11.0,0.0,12,11.665969151999999
56.188799226284026,29.83425414364641,nan,13.141024768,3.686170624,5.69567232,227.652575232,86.05001728,12.0,0.0,12,11.665965056000001
56.20547240972519,29.83425414364641,nan,13.141024768,3.686170624,5.69567232,227.652579328,86.05001728,12.0,0.0,12,11.66596096
56.222145303090414,27.486187845303867,nan,13.141024768,3.686170624,5.69567232,227.65258752,86.05001728,11.0,0.0,12,11.665952768
56.23881804943085,27.486187845303867,nan,13.141024768,3.686170624,5.69567232,227.65258752,86.05001728,11.0,0.0,12,11.665952768
56.255491415659584,29.83425414364641,nan,13.141024768,3.686170624,5.69567232,227.65264896,86.05001728,12.0,0.0,12,11.665891328
56.272164857387544,29.83425414364641,nan,13.141024768,3.686170624,5.69567232,227.652653056,86.05001728,12.0,0.0,12,11.665887232000003
56.28884470860164,29.83425414364641,nan,13.141024768,3.686170624,5.69567232,227.652698112,86.05001728,12.0,0.0,12,11.665842176000002
56.30551433960597,29.83425414364641,nan,13.141024768,3.686170624,5.69567232,227.652702208,86.05001728,12.0,0.0,12,11.66583808
56.322183175881705,29.83425414364641,nan,13.141024768,3.686170624,5.69567232,227.652706304,86.05001728,12.0,0.0,12,11.665833984000002
56.33885696729024,29.83425414364641,nan,13.141024768,3.686170624,5.69567232,227.652706304,86.05001728,12.0,0.0,12,11.665833984000002
56.35552848180135,29.83425414364641,nan,13.141024768,3.686170624,5.69567232,227.6527104,86.05001728,12.0,0.0,12,11.665829888000001
56.372200886408486,27.486187845303867,nan,13.141024768,3.686170624,5.91587328,227.846623232,86.05001728,11.0,0.0,12,11.667603456000002
56.3888794819514,21.685082872928174,nan,13.141024768,3.686187008,6.01024512,227.846791168,86.05001728,9.0,0.0,12,11.673710591999999
56.40555328528087,20.441988950276247,nan,13.141024768,3.686187008,6.012342272,227.846897664,86.05001728,9.0,0.0,12,11.671736319999999
56.42222845156987,29.41988950276243,nan,13.141024768,3.686879232,6.012342272,227.84712704,86.05001728,12.0,0.0,12,11.672334336
56.43890372912089,29.41988950276243,nan,13.141024768,3.686879232,6.012342272,227.84718848,86.05001728,12.0,0.0,12,11.672272896
56.45558028618495,29.41988950276243,nan,13.141024768,3.686879232,6.012342272,227.847192576,86.05001728,12.0,0.0,12,11.672268800000003
56.472259839375816,29.41988950276243,nan,13.141024768,3.686879232,6.012342272,227.847278592,86.05001728,12.0,0.0,12,11.672182784000002
56.48892947435379,29.41988950276243,nan,13.141024768,3.686879232,6.012342272,227.847348224,86.05001728,12.0,0.0,12,11.671998464
56.50560913880666,29.41988950276243,nan,13.141024768,3.686879232,6.012342272,227.847360512,86.05001728,12.0,0.0,12,11.669938176
56.5222817381223,29.41988950276243,nan,13.141024768,3.686879232,6.012342272,227.847426048,86.05001728,12.0,0.0,12,11.669872640000003
56.53895945151647,29.41988950276243,nan,13.141024768,3.686879232,6.012342272,227.847426048,86.05001728,12.0,0.0,12,11.668713472000002
56.55563184420268,29.41988950276243,nan,13.141024768,3.686879232,6.012342272,227.847430144,86.05001728,12.0,0.0,12,11.667410944000002
56.57230914831162,29.41988950276243,nan,13.141024768,3.686879232,6.012342272,227.84743424,86.05001728,12.0,0.0,12,11.666534400000002
56.58898079792659,29.41988950276243,nan,13.141024768,3.686879232,6.012342272,227.84743424,86.05001728,12.0,0.0,12,11.666534400000002
56.60565261443456,29.41988950276243,nan,13.141024768,3.686879232,6.012342272,227.847467008,86.05001728,12.0,0.0,12,11.666501632000001
56.62232504288355,29.41988950276243,nan,13.141024768,3.686879232,6.012342272,227.847471104,86.05001728,12.0,0.0,12,11.666497536
56.63899940252304,29.41988950276243,nan,13.141024768,3.686879232,6.012342272,227.847471104,86.05001728,12.0,0.0,12,11.664433152000003
56.65567662715912,27.486187845303867,nan,13.141024768,3.686879232,6.012342272,227.8474752,86.05001728,11.0,0.0,12,11.663966208
56.67235256830851,29.69613259668509,nan,13.141024768,3.686895616,6.016536576,227.84751616,86.05001728,12.0,0.0,12,11.663908864
56.68902748823166,29.41988950276243,nan,13.141024768,3.686879232,6.016536576,227.847520256,86.05001728,12.0,0.0,12,11.663921152
56.70570118824641,29.41988950276243,nan,13.141024768,3.686879232,6.016536576,227.847524352,86.05001728,12.0,0.0,12,11.664146432000003
56.722379171848296,27.071823204419886,nan,13.141024768,3.686895616,6.016536576,227.84753664,86.05001728,11.0,0.0,12,11.668541439999998
56.73905830780665,29.41988950276243,nan,13.141024768,3.686879232,6.016536576,227.847540736,86.05001728,12.0,0.0,12,11.668553728000003
56.755731439590456,29.558011049723753,nan,13.141024768,3.686879232,6.016536576,227.847544832,86.05001728,12.0,0.0,12,11.668549632000001
56.77240722974141,29.558011049723753,nan,13.141024768,3.686879232,6.016536576,227.847569408,86.05001728,12.0,0.0,12,11.668525056
56.789077246189116,29.558011049723753,nan,13.141024768,3.686879232,6.016536576,227.847569408,86.05001728,12.0,0.0,12,11.668525056
56.8057519475619,29.558011049723753,nan,13.141024768,3.686879232,6.016536576,227.847593984,86.05001728,12.0,0.0,12,11.668500480000002
56.82242590586345,29.558011049723753,nan,13.141024768,3.686879232,6.016536576,227.847593984,86.05001728,12.0,0.0,12,11.668500480000002
56.83909922838211,27.209944751381222,nan,13.141024768,3.686879232,6.016536576,227.84759808,86.05001728,11.0,0.0,12,11.668496384
56.85577785174052,27.62430939226519,nan,13.141024768,3.686879232,6.016536576,227.847606272,86.05001728,11.0,0.0,12,11.668488192000002
56.872452501455946,27.62430939226519,nan,13.141024768,3.686879232,6.018633728,227.859689472,86.05001728,11.0,0.0,12,11.6723712
56.889124544461566,27.62430939226519,nan,13.141024768,3.686879232,6.018633728,227.862867968,86.05001728,11.0,0.0,12,11.669966848000001
56.90579339265823,27.62430939226519,nan,13.141024768,3.686879232,6.02073088,227.862872064,86.05001728,11.0,0.0,12,11.672059904
56.922464176019034,27.62430939226519,nan,13.141024768,3.686879232,6.02073088,227.862872064,86.05001728,11.0,0.0,12,11.672059904
56.9391402165095,27.62430939226519,nan,13.141024768,3.686879232,6.02073088,227.86287616,86.05001728,11.0,0.0,12,11.672055808000001
56.95581138531367,24.861878453038678,nan,13.141024768,3.686879232,6.022828032,227.868807168,86.05001728,10.0,0.0,12,11.670286336
56.97248576879501,25.0,nan,13.141024768,3.686879232,6.024925184,227.888914432,86.05001728,10.0,0.0,12,11.668533248
56.98915975491206,25.0,nan,13.141024768,3.686879232,6.027022336,227.907178496,86.05001728,10.0,0.0,12,11.667525632000002
57.005835115909576,22.651933701657455,nan,13.141024768,3.686879232,5.188104192,227.706220544,86.05001728,9.0,0.0,11,11.661443072
57.02250823577245,25.0,nan,13.141024768,3.686879232,5.286670336,227.714564096,86.05001728,10.0,0.0,11,11.385745408000002
57.0391819636027,25.0,nan,13.141024768,3.686879232,5.305544704,227.72369408,86.05001728,10.0,0.0,11,11.390578688000002
57.05585793654124,25.0,nan,13.141024768,3.686879232,5.307641856,227.730628608,86.05001728,10.0,0.0,11,11.389304832
57.07253113190333,25.0,nan,13.141024768,3.686879232,5.307641856,227.731034112,86.05001728,10.0,0.0,11,11.387580416000002
57.08920185565948,25.0,nan,13.141024768,3.686879232,4.158312448,227.456483328,86.05001728,10.0,0.0,10,11.377115136
57.105876270929976,25.0,nan,13.141024768,3.686879232,4.158312448,227.374276608,86.05001728,10.0,0.0,10,11.085152256
57.122550729910536,25.0,nan,13.141024768,3.686879232,4.158312448,227.374276608,86.05001728,10.0,0.0,10,11.08504576
57.139223249753314,25.0,nan,13.141024768,3.686879232,4.158312448,227.374280704,86.05001728,10.0,0.0,10,11.085041664000002
57.15589725971222,25.138121546961322,nan,13.141024768,3.686879232,4.158312448,227.374288896,86.05001728,10.0,0.0,10,11.085189119999999
57.17257528702418,25.41436464088398,nan,13.141024768,3.686879232,4.158312448,227.374288896,86.05001728,10.0,0.0,10,11.085189119999999
57.18924463987351,25.41436464088398,nan,13.141024768,3.686879232,4.158312448,227.374292992,86.05001728,10.0,0.0,10,11.085185024000001
57.20591835578283,23.066298342541437,nan,13.141024768,3.686895616,4.158312448,227.374297088,86.05001728,9.0,0.0,10,11.084636159999999
57.22259186506271,24.723756906077345,nan,13.141024768,3.686879232,4.158312448,227.374444544,86.05001728,10.0,0.0,10,11.084271616000002
57.23926376899083,24.723756906077345,nan,13.141024768,3.686879232,4.158312448,227.37444864,86.05001728,10.0,0.0,10,11.084267520000001
57.25594155788421,24.723756906077345,nan,13.141024768,3.686879232,4.158312448,227.37444864,86.05001728,10.0,0.0,10,11.084267520000001
57.27261615196864,24.723756906077345,nan,13.141024768,3.686879232,4.158312448,227.374452736,86.05001728,10.0,0.0,10,11.084263424
57.2892918864886,24.723756906077345,nan,13.141024768,3.686879232,4.158312448,227.374456832,86.05001728,10.0,0.0,10,11.084488704000002
57.30596652825673,25.276243093922655,nan,13.141024768,3.686879232,4.158312448,227.374456832,86.05001728,10.0,0.0,10,11.083464704
57.32264410257339,24.861878453038678,nan,13.141024768,3.686879232,4.158312448,227.374465024,86.05001728,10.0,0.0,10,11.083456512000001
57.3393180569013,24.861878453038678,nan,13.141024768,3.686879232,4.158312448,227.37446912,86.05001728,10.0,0.0,10,11.083452416
57.35599343379339,24.861878453038678,nan,13.141024768,3.686879232,4.158312448,227.37446912,86.05001728,10.0,0.0,10,11.082362880000002
57.37266645431519,25.138121546961322,nan,13.141024768,3.686879232,4.158312448,227.374473216,86.05001728,10.0,0.0,10,11.081170944
57.389345248540245,25.138121546961322,nan,13.141024768,3.686879232,4.158312448,227.374477312,86.05001728,10.0,0.0,10,11.081166848000002
57.406014784177145,25.138121546961322,nan,13.141024768,3.686879232,4.158312448,227.374477312,86.05001728,10.0,0.0,10,11.081166848000002
57.42268404563268,25.138121546961322,nan,13.141024768,3.686879232,4.158312448,227.374481408,86.05001728,10.0,0.0,10,11.081392128000001
57.43935684363047,25.138121546961322,nan,13.141024768,3.686879232,4.158312448,227.374485504,86.05001728,10.0,0.0,10,11.081388032
57.45602605342865,25.138121546961322,nan,13.141024768,3.686879232,4.158312448,227.374485504,86.05001728,10.0,0.0,10,11.081388032
57.472696443398796,25.138121546961322,nan,13.141024768,3.686879232,4.158312448,227.3744896,86.05001728,10.0,0.0,10,11.081383936000002
57.489370266596474,25.138121546961322,nan,13.141024768,3.686879232,4.158312448,227.374493696,86.05001728,10.0,0.0,10,11.081117696
57.506043167908985,25.138121546961322,nan,13.141024768,3.686879232,4.158312448,227.374493696,86.05001728,10.0,0.0,10,11.081117696
57.52271703879038,25.138121546961322,nan,13.141024768,3.686879232,4.158312448,227.374497792,86.05001728,10.0,0.0,10,11.081113600000002
57.539390071233115,25.138121546961322,nan,13.141024768,3.686879232,4.158312448,227.374501888,86.05001728,10.0,0.0,10,11.081367552
57.55605937242508,25.138121546961322,nan,13.141024768,3.686879232,4.158312448,227.374501888,86.05001728,10.0,0.0,10,11.081367552
57.572730950514476,25.138121546961322,nan,13.141024768,3.686879232,4.158312448,227.374505984,86.05001728,10.0,0.0,10,11.081363456000002
57.58941024541855,25.276243093922655,nan,13.141024768,3.686879232,4.158312448,227.374505984,86.05001728,10.0,0.0,10,11.081363456000002
57.60608676274617,25.276243093922655,nan,13.141024768,3.686879232,4.158312448,227.37451008,86.05001728,10.0,0.0,10,11.08135936
57.622755753993985,25.276243093922655,nan,13.141024768,3.686879232,4.158312448,227.374518272,86.05001728,10.0,0.0,10,11.081351168000001
57.639425035317736,25.276243093922655,nan,13.141024768,3.686879232,4.158312448,227.374518272,86.05001728,10.0,0.0,10,11.081351168000001
57.65609741608302,25.82872928176796,nan,13.141024768,3.686879232,4.158312448,227.374522368,86.05001728,10.0,0.0,10,11.081347072
57.6727690855662,25.41436464088398,nan,13.141024768,3.686879232,4.158312448,227.374534656,86.05001728,10.0,0.0,10,11.081334784
57.68943959871928,25.41436464088398,nan,13.141024768,3.686879232,4.158312448,227.374534656,86.05001728,10.0,0.0,10,11.081334784
57.7061127503713,25.41436464088398,nan,13.141024768,3.686879232,4.158312448,227.374538752,86.05001728,10.0,0.0,10,11.081330688000001
57.72278402646383,25.41436464088398,nan,13.141024768,3.686879232,4.158312448,227.374542848,86.05001728,10.0,0.0,10,11.081326592
57.73946123520533,25.41436464088398,nan,13.141024768,3.686879232,4.158312448,227.374542848,86.05001728,10.0,0.0,10,11.081842688000002
57.75613470077515,25.41436464088398,nan,13.141024768,3.686879232,4.158312448,227.374587904,86.05001728,10.0,0.0,10,11.081515008
57.77281090021133,25.41436464088398,nan,13.141024768,3.686879232,4.158312448,227.374592,86.05001728,10.0,0.0,10,11.081510912000002
57.7894825498263,25.41436464088398,nan,13.141024768,3.686879232,4.158312448,227.374592,86.05001728,10.0,0.0,10,11.081510912000002
57.806159579753874,25.41436464088398,nan,13.141024768,3.686879232,4.158312448,227.374596096,86.05001728,10.0,0.0,10,11.081506816000001
57.822833275794984,25.41436464088398,nan,13.141024768,3.686879232,4.158312448,227.374600192,86.05001728,10.0,0.0,10,11.08150272
57.83950583140055,25.41436464088398,nan,13.141024768,3.686879232,4.158312448,227.374600192,86.05001728,10.0,0.0,10,11.08150272
57.85617844263712,22.928176795580114,nan,13.141024768,3.686879232,4.158312448,227.374608384,86.05001728,9.0,0.0,10,11.081494528
57.872853271166484,22.928176795580114,nan,13.141024768,3.686879232,4.158312448,227.374608384,86.05001728,9.0,0.0,10,11.081494528
57.88952915668487,25.82872928176796,nan,13.141024768,3.686879232,4.158312448,227.374616576,86.05001728,10.0,0.0,10,11.081486336000001
57.906202085812886,25.41436464088398,nan,13.141024768,3.686879232,4.158312448,227.374620672,86.05001728,10.0,0.0,10,11.08148224
57.92287511428197,25.41436464088398,nan,13.141024768,3.686879232,4.158312448,227.374620672,86.05001728,10.0,0.0,10,11.08148224
57.93954404592514,25.41436464088398,nan,13.141024768,3.686879232,4.158312448,227.374624768,86.05001728,10.0,0.0,10,11.081478144000002
57.95621834993362,25.41436464088398,nan,13.141024768,3.686879232,4.158312448,227.374645248,86.05001728,10.0,0.0,10,11.081457664000002
57.97289375861486,25.41436464088398,nan,13.141024768,3.686879232,4.158312448,227.374645248,86.05001728,10.0,0.0,10,11.081457664000002
57.98956576983134,25.41436464088398,nan,13.141024768,3.686879232,4.158312448,227.374649344,86.05001728,10.0,0.0,10,11.081453568
58.006234447161354,25.41436464088398,nan,13.141024768,3.686879232,4.158312448,227.37465344,86.05001728,10.0,0.0,10,11.081449472
58.022912152608235,25.41436464088398,nan,13.141024768,3.686879232,4.158312448,227.374661632,86.05001728,10.0,0.0,10,11.08144128
58.0395840883255,25.41436464088398,nan,13.141024768,3.686879232,4.158312448,227.374665728,86.05001728,10.0,0.0,10,11.081437184000002
58.05625990629196,25.41436464088398,nan,13.141024768,3.686879232,4.158312448,227.374669824,86.05001728,10.0,0.0,10,11.081433088
58.07293115854263,25.41436464088398,nan,13.141024768,3.686879232,4.158312448,227.374669824,86.05001728,10.0,0.0,10,11.081433088
58.08960214853287,25.41436464088398,nan,13.141024768,3.686879232,4.158312448,227.37467392,86.05001728,10.0,0.0,10,11.073933312000001
58.10627288420995,25.41436464088398,nan,13.141024768,3.686879232,4.158312448,227.374678016,86.05001728,10.0,0.0,10,11.072819200000001
58.12294844388962,25.41436464088398,nan,13.141024768,3.686879232,4.158312448,227.374678016,86.05001728,10.0,0.0,10,11.072819200000001
58.13961713711421,22.928176795580114,nan,13.141024768,3.686879232,4.158312448,227.374682112,86.05001728,9.0,0.0,10,11.072815104
58.15629283984502,22.928176795580114,nan,13.141024768,3.686879232,4.166701056,227.374682112,86.05001728,9.0,0.0,10,11.072815104
58.172963388760884,22.928176795580114,nan,13.141024768,3.686879232,4.166701056,227.374686208,86.05001728,9.0,0.0,10,11.072811007999999
58.18963700930278,25.41436464088398,nan,13.141024768,3.686879232,4.166701056,227.374698496,86.05001728,10.0,0.0,10,11.072798720000002
58.20631105899811,25.41436464088398,nan,13.141024768,3.686879232,4.166701056,227.374698496,86.05001728,10.0,0.0,10,11.072798720000002
58.222982414563496,25.41436464088398,nan,13.141024768,3.686879232,4.166701056,227.374702592,86.05001728,10.0,0.0,10,11.072794624
58.239655927817026,25.41436464088398,nan,13.141024768,3.686879232,4.166701056,227.374706688,86.05001728,10.0,0.0,10,11.072790527999999
58.25632736682892,25.41436464088398,nan,13.141024768,3.686879232,4.166701056,227.374706688,86.05001728,10.0,0.0,10,11.072790527999999
58.273008553187054,25.41436464088398,nan,13.141024768,3.686879232,4.166701056,227.37471488,86.05001728,10.0,0.0,10,11.072782336
58.2896782040596,25.41436464088398,nan,13.141024768,3.686879232,4.166701056,227.374718976,86.05001728,10.0,0.0,10,11.072778240000002
58.30635228554408,25.41436464088398,nan,13.141024768,3.686879232,4.166701056,227.374718976,86.05001728,10.0,0.0,10,11.072778240000002
58.323023454348245,25.41436464088398,nan,13.141024768,3.686879232,4.166701056,227.374723072,86.05001728,10.0,0.0,10,11.072774144
58.339698421955106,23.342541436464092,nan,13.141024768,3.686895616,4.166701056,227.37481728,86.05001728,9.0,0.0,10,11.072663551999998
58.35636931657791,25.0,nan,13.141024768,3.686879232,4.166701056,227.374850048,86.05001728,10.0,0.0,10,11.072905215999999
58.37304100592931,25.0,nan,13.141024768,3.686879232,4.166701056,227.374854144,86.05001728,10.0,0.0,10,11.072901120000001
58.38971234957377,25.0,nan,13.141024768,3.686879232,4.166701056,227.37485824,86.05001728,10.0,0.0,10,11.072897024
58.406384837627414,25.0,nan,13.141024768,3.686879232,4.166701056,227.374862336,86.05001728,10.0,0.0,10,11.072892928000002
58.42305866877238,25.552486187845304,nan,13.141024768,3.686879232,4.166701056,227.374866432,86.05001728,10.0,0.0,10,11.072888832
58.439731947580974,25.138121546961322,nan,13.141024768,3.686879232,4.166701056,227.374895104,86.05001728,10.0,0.0,10,11.072860160000001
58.45640351374944,25.138121546961322,nan,13.141024768,3.686879232,4.166701056,227.374895104,86.05001728,10.0,0.0,10,11.072860160000001
58.47307670513789,25.138121546961322,nan,13.141024768,3.686879232,4.166701056,227.3748992,86.05001728,10.0,0.0,10,11.072856064
58.4897471388181,22.651933701657455,nan,13.141024768,3.686879232,4.166701056,227.3748992,86.05001728,9.0,0.0,10,11.072856064
58.506419869263965,22.651933701657455,nan,13.141024768,3.686879232,4.166701056,227.374903296,86.05001728,9.0,0.0,10,11.072851967999998
58.523090449968976,22.651933701657455,nan,13.141024768,3.686879232,4.168798208,227.374997504,86.05001728,9.0,0.0,10,11.074854912000001
58.539762540658316,22.651933701657455,nan,13.141024768,3.686879232,4.168798208,227.374997504,86.05001728,9.0,0.0,10,11.074854912000001
58.55643219153087,25.138121546961322,nan,13.141024768,3.686879232,4.168798208,227.375009792,86.05001728,10.0,0.0,10,11.074842624
58.57310216824214,25.138121546961322,nan,13.141024768,3.686879232,4.168798208,227.375013888,86.05001728,10.0,0.0,10,11.074838528000003
58.58977249066035,25.276243093922655,nan,13.141024768,3.686879232,4.168798208,227.375013888,86.05001728,10.0,0.0,10,11.074838528000003
58.60644289255142,25.41436464088398,nan,13.141024768,3.686879232,4.168798208,227.375091712,86.05001728,10.0,0.0,10,11.074760704000001
58.62311192353567,25.552486187845304,nan,13.141024768,3.686879232,4.168798208,227.375095808,86.05001728,10.0,0.0,10,11.074756608
58.63978082736333,25.552486187845304,nan,13.141024768,3.686879232,4.168798208,227.375095808,86.05001728,10.0,0.0,10,11.074756608
58.65644998153051,25.552486187845304,nan,13.141024768,3.686879232,4.168798208,227.375099904,86.05001728,10.0,0.0,10,11.074752512000002
58.673119183381395,25.552486187845304,nan,13.141024768,3.686879232,4.168798208,227.375104,86.05001728,10.0,0.0,10,11.074748416
58.68981079260508,23.066298342541437,nan,13.141024768,3.686879232,4.168798208,227.375919104,86.05001728,9.0,0.0,10,11.074707456
58.706480316321056,23.066298342541437,nan,13.141024768,3.686879232,4.168798208,227.3759232,86.05001728,9.0,0.0,10,11.074703359999999
58.723149192333224,25.552486187845304,nan,13.141024768,3.686879232,4.168798208,227.376410624,86.05001728,10.0,0.0,10,11.075477504
58.73982344468435,25.552486187845304,nan,13.141024768,3.686879232,4.168798208,227.376410624,86.05001728,10.0,0.0,10,11.075477504
58.75649689833323,25.690607734806626,nan,13.141024768,3.686879232,4.168798208,227.37641472,86.05001728,10.0,0.0,10,11.078311936
58.77316550016403,25.690607734806626,nan,13.141024768,3.686879232,4.168798208,227.37641472,86.05001728,10.0,0.0,10,11.078311936
58.78984512885412,25.690607734806626,nan,13.141024768,3.686879232,4.168798208,227.37651712,86.05001728,10.0,0.0,10,11.078209536000001
58.80651806592941,25.96685082872928,nan,13.141024768,3.686879232,4.168798208,227.376525312,86.05001728,10.0,0.0,10,11.078201344000002
58.82319095134735,25.96685082872928,nan,13.141024768,3.686879232,4.168798208,227.376525312,86.05001728,10.0,0.0,10,11.078201344000002
58.839860411485034,25.96685082872928,nan,13.141024768,3.686879232,4.168798208,227.376529408,86.05001728,10.0,0.0,10,11.078197248
58.85653132597606,25.96685082872928,nan,13.141024768,3.686879232,4.168798208,227.376533504,86.05001728,10.0,0.0,10,11.078193152000003
58.87320081392924,25.96685082872928,nan,13.141024768,3.686879232,4.168798208,227.376533504,86.05001728,10.0,0.0,10,11.078193152000003
58.88987281322479,26.104972375690604,nan,13.141024768,3.686879232,4.168798208,227.3765376,86.05001728,10.0,0.0,10,11.078189056000001
58.90654673178991,26.104972375690604,nan,13.141024768,3.686879232,4.168798208,227.376541696,86.05001728,10.0,0.0,10,11.07818496
58.923217896620436,26.104972375690604,nan,13.141024768,3.686879232,4.168798208,227.376541696,86.05001728,10.0,0.0,10,11.07818496
58.93989202976227,26.104972375690604,nan,13.141024768,3.686879232,4.168798208,227.376545792,86.05001728,10.0,0.0,10,11.073077248000002
58.95656523307164,26.243093922651937,nan,13.141024768,3.687211008,4.19186688,227.383312384,86.05001728,10.0,0.0,10,11.075158016
58.9732430656751,25.82872928176796,nan,13.141024768,3.687211008,4.19186688,227.383361536,86.05001728,10.0,0.0,10,11.075837952
58.98991366227468,23.20441988950276,nan,13.141024768,3.687211008,4.19186688,227.383365632,86.05001728,9.0,0.0,10,11.075833856
59.00658536354701,23.20441988950276,nan,13.141024768,3.687211008,4.19186688,227.383369728,86.05001728,9.0,0.0,10,11.075829759999998
59.02325547933579,23.342541436464092,nan,13.141024768,3.687211008,4.19186688,227.383586816,86.05001728,9.0,0.0,10,11.083870208
59.03992620309194,23.342541436464092,nan,13.141024768,3.687211008,4.19186688,227.383599104,86.05001728,9.0,0.0,10,11.08385792
59.05659950971604,25.96685082872928,nan,13.141024768,3.687211008,4.19186688,227.383599104,86.05001728,10.0,0.0,10,11.08385792
59.07327692111333,25.96685082872928,nan,13.141024768,3.687211008,4.19186688,227.3836032,86.05001728,10.0,0.0,10,11.083853823999998
59.08995084762573,25.41436464088398,nan,13.141024768,3.687227392,4.19186688,227.383840768,86.05001728,10.0,0.0,10,11.083599872
59.106625417868294,25.138121546961322,nan,13.141024768,3.687211008,4.19186688,227.38393088,86.05001728,10.0,0.0,10,11.083526144
59.123296777407326,21.132596685082873,nan,13.141024768,3.68723968,4.200255488,227.38900992,86.05001728,9.0,0.0,10,11.078418432000001
59.13996877272924,25.276243093922655,nan,13.141024768,3.687223296,4.200255488,227.389022208,86.05001728,10.0,0.0,10,11.078422528
59.15664352178574,22.651933701657455,nan,13.141024768,3.687223296,4.200255488,227.389022208,86.05001728,9.0,0.0,10,11.078422528
59.1733177781105,22.651933701657455,nan,13.141024768,3.687223296,4.200255488,227.3890304,86.05001728,9.0,0.0,10,11.078414336000002
59.18999021053314,25.690607734806626,nan,13.141024768,3.687223296,4.200255488,227.389140992,86.05001728,10.0,0.0,10,11.077787648000001
59.20666248003642,25.276243093922655,nan,13.141024768,3.687223296,4.200255488,227.389145088,86.05001728,10.0,0.0,10,11.077480448
59.223333553473154,25.276243093922655,nan,13.141024768,3.687223296,4.200255488,227.389149184,86.05001728,10.0,0.0,10,11.077476352000001
59.24000504414241,25.276243093922655,nan,13.141024768,3.687395328,4.208644096,227.389267968,86.05001728,10.0,0.0,10,11.077644287999998
59.25667831897736,25.276243093922655,nan,13.141024768,3.687395328,4.208644096,227.389267968,86.05001728,10.0,0.0,10,11.077873663999998
59.273349603017174,25.276243093922655,nan,13.141024768,3.687395328,4.208644096,227.389272064,86.05001728,10.0,0.0,10,11.077869567999997
59.29001999298732,25.276243093922655,nan,13.141024768,3.687395328,4.208644096,227.389349888,86.05001728,10.0,0.0,10,11.077791743999999
59.306693224112195,25.276243093922655,nan,13.141024768,3.687395328,4.208644096,227.389349888,86.05001728,10.0,0.0,10,11.077791743999999
59.32336555719375,25.276243093922655,nan,13.141024768,3.687395328,4.208644096,227.38935808,86.05001728,10.0,0.0,10,11.077783552
59.340041081110634,25.690607734806626,nan,13.141024768,3.688554496,4.208644096,227.389370368,86.05001728,10.0,0.0,10,11.077570560000002
59.356714336077374,25.276243093922655,nan,13.141024768,3.688554496,4.208644096,227.389370368,86.05001728,10.0,0.0,10,11.077570560000002
59.37338709036509,25.276243093922655,nan,13.141024768,3.688554496,4.208644096,227.389374464,86.05001728,10.0,0.0,10,11.077566464
59.390056570370994,25.276243093922655,nan,13.141024768,3.688554496,4.208644096,227.389374464,86.05001728,10.0,0.0,10,11.077566464
59.40673076311747,22.651933701657455,nan,13.141024768,3.68857088,4.208644096,227.38937856,86.05001728,9.0,0.0,10,11.077545984
59.42340238889059,25.276243093922655,nan,13.141024768,3.688554496,4.208644096,227.389386752,86.05001728,10.0,0.0,10,11.077537792000001
59.44007699886958,25.276243093922655,nan,13.141024768,3.688554496,4.208644096,227.389386752,86.05001728,10.0,0.0,10,11.077050368000002
59.45675107240677,25.276243093922655,nan,13.141024768,3.688554496,4.208644096,227.389390848,86.05001728,10.0,0.0,10,11.077046272
59.473422845204674,25.276243093922655,nan,13.141024768,3.688554496,4.208644096,227.389394944,86.05001728,10.0,0.0,10,11.077042176000003
59.49009507894516,25.276243093922655,nan,13.141024768,3.688554496,4.208644096,227.389394944,86.05001728,10.0,0.0,10,11.077042176000003
59.506767853101096,25.276243093922655,nan,13.141024768,3.688554496,4.208644096,227.38939904,86.05001728,10.0,0.0,10,11.077038080000001
59.523439248402916,25.276243093922655,nan,13.141024768,3.688554496,4.208644096,227.389403136,86.05001728,10.0,0.0,10,11.077033984
59.540115284919736,25.276243093922655,nan,13.141024768,3.688554496,4.208644096,227.389411328,86.05001728,10.0,0.0,10,11.07728384
59.55679389635722,25.41436464088398,nan,13.141024768,3.688554496,4.208644096,227.389415424,86.05001728,10.0,0.0,10,11.077279744000002
59.573465371131896,25.41436464088398,nan,13.141024768,3.688554496,4.208644096,227.38941952,86.05001728,10.0,0.0,10,11.077275648
59.59014418522517,25.41436464088398,nan,13.141024768,3.688554496,4.208644096,227.38941952,86.05001728,10.0,0.0,10,11.077275648
59.60681747595469,25.41436464088398,nan,13.141024768,3.688554496,4.208644096,227.389423616,86.05001728,10.0,0.0,10,11.077271552000003
59.62348840634028,21.132596685082873,nan,13.141024768,3.688554496,4.208644096,227.389444096,86.05001728,9.0,0.0,10,11.077251072000003
59.640162614981335,25.41436464088398,nan,13.141024768,3.687759872,4.208644096,227.38946048,86.05001728,10.0,0.0,10,11.078225919999998
59.65683706601461,25.41436464088398,nan,13.141024768,3.687759872,4.208644096,227.389464576,86.05001728,10.0,0.0,10,11.078221824
59.67350885073344,25.41436464088398,nan,13.141024768,3.687759872,4.208644096,227.389464576,86.05001728,10.0,0.0,10,11.078221824
59.69017910559972,25.41436464088398,nan,13.141024768,3.687759872,4.208644096,227.389468672,86.05001728,10.0,0.0,10,11.078217727999998
59.706858491897584,22.928176795580114,nan,13.141024768,3.687759872,4.208644096,227.38948096,86.05001728,9.0,0.0,10,11.078463487999997
59.72353140115738,25.138121546961322,nan,13.141024768,3.687759872,4.214935552,227.389566976,86.05001728,10.0,0.0,10,11.079426047999998
59.74020851453145,25.138121546961322,nan,13.141024768,3.687759872,4.214935552,227.389571072,86.05001728,10.0,0.0,10,11.0795776
59.756882989406584,25.138121546961322,nan,13.141024768,3.687759872,4.214935552,227.389575168,86.05001728,10.0,0.0,10,11.079573503999999
59.77356585264206,25.138121546961322,nan,13.141024768,3.687759872,4.214935552,227.389579264,86.05001728,10.0,0.0,10,11.075956735999998
59.790241197745004,25.138121546961322,nan,13.141024768,3.687759872,4.214935552,227.38958336,86.05001728,10.0,0.0,10,11.076104191999999
59.80691500504812,25.138121546961322,nan,13.141024768,3.687759872,4.214935552,227.389612032,86.05001728,10.0,0.0,10,11.07607552
59.82358594338099,25.138121546961322,nan,13.141024768,3.687759872,4.214935552,227.38972672,86.05001728,10.0,0.0,10,11.075960832
59.84025874932607,25.138121546961322,nan,13.141024768,3.687759872,4.214935552,227.389730816,86.05001728,10.0,0.0,10,11.075956735999998
59.85693129698436,25.138121546961322,nan,13.141024768,3.687759872,4.214935552,227.389734912,86.05001728,10.0,0.0,10,11.07595264
59.873609991868335,22.513812154696133,nan,13.141024768,3.687759872,4.214935552,227.389734912,86.05001728,9.0,0.0,10,11.07595264
59.89028398593267,25.138121546961322,nan,13.141024768,3.687759872,4.214935552,227.389751296,86.05001728,10.0,0.0,10,11.076182016
59.90695851246516,25.138121546961322,nan,13.141024768,3.687759872,4.214935552,227.389755392,86.05001728,10.0,0.0,10,11.07617792
59.923633535703026,25.138121546961322,nan,13.141024768,3.687759872,4.214935552,227.389755392,86.05001728,10.0,0.0,10,11.077726207999998
59.94031029144923,25.138121546961322,nan,13.141024768,3.687759872,4.214935552,227.389759488,86.05001728,10.0,0.0,10,11.075645439999999
59.95698260466258,25.276243093922655,nan,13.141024768,3.687759872,4.214935552,227.389763584,86.05001728,10.0,0.0,10,11.075641343999997
59.97365961074829,25.276243093922655,nan,13.141024768,3.687759872,4.214935552,227.389804544,86.05001728,10.0,0.0,10,11.075600383999998
59.990331816673276,25.276243093922655,nan,13.141024768,3.687759872,4.214935552,227.38980864,86.05001728,10.0,0.0,10,11.075596288
60.007008985678354,25.276243093922655,nan,13.141024768,3.687759872,4.214935552,227.38980864,86.05001728,10.0,0.0,10,11.075596288
60.023681648572285,25.276243093922655,nan,13.141024768,3.687759872,4.214935552,227.389812736,86.05001728,10.0,0.0,10,11.075592191999998
60.040356532732645,25.41436464088398,nan,13.141024768,3.687759872,4.214935552,227.389816832,86.05001728,10.0,0.0,10,11.075846144
60.057028945287065,25.41436464088398,nan,13.141024768,3.687759872,4.214935552,227.389816832,86.05001728,10.0,0.0,10,11.075846144
60.073701592286426,25.552486187845304,nan,13.141024768,3.687759872,4.214935552,227.389820928,86.05001728,10.0,0.0,10,11.075842047999998
60.09038041035334,25.552486187845304,nan,13.141024768,3.687759872,4.214935552,227.389825024,86.05001728,10.0,0.0,10,11.075837952
60.107051106293994,21.270718232044196,nan,13.141024768,3.687759872,4.214935552,227.389825024,86.05001728,9.0,0.0,10,11.075837952
60.12372376521429,25.552486187845304,nan,13.14312192,3.687882752,4.214935552,227.389841408,86.05001728,10.0,0.0,10,11.073871872000002
60.14039642016093,25.552486187845304,nan,13.14312192,3.687882752,4.214935552,227.389845504,86.05001728,10.0,0.0,10,11.073867776
60.1570695122083,25.552486187845304,nan,13.14312192,3.687882752,4.214935552,227.389845504,86.05001728,10.0,0.0,10,11.073867776
60.173742020130156,25.552486187845304,nan,13.14312192,3.687882752,4.214935552,227.3898496,86.05001728,10.0,0.0,10,11.073863679999999
60.19041480223338,25.552486187845304,nan,13.14312192,3.687882752,4.214935552,227.389853696,86.05001728,10.0,0.0,10,11.073859584000001
60.207089841365814,25.552486187845304,nan,13.14312192,3.687882752,4.214935552,227.389853696,86.05001728,10.0,0.0,10,11.073859584000001
60.223763489723204,25.552486187845304,nan,13.14312192,3.687882752,4.214935552,227.389857792,86.05001728,10.0,0.0,10,11.073855488
60.240436152617136,25.552486187845304,nan,13.14312192,3.687882752,4.214935552,227.389861888,86.05001728,10.0,0.0,10,11.073851391999998
60.25711003144582,25.552486187845304,nan,13.14312192,3.687882752,4.214935552,227.389861888,86.05001728,10.0,0.0,10,11.073851391999998
60.2737827817599,25.690607734806626,nan,13.14312192,3.687882752,4.214935552,227.389865984,86.05001728,10.0,0.0,10,11.073847296
60.29045841693878,25.690607734806626,nan,13.14312192,3.687882752,4.214935552,227.389865984,86.05001728,10.0,0.0,10,11.073847296
60.30713041226069,22.928176795580114,nan,13.14312192,3.687882752,4.214935552,227.38987008,86.05001728,9.0,0.0,10,11.073843199999999
60.32380981445313,22.928176795580114,nan,13.14312192,3.687882752,4.214935552,227.389874176,86.05001728,9.0,0.0,10,11.073839104000001
60.340483518441516,22.928176795580114,nan,13.14312192,3.687899136,4.214935552,227.389874176,86.05001728,9.0,0.0,10,11.07382272
60.357157766819,25.82872928176796,nan,13.14312192,3.687882752,4.214935552,227.389886464,86.05001728,10.0,0.0,10,11.074584576
60.37383028268814,25.82872928176796,nan,13.14312192,3.687882752,4.214935552,227.38989056,86.05001728,10.0,0.0,10,11.074580479999998
60.390500823656716,25.82872928176796,nan,13.14312192,3.687882752,4.214935552,227.38989056,86.05001728,10.0,0.0,10,11.074580479999998
60.40717468261719,25.82872928176796,nan,13.14312192,3.687882752,4.214935552,227.38991104,86.05001728,10.0,0.0,10,11.074559999999998
60.423847206433614,25.82872928176796,nan,13.14312192,3.687882752,4.214935552,227.389919232,86.05001728,10.0,0.0,10,11.074551807999999
60.44052003622055,25.96685082872928,nan,13.14312192,3.687882752,4.214935552,227.389919232,86.05001728,10.0,0.0,10,11.074551807999999
60.45719315608343,23.20441988950276,nan,13.14312192,3.687886848,4.214935552,227.389923328,86.05001728,9.0,0.0,10,11.074543616000001
60.473865842819215,25.96685082872928,nan,13.14312192,3.687886848,4.214935552,227.389935616,86.05001728,10.0,0.0,10,11.074531328
60.49054112831752,26.104972375690604,nan,13.14312192,3.687886848,4.214935552,227.389935616,86.05001728,10.0,0.0,10,11.074531328
60.507213747501375,26.79558011049724,nan,13.14312192,3.687886848,4.214935552,227.389939712,86.05001728,10.0,0.0,10,11.074527232
60.523886549472806,26.381215469613263,nan,13.14312192,3.687886848,4.214935552,227.389943808,86.05001728,10.0,0.0,10,11.074523136000002
60.540559923648836,26.381215469613263,nan,13.14312192,3.687886848,4.214935552,227.389943808,86.05001728,10.0,0.0,10,11.074523136000002
60.557232896486916,26.519337016574585,nan,13.14312192,3.687886848,4.214935552,227.389956096,86.05001728,10.0,0.0,10,11.074510848000001
60.573907574017845,23.20441988950276,nan,13.14312192,3.687903232,4.214935552,227.389956096,86.05001728,9.0,0.0,10,11.075268607999998
60.59058126608531,26.104972375690604,nan,13.14312192,3.687886848,4.214935552,227.390038016,86.05001728,10.0,0.0,10,11.075461120000002
60.60726065238317,26.104972375690604,nan,13.14312192,3.687886848,4.214935552,227.390042112,86.05001728,10.0,0.0,10,11.075457024
60.623933442433675,26.104972375690604,nan,13.14312192,3.687886848,4.214935552,227.390046208,86.05001728,10.0,0.0,10,11.075452927999999
60.64060856501261,26.104972375690604,nan,13.14312192,3.687886848,4.214935552,227.390050304,86.05001728,10.0,0.0,10,11.075448832000001
60.65728137095769,23.342541436464092,nan,13.14312192,3.687886848,4.214935552,227.3900544,86.05001728,9.0,0.0,10,11.075444736
60.67395856777827,26.104972375690604,nan,13.14312192,3.687886848,4.214935552,227.390058496,86.05001728,10.0,0.0,10,11.075440640000002
60.69063104391098,26.104972375690604,nan,13.14312192,3.687886848,4.214935552,227.390062592,86.05001728,10.0,0.0,10,11.075436544
60.70730374654134,26.104972375690604,nan,13.14312192,3.687886848,4.214935552,227.390066688,86.05001728,10.0,0.0,10,11.075432447999999
60.72397617896398,23.20441988950276,nan,13.14312192,3.687903232,4.214935552,227.390066688,86.05001728,9.0,0.0,10,11.075416063999999
60.74064948558807,26.243093922651937,nan,13.14312192,3.687886848,4.214935552,227.390078976,86.05001728,10.0,0.0,10,11.075649535999998
60.7573246717453,26.243093922651937,nan,13.14312192,3.687886848,4.214935552,227.390083072,86.05001728,10.0,0.0,10,11.07564544
60.77399819294612,26.243093922651937,nan,13.14312192,3.687886848,4.214935552,227.390083072,86.05001728,10.0,0.0,10,11.07564544
60.790673772493996,26.243093922651937,nan,13.14312192,3.687886848,4.214935552,227.390087168,86.05001728,10.0,0.0,10,11.079999488
60.8073476711909,26.243093922651937,nan,13.14312192,3.687886848,4.214935552,227.39009536,86.05001728,10.0,0.0,10,11.079991296000001
60.824019241333005,26.243093922651937,nan,13.14312192,3.687886848,4.214935552,227.39009536,86.05001728,10.0,0.0,10,11.080507392
60.840691244602205,23.480662983425415,nan,13.14312192,3.687886848,4.214935552,227.390099456,86.05001728,9.0,0.0,10,11.080503296000002
60.85736363331477,23.480662983425415,nan,13.14312192,3.687886848,4.214935552,227.390103552,86.05001728,9.0,0.0,10,11.0804992
60.87403700351715,26.243093922651937,nan,13.14312192,3.687886848,4.214935552,227.390111744,86.05001728,10.0,0.0,10,11.080491008000001
60.890709396203356,26.243093922651937,nan,13.14312192,3.687886848,4.214935552,227.39011584,86.05001728,10.0,0.0,10,11.080486912
60.907381133238474,26.243093922651937,nan,13.14312192,3.687886848,4.214935552,227.390124032,86.05001728,10.0,0.0,10,11.08047872
60.92405729293823,26.243093922651937,nan,13.14312192,3.687886848,4.214935552,227.390132224,86.05001728,10.0,0.0,10,11.080470528000001
60.940730317433676,26.243093922651937,nan,13.14312192,3.687886848,4.214935552,227.39013632,86.05001728,10.0,0.0,10,11.080466432
60.95740348895391,26.657458563535908,nan,13.14312192,3.687886848,4.214935552,227.390140416,86.05001728,10.0,0.0,10,11.080462336000002
60.9740748167038,26.243093922651937,nan,13.14312192,3.687886848,4.214935552,227.390144512,86.05001728,10.0,0.0,10,11.080687616
60.99074703057607,26.243093922651937,nan,13.14312192,3.687886848,4.214935552,227.390148608,86.05001728,10.0,0.0,10,11.080912896
61.007420444488524,26.243093922651937,nan,13.14312192,3.687886848,4.214935552,227.390148608,86.05001728,10.0,0.0,10,11.080912896
61.02409344514211,26.243093922651937,nan,13.14312192,3.687886848,4.214935552,227.3901568,86.05001728,10.0,0.0,10,11.080904704
61.040765130519866,26.243093922651937,nan,13.14312192,3.687886848,4.214935552,227.390160896,86.05001728,10.0,0.0,10,11.080900607999999
61.0574447631836,26.243093922651937,nan,13.14312192,3.687886848,4.214935552,227.390193664,86.05001728,10.0,0.0,10,11.080867840000002
61.07411751349767,26.243093922651937,nan,13.14312192,3.687886848,4.214935552,227.39019776,86.05001728,10.0,0.0,10,11.080863744
61.090798290570575,26.243093922651937,nan,13.14312192,3.687886848,4.214935552,227.390201856,86.05001728,10.0,0.0,10,11.079827455999999
61.10747008721034,26.243093922651937,nan,13.14312192,3.687886848,4.214935552,227.390201856,86.05001728,10.0,0.0,10,11.079651327999999
61.12414424022039,26.243093922651937,nan,13.14312192,3.687886848,4.214935552,227.390210048,86.05001728,10.0,0.0,10,11.079589888
61.14081607262293,26.243093922651937,nan,13.14312192,3.687886848,4.214935552,227.390214144,86.05001728,10.0,0.0,10,11.07984384
61.15749473174413,26.243093922651937,nan,13.14312192,3.687886848,4.214935552,227.390214144,86.05001728,10.0,0.0,10,11.07984384
61.17416672706604,26.243093922651937,nan,13.14312192,3.687886848,4.214935552,227.39021824,86.05001728,10.0,0.0,10,11.079839744
61.19083900054296,26.243093922651937,nan,13.14312192,3.687886848,4.214935552,227.39021824,86.05001728,10.0,0.0,10,11.079839744
61.207515112559,26.243093922651937,nan,13.14312192,3.687886848,4.214935552,227.390222336,86.05001728,10.0,0.0,10,11.079835648000001
61.224192678928375,26.243093922651937,nan,13.14312192,3.687886848,4.214935552,227.390263296,86.05001728,10.0,0.0,10,11.079794688000002
61.24086476167043,26.243093922651937,nan,13.14312192,3.687886848,4.214935552,227.390263296,86.05001728,10.0,0.0,10,11.079794688000002
61.25754168430964,26.243093922651937,nan,13.14312192,3.687886848,4.214935552,227.390267392,86.05001728,10.0,0.0,10,11.079790592
61.27421202659607,26.243093922651937,nan,13.14312192,3.687886848,4.214935552,227.390271488,86.05001728,10.0,0.0,10,11.079786495999999
61.290890741348264,21.96132596685083,nan,13.14312192,3.687886848,4.277850112,227.4661376,86.05001728,8.0,0.0,10,11.082559487999998
61.3075644771258,24.03314917127072,nan,13.14312192,3.687886848,4.3218944,227.488948224,86.05001728,9.0,0.0,10,11.084500991999999
61.3242414077123,24.17127071823204,nan,13.14312192,3.687886848,4.344963072,227.491459072,86.05001728,9.0,0.0,10,11.088408575999999
61.34091643889745,21.270718232044196,nan,13.14312192,3.687903232,4.344963072,227.491463168,86.05001728,8.0,0.0,10,11.088388096000003
61.357592415809634,24.17127071823204,nan,13.14312192,3.687886848,4.344963072,227.491467264,86.05001728,9.0,0.0,10,11.08862976
61.37426619529724,24.17127071823204,nan,13.14312192,3.687886848,4.344963072,227.49147136,86.05001728,9.0,0.0,10,11.088625663999998
61.390936613082886,24.17127071823204,nan,13.14312192,3.687886848,4.344963072,227.49147136,86.05001728,9.0,0.0,10,11.088625663999998
61.407608079910275,24.17127071823204,nan,13.14312192,3.687886848,4.344963072,227.491577856,86.05001728,9.0,0.0,10,11.088519168000001
61.42427990833918,24.17127071823204,nan,13.14312192,3.687886848,4.344963072,227.491581952,86.05001728,9.0,0.0,10,11.088515072
61.440951665242515,24.17127071823204,nan,13.14312192,3.687886848,4.344963072,227.491581952,86.05001728,9.0,0.0,10,11.088515072
61.457626875241594,24.17127071823204,nan,13.14312192,3.687886848,3.921473536,227.447099392,86.05001728,9.0,0.0,9,11.093520384
61.47429672082265,24.17127071823204,nan,13.14312192,3.687886848,3.921473536,227.446910976,86.05001728,9.0,0.0,9,10.797178879999999
61.49096814393997,24.17127071823204,nan,13.14312192,3.687886848,3.921473536,227.446910976,86.05001728,9.0,0.0,9,10.796687359999998
61.507642988363905,24.309392265193374,nan,13.14312192,3.687886848,3.921473536,227.446919168,86.05001728,9.0,0.0,9,10.796679167999999
61.52431667248408,24.309392265193374,nan,13.14312192,3.687886848,3.921473536,227.446919168,86.05001728,9.0,0.0,9,10.796679167999999
61.540986359119415,24.309392265193374,nan,13.14312192,3.687886848,3.921473536,227.446923264,86.05001728,9.0,0.0,9,10.796675072000001
61.55766013860703,24.309392265193374,nan,13.14312192,3.687886848,3.921473536,227.44692736,86.05001728,9.0,0.0,9,10.796670976
61.57433464129766,24.309392265193374,nan,13.14312192,3.687886848,3.921473536,227.44692736,86.05001728,9.0,0.0,9,10.796670976
61.59101011355718,24.309392265193374,nan,13.14312192,3.687886848,3.921473536,227.446951936,86.05001728,9.0,0.0,9,10.796646399999998
61.60768359899521,24.309392265193374,nan,13.14312192,3.687886848,3.921473536,227.446956032,86.05001728,9.0,0.0,9,10.796642304
61.624357759952545,24.309392265193374,nan,13.14312192,3.687886848,3.921473536,227.446960128,86.05001728,9.0,0.0,9,10.796638208
61.64103048642476,24.309392265193374,nan,13.14312192,3.687886848,3.921473536,227.446964224,86.05001728,9.0,0.0,9,10.796634112000001
61.657703463236494,24.309392265193374,nan,13.14312192,3.687886848,3.921473536,227.44696832,86.05001728,9.0,0.0,9,10.796630016
61.6743754585584,24.309392265193374,nan,13.14312192,3.687886848,3.921473536,227.44696832,86.05001728,9.0,0.0,9,10.796630016
61.691046190261844,24.309392265193374,nan,13.14312192,3.687886848,3.921473536,227.446972416,86.05001728,9.0,0.0,9,10.796625919999999
61.707718602816264,24.309392265193374,nan,13.14312192,3.687886848,3.921473536,227.446972416,86.05001728,9.0,0.0,9,10.796625919999999
61.724392131964365,24.447513812154696,nan,13.14312192,3.687886848,3.921473536,227.446976512,86.05001728,9.0,0.0,9,10.796621824
61.741061496734616,24.447513812154696,nan,13.14312192,3.687886848,3.921473536,227.446980608,86.05001728,9.0,0.0,9,10.796617728
61.757732168833414,24.447513812154696,nan,13.14312192,3.687886848,3.921473536,227.446980608,86.05001728,9.0,0.0,9,10.796617728
61.77440584103267,24.447513812154696,nan,13.14312192,3.687886848,3.921473536,227.446984704,86.05001728,9.0,0.0,9,10.796613631999998
61.79107832511266,24.447513812154696,nan,13.14312192,3.687886848,3.921473536,227.4469888,86.05001728,9.0,0.0,9,10.796609536
61.80775120258331,24.447513812154696,nan,13.14312192,3.687886848,3.921473536,227.4469888,86.05001728,9.0,0.0,9,10.799140864
61.82442187468211,24.447513812154696,nan,13.14312192,3.687886848,3.921473536,227.446992896,86.05001728,9.0,0.0,9,10.798895104000001
61.84109115203221,24.447513812154696,nan,13.14312192,3.687886848,3.921473536,227.446996992,86.05001728,9.0,0.0,9,10.79885824
61.857763187090555,24.447513812154696,nan,13.14312192,3.687886848,3.921473536,227.446996992,86.05001728,9.0,0.0,9,10.79885824
61.87443496783575,24.447513812154696,nan,13.14312192,3.687886848,3.921473536,227.447001088,86.05001728,9.0,0.0,9,10.799112192
61.89110506375631,24.58563535911602,nan,13.14312192,3.687886848,3.921473536,227.447005184,86.05001728,9.0,0.0,9,10.799108096
61.90778240362803,24.58563535911602,nan,13.14312192,3.687886848,3.921473536,227.447005184,86.05001728,9.0,0.0,9,10.79988224
61.924458471934,24.58563535911602,nan,13.14312192,3.687886848,3.921473536,227.44700928,86.05001728,9.0,0.0,9,10.796494848
61.94113220771154,24.723756906077345,nan,13.14312192,3.687886848,3.921473536,227.44700928,86.05001728,9.0,0.0,9,10.796494848
61.957809416453046,25.138121546961322,nan,13.14312192,3.687886848,3.921473536,227.447013376,86.05001728,9.0,0.0,9,10.796490751999999
61.97448320786158,25.138121546961322,nan,13.14312192,3.687886848,3.921473536,227.447017472,86.05001728,9.0,0.0,9,10.795450368
61.991152600447336,25.138121546961322,nan,13.14312192,3.687886848,3.921473536,227.447017472,86.05001728,9.0,0.0,9,10.795286528
62.00782178640365,25.138121546961322,nan,13.14312192,3.687886848,3.921473536,227.447021568,86.05001728,9.0,0.0,9,10.795282431999999
62.02449093659719,25.138121546961322,nan,13.14312192,3.687886848,3.921473536,227.447025664,86.05001728,9.0,0.0,9,10.795278336
62.041161934534706,25.138121546961322,nan,13.14312192,3.687886848,3.921473536,227.44702976,86.05001728,9.0,0.0,9,10.79527424
62.05784337123235,22.37569060773481,nan,13.14312192,3.687886848,3.921473536,227.447033856,86.05001728,8.0,0.0,9,10.796343295999998
62.07451418240865,22.37569060773481,nan,13.14312192,3.687886848,3.921473536,227.447283712,86.05001728,8.0,0.0,9,10.796838912
62.09118591547012,22.37569060773481,nan,13.14312192,3.687886848,3.921473536,227.448270848,86.05001728,8.0,0.0,9,10.796367872
62.107859035333,22.37569060773481,nan,13.14312192,3.687886848,3.929862144,227.448324096,86.05001728,8.0,0.0,9,10.792927232
62.12453231016795,22.37569060773481,nan,13.14312192,3.687886848,3.929862144,227.448328192,86.05001728,8.0,0.0,9,10.792456192
62.14121073484421,22.37569060773481,nan,13.14312192,3.687886848,3.929862144,227.448328192,86.05001728,8.0,0.0,9,10.792456192
62.15788205464681,22.37569060773481,nan,13.14312192,3.687886848,3.929862144,227.448332288,86.05001728,8.0,0.0,9,10.792452096000002
62.174559422334035,22.37569060773481,nan,13.14312192,3.687886848,3.09936128,227.23518464,86.05001728,8.0,0.0,8,10.794221568
62.19123217662175,22.37569060773481,nan,13.14312192,3.687886848,3.09936128,227.235119104,86.05001728,8.0,0.0,8,10.513793024
62.20790774027507,22.37569060773481,nan,13.14312192,3.687886848,3.09936128,227.2351232,86.05001728,8.0,0.0,8,10.513788927999999
62.22458190917969,22.37569060773481,nan,13.14312192,3.687886848,3.09936128,227.2351232,86.05001728,8.0,0.0,8,10.513788927999999
62.241253264745076,21.96132596685083,nan,13.14312192,3.687903232,3.101458432,227.235282944,86.05001728,8.0,0.0,8,10.515709952
62.257926392555234,21.685082872928174,nan,13.14312192,3.687886848,3.101458432,227.23528704,86.05001728,8.0,0.0,8,10.515722240000002
62.27459857066472,21.685082872928174,nan,13.14312192,3.687886848,3.101458432,227.23528704,86.05001728,8.0,0.0,8,10.515722240000002
62.291268440087634,21.685082872928174,nan,13.14312192,3.687886848,3.101458432,227.235291136,86.05001728,8.0,0.0,8,10.515718144000001
62.30794111887614,21.685082872928174,nan,13.14312192,3.687886848,3.101458432,227.235295232,86.05001728,8.0,0.0,8,10.515714048
62.32461306254069,21.685082872928174,nan,13.14312192,3.687886848,3.101458432,227.235295232,86.05001728,8.0,0.0,8,10.515714048
62.34128237962723,21.685082872928174,nan,13.14312192,3.687886848,3.101458432,227.235414016,86.05001728,8.0,0.0,8,10.515595264000002
62.35796200831731,21.685082872928174,nan,13.14312192,3.687886848,3.101458432,227.235414016,86.05001728,8.0,0.0,8,10.515333120000001
62.37463099956513,21.685082872928174,nan,13.14312192,3.687886848,3.101458432,227.235418112,86.05001728,8.0,0.0,8,10.515329024
62.39130040804545,21.685082872928174,nan,13.14312192,3.687886848,3.101458432,227.235422208,86.05001728,8.0,0.0,8,10.515324928000002
62.4079798579216,21.685082872928174,nan,13.14312192,3.687886848,3.101458432,227.235422208,86.05001728,8.0,0.0,8,10.514808832
62.42465856870015,21.685082872928174,nan,13.14312192,3.687886848,3.101458432,227.235426304,86.05001728,8.0,0.0,8,10.515009536
62.44133188327154,21.685082872928174,nan,13.14312192,3.687886848,3.101458432,227.2354304,86.05001728,8.0,0.0,8,10.500882432000001
62.458001391092935,21.685082872928174,nan,13.14312192,3.687886848,3.101458432,227.2354304,86.05001728,8.0,0.0,8,10.500300800000002
62.47467042207718,21.685082872928174,nan,13.14312192,3.687886848,3.101458432,227.235434496,86.05001728,8.0,0.0,8,10.500296704
62.49134453137716,21.685082872928174,nan,13.14312192,3.687886848,3.101458432,227.235438592,86.05001728,8.0,0.0,8,10.500030464000002
62.5080135623614,21.685082872928174,nan,13.14312192,3.687886848,3.101458432,227.235438592,86.05001728,8.0,0.0,8,10.500030464000002
62.524682442347206,21.685082872928174,nan,13.14312192,3.687886848,3.101458432,227.235442688,86.05001728,8.0,0.0,8,10.500255744
62.54136127233505,21.685082872928174,nan,13.14312192,3.687886848,3.101458432,227.235442688,86.05001728,8.0,0.0,8,10.500255744
62.55803429683049,21.685082872928174,nan,13.14312192,3.687886848,3.101458432,227.235446784,86.05001728,8.0,0.0,8,10.500251648000003
62.574711354573566,21.685082872928174,nan,13.14312192,3.687886848,3.101458432,227.23545088,86.05001728,8.0,0.0,8,10.500247552000001
62.59138451814651,21.685082872928174,nan,13.14312192,3.687886848,3.101458432,227.23545088,86.05001728,8.0,0.0,8,10.500247552000001
62.608059306939445,21.685082872928174,nan,13.14312192,3.687886848,3.101458432,227.235454976,86.05001728,8.0,0.0,8,10.500243456
62.62472843329112,21.685082872928174,nan,13.14312192,3.687886848,3.101458432,227.235459072,86.05001728,8.0,0.0,8,10.500239360000002
62.64140097300211,21.685082872928174,nan,13.14312192,3.687886848,3.101458432,227.235459072,86.05001728,8.0,0.0,8,10.500239360000002
62.65807348489761,21.685082872928174,nan,13.14312192,3.687886848,3.101458432,227.235463168,86.05001728,8.0,0.0,8,10.500235264
62.67474610010783,21.685082872928174,nan,13.14312192,3.687886848,3.101458432,227.235467264,86.05001728,8.0,0.0,8,10.499969024000002
62.69141763448715,21.685082872928174,nan,13.14312192,3.687886848,3.101458432,227.235467264,86.05001728,8.0,0.0,8,10.499969024000002
62.70808756351471,21.685082872928174,nan,13.14312192,3.687886848,3.101458432,227.23547136,86.05001728,8.0,0.0,8,10.499964928
62.72476039727529,21.685082872928174,nan,13.14312192,3.687886848,3.101458432,227.23547136,86.05001728,8.0,0.0,8,10.499964928
62.74143319924672,21.685082872928174,nan,13.14312192,3.687886848,3.101458432,227.235475456,86.05001728,8.0,0.0,8,10.500190208
62.758110610644025,21.685082872928174,nan,13.14312192,3.687886848,3.101458432,227.235479552,86.05001728,8.0,0.0,8,10.500186112000002
62.77478311856588,21.685082872928174,nan,13.14312192,3.687886848,3.101458432,227.235479552,86.05001728,8.0,0.0,8,10.500186112000002
62.79145361979803,21.685082872928174,nan,13.14312192,3.687886848,3.101458432,227.235483648,86.05001728,8.0,0.0,8,10.500182016
62.808125126361844,21.685082872928174,nan,13.14312192,3.687886848,3.101458432,227.235487744,86.05001728,8.0,0.0,8,10.500177920000002
62.82479423681895,21.685082872928174,nan,13.14312192,3.687886848,3.101458432,227.23549184,86.05001728,8.0,0.0,8,10.492284928
62.84146586259206,21.685082872928174,nan,13.14312192,3.687886848,3.101458432,227.235495936,86.05001728,8.0,0.0,8,10.491817984
62.8581402182579,21.685082872928174,nan,13.14312192,3.687886848,3.101458432,227.235504128,86.05001728,8.0,0.0,8,10.491809792000002
62.87481331427892,21.270718232044196,nan,13.14312192,3.687886848,3.101458432,227.235606528,86.05001728,8.0,0.0,8,10.49344
62.89148883422216,21.270718232044196,nan,13.14312192,3.687886848,3.101458432,227.235610624,86.05001728,8.0,0.0,8,10.491817984
62.908161008358,21.270718232044196,nan,13.14312192,3.687886848,3.101458432,227.235610624,86.05001728,8.0,0.0,8,10.490613760000002
62.92484233379364,21.270718232044196,nan,13.14312192,3.687886848,3.101458432,227.23561472,86.05001728,8.0,0.0,8,10.490867712
62.94151221513748,21.270718232044196,nan,13.14312192,3.687886848,3.101458432,227.235618816,86.05001728,8.0,0.0,8,10.490863616000002
62.95818295876185,21.270718232044196,nan,13.14312192,3.687886848,3.101458432,227.235618816,86.05001728,8.0,0.0,8,10.490863616000002
62.97485174338023,21.270718232044196,nan,13.14312192,3.687886848,3.101458432,227.235622912,86.05001728,8.0,0.0,8,10.49085952
62.991522367795305,21.40883977900553,nan,13.14312192,3.687886848,3.101458432,227.235627008,86.05001728,8.0,0.0,8,10.490855424
63.008192797501884,21.40883977900553,nan,13.14312192,3.687886848,3.101458432,227.235627008,86.05001728,8.0,0.0,8,10.490855424
63.0248641371727,21.40883977900553,nan,13.14312192,3.687886848,3.101458432,227.235897344,86.05001728,8.0,0.0,8,10.490585088
63.04153905709585,18.232044198895025,nan,13.14312192,3.687886848,3.101458432,227.236151296,86.05001728,7.0,0.0,8,10.49110528
63.05821164449056,20.16574585635359,nan,13.14312192,3.687886848,3.101458432,227.236151296,86.05001728,8.0,0.0,8,10.49110528
63.07488611539205,20.16574585635359,nan,13.14312192,3.687886848,3.101458432,227.236155392,86.05001728,8.0,0.0,8,10.491101184000001
63.09156082868576,20.16574585635359,nan,13.14312192,3.687886848,3.101458432,227.236155392,86.05001728,8.0,0.0,8,10.491330560000002
63.10823227961858,20.16574585635359,nan,13.14312192,3.687886848,3.101458432,227.236159488,86.05001728,8.0,0.0,8,10.491326464
63.12490353186925,20.16574585635359,nan,13.14312192,3.687886848,3.101458432,227.236163584,86.05001728,8.0,0.0,8,10.491322368000002
63.141575022538504,20.16574585635359,nan,13.14312192,3.687886848,3.101458432,227.236163584,86.05001728,8.0,0.0,8,10.491322368000002
63.158244828383125,17.817679558011047,nan,13.14312192,3.687903232,3.101458432,227.23616768,86.05001728,7.0,0.0,8,10.491301888
63.174915087223056,20.027624309392266,nan,13.14312192,3.687886848,3.101458432,227.236196352,86.05001728,8.0,0.0,8,10.491289600000002
63.191589784622195,20.027624309392266,nan,13.14312192,3.687886848,3.101458432,227.236196352,86.05001728,8.0,0.0,8,10.491289600000002
63.208262129624686,20.027624309392266,nan,13.14312192,3.687886848,3.101458432,227.236200448,86.05001728,8.0,0.0,8,10.491285504
63.22493484020233,20.027624309392266,nan,13.14312192,3.687886848,3.101458432,227.236204544,86.05001728,8.0,0.0,8,10.491281408000003
63.24160833756129,20.027624309392266,nan,13.14312192,3.687886848,3.101458432,227.236204544,86.05001728,8.0,0.0,8,10.491281408000003
63.258277757962546,20.58011049723757,nan,13.14312192,3.687886848,3.101458432,227.23620864,86.05001728,8.0,0.0,8,10.491277312000001
63.27495137055715,20.16574585635359,nan,13.14312192,3.687886848,3.101458432,227.23620864,86.05001728,8.0,0.0,8,10.491277312000001
63.291623477141066,20.30386740331491,nan,13.14312192,3.687886848,3.101458432,227.236212736,86.05001728,8.0,0.0,8,10.491273216
63.308294439315794,20.441988950276247,nan,13.14312192,3.687886848,3.101458432,227.236216832,86.05001728,8.0,0.0,8,10.491269120000002
63.32496848901113,20.58011049723757,nan,13.14312192,3.687886848,3.101458432,227.236220928,86.05001728,8.0,0.0,8,10.491265024
63.34163963794708,20.718232044198892,nan,13.14312192,3.687886848,3.101458432,227.236225024,86.05001728,8.0,0.0,8,10.491260927999999
63.35831559101741,20.718232044198892,nan,13.14312192,3.687886848,3.101458432,227.236237312,86.05001728,8.0,0.0,8,10.491248640000002
63.37498509089152,20.856353591160225,nan,13.14312192,3.687886848,3.101458432,227.236237312,86.05001728,8.0,0.0,8,10.491248640000002
63.391658226648964,20.856353591160225,nan,13.14312192,3.687886848,3.101458432,227.236241408,86.05001728,8.0,0.0,8,10.491244544
63.40832792520523,20.856353591160225,nan,13.14312192,3.687886848,3.101458432,227.236245504,86.05001728,8.0,0.0,8,10.491240448
63.42499687274297,20.994475138121548,nan,13.14312192,3.687886848,3.101458432,227.236245504,86.05001728,8.0,0.0,8,10.491240448
63.44166586001714,20.994475138121548,nan,13.14312192,3.687886848,3.101458432,227.2362496,86.05001728,8.0,0.0,8,10.491236352000001
63.45833472013474,20.994475138121548,nan,13.14312192,3.687886848,3.101458432,227.236253696,86.05001728,8.0,0.0,8,10.491232256
63.4750034570694,20.994475138121548,nan,13.14312192,3.687886848,3.101458432,227.236257792,86.05001728,8.0,0.0,8,10.491228160000002
63.49167258342107,20.994475138121548,nan,13.14312192,3.687886848,3.101458432,227.236261888,86.05001728,8.0,0.0,8,10.491224064
63.50834134022395,20.994475138121548,nan,13.14312192,3.687886848,3.101458432,227.236261888,86.05001728,8.0,0.0,8,10.491224064
63.52501280705134,20.994475138121548,nan,13.14312192,3.687886848,3.101458432,227.236265984,86.05001728,8.0,0.0,8,10.491219968
63.541682620843254,20.994475138121548,nan,13.14312192,3.687886848,3.101458432,227.23627008,86.05001728,8.0,0.0,8,10.491215872000001
63.55836486021678,20.994475138121548,nan,13.14312192,3.687886848,3.101458432,227.23627008,86.05001728,8.0,0.0,8,10.491215872000001
63.57503357330958,20.994475138121548,nan,13.14312192,3.687886848,3.101458432,227.236274176,86.05001728,8.0,0.0,8,10.491211776
63.59170707464218,20.994475138121548,nan,13.14312192,3.687886848,3.101458432,227.236278272,86.05001728,8.0,0.0,8,10.491207680000002
63.60837782224019,18.646408839779006,nan,13.14312192,3.687886848,3.101458432,227.236319232,86.05001728,7.0,0.0,8,10.491166720000002
63.62504858175914,20.856353591160225,nan,13.14312192,3.687886848,3.101458432,227.236323328,86.05001728,8.0,0.0,8,10.491162624000001
63.64171717961629,20.856353591160225,nan,13.14312192,3.687886848,3.101458432,227.236323328,86.05001728,8.0,0.0,8,10.483421184000001
63.65838628212611,20.856353591160225,nan,13.14312192,3.687886848,3.101458432,227.236327424,86.05001728,8.0,0.0,8,10.483359744000001
63.67505713701248,20.856353591160225,nan,13.14312192,3.687886848,3.101458432,227.23633152,86.05001728,8.0,0.0,8,10.483355648
63.69172705809275,20.856353591160225,nan,13.14312192,3.687886848,3.101458432,227.23633152,86.05001728,8.0,0.0,8,10.4830976
63.70839746395747,20.856353591160225,nan,13.14312192,3.687886848,3.101458432,227.236335616,86.05001728,8.0,0.0,8,10.483093504
63.72506633202235,20.856353591160225,nan,13.14312192,3.687886848,3.101458432,227.236339712,86.05001728,8.0,0.0,8,10.483089408000001
63.74173640807469,20.856353591160225,nan,13.14312192,3.687886848,3.101458432,227.236339712,86.05001728,8.0,0.0,8,10.483089408000001
63.75840840737025,20.856353591160225,nan,13.14312192,3.687886848,3.101458432,227.236343808,86.05001728,8.0,0.0,8,10.483085312
63.77508213122686,20.856353591160225,nan,13.14312192,3.687886848,3.101458432,227.236347904,86.05001728,8.0,0.0,8,10.483081216000002
63.79175610144933,20.856353591160225,nan,13.14312192,3.687886848,3.101458432,227.236347904,86.05001728,8.0,0.0,8,10.483081216000002
63.80842971007029,20.856353591160225,nan,13.14312192,3.687886848,3.101458432,227.236352,86.05001728,8.0,0.0,8,10.48307712
63.825102508068085,20.856353591160225,nan,13.14312192,3.687886848,3.101458432,227.236352,86.05001728,8.0,0.0,8,10.48307712
63.84177277485529,20.856353591160225,nan,13.14312192,3.687886848,3.101458432,227.236356096,86.05001728,8.0,0.0,8,10.48666112
63.858441563447315,20.856353591160225,nan,13.14312192,3.687886848,3.101458432,227.236360192,86.05001728,8.0,0.0,8,10.486910976
63.87511211633682,20.856353591160225,nan,13.14312192,3.687886848,3.101458432,227.236360192,86.05001728,8.0,0.0,8,10.48690688
63.89178264935811,20.856353591160225,nan,13.14312192,3.687886848,3.101458432,227.236364288,86.05001728,8.0,0.0,8,10.486902784000002
63.90845811367035,20.994475138121548,nan,13.14312192,3.687886848,3.101458432,227.236368384,86.05001728,8.0,0.0,8,10.487128064
63.925133152802786,20.994475138121548,nan,13.14312192,3.687886848,3.101458432,227.236368384,86.05001728,8.0,0.0,8,10.487386112
63.94180171489715,20.994475138121548,nan,13.14312192,3.687886848,3.101458432,227.23637248,86.05001728,8.0,0.0,8,10.487382016000002
63.95847280820211,20.994475138121548,nan,13.14312192,3.687886848,3.101458432,227.236376576,86.05001728,8.0,0.0,8,10.48737792
63.97514249881109,20.994475138121548,nan,13.14312192,3.687886848,3.101458432,227.236376576,86.05001728,8.0,0.0,8,10.48737792
63.99181117216746,20.994475138121548,nan,13.14312192,3.687886848,3.101458432,227.236380672,86.05001728,8.0,0.0,8,10.487373824000002
64.00848348140717,20.994475138121548,nan,13.14312192,3.687886848,3.101458432,227.236380672,86.05001728,8.0,0.0,8,10.487373824000002
64.02515298128128,20.994475138121548,nan,13.14312192,3.687886848,3.101458432,227.236384768,86.05001728,8.0,0.0,8,10.487369728000001
64.04182385206222,20.994475138121548,nan,13.14312192,3.687886848,3.101458432,227.236388864,86.05001728,8.0,0.0,8,10.487365632
64.05849363009135,20.994475138121548,nan,13.14312192,3.687886848,3.101458432,227.236388864,86.05001728,8.0,0.0,8,10.487365632
64.07516206502915,20.994475138121548,nan,13.14312192,3.687886848,3.101458432,227.236397056,86.05001728,8.0,0.0,8,10.487615488
64.09183108011881,20.994475138121548,nan,13.14312192,3.687886848,3.101458432,227.236401152,86.05001728,8.0,0.0,8,10.479869952000001
64.10850191513697,20.994475138121548,nan,13.14312192,3.687886848,3.101458432,227.236401152,86.05001728,8.0,0.0,8,10.479661056000001
64.12517311175664,20.994475138121548,nan,13.14312192,3.687886848,3.101458432,227.236405248,86.05001728,8.0,0.0,8,10.47965696
64.14184487660727,20.994475138121548,nan,13.14312192,3.687886848,3.101458432,227.236409344,86.05001728,8.0,0.0,8,10.479652864000002
64.1585135738055,20.994475138121548,nan,13.14312192,3.687886848,3.101458432,227.236409344,86.05001728,8.0,0.0,8,10.479652864000002
64.17518297831218,20.994475138121548,nan,13.14312192,3.687886848,3.101458432,227.23641344,86.05001728,8.0,0.0,8,10.479648768
64.19185203313828,20.994475138121548,nan,13.14312192,3.687886848,3.101458432,227.23641344,86.05001728,8.0,0.0,8,10.479648768
64.20852128267288,20.994475138121548,nan,13.14312192,3.687886848,3.101458432,227.236417536,86.05001728,8.0,0.0,8,10.479644672
64.22519090970357,20.994475138121548,nan,13.14312192,3.687886848,3.101458432,227.236421632,86.05001728,8.0,0.0,8,10.479640576000001
64.24186127583185,20.994475138121548,nan,13.14312192,3.687886848,3.101458432,227.236421632,86.05001728,8.0,0.0,8,10.479640576000001
64.25853207508723,20.994475138121548,nan,13.14312192,3.687886848,3.101458432,227.236425728,86.05001728,8.0,0.0,8,10.47963648
64.27520809968313,20.994475138121548,nan,13.14312192,3.687886848,3.101458432,227.236429824,86.05001728,8.0,0.0,8,10.479632384000002
64.29187891483306,20.994475138121548,nan,13.14312192,3.687886848,3.101458432,227.236429824,86.05001728,8.0,0.0,8,10.479632384000002
64.30854921340942,20.994475138121548,nan,13.14312192,3.687886848,3.101458432,227.23643392,86.05001728,8.0,0.0,8,10.479628288
64.32522672017416,20.994475138121548,nan,13.14312192,3.687886848,3.101458432,227.236438016,86.05001728,8.0,0.0,8,10.479624192
64.34189997911453,20.994475138121548,nan,13.14312192,3.687886848,3.101458432,227.236438016,86.05001728,8.0,0.0,8,10.479624192
64.35857783953348,20.994475138121548,nan,13.14312192,3.687886848,3.101458432,227.236442112,86.05001728,8.0,0.0,8,10.479620096000001
64.37525024016698,20.994475138121548,nan,13.14312192,3.687886848,3.101458432,227.236442112,86.05001728,8.0,0.0,8,10.479620096000001
64.3919262766838,20.994475138121548,nan,13.14312192,3.687886848,3.101458432,227.236446208,86.05001728,8.0,0.0,8,10.479616
64.40859820445378,20.994475138121548,nan,13.14312192,3.687886848,3.101458432,227.236450304,86.05001728,8.0,0.0,8,10.479611904000002
64.42527382771173,20.994475138121548,nan,13.14312192,3.687886848,3.101458432,227.236450304,86.05001728,8.0,0.0,8,10.479611904000002
64.44194444815318,20.994475138121548,nan,13.14312192,3.687886848,3.101458432,227.2364544,86.05001728,8.0,0.0,8,10.479607808
64.45861620505652,20.994475138121548,nan,13.14312192,3.687886848,3.101458432,227.236458496,86.05001728,8.0,0.0,8,10.479861760000002
64.47529057661693,20.994475138121548,nan,13.14312192,3.687886848,3.101458432,227.236458496,86.05001728,8.0,0.0,8,10.479861760000002
64.49196181694667,20.994475138121548,nan,13.14312192,3.687886848,3.101458432,227.236462592,86.05001728,8.0,0.0,8,10.479857664
64.50863519112269,20.994475138121548,nan,13.14312192,3.687886848,3.101458432,227.236462592,86.05001728,8.0,0.0,8,10.479857664
64.52530904213587,20.994475138121548,nan,13.14312192,3.687886848,3.101458432,227.236466688,86.05001728,8.0,0.0,8,10.479853568
64.54198398192723,21.132596685082873,nan,13.14312192,3.687886848,3.101458432,227.236470784,86.05001728,8.0,0.0,8,10.479849472000001
64.55865464607875,20.718232044198892,nan,13.14312192,3.687886848,3.101458432,227.236540416,86.05001728,8.0,0.0,8,10.480033792
64.57532588243484,20.718232044198892,nan,13.14312192,3.687886848,3.101458432,227.236544512,86.05001728,8.0,0.0,8,10.480029696000003
64.59199951489767,20.718232044198892,nan,13.14312192,3.687886848,3.101458432,227.236548608,86.05001728,8.0,0.0,8,10.480025600000001
64.60867824157079,20.718232044198892,nan,13.14312192,3.687886848,3.101458432,227.236552704,86.05001728,8.0,0.0,8,10.480021504
64.62535064220428,20.718232044198892,nan,13.14312192,3.687886848,3.101458432,227.2365568,86.05001728,8.0,0.0,8,10.480017408000002
64.642025411129,20.718232044198892,nan,13.14312192,3.687886848,3.101458432,227.236560896,86.05001728,8.0,0.0,8,10.480013312
64.65869794289272,20.856353591160225,nan,13.14312192,3.687886848,3.101458432,227.236560896,86.05001728,8.0,0.0,8,10.480013312
64.67537358601888,20.856353591160225,nan,13.14312192,3.687886848,3.101458432,227.236564992,86.05001728,8.0,0.0,8,10.480009216
64.69204464356105,20.994475138121548,nan,13.14312192,3.687886848,3.101458432,227.236569088,86.05001728,8.0,0.0,8,10.480005120000001
64.7087168097496,21.132596685082873,nan,13.14312192,3.687886848,3.101458432,227.236573184,86.05001728,8.0,0.0,8,10.481549312000002
64.72539182106654,21.132596685082873,nan,13.14312192,3.687886848,3.101458432,227.23657728,86.05001728,8.0,0.0,8,10.482548736000002
64.74206302165985,21.270718232044196,nan,13.14312192,3.687886848,3.101458432,227.23657728,86.05001728,8.0,0.0,8,10.482548736000002
64.7587350845337,21.270718232044196,nan,13.14312192,3.687886848,3.101458432,227.236581376,86.05001728,8.0,0.0,8,10.48254464
64.77540911038717,21.40883977900553,nan,13.14312192,3.687886848,3.101458432,227.236585472,86.05001728,8.0,0.0,8,10.482540544000003
64.79208115339279,21.40883977900553,nan,13.14312192,3.687886848,3.101458432,227.236585472,86.05001728,8.0,0.0,8,10.482540544000003
64.80875269969304,21.40883977900553,nan,13.14312192,3.687886848,3.101458432,227.236589568,86.05001728,8.0,0.0,8,10.482536448000001
64.8254231095314,18.922651933701662,nan,13.14312192,3.687886848,3.103555584,227.236593664,86.05001728,7.0,0.0,8,10.480435199999999
64.84209489027658,18.922651933701662,nan,13.14312192,3.687886848,3.16227584,227.236601856,86.05001728,7.0,0.0,8,10.480685056
64.85876706838607,21.270718232044196,nan,13.14312192,3.687886848,3.16227584,227.236634624,86.05001728,8.0,0.0,8,10.476843008000001
64.87543950080871,21.270718232044196,nan,13.14312192,3.687886848,3.16227584,227.236634624,86.05001728,8.0,0.0,8,10.477010944000002
64.89210835695266,21.270718232044196,nan,13.14312192,3.687886848,3.16227584,227.23663872,86.05001728,8.0,0.0,8,10.477006848
64.9087788939476,21.270718232044196,nan,13.14312192,3.687886848,3.16227584,227.236642816,86.05001728,8.0,0.0,8,10.477002752000002
64.92545321385066,21.270718232044196,nan,13.14312192,3.687886848,3.16227584,227.236646912,86.05001728,8.0,0.0,8,10.476998656000001
64.94212782382965,21.270718232044196,nan,13.14312192,3.687886848,3.16227584,227.236683776,86.05001728,8.0,0.0,8,10.476961791999999
64.95880799293518,21.270718232044196,nan,13.14312192,3.687886848,3.16227584,227.236687872,86.05001728,8.0,0.0,8,10.476957696000001
64.97548012733459,19.060773480662984,nan,13.14312192,3.687886848,3.16227584,227.236687872,86.05001728,7.0,0.0,8,10.476957696000001
64.99215008815129,21.270718232044196,nan,13.14312192,3.687886848,3.16227584,227.236728832,86.05001728,8.0,0.0,8,10.476916736000002
65.00882327953974,21.270718232044196,nan,13.14312192,3.687886848,3.16227584,227.236732928,86.05001728,8.0,0.0,8,10.47691264
65.02549223105113,21.270718232044196,nan,13.14312192,3.687886848,3.16227584,227.236732928,86.05001728,8.0,0.0,8,10.47691264
65.04216176668803,21.270718232044196,nan,13.14312192,3.687886848,3.16227584,227.236737024,86.05001728,8.0,0.0,8,10.476908544000002
65.05883306264877,21.270718232044196,nan,13.14312192,3.687886848,3.16227584,227.236737024,86.05001728,8.0,0.0,8,10.476908544000002
65.07550250689188,21.270718232044196,nan,13.14312192,3.687886848,3.16227584,227.236745216,86.05001728,8.0,0.0,8,10.476900352
65.09217483997345,21.270718232044196,nan,13.14312192,3.687886848,3.16227584,227.236749312,86.05001728,8.0,0.0,8,10.476896256000002
65.10884471337,21.270718232044196,nan,13.14312192,3.687886848,3.16227584,227.236749312,86.05001728,8.0,0.0,8,10.476896256000002
65.12551474571228,21.270718232044196,nan,13.14312192,3.687886848,3.16227584,227.236753408,86.05001728,8.0,0.0,8,10.47689216
65.14218550920486,21.270718232044196,nan,13.14312192,3.687886848,3.16227584,227.236757504,86.05001728,8.0,0.0,8,10.476888064000002
65.15885520776114,21.40883977900553,nan,13.14312192,3.687886848,3.16227584,227.236757504,86.05001728,8.0,0.0,8,10.476888064000002
65.17552795807521,21.40883977900553,nan,13.14312192,3.687886848,3.16227584,227.2367616,86.05001728,8.0,0.0,8,10.476883968000001
65.19219883282979,21.40883977900553,nan,13.14312192,3.687886848,3.16227584,227.236765696,86.05001728,8.0,0.0,8,10.476879872
65.20886882940928,21.40883977900553,nan,13.14312192,3.687886848,3.16227584,227.236765696,86.05001728,8.0,0.0,8,10.476879872
65.22553808291754,21.40883977900553,nan,13.14312192,3.687886848,3.16227584,227.236769792,86.05001728,8.0,0.0,8,10.476875776000002
65.24220809141795,21.40883977900553,nan,13.14312192,3.687886848,3.16227584,227.236769792,86.05001728,8.0,0.0,8,10.476875776000002
65.25887951056163,21.40883977900553,nan,13.14312192,3.687886848,3.16227584,227.23680256,86.05001728,8.0,0.0,8,10.476843008000001
65.27554899454117,21.40883977900553,nan,13.14312192,3.687886848,3.16227584,227.236806656,86.05001728,8.0,0.0,8,10.476838912
65.29221772750219,21.40883977900553,nan,13.14312192,3.687886848,3.16227584,227.236810752,86.05001728,8.0,0.0,8,10.476834816000002
65.30889752308528,21.54696132596685,nan,13.14312192,3.687886848,3.16227584,227.236814848,86.05001728,8.0,0.0,8,10.47683072
65.3255695382754,21.54696132596685,nan,13.14312192,3.687886848,3.16227584,227.236818944,86.05001728,8.0,0.0,8,10.476826624
65.34224233229955,21.54696132596685,nan,13.14312192,3.687886848,3.16227584,227.236818944,86.05001728,8.0,0.0,8,10.476826624
65.3589156627655,21.54696132596685,nan,13.14312192,3.687886848,3.16227584,227.236864,86.05001728,8.0,0.0,8,10.476781568000002
65.37559464772542,21.54696132596685,nan,13.14312192,3.687886848,3.16227584,227.236876288,86.05001728,8.0,0.0,8,10.477256704
65.39226755301158,21.54696132596685,nan,13.14312192,3.687886848,3.16227584,227.236876288,86.05001728,8.0,0.0,8,10.477256704
65.40894669691721,21.54696132596685,nan,13.14312192,3.687886848,3.16227584,227.236880384,86.05001728,8.0,0.0,8,10.477252608000002
65.42562024990717,21.54696132596685,nan,13.14312192,3.687886848,3.16227584,227.236880384,86.05001728,8.0,0.0,8,10.477252608000002
65.44228936433792,21.54696132596685,nan,13.14312192,3.687886848,3.16227584,227.23690496,86.05001728,8.0,0.0,8,10.477228032000001
65.45895952383677,21.54696132596685,nan,13.14312192,3.687886848,3.16227584,227.236921344,86.05001728,8.0,0.0,8,10.477211647999999
65.47562913894653,19.198895027624307,nan,13.14312192,3.687886848,3.16227584,227.236921344,86.05001728,7.0,0.0,8,10.477211647999999
65.49229891300202,21.54696132596685,nan,13.14312192,3.687886848,3.16227584,227.236937728,86.05001728,8.0,0.0,8,10.47742464
65.50897528330485,21.54696132596685,nan,13.14312192,3.687886848,3.16227584,227.236941824,86.05001728,8.0,0.0,8,10.477420544
65.52564461628596,21.54696132596685,nan,13.14312192,3.687886848,3.16227584,227.236941824,86.05001728,8.0,0.0,8,10.477420544
65.54231363932291,21.54696132596685,nan,13.14312192,3.687886848,3.16227584,227.23694592,86.05001728,8.0,0.0,8,10.477416448000001
65.55898445049921,21.54696132596685,nan,13.14312192,3.687886848,3.16227584,227.236950016,86.05001728,8.0,0.0,8,10.477412352
65.57565352916717,21.54696132596685,nan,13.14312192,3.687886848,3.16227584,227.236950016,86.05001728,8.0,0.0,8,10.477412352
65.59232255617778,21.54696132596685,nan,13.14312192,3.687886848,3.16227584,227.236954112,86.05001728,8.0,0.0,8,10.477408256000002
65.60899160703023,21.54696132596685,nan,13.14312192,3.687886848,3.16227584,227.236954112,86.05001728,8.0,0.0,8,10.477408256000002
65.62566061814626,21.54696132596685,nan,13.14312192,3.687886848,3.16227584,227.236958208,86.05001728,8.0,0.0,8,10.47740416
65.64233099222183,21.54696132596685,nan,13.14312192,3.687886848,3.16227584,227.236962304,86.05001728,8.0,0.0,8,10.477400064
65.65900172789891,19.613259668508288,nan,13.14312192,3.687886848,3.16227584,227.236962304,86.05001728,7.0,0.0,8,10.477400064
65.67567153771718,21.132596685082873,nan,13.14312192,3.687886848,3.164368896,227.237060608,86.05001728,8.0,0.0,8,10.475208704
65.69234414100647,18.78453038674033,nan,13.14312192,3.687886848,3.164368896,227.237064704,86.05001728,7.0,0.0,8,10.475204607999999
65.70901422103246,18.78453038674033,nan,13.14312192,3.687903232,3.164368896,227.237072896,86.05001728,7.0,0.0,8,10.475180032
65.725692709287,21.132596685082873,nan,13.14312192,3.687886848,3.164368896,227.237076992,86.05001728,8.0,0.0,8,10.475192319999998
65.74236413240433,21.132596685082873,nan,13.14312192,3.687886848,3.164368896,227.237081088,86.05001728,8.0,0.0,8,10.475188224
65.75903290510178,21.132596685082873,nan,13.14312192,3.687886848,3.164368896,227.237085184,86.05001728,8.0,0.0,8,10.475184127999999
65.7757068435351,21.132596685082873,nan,13.14312192,3.687886848,3.164368896,227.23708928,86.05001728,8.0,0.0,8,10.475180032
65.7923759261767,21.132596685082873,nan,13.14312192,3.687886848,3.164368896,227.237142528,86.05001728,8.0,0.0,8,10.475126784
65.80906076431275,21.132596685082873,nan,13.14312192,3.687886848,3.164368896,227.237146624,86.05001728,8.0,0.0,8,10.475122687999999
65.82572938203812,21.132596685082873,nan,13.14312192,3.687886848,3.164368896,227.23715072,86.05001728,8.0,0.0,8,10.475118591999998
65.84239974419276,18.78453038674033,nan,13.14312192,3.687903232,3.164368896,227.237154816,86.05001728,7.0,0.0,8,10.475098112000001
65.859075431029,21.132596685082873,nan,13.14312192,3.687886848,3.164368896,227.237183488,86.05001728,8.0,0.0,8,10.477625344
65.8757513999939,21.132596685082873,nan,13.14312192,3.687886848,3.164368896,227.237195776,86.05001728,8.0,0.0,8,10.478612479999999
65.89242104291915,21.132596685082873,nan,13.14312192,3.687886848,3.164368896,227.237195776,86.05001728,8.0,0.0,8,10.479132671999999
65.90909108320872,21.132596685082873,nan,13.14312192,3.687886848,3.164368896,227.237199872,86.05001728,8.0,0.0,8,10.479128576
65.92576017777125,21.132596685082873,nan,13.14312192,3.687886848,3.164368896,227.237203968,86.05001728,8.0,0.0,8,10.47912448
65.94242943525315,18.78453038674033,nan,13.14312192,3.687886848,3.166466048,227.237203968,86.05001728,7.0,0.0,8,10.477027328
65.95910254319509,21.132596685082873,nan,13.14312192,3.687886848,3.195826176,227.23721216,86.05001728,8.0,0.0,8,10.48121344
65.97577143510183,21.132596685082873,nan,13.14312192,3.687886848,3.195826176,227.23721216,86.05001728,8.0,0.0,8,10.48121344
65.99244443972906,21.270718232044196,nan,13.14312192,3.687886848,3.195826176,227.237216256,86.05001728,8.0,0.0,8,10.481209343999998
66.00911310513814,21.270718232044196,nan,13.14312192,3.687886848,3.195826176,227.237220352,86.05001728,8.0,0.0,8,10.481205248
66.0257823586464,21.270718232044196,nan,13.14312192,3.687886848,3.195826176,227.237220352,86.05001728,8.0,0.0,8,10.481205248
66.04245484670004,19.060773480662984,nan,13.14312192,3.687886848,3.195826176,227.237224448,86.05001728,7.0,0.0,8,10.481201151999999
66.0591265042623,19.060773480662984,nan,13.14312192,3.687886848,3.23147776,227.237670912,86.05001728,7.0,0.0,8,10.48285184
66.07579636971155,19.060773480662984,nan,13.14312192,3.687886848,3.239866368,227.23780608,86.05001728,7.0,0.0,8,10.482716672000002
66.09246993462244,21.54696132596685,nan,13.14312192,3.687886848,3.239866368,227.23786752,86.05001728,8.0,0.0,8,10.482909184
66.10913862784703,21.54696132596685,nan,13.14312192,3.687886848,3.239866368,227.23786752,86.05001728,8.0,0.0,8,10.482909184
66.1258073091507,21.54696132596685,nan,13.14312192,3.687886848,3.239866368,227.237871616,86.05001728,8.0,0.0,8,10.482905087999999
66.14247588713964,21.54696132596685,nan,13.14312192,3.687886848,3.239866368,227.237875712,86.05001728,8.0,0.0,8,10.482900992000001
66.15914506117502,21.685082872928174,nan,13.14312192,3.687886848,3.239866368,227.237875712,86.05001728,8.0,0.0,8,10.482900992000001
66.17581379016241,21.685082872928174,nan,13.14312192,3.687886848,3.239866368,227.237879808,86.05001728,8.0,0.0,8,10.482896896
66.19248293638229,21.685082872928174,nan,13.14312192,3.687886848,3.239866368,227.237953536,86.05001728,8.0,0.0,8,10.482823168
66.2091515660286,21.685082872928174,nan,13.14312192,3.687886848,3.239866368,227.237953536,86.05001728,8.0,0.0,8,10.482823168
66.22582001686096,21.685082872928174,nan,13.14312192,3.687886848,3.239866368,227.237957632,86.05001728,8.0,0.0,8,10.482819072000002
66.24248836835226,21.685082872928174,nan,13.14312192,3.687886848,3.239866368,227.237961728,86.05001728,8.0,0.0,8,10.482814976
66.25915823777517,19.33701657458563,nan,13.14312192,3.687886848,3.239866368,227.237961728,86.05001728,7.0,0.0,8,10.482814976
66.27582750320434,19.33701657458563,nan,13.14312192,3.687886848,3.24196352,227.237965824,86.05001728,7.0,0.0,8,10.480713728000001
66.29249703486761,19.33701657458563,nan,13.14312192,3.687886848,3.24196352,227.238047744,86.05001728,7.0,0.0,8,10.480631807999998
66.30916610161464,17.95580110497238,nan,13.14312192,3.687886848,3.24196352,227.23805184,86.05001728,6.0,0.0,8,10.480627712
66.32584288914998,21.685082872928174,nan,13.14312192,3.687886848,3.24196352,227.238076416,86.05001728,8.0,0.0,8,10.480603136
66.34251248439153,21.685082872928174,nan,13.14312192,3.687886848,3.24196352,227.238076416,86.05001728,8.0,0.0,8,10.480603136
66.35919069449106,21.685082872928174,nan,13.14312192,3.687886848,3.24196352,227.238080512,86.05001728,8.0,0.0,8,10.480599040000001
66.37586100896199,21.685082872928174,nan,13.14312192,3.687886848,3.24196352,227.238227968,86.05001728,8.0,0.0,8,10.477355008
66.39252979755402,21.685082872928174,nan,13.14312192,3.687886848,3.24196352,227.238232064,86.05001728,8.0,0.0,8,10.477084672
66.4091991742452,21.823204419889507,nan,13.14312192,3.687886848,3.24196352,227.23823616,86.05001728,8.0,0.0,8,10.477080575999999
66.42586782375972,21.823204419889507,nan,13.14312192,3.687886848,3.24196352,227.238244352,86.05001728,8.0,0.0,8,10.477072384
66.44253770112991,21.823204419889507,nan,13.14312192,3.687886848,3.24196352,227.238244352,86.05001728,8.0,0.0,8,10.477072384
66.45920669635137,21.823204419889507,nan,13.14312192,3.687886848,3.24196352,227.238248448,86.05001728,8.0,0.0,8,10.477068287999998
66.47587530612945,21.823204419889507,nan,13.14312192,3.687886848,3.24196352,227.238248448,86.05001728,8.0,0.0,8,10.477068287999998
66.4925441622734,21.823204419889507,nan,13.14312192,3.687886848,3.24196352,227.238252544,86.05001728,8.0,0.0,8,10.477064192
66.50921358267466,21.823204419889507,nan,13.14312192,3.687886848,3.24196352,227.23825664,86.05001728,8.0,0.0,8,10.477060095999999
66.52588607470194,21.823204419889507,nan,13.14312192,3.687886848,3.24196352,227.23825664,86.05001728,8.0,0.0,8,10.477060095999999
66.54255542755126,21.96132596685083,nan,13.14312192,3.687886848,3.24196352,227.23827712,86.05001728,8.0,0.0,8,10.477039615999999
66.5592244942983,19.475138121546966,nan,13.14312192,3.687886848,3.24196352,227.238281216,86.05001728,7.0,0.0,8,10.477035520000001
66.57589608828226,19.475138121546966,nan,13.14312192,3.687886848,3.246157824,227.238281216,86.05001728,7.0,0.0,8,10.477035520000001
66.59256609678269,19.475138121546966,nan,13.14312192,3.687903232,3.248254976,227.238412288,86.05001728,7.0,0.0,8,10.479759360000001
66.6092412630717,21.96132596685083,nan,13.14312192,3.687886848,3.248254976,227.238424576,86.05001728,8.0,0.0,8,10.479763456
66.62591239213944,21.96132596685083,nan,13.14312192,3.687886848,3.248254976,227.239927808,86.05001728,8.0,0.0,8,10.479808512000002
66.64258348147074,21.96132596685083,nan,13.14312192,3.687886848,3.248254976,227.239931904,86.05001728,8.0,0.0,8,10.479804416
66.65925261179606,21.96132596685083,nan,13.14312192,3.687886848,3.248254976,227.239931904,86.05001728,8.0,0.0,8,10.479804416
66.67592151562373,21.96132596685083,nan,13.14312192,3.687886848,3.248254976,227.239936,86.05001728,8.0,0.0,8,10.479800319999999
66.69259287516276,22.099447513812155,nan,13.14312192,3.687886848,3.248254976,227.2400384,86.05001728,8.0,0.0,8,10.47969792
66.70926311810811,22.099447513812155,nan,13.14312192,3.687886848,3.248254976,227.2400384,86.05001728,8.0,0.0,8,10.47969792
66.72594451904297,22.099447513812155,nan,13.14312192,3.687886848,3.248254976,227.240042496,86.05001728,8.0,0.0,8,10.479693824000002
66.74261465072632,22.099447513812155,nan,13.14312192,3.687886848,3.248254976,227.240046592,86.05001728,8.0,0.0,8,10.479689728
66.75928390423456,19.613259668508288,nan,13.14312192,3.687886848,3.248254976,227.240046592,86.05001728,7.0,0.0,8,10.479689728
66.77595473925273,22.099447513812155,nan,13.14312192,3.687886848,3.248254976,227.240054784,86.05001728,8.0,0.0,8,10.479681536000001
66.79262609879176,22.099447513812155,nan,13.14312192,3.687886848,3.248254976,227.24005888,86.05001728,8.0,0.0,8,10.481741824
66.80930120547613,22.099447513812155,nan,13.14312192,3.687886848,3.248254976,227.240390656,86.05001728,8.0,0.0,8,10.481410048
66.82597123384475,22.099447513812155,nan,13.14312192,3.687886848,3.248254976,227.240394752,86.05001728,8.0,0.0,8,10.481635328
66.84264204502105,22.099447513812155,nan,13.14312192,3.687886848,3.248254976,227.240394752,86.05001728,8.0,0.0,8,10.482655231999999
66.85931106011073,22.099447513812155,nan,13.14312192,3.687886848,3.248254976,227.240398848,86.05001728,8.0,0.0,8,10.482651136000001
66.87598064343135,22.099447513812155,nan,13.14312192,3.687886848,3.248254976,227.240402944,86.05001728,8.0,0.0,8,10.48264704
66.89265050490697,19.613259668508288,nan,13.14312192,3.687903232,3.248254976,227.240402944,86.05001728,7.0,0.0,8,10.48055808
66.90932004054388,22.099447513812155,nan,13.14312192,3.687886848,3.248254976,227.240439808,86.05001728,8.0,0.0,8,10.481401856000002
66.92598803043366,22.099447513812155,nan,13.14312192,3.687886848,3.248254976,227.240443904,86.05001728,8.0,0.0,8,10.48139776
66.94265671571095,22.099447513812155,nan,13.14312192,3.687886848,3.248254976,227.240443904,86.05001728,8.0,0.0,8,10.48139776
66.95932799975077,22.099447513812155,nan,13.14312192,3.687886848,3.248254976,227.240452096,86.05001728,8.0,0.0,8,10.481389568
66.9760002374649,22.099447513812155,nan,13.14312192,3.687886848,3.248254976,227.24050944,86.05001728,8.0,0.0,8,10.481332223999999
66.99266906579335,22.099447513812155,nan,13.14312192,3.687886848,3.248254976,227.24050944,86.05001728,8.0,0.0,8,10.481332223999999
67.00933813651403,22.099447513812155,nan,13.14312192,3.687886848,3.248254976,227.240517632,86.05001728,8.0,0.0,8,10.481324032
67.02600919008255,22.099447513812155,nan,13.14312192,3.687886848,3.248254976,227.240517632,86.05001728,8.0,0.0,8,10.481324032
67.04268668095271,22.099447513812155,nan,13.14312192,3.687886848,3.248254976,227.240521728,86.05001728,8.0,0.0,8,10.481319935999998
67.05935616493225,22.099447513812155,nan,13.14312192,3.687886848,3.248254976,227.240525824,86.05001728,8.0,0.0,8,10.48131584
67.07602591514588,22.099447513812155,nan,13.14312192,3.687886848,3.248254976,227.240525824,86.05001728,8.0,0.0,8,10.48131584
67.092704864343,20.718232044198892,nan,13.14312192,3.687903232,3.271323648,227.240542208,86.05001728,7.0,0.0,8,10.483380224000001
67.10938669840495,22.099447513812155,nan,13.14312192,3.687886848,3.271323648,227.240546304,86.05001728,8.0,0.0,8,10.483392511999998
67.12605807781219,22.099447513812155,nan,13.14312192,3.687886848,3.271323648,227.240546304,86.05001728,8.0,0.0,8,10.483392511999998
67.14273051420848,19.613259668508288,nan,13.14312192,3.687886848,3.271323648,227.24061184,86.05001728,7.0,0.0,8,10.483326976
67.1594021042188,19.613259668508288,nan,13.14312192,3.687903232,3.275517952,227.265081344,86.05001728,7.0,0.0,8,10.487291904000001
67.17607236703238,22.099447513812155,nan,13.14312192,3.687886848,3.275517952,227.265363968,86.05001728,8.0,0.0,8,10.487025664
67.19274088144303,22.099447513812155,nan,13.14312192,3.687886848,3.275517952,227.265368064,86.05001728,8.0,0.0,8,10.487021568
67.20941389401754,22.099447513812155,nan,13.14312192,3.687886848,3.275517952,227.265368064,86.05001728,8.0,0.0,8,10.487021568
67.22609351476034,22.099447513812155,nan,13.14312192,3.687886848,3.275517952,227.26537216,86.05001728,8.0,0.0,8,10.487017472000002
67.24276591936747,22.099447513812155,nan,13.14312192,3.687886848,3.275517952,227.265376256,86.05001728,8.0,0.0,8,10.487013376
67.25944072405497,22.099447513812155,nan,13.14312192,3.687886848,3.275517952,227.265380352,86.05001728,8.0,0.0,8,10.487009280000002
67.2761134783427,22.099447513812155,nan,13.14312192,3.687886848,3.275517952,227.265421312,86.05001728,8.0,0.0,8,10.486968319999999
67.29278591871261,22.099447513812155,nan,13.14312192,3.687886848,3.275517952,227.265425408,86.05001728,8.0,0.0,8,10.486964224000001
67.30945898294449,22.099447513812155,nan,13.14312192,3.687886848,3.275517952,227.265425408,86.05001728,8.0,0.0,8,10.486964224000001
67.32613222996393,22.099447513812155,nan,13.14312192,3.687886848,3.275517952,227.265429504,86.05001728,8.0,0.0,8,10.485927936
67.34280734856924,22.099447513812155,nan,13.14312192,3.687886848,3.275517952,227.2654336,86.05001728,8.0,0.0,8,10.485182464000001
67.3594805518786,22.099447513812155,nan,13.14312192,3.687886848,3.275517952,227.2654336,86.05001728,8.0,0.0,8,10.485182464000001
67.37615205844243,22.099447513812155,nan,13.14312192,3.687886848,3.275517952,227.265437696,86.05001728,8.0,0.0,8,10.485178368
67.39282470146814,22.237569060773478,nan,13.14312192,3.687886848,3.275517952,227.265437696,86.05001728,8.0,0.0,8,10.485178368
67.40949719349543,22.37569060773481,nan,13.14312192,3.687886848,3.275517952,227.265441792,86.05001728,8.0,0.0,8,10.485174272000002
67.42617036104203,22.37569060773481,nan,13.14312192,3.687886848,3.275517952,227.265445888,86.05001728,8.0,0.0,8,10.485170176
67.44284282922744,22.513812154696133,nan,13.14312192,3.687886848,3.275517952,227.265445888,86.05001728,8.0,0.0,8,10.485399552
67.45951496362686,22.513812154696133,nan,13.14312192,3.687886848,3.275517952,227.265449984,86.05001728,8.0,0.0,8,10.485395456
67.47619123061499,19.889502762430944,nan,13.14312192,3.687886848,3.275517952,227.26545408,86.05001728,7.0,0.0,8,10.485391360000001
67.49286412000656,18.646408839779006,nan,13.14312192,3.687886848,3.296489472,227.265458176,86.05001728,6.0,0.0,8,10.489581568000002
67.50953971147537,20.441988950276247,nan,13.14312192,3.687886848,3.302780928,227.265462272,86.05001728,7.0,0.0,8,10.487480320000003
67.52621250152588,22.651933701657455,nan,13.14312192,3.687886848,3.302780928,227.265482752,86.05001728,8.0,0.0,8,10.48745984
67.54288543860117,22.651933701657455,nan,13.14312192,3.687886848,3.302780928,227.265482752,86.05001728,8.0,0.0,8,10.48745984
67.55955842733383,22.790055248618778,nan,13.14312192,3.687886848,3.302780928,227.265486848,86.05001728,8.0,0.0,8,10.487455744000002
67.5762311220169,22.790055248618778,nan,13.14312192,3.687886848,3.302780928,227.265486848,86.05001728,8.0,0.0,8,10.487455744000002
67.59290277560552,21.40883977900553,nan,13.14312192,3.687886848,3.302780928,227.265490944,86.05001728,7.0,0.0,8,10.487451648
67.60957634846369,22.790055248618778,nan,13.14312192,3.687886848,3.302780928,227.265523712,86.05001728,8.0,0.0,8,10.48741888
67.6262496471405,22.790055248618778,nan,13.14312192,3.687886848,3.302780928,227.265523712,86.05001728,8.0,0.0,8,10.48741888
67.64292457898458,22.790055248618778,nan,13.14312192,3.687886848,3.302780928,227.265527808,86.05001728,8.0,0.0,8,10.487414784000002
67.65959807634354,22.790055248618778,nan,13.14312192,3.687886848,3.302780928,227.265531904,86.05001728,8.0,0.0,8,10.487410688
67.67627449035645,22.790055248618778,nan,13.14312192,3.687886848,3.302780928,227.265531904,86.05001728,8.0,0.0,8,10.487410688
67.69294698635737,21.40883977900553,nan,13.14312192,3.687903232,3.302780928,227.265736704,86.05001728,7.0,0.0,8,10.487189504
67.7096195101738,22.790055248618778,nan,13.14312192,3.687886848,3.302780928,227.265744896,86.05001728,8.0,0.0,8,10.487197696000003
67.72629228432973,22.928176795580114,nan,13.14312192,3.687886848,3.302780928,227.265744896,86.05001728,8.0,0.0,8,10.487197696000003
67.74296558300654,22.928176795580114,nan,13.14312192,3.687886848,3.302780928,227.265748992,86.05001728,8.0,0.0,8,10.487193600000001
67.75964225133261,20.30386740331491,nan,13.14312192,3.687903232,3.302780928,227.265748992,86.05001728,7.0,0.0,8,10.487177216
67.7763148744901,22.928176795580114,nan,13.14312192,3.687886848,3.302780928,227.265777664,86.05001728,8.0,0.0,8,10.487164928000002
67.79298990567526,22.928176795580114,nan,13.14312192,3.687886848,3.302780928,227.26578176,86.05001728,8.0,0.0,8,10.487160832
67.80966307719548,22.928176795580114,nan,13.14312192,3.687886848,3.302780928,227.26578176,86.05001728,8.0,0.0,8,10.487160832
67.82633688052495,22.928176795580114,nan,13.14312192,3.687886848,3.302780928,227.265785856,86.05001728,8.0,0.0,8,10.487414784000002
67.84300827582678,22.928176795580114,nan,13.14312192,3.687886848,3.302780928,227.265789952,86.05001728,8.0,0.0,8,10.487410688
67.8596809943517,23.342541436464092,nan,13.14312192,3.687886848,3.302780928,227.265798144,86.05001728,8.0,0.0,8,10.487402496000001
67.8763535698255,22.928176795580114,nan,13.14312192,3.687886848,3.302780928,227.265830912,86.05001728,8.0,0.0,8,10.487369728000001
67.89302715063096,22.928176795580114,nan,13.14312192,3.687886848,3.302780928,227.265835008,86.05001728,8.0,0.0,8,10.488397824
67.9097021897634,22.928176795580114,nan,13.14312192,3.687886848,3.302780928,227.265835008,86.05001728,8.0,0.0,8,10.490949632000003
67.9263771533966,20.30386740331491,nan,13.14312192,3.687886848,3.302780928,227.2658432,86.05001728,7.0,0.0,8,10.484928512
67.9430498123169,21.40883977900553,nan,13.14312192,3.687886848,3.302780928,227.265851392,86.05001728,7.0,0.0,8,10.48492032
67.95972358385721,22.928176795580114,nan,13.14312192,3.687886848,3.302780928,227.265859584,86.05001728,8.0,0.0,8,10.484912128000001
67.97639609575272,23.066298342541437,nan,13.14312192,3.687886848,3.302780928,227.26586368,86.05001728,8.0,0.0,8,10.484908032
67.99306851625443,23.066298342541437,nan,13.14312192,3.687886848,3.302780928,227.26586368,86.05001728,8.0,0.0,8,10.484908032
68.00974215269089,23.066298342541437,nan,13.14312192,3.687886848,3.302780928,227.265867776,86.05001728,8.0,0.0,8,10.484903936000002
68.02641507387162,23.066298342541437,nan,13.14312192,3.687886848,3.302780928,227.265871872,86.05001728,8.0,0.0,8,10.48489984
68.04308974345525,23.066298342541437,nan,13.14312192,3.687886848,3.302780928,227.265871872,86.05001728,8.0,0.0,8,10.48489984
68.05976283550262,20.027624309392266,nan,13.14312192,3.687903232,3.302780928,227.265875968,86.05001728,7.0,0.0,8,10.485653503999998
68.07643633286158,22.237569060773478,nan,13.14312192,3.687886848,3.302780928,227.266048,86.05001728,8.0,0.0,8,10.485497856000002
68.09310788313547,22.237569060773478,nan,13.14312192,3.687886848,3.302780928,227.266052096,86.05001728,8.0,0.0,8,10.48549376
68.10978051026662,22.237569060773478,nan,13.14312192,3.687886848,3.302780928,227.266056192,86.05001728,8.0,0.0,8,10.485489664000003
68.12645388444265,22.37569060773481,nan,13.14312192,3.687886848,3.302780928,227.266056192,86.05001728,8.0,0.0,8,10.485489664000003
68.14312652349471,20.16574585635359,nan,13.14312192,3.687886848,3.302780928,227.266064384,86.05001728,7.0,0.0,8,10.485481472
68.15979992548624,20.16574585635359,nan,13.14312192,3.687886848,3.355209728,227.267252224,86.05001728,7.0,0.0,8,10.486648832
68.17647526661555,22.790055248618778,nan,13.14312192,3.687886848,3.35730688,227.26725632,86.05001728,8.0,0.0,8,10.488741888000002
68.19314769903819,22.37569060773481,nan,13.14312192,3.687886848,3.35730688,227.267264512,86.05001728,8.0,0.0,8,10.488733696000002
68.20982029040654,22.37569060773481,nan,13.14312192,3.687886848,3.35730688,227.267268608,86.05001728,8.0,0.0,8,10.488729600000001
68.22649297714233,22.37569060773481,nan,13.14312192,3.687886848,3.35730688,227.267268608,86.05001728,8.0,0.0,8,10.488729600000001
68.24316442012787,19.75138121546961,nan,13.14312192,3.687903232,3.35730688,227.267272704,86.05001728,7.0,0.0,8,10.48870912
68.2598404288292,20.856353591160225,nan,13.14312192,3.687886848,3.35730688,227.267403776,86.05001728,7.0,0.0,8,10.488594432000001
68.27651331027349,22.37569060773481,nan,13.14312192,3.687886848,3.35730688,227.267416064,86.05001728,8.0,0.0,8,10.48580096
68.29318586587905,22.37569060773481,nan,13.14312192,3.687886848,3.35730688,227.26742016,86.05001728,8.0,0.0,8,10.485796864
68.30985842148463,22.37569060773481,nan,13.14312192,3.687886848,3.35730688,227.26742016,86.05001728,8.0,0.0,8,10.485796864
68.326531124115,22.37569060773481,nan,13.14312192,3.687886848,3.35730688,227.267428352,86.05001728,8.0,0.0,8,10.485788672
68.3432106812795,22.37569060773481,nan,13.14312192,3.687886848,3.35730688,227.267432448,86.05001728,8.0,0.0,8,10.485784576000002
68.35988164345423,22.37569060773481,nan,13.14312192,3.687886848,3.35730688,227.267432448,86.05001728,8.0,0.0,8,10.485784576000002
68.37655337254206,22.37569060773481,nan,13.14312192,3.687886848,3.35730688,227.267457024,86.05001728,8.0,0.0,8,10.48576
68.3932268222173,22.37569060773481,nan,13.14312192,3.687886848,3.35730688,227.26746112,86.05001728,8.0,0.0,8,10.485755904
68.4098994255066,22.37569060773481,nan,13.14312192,3.687886848,3.35730688,227.267465216,86.05001728,8.0,0.0,8,10.485751808000002
68.42657275597254,22.513812154696133,nan,13.14312192,3.687886848,3.35730688,227.267469312,86.05001728,8.0,0.0,8,10.485747712
68.44324533144633,22.513812154696133,nan,13.14312192,3.687886848,3.35730688,227.267469312,86.05001728,8.0,0.0,8,10.485747712
68.45992493629456,22.513812154696133,nan,13.14312192,3.687886848,3.35730688,227.267485696,86.05001728,8.0,0.0,8,10.486235136
68.47659990390142,22.513812154696133,nan,13.14312192,3.687886848,3.35730688,227.267489792,86.05001728,8.0,0.0,8,10.486231040000002
68.49327014287313,22.651933701657455,nan,13.14312192,3.687886848,3.35730688,227.267489792,86.05001728,8.0,0.0,8,10.486231040000002
68.50994632641475,21.132596685082873,nan,13.14312192,3.687903232,3.35730688,227.267493888,86.05001728,7.0,0.0,8,10.484137984
68.52661796410878,22.790055248618778,nan,13.14312192,3.687886848,3.35730688,227.267510272,86.05001728,8.0,0.0,8,10.483822592000001
68.5432875831922,22.790055248618778,nan,13.14312192,3.687886848,3.35730688,227.267510272,86.05001728,8.0,0.0,8,10.483822592000001
68.55995997190476,22.790055248618778,nan,13.14312192,3.687886848,3.35730688,227.267514368,86.05001728,8.0,0.0,8,10.483818496
68.57663487593332,22.790055248618778,nan,13.14312192,3.687886848,3.35730688,227.267518464,86.05001728,8.0,0.0,8,10.483814400000002
68.59330592552821,22.790055248618778,nan,13.14312192,3.687886848,3.35730688,227.267518464,86.05001728,8.0,0.0,8,10.483814400000002
68.60997519095739,22.790055248618778,nan,13.14312192,3.687886848,3.35730688,227.26752256,86.05001728,8.0,0.0,8,10.483810304
68.62665080626806,22.790055248618778,nan,13.14312192,3.687886848,3.35730688,227.26752256,86.05001728,8.0,0.0,8,10.483810304
68.64332524935405,22.790055248618778,nan,13.14312192,3.687886848,3.35730688,227.267526656,86.05001728,8.0,0.0,8,10.483806208000003
68.6599983771642,22.790055248618778,nan,13.14312192,3.687886848,3.35730688,227.268562944,86.05001728,8.0,0.0,8,10.484318208
68.6766684293747,22.790055248618778,nan,13.14312192,3.687886848,3.35730688,227.268644864,86.05001728,8.0,0.0,8,10.484494336
68.69334123531978,22.790055248618778,nan,13.14312192,3.687886848,3.35730688,227.26864896,86.05001728,8.0,0.0,8,10.484490240000001
68.71001218557358,22.790055248618778,nan,13.14312192,3.687886848,3.35730688,227.268657152,86.05001728,8.0,0.0,8,10.484482048000002
68.72668433984121,22.790055248618778,nan,13.14312192,3.687886848,3.35730688,227.268661248,86.05001728,8.0,0.0,8,10.484477952
68.74336240291595,21.132596685082873,nan,13.14312192,3.687903232,3.35730688,227.268665344,86.05001728,7.0,0.0,8,10.484457471999999
68.76003398100535,22.790055248618778,nan,13.14312192,3.687886848,3.35730688,227.268747264,86.05001728,8.0,0.0,8,10.484649984000002
68.77670379082362,22.790055248618778,nan,13.14312192,3.687886848,3.35730688,227.268747264,86.05001728,8.0,0.0,8,10.484649984000002
68.79337384700776,22.790055248618778,nan,13.14312192,3.687886848,3.35730688,227.268755456,86.05001728,8.0,0.0,8,10.484871168
68.81004654169082,22.928176795580114,nan,13.14312192,3.687886848,3.35730688,227.268755456,86.05001728,8.0,0.0,8,10.484871168
68.82671927611032,22.928176795580114,nan,13.14312192,3.687886848,3.35730688,227.268759552,86.05001728,8.0,0.0,8,10.485096448000002
68.84338918129603,22.928176795580114,nan,13.14312192,3.687886848,3.35730688,227.268763648,86.05001728,8.0,0.0,8,10.485092352
68.86006226936976,20.16574585635359,nan,13.14312192,3.687886848,3.35730688,227.268784128,86.05001728,7.0,0.0,8,10.485071872
68.87673449118932,20.16574585635359,nan,13.14312192,3.687886848,3.359404032,227.26946816,86.05001728,7.0,0.0,8,10.483064831999998
68.89340844154358,20.16574585635359,nan,13.14312192,3.687886848,3.361501184,227.270414336,86.05001728,7.0,0.0,8,10.481053696
68.91008058389028,20.30386740331491,nan,13.14312192,3.687886848,2.847649792,227.247710208,86.05001728,7.0,0.0,7,10.483101695999999
68.92676317691803,20.30386740331491,nan,13.14312192,3.687886848,2.847649792,227.247587328,86.05001728,7.0,0.0,7,10.202742784000002
68.94344133933386,20.30386740331491,nan,13.14312192,3.687886848,2.847649792,227.247853568,86.05001728,7.0,0.0,7,10.199662592
68.96011225382487,20.30386740331491,nan,13.14312192,3.687886848,2.847649792,227.247853568,86.05001728,7.0,0.0,7,10.199662592
68.9767849524816,20.441988950276247,nan,13.14312192,3.687886848,2.847649792,227.247857664,86.05001728,7.0,0.0,7,10.199658496000001
68.9934554219246,20.441988950276247,nan,13.14312192,3.687886848,2.847649792,227.247857664,86.05001728,7.0,0.0,7,10.199220224000001
69.01012585560481,20.441988950276247,nan,13.14312192,3.687886848,2.847649792,227.24786176,86.05001728,7.0,0.0,7,10.199216128
69.02679862976075,20.441988950276247,nan,13.14312192,3.687886848,2.847649792,227.247865856,86.05001728,7.0,0.0,7,10.199212031999998
69.0434737165769,20.441988950276247,nan,13.14312192,3.687886848,2.847649792,227.247865856,86.05001728,7.0,0.0,7,10.199212031999998
69.06014608939489,20.441988950276247,nan,13.14312192,3.687886848,2.847649792,227.247869952,86.05001728,7.0,0.0,7,10.199207936
69.07681688070298,20.441988950276247,nan,13.14312192,3.687886848,2.847649792,227.247874048,86.05001728,7.0,0.0,7,10.19920384
69.09349161783854,20.441988950276247,nan,13.14312192,3.687886848,2.847649792,227.247874048,86.05001728,7.0,0.0,7,10.19920384
69.11016403834024,20.441988950276247,nan,13.14312192,3.687886848,2.847649792,227.247878144,86.05001728,7.0,0.0,7,10.199199744000001
69.12683648268381,20.441988950276247,nan,13.14312192,3.687886848,2.847649792,227.247878144,86.05001728,7.0,0.0,7,10.199199744000001
69.14350887537003,20.441988950276247,nan,13.14312192,3.687886848,2.847649792,227.24788224,86.05001728,7.0,0.0,7,10.199195648
69.16017876466115,20.441988950276247,nan,13.14312192,3.687886848,2.847649792,227.247886336,86.05001728,7.0,0.0,7,10.199191551999998
69.17685124874114,20.441988950276247,nan,13.14312192,3.687886848,2.847649792,227.247886336,86.05001728,7.0,0.0,7,10.199191551999998
69.19352459907532,20.441988950276247,nan,13.14312192,3.687886848,2.847649792,227.247890432,86.05001728,7.0,0.0,7,10.199187456
69.21019709904989,20.58011049723757,nan,13.14312192,3.687886848,2.847649792,227.247894528,86.05001728,7.0,0.0,7,10.199441407999998
69.22686949570974,20.58011049723757,nan,13.14312192,3.687886848,2.847649792,227.247894528,86.05001728,7.0,0.0,7,10.199441407999998
69.24353931744893,20.58011049723757,nan,13.14312192,3.687886848,2.847649792,227.247898624,86.05001728,7.0,0.0,7,10.199437312
69.26021179358165,20.58011049723757,nan,13.14312192,3.687886848,2.847649792,227.247898624,86.05001728,7.0,0.0,7,10.199437312
69.27688421805699,20.58011049723757,nan,13.14312192,3.687886848,2.847649792,227.24790272,86.05001728,7.0,0.0,7,10.199433216
69.29355957905452,20.58011049723757,nan,13.14312192,3.687886848,2.847649792,227.247906816,86.05001728,7.0,0.0,7,10.199429120000001
69.31023190021514,20.58011049723757,nan,13.14312192,3.687886848,2.847649792,227.247910912,86.05001728,7.0,0.0,7,10.199425024
69.32690662542979,20.58011049723757,nan,13.14312192,3.687886848,2.847649792,227.247915008,86.05001728,7.0,0.0,7,10.199420927999999
69.34357976516088,21.132596685082873,nan,13.14312192,3.687886848,2.847649792,227.247919104,86.05001728,7.0,0.0,7,10.199416832
69.36025212605794,20.718232044198892,nan,13.14312192,3.687886848,2.847649792,227.247919104,86.05001728,7.0,0.0,7,10.199416832
69.37692470153173,20.718232044198892,nan,13.14312192,3.687886848,2.847649792,227.2479232,86.05001728,7.0,0.0,7,10.199412736
69.3935970624288,20.718232044198892,nan,13.14312192,3.687886848,2.847649792,227.247927296,86.05001728,7.0,0.0,7,10.199408640000001
69.41026899019877,20.718232044198892,nan,13.14312192,3.687886848,2.847649792,227.247927296,86.05001728,7.0,0.0,7,10.199408640000001
69.42694058418274,20.718232044198892,nan,13.14312192,3.687886848,2.847649792,227.247931392,86.05001728,7.0,0.0,7,10.199404544
69.44361378351847,20.718232044198892,nan,13.14312192,3.687886848,2.847649792,227.247931392,86.05001728,7.0,0.0,7,10.199404544
69.46028622786204,20.718232044198892,nan,13.14312192,3.687886848,2.847649792,227.247935488,86.05001728,7.0,0.0,7,10.199400447999999
69.47695774237314,20.718232044198892,nan,13.14312192,3.687886848,2.847649792,227.247939584,86.05001728,7.0,0.0,7,10.199396352
69.49362635612488,20.718232044198892,nan,13.14312192,3.687886848,2.847649792,227.247939584,86.05001728,7.0,0.0,7,10.199396352
69.51029876470565,20.856353591160225,nan,13.14312192,3.687886848,2.847649792,227.24794368,86.05001728,7.0,0.0,7,10.199392256
69.5269737203916,20.856353591160225,nan,13.14312192,3.687886848,2.847649792,227.247947776,86.05001728,7.0,0.0,7,10.199388160000002
69.54364721775055,20.856353591160225,nan,13.14312192,3.687886848,2.847649792,227.247947776,86.05001728,7.0,0.0,7,10.199388160000002
69.56031970183055,20.856353591160225,nan,13.14312192,3.687886848,2.847649792,227.247951872,86.05001728,7.0,0.0,7,10.199384064
69.57698788245519,20.856353591160225,nan,13.14312192,3.687886848,2.847649792,227.247951872,86.05001728,7.0,0.0,7,10.199384064
69.59365947246552,20.856353591160225,nan,13.14312192,3.687886848,2.847649792,227.247955968,86.05001728,7.0,0.0,7,10.199379967999999
69.61033277114232,18.232044198895025,nan,13.14312192,3.687886848,2.849746944,227.247960064,86.05001728,6.0,0.0,7,10.201473024
69.62700707515081,18.232044198895025,nan,13.14312192,3.687886848,2.478481408,227.240226816,86.05001728,6.0,0.0,6,10.19756544
69.64367832342784,18.232044198895025,nan,13.14312192,3.687886848,2.478481408,227.240456192,86.05001728,6.0,0.0,6,9.915957248
69.66035035451253,18.232044198895025,nan,13.14312192,3.687886848,2.478481408,227.240464384,86.05001728,6.0,0.0,6,9.915949056
69.67701979875565,18.232044198895025,nan,13.14312192,3.687886848,2.478481408,227.240464384,86.05001728,6.0,0.0,6,9.915949056
69.69369216362635,18.232044198895025,nan,13.14312192,3.687886848,2.478481408,227.24046848,86.05001728,6.0,0.0,6,9.909321728
69.71036388079325,18.232044198895025,nan,13.14312192,3.687886848,2.478481408,227.24046848,86.05001728,6.0,0.0,6,9.908858879999999
69.72703456083933,18.232044198895025,nan,13.14312192,3.687886848,2.478481408,227.240472576,86.05001728,6.0,0.0,6,9.90908416
69.74370908339819,18.232044198895025,nan,13.14312192,3.687886848,2.478481408,227.240476672,86.05001728,6.0,0.0,6,9.909080064
69.76038195689519,18.232044198895025,nan,13.14312192,3.687886848,2.478481408,227.240480768,86.05001728,6.0,0.0,6,9.909592064
69.77705187400183,18.232044198895025,nan,13.14312192,3.687886848,2.478481408,227.240484864,86.05001728,6.0,0.0,6,9.909489664
69.79372586806615,18.370165745856347,nan,13.14312192,3.687886848,2.478481408,227.24048896,86.05001728,6.0,0.0,6,9.909485568
69.81039861440658,18.370165745856347,nan,13.14312192,3.687886848,2.478481408,227.24048896,86.05001728,6.0,0.0,6,9.909485568
69.82707399129868,18.370165745856347,nan,13.14312192,3.687886848,2.478481408,227.240493056,86.05001728,6.0,0.0,6,9.909481472000001
69.84374639987945,18.370165745856347,nan,13.14312192,3.687886848,2.478481408,227.240493056,86.05001728,6.0,0.0,6,9.909481472000001
69.86041784286499,18.370165745856347,nan,13.14312192,3.687886848,2.478481408,227.240497152,86.05001728,6.0,0.0,6,9.909477376
69.8770897547404,18.370165745856347,nan,13.14312192,3.687886848,2.478481408,227.240501248,86.05001728,6.0,0.0,6,9.909473279999998
69.89376358191173,18.370165745856347,nan,13.14312192,3.687886848,2.478481408,227.240501248,86.05001728,6.0,0.0,6,9.909473279999998
69.91043597857157,18.370165745856347,nan,13.14312192,3.687886848,2.478481408,227.240505344,86.05001728,6.0,0.0,6,9.909723135999998
69.92710926532746,18.370165745856347,nan,13.14312192,3.687886848,2.478481408,227.24050944,86.05001728,6.0,0.0,6,9.90971904
69.94378504355748,18.370165745856347,nan,13.14312192,3.687886848,2.478481408,227.24050944,86.05001728,6.0,0.0,6,9.910755327999999
69.96045851707458,16.574585635359117,nan,13.14312192,3.687886848,2.478481408,227.240517632,86.05001728,5.0,0.0,6,9.912020992
69.97713003158569,18.232044198895025,nan,13.14312192,3.687886848,2.478481408,227.240542208,86.05001728,6.0,0.0,6,9.912225792
69.99380262295405,18.370165745856347,nan,13.14312192,3.687886848,2.478481408,227.240546304,86.05001728,6.0,0.0,6,9.912221696000001
70.01047491629919,18.370165745856347,nan,13.14312192,3.687886848,2.478481408,227.2405504,86.05001728,6.0,0.0,6,9.9122176
70.02714829444885,18.370165745856347,nan,13.14312192,3.687886848,2.478481408,227.2405504,86.05001728,6.0,0.0,6,9.9122176
70.04382405281066,18.370165745856347,nan,13.14312192,3.687886848,2.478481408,227.240554496,86.05001728,6.0,0.0,6,9.912213503999999
70.06049639781317,18.370165745856347,nan,13.14312192,3.687886848,2.478481408,227.240558592,86.05001728,6.0,0.0,6,9.912209408
70.0771704475085,18.370165745856347,nan,13.14312192,3.687886848,2.478481408,227.240558592,86.05001728,6.0,0.0,6,9.912209408
70.09384401241938,18.370165745856347,nan,13.14312192,3.687886848,2.478481408,227.240562688,86.05001728,6.0,0.0,6,9.912205312
70.11051747798919,18.370165745856347,nan,13.14312192,3.687886848,2.478481408,227.240562688,86.05001728,6.0,0.0,6,9.912205312
70.12719095945359,18.370165745856347,nan,13.14312192,3.687886848,2.478481408,227.240566784,86.05001728,6.0,0.0,6,9.912201216000001
70.1438610514005,18.370165745856347,nan,13.14312192,3.687886848,2.478481408,227.24057088,86.05001728,6.0,0.0,6,9.91219712
70.16053405205409,18.508287292817684,nan,13.14312192,3.687886848,2.478481408,227.24057088,86.05001728,6.0,0.0,6,9.91219712
70.17720884879431,18.508287292817684,nan,13.14312192,3.687886848,2.478481408,227.240574976,86.05001728,6.0,0.0,6,9.912193023999999
70.1938830534617,18.508287292817684,nan,13.14312192,3.687886848,2.478481408,227.240579072,86.05001728,6.0,0.0,6,9.912188928
70.21055293083191,18.508287292817684,nan,13.14312192,3.687886848,2.478481408,227.240583168,86.05001728,6.0,0.0,6,9.912184832
70.22722680568695,18.508287292817684,nan,13.14312192,3.687886848,2.478481408,227.240587264,86.05001728,6.0,0.0,6,9.912180736000002
70.24390088717142,18.508287292817684,nan,13.14312192,3.687886848,2.478481408,227.240587264,86.05001728,6.0,0.0,6,9.912180736000002
70.2605762998263,18.646408839779006,nan,13.14312192,3.687886848,2.478481408,227.24059136,86.05001728,6.0,0.0,6,9.91217664
70.27724975744883,18.646408839779006,nan,13.14312192,3.687886848,2.478481408,227.240595456,86.05001728,6.0,0.0,6,9.912172543999999
70.29392394224803,18.646408839779006,nan,13.14312192,3.687886848,2.478481408,227.240595456,86.05001728,6.0,0.0,6,9.912172543999999
70.31059742371241,18.646408839779006,nan,13.14312192,3.687886848,2.478481408,227.240599552,86.05001728,6.0,0.0,6,9.912168448000001
70.32727507352828,18.646408839779006,nan,13.14312192,3.687886848,2.478481408,227.240603648,86.05001728,6.0,0.0,6,9.912164352
70.343947772185,18.646408839779006,nan,13.14312192,3.687886848,2.478481408,227.240603648,86.05001728,6.0,0.0,6,9.912164352
70.3606189807256,18.646408839779006,nan,13.14312192,3.687886848,2.478481408,227.240607744,86.05001728,6.0,0.0,6,9.912160255999998
70.37729007800421,18.646408839779006,nan,13.14312192,3.687886848,2.478481408,227.240607744,86.05001728,6.0,0.0,6,9.912160255999998
70.39396028518676,18.646408839779006,nan,13.14312192,3.687886848,2.478481408,227.24061184,86.05001728,6.0,0.0,6,9.91215616
70.41063112815222,18.646408839779006,nan,13.14312192,3.687886848,2.478481408,227.240615936,86.05001728,6.0,0.0,6,9.912152063999999
70.42730731169382,18.646408839779006,nan,13.14312192,3.687886848,2.478481408,227.240615936,86.05001728,6.0,0.0,6,9.912152063999999
70.44397996266683,18.646408839779006,nan,13.14312192,3.687886848,2.478481408,227.240620032,86.05001728,6.0,0.0,6,9.912147968000001
70.46065308650334,18.646408839779006,nan,13.14312192,3.687886848,2.478481408,227.240620032,86.05001728,6.0,0.0,6,9.912147968000001
70.47732544740042,18.646408839779006,nan,13.14312192,3.687886848,2.478481408,227.240624128,86.05001728,6.0,0.0,6,9.912143872
70.49399836858113,18.646408839779006,nan,13.14312192,3.687886848,2.478481408,227.240628224,86.05001728,6.0,0.0,6,9.912139775999998
70.51067376534144,18.646408839779006,nan,13.14312192,3.687886848,2.478481408,227.240628224,86.05001728,6.0,0.0,6,9.912139775999998
70.52734641631444,18.646408839779006,nan,13.14312192,3.687886848,2.478481408,227.24063232,86.05001728,6.0,0.0,6,9.91213568
70.54401929775874,18.646408839779006,nan,13.14312192,3.687886848,2.478481408,227.240636416,86.05001728,6.0,0.0,6,9.912131583999999
70.56069241364797,18.646408839779006,nan,13.14312192,3.687886848,2.478481408,227.240636416,86.05001728,6.0,0.0,6,9.912131583999999
70.57736499706904,18.646408839779006,nan,13.14312192,3.687886848,2.478481408,227.240644608,86.05001728,6.0,0.0,6,9.912123392
70.59404157002767,18.646408839779006,nan,13.14312192,3.687886848,2.478481408,227.240644608,86.05001728,6.0,0.0,6,9.912123392
70.61071383953094,18.646408839779006,nan,13.14312192,3.687886848,2.478481408,227.240648704,86.05001728,6.0,0.0,6,9.912119295999998
70.62739292780559,18.646408839779006,nan,13.14312192,3.687886848,2.478481408,227.2406528,86.05001728,6.0,0.0,6,9.9121152
70.64406433502833,18.646408839779006,nan,13.14312192,3.687886848,2.478481408,227.2406528,86.05001728,6.0,0.0,6,9.9121152
70.66073682308198,18.646408839779006,nan,13.14312192,3.687886848,2.478481408,227.240656896,86.05001728,6.0,0.0,6,9.912111104
70.67741022904714,18.78453038674033,nan,13.14312192,3.687886848,2.478481408,227.240660992,86.05001728,6.0,0.0,6,9.912107008000001
70.69408334891001,18.78453038674033,nan,13.14312192,3.687886848,2.478481408,227.240660992,86.05001728,6.0,0.0,6,9.912107008000001
70.71075798273087,18.78453038674033,nan,13.14312192,3.687886848,2.478481408,227.240665088,86.05001728,6.0,0.0,6,9.912102912
70.7274316072464,18.78453038674033,nan,13.14312192,3.687886848,2.478481408,227.240665088,86.05001728,6.0,0.0,6,9.912102912
70.74410776694616,18.78453038674033,nan,13.14312192,3.687886848,2.478481408,227.240669184,86.05001728,6.0,0.0,6,9.913618432000002
70.76078197956085,18.78453038674033,nan,13.14312192,3.687886848,2.478481408,227.24067328,86.05001728,6.0,0.0,6,9.912393728
70.77745290199915,18.78453038674033,nan,13.14312192,3.687886848,2.478481408,227.24067328,86.05001728,6.0,0.0,6,9.912393728
70.79412592252096,18.78453038674033,nan,13.14312192,3.687886848,2.478481408,227.240677376,86.05001728,6.0,0.0,6,9.912389631999998
70.81079853375753,15.883977900552482,nan,13.14312192,3.687886848,2.478481408,227.240681472,86.05001728,5.0,0.0,6,9.912385536
70.82747484842936,18.370165745856347,nan,13.14312192,3.687886848,2.478481408,227.240783872,86.05001728,6.0,0.0,6,9.913286655999999
70.84414512713751,18.370165745856347,nan,13.14312192,3.687886848,2.478481408,227.240792064,86.05001728,6.0,0.0,6,9.913536511999999
70.86081838210424,18.370165745856347,nan,13.14312192,3.687886848,2.478481408,227.240792064,86.05001728,6.0,0.0,6,9.913536511999999
70.87749108076096,18.370165745856347,nan,13.14312192,3.687886848,2.478481408,227.24079616,86.05001728,6.0,0.0,6,9.913532416
70.89416372378668,18.370165745856347,nan,13.14312192,3.687886848,2.478481408,227.240800256,86.05001728,6.0,0.0,6,9.91352832
70.91083632310232,18.370165745856347,nan,13.14312192,3.687886848,2.478481408,227.240800256,86.05001728,6.0,0.0,6,9.91352832
70.92750911712646,18.370165745856347,nan,13.14312192,3.687886848,2.478481408,227.240804352,86.05001728,6.0,0.0,6,9.913524224000001
70.94418331782023,18.370165745856347,nan,13.14312192,3.687886848,2.478481408,227.240812544,86.05001728,6.0,0.0,6,9.913774080000001
70.96085812250773,18.370165745856347,nan,13.14312192,3.687886848,2.478481408,227.240812544,86.05001728,6.0,0.0,6,9.917648896000001
70.97753086090088,18.370165745856347,nan,13.14312192,3.687886848,2.478481408,227.240820736,86.05001728,6.0,0.0,6,9.918382079999999
70.99420688152313,18.370165745856347,nan,13.14312192,3.687886848,2.478481408,227.240820736,86.05001728,6.0,0.0,6,9.918382079999999
71.01087917486826,18.370165745856347,nan,13.14312192,3.687886848,2.478481408,227.240824832,86.05001728,6.0,0.0,6,9.918377984000001
71.0275521437327,18.370165745856347,nan,13.14312192,3.687886848,2.478481408,227.240828928,86.05001728,6.0,0.0,6,9.918373888
71.04422146876654,18.370165745856347,nan,13.14312192,3.687886848,2.478481408,227.240828928,86.05001728,6.0,0.0,6,9.918373888
71.06089384555817,18.508287292817684,nan,13.14312192,3.687886848,2.478481408,227.240833024,86.05001728,6.0,0.0,6,9.918369791999998
71.07756637334823,18.508287292817684,nan,13.14312192,3.687886848,2.478481408,227.24083712,86.05001728,6.0,0.0,6,9.918365696
71.094242588679,18.508287292817684,nan,13.14312192,3.687886848,2.478481408,227.24083712,86.05001728,6.0,0.0,6,9.918365696
71.11091475486755,18.646408839779006,nan,13.14312192,3.687886848,2.478481408,227.240841216,86.05001728,6.0,0.0,6,9.918361599999999
71.12759274244308,18.646408839779006,nan,13.14312192,3.687886848,2.478481408,227.240841216,86.05001728,6.0,0.0,6,9.918361599999999
71.14426651398341,18.646408839779006,nan,13.14312192,3.687886848,2.478481408,227.240845312,86.05001728,6.0,0.0,6,9.918357504000001
71.1609460234642,18.646408839779006,nan,13.14312192,3.687886848,2.478481408,227.240849408,86.05001728,6.0,0.0,6,9.918353408
71.17761934995652,18.646408839779006,nan,13.14312192,3.687886848,2.478481408,227.240849408,86.05001728,6.0,0.0,6,9.918353408
71.19429362217585,18.646408839779006,nan,13.14312192,3.687886848,2.478481408,227.2408576,86.05001728,6.0,0.0,6,9.918345216
71.21096545060476,18.646408839779006,nan,13.14312192,3.687886848,2.478481408,227.240861696,86.05001728,6.0,0.0,6,9.91834112
71.22763680617014,18.646408839779006,nan,13.14312192,3.687886848,2.478481408,227.240861696,86.05001728,6.0,0.0,6,9.91834112
71.24430915117264,18.646408839779006,nan,13.14312192,3.687886848,2.478481408,227.240865792,86.05001728,6.0,0.0,6,9.918337024000001
71.2609833240509,18.646408839779006,nan,13.14312192,3.687886848,2.478481408,227.240865792,86.05001728,6.0,0.0,6,9.918337024000001
71.27765624920526,18.646408839779006,nan,13.14312192,3.687886848,2.478481408,227.240869888,86.05001728,6.0,0.0,6,9.918332928
71.29432913462321,18.646408839779006,nan,13.14312192,3.687886848,2.478481408,227.240873984,86.05001728,6.0,0.0,6,9.918328831999998
71.31100144783656,18.78453038674033,nan,13.14312192,3.687886848,2.478481408,227.240873984,86.05001728,6.0,0.0,6,9.918328831999998
71.32767606973648,18.78453038674033,nan,13.14312192,3.687886848,2.478481408,227.24087808,86.05001728,6.0,0.0,6,9.918324736
71.34434862136841,18.78453038674033,nan,13.14312192,3.687886848,2.478481408,227.240882176,86.05001728,6.0,0.0,6,9.91832064
71.3610244512558,18.78453038674033,nan,13.14312192,3.687886848,2.478481408,227.240882176,86.05001728,6.0,0.0,6,9.91832064
71.37769362529119,18.78453038674033,nan,13.14312192,3.687886848,2.478481408,227.240886272,86.05001728,6.0,0.0,6,9.918316544000001
71.3943659345309,18.78453038674033,nan,13.14312192,3.687886848,2.478481408,227.240886272,86.05001728,6.0,0.0,6,9.918316544000001
71.4110416730245,18.78453038674033,nan,13.14312192,3.687886848,2.478481408,227.240890368,86.05001728,6.0,0.0,6,9.918312448
71.42771412928899,18.78453038674033,nan,13.14312192,3.687886848,2.478481408,227.240894464,86.05001728,6.0,0.0,6,9.918308351999999
71.44438462257385,18.78453038674033,nan,13.14312192,3.687886848,2.478481408,227.24089856,86.05001728,6.0,0.0,6,9.918304256
71.46105848153432,18.78453038674033,nan,13.14312192,3.687886848,2.478481408,227.240902656,86.05001728,6.0,0.0,6,9.91830016
71.47773127953211,18.78453038674033,nan,13.14312192,3.687886848,2.478481408,227.240902656,86.05001728,6.0,0.0,6,9.91830016
71.49440356492997,18.78453038674033,nan,13.14312192,3.687886848,2.478481408,227.240906752,86.05001728,6.0,0.0,6,9.918296064000002
71.51107657353083,18.78453038674033,nan,13.14312192,3.687886848,2.478481408,227.240910848,86.05001728,6.0,0.0,6,9.918291968
71.52775040070216,18.78453038674033,nan,13.14312192,3.687886848,2.478481408,227.240910848,86.05001728,6.0,0.0,6,9.918291968
71.54442417621613,18.78453038674033,nan,13.14312192,3.687886848,2.478481408,227.240914944,86.05001728,6.0,0.0,6,9.918287871999999
71.5610964179039,18.78453038674033,nan,13.14312192,3.687886848,2.478481408,227.24091904,86.05001728,6.0,0.0,6,9.918283776
71.57776873509088,18.922651933701662,nan,13.14312192,3.687886848,2.478481408,227.24091904,86.05001728,6.0,0.0,6,9.918283776
71.59444372256597,18.922651933701662,nan,13.14312192,3.687886848,2.478481408,227.240923136,86.05001728,6.0,0.0,6,9.91827968
71.61111629009247,18.922651933701662,nan,13.14312192,3.687886848,2.478481408,227.240923136,86.05001728,6.0,0.0,6,9.91827968
71.62779003381729,18.922651933701662,nan,13.14312192,3.687886848,2.478481408,227.240927232,86.05001728,6.0,0.0,6,9.918275583999998
71.6444626490275,18.922651933701662,nan,13.14312192,3.687886848,2.478481408,227.240931328,86.05001728,6.0,0.0,6,9.918271488
71.66114118099213,18.922651933701662,nan,13.14312192,3.687886848,2.478481408,227.240931328,86.05001728,6.0,0.0,6,9.918271488
71.67781321605047,18.922651933701662,nan,13.14312192,3.687886848,2.478481408,227.240935424,86.05001728,6.0,0.0,6,9.918267391999999
71.69448509216309,18.922651933701662,nan,13.14312192,3.687886848,2.478481408,227.24093952,86.05001728,6.0,0.0,6,9.918263296000001
71.7111577351888,18.922651933701662,nan,13.14312192,3.687886848,2.478481408,227.24093952,86.05001728,6.0,0.0,6,9.918263296000001
71.7278329928716,18.922651933701662,nan,13.14312192,3.687886848,2.478481408,227.240943616,86.05001728,6.0,0.0,6,9.9182592
71.74451553821564,18.922651933701662,nan,13.14312192,3.687886848,2.478481408,227.240943616,86.05001728,6.0,0.0,6,9.9182592
71.76119333108267,18.922651933701662,nan,13.14312192,3.687886848,2.478481408,227.240947712,86.05001728,6.0,0.0,6,9.918255103999998
71.77786693572997,18.922651933701662,nan,13.14312192,3.687886848,2.478481408,227.240951808,86.05001728,6.0,0.0,6,9.918251008
71.79454454580943,18.922651933701662,nan,13.14312192,3.687886848,2.478481408,227.240951808,86.05001728,6.0,0.0,6,9.918251008
71.81121869881947,18.922651933701662,nan,13.14312192,3.687886848,2.478481408,227.24096,86.05001728,6.0,0.0,6,9.918242816000001
71.82789245843887,18.922651933701662,nan,13.14312192,3.687886848,2.478481408,227.240964096,86.05001728,6.0,0.0,6,9.91823872
71.84456705649694,18.922651933701662,nan,13.14312192,3.687886848,2.478481408,227.240964096,86.05001728,6.0,0.0,6,9.91823872
71.86124483346939,18.922651933701662,nan,13.14312192,3.687886848,2.478481408,227.240968192,86.05001728,6.0,0.0,6,9.918234623999998
71.87791848977407,18.922651933701662,nan,13.14312192,3.687886848,2.478481408,227.240968192,86.05001728,6.0,0.0,6,9.918234623999998
71.89459244012832,18.922651933701662,nan,13.14312192,3.687886848,2.478481408,227.240972288,86.05001728,6.0,0.0,6,9.918230528
71.91126368840536,18.922651933701662,nan,13.14312192,3.687886848,2.478481408,227.240976384,86.05001728,6.0,0.0,6,9.918226431999999
71.92794214487076,18.922651933701662,nan,13.14312192,3.687886848,2.478481408,227.240976384,86.05001728,6.0,0.0,6,9.918226431999999
71.94461473226548,18.922651933701662,nan,13.14312192,3.687886848,2.478481408,227.24098048,86.05001728,6.0,0.0,6,9.918222336000001
71.96128475268682,18.922651933701662,nan,13.14312192,3.687886848,2.478481408,227.240984576,86.05001728,6.0,0.0,6,9.91821824
71.97795960903167,18.922651933701662,nan,13.14312192,3.687886848,2.478481408,227.240984576,86.05001728,6.0,0.0,6,9.920028671999999
71.9946343421936,18.922651933701662,nan,13.14312192,3.687886848,2.478481408,227.240988672,86.05001728,6.0,0.0,6,9.920507903999999
72.01130961577097,19.060773480662984,nan,13.14312192,3.687886848,2.478481408,227.240988672,86.05001728,6.0,0.0,6,9.920507903999999
72.02798084815343,19.060773480662984,nan,13.14312192,3.687886848,2.478481408,227.240992768,86.05001728,6.0,0.0,6,9.920503808000001
72.04465318918228,19.060773480662984,nan,13.14312192,3.687886848,2.478481408,227.240996864,86.05001728,6.0,0.0,6,9.920499712
72.06132472753525,19.060773480662984,nan,13.14312192,3.687886848,2.478481408,227.240996864,86.05001728,6.0,0.0,6,9.920499712
72.0779977520307,19.060773480662984,nan,13.14312192,3.687886848,2.478481408,227.24100096,86.05001728,6.0,0.0,6,9.920495615999998
72.09466914733251,19.060773480662984,nan,13.14312192,3.687886848,2.478481408,227.241005056,86.05001728,6.0,0.0,6,9.92049152
72.11134069363276,19.060773480662984,nan,13.14312192,3.687886848,2.478481408,227.241005056,86.05001728,6.0,0.0,6,9.92049152
72.12801456054052,19.060773480662984,nan,13.14312192,3.687886848,2.478481408,227.241009152,86.05001728,6.0,0.0,6,9.920487424
72.14468654791514,19.198895027624307,nan,13.14312192,3.687886848,2.478481408,227.241009152,86.05001728,6.0,0.0,6,9.920487424
72.16135885715485,19.198895027624307,nan,13.14312192,3.687886848,2.478481408,227.241013248,86.05001728,6.0,0.0,6,9.920483328000001
72.17803013324738,19.198895027624307,nan,13.14312192,3.687886848,2.478481408,227.241017344,86.05001728,6.0,0.0,6,9.920479232
72.19470121065775,19.198895027624307,nan,13.14312192,3.687886848,2.478481408,227.241017344,86.05001728,6.0,0.0,6,9.920479232
72.21137365102769,19.198895027624307,nan,13.14312192,3.687886848,2.478481408,227.241025536,86.05001728,6.0,0.0,6,9.92047104
72.22804575363794,19.198895027624307,nan,13.14312192,3.687886848,2.478481408,227.241029632,86.05001728,6.0,0.0,6,9.920466944
72.2447188536326,19.198895027624307,nan,13.14312192,3.687886848,2.478481408,227.241029632,86.05001728,6.0,0.0,6,9.920466944
72.2613914012909,19.198895027624307,nan,13.14312192,3.687886848,2.478481408,227.241037824,86.05001728,6.0,0.0,6,9.920458752
72.27806417942047,19.198895027624307,nan,13.14312192,3.687886848,2.478481408,227.241037824,86.05001728,6.0,0.0,6,9.920458752
72.2947362224261,19.198895027624307,nan,13.14312192,3.687886848,2.478481408,227.24104192,86.05001728,6.0,0.0,6,9.920454655999999
72.3114075144132,19.198895027624307,nan,13.14312192,3.687886848,2.478481408,227.241046016,86.05001728,6.0,0.0,6,9.92045056
72.32807985544204,19.198895027624307,nan,13.14312192,3.687886848,2.478481408,227.241046016,86.05001728,6.0,0.0,6,9.92045056
72.34475107192993,19.198895027624307,nan,13.14312192,3.687886848,2.478481408,227.241050112,86.05001728,6.0,0.0,6,9.920446464
72.3614250143369,19.198895027624307,nan,13.14312192,3.687886848,2.478481408,227.241054208,86.05001728,6.0,0.0,6,9.920442368000002
72.37809737920762,16.71270718232044,nan,13.14312192,3.687903232,2.478481408,227.241054208,86.05001728,5.0,0.0,6,9.920425984000001
72.39476993083954,18.370165745856347,nan,13.14312192,3.687886848,2.478481408,227.241234432,86.05001728,6.0,0.0,6,9.920520192
72.41144199371338,18.370165745856347,nan,13.14312192,3.687886848,2.478481408,227.241234432,86.05001728,6.0,0.0,6,9.920520192
72.42811428308487,18.508287292817684,nan,13.14312192,3.687886848,2.478481408,227.241238528,86.05001728,6.0,0.0,6,9.920516095999998
72.44479096730551,18.508287292817684,nan,13.14312192,3.687886848,2.478481408,227.241242624,86.05001728,6.0,0.0,6,9.920512
72.46146338780721,18.508287292817684,nan,13.14312192,3.687886848,2.478481408,227.241242624,86.05001728,6.0,0.0,6,9.920512
72.47813562552135,18.508287292817684,nan,13.14312192,3.687886848,2.478481408,227.24124672,86.05001728,6.0,0.0,6,9.920507903999999
72.4948083281517,18.508287292817684,nan,13.14312192,3.687886848,2.478481408,227.241254912,86.05001728,6.0,0.0,6,9.920499712
72.51148080428442,18.508287292817684,nan,13.14312192,3.687886848,2.478481408,227.241254912,86.05001728,6.0,0.0,6,9.920499712
72.52815878391266,18.508287292817684,nan,13.14312192,3.687886848,2.478481408,227.241259008,86.05001728,6.0,0.0,6,9.920495615999998
72.54483091831207,18.508287292817684,nan,13.14312192,3.687886848,2.478481408,227.241259008,86.05001728,6.0,0.0,6,9.920495615999998
72.56150300900141,18.646408839779006,nan,13.14312192,3.687886848,2.478481408,227.241263104,86.05001728,6.0,0.0,6,9.92049152
72.57817674477896,18.646408839779006,nan,13.14312192,3.687886848,2.478481408,227.2412672,86.05001728,6.0,0.0,6,9.920487424
72.59484912157059,18.646408839779006,nan,13.14312192,3.687886848,2.478481408,227.2412672,86.05001728,6.0,0.0,6,9.920487424
72.61152479251226,18.646408839779006,nan,13.14312192,3.687886848,2.478481408,227.241271296,86.05001728,6.0,0.0,6,9.920483328000001
72.62819681564967,18.78453038674033,nan,13.14312192,3.687886848,2.478481408,227.241271296,86.05001728,6.0,0.0,6,9.920483328000001
72.64486819108328,18.78453038674033,nan,13.14312192,3.687886848,2.478481408,227.241275392,86.05001728,6.0,0.0,6,9.920479232
72.66154063542685,18.78453038674033,nan,13.14312192,3.687886848,2.478481408,227.241279488,86.05001728,6.0,0.0,6,9.920475135999999
72.6782136241595,18.646408839779006,nan,13.14312192,3.687903232,2.478481408,227.241279488,86.05001728,6.0,0.0,6,9.920458751999998
72.69489016532899,18.370165745856347,nan,13.14312192,3.687886848,2.478481408,227.241377792,86.05001728,6.0,0.0,6,9.920606208
72.71156309048335,18.370165745856347,nan,13.14312192,3.687886848,2.478481408,227.241381888,86.05001728,6.0,0.0,6,9.920602112
72.72823518911997,18.370165745856347,nan,13.14312192,3.687886848,2.478481408,227.241381888,86.05001728,6.0,0.0,6,9.920602112
72.74490769306819,18.370165745856347,nan,13.14312192,3.687886848,2.478481408,227.241385984,86.05001728,6.0,0.0,6,9.920598016000001
72.76158046325048,18.370165745856347,nan,13.14312192,3.687886848,2.478481408,227.241385984,86.05001728,6.0,0.0,6,9.920598016000001
72.77825767199198,18.370165745856347,nan,13.14312192,3.687886848,2.478481408,227.241418752,86.05001728,6.0,0.0,6,9.920565248
72.7949302872022,18.370165745856347,nan,13.14312192,3.687886848,2.478481408,227.241422848,86.05001728,6.0,0.0,6,9.920561152
72.81160218318304,16.574585635359117,nan,13.14312192,3.687903232,2.478481408,227.241422848,86.05001728,5.0,0.0,6,9.921318912
72.82827433745067,18.370165745856347,nan,13.14312192,3.687886848,2.478481408,227.241459712,86.05001728,6.0,0.0,6,9.921298431999999
72.84494661490122,18.370165745856347,nan,13.14312192,3.687886848,2.478481408,227.241463808,86.05001728,6.0,0.0,6,9.921294336
72.8616181174914,18.370165745856347,nan,13.14312192,3.687886848,2.478481408,227.241463808,86.05001728,6.0,0.0,6,9.921294336
72.87829062143962,18.370165745856347,nan,13.14312192,3.687886848,2.478481408,227.241467904,86.05001728,6.0,0.0,6,9.92129024
72.89496337175369,14.502762430939232,nan,13.14312192,3.687886848,2.478481408,227.241467904,86.05001728,5.0,0.0,6,9.92129024
72.91163574854532,17.5414364640884,nan,13.14312192,3.687886848,2.478481408,227.241631744,86.05001728,6.0,0.0,6,9.921355776
72.9283088127772,18.093922651933703,nan,13.14312192,3.687886848,2.478481408,227.241668608,86.05001728,6.0,0.0,6,9.921318911999998
72.94498211542765,17.67955801104972,nan,13.14312192,3.687886848,2.478481408,227.2416768,86.05001728,6.0,0.0,6,9.92131072
72.96165691614151,17.67955801104972,nan,13.14312192,3.687886848,2.478481408,227.241680896,86.05001728,6.0,0.0,6,9.921306624000001
72.97832961082459,17.67955801104972,nan,13.14312192,3.687886848,2.478481408,227.241684992,86.05001728,6.0,0.0,6,9.921302528
72.99500261147817,17.67955801104972,nan,13.14312192,3.687886848,2.478481408,227.241684992,86.05001728,6.0,0.0,6,9.918681088000001
73.01167537371317,17.817679558011047,nan,13.14312192,3.687886848,2.478481408,227.241689088,86.05001728,6.0,0.0,6,9.915908096
73.02834865252177,17.817679558011047,nan,13.14312192,3.687886848,2.478481408,227.241689088,86.05001728,6.0,0.0,6,9.915912191999999
73.04502361615499,17.817679558011047,nan,13.14312192,3.687886848,2.478481408,227.241734144,86.05001728,6.0,0.0,6,9.915867136000001
73.06169618765513,17.817679558011047,nan,13.14312192,3.687886848,2.478481408,227.241742336,86.05001728,6.0,0.0,6,9.915858943999998
73.07836908896765,17.817679558011047,nan,13.14312192,3.687886848,2.478481408,227.241742336,86.05001728,6.0,0.0,6,9.915858943999998
73.095042069753,17.817679558011047,nan,13.14312192,3.687886848,2.478481408,227.241746432,86.05001728,6.0,0.0,6,9.915854848
73.11171501874924,17.817679558011047,nan,13.14312192,3.687886848,2.478481408,227.241750528,86.05001728,6.0,0.0,6,9.915850751999999
73.12839273611705,17.817679558011047,nan,13.14312192,3.687886848,2.478481408,227.241750528,86.05001728,6.0,0.0,6,9.915850751999999
73.14506585200628,17.817679558011047,nan,13.14312192,3.687886848,2.478481408,227.241754624,86.05001728,6.0,0.0,6,9.915846656000001
73.16174141565959,17.817679558011047,nan,13.14312192,3.687886848,2.478481408,227.241754624,86.05001728,6.0,0.0,6,9.915846656000001
73.1784115632375,17.817679558011047,nan,13.14312192,3.687886848,2.478481408,227.24175872,86.05001728,6.0,0.0,6,9.91584256
73.1950855175654,17.817679558011047,nan,13.14312192,3.687886848,2.478481408,227.241766912,86.05001728,6.0,0.0,6,9.915834368
73.21175891160965,17.817679558011047,nan,13.14312192,3.687886848,2.478481408,227.241766912,86.05001728,6.0,0.0,6,9.915834368
73.2284317890803,17.817679558011047,nan,13.14312192,3.687886848,2.478481408,227.241771008,86.05001728,6.0,0.0,6,9.915830272
73.24510655005773,17.817679558011047,nan,13.14312192,3.687886848,2.478481408,227.241775104,86.05001728,6.0,0.0,6,9.915826176000001
73.26178175608317,17.817679558011047,nan,13.14312192,3.687886848,2.478481408,227.241775104,86.05001728,6.0,0.0,6,9.915826176000001
73.27845678329467,17.817679558011047,nan,13.14312192,3.687886848,2.478481408,227.24179968,86.05001728,6.0,0.0,6,9.9158016
73.29512940247854,17.817679558011047,nan,13.14312192,3.687886848,2.478481408,227.24179968,86.05001728,6.0,0.0,6,9.9158016
73.3118019580841,17.817679558011047,nan,13.14312192,3.687886848,2.478481408,227.241803776,86.05001728,6.0,0.0,6,9.915797503999999
73.32847653627395,17.817679558011047,nan,13.14312192,3.687886848,2.478481408,227.241807872,86.05001728,6.0,0.0,6,9.915793408
73.34515048265457,17.817679558011047,nan,13.14312192,3.687886848,2.478481408,227.241816064,86.05001728,6.0,0.0,6,9.915785216000002
73.36182382504145,17.817679558011047,nan,13.14312192,3.687886848,2.478481408,227.24182016,86.05001728,6.0,0.0,6,9.91578112
73.37849634091059,17.817679558011047,nan,13.14312192,3.687886848,2.478481408,227.241824256,86.05001728,6.0,0.0,6,9.915777023999999
73.39517378012339,17.817679558011047,nan,13.14312192,3.687886848,2.478481408,227.241824256,86.05001728,6.0,0.0,6,9.915777023999999
73.41184816360473,17.817679558011047,nan,13.14312192,3.687886848,2.478481408,227.241832448,86.05001728,6.0,0.0,6,9.915768832
73.42852861086527,17.817679558011047,nan,13.14312192,3.687886848,2.478481408,227.241832448,86.05001728,6.0,0.0,6,9.915768832
73.44520112673442,17.95580110497238,nan,13.14312192,3.687886848,2.478481408,227.24186112,86.05001728,6.0,0.0,6,9.91574016
73.46187572479248,16.16022099447514,nan,13.14312192,3.687886848,2.478481408,227.241865216,86.05001728,5.0,0.0,6,9.915736063999999
73.47854885657628,18.370165745856347,nan,13.14312192,3.687886848,2.478481408,227.2418816,86.05001728,6.0,0.0,6,9.91571968
73.49522339900335,18.093922651933703,nan,13.14312192,3.687886848,2.478481408,227.241885696,86.05001728,6.0,0.0,6,9.915715583999999
73.51189455588658,18.093922651933703,nan,13.14312192,3.687886848,2.478481408,227.241889792,86.05001728,6.0,0.0,6,9.915711488000001
73.52856870094935,18.093922651933703,nan,13.14312192,3.687886848,2.478481408,227.241889792,86.05001728,6.0,0.0,6,9.915711488000001
73.54524290164312,16.022099447513817,nan,13.14312192,3.687673856,2.478481408,227.241893888,86.05001728,5.0,0.0,6,9.915920384
73.56191567579906,17.817679558011047,nan,13.14312192,3.687673856,2.478481408,227.241959424,86.05001728,6.0,0.0,6,9.915854847999999
73.57859053611756,17.817679558011047,nan,13.14312192,3.687673856,2.478481408,227.242053632,86.05001728,6.0,0.0,6,9.915760639999998
73.5952646970749,17.817679558011047,nan,13.14312192,3.687673856,2.478481408,227.242057728,86.05001728,6.0,0.0,6,9.915756544
73.61193723678589,17.817679558011047,nan,13.14312192,3.687673856,2.478481408,227.242057728,86.05001728,6.0,0.0,6,9.915756544
73.62861039241155,17.817679558011047,nan,13.14312192,3.687673856,2.478481408,227.242061824,86.05001728,6.0,0.0,6,9.915752448
73.6452835838,17.817679558011047,nan,13.14312192,3.687673856,2.478481408,227.242061824,86.05001728,6.0,0.0,6,9.915752448
73.66196060578028,17.817679558011047,nan,13.14312192,3.687673856,2.478481408,227.242070016,86.05001728,6.0,0.0,6,9.917292543999999
73.67863496541977,17.817679558011047,nan,13.14312192,3.687673856,2.478481408,227.242074112,86.05001728,6.0,0.0,6,9.917288448
73.6953064640363,17.817679558011047,nan,13.14312192,3.687673856,2.478481408,227.242074112,86.05001728,6.0,0.0,6,9.917288448
73.71197842756906,17.817679558011047,nan,13.14312192,3.687673856,2.478481408,227.242078208,86.05001728,6.0,0.0,6,9.911607296
73.72865306933721,17.95580110497238,nan,13.14312192,3.687673856,2.478481408,227.242082304,86.05001728,6.0,0.0,6,9.911549951999998
73.7453266064326,17.95580110497238,nan,13.14312192,3.687673856,2.478481408,227.242082304,86.05001728,6.0,0.0,6,9.912582143999998
73.76199887990951,17.95580110497238,nan,13.14312192,3.687673856,2.478481408,227.2420864,86.05001728,6.0,0.0,6,9.912578048
73.77867392301559,17.95580110497238,nan,13.14312192,3.687673856,2.478481408,227.2420864,86.05001728,6.0,0.0,6,9.912578048
73.79534806807835,17.95580110497238,nan,13.14312192,3.687673856,2.478481408,227.242090496,86.05001728,6.0,0.0,6,9.912573951999999
73.81202336152394,17.95580110497238,nan,13.14312192,3.687673856,2.478481408,227.242094592,86.05001728,6.0,0.0,6,9.912569856000001
73.82869741916656,17.95580110497238,nan,13.14312192,3.687673856,2.478481408,227.242094592,86.05001728,6.0,0.0,6,9.912569856000001
73.84536993106207,17.95580110497238,nan,13.14312192,3.687673856,2.478481408,227.242098688,86.05001728,6.0,0.0,6,9.91256576
73.86204479932785,17.95580110497238,nan,13.14312192,3.687673856,2.478481408,227.242102784,86.05001728,6.0,0.0,6,9.912561663999998
73.87871892849604,17.95580110497238,nan,13.14312192,3.687673856,2.478481408,227.242102784,86.05001728,6.0,0.0,6,9.912561663999998
73.89539173841476,17.95580110497238,nan,13.14312192,3.687673856,2.478481408,227.24210688,86.05001728,6.0,0.0,6,9.912557568
73.91206434170405,17.95580110497238,nan,13.14312192,3.687673856,2.478481408,227.24210688,86.05001728,6.0,0.0,6,9.912557568
73.92874217828115,17.95580110497238,nan,13.14312192,3.687673856,2.478481408,227.242110976,86.05001728,6.0,0.0,6,9.912553471999999
73.94541594982147,17.95580110497238,nan,13.14312192,3.687673856,2.478481408,227.242119168,86.05001728,6.0,0.0,6,9.91254528
73.96209118366241,17.95580110497238,nan,13.14312192,3.687673856,2.478481408,227.242119168,86.05001728,6.0,0.0,6,9.91254528
73.97876264254252,17.95580110497238,nan,13.14312192,3.687673856,2.478481408,227.242123264,86.05001728,6.0,0.0,6,9.912541183999998
73.995436779658,17.95580110497238,nan,13.14312192,3.687673856,2.478481408,227.24212736,86.05001728,6.0,0.0,6,9.912537088
74.01211418708165,17.95580110497238,nan,13.14312192,3.687673856,2.478481408,227.24212736,86.05001728,6.0,0.0,6,9.913827328
74.0287905216217,17.95580110497238,nan,13.14312192,3.687673856,2.478481408,227.242139648,86.05001728,6.0,0.0,6,9.91481856
74.04546350240707,17.95580110497238,nan,13.14312192,3.687673856,2.478481408,227.242139648,86.05001728,6.0,0.0,6,9.91481856
74.06214118798574,17.95580110497238,nan,13.14312192,3.687673856,2.478481408,227.242143744,86.05001728,6.0,0.0,6,9.914814463999999
74.07881518602372,17.95580110497238,nan,13.14312192,3.687673856,2.478481408,227.24214784,86.05001728,6.0,0.0,6,9.914810368000001
74.09549007813136,17.95580110497238,nan,13.14312192,3.687673856,2.478481408,227.24214784,86.05001728,6.0,0.0,6,9.914810368000001
74.1121631940206,17.95580110497238,nan,13.14312192,3.687673856,2.478481408,227.242151936,86.05001728,6.0,0.0,6,9.914806272
74.12884097496668,15.469613259668513,nan,13.14312192,3.687673856,2.478481408,227.242176512,86.05001728,5.0,0.0,6,9.915039744000001
74.14551476637523,15.469613259668513,nan,13.14312192,3.687673856,2.514137088,227.242692608,86.05001728,5.0,0.0,6,9.91870976
74.16219050089518,15.469613259668513,nan,13.14312192,3.687673856,2.514137088,227.24327424,86.05001728,5.0,0.0,6,9.917730816
74.17886010011037,15.469613259668513,nan,13.14312192,3.687673856,2.518331392,227.24327424,86.05001728,5.0,0.0,6,9.917730815999999
74.19553629159927,15.469613259668513,nan,13.14312192,3.687673856,2.53720576,227.243425792,86.05001728,5.0,0.0,6,9.915482112
74.21220989227295,15.469613259668513,nan,13.14312192,3.687673856,2.53720576,227.243634688,86.05001728,5.0,0.0,6,9.915273216
74.2288807829221,15.469613259668513,nan,13.14312192,3.687673856,2.539302912,227.243651072,86.05001728,5.0,0.0,6,9.91315968
74.24555371602376,15.607734806629836,nan,13.14312192,3.687673856,2.539302912,227.243675648,86.05001728,5.0,0.0,6,9.913135103999998
74.26222817103069,15.607734806629836,nan,13.14312192,3.687673856,2.539302912,227.243700224,86.05001728,5.0,0.0,6,9.913368576
74.27890198230743,15.607734806629836,nan,13.14312192,3.687673856,2.539302912,227.243810816,86.05001728,5.0,0.0,6,9.913257984000001
74.29557381868362,15.607734806629836,nan,13.14312192,3.687673856,2.539302912,227.243954176,86.05001728,5.0,0.0,6,9.913114623999999
74.31224671204885,15.607734806629836,nan,13.14312192,3.687673856,2.539302912,227.24399104,86.05001728,5.0,0.0,6,9.91307776
74.3289270679156,15.607734806629836,nan,13.14312192,3.687673856,2.539302912,227.244036096,86.05001728,5.0,0.0,6,9.913032703999999
74.34560039440791,15.745856353591158,nan,13.14312192,3.687673856,2.539302912,227.244081152,86.05001728,5.0,0.0,6,9.912987648000001
74.3622744957606,15.745856353591158,nan,13.14312192,3.687673856,2.539302912,227.24411392,86.05001728,5.0,0.0,6,9.912954880000001
74.37894735733668,15.745856353591158,nan,13.14312192,3.687673856,2.539302912,227.244544,86.05001728,5.0,0.0,6,9.9125248
74.39562679926554,15.745856353591158,nan,13.14312192,3.687673856,2.539302912,227.244552192,86.05001728,5.0,0.0,6,9.912516608
74.41230220794678,15.745856353591158,nan,13.14312192,3.687673856,2.539302912,227.244552192,86.05001728,5.0,0.0,6,9.912516608
74.42897454102834,15.745856353591158,nan,13.14312192,3.68769024,2.539302912,227.244879872,86.05001728,5.0,0.0,6,9.899458560000001
74.44564707279206,18.093922651933703,nan,13.14312192,3.687673856,2.539302912,227.244879872,86.05001728,6.0,0.0,6,9.898590208000002
74.46232451200486,18.093922651933703,nan,13.14312192,3.687673856,2.539302912,227.244883968,86.05001728,6.0,0.0,6,9.898586112
74.4789970000585,18.093922651933703,nan,13.14312192,3.687673856,2.539302912,227.244888064,86.05001728,6.0,0.0,6,9.898582015999999
74.49566686550776,18.093922651933703,nan,13.14312192,3.687673856,2.539302912,227.244888064,86.05001728,6.0,0.0,6,9.898582015999999
74.51233892440796,12.29281767955801,nan,13.14312192,3.68662528,3.067785216,227.7429248,86.05001728,5.0,0.0,6,9.904930816
74.52901179393133,12.29281767955801,nan,13.14312192,3.68662528,2.13030912,227.45810944,86.05001728,5.0,0.0,5,9.900199936000002
74.54568699598312,12.29281767955801,nan,13.14312192,3.68662528,2.13030912,227.45810944,86.05001728,5.0,0.0,5,9.602052096000001
74.56235680977504,12.29281767955801,nan,13.14312192,3.68662528,2.13030912,227.458113536,86.05001728,5.0,0.0,5,9.601212416000001
74.5790338754654,12.29281767955801,nan,13.14312192,3.68662528,2.13030912,227.458113536,86.05001728,5.0,0.0,5,9.601212416000001
74.59570806026458,9.944751381215466,nan,13.14312192,3.68662528,2.13030912,227.458117632,86.05001728,4.0,0.0,5,9.601208320000001
74.61238069931666,10.082872928176801,nan,13.14312192,3.68662528,2.13030912,227.458154496,86.05001728,4.0,0.0,5,9.601171456000001
74.62905779679616,10.082872928176801,nan,13.14312192,3.68662528,2.132406272,227.45819136,86.05001728,4.0,0.0,5,9.603489792000001
74.64573260943095,10.220994475138124,nan,13.14312192,3.686641664,2.132406272,227.458727936,86.05001728,4.0,0.0,5,9.603452928
74.6624102473259,9.944751381215466,nan,13.14312192,3.68662528,2.132406272,227.45878528,86.05001728,4.0,0.0,5,9.595162624
74.67908293008804,9.944751381215466,nan,13.14312192,3.68662528,2.138697728,227.458920448,86.05001728,4.0,0.0,5,9.592930304
74.69575990835826,9.944751381215466,nan,13.14312192,3.68662528,2.14079488,227.458940928,86.05001728,4.0,0.0,5,9.595265024000001
74.71243400176367,9.944751381215466,nan,13.14312192,3.68662528,2.14079488,227.458940928,86.05001728,4.0,0.0,5,9.595265024000001
74.72910748322805,9.944751381215466,nan,13.14312192,3.68662528,2.147086336,227.458994176,86.05001728,4.0,0.0,5,9.593114624000002
74.74578132629395,9.944751381215466,nan,13.14312192,3.68662528,2.147086336,227.459002368,86.05001728,4.0,0.0,5,9.593106431999999
74.76245829661687,9.944751381215466,nan,13.14312192,3.68662528,2.147086336,227.459125248,86.05001728,4.0,0.0,5,9.594015744
74.77913272778193,9.944751381215466,nan,13.14312192,3.68662528,2.149183488,227.459129344,86.05001728,4.0,0.0,5,9.5961088
74.79581255118052,9.944751381215466,nan,13.14312192,3.68662528,2.149183488,227.459203072,86.05001728,4.0,0.0,5,9.596035072000001
74.81248410940171,9.944751381215466,nan,13.14312192,3.68662528,2.149183488,227.45929728,86.05001728,4.0,0.0,5,9.59516672
74.8291582942009,9.944751381215466,nan,13.14312192,3.68662528,2.149183488,227.459342336,86.05001728,4.0,0.0,5,9.59471616
74.84583191474279,9.944751381215466,nan,13.14312192,3.68662528,2.149183488,227.459452928,86.05001728,4.0,0.0,5,9.594605568
74.86250578959783,9.944751381215466,nan,13.14312192,3.68662528,2.149183488,227.459457024,86.05001728,4.0,0.0,5,9.594601472
74.87917569080989,12.29281767955801,nan,13.14312192,3.68662528,2.149183488,227.459469312,86.05001728,5.0,0.0,5,9.595076608000001
74.89584539731344,12.29281767955801,nan,13.14312192,3.68662528,2.149183488,227.459473408,86.05001728,5.0,0.0,5,9.595072512
74.9125264485677,12.70718232044199,nan,13.14312192,3.68662528,2.149183488,227.45954304,86.05001728,5.0,0.0,5,9.595002880000001
74.92920021216075,12.29281767955801,nan,13.14312192,3.68662528,2.149183488,227.459559424,86.05001728,5.0,0.0,5,9.595215872
74.94587579170863,12.29281767955801,nan,13.14312192,3.68662528,2.149183488,227.45956352,86.05001728,5.0,0.0,5,9.595211776000001
74.96254920959473,12.29281767955801,nan,13.14312192,3.68662528,2.149183488,227.459637248,86.05001728,5.0,0.0,5,9.595138048
74.97922613620759,12.29281767955801,nan,13.14312192,3.68662528,2.149183488,227.459637248,86.05001728,5.0,0.0,5,9.586323456
74.99589867194494,12.430939226519333,nan,13.14312192,3.68662528,2.149183488,227.459661824,86.05001728,5.0,0.0,5,9.585594368
75.0125740925471,12.430939226519333,nan,13.14312192,3.68662528,2.149183488,227.459661824,86.05001728,5.0,0.0,5,9.585594368
75.0292474269867,9.944751381215466,nan,13.14312192,3.68662528,2.149183488,227.45966592,86.05001728,4.0,0.0,5,9.591263232000001
75.04592533111573,10.082872928176801,nan,13.14312192,3.686641664,2.149183488,227.463274496,86.05001728,4.0,0.0,5,9.587986432
75.06259785493215,12.569060773480667,nan,13.14312192,3.68662528,2.149183488,227.463274496,86.05001728,5.0,0.0,5,9.58826496
75.07927790085475,12.569060773480667,nan,13.14312192,3.68662528,2.149183488,227.463278592,86.05001728,5.0,0.0,5,9.588260864
75.0959503809611,12.569060773480667,nan,13.14312192,3.68662528,2.149183488,227.463282688,86.05001728,5.0,0.0,5,9.588256768
75.11262525717417,12.569060773480667,nan,13.14312192,3.68662528,2.149183488,227.463282688,86.05001728,5.0,0.0,5,9.588256768
75.12929899295172,12.569060773480667,nan,13.14312192,3.68662528,2.149183488,227.463401472,86.05001728,5.0,0.0,5,9.588137984000001
75.14597831964493,12.569060773480667,nan,13.14312192,3.68662528,2.149183488,227.463405568,86.05001728,5.0,0.0,5,9.588133888
75.16265072822571,12.569060773480667,nan,13.14312192,3.68662528,2.149183488,227.463409664,86.05001728,5.0,0.0,5,9.588129792
75.17932631969452,12.569060773480667,nan,13.14312192,3.68662528,2.149183488,227.46341376,86.05001728,5.0,0.0,5,9.588125696
75.19599864482879,12.569060773480667,nan,13.14312192,3.68662528,2.149183488,227.46341376,86.05001728,5.0,0.0,5,9.588125696
75.2126742362976,12.569060773480667,nan,13.14312192,3.68662528,2.149183488,227.463417856,86.05001728,5.0,0.0,5,9.588121600000001
75.22934769789377,12.569060773480667,nan,13.14312192,3.68662528,2.149183488,227.463417856,86.05001728,5.0,0.0,5,9.588121600000001
75.24602573315302,12.569060773480667,nan,13.14312192,3.68662528,2.149183488,227.463421952,86.05001728,5.0,0.0,5,9.588117504
75.2626993616422,12.569060773480667,nan,13.14312192,3.68662528,2.149183488,227.463512064,86.05001728,5.0,0.0,5,9.587769344
75.27937463521957,12.569060773480667,nan,13.14312192,3.68662528,2.149183488,227.463512064,86.05001728,5.0,0.0,5,9.587769344
75.29604709943136,12.569060773480667,nan,13.14312192,3.68662528,2.149183488,227.46351616,86.05001728,5.0,0.0,5,9.587765248
75.3127248565356,12.569060773480667,nan,13.14312192,3.68662528,2.149183488,227.463520256,86.05001728,5.0,0.0,5,9.587761152
75.32939726511637,12.569060773480667,nan,13.14312192,3.68662528,2.149183488,227.463520256,86.05001728,5.0,0.0,5,9.587761152
75.34606994390488,12.569060773480667,nan,13.14312192,3.68662528,2.149183488,227.463524352,86.05001728,5.0,0.0,5,9.587757056000001
75.36274319489797,12.569060773480667,nan,13.14312192,3.68662528,2.149183488,227.463524352,86.05001728,5.0,0.0,5,9.587757056000001
75.37941803534825,12.569060773480667,nan,13.14312192,3.68662528,2.149183488,227.463528448,86.05001728,5.0,0.0,5,9.58775296
75.39609099229178,12.569060773480667,nan,13.14312192,3.68662528,2.149183488,227.463532544,86.05001728,5.0,0.0,5,9.587748864
75.41276332537333,12.569060773480667,nan,13.14312192,3.68662528,2.149183488,227.463532544,86.05001728,5.0,0.0,5,9.587748864
75.42943605184556,12.569060773480667,nan,13.14312192,3.68662528,2.149183488,227.46353664,86.05001728,5.0,0.0,5,9.587744768
75.44611055850983,12.569060773480667,nan,13.14312192,3.68662528,2.149183488,227.46353664,86.05001728,5.0,0.0,5,9.587744768
75.46278331279754,12.569060773480667,nan,13.14312192,3.68662528,2.149183488,227.463540736,86.05001728,5.0,0.0,5,9.587740672
75.47945761680603,12.70718232044199,nan,13.14312192,3.68662528,2.149183488,227.463544832,86.05001728,5.0,0.0,5,9.587736576000001
75.49612822135289,12.70718232044199,nan,13.14312192,3.68662528,2.149183488,227.463548928,86.05001728,5.0,0.0,5,9.58773248
75.51280193328857,12.70718232044199,nan,13.14312192,3.68662528,2.149183488,227.463553024,86.05001728,5.0,0.0,5,9.587728384
75.52947476307551,12.70718232044199,nan,13.14312192,3.68662528,2.149183488,227.46355712,86.05001728,5.0,0.0,5,9.587724288
75.54614788293839,12.70718232044199,nan,13.14312192,3.68662528,2.149183488,227.46355712,86.05001728,5.0,0.0,5,9.587724288
75.56282025973002,12.70718232044199,nan,13.14312192,3.68662528,2.149183488,227.463561216,86.05001728,5.0,0.0,5,9.587720192
75.5794939716657,12.70718232044199,nan,13.14312192,3.68662528,2.149183488,227.463561216,86.05001728,5.0,0.0,5,9.587720192
75.59616682132085,12.70718232044199,nan,13.14312192,3.68662528,2.149183488,227.463622656,86.05001728,5.0,0.0,5,9.5879168
75.612843867143,12.70718232044199,nan,13.14312192,3.68662528,2.149183488,227.463626752,86.05001728,5.0,0.0,5,9.588944896000001
75.62951735655467,12.70718232044199,nan,13.14312192,3.68662528,2.149183488,227.463626752,86.05001728,5.0,0.0,5,9.5835136
75.64618937969207,9.806629834254144,nan,13.14312192,3.68662528,2.149183488,227.463630848,86.05001728,4.0,0.0,5,9.583140864
75.66286390225092,9.806629834254144,nan,13.14312192,3.686641664,2.149183488,227.463729152,86.05001728,4.0,0.0,5,9.583284224
75.67954065799714,12.29281767955801,nan,13.14312192,3.68662528,2.149183488,227.463729152,86.05001728,5.0,0.0,5,9.583300608
75.69621357520421,12.29281767955801,nan,13.14312192,3.68662528,2.149183488,227.46376192,86.05001728,5.0,0.0,5,9.58326784
75.7128865758578,12.29281767955801,nan,13.14312192,3.68662528,2.149183488,227.46376192,86.05001728,5.0,0.0,5,9.58326784
75.72955711682637,12.29281767955801,nan,13.14312192,3.68662528,2.149183488,227.463766016,86.05001728,5.0,0.0,5,9.583263744
75.74622613191605,12.29281767955801,nan,13.14312192,3.68662528,2.149183488,227.463770112,86.05001728,5.0,0.0,5,9.583259648
75.76289915243784,12.29281767955801,nan,13.14312192,3.68662528,2.149183488,227.463770112,86.05001728,5.0,0.0,5,9.583259648
75.7795700152715,12.430939226519333,nan,13.14312192,3.68662528,2.149183488,227.463774208,86.05001728,5.0,0.0,5,9.583255552
75.79624114433925,12.430939226519333,nan,13.14312192,3.68662528,2.149183488,227.463774208,86.05001728,5.0,0.0,5,9.583255552
75.8129137913386,12.430939226519333,nan,13.14312192,3.68662528,2.149183488,227.463778304,86.05001728,5.0,0.0,5,9.583251456000001
75.8295862754186,12.430939226519333,nan,13.14312192,3.68662528,2.149183488,227.4637824,86.05001728,5.0,0.0,5,9.58324736
75.84626142581304,12.430939226519333,nan,13.14312192,3.68662528,2.149183488,227.4637824,86.05001728,5.0,0.0,5,9.58324736
75.86294103860855,12.430939226519333,nan,13.14312192,3.68662528,2.149183488,227.463786496,86.05001728,5.0,0.0,5,9.583243264
75.87961543401083,12.430939226519333,nan,13.14312192,3.68662528,2.149183488,227.463790592,86.05001728,5.0,0.0,5,9.583239168
75.89628523985544,12.430939226519333,nan,13.14312192,3.68662528,2.149183488,227.463790592,86.05001728,5.0,0.0,5,9.58736384
75.91295953591664,12.430939226519333,nan,13.14312192,3.68662528,2.149183488,227.46380288,86.05001728,5.0,0.0,5,9.587859456
75.92963491678238,12.430939226519333,nan,13.14312192,3.68662528,2.149183488,227.46382336,86.05001728,5.0,0.0,5,9.587838976
75.9463075041771,12.430939226519333,nan,13.14312192,3.68662528,2.149183488,227.463827456,86.05001728,5.0,0.0,5,9.58783488
75.96298139095306,12.430939226519333,nan,13.14312192,3.68662528,2.149183488,227.463831552,86.05001728,5.0,0.0,5,9.587830784
75.97965222994486,12.430939226519333,nan,13.14312192,3.68662528,2.149183488,227.463831552,86.05001728,5.0,0.0,5,9.587830784
75.996326816082,12.430939226519333,nan,13.14312192,3.68662528,2.149183488,227.463839744,86.05001728,5.0,0.0,5,9.587822592
76.01300077438354,12.430939226519333,nan,13.14312192,3.68662528,2.149183488,227.463839744,86.05001728,5.0,0.0,5,9.587822592
76.02967529694239,12.569060773480667,nan,13.14312192,3.68662528,2.149183488,227.463876608,86.05001728,5.0,0.0,5,9.587785728
76.04634474913279,12.569060773480667,nan,13.14312192,3.68662528,2.149183488,227.463880704,86.05001728,5.0,0.0,5,9.590104064
76.06301902135213,12.569060773480667,nan,13.14312192,3.68662528,2.149183488,227.4638848,86.05001728,5.0,0.0,5,9.59113216
76.079689625899,12.569060773480667,nan,13.14312192,3.68662528,2.149183488,227.463888896,86.05001728,5.0,0.0,5,9.591128064000001
76.09636076688767,12.569060773480667,nan,13.14312192,3.68662528,2.149183488,227.463892992,86.05001728,5.0,0.0,5,9.591123968
76.11303118069966,12.569060773480667,nan,13.14312192,3.68662528,2.149183488,227.463892992,86.05001728,5.0,0.0,5,9.591123968
76.12970353364945,12.569060773480667,nan,13.14312192,3.68662528,2.149183488,227.463901184,86.05001728,5.0,0.0,5,9.591115776
76.14637597401936,12.569060773480667,nan,13.14312192,3.68662528,2.149183488,227.463901184,86.05001728,5.0,0.0,5,9.591115776
76.16304682890573,12.569060773480667,nan,13.14312192,3.68662528,2.149183488,227.46390528,86.05001728,5.0,0.0,5,9.591111680000001
76.17971776326497,9.944751381215466,nan,13.14312192,3.68662528,2.149183488,227.463909376,86.05001728,4.0,0.0,5,9.591107584
76.19639358917873,12.430939226519333,nan,13.14312192,3.68662528,2.149183488,227.46392576,86.05001728,5.0,0.0,5,9.591123968
76.21306542158126,12.430939226519333,nan,13.14312192,3.68662528,2.149183488,227.463954432,86.05001728,5.0,0.0,5,9.591353344
76.22974183956782,12.430939226519333,nan,13.14312192,3.68662528,2.149183488,227.463958528,86.05001728,5.0,0.0,5,9.591349248
76.24641103347143,12.430939226519333,nan,13.14312192,3.68662528,2.149183488,227.463958528,86.05001728,5.0,0.0,5,9.591349248
76.2630831917127,12.430939226519333,nan,13.14312192,3.68662528,2.149183488,227.463962624,86.05001728,5.0,0.0,5,9.591345152
76.2797596335411,12.430939226519333,nan,13.14312192,3.68662528,2.149183488,227.463962624,86.05001728,5.0,0.0,5,9.591345152
76.29643284877142,12.430939226519333,nan,13.14312192,3.68662528,2.149183488,227.464019968,86.05001728,5.0,0.0,5,9.591287808
76.31310605605444,12.430939226519333,nan,13.14312192,3.68662528,2.149183488,227.464024064,86.05001728,5.0,0.0,5,9.591283712000001
76.32978148460388,12.430939226519333,nan,13.14312192,3.68662528,2.149183488,227.464024064,86.05001728,5.0,0.0,5,9.591283712000001
76.34645250240962,12.430939226519333,nan,13.14312192,3.68662528,2.149183488,227.46402816,86.05001728,5.0,0.0,5,9.591279616
76.36312328974405,12.430939226519333,nan,13.14312192,3.68662528,2.149183488,227.46402816,86.05001728,5.0,0.0,5,9.591279616
76.37979416847229,12.430939226519333,nan,13.14312192,3.68662528,2.149183488,227.464032256,86.05001728,5.0,0.0,5,9.59127552
76.39646703004837,12.430939226519333,nan,13.14312192,3.68662528,2.149183488,227.464036352,86.05001728,5.0,0.0,5,9.591271424
76.41313712199529,12.430939226519333,nan,13.14312192,3.68662528,2.149183488,227.464036352,86.05001728,5.0,0.0,5,9.591271424
76.42980719010035,12.430939226519333,nan,13.14312192,3.68662528,2.149183488,227.464044544,86.05001728,5.0,0.0,5,9.591263232000001
76.44648083051045,12.430939226519333,nan,13.14312192,3.68662528,2.149183488,227.46404864,86.05001728,5.0,0.0,5,9.591259136
76.46315650939941,12.569060773480667,nan,13.14312192,3.68662528,2.149183488,227.46404864,86.05001728,5.0,0.0,5,9.591259136
76.47982638676962,12.430939226519333,nan,13.14312192,3.68662528,2.149183488,227.464052736,86.05001728,5.0,0.0,5,9.59125504
76.49649591843287,12.430939226519333,nan,13.14312192,3.68662528,2.149183488,227.464065024,86.05001728,5.0,0.0,5,9.591242752
76.51316726207733,12.430939226519333,nan,13.14312192,3.68662528,2.149183488,227.4640896,86.05001728,5.0,0.0,5,9.591218176
76.52984361648559,12.430939226519333,nan,13.14312192,3.68662528,2.149183488,227.464093696,86.05001728,5.0,0.0,5,9.59121408
76.54652001857758,12.430939226519333,nan,13.14312192,3.68662528,2.149183488,227.464093696,86.05001728,5.0,0.0,5,9.59121408
76.5631926616033,12.430939226519333,nan,13.14312192,3.68662528,2.149183488,227.464097792,86.05001728,5.0,0.0,5,9.591209984
76.57986252307892,12.430939226519333,nan,13.14312192,3.68662528,2.149183488,227.464097792,86.05001728,5.0,0.0,5,9.591209984
76.59653587341309,12.430939226519333,nan,13.14312192,3.68662528,2.149183488,227.464101888,86.05001728,5.0,0.0,5,9.59223808
76.61320711771647,12.430939226519333,nan,13.14312192,3.68662528,2.149183488,227.464105984,86.05001728,5.0,0.0,5,9.585004544
76.62987964550653,12.430939226519333,nan,13.14312192,3.68662528,2.149183488,227.464105984,86.05001728,5.0,0.0,5,9.584975872000001
76.64655196666718,12.983425414364635,nan,13.14312192,3.68662528,2.149183488,227.46411008,86.05001728,5.0,0.0,5,9.584971776
76.66322134335836,12.569060773480667,nan,13.14312192,3.68662528,2.149183488,227.464114176,86.05001728,5.0,0.0,5,9.58496768
76.67989223798116,12.569060773480667,nan,13.14312192,3.68662528,2.149183488,227.464114176,86.05001728,5.0,0.0,5,9.58496768
76.69656476577123,12.569060773480667,nan,13.14312192,3.68662528,2.149183488,227.464118272,86.05001728,5.0,0.0,5,9.584963584
76.71324155330657,12.569060773480667,nan,13.14312192,3.68662528,2.149183488,227.464122368,86.05001728,5.0,0.0,5,9.584959488
76.72991410096486,12.569060773480667,nan,13.14312192,3.68662528,2.149183488,227.464138752,86.05001728,5.0,0.0,5,9.584943104
76.74658704598745,12.569060773480667,nan,13.14312192,3.68662528,2.149183488,227.464142848,86.05001728,5.0,0.0,5,9.584939008000001
76.76325665712356,12.845303867403313,nan,13.14312192,3.68662528,2.149183488,227.464142848,86.05001728,5.0,0.0,5,9.584939008000001
76.77992819150289,12.845303867403313,nan,13.14312192,3.68662528,2.149183488,227.464146944,86.05001728,5.0,0.0,5,9.584934912
76.79660246769588,12.845303867403313,nan,13.14312192,3.68662528,2.149183488,227.464146944,86.05001728,5.0,0.0,5,9.584934912
76.81327588558197,13.121546961325969,nan,13.14312192,3.68662528,2.149183488,227.46417152,86.05001728,5.0,0.0,5,9.584910336
76.8299479564031,12.845303867403313,nan,13.14312192,3.68662528,2.149183488,227.464187904,86.05001728,5.0,0.0,5,9.584893952
76.84661987225215,12.845303867403313,nan,13.14312192,3.68662528,2.149183488,227.464187904,86.05001728,5.0,0.0,5,9.584893952
76.86329283714295,12.845303867403313,nan,13.14312192,3.68662528,2.149183488,227.464192,86.05001728,5.0,0.0,5,9.584889856
76.87996495962143,12.845303867403313,nan,13.14312192,3.68662528,2.149183488,227.464196096,86.05001728,5.0,0.0,5,9.58488576
76.89663525422414,12.845303867403313,nan,13.14312192,3.68662528,2.149183488,227.464196096,86.05001728,5.0,0.0,5,9.58488576
76.91330964167913,12.845303867403313,nan,13.14312192,3.68662528,2.149183488,227.464200192,86.05001728,5.0,0.0,5,9.584881664000001
76.92997955878576,10.359116022099446,nan,13.14312192,3.68662528,2.149183488,227.464228864,86.05001728,4.0,0.0,5,9.584852992
76.94666096369426,12.845303867403313,nan,13.14312192,3.68662528,2.149183488,227.46425344,86.05001728,5.0,0.0,5,9.585311744
76.96333591540655,12.845303867403313,nan,13.14312192,3.68662528,2.149183488,227.464257536,86.05001728,5.0,0.0,5,9.585307648
76.98000878492991,12.845303867403313,nan,13.14312192,3.68662528,2.149183488,227.464257536,86.05001728,5.0,0.0,5,9.585307648
76.99668076038361,12.845303867403313,nan,13.14312192,3.68662528,2.149183488,227.464261632,86.05001728,5.0,0.0,5,9.585303552000001
77.01335873603821,12.845303867403313,nan,13.14312192,3.68662528,2.149183488,227.464265728,86.05001728,5.0,0.0,5,9.585299456
77.03003311951956,12.845303867403313,nan,13.14312192,3.68662528,2.149183488,227.464265728,86.05001728,5.0,0.0,5,9.585299456
77.04670557975768,12.845303867403313,nan,13.14312192,3.68662528,2.149183488,227.464286208,86.05001728,5.0,0.0,5,9.585278976
77.06337969700495,12.983425414364635,nan,13.14312192,3.68662528,2.149183488,227.464286208,86.05001728,5.0,0.0,5,9.590439936000001
77.0800535996755,12.983425414364635,nan,13.14312192,3.68662528,2.149183488,227.464290304,86.05001728,5.0,0.0,5,9.586454528
77.09672275781631,12.983425414364635,nan,13.14312192,3.68662528,2.149183488,227.4642944,86.05001728,5.0,0.0,5,9.586450432
77.11339826583863,12.983425414364635,nan,13.14312192,3.68662528,2.149183488,227.4642944,86.05001728,5.0,0.0,5,9.586450432
77.13007638057073,12.983425414364635,nan,13.14312192,3.68662528,2.149183488,227.464298496,86.05001728,5.0,0.0,5,9.586446336
77.14675234953562,12.983425414364635,nan,13.14312192,3.68662528,2.149183488,227.464298496,86.05001728,5.0,0.0,5,9.586446336
77.16342584292094,12.983425414364635,nan,13.14312192,3.68662528,2.149183488,227.464302592,86.05001728,5.0,0.0,5,9.58644224
77.18009926080704,12.983425414364635,nan,13.14312192,3.68662528,2.149183488,227.464306688,86.05001728,5.0,0.0,5,9.586438144
77.19677947759628,12.983425414364635,nan,13.14312192,3.68662528,2.149183488,227.464306688,86.05001728,5.0,0.0,5,9.586438144
77.21345200936,13.121546961325969,nan,13.14312192,3.68662528,2.149183488,227.464310784,86.05001728,5.0,0.0,5,9.586434048000001
77.23012736638387,13.121546961325969,nan,13.14312192,3.68662528,2.149183488,227.46431488,86.05001728,5.0,0.0,5,9.586429952
77.24679925044377,13.121546961325969,nan,13.14312192,3.68662528,2.149183488,227.46431488,86.05001728,5.0,0.0,5,9.586429952
77.26347482204437,13.121546961325969,nan,13.14312192,3.68662528,2.149183488,227.464323072,86.05001728,5.0,0.0,5,9.58642176
77.2801442583402,13.121546961325969,nan,13.14312192,3.68662528,2.149183488,227.464323072,86.05001728,5.0,0.0,5,9.58642176
77.29681870937347,10.497237569060768,nan,13.14312192,3.68662528,2.149183488,227.464327168,86.05001728,4.0,0.0,5,9.586417664
77.31349031925201,10.497237569060768,nan,13.14312192,3.68662528,2.149183488,227.464343552,86.05001728,4.0,0.0,5,9.58640128
77.33016428947448,13.121546961325969,nan,13.14312192,3.68662528,2.149183488,227.464347648,86.05001728,5.0,0.0,5,9.586397184
77.3468357682228,13.121546961325969,nan,13.14312192,3.68662528,2.149183488,227.464368128,86.05001728,5.0,0.0,5,9.58640128
77.36351214249929,13.121546961325969,nan,13.14312192,3.68662528,2.149183488,227.464368128,86.05001728,5.0,0.0,5,9.58640128
77.38018636306127,13.121546961325969,nan,13.14312192,3.68662528,2.149183488,227.464372224,86.05001728,5.0,0.0,5,9.586397184
77.39685545365016,13.121546961325969,nan,13.14312192,3.68662528,2.149183488,227.464425472,86.05001728,5.0,0.0,5,9.586601984
77.41352664629618,13.121546961325969,nan,13.14312192,3.68662528,2.149183488,227.464445952,86.05001728,5.0,0.0,5,9.586581504
77.43019815683365,13.121546961325969,nan,13.14312192,3.68662528,2.149183488,227.464450048,86.05001728,5.0,0.0,5,9.586577408
77.44687325954438,13.121546961325969,nan,13.14312192,3.68662528,2.149183488,227.464454144,86.05001728,5.0,0.0,5,9.586573312
77.46354545752207,13.121546961325969,nan,13.14312192,3.68662528,2.149183488,227.464454144,86.05001728,5.0,0.0,5,9.586573312
77.48021912972132,13.121546961325969,nan,13.14312192,3.68662528,2.149183488,227.46445824,86.05001728,5.0,0.0,5,9.586569216000001
77.49689090649287,9.530386740331487,nan,13.14312192,3.686641664,2.149183488,227.46445824,86.05001728,4.0,0.0,5,9.586552832
77.51356650193533,12.983425414364635,nan,13.14312192,3.686633472,2.149183488,227.464527872,86.05001728,5.0,0.0,5,9.586491392
77.53024367888769,12.983425414364635,nan,13.14312192,3.686633472,2.149183488,227.464531968,86.05001728,5.0,0.0,5,9.586487296
77.54691705703735,12.983425414364635,nan,13.14312192,3.686633472,2.149183488,227.464531968,86.05001728,5.0,0.0,5,9.586487296
77.56359496514003,12.983425414364635,nan,13.14312192,3.686633472,2.149183488,227.464536064,86.05001728,5.0,0.0,5,9.5864832
77.58027598063151,12.983425414364635,nan,13.14312192,3.686633472,2.149183488,227.464536064,86.05001728,5.0,0.0,5,9.585967104
77.59694712162018,12.983425414364635,nan,13.14312192,3.686633472,2.149183488,227.464544256,86.05001728,5.0,0.0,5,9.585926144
77.61362528006235,12.983425414364635,nan,13.14312192,3.686633472,2.149183488,227.464552448,86.05001728,5.0,0.0,5,9.585917951999999
77.63029713630677,12.983425414364635,nan,13.14312192,3.686633472,2.149183488,227.464552448,86.05001728,5.0,0.0,5,9.586147328
77.64696962833405,12.983425414364635,nan,13.14312192,3.686633472,2.149183488,227.464552448,86.05001728,5.0,0.0,5,9.586147328
77.66364244620006,12.983425414364635,nan,13.14312192,3.686633472,2.149183488,227.46456064,86.05001728,5.0,0.0,5,9.586139136
77.68031606674194,12.983425414364635,nan,13.14312192,3.686633472,2.149183488,227.46456064,86.05001728,5.0,0.0,5,9.586139136
77.6969916264216,12.983425414364635,nan,13.14312192,3.686633472,2.149183488,227.464564736,86.05001728,5.0,0.0,5,9.586135039999998
77.71366416215896,12.983425414364635,nan,13.14312192,3.686633472,2.149183488,227.464564736,86.05001728,5.0,0.0,5,9.586135039999998
77.73033664623897,12.983425414364635,nan,13.14312192,3.686633472,2.149183488,227.464568832,86.05001728,5.0,0.0,5,9.586130943999999
77.7470095316569,12.983425414364635,nan,13.14312192,3.686633472,2.149183488,227.464568832,86.05001728,5.0,0.0,5,9.586130943999999
77.76368208328883,12.983425414364635,nan,13.14312192,3.686633472,2.149183488,227.464572928,86.05001728,5.0,0.0,5,9.586126848
77.78035732110341,12.983425414364635,nan,13.14312192,3.686633472,2.149183488,227.464572928,86.05001728,5.0,0.0,5,9.586126848
77.7970300078392,12.983425414364635,nan,13.14312192,3.686633472,2.149183488,227.46458112,86.05001728,5.0,0.0,5,9.586118656
77.813702917099,12.983425414364635,nan,13.14312192,3.686633472,2.149183488,227.46458112,86.05001728,5.0,0.0,5,9.586118656
77.83037584225336,12.983425414364635,nan,13.14312192,3.686633472,2.149183488,227.46458112,86.05001728,5.0,0.0,5,9.586118656
77.84704861243566,12.983425414364635,nan,13.14312192,3.686633472,2.149183488,227.464585216,86.05001728,5.0,0.0,5,9.586114559999999
77.86372482776642,12.983425414364635,nan,13.14312192,3.686633472,2.149183488,227.464589312,86.05001728,5.0,0.0,5,9.586110463999999
77.88039778868357,12.983425414364635,nan,13.14312192,3.686633472,2.149183488,227.464593408,86.05001728,5.0,0.0,5,9.586106368
77.89707357883454,12.983425414364635,nan,13.14312192,3.686633472,2.149183488,227.464593408,86.05001728,5.0,0.0,5,9.586106368
77.91374646822611,12.983425414364635,nan,13.14312192,3.686633472,2.149183488,227.464593408,86.05001728,5.0,0.0,5,9.586106368
77.93041905164719,12.983425414364635,nan,13.14312192,3.686633472,2.149183488,227.464597504,86.05001728,5.0,0.0,5,9.586102272
77.94709187348684,12.983425414364635,nan,13.14312192,3.686633472,2.149183488,227.4646016,86.05001728,5.0,0.0,5,9.586098176
77.96376448869705,13.53591160220995,nan,13.14312192,3.686633472,2.149183488,227.464605696,86.05001728,5.0,0.0,5,9.586094079999999
77.98043702840805,13.121546961325969,nan,13.14312192,3.686633472,2.149183488,227.464609792,86.05001728,5.0,0.0,5,9.586089984
77.99710944096248,13.121546961325969,nan,13.14312192,3.686633472,2.149183488,227.464613888,86.05001728,5.0,0.0,5,9.586085888
78.01378226280212,13.121546961325969,nan,13.14312192,3.686633472,2.149183488,227.464613888,86.05001728,5.0,0.0,5,9.586085888
78.0304575006167,13.121546961325969,nan,13.14312192,3.686633472,2.149183488,227.464617984,86.05001728,5.0,0.0,5,9.586081792
78.04713018337885,13.121546961325969,nan,13.14312192,3.686633472,2.149183488,227.464617984,86.05001728,5.0,0.0,5,9.586081792
78.06380250851313,13.121546961325969,nan,13.14312192,3.686633472,2.149183488,227.46462208,86.05001728,5.0,0.0,5,9.586077695999998
78.08047575553259,13.121546961325969,nan,13.14312192,3.686633472,2.149183488,227.464630272,86.05001728,5.0,0.0,5,9.59043584
78.09714879592259,13.121546961325969,nan,13.14312192,3.686633472,2.149183488,227.464630272,86.05001728,5.0,0.0,5,9.590689792
78.11382050514221,13.121546961325969,nan,13.14312192,3.686633472,2.149183488,227.464634368,86.05001728,5.0,0.0,5,9.590685696
78.13049280643463,13.121546961325969,nan,13.14312192,3.686633472,2.149183488,227.464638464,86.05001728,5.0,0.0,5,9.5906816
78.14716547727585,13.121546961325969,nan,13.14312192,3.686633472,2.149183488,227.464638464,86.05001728,5.0,0.0,5,9.5906816
78.16384092171987,13.121546961325969,nan,13.14312192,3.686633472,2.149183488,227.46464256,86.05001728,5.0,0.0,5,9.590677503999999
78.18051335811614,13.121546961325969,nan,13.14312192,3.686633472,2.149183488,227.46464256,86.05001728,5.0,0.0,5,9.590677503999999
78.19718636274338,10.497237569060768,nan,13.14312192,3.686649856,2.149183488,227.464646656,86.05001728,4.0,0.0,5,9.58859264
78.21385956207911,13.121546961325969,nan,13.14312192,3.686633472,2.149183488,227.464675328,86.05001728,5.0,0.0,5,9.589014528
78.23053216139475,13.259668508287293,nan,13.14312192,3.686633472,2.149183488,227.464675328,86.05001728,5.0,0.0,5,9.589014528
78.24720184405645,13.259668508287293,nan,13.14312192,3.686633472,2.149183488,227.464679424,86.05001728,5.0,0.0,5,9.589010431999998
78.26387466986974,13.259668508287293,nan,13.14312192,3.686633472,2.149183488,227.46468352,86.05001728,5.0,0.0,5,9.589006335999999
78.28054786125819,10.635359116022103,nan,13.14312192,3.686633472,2.149183488,227.46468352,86.05001728,4.0,0.0,5,9.589006335999999
78.297223174572,13.259668508287293,nan,13.14312192,3.686633472,2.149183488,227.464695808,86.05001728,5.0,0.0,5,9.587572735999998
78.31391148964563,13.259668508287293,nan,13.14312192,3.686633472,2.149183488,227.464753152,86.05001728,5.0,0.0,5,9.587183615999999
78.33058513800303,13.259668508287293,nan,13.14312192,3.686633472,2.149183488,227.464753152,86.05001728,5.0,0.0,5,9.587183615999999
78.34725816647212,13.259668508287293,nan,13.14312192,3.686633472,2.149183488,227.464757248,86.05001728,5.0,0.0,5,9.58717952
78.36393239498139,13.259668508287293,nan,13.14312192,3.686633472,2.149183488,227.464757248,86.05001728,5.0,0.0,5,9.58717952
78.38060796260834,13.259668508287293,nan,13.14312192,3.686633472,2.149183488,227.464761344,86.05001728,5.0,0.0,5,9.587175424
78.39728160699208,13.259668508287293,nan,13.14312192,3.686633472,2.149183488,227.464777728,86.05001728,5.0,0.0,5,9.58715904
78.41395662625631,13.259668508287293,nan,13.14312192,3.686633472,2.149183488,227.464777728,86.05001728,5.0,0.0,5,9.58715904
78.43062946399053,13.259668508287293,nan,13.14312192,3.686633472,2.149183488,227.464781824,86.05001728,5.0,0.0,5,9.587154944
78.4473020195961,11.049723756906083,nan,13.14312192,3.686633472,2.149183488,227.464781824,86.05001728,4.0,0.0,5,9.587154944
78.46397589842478,13.121546961325969,nan,13.14312192,3.686633472,2.149183488,227.464818688,86.05001728,5.0,0.0,5,9.587347456
78.48064868847528,13.121546961325969,nan,13.14312192,3.686633472,2.149183488,227.464822784,86.05001728,5.0,0.0,5,9.587343359999998
78.49732520182927,13.121546961325969,nan,13.14312192,3.686633472,2.149183488,227.464822784,86.05001728,5.0,0.0,5,9.587343359999998
78.5139978170395,13.259668508287293,nan,13.14312192,3.686633472,2.149183488,227.464822784,86.05001728,5.0,0.0,5,9.587343359999998
78.53067301909128,13.259668508287293,nan,13.14312192,3.686633472,2.149183488,227.464839168,86.05001728,5.0,0.0,5,9.587326976
78.54734661579133,13.259668508287293,nan,13.14312192,3.686633472,2.149183488,227.464839168,86.05001728,5.0,0.0,5,9.587326976
78.56401960055034,13.259668508287293,nan,13.14312192,3.686633472,2.149183488,227.464871936,86.05001728,5.0,0.0,5,9.587294208
78.5806906024615,13.259668508287293,nan,13.14312192,3.686633472,2.149183488,227.464876032,86.05001728,5.0,0.0,5,9.587290112
78.59736339251201,13.397790055248615,nan,13.14312192,3.686633472,2.149183488,227.464876032,86.05001728,5.0,0.0,5,9.587290112
78.61403512557348,13.397790055248615,nan,13.14312192,3.686633472,2.149183488,227.46488832,86.05001728,5.0,0.0,5,9.587535872
78.6307087024053,13.397790055248615,nan,13.14312192,3.686633472,2.149183488,227.464892416,86.05001728,5.0,0.0,5,9.587531775999999
78.64738119045893,13.397790055248615,nan,13.14312192,3.686633472,2.149183488,227.464892416,86.05001728,5.0,0.0,5,9.587531775999999
78.66405371427535,13.397790055248615,nan,13.14312192,3.686633472,2.149183488,227.464900608,86.05001728,5.0,0.0,5,9.587523584
78.68072651227315,10.773480662983426,nan,13.14312192,3.686633472,2.149183488,227.464900608,86.05001728,4.0,0.0,5,9.587523584
78.69739938179652,10.773480662983426,nan,13.14312192,3.686633472,2.15128064,227.475308544,86.05001728,4.0,0.0,5,9.588502528
78.71407262484233,10.773480662983426,nan,13.14312192,3.686633472,2.155474944,227.492622336,86.05001728,4.0,0.0,5,9.594413056
78.7307455499967,10.773480662983426,nan,13.14312192,3.686633472,2.1617664,227.507863552,86.05001728,4.0,0.0,5,9.610686464
78.74741823673249,10.773480662983426,nan,13.14312192,3.686633472,2.163863552,227.520643072,86.05001728,4.0,0.0,5,9.615421439999999
78.76409151554108,10.773480662983426,nan,13.14312192,3.686633472,2.216292352,227.520704512,86.05001728,4.0,0.0,5,9.617457152
78.78076532681783,10.773480662983426,nan,13.14312192,3.686633472,2.216292352,227.520991232,86.05001728,4.0,0.0,5,9.617170432
78.79744254748026,10.773480662983426,nan,13.14312192,3.686633472,2.216292352,227.521921024,86.05001728,4.0,0.0,5,9.61624064
78.81411612431208,10.773480662983426,nan,13.14312192,3.686633472,2.216292352,227.52196608,86.05001728,4.0,0.0,5,9.616195584
78.8307844956716,10.773480662983426,nan,13.14312192,3.686633472,1.616478208,227.443478528,86.05001728,4.0,0.0,4,9.330417663999999
78.84745978116989,10.911602209944748,nan,13.14312192,3.686633472,1.616478208,227.443478528,86.05001728,4.0,0.0,4,9.329119232
78.8641335050265,10.911602209944748,nan,13.14312192,3.686633472,1.616478208,227.443478528,86.05001728,4.0,0.0,4,9.329119232
78.88081070582072,8.701657458563538,nan,13.14312192,3.686633472,1.616478208,227.44348672,86.05001728,3.0,0.0,4,9.329111039999999
78.89748371839524,10.911602209944748,nan,13.14312192,3.686633472,1.616478208,227.443494912,86.05001728,4.0,0.0,4,9.329102848
78.91415915091832,10.911602209944748,nan,13.14312192,3.686633472,1.616478208,227.443494912,86.05001728,4.0,0.0,4,9.329360895999999
78.93083172241846,10.911602209944748,nan,13.14312192,3.686633472,1.616478208,227.443499008,86.05001728,4.0,0.0,4,9.328771071999999
78.94750831921895,10.911602209944748,nan,13.14312192,3.686633472,1.616478208,227.443499008,86.05001728,4.0,0.0,4,9.328771071999999
78.96418169339498,10.911602209944748,nan,13.14312192,3.686633472,1.616478208,227.443511296,86.05001728,4.0,0.0,4,9.328758784
78.98085784514745,10.911602209944748,nan,13.14312192,3.686633472,1.616478208,227.443625984,86.05001728,4.0,0.0,4,9.328644096
78.9975315451622,10.911602209944748,nan,13.14312192,3.686633472,1.616478208,227.44363008,86.05001728,4.0,0.0,4,9.32864
79.01420665979386,10.911602209944748,nan,13.14312192,3.686633472,1.616478208,227.443634176,86.05001728,4.0,0.0,4,9.328635903999999
79.03087967236837,10.911602209944748,nan,13.14312192,3.686633472,1.616478208,227.443634176,86.05001728,4.0,0.0,4,9.328635903999999
79.04755333662033,10.911602209944748,nan,13.14312192,3.686633472,1.616478208,227.443634176,86.05001728,4.0,0.0,4,9.328635903999999
79.06422602335611,10.911602209944748,nan,13.14312192,3.686633472,1.616478208,227.443638272,86.05001728,4.0,0.0,4,9.328631807999999
79.08089918692907,10.911602209944748,nan,13.14312192,3.686633472,1.616478208,227.443638272,86.05001728,4.0,0.0,4,9.328631807999999
79.0975762049357,10.911602209944748,nan,13.14312192,3.686633472,1.616478208,227.443646464,86.05001728,4.0,0.0,4,9.32988928
79.11425031423569,10.911602209944748,nan,13.14312192,3.686633472,1.616478208,227.443646464,86.05001728,4.0,0.0,4,9.330159616
79.13092546860376,10.911602209944748,nan,13.14312192,3.686633472,1.616478208,227.443646464,86.05001728,4.0,0.0,4,9.330159616
79.14759901762008,10.911602209944748,nan,13.14312192,3.686633472,1.616478208,227.443654656,86.05001728,4.0,0.0,4,9.330151423999999
79.16427530845006,10.911602209944748,nan,13.14312192,3.686633472,1.616478208,227.443654656,86.05001728,4.0,0.0,4,9.330151423999999
79.18094998200735,10.911602209944748,nan,13.14312192,3.686633472,1.616478208,227.443662848,86.05001728,4.0,0.0,4,9.330143232
79.19762575626373,10.911602209944748,nan,13.14312192,3.686633472,1.616478208,227.443662848,86.05001728,4.0,0.0,4,9.330143232
79.21429828802745,10.911602209944748,nan,13.14312192,3.686633472,1.616478208,227.443662848,86.05001728,4.0,0.0,4,9.330143232
79.23097826242447,10.911602209944748,nan,13.14312192,3.686633472,1.616478208,227.443666944,86.05001728,4.0,0.0,4,9.330139136
79.24765220880508,10.911602209944748,nan,13.14312192,3.686633472,1.616478208,227.443666944,86.05001728,4.0,0.0,4,9.330139136
79.26432524124782,10.911602209944748,nan,13.14312192,3.686633472,1.616478208,227.443675136,86.05001728,4.0,0.0,4,9.330130943999999
79.28099902470906,10.911602209944748,nan,13.14312192,3.686633472,1.616478208,227.443675136,86.05001728,4.0,0.0,4,9.330130943999999
79.29767413139344,10.911602209944748,nan,13.14312192,3.686633472,1.616478208,227.443675136,86.05001728,4.0,0.0,4,9.330130943999999
79.31434783935546,10.911602209944748,nan,13.14312192,3.686633472,1.616478208,227.443683328,86.05001728,4.0,0.0,4,9.330122752
79.33102426131566,10.911602209944748,nan,13.14312192,3.686633472,1.616478208,227.443683328,86.05001728,4.0,0.0,4,9.330122752
79.34769689242044,10.911602209944748,nan,13.14312192,3.686633472,1.616478208,227.443687424,86.05001728,4.0,0.0,4,9.330118656
79.36436955134074,10.911602209944748,nan,13.14312192,3.686633472,1.616478208,227.443687424,86.05001728,4.0,0.0,4,9.330118656
79.38104375600815,10.911602209944748,nan,13.14312192,3.686633472,1.616478208,227.44369152,86.05001728,4.0,0.0,4,9.33011456
79.39771613279979,10.911602209944748,nan,13.14312192,3.686633472,1.616478208,227.443695616,86.05001728,4.0,0.0,4,9.330110463999999
79.4143915216128,10.911602209944748,nan,13.14312192,3.686633472,1.616478208,227.443695616,86.05001728,4.0,0.0,4,9.330110463999999
79.4310646335284,10.911602209944748,nan,13.14312192,3.686633472,1.616478208,227.443699712,86.05001728,4.0,0.0,4,9.330106368
79.44774202903112,10.911602209944748,nan,13.14312192,3.686633472,1.616478208,227.443699712,86.05001728,4.0,0.0,4,9.330106368
79.46441526810328,10.911602209944748,nan,13.14312192,3.686633472,1.616478208,227.443703808,86.05001728,4.0,0.0,4,9.330102272
79.48109229008357,10.911602209944748,nan,13.14312192,3.686633472,1.616478208,227.443707904,86.05001728,4.0,0.0,4,9.329065984
79.49776415030162,10.635359116022103,nan,13.14312192,3.686633472,1.616478208,227.443798016,86.05001728,4.0,0.0,4,9.329528832
79.51443673372269,10.635359116022103,nan,13.14312192,3.686633472,1.616478208,227.443802112,86.05001728,4.0,0.0,4,9.329524736
79.53111057281494,10.635359116022103,nan,13.14312192,3.686633472,1.616478208,227.443802112,86.05001728,4.0,0.0,4,9.329524736
79.54777992566427,10.635359116022103,nan,13.14312192,3.686633472,1.616478208,227.443806208,86.05001728,4.0,0.0,4,9.32952064
79.56445252100626,10.635359116022103,nan,13.14312192,3.686633472,1.616478208,227.443810304,86.05001728,4.0,0.0,4,9.329516543999999
79.58112513224283,10.635359116022103,nan,13.14312192,3.686633472,1.616478208,227.443810304,86.05001728,4.0,0.0,4,9.329516543999999
79.5977978348732,10.635359116022103,nan,13.14312192,3.686633472,1.616478208,227.4438144,86.05001728,4.0,0.0,4,9.329512448
79.61447415749232,10.635359116022103,nan,13.14312192,3.686633472,1.616478208,227.4438144,86.05001728,4.0,0.0,4,9.329512448
79.63114664951961,10.635359116022103,nan,13.14312192,3.686633472,1.616478208,227.443818496,86.05001728,4.0,0.0,4,9.329508352
79.64781949917476,10.635359116022103,nan,13.14312192,3.686633472,1.616478208,227.443818496,86.05001728,4.0,0.0,4,9.329508352
79.66449321905772,10.635359116022103,nan,13.14312192,3.686633472,1.616478208,227.443822592,86.05001728,4.0,0.0,4,9.329504256
79.68116283019384,10.635359116022103,nan,13.14312192,3.686633472,1.616478208,227.443826688,86.05001728,4.0,0.0,4,9.329500159999998
79.69783538977305,10.635359116022103,nan,13.14312192,3.686633472,1.616478208,227.443830784,86.05001728,4.0,0.0,4,9.329496063999999
79.71450795729955,10.635359116022103,nan,13.14312192,3.686633472,1.616478208,227.443830784,86.05001728,4.0,0.0,4,9.329496063999999
79.73117950757344,10.635359116022103,nan,13.14312192,3.686633472,1.616478208,227.443838976,86.05001728,4.0,0.0,4,9.329487872
79.74785268306732,10.635359116022103,nan,13.14312192,3.686633472,1.616478208,227.443838976,86.05001728,4.0,0.0,4,9.329487872
79.76452275514603,10.635359116022103,nan,13.14312192,3.686633472,1.616478208,227.443847168,86.05001728,4.0,0.0,4,9.329479679999999
79.78119527896246,10.635359116022103,nan,13.14312192,3.686633472,1.616478208,227.44385536,86.05001728,4.0,0.0,4,9.329471488
79.79786882797877,10.773480662983426,nan,13.14312192,3.686633472,1.616478208,227.44385536,86.05001728,4.0,0.0,4,9.329471488
79.81453969478608,10.773480662983426,nan,13.14312192,3.686633472,1.616478208,227.443859456,86.05001728,4.0,0.0,4,9.329467392
79.83121283451716,10.773480662983426,nan,13.14312192,3.686633472,1.616478208,227.443945472,86.05001728,4.0,0.0,4,9.329639424
79.84788548151651,10.773480662983426,nan,13.14312192,3.686633472,1.616478208,227.443949568,86.05001728,4.0,0.0,4,9.329635328
79.86455832322439,10.773480662983426,nan,13.14312192,3.686633472,1.616478208,227.44395776,86.05001728,4.0,0.0,4,9.329627136
79.88123165766397,10.911602209944748,nan,13.14312192,3.686633472,1.616478208,227.44395776,86.05001728,4.0,0.0,4,9.329627136
79.89790277481079,10.911602209944748,nan,13.14312192,3.686633472,1.616478208,227.443961856,86.05001728,4.0,0.0,4,9.328840704
79.91457602977752,11.049723756906083,nan,13.14312192,3.686633472,1.616478208,227.443965952,86.05001728,4.0,0.0,4,9.328836608
79.93124862909318,11.049723756906083,nan,13.14312192,3.686633472,1.616478208,227.443965952,86.05001728,4.0,0.0,4,9.328836608
79.94792538483938,11.049723756906083,nan,13.14312192,3.686633472,1.616478208,227.444371456,86.05001728,4.0,0.0,4,9.328689151999999
79.9645977417628,11.049723756906083,nan,13.14312192,3.686633472,1.616478208,227.444371456,86.05001728,4.0,0.0,4,9.328689151999999
79.98127007087072,11.049723756906083,nan,13.14312192,3.686633472,1.616478208,227.444371456,86.05001728,4.0,0.0,4,9.328689151999999
79.99794280529022,11.049723756906083,nan,13.14312192,3.686633472,1.616478208,227.444379648,86.05001728,4.0,0.0,4,9.32868096
80.01461621920268,11.049723756906083,nan,13.14312192,3.686633472,1.616478208,227.444379648,86.05001728,4.0,0.0,4,9.32868096
80.03129314978918,11.049723756906083,nan,13.14312192,3.686633472,1.616478208,227.444383744,86.05001728,4.0,0.0,4,9.328676864
80.04796603123347,11.049723756906083,nan,13.14312192,3.686633472,1.616478208,227.444383744,86.05001728,4.0,0.0,4,9.328676864
80.06464296976725,11.049723756906083,nan,13.14312192,3.686633472,1.616478208,227.444383744,86.05001728,4.0,0.0,4,9.328676864
80.08131644725799,11.049723756906083,nan,13.14312192,3.686633472,1.616478208,227.444391936,86.05001728,4.0,0.0,4,9.328898048
80.09799235661825,11.049723756906083,nan,13.14312192,3.686633472,1.616478208,227.444391936,86.05001728,4.0,0.0,4,9.328898048
80.1146658539772,11.049723756906083,nan,13.14312192,3.686633472,1.616478208,227.444396032,86.05001728,4.0,0.0,4,9.328893952
80.13134249051411,11.049723756906083,nan,13.14312192,3.686633472,1.616478208,227.444396032,86.05001728,4.0,0.0,4,9.329926144
80.14801590840021,11.049723756906083,nan,13.14312192,3.686633472,1.616478208,227.444400128,86.05001728,4.0,0.0,4,9.329922047999998
80.16469084421793,11.049723756906083,nan,13.14312192,3.686633472,1.616478208,227.444404224,86.05001728,4.0,0.0,4,9.329917951999999
80.1813636302948,11.049723756906083,nan,13.14312192,3.686633472,1.616478208,227.444404224,86.05001728,4.0,0.0,4,9.329917951999999
80.19803655544916,11.049723756906083,nan,13.14312192,3.686633472,1.616478208,227.44440832,86.05001728,4.0,0.0,4,9.329913856
80.2147087097168,11.049723756906083,nan,13.14312192,3.686633472,1.616478208,227.444412416,86.05001728,4.0,0.0,4,9.32990976
80.23138204415639,11.049723756906083,nan,13.14312192,3.686633472,1.616478208,227.444412416,86.05001728,4.0,0.0,4,9.32990976
80.24805770715078,11.049723756906083,nan,13.14312192,3.686633472,1.616478208,227.444412416,86.05001728,4.0,0.0,4,9.32990976
80.26473036209742,11.049723756906083,nan,13.14312192,3.686633472,1.616478208,227.444416512,86.05001728,4.0,0.0,4,9.329905664
80.28140304088592,11.049723756906083,nan,13.14312192,3.686633472,1.616478208,227.444420608,86.05001728,4.0,0.0,4,9.329901567999999
80.2980729897817,11.049723756906083,nan,13.14312192,3.686633472,1.616478208,227.444424704,86.05001728,4.0,0.0,4,9.329897471999999
80.31474542220434,11.049723756906083,nan,13.14312192,3.686633472,1.616478208,227.444424704,86.05001728,4.0,0.0,4,9.329897471999999
80.33141850233078,11.049723756906083,nan,13.14312192,3.686633472,1.616478208,227.444473856,86.05001728,4.0,0.0,4,9.32984832
80.34809190034866,11.049723756906083,nan,13.14312192,3.686633472,1.616478208,227.444473856,86.05001728,4.0,0.0,4,9.32984832
80.36476302941641,11.049723756906083,nan,13.14312192,3.686633472,1.616478208,227.444477952,86.05001728,4.0,0.0,4,9.329844223999999
80.38143538633982,11.049723756906083,nan,13.14312192,3.686633472,1.616478208,227.444482048,86.05001728,4.0,0.0,4,9.329840127999999
80.39810768763225,11.049723756906083,nan,13.14312192,3.686633472,1.616478208,227.444486144,86.05001728,4.0,0.0,4,9.329836032
80.41478119293849,11.049723756906083,nan,13.14312192,3.686633472,1.616478208,227.44449024,86.05001728,4.0,0.0,4,9.329831936
80.4314535776774,8.563535911602205,nan,13.14312192,3.686633472,1.616478208,227.444514816,86.05001728,3.0,0.0,4,9.32980736
80.44812481800714,10.359116022099446,nan,13.14312192,3.686633472,1.616478208,227.444637696,86.05001728,4.0,0.0,4,9.32968448
80.46479865709941,10.359116022099446,nan,13.14312192,3.686633472,1.616478208,227.444641792,86.05001728,4.0,0.0,4,9.329680384
80.4814746538798,10.359116022099446,nan,13.14312192,3.686633472,1.616478208,227.444641792,86.05001728,4.0,0.0,4,9.329680384
80.49814818302791,10.359116022099446,nan,13.14312192,3.686633472,1.616478208,227.444645888,86.05001728,4.0,0.0,4,9.329676288
80.5148252328237,10.359116022099446,nan,13.14312192,3.686633472,1.616478208,227.444658176,86.05001728,4.0,0.0,4,9.329664
80.53149888912837,10.359116022099446,nan,13.14312192,3.686633472,1.616478208,227.444658176,86.05001728,4.0,0.0,4,9.329922047999998
80.54817511638005,10.359116022099446,nan,13.14312192,3.686633472,1.616478208,227.444662272,86.05001728,4.0,0.0,4,9.329917951999999
80.56484877665838,10.359116022099446,nan,13.14312192,3.686633472,1.616478208,227.444662272,86.05001728,4.0,0.0,4,9.329917951999999
80.58152266343434,10.359116022099446,nan,13.14312192,3.686633472,1.616478208,227.444666368,86.05001728,4.0,0.0,4,9.329913856
80.59819549322128,10.359116022099446,nan,13.14312192,3.686633472,1.616478208,227.444670464,86.05001728,4.0,0.0,4,9.32990976
80.61486774682999,10.359116022099446,nan,13.14312192,3.686633472,1.616478208,227.444670464,86.05001728,4.0,0.0,4,9.32990976
80.63154138326645,10.359116022099446,nan,13.14312192,3.686633472,1.616478208,227.444678656,86.05001728,4.0,0.0,4,9.329901567999999
80.64821399847666,10.359116022099446,nan,13.14312192,3.686633472,1.616478208,227.444678656,86.05001728,4.0,0.0,4,9.329901567999999
80.66488668123881,10.359116022099446,nan,13.14312192,3.686633472,1.616478208,227.444682752,86.05001728,4.0,0.0,4,9.329897471999999
80.6815619468689,10.359116022099446,nan,13.14312192,3.686633472,1.616478208,227.444686848,86.05001728,4.0,0.0,4,9.329893376
80.69823581377665,6.629834254143652,nan,13.14312192,3.686649856,1.616478208,227.444764672,86.05001728,3.0,0.0,4,9.330057216
80.7149059732755,10.082872928176801,nan,13.14312192,3.686633472,1.616478208,227.444768768,86.05001728,4.0,0.0,4,9.330069503999999
80.73157907327017,10.220994475138124,nan,13.14312192,3.686633472,1.616478208,227.444768768,86.05001728,4.0,0.0,4,9.330069503999999
80.74824797709783,10.220994475138124,nan,13.14312192,3.686633472,1.616478208,227.444772864,86.05001728,4.0,0.0,4,9.330065408
80.76491767168045,10.359116022099446,nan,13.14312192,3.686633472,1.616478208,227.44477696,86.05001728,4.0,0.0,4,9.330061312
80.78159057299295,10.359116022099446,nan,13.14312192,3.686633472,1.616478208,227.44477696,86.05001728,4.0,0.0,4,9.330061312
80.79825976292292,10.359116022099446,nan,13.14312192,3.686633472,1.616478208,227.444781056,86.05001728,4.0,0.0,4,9.330057216
80.81493450800578,10.359116022099446,nan,13.14312192,3.686633472,1.616478208,227.444785152,86.05001728,4.0,0.0,4,9.330053119999999
80.83160835504532,10.359116022099446,nan,13.14312192,3.686633472,1.616478208,227.444789248,86.05001728,4.0,0.0,4,9.331068927999999
80.84828142722448,10.359116022099446,nan,13.14312192,3.686633472,1.616478208,227.444793344,86.05001728,4.0,0.0,4,9.331064832
80.86495281457901,10.359116022099446,nan,13.14312192,3.686633472,1.616478208,227.444793344,86.05001728,4.0,0.0,4,9.331064832
80.88162519534428,10.359116022099446,nan,13.14312192,3.686633472,1.616478208,227.44479744,86.05001728,4.0,0.0,4,9.33054464
80.89829517205557,10.359116022099446,nan,13.14312192,3.686633472,1.616478208,227.444801536,86.05001728,4.0,0.0,4,9.33042176
80.9149687409401,10.359116022099446,nan,13.14312192,3.686633472,1.616478208,227.444801536,86.05001728,4.0,0.0,4,9.33042176
80.93164195219676,10.359116022099446,nan,13.14312192,3.686633472,1.616478208,227.444805632,86.05001728,4.0,0.0,4,9.330647039999999
80.94831621249517,10.359116022099446,nan,13.14312192,3.686633472,1.616478208,227.444805632,86.05001728,4.0,0.0,4,9.330647039999999
80.96498616933823,10.359116022099446,nan,13.14312192,3.686633472,1.616478208,227.444809728,86.05001728,4.0,0.0,4,9.330642944
80.98165530761084,10.359116022099446,nan,13.14312192,3.686633472,1.616478208,227.444813824,86.05001728,4.0,0.0,4,9.330896895999999
80.99832433859507,10.359116022099446,nan,13.14312192,3.686633472,1.616478208,227.44481792,86.05001728,4.0,0.0,4,9.330892799999999
81.01499641736349,10.359116022099446,nan,13.14312192,3.686633472,1.616478208,227.444822016,86.05001728,4.0,0.0,4,9.330888704
81.03166731198628,10.359116022099446,nan,13.14312192,3.686633472,1.616478208,227.444822016,86.05001728,4.0,0.0,4,9.330888704
81.04834137360255,10.497237569060768,nan,13.14312192,3.686633472,1.616478208,227.444830208,86.05001728,4.0,0.0,4,9.330880511999998
81.06501409212748,10.497237569060768,nan,13.14312192,3.686633472,1.616478208,227.4448384,86.05001728,4.0,0.0,4,9.33087232
81.08168448209763,10.497237569060768,nan,13.14312192,3.686633472,1.616478208,227.4448384,86.05001728,4.0,0.0,4,9.33087232
81.09835576613744,10.497237569060768,nan,13.14312192,3.686633472,1.616478208,227.444842496,86.05001728,4.0,0.0,4,9.330868224
81.11502736409506,10.497237569060768,nan,13.14312192,3.686633472,1.616478208,227.444846592,86.05001728,4.0,0.0,4,9.330864128
81.13170087337494,10.497237569060768,nan,13.14312192,3.686633472,1.616478208,227.444846592,86.05001728,4.0,0.0,4,9.331625983999999
81.14838100671768,10.497237569060768,nan,13.14312192,3.686633472,1.616478208,227.444850688,86.05001728,4.0,0.0,4,9.331105791999999
81.16505382855733,10.497237569060768,nan,13.14312192,3.686633472,1.616478208,227.444850688,86.05001728,4.0,0.0,4,9.331105791999999
81.18172707160313,10.635359116022103,nan,13.14312192,3.686633472,1.616478208,227.444854784,86.05001728,4.0,0.0,4,9.331101696
81.19839989741644,10.635359116022103,nan,13.14312192,3.686633472,1.616478208,227.44485888,86.05001728,4.0,0.0,4,9.3310976
81.21507760286332,10.635359116022103,nan,13.14312192,3.686633472,1.616478208,227.44485888,86.05001728,4.0,0.0,4,9.3310976
81.23174818754197,10.635359116022103,nan,13.14312192,3.686633472,1.616478208,227.444862976,86.05001728,4.0,0.0,4,9.331093504
81.2484240412712,10.635359116022103,nan,13.14312192,3.686633472,1.616478208,227.444862976,86.05001728,4.0,0.0,4,9.331093504
81.26509755849838,10.635359116022103,nan,13.14312192,3.686633472,1.616478208,227.444867072,86.05001728,4.0,0.0,4,9.331089407999999
81.28176672061285,10.635359116022103,nan,13.14312192,3.686633472,1.616478208,227.444871168,86.05001728,4.0,0.0,4,9.331085311999999
81.29843992789587,10.635359116022103,nan,13.14312192,3.686633472,1.616478208,227.444871168,86.05001728,4.0,0.0,4,9.331085311999999
81.31511396567026,10.635359116022103,nan,13.14312192,3.686633472,1.616478208,227.444875264,86.05001728,4.0,0.0,4,9.331081216
81.33178512652715,10.635359116022103,nan,13.14312192,3.686633472,1.616478208,227.444875264,86.05001728,4.0,0.0,4,9.331081216
81.34845435619354,10.635359116022103,nan,13.14312192,3.686633472,1.616478208,227.44487936,86.05001728,4.0,0.0,4,9.33107712
81.36512877543767,10.635359116022103,nan,13.14312192,3.686633472,1.616478208,227.444883456,86.05001728,4.0,0.0,4,9.331073024
81.38180072307587,10.635359116022103,nan,13.14312192,3.686633472,1.616478208,227.444883456,86.05001728,4.0,0.0,4,9.331073024
81.3984705289205,10.635359116022103,nan,13.14312192,3.686633472,1.616478208,227.444887552,86.05001728,4.0,0.0,4,9.331068927999999
81.41514010826747,10.635359116022103,nan,13.14312192,3.686633472,1.616478208,227.444891648,86.05001728,4.0,0.0,4,9.331064832
81.43181056578955,10.635359116022103,nan,13.14312192,3.686633472,1.616478208,227.444891648,86.05001728,4.0,0.0,4,9.331064832
81.44848274787267,10.635359116022103,nan,13.14312192,3.686633472,1.616478208,227.444895744,86.05001728,4.0,0.0,4,9.331060736
81.46515188614528,10.635359116022103,nan,13.14312192,3.686633472,1.616478208,227.444895744,86.05001728,4.0,0.0,4,9.331060736
81.48182842731475,10.635359116022103,nan,13.14312192,3.686633472,1.616478208,227.44489984,86.05001728,4.0,0.0,4,9.33105664
81.49850230614344,10.635359116022103,nan,13.14312192,3.686633472,1.616478208,227.444903936,86.05001728,4.0,0.0,4,9.325600768
81.51517412265142,10.635359116022103,nan,13.14312192,3.686633472,1.616478208,227.444903936,86.05001728,4.0,0.0,4,9.325600768
81.53184343576432,10.635359116022103,nan,13.14312192,3.686633472,1.616478208,227.444908032,86.05001728,4.0,0.0,4,9.325596672
81.54851598739624,8.287292817679559,nan,13.14312192,3.686649856,1.616478208,227.444944896,86.05001728,3.0,0.0,4,9.3257728
81.5651902159055,10.497237569060768,nan,13.14312192,3.686633472,1.616478208,227.444948992,86.05001728,4.0,0.0,4,9.325785088
81.58186259667079,10.497237569060768,nan,13.14312192,3.686633472,1.616478208,227.444953088,86.05001728,4.0,0.0,4,9.325780991999999
81.59853473901748,10.497237569060768,nan,13.14312192,3.686633472,1.616478208,227.444953088,86.05001728,4.0,0.0,4,9.325780991999999
81.61520847479503,10.497237569060768,nan,13.14312192,3.686633472,1.616478208,227.444957184,86.05001728,4.0,0.0,4,9.325776895999999
81.6318814277649,10.497237569060768,nan,13.14312192,3.686633472,1.616478208,227.444957184,86.05001728,4.0,0.0,4,9.325776895999999
81.64855336348215,10.497237569060768,nan,13.14312192,3.686633472,1.616478208,227.444994048,86.05001728,4.0,0.0,4,9.326256127999999
81.66522652705511,10.497237569060768,nan,13.14312192,3.686633472,1.616478208,227.444998144,86.05001728,4.0,0.0,4,9.326252032
81.68189675807953,10.497237569060768,nan,13.14312192,3.686633472,1.616478208,227.444998144,86.05001728,4.0,0.0,4,9.326252032
81.69857017199199,10.497237569060768,nan,13.14312192,3.686633472,1.616478208,227.44500224,86.05001728,4.0,0.0,4,9.326247936
81.71524351040522,10.497237569060768,nan,13.14312192,3.686633472,1.616478208,227.445006336,86.05001728,4.0,0.0,4,9.32624384
81.73191803693771,10.497237569060768,nan,13.14312192,3.686633472,1.616478208,227.445006336,86.05001728,4.0,0.0,4,9.32624384
81.74859272241592,10.497237569060768,nan,13.14312192,3.686633472,1.616478208,227.445010432,86.05001728,4.0,0.0,4,9.326239743999999
81.76526446739832,10.497237569060768,nan,13.14312192,3.686633472,1.616478208,227.445010432,86.05001728,4.0,0.0,4,9.326239743999999
81.7819369117419,10.497237569060768,nan,13.14312192,3.686633472,1.616478208,227.445014528,86.05001728,4.0,0.0,4,9.326235647999999
81.79860995213191,10.497237569060768,nan,13.14312192,3.686633472,1.616478208,227.445018624,86.05001728,4.0,0.0,4,9.326231552
81.81528452237447,10.497237569060768,nan,13.14312192,3.686633472,1.616478208,227.445018624,86.05001728,4.0,0.0,4,9.326231552
81.83195824623108,10.497237569060768,nan,13.14312192,3.686633472,1.616478208,227.44502272,86.05001728,4.0,0.0,4,9.326227456
81.84862880706787,10.497237569060768,nan,13.14312192,3.686633472,1.616478208,227.44502272,86.05001728,4.0,0.0,4,9.326227456
81.86529973347982,10.497237569060768,nan,13.14312192,3.686633472,1.616478208,227.445026816,86.05001728,4.0,0.0,4,9.32622336
81.88197627862294,10.497237569060768,nan,13.14312192,3.686633472,1.616478208,227.445030912,86.05001728,4.0,0.0,4,9.326219263999999
81.89865005413691,10.497237569060768,nan,13.14312192,3.686633472,1.616478208,227.445030912,86.05001728,4.0,0.0,4,9.326219263999999
81.91532280842463,10.497237569060768,nan,13.14312192,3.686633472,1.616478208,227.445039104,86.05001728,4.0,0.0,4,9.326211072
81.93199514150619,10.497237569060768,nan,13.14312192,3.686633472,1.616478208,227.445039104,86.05001728,4.0,0.0,4,9.326211072
81.94866832097371,10.497237569060768,nan,13.14312192,3.686633472,1.616478208,227.4450432,86.05001728,4.0,0.0,4,9.326206976
81.96533769766489,10.497237569060768,nan,13.14312192,3.686633472,1.616478208,227.445047296,86.05001728,4.0,0.0,4,9.326202879999999
81.9820100069046,10.497237569060768,nan,13.14312192,3.686633472,1.616478208,227.445047296,86.05001728,4.0,0.0,4,9.326202879999999
81.99868703683218,10.497237569060768,nan,13.14312192,3.686633472,1.616478208,227.445051392,86.05001728,4.0,0.0,4,9.326198783999999
82.01536241372426,10.497237569060768,nan,13.14312192,3.686633472,1.616478208,227.445055488,86.05001728,4.0,0.0,4,9.326194688
82.03203217188518,10.635359116022103,nan,13.14312192,3.686633472,1.616478208,227.445055488,86.05001728,4.0,0.0,4,9.326194688
82.04870849847794,10.635359116022103,nan,13.14312192,3.686633472,1.616478208,227.445059584,86.05001728,4.0,0.0,4,9.326190592
82.06537965536117,10.635359116022103,nan,13.14312192,3.686633472,1.616478208,227.44506368,86.05001728,4.0,0.0,4,9.326186496
82.082051273187,10.635359116022103,nan,13.14312192,3.686633472,1.616478208,227.445067776,86.05001728,4.0,0.0,4,9.326182399999999
82.09872219165166,10.635359116022103,nan,13.14312192,3.686633472,1.616478208,227.445071872,86.05001728,4.0,0.0,4,9.326178303999999
82.1153951962789,10.635359116022103,nan,13.14312192,3.686633472,1.616478208,227.445071872,86.05001728,4.0,0.0,4,9.326178303999999
82.1320668498675,10.635359116022103,nan,13.14312192,3.686633472,1.616478208,227.445080064,86.05001728,4.0,0.0,4,9.326170112
82.14874602556229,10.773480662983426,nan,13.14312192,3.686633472,1.616478208,227.445080064,86.05001728,4.0,0.0,4,9.328447488
82.16541856129965,10.773480662983426,nan,13.14312192,3.686633472,1.616478208,227.44510464,86.05001728,4.0,0.0,4,9.329455103999999
82.18209402561187,10.773480662983426,nan,13.14312192,3.686633472,1.616478208,227.445108736,86.05001728,4.0,0.0,4,9.329451008
82.19876787662506,10.773480662983426,nan,13.14312192,3.686633472,1.616478208,227.445108736,86.05001728,4.0,0.0,4,9.329451008
82.21544047594071,8.425414364640883,nan,13.14312192,3.686633472,1.616478208,227.445112832,86.05001728,3.0,0.0,4,9.329446912
82.23211585283279,11.049723756906083,nan,13.14312192,3.686633472,1.622769664,227.445129216,86.05001728,4.0,0.0,4,9.32665344
82.24878691832224,10.773480662983426,nan,13.14312192,3.686633472,1.622769664,227.445133312,86.05001728,4.0,0.0,4,9.326649344
82.26545799573263,10.773480662983426,nan,13.14312192,3.686633472,1.622769664,227.445137408,86.05001728,4.0,0.0,4,9.326645248
82.2821284453074,10.773480662983426,nan,13.14312192,3.686633472,1.622769664,227.445141504,86.05001728,4.0,0.0,4,9.326641152
82.29880282878875,10.773480662983426,nan,13.14312192,3.686633472,1.622769664,227.445149696,86.05001728,4.0,0.0,4,9.32663296
82.31547779242197,10.911602209944748,nan,13.14312192,3.686633472,1.622769664,227.445776384,86.05001728,4.0,0.0,4,9.326006271999999
82.33214904864629,10.911602209944748,nan,13.14312192,3.686633472,1.622769664,227.445776384,86.05001728,4.0,0.0,4,9.326006271999999
82.34882328907649,10.911602209944748,nan,13.14312192,3.686633472,1.622769664,227.44578048,86.05001728,4.0,0.0,4,9.326002176
82.36549764871597,10.911602209944748,nan,13.14312192,3.686633472,1.622769664,227.44578048,86.05001728,4.0,0.0,4,9.326002176
82.38217599789301,10.911602209944748,nan,13.14312192,3.686633472,1.622769664,227.445784576,86.05001728,4.0,0.0,4,9.32599808
82.39884839455287,10.911602209944748,nan,13.14312192,3.686633472,1.622769664,227.445788672,86.05001728,4.0,0.0,4,9.325993984
82.41551851828893,10.911602209944748,nan,13.14312192,3.686633472,1.622769664,227.445788672,86.05001728,4.0,0.0,4,9.325993984
82.43219361305236,10.911602209944748,nan,13.14312192,3.686633472,1.622769664,227.445792768,86.05001728,4.0,0.0,4,9.325989888
82.44886598587036,10.911602209944748,nan,13.14312192,3.686633472,1.622769664,227.445792768,86.05001728,4.0,0.0,4,9.325989888
82.4655396660169,11.049723756906083,nan,13.14312192,3.686633472,1.622769664,227.445796864,86.05001728,4.0,0.0,4,9.325985791999999
82.482208943367,11.049723756906083,nan,13.14312192,3.686633472,1.622769664,227.44580096,86.05001728,4.0,0.0,4,9.325981696
82.49888117710749,11.049723756906083,nan,13.14312192,3.686633472,1.622769664,227.44580096,86.05001728,4.0,0.0,4,9.325981696
82.51555142005284,8.701657458563538,nan,13.14312192,3.686633472,1.622769664,227.445805056,86.05001728,3.0,0.0,4,9.3259776
82.53222218354543,8.701657458563538,nan,13.14312192,3.686649856,1.666809856,227.469684736,86.05001728,3.0,0.0,4,9.328959487999999
82.5488934357961,11.049723756906083,nan,13.14312192,3.686633472,1.666809856,227.469688832,86.05001728,4.0,0.0,4,9.328971776
82.56556480328241,11.049723756906083,nan,13.14312192,3.686633472,1.666809856,227.469692928,86.05001728,4.0,0.0,4,9.32896768
82.58223507404327,11.049723756906083,nan,13.14312192,3.686633472,1.666809856,227.469692928,86.05001728,4.0,0.0,4,9.32896768
82.598910176754,11.049723756906083,nan,13.14312192,3.686633472,1.666809856,227.469697024,86.05001728,4.0,0.0,4,9.328963583999998
82.61557977994283,11.049723756906083,nan,13.14312192,3.686633472,1.666809856,227.46970112,86.05001728,4.0,0.0,4,9.328959487999999
82.63225217660268,11.049723756906083,nan,13.14312192,3.686633472,1.666809856,227.46980352,86.05001728,4.0,0.0,4,9.328857088
82.64892323811848,11.049723756906083,nan,13.14312192,3.686633472,1.666809856,227.469807616,86.05001728,4.0,0.0,4,9.328852992
82.66559251149495,11.049723756906083,nan,13.14312192,3.686633472,1.666809856,227.469807616,86.05001728,4.0,0.0,4,9.328852992
82.68226361672083,11.049723756906083,nan,13.14312192,3.686633472,1.666809856,227.469856768,86.05001728,4.0,0.0,4,9.328803839999999
82.69893553256989,11.049723756906083,nan,13.14312192,3.686633472,1.666809856,227.469860864,86.05001728,4.0,0.0,4,9.328799744
82.71561111609141,11.049723756906083,nan,13.14312192,3.686633472,1.666809856,227.469860864,86.05001728,4.0,0.0,4,9.328799744
82.73228702942531,8.149171270718236,nan,13.14312192,3.686633472,1.666809856,227.46986496,86.05001728,3.0,0.0,4,9.328795648
82.74896177053452,10.635359116022103,nan,13.14312192,3.686633472,1.666809856,227.469930496,86.05001728,4.0,0.0,4,9.329504256
82.76564141909282,10.635359116022103,nan,13.14312192,3.686633472,1.666809856,227.473268736,86.05001728,4.0,0.0,4,9.327972352
82.78231101830801,10.635359116022103,nan,13.14312192,3.686633472,1.666809856,227.473272832,86.05001728,4.0,0.0,4,9.327968255999998
82.79898200035095,10.635359116022103,nan,13.14312192,3.686633472,1.666809856,227.473272832,86.05001728,4.0,0.0,4,9.327968255999998
82.81565913756688,10.635359116022103,nan,13.14312192,3.686633472,1.666809856,227.473276928,86.05001728,4.0,0.0,4,9.327964159999999
82.83232833147049,10.635359116022103,nan,13.14312192,3.686633472,1.666809856,227.473276928,86.05001728,4.0,0.0,4,9.327964159999999
82.84900163809458,10.635359116022103,nan,13.14312192,3.686633472,1.666809856,227.473281024,86.05001728,4.0,0.0,4,9.327960063999999
82.86568026940027,8.149171270718236,nan,13.14312192,3.686649856,1.666809856,227.473432576,86.05001728,3.0,0.0,4,9.328021503999999
82.88235174020132,10.773480662983426,nan,13.14312192,3.686633472,1.666809856,227.473432576,86.05001728,4.0,0.0,4,9.328037887999999
82.89902476072311,10.773480662983426,nan,13.14312192,3.686633472,1.666809856,227.473436672,86.05001728,4.0,0.0,4,9.328033792
82.91569947401682,10.773480662983426,nan,13.14312192,3.686633472,1.666809856,227.473440768,86.05001728,4.0,0.0,4,9.328029696
82.93236974477767,10.773480662983426,nan,13.14312192,3.686633472,1.666809856,227.473440768,86.05001728,4.0,0.0,4,9.328029696
82.94904332955679,10.773480662983426,nan,13.14312192,3.686633472,1.666809856,227.473444864,86.05001728,4.0,0.0,4,9.328025599999998
82.96571428378424,10.773480662983426,nan,13.14312192,3.686633472,1.666809856,227.473444864,86.05001728,4.0,0.0,4,9.328025599999998
82.98238673210145,10.773480662983426,nan,13.14312192,3.686633472,1.666809856,227.47344896,86.05001728,4.0,0.0,4,9.328021503999999
82.99906291166941,10.773480662983426,nan,13.14312192,3.686633472,1.666809856,227.473453056,86.05001728,4.0,0.0,4,9.328017408
83.01574303309123,11.187845303867405,nan,13.14312192,3.686633472,1.666809856,227.473461248,86.05001728,4.0,0.0,4,9.328054272
83.03241955439249,10.773480662983426,nan,13.14312192,3.686633472,1.666809856,227.473465344,86.05001728,4.0,0.0,4,9.328050176
83.04909194310507,10.773480662983426,nan,13.14312192,3.686633472,1.666809856,227.473465344,86.05001728,4.0,0.0,4,9.328050176
83.0657644033432,10.773480662983426,nan,13.14312192,3.686633472,1.666809856,227.47346944,86.05001728,4.0,0.0,4,9.328046079999998
83.08243569135666,10.773480662983426,nan,13.14312192,3.686633472,1.666809856,227.473473536,86.05001728,4.0,0.0,4,9.328041983999999
83.09910750389099,10.773480662983426,nan,13.14312192,3.686633472,1.666809856,227.473514496,86.05001728,4.0,0.0,4,9.328001023999999
83.11577738920847,10.773480662983426,nan,13.14312192,3.686633472,1.666809856,227.473518592,86.05001728,4.0,0.0,4,9.327996928
83.1324476758639,10.773480662983426,nan,13.14312192,3.686633472,1.666809856,227.473518592,86.05001728,4.0,0.0,4,9.327996928
83.14912292957305,10.773480662983426,nan,13.14312192,3.686633472,1.666809856,227.473522688,86.05001728,4.0,0.0,4,9.327992832
83.165793355306,10.773480662983426,nan,13.14312192,3.686633472,1.666809856,227.473526784,86.05001728,4.0,0.0,4,9.328480255999999
83.18246449629466,10.773480662983426,nan,13.14312192,3.686633472,1.666809856,227.47353088,86.05001728,4.0,0.0,4,9.328488448
83.19914152224858,8.425414364640883,nan,13.14312192,3.686633472,1.67100416,227.473563648,86.05001728,3.0,0.0,4,9.32845568
83.215815893809,10.773480662983426,nan,13.14312192,3.686633472,1.673101312,227.47359232,86.05001728,4.0,0.0,4,9.330536448
83.2324901064237,10.773480662983426,nan,13.14312192,3.686633472,1.673101312,227.47359232,86.05001728,4.0,0.0,4,9.330536448
83.24916335741679,10.773480662983426,nan,13.14312192,3.686633472,1.673101312,227.473596416,86.05001728,4.0,0.0,4,9.330532351999999
83.2658408522606,10.773480662983426,nan,13.14312192,3.686633472,1.673101312,227.473596416,86.05001728,4.0,0.0,4,9.330532351999999
83.2825115164121,10.773480662983426,nan,13.14312192,3.686633472,1.673101312,227.473600512,86.05001728,4.0,0.0,4,9.330528256
83.29918255408604,10.773480662983426,nan,13.14312192,3.686633472,1.673101312,227.473649664,86.05001728,4.0,0.0,4,9.330479104
83.31585570573807,10.773480662983426,nan,13.14312192,3.686633472,1.673101312,227.473649664,86.05001728,4.0,0.0,4,9.330479104
83.33252739906311,10.911602209944748,nan,13.14312192,3.686633472,1.673101312,227.47365376,86.05001728,4.0,0.0,4,9.330475007999999
83.34920213619868,11.049723756906083,nan,13.14312192,3.686633472,1.673101312,227.47365376,86.05001728,4.0,0.0,4,9.330475007999999
83.36587771574656,11.049723756906083,nan,13.14312192,3.686633472,1.673101312,227.473657856,86.05001728,4.0,0.0,4,9.330470912
83.38255765040715,11.049723756906083,nan,13.14312192,3.686633472,1.673101312,227.473661952,86.05001728,4.0,0.0,4,9.330466816
83.39923067887624,11.049723756906083,nan,13.14312192,3.686633472,1.673101312,227.473661952,86.05001728,4.0,0.0,4,9.330466816
83.41590365966161,11.049723756906083,nan,13.14312192,3.686633472,1.673101312,227.473666048,86.05001728,4.0,0.0,4,9.33046272
83.43257701396942,11.049723756906083,nan,13.14312192,3.686633472,1.673101312,227.473666048,86.05001728,4.0,0.0,4,9.33046272
83.44924769798915,8.563535911602205,nan,13.14312192,3.686633472,1.750695936,227.4746368,86.05001728,3.0,0.0,4,9.332363264
83.46592529614766,8.563535911602205,nan,13.14312192,3.686649856,1.767473152,227.474649088,86.05001728,3.0,0.0,4,9.332412416
83.48259680271148,11.049723756906083,nan,13.14312192,3.686633472,1.767473152,227.474653184,86.05001728,4.0,0.0,4,9.332424704000001
83.49926656484604,11.049723756906083,nan,13.14312192,3.686633472,1.767473152,227.47465728,86.05001728,4.0,0.0,4,9.332420608
83.51594109535218,11.049723756906083,nan,13.14312192,3.686633472,1.767473152,227.474661376,86.05001728,4.0,0.0,4,9.332416511999998
83.53261249860128,11.049723756906083,nan,13.14312192,3.686633472,1.767473152,227.474661376,86.05001728,4.0,0.0,4,9.332416511999998
83.5492837468783,11.049723756906083,nan,13.14312192,3.686633472,1.767473152,227.47478016,86.05001728,4.0,0.0,4,9.332527104
83.56595592498779,8.563535911602205,nan,13.14312192,3.686633472,1.767473152,227.47478016,86.05001728,3.0,0.0,4,9.332527104
83.58262573480606,11.049723756906083,nan,13.14312192,3.686633472,1.767473152,227.474792448,86.05001728,4.0,0.0,4,9.332518912000001
83.59929910898208,11.602209944751385,nan,13.14312192,3.686633472,1.767473152,227.474796544,86.05001728,4.0,0.0,4,9.332514816
83.61597506602605,11.187845303867405,nan,13.14312192,3.686633472,1.767473152,227.47480064,86.05001728,4.0,0.0,4,9.332510719999998
83.63264831304551,11.187845303867405,nan,13.14312192,3.686633472,1.767473152,227.474804736,86.05001728,4.0,0.0,4,9.332506624
83.64931998252868,11.187845303867405,nan,13.14312192,3.686633472,1.767473152,227.474804736,86.05001728,4.0,0.0,4,9.332506624
83.66599337259929,8.701657458563538,nan,13.14312192,3.686633472,1.767473152,227.474808832,86.05001728,3.0,0.0,4,9.332502528
83.68266508976619,8.701657458563538,nan,13.14312192,3.686633472,1.769570304,227.474812928,86.05001728,3.0,0.0,4,9.33040128
83.69933971166611,8.701657458563538,nan,13.14312192,3.686633472,1.769570304,227.474812928,86.05001728,3.0,0.0,4,9.33040128
83.71601430177688,8.701657458563538,nan,13.14312192,3.686633472,1.769570304,227.474817024,86.05001728,3.0,0.0,4,9.330397183999999
83.73268803358079,8.701657458563538,nan,13.14312192,3.686633472,1.769570304,227.474817024,86.05001728,3.0,0.0,4,9.330397183999999
83.74935721158981,11.187845303867405,nan,13.14312192,3.686633472,1.769570304,227.474825216,86.05001728,4.0,0.0,4,9.330647039999999
83.76603080828984,11.187845303867405,nan,13.14312192,3.686633472,1.769570304,227.474919424,86.05001728,4.0,0.0,4,9.330552831999999
83.78270634015401,11.325966850828728,nan,13.14312192,3.686633472,1.769570304,227.474919424,86.05001728,4.0,0.0,4,9.330552831999999
83.7993786295255,11.325966850828728,nan,13.14312192,3.686633472,1.769570304,227.47492352,86.05001728,4.0,0.0,4,9.330548735999999
83.81605244874955,11.325966850828728,nan,13.14312192,3.686633472,1.769570304,227.474927616,86.05001728,4.0,0.0,4,9.33054464
83.83272426923116,11.325966850828728,nan,13.14312192,3.686633472,1.769570304,227.474939904,86.05001728,4.0,0.0,4,9.330761727999999
83.8493953426679,11.325966850828728,nan,13.14312192,3.686633472,1.769570304,227.474944,86.05001728,4.0,0.0,4,9.330757632
83.8660694638888,11.325966850828728,nan,13.14312192,3.686633472,1.769570304,227.474944,86.05001728,4.0,0.0,4,9.330757632
83.8827435652415,11.325966850828728,nan,13.14312192,3.686633472,1.769570304,227.474948096,86.05001728,4.0,0.0,4,9.330753536
83.89941697120666,11.325966850828728,nan,13.14312192,3.686633472,1.769570304,227.474952192,86.05001728,4.0,0.0,4,9.33074944
83.91609462896983,11.325966850828728,nan,13.14312192,3.686633472,1.769570304,227.474952192,86.05001728,4.0,0.0,4,9.33074944
83.93276534875234,11.325966850828728,nan,13.14312192,3.686633472,1.769570304,227.474968576,86.05001728,4.0,0.0,4,9.330733056
83.94944777091344,11.325966850828728,nan,13.14312192,3.686633472,1.769570304,227.475574784,86.05001728,4.0,0.0,4,9.330126847999999
83.96612037817637,11.325966850828728,nan,13.14312192,3.686633472,1.769570304,227.47557888,86.05001728,4.0,0.0,4,9.330122752
83.9827931602796,11.325966850828728,nan,13.14312192,3.686633472,1.769570304,227.475582976,86.05001728,4.0,0.0,4,9.330118656
83.99946643511454,11.325966850828728,nan,13.14312192,3.686633472,1.769570304,227.475582976,86.05001728,4.0,0.0,4,9.330118656
84.01613941192628,11.325966850828728,nan,13.14312192,3.686633472,1.769570304,227.475587072,86.05001728,4.0,0.0,4,9.33011456
84.03281200329462,11.325966850828728,nan,13.14312192,3.686633472,1.769570304,227.4756608,86.05001728,4.0,0.0,4,9.330040832
84.04948428869247,11.325966850828728,nan,13.14312192,3.686633472,1.769570304,227.475664896,86.05001728,4.0,0.0,4,9.330036735999998
84.06615795691808,11.325966850828728,nan,13.14312192,3.686633472,1.769570304,227.475673088,86.05001728,4.0,0.0,4,9.330028544
84.08282817999522,11.325966850828728,nan,13.14312192,3.686633472,1.769570304,227.475673088,86.05001728,4.0,0.0,4,9.330028544
84.0995005051295,11.325966850828728,nan,13.14312192,3.686633472,1.769570304,227.475677184,86.05001728,4.0,0.0,4,9.330024448
84.11617656946183,11.325966850828728,nan,13.14312192,3.686633472,1.769570304,227.47568128,86.05001728,4.0,0.0,4,9.330020352
84.13285087744394,11.325966850828728,nan,13.14312192,3.686633472,1.769570304,227.475705856,86.05001728,4.0,0.0,4,9.329995775999999
84.14952401717504,11.325966850828728,nan,13.14312192,3.686633472,1.769570304,227.475709952,86.05001728,4.0,0.0,4,9.32999168
84.16619615952173,11.325966850828728,nan,13.14312192,3.686633472,1.769570304,227.475709952,86.05001728,4.0,0.0,4,9.32999168
84.18287494182587,11.325966850828728,nan,13.14312192,3.686633472,1.769570304,227.475718144,86.05001728,4.0,0.0,4,9.330229248
84.19954724311829,11.325966850828728,nan,13.14312192,3.686633472,1.769570304,227.47572224,86.05001728,4.0,0.0,4,9.330495487999999
84.21621995369593,11.325966850828728,nan,13.14312192,3.686633472,1.769570304,227.475820544,86.05001728,4.0,0.0,4,9.330397183999999
84.23289221525192,11.325966850828728,nan,13.14312192,3.686633472,1.769570304,227.47582464,86.05001728,4.0,0.0,4,9.330393088
84.24956378142039,11.325966850828728,nan,13.14312192,3.686633472,1.769570304,227.47582464,86.05001728,4.0,0.0,4,9.330393088
84.26623592376708,11.325966850828728,nan,13.14312192,3.686633472,1.769570304,227.475828736,86.05001728,4.0,0.0,4,9.315868671999999
84.28291001319886,11.325966850828728,nan,13.14312192,3.686633472,1.769570304,227.475832832,86.05001728,4.0,0.0,4,9.315864576
84.29958265622457,11.325966850828728,nan,13.14312192,3.686633472,1.769570304,227.475861504,86.05001728,4.0,0.0,4,9.315835904
84.31625376939773,11.325966850828728,nan,13.14312192,3.686633472,1.769570304,227.4758656,86.05001728,4.0,0.0,4,9.315831807999999
84.33292614618937,11.46408839779005,nan,13.14312192,3.686633472,1.769570304,227.4758656,86.05001728,4.0,0.0,4,9.315831807999999
84.34959839582443,11.46408839779005,nan,13.14312192,3.686633472,1.769570304,227.475869696,86.05001728,4.0,0.0,4,9.315827711999999
84.36627055009207,11.46408839779005,nan,13.14312192,3.686633472,1.769570304,227.475873792,86.05001728,4.0,0.0,4,9.315823616
84.38294291893641,11.46408839779005,nan,13.14312192,3.686633472,1.769570304,227.475873792,86.05001728,4.0,0.0,4,9.315823616
84.39961498975754,11.46408839779005,nan,13.14312192,3.686633472,1.769570304,227.475890176,86.05001728,4.0,0.0,4,9.315807232
84.4162938396136,11.46408839779005,nan,13.14312192,3.686633472,1.769570304,227.475890176,86.05001728,4.0,0.0,4,9.315807232
84.43296621640523,11.46408839779005,nan,13.14312192,3.686633472,1.769570304,227.475894272,86.05001728,4.0,0.0,4,9.315803136
84.44964114030202,11.46408839779005,nan,13.14312192,3.686633472,1.769570304,227.475898368,86.05001728,4.0,0.0,4,9.31579904
84.46631549199422,11.46408839779005,nan,13.14312192,3.686633472,1.769570304,227.475898368,86.05001728,4.0,0.0,4,9.31579904
84.48299032449722,11.46408839779005,nan,13.14312192,3.686633472,1.769570304,227.475902464,86.05001728,4.0,0.0,4,9.315794943999999
84.49966291586558,11.46408839779005,nan,13.14312192,3.686633472,1.769570304,227.47590656,86.05001728,4.0,0.0,4,9.315790847999999
84.51633519728979,11.46408839779005,nan,13.14312192,3.686633472,1.769570304,227.47590656,86.05001728,4.0,0.0,4,9.315790847999999
84.53300613959631,11.46408839779005,nan,13.14312192,3.686633472,1.769570304,227.475910656,86.05001728,4.0,0.0,4,9.315786752
84.54967865546544,11.46408839779005,nan,13.14312192,3.686633472,1.769570304,227.475914752,86.05001728,4.0,0.0,4,9.315782656
84.56635123093923,11.46408839779005,nan,13.14312192,3.686633472,1.769570304,227.475918848,86.05001728,4.0,0.0,4,9.31577856
84.58302313089371,11.46408839779005,nan,13.14312192,3.686633472,1.769570304,227.475922944,86.05001728,4.0,0.0,4,9.315774463999999
84.59969762166341,11.602209944751385,nan,13.14312192,3.686633472,1.769570304,227.475922944,86.05001728,4.0,0.0,4,9.315774463999999
84.61637006600698,11.602209944751385,nan,13.14312192,3.686633472,1.769570304,227.47592704,86.05001728,4.0,0.0,4,9.315770367999999
84.63304246664048,11.602209944751385,nan,13.14312192,3.686633472,1.769570304,227.47592704,86.05001728,4.0,0.0,4,9.315770367999999
84.6497147599856,11.602209944751385,nan,13.14312192,3.686633472,1.769570304,227.475931136,86.05001728,4.0,0.0,4,9.315766272
84.66638598044713,11.602209944751385,nan,13.14312192,3.686633472,1.769570304,227.475935232,86.05001728,4.0,0.0,4,9.315762176
84.68305877049764,11.602209944751385,nan,13.14312192,3.686633472,1.769570304,227.475935232,86.05001728,4.0,0.0,4,9.315762176
84.6997308532397,8.977900552486185,nan,13.14312192,3.686633472,1.769570304,227.475943424,86.05001728,3.0,0.0,4,9.315753983999999
84.71640347242355,11.46408839779005,nan,13.14312192,3.686633472,1.769570304,227.475972096,86.05001728,4.0,0.0,4,9.315971072
84.7330772280693,11.46408839779005,nan,13.14312192,3.686633472,1.769570304,227.475976192,86.05001728,4.0,0.0,4,9.315966975999999
84.74974900086721,11.46408839779005,nan,13.14312192,3.686633472,1.769570304,227.475980288,86.05001728,4.0,0.0,4,9.315962879999999
84.76642449299494,11.46408839779005,nan,13.14312192,3.686633472,1.769570304,227.475980288,86.05001728,4.0,0.0,4,9.315962879999999
84.78309682210286,11.46408839779005,nan,13.14312192,3.686633472,1.769570304,227.475984384,86.05001728,4.0,0.0,4,9.315958784
84.79977861642837,11.46408839779005,nan,13.14312192,3.686633472,1.769570304,227.47598848,86.05001728,4.0,0.0,4,9.314291712
84.81645100514093,11.46408839779005,nan,13.14312192,3.686633472,1.769570304,227.476013056,86.05001728,4.0,0.0,4,9.314267136
84.83312370379765,11.602209944751385,nan,13.14312192,3.686633472,1.769570304,227.476017152,86.05001728,4.0,0.0,4,9.31426304
84.8497960527738,8.977900552486185,nan,13.14312192,3.686649856,1.769570304,227.476033536,86.05001728,3.0,0.0,4,9.313763327999999
84.8664696375529,11.602209944751385,nan,13.14312192,3.686633472,1.769570304,227.476037632,86.05001728,4.0,0.0,4,9.314258943999999
84.88314270178476,12.154696132596687,nan,13.14312192,3.686633472,1.769570304,227.476041728,86.05001728,4.0,0.0,4,9.314254848
84.899816207091,11.740331491712707,nan,13.14312192,3.686633472,1.769570304,227.476041728,86.05001728,4.0,0.0,4,9.314254848
84.91649095614751,11.740331491712707,nan,13.14312192,3.686633472,1.769570304,227.476045824,86.05001728,4.0,0.0,4,9.314250752
84.93316342035929,9.116022099447518,nan,13.14312192,3.686633472,1.769570304,227.476045824,86.05001728,3.0,0.0,4,9.314250752
84.94983565409979,11.740331491712707,nan,13.14312192,3.686633472,1.769570304,227.476103168,86.05001728,4.0,0.0,4,9.31436544
84.9665088335673,11.740331491712707,nan,13.14312192,3.686633472,1.769570304,227.476107264,86.05001728,4.0,0.0,4,9.314361344
84.9831814010938,11.740331491712707,nan,13.14312192,3.686633472,1.769570304,227.476107264,86.05001728,4.0,0.0,4,9.314361344
84.99985799789428,11.740331491712707,nan,13.14312192,3.686633472,1.769570304,227.47611136,86.05001728,4.0,0.0,4,9.314357247999999
85.01653043031692,11.740331491712707,nan,13.14312192,3.686633472,1.769570304,227.47611136,86.05001728,4.0,0.0,4,9.314357247999999
85.03320192098617,11.740331491712707,nan,13.14312192,3.686633472,1.769570304,227.476164608,86.05001728,4.0,0.0,4,9.314791424
85.04987449248632,11.740331491712707,nan,13.14312192,3.686633472,1.769570304,227.476168704,86.05001728,4.0,0.0,4,9.314787328
85.06654650767645,11.878453038674031,nan,13.14312192,3.686633472,1.769570304,227.476168704,86.05001728,4.0,0.0,4,9.314787328
85.08321715195974,11.878453038674031,nan,13.14312192,3.686633472,1.769570304,227.4761728,86.05001728,4.0,0.0,4,9.314783232
85.0998870253563,11.878453038674031,nan,13.14312192,3.686633472,1.769570304,227.476176896,86.05001728,4.0,0.0,4,9.315037184
85.11655790408453,11.878453038674031,nan,13.14312192,3.686633472,1.769570304,227.476176896,86.05001728,4.0,0.0,4,9.315037184
85.13322675625483,11.878453038674031,nan,13.14312192,3.686633472,1.769570304,227.47619328,86.05001728,4.0,0.0,4,9.314562047999999
85.14989609320959,11.878453038674031,nan,13.14312192,3.686633472,1.769570304,227.47619328,86.05001728,4.0,0.0,4,9.314562047999999
85.16656739314398,11.878453038674031,nan,13.14312192,3.686633472,1.769570304,227.476197376,86.05001728,4.0,0.0,4,9.314557952
85.18323938846588,11.740331491712707,nan,13.14312192,3.686633472,1.769570304,227.476291584,86.05001728,4.0,0.0,4,9.314721791999999
85.19991153081259,11.325966850828728,nan,13.14312192,3.686633472,1.769570304,227.476291584,86.05001728,4.0,0.0,4,9.315483647999999
85.2165909687678,11.325966850828728,nan,13.14312192,3.686633472,1.769570304,227.47629568,86.05001728,4.0,0.0,4,9.315422208
85.23326013882955,11.325966850828728,nan,13.14312192,3.686633472,1.769570304,227.47629568,86.05001728,4.0,0.0,4,9.315651584
85.2499332944552,11.325966850828728,nan,13.14312192,3.686633472,1.769570304,227.476299776,86.05001728,4.0,0.0,4,9.315647488
85.26661050319672,8.701657458563538,nan,13.14312192,3.686633472,1.769570304,227.476307968,86.05001728,3.0,0.0,4,9.315639295999999
85.28328132629395,8.701657458563538,nan,13.14312192,3.686633472,2.182709248,227.945054208,86.05001728,3.0,0.0,4,9.323794432
85.2999533812205,8.701657458563538,nan,13.14312192,3.686633472,2.197389312,227.949539328,86.05001728,3.0,0.0,4,9.333223424
85.316624156634,8.701657458563538,nan,13.14312192,3.686633472,2.249818112,227.949539328,86.05001728,3.0,0.0,4,9.331126272
85.33329784870148,8.701657458563538,nan,13.14312192,3.686633472,2.249818112,227.949543424,86.05001728,3.0,0.0,4,9.331122176
85.34997477134068,8.701657458563538,nan,13.14312192,3.686633472,2.249818112,227.94954752,86.05001728,3.0,0.0,4,9.33111808
85.36664626200994,8.701657458563538,nan,13.14312192,3.686633472,2.249818112,227.94954752,86.05001728,3.0,0.0,4,9.33111808
85.38331501881281,8.83977900552486,nan,13.14312192,3.686633472,2.249818112,227.949551616,86.05001728,3.0,0.0,4,9.331601408
85.39999091625214,8.83977900552486,nan,13.14312192,3.686633472,2.249818112,227.94971136,86.05001728,3.0,0.0,4,9.329111039999999
85.41666102409363,8.83977900552486,nan,13.14312192,3.686633472,2.249818112,227.949715456,86.05001728,3.0,0.0,4,9.329106944
85.43333113590876,4.83425414364641,nan,13.14312192,3.686633472,2.736357376,228.22514688,86.05001728,2.0,0.0,4,9.327837184
85.45000241597494,4.83425414364641,nan,13.14312192,3.686633472,1.748791296,227.924221952,86.05001728,2.0,0.0,3,9.328930816
85.46667529344559,4.83425414364641,nan,13.14312192,3.686633472,1.757179904,227.939762176,86.05001728,2.0,0.0,3,9.030447104
85.48334719340006,4.83425414364641,nan,13.14312192,3.686633472,1.771859968,227.959701504,86.05001728,2.0,0.0,3,9.037119488
85.50001901388168,4.83425414364641,nan,13.14312192,3.686633472,1.780248576,227.977158656,86.05001728,2.0,0.0,3,9.037725695999999
85.5166916847229,4.83425414364641,nan,13.14312192,3.686633472,1.901883392,227.993055232,86.05001728,2.0,0.0,3,9.025122304
85.5333656390508,4.83425414364641,nan,13.14312192,3.686633472,1.924952064,227.997708288,86.05001728,2.0,0.0,3,9.043406848
85.55004096428553,4.83425414364641,nan,13.14312192,3.686633472,1.924952064,228.009742336,86.05001728,2.0,0.0,3,9.039372288000001
85.56671286424002,4.83425414364641,nan,13.14312192,3.686633472,1.927049216,228.014170112,86.05001728,2.0,0.0,3,9.041104895999998
85.58339157104493,4.83425414364641,nan,13.14312192,3.686633472,0.7947264,227.668340736,86.05001728,2.0,0.0,2,9.039192064
85.60006139278411,4.83425414364641,nan,13.14312192,3.686633472,0.7947264,227.668344832,86.05001728,2.0,0.0,2,8.758685695999999
85.61673030058543,4.83425414364641,nan,13.14312192,3.686633472,0.7947264,227.668344832,86.05001728,2.0,0.0,2,8.758685695999999
85.63339916865031,4.83425414364641,nan,13.14312192,3.686633472,0.7947264,227.668348928,86.05001728,2.0,0.0,2,8.7586816
85.65006985267003,4.83425414364641,nan,13.14312192,3.686633472,0.7947264,227.668353024,86.05001728,2.0,0.0,2,8.758677504
85.6667419552803,4.83425414364641,nan,13.14312192,3.686633472,0.7947264,227.668353024,86.05001728,2.0,0.0,2,8.758677504
85.68341433207193,4.83425414364641,nan,13.14312192,3.686633472,0.7947264,227.66835712,86.05001728,2.0,0.0,2,8.758673408
85.70008276700973,4.83425414364641,nan,13.14312192,3.686633472,0.7947264,227.66835712,86.05001728,2.0,0.0,2,8.758673408
85.71675293048223,4.83425414364641,nan,13.14312192,3.686633472,0.7947264,227.668361216,86.05001728,2.0,0.0,2,8.758669312
85.73342524766922,4.83425414364641,nan,13.14312192,3.686633472,0.7947264,227.668365312,86.05001728,2.0,0.0,2,8.758665215999999
85.75010053714117,4.83425414364641,nan,13.14312192,3.686633472,0.7947264,227.668365312,86.05001728,2.0,0.0,2,8.758665215999999
85.76677666107814,4.83425414364641,nan,13.14312192,3.686633472,0.7947264,227.668369408,86.05001728,2.0,0.0,2,8.758611968
85.78344826300939,4.83425414364641,nan,13.14312192,3.686633472,0.7947264,227.668369408,86.05001728,2.0,0.0,2,8.758611968
85.80012569030126,4.83425414364641,nan,13.14312192,3.686633472,0.7947264,227.668373504,86.05001728,2.0,0.0,2,8.758370304
85.81679433584213,4.83425414364641,nan,13.14312192,3.686633472,0.7947264,227.6683776,86.05001728,2.0,0.0,2,8.758366208
85.83346617221832,4.83425414364641,nan,13.14312192,3.686633472,0.7947264,227.6683776,86.05001728,2.0,0.0,2,8.758366208
85.85014224847158,4.83425414364641,nan,13.14312192,3.686633472,0.7947264,227.668381696,86.05001728,2.0,0.0,2,8.758362112
85.86681513388952,4.83425414364641,nan,13.14312192,3.686633472,0.7947264,227.668381696,86.05001728,2.0,0.0,2,8.758362112
85.8834925532341,4.83425414364641,nan,13.14312192,3.686633472,0.7947264,227.668389888,86.05001728,2.0,0.0,2,8.75835392
85.90016469955444,4.83425414364641,nan,13.14312192,3.686633472,0.7947264,227.668393984,86.05001728,2.0,0.0,2,8.75790336
85.9168440858523,4.83425414364641,nan,13.14312192,3.686633472,0.7947264,227.668393984,86.05001728,2.0,0.0,2,8.75790336
85.93351286649704,4.83425414364641,nan,13.14312192,3.686633472,0.7947264,227.66839808,86.05001728,2.0,0.0,2,8.757899263999999
85.95018169482549,4.83425414364641,nan,13.14312192,3.686633472,0.7947264,227.66839808,86.05001728,2.0,0.0,2,8.757899263999999
85.96685038805008,4.83425414364641,nan,13.14312192,3.686633472,0.7947264,227.668402176,86.05001728,2.0,0.0,2,8.757895168
85.98352384964625,4.83425414364641,nan,13.14312192,3.686633472,0.7947264,227.668406272,86.05001728,2.0,0.0,2,8.757891072
86.00019820133845,4.83425414364641,nan,13.14312192,3.686633472,0.7947264,227.668406272,86.05001728,2.0,0.0,2,8.757891072
86.01687005758285,4.83425414364641,nan,13.14312192,3.686633472,0.7947264,227.668410368,86.05001728,2.0,0.0,2,8.757886976
86.03354270458222,4.83425414364641,nan,13.14312192,3.686633472,0.7947264,227.668410368,86.05001728,2.0,0.0,2,8.757886976
86.05021275281906,4.83425414364641,nan,13.14312192,3.686633472,0.7947264,227.668426752,86.05001728,2.0,0.0,2,8.756920319999999
86.06688523292542,4.83425414364641,nan,13.14312192,3.686633472,0.7947264,227.668430848,86.05001728,2.0,0.0,2,8.75681792
86.08355767329535,4.83425414364641,nan,13.14312192,3.686633472,0.7947264,227.668430848,86.05001728,2.0,0.0,2,8.757047296
86.10022883415222,4.83425414364641,nan,13.14312192,3.686633472,0.7947264,227.668434944,86.05001728,2.0,0.0,2,8.7570432
86.1169005036354,4.83425414364641,nan,13.14312192,3.686633472,0.7947264,227.66843904,86.05001728,2.0,0.0,2,8.757039103999999
86.13357496261597,1.9337016574585641,nan,13.14312192,3.686649856,0.7947264,227.668508672,86.05001728,1.0,0.0,2,8.756953088000001
86.15024633010229,4.558011049723754,nan,13.14312192,3.686633472,0.7947264,227.668512768,86.05001728,2.0,0.0,2,8.756965376
86.16691747109095,4.558011049723754,nan,13.14312192,3.686633472,0.7947264,227.668512768,86.05001728,2.0,0.0,2,8.756965376
86.18358875115713,4.558011049723754,nan,13.14312192,3.686633472,0.7947264,227.668516864,86.05001728,2.0,0.0,2,8.756961279999999
86.20026027758917,4.558011049723754,nan,13.14312192,3.686633472,0.7947264,227.668516864,86.05001728,2.0,0.0,2,8.756961279999999
86.21693557103475,4.558011049723754,nan,13.14312192,3.686633472,0.7947264,227.66852096,86.05001728,2.0,0.0,2,8.759001088
86.2336087266604,4.558011049723754,nan,13.14312192,3.686633472,0.7947264,227.668525056,86.05001728,2.0,0.0,2,8.754163711999999
86.25028244654338,4.558011049723754,nan,13.14312192,3.686633472,0.7947264,227.668525056,86.05001728,2.0,0.0,2,8.754393087999999
86.26695706049601,4.558011049723754,nan,13.14312192,3.686633472,0.7947264,227.668529152,86.05001728,2.0,0.0,2,8.754323456
86.28362984657288,4.558011049723754,nan,13.14312192,3.686633472,0.7947264,227.668529152,86.05001728,2.0,0.0,2,8.754323456
86.3003007531166,4.558011049723754,nan,13.14312192,3.686633472,0.7947264,227.668533248,86.05001728,2.0,0.0,2,8.75431936
86.31697730223338,4.558011049723754,nan,13.14312192,3.686633472,0.7947264,227.668537344,86.05001728,2.0,0.0,2,8.754315263999999
86.33364792267481,4.558011049723754,nan,13.14312192,3.686633472,0.7947264,227.668537344,86.05001728,2.0,0.0,2,8.754315263999999
86.35031765699387,4.558011049723754,nan,13.14312192,3.686633472,0.7947264,227.66854144,86.05001728,2.0,0.0,2,8.754311168
86.36699106295903,4.558011049723754,nan,13.14312192,3.686633472,0.7947264,227.66854144,86.05001728,2.0,0.0,2,8.756224
86.3836652636528,4.558011049723754,nan,13.14312192,3.686633472,0.7947264,227.668545536,86.05001728,2.0,0.0,2,8.756219904
86.40034084320068,4.558011049723754,nan,13.14312192,3.686633472,0.7947264,227.668549632,86.05001728,2.0,0.0,2,8.756215808
86.41701432863871,4.558011049723754,nan,13.14312192,3.686633472,0.7947264,227.668549632,86.05001728,2.0,0.0,2,8.756215808
86.4336866458257,4.558011049723754,nan,13.14312192,3.686633472,0.7947264,227.668553728,86.05001728,2.0,0.0,2,8.756211711999999
86.45035778681437,4.558011049723754,nan,13.14312192,3.686633472,0.7947264,227.668553728,86.05001728,2.0,0.0,2,8.756211711999999
86.46702735821405,4.558011049723754,nan,13.14312192,3.686633472,0.7947264,227.668557824,86.05001728,2.0,0.0,2,8.756207616
86.48370055357616,4.558011049723754,nan,13.14312192,3.686633472,0.7947264,227.66856192,86.05001728,2.0,0.0,2,8.75620352
86.50037741661072,4.558011049723754,nan,13.14312192,3.686633472,0.7947264,227.668566016,86.05001728,2.0,0.0,2,8.756199424
86.51705114046733,4.558011049723754,nan,13.14312192,3.686633472,0.7947264,227.668570112,86.05001728,2.0,0.0,2,8.756195327999999
86.53372877836227,4.558011049723754,nan,13.14312192,3.686633472,0.7947264,227.668570112,86.05001728,2.0,0.0,2,8.756195327999999
86.55040174722672,4.558011049723754,nan,13.14312192,3.686633472,0.7947264,227.668574208,86.05001728,2.0,0.0,2,8.756191231999999
86.5670712351799,4.558011049723754,nan,13.14312192,3.686633472,0.7947264,227.668574208,86.05001728,2.0,0.0,2,8.756191231999999
86.5837443391482,4.558011049723754,nan,13.14312192,3.686633472,0.7947264,227.668578304,86.05001728,2.0,0.0,2,8.756187136
86.60041397809982,4.558011049723754,nan,13.14312192,3.686633472,0.7947264,227.6685824,86.05001728,2.0,0.0,2,8.75618304
86.61708478132884,5.1104972375690565,nan,13.14312192,3.686633472,0.7947264,227.6685824,86.05001728,2.0,0.0,2,8.754614272
86.63375788132349,4.6961325966850875,nan,13.14312192,3.686633472,0.7947264,227.668586496,86.05001728,2.0,0.0,2,8.754610176
86.65042890310288,4.6961325966850875,nan,13.14312192,3.686633472,0.7947264,227.668586496,86.05001728,2.0,0.0,2,8.754610176
86.66709766387939,4.83425414364641,nan,13.14312192,3.686633472,0.7947264,227.668590592,86.05001728,2.0,0.0,2,8.75460608
86.68376965522766,4.83425414364641,nan,13.14312192,3.686633472,0.7947264,227.668594688,86.05001728,2.0,0.0,2,8.754601983999999
86.70044070879618,4.83425414364641,nan,13.14312192,3.686633472,0.7947264,227.668594688,86.05001728,2.0,0.0,2,8.754601983999999
86.71711546977362,4.83425414364641,nan,13.14312192,3.686633472,0.7947264,227.668598784,86.05001728,2.0,0.0,2,8.754597888
86.73379233678182,4.83425414364641,nan,13.14312192,3.686633472,0.7947264,227.668598784,86.05001728,2.0,0.0,2,8.754597888
86.75046507120132,4.83425414364641,nan,13.14312192,3.686633472,0.7947264,227.66860288,86.05001728,2.0,0.0,2,8.754593792
86.76714111963908,4.83425414364641,nan,13.14312192,3.686633472,0.7947264,227.668606976,86.05001728,2.0,0.0,2,8.754589696
86.78380955060324,4.83425414364641,nan,13.14312192,3.686633472,0.7947264,227.668606976,86.05001728,2.0,0.0,2,8.754589696
86.80048315127691,4.83425414364641,nan,13.14312192,3.686633472,0.7947264,227.668611072,86.05001728,2.0,0.0,2,8.754585599999999
86.81715835730235,4.83425414364641,nan,13.14312192,3.686633472,0.7947264,227.668611072,86.05001728,2.0,0.0,2,8.754585599999999
86.83383146127065,4.83425414364641,nan,13.14312192,3.686633472,0.7947264,227.668615168,86.05001728,2.0,0.0,2,8.754581503999999
86.85050685008368,4.83425414364641,nan,13.14312192,3.686633472,0.7947264,227.668619264,86.05001728,2.0,0.0,2,8.754577408
86.8671799659729,4.83425414364641,nan,13.14312192,3.686633472,0.7947264,227.668619264,86.05001728,2.0,0.0,2,8.754577408
86.88384884198507,4.83425414364641,nan,13.14312192,3.686633472,0.7947264,227.66862336,86.05001728,2.0,0.0,2,8.754573312
86.90051752328873,4.83425414364641,nan,13.14312192,3.686633472,0.7947264,227.66862336,86.05001728,2.0,0.0,2,8.754573312
86.91719306310019,4.83425414364641,nan,13.14312192,3.686633472,0.7947264,227.668627456,86.05001728,2.0,0.0,2,8.754569216
86.93386385440826,4.83425414364641,nan,13.14312192,3.686633472,0.7947264,227.668631552,86.05001728,2.0,0.0,2,8.754565119999999
86.95054108699163,4.83425414364641,nan,13.14312192,3.686633472,0.7947264,227.668631552,86.05001728,2.0,0.0,2,8.754565119999999
86.96721137364706,4.83425414364641,nan,13.14312192,3.686633472,0.7947264,227.668635648,86.05001728,2.0,0.0,2,8.754302976
86.9838829278946,4.83425414364641,nan,13.14312192,3.686633472,0.7947264,227.668635648,86.05001728,2.0,0.0,2,8.754302976
87.00055324236551,4.83425414364641,nan,13.14312192,3.686633472,0.7947264,227.668639744,86.05001728,2.0,0.0,2,8.75429888
87.01722441514333,4.83425414364641,nan,13.14312192,3.686633472,0.7947264,227.66864384,86.05001728,2.0,0.0,2,8.754294783999999
87.03389525810877,4.83425414364641,nan,13.14312192,3.686633472,0.7947264,227.66864384,86.05001728,2.0,0.0,2,8.754294783999999
87.05056636333465,4.83425414364641,nan,13.14312192,3.686633472,0.7947264,227.668647936,86.05001728,2.0,0.0,2,8.751788032
87.0672394156456,4.83425414364641,nan,13.14312192,3.686633472,0.7947264,227.668647936,86.05001728,2.0,0.0,2,8.75204608
87.083909034729,4.83425414364641,nan,13.14312192,3.686633472,0.7947264,227.668652032,86.05001728,2.0,0.0,2,8.752041984
87.10058053334554,4.83425414364641,nan,13.14312192,3.686633472,0.7947264,227.668656128,86.05001728,2.0,0.0,2,8.752267264
87.11725164651871,4.83425414364641,nan,13.14312192,3.686633472,0.7947264,227.668656128,86.05001728,2.0,0.0,2,8.752267264
87.13392707109452,4.83425414364641,nan,13.14312192,3.686633472,0.7947264,227.668660224,86.05001728,2.0,0.0,2,8.752263167999999
87.15059918959936,4.83425414364641,nan,13.14312192,3.686633472,0.7947264,227.66866432,86.05001728,2.0,0.0,2,8.752259072
87.16727756659189,4.83425414364641,nan,13.14312192,3.686633472,0.7947264,227.668668416,86.05001728,2.0,0.0,2,8.752254976
87.18395101229349,4.83425414364641,nan,13.14312192,3.686633472,0.7947264,227.668672512,86.05001728,2.0,0.0,2,8.75225088
87.2006238857905,4.83425414364641,nan,13.14312192,3.686633472,0.7947264,227.668672512,86.05001728,2.0,0.0,2,8.75225088
87.21729674736659,4.83425414364641,nan,13.14312192,3.686633472,0.7947264,227.668676608,86.05001728,2.0,0.0,2,8.744091648
87.23396727641423,4.83425414364641,nan,13.14312192,3.686633472,0.7947264,227.668676608,86.05001728,2.0,0.0,2,8.745639936
87.25064571698506,4.83425414364641,nan,13.14312192,3.686633472,0.7947264,227.6686848,86.05001728,2.0,0.0,2,8.748150784
87.26731704473495,4.83425414364641,nan,13.14312192,3.686633472,0.7947264,227.668688896,86.05001728,2.0,0.0,2,8.748146688
87.28399497667948,4.83425414364641,nan,13.14312192,3.686633472,0.7947264,227.668688896,86.05001728,2.0,0.0,2,8.748146688
87.30066720247268,4.83425414364641,nan,13.14312192,3.686633472,0.7947264,227.668692992,86.05001728,2.0,0.0,2,8.74840064
87.31734052896499,4.83425414364641,nan,13.14312192,3.686633472,0.7947264,227.668692992,86.05001728,2.0,0.0,2,8.74840064
87.33401538530985,4.83425414364641,nan,13.14312192,3.686633472,0.7947264,227.668697088,86.05001728,2.0,0.0,2,8.74962944
87.3506953159968,4.83425414364641,nan,13.14312192,3.686633472,0.7947264,227.66870528,86.05001728,2.0,0.0,2,8.750653439999999
87.36736650864283,4.83425414364641,nan,13.14312192,3.686633472,0.7947264,227.66870528,86.05001728,2.0,0.0,2,8.750653439999999
87.38403658072154,4.83425414364641,nan,13.14312192,3.686633472,0.7947264,227.668713472,86.05001728,2.0,0.0,2,8.750903295999999
87.40070614814758,4.83425414364641,nan,13.14312192,3.686633472,0.7947264,227.668713472,86.05001728,2.0,0.0,2,8.750903295999999
87.41737520297369,4.83425414364641,nan,13.14312192,3.686633472,0.7947264,227.668717568,86.05001728,2.0,0.0,2,8.7508992
87.43404694795609,4.83425414364641,nan,13.14312192,3.686633472,0.7947264,227.668721664,86.05001728,2.0,0.0,2,8.750895104
87.45071915388107,4.83425414364641,nan,13.14312192,3.686633472,0.7947264,227.668721664,86.05001728,2.0,0.0,2,8.750895104
87.46739251613617,4.83425414364641,nan,13.14312192,3.686633472,0.7947264,227.66872576,86.05001728,2.0,0.0,2,8.750891008
87.48406697511673,4.83425414364641,nan,13.14312192,3.686633472,0.7947264,227.668729856,86.05001728,2.0,0.0,2,8.750886912
87.50074512163798,4.83425414364641,nan,13.14312192,3.686633472,0.7947264,227.668733952,86.05001728,2.0,0.0,2,8.750882815999999
87.51742642323175,4.83425414364641,nan,13.14312192,3.686633472,0.7947264,227.668738048,86.05001728,2.0,0.0,2,8.75087872
87.53409513632457,4.83425414364641,nan,13.14312192,3.686633472,0.7947264,227.668738048,86.05001728,2.0,0.0,2,8.75087872
87.55077522993088,4.83425414364641,nan,13.14312192,3.686633472,0.7947264,227.668742144,86.05001728,2.0,0.0,2,8.750874624
87.5674512465795,4.83425414364641,nan,13.14312192,3.686633472,0.7947264,227.668742144,86.05001728,2.0,0.0,2,8.750874624
87.5841242313385,4.83425414364641,nan,13.14312192,3.686633472,0.7947264,227.66874624,86.05001728,2.0,0.0,2,8.750870528
87.60079797903697,4.83425414364641,nan,13.14312192,3.686633472,0.7947264,227.668750336,86.05001728,2.0,0.0,2,8.750866431999999
87.6174705306689,4.83425414364641,nan,13.14312192,3.686633472,0.7947264,227.668750336,86.05001728,2.0,0.0,2,8.750866431999999
87.6341402331988,4.83425414364641,nan,13.14312192,3.686633472,0.7947264,227.668754432,86.05001728,2.0,0.0,2,8.750862335999999
87.65081201394399,4.83425414364641,nan,13.14312192,3.686633472,0.7947264,227.668754432,86.05001728,2.0,0.0,2,8.750862335999999
87.66748550335566,4.83425414364641,nan,13.14312192,3.686633472,0.7947264,227.668758528,86.05001728,2.0,0.0,2,8.751087616
87.68416084051132,4.83425414364641,nan,13.14312192,3.686633472,0.7947264,227.668762624,86.05001728,2.0,0.0,2,8.75108352
87.70083420674005,4.83425414364641,nan,13.14312192,3.686633472,0.7947264,227.668762624,86.05001728,2.0,0.0,2,8.75108352
87.71751006444295,4.83425414364641,nan,13.14312192,3.686633472,0.7947264,227.66876672,86.05001728,2.0,0.0,2,8.751079424
87.73418343464533,4.83425414364641,nan,13.14312192,3.686633472,0.7947264,227.66876672,86.05001728,2.0,0.0,2,8.751079424
87.75085326035817,4.83425414364641,nan,13.14312192,3.686633472,0.7947264,227.668770816,86.05001728,2.0,0.0,2,8.751075327999999
87.76752735376358,4.83425414364641,nan,13.14312192,3.686633472,0.7947264,227.668774912,86.05001728,2.0,0.0,2,8.751071232
87.78419882059097,4.83425414364641,nan,13.14312192,3.686633472,0.7947264,227.668774912,86.05001728,2.0,0.0,2,8.751071232
87.80087013244629,4.83425414364641,nan,13.14312192,3.686633472,0.7947264,227.668779008,86.05001728,2.0,0.0,2,8.751067136
87.81754251718522,4.83425414364641,nan,13.14312192,3.686633472,0.7947264,227.6687872,86.05001728,2.0,0.0,2,8.751058943999999
87.83421388467153,4.83425414364641,nan,13.14312192,3.686633472,0.7947264,227.668791296,86.05001728,2.0,0.0,2,8.751054847999999
87.85089039007822,4.83425414364641,nan,13.14312192,3.686633472,0.7947264,227.668795392,86.05001728,2.0,0.0,2,8.751050752
87.86756508747736,4.972375690607733,nan,13.14312192,3.686633472,0.7947264,227.668795392,86.05001728,2.0,0.0,2,8.751050752
87.88423651854197,4.972375690607733,nan,13.14312192,3.686633472,0.7947264,227.668799488,86.05001728,2.0,0.0,2,8.751046656
87.90090546210607,5.1104972375690565,nan,13.14312192,3.686633472,0.7947264,227.668799488,86.05001728,2.0,0.0,2,8.751046656
87.91757836739222,5.1104972375690565,nan,13.14312192,3.686633472,0.7947264,227.668803584,86.05001728,2.0,0.0,2,8.75104256
87.93425017595291,5.1104972375690565,nan,13.14312192,3.686633472,0.7947264,227.66880768,86.05001728,2.0,0.0,2,8.751038463999999
87.95092382828395,2.9005524861878462,nan,13.14312192,3.686649856,0.7947264,227.668860928,86.05001728,1.0,0.0,2,8.751972352000001
87.9675964832306,4.83425414364641,nan,13.14312192,3.686633472,0.7947264,227.668865024,86.05001728,2.0,0.0,2,8.75198464
87.98426824808121,4.83425414364641,nan,13.14312192,3.686633472,0.7947264,227.668865024,86.05001728,2.0,0.0,2,8.75198464
88.00094131628673,4.83425414364641,nan,13.14312192,3.686633472,0.7947264,227.66886912,86.05001728,2.0,0.0,2,8.751980544
88.01761313676835,4.83425414364641,nan,13.14312192,3.686633472,0.7947264,227.668873216,86.05001728,2.0,0.0,2,8.751976447999999
88.03428356647491,4.83425414364641,nan,13.14312192,3.686633472,0.7947264,227.668873216,86.05001728,2.0,0.0,2,8.751976447999999
88.05095622142156,4.83425414364641,nan,13.14312192,3.686633472,0.7947264,227.668877312,86.05001728,2.0,0.0,2,8.751972352
88.06762678225836,4.83425414364641,nan,13.14312192,3.686633472,0.7947264,227.668877312,86.05001728,2.0,0.0,2,8.751972352
88.08430049816768,4.83425414364641,nan,13.14312192,3.686633472,0.7947264,227.668881408,86.05001728,2.0,0.0,2,8.751968256
88.10097616910934,4.83425414364641,nan,13.14312192,3.686633472,0.7947264,227.668885504,86.05001728,2.0,0.0,2,8.75196416
88.11764789422354,4.83425414364641,nan,13.14312192,3.686633472,0.7947264,227.668885504,86.05001728,2.0,0.0,2,8.75196416
88.1343196908633,1.9337016574585641,nan,13.14312192,3.686633472,0.7947264,227.6688896,86.05001728,1.0,0.0,2,8.751960063999999
88.15099033117295,4.558011049723754,nan,13.14312192,3.686633472,0.7947264,227.66893056,86.05001728,2.0,0.0,2,8.751919103999999
88.16766222715378,4.558011049723754,nan,13.14312192,3.686633472,0.7947264,227.668934656,86.05001728,2.0,0.0,2,8.751915008
88.18433109124501,4.558011049723754,nan,13.14312192,3.686633472,0.7947264,227.668938752,86.05001728,2.0,0.0,2,8.751910912
88.20100163221359,4.558011049723754,nan,13.14312192,3.686633472,0.7947264,227.668938752,86.05001728,2.0,0.0,2,8.751910912
88.21767474015554,4.558011049723754,nan,13.14312192,3.686633472,0.7947264,227.668942848,86.05001728,2.0,0.0,2,8.751906816
88.2343459924062,4.558011049723754,nan,13.14312192,3.686633472,0.7947264,227.668942848,86.05001728,2.0,0.0,2,8.7435264
88.25101603666941,4.558011049723754,nan,13.14312192,3.686633472,0.7947264,227.668946944,86.05001728,2.0,0.0,2,8.743780352
88.26768547693888,4.558011049723754,nan,13.14312192,3.686633472,0.7947264,227.668959232,86.05001728,2.0,0.0,2,8.746061824
88.28435527086258,4.558011049723754,nan,13.14312192,3.686633472,0.7947264,227.668959232,86.05001728,2.0,0.0,2,8.746061824
88.30102704763412,4.558011049723754,nan,13.14312192,3.686633472,0.7947264,227.668963328,86.05001728,2.0,0.0,2,8.746315776
88.31769881645839,4.558011049723754,nan,13.14312192,3.686633472,0.7947264,227.668963328,86.05001728,2.0,0.0,2,8.746573823999999
88.3343768676122,4.558011049723754,nan,13.14312192,3.686633472,0.7947264,227.668967424,86.05001728,2.0,0.0,2,8.74088448
88.35105040073395,4.558011049723754,nan,13.14312192,3.686633472,0.7947264,227.66897152,86.05001728,2.0,0.0,2,8.741085184
88.36772644122442,4.558011049723754,nan,13.14312192,3.686633472,0.7947264,227.66897152,86.05001728,2.0,0.0,2,8.741085184
88.38440074125926,4.558011049723754,nan,13.14312192,3.686633472,0.7947264,227.668975616,86.05001728,2.0,0.0,2,8.741081088
88.40107708374659,4.558011049723754,nan,13.14312192,3.686633472,0.7947264,227.668975616,86.05001728,2.0,0.0,2,8.741081088
88.41774867773056,4.558011049723754,nan,13.14312192,3.686633472,0.7947264,227.668983808,86.05001728,2.0,0.0,2,8.741072895999999
88.43442026774089,4.6961325966850875,nan,13.14312192,3.686633472,0.7947264,227.668987904,86.05001728,2.0,0.0,2,8.741068799999999
88.45108944574991,4.6961325966850875,nan,13.14312192,3.686633472,0.7947264,227.668987904,86.05001728,2.0,0.0,2,8.741068799999999
88.4677587946256,4.6961325966850875,nan,13.14312192,3.686633472,0.7947264,227.668992,86.05001728,2.0,0.0,2,8.741064704
88.484432609876,4.6961325966850875,nan,13.14312192,3.686633472,0.7947264,227.668992,86.05001728,2.0,0.0,2,8.741064704
88.50110751787821,4.6961325966850875,nan,13.14312192,3.686633472,0.7947264,227.668996096,86.05001728,2.0,0.0,2,8.741060608
88.51778208017349,4.6961325966850875,nan,13.14312192,3.686633472,0.7947264,227.669000192,86.05001728,2.0,0.0,2,8.741056512
88.53446094989776,4.6961325966850875,nan,13.14312192,3.686633472,0.7947264,227.669000192,86.05001728,2.0,0.0,2,8.741056512
88.5511347969373,4.6961325966850875,nan,13.14312192,3.686633472,0.7947264,227.669004288,86.05001728,2.0,0.0,2,8.741052415999999
88.56781131029129,1.9337016574585641,nan,13.14312192,3.686649856,0.7947264,227.669004288,86.05001728,1.0,0.0,2,8.741036031999998
88.58448357184729,4.6961325966850875,nan,13.14312192,3.686633472,0.7947264,227.669049344,86.05001728,2.0,0.0,2,8.741306368
88.60115541617076,4.6961325966850875,nan,13.14312192,3.686633472,0.7947264,227.66905344,86.05001728,2.0,0.0,2,8.741302271999999
88.61782439549764,4.6961325966850875,nan,13.14312192,3.686633472,0.7947264,227.66905344,86.05001728,2.0,0.0,2,8.741302271999999
88.63449914455414,4.6961325966850875,nan,13.14312192,3.686633472,0.7947264,227.669057536,86.05001728,2.0,0.0,2,8.741298175999999
88.65117732683818,1.9337016574585641,nan,13.14312192,3.686633472,0.7947264,227.669061632,86.05001728,1.0,0.0,2,8.74129408
88.6678552031517,4.6961325966850875,nan,13.14312192,3.686633472,0.7947264,227.66911488,86.05001728,2.0,0.0,2,8.741699584
88.68452829122543,4.6961325966850875,nan,13.14312192,3.686633472,0.7947264,227.669118976,86.05001728,2.0,0.0,2,8.741695488
88.70120200316111,4.6961325966850875,nan,13.14312192,3.686633472,0.7947264,227.669118976,86.05001728,2.0,0.0,2,8.741695488
88.71787528196971,4.6961325966850875,nan,13.14312192,3.686633472,0.7947264,227.669123072,86.05001728,2.0,0.0,2,8.741691392
88.73454523483912,4.6961325966850875,nan,13.14312192,3.686633472,0.7947264,227.669123072,86.05001728,2.0,0.0,2,8.741691392
88.75121902227401,4.6961325966850875,nan,13.14312192,3.686633472,0.7947264,227.669127168,86.05001728,2.0,0.0,2,8.7411712
88.76789040962855,1.9337016574585641,nan,13.14312192,3.686649856,0.7947264,227.66979072,86.05001728,1.0,0.0,2,8.74029056
88.78456324338913,4.6961325966850875,nan,13.14312192,3.686633472,0.7947264,227.66979072,86.05001728,2.0,0.0,2,8.740601856
88.80123215516409,4.6961325966850875,nan,13.14312192,3.686633472,0.7947264,227.669794816,86.05001728,2.0,0.0,2,8.74059776
88.81790105501811,4.6961325966850875,nan,13.14312192,3.686633472,0.7947264,227.669794816,86.05001728,2.0,0.0,2,8.74059776
88.83457434972128,4.6961325966850875,nan,13.14312192,3.686633472,0.7947264,227.669798912,86.05001728,2.0,0.0,2,8.740593663999999
88.85124804973603,4.6961325966850875,nan,13.14312192,3.686633472,0.7947264,227.669798912,86.05001728,2.0,0.0,2,8.740593663999999
88.86792684793473,4.6961325966850875,nan,13.14312192,3.686633472,0.7947264,227.669815296,86.05001728,2.0,0.0,2,8.74057728
88.88460041284561,4.6961325966850875,nan,13.14312192,3.686633472,0.7947264,227.669819392,86.05001728,2.0,0.0,2,8.740573183999999
88.90126972198486,4.6961325966850875,nan,13.14312192,3.686633472,0.7947264,227.669819392,86.05001728,2.0,0.0,2,8.740573183999999
88.91794260740281,4.6961325966850875,nan,13.14312192,3.686633472,0.7947264,227.669823488,86.05001728,2.0,0.0,2,8.740569087999999
88.93461146354676,4.6961325966850875,nan,13.14312192,3.686633472,0.7947264,227.669823488,86.05001728,2.0,0.0,2,8.740569087999999
88.95128689606985,4.6961325966850875,nan,13.14312192,3.686633472,0.7947264,227.669827584,86.05001728,2.0,0.0,2,8.740564992
88.96796149015427,4.6961325966850875,nan,13.14312192,3.686633472,0.7947264,227.66983168,86.05001728,2.0,0.0,2,8.740560896
88.98463484843572,4.83425414364641,nan,13.14312192,3.686633472,0.7947264,227.669835776,86.05001728,2.0,0.0,2,8.7405568
89.00130975643793,4.83425414364641,nan,13.14312192,3.686633472,0.7947264,227.669839872,86.05001728,2.0,0.0,2,8.740552703999999
89.01798450946808,4.83425414364641,nan,13.14312192,3.686633472,0.7947264,227.669839872,86.05001728,2.0,0.0,2,8.740552703999999
89.03466022014618,4.83425414364641,nan,13.14312192,3.686633472,0.7947264,227.669843968,86.05001728,2.0,0.0,2,8.740548608
89.05132917563121,4.83425414364641,nan,13.14312192,3.686633472,0.7947264,227.669848064,86.05001728,2.0,0.0,2,8.740544512
89.0680081129074,4.83425414364641,nan,13.14312192,3.686633472,0.7947264,227.669848064,86.05001728,2.0,0.0,2,8.740544512
89.08468023538589,4.83425414364641,nan,13.14312192,3.686633472,0.7947264,227.66989312,86.05001728,2.0,0.0,2,8.740499456
89.10135249694189,4.83425414364641,nan,13.14312192,3.686633472,0.7947264,227.669897216,86.05001728,2.0,0.0,2,8.740495359999999
89.11802847385407,2.071823204419887,nan,13.14312192,3.686633472,0.7947264,227.669901312,86.05001728,1.0,0.0,2,8.740491264
89.13470225334167,4.83425414364641,nan,13.14312192,3.686633472,0.7947264,227.6699136,86.05001728,2.0,0.0,2,8.740937727999999
89.15137513478597,4.83425414364641,nan,13.14312192,3.686633472,0.7947264,227.6699136,86.05001728,2.0,0.0,2,8.740937727999999
89.16804491678873,4.83425414364641,nan,13.14312192,3.686633472,0.7947264,227.669917696,86.05001728,2.0,0.0,2,8.740933631999999
89.18471779823304,4.83425414364641,nan,13.14312192,3.686633472,0.7947264,227.669938176,86.05001728,2.0,0.0,2,8.740913152
89.20139007170995,4.83425414364641,nan,13.14312192,3.686633472,0.7947264,227.669942272,86.05001728,2.0,0.0,2,8.740909056
89.21806211868922,4.83425414364641,nan,13.14312192,3.686633472,0.7947264,227.669950464,86.05001728,2.0,0.0,2,8.740900864
89.23473482131958,4.83425414364641,nan,13.14312192,3.686633472,0.7947264,227.669950464,86.05001728,2.0,0.0,2,8.740900864
89.25140416224798,4.83425414364641,nan,13.14312192,3.686633472,0.7947264,227.66995456,86.05001728,2.0,0.0,2,8.740896767999999
89.26807378530502,4.83425414364641,nan,13.14312192,3.686633472,0.7947264,227.66995456,86.05001728,2.0,0.0,2,8.740896767999999
89.28474450508753,4.83425414364641,nan,13.14312192,3.686633472,0.7947264,227.669958656,86.05001728,2.0,0.0,2,8.738136063999999
89.30141484340032,4.83425414364641,nan,13.14312192,3.686633472,0.7947264,227.669962752,86.05001728,2.0,0.0,2,8.732975104
89.31808431545893,4.83425414364641,nan,13.14312192,3.686633472,0.7947264,227.669962752,86.05001728,2.0,0.0,2,8.732975104
89.33475836912791,4.83425414364641,nan,13.14312192,3.686633472,0.7947264,227.669966848,86.05001728,2.0,0.0,2,8.732971008
89.35143100817999,4.83425414364641,nan,13.14312192,3.686633472,0.7947264,227.669966848,86.05001728,2.0,0.0,2,8.732971008
89.3681001742681,4.83425414364641,nan,13.14312192,3.686633472,0.7947264,227.669970944,86.05001728,2.0,0.0,2,8.732966912
89.38476953903834,2.071823204419887,nan,13.14312192,3.686649856,0.7947264,227.66997504,86.05001728,1.0,0.0,2,8.732430335999998
89.40144191980362,4.83425414364641,nan,13.14312192,3.686633472,0.7947264,227.669987328,86.05001728,2.0,0.0,2,8.73289728
89.4181135058403,4.83425414364641,nan,13.14312192,3.686633472,0.7947264,227.669991424,86.05001728,2.0,0.0,2,8.73312256
89.4347864707311,4.83425414364641,nan,13.14312192,3.686633472,0.7947264,227.669991424,86.05001728,2.0,0.0,2,8.73312256
89.4514564037323,4.83425414364641,nan,13.14312192,3.686633472,0.7947264,227.66999552,86.05001728,2.0,0.0,2,8.733118464
89.46813135544458,4.83425414364641,nan,13.14312192,3.686633472,0.7947264,227.669999616,86.05001728,2.0,0.0,2,8.733114367999999
89.48480238119761,4.83425414364641,nan,13.14312192,3.686633472,0.7947264,227.669999616,86.05001728,2.0,0.0,2,8.733114367999999
89.50147337118784,4.83425414364641,nan,13.14312192,3.686633472,0.7947264,227.670003712,86.05001728,2.0,0.0,2,8.733110272
89.51814423004787,4.83425414364641,nan,13.14312192,3.686633472,0.7947264,227.670003712,86.05001728,2.0,0.0,2,8.733110272
89.53481408754985,4.83425414364641,nan,13.14312192,3.686633472,0.7947264,227.670007808,86.05001728,2.0,0.0,2,8.733106176
89.55148703257242,2.7624309392265234,nan,13.14312192,3.686649856,0.7947264,227.670073344,86.05001728,1.0,0.0,2,8.733024255999998
89.56815764506658,4.6961325966850875,nan,13.14312192,3.686633472,0.7947264,227.67007744,86.05001728,2.0,0.0,2,8.733294592
89.58482880194983,4.6961325966850875,nan,13.14312192,3.686633472,0.7947264,227.670081536,86.05001728,2.0,0.0,2,8.733290495999999
89.60150016148886,4.6961325966850875,nan,13.14312192,3.686633472,0.7947264,227.670081536,86.05001728,2.0,0.0,2,8.733290495999999
89.61817633708318,4.6961325966850875,nan,13.14312192,3.686633472,0.7947264,227.670089728,86.05001728,2.0,0.0,2,8.733282304
89.63485306104025,4.6961325966850875,nan,13.14312192,3.686633472,0.7947264,227.670093824,86.05001728,2.0,0.0,2,8.733278208
89.65152656634649,4.6961325966850875,nan,13.14312192,3.686633472,0.7947264,227.6701184,86.05001728,2.0,0.0,2,8.733483008
89.66819970607757,4.83425414364641,nan,13.14312192,3.686633472,0.7947264,227.670122496,86.05001728,2.0,0.0,2,8.733478911999999
89.684874244531,4.83425414364641,nan,13.14312192,3.686633472,0.7947264,227.670122496,86.05001728,2.0,0.0,2,8.733478911999999
89.70154612064361,2.9005524861878462,nan,13.14312192,3.686633472,0.7947264,227.670167552,86.05001728,1.0,0.0,2,8.733433856
89.71821843385696,4.83425414364641,nan,13.14312192,3.686633472,0.7947264,227.670171648,86.05001728,2.0,0.0,2,8.73342976
89.73488938411077,4.83425414364641,nan,13.14312192,3.686633472,0.7947264,227.670171648,86.05001728,2.0,0.0,2,8.73342976
89.75156259934107,4.83425414364641,nan,13.14312192,3.686633472,0.7947264,227.67017984,86.05001728,2.0,0.0,2,8.733421567999999
89.76824380954106,4.83425414364641,nan,13.14312192,3.686633472,0.7947264,227.67017984,86.05001728,2.0,0.0,2,8.733421567999999
89.78491988182068,4.83425414364641,nan,13.14312192,3.686633472,0.7947264,227.670183936,86.05001728,2.0,0.0,2,8.731897856
89.80159540573756,4.83425414364641,nan,13.14312192,3.686633472,0.7947264,227.670233088,86.05001728,2.0,0.0,2,8.731848703999999
89.81826911767324,4.83425414364641,nan,13.14312192,3.686633472,0.7947264,227.670233088,86.05001728,2.0,0.0,2,8.731848703999999
89.83494015137354,4.83425414364641,nan,13.14312192,3.686633472,0.7947264,227.67024128,86.05001728,2.0,0.0,2,8.731840512
89.85161553223928,4.83425414364641,nan,13.14312192,3.686633472,0.7947264,227.67024128,86.05001728,2.0,0.0,2,8.731840512
89.86828951438268,4.83425414364641,nan,13.14312192,3.686633472,0.7947264,227.670245376,86.05001728,2.0,0.0,2,8.731836416
89.88495863676071,1.9337016574585641,nan,13.14312192,3.686633472,0.7947264,227.670249472,86.05001728,1.0,0.0,2,8.731832319999999
89.90162723064422,4.6961325966850875,nan,13.14312192,3.686633472,0.7947264,227.67026176,86.05001728,2.0,0.0,2,8.732049408
89.91830014387766,4.6961325966850875,nan,13.14312192,3.686633472,0.7947264,227.670269952,86.05001728,2.0,0.0,2,8.732041215999999
89.93496938943863,4.6961325966850875,nan,13.14312192,3.686633472,0.7947264,227.670269952,86.05001728,2.0,0.0,2,8.732041215999999
89.95163939396541,4.6961325966850875,nan,13.14312192,3.686633472,0.7947264,227.670274048,86.05001728,2.0,0.0,2,8.73203712
89.96830844481786,5.2486187845303895,nan,13.14312192,3.686633472,0.7947264,227.670278144,86.05001728,2.0,0.0,2,8.732033024
89.98497757514318,4.83425414364641,nan,13.14312192,3.686633472,0.7947264,227.670278144,86.05001728,2.0,0.0,2,8.732033024
90.00164785782496,4.972375690607733,nan,13.14312192,3.686633472,0.7947264,227.67028224,86.05001728,2.0,0.0,2,8.732028928
90.01831726233165,4.972375690607733,nan,13.14312192,3.686633472,0.7947264,227.67028224,86.05001728,2.0,0.0,2,8.732028928
90.03498862981796,4.972375690607733,nan,13.14312192,3.686633472,0.7947264,227.670286336,86.05001728,2.0,0.0,2,8.732024831999999
90.0516576051712,4.972375690607733,nan,13.14312192,3.686633472,0.7947264,227.670290432,86.05001728,2.0,0.0,2,8.732020735999999
90.06832695007324,2.9005524861878462,nan,13.14312192,3.686649856,0.7947264,227.670331392,86.05001728,1.0,0.0,2,8.731963391999999
90.0849962234497,4.972375690607733,nan,13.14312192,3.686633472,0.7947264,227.670335488,86.05001728,2.0,0.0,2,8.73197568
90.10166515509287,4.972375690607733,nan,13.14312192,3.686633472,0.7947264,227.670335488,86.05001728,2.0,0.0,2,8.73197568
90.11833532651265,4.972375690607733,nan,13.14312192,3.686633472,0.7947264,227.670339584,86.05001728,2.0,0.0,2,8.731971584
90.13500582377115,4.972375690607733,nan,13.14312192,3.686633472,0.7947264,227.67034368,86.05001728,2.0,0.0,2,8.731967487999999
90.15168142318726,4.972375690607733,nan,13.14312192,3.686633472,0.7947264,227.67034368,86.05001728,2.0,0.0,2,8.731967487999999
90.16835176547369,4.972375690607733,nan,13.14312192,3.686633472,0.7947264,227.670368256,86.05001728,2.0,0.0,2,8.731942912
90.18502436081569,4.972375690607733,nan,13.14312192,3.686633472,0.7947264,227.670368256,86.05001728,2.0,0.0,2,8.731942912
90.20169327259063,4.972375690607733,nan,13.14312192,3.686633472,0.7947264,227.670376448,86.05001728,2.0,0.0,2,8.732192767999999
90.21836235523224,4.972375690607733,nan,13.14312192,3.686633472,0.7947264,227.670380544,86.05001728,2.0,0.0,2,8.732188672
90.23503512541453,4.972375690607733,nan,13.14312192,3.686633472,0.7947264,227.670380544,86.05001728,2.0,0.0,2,8.732188672
90.25170444250107,4.972375690607733,nan,13.14312192,3.686633472,0.7947264,227.67038464,86.05001728,2.0,0.0,2,8.731951104
90.26837739944457,4.972375690607733,nan,13.14312192,3.686633472,0.7947264,227.67038464,86.05001728,2.0,0.0,2,8.733499391999999
90.28505003054937,4.972375690607733,nan,13.14312192,3.686633472,0.7947264,227.670388736,86.05001728,2.0,0.0,2,8.731987968
90.30172557830811,4.972375690607733,nan,13.14312192,3.686633472,0.7947264,227.670396928,86.05001728,2.0,0.0,2,8.738922495999999
90.31839428345363,4.972375690607733,nan,13.14312192,3.686633472,0.7947264,227.670396928,86.05001728,2.0,0.0,2,8.738922495999999
90.33506319125493,4.972375690607733,nan,13.14312192,3.686633472,0.7947264,227.670401024,86.05001728,2.0,0.0,2,8.7389184
90.35173173348109,4.972375690607733,nan,13.14312192,3.686633472,0.7947264,227.670401024,86.05001728,2.0,0.0,2,8.7389184
90.36840376456578,4.972375690607733,nan,13.14312192,3.686633472,0.7947264,227.67040512,86.05001728,2.0,0.0,2,8.738914304
90.38507252534231,4.972375690607733,nan,13.14312192,3.686633472,0.7947264,227.670409216,86.05001728,2.0,0.0,2,8.738910208
90.4017409324646,4.972375690607733,nan,13.14312192,3.686633472,0.7947264,227.670409216,86.05001728,2.0,0.0,2,8.738910208
90.41841291586557,4.972375690607733,nan,13.14312192,3.686633472,0.7947264,227.670413312,86.05001728,2.0,0.0,2,8.738906111999999
90.43508506218592,4.972375690607733,nan,13.14312192,3.686633472,0.7947264,227.670462464,86.05001728,2.0,0.0,2,8.736731136
90.45175770918529,4.972375690607733,nan,13.14312192,3.686633472,0.7947264,227.67046656,86.05001728,2.0,0.0,2,8.73672704
90.46842639446258,4.972375690607733,nan,13.14312192,3.686633472,0.7947264,227.670470656,86.05001728,2.0,0.0,2,8.736722944
90.48509701490403,2.9005524861878462,nan,13.14312192,3.686633472,0.7947264,227.670474752,86.05001728,1.0,0.0,2,8.736948223999999
90.50176682869593,4.972375690607733,nan,13.14312192,3.686633472,0.7947264,227.67048704,86.05001728,2.0,0.0,2,8.736935936
90.51844507455826,4.972375690607733,nan,13.14312192,3.686633472,0.7947264,227.67048704,86.05001728,2.0,0.0,2,8.736935936
90.53511352936427,4.972375690607733,nan,13.14312192,3.686633472,0.7947264,227.670515712,86.05001728,2.0,0.0,2,8.736907264
90.5517822265625,4.972375690607733,nan,13.14312192,3.686633472,0.7947264,227.670519808,86.05001728,2.0,0.0,2,8.736903168
90.56845322052638,4.972375690607733,nan,13.14312192,3.686633472,0.7947264,227.670519808,86.05001728,2.0,0.0,2,8.736903168
90.58512233495712,4.972375690607733,nan,13.14312192,3.686633472,0.7947264,227.670523904,86.05001728,2.0,0.0,2,8.736899072
90.60179095665613,4.972375690607733,nan,13.14312192,3.686633472,0.7947264,227.670523904,86.05001728,2.0,0.0,2,8.736899072
90.61846009890239,4.972375690607733,nan,13.14312192,3.686633472,0.7947264,227.670528,86.05001728,2.0,0.0,2,8.736894976
90.63513282140096,4.972375690607733,nan,13.14312192,3.686633472,0.7947264,227.670532096,86.05001728,2.0,0.0,2,8.736890879999999
90.65180141528448,4.972375690607733,nan,13.14312192,3.686633472,0.7947264,227.670532096,86.05001728,2.0,0.0,2,8.736890879999999
90.66847192843755,2.9005524861878462,nan,13.14312192,3.686649856,0.796823552,227.670540288,86.05001728,1.0,0.0,2,8.738963456
90.68514389594397,4.972375690607733,nan,13.14312192,3.686633472,0.796823552,227.670540288,86.05001728,2.0,0.0,2,8.73897984
90.70181441704432,4.972375690607733,nan,13.14312192,3.686633472,0.796823552,227.670544384,86.05001728,2.0,0.0,2,8.739233792
90.71848476330439,4.972375690607733,nan,13.14312192,3.686633472,0.796823552,227.670544384,86.05001728,2.0,0.0,2,8.739233792
90.73515362739563,4.972375690607733,nan,13.14312192,3.686633472,0.796823552,227.67054848,86.05001728,2.0,0.0,2,8.739229696
90.75182267824809,4.972375690607733,nan,13.14312192,3.686633472,0.796823552,227.670552576,86.05001728,2.0,0.0,2,8.739225600000001
90.76849499543508,4.972375690607733,nan,13.14312192,3.686633472,0.796823552,227.670552576,86.05001728,2.0,0.0,2,8.739225600000001
90.78516478538513,2.071823204419887,nan,13.14312192,3.686633472,0.796823552,227.670556672,86.05001728,1.0,0.0,2,8.739221504
90.8018340587616,4.972375690607733,nan,13.14312192,3.686633472,0.796823552,227.670593536,86.05001728,2.0,0.0,2,8.739643392
90.81850296258926,4.972375690607733,nan,13.14312192,3.686633472,0.796823552,227.670597632,86.05001728,2.0,0.0,2,8.737574912
90.83517199357351,4.972375690607733,nan,13.14312192,3.686633472,0.796823552,227.670601728,86.05001728,2.0,0.0,2,8.737939456
90.85184129476548,4.972375690607733,nan,13.14312192,3.686633472,0.796823552,227.670601728,86.05001728,2.0,0.0,2,8.728489984
90.86851394573847,4.972375690607733,nan,13.14312192,3.686633472,0.796823552,227.670605824,86.05001728,2.0,0.0,2,8.728485888
90.88518275817235,4.972375690607733,nan,13.14312192,3.686633472,0.796823552,227.670605824,86.05001728,2.0,0.0,2,8.728485888
90.90185670852661,4.972375690607733,nan,13.14312192,3.686633472,0.796823552,227.670654976,86.05001728,2.0,0.0,2,8.728436736
90.91852579116821,4.972375690607733,nan,13.14312192,3.686633472,0.796823552,227.670659072,86.05001728,2.0,0.0,2,8.72843264
90.93520687421163,2.9005524861878462,nan,13.14312192,3.686649856,0.796823552,227.670667264,86.05001728,1.0,0.0,2,8.728662016000001
90.95188037157058,4.972375690607733,nan,13.14312192,3.686633472,0.796823552,227.67067136,86.05001728,2.0,0.0,2,8.728674304
90.96854943434397,4.972375690607733,nan,13.14312192,3.686633472,0.796823552,227.67067136,86.05001728,2.0,0.0,2,8.728674304
90.98521869977316,4.972375690607733,nan,13.14312192,3.686633472,0.796823552,227.670675456,86.05001728,2.0,0.0,2,8.728670208
91.00189351638159,4.972375690607733,nan,13.14312192,3.686633472,0.796823552,227.670679552,86.05001728,2.0,0.0,2,8.728666112
91.01856278975805,2.071823204419887,nan,13.14312192,3.686633472,0.796823552,227.670679552,86.05001728,1.0,0.0,2,8.728666112
91.03523238897324,4.972375690607733,nan,13.14312192,3.686633472,0.796823552,227.670687744,86.05001728,2.0,0.0,2,8.729161728
91.05190379619599,4.972375690607733,nan,13.14312192,3.686633472,0.796823552,227.670687744,86.05001728,2.0,0.0,2,8.729161728
91.068572473526,4.972375690607733,nan,13.14312192,3.686633472,0.796823552,227.67069184,86.05001728,2.0,0.0,2,8.728641536
91.08524154027303,5.1104972375690565,nan,13.14312192,3.686633472,0.796823552,227.670695936,86.05001728,2.0,0.0,2,8.728834048
91.10191050370534,5.1104972375690565,nan,13.14312192,3.686633472,0.796823552,227.670695936,86.05001728,2.0,0.0,2,8.728834048
91.11858079830806,2.9005524861878462,nan,13.14312192,3.686633472,0.796823552,227.670700032,86.05001728,1.0,0.0,2,8.728829952
91.1352523803711,4.972375690607733,nan,13.14312192,3.686633472,0.796823552,227.670716416,86.05001728,2.0,0.0,2,8.729300992
91.15192167758941,4.972375690607733,nan,13.14312192,3.686633472,0.796823552,227.670720512,86.05001728,2.0,0.0,2,8.729296896000001
91.16859081983566,2.209944751381221,nan,13.14312192,3.686633472,0.796823552,227.670728704,86.05001728,1.0,0.0,2,8.729288704
91.18526000181834,5.1104972375690565,nan,13.14312192,3.686633472,0.796823552,227.670736896,86.05001728,2.0,0.0,2,8.729767936
91.20193347533544,5.1104972375690565,nan,13.14312192,3.686633472,0.796823552,227.670740992,86.05001728,2.0,0.0,2,8.72976384
91.21860262950261,2.9005524861878462,nan,13.14312192,3.686633472,0.796823552,227.670740992,86.05001728,1.0,0.0,2,8.72976384
91.23527228832245,2.9005524861878462,nan,13.14312192,3.686649856,0.798920704,227.670745088,86.05001728,1.0,0.0,2,8.732872703999998
91.25194463332494,5.1104972375690565,nan,13.14312192,3.686633472,0.798920704,227.67075328,86.05001728,2.0,0.0,2,8.7323648
91.26861399014791,2.209944751381221,nan,13.14312192,3.686633472,0.798920704,227.67075328,86.05001728,1.0,0.0,2,8.732454912
91.28528298139572,2.209944751381221,nan,13.14312192,3.686633472,0.813600768,227.670757376,86.05001728,1.0,0.0,2,8.734547968
91.30195194482803,2.209944751381221,nan,13.14312192,3.686633472,0.817795072,227.670757376,86.05001728,1.0,0.0,2,8.734547968000001
91.31862129767735,2.209944751381221,nan,13.14312192,3.686633472,0.819892224,227.671027712,86.05001728,1.0,0.0,2,8.733458431999999
91.33529045184453,2.209944751381221,nan,13.14312192,3.686633472,0.819892224,227.671150592,86.05001728,1.0,0.0,2,8.733335552
91.35195947090784,2.209944751381221,nan,13.14312192,3.686649856,0.821989376,227.671158784,86.05001728,1.0,0.0,2,8.735408128000001
91.36863247156143,5.1104972375690565,nan,13.14312192,3.686633472,0.821989376,227.67116288,86.05001728,2.0,0.0,2,8.735678464
91.38530188004175,5.1104972375690565,nan,13.14312192,3.686633472,0.821989376,227.671216128,86.05001728,2.0,0.0,2,8.735625216
91.40197173754375,2.9005524861878462,nan,13.14312192,3.686633472,0.821989376,227.671220224,86.05001728,1.0,0.0,2,8.73562112
91.41864120960236,2.9005524861878462,nan,13.14312192,3.686633472,0.828280832,227.671228416,86.05001728,1.0,0.0,2,8.733515775999999
91.43530995051066,2.9005524861878462,nan,13.14312192,3.686633472,0.834572288,227.671228416,86.05001728,1.0,0.0,2,8.735612927999998
91.45197892983755,2.9005524861878462,nan,13.14312192,3.686633472,0.834572288,227.671359488,86.05001728,1.0,0.0,2,8.735481856
91.46864960590999,2.9005524861878462,nan,13.14312192,3.686633472,0.834572288,227.671359488,86.05001728,1.0,0.0,2,8.735481856
91.48531935612361,3.038674033149169,nan,13.14312192,3.686633472,0.838766592,227.671363584,86.05001728,1.0,0.0,2,8.735477759999998
91.50198782285055,3.038674033149169,nan,13.14312192,3.686633472,0.838766592,227.67136768,86.05001728,1.0,0.0,2,8.735473663999999
91.51865898768106,3.038674033149169,nan,13.14312192,3.686633472,0.838766592,227.67136768,86.05001728,1.0,0.0,2,8.735473663999999
91.53532784382502,3.038674033149169,nan,13.14312192,3.686633472,0.838766592,227.671371776,86.05001728,1.0,0.0,2,8.735469568
91.55201000769934,5.2486187845303895,nan,13.14312192,3.686633472,0.838766592,227.671445504,86.05001728,2.0,0.0,2,8.734879743999999
91.56867889165878,5.2486187845303895,nan,13.14312192,3.686633472,0.838766592,227.6714496,86.05001728,2.0,0.0,2,8.734474239999999
91.58534796237946,5.2486187845303895,nan,13.14312192,3.686633472,0.838766592,227.671453696,86.05001728,2.0,0.0,2,8.734470144
91.60201665957769,5.2486187845303895,nan,13.14312192,3.686633472,0.838766592,227.671453696,86.05001728,2.0,0.0,2,8.734470144
91.61868854761124,3.038674033149169,nan,13.14312192,3.686633472,0.838766592,227.671457792,86.05001728,1.0,0.0,2,8.734466047999998
91.63535994291306,5.2486187845303895,nan,13.14312192,3.686633472,0.838766592,227.671461888,86.05001728,2.0,0.0,2,8.734461951999998
91.65202901760738,5.2486187845303895,nan,13.14312192,3.686633472,0.838766592,227.671465984,86.05001728,2.0,0.0,2,8.734457855999999
91.66869974931082,5.2486187845303895,nan,13.14312192,3.686633472,0.838766592,227.67147008,86.05001728,2.0,0.0,2,8.73445376
91.68536839882533,5.2486187845303895,nan,13.14312192,3.686633472,0.838766592,227.67147008,86.05001728,2.0,0.0,2,8.73445376
91.70203708807627,5.2486187845303895,nan,13.14312192,3.686633472,0.838766592,227.671474176,86.05001728,2.0,0.0,2,8.734449664
91.71870549519856,5.2486187845303895,nan,13.14312192,3.686633472,0.838766592,227.671474176,86.05001728,2.0,0.0,2,8.734449664
91.73537430763244,5.2486187845303895,nan,13.14312192,3.686633472,0.838766592,227.671478272,86.05001728,2.0,0.0,2,8.734445567999998
91.75204404592515,3.038674033149169,nan,13.14312192,3.686633472,0.838766592,227.671498752,86.05001728,1.0,0.0,2,8.734425087999998
91.768714261055,3.038674033149169,nan,13.14312192,3.686633472,0.838766592,227.671498752,86.05001728,1.0,0.0,2,8.734425087999998
91.78538332382838,3.038674033149169,nan,13.14312192,3.686633472,0.838766592,227.671502848,86.05001728,1.0,0.0,2,8.734420991999999
91.80205210049947,3.038674033149169,nan,13.14312192,3.686633472,0.840863744,227.671601152,86.05001728,1.0,0.0,2,8.732225536
91.81872080961863,3.038674033149169,nan,13.14312192,3.686633472,0.840863744,227.671605248,86.05001728,1.0,0.0,2,8.73222144
91.8353897968928,5.2486187845303895,nan,13.14312192,3.686633472,0.840863744,227.67161344,86.05001728,2.0,0.0,2,8.732213247999999
91.85205941994985,5.2486187845303895,nan,13.14312192,3.686633472,0.840863744,227.67161344,86.05001728,2.0,0.0,2,8.732213247999999
91.868732213974,5.2486187845303895,nan,13.14312192,3.686633472,0.840863744,227.671617536,86.05001728,2.0,0.0,2,8.732209152
91.88540785312652,5.2486187845303895,nan,13.14312192,3.686633472,0.840863744,227.671617536,86.05001728,2.0,0.0,2,8.732209152
91.90208047628403,5.2486187845303895,nan,13.14312192,3.686633472,0.840863744,227.671719936,86.05001728,2.0,0.0,2,8.732106752
91.91875310341517,5.2486187845303895,nan,13.14312192,3.686633472,0.840863744,227.6717568,86.05001728,2.0,0.0,2,8.732069888
91.93542648553849,5.2486187845303895,nan,13.14312192,3.686633472,0.840863744,227.6717568,86.05001728,2.0,0.0,2,8.732069888
91.95209885438284,5.2486187845303895,nan,13.14312192,3.686633472,0.840863744,227.671764992,86.05001728,2.0,0.0,2,8.732061695999999
91.96877451340357,5.2486187845303895,nan,13.14312192,3.686633472,0.840863744,227.671764992,86.05001728,2.0,0.0,2,8.732061695999999
91.98544572194417,5.2486187845303895,nan,13.14312192,3.686633472,0.840863744,227.671769088,86.05001728,2.0,0.0,2,8.7320576
92.00211851199468,5.2486187845303895,nan,13.14312192,3.686633472,0.840863744,227.671973888,86.05001728,2.0,0.0,2,8.7318528
92.01879142920176,3.038674033149169,nan,13.14312192,3.686633472,0.840863744,227.671973888,86.05001728,1.0,0.0,2,8.7318528
92.03546388149262,3.038674033149169,nan,13.14312192,3.686633472,0.840863744,227.671977984,86.05001728,1.0,0.0,2,8.731848703999999
92.05213610728582,3.038674033149169,nan,13.14312192,3.686633472,0.840863744,227.671977984,86.05001728,1.0,0.0,2,8.731848703999999
92.06880888144175,3.038674033149169,nan,13.14312192,3.686633472,0.840863744,227.67198208,86.05001728,1.0,0.0,2,8.731844608
92.08548240264257,3.038674033149169,nan,13.14312192,3.686633472,0.840863744,227.672035328,86.05001728,1.0,0.0,2,8.731791359999999
92.10215770403543,3.038674033149169,nan,13.14312192,3.686649856,0.840863744,227.67204352,86.05001728,1.0,0.0,2,8.731766784000001
92.11882901191711,5.2486187845303895,nan,13.14312192,3.686633472,0.840863744,227.672047616,86.05001728,2.0,0.0,2,8.731779072
92.13550208012263,5.2486187845303895,nan,13.14312192,3.686633472,0.840863744,227.672047616,86.05001728,2.0,0.0,2,8.731779072
92.15217267274856,5.2486187845303895,nan,13.14312192,3.686633472,0.840863744,227.672051712,86.05001728,2.0,0.0,2,8.731774975999999
92.16884621779124,5.2486187845303895,nan,13.14312192,3.686633472,0.840863744,227.672100864,86.05001728,2.0,0.0,2,8.731725824
92.18551894426346,5.2486187845303895,nan,13.14312192,3.686633472,0.840863744,227.672100864,86.05001728,2.0,0.0,2,8.731725824
92.2021914601326,5.2486187845303895,nan,13.14312192,3.686633472,0.840863744,227.67210496,86.05001728,2.0,0.0,2,8.731721728
92.21886409918467,5.2486187845303895,nan,13.14312192,3.686633472,0.840863744,227.67210496,86.05001728,2.0,0.0,2,8.731979776
92.23554405371348,5.2486187845303895,nan,13.14312192,3.686633472,0.840863744,227.672109056,86.05001728,2.0,0.0,2,8.73197568
92.25221634705862,5.386740331491713,nan,13.14312192,3.686633472,0.840863744,227.672113152,86.05001728,2.0,0.0,2,8.731971584
92.26889702479045,5.386740331491713,nan,13.14312192,3.686633472,0.840863744,227.672113152,86.05001728,2.0,0.0,2,8.731971584
92.28556942542394,5.386740331491713,nan,13.14312192,3.686633472,0.840863744,227.672117248,86.05001728,2.0,0.0,2,8.731967488
92.30224413474402,5.386740331491713,nan,13.14312192,3.686633472,0.840863744,227.672117248,86.05001728,2.0,0.0,2,8.731967488
92.31891552607219,5.386740331491713,nan,13.14312192,3.686633472,0.840863744,227.672121344,86.05001728,2.0,0.0,2,8.731963391999999
92.33558973471324,5.386740331491713,nan,13.14312192,3.686633472,0.840863744,227.672686592,86.05001728,2.0,0.0,2,8.733949952
92.35225963989893,5.386740331491713,nan,13.14312192,3.686633472,0.840863744,227.672686592,86.05001728,2.0,0.0,2,8.733949952
92.36893223921457,5.386740331491713,nan,13.14312192,3.686633472,0.840863744,227.672690688,86.05001728,2.0,0.0,2,8.733945856
92.38561036984126,5.386740331491713,nan,13.14312192,3.686633472,0.840863744,227.672690688,86.05001728,2.0,0.0,2,8.733945856
92.4022843281428,5.386740331491713,nan,13.14312192,3.686633472,0.840863744,227.672694784,86.05001728,2.0,0.0,2,8.73394176
92.41895736853282,5.386740331491713,nan,13.14312192,3.686633472,0.840863744,227.672694784,86.05001728,2.0,0.0,2,8.73394176
92.43562982479732,5.386740331491713,nan,13.14312192,3.686633472,0.840863744,227.672727552,86.05001728,2.0,0.0,2,8.734167039999999
92.4523024479548,3.038674033149169,nan,13.14312192,3.686633472,0.840863744,227.672764416,86.05001728,1.0,0.0,2,8.734130175999999
92.46897461414338,5.386740331491713,nan,13.14312192,3.686633472,0.840863744,227.672772608,86.05001728,2.0,0.0,2,8.734121984
92.48564801216125,5.386740331491713,nan,13.14312192,3.686633472,0.840863744,227.672776704,86.05001728,2.0,0.0,2,8.734117888
92.50232357978821,5.386740331491713,nan,13.14312192,3.686633472,0.840863744,227.672776704,86.05001728,2.0,0.0,2,8.734117888
92.51899327834447,5.386740331491713,nan,13.14312192,3.686633472,0.840863744,227.6727808,86.05001728,2.0,0.0,2,8.734113791999999
92.53566616376241,5.386740331491713,nan,13.14312192,3.686633472,0.840863744,227.672784896,86.05001728,2.0,0.0,2,8.734109695999999
92.5523422519366,5.386740331491713,nan,13.14312192,3.686633472,0.840863744,227.672788992,86.05001728,2.0,0.0,2,8.734363648
92.56901566584905,5.386740331491713,nan,13.14312192,3.686633472,0.840863744,227.672793088,86.05001728,2.0,0.0,2,8.734359551999999
92.58569550911585,5.386740331491713,nan,13.14312192,3.686633472,0.840863744,227.672797184,86.05001728,2.0,0.0,2,8.734355456
92.60236826340358,5.386740331491713,nan,13.14312192,3.686633472,0.840863744,227.67284224,86.05001728,2.0,0.0,2,8.7343104
92.6190435608228,5.386740331491713,nan,13.14312192,3.686633472,0.840863744,227.672846336,86.05001728,2.0,0.0,2,8.734306304
92.63571246067683,5.386740331491713,nan,13.14312192,3.686633472,0.840863744,227.672846336,86.05001728,2.0,0.0,2,8.734306304
92.65238177776337,5.386740331491713,nan,13.14312192,3.686633472,0.840863744,227.672850432,86.05001728,2.0,0.0,2,8.734302207999999
92.66905037164688,5.386740331491713,nan,13.14312192,3.686633472,0.840863744,227.672850432,86.05001728,2.0,0.0,2,8.734302207999999
92.68571974436442,5.386740331491713,nan,13.14312192,3.686633472,0.840863744,227.672854528,86.05001728,2.0,0.0,2,8.734298112
92.70239388545355,5.386740331491713,nan,13.14312192,3.686633472,0.840863744,227.672879104,86.05001728,2.0,0.0,2,8.734273536
92.71906246344248,5.386740331491713,nan,13.14312192,3.686633472,0.840863744,227.672879104,86.05001728,2.0,0.0,2,8.734273536
92.735733350118,5.524861878453036,nan,13.14312192,3.686633472,0.840863744,227.6728832,86.05001728,2.0,0.0,2,8.73426944
92.75240211089452,5.524861878453036,nan,13.14312192,3.686633472,0.840863744,227.6728832,86.05001728,2.0,0.0,2,8.73426944
92.76907130082448,5.524861878453036,nan,13.14312192,3.686633472,0.840863744,227.672887296,86.05001728,2.0,0.0,2,8.734265343999999
92.78574074904124,5.524861878453036,nan,13.14312192,3.686633472,0.840863744,227.672891392,86.05001728,2.0,0.0,2,8.734261248
92.80240950187047,5.524861878453036,nan,13.14312192,3.686633472,0.840863744,227.672891392,86.05001728,2.0,0.0,2,8.734261248
92.81907882293065,5.524861878453036,nan,13.14312192,3.686633472,0.840863744,227.672895488,86.05001728,2.0,0.0,2,8.734257152
92.83574974139532,5.524861878453036,nan,13.14312192,3.686633472,0.840863744,227.672895488,86.05001728,2.0,0.0,2,8.734773248
92.85242629845938,5.524861878453036,nan,13.14312192,3.686633472,0.840863744,227.672899584,86.05001728,2.0,0.0,2,8.734769152
92.86909662882486,5.524861878453036,nan,13.14312192,3.686633472,0.840863744,227.67290368,86.05001728,2.0,0.0,2,8.734765055999999
92.88576519489288,5.524861878453036,nan,13.14312192,3.686633472,0.840863744,227.67290368,86.05001728,2.0,0.0,2,8.734765055999999
92.90243527491887,5.524861878453036,nan,13.14312192,3.686633472,0.840863744,227.672907776,86.05001728,2.0,0.0,2,8.73476096
92.91910451253256,5.524861878453036,nan,13.14312192,3.686633472,0.840863744,227.672907776,86.05001728,2.0,0.0,2,8.73476096
92.93577395280202,5.524861878453036,nan,13.14312192,3.686633472,0.840863744,227.672911872,86.05001728,2.0,0.0,2,8.734756864
92.95244697332382,5.524861878453036,nan,13.14312192,3.686633472,0.840863744,227.672915968,86.05001728,2.0,0.0,2,8.734752768
92.96912688016891,5.524861878453036,nan,13.14312192,3.686633472,0.840863744,227.672915968,86.05001728,2.0,0.0,2,8.734752768
92.98580382664998,5.524861878453036,nan,13.14312192,3.686633472,0.840863744,227.672920064,86.05001728,2.0,0.0,2,8.734748672
93.00247728824615,5.524861878453036,nan,13.14312192,3.686633472,0.840863744,227.672920064,86.05001728,2.0,0.0,2,8.734748672
93.01915127833685,5.524861878453036,nan,13.14312192,3.686633472,0.840863744,227.67292416,86.05001728,2.0,0.0,2,8.734744575999999
93.03582555055618,5.524861878453036,nan,13.14312192,3.686633472,0.840863744,227.672928256,86.05001728,2.0,0.0,2,8.73474048
93.05249708096186,5.524861878453036,nan,13.14312192,3.686633472,0.840863744,227.672928256,86.05001728,2.0,0.0,2,8.73474048
93.06916861534118,5.524861878453036,nan,13.14312192,3.686633472,0.840863744,227.672932352,86.05001728,2.0,0.0,2,8.734736384
93.08583873112997,5.524861878453036,nan,13.14312192,3.686633472,0.840863744,227.672932352,86.05001728,2.0,0.0,2,8.734736384
93.10251121520996,5.524861878453036,nan,13.14312192,3.686633472,0.840863744,227.672936448,86.05001728,2.0,0.0,2,8.734732288
93.11918015877406,5.524861878453036,nan,13.14312192,3.686633472,0.840863744,227.672940544,86.05001728,2.0,0.0,2,8.734728192
93.135855392615,5.524861878453036,nan,13.14312192,3.686633472,0.840863744,227.672940544,86.05001728,2.0,0.0,2,8.734728192
93.15253091653189,5.524861878453036,nan,13.14312192,3.686633472,0.840863744,227.67294464,86.05001728,2.0,0.0,2,8.734724095999999
93.16920592784882,5.524861878453036,nan,13.14312192,3.686633472,0.840863744,227.67294464,86.05001728,2.0,0.0,2,8.734724095999999
93.18587686618169,5.524861878453036,nan,13.14312192,3.686633472,0.840863744,227.672952832,86.05001728,2.0,0.0,2,8.736006144
93.20255159934362,5.524861878453036,nan,13.14312192,3.686633472,0.840863744,227.672956928,86.05001728,2.0,0.0,2,8.734457855999999
93.21922350724539,5.524861878453036,nan,13.14312192,3.686633472,0.840863744,227.672956928,86.05001728,2.0,0.0,2,8.734457855999999
93.23589437405268,5.524861878453036,nan,13.14312192,3.686633472,0.840863744,227.672961024,86.05001728,2.0,0.0,2,8.73445376
93.25256884098053,5.524861878453036,nan,13.14312192,3.686633472,0.840863744,227.672961024,86.05001728,2.0,0.0,2,8.73445376
93.26923911968866,5.524861878453036,nan,13.14312192,3.686633472,0.840863744,227.67296512,86.05001728,2.0,0.0,2,8.734449664
93.28590802351634,5.524861878453036,nan,13.14312192,3.686633472,0.840863744,227.672969216,86.05001728,2.0,0.0,2,8.734445568
93.30257803201675,5.524861878453036,nan,13.14312192,3.686633472,0.840863744,227.672969216,86.05001728,2.0,0.0,2,8.734445568
93.31925015846888,5.524861878453036,nan,13.14312192,3.686633472,0.840863744,227.672973312,86.05001728,2.0,0.0,2,8.734441472
93.33592190742493,5.524861878453036,nan,13.14312192,3.686633472,0.840863744,227.672977408,86.05001728,2.0,0.0,2,8.737017856
93.35259382724762,5.524861878453036,nan,13.14312192,3.686633472,0.840863744,227.672981504,86.05001728,2.0,0.0,2,8.738291711999999
93.36926321585973,5.524861878453036,nan,13.14312192,3.686633472,0.840863744,227.6729856,86.05001728,2.0,0.0,2,8.738287616
93.385935262839,5.524861878453036,nan,13.14312192,3.686633472,0.840863744,227.6729856,86.05001728,2.0,0.0,2,8.738287616
93.40260835886002,5.524861878453036,nan,13.14312192,3.686633472,0.840863744,227.672989696,86.05001728,2.0,0.0,2,8.73828352
93.4192814429601,5.524861878453036,nan,13.14312192,3.686633472,0.840863744,227.672989696,86.05001728,2.0,0.0,2,8.73828352
93.4359517455101,5.524861878453036,nan,13.14312192,3.686633472,0.840863744,227.672993792,86.05001728,2.0,0.0,2,8.738279424
93.45262423356374,5.524861878453036,nan,13.14312192,3.686633472,0.840863744,227.672997888,86.05001728,2.0,0.0,2,8.738275328
93.4692969918251,5.524861878453036,nan,13.14312192,3.686633472,0.840863744,227.672997888,86.05001728,2.0,0.0,2,8.738275328
93.48596754074097,5.524861878453036,nan,13.14312192,3.686633472,0.840863744,227.673001984,86.05001728,2.0,0.0,2,8.738500607999999
93.50264221827189,5.662983425414369,nan,13.14312192,3.686633472,0.840863744,227.673001984,86.05001728,2.0,0.0,2,8.738729983999999
93.5193123181661,5.662983425414369,nan,13.14312192,3.686633472,0.840863744,227.67300608,86.05001728,2.0,0.0,2,8.738725888
93.5359855890274,5.662983425414369,nan,13.14312192,3.686633472,0.840863744,227.673010176,86.05001728,2.0,0.0,2,8.738721792
93.55265733003617,5.662983425414369,nan,13.14312192,3.686633472,0.840863744,227.673010176,86.05001728,2.0,0.0,2,8.738721792
93.56932625770568,5.662983425414369,nan,13.14312192,3.686633472,0.840863744,227.673014272,86.05001728,2.0,0.0,2,8.738717696
93.58599951664607,5.662983425414369,nan,13.14312192,3.686633472,0.840863744,227.673014272,86.05001728,2.0,0.0,2,8.738717696
93.6026786883672,5.662983425414369,nan,13.14312192,3.686633472,0.840863744,227.673018368,86.05001728,2.0,0.0,2,8.738713599999999
93.61935343345006,5.662983425414369,nan,13.14312192,3.686633472,0.840863744,227.673022464,86.05001728,2.0,0.0,2,8.738709504
93.63602621952693,5.662983425414369,nan,13.14312192,3.686633472,0.840863744,227.673022464,86.05001728,2.0,0.0,2,8.738709504
93.6527014374733,5.662983425414369,nan,13.14312192,3.686633472,0.840863744,227.67302656,86.05001728,2.0,0.0,2,8.738705408
93.66937034924825,5.662983425414369,nan,13.14312192,3.686633472,0.840863744,227.67302656,86.05001728,2.0,0.0,2,8.738705408
93.68604200283686,5.662983425414369,nan,13.14312192,3.686633472,0.840863744,227.673030656,86.05001728,2.0,0.0,2,8.738701312
93.70271109739939,5.662983425414369,nan,13.14312192,3.686633472,0.840863744,227.673042944,86.05001728,2.0,0.0,2,8.738689024
93.71938397487004,5.662983425414369,nan,13.14312192,3.686633472,0.840863744,227.673042944,86.05001728,2.0,0.0,2,8.738689024
93.73605996370316,5.662983425414369,nan,13.14312192,3.686633472,0.840863744,227.67304704,86.05001728,2.0,0.0,2,8.738684928
93.75273533264796,5.662983425414369,nan,13.14312192,3.686633472,0.840863744,227.67304704,86.05001728,2.0,0.0,2,8.738684928
93.76940902074178,5.662983425414369,nan,13.14312192,3.686633472,0.840863744,227.673051136,86.05001728,2.0,0.0,2,8.738680832
93.78608432213466,5.662983425414369,nan,13.14312192,3.686633472,0.840863744,227.673059328,86.05001728,2.0,0.0,2,8.738672639999999
93.80275879303615,5.662983425414369,nan,13.14312192,3.686633472,0.840863744,227.673059328,86.05001728,2.0,0.0,2,8.738672639999999
93.81942942937215,5.662983425414369,nan,13.14312192,3.686633472,0.840863744,227.67306752,86.05001728,2.0,0.0,2,8.738664448
93.83610229889551,5.662983425414369,nan,13.14312192,3.686633472,0.840863744,227.67306752,86.05001728,2.0,0.0,2,8.738664448
93.85277678966523,5.662983425414369,nan,13.14312192,3.686633472,0.840863744,227.673071616,86.05001728,2.0,0.0,2,8.738660352
93.86944935719173,5.662983425414369,nan,13.14312192,3.686633472,0.840863744,227.673075712,86.05001728,2.0,0.0,2,8.738656255999999
93.88612595001857,5.662983425414369,nan,13.14312192,3.686633472,0.840863744,227.673075712,86.05001728,2.0,0.0,2,8.738656255999999
93.90279810031255,5.662983425414369,nan,13.14312192,3.686633472,0.840863744,227.673079808,86.05001728,2.0,0.0,2,8.73865216
93.91946916977564,5.662983425414369,nan,13.14312192,3.686633472,0.840863744,227.673079808,86.05001728,2.0,0.0,2,8.73865216
93.93614164590835,5.662983425414369,nan,13.14312192,3.686633472,0.840863744,227.673083904,86.05001728,2.0,0.0,2,8.738648064
93.95281132459641,5.662983425414369,nan,13.14312192,3.686633472,0.840863744,227.673088,86.05001728,2.0,0.0,2,8.738902015999999
93.96947962443033,5.8011049723756924,nan,13.14312192,3.686633472,0.840863744,227.673088,86.05001728,2.0,0.0,2,8.738902015999999
93.98615275621414,5.8011049723756924,nan,13.14312192,3.686633472,0.840863744,227.673092096,86.05001728,2.0,0.0,2,8.73889792
94.002827612559,5.8011049723756924,nan,13.14312192,3.686633472,0.840863744,227.673092096,86.05001728,2.0,0.0,2,8.73889792
94.0195004940033,5.8011049723756924,nan,13.14312192,3.686633472,0.840863744,227.673096192,86.05001728,2.0,0.0,2,8.738893824
94.03617459138235,5.8011049723756924,nan,13.14312192,3.686633472,0.840863744,227.673096192,86.05001728,2.0,0.0,2,8.738893824
94.05284893512726,5.8011049723756924,nan,13.14312192,3.686633472,0.840863744,227.673100288,86.05001728,2.0,0.0,2,8.738889728
94.06951922575632,5.8011049723756924,nan,13.14312192,3.686633472,0.840863744,227.673104384,86.05001728,2.0,0.0,2,8.738885631999999
94.0861906170845,5.8011049723756924,nan,13.14312192,3.686633472,0.840863744,227.673104384,86.05001728,2.0,0.0,2,8.738885631999999
94.10286462306976,5.8011049723756924,nan,13.14312192,3.686633472,0.840863744,227.67310848,86.05001728,2.0,0.0,2,8.738881536
94.11953488588333,5.8011049723756924,nan,13.14312192,3.686633472,0.840863744,227.67310848,86.05001728,2.0,0.0,2,8.732934144
94.13621069192887,5.8011049723756924,nan,13.14312192,3.686633472,0.840863744,227.673112576,86.05001728,2.0,0.0,2,8.732930048
94.1528811732928,5.8011049723756924,nan,13.14312192,3.686633472,0.840863744,227.673116672,86.05001728,2.0,0.0,2,8.734216192
94.16955168644587,5.8011049723756924,nan,13.14312192,3.686633472,0.840863744,227.673116672,86.05001728,2.0,0.0,2,8.734474239999999
94.1862248301506,5.8011049723756924,nan,13.14312192,3.686633472,0.840863744,227.673120768,86.05001728,2.0,0.0,2,8.734470144
94.20289474725723,5.8011049723756924,nan,13.14312192,3.686633472,0.840863744,227.673120768,86.05001728,2.0,0.0,2,8.734470144
94.21956688165665,5.8011049723756924,nan,13.14312192,3.686633472,0.840863744,227.673124864,86.05001728,2.0,0.0,2,8.734466048
94.2362410068512,5.8011049723756924,nan,13.14312192,3.686633472,0.840863744,227.67312896,86.05001728,2.0,0.0,2,8.734461952
94.25290964444478,5.8011049723756924,nan,13.14312192,3.686633472,0.840863744,227.67312896,86.05001728,2.0,0.0,2,8.734461952
94.2695798754692,5.8011049723756924,nan,13.14312192,3.686633472,0.840863744,227.673133056,86.05001728,2.0,0.0,2,8.734457855999999
94.28624846537907,5.8011049723756924,nan,13.14312192,3.686633472,0.840863744,227.673133056,86.05001728,2.0,0.0,2,8.734457855999999
94.30291694402695,5.8011049723756924,nan,13.14312192,3.686633472,0.840863744,227.673137152,86.05001728,2.0,0.0,2,8.73445376
94.31958609024683,5.8011049723756924,nan,13.14312192,3.686633472,0.840863744,227.673141248,86.05001728,2.0,0.0,2,8.734449664
94.33625764846802,5.8011049723756924,nan,13.14312192,3.686633472,0.840863744,227.673141248,86.05001728,2.0,0.0,2,8.734449664
94.35292629003524,5.8011049723756924,nan,13.14312192,3.686633472,0.840863744,227.673145344,86.05001728,2.0,0.0,2,8.726933504
94.36959935824076,5.8011049723756924,nan,13.14312192,3.686633472,0.840863744,227.673145344,86.05001728,2.0,0.0,2,8.729468928
94.38627227942149,5.8011049723756924,nan,13.14312192,3.686633472,0.840863744,227.67314944,86.05001728,2.0,0.0,2,8.729464832
94.40294255018235,5.8011049723756924,nan,13.14312192,3.686633472,0.840863744,227.673153536,86.05001728,2.0,0.0,2,8.729460736
94.41961549123128,5.8011049723756924,nan,13.14312192,3.686633472,0.840863744,227.673153536,86.05001728,2.0,0.0,2,8.729460736
94.43629341920217,5.8011049723756924,nan,13.14312192,3.686633472,0.840863744,227.673157632,86.05001728,2.0,0.0,2,8.72945664
94.45296740134557,5.8011049723756924,nan,13.14312192,3.686633472,0.840863744,227.673157632,86.05001728,2.0,0.0,2,8.72945664
94.46964323918024,5.8011049723756924,nan,13.14312192,3.686633472,0.840863744,227.673161728,86.05001728,2.0,0.0,2,8.729452543999999
94.4863178650538,5.8011049723756924,nan,13.14312192,3.686633472,0.840863744,227.67316992,86.05001728,2.0,0.0,2,8.729444352
94.502989478906,5.8011049723756924,nan,13.14312192,3.686633472,0.840863744,227.67316992,86.05001728,2.0,0.0,2,8.729444352
94.51966325441997,5.8011049723756924,nan,13.14312192,3.686633472,0.840863744,227.673174016,86.05001728,2.0,0.0,2,8.729440256
94.53633297681809,5.8011049723756924,nan,13.14312192,3.686633472,0.840863744,227.673174016,86.05001728,2.0,0.0,2,8.729440256
94.55301115512847,2.4861878453038666,nan,13.14312192,3.686633472,0.840863744,227.673178112,86.05001728,1.0,0.0,2,8.729436159999999
94.56968010266623,5.524861878453036,nan,13.14312192,3.686633472,0.840863744,227.673247744,86.05001728,2.0,0.0,2,8.730353663999999
94.58634914557139,5.524861878453036,nan,13.14312192,3.686633472,0.840863744,227.673247744,86.05001728,2.0,0.0,2,8.729087999999999
94.60301831563314,5.524861878453036,nan,13.14312192,3.686633472,0.840863744,227.67325184,86.05001728,2.0,0.0,2,8.729083904
94.61969561974207,5.524861878453036,nan,13.14312192,3.686633472,0.840863744,227.67325184,86.05001728,2.0,0.0,2,8.729341952
94.63637492259343,5.524861878453036,nan,13.14312192,3.686633472,0.840863744,227.673255936,86.05001728,2.0,0.0,2,8.729337855999999
94.65304785966873,5.524861878453036,nan,13.14312192,3.686633472,0.840863744,227.673260032,86.05001728,2.0,0.0,2,8.72933376
94.66971799135209,5.524861878453036,nan,13.14312192,3.686633472,0.840863744,227.673260032,86.05001728,2.0,0.0,2,8.72933376
94.68639115492503,5.524861878453036,nan,13.14312192,3.686633472,0.840863744,227.673264128,86.05001728,2.0,0.0,2,8.729329664
94.70306427876154,5.524861878453036,nan,13.14312192,3.686633472,0.840863744,227.673264128,86.05001728,2.0,0.0,2,8.729329664
94.71974206765493,5.524861878453036,nan,13.14312192,3.686633472,0.840863744,227.673268224,86.05001728,2.0,0.0,2,8.729325568
94.73641397555669,6.077348066298338,nan,13.14312192,3.686633472,0.840863744,227.67327232,86.05001728,2.0,0.0,2,8.729321471999999
94.75308932463328,5.662983425414369,nan,13.14312192,3.686633472,0.840863744,227.67327232,86.05001728,2.0,0.0,2,8.729321471999999
94.76976088285446,5.662983425414369,nan,13.14312192,3.686633472,0.840863744,227.673276416,86.05001728,2.0,0.0,2,8.729317376
94.7864346464475,5.662983425414369,nan,13.14312192,3.686633472,0.840863744,227.673280512,86.05001728,2.0,0.0,2,8.72931328
94.80310915311178,5.662983425414369,nan,13.14312192,3.686633472,0.840863744,227.673284608,86.05001728,2.0,0.0,2,8.729309184
94.81978261073431,5.662983425414369,nan,13.14312192,3.686633472,0.840863744,227.673288704,86.05001728,2.0,0.0,2,8.729305088
94.83645973205566,5.662983425414369,nan,13.14312192,3.686633472,0.840863744,227.673288704,86.05001728,2.0,0.0,2,8.729534464
94.85313080151876,5.662983425414369,nan,13.14312192,3.686633472,0.840863744,227.6732928,86.05001728,2.0,0.0,2,8.729530367999999
94.8698003133138,5.662983425414369,nan,13.14312192,3.686633472,0.840863744,227.6732928,86.05001728,2.0,0.0,2,8.729530367999999
94.88647312323252,5.662983425414369,nan,13.14312192,3.686633472,0.840863744,227.673296896,86.05001728,2.0,0.0,2,8.729526272
94.90314636230468,5.662983425414369,nan,13.14312192,3.686633472,0.840863744,227.673300992,86.05001728,2.0,0.0,2,8.729522176
94.91981547276178,5.662983425414369,nan,13.14312192,3.686633472,0.840863744,227.673300992,86.05001728,2.0,0.0,2,8.729522176
94.93648611704508,5.662983425414369,nan,13.14312192,3.686633472,0.840863744,227.673305088,86.05001728,2.0,0.0,2,8.72951808
94.95315615336101,5.662983425414369,nan,13.14312192,3.686633472,0.840863744,227.673305088,86.05001728,2.0,0.0,2,8.72951808
94.96982670625052,5.662983425414369,nan,13.14312192,3.686633472,0.840863744,227.67331328,86.05001728,2.0,0.0,2,8.729509887999999
94.98649593989055,5.662983425414369,nan,13.14312192,3.686633472,0.840863744,227.673317376,86.05001728,2.0,0.0,2,8.729505792
95.00316659212112,5.662983425414369,nan,13.14312192,3.686633472,0.840863744,227.673317376,86.05001728,2.0,0.0,2,8.729505792
95.01984106699625,5.662983425414369,nan,13.14312192,3.686633472,0.840863744,227.673321472,86.05001728,2.0,0.0,2,8.729501696
95.03651247819265,5.662983425414369,nan,13.14312192,3.686633472,0.840863744,227.673321472,86.05001728,2.0,0.0,2,8.729501696
95.05318525632222,5.662983425414369,nan,13.14312192,3.686633472,0.840863744,227.673325568,86.05001728,2.0,0.0,2,8.729755648
95.06985880533854,5.662983425414369,nan,13.14312192,3.686633472,0.840863744,227.67333376,86.05001728,2.0,0.0,2,8.730447872
95.08653202851613,5.662983425414369,nan,13.14312192,3.686633472,0.840863744,227.67333376,86.05001728,2.0,0.0,2,8.730447872
95.1032067100207,5.662983425414369,nan,13.14312192,3.686633472,0.840863744,227.673337856,86.05001728,2.0,0.0,2,8.730443776
95.11987906694412,5.662983425414369,nan,13.14312192,3.686633472,0.840863744,227.673337856,86.05001728,2.0,0.0,2,8.730443776
95.13655185302099,5.662983425414369,nan,13.14312192,3.686633472,0.840863744,227.673346048,86.05001728,2.0,0.0,2,8.730435584
95.15322433710098,5.662983425414369,nan,13.14312192,3.686633472,0.840863744,227.673350144,86.05001728,2.0,0.0,2,8.730431487999999
95.1698968410492,5.662983425414369,nan,13.14312192,3.686633472,0.840863744,227.673350144,86.05001728,2.0,0.0,2,8.730431487999999
95.18656899531682,5.662983425414369,nan,13.14312192,3.686633472,0.840863744,227.67335424,86.05001728,2.0,0.0,2,8.730427392
95.20324226220448,5.662983425414369,nan,13.14312192,3.686633472,0.840863744,227.67335424,86.05001728,2.0,0.0,2,8.730427392
95.21991460720697,5.662983425414369,nan,13.14312192,3.686633472,0.840863744,227.673358336,86.05001728,2.0,0.0,2,8.730423296
95.23658711910248,5.662983425414369,nan,13.14312192,3.686633472,0.840863744,227.673362432,86.05001728,2.0,0.0,2,8.7304192
95.2532604734103,5.662983425414369,nan,13.14312192,3.686633472,0.840863744,227.673362432,86.05001728,2.0,0.0,2,8.7304192
95.26993298530579,5.662983425414369,nan,13.14312192,3.686633472,0.840863744,227.673366528,86.05001728,2.0,0.0,2,8.730415104
95.28660859266917,5.662983425414369,nan,13.14312192,3.686633472,0.840863744,227.673366528,86.05001728,2.0,0.0,2,8.730415104
95.30328074296315,5.662983425414369,nan,13.14312192,3.686633472,0.840863744,227.673370624,86.05001728,2.0,0.0,2,8.730411007999999
95.31995367209116,5.662983425414369,nan,13.14312192,3.686633472,0.840863744,227.67337472,86.05001728,2.0,0.0,2,8.730406912
95.33662577470143,5.662983425414369,nan,13.14312192,3.686633472,0.840863744,227.67337472,86.05001728,2.0,0.0,2,8.730406912
95.35329793691635,5.662983425414369,nan,13.14312192,3.686633472,0.840863744,227.673378816,86.05001728,2.0,0.0,2,8.730402816
95.36997815767924,5.662983425414369,nan,13.14312192,3.686633472,0.840863744,227.673378816,86.05001728,2.0,0.0,2,8.731693056
95.38665058612824,5.662983425414369,nan,13.14312192,3.686633472,0.840863744,227.673382912,86.05001728,2.0,0.0,2,8.7282688
95.4033238808314,5.662983425414369,nan,13.14312192,3.686633472,0.840863744,227.673387008,86.05001728,2.0,0.0,2,8.728264703999999
95.41999640862147,5.662983425414369,nan,13.14312192,3.686633472,0.840863744,227.673387008,86.05001728,2.0,0.0,2,8.728264703999999
95.43666851520538,5.662983425414369,nan,13.14312192,3.686633472,0.840863744,227.673391104,86.05001728,2.0,0.0,2,8.728260608
95.45334119002024,3.038674033149169,nan,13.14312192,3.686633472,0.840863744,227.673485312,86.05001728,1.0,0.0,2,8.724574208
95.47001341581344,5.386740331491713,nan,13.14312192,3.686633472,0.840863744,227.673489408,86.05001728,2.0,0.0,2,8.724570112
95.48668590386708,5.386740331491713,nan,13.14312192,3.686633472,0.840863744,227.6734976,86.05001728,2.0,0.0,2,8.72456192
95.50335822900136,5.386740331491713,nan,13.14312192,3.686633472,0.840863744,227.6734976,86.05001728,2.0,0.0,2,8.72456192
95.5200304667155,5.386740331491713,nan,13.14312192,3.686633472,0.840863744,227.673501696,86.05001728,2.0,0.0,2,8.724557824
95.5367025812467,5.386740331491713,nan,13.14312192,3.686633472,0.840863744,227.673501696,86.05001728,2.0,0.0,2,8.724557824
95.55337471564611,5.386740331491713,nan,13.14312192,3.686633472,0.840863744,227.673530368,86.05001728,2.0,0.0,2,8.724529151999999
95.57004763682683,5.386740331491713,nan,13.14312192,3.686633472,0.840863744,227.67353856,86.05001728,2.0,0.0,2,8.72452096
95.5867234190305,3.038674033149169,nan,13.14312192,3.686649856,0.840863744,227.673546752,86.05001728,1.0,0.0,2,8.724496384000002
95.603395485878,5.386740331491713,nan,13.14312192,3.686633472,0.840863744,227.673550848,86.05001728,2.0,0.0,2,8.724508671999999
95.62006891171137,5.386740331491713,nan,13.14312192,3.686633472,0.840863744,227.673550848,86.05001728,2.0,0.0,2,8.724508671999999
95.63674093882243,5.386740331491713,nan,13.14312192,3.686633472,0.840863744,227.673554944,86.05001728,2.0,0.0,2,8.724504576
95.65341388781866,5.524861878453036,nan,13.14312192,3.686633472,0.840863744,227.67355904,86.05001728,2.0,0.0,2,8.72450048
95.67008622487386,5.524861878453036,nan,13.14312192,3.686633472,0.840863744,227.67355904,86.05001728,2.0,0.0,2,8.72450048
95.68675863345464,5.662983425414369,nan,13.14312192,3.686633472,0.840863744,227.673575424,86.05001728,2.0,0.0,2,8.724484096
95.70343178510666,5.662983425414369,nan,13.14312192,3.686633472,0.840863744,227.673575424,86.05001728,2.0,0.0,2,8.724484096
95.72010650237401,5.662983425414369,nan,13.14312192,3.686633472,0.840863744,227.673583616,86.05001728,2.0,0.0,2,8.724475904
95.73677866061529,5.662983425414369,nan,13.14312192,3.686633472,0.840863744,227.673587712,86.05001728,2.0,0.0,2,8.724471807999999
95.75345191955566,5.662983425414369,nan,13.14312192,3.686633472,0.840863744,227.673587712,86.05001728,2.0,0.0,2,8.724471807999999
95.77012418111165,5.662983425414369,nan,13.14312192,3.686633472,0.840863744,227.673591808,86.05001728,2.0,0.0,2,8.724467712
95.7867965221405,5.662983425414369,nan,13.14312192,3.686633472,0.840863744,227.673591808,86.05001728,2.0,0.0,2,8.724467712
95.80346881151199,5.662983425414369,nan,13.14312192,3.686633472,0.840863744,227.673595904,86.05001728,2.0,0.0,2,8.724463616
95.82014196713766,3.176795580110492,nan,13.14312192,3.686633472,0.840863744,227.673595904,86.05001728,1.0,0.0,2,8.724463616
95.83681309620539,3.176795580110492,nan,13.14312192,3.686633472,0.840863744,227.673632768,86.05001728,1.0,0.0,2,8.724426752
95.85348615646362,3.176795580110492,nan,13.14312192,3.686649856,0.840863744,227.673636864,86.05001728,1.0,0.0,2,8.724406272
95.87015971740087,5.662983425414369,nan,13.14312192,3.686633472,0.840863744,227.67364096,86.05001728,2.0,0.0,2,8.72441856
95.88683209021886,5.662983425414369,nan,13.14312192,3.686633472,0.840863744,227.673645056,86.05001728,2.0,0.0,2,8.724414463999999
95.90350312789282,5.662983425414369,nan,13.14312192,3.686633472,0.840863744,227.673653248,86.05001728,2.0,0.0,2,8.726458368
95.92017585436503,5.662983425414369,nan,13.14312192,3.686633472,0.840863744,227.673657344,86.05001728,2.0,0.0,2,8.726454272
95.93684861660003,2.4861878453038666,nan,13.14312192,3.686633472,0.840863744,227.6737024,86.05001728,1.0,0.0,2,8.726638591999999
95.95352486371993,5.524861878453036,nan,13.14312192,3.686633472,0.840863744,227.673731072,86.05001728,2.0,0.0,2,8.7259136
95.970194764932,5.524861878453036,nan,13.14312192,3.686633472,0.840863744,227.673735168,86.05001728,2.0,0.0,2,8.726138879999999
95.98686755100886,5.524861878453036,nan,13.14312192,3.686633472,0.840863744,227.673735168,86.05001728,2.0,0.0,2,8.726138879999999
96.00354082981745,5.524861878453036,nan,13.14312192,3.686633472,0.840863744,227.673739264,86.05001728,2.0,0.0,2,8.726134784
96.02021371523539,5.524861878453036,nan,13.14312192,3.686633472,0.840863744,227.67374336,86.05001728,2.0,0.0,2,8.726130688
96.03688478072485,3.038674033149169,nan,13.14312192,3.686633472,0.840863744,227.67374336,86.05001728,1.0,0.0,2,8.726130688
96.053557463487,3.038674033149169,nan,13.14312192,3.686633472,0.840863744,227.673747456,86.05001728,1.0,0.0,2,8.72638464
96.07022939523061,3.038674033149169,nan,13.14312192,3.686633472,0.840863744,227.673747456,86.05001728,1.0,0.0,2,8.72638464
96.08690137465796,3.038674033149169,nan,13.14312192,3.686633472,0.840863744,227.673751552,86.05001728,1.0,0.0,2,8.726380544
96.10357268651326,0.0,nan,13.14312192,3.686633472,0.840863744,227.673755648,86.05001728,0.0,0.0,2,8.726376448
96.12024662494659,0.0,nan,13.14312192,3.686633472,0.842960896,227.6738048,86.05001728,0.0,0.0,2,8.725004288000001
96.13691933949788,0.0,nan,13.14312192,3.686633472,0.842960896,227.673808896,86.05001728,0.0,0.0,2,8.725000192
96.15359807411829,2.4861878453038666,nan,13.14312192,3.686633472,0.842960896,227.673817088,86.05001728,1.0,0.0,2,8.724992
96.17027371327082,2.4861878453038666,nan,13.14312192,3.686633472,0.842960896,227.673821184,86.05001728,1.0,0.0,2,8.724987904
96.18694691260656,2.4861878453038666,nan,13.14312192,3.686633472,0.842960896,227.673841664,86.05001728,1.0,0.0,2,8.724967424
96.20362048546473,2.4861878453038666,nan,13.14312192,3.686633472,0.842960896,227.673841664,86.05001728,1.0,0.0,2,8.724967424
96.22029360930125,5.524861878453036,nan,13.14312192,3.686633472,0.842960896,227.673899008,86.05001728,2.0,0.0,2,8.724545536
96.23696624835333,5.524861878453036,nan,13.14312192,3.686633472,0.842960896,227.673903104,86.05001728,2.0,0.0,2,8.72454144
96.2536371032397,5.524861878453036,nan,13.14312192,3.686633472,0.842960896,227.6739072,86.05001728,2.0,0.0,2,8.724537344
96.2703098932902,5.524861878453036,nan,13.14312192,3.686633472,0.842960896,227.673911296,86.05001728,2.0,0.0,2,8.724533248
96.28698198795318,5.524861878453036,nan,13.14312192,3.686633472,0.842960896,227.673911296,86.05001728,2.0,0.0,2,8.724533248
96.3036574602127,5.524861878453036,nan,13.14312192,3.686633472,0.842960896,227.673915392,86.05001728,2.0,0.0,2,8.724529152
96.32032730182011,5.524861878453036,nan,13.14312192,3.686633472,0.842960896,227.673919488,86.05001728,2.0,0.0,2,8.724525056000001
96.33700114885966,5.524861878453036,nan,13.14312192,3.686633472,0.842960896,227.673923584,86.05001728,2.0,0.0,2,8.724750336
96.35367439587911,0.0,nan,13.14312192,3.686633472,0.842960896,227.67392768,86.05001728,0.0,0.0,2,8.72474624
96.37034815152487,0.0,nan,13.14312192,3.686633472,0.842960896,227.67392768,86.05001728,0.0,0.0,2,8.72474624
96.38702433506647,0.0,nan,13.14312192,3.686633472,0.845058048,227.673931776,86.05001728,0.0,0.0,2,8.726839296
96.40369877417882,0.0,nan,13.14312192,3.686633472,0.845058048,227.673935872,86.05001728,0.0,0.0,2,8.729919487999998
96.42037703196208,0.0,nan,13.14312192,3.686633472,0.845058048,227.673939968,86.05001728,0.0,0.0,2,8.729915391999999
96.43704967896143,0.0,nan,13.14312192,3.686633472,0.845058048,227.673944064,86.05001728,0.0,0.0,2,8.729911296
96.45372510751089,0.0,nan,13.14312192,3.686633472,0.845058048,227.673944064,86.05001728,0.0,0.0,2,8.729911296
96.47039761145909,0.0,nan,13.14312192,3.686633472,0.845058048,227.674005504,86.05001728,0.0,0.0,2,8.729849856
96.48707007567087,0.0,nan,13.14312192,3.686633472,0.845058048,227.674005504,86.05001728,0.0,0.0,2,8.729849856
96.50374389092127,0.0,nan,13.14312192,3.686633472,0.8471552,227.6740096,86.05001728,0.0,0.0,2,8.727748608
96.52041691939036,0.0,nan,13.14312192,3.686633472,0.849252352,227.674013696,86.05001728,0.0,0.0,2,8.729841663999999
96.53709140618642,0.0,nan,13.14312192,3.686633472,0.849252352,227.674013696,86.05001728,0.0,0.0,2,8.729841663999999
96.55376363197962,0.0,nan,13.14312192,3.686633472,0.849252352,227.674017792,86.05001728,0.0,0.0,2,8.729837567999999
96.57043684720993,0.0,nan,13.14312192,3.686633472,0.851349504,227.674075136,86.05001728,0.0,0.0,2,8.731877376
96.58710904518763,0.0,nan,13.14312192,3.686633472,0.851349504,227.674079232,86.05001728,0.0,0.0,2,8.73187328
96.60378218491873,0.0,nan,13.14312192,3.686633472,0.853446656,227.674083328,86.05001728,0.0,0.0,2,8.729772032
96.62045808633168,0.0,nan,13.14312192,3.686633472,0.855543808,227.674083328,86.05001728,0.0,0.0,2,8.727674879999999
96.63713071743648,0.0,nan,13.14312192,3.686633472,0.855543808,227.674128384,86.05001728,0.0,0.0,2,8.727629824
96.65380174318949,2.4861878453038666,nan,13.14312192,3.686649856,0.855543808,227.674136576,86.05001728,1.0,0.0,2,8.727605248
96.67047352790833,5.524861878453036,nan,13.14312192,3.686633472,0.855543808,227.674148864,86.05001728,2.0,0.0,2,8.728068096
96.68714672724406,5.524861878453036,nan,13.14312192,3.686633472,0.855543808,227.67415296,86.05001728,2.0,0.0,2,8.728064
96.70381987094879,5.524861878453036,nan,13.14312192,3.686633472,0.855543808,227.674157056,86.05001728,2.0,0.0,2,8.728059904
96.72049258550008,5.524861878453036,nan,13.14312192,3.686633472,0.855543808,227.674161152,86.05001728,2.0,0.0,2,8.728055807999999
96.73716492652893,5.524861878453036,nan,13.14312192,3.686633472,0.855543808,227.67419392,86.05001728,2.0,0.0,2,8.72802304
96.75384005308152,5.524861878453036,nan,13.14312192,3.686633472,0.855543808,227.674198016,86.05001728,2.0,0.0,2,8.728018943999999
96.77051375309627,5.524861878453036,nan,13.14312192,3.686633472,0.855543808,227.674202112,86.05001728,2.0,0.0,2,8.728014847999999
96.78718659480413,5.524861878453036,nan,13.14312192,3.686633472,0.855543808,227.674202112,86.05001728,2.0,0.0,2,8.728014847999999
96.80385922193527,2.4861878453038666,nan,13.14312192,3.686633472,0.855543808,227.674206208,86.05001728,1.0,0.0,2,8.728010752
96.82053261200586,2.4861878453038666,nan,13.14312192,3.686633472,0.855543808,227.674206208,86.05001728,1.0,0.0,2,8.728010752
96.83720866441726,2.4861878453038666,nan,13.14312192,3.686633472,0.855543808,227.674210304,86.05001728,1.0,0.0,2,8.728006656
96.85388154586157,0.0,nan,13.14312192,3.686633472,0.855543808,227.6742144,86.05001728,0.0,0.0,2,8.72800256
96.87056033213933,0.0,nan,13.14312192,3.686633472,0.855543808,227.6742144,86.05001728,0.0,0.0,2,8.72800256
96.88723318974176,0.0,nan,13.14312192,3.686633472,0.855543808,227.674218496,86.05001728,0.0,0.0,2,8.727998463999999
96.90390677849452,3.038674033149169,nan,13.14312192,3.686633472,0.855543808,227.674230784,86.05001728,1.0,0.0,2,8.724516864
96.92057835658392,3.038674033149169,nan,13.14312192,3.686633472,0.855543808,227.67425536,86.05001728,1.0,0.0,2,8.724492287999999
96.9372518380483,3.176795580110492,nan,13.14312192,3.686633472,0.855543808,227.674259456,86.05001728,1.0,0.0,2,8.724488191999999
96.95392452875772,3.176795580110492,nan,13.14312192,3.686633472,0.855543808,227.674263552,86.05001728,1.0,0.0,2,8.724484096
96.9705961227417,3.176795580110492,nan,13.14312192,3.686633472,0.855543808,227.67439872,86.05001728,1.0,0.0,2,8.724348928
96.98726772069931,3.176795580110492,nan,13.14312192,3.686633472,0.855543808,227.67439872,86.05001728,1.0,0.0,2,8.724348928
97.00394019683202,3.176795580110492,nan,13.14312192,3.686633472,0.855543808,227.674402816,86.05001728,1.0,0.0,2,8.724344832
97.02061304648717,3.176795580110492,nan,13.14312192,3.686633472,0.855543808,227.674402816,86.05001728,1.0,0.0,2,8.724344832
97.03728588024775,3.176795580110492,nan,13.14312192,3.686633472,0.855543808,227.674406912,86.05001728,1.0,0.0,2,8.724340735999998
97.0539587299029,3.176795580110492,nan,13.14312192,3.686649856,0.855543808,227.674411008,86.05001728,1.0,0.0,2,8.724320255999999
97.07063140074412,5.662983425414369,nan,13.14312192,3.686633472,0.855543808,227.674435584,86.05001728,2.0,0.0,2,8.724312064
97.08730634053548,5.662983425414369,nan,13.14312192,3.686633472,0.855543808,227.67443968,86.05001728,2.0,0.0,2,8.724307968
97.10397921800613,5.662983425414369,nan,13.14312192,3.686633472,0.855543808,227.67443968,86.05001728,2.0,0.0,2,8.724307968
97.12065138816834,5.662983425414369,nan,13.14312192,3.686633472,0.855543808,227.674447872,86.05001728,2.0,0.0,2,8.724557824
97.13732459147771,5.662983425414369,nan,13.14312192,3.686633472,0.855543808,227.674451968,86.05001728,2.0,0.0,2,8.724553728
97.15399768749873,5.662983425414369,nan,13.14312192,3.686633472,0.855543808,227.674451968,86.05001728,2.0,0.0,2,8.724553728
97.17067042986552,5.662983425414369,nan,13.14312192,3.686633472,0.855543808,227.674456064,86.05001728,2.0,0.0,2,8.724549631999999
97.18734351793925,5.662983425414369,nan,13.14312192,3.686633472,0.855543808,227.674456064,86.05001728,2.0,0.0,2,8.724549631999999
97.20401643911997,0.0,nan,13.14312192,3.686649856,0.855543808,227.674464256,86.05001728,0.0,0.0,2,8.724525056000001
97.22069383064905,5.662983425414369,nan,13.14312192,3.686633472,0.855543808,227.67448064,86.05001728,2.0,0.0,2,8.725020672
97.23737703561783,5.662983425414369,nan,13.14312192,3.686633472,0.855543808,227.674488832,86.05001728,2.0,0.0,2,8.72501248
97.25404990911484,5.662983425414369,nan,13.14312192,3.686633472,0.855543808,227.674492928,86.05001728,2.0,0.0,2,8.725266432
97.27072704633078,5.662983425414369,nan,13.14312192,3.686633472,0.855543808,227.674492928,86.05001728,2.0,0.0,2,8.725266432
97.28739955425263,5.662983425414369,nan,13.14312192,3.686633472,0.855543808,227.674497024,86.05001728,2.0,0.0,2,8.725262336
97.30407794713975,5.662983425414369,nan,13.14312192,3.686633472,0.855543808,227.67450112,86.05001728,2.0,0.0,2,8.725258239999999
97.32075050274531,5.662983425414369,nan,13.14312192,3.686633472,0.855543808,227.67450112,86.05001728,2.0,0.0,2,8.725258239999999
97.33742394447327,5.662983425414369,nan,13.14312192,3.686633472,0.855543808,227.674525696,86.05001728,2.0,0.0,2,8.725233664
97.35409764846166,3.176795580110492,nan,13.14312192,3.686633472,0.859738112,227.675508736,86.05001728,1.0,0.0,2,8.728702976
97.37077033519745,3.176795580110492,nan,13.14312192,3.686633472,0.88909824,227.675512832,86.05001728,1.0,0.0,2,8.72869888
97.38744306961695,3.176795580110492,nan,13.14312192,3.686633472,0.891195392,227.675516928,86.05001728,1.0,0.0,2,8.726597631999999
97.40411709149679,3.176795580110492,nan,13.14312192,3.686633472,0.893292544,227.675516928,86.05001728,1.0,0.0,2,8.728694784
97.42079144716263,3.176795580110492,nan,13.14312192,3.686633472,0.893292544,227.675521024,86.05001728,1.0,0.0,2,8.729952256
97.43746420145035,3.176795580110492,nan,13.14312192,3.686633472,0.893292544,227.675521024,86.05001728,1.0,0.0,2,8.729952256
97.45413658618926,3.176795580110492,nan,13.14312192,3.686633472,0.893292544,227.67558656,86.05001728,1.0,0.0,2,8.72988672
97.47080991268157,3.176795580110492,nan,13.14312192,3.686633472,0.895389696,227.675590656,86.05001728,1.0,0.0,2,8.727785471999999
97.48748380343119,3.176795580110492,nan,13.14312192,3.686633472,0.895389696,227.675594752,86.05001728,1.0,0.0,2,8.727781376
97.50415699481964,3.176795580110492,nan,13.14312192,3.686633472,0.895389696,227.675598848,86.05001728,1.0,0.0,2,8.72777728
97.52082748015722,3.176795580110492,nan,13.14312192,3.686633472,0.895389696,227.675598848,86.05001728,1.0,0.0,2,8.72777728
97.53749693632126,3.176795580110492,nan,13.14312192,3.686633472,0.897486848,227.67560704,86.05001728,1.0,0.0,2,8.72986624
97.55417054891586,5.8011049723756924,nan,13.14312192,3.686633472,0.897486848,227.675795456,86.05001728,2.0,0.0,2,8.7299072
97.57084458271662,5.8011049723756924,nan,13.14312192,3.686633472,0.897486848,227.675795456,86.05001728,2.0,0.0,2,8.7299072
97.58751712640127,5.8011049723756924,nan,13.14312192,3.686633472,0.897486848,227.675799552,86.05001728,2.0,0.0,2,8.729903104
97.60419368346533,5.8011049723756924,nan,13.14312192,3.686633472,0.897486848,227.675799552,86.05001728,2.0,0.0,2,8.729903104
97.6208664059639,5.8011049723756924,nan,13.14312192,3.686633472,0.897486848,227.675803648,86.05001728,2.0,0.0,2,8.729899008
97.637544298172,5.8011049723756924,nan,13.14312192,3.686633472,0.897486848,227.675807744,86.05001728,2.0,0.0,2,8.729894911999999
97.65421373049418,5.8011049723756924,nan,13.14312192,3.686633472,0.897486848,227.67587328,86.05001728,2.0,0.0,2,8.729829376
97.67088549534479,5.8011049723756924,nan,13.14312192,3.686633472,0.897486848,227.675877376,86.05001728,2.0,0.0,2,8.72982528
97.68755577802658,5.8011049723756924,nan,13.14312192,3.686633472,0.897486848,227.675877376,86.05001728,2.0,0.0,2,8.72982528
97.70422523021698,5.8011049723756924,nan,13.14312192,3.686633472,0.897486848,227.675881472,86.05001728,2.0,0.0,2,8.729821184
97.72089716593425,5.8011049723756924,nan,13.14312192,3.686633472,0.897486848,227.675885568,86.05001728,2.0,0.0,2,8.729817087999999
97.73757695357004,5.8011049723756924,nan,13.14312192,3.686633472,0.897486848,227.675901952,86.05001728,2.0,0.0,2,8.727498751999999
97.75424872239431,3.176795580110492,nan,13.14312192,3.686633472,0.897486848,227.675906048,86.05001728,1.0,0.0,2,8.727494656
97.77091987927754,5.8011049723756924,nan,13.14312192,3.686633472,0.897486848,227.67591424,86.05001728,2.0,0.0,2,8.727486464
97.78759067853292,5.8011049723756924,nan,13.14312192,3.686633472,0.897486848,227.675918336,86.05001728,2.0,0.0,2,8.727482368
97.80426322221756,5.8011049723756924,nan,13.14312192,3.686633472,0.897486848,227.675922432,86.05001728,2.0,0.0,2,8.727478271999999
97.82093328237534,5.8011049723756924,nan,13.14312192,3.686633472,0.897486848,227.675922432,86.05001728,2.0,0.0,2,8.727478271999999
97.8376037398974,5.8011049723756924,nan,13.14312192,3.686633472,0.897486848,227.675926528,86.05001728,2.0,0.0,2,8.727474176
97.85427569548288,5.8011049723756924,nan,13.14312192,3.686633472,0.897486848,227.675942912,86.05001728,2.0,0.0,2,8.72771584
97.87094835837682,5.8011049723756924,nan,13.14312192,3.686633472,0.897486848,227.676049408,86.05001728,2.0,0.0,2,8.727117824
97.88762043714523,5.8011049723756924,nan,13.14312192,3.686633472,0.897486848,227.676053504,86.05001728,2.0,0.0,2,8.727113727999999
97.90429336627325,5.8011049723756924,nan,13.14312192,3.686633472,0.897486848,227.676053504,86.05001728,2.0,0.0,2,8.727113727999999
97.92096403837203,5.8011049723756924,nan,13.14312192,3.686633472,0.897486848,227.6760576,86.05001728,2.0,0.0,2,8.727109632
97.93763588666916,5.8011049723756924,nan,13.14312192,3.686633472,0.897486848,227.6760576,86.05001728,2.0,0.0,2,8.727109632
97.95430539051692,5.8011049723756924,nan,13.14312192,3.686633472,0.897486848,227.676086272,86.05001728,2.0,0.0,2,8.72708096
97.97097824414571,5.8011049723756924,nan,13.14312192,3.686633472,0.897486848,227.676094464,86.05001728,2.0,0.0,2,8.727072768
97.98764981826146,5.8011049723756924,nan,13.14312192,3.686633472,0.897486848,227.676094464,86.05001728,2.0,0.0,2,8.727072768
98.00432288249334,5.8011049723756924,nan,13.14312192,3.686633472,0.897486848,227.67609856,86.05001728,2.0,0.0,2,8.727068672
98.02099693616232,3.176795580110492,nan,13.14312192,3.686633472,0.897486848,227.67609856,86.05001728,1.0,0.0,2,8.727068672
98.03766928911209,6.491712707182318,nan,13.14312192,3.686637568,0.897486848,227.676114944,86.05001728,2.0,0.0,2,8.724262912
98.05434245268503,6.077348066298338,nan,13.14312192,3.686637568,0.897486848,227.67611904,86.05001728,2.0,0.0,2,8.724516864
98.07101935942968,2.9005524861878462,nan,13.14312192,3.686637568,0.897486848,227.676123136,86.05001728,1.0,0.0,2,8.725774336
98.08769452571869,2.9005524861878462,nan,13.14312192,3.686653952,0.897486848,227.676135424,86.05001728,1.0,0.0,2,8.726462463999999
98.10436663627624,6.077348066298338,nan,13.14312192,3.686637568,0.897486848,227.676135424,86.05001728,2.0,0.0,2,8.726478848
98.12104522387186,6.077348066298338,nan,13.14312192,3.686637568,0.897486848,227.676176384,86.05001728,2.0,0.0,2,8.726437888
98.13771801392237,6.077348066298338,nan,13.14312192,3.686637568,0.897486848,227.67618048,86.05001728,2.0,0.0,2,8.726433792
98.15439223448435,6.077348066298338,nan,13.14312192,3.686637568,0.897486848,227.67618048,86.05001728,2.0,0.0,2,8.726433792
98.17106309731801,6.077348066298338,nan,13.14312192,3.686637568,0.897486848,227.676184576,86.05001728,2.0,0.0,2,8.726429696
98.18773361047108,6.077348066298338,nan,13.14312192,3.686637568,0.897486848,227.676184576,86.05001728,2.0,0.0,2,8.726429696
98.20440440972646,6.077348066298338,nan,13.14312192,3.686637568,0.897486848,227.676188672,86.05001728,2.0,0.0,2,8.7264256
98.2210746884346,6.077348066298338,nan,13.14312192,3.686637568,0.897486848,227.676213248,86.05001728,2.0,0.0,2,8.726401024
98.23774435917537,6.077348066298338,nan,13.14312192,3.686637568,0.897486848,227.676213248,86.05001728,2.0,0.0,2,8.726401024
98.25441664457321,6.077348066298338,nan,13.14312192,3.686637568,0.897486848,227.676217344,86.05001728,2.0,0.0,2,8.726396928
98.27108682791392,6.077348066298338,nan,13.14312192,3.686637568,0.897486848,227.67622144,86.05001728,2.0,0.0,2,8.725876736
98.28775800863902,6.077348066298338,nan,13.14312192,3.686637568,0.897486848,227.676225536,86.05001728,2.0,0.0,2,8.725815296
98.3044294834137,6.077348066298338,nan,13.14312192,3.686637568,0.897486848,227.676229632,86.05001728,2.0,0.0,2,8.7258112
98.32109902699789,6.077348066298338,nan,13.14312192,3.686637568,0.897486848,227.676229632,86.05001728,2.0,0.0,2,8.7258112
98.3377690354983,6.077348066298338,nan,13.14312192,3.686637568,0.897486848,227.676233728,86.05001728,2.0,0.0,2,8.735092736
98.35444059371949,6.077348066298338,nan,13.14312192,3.686637568,0.897486848,227.676233728,86.05001728,2.0,0.0,2,8.7329792
98.37111411889394,6.077348066298338,nan,13.14312192,3.686637568,0.897486848,227.676237824,86.05001728,2.0,0.0,2,8.732975104
98.38779081106186,2.9005524861878462,nan,13.14312192,3.686637568,0.897486848,227.67624192,86.05001728,1.0,0.0,2,8.732971008
98.40446489651998,6.491712707182318,nan,13.14312192,3.686637568,0.897486848,227.676246016,86.05001728,2.0,0.0,2,8.732966912
98.42114454905192,6.077348066298338,nan,13.14312192,3.686637568,0.897486848,227.676250112,86.05001728,2.0,0.0,2,8.732962816
98.43781520525614,6.077348066298338,nan,13.14312192,3.686637568,0.897486848,227.676250112,86.05001728,2.0,0.0,2,8.732491776
98.45449394782385,6.077348066298338,nan,13.14312192,3.686637568,0.897486848,227.676254208,86.05001728,2.0,0.0,2,8.73248768
98.4711643020312,6.077348066298338,nan,13.14312192,3.686637568,0.897486848,227.676258304,86.05001728,2.0,0.0,2,8.732483584
98.48783361117044,6.077348066298338,nan,13.14312192,3.686637568,0.897486848,227.676258304,86.05001728,2.0,0.0,2,8.732483584
98.504507625103,6.077348066298338,nan,13.14312192,3.686637568,0.897486848,227.6762624,86.05001728,2.0,0.0,2,8.732479488000001
98.52117979129156,6.077348066298338,nan,13.14312192,3.686637568,0.897486848,227.6762624,86.05001728,2.0,0.0,2,8.732708864000001
98.5378504316012,6.077348066298338,nan,13.14312192,3.686637568,0.897486848,227.676266496,86.05001728,2.0,0.0,2,8.732188672
98.55452804168065,6.077348066298338,nan,13.14312192,3.686637568,0.897486848,227.676270592,86.05001728,2.0,0.0,2,8.73201664
98.5712001522382,6.077348066298338,nan,13.14312192,3.686637568,0.897486848,227.676270592,86.05001728,2.0,0.0,2,8.73201664
98.58786986271541,6.077348066298338,nan,13.14312192,3.686637568,0.897486848,227.676274688,86.05001728,2.0,0.0,2,8.732012544
98.60454386870066,6.077348066298338,nan,13.14312192,3.686637568,0.897486848,227.676274688,86.05001728,2.0,0.0,2,8.732012544
98.62121789852777,6.077348066298338,nan,13.14312192,3.686637568,0.897486848,227.676278784,86.05001728,2.0,0.0,2,8.732008448
98.63788902759552,6.077348066298338,nan,13.14312192,3.686637568,0.897486848,227.67628288,86.05001728,2.0,0.0,2,8.732004352
98.65456073284149,6.215469613259672,nan,13.14312192,3.686637568,0.897486848,227.676286976,86.05001728,2.0,0.0,2,8.732000256000001
98.6712295571963,6.215469613259672,nan,13.14312192,3.686637568,0.897486848,227.676291072,86.05001728,2.0,0.0,2,8.73199616
98.6879075328509,6.215469613259672,nan,13.14312192,3.686637568,0.897486848,227.676291072,86.05001728,2.0,0.0,2,8.73199616
98.7045778075854,6.215469613259672,nan,13.14312192,3.686637568,0.897486848,227.676295168,86.05001728,2.0,0.0,2,8.731992064
98.7212468067805,6.215469613259672,nan,13.14312192,3.686637568,0.897486848,227.676295168,86.05001728,2.0,0.0,2,8.73222144
98.73791639407476,6.215469613259672,nan,13.14312192,3.686637568,0.897486848,227.676299264,86.05001728,2.0,0.0,2,8.732217344
98.75458588997523,6.215469613259672,nan,13.14312192,3.686637568,0.897486848,227.67630336,86.05001728,2.0,0.0,2,8.732213248
98.7712586124738,6.215469613259672,nan,13.14312192,3.686637568,0.897486848,227.67630336,86.05001728,2.0,0.0,2,8.732213248
98.78793552319209,6.215469613259672,nan,13.14312192,3.686637568,0.897486848,227.676311552,86.05001728,2.0,0.0,2,8.732205056
98.80460673967997,6.215469613259672,nan,13.14312192,3.686637568,0.897486848,227.676311552,86.05001728,2.0,0.0,2,8.732205056
98.82127547264099,6.215469613259672,nan,13.14312192,3.686637568,0.897486848,227.676315648,86.05001728,2.0,0.0,2,8.73220096
98.83794455528259,6.215469613259672,nan,13.14312192,3.686637568,0.897486848,227.676319744,86.05001728,2.0,0.0,2,8.732196864
98.85461869637172,2.9005524861878462,nan,13.14312192,3.686637568,0.897486848,227.676319744,86.05001728,1.0,0.0,2,8.732196864
98.87129663626352,2.9005524861878462,nan,13.14312192,3.686637568,0.897486848,227.67632384,86.05001728,1.0,0.0,2,8.732192768
98.88797626097997,2.9005524861878462,nan,13.14312192,3.686637568,0.897486848,227.67632384,86.05001728,1.0,0.0,2,8.732192768
98.90464891195298,2.9005524861878462,nan,13.14312192,3.686637568,0.899584,227.676327936,86.05001728,1.0,0.0,2,8.734285823999999
98.9213222583135,2.9005524861878462,nan,13.14312192,3.686637568,0.899584,227.676332032,86.05001728,1.0,0.0,2,8.734281728
98.93799252112707,2.9005524861878462,nan,13.14312192,3.686637568,0.899584,227.676332032,86.05001728,1.0,0.0,2,8.734281728
98.95466437737147,2.9005524861878462,nan,13.14312192,3.686637568,0.899584,227.676336128,86.05001728,1.0,0.0,2,8.734277632
98.97133480707804,2.9005524861878462,nan,13.14312192,3.686637568,0.899584,227.676336128,86.05001728,1.0,0.0,2,8.734277632
98.9880058169365,2.9005524861878462,nan,13.14312192,3.686637568,0.899584,227.676340224,86.05001728,1.0,0.0,2,8.734273536
99.0046784043312,2.9005524861878462,nan,13.14312192,3.686637568,0.899584,227.67634432,86.05001728,1.0,0.0,2,8.734269439999998
99.02134943803152,2.9005524861878462,nan,13.14312192,3.686637568,0.899584,227.67634432,86.05001728,1.0,0.0,2,8.734269439999998
99.03801953792572,2.9005524861878462,nan,13.14312192,3.686637568,0.899584,227.676360704,86.05001728,1.0,0.0,2,8.734253055999998
99.05469139417012,2.9005524861878462,nan,13.14312192,3.686637568,0.899584,227.676360704,86.05001728,1.0,0.0,2,8.734253055999998
99.0713628967603,2.9005524861878462,nan,13.14312192,3.686637568,0.905875456,227.6763648,86.05001728,1.0,0.0,2,8.732151808
99.08803522189459,2.9005524861878462,nan,13.14312192,3.686637568,0.907972608,227.676368896,86.05001728,1.0,0.0,2,8.734244864
99.10471076567968,2.9005524861878462,nan,13.14312192,3.686637568,0.907972608,227.676368896,86.05001728,1.0,0.0,2,8.734244864
99.12138237158457,2.9005524861878462,nan,13.14312192,3.686637568,0.907972608,227.676377088,86.05001728,1.0,0.0,2,8.734236672
99.13805565436681,2.9005524861878462,nan,13.14312192,3.686637568,0.91006976,227.676377088,86.05001728,1.0,0.0,2,8.732139519999999
99.15472526550293,2.9005524861878462,nan,13.14312192,3.686637568,0.91006976,227.676381184,86.05001728,1.0,0.0,2,8.732135423999999
99.17139782905579,2.9005524861878462,nan,13.14312192,3.686637568,0.91006976,227.67642624,86.05001728,1.0,0.0,2,8.732090368
99.18807725111644,3.038674033149169,nan,13.14312192,3.686637568,0.91006976,227.676475392,86.05001728,1.0,0.0,2,8.732041215999999
99.20475176175435,3.038674033149169,nan,13.14312192,3.686637568,0.91006976,227.676479488,86.05001728,1.0,0.0,2,8.73203712
99.22142101128897,3.038674033149169,nan,13.14312192,3.686637568,0.91006976,227.676479488,86.05001728,1.0,0.0,2,8.73203712
99.2380931854248,3.038674033149169,nan,13.14312192,3.686637568,0.91006976,227.676483584,86.05001728,1.0,0.0,2,8.732033024
99.25476718743643,3.038674033149169,nan,13.14312192,3.686637568,0.912166912,227.67648768,86.05001728,1.0,0.0,2,8.73412608
99.27144231796265,3.038674033149169,nan,13.14312192,3.686637568,0.912166912,227.67648768,86.05001728,1.0,0.0,2,8.73412608
99.28811658620835,3.038674033149169,nan,13.14312192,3.686653952,0.912166912,227.676491776,86.05001728,1.0,0.0,2,8.734621696
99.30478697220484,6.353591160220995,nan,13.14312192,3.686637568,0.912166912,227.676557312,86.05001728,2.0,0.0,2,8.73480192
99.32145954370499,6.353591160220995,nan,13.14312192,3.686637568,0.912166912,227.676565504,86.05001728,2.0,0.0,2,8.734793728
99.33812952041626,6.353591160220995,nan,13.14312192,3.686637568,0.912166912,227.6765696,86.05001728,2.0,0.0,2,8.734789632
99.3548024892807,6.353591160220995,nan,13.14312192,3.686637568,0.912166912,227.6765696,86.05001728,2.0,0.0,2,8.73504768
99.37147415479025,6.353591160220995,nan,13.14312192,3.686637568,0.912166912,227.676573696,86.05001728,2.0,0.0,2,8.735043584
99.38814401229223,6.353591160220995,nan,13.14312192,3.686637568,0.912166912,227.676573696,86.05001728,2.0,0.0,2,8.733151231999999
99.40481620629629,3.038674033149169,nan,13.14312192,3.686637568,0.912166912,227.676577792,86.05001728,1.0,0.0,2,8.733147136
99.4214918812116,3.038674033149169,nan,13.14312192,3.686637568,0.912166912,227.676581888,86.05001728,1.0,0.0,2,8.73314304
99.43816681702931,3.038674033149169,nan,13.14312192,3.686637568,0.912166912,227.676581888,86.05001728,1.0,0.0,2,8.73314304
99.45484444300334,3.038674033149169,nan,13.14312192,3.686637568,0.912166912,227.676594176,86.05001728,1.0,0.0,2,8.733904896
99.47151888211569,3.038674033149169,nan,13.14312192,3.686637568,0.912166912,227.676594176,86.05001728,1.0,0.0,2,8.733904896
99.48819026549657,3.038674033149169,nan,13.14312192,3.686637568,0.912166912,227.676598272,86.05001728,1.0,0.0,2,8.7339008
99.50486490329106,3.038674033149169,nan,13.14312192,3.686637568,0.912166912,227.676602368,86.05001728,1.0,0.0,2,8.733896704
99.52154159148535,3.038674033149169,nan,13.14312192,3.686637568,0.912166912,227.676622848,86.05001728,1.0,0.0,2,8.733876224
99.5382161060969,3.038674033149169,nan,13.14312192,3.686637568,0.912166912,227.676639232,86.05001728,1.0,0.0,2,8.73385984
99.55488991340002,3.038674033149169,nan,13.14312192,3.686637568,0.912166912,227.676639232,86.05001728,1.0,0.0,2,8.731787264
99.57156300544739,3.038674033149169,nan,13.14312192,3.686637568,0.912166912,227.676643328,86.05001728,1.0,0.0,2,8.731717632
99.58823586304983,3.038674033149169,nan,13.14312192,3.686637568,0.912166912,227.676647424,86.05001728,1.0,0.0,2,8.731713535999999
99.6049104531606,3.038674033149169,nan,13.14312192,3.686637568,0.912166912,227.676647424,86.05001728,1.0,0.0,2,8.731713535999999
99.62158326705297,3.038674033149169,nan,13.14312192,3.686637568,0.912166912,227.67675392,86.05001728,1.0,0.0,2,8.73160704
99.63825838565826,3.038674033149169,nan,13.14312192,3.686637568,0.912166912,227.67675392,86.05001728,1.0,0.0,2,8.73160704
99.6549315571785,3.038674033149169,nan,13.14312192,3.686637568,0.912166912,227.676758016,86.05001728,1.0,0.0,2,8.731602944
99.67161037921906,0.0,nan,13.14312192,3.686637568,0.912166912,227.676766208,86.05001728,0.0,0.0,2,8.7318528
99.6882862408956,0.0,nan,13.14312192,3.686637568,0.937332736,227.677036544,86.05001728,0.0,0.0,2,8.732614655999999
99.7049617489179,0.0,nan,13.14312192,3.686637568,0.939429888,227.678031872,86.05001728,0.0,0.0,2,8.73371648
99.72163673241933,0.0,nan,13.14312192,3.686637568,0.939429888,227.678109696,86.05001728,0.0,0.0,2,8.733638656
99.73831029335658,0.0,nan,13.14312192,3.686637568,0.939429888,227.678113792,86.05001728,0.0,0.0,2,8.73363456
99.7549850265185,0.0,nan,13.14312192,3.686637568,0.939429888,227.678117888,86.05001728,0.0,0.0,2,8.733630464
99.77165690660476,0.0,nan,13.14312192,3.686637568,0.939429888,227.678117888,86.05001728,0.0,0.0,2,8.733630464
99.78832920789719,0.0,nan,13.14312192,3.686637568,0.94152704,227.678121984,86.05001728,0.0,0.0,2,8.731529216
99.8050030152003,0.0,nan,13.14312192,3.686637568,0.947818496,227.678212096,86.05001728,0.0,0.0,2,8.733536256
99.82167649269104,0.0,nan,13.14312192,3.686637568,0.947818496,227.678216192,86.05001728,0.0,0.0,2,8.73353216
99.8383465607961,0.0,nan,13.14312192,3.686637568,1.21626624,227.909185536,86.05001728,0.0,0.0,2,8.735186944
99.85502359469731,0.0,nan,13.14312192,3.686637568,1.243529216,227.910250496,86.05001728,0.0,0.0,2,8.735645695999999
99.87169651587804,0.0,nan,13.14312192,3.686637568,1.293860864,227.91104512,86.05001728,0.0,0.0,2,8.731947007999999
99.88836821715037,0.0,nan,13.14312192,3.686637568,1.312735232,227.911213056,86.05001728,0.0,0.0,2,8.733876224
99.90504268010457,0.0,nan,13.14312192,3.686637568,1.314832384,227.911217152,86.05001728,0.0,0.0,2,8.735969279999999
99.92171679735183,0.0,nan,13.14312192,3.686637568,1.314832384,227.911225344,86.05001728,0.0,0.0,2,8.735961088
99.938392051061,0.0,nan,13.14312192,3.686637568,1.314832384,227.911225344,86.05001728,0.0,0.0,2,8.735961088
99.95506541728973,0.0,nan,13.14312192,3.686637568,1.314832384,227.911532544,86.05001728,0.0,0.0,2,8.735653888
99.97174197435379,0.0,nan,13.14312192,3.686637568,1.314832384,227.912146944,86.05001728,0.0,0.0,2,8.735039488
99.98841658433278,0.0,nan,13.14312192,3.686637568,0.48842752,227.912515584,86.05001728,0.0,0.0,2,9.561075712
100.00509348313014,0.0,nan,13.14312192,3.686637568,0.484503552,227.699032064,86.05001728,0.0,0.0,1,8.455049216
100.02176897525787,0.0,nan,13.14312192,3.686637568,0.484503552,227.69903616,86.05001728,0.0,0.0,1,8.454639616
100.03844381570816,0.0,nan,13.14312192,3.686637568,0.484503552,227.699040256,86.05001728,0.0,0.0,1,8.45463552
100.05511908928553,0.0,nan,13.14312192,3.686637568,0.484503552,227.699040256,86.05001728,0.0,0.0,1,8.45463552
100.07179446220398,0.0,nan,13.14312192,3.686637568,0.484503552,227.699044352,86.05001728,0.0,0.0,1,8.454631424
100.08846737941106,0.0,nan,13.14312192,3.686637568,0.0,227.677958144,86.05001728,0.0,0.0,0,8.464990208
