tenant,instance_id,started_at,duration_s,prompt,cached,computed,first,evict,tail,new,recompute,gpu_s_total,gpu_s_evict,gpu_s_tail,gpu_s_recompute,gpu_s_cached
0,django__django-10973,1791020831.7237494,2.5050387382507324,1426,0,1426,1426,0,0,0,0,0.11646525950282854,0.0,0.0,0.0,0.0
0,django__django-10973,1791020834.971817,2.432556390762329,1907,0,1907,0,0,1426,481,1426,0.15621926054495425,0.0,0.11646525950282854,0.11646525950282854,0.0
1,django__django-11749,1791020836.8659372,2.904944658279419,1633,0,1633,1633,0,0,0,0,0.13354450326625367,0.0,0.0,0.0,0.0
0,django__django-10973,1791020837.582126,5.354259490966797,2521,1568,953,0,0,339,614,339,0.07913288301902466,0.0,0.028042528536930334,0.028042528536930334,0.1281767320080239
1,django__django-11749,1791020840.451696,3.342374801635742,2761,1568,1193,0,0,65,1128,65,0.0992079479206287,0.0,0.005367771258229741,0.005367771258229741,0.1281767320080239
2,django__django-12262,1791020841.6115074,4.5624048709869385,1590,0,1590,1590,0,0,0,0,0.12999303198536144,0.0,0.0,0.0,0.0
0,django__django-10973,1791020843.3107424,1.998793363571167,2834,1568,1266,0,0,953,313,953,0.10532580708248038,0.0,0.07913288301902466,0.07913288301902466,0.1281767320080239
1,django__django-11749,1791020844.044563,2.297412633895874,3291,1568,1723,0,0,1193,530,1193,0.14374923901500963,0.0,0.0992079479206287,0.0992079479206287,0.1281767320080239
0,django__django-10973,1791020845.4395516,119.13619685173035,3949,1568,2381,0,0,1266,1115,1266,0.19944773006446642,0.0,0.10532580708248038,0.10532580708248038,0.1281767320080239
3,django__django-13112,1791020846.3634307,6.170446395874023,1856,0,1856,1856,0,0,0,0,0.15199295608862323,0.0,0.0,0.0,0.0
1,django__django-11749,1791020846.7822387,1.7253563404083252,3402,3136,266,0,0,155,111,155,0.022420846173894424,0.0,0.013055973666064508,0.013055973666064508,0.25886999735696903
2,django__django-12262,1791020846.8977318,3.898449182510376,3045,1568,1477,0,0,22,1455,22,0.12303960196060804,0.0,0.001816299977337529,0.001816299977337529,0.1281767320080239
1,django__django-11749,1791020848.6491747,12.555093765258789,5161,3136,2025,0,0,266,1759,266,0.17250794925680973,0.0,0.022420846173894424,0.022420846173894424,0.25886999735696903
2,django__django-12262,1791020851.468124,2.9939703941345215,3431,1568,1863,0,0,1477,386,1477,0.15556286773950714,0.0,0.12303960196060804,0.12303960196060804,0.1281767320080239
4,django__django-13821,1791020851.576256,3.232076644897461,1507,0,1507,1507,0,0,0,0,0.12314321865123617,0.0,0.0,0.0,0.0
3,django__django-13112,1791020853.652381,16.009823322296143,3130,1568,1562,0,0,288,1274,288,0.13018836719630428,0.0,0.023816224080599326,0.023816224080599326,0.1281767320080239
2,django__django-12262,1791020854.7448297,28.25821805000305,4960,3136,1824,0,0,295,1529,295,0.15519730834757467,0.0,0.024869602390562018,0.024869602390562018,0.25886999735696903
4,django__django-13821,1791020855.2162755,4.090864419937134,1843,0,1843,0,0,1507,336,1507,0.15091608859411276,0.0,0.12314321865123617,0.12314321865123617,0.0
5,django__django-14787,1791020856.5387611,4.023496866226196,1538,0,1538,1538,0,0,0,0,0.12570075768342914,0.0,0.0,0.0,0.0
4,django__django-13821,1791020859.95738,5.814097166061401,2630,1568,1062,0,0,275,787,275,0.08824300066788181,0.0,0.022739356586088846,0.022739356586088846,0.1281767320080239
6,django__django-15380,1791020861.3553224,4.547435522079468,1823,0,1823,1823,0,0,0,0,0.14925970714446282,0.0,0.0,0.0,0.0
5,django__django-14787,1791020861.4758732,2.327993154525757,2093,0,2093,0,0,1538,555,1538,0.17165540164729132,0.0,0.12570075768342914,0.12570075768342914,0.0
1,django__django-11749,1791020861.5227401,6.36662745475769,5796,4704,1092,0,0,457,635,457,0.09425767804614944,0.0,0.03929815056694341,0.03929815056694341,0.3920797960468354
5,django__django-14787,1791020863.965877,165.2565577030182,3703,1568,2135,0,0,525,1610,525,0.1785724124428743,0.0,0.0434786696392674,0.0434786696392674,0.1281767320080239
4,django__django-13821,1791020866.1621463,46.34162759780884,4270,1568,2702,0,0,1062,1640,1062,0.22678062074634156,0.0,0.08824300066788181,0.08824300066788181,0.1281767320080239
6,django__django-15380,1791020866.3753479,9.171677112579346,4057,1568,2489,0,0,255,2234,255,0.2086320699042324,0.0,0.0210829751364389,0.0210829751364389,0.1281767320080239
7,django__django-16255,1791020866.5410662,4.055896043777466,1768,0,1768,1768,0,0,0,0,0.1447067692371371,0.0,0.0,0.0,0.0
1,django__django-11749,1791020868.2727714,4.005938768386841,6122,4704,1418,0,0,1092,326,1092,0.1226334529998954,0.0,0.09425767804614944,0.09425767804614944,0.3920797960468354
3,django__django-13112,1791020870.0401592,2.3331313133239746,3520,1568,1952,0,0,1562,390,1562,0.16308339080831907,0.0,0.13018836719630428,0.13018836719630428,0.1281767320080239
8,sympy__sympy-11618,1791020871.3546512,5.303049564361572,1423,0,1423,1423,0,0,0,0,0.11621805665026534,0.0,0.0,0.0,0.0
7,django__django-16255,1791020871.3908286,2.983144521713257,2306,1568,738,0,0,200,538,200,0.06119903527470234,0.0,0.016530037229113184,0.016530037229113184,0.1281767320080239
3,django__django-13112,1791020872.4973197,8.222656011581421,4202,3136,1066,0,0,384,682,384,0.09028840572313229,0.0,0.03239012545937397,0.03239012545937397,0.25886999735696903
1,django__django-11749,1791020872.6131842,4.886714696884155,6607,4704,1903,0,0,1418,485,1418,0.1650502461318799,0.0,0.1226334529998954,0.1226334529998954,0.3920797960468354
7,django__django-16255,1791020874.524523,6.52730393409729,4454,1568,2886,0,0,738,2148,738,0.24249562640119615,0.0,0.06119903527470234,0.06119903527470234,0.1281767320080239
6,django__django-15380,1791020875.8581247,10.270288228988647,5190,3136,2054,0,0,921,1133,921,0.17500891796398169,0.0,0.07793880455528725,0.07793880455528725,0.25886999735696903
9,sympy__sympy-13757,1791020876.4683666,7.008824825286865,1506,0,1506,1506,0,0,0,0,0.12306073376899009,0.0,0.0,0.0,0.0
8,sympy__sympy-11618,1791020877.1354012,3.8398513793945312,2545,0,2545,0,0,1423,1122,1423,0.20931446846638882,0.0,0.11621805665026534,0.11621805665026534,0.0
1,django__django-11749,1791020877.817775,5.366138696670532,6918,6272,646,0,0,335,311,335,0.05664982950101677,0.0,0.029323914101092353,0.029323914101092353,0.527806128077623
3,django__django-13112,1791020881.018895,3.3586461544036865,4789,3136,1653,0,0,1066,587,1066,0.14050290033042565,0.0,0.09028840572313229,0.09028840572313229,0.25886999735696903
8,sympy__sympy-11618,1791020881.2145908,9.516384601593018,4076,1568,2508,0,0,977,1531,977,0.21024906831192827,0.0,0.08113773645836492,0.08113773645836492,0.1281767320080239
10,sympy__sympy-15875,1791020881.5934505,5.846245527267456,1499,0,1499,1499,0,0,0,0,0.1224833682527671,0.0,0.0,0.0,0.0
7,django__django-16255,1791020881.780493,7.730591058731079,6362,3136,3226,0,0,1318,1908,1318,0.2768029125176065,0.0,0.11180236105225101,0.11180236105225101,0.25886999735696903
2,django__django-12262,1791020883.1286597,59.74627757072449,5802,4704,1098,0,0,256,842,256,0.09477894896149064,0.0,0.021987509657708307,0.021987509657708307,0.3920797960468354
1,django__django-11749,1791020883.4499648,2.73716139793396,7241,6272,969,0,0,646,323,646,0.08513492373012273,0.0,0.05664982950101677,0.05664982950101677,0.527806128077623
9,sympy__sympy-13757,1791020884.0373394,7.151973485946655,1857,0,1857,0,0,1506,351,1506,0.15207579921461434,0.0,0.12306073376899009,0.12306073376899009,0.0
3,django__django-13112,1791020884.5244067,1.6203207969665527,5435,4704,731,0,0,85,646,85,0.06296234840985186,0.0,0.007293101640559295,0.007293101640559295,0.3920797960468354
3,django__django-13112,1791020886.3368967,3.4024155139923096,5743,4704,1039,0,0,731,308,731,0.0896547186199556,0.0,0.06296234840985186,0.06296234840985186,0.3920797960468354
6,django__django-15380,1791020886.425333,3.261387348175049,5522,4704,818,0,0,486,332,486,0.07049223642668798,0.0,0.04179911927411534,0.04179911927411534,0.3920797960468354
1,django__django-11749,1791020886.4380734,4.313358545303345,9881,6272,3609,0,0,969,2640,969,0.32195755148192373,0.0,0.08513492373012273,0.08513492373012273,0.527806128077623
11,sympy__sympy-18211,1791020886.641959,7.120689153671265,1547,0,1547,1547,0,0,0,0,0.12644345325499642,0.0,0.0,0.0,0.0
10,sympy__sympy-15875,1791020889.6943076,6.523536205291748,3103,0,3103,0,0,1499,1604,1499,0.2560935135105541,0.0,0.1224833682527671,0.1224833682527671,0.0
7,django__django-16255,1791020889.7566886,20.77113914489746,7873,6272,1601,0,0,90,1511,90,0.14117935213373264,0.0,0.007866781796952634,0.007866781796952634,0.527806128077623
6,django__django-15380,1791020889.8322756,24.045466661453247,6395,4704,1691,0,0,818,873,818,0.1464796777885671,0.0,0.07049223642668798,0.07049223642668798,0.3920797960468354
3,django__django-13112,1791020889.9718533,13.040331602096558,6686,4704,1982,0,0,1039,943,1039,0.17198217598674137,0.0,0.0896547186199556,0.0896547186199556,0.3920797960468354
8,sympy__sympy-11618,1791020890.9693155,5.3469932079315186,4848,3136,1712,0,0,940,772,940,0.14556951893644232,0.0,0.07955580296298316,0.07955580296298316,0.25886999735696903
1,django__django-11749,1791020891.0479145,3.320831060409546,11682,9408,2274,0,0,473,1801,473,0.2086082804188273,0.0,0.04295528739758499,0.04295528739758499,0.8068083921619618
12,sympy__sympy-20916,1791020891.4429505,2.863966941833496,1425,0,1425,1425,0,0,0,0,0.11638285752842058,0.0,0.0,0.0,0.0
9,sympy__sympy-13757,1791020892.9396586,3.2897818088531494,2442,1568,874,0,0,289,585,289,0.07253773810884367,0.0,0.023899067206590418,0.023899067206590418,0.1281767320080239
1,django__django-11749,1791020894.589608,15.955846548080444,12145,10976,1169,0,0,706,463,706,0.10845478127073324,0.0,0.0653323483652761,0.0653323483652761,0.9500843242155129
12,sympy__sympy-20916,1791020894.6590612,7.7405359745025635,3296,0,3296,0,0,1425,1871,1425,0.2723475408852972,0.0,0.11638285752842058,0.11638285752842058,0.0
9,sympy__sympy-13757,1791020896.3838792,63.489840507507324,3024,1568,1456,0,0,874,582,874,0.1212745756468981,0.0,0.07253773810884367,0.07253773810884367,0.1281767320080239
8,sympy__sympy-11618,1791020896.4617157,21.207641124725342,5639,4704,935,0,0,144,791,144,0.08063085264092906,0.0,0.012359720246575976,0.012359720246575976,0.3920797960468354
10,sympy__sympy-15875,1791020896.4939582,2.4753224849700928,3576,1568,2008,0,0,1535,473,1535,0.1678195609509687,0.0,0.12791678150253022,0.12791678150253022,0.1281767320080239
13,sympy__sympy-23262,1791020896.536218,5.576232194900513,1640,0,1640,1640,0,0,0,0,0.13412282887571325,0.0,0.0,0.0,0.0
11,sympy__sympy-18211,1791020896.5793858,5.16494345664978,1949,0,1949,0,0,1547,402,1547,0.1597017455679122,0.0,0.12644345325499642,0.12644345325499642,0.0
10,sympy__sympy-15875,1791020899.1135957,17.552146911621094,4670,3136,1534,0,0,440,1094,440,0.13029462868248876,0.0,0.03712629560202356,0.03712629560202356,0.25886999735696903
14,pytest-dev__pytest-10051,1791020901.792483,5.560168266296387,1823,0,1823,1823,0,0,0,0,0.14925970714446282,0.0,0.0,0.0,0.0
11,sympy__sympy-18211,1791020902.581899,7.665532827377319,2504,1568,936,0,0,381,555,381,0.07771313520790667,0.0,0.0315250135598883,0.0315250135598883,0.1281767320080239
12,sympy__sympy-20916,1791020902.6381378,3.738394260406494,3507,3136,371,0,0,160,211,160,0.03129111645431498,0.0,0.013477543528328164,0.013477543528328164,0.25886999735696903
3,django__django-13112,1791020903.1544964,5.919734239578247,7860,6272,1588,0,0,414,1174,414,0.1400224212564275,0.0,0.036255843955953784,0.036255843955953784,0.527806128077623
13,sympy__sympy-23262,1791020904.1910634,4.21732234954834,3163,1568,1595,0,0,72,1523,72,0.13296576302893862,0.0,0.005946096867689348,0.005946096867689348,0.1281767320080239
15,pytest-dev__pytest-5631,1791020906.5507634,7.121048927307129,2019,0,2019,2019,0,0,0,0,0.16550989960278623,0.0,0.0,0.0,0.0
12,sympy__sympy-20916,1791020906.6423662,1.9869725704193115,3682,3136,546,0,0,371,175,371,0.04609997731716636,0.0,0.03129111645431498,0.03129111645431498,0.25886999735696903
14,pytest-dev__pytest-10051,1791020907.7364357,4.044427156448364,2073,1568,505,0,0,255,250,255,0.04181717042183164,0.0,0.0210829751364389,0.0210829751364389,0.1281767320080239
13,sympy__sympy-23262,1791020908.7224572,4.130566596984863,3347,3136,211,0,0,27,184,27,0.017779017757897073,0.0,0.002272497679993495,0.002272497679993495,0.25886999735696903
12,sympy__sympy-20916,1791020908.7816358,6.801987409591675,3805,3136,669,0,0,546,123,546,0.056527249618241134,0.0,0.04609997731716636,0.04609997731716636,0.25886999735696903
3,django__django-13112,1791020909.2025168,24.304397106170654,8638,7840,798,0,0,20,778,20,0.07132201334259693,0.0,0.001779555884718695,0.001779555884718695,0.6660489934493318
11,sympy__sympy-18211,1791020910.4906192,8.50714111328125,3567,1568,1999,0,0,936,1063,936,0.1670581742678941,0.0,0.07771313520790667,0.07771313520790667,0.1281767320080239
7,django__django-16255,1791020911.5730908,3.503645896911621,8333,7840,493,0,0,33,460,33,0.04398539327353623,0.0,0.0029364867620238575,0.0029364867620238575,0.6660489934493318
16,pytest-dev__pytest-6202,1791020911.583666,6.587479591369629,2111,0,2111,2111,0,0,0,0,0.17315110099830003,0.0,0.0,0.0,0.0
1,django__django-11749,1791020911.7111447,311.48368215560913,12761,10976,1785,0,0,1169,616,1169,0.16616733540661385,0.0,0.10845478127073324,0.10845478127073324,0.9500843242155129
14,pytest-dev__pytest-10051,1791020912.0805578,3.397616386413574,3105,1568,1537,0,0,505,1032,505,0.12808502152063753,0.0,0.04181717042183164,0.04181717042183164,0.1281767320080239
4,django__django-13821,1791020912.9096773,2.689089059829712,4507,3136,1371,0,0,1134,237,1134,0.1163353943700803,0.0,0.09608735539739643,0.09608735539739643,0.25886999735696903
13,sympy__sympy-23262,1791020913.0899353,9.547658443450928,3563,3136,427,0,0,211,216,211,0.03602654144997497,0.0,0.017779017757897073,0.017779017757897073,0.25886999735696903
15,pytest-dev__pytest-5631,1791020914.000484,4.225168228149414,2290,1568,722,0,0,451,271,451,0.059866314876517106,0.0,0.03733316759476231,0.03733316759476231,0.1281767320080239
6,django__django-15380,1791020914.1429152,31.92037296295166,7186,6272,914,0,0,123,791,123,0.08027697709829862,0.0,0.010753345757779526,0.010753345757779526,0.527806128077623
7,django__django-16255,1791020915.2387042,8.776314496994019,8512,7840,672,0,0,493,179,493,0.060017309651422504,0.0,0.04398539327353623,0.04398539327353623,0.6660489934493318
14,pytest-dev__pytest-10051,1791020915.6072285,2.5304062366485596,3281,1568,1713,0,0,1537,176,1537,0.1429061760569991,0.0,0.12808502152063753,0.12808502152063753,0.1281767320080239
4,django__django-13821,1791020915.7172434,42.37139368057251,5117,3136,1981,0,0,1371,610,1371,0.168715019872941,0.0,0.1163353943700803,0.1163353943700803,0.25886999735696903
12,sympy__sympy-20916,1791020915.8238745,4.958598852157593,4076,3136,940,0,0,669,271,669,0.07955580296298316,0.0,0.056527249618241134,0.056527249618241134,0.25886999735696903
17,pylint-dev__pylint-6528,1791020916.570204,5.045634031295776,1932,0,1932,1932,0,0,0,0,0.15829195079158404,0.0,0.0,0.0,0.0
10,sympy__sympy-15875,1791020917.1410615,65.62108755111694,4979,3136,1843,0,0,1534,309,1534,0.15683186786365078,0.0,0.13029462868248876,0.13029462868248876,0.25886999735696903
14,pytest-dev__pytest-10051,1791020918.2580307,74.61360096931458,4082,3136,946,0,0,145,801,145,0.08006651080561444,0.0,0.012212910708053986,0.012212910708053986,0.25886999735696903
15,pytest-dev__pytest-5631,1791020918.502082,15.961098194122314,2984,1568,1416,0,0,722,694,722,0.11791386949898078,0.0,0.059866314876517106,0.059866314876517106,0.1281767320080239
16,pytest-dev__pytest-6202,1791020918.5358272,4.553006649017334,2357,1568,789,0,0,543,246,543,0.06544883028517019,0.0,0.04497436899027612,0.04497436899027612,0.1281767320080239
11,sympy__sympy-18211,1791020919.1434166,5.7164788246154785,4776,3136,1640,0,0,431,1209,431,0.13938700576233418,0.0,0.03636490891894897,0.03636490891894897,0.25886999735696903
8,sympy__sympy-11618,1791020919.2309742,48.82977914810181,6163,4704,1459,0,0,935,524,935,0.12620988613791578,0.0,0.08063085264092906,0.08063085264092906,0.3920797960468354
12,sympy__sympy-20916,1791020920.9106388,4.969127416610718,5155,3136,2019,0,0,940,1079,940,0.17199061492844941,0.0,0.07955580296298316,0.07955580296298316,0.25886999735696903
18,astropy__astropy-12907,1791020921.8440742,4.561752080917358,1688,0,1688,1688,0,0,0,0,0.13808984128841745,0.0,0.0,0.0,0.0
17,pylint-dev__pylint-6528,1791020922.11068,4.863288640975952,3343,1568,1775,0,0,364,1411,364,0.14813481636499848,0.0,0.030115218783560133,0.030115218783560133,0.1281767320080239
13,sympy__sympy-23262,1791020923.3616772,5.92525839805603,3838,3136,702,0,0,427,275,427,0.05932744510636123,0.0,0.03602654144997497,0.03602654144997497,0.25886999735696903
16,pytest-dev__pytest-6202,1791020923.3656366,6.778815507888794,3077,1568,1509,0,0,789,720,789,0.12573003384063017,0.0,0.06544883028517019,0.06544883028517019,0.1281767320080239
7,django__django-16255,1791020924.1940653,3.6888444423675537,8796,7840,956,0,0,672,284,672,0.08552071733945588,0.0,0.060017309651422504,0.060017309651422504,0.6660489934493318
11,sympy__sympy-18211,1791020925.1414359,5.003576040267944,5182,4704,478,0,0,72,406,72,0.04110911089363808,0.0,0.006177207072467827,0.006177207072467827,0.3920797960468354
12,sympy__sympy-20916,1791020926.1125126,6.5431694984436035,5738,4704,1034,0,0,451,583,451,0.08922062557992007,0.0,0.038780816238583066,0.038780816238583066,0.3920797960468354
19,django__django-10973,1791020926.622808,4.707714796066284,1426,0,1426,1426,0,0,0,0,0.11646525950282854,0.0,0.0,0.0,0.0
18,astropy__astropy-12907,1791020926.8493295,2.3340706825256348,1964,1568,396,0,0,120,276,120,0.03276919578009041,0.0,0.009913109280393536,0.009913109280393536,0.1281767320080239
17,pylint-dev__pylint-6528,1791020927.229571,3.8922362327575684,3680,3136,544,0,0,207,337,207,0.045930556118254105,0.0,0.01744155101605337,0.01744155101605337,0.25886999735696903
7,django__django-16255,1791020928.2934003,23.97424030303955,9039,7840,1199,0,0,956,243,956,0.10740783369039945,0.0,0.08552071733945588,0.08552071733945588,0.6660489934493318
18,astropy__astropy-12907,1791020929.3368454,80.28029537200928,4630,1568,3062,0,0,396,2666,396,0.25755979711731314,0.0,0.03276919578009041,0.03276919578009041,0.1281767320080239
13,sympy__sympy-23262,1791020929.799671,6.477549076080322,4082,3136,946,0,0,702,244,702,0.08006651080561444,0.0,0.05932744510636123,0.05932744510636123,0.25886999735696903
11,sympy__sympy-18211,1791020930.2625566,6.982874393463135,6748,4704,2044,0,0,478,1566,478,0.177426898686193,0.0,0.04110911089363808,0.04110911089363808,0.3920797960468354
16,pytest-dev__pytest-6202,1791020930.478658,4.8511762619018555,3841,1568,2273,0,0,1509,764,1509,0.19027532895339117,0.0,0.12573003384063017,0.12573003384063017,0.1281767320080239
17,pylint-dev__pylint-6528,1791020931.2493002,3.5923426151275635,5037,3136,1901,0,0,544,1357,544,0.16182386145518682,0.0,0.045930556118254105,0.045930556118254105,0.25886999735696903
20,django__django-11749,1791020931.6233244,5.6671271324157715,1633,1568,65,65,0,0,0,0,0.005367771258229741,0.0,0.0,0.0,0.1281767320080239
19,django__django-10973,1791020931.9931822,3.9851322174072266,2302,0,2302,0,0,1426,876,1426,0.18904256261789457,0.0,0.11646525950282854,0.11646525950282854,0.0
12,sympy__sympy-20916,1791020932.8857868,5.379145622253418,6328,4704,1624,0,0,1034,590,1034,0.14062024405923834,0.0,0.08922062557992007,0.08922062557992007,0.3920797960468354
3,django__django-13112,1791020933.8567739,3.605489730834961,9428,7840,1588,0,0,798,790,798,0.14257105323690128,0.0,0.07132201334259693,0.07132201334259693,0.6660489934493318
15,pytest-dev__pytest-5631,1791020934.7624502,134.62002635002136,3421,1568,1853,0,0,1416,437,1416,0.1547183718065166,0.0,0.11791386949898078,0.11791386949898078,0.1281767320080239
17,pylint-dev__pylint-6528,1791020934.986574,4.682627201080322,6083,4704,1379,0,0,333,1046,333,0.11923307675849835,0.0,0.028614062765320466,0.028614062765320466,0.3920797960468354
16,pytest-dev__pytest-6202,1791020935.6737905,3.6979756355285645,4480,3136,1344,0,0,705,639,705,0.11402575397860454,0.0,0.059582063604446046,0.059582063604446046,0.25886999735696903
19,django__django-10973,1791020936.2303832,56.691354513168335,3081,1568,1513,0,0,734,779,734,0.12606641152148904,0.0,0.060865830609870664,0.060865830609870664,0.1281767320080239
13,sympy__sympy-23262,1791020936.526761,6.1224448680877686,4846,3136,1710,0,0,946,764,946,0.14539771081063477,0.0,0.08006651080561444,0.08006651080561444,0.25886999735696903
21,django__django-12262,1791020936.568261,7.068689823150635,1590,1568,22,22,0,0,0,0,0.001816299977337529,0.0,0.0,0.0,0.1281767320080239
11,sympy__sympy-18211,1791020937.5036345,3.0775511264801025,7706,6272,1434,0,0,476,958,476,0.12633040196969633,0.0,0.04170056665540541,0.04170056665540541,0.527806128077623
3,django__django-13112,1791020937.6179435,13.28126072883606,11062,9408,1654,0,0,20,1634,20,0.1512069755029889,0.0,0.0018116545242712616,0.0018116545242712616,0.8068083921619618
20,django__django-11749,1791020937.7773385,4.274985313415527,1861,1568,293,0,0,65,228,65,0.024230449946090353,0.0,0.005367771258229741,0.005367771258229741,0.1281767320080239
12,sympy__sympy-20916,1791020938.5558817,16.400349378585815,8279,6272,2007,0,0,56,1951,56,0.177398253773713,0.0,0.004893912028450778,0.004893912028450778,0.527806128077623
16,pytest-dev__pytest-6202,1791020939.6184573,3.3314945697784424,4620,3136,1484,0,0,1344,140,1344,0.12600976342822706,0.0,0.11402575397860454,0.11402575397860454,0.25886999735696903
17,pylint-dev__pylint-6528,1791020939.9147935,3.875079870223999,6354,4704,1650,0,0,1379,271,1379,0.142893508609111,0.0,0.11923307675849835,0.11923307675849835,0.3920797960468354
11,sympy__sympy-18211,1791020940.7159498,10.37639832496643,9081,6272,2809,0,0,1434,1375,1434,0.24943978341179243,0.0,0.12633040196969633,0.12633040196969633,0.527806128077623
22,django__django-13112,1791020941.5878444,10.069685220718384,1856,1568,288,288,0,0,0,0,0.023816224080599326,0.0,0.0,0.0,0.1281767320080239
20,django__django-11749,1791020942.2926564,2.3777308464050293,2068,1568,500,0,0,293,207,293,0.04140185958957003,0.0,0.024230449946090353,0.024230449946090353,0.1281767320080239
13,sympy__sympy-23262,1791020942.9027984,3.8275346755981445,6310,4704,1606,0,0,142,1464,142,0.13904685085191976,0.0,0.012187912120768416,0.012187912120768416,0.3920797960468354
16,pytest-dev__pytest-6202,1791020943.1170812,6.483319520950317,5160,3136,2024,0,0,1484,540,1484,0.1724217243098658,0.0,0.12600976342822706,0.12600976342822706,0.25886999735696903
2,django__django-12262,1791020943.9876823,22.750612497329712,6553,4704,1849,0,0,1098,751,1098,0.16031564054608952,0.0,0.09477894896149064,0.09477894896149064,0.3920797960468354
17,pylint-dev__pylint-6528,1791020944.054315,48.90506434440613,8157,6272,1885,0,0,82,1803,82,0.16649700941642667,0.0,0.007167176578323429,0.007167176578323429,0.527806128077623
21,django__django-12262,1791020944.208793,3.0109927654266357,1893,1568,325,0,0,22,303,22,0.02688210142893875,0.0,0.001816299977337529,0.001816299977337529,0.1281767320080239
20,django__django-11749,1791020945.1651912,1.7598936557769775,2168,1568,600,0,0,500,100,500,0.04971293811419886,0.0,0.04140185958957003,0.04140185958957003,0.1281767320080239
6,django__django-15380,1791020946.3353004,15.893747091293335,8441,6272,2169,0,0,914,1255,914,0.19189722243482707,0.0,0.08027697709829862,0.08027697709829862,0.527806128077623
13,sympy__sympy-23262,1791020946.8577814,5.70314621925354,8865,6272,2593,0,0,38,2555,38,0.2299722985175771,0.0,0.003320518821132193,0.003320518821132193,0.527806128077623
20,django__django-11749,1791020947.0686746,3.0541138648986816,4602,1568,3034,0,0,600,2434,600,0.25516110370041495,0.0,0.04971293811419886,0.04971293811419886,0.1281767320080239
23,django__django-13821,1791020947.26391,5.045018196105957,1507,0,1507,1507,0,0,0,0,0.12314321865123617,0.0,0.0,0.0,0.0
21,django__django-12262,1791020947.33793,88.21965837478638,3467,1568,1899,0,0,325,1574,325,0.15860390060061846,0.0,0.02688210142893875,0.02688210142893875,0.1281767320080239
16,pytest-dev__pytest-6202,1791020949.830626,8.351461172103882,5500,4704,796,0,0,456,340,456,0.06858739497244179,0.0,0.03921192561999946,0.03921192561999946,0.3920797960468354
20,django__django-11749,1791020950.2661192,26.518855333328247,5483,3136,2347,0,0,1466,881,1466,0.20032561002839483,0.0,0.12446783835146984,0.12446783835146984,0.25886999735696903
3,django__django-13112,1791020951.1585639,3.667405128479004,12206,10976,1230,0,0,86,1144,86,0.11415249695472672,0.0,0.007931043449437684,0.007931043449437684,0.9500843242155129
11,sympy__sympy-18211,1791020951.5852606,28.246421337127686,9399,7840,1559,0,0,1241,318,1241,0.13994428775044715,0.0,0.11119691804008362,0.11119691804008362,0.6660489934493318
24,django__django-14787,1791020951.6316314,5.9103782176971436,1538,0,1538,1538,0,0,0,0,0.12570075768342914,0.0,0.0,0.0,0.0
22,django__django-13112,1791020952.0141907,10.912737607955933,3127,1568,1559,0,0,288,1271,288,0.1299359319379569,0.0,0.023816224080599326,0.023816224080599326,0.1281767320080239
7,django__django-16255,1791020952.5701337,22.9702787399292,9833,7840,1993,0,0,1199,794,1199,0.17934514693140746,0.0,0.10740783369039945,0.10740783369039945,0.6660489934493318
23,django__django-13821,1791020952.699743,6.077679872512817,2752,0,2752,0,0,1507,1245,1507,0.22663080101091979,0.0,0.12314321865123617,0.12314321865123617,0.0
13,sympy__sympy-23262,1791020952.832813,2.9467594623565674,9668,7840,1828,0,0,1025,803,1025,0.16434284239913982,0.0,0.09172943314586832,0.09172943314586832,0.6660489934493318
3,django__django-13112,1791020954.9949484,9.888521909713745,12892,10976,1916,0,0,1230,686,1230,0.178490703021836,0.0,0.11415249695472672,0.11415249695472672,0.9500843242155129
12,sympy__sympy-20916,1791020955.1067312,20.589181184768677,9033,7840,1193,0,0,439,754,439,0.10686668331787108,0.0,0.03915538840200422,0.03915538840200422,0.6660489934493318
13,sympy__sympy-23262,1791020955.911202,34.01951026916504,10030,9408,622,0,0,260,362,260,0.05653408744891501,0.0,0.02358344368650982,0.02358344368650982,0.8068083921619618
25,django__django-15380,1791020956.4737008,6.076968193054199,1823,1568,255,255,0,0,0,0,0.0210829751364389,0.0,0.0,0.0,0.1281767320080239
24,django__django-14787,1791020958.1356435,3.5105297565460205,2747,1568,1179,0,0,0,1179,0,0.09803528320630771,0.0,0.0,0.0,0.1281767320080239
4,django__django-13821,1791020958.453524,46.16136860847473,5984,4704,1280,0,0,413,867,413,0.11060834434776252,0.0,0.03550522118307466,0.03550522118307466,0.3920797960468354
16,pytest-dev__pytest-6202,1791020958.7927682,10.604991436004639,5846,4704,1142,0,0,796,346,796,0.09860272824957221,0.0,0.06858739497244179,0.06858739497244179,0.3920797960468354
23,django__django-13821,1791020959.2754922,5.370829105377197,3447,1568,1879,0,0,1184,695,1184,0.15691427413143194,0.0,0.09845406900289588,0.09845406900289588,0.1281767320080239
9,sympy__sympy-13757,1791020960.4024687,5.578606843948364,3464,1568,1896,0,0,1456,440,1456,0.15835043052962477,0.0,0.1212745756468981,0.1212745756468981,0.1281767320080239
26,django__django-16255,1791020961.7527895,7.088263273239136,1768,1568,200,200,0,0,0,0,0.016530037229113184,0.0,0.0,0.0,0.1281767320080239
24,django__django-14787,1791020961.7839496,82.23202586174011,4355,1568,2787,0,0,1179,1608,1179,0.2340359634961772,0.0,0.09803528320630771,0.09803528320630771,0.1281767320080239
6,django__django-15380,1791020962.4473145,17.520646810531616,9728,7840,1888,0,0,601,1287,601,0.1697950016717139,0.0,0.05365435706311829,0.05365435706311829,0.6660489934493318
25,django__django-15380,1791020962.8712008,9.971620321273804,4050,1568,2482,0,0,255,2227,255,0.20803642679213916,0.0,0.0210829751364389,0.0210829751364389,0.1281767320080239
22,django__django-13112,1791020963.6361084,3.059093952178955,3516,1568,1948,0,0,1559,389,1559,0.16274521576741385,0.0,0.1299359319379569,0.1299359319379569,0.1281767320080239
23,django__django-13821,1791020964.9526455,6.444754362106323,4803,3136,1667,0,0,311,1356,311,0.14170482639383875,0.0,0.026221008782486788,0.026221008782486788,0.25886999735696903
3,django__django-13112,1791020965.0208163,47.010011434555054,13436,12544,892,0,0,348,544,348,0.08406106269160976,0.0,0.032698237627363555,0.032698237627363555,1.0958767896099852
0,django__django-10973,1791020965.3162348,304.2736999988556,4595,3136,1459,0,0,813,646,813,0.12386829038255606,0.0,0.06875446471552128,0.06875446471552128,0.25886999735696903
9,sympy__sympy-13757,1791020966.1344273,6.970175743103027,4255,3136,1119,0,0,328,791,328,0.09480776845965214,0.0,0.027657165180679632,0.027657165180679632,0.25886999735696903
27,sympy__sympy-11618,1791020966.7092772,4.911577463150024,1423,0,1423,1423,0,0,0,0,0.11621805665026534,0.0,0.0,0.0,0.0
22,django__django-13112,1791020966.831056,11.970002174377441,5571,3136,2435,0,0,380,2055,380,0.20794641700878802,0.0,0.032051950418468714,0.032051950418468714,0.25886999735696903
2,django__django-12262,1791020967.143934,192.25146198272705,7296,6272,1024,0,0,281,743,281,0.08999596661145723,0.0,0.024589308515301975,0.024589308515301975,0.527806128077623
8,sympy__sympy-11618,1791020968.3444493,5.6016364097595215,6553,4704,1849,0,0,1459,390,1459,0.16031564054608952,0.0,0.12620988613791578,0.12620988613791578,0.3920797960468354
26,django__django-16255,1791020969.4269075,3.6281697750091553,2066,1568,498,0,0,200,298,200,0.04123574242154028,0.0,0.016530037229113184,0.016530037229113184,0.1281767320080239
16,pytest-dev__pytest-6202,1791020969.5775237,5.121042013168335,6091,4704,1387,0,0,1142,245,1142,0.11993046291301564,0.0,0.09860272824957221,0.09860272824957221,0.3920797960468354
23,django__django-13821,1791020971.7112212,6.065971374511719,4994,4704,290,0,0,99,191,99,0.024912771903159495,0.0,0.008495027703972409,0.008495027703972409,0.3920797960468354
28,sympy__sympy-13757,1791020971.9757397,6.721163511276245,1506,0,1506,1506,0,0,0,0,0.12306073376899009,0.0,0.0,0.0,0.0
27,sympy__sympy-11618,1791020972.0604382,6.33144211769104,2573,0,2573,0,0,1423,1150,1423,0.21165420929260872,0.0,0.11621805665026534,0.11621805665026534,0.0
25,django__django-15380,1791020973.06798,17.44047451019287,5472,3136,2336,0,0,914,1422,914,0.19937356648075757,0.0,0.07734316144319403,0.07734316144319403,0.25886999735696903
26,django__django-16255,1791020973.190599,10.677263498306274,5315,1568,3747,0,0,498,3249,498,0.316492072546828,0.0,0.04123574242154028,0.04123574242154028,0.1281767320080239
9,sympy__sympy-13757,1791020973.4272752,4.019899368286133,4443,3136,1307,0,0,1119,188,1119,0.11086190310732723,0.0,0.09480776845965214,0.09480776845965214,0.25886999735696903
8,sympy__sympy-11618,1791020974.1967437,225.23366260528564,7383,6272,1111,0,0,281,830,281,0.09769157511407259,0.0,0.024589308515301975,0.024589308515301975,0.527806128077623
16,pytest-dev__pytest-6202,1791020975.122765,42.41255235671997,6589,4704,1885,0,0,1387,498,1387,0.16347171263859728,0.0,0.11993046291301564,0.11993046291301564,0.3920797960468354
7,django__django-16255,1791020975.822455,6.942167520523071,10545,9408,1137,0,0,425,712,425,0.10364253105514497,0.0,0.038585748218777464,0.038585748218777464,0.8068083921619618
29,sympy__sympy-15875,1791020976.596458,7.873175144195557,1499,0,1499,1499,0,0,0,0,0.1224833682527671,0.0,0.0,0.0,0.0
20,django__django-11749,1791020976.9343219,127.25347352027893,5832,4704,1128,0,0,779,349,779,0.09738585625711743,0.0,0.0671158113385285,0.0671158113385285,0.3920797960468354
9,sympy__sympy-13757,1791020977.5691736,22.31970191001892,4925,3136,1789,0,0,1307,482,1307,0.1521872449181775,0.0,0.11086190310732723,0.11086190310732723,0.25886999735696903
12,sympy__sympy-20916,1791020977.9380348,8.39383578300476,9299,7840,1459,0,0,1193,266,1193,0.13089307764863525,0.0,0.10686668331787108,0.10686668331787108,0.6660489934493318
23,django__django-13821,1791020978.1431496,11.61894965171814,5747,4704,1043,0,0,290,753,290,0.09000201147594804,0.0,0.024912771903159495,0.024912771903159495,0.3920797960468354
27,sympy__sympy-11618,1791020978.7132542,3.3180994987487793,2899,1568,1331,0,0,1005,326,1005,0.1107778065629289,0.0,0.0834774772845848,0.0834774772845848,0.1281767320080239
22,django__django-13112,1791020979.1465793,6.507724285125732,6747,4704,2043,0,0,867,1176,867,0.17733904935975384,0.0,0.07473661831892169,0.07473661831892169,0.3920797960468354
11,sympy__sympy-18211,1791020980.2909765,11.92530107498169,9604,7840,1764,0,0,1559,205,1559,0.1585312673022423,0.0,0.13994428775044715,0.13994428775044715,0.6660489934493318
28,sympy__sympy-13757,1791020980.3298073,5.95322847366333,2129,0,2129,0,0,1506,623,1506,0.17464713198066126,0.0,0.12306073376899009,0.12306073376899009,0.0
6,django__django-15380,1791020981.0970304,3.5726239681243896,10232,9408,824,0,0,320,504,320,0.07497921646867842,0.0,0.02903560295908391,0.02903560295908391,0.8068083921619618
30,sympy__sympy-18211,1791020981.6983964,8.014495372772217,1547,0,1547,1547,0,0,0,0,0.12644345325499642,0.0,0.0,0.0,0.0
27,sympy__sympy-11618,1791020982.1832662,7.630496025085449,3637,1568,2069,0,0,1331,738,1331,0.17298225597865213,0.0,0.1107778065629289,0.1107778065629289,0.1281767320080239
7,django__django-16255,1791020982.9426455,2.8315865993499756,10674,9408,1266,0,0,1137,129,1137,0.1154850265008677,0.0,0.10364253105514497,0.10364253105514497,0.8068083921619618
10,sympy__sympy-15875,1791020983.2046313,155.8301441669464,5203,4704,499,0,0,275,224,275,0.042920522607451446,0.0,0.023622069173784427,0.023622069173784427,0.3920797960468354
26,django__django-16255,1791020984.0172708,5.7251551151275635,5541,4704,837,0,0,611,226,611,0.07213772544764746,0.0,0.052589008508016497,0.052589008508016497,0.3920797960468354
6,django__django-15380,1791020984.8011456,2.7895264625549316,10551,9408,1143,0,0,824,319,824,0.1041929671055439,0.0,0.07497921646867842,0.07497921646867842,0.8068083921619618
22,django__django-13112,1791020985.87333,34.093855142593384,7156,6272,884,0,0,475,409,475,0.07762849305717995,0.0,0.04161271732896625,0.04161271732896625,0.527806128077623
7,django__django-16255,1791020986.2956932,5.369424819946289,11174,9408,1766,0,0,1266,500,1266,0.16154712543619143,0.0,0.1154850265008677,0.1154850265008677,0.8068083921619618
29,sympy__sympy-15875,1791020986.4777617,9.006986141204834,3121,1568,1553,0,0,0,1553,0,0.12943108905720813,0.0,0.0,0.0,0.1281767320080239
31,sympy__sympy-20916,1791020986.734331,7.427621841430664,1425,0,1425,1425,0,0,0,0,0.11638285752842058,0.0,0.0,0.0,0.0
28,sympy__sympy-13757,1791020986.7378557,6.120858192443848,2540,1568,972,0,0,561,411,561,0.08072001003970838,0.0,0.04647039997263737,0.04647039997263737,0.1281767320080239
12,sympy__sympy-20916,1791020986.927513,75.42169737815857,9610,7840,1770,0,0,1459,311,1459,0.15907592436925747,0.0,0.13089307764863525,0.13089307764863525,0.6660489934493318
6,django__django-15380,1791020987.6978984,19.48281192779541,10759,9408,1351,0,0,1143,208,1143,0.1232975303940083,0.0,0.1041929671055439,0.1041929671055439,0.8068083921619618
27,sympy__sympy-11618,1791020989.9570262,5.167608022689819,4628,3136,1492,0,0,501,991,501,0.12669516991191135,0.0,0.04228899062970703,0.04228899062970703,0.25886999735696903
26,django__django-16255,1791020989.9803221,8.76798963546753,6140,4704,1436,0,0,837,599,837,0.12420338250197656,0.0,0.07213772544764746,0.07213772544764746,0.3920797960468354
23,django__django-13821,1791020990.0410907,9.013470888137817,6300,4704,1596,0,0,1043,553,1043,0.13817288681201853,0.0,0.09000201147594804,0.09000201147594804,0.3920797960468354
13,sympy__sympy-23262,1791020990.6536756,29.411649227142334,10509,9408,1101,0,0,622,479,622,0.10034068855924061,0.0,0.05653408744891501,0.05653408744891501,0.8068083921619618
25,django__django-15380,1791020990.8016415,6.276873588562012,7140,4704,2436,0,0,768,1668,768,0.21194267693374658,0.0,0.06616376779089121,0.06616376779089121,0.3920797960468354
7,django__django-16255,1791020991.8136156,3.778540849685669,11345,10976,369,0,0,198,171,198,0.034083152997872,0.0,0.01827119338264019,0.01827119338264019,0.9500843242155129
30,sympy__sympy-18211,1791020991.9425814,9.204187154769897,2992,0,2992,0,0,1547,1445,1547,0.24676261172173283,0.0,0.12644345325499642,0.12644345325499642,0.0
11,sympy__sympy-18211,1791020992.4695532,8.195636987686157,11205,9408,1797,0,0,196,1601,196,0.16441139992773368,0.0,0.017771868589612272,0.017771868589612272,0.8068083921619618
28,sympy__sympy-13757,1791020992.9851744,3.9331748485565186,2747,1568,1179,0,0,972,207,972,0.09803528320630771,0.0,0.08072001003970838,0.08072001003970838,0.1281767320080239
14,pytest-dev__pytest-10051,1791020993.0021305,185.9386646747589,4516,3136,1380,0,0,946,434,946,0.11710544031624848,0.0,0.08006651080561444,0.08006651080561444,0.25886999735696903
19,django__django-10973,1791020993.2213852,96.90118908882141,4502,1568,2934,0,0,1513,1421,1513,0.24660089223997317,0.0,0.12606641152148904,0.12606641152148904,0.1281767320080239
17,pylint-dev__pylint-6528,1791020993.225465,3.074676752090454,8658,7840,818,0,0,317,501,317,0.07311790514208792,0.0,0.028254144044717884,0.028254144044717884,0.6660489934493318
31,sympy__sympy-20916,1791020994.4860334,9.084315299987793,3300,0,3300,0,0,1425,1875,1425,0.2726848151990722,0.0,0.11638285752842058,0.11638285752842058,0.0
7,django__django-16255,1791020995.7197692,5.162994623184204,12247,10976,1271,0,0,369,902,369,0.11798424938625957,0.0,0.034083152997872,0.034083152997872,0.9500843242155129
29,sympy__sympy-15875,1791020996.0723534,3.873840570449829,3625,1568,2057,0,0,1553,504,1553,0.1719663429173129,0.0,0.12943108905720813,0.12943108905720813,0.1281767320080239
27,sympy__sympy-11618,1791020996.6048064,11.551827192306519,4932,3136,1796,0,0,1492,304,1492,0.15278915729580836,0.0,0.12669516991191135,0.12669516991191135,0.25886999735696903
28,sympy__sympy-13757,1791020997.077707,42.999409198760986,3431,1568,1863,0,0,1179,684,1179,0.15556286773950714,0.0,0.09803528320630771,0.09803528320630771,0.1281767320080239
25,django__django-15380,1791020997.2242992,4.928023815155029,7283,6272,1011,0,0,868,143,868,0.08884671340938433,0.0,0.07621634490295902,0.07621634490295902,0.527806128077623
17,pylint-dev__pylint-6528,1791020997.4011776,5.607609510421753,8812,7840,972,0,0,818,154,818,0.08695998556872733,0.0,0.07311790514208792,0.07311790514208792,0.6660489934493318
26,django__django-16255,1791020999.0998123,6.435327529907227,7005,4704,2301,0,0,1436,865,1436,0.2000381094521389,0.0,0.12420338250197656,0.12420338250197656,0.3920797960468354
23,django__django-13821,1791020999.4735827,15.795161247253418,7581,6272,1309,0,0,28,1281,28,0.1152345981663987,0.0,0.002446554781230982,0.002446554781230982,0.527806128077623
29,sympy__sympy-15875,1791021000.0754704,145.14642930030823,4718,3136,1582,0,0,489,1093,489,0.13441050672454644,0.0,0.041273077568367754,0.041273077568367754,0.25886999735696903
9,sympy__sympy-13757,1791021000.2009559,3.7232213020324707,5619,4704,915,0,0,221,694,221,0.07889676300521946,0.0,0.01897744622831118,0.01897744622831118,0.3920797960468354
11,sympy__sympy-18211,1791021000.8924127,60.56310200691223,11813,10976,837,0,0,229,608,229,0.07751103770874711,0.0,0.021135467874182468,0.021135467874182468,0.9500843242155129
7,django__django-16255,1791021001.260953,4.690924644470215,12813,10976,1837,0,0,1271,566,1271,0.17105695147029107,0.0,0.11798424938625957,0.11798424938625957,0.9500843242155129
30,sympy__sympy-18211,1791021001.49876,3.837782382965088,3260,1568,1692,0,0,1424,268,1424,0.14113607701185987,0.0,0.11858587971370892,0.11858587971370892,0.1281767320080239
25,django__django-15380,1791021002.2881894,24.054885149002075,8340,6272,2068,0,0,1011,1057,1011,0.18285458891653547,0.0,0.08884671340938433,0.08884671340938433,0.527806128077623
17,pylint-dev__pylint-6528,1791021003.1678803,81.12716937065125,9342,7840,1502,0,0,972,530,972,0.13478384362753007,0.0,0.08695998556872733,0.08695998556872733,0.6660489934493318
31,sympy__sympy-20916,1791021003.8241313,4.905580282211304,3636,3136,500,0,0,164,336,164,0.042204325578384196,0.0,0.013814817842103116,0.013814817842103116,0.25886999735696903
9,sympy__sympy-13757,1791021004.0537517,33.931069135665894,6355,4704,1651,0,0,915,736,915,0.1429809556790022,0.0,0.07889676300521946,0.07889676300521946,0.3920797960468354
4,django__django-13821,1791021004.9818273,105.41911196708679,7049,4704,2345,0,0,1280,1065,1280,0.2039160674771081,0.0,0.11060834434776252,0.11060834434776252,0.3920797960468354
30,sympy__sympy-18211,1791021005.469769,29.390117168426514,4418,3136,1282,0,0,124,1158,124,0.10872495928614666,0.0,0.010442811662914744,0.010442811662914744,0.25886999735696903
26,django__django-16255,1791021005.678736,9.871472835540771,7420,6272,1148,0,0,733,415,733,0.10096676814129786,0.0,0.06431177742135133,0.06431177742135133,0.527806128077623
7,django__django-16255,1791021006.0895815,3.2165470123291016,12977,12544,433,0,0,269,164,269,0.04070371207263571,0.0,0.025264486075818604,0.025264486075818604,1.0958767896099852
6,django__django-15380,1791021007.563893,10.56363844871521,11382,9408,1974,0,0,1351,623,1351,0.18078432488880694,0.0,0.1232975303940083,0.1232975303940083,0.8068083921619618
27,sympy__sympy-11618,1791021008.4382021,14.282877683639526,5702,4704,998,0,0,228,770,228,0.08609591107418951,0.0,0.019579358605942003,0.019579358605942003,0.3920797960468354
31,sympy__sympy-20916,1791021008.9845746,3.827118158340454,4073,3136,937,0,0,500,437,500,0.07930046285964053,0.0,0.042204325578384196,0.042204325578384196,0.25886999735696903
7,django__django-16255,1791021010.2682076,19.78695821762085,13204,12544,660,0,0,433,227,433,0.062119284022693406,0.0,0.04070371207263571,0.04070371207263571,1.0958767896099852
18,astropy__astropy-12907,1791021011.2057126,55.53051686286926,4971,3136,1835,0,0,1494,341,1494,0.156143587241578,0.0,0.12686653176836798,0.12686653176836798,0.25886999735696903
3,django__django-13112,1791021012.1557279,5.70042085647583,14360,12544,1816,0,0,892,924,892,0.17199652213388084,0.0,0.08406106269160976,0.08406106269160976,1.0958767896099852
31,sympy__sympy-20916,1791021012.9439638,5.843144178390503,4945,3136,1809,0,0,937,872,937,0.15390712763051376,0.0,0.07930046285964053,0.07930046285964053,0.25886999735696903
23,django__django-13821,1791021015.5548427,21.986769914627075,8871,6272,2599,0,0,1309,1290,1309,0.23051241714811982,0.0,0.1152345981663987,0.1152345981663987,0.527806128077623
26,django__django-16255,1791021016.5942554,8.941024541854858,7729,6272,1457,0,0,1148,309,1148,0.12837377195765737,0.0,0.10096676814129786,0.10096676814129786,0.527806128077623
16,pytest-dev__pytest-6202,1791021017.8502772,7.566141366958618,7212,6272,940,0,0,317,623,317,0.08257307508092442,0.0,0.027745380607809705,0.027745380607809705,0.527806128077623
3,django__django-13112,1791021018.2669463,8.97969388961792,15387,14112,1275,0,0,248,1027,248,0.12245074755454734,0.0,0.023687523398487172,0.023687523398487172,1.244185788345379
6,django__django-15380,1791021018.302355,12.829077243804932,11630,10976,654,0,0,406,248,406,0.060502929533402666,0.0,0.03750839283525572,0.03750839283525572,0.9500843242155129
22,django__django-13112,1791021020.11546,13.24728536605835,8331,6272,2059,0,0,884,1175,884,0.18204931635114405,0.0,0.07762849305717995,0.07762849305717995,0.527806128077623
31,sympy__sympy-20916,1791021020.6034558,6.276943206787109,5130,4704,426,0,0,241,185,241,0.03662565316408503,0.0,0.020697328940647394,0.020697328940647394,0.3920797960468354
13,sympy__sympy-23262,1791021020.8016021,73.90687251091003,11731,9408,2323,0,0,1101,1222,1101,0.2131616117167545,0.0,0.10034068855924061,0.10034068855924061,0.8068083921619618
27,sympy__sympy-11618,1791021022.9683647,22.814228534698486,6155,4704,1451,0,0,998,453,998,0.12551191041654958,0.0,0.08609591107418951,0.08609591107418951,0.3920797960468354
26,django__django-16255,1791021025.6843786,4.6991400718688965,7997,6272,1725,0,0,1457,268,1457,0.15222338687348103,0.0,0.12837377195765737,0.12837377195765737,0.527806128077623
16,pytest-dev__pytest-6202,1791021025.6926816,3.6082522869110107,7604,6272,1332,0,0,940,392,940,0.1172750254378829,0.0,0.08257307508092442,0.08257307508092442,0.527806128077623
25,django__django-15380,1791021026.654894,3.6632707118988037,8801,7840,961,0,0,500,461,500,0.08597046051338038,0.0,0.04461172354482668,0.04461172354482668,0.6660489934493318
3,django__django-13112,1791021027.3809085,6.848904609680176,15847,14112,1735,0,0,1275,460,1275,0.167037505523173,0.0,0.12245074755454734,0.12245074755454734,1.244185788345379
31,sympy__sympy-20916,1791021027.629847,13.54757833480835,5410,4704,706,0,0,426,280,426,0.060800020460453706,0.0,0.03662565316408503,0.03662565316408503,0.3920797960468354
16,pytest-dev__pytest-6202,1791021029.4174833,4.8022379875183105,8072,6272,1800,0,0,1332,468,1332,0.15891088486352334,0.0,0.1172750254378829,0.1172750254378829,0.527806128077623
5,django__django-14787,1791021029.6283038,4.452128171920776,4402,1568,2834,0,1568,567,699,2135,0.23805091631510297,0.13069326534894513,0.04787914709392917,0.1785724124428743,0.1281767320080239
7,django__django-16255,1791021030.4055176,6.5474395751953125,13713,12544,1169,0,0,660,509,660,0.11033094675258075,0.0,0.062119284022693406,0.062119284022693406,1.0958767896099852
25,django__django-15380,1791021030.4851563,24.503169775009155,9419,7840,1579,0,0,961,618,961,0.14175575803507812,0.0,0.08597046051338038,0.08597046051338038,0.6660489934493318
26,django__django-16255,1791021030.853715,29.394306898117065,8234,7840,394,0,0,157,237,157,0.03513266430794279,0.0,0.013980521501772241,0.013980521501772241,0.6660489934493318
6,django__django-15380,1791021031.32622,4.142230987548828,11979,10976,1003,0,0,654,349,654,0.0929688069688296,0.0,0.060502929533402666,0.060502929533402666,0.9500843242155129
22,django__django-13112,1791021033.6146595,3.966071128845215,8789,7840,949,0,0,491,458,491,0.08489111988521096,0.0,0.04380645097943525,0.04380645097943525,0.6660489934493318
5,django__django-14787,1791021034.2000318,2.26924204826355,4522,3136,1386,0,0,1266,120,1266,0.11761885034027067,0.0,0.10735765096615785,0.10735765096615785,0.25886999735696903
3,django__django-13112,1791021034.399572,6.9292311668396,16168,15680,488,0,0,167,321,167,0.04745407924034859,0.0,0.016211973446858128,0.016211973446858128,1.3950113204216938
30,sympy__sympy-18211,1791021035.1151693,9.342258930206299,5344,3136,2208,0,0,1282,926,1282,0.18830434709524105,0.0,0.10872495928614666,0.10872495928614666,0.25886999735696903
21,django__django-12262,1791021035.794916,5.329988718032837,6437,3136,3301,0,0,331,2970,331,0.28336489725270203,0.0,0.027910635251673324,0.027910635251673324,0.25886999735696903
6,django__django-15380,1791021035.9415796,42.2314248085022,12253,10976,1277,0,0,1003,274,1003,0.1185451379655842,0.0,0.0929688069688296,0.0929688069688296,0.9500843242155129
5,django__django-14787,1791021036.5988896,6.624470949172974,5428,3136,2292,0,0,1386,906,1386,0.19556663079001263,0.0,0.11761885034027067,0.11761885034027067,0.25886999735696903
7,django__django-16255,1791021037.0912395,3.291081666946411,13995,12544,1451,0,0,1169,282,1169,0.1371556919142431,0.0,0.11033094675258075,0.11033094675258075,1.0958767896099852
22,django__django-13112,1791021037.7043319,33.503413915634155,9792,7840,1952,0,0,949,1003,949,0.17561469968964108,0.0,0.08489111988521096,0.08489111988521096,0.6660489934493318
23,django__django-13821,1791021037.8366563,3.251146078109741,9241,7840,1401,0,0,1031,370,1031,0.12564806571198325,0.0,0.09226955177641105,0.09226955177641105,0.6660489934493318
16,pytest-dev__pytest-6202,1791021037.9537122,6.535645246505737,8263,7840,423,0,0,232,191,232,0.03772484903746823,0.0,0.020668019491814564,0.020668019491814564,0.6660489934493318
9,sympy__sympy-13757,1791021038.1636631,9.53321385383606,7622,6272,1350,0,0,83,1267,83,0.11887225925465487,0.0,0.0072546236482146295,0.0072546236482146295,0.527806128077623
28,sympy__sympy-13757,1791021040.4849045,32.66986346244812,3918,3136,782,0,0,295,487,295,0.06612042426691254,0.0,0.024869602390562018,0.024869602390562018,0.25886999735696903
7,django__django-16255,1791021040.5019794,13.400705337524414,14258,12544,1714,0,0,1451,263,1451,0.16224645161439383,0.0,0.1371556919142431,0.1371556919142431,1.0958767896099852
23,django__django-13821,1791021041.2235792,76.93434453010559,9850,7840,2010,0,0,1401,609,1401,0.18089242235087283,0.0,0.12564806571198325,0.12564806571198325,0.6660489934493318
31,sympy__sympy-20916,1791021041.31134,4.626994371414185,5613,4704,909,0,0,706,203,706,0.07837661595168402,0.0,0.060800020460453706,0.060800020460453706,0.3920797960468354
21,django__django-12262,1791021041.3922663,183.95058274269104,10104,6272,3832,0,0,165,3667,165,0.3422886304561937,0.0,0.014428766532048096,0.014428766532048096,0.527806128077623
3,django__django-13112,1791021042.6083748,13.29671311378479,16815,15680,1135,0,0,488,647,488,0.11074545173853974,0.0,0.04745407924034859,0.04745407924034859,1.3950113204216938
5,django__django-14787,1791021043.349244,4.139021873474121,6417,4704,1713,0,0,724,989,724,0.14840467301235377,0.0,0.06235683210014629,0.06235683210014629,0.3920797960468354
24,django__django-14787,1791021044.4015956,3.8828186988830566,4896,1568,3328,0,1568,1219,541,2787,0.2803874075690375,0.13069326534894513,0.10334269814723206,0.23403596349617717,0.1281767320080239
30,sympy__sympy-18211,1791021044.6083424,13.792892217636108,7209,4704,2505,0,0,640,1865,640,0.21803443741650358,0.0,0.055094548405374706,0.055094548405374706,0.3920797960468354
27,sympy__sympy-11618,1791021045.9322295,41.87742757797241,6466,4704,1762,0,0,1451,311,1451,0.1526939428458368,0.0,0.12551191041654958,0.12551191041654958,0.3920797960468354
31,sympy__sympy-20916,1791021046.0447698,3.6548666954040527,5820,4704,1116,0,0,909,207,909,0.09634298279508254,0.0,0.07837661595168402,0.07837661595168402,0.3920797960468354
16,pytest-dev__pytest-6202,1791021046.553922,6.967696666717529,8790,7840,950,0,0,423,527,423,0.08498105930801385,0.0,0.03772484903746823,0.03772484903746823,0.6660489934493318
5,django__django-14787,1791021047.6185513,165.246196269989,7539,6272,1267,0,0,145,1122,145,0.11150999769081565,0.0,0.0126783409815662,0.0126783409815662,0.527806128077623
9,sympy__sympy-13757,1791021047.8291073,3.294793128967285,7809,6272,1537,0,0,1350,187,1350,0.13548536286948176,0.0,0.11887225925465487,0.11887225925465487,0.527806128077623
24,django__django-14787,1791021048.4111452,3.536133289337158,5827,4704,1123,0,0,192,931,192,0.09695130773574898,0.0,0.016484343530226032,0.016484343530226032,0.3920797960468354
31,sympy__sympy-20916,1791021049.8538015,31.34009075164795,7977,4704,3273,0,0,1116,2157,1116,0.2861673584828033,0.0,0.09634298279508254,0.09634298279508254,0.3920797960468354
9,sympy__sympy-13757,1791021051.2635624,10.070765018463135,7950,6272,1678,0,0,1537,141,1537,0.14803548932776955,0.0,0.13548536286948176,0.13548536286948176,0.527806128077623
24,django__django-14787,1791021052.0831208,5.509170770645142,8402,4704,3698,0,0,1123,2575,1123,0.3241306070169544,0.0,0.09695130773574898,0.09695130773574898,0.3920797960468354
16,pytest-dev__pytest-6202,1791021054.2025688,20.878442525863647,9154,7840,1314,0,0,950,364,950,0.11778700387106707,0.0,0.08498105930801385,0.08498105930801385,0.6660489934493318
25,django__django-15380,1791021055.2363043,3.977518320083618,10674,9408,1266,0,0,11,1255,11,0.1154850265008677,0.0,0.0009963593224481143,0.0009963593224481143,0.8068083921619618
3,django__django-13112,1791021056.0148673,10.1403329372406,17823,15680,2143,0,0,1135,1008,1135,0.2102046331901808,0.0,0.11074545173853974,0.11074545173853974,1.3950113204216938
24,django__django-14787,1791021057.8299265,154.5435085296631,9985,7840,2145,0,0,562,1583,562,0.1931901111649471,0.0,0.05016140961445805,0.05016140961445805,0.6660489934493318
30,sympy__sympy-18211,1791021058.8569639,6.553610563278198,7511,6272,1239,0,0,937,302,937,0.10902793378957965,0.0,0.08230810538571602,0.08230810538571602,0.527806128077623
25,django__django-15380,1791021059.3556368,16.454641103744507,11368,9408,1960,0,0,1266,694,1266,0.17948812340145798,0.0,0.1154850265008677,0.1154850265008677,0.8068083921619618
26,django__django-16255,1791021060.5883317,25.744367599487305,9095,7840,1255,0,0,394,861,394,0.11246034738963942,0.0,0.03513266430794279,0.03513266430794279,0.6660489934493318
9,sympy__sympy-13757,1791021061.506278,5.06131649017334,8231,7840,391,0,0,110,281,110,0.03486455639752815,0.0,0.009792623956060767,0.009792623956060767,0.6660489934493318
11,sympy__sympy-18211,1791021061.5903025,59.107422828674316,12604,10976,1628,0,0,837,791,837,0.1514212490688702,0.0,0.07751103770874711,0.07751103770874711,0.9500843242155129
12,sympy__sympy-20916,1791021063.1553216,89.32027673721313,11388,9408,1980,0,0,202,1778,202,0.18133990122516994,0.0,0.018316525656627475,0.018316525656627475,0.8068083921619618
30,sympy__sympy-18211,1791021065.8547325,7.070478439331055,7763,6272,1491,0,0,1239,252,1239,0.131395397676301,0.0,0.10902793378957965,0.10902793378957965,0.527806128077623
3,django__django-13112,1791021066.3093722,6.820191144943237,18575,17248,1327,0,0,575,752,575,0.13173962137218753,0.0,0.0568625677729447,0.0568625677729447,1.54835338583893
9,sympy__sympy-13757,1791021066.985434,12.62247085571289,8448,7840,608,0,0,391,217,391,0.054281461140897956,0.0,0.03486455639752815,0.03486455639752815,0.6660489934493318
18,astropy__astropy-12907,1791021067.1109602,15.573626518249512,7031,4704,2327,0,0,267,2060,267,0.2023293905917247,0.0,0.022933788551711652,0.022933788551711652,0.3920797960468354
7,sympy__sympy-23262,1791021069.6066782,7.797669410705566,1640,0,1640,1640,0,0,0,0,0.13412282887571325,0.0,0.0,0.0,0.0
15,pytest-dev__pytest-5631,1791021069.632828,4.47692608833313,4141,0,4141,0,3136,285,720,3421,0.34396043127907033,0.25886999735696903,0.02402510645757147,0.2828951038145405,0.0
22,django__django-13112,1791021071.4627595,33.90415644645691,10757,9408,1349,0,0,384,965,384,0.12311362181804798,0.0,0.03485530097701108,0.03485530097701108,0.8068083921619618
30,sympy__sympy-18211,1791021073.3536594,2.7125513553619385,8043,6272,1771,0,0,1491,280,1491,0.156324369597151,0.0,0.131395397676301,0.131395397676301,0.527806128077623
28,sympy__sympy-13757,1791021073.4102933,6.019251585006714,4360,3136,1224,0,0,782,442,782,0.10376971331441981,0.0,0.06612042426691254,0.06612042426691254,0.25886999735696903
3,django__django-13112,1791021073.4208329,7.095594882965088,19237,17248,1989,0,0,1327,662,1327,0.19813438333709327,0.0,0.13173962137218753,0.13173962137218753,1.54835338583893
15,pytest-dev__pytest-5631,1791021074.2357063,2.5888633728027344,4504,3136,1368,0,0,1005,363,1005,0.11607873081198827,0.0,0.08509043392210126,0.08509043392210126,0.25886999735696903
30,sympy__sympy-18211,1791021076.2405179,59.95597863197327,8148,7840,308,0,0,203,105,203,0.027450557272035103,0.0,0.01808150422544224,0.01808150422544224,0.6660489934493318
15,pytest-dev__pytest-5631,1791021076.932882,7.243395090103149,5072,3136,1936,0,0,1368,568,1368,0.164837937214528,0.0,0.11607873081198827,0.11607873081198827,0.25886999735696903
25,django__django-15380,1791021076.992929,4.321634292602539,11943,10976,967,0,0,392,575,392,0.08961412454409036,0.0,0.03621219134790674,0.03621219134790674,0.9500843242155129
6,django__django-15380,1791021078.5138967,7.6532697677612305,13377,10976,2401,0,0,1277,1124,1277,0.22426828308108054,0.0,0.1185451379655842,0.1185451379655842,0.9500843242155129
7,sympy__sympy-23262,1791021079.4178278,6.8742780685424805,3163,1568,1595,0,0,72,1523,72,0.13296576302893862,0.0,0.005946096867689348,0.005946096867689348,0.1281767320080239
28,sympy__sympy-13757,1791021079.6798341,5.959584474563599,5153,3136,2017,0,0,1224,793,1224,0.17181817834075777,0.0,0.10376971331441981,0.10376971331441981,0.25886999735696903
9,sympy__sympy-13757,1791021080.038134,14.895336151123047,9004,7840,1164,0,0,608,556,608,0.10425164263741424,0.0,0.054281461140897956,0.054281461140897956,0.6660489934493318
3,django__django-13112,1791021080.6413968,11.236571311950684,20060,18816,1244,0,0,421,823,421,0.12544338367325653,0.0,0.04227578457893594,0.04227578457893594,1.7042119845970873
31,sympy__sympy-20916,1791021081.3524144,7.619073867797852,8460,7840,620,0,0,137,483,137,0.05535661338791147,0.0,0.012198161080306927,0.012198161080306927,0.6660489934493318
25,django__django-15380,1791021081.4611082,2.9409244060516357,12089,10976,1113,0,0,967,146,967,0.10322744462393016,0.0,0.08961412454409036,0.08961412454409036,0.9500843242155129
16,pytest-dev__pytest-6202,1791021081.6868792,4.9317100048065186,9650,7840,1810,0,0,1314,496,1314,0.16270791315196473,0.0,0.11778700387106707,0.11778700387106707,0.6660489934493318
18,astropy__astropy-12907,1791021082.8407586,5.402559518814087,7408,6272,1136,0,0,759,377,759,0.09990438984267772,0.0,0.06660305856093712,0.06660305856093712,0.527806128077623
15,pytest-dev__pytest-5631,1791021084.466696,5.070867538452148,5309,4704,605,0,0,368,237,368,0.05207072841616933,0.0,0.03162813852466167,0.03162813852466167,0.3920797960468354
25,django__django-15380,1791021084.5465991,17.936715126037598,12383,10976,1407,0,0,1113,294,1113,0.13070677206439707,0.0,0.10322744462393016,0.10322744462393016,0.9500843242155129
17,pylint-dev__pylint-6528,1791021084.5677075,10.726748943328857,10491,7840,2651,0,0,1502,1149,1502,0.23944966347094723,0.0,0.13478384362753007,0.13478384362753007,0.6660489934493318
28,sympy__sympy-13757,1791021085.8768947,31.939963579177856,6023,4704,1319,0,0,449,870,449,0.11400476864887536,0.0,0.03860837965089141,0.03860837965089141,0.3920797960468354
6,django__django-15380,1791021086.3340752,3.4223439693450928,13507,12544,963,0,0,833,130,833,0.09078701343119333,0.0,0.07847581768660811,0.07847581768660811,1.0958767896099852
7,sympy__sympy-23262,1791021086.5774922,7.3805389404296875,3534,3136,398,0,0,27,371,27,0.033573867070290565,0.0,0.002272497679993495,0.002272497679993495,0.25886999735696903
26,django__django-16255,1791021086.645039,8.65500545501709,9869,7840,2029,0,0,1255,774,1255,0.18262208022794477,0.0,0.11246034738963942,0.11246034738963942,0.6660489934493318
27,sympy__sympy-11618,1791021087.9962635,11.651848793029785,6905,6272,633,0,0,194,439,194,0.05550560604112376,0.0,0.016967610815049206,0.016967610815049206,0.527806128077623
18,astropy__astropy-12907,1791021088.4125288,8.52206563949585,7670,6272,1398,0,0,1136,262,1136,0.12313317074154803,0.0,0.09990438984267772,0.09990438984267772,0.527806128077623
31,sympy__sympy-20916,1791021089.108702,5.667003631591797,8658,7840,818,0,0,620,198,620,0.07311790514208792,0.0,0.05535661338791147,0.05535661338791147,0.6660489934493318
6,django__django-15380,1791021090.2713034,2.7703962326049805,13981,12544,1437,0,0,963,474,963,0.13582204679066606,0.0,0.09078701343119333,0.09078701343119333,1.0958767896099852
19,django__django-10973,1791021090.4244387,8.706300735473633,4945,0,4945,0,3136,1366,443,4502,0.4127771249874828,0.25886999735696903,0.11590762689102803,0.37477762424799704,0.0
3,django__django-13112,1791021092.0472593,2.656019687652588,20267,18816,1451,0,0,1244,207,1244,0.14647071711239792,0.0,0.12544338367325653,0.12544338367325653,1.7042119845970873
6,django__django-15380,1791021093.1732328,4.958679914474487,14361,12544,1817,0,0,1437,380,1437,0.17209216377355066,0.0,0.13582204679066606,0.13582204679066606,1.0958767896099852
7,sympy__sympy-23262,1791021094.419829,6.571092128753662,3806,3136,670,0,0,398,272,398,0.056612087650115134,0.0,0.033573867070290565,0.033573867070290565,0.25886999735696903
3,django__django-13112,1791021094.8261473,36.10433578491211,20467,18816,1651,0,0,1451,200,1451,0.16682863993458152,0.0,0.14647071711239792,0.14647071711239792,1.7042119845970873
31,sympy__sympy-20916,1791021094.9572573,3.245112180709839,9198,7840,1358,0,0,818,540,818,0.1217617450261872,0.0,0.07311790514208792,0.07311790514208792,0.6660489934493318
13,sympy__sympy-23262,1791021095.19089,8.294413805007935,12179,10976,1203,0,0,755,448,755,0.11163008741466325,0.0,0.06988567966320328,0.06988567966320328,0.9500843242155129
9,sympy__sympy-13757,1791021095.35613,4.526849269866943,9298,7840,1458,0,0,1164,294,1164,0.13080261723707176,0.0,0.10425164263741424,0.10425164263741424,0.6660489934493318
26,django__django-16255,1791021095.4566386,4.320709705352783,9997,9408,589,0,0,461,128,461,0.05352474312113888,0.0,0.04186268151531476,0.04186268151531476,0.8068083921619618
17,pylint-dev__pylint-6528,1791021095.855231,5.0179221630096436,11138,9408,1730,0,0,1083,647,1083,0.1582221055935387,0.0,0.09869026475831721,0.09869026475831721,0.8068083921619618
18,astropy__astropy-12907,1791021097.4377518,17.5916428565979,8001,6272,1729,0,0,1398,331,1398,0.15257990808834482,0.0,0.12313317074154803,0.12313317074154803,0.527806128077623
15,pytest-dev__pytest-5631,1791021097.893564,19.322946786880493,5519,4704,815,0,0,605,210,605,0.07023245614801439,0.0,0.05207072841616933,0.05207072841616933,0.3920797960468354
31,sympy__sympy-20916,1791021098.3450778,5.397620677947998,9385,7840,1545,0,0,1358,187,1358,0.13867650215695207,0.0,0.1217617450261872,0.1217617450261872,0.6660489934493318
6,django__django-15380,1791021099.0694447,4.1118323802948,14599,14112,487,0,0,249,238,249,0.046574986166295976,0.0,0.023783165038157,0.023783165038157,1.244185788345379
19,django__django-10973,1791021099.4174016,12.540506839752197,5160,4704,456,0,0,241,215,241,0.03921192561999946,0.0,0.020697328940647394,0.020697328940647394,0.3920797960468354
9,sympy__sympy-13757,1791021100.089626,4.2929065227508545,9431,7840,1591,0,0,1458,133,1458,0.1428428367281397,0.0,0.13080261723707176,0.13080261723707176,0.6660489934493318
27,sympy__sympy-11618,1791021100.1238737,5.330492258071899,7393,6272,1121,0,0,633,488,633,0.09857662423899785,0.0,0.05550560604112376,0.05550560604112376,0.527806128077623
26,django__django-16255,1791021100.3376243,3.1026089191436768,10260,9408,852,0,0,589,263,589,0.07753926286832741,0.0,0.05352474312113888,0.05352474312113888,0.8068083921619618
17,pylint-dev__pylint-6528,1791021101.2940881,81.99737334251404,11300,10976,324,0,0,162,162,162,0.029919209219529074,0.0,0.014946173539987472,0.014946173539987472,0.9500843242155129
7,sympy__sympy-23262,1791021101.4979713,8.465177059173584,4152,3136,1016,0,0,670,346,670,0.08602749162210815,0.0,0.056612087650115134,0.056612087650115134,0.25886999735696903
25,django__django-15380,1791021102.812886,12.619632482528687,12970,10976,1994,0,0,1407,587,1407,0.1858366236709058,0.0,0.13070677206439707,0.13070677206439707,0.9500843242155129
16,pytest-dev__pytest-6202,1791021103.1426942,4.895846366882324,9927,9408,519,0,0,242,277,242,0.04714497536673278,0.0,0.02194851443933472,0.02194851443933472,0.8068083921619618
13,sympy__sympy-23262,1791021103.706412,55.16790819168091,13174,10976,2198,0,0,1203,995,1203,0.20507847301683735,0.0,0.11163008741466325,0.11163008741466325,0.9500843242155129
31,sympy__sympy-20916,1791021103.887933,4.719667434692383,10282,7840,2442,0,0,1545,897,1545,0.22031068956370947,0.0,0.13867650215695207,0.13867650215695207,0.6660489934493318
26,django__django-16255,1791021104.322021,5.889521598815918,10479,9408,1071,0,0,852,219,852,0.09759016646400856,0.0,0.07753926286832741,0.07753926286832741,0.8068083921619618
20,django__django-11749,1791021104.560927,4.4436705112457275,6096,0,6096,0,4704,1128,264,5832,0.512446158571915,0.3920797960468354,0.09738585625711743,0.48946565230395284,0.0
22,django__django-13112,1791021105.5041556,3.6682543754577637,12013,9408,2605,0,0,1349,1256,1349,0.23941426823003426,0.0,0.12311362181804798,0.12311362181804798,0.8068083921619618
27,sympy__sympy-11618,1791021105.607566,4.143208980560303,7524,6272,1252,0,0,1121,131,1121,0.11018022080439596,0.0,0.09857662423899785,0.09857662423899785,0.527806128077623
6,django__django-15380,1791021106.0321758,3.7857141494750977,14855,14112,743,0,0,487,256,487,0.07115527981071977,0.0,0.046574986166295976,0.046574986166295976,1.244185788345379
9,sympy__sympy-13757,1791021106.5135198,6.43083930015564,10074,9408,666,0,0,23,643,23,0.060548280452342354,0.0,0.002083438015509673,0.002083438015509673,0.8068083921619618
31,sympy__sympy-20916,1791021108.7780788,35.74366116523743,10983,9408,1575,0,0,874,701,874,0.14392119908920273,0.0,0.07955129085107947,0.07955129085107947,0.8068083921619618
20,django__django-11749,1791021109.2545252,5.977725028991699,6480,4704,1776,0,0,1392,384,1392,0.15391989989966492,0.0,0.12036636252507955,0.12036636252507955,0.3920797960468354
22,django__django-13112,1791021109.3058624,34.50399923324585,13428,10976,2452,0,0,1037,1415,1037,0.22909599792454616,0.0,0.09613833617648301,0.09613833617648301,0.9500843242155129
27,sympy__sympy-11618,1791021110.1681225,3.7906930446624756,7750,6272,1478,0,0,1252,226,1252,0.1302399304805826,0.0,0.11018022080439596,0.11018022080439596,0.527806128077623
26,django__django-16255,1791021110.3329563,4.074834108352661,10629,9408,1221,0,0,1071,150,1071,0.11135198892218326,0.0,0.09759016646400856,0.09759016646400856,0.8068083921619618
7,sympy__sympy-23262,1791021110.4547467,9.255963802337646,5083,3136,1947,0,0,1016,931,1016,0.16578547712651379,0.0,0.08602749162210815,0.08602749162210815,0.25886999735696903
4,django__django-13821,1791021110.734323,5.42218279838562,7449,0,7449,0,6272,777,400,7049,0.6313409189431759,0.527806128077623,0.06818973544632054,0.5959958635239435,0.0
6,django__django-15380,1791021111.2129204,24.010560750961304,15186,14112,1074,0,0,743,331,743,0.10303626805153118,0.0,0.07115527981071977,0.07115527981071977,1.244185788345379
19,django__django-10973,1791021112.419945,9.1597421169281,5566,4704,862,0,0,456,406,456,0.07430340553494533,0.0,0.03921192561999946,0.03921192561999946,0.3920797960468354
27,sympy__sympy-11618,1791021114.1354258,6.726779222488403,7904,6272,1632,0,0,1478,154,1478,0.1439388853662171,0.0,0.1302399304805826,0.1302399304805826,0.527806128077623
26,django__django-16255,1791021114.545241,7.448766231536865,10717,9408,1309,0,0,1221,88,1221,0.11943631008382966,0.0,0.11135198892218326,0.11135198892218326,0.8068083921619618
9,sympy__sympy-13757,1791021114.992279,6.867103338241577,10262,9408,854,0,0,666,188,666,0.0777221540320519,0.0,0.060548280452342354,0.060548280452342354,0.8068083921619618
18,astropy__astropy-12907,1791021115.547239,6.387916803359985,8628,7840,788,0,0,161,627,161,0.07042422097588502,0.0,0.014337042716636049,0.014337042716636049,0.6660489934493318
25,django__django-15380,1791021115.5784953,11.425314664840698,13238,12544,694,0,0,426,268,426,0.06533144423600257,0.0,0.04004415827643337,0.04004415827643337,1.0958767896099852
20,django__django-11749,1791021115.599876,6.490693092346191,6773,6272,501,0,0,208,293,208,0.043897132471290616,0.0,0.018193567868877346,0.018193567868877346,0.527806128077623
4,django__django-13821,1791021116.3117728,6.8417298793792725,8132,6272,1860,0,0,1177,683,1177,0.1642650286474637,0.0,0.10353479086555296,0.10353479086555296,0.527806128077623
15,pytest-dev__pytest-5631,1791021117.4706342,47.609816551208496,6150,4704,1446,0,0,815,631,815,0.1250757088561863,0.0,0.07023245614801439,0.07023245614801439,0.3920797960468354
28,sympy__sympy-13757,1791021118.1135182,4.924841403961182,6697,4704,1993,0,0,1319,674,1319,0.17294788806858094,0.0,0.11400476864887536,0.11400476864887536,0.3920797960468354
23,django__django-13821,1791021118.4482732,8.223629713058472,10656,0,10656,0,9408,442,806,9850,0.9206399549078413,0.8068083921619618,0.040133023638242823,0.8469414158002045,0.0
7,sympy__sympy-23262,1791021120.1909788,10.604551076889038,5315,4704,611,0,0,379,232,379,0.052589008508016497,0.0,0.03257567843664743,0.03257567843664743,0.3920797960468354
11,sympy__sympy-18211,1791021120.8256917,299.64782428741455,13520,12544,976,0,0,60,916,60,0.09201908439868323,0.0,0.005628783674397776,0.005628783674397776,1.0958767896099852
27,sympy__sympy-11618,1791021121.5458927,11.096420288085938,8122,7840,282,0,0,64,218,64,0.025129550090042238,0.0,0.0056960199945083065,0.0056960199945083065,0.6660489934493318
26,django__django-16255,1791021122.1242635,5.019155979156494,10994,9408,1586,0,0,1309,277,1309,0.14493529147702866,0.0,0.11943631008382966,0.11943631008382966,0.8068083921619618
20,django__django-11749,1791021122.356599,18.181615114212036,7242,6272,970,0,0,501,469,501,0.08522327869201912,0.0,0.043897132471290616,0.043897132471290616,0.527806128077623
28,sympy__sympy-13757,1791021123.2064972,42.34943103790283,7327,6272,1055,0,0,425,630,425,0.09273719154146473,0.0,0.03722155603779339,0.03722155603779339,0.527806128077623
4,django__django-13821,1791021123.2752876,2.801030397415161,8290,7840,450,0,0,292,158,292,0.040139036212825954,0.0,0.02602216327575492,0.02602216327575492,0.6660489934493318
18,astropy__astropy-12907,1791021124.0126257,4.943945646286011,9351,7840,1511,0,0,788,723,788,0.1355984295067381,0.0,0.07042422097588502,0.07042422097588502,0.6660489934493318
16,pytest-dev__pytest-6202,1791021124.115694,11.028080701828003,10346,9408,938,0,0,519,419,519,0.08540727998392933,0.0,0.04714497536673278,0.04714497536673278,0.8068083921619618
9,sympy__sympy-13757,1791021124.3488362,12.66892385482788,10597,9408,1189,0,0,854,335,854,0.1084142009953234,0.0,0.0777221540320519,0.0777221540320519,0.8068083921619618
4,django__django-13821,1791021126.2053518,85.87412691116333,9054,7840,1214,0,0,450,764,450,0.10876087083140562,0.0,0.040139036212825954,0.040139036212825954,0.6660489934493318
23,django__django-13821,1791021126.9125004,3.325019598007202,11991,9408,2583,0,0,1248,1335,1248,0.23736326128071836,0.0,0.11383156274587952,0.11383156274587952,0.8068083921619618
25,django__django-15380,1791021127.1644557,4.705699443817139,13482,12544,938,0,0,694,244,694,0.08841813237396008,0.0,0.06533144423600257,0.06533144423600257,1.0958767896099852
26,django__django-16255,1791021127.2787962,25.382021188735962,11649,10976,673,0,0,18,655,18,0.06226720399177779,0.0,0.0016593594234774163,0.0016593594234774163,0.9500843242155129
23,django__django-13821,1791021130.3675332,115.54077410697937,12556,10976,1580,0,0,1015,565,1015,0.1469179273459275,0.0,0.09408732922716714,0.09408732922716714,0.9500843242155129
19,django__django-10973,1791021131.0848808,210.30236625671387,5821,4704,1117,0,0,862,255,862,0.09642988328737422,0.0,0.07430340553494533,0.07430340553494533,0.3920797960468354
7,sympy__sympy-23262,1791021131.2983425,7.119661808013916,5566,4704,862,0,0,611,251,611,0.07430340553494533,0.0,0.052589008508016497,0.052589008508016497,0.3920797960468354
3,django__django-13112,1791021131.371739,12.595884323120117,20744,20384,360,0,0,83,277,83,0.03671685149820434,0.0,0.00845350783550299,0.00845350783550299,1.8625871166961658
25,django__django-15380,1791021132.3102338,41.274858236312866,13762,12544,1218,0,0,938,280,938,0.114986141076963,0.0,0.08841813237396008,0.08841813237396008,1.0958767896099852
27,sympy__sympy-11618,1791021133.4517324,4.719200849533081,8417,7840,577,0,0,282,295,282,0.05150466670122555,0.0,0.025129550090042238,0.025129550090042238,0.6660489934493318
16,pytest-dev__pytest-6202,1791021135.3046277,5.059428691864014,10616,9408,1208,0,0,938,270,938,0.11015838616803213,0.0,0.08540727998392933,0.08540727998392933,0.8068083921619618
6,django__django-15380,1791021135.4950666,12.252424716949463,15892,14112,1780,0,0,1074,706,1074,0.17141088371261443,0.0,0.10303626805153118,0.10303626805153118,1.244185788345379
30,sympy__sympy-18211,1791021136.6955235,11.752932786941528,8452,7840,612,0,0,308,304,308,0.05463982884637888,0.0,0.027450557272035103,0.027450557272035103,0.6660489934493318
27,sympy__sympy-11618,1791021138.687443,6.882810115814209,8634,7840,794,0,0,577,217,577,0.07096288411326948,0.0,0.05150466670122555,0.05150466670122555,0.6660489934493318
7,sympy__sympy-23262,1791021139.000949,9.393560886383057,5806,4704,1102,0,0,862,240,862,0.09512648337612258,0.0,0.07430340553494533,0.07430340553494533,0.3920797960468354
9,sympy__sympy-13757,1791021139.1067874,8.572498559951782,11121,9408,1713,0,0,1189,524,1189,0.15665241844538574,0.0,0.1084142009953234,0.1084142009953234,0.8068083921619618
10,sympy__sympy-15875,1791021139.484493,478.2828242778778,5602,0,5602,0,4704,499,399,5203,0.4695029047692954,0.3920797960468354,0.042920522607451446,0.43500031865428684,0.0
16,pytest-dev__pytest-6202,1791021140.5034044,9.86801815032959,10859,9408,1451,0,0,1208,243,1208,0.1324981793151657,0.0,0.11015838616803213,0.11015838616803213,0.8068083921619618
20,django__django-11749,1791021141.4237325,378.94428849220276,7791,6272,1519,0,0,970,549,970,0.13388468377143636,0.0,0.08522327869201912,0.08522327869201912,0.527806128077623
18,astropy__astropy-12907,1791021142.5284624,5.094034433364868,9922,7840,2082,0,0,1511,571,1511,0.18744886829891144,0.0,0.1355984295067381,0.1355984295067381,0.6660489934493318
22,django__django-13112,1791021143.978545,3.6971094608306885,14020,12544,1476,0,0,884,592,884,0.13953770004584692,0.0,0.0833035325300737,0.0833035325300737,1.0958767896099852
3,django__django-13112,1791021144.1105754,4.803327560424805,21214,20384,830,0,0,360,470,360,0.0848523850755176,0.0,0.03671685149820434,0.03671685149820434,1.8625871166961658
31,sympy__sympy-20916,1791021144.9726863,6.57257342338562,11278,10976,302,0,0,7,295,7,0.02788425773131083,0.0,0.0006452670356514891,0.0006452670356514891,0.9500843242155129
29,sympy__sympy-15875,1791021145.9798262,316.560097694397,5054,0,5054,0,4704,14,336,4718,0.4221576818629988,0.3920797960468354,0.0012007080346800925,0.3932805040815155,0.0
27,sympy__sympy-11618,1791021146.050393,11.952526092529297,9283,7840,1443,0,0,794,649,794,0.12944583389004638,0.0,0.07096288411326948,0.07096288411326948,0.6660489934493318
22,django__django-13112,1791021147.8183641,7.786705493927002,14500,12544,1956,0,0,1476,480,1476,0.18539631086376834,0.0,0.13953770004584692,0.13953770004584692,1.0958767896099852
9,sympy__sympy-13757,1791021147.818556,3.2237284183502197,11289,10976,313,0,0,145,168,145,0.028901671550429744,0.0,0.013376486391834523,0.013376486391834523,0.9500843242155129
6,django__django-15380,1791021147.8847647,11.531338214874268,16346,15680,666,0,0,212,454,212,0.06482381924074422,0.0,0.020585351636299532,0.020585351636299532,1.3950113204216938
7,sympy__sympy-23262,1791021149.0907679,8.89663314819336,6052,4704,1348,0,0,1102,246,1102,0.11653132414786921,0.0,0.09512648337612258,0.09512648337612258,0.3920797960468354
30,sympy__sympy-18211,1791021149.094476,7.999054670333862,8890,7840,1050,0,0,612,438,612,0.09398017053376626,0.0,0.05463982884637888,0.05463982884637888,0.6660489934493318
3,django__django-13112,1791021149.100669,5.512643337249756,21916,20384,1532,0,0,830,702,830,0.15716949862874013,0.0,0.0848523850755176,0.0848523850755176,1.8625871166961658
16,pytest-dev__pytest-6202,1791021150.6714234,20.53321862220764,10981,9408,1573,0,0,1451,122,1451,0.14373683196124878,0.0,0.1324981793151657,0.1324981793151657,0.8068083921619618
9,sympy__sympy-13757,1791021151.18635,36.02120661735535,11810,10976,834,0,0,313,521,313,0.07723193990378921,0.0,0.028901671550429744,0.028901671550429744,0.9500843242155129
31,sympy__sympy-20916,1791021151.6938248,7.867773771286011,11465,10976,489,0,0,302,187,302,0.045197136253669015,0.0,0.02788425773131083,0.02788425773131083,0.9500843242155129
12,sympy__sympy-20916,1791021153.0439267,99.77573370933533,12300,0,12300,0,10976,412,912,11388,1.0730243642217625,0.9500843242155129,0.038063969171618715,0.9881482933871316,0.0
26,django__django-16255,1791021153.2233188,24.619091272354126,13216,10976,2240,0,0,673,1567,673,0.20904531791279365,0.0,0.06226720399177779,0.06226720399177779,0.9500843242155129
3,django__django-13112,1791021154.7648685,9.53388786315918,22116,20384,1732,0,0,1532,200,1532,0.17786498941407544,0.0,0.15716949862874013,0.15716949862874013,1.8625871166961658
22,django__django-13112,1791021155.8519409,19.565348863601685,15430,14112,1318,0,0,388,930,388,0.12660946347784996,0.0,0.037087312128374676,0.037087312128374676,1.244185788345379
30,sympy__sympy-18211,1791021157.2505794,24.86198329925537,9257,7840,1417,0,0,1050,367,1050,0.1270946216425817,0.0,0.09398017053376626,0.09398017053376626,0.6660489934493318
7,sympy__sympy-23262,1791021158.113728,5.522666931152344,6409,4704,1705,0,0,1348,357,1348,0.14770461743015942,0.0,0.11653132414786921,0.11653132414786921,0.3920797960468354
27,sympy__sympy-11618,1791021158.8015327,7.977068185806274,9650,7840,1810,0,0,1443,367,1443,0.16270791315196473,0.0,0.12944583389004638,0.12944583389004638,0.6660489934493318
13,sympy__sympy-23262,1791021159.0121124,20.427791833877563,13663,12544,1119,0,0,630,489,630,0.10558328175744874,0.0,0.0592860076223649,0.0592860076223649,1.0958767896099852
31,sympy__sympy-20916,1791021159.695294,4.68359637260437,11627,10976,651,0,0,489,162,489,0.06022439365934766,0.0,0.045197136253669015,0.045197136253669015,0.9500843242155129
2,django__django-12262,1791021159.7430441,3.907515525817871,7637,0,7637,0,6272,1024,341,7296,0.6480096688424266,0.527806128077623,0.08999596661145723,0.6178020946890802,0.0
18,astropy__astropy-12907,1791021159.8218024,10.52448320388794,10316,9408,908,0,0,514,394,514,0.08266176306559181,0.0,0.04668946958628146,0.04668946958628146,0.8068083921619618
6,django__django-15380,1791021159.9499688,17.890563488006592,16859,15680,1179,0,0,666,513,666,0.11506521642092189,0.0,0.06482381924074422,0.06482381924074422,1.3950113204216938
7,sympy__sympy-23262,1791021163.7863505,69.7539598941803,7091,6272,819,0,0,137,682,137,0.07189327118969721,0.0,0.011978285399371846,0.011978285399371846,0.527806128077623
2,django__django-12262,1791021163.812604,3.0578689575195312,7740,6272,1468,0,0,1365,103,1365,0.12935122726945827,0.0,0.1202035407648036,0.1202035407648036,0.527806128077623
3,django__django-13112,1791021164.440141,6.288049697875977,22735,21952,783,0,0,164,619,164,0.08128531882213427,0.0,0.016973323974075666,0.016973323974075666,2.0234787821361655
31,sympy__sympy-20916,1791021164.5391417,8.554552555084229,12444,10976,1468,0,0,651,817,651,0.13641934769893344,0.0,0.06022439365934766,0.06022439365934766,0.9500843242155129
15,pytest-dev__pytest-5631,1791021165.238201,4.085099458694458,6575,4704,1871,0,0,1446,425,1446,0.1622441936420409,0.0,0.1250757088561863,0.1250757088561863,0.3920797960468354
28,sympy__sympy-13757,1791021166.0614493,63.81533432006836,7894,6272,1622,0,0,1055,567,1055,0.14304860588261473,0.0,0.09273719154146473,0.09273719154146473,0.527806128077623
2,django__django-12262,1791021167.0129638,3.6509053707122803,8124,6272,1852,0,0,1468,384,1468,0.1635509299104651,0.0,0.12935122726945827,0.12935122726945827,0.527806128077623
15,pytest-dev__pytest-5631,1791021169.6132905,36.0870578289032,6927,6272,655,0,0,303,352,303,0.05744208553582178,0.0,0.026517861611253343,0.026517861611253343,0.527806128077623
2,django__django-12262,1791021170.8031015,6.286322355270386,8832,7840,992,0,0,284,708,284,0.08875943933459723,0.0,0.025308064538756316,0.025308064538756316,0.6660489934493318
3,django__django-13112,1791021170.9781497,2.9311203956604004,23387,21952,1435,0,0,783,652,783,0.14945000676296333,0.0,0.08128531882213427,0.08128531882213427,2.0234787821361655
18,astropy__astropy-12907,1791021171.4078472,15.565661191940308,10753,9408,1345,0,0,908,437,908,0.12274581694877004,0.0,0.08266176306559181,0.08266176306559181,0.8068083921619618
31,sympy__sympy-20916,1791021173.542169,35.338194370269775,12612,10976,1636,0,0,1468,168,1468,0.15217203196535747,0.0,0.13641934769893344,0.13641934769893344,0.9500843242155129
25,django__django-15380,1791021173.9570448,4.964067697525024,14836,12544,2292,0,0,1218,1074,1218,0.21763765534635743,0.0,0.114986141076963,0.114986141076963,1.0958767896099852
3,django__django-13112,1791021174.0683172,20.03245496749878,23654,21952,1702,0,0,1435,267,1435,0.1774896499606278,0.0,0.14945000676296333,0.14945000676296333,2.0234787821361655
22,django__django-13112,1791021175.5461257,3.8762335777282715,15830,14112,1718,0,0,1318,400,1318,0.16538587984210867,0.0,0.12660946347784996,0.12660946347784996,1.244185788345379
2,django__django-12262,1791021177.3516285,96.43516302108765,10513,7840,2673,0,0,992,1681,992,0.24146689315287678,0.0,0.08875943933459723,0.08875943933459723,0.6660489934493318
27,sympy__sympy-11618,1791021178.3179355,6.581657409667969,9857,9408,449,0,0,242,207,242,0.04077022302475677,0.0,0.02194851443933472,0.02194851443933472,0.8068083921619618
26,django__django-16255,1791021178.320149,7.6163859367370605,14225,12544,1681,0,0,672,1009,672,0.15909429700010838,0.0,0.06325285251832122,0.06325285251832122,1.0958767896099852
25,django__django-15380,1791021179.077761,3.809467077255249,14969,14112,857,0,0,724,133,724,0.08212277856877276,0.0,0.06932865661096374,0.06932865661096374,1.244185788345379
22,django__django-13112,1791021179.542095,17.901840209960938,16080,15680,400,0,0,150,250,150,0.03887877171997479,0.0,0.014560347765793777,0.014560347765793777,1.3950113204216938
13,sympy__sympy-23262,1791021179.5887847,8.197584390640259,14184,12544,1640,0,0,1119,521,1119,0.15517953642219692,0.0,0.10558328175744874,0.10558328175744874,1.0958767896099852
14,pytest-dev__pytest-10051,1791021179.6109197,30.872263431549072,5303,0,5303,0,3136,1380,787,4516,0.4436322812190856,0.25886999735696903,0.11710544031624848,0.3759754376732175,0.0
30,sympy__sympy-18211,1791021182.3524153,16.542937994003296,9729,7840,1889,0,0,1417,472,1417,0.16988590221130698,0.0,0.1270946216425817,0.1270946216425817,0.6660489934493318
25,django__django-15380,1791021183.3942776,4.537477731704712,15443,14112,1331,0,0,857,474,857,0.12786712226071534,0.0,0.08212277856877276,0.08212277856877276,1.244185788345379
17,pylint-dev__pylint-6528,1791021183.558797,4.1742308139801025,11938,0,11938,0,10976,324,638,11300,1.0392326255592959,0.9500843242155129,0.029919209219529074,0.980003533435042,0.0
16,pytest-dev__pytest-10051,1791021185.0105543,6.221700191497803,1823,0,1823,1823,0,0,0,0,0.14925970714446282,0.0,0.0,0.0,0.0
26,django__django-16255,1791021186.446822,14.847792387008667,14771,14112,659,0,0,113,546,113,0.06308247680774628,0.0,0.010785298264714733,0.010785298264714733,1.244185788345379
18,astropy__astropy-12907,1791021187.1199315,6.594584941864014,10951,9408,1543,0,0,1345,198,1345,0.14097181634764733,0.0,0.12274581694877004,0.12274581694877004,0.8068083921619618
17,pylint-dev__pylint-6528,1791021187.8612525,203.5328266620636,12434,10976,1458,0,0,962,496,962,0.13548259888383596,0.0,0.08914830134378286,0.08914830134378286,0.9500843242155129
25,django__django-15380,1791021188.0752013,3.3453969955444336,15676,14112,1564,0,0,1331,233,1331,0.15043757139038932,0.0,0.12786712226071534,0.12786712226071534,1.244185788345379
13,sympy__sympy-23262,1791021188.159293,37.18235206604004,14503,14112,391,0,0,72,319,72,0.037374670010538846,0.0,0.006870537686803265,0.006870537686803265,1.244185788345379
6,pytest-dev__pytest-5631,1791021188.296668,6.558467388153076,2019,0,2019,2019,0,0,0,0,0.16550989960278623,0.0,0.0,0.0,0.0
9,sympy__sympy-13757,1791021189.1866653,39.75840497016907,12704,10976,1728,0,0,834,894,834,0.1608107436213238,0.0,0.07723193990378921,0.07723193990378921,0.9500843242155129
16,pytest-dev__pytest-10051,1791021191.567536,5.792856216430664,2073,1568,505,0,0,255,250,255,0.04181717042183164,0.0,0.0210829751364389,0.0210829751364389,0.1281767320080239
25,django__django-15380,1791021192.3333678,4.055779933929443,15903,14112,1791,0,0,1564,227,1564,0.1724802469689735,0.0,0.15043757139038932,0.15043757139038932,1.244185788345379
18,astropy__astropy-12907,1791021193.878681,9.524693965911865,11396,9408,1988,0,0,1543,445,1543,0.18208072699265312,0.0,0.14097181634764733,0.14097181634764733,0.8068083921619618
3,django__django-13112,1791021194.5238771,5.282191514968872,24056,23520,536,0,0,134,402,134,0.05643607828486154,0.0,0.014081451179706812,0.014081451179706812,2.1868869809170866
6,pytest-dev__pytest-5631,1791021195.2464957,5.766648054122925,2295,1568,727,0,0,451,276,451,0.060282761853227174,0.0,0.03733316759476231,0.03733316759476231,0.1281767320080239
27,sympy__sympy-11618,1791021196.3887584,6.735825300216675,10042,9408,634,0,0,449,185,449,0.057628670836657674,0.0,0.04077022302475677,0.04077022302475677,0.8068083921619618
22,django__django-13112,1791021197.5822783,38.447589635849,17409,15680,1729,0,0,400,1329,400,0.1692294724242611,0.0,0.03887877171997479,0.03887877171997479,1.3950113204216938
16,pytest-dev__pytest-10051,1791021197.617731,4.862704277038574,3971,1568,2403,0,0,505,1898,505,0.20131764582423514,0.0,0.04181717042183164,0.04181717042183164,0.1281767320080239
30,sympy__sympy-18211,1791021199.149742,10.543109655380249,10288,9408,880,0,0,321,559,321,0.0801001117339652,0.0,0.02912650349867697,0.02912650349867697,0.8068083921619618
25,django__django-15380,1791021199.4977467,5.074652433395386,16218,15680,538,0,0,223,315,223,0.05232994431851501,0.0,0.02165471489265859,0.02165471489265859,1.3950113204216938
8,sympy__sympy-11618,1791021199.9385602,23.552117586135864,8183,0,8183,0,6272,1111,800,7383,0.6966250761097795,0.527806128077623,0.09769157511407259,0.6254977031916955,0.0
3,django__django-13112,1791021199.9463608,11.30741024017334,24976,23520,1456,0,0,536,920,536,0.15398950907887393,0.0,0.05643607828486154,0.05643607828486154,2.1868869809170866
6,pytest-dev__pytest-5631,1791021201.2926147,14.551494359970093,2993,1568,1425,0,0,727,698,727,0.11866988559654094,0.0,0.060282761853227174,0.060282761853227174,0.1281767320080239
26,django__django-16255,1791021201.8133523,7.439773082733154,15132,14112,1020,0,0,659,361,659,0.09782748490352908,0.0,0.06308247680774628,0.06308247680774628,1.244185788345379
16,pytest-dev__pytest-10051,1791021202.619257,36.181116342544556,5101,3136,1965,0,0,835,1130,835,0.1673362641299689,0.0,0.07062438047529002,0.07062438047529002,0.25886999735696903
18,astropy__astropy-12907,1791021203.5603395,15.033837795257568,11670,10976,694,0,0,420,274,420,0.06421762144352851,0.0,0.038804794939101904,0.038804794939101904,0.9500843242155129
25,django__django-15380,1791021204.7486417,10.371485233306885,16559,15680,879,0,0,538,341,538,0.08565157986127488,0.0,0.05232994431851501,0.05232994431851501,1.3950113204216938
27,sympy__sympy-11618,1791021205.2813845,18.638381242752075,10388,9408,980,0,0,634,346,634,0.0892525512825803,0.0,0.057628670836657674,0.057628670836657674,0.8068083921619618
15,pytest-dev__pytest-5631,1791021205.9151838,3.447594165802002,7776,6272,1504,0,0,655,849,655,0.1325510378525706,0.0,0.05744208553582178,0.05744208553582178,0.527806128077623
31,sympy__sympy-20916,1791021209.4475381,52.589839696884155,12903,12544,359,0,0,68,291,68,0.033733823616336304,0.0,0.006379566570885028,0.006379566570885028,1.0958767896099852
30,sympy__sympy-18211,1791021209.8216207,6.681347846984863,10954,9408,1546,0,0,880,666,880,0.14124827645508842,0.0,0.0801001117339652,0.0801001117339652,0.8068083921619618
15,pytest-dev__pytest-5631,1791021209.957242,10.191989421844482,8054,6272,1782,0,0,1504,278,1504,0.15730536026293837,0.0,0.1325510378525706,0.1325510378525706,0.527806128077623
14,pytest-dev__pytest-10051,1791021210.7651172,11.736740350723267,5785,4704,1081,0,0,599,482,599,0.09330211040361487,0.0,0.05155248517225023,0.05155248517225023,0.3920797960468354
26,django__django-16255,1791021211.2237782,7.585608243942261,15545,14112,1433,0,0,1020,413,1020,0.13774090969865638,0.0,0.09782748490352908,0.09782748490352908,1.244185788345379
3,django__django-13112,1791021211.5218167,5.981719255447388,25631,23520,2111,0,0,1456,655,1456,0.22397127206990103,0.0,0.15398950907887393,0.15398950907887393,2.1868869809170866
4,django__django-13821,1791021212.4070766,73.69719171524048,9329,0,9329,0,7840,1214,275,9054,0.7996563593972755,0.6660489934493318,0.10876087083140562,0.7748098642807374,0.0
24,django__django-14787,1791021212.7535903,5.625468015670776,10670,0,10670,0,9408,577,685,9985,0.9219259536133325,0.8068083921619618,0.05243071245231709,0.8592391046142789,0.0
5,django__django-14787,1791021213.2002165,430.1646213531494,8264,0,8264,0,6272,1267,725,7539,0.7038632435204317,0.527806128077623,0.11150999769081565,0.6393161257684385,0.0
25,django__django-15380,1791021215.3592622,15.759457349777222,17277,15680,1597,0,0,879,718,879,0.15620181318792473,0.0,0.08565157986127488,0.08565157986127488,1.3950113204216938
6,pytest-dev__pytest-5631,1791021216.0737362,26.47567319869995,3328,1568,1760,0,0,1425,335,1425,0.1468694619394665,0.0,0.11866988559654094,0.11866988559654094,0.1281767320080239
30,sympy__sympy-18211,1791021216.6461835,3.3993303775787354,11453,9408,2045,0,0,1546,499,1546,0.18736100671893552,0.0,0.14124827645508842,0.14124827645508842,0.8068083921619618
3,django__django-13112,1791021217.6590018,3.6646599769592285,26300,25088,1212,0,0,543,669,543,0.1299774056988161,0.0,0.058046539948058855,0.058046539948058855,2.3528117130389288
24,django__django-14787,1791021218.527064,703.2513723373413,11029,9408,1621,0,0,1262,359,1262,0.1481627730352701,0.0,0.11511756145137073,0.11511756145137073,0.8068083921619618
26,django__django-16255,1791021218.9519324,12.867895364761353,15822,14112,1710,0,0,1433,277,1433,0.16460874658284586,0.0,0.13774090969865638,0.13774090969865638,1.244185788345379
18,astropy__astropy-12907,1791021219.1090956,8.98610806465149,12113,10976,1137,0,0,694,443,694,0.10546733871370838,0.0,0.06421762144352851,0.06421762144352851,0.9500843242155129
30,sympy__sympy-18211,1791021220.18112,4.997934579849243,11741,10976,765,0,0,477,288,477,0.0708152328967939,0.0,0.04408507466538427,0.04408507466538427,0.9500843242155129
15,pytest-dev__pytest-5631,1791021220.8620598,18.431454181671143,8459,7840,619,0,0,214,405,214,0.05526701173778245,0.0,0.019062494891229582,0.019062494891229582,0.6660489934493318
3,django__django-13112,1791021221.4503293,227.17758893966675,26492,25088,1404,0,0,1212,192,1212,0.150705844452168,0.0,0.1299774056988161,0.1299774056988161,2.3528117130389288
14,pytest-dev__pytest-10051,1791021222.6406145,56.28394317626953,6432,4704,1728,0,0,1081,647,1081,0.14971745379195678,0.0,0.09330211040361487,0.09330211040361487,0.3920797960468354
1,django__django-11749,1791021223.444728,581.3683140277863,13367,0,13367,0,12544,217,606,12761,1.1734063087268076,1.0958767896099852,0.02037487001214142,1.1162516596221266,0.0
8,sympy__sympy-11618,1791021223.6954706,5.16256308555603,8656,7840,816,0,0,343,473,343,0.0729382975381748,0.0,0.030576082660447767,0.030576082660447767,0.6660489934493318
27,sympy__sympy-11618,1791021224.4506216,13.427141189575195,11080,9408,1672,0,0,980,692,980,0.1528679193873728,0.0,0.0892525512825803,0.0892525512825803,0.8068083921619618
30,sympy__sympy-18211,1791021225.3072639,19.111247301101685,11954,10976,978,0,0,765,213,765,0.09063902565747992,0.0,0.0708152328967939,0.0708152328967939,0.9500843242155129
13,sympy__sympy-23262,1791021226.0612845,16.358502626419067,15123,14112,1011,0,0,391,620,391,0.09695964455629552,0.0,0.037374670010538846,0.037374670010538846,1.244185788345379
21,django__django-12262,1791021226.8142142,8.630737781524658,11158,0,11158,0,9408,696,1054,10104,0.9668775672328495,0.8068083921619618,0.06328636637185489,0.8700947585338167,0.0
18,astropy__astropy-12907,1791021228.2746658,32.018004179000854,12448,10976,1472,0,0,1137,335,1137,0.136794075884472,0.0,0.10546733871370838,0.10546733871370838,0.9500843242155129
8,sympy__sympy-11618,1791021229.0013666,77.95714855194092,9181,7840,1341,0,0,816,525,816,0.12022581467434941,0.0,0.0729382975381748,0.0729382975381748,0.6660489934493318
9,sympy__sympy-13757,1791021229.250901,6.021565675735474,12963,12544,419,0,0,160,259,160,0.03938465463435533,0.0,0.01501827822685136,0.01501827822685136,1.0958767896099852
28,sympy__sympy-13757,1791021230.2522087,52.349592447280884,9121,0,9121,0,7840,54,1227,7894,0.7808562418788532,0.6660489934493318,0.00480574051090595,0.6708547339602378,0.0
26,django__django-16255,1791021231.9847062,10.056012868881226,16201,15680,521,0,0,142,379,142,0.05067186308516564,0.0,0.013783214506530974,0.013783214506530974,1.3950113204216938
25,django__django-15380,1791021232.0306573,3.8442611694335938,17496,17248,248,0,0,29,219,29,0.024483569659390823,0.0,0.0028597477706886463,0.0028597477706886463,1.54835338583893
7,sympy__sympy-23262,1791021233.8151906,6.749207019805908,7727,0,7727,0,6272,819,636,7091,0.6560021941938764,0.527806128077623,0.07189327118969721,0.5996993992673202,0.0
9,sympy__sympy-13757,1791021235.4133728,47.9578959941864,13173,12544,629,0,0,419,210,419,0.05919158094076742,0.0,0.03938465463435533,0.03938465463435533,1.0958767896099852
21,django__django-12262,1791021235.6015546,107.5313286781311,11756,10976,780,0,0,182,598,182,0.07220975466347179,0.0,0.016793243017336503,0.016793243017336503,0.9500843242155129
25,django__django-15380,1791021236.0136516,18.126006841659546,17835,17248,587,0,0,248,339,248,0.05805286979513882,0.0,0.024483569659390823,0.024483569659390823,1.54835338583893
22,django__django-13112,1791021236.2864695,3.514075994491577,20116,17248,2868,0,0,161,2707,161,0.2869862088208482,0.0,0.015887407007025015,0.015887407007025015,1.54835338583893
27,sympy__sympy-11618,1791021238.0315814,5.469540357589722,11512,10976,536,0,0,104,432,104,0.04955412996479126,0.0,0.009591987333821585,0.009591987333821585,0.9500843242155129
16,pytest-dev__pytest-10051,1791021239.057235,482.5419268608093,6024,4704,1320,0,0,397,923,397,0.11409187692253915,0.0,0.03412646544010256,0.03412646544010256,0.3920797960468354
15,pytest-dev__pytest-5631,1791021239.510897,11.311147451400757,8852,7840,1012,0,0,619,393,619,0.09055930252189,0.0,0.05526701173778245,0.05526701173778245,0.6660489934493318
22,django__django-13112,1791021239.9770398,27.651150226593018,20533,18816,1717,0,0,1300,417,1300,0.1735557392190269,0.0,0.13112761006269083,0.13112761006269083,1.7042119845970873
7,sympy__sympy-23262,1791021241.3482027,3.7776403427124023,7946,6272,1674,0,0,1455,219,1455,0.14767917691783142,0.0,0.12819606611625345,0.12819606611625345,0.527806128077623
13,sympy__sympy-23262,1791021242.5692904,28.205857515335083,15542,14112,1430,0,0,1011,419,1011,0.1374503521880725,0.0,0.09695964455629552,0.09695964455629552,1.244185788345379
6,pytest-dev__pytest-5631,1791021243.112105,2.7222256660461426,3610,3136,474,0,0,192,282,192,0.04000339351128899,0.0,0.016176196590521393,0.016176196590521393,0.25886999735696903
30,sympy__sympy-18211,1791021244.6761708,4.579863786697388,12518,10976,1542,0,0,978,564,978,0.1433544701351103,0.0,0.09063902565747992,0.09063902565747992,0.9500843242155129
7,sympy__sympy-23262,1791021245.2644231,99.80894541740417,8974,7840,1134,0,0,106,1028,106,0.10154733398528801,0.0,0.009436311546122622,0.009436311546122622,0.6660489934493318
23,django__django-13821,1791021246.0937188,3.898292303085327,12945,0,12945,0,12544,12,389,12556,1.1335658080356905,1.0958767896099852,0.001125461951455093,1.0970022515614404,0.0
27,pytest-dev__pytest-6202,1791021246.621541,9.67090630531311,2111,0,2111,2111,0,0,0,0,0.17315110099830003,0.0,0.0,0.0,0.0
30,sympy__sympy-18211,1791021249.391714,11.625906467437744,13004,10976,2028,0,0,1542,486,1542,0.18904064049211422,0.0,0.1433544701351103,0.1433544701351103,0.9500843242155129
23,django__django-13821,1791021250.135524,6.815127849578857,13103,12544,559,0,0,401,158,401,0.0525842567595333,0.0,0.03768901842570501,0.03768901842570501,1.0958767896099852
15,pytest-dev__pytest-5631,1791021251.1073217,18.430047273635864,9139,7840,1299,0,0,1012,287,1012,0.11643243139972516,0.0,0.09055930252189,0.09055930252189,0.6660489934493318
26,pylint-dev__pylint-6528,1791021252.3488195,5.687311172485352,1932,0,1932,1932,0,0,0,0,0.15829195079158404,0.0,0.0,0.0,0.0
12,sympy__sympy-20916,1791021252.9560318,41.41693949699402,12691,0,12691,0,10976,1324,391,12300,1.1096738547254814,0.9500843242155129,0.12294004000624947,1.0730243642217623,0.0
6,pytest-dev__pytest-5631,1791021254.0495875,15.328457355499268,3809,3136,673,0,0,474,199,474,0.05686660788705847,0.0,0.04000339351128899,0.04000339351128899,0.25886999735696903
27,pytest-dev__pytest-6202,1791021256.679918,4.603119611740112,2605,1568,1037,0,0,543,494,543,0.08615244941167956,0.0,0.04497436899027612,0.04497436899027612,0.1281767320080239
23,django__django-13821,1791021257.2334292,8.146013736724854,13548,12544,1004,0,0,559,445,559,0.09467336323301867,0.0,0.0525842567595333,0.0525842567595333,1.0958767896099852
26,pylint-dev__pylint-6528,1791021258.4918516,6.276852130889893,2351,1568,783,0,0,364,419,364,0.06494871622185552,0.0,0.030115218783560133,0.030115218783560133,0.1281767320080239
18,astropy__astropy-12907,1791021260.4826005,9.14446234703064,12826,10976,1850,0,0,1472,378,1472,0.17227978793758825,0.0,0.136794075884472,0.136794075884472,0.9500843242155129
27,pytest-dev__pytest-6202,1791021261.6279545,20.632247924804688,3379,1568,1811,0,0,1037,774,1037,0.15117260660844073,0.0,0.08615244941167956,0.08615244941167956,0.1281767320080239
30,sympy__sympy-18211,1791021261.627965,28.98995327949524,13148,12544,604,0,0,460,144,460,0.05683124655573647,0.0,0.04324817509764176,0.04324817509764176,1.0958767896099852
31,sympy__sympy-20916,1791021262.3506844,90.70458459854126,13272,0,13272,0,12544,359,369,12903,1.1644215772872093,1.0958767896099852,0.033733823616336304,1.1296106132263215,0.0
26,pylint-dev__pylint-6528,1791021265.0347075,2.938788890838623,2954,1568,1386,0,0,783,603,783,0.11539441461927781,0.0,0.06494871622185552,0.06494871622185552,0.1281767320080239
23,django__django-13821,1791021265.5501413,7.2170093059539795,13761,12544,1217,0,0,1004,213,1004,0.11489111254587392,0.0,0.09467336323301867,0.09467336323301867,1.0958767896099852
26,pylint-dev__pylint-6528,1791021268.1339657,7.012775659561157,5055,1568,3487,0,0,1386,2101,1386,0.2940670663052417,0.0,0.11539441461927781,0.11539441461927781,0.1281767320080239
22,django__django-13112,1791021268.4987495,27.098151683807373,21409,20384,1025,0,0,149,876,149,0.1048898753624206,0.0,0.01518060711994834,0.01518060711994834,1.8625871166961658
6,pytest-dev__pytest-5631,1791021269.5761325,39.900967836380005,4175,3136,1039,0,0,673,366,673,0.08798719429519976,0.0,0.05686660788705847,0.05686660788705847,0.25886999735696903
15,pytest-dev__pytest-5631,1791021269.6831226,30.97877025604248,9376,7840,1536,0,0,1299,237,1299,0.13786160307035553,0.0,0.11643243139972516,0.11643243139972516,0.6660489934493318
18,astropy__astropy-12907,1791021269.7968266,6.097903728485107,13376,12544,832,0,0,282,550,282,0.07838118322363852,0.0,0.026487322543115803,0.026487322543115803,1.0958767896099852
25,astropy__astropy-12907,1791021269.8677156,6.063880443572998,1688,0,1688,1688,0,0,0,0,0.13808984128841745,0.0,0.0,0.0,0.0
0,django__django-10973,1791021269.897081,78.73447442054749,5551,0,5551,0,3136,1459,956,4595,0.4650837167628852,0.25886999735696903,0.12386829038255606,0.3827382877395251,0.0
13,sympy__sympy-23262,1791021270.9155068,14.862576007843018,16131,14112,2019,0,0,1430,589,1430,0.19467311856827058,0.0,0.1374503521880725,0.1374503521880725,1.244185788345379
23,django__django-13821,1791021272.9021432,13.822311639785767,14005,12544,1461,0,0,1217,244,1217,0.13810841840036786,0.0,0.11489111254587392,0.11489111254587392,1.0958767896099852
2,django__django-12262,1791021273.9339259,10.016714334487915,10872,0,10872,0,9408,1105,359,10513,0.9405034076369656,0.8068083921619618,0.10070749444024678,0.9075158866022085,0.0
26,pylint-dev__pylint-6528,1791021275.4551222,2.9456543922424316,5908,4704,1204,0,0,351,853,351,0.10399414427976689,0.0,0.030164002266430266,0.030164002266430266,0.3920797960468354
18,astropy__astropy-12907,1791021276.025349,19.361074447631836,13922,12544,1378,0,0,832,546,832,0.1302038894210339,0.0,0.07838118322363852,0.07838118322363852,1.0958767896099852
25,astropy__astropy-12907,1791021276.279466,2.633768081665039,1939,1568,371,0,0,120,251,120,0.030695686690614878,0.0,0.009913109280393536,0.009913109280393536,0.1281767320080239
26,pylint-dev__pylint-6528,1791021278.5291564,66.15008902549744,7271,4704,2567,0,0,1204,1363,1204,0.22351234986359972,0.0,0.10399414427976689,0.10399414427976689,0.3920797960468354
25,astropy__astropy-12907,1791021279.0376346,170.0231442451477,4605,1568,3037,0,0,371,2666,371,0.2554180681832528,0.0,0.030695686690614878,0.030695686690614878,0.1281767320080239
14,pytest-dev__pytest-10051,1791021279.0768642,21.41707944869995,7188,0,7188,0,6272,160,756,6432,0.6082597035323767,0.527806128077623,0.013991121761169229,0.5417972498387922,0.0
27,pytest-dev__pytest-6202,1791021282.391622,3.0342657566070557,3494,3136,358,0,0,243,115,243,0.030192280429807164,0.0,0.02047934125949559,0.02047934125949559,0.25886999735696903
28,sympy__sympy-13757,1791021282.9917686,23.027857303619385,9445,7840,1605,0,0,1281,324,1281,0.14411128149012556,0.0,0.11480724842952135,0.11480724842952135,0.6660489934493318
2,django__django-12262,1791021284.1575527,5.186542987823486,11107,9408,1699,0,0,1464,235,1464,0.15535995702273464,0.0,0.1336950154750039,0.1336950154750039,0.8068083921619618
9,sympy__sympy-13757,1791021285.4980671,6.241968393325806,13610,12544,1066,0,0,629,437,629,0.10055355065204308,0.0,0.05919158094076742,0.05919158094076742,1.0958767896099852
27,pytest-dev__pytest-6202,1791021285.7500858,4.333267450332642,3613,3136,477,0,0,358,119,358,0.04025731189874071,0.0,0.030192280429807164,0.030192280429807164,0.25886999735696903
4,django__django-13821,1791021286.250421,11.256246566772461,9544,0,9544,0,7840,1489,215,9329,0.8191357167174652,0.6660489934493318,0.13360736594794378,0.7996563593972755,0.0
13,sympy__sympy-23262,1791021286.5402994,6.744361400604248,16749,15680,1069,0,0,451,618,451,0.10426952021437899,0.0,0.04384758649195569,0.04384758649195569,1.3950113204216938
23,django__django-13821,1791021286.8770406,8.555211305618286,14323,12544,1779,0,0,1461,318,1461,0.16845850102424778,0.0,0.13810841840036786,0.13810841840036786,1.0958767896099852
2,django__django-12262,1791021289.849908,9.322706937789917,11450,10976,474,0,0,131,343,131,0.04380708229826813,0.0,0.012084024969183411,0.012084024969183411,0.9500843242155129
27,pytest-dev__pytest-6202,1791021290.2582192,14.219628810882568,4310,3136,1174,0,0,477,697,477,0.09950071314029411,0.0,0.04025731189874071,0.04025731189874071,0.25886999735696903
30,sympy__sympy-18211,1791021291.0275369,4.336197376251221,13395,12544,851,0,0,604,247,604,0.0801794130477189,0.0,0.05683124655573647,0.05683124655573647,1.0958767896099852
13,sympy__sympy-23262,1791021293.4336224,4.234689712524414,16898,15680,1218,0,0,1069,149,1069,0.11889575537446562,0.0,0.10426952021437899,0.10426952021437899,1.3950113204216938
12,sympy__sympy-20916,1791021294.642036,31.745675802230835,13327,12544,783,0,0,147,636,147,0.07374534839123639,0.0,0.013797065115495818,0.013797065115495818,1.0958767896099852
30,sympy__sympy-18211,1791021295.4944985,15.787883996963501,13618,12544,1074,0,0,851,223,851,0.10131257110755836,0.0,0.0801794130477189,0.0801794130477189,1.0958767896099852
9,sympy__sympy-13757,1791021295.5535479,6.230124235153198,13833,12544,1289,0,0,1066,223,1066,0.12173578298718062,0.0,0.10055355065204308,0.10055355065204308,1.0958767896099852
23,django__django-13821,1791021295.6099348,11.546034574508667,14538,14112,426,0,0,211,215,211,0.04072785929890304,0.0,0.020149502288854114,0.020149502288854114,1.244185788345379
22,django__django-13112,1791021295.906576,3.8315186500549316,21759,20384,1375,0,0,1025,350,1025,0.14095222293891463,0.0,0.1048898753624206,0.1048898753624206,1.8625871166961658
18,astropy__astropy-12907,1791021296.6610858,10.238083124160767,14149,12544,1605,0,0,1378,227,1378,0.15183902896240598,0.0,0.1302038894210339,0.1302038894210339,1.0958767896099852
4,django__django-13821,1791021297.67686,63.445839643478394,9827,9408,419,0,0,136,283,136,0.038039721637102786,0.0,0.012327324555503463,0.012327324555503463,0.8068083921619618
13,sympy__sympy-23262,1791021298.9345405,13.332642316818237,17205,15680,1525,0,0,1218,307,1218,0.14910333421815597,0.0,0.11889575537446562,0.11889575537446562,1.3950113204216938
2,django__django-12262,1791021299.3263104,3.3713412284851074,11631,10976,655,0,0,474,181,474,0.06059577687186145,0.0,0.04380708229826813,0.04380708229826813,0.9500843242155129
22,django__django-13112,1791021299.861139,18.952340602874756,22397,20384,2013,0,0,1375,638,1375,0.2070113262286412,0.0,0.14095222293891463,0.14095222293891463,1.8625871166961658
14,pytest-dev__pytest-10051,1791021300.6118329,9.3080575466156,7480,6272,1208,0,0,916,292,916,0.10628087051008209,0.0,0.08045357545475369,0.08045357545475369,0.527806128077623
15,pytest-dev__pytest-5631,1791021301.360254,4.719608306884766,9819,7840,1979,0,0,1536,443,1536,0.17807114222649909,0.0,0.13786160307035553,0.13786160307035553,0.6660489934493318
2,django__django-12262,1791021303.7694888,4.749746799468994,11780,10976,804,0,0,655,149,655,0.07444146851322117,0.0,0.06059577687186145,0.06059577687186145,0.9500843242155129
27,pytest-dev__pytest-6202,1791021304.7251172,9.378122329711914,4620,3136,1484,0,0,1174,310,1174,0.12600976342822706,0.0,0.09950071314029411,0.09950071314029411,0.25886999735696903
28,sympy__sympy-13757,1791021306.1658862,106.12691760063171,9936,9408,528,0,0,37,491,37,0.04796495025541927,0.0,0.003351882777495561,0.003351882777495561,0.8068083921619618
9,sympy__sympy-13757,1791021306.3362005,14.181125164031982,14213,12544,1669,0,0,1289,380,1289,0.15794833531801047,0.0,0.12173578298718062,0.12173578298718062,1.0958767896099852
23,django__django-13821,1791021307.2998497,25.891489028930664,14698,14112,586,0,0,426,160,426,0.05607269205263102,0.0,0.04072785929890304,0.04072785929890304,1.244185788345379
8,sympy__sympy-11618,1791021307.3281379,21.418861627578735,9578,0,9578,0,7840,1341,397,9181,0.8222205059261213,0.6660489934493318,0.12022581467434941,0.7862748081236812,0.0
6,pytest-dev__pytest-5631,1791021309.6364155,21.00914692878723,4567,3136,1431,0,0,1039,392,1039,0.12147060004814393,0.0,0.08798719429519976,0.08798719429519976,0.25886999735696903
14,pytest-dev__pytest-10051,1791021310.0578454,20.975356817245483,7711,6272,1439,0,0,1208,231,1208,0.1267745667767343,0.0,0.10628087051008209,0.10628087051008209,0.527806128077623
30,sympy__sympy-18211,1791021311.4668078,3.7986903190612793,14005,12544,1461,0,0,1074,387,1074,0.13810841840036786,0.0,0.10131257110755836,0.10131257110755836,1.0958767896099852
2,django__django-12262,1791021313.1643102,8.28335428237915,12093,10976,1117,0,0,804,313,804,0.10360071936341758,0.0,0.07444146851322117,0.07444146851322117,0.9500843242155129
15,pytest-dev__pytest-5631,1791021313.3266134,4.259767293930054,10108,9408,700,0,0,411,289,411,0.06365151409609845,0.0,0.03731174351386908,0.03731174351386908,0.8068083921619618
13,sympy__sympy-23262,1791021313.561183,9.872219562530518,17713,15680,2033,0,0,1525,508,1525,0.19930039936443655,0.0,0.14910333421815597,0.14910333421815597,1.3950113204216938
27,pytest-dev__pytest-6202,1791021314.8431866,6.563641786575317,5011,3136,1875,0,0,1484,391,1484,0.15958564542621845,0.0,0.12600976342822706,0.12600976342822706,0.25886999735696903
30,sympy__sympy-18211,1791021315.8769011,4.555362224578857,14249,12544,1705,0,0,1461,244,1461,0.16138666253944092,0.0,0.13810841840036786,0.13810841840036786,1.0958767896099852
18,django__django-10973,1791021317.839097,4.6196582317352295,1426,0,1426,1426,0,0,0,0,0.11646525950282854,0.0,0.0,0.0,0.0
22,django__django-13112,1791021318.9638083,2.6812992095947266,22811,21952,859,0,0,445,414,445,0.08920849240381228,0.0,0.04611966078864145,0.04611966078864145,2.0234787821361655
30,sympy__sympy-18211,1791021320.5933225,3.9621546268463135,14386,14112,274,0,0,137,137,137,0.026174538684808853,0.0,0.01307766380404725,0.01307766380404725,1.244185788345379
27,pytest-dev__pytest-6202,1791021321.5513048,10.67538571357727,5279,4704,575,0,0,307,268,307,0.04947988067585439,0.0,0.02637584673635212,0.02637584673635212,0.3920797960468354
22,django__django-13112,1791021322.6502473,26.384196043014526,23296,21952,1344,0,0,859,485,859,0.13991009691379422,0.0,0.08920849240381228,0.08920849240381228,2.0234787821361655
18,django__django-10973,1791021322.8492844,2.779582977294922,1907,0,1907,0,0,1426,481,1426,0.15621926054495425,0.0,0.11646525950282854,0.11646525950282854,0.0
9,sympy__sympy-13757,1791021324.3061996,18.61576533317566,14419,14112,307,0,0,101,206,101,0.0293321314391435,0.0,0.009639336582616821,0.009639336582616821,1.244185788345379
13,sympy__sympy-23262,1791021324.498357,10.81093168258667,18059,17248,811,0,0,465,346,465,0.08029889544371867,0.0,0.045958333947200454,0.045958333947200454,1.54835338583893
30,sympy__sympy-18211,1791021324.6909409,9.961873292922974,14683,14112,571,0,0,274,297,274,0.054633000867475606,0.0,0.026174538684808853,0.026174538684808853,1.244185788345379
15,pytest-dev__pytest-5631,1791021325.242464,22.356024026870728,10498,9408,1090,0,0,700,390,700,0.09933205682964213,0.0,0.06365151409609845,0.06365151409609845,0.8068083921619618
18,django__django-10973,1791021325.7628982,9.808021545410156,2507,1568,939,0,0,339,600,339,0.07796365744465572,0.0,0.028042528536930334,0.028042528536930334,0.1281767320080239
12,sympy__sympy-20916,1791021326.5239325,8.120686769485474,13509,12544,965,0,0,783,182,783,0.09097655155171802,0.0,0.07374534839123639,0.07374534839123639,1.0958767896099852
2,django__django-12262,1791021327.489035,4.576719522476196,12706,10976,1730,0,0,1117,613,1117,0.1609986379148357,0.0,0.10360071936341758,0.10360071936341758,0.9500843242155129
8,sympy__sympy-11618,1791021328.9022448,13.636175155639648,10104,9408,696,0,0,170,526,170,0.06328636637185489,0.0,0.015412113764159525,0.015412113764159525,0.8068083921619618
6,pytest-dev__pytest-5631,1791021330.7972305,9.91987133026123,4990,3136,1854,0,0,1431,423,1431,0.15777836068034756,0.0,0.12147060004814393,0.12147060004814393,0.25886999735696903
14,pytest-dev__pytest-10051,1791021331.1725729,133.42630743980408,8245,6272,1973,0,0,1439,534,1439,0.17435867083146253,0.0,0.1267745667767343,0.1267745667767343,0.527806128077623
27,pytest-dev__pytest-6202,1791021332.4335878,4.574738502502441,5520,4704,816,0,0,575,241,575,0.07031904855068537,0.0,0.04947988067585439,0.04947988067585439,0.3920797960468354
23,django__django-13821,1791021334.0070822,11.39209532737732,15296,14112,1184,0,0,586,598,586,0.11365598469499141,0.0,0.05607269205263102,0.05607269205263102,1.244185788345379
12,sympy__sympy-20916,1791021334.7873003,2.8411943912506104,13739,12544,1195,0,0,965,230,965,0.11280074382096386,0.0,0.09097655155171802,0.09097655155171802,1.0958767896099852
30,sympy__sympy-18211,1791021334.8119042,6.672306776046753,14903,14112,791,0,0,571,220,571,0.07577155271580227,0.0,0.054633000867475606,0.054633000867475606,1.244185788345379
18,django__django-10973,1791021335.9885006,2.830585241317749,2817,1568,1249,0,0,939,310,939,0.10390061294288473,0.0,0.07796365744465572,0.07796365744465572,0.1281767320080239
2,django__django-12262,1791021336.4548078,2.9638609886169434,12867,12544,323,0,0,162,161,162,0.030345093706071663,0.0,0.015206172520363262,0.015206172520363262,1.0958767896099852
13,sympy__sympy-23262,1791021337.067807,19.30263590812683,18418,17248,1170,0,0,811,359,811,0.11605923739457452,0.0,0.08029889544371867,0.08029889544371867,1.54835338583893
27,pytest-dev__pytest-6202,1791021337.4061751,17.621930837631226,6122,4704,1418,0,0,816,602,816,0.1226334529998954,0.0,0.07031904855068537,0.07031904855068537,0.3920797960468354
12,sympy__sympy-20916,1791021337.7492166,9.660164594650269,13856,12544,1312,0,0,1195,117,1195,0.12392339316597034,0.0,0.11280074382096386,0.11280074382096386,1.0958767896099852
18,django__django-10973,1791021339.008247,205.37910652160645,3927,1568,2359,0,0,1249,1110,1249,0.19757830970461934,0.0,0.10390061294288473,0.10390061294288473,0.1281767320080239
6,pytest-dev__pytest-5631,1791021341.0047374,36.26911807060242,5294,4704,590,0,0,286,304,286,0.05077518939623668,0.0,0.02456856199048122,0.02456856199048122,0.3920797960468354
30,sympy__sympy-18211,1791021342.1138384,21.84882092475891,15037,14112,925,0,0,791,134,791,0.08867112912123362,0.0,0.07577155271580227,0.07577155271580227,1.244185788345379
8,sympy__sympy-11618,1791021343.0586882,27.293678283691406,11120,9408,1712,0,0,696,1016,696,0.15656009311924113,0.0,0.06328636637185489,0.06328636637185489,0.8068083921619618
9,sympy__sympy-13757,1791021343.082908,22.15811538696289,14722,14112,610,0,0,307,303,307,0.05837667697194442,0.0,0.0293321314391435,0.0293321314391435,1.244185788345379
21,django__django-12262,1791021343.304024,7.434112548828125,12161,0,12161,0,10976,780,405,11756,1.0600332198093245,0.9500843242155129,0.07220975466347179,1.0222940788789847,0.0
2,django__django-12262,1791021343.8058918,11.227663516998291,12974,12544,430,0,0,323,107,323,0.04042104001865622,0.0,0.030345093706071663,0.030345093706071663,1.0958767896099852
26,pylint-dev__pylint-6528,1791021344.9734557,4.078698635101318,8138,6272,1866,0,0,999,867,999,0.16480064568946207,0.0,0.08778601783281216,0.08778601783281216,0.527806128077623
7,sympy__sympy-23262,1791021345.2164676,7.868108034133911,9257,0,9257,0,7840,1134,283,8974,0.7931436150919134,0.6660489934493318,0.10154733398528801,0.7675963274346198,0.0
23,django__django-13821,1791021345.6807468,5.363784074783325,15600,14112,1488,0,0,1184,304,1184,0.14306942996061742,0.0,0.11365598469499141,0.11365598469499141,1.244185788345379
15,pytest-dev__pytest-5631,1791021347.765353,4.120225429534912,10741,9408,1333,0,0,1090,243,1090,0.12164250060207768,0.0,0.09933205682964213,0.09933205682964213,0.8068083921619618
12,sympy__sympy-20916,1791021347.954658,13.938059091567993,14150,12544,1606,0,0,1312,294,1312,0.15193445463227523,0.0,0.12392339316597034,0.12392339316597034,1.0958767896099852
0,django__django-10973,1791021348.9629378,22.377259731292725,6282,0,6282,0,4704,847,731,5551,0.5286798055225282,0.3920797960468354,0.07300392071604982,0.46508371676288524,0.0
22,django__django-13112,1791021349.1774828,8.439092874526978,23946,21952,1994,0,0,1344,650,1344,0.208238264214642,0.0,0.13991009691379422,0.13991009691379422,2.0234787821361655
26,pylint-dev__pylint-6528,1791021349.180071,211.39170742034912,8696,7840,856,0,0,298,558,298,0.07653122751714077,0.0,0.026557780317753275,0.026557780317753275,0.6660489934493318
19,django__django-10973,1791021349.545103,298.2521619796753,6392,0,6392,0,4704,1117,571,5821,0.5382970128699627,0.3920797960468354,0.09642988328737422,0.48850967933420963,0.0
21,django__django-12262,1791021351.2443974,47.03977990150452,12553,10976,1577,0,0,1185,392,1185,0.14663654804009074,0.0,0.1099488955938116,0.1099488955938116,0.9500843242155129
15,pytest-dev__pytest-5631,1791021352.041213,27.04736089706421,11014,9408,1606,0,0,1333,273,1333,0.14677941312013304,0.0,0.12164250060207768,0.12164250060207768,0.8068083921619618
23,django__django-13821,1791021352.2318141,29.933672666549683,16504,14112,2392,0,0,1488,904,1488,0.23109460434325624,0.0,0.14306942996061742,0.14306942996061742,1.244185788345379
31,sympy__sympy-20916,1791021353.19522,103.5795304775238,14050,0,14050,0,12544,728,778,13272,1.2382737438454416,1.0958767896099852,0.06854478767722383,1.164421577287209,0.0
7,sympy__sympy-23262,1791021353.3168185,10.203953981399536,10364,7840,2524,0,0,1417,1107,1417,0.22781443102269855,0.0,0.1270946216425817,0.1270946216425817,0.6660489934493318
27,pytest-dev__pytest-6202,1791021355.4311237,7.803995609283447,6663,4704,1959,0,0,1418,541,1418,0.16996336002506304,0.0,0.1226334529998954,0.1226334529998954,0.3920797960468354
2,django__django-12262,1791021355.7299075,41.12201166152954,13323,12544,779,0,0,430,349,430,0.07336702139139084,0.0,0.04042104001865622,0.04042104001865622,1.0958767896099852
13,sympy__sympy-23262,1791021356.8933618,10.781258344650269,18947,17248,1699,0,0,1170,529,1170,0.16899385417268728,0.0,0.11605923739457452,0.11605923739457452,1.54835338583893
22,django__django-13112,1791021357.776672,3.3937127590179443,25011,23520,1491,0,0,426,1065,426,0.15771788704138323,0.0,0.04483006543372105,0.04483006543372105,2.1868869809170866
22,django__django-13112,1791021361.2973094,4.025952577590942,25614,23520,2094,0,0,1491,603,1491,0.22214940077278122,0.0,0.15771788704138323,0.15771788704138323,2.1868869809170866
4,django__django-13821,1791021361.9752069,18.755943059921265,10506,0,10506,0,9408,419,679,9827,0.90687398705776,0.8068083921619618,0.038039721637102786,0.8448481137990645,0.0
12,sympy__sympy-20916,1791021362.326821,11.822576522827148,14570,14112,458,0,0,38,420,38,0.04379472961196356,0.0,0.003625455896881575,0.003625455896881575,1.244185788345379
27,pytest-dev__pytest-6202,1791021363.4762595,5.922961711883545,6912,6272,640,0,0,391,249,391,0.05612170487105683,0.0,0.03423702799427547,0.03423702799427547,0.527806128077623
7,sympy__sympy-23262,1791021363.6914604,28.805155277252197,10924,9408,1516,0,0,956,560,956,0.13848408991986827,0.0,0.08705503231006856,0.08705503231006856,0.8068083921619618
30,sympy__sympy-18211,1791021364.6126902,7.884673357009888,15420,14112,1308,0,0,925,383,925,0.12564215135353568,0.0,0.08867112912123362,0.08867112912123362,1.244185788345379
22,django__django-13112,1791021365.4630477,4.132469415664673,26287,25088,1199,0,0,526,673,526,0.12857528154333947,0.0,0.056224668650939044,0.056224668650939044,2.3528117130389288
9,sympy__sympy-13757,1791021365.6662328,4.7776148319244385,15329,14112,1217,0,0,610,607,610,0.11684431476264759,0.0,0.05837667697194442,0.05837667697194442,1.244185788345379
13,sympy__sympy-23262,1791021368.0366914,10.076604843139648,19163,18816,347,0,0,131,216,131,0.03483174517281731,0.0,0.013135255414529966,0.013135255414529966,1.7042119845970873
27,pytest-dev__pytest-6202,1791021369.662554,3.307264566421509,7242,6272,970,0,0,640,330,640,0.08522327869201912,0.0,0.05612170487105683,0.05612170487105683,0.527806128077623
22,django__django-13112,1791021369.7591102,3.068225383758545,26430,25088,1342,0,0,1199,143,1199,0.1440081611838961,0.0,0.12857528154333947,0.12857528154333947,2.3528117130389288
9,sympy__sympy-13757,1791021370.5887861,6.32933235168457,15608,14112,1496,0,0,1217,279,1217,0.14384474538876268,0.0,0.11684431476264759,0.11684431476264759,1.244185788345379
8,sympy__sympy-11618,1791021370.7520986,4.46900486946106,11823,10976,847,0,0,144,703,144,0.0784414302562546,0.0,0.013284161065689894,0.013284161065689894,0.9500843242155129
0,django__django-10973,1791021371.4887934,16.10937237739563,6744,6272,472,0,0,10,462,10,0.0413491754909701,0.0,0.0008736774449052061,0.0008736774449052061,0.527806128077623
22,django__django-13112,1791021372.9514382,15.940933465957642,26930,25088,1842,0,0,1342,500,1342,0.19813381504253355,0.0,0.1440081611838961,0.1440081611838961,2.3528117130389288
27,pytest-dev__pytest-6202,1791021373.1344035,4.597048759460449,7731,6272,1459,0,0,970,489,970,0.12855148189327553,0.0,0.08522327869201912,0.08522327869201912,0.527806128077623
30,sympy__sympy-18211,1791021373.2496297,11.094616889953613,15737,14112,1625,0,0,1308,317,1308,0.15635575129861326,0.0,0.12564215135353568,0.12564215135353568,1.244185788345379
12,sympy__sympy-20916,1791021374.6053114,8.625028848648071,14894,14112,782,0,0,458,324,458,0.07490582191245002,0.0,0.04379472961196356,0.04379472961196356,1.244185788345379
8,sympy__sympy-11618,1791021375.3834515,4.107916355133057,11952,10976,976,0,0,847,129,847,0.09045267078851797,0.0,0.0784414302562546,0.0784414302562546,0.9500843242155129
6,pytest-dev__pytest-5631,1791021377.4754817,17.630592823028564,6067,4704,1363,0,0,590,773,590,0.11783850097174678,0.0,0.05077518939623668,0.05077518939623668,0.3920797960468354
27,pytest-dev__pytest-6202,1791021378.8224468,5.967605352401733,7870,6272,1598,0,0,1459,139,1459,0.1409123527318204,0.0,0.12855148189327553,0.12855148189327553,0.527806128077623
13,sympy__sympy-23262,1791021378.918476,5.624809503555298,19502,18816,686,0,0,347,339,347,0.06897946872991319,0.0,0.03483174517281731,0.03483174517281731,1.7042119845970873
15,pytest-dev__pytest-5631,1791021379.2472885,8.4967782497406,11341,10976,365,0,0,38,327,38,0.033712940730627604,0.0,0.003503481066581822,0.003503481066581822,0.9500843242155129
8,sympy__sympy-11618,1791021380.7312436,6.75907564163208,12458,10976,1482,0,0,976,506,976,0.1377309679970675,0.0,0.09045267078851797,0.09045267078851797,0.9500843242155129
4,django__django-13821,1791021380.8898914,5.157059669494629,10889,9408,1481,0,0,1098,383,1098,0.13526036992094936,0.0,0.10006559489579835,0.10006559489579835,0.8068083921619618
23,django__django-13821,1791021382.6410592,35.85238790512085,16814,15680,1134,0,0,824,310,824,0.11064729829844064,0.0,0.08026907226694138,0.08026907226694138,1.3950113204216938
12,sympy__sympy-20916,1791021383.6878674,8.202046871185303,15377,14112,1265,0,0,782,483,782,0.12148387555826264,0.0,0.07490582191245002,0.07490582191245002,1.244185788345379
9,django__django-11749,1791021383.805522,5.801367521286011,1633,0,1633,1633,0,0,0,0,0.13354450326625367,0.0,0.0,0.0,0.0
13,sympy__sympy-23262,1791021384.6883914,13.725849390029907,19861,18816,1045,0,0,686,359,686,0.10527004929486003,0.0,0.06897946872991319,0.06897946872991319,1.7042119845970873
30,sympy__sympy-18211,1791021385.281897,6.840741157531738,16088,15680,408,0,0,57,351,57,0.03965801759377957,0.0,0.0055302192222983805,0.0055302192222983805,1.3950113204216938
4,django__django-13821,1791021386.1812603,15.08778429031372,11249,9408,1841,0,0,1481,360,1481,0.16847851065006625,0.0,0.13526036992094936,0.13526036992094936,0.8068083921619618
0,django__django-10973,1791021387.7265348,2.8305628299713135,7466,6272,1194,0,0,472,722,472,0.1050405837064537,0.0,0.0413491754909701,0.0413491754909701,0.527806128077623
8,sympy__sympy-11618,1791021388.0002477,13.15167760848999,12786,10976,1810,0,0,1482,328,1482,0.16851776691097928,0.0,0.1377309679970675,0.1377309679970675,0.9500843242155129
15,pytest-dev__pytest-5631,1791021388.1554902,13.096870183944702,11629,10976,653,0,0,365,288,365,0.06041008321849744,0.0,0.033712940730627604,0.033712940730627604,0.9500843242155129
22,django__django-13112,1791021389.2902994,21.296952486038208,27231,26656,575,0,0,274,301,274,0.062399583095762434,0.0,0.02969254957977015,0.02969254957977015,2.521252978501692
9,django__django-11749,1791021390.2503233,5.124440908432007,1857,1568,289,0,0,65,224,65,0.023899067206590418,0.0,0.005367771258229741,0.005367771258229741,0.1281767320080239
0,django__django-10973,1791021390.7997444,39.96314835548401,7598,6272,1326,0,0,1194,132,1194,0.11674268786148169,0.0,0.1050405837064537,0.1050405837064537,0.527806128077623
12,sympy__sympy-20916,1791021392.1580527,6.029717922210693,15609,14112,1497,0,0,1265,232,1265,0.14394166442327186,0.0,0.12148387555826264,0.12148387555826264,1.244185788345379
30,sympy__sympy-18211,1791021392.2793794,5.674900531768799,16231,15680,551,0,0,408,143,408,0.05359808838401994,0.0,0.03965801759377957,0.03965801759377957,1.3950113204216938
7,sympy__sympy-23262,1791021392.6171756,8.498511552810669,12293,9408,2885,0,0,1516,1369,1516,0.26556126888390574,0.0,0.13848408991986827,0.13848408991986827,0.8068083921619618
17,pylint-dev__pylint-6528,1791021392.9414299,240.77844500541687,12685,0,12685,0,10976,1458,251,12434,1.1091102762474085,0.9500843242155129,0.13548259888383596,1.085566923099349,0.0
27,pytest-dev__pytest-6202,1791021393.905053,22.55745553970337,8368,7840,528,0,0,30,498,30,0.04711754617123151,0.0,0.002669487360111616,0.002669487360111616,0.6660489934493318
6,pytest-dev__pytest-5631,1791021395.2806938,31.897634029388428,6349,4704,1645,0,0,1363,282,1363,0.14245628861295836,0.0,0.11783850097174678,0.11783850097174678,0.3920797960468354
9,django__django-11749,1791021395.4925737,4.202955722808838,4308,1568,2740,0,0,289,2451,289,0.2300232717070592,0.0,0.023899067206590418,0.023899067206590418,0.1281767320080239
2,django__django-12262,1791021397.2113576,28.208999633789062,14400,12544,1856,0,0,779,1077,779,0.17582298609244865,0.0,0.07336702139139084,0.07336702139139084,1.0958767896099852
21,django__django-12262,1791021398.4152057,5.289651393890381,13604,12544,1060,0,0,9,1051,9,0.09998432829965602,0.0,0.0008440826456182981,0.0008440826456182981,1.0958767896099852
12,sympy__sympy-20916,1791021399.0539503,4.419443607330322,15872,14112,1760,0,0,1497,263,1497,0.16946690418447338,0.0,0.14394166442327186,0.14394166442327186,1.244185788345379
13,sympy__sympy-23262,1791021399.8284936,3.768998384475708,20280,18816,1464,0,0,1045,419,1045,0.14779273796649112,0.0,0.10527004929486003,0.10527004929486003,1.7042119845970873
9,django__django-11749,1791021399.8373358,2.699261426925659,4574,3136,1438,0,0,1172,266,1172,0.12206994740056051,0.0,0.09933000635811405,0.09933000635811405,0.25886999735696903
30,sympy__sympy-18211,1791021400.1717532,7.13805890083313,16493,15680,813,0,0,551,262,551,0.07919294229801593,0.0,0.05359808838401994,0.05359808838401994,1.3950113204216938
7,sympy__sympy-23262,1791021401.2844315,6.132863759994507,12895,10976,1919,0,0,1317,602,1317,0.1787731232816404,0.0,0.12228533683035452,0.12228533683035452,0.9500843242155129
4,django__django-13821,1791021401.4050605,23.428544521331787,11577,10976,601,0,0,273,328,273,0.05558348530022754,0.0,0.025202578596515025,0.025202578596515025,0.9500843242155129
9,django__django-11749,1791021402.9199169,2.5481724739074707,4674,3136,1538,0,0,1438,100,1438,0.1306375284466139,0.0,0.12206994740056051,0.12206994740056051,0.25886999735696903
13,sympy__sympy-23262,1791021403.7362342,20.19739603996277,20636,18816,1820,0,0,1464,356,1464,0.18406299963101574,0.0,0.14779273796649112,0.14779273796649112,1.7042119845970873
21,django__django-12262,1791021404.1016126,10.261265754699707,14115,12544,1571,0,0,1060,511,1060,0.1485951652012173,0.0,0.09998432829965602,0.09998432829965602,1.0958767896099852
12,sympy__sympy-20916,1791021405.5357535,11.008724927902222,16143,15680,463,0,0,192,271,192,0.045017106282725226,0.0,0.018641372108158506,0.018641372108158506,1.3950113204216938
9,django__django-11749,1791021405.6226075,3.575486898422241,7108,3136,3972,0,0,1538,2434,1538,0.342328965404303,0.0,0.1306375284466139,0.1306375284466139,0.25886999735696903
7,sympy__sympy-23262,1791021407.5318055,97.82663655281067,13333,12544,789,0,0,351,438,351,0.07431286959761145,0.0,0.03298065788716798,0.03298065788716798,1.0958767896099852
8,sympy__sympy-11618,1791021408.5248141,7.3781163692474365,13226,12544,682,0,0,242,440,242,0.06419760552223568,0.0,0.02272530151650683,0.02272530151650683,1.0958767896099852
9,django__django-11749,1791021409.3514516,30.310986757278442,8115,6272,1843,0,0,836,1007,836,0.1627476471331888,0.0,0.07339283468364906,0.07339283468364906,0.527806128077623
22,django__django-13112,1791021410.7282207,98.13225436210632,28085,26656,1429,0,0,575,854,575,0.15570108409989872,0.0,0.062399583095762434,0.062399583095762434,2.521252978501692
15,django__django-12262,1791021411.485472,7.0832812786102295,1590,0,1590,1590,0,0,0,0,0.12999303198536144,0.0,0.0,0.0,0.0
28,sympy__sympy-13757,1791021412.6953256,57.31040692329407,10259,0,10259,0,9408,528,323,9936,0.8842562109837573,0.8068083921619618,0.04796495025541927,0.854773342417381,0.0
21,django__django-12262,1791021414.837254,3.890944242477417,14675,14112,563,0,0,3,560,3,0.053865259735653315,0.0,0.0002861664658236365,0.0002861664658236365,1.244185788345379
8,sympy__sympy-11618,1791021417.1788647,8.537779331207275,13447,12544,903,0,0,682,221,682,0.08510277362506857,0.0,0.06419760552223568,0.06419760552223568,1.0958767896099852
27,pytest-dev__pytest-6202,1791021417.3281715,5.648447513580322,8592,7840,752,0,0,528,224,528,0.06719301595806744,0.0,0.04711754617123151,0.04711754617123151,0.6660489934493318
23,django__django-13821,1791021418.7732532,6.7803075313568115,17153,15680,1473,0,0,1134,339,1134,0.14397995489888016,0.0,0.11064729829844064,0.11064729829844064,1.3950113204216938
21,django__django-12262,1791021418.8746216,3.9172487258911133,14791,14112,679,0,0,563,116,563,0.06500391768655862,0.0,0.053865259735653315,0.053865259735653315,1.244185788345379
15,django__django-12262,1791021419.1601338,6.524179935455322,2139,1568,571,0,0,22,549,22,0.0473016715936694,0.0,0.001816299977337529,0.001816299977337529,0.1281767320080239
12,sympy__sympy-20916,1791021420.499355,11.9582040309906,16775,15680,1095,0,0,463,632,463,0.10682011250635018,0.0,0.045017106282725226,0.045017106282725226,1.3950113204216938
11,sympy__sympy-18211,1791021420.7424662,7.296853303909302,14116,0,14116,0,12544,976,596,13520,1.244567345680251,1.0958767896099852,0.09201908439868323,1.1878958740086685,0.0
21,django__django-12262,1791021423.1498697,3.828927993774414,15347,14112,1235,0,0,679,556,679,0.1185838737015428,0.0,0.06500391768655862,0.06500391768655862,1.244185788345379
23,django__django-13821,1791021425.7132225,11.147878646850586,18102,15680,2422,0,0,1473,949,1473,0.23791727899376094,0.0,0.14397995489888016,0.14397995489888016,1.3950113204216938
2,django__django-12262,1791021425.79667,15.313684225082397,14809,14112,697,0,0,288,409,288,0.06673356453280628,0.0,0.027513987357054993,0.027513987357054993,1.244185788345379
4,django__django-13821,1791021425.8494875,27.189159870147705,12492,10976,1516,0,0,601,915,601,0.14091716679795283,0.0,0.05558348530022754,0.05558348530022754,0.9500843242155129
15,django__django-12262,1791021426.1584458,3.3879470825195312,2381,1568,813,0,0,571,242,571,0.06744965501770946,0.0,0.0473016715936694,0.0473016715936694,0.1281767320080239
21,django__django-12262,1791021427.2006445,4.789920806884766,15735,14112,1623,0,0,1235,388,1235,0.15616165222343784,0.0,0.1185838737015428,0.1185838737015428,1.244185788345379
8,sympy__sympy-11618,1791021427.343543,25.967708349227905,13898,12544,1354,0,0,903,451,903,0.12791955673001798,0.0,0.08510277362506857,0.08510277362506857,1.0958767896099852
6,pytest-dev__pytest-5631,1791021427.3524349,8.527842044830322,6901,6272,629,0,0,77,552,77,0.055153572085054545,0.0,0.006729956582170783,0.006729956582170783,0.527806128077623
30,sympy__sympy-18211,1791021427.5015712,6.97660493850708,17032,15680,1352,0,0,813,539,813,0.1320689583523328,0.0,0.07919294229801593,0.07919294229801593,1.3950113204216938
11,sympy__sympy-18211,1791021428.2989535,53.910473108291626,14954,14112,842,0,0,4,838,4,0.08067892663840748,0.0,0.0003815573348719631,0.0003815573348719631,1.244185788345379
13,django__django-13112,1791021428.7358263,11.772576332092285,1856,0,1856,1856,0,0,0,0,0.15199295608862323,0.0,0.0,0.0,0.0
15,django__django-12262,1791021429.695444,3.2678442001342773,4292,1568,2724,0,0,813,1911,813,0.228657764841331,0.0,0.06744965501770946,0.06744965501770946,0.1281767320080239
0,django__django-10973,1791021431.0539467,11.19364333152771,8653,6272,2381,0,0,1326,1055,1326,0.21091175918066557,0.0,0.11674268786148169,0.11674268786148169,0.527806128077623
21,django__django-12262,1791021432.9747458,3.6870477199554443,15891,15680,211,0,0,55,156,55,0.02048814293613369,0.0,0.005336120147122968,0.005336120147122968,1.3950113204216938
15,django__django-12262,1791021433.1362884,121.32960987091064,4634,3136,1498,0,0,1156,342,1156,0.12720926776392394,0.0,0.09796449949238584,0.09796449949238584,0.25886999735696903
12,sympy__sympy-20916,1791021433.4317782,4.169682741165161,17182,15680,1502,0,0,1095,407,1095,0.1468368827795188,0.0,0.10682011250635018,0.10682011250635018,1.3950113204216938
6,pytest-dev__pytest-5631,1791021436.6251547,6.489942312240601,7123,6272,851,0,0,629,222,629,0.07471622459587207,0.0,0.055153572085054545,0.055153572085054545,0.527806128077623
23,django__django-13821,1791021437.0293248,34.79841876029968,18362,17248,1114,0,0,854,260,854,0.11047233866578351,0.0,0.08457521357652487,0.08457521357652487,1.54835338583893
27,pytest-dev__pytest-6202,1791021437.6964724,6.470936298370361,9052,7840,1212,0,0,752,460,752,0.10858045257307522,0.0,0.06719301595806744,0.06719301595806744,0.6660489934493318
12,sympy__sympy-20916,1791021438.309607,3.6869421005249023,17424,15680,1744,0,0,1502,242,1502,0.17071101671436884,0.0,0.1468368827795188,0.1468368827795188,1.3950113204216938
9,django__django-11749,1791021439.8328161,12.503695011138916,8430,7840,590,0,0,275,315,275,0.05266900912983811,0.0,0.024504781761480007,0.024504781761480007,0.6660489934493318
13,django__django-13112,1791021440.8875694,271.14564538002014,2221,1568,653,0,0,288,365,288,0.054121959730149646,0.0,0.023816224080599326,0.023816224080599326,0.1281767320080239
21,django__django-12262,1791021441.1266294,11.188265323638916,16203,15680,523,0,0,211,312,211,0.050866916112256334,0.0,0.02048814293613369,0.02048814293613369,1.3950113204216938
30,sympy__sympy-18211,1791021441.163457,20.779878854751587,17426,15680,1746,0,0,1352,394,1352,0.17090857335346035,0.0,0.1320689583523328,0.1320689583523328,1.3950113204216938
2,django__django-12262,1791021441.5287223,12.653083324432373,15192,14112,1080,0,0,697,383,697,0.10361520597428282,0.0,0.06673356453280628,0.06673356453280628,1.244185788345379
12,sympy__sympy-20916,1791021442.1436987,12.102244138717651,17672,17248,424,0,0,176,248,176,0.041897197022186514,0.0,0.017368951297132736,0.017368951297132736,1.54835338583893
0,django__django-10973,1791021442.6249642,78.9384171962738,9494,7840,1654,0,0,813,841,813,0.14855241801199165,0.0,0.07266889380895677,0.07266889380895677,0.6660489934493318
6,pytest-dev__pytest-5631,1791021443.3870742,2.979832887649536,7362,6272,1090,0,0,851,239,851,0.09583330511841238,0.0,0.07471622459587207,0.07471622459587207,0.527806128077623
27,pytest-dev__pytest-6202,1791021445.1293218,9.700224161148071,9512,7840,1672,0,0,1212,460,1212,0.15018447312077823,0.0,0.10858045257307522,0.10858045257307522,0.6660489934493318
6,pytest-dev__pytest-5631,1791021446.5095444,8.553290843963623,7538,6272,1266,0,0,1090,176,1090,0.11142133873351277,0.0,0.09583330511841238,0.09583330511841238,0.527806128077623
3,django__django-13112,1791021449.0595324,50.717158794403076,26905,1568,25337,0,23520,1404,413,24924,2.420056436031261,2.224634981030905,0.150705844452168,2.375340825483073,0.1281767320080239
25,astropy__astropy-12907,1791021449.444478,9.479407548904419,4931,0,4931,0,3136,1469,326,4605,0.411573164099598,0.25886999735696903,0.12472480283430767,0.3835948001912767,0.0
9,django__django-11749,1791021452.5987961,62.344465255737305,9482,7840,1642,0,0,590,1052,590,0.14746456551244086,0.0,0.05266900912983811,0.05266900912983811,0.6660489934493318
4,django__django-13821,1791021453.4166484,12.852876424789429,12901,10976,1925,0,0,1516,409,1516,0.17933799143719534,0.0,0.14091716679795283,0.14091716679795283,0.9500843242155129
12,sympy__sympy-20916,1791021454.4039593,36.26607012748718,17799,17248,551,0,0,424,127,424,0.054482405903693146,0.0,0.041897197022186514,0.041897197022186514,1.54835338583893
2,django__django-12262,1791021454.4600692,4.6710426807403564,15481,14112,1369,0,0,1080,289,1080,0.131544347449411,0.0,0.10361520597428282,0.10361520597428282,1.244185788345379
27,pytest-dev__pytest-6202,1791021455.1366494,18.43594002723694,9832,9408,424,0,0,104,320,104,0.03849474122961446,0.0,0.00942507440814824,0.00942507440814824,0.8068083921619618
6,pytest-dev__pytest-5631,1791021455.3206453,5.58122992515564,8006,6272,1734,0,0,1266,468,1266,0.15302558263687963,0.0,0.11142133873351277,0.11142133873351277,0.527806128077623
31,sympy__sympy-20916,1791021456.8985472,47.56785297393799,14515,0,14515,0,12544,1506,465,14050,1.2827099820043948,1.0958767896099852,0.14239695423545617,1.2382737438454414,0.0
21,django__django-12262,1791021458.1914153,10.214700698852539,16683,15680,1003,0,0,523,480,523,0.09779804728951325,0.0,0.050866916112256334,0.050866916112256334,1.3950113204216938
25,astropy__astropy-12907,1791021459.193369,71.03117346763611,5899,4704,1195,0,0,227,968,227,0.1032112752546346,0.0,0.019493368052762642,0.019493368052762642,0.3920797960468354
2,django__django-12262,1791021459.246558,4.001868724822998,18181,14112,4069,0,0,1369,2700,1369,0.3966042350279629,0.0,0.131544347449411,0.131544347449411,1.244185788345379
6,pytest-dev__pytest-5631,1791021461.026703,5.018044948577881,9189,7840,1349,0,0,166,1183,166,0.12094856858022737,0.0,0.014782717265170843,0.014782717265170843,0.6660489934493318
30,sympy__sympy-18211,1791021462.7222419,17.864221572875977,17855,17248,607,0,0,178,429,178,0.06003703403593399,0.0,0.017566507936224236,0.017566507936224236,1.54835338583893
29,sympy__sympy-15875,1791021463.2429404,12.588025093078613,5583,0,5583,0,4704,350,529,5054,0.46785622944976313,0.3920797960468354,0.030077885816163375,0.4221576818629988,0.0
2,django__django-12262,1791021463.3963354,22.211010456085205,18282,17248,1034,0,0,933,101,933,0.10249662289886159,0.0,0.09243663753441192,0.09243663753441192,1.54835338583893
14,pytest-dev__pytest-10051,1791021464.7460465,3.4395954608917236,8463,0,8463,0,7840,405,218,8245,0.7216744179289517,0.6660489934493318,0.03611580545975373,0.7021647989090855,0.0
8,sympy__sympy-11618,1791021465.2954276,7.198516845703125,14328,12544,1784,0,0,1354,430,1354,0.16893653010072443,0.0,0.12791955673001798,0.12791955673001798,1.0958767896099852
6,pytest-dev__pytest-5631,1791021466.441581,19.116735219955444,9468,7840,1628,0,0,1349,279,1349,0.14619559054971237,0.0,0.12094856858022737,0.12094856858022737,0.6660489934493318
4,django__django-13821,1791021466.5922987,8.398528575897217,13184,12544,640,0,0,357,283,357,0.06023033073378536,0.0,0.03354552604272288,0.03354552604272288,1.0958767896099852
14,pytest-dev__pytest-10051,1791021468.3636734,3.7203025817871094,8542,7840,702,0,0,623,79,623,0.06270743185124648,0.0,0.055625424479619885,0.055625424479619885,0.6660489934493318
21,django__django-12262,1791021469.069942,29.790879249572754,17116,15680,1436,0,0,1003,433,1003,0.1403361587410965,0.0,0.09779804728951325,0.09779804728951325,1.3950113204216938
28,sympy__sympy-13757,1791021470.2544148,60.13698959350586,11431,0,11431,0,9408,851,1172,10259,0.9921310021114056,0.8068083921619618,0.0774478188217955,0.8842562109837573,0.0
14,pytest-dev__pytest-10051,1791021472.2482865,3.732038974761963,8647,7840,807,0,0,702,105,702,0.0721301139864668,0.0,0.06270743185124648,0.06270743185124648,0.6660489934493318
8,sympy__sympy-11618,1791021472.6282163,12.754636287689209,14862,14112,750,0,0,216,534,216,0.07182833939610885,0.0,0.020627531365330763,0.020627531365330763,1.244185788345379
27,pytest-dev__pytest-6202,1791021473.7146437,3.820678472518921,10092,9408,684,0,0,424,260,424,0.0621910214602657,0.0,0.03849474122961446,0.03849474122961446,0.8068083921619618
4,django__django-13821,1791021475.1686075,5.625272274017334,13340,12544,796,0,0,640,156,640,0.07497502424340254,0.0,0.06023033073378536,0.06023033073378536,1.0958767896099852
14,pytest-dev__pytest-10051,1791021476.1206775,3.3751606941223145,9362,7840,1522,0,0,807,715,807,0.13659414706110587,0.0,0.0721301139864668,0.0721301139864668,0.6660489934493318
29,sympy__sympy-15875,1791021476.4083416,303.66323947906494,5976,4704,1272,0,0,879,393,879,0.10991183435509018,0.0,0.07577643340292778,0.07577643340292778,0.3920797960468354
27,pytest-dev__pytest-6202,1791021477.667404,20.266486644744873,10362,9408,954,0,0,684,270,684,0.08687193234141838,0.0,0.0621910214602657,0.0621910214602657,0.8068083921619618
14,pytest-dev__pytest-10051,1791021479.6272495,284.83689427375793,9681,7840,1841,0,0,1522,319,1522,0.1655238308792525,0.0,0.13659414706110587,0.13659414706110587,0.6660489934493318
23,django__django-13821,1791021481.1232238,6.937639951705933,1507,0,1507,0,17248,1114,0,18362,0.12314321865123617,1.54835338583893,0.11047233866578351,1.6588257245047136,0.0
30,sympy__sympy-18211,1791021481.4763098,10.495835065841675,18342,17248,1094,0,0,607,487,607,0.10847779559191875,0.0,0.06003703403593399,0.06003703403593399,1.54835338583893
4,django__django-13821,1791021481.4995012,5.096383571624756,14170,12544,1626,0,0,796,830,796,0.15384318297590763,0.0,0.07497502424340254,0.07497502424340254,1.0958767896099852
11,sympy__sympy-18211,1791021482.7658186,284.70244216918945,15762,0,15762,0,14112,842,808,14954,1.4029681235330105,1.244185788345379,0.08067892663840748,1.3248647149837867,0.0
2,django__django-12262,1791021485.7624059,5.069212436676025,18583,17248,1335,0,0,1034,301,1034,0.13253929737499326,0.0,0.10249662289886159,0.10249662289886159,1.54835338583893
8,sympy__sympy-11618,1791021485.8608453,4.051350116729736,15315,14112,1203,0,0,750,453,750,0.11549155375283701,0.0,0.07182833939610885,0.07182833939610885,1.244185788345379
23,django__django-13821,1791021488.3609252,7.284562349319458,2757,0,2757,0,0,1507,1250,1507,0.22704961239634688,0.0,0.12314321865123617,0.12314321865123617,0.0
8,sympy__sympy-11618,1791021490.056849,22.306387186050415,15841,14112,1729,0,0,1203,526,1203,0.16645454503494173,0.0,0.11549155375283701,0.11549155375283701,1.244185788345379
2,django__django-12262,1791021491.5098886,3.7374184131622314,18754,17248,1506,0,0,1335,171,1335,0.14964803691038098,0.0,0.13253929737499326,0.13253929737499326,1.54835338583893
30,sympy__sympy-18211,1791021492.672586,5.7919793128967285,18630,17248,1382,0,0,1094,288,1094,0.13723871683444946,0.0,0.10847779559191875,0.10847779559191875,1.54835338583893
12,django__django-14787,1791021494.2933762,5.786986589431763,1538,0,1538,1538,0,0,0,0,0.12570075768342914,0.0,0.0,0.0,0.0
6,pytest-dev__pytest-5631,1791021494.3378778,4.5284833908081055,10238,9408,830,0,0,60,770,60,0.075527730285497,0.0,0.005436191837082377,0.005436191837082377,0.8068083921619618
2,django__django-12262,1791021495.944674,4.41020655632019,18912,17248,1664,0,0,1506,158,1506,0.1654827152171498,0.0,0.14964803691038098,0.14964803691038098,1.54835338583893
23,django__django-13821,1791021496.0944023,7.475792407989502,3473,1568,1905,0,0,1189,716,1189,0.15911086837855187,0.0,0.09887288038832298,0.09887288038832298,0.1281767320080239
30,sympy__sympy-18211,1791021499.1170628,3.20375919342041,18801,17248,1553,0,0,1382,171,1382,0.15435568266977606,0.0,0.13723871683444946,0.13723871683444946,1.54835338583893
21,django__django-12262,1791021499.235207,20.035547256469727,17843,15680,2163,0,0,1436,727,1436,0.21218855177812224,0.0,0.1403361587410965,0.1403361587410965,1.3950113204216938
3,django__django-13112,1791021500.0316517,16.9231436252594,27745,26656,1089,0,0,249,840,249,0.11846584933737336,0.0,0.026980189537592632,0.026980189537592632,2.521252978501692
12,django__django-14787,1791021500.574167,3.751525402069092,3167,0,3167,0,0,1538,1629,1538,0.26147922482024505,0.0,0.12570075768342914,0.12570075768342914,0.0
30,sympy__sympy-18211,1791021502.4615862,21.336549282073975,19138,17248,1890,0,0,1553,337,1553,0.18817673240075883,0.0,0.15435568266977606,0.15435568266977606,1.54835338583893
23,django__django-13821,1791021503.9559727,20.89915180206299,4989,3136,1853,0,0,337,1516,337,0.1576923107610619,0.0,0.02841760302960674,0.02841760302960674,0.25886999735696903
12,django__django-14787,1791021504.461916,125.86114978790283,4779,3136,1643,0,0,31,1612,31,0.13964450454012886,0.0,0.0026092274632760386,0.0026092274632760386,0.25886999735696903
31,sympy__sympy-20916,1791021504.6324558,7.775088787078857,15506,14112,1394,0,0,403,991,403,0.13396438059566335,0.0,0.03852419365901568,0.03852419365901568,1.244185788345379
2,django__django-12262,1791021504.6656353,8.515320539474487,19056,18816,240,0,0,96,144,96,0.024077978152948976,0.0,0.009624116458992495,0.009624116458992495,1.7042119845970873
7,sympy__sympy-23262,1791021505.503623,24.944796800613403,14003,0,14003,0,12544,789,670,13333,1.2337946545246998,1.0958767896099852,0.07431286959761145,1.1701896592075967,0.0
6,pytest-dev__pytest-5631,1791021506.7771351,31.613093376159668,10680,9408,1272,0,0,830,442,830,0.11603625478171987,0.0,0.075527730285497,0.075527730285497,0.8068083921619618
22,django__django-13112,1791021509.130619,156.45571088790894,29121,0,29121,0,26656,1429,1036,28085,2.7911415694527633,2.521252978501692,0.15570108409989872,2.676954062601591,0.0
27,django__django-15380,1791021511.4577646,8.591459035873413,1823,0,1823,1823,0,0,0,0,0.14925970714446282,0.0,0.0,0.0,0.0
31,sympy__sympy-20916,1791021512.5493138,5.79894232749939,15943,14112,1831,0,0,1394,437,1394,0.17636988465308925,0.0,0.13396438059566335,0.13396438059566335,1.244185788345379
2,django__django-12262,1791021513.3131034,10.522746324539185,19355,18816,539,0,0,240,299,240,0.054157604392577385,0.0,0.024077978152948976,0.024077978152948976,1.7042119845970873
9,django__django-11749,1791021515.3546324,10.275333642959595,10102,0,10102,0,9408,74,620,9482,0.8699121908130162,0.8068083921619618,0.006705166799810875,0.8135135589617727,0.0
8,django__django-16255,1791021515.6612809,8.350446701049805,1768,0,1768,1768,0,0,0,0,0.1447067692371371,0.0,0.0,0.0,0.0
3,django__django-13112,1791021517.0989413,40.63255596160889,28019,26656,1363,0,0,1089,274,1089,0.14846381296885053,0.0,0.11846584933737336,0.11846584933737336,2.521252978501692
31,sympy__sympy-20916,1791021518.4979763,3.306281328201294,16140,15680,460,0,0,263,197,263,0.044724712517059825,0.0,0.025544352576774388,0.025544352576774388,1.3950113204216938
21,django__django-12262,1791021519.6254468,14.901250839233398,18296,17248,1048,0,0,595,453,595,0.10389190027632952,0.0,0.05884648636088615,0.05884648636088615,1.54835338583893
27,django__django-15380,1791021520.37944,37.58360433578491,3199,1568,1631,0,0,255,1376,255,0.13599692064533045,0.0,0.0210829751364389,0.0210829751364389,0.1281767320080239
20,django__django-11749,1791021520.6191034,9.249093770980835,8120,0,8120,0,6272,1519,329,7791,0.6910000331848741,0.527806128077623,0.13388468377143636,0.6616908118490593,0.0
31,sympy__sympy-20916,1791021521.9305165,21.501380681991577,16459,15680,779,0,0,460,319,460,0.07586750541253577,0.0,0.044724712517059825,0.044724712517059825,1.3950113204216938
0,django__django-10973,1791021522.4495199,4.834339380264282,10431,0,10431,0,9408,86,937,9494,0.899999639365858,0.8068083921619618,0.0077930192993616474,0.8146014114613234,0.0
2,django__django-12262,1791021523.9709241,34.731003761291504,19560,18816,744,0,0,539,205,539,0.07483363628346681,0.0,0.054157604392577385,0.054157604392577385,1.7042119845970873
8,django__django-16255,1791021524.6213837,3.7052884101867676,3030,1568,1462,0,0,200,1262,200,0.12177882281947656,0.0,0.016530037229113184,0.016530037229113184,0.1281767320080239
23,django__django-13821,1791021525.0336132,35.35004448890686,6190,4704,1486,0,0,285,1201,285,0.1285660378265825,0.0,0.024482512071195544,0.024482512071195544,0.3920797960468354
9,django__django-11749,1791021525.8951056,7.312049627304077,10618,9408,1210,0,0,694,516,694,0.11034200610188932,0.0,0.06310379865105445,0.06310379865105445,0.8068083921619618
0,django__django-10973,1791021527.440458,17.232165098190308,11186,9408,1778,0,0,1023,755,1023,0.1626557601671668,0.0,0.0931912472038963,0.0931912472038963,0.8068083921619618
8,django__django-16255,1791021528.479501,11.843104124069214,5178,1568,3610,0,0,1462,2148,1462,0.3046671953074963,0.0,0.12177882281947656,0.12177882281947656,0.1281767320080239
20,django__django-11749,1791021530.1582665,6.735832929611206,8454,7840,614,0,0,280,334,280,0.054819018840440686,0.0,0.024951039735542385,0.024951039735542385,0.6660489934493318
28,sympy__sympy-13757,1791021530.8046124,8.387295007705688,11784,0,11784,0,10976,455,353,11431,1.024897802356025,0.9500843242155129,0.04204667789589263,0.9921310021114056,0.0
7,sympy__sympy-23262,1791021530.8343046,130.16202449798584,14811,12544,2267,0,0,1459,808,1459,0.2152347667221875,0.0,0.13791786491471444,0.13791786491471444,1.0958767896099852
30,sympy__sympy-18211,1791021531.3506777,5.329456090927124,19605,18816,789,0,0,322,467,322,0.07937803491900645,0.0,0.03231813364260152,0.03231813364260152,1.7042119845970873
25,astropy__astropy-12907,1791021532.017678,57.22149085998535,6265,0,6265,0,4704,1195,366,5899,0.527194614767626,0.3920797960468354,0.1032112752546346,0.49529107130147,0.0
9,django__django-11749,1791021533.4549353,3.3060898780822754,10831,9408,1423,0,0,1210,213,1210,0.129920965875256,0.0,0.11034200610188932,0.11034200610188932,0.8068083921619618
21,django__django-12262,1791021534.6702113,12.491044282913208,18620,17248,1372,0,0,1048,324,1048,0.13623865099630603,0.0,0.10389190027632952,0.10389190027632952,1.54835338583893
30,sympy__sympy-18211,1791021536.831534,16.87697672843933,19968,18816,1152,0,0,789,363,789,0.1161119801003744,0.0,0.07937803491900645,0.07937803491900645,1.7042119845970873
9,django__django-11749,1791021537.0577161,6.421410322189331,11195,9408,1787,0,0,1423,364,1423,0.16348733294120946,0.0,0.129920965875256,0.129920965875256,0.8068083921619618
20,django__django-11749,1791021537.1915872,3.2744991779327393,8837,7840,997,0,0,614,383,614,0.08920936674816203,0.0,0.054819018840440686,0.054819018840440686,0.6660489934493318
6,pytest-dev__pytest-5631,1791021538.5254586,6.870868682861328,10980,9408,1572,0,0,1272,300,1272,0.14364464993260218,0.0,0.11603625478171987,0.11603625478171987,0.8068083921619618
28,sympy__sympy-13757,1791021539.6063516,210.6610288619995,12333,10976,1357,0,0,808,549,808,0.12602717338081626,0.0,0.07481347814051195,0.07481347814051195,0.9500843242155129
8,django__django-16255,1791021540.6123788,11.684149265289307,6641,4704,1937,0,0,474,1463,474,0.16803282532942498,0.0,0.04076413126868482,0.04076413126868482,0.3920797960468354
20,django__django-11749,1791021540.6287818,3.1597955226898193,8938,7840,1098,0,0,997,101,997,0.09830337958436244,0.0,0.08920936674816203,0.08920936674816203,0.6660489934493318
9,django__django-11749,1791021543.7846956,3.7219111919403076,11392,10976,416,0,0,219,197,219,0.038434373866931854,0.0,0.020211400887658233,0.020211400887658233,0.9500843242155129
20,django__django-11749,1791021543.9517977,4.000763893127441,9636,7840,1796,0,0,1098,698,1098,0.1614365307912698,0.0,0.09830337958436244,0.09830337958436244,0.6660489934493318
31,sympy__sympy-20916,1791021544.008569,81.42899632453918,16690,15680,1010,0,0,779,231,779,0.09848420426621976,0.0,0.07586750541253577,0.07586750541253577,1.3950113204216938
18,django__django-10973,1791021544.6193585,266.89722967147827,4330,0,4330,0,3136,791,403,3927,0.3600780035008463,0.25886999735696903,0.06688504435567422,0.32575504171264325,0.0
0,django__django-10973,1791021544.867154,18.023149013519287,11526,10976,550,0,0,210,340,210,0.050852394936111475,0.0,0.019379828113615556,0.019379828113615556,0.9500843242155129
6,pytest-dev__pytest-5631,1791021545.5696788,28.148369789123535,11491,10976,515,0,0,4,511,4,0.047607108663743194,0.0,0.00036871787905093644,0.00036871787905093644,0.9500843242155129
21,django__django-12262,1791021547.4680595,26.894635677337646,19133,17248,1885,0,0,1372,513,1372,0.18767408686123246,0.0,0.13623865099630603,0.13623865099630603,1.54835338583893
9,django__django-11749,1791021547.6496847,6.165594100952148,12010,10976,1034,0,0,416,618,416,0.09585862423939083,0.0,0.038434373866931854,0.038434373866931854,0.9500843242155129
20,django__django-11749,1791021548.080423,104.62649750709534,11072,9408,1664,0,0,228,1436,228,0.15212968116328213,0.0,0.02067713207863978,0.02067713207863978,0.8068083921619618
8,django__django-16255,1791021552.8528976,3.574653387069702,8491,6272,2219,0,0,369,1850,369,0.19637763759618437,0.0,0.03230649329863744,0.03230649329863744,0.527806128077623
9,django__django-11749,1791021554.128678,4.5791966915130615,12222,10976,1246,0,0,1034,212,1034,0.11564761026607688,0.0,0.09585862423939083,0.09585862423939083,0.9500843242155129
15,django__django-12262,1791021554.8443592,5.1649041175842285,4839,0,4839,0,3136,1498,205,4634,0.4036664119692144,0.25886999735696903,0.12720926776392394,0.38607926512089297,0.0
8,django__django-16255,1791021556.583933,16.985493421554565,11834,7840,3994,0,0,651,3343,651,0.3635003110451299,0.0,0.05813477222447558,0.05813477222447558,0.6660489934493318
3,django__django-13112,1791021557.992373,5.3797767162323,28345,26656,1689,0,0,1363,326,1363,0.18425492433105314,0.0,0.14846381296885053,0.14846381296885053,2.521252978501692
27,django__django-15380,1791021558.2190313,25.675235986709595,4813,3136,1677,0,0,63,1614,63,0.14256346783698928,0.0,0.0053036552963853095,0.0053036552963853095,0.25886999735696903
9,django__django-11749,1791021558.845474,5.681799650192261,13418,10976,2442,0,0,1246,1196,1246,0.22814917734244625,0.0,0.11564761026607688,0.11564761026607688,0.9500843242155129
15,django__django-12262,1791021560.1477063,4.138723134994507,5132,4704,428,0,0,135,293,135,0.036798042668313054,0.0,0.011586615922379005,0.011586615922379005,0.3920797960468354
23,django__django-13821,1791021560.816239,5.8315534591674805,6923,4704,2219,0,0,1486,733,1486,0.19281629353782712,0.0,0.1285660378265825,0.1285660378265825,0.3920797960468354
26,pylint-dev__pylint-6528,1791021560.8507826,4.473527669906616,9322,0,9322,0,7840,856,626,8696,0.7990229430647089,0.6660489934493318,0.07653122751714077,0.7425802209664726,0.0
30,sympy__sympy-11618,1791021562.1130357,6.25861120223999,1423,0,1423,1423,0,0,0,0,0.11621805665026534,0.0,0.0,0.0,0.0
3,django__django-13112,1791021563.6768074,4.509854316711426,28567,28224,343,0,0,121,222,121,0.03773247434869248,0.0,0.013297125527368496,0.013297125527368496,2.6922107773053767
15,django__django-12262,1791021564.4450214,4.177576303482056,7947,4704,3243,0,0,428,2815,428,0.28349458551577317,0.0,0.036798042668313054,0.036798042668313054,0.3920797960468354
9,django__django-11749,1791021564.7744555,5.485685348510742,14276,12544,1732,0,0,874,858,874,0.16396627848781412,0.0,0.0823567119479738,0.0823567119479738,1.0958767896099852
26,pylint-dev__pylint-6528,1791021565.4355898,289.45143485069275,9971,7840,2131,0,0,1482,649,1482,0.19191392833806908,0.0,0.13297394961537712,0.13297394961537712,0.6660489934493318
23,django__django-13821,1791021566.898323,112.82542872428894,10656,6272,4384,0,0,651,3733,651,0.39283382683021834,0.0,0.05708996150703954,0.05708996150703954,0.527806128077623
2,sympy__sympy-13757,1791021567.3724084,7.988957166671753,1506,0,1506,1506,0,0,0,0,0.12306073376899009,0.0,0.0,0.0,0.0
3,django__django-13112,1791021568.3246143,26.898387908935547,28809,28224,585,0,0,343,242,343,0.06442667233762557,0.0,0.03773247434869248,0.03773247434869248,2.6922107773053767
15,django__django-12262,1791021568.7482176,11.708875179290771,9389,7840,1549,0,0,107,1442,107,0.13903870614116523,0.0,0.009525388113276823,0.009525388113276823,0.6660489934493318
30,sympy__sympy-11618,1791021568.8291943,6.78514289855957,2573,0,2573,0,0,1423,1150,1423,0.21165420929260872,0.0,0.11621805665026534,0.11621805665026534,0.0
9,django__django-11749,1791021570.4991324,16.08787775039673,14655,14112,543,0,0,164,379,164,0.05194619350109358,0.0,0.015657279752420438,0.015657279752420438,1.244185788345379
0,sympy__sympy-15875,1791021571.7158222,7.922805309295654,1499,0,1499,1499,0,0,0,0,0.1224833682527671,0.0,0.0,0.0,0.0
8,django__django-16255,1791021573.8105977,3.485875368118286,12055,10976,1079,0,0,858,221,858,0.10005527055388505,0.0,0.07946498027894869,0.07946498027894869,0.9500843242155129
6,pytest-dev__pytest-5631,1791021574.4413643,8.022925615310669,11817,10976,841,0,0,515,326,515,0.0778831824451074,0.0,0.047607108663743194,0.047607108663743194,0.9500843242155129
30,sympy__sympy-11618,1791021575.859723,3.258723258972168,2815,1568,1247,0,0,1005,242,1005,0.10373296249162635,0.0,0.0834774772845848,0.0834774772845848,0.1281767320080239
2,sympy__sympy-13757,1791021577.2576509,12.073108434677124,3099,0,3099,0,0,1506,1593,1506,0.2557570457569822,0.0,0.12306073376899009,0.12306073376899009,0.0
8,django__django-16255,1791021577.4443653,7.386653661727905,12469,10976,1493,0,0,1079,414,1079,0.13876166754135835,0.0,0.10005527055388505,0.10005527055388505,0.9500843242155129
30,sympy__sympy-11618,1791021579.2534058,3.098642349243164,2932,1568,1364,0,0,1247,117,1247,0.11354739984679699,0.0,0.10373296249162635,0.10373296249162635,0.1281767320080239
15,django__django-12262,1791021580.9104025,13.127360105514526,9776,7840,1936,0,0,1549,387,1549,0.17415938214059334,0.0,0.13903870614116523,0.13903870614116523,0.6660489934493318
0,sympy__sympy-15875,1791021581.8085577,11.361647129058838,2204,0,2204,0,0,1499,705,1499,0.18088416405019708,0.0,0.1224833682527671,0.1224833682527671,0.0
21,sympy__sympy-18211,1791021582.492023,8.902675867080688,1547,0,1547,1547,0,0,0,0,0.12644345325499642,0.0,0.0,0.0,0.0
30,sympy__sympy-11618,1791021582.494313,3.608100652694702,3865,1568,2297,0,0,1364,933,1364,0.19231260856942228,0.0,0.11354739984679699,0.11354739984679699,0.1281767320080239
6,pytest-dev__pytest-5631,1791021582.596779,25.298192739486694,12104,10976,1128,0,0,841,287,841,0.10462730934017644,0.0,0.0778831824451074,0.0778831824451074,0.9500843242155129
27,django__django-15380,1791021584.3034549,5.784167528152466,5651,4704,947,0,0,109,838,109,0.0816715029446378,0.0,0.00935366914712292,0.00935366914712292,0.3920797960468354
8,django__django-16255,1791021585.239468,19.19715428352356,14132,10976,3156,0,0,1493,1663,1493,0.29600941457279506,0.0,0.13876166754135835,0.13876166754135835,0.9500843242155129
30,sympy__sympy-11618,1791021586.2381153,9.963347911834717,4440,3136,1304,0,0,729,575,729,0.11060543607151818,0.0,0.06161934322047715,0.06161934322047715,0.25886999735696903
9,django__django-11749,1791021587.465687,296.6986138820648,15090,14112,978,0,0,543,435,543,0.09377827260572093,0.0,0.05194619350109358,0.05194619350109358,1.244185788345379
25,astropy__astropy-12907,1791021589.3871455,48.51403307914734,6627,4704,1923,0,0,1561,362,1561,0.16680456118587905,0.0,0.13511481872079056,0.13511481872079056,0.3920797960468354
2,sympy__sympy-13757,1791021589.483978,3.063913345336914,3310,1568,1742,0,0,1531,211,1531,0.14535134062423463,0.0,0.1275803137489583,0.1275803137489583,0.1281767320080239
27,django__django-15380,1791021590.208961,4.140544891357422,5819,4704,1115,0,0,947,168,947,0.09625608332634442,0.0,0.0816715029446378,0.0816715029446378,0.3920797960468354
2,sympy__sympy-13757,1791021592.685129,43.929452657699585,3972,3136,836,0,0,174,662,174,0.0707093884170545,0.0,0.0146580752752895,0.0146580752752895,0.25886999735696903
21,sympy__sympy-18211,1791021593.4297123,8.312938213348389,2982,0,2982,0,0,1547,1435,1547,0.24592260918885822,0.0,0.12644345325499642,0.12644345325499642,0.0
0,sympy__sympy-15875,1791021593.4495838,4.058626890182495,2719,1568,1151,0,0,636,515,636,0.09569055562715732,0.0,0.05270743204217317,0.05270743204217317,0.1281767320080239
15,django__django-12262,1791021594.263424,119.37919592857361,10148,9408,740,0,0,368,372,368,0.06730389206566434,0.0,0.03339998342796334,0.03339998342796334,0.8068083921619618
27,django__django-15380,1791021594.4759436,52.569464921951294,6691,4704,1987,0,0,1115,872,1115,0.1724211206706378,0.0,0.09625608332634442,0.09625608332634442,0.3920797960468354
3,django__django-13112,1791021595.355822,104.20049738883972,29821,28224,1597,0,0,585,1012,585,0.17670642413410426,0.0,0.06442667233762557,0.06442667233762557,2.6922107773053767
30,sympy__sympy-11618,1791021596.4674544,8.329837083816528,5198,3136,2062,0,0,1304,758,1304,0.17569899185188662,0.0,0.11060543607151818,0.11060543607151818,0.25886999735696903
0,sympy__sympy-15875,1791021597.678305,27.698861360549927,3812,1568,2244,0,0,1151,1093,1151,0.18781440268492894,0.0,0.09569055562715732,0.09569055562715732,0.1281767320080239
21,sympy__sympy-18211,1791021602.6328688,4.095246076583862,3258,1568,1690,0,0,1414,276,1414,0.14096751969214988,0.0,0.1177458771808343,0.1177458771808343,0.1281767320080239
30,sympy__sympy-11618,1791021605.0376675,4.033842325210571,6383,4704,1679,0,0,494,1185,494,0.14542988919870004,0.0,0.04248919316202026,0.04248919316202026,0.3920797960468354
8,django__django-16255,1791021605.3772876,10.729004621505737,14506,14112,394,0,0,20,374,20,0.037662037104685034,0.0,0.0019079504429289611,0.0019079504429289611,1.244185788345379
21,sympy__sympy-18211,1791021606.8985398,4.970183849334717,4213,3136,1077,0,0,122,955,122,0.09122615022757602,0.0,0.010274254343204725,0.010274254343204725,0.25886999735696903
30,sympy__sympy-11618,1791021609.2109034,4.621433734893799,6886,6272,614,0,0,111,503,111,0.053833590606176894,0.0,0.009703557167912455,0.009703557167912455,0.527806128077623
21,sympy__sympy-18211,1791021612.3849673,3.6412792205810547,4799,3136,1663,0,0,1077,586,1077,0.14136139847607815,0.0,0.09122615022757602,0.09122615022757602,0.25886999735696903
30,sympy__sympy-11618,1791021615.2843673,38.10114622116089,7173,6272,901,0,0,614,287,614,0.07912918757781245,0.0,0.053833590606176894,0.053833590606176894,0.527806128077623
21,sympy__sympy-18211,1791021616.1897163,6.083366394042969,5701,4704,997,0,0,95,902,95,0.08600913238477115,0.0,0.008151599786211805,0.008151599786211805,0.3920797960468354
8,django__django-16255,1791021616.249392,9.176763534545898,14696,14112,584,0,0,394,190,394,0.05588071992174738,0.0,0.037662037104685034,0.037662037104685034,1.244185788345379
10,sympy__sympy-15875,1791021618.0171218,4.005499601364136,5845,0,5845,0,4704,898,243,5602,0.490595598215277,0.3920797960468354,0.07742310872246001,0.4695029047692954,0.0
6,sympy__sympy-20916,1791021618.0593374,7.009206533432007,1425,0,1425,1425,0,0,0,0,0.11638285752842058,0.0,0.0,0.0,0.0
10,sympy__sympy-15875,1791021622.2635517,6.3282082080841064,6128,4704,1424,0,0,1141,283,1141,0.12315672598599439,0.0,0.09851580216844161,0.09851580216844161,0.3920797960468354
21,sympy__sympy-18211,1791021622.4181597,17.45410442352295,6343,4704,1639,0,0,997,642,997,0.14193165839484256,0.0,0.08600913238477115,0.08600913238477115,0.3920797960468354
6,sympy__sympy-20916,1791021625.431385,10.213486909866333,3395,0,3395,0,0,1425,1970,1425,0.2806998934118298,0.0,0.11638285752842058,0.11638285752842058,0.0
8,django__django-16255,1791021625.5972123,6.574421644210815,14952,14112,840,0,0,584,256,584,0.0804864304481026,0.0,0.05588071992174738,0.05588071992174738,1.244185788345379
31,sympy__sympy-20916,1791021625.8997953,5.126830577850342,16897,0,16897,0,15680,1010,207,16690,1.5138088374011152,1.3950113204216938,0.09848420426621976,1.4934955246879136,0.0
0,sympy__sympy-15875,1791021625.9245152,416.9419484138489,4064,3136,928,0,0,676,252,676,0.07853449782150476,0.0,0.05712113733598382,0.05712113733598382,0.25886999735696903
10,sympy__sympy-15875,1791021628.8381631,3.610597610473633,6798,4704,2094,0,0,1424,670,1424,0.1818206700389366,0.0,0.12315672598599439,0.12315672598599439,0.3920797960468354
12,django__django-14787,1791021631.2278056,13.679635286331177,5153,0,5153,0,4704,75,374,4779,0.4306881756977268,0.3920797960468354,0.006434705850262501,0.3985145018970979,0.0
31,sympy__sympy-20916,1791021631.475741,4.211644411087036,17075,15680,1395,0,0,1217,178,1217,0.1363000753365012,0.0,0.11879751697942127,0.11879751697942127,1.3950113204216938
10,sympy__sympy-15875,1791021632.590702,109.94352436065674,7028,6272,756,0,0,526,230,526,0.06633864465531028,0.0,0.046094338008149036,0.046094338008149036,0.527806128077623
8,django__django-16255,1791021632.6707213,30.687309503555298,15198,14112,1086,0,0,840,246,840,0.1041941807449625,0.0,0.0804864304481026,0.0804864304481026,1.244185788345379
17,pylint-dev__pylint-6528,1791021634.003875,4.704926013946533,13502,0,13502,0,12544,141,817,12685,1.1861899756520544,1.0958767896099852,0.013233486637422943,1.109110276247408,0.0
31,sympy__sympy-20916,1791021635.8352923,2.6309523582458496,17166,15680,1486,0,0,1395,91,1395,0.14526054025787236,0.0,0.1363000753365012,0.1363000753365012,1.3950113204216938
6,sympy__sympy-20916,1791021635.9010975,5.6590256690979,3775,3136,639,0,0,259,380,259,0.05398258461442529,0.0,0.021829896054860798,0.021829896054860798,0.25886999735696903
2,sympy__sympy-13757,1791021637.1223135,10.44796633720398,4591,3136,1455,0,0,836,619,836,0.12352571406135501,0.0,0.0707093884170545,0.0707093884170545,0.25886999735696903
25,astropy__astropy-12907,1791021638.1129317,11.394858121871948,7114,6272,842,0,0,355,487,355,0.07392216301259222,0.0,0.03107822915509146,0.03107822915509146,0.527806128077623
31,sympy__sympy-20916,1791021638.7425845,3.679677724838257,17481,15680,1801,0,0,1486,315,1486,0.17634298534867746,0.0,0.14526054025787236,0.14526054025787236,1.3950113204216938
17,pylint-dev__pylint-6528,1791021638.8394682,374.3040211200714,13985,12544,1441,0,0,958,483,958,0.13620306778347407,0.0,0.09031318604206881,0.09031318604206881,1.0958767896099852
21,sympy__sympy-18211,1791021640.4784033,31.04814910888672,6563,6272,291,0,0,71,220,71,0.0254658621457028,0.0,0.006205326364054995,0.006205326364054995,0.527806128077623
6,sympy__sympy-20916,1791021641.8276649,7.881814002990723,4498,3136,1362,0,0,639,723,639,0.11556543133175026,0.0,0.05398258461442529,0.05398258461442529,0.25886999735696903
31,sympy__sympy-20916,1791021642.5835164,146.70119833946228,18544,17248,1296,0,0,233,1063,233,0.12864149559944071,0.0,0.02300091993144137,0.02300091993144137,1.54835338583893
5,django__django-14787,1791021643.5537314,141.73014283180237,8795,0,8795,0,7840,424,531,8264,0.7514797652246633,0.6660489934493318,0.03781425007110005,0.7038632435204318,0.0
12,django__django-14787,1791021645.229666,267.26828789711,6043,4704,1339,0,0,449,890,449,0.11574712859732683,0.0,0.03860837965089141,0.03860837965089141,0.3920797960468354
27,django__django-15380,1791021647.3075047,28.18509030342102,7976,6272,1704,0,0,419,1285,419,0.1503519191782548,0.0,0.03669478863985025,0.03669478863985025,0.527806128077623
19,django__django-10973,1791021647.9463315,3.635699510574341,6530,0,6530,0,6272,120,138,6392,0.550379751681578,0.527806128077623,0.010490884792339734,0.5382970128699627,0.0
2,sympy__sympy-13757,1791021648.05143,8.699716806411743,5469,3136,2333,0,0,1455,878,1455,0.19911393973511754,0.0,0.12352571406135501,0.12352571406135501,0.25886999735696903
25,astropy__astropy-12907,1791021649.680412,5.1458635330200195,7393,6272,1121,0,0,842,279,842,0.09857662423899785,0.0,0.07392216301259222,0.07392216301259222,0.527806128077623
6,sympy__sympy-20916,1791021649.9667525,4.260265350341797,5446,3136,2310,0,0,1362,948,1362,0.19712377406105774,0.0,0.11556543133175026,0.11556543133175026,0.25886999735696903
19,django__django-10973,1791021652.6616905,4.1819751262664795,6758,6272,486,0,0,258,228,258,0.042579116215242706,0.0,0.02257362360395501,0.02257362360395501,0.527806128077623
20,django__django-11749,1791021652.8631477,251.6344096660614,11354,0,11354,0,10976,96,282,11072,0.985000514692568,0.9500843242155129,0.008853749109730897,0.9589380733252438,0.0
30,sympy__sympy-11618,1791021653.6615794,5.591522455215454,7703,6272,1431,0,0,901,530,901,0.1260639153681162,0.0,0.07912918757781245,0.07912918757781245,0.527806128077623
6,sympy__sympy-20916,1791021654.3574965,3.919586420059204,6253,4704,1549,0,0,742,807,742,0.13406662687447268,0.0,0.06391397537119138,0.06391397537119138,0.3920797960468354
25,astropy__astropy-12907,1791021655.4278753,29.96830987930298,7871,6272,1599,0,0,1121,478,1121,0.14100135150890428,0.0,0.09857662423899785,0.09857662423899785,0.527806128077623
2,sympy__sympy-13757,1791021656.874319,19.85456347465515,5923,4704,1219,0,0,765,454,765,0.105299110227961,0.0,0.0659041410452512,0.0659041410452512,0.3920797960468354
19,django__django-10973,1791021657.3003888,187.72742581367493,6889,6272,617,0,0,486,131,486,0.0540975684779884,0.0,0.042579116215242706,0.042579116215242706,0.527806128077623
6,sympy__sympy-20916,1791021658.4038725,4.960686445236206,6431,4704,1727,0,0,1549,178,1549,0.14962992790844168,0.0,0.13406662687447268,0.13406662687447268,0.3920797960468354
30,sympy__sympy-11618,1791021659.468255,64.57095551490784,8425,6272,2153,0,0,1431,722,1431,0.1904640300194709,0.0,0.1260639153681162,0.1260639153681162,0.527806128077623
7,sympy__sympy-23262,1791021661.1463435,4.624078035354614,15002,0,15002,0,14112,699,191,14811,1.3294858518153727,1.244185788345379,0.06692576798679384,1.311111556332173,0.0
6,sympy__sympy-20916,1791021663.490228,20.081136226654053,7129,6272,857,0,0,159,698,159,0.07524564504463536,0.0,0.013903595877654128,0.013903595877654128,0.527806128077623
8,django__django-16255,1791021663.696189,28.85682463645935,15901,14112,1789,0,0,1086,703,1086,0.17228580807401708,0.0,0.1041941807449625,0.1041941807449625,1.244185788345379
22,django__django-13112,1791021665.7401779,158.29811644554138,29835,0,29835,0,28224,897,714,29121,2.8704778297998943,2.6922107773053767,0.09893079214738652,2.7911415694527633,0.0
4,django__django-13821,1791021666.6500566,7.235769987106323,14289,0,14289,0,14112,58,119,14170,1.2610853715302004,1.244185788345379,0.005534184240513979,1.249719972585893,0.0
7,sympy__sympy-23262,1791021666.978963,6.9165050983428955,15293,14112,1181,0,0,890,291,890,0.11336619177891474,0.0,0.08530006346999362,0.08530006346999362,1.244185788345379
21,sympy__sympy-18211,1791021672.2290916,19.599069118499756,6859,6272,587,0,0,291,296,291,0.05145820429906402,0.0,0.0254658621457028,0.0254658621457028,0.527806128077623
7,sympy__sympy-23262,1791021674.0434341,18.845492362976074,15643,14112,1531,0,0,1181,350,1181,0.14723752061095008,0.0,0.11336619177891474,0.11336619177891474,1.244185788345379
4,django__django-13821,1791021674.5845654,63.088053703308105,14711,14112,599,0,0,177,422,177,0.057320610699846446,0.0,0.01689958318482128,0.01689958318482128,1.244185788345379
27,django__django-15380,1791021675.8293765,3.5377767086029053,8350,7840,510,0,0,136,374,136,0.045506568077293974,0.0,0.012109053806546012,0.012109053806546012,0.6660489934493318
2,sympy__sympy-13757,1791021677.1283584,19.80596089363098,7255,4704,2551,0,0,1219,1332,1219,0.2220983183708336,0.0,0.105299110227961,0.105299110227961,0.3920797960468354
27,django__django-15380,1791021679.48704,6.006300926208496,8681,7840,841,0,0,510,331,510,0.07518368685873657,0.0,0.045506568077293974,0.045506568077293974,0.6660489934493318
23,django__django-13821,1791021680.1324852,51.11137318611145,11259,0,11259,0,9408,1248,603,10656,0.9762115225174731,0.8068083921619618,0.11383156274587952,0.9206399549078412,0.0
6,sympy__sympy-20916,1791021683.7077894,10.419049263000488,7823,6272,1551,0,0,857,694,857,0.13673056477729162,0.0,0.07524564504463536,0.07524564504463536,0.527806128077623
27,django__django-15380,1791021685.7533147,18.799887895584106,10260,7840,2420,0,0,841,1579,841,0.2182986615809574,0.0,0.07518368685873657,0.07518368685873657,0.6660489934493318
25,astropy__astropy-12907,1791021685.9427636,18.088191270828247,8797,7840,957,0,0,31,926,31,0.08561066392713365,0.0,0.002758486137195473,0.002758486137195473,0.6660489934493318
21,sympy__sympy-18211,1791021691.9647462,13.085057497024536,8354,6272,2082,0,0,587,1495,587,0.18410739992148928,0.0,0.05145820429906402,0.05145820429906402,0.527806128077623
7,sympy__sympy-23262,1791021693.0579314,4.78182578086853,16159,14112,2047,0,0,1531,516,1531,0.19740222735606294,0.0,0.14723752061095008,0.14723752061095008,1.244185788345379
8,django__django-16255,1791021693.2103467,32.23676681518555,17736,15680,2056,0,0,221,1835,221,0.20157935146266734,0.0,0.021460275997702203,0.021460275997702203,1.3950113204216938
6,sympy__sympy-20916,1791021694.2598875,2.9425477981567383,8279,6272,2007,0,0,1551,456,1551,0.177398253773713,0.0,0.13673056477729162,0.13673056477729162,0.527806128077623
2,sympy__sympy-13757,1791021697.168319,6.8080573081970215,7914,6272,1642,0,0,983,659,983,0.14482926720517514,0.0,0.08637198634004604,0.08637198634004604,0.527806128077623
6,sympy__sympy-20916,1791021697.3195245,12.558398962020874,8580,7840,740,0,0,439,301,439,0.06611624240221939,0.0,0.03915538840200422,0.03915538840200422,0.6660489934493318
7,sympy__sympy-23262,1791021698.3599768,27.267361879348755,16918,15680,1238,0,0,479,759,479,0.12086073822159958,0.0,0.046576695279748066,0.046576695279748066,1.3950113204216938
3,django__django-13112,1791021699.8212621,7.202054977416992,30052,0,30052,0,29792,29,231,29821,2.894693223220876,2.8656851094499824,0.0032320919894984184,2.868917201439481,0.0
2,sympy__sympy-13757,1791021704.1374216,103.9381844997406,8554,7840,714,0,0,74,640,74,0.06378373866667249,0.0,0.006586401833466379,0.006586401833466379,0.6660489934493318
21,sympy__sympy-18211,1791021705.1861854,3.091738700866699,8471,7840,631,0,0,514,117,514,0.05634229909386551,0.0,0.0458645345497805,0.0458645345497805,0.6660489934493318
27,django__django-15380,1791021705.6841145,10.788772583007812,10845,9408,1437,0,0,852,585,852,0.13120947228696225,0.0,0.07753926286832741,0.07753926286832741,0.8068083921619618
25,astropy__astropy-12907,1791021706.10082,5.301803350448608,9586,7840,1746,0,0,957,789,957,0.15689751718876505,0.0,0.08561066392713365,0.08561066392713365,0.6660489934493318
3,django__django-13112,1791021707.1607547,3.3212099075317383,31138,29792,1346,0,0,260,1086,260,0.15092086637529967,0.0,0.029008113770893566,0.029008113770893566,2.8656851094499824
21,sympy__sympy-18211,1791021708.435338,54.40533781051636,9381,7840,1541,0,0,631,910,631,0.1383143145495958,0.0,0.05634229909386551,0.05634229909386551,0.6660489934493318
6,sympy__sympy-20916,1791021710.030569,5.254931688308716,8788,7840,948,0,0,740,208,740,0.08480118148596164,0.0,0.06611624240221939,0.06611624240221939,0.6660489934493318
3,django__django-13112,1791021710.6826434,26.313237190246582,31813,29792,2021,0,0,1346,675,1346,0.22730370356573176,0.0,0.15092086637529967,0.15092086637529967,2.8656851094499824
25,astropy__astropy-12907,1791021711.5593684,3.616980791091919,9780,9408,372,0,0,178,194,178,0.033763788249939905,0.0,0.016138118476135024,0.016138118476135024,0.8068083921619618
13,django__django-13112,1791021712.6508446,5.848731517791748,2542,0,2542,0,1568,653,321,2221,0.20906382954453426,0.1281767320080239,0.054121959730149646,0.18229869173817354,0.0
15,django__django-12262,1791021713.8508608,5.727536916732788,10576,0,10576,0,9408,740,428,10148,0.9132952394378379,0.8068083921619618,0.06730389206566434,0.8741122842276261,0.0
25,astropy__astropy-12907,1791021715.3098218,12.590630054473877,10139,9408,731,0,0,372,359,372,0.06648196423679079,0.0,0.033763788249939905,0.033763788249939905,0.8068083921619618
6,sympy__sympy-20916,1791021715.4253132,18.84397006034851,9090,7840,1250,0,0,948,302,948,0.11200909959198589,0.0,0.08480118148596164,0.08480118148596164,0.6660489934493318
27,django__django-15380,1791021716.5958772,14.695754528045654,11244,9408,1836,0,0,1437,399,1437,0.1680162391806021,0.0,0.13120947228696225,0.13120947228696225,0.8068083921619618
13,django__django-13112,1791021718.741557,16.05873680114746,3740,1568,2172,0,0,974,1198,974,0.18170823841775652,0.0,0.08088709753651033,0.08088709753651033,0.1281767320080239
15,django__django-12262,1791021719.7095525,9.643258571624756,10977,9408,1569,0,0,1168,401,1168,0.1433681099879836,0.0,0.10648684727587619,0.10648684727587619,0.8068083921619618
16,pytest-dev__pytest-10051,1791021722.0223198,5.976155042648315,6792,0,6792,0,4704,1320,768,6024,0.5733730784143732,0.3920797960468354,0.11409187692253915,0.5061716729693746,0.0
30,sympy__sympy-11618,1791021724.3612156,4.947214603424072,9453,0,9453,0,7840,585,1028,8425,0.810885190590448,0.6660489934493318,0.052221164647762136,0.7182701580970939,0.0
8,django__django-16255,1791021725.9409196,20.034929990768433,18714,17248,1466,0,0,488,978,488,0.145643310864298,0.0,0.04823728604543122,0.04823728604543122,1.54835338583893
7,sympy__sympy-23262,1791021726.009035,20.620681047439575,17430,15680,1750,0,0,1238,512,1238,0.17130369891428604,0.0,0.12086073822159958,0.12086073822159958,1.3950113204216938
16,pytest-dev__pytest-10051,1791021728.2898726,6.3393073081970215,7376,6272,1104,0,0,520,584,520,0.09707210162806156,0.0,0.045566950336750255,0.045566950336750255,0.527806128077623
30,sympy__sympy-11618,1791021729.4524875,72.36481213569641,10004,9408,596,0,0,45,551,45,0.05416299574426315,0.0,0.004076798428486241,0.004076798428486241,0.8068083921619618
15,django__django-12262,1791021729.5557623,2.7583305835723877,11220,10976,244,0,0,1,243,1,0.022521760270260795,0.0,9.217793443239837e-05,9.217793443239837e-05,0.9500843242155129
23,django__django-13821,1791021731.477508,4.124135732650757,12288,10976,1312,0,0,283,1029,283,0.12181772241132197,0.0,0.02612719830196013,0.02612719830196013,0.9500843242155129
27,django__django-15380,1791021731.5157886,11.126606225967407,11560,10976,584,0,0,268,316,268,0.0540061593718775,0.0,0.02474030712705087,0.02474030712705087,0.9500843242155129
15,django__django-12262,1791021732.542461,44.39557218551636,11338,10976,362,0,0,244,118,244,0.03343529227750666,0.0,0.022521760270260795,0.022521760270260795,0.9500843242155129
16,pytest-dev__pytest-10051,1791021734.750174,3.292121648788452,7759,6272,1487,0,0,1104,383,1104,0.13103985088442363,0.0,0.09707210162806156,0.09707210162806156,0.527806128077623
13,django__django-13112,1791021735.063051,7.511026620864868,4215,3136,1079,0,0,604,475,604,0.09139666253458022,0.0,0.05101497306881141,0.05101497306881141,0.25886999735696903
23,django__django-13821,1791021735.738129,4.102773666381836,12451,10976,1475,0,0,1312,163,1312,0.1370751327709383,0.0,0.12181772241132197,0.12181772241132197,0.9500843242155129
6,sympy__sympy-20916,1791021736.0965583,6.555667400360107,9387,7840,1547,0,0,1250,297,1250,0.13885760210195153,0.0,0.11200909959198589,0.11200909959198589,0.6660489934493318
3,django__django-13112,1791021737.2996967,188.29542350769043,32458,31360,1098,0,0,453,645,453,0.12473660925590101,0.0,0.05131283808020471,0.05131283808020471,3.04167597493551
16,pytest-dev__pytest-10051,1791021738.1699164,10.344488382339478,8192,6272,1920,0,0,1487,433,1487,0.16962285722420983,0.0,0.13103985088442363,0.13103985088442363,0.527806128077623
4,django__django-13821,1791021738.1699333,15.467425346374512,15107,0,15107,0,14112,599,396,14711,1.3396028103284152,1.244185788345379,0.057320610699846446,1.3015063990452256,0.0
23,django__django-13821,1791021739.971089,336.7475984096527,14459,10976,3483,0,0,1475,2008,1475,0.32726247511397233,0.0,0.1370751327709383,0.1370751327709383,0.9500843242155129
25,astropy__astropy-12907,1791021740.52319,7.018996953964233,10741,9408,1333,0,0,731,602,731,0.12164250060207768,0.0,0.06648196423679079,0.06648196423679079,0.8068083921619618
13,django__django-13112,1791021742.832302,7.322930574417114,5351,3136,2215,0,0,1079,1136,1079,0.188909261555455,0.0,0.09139666253458022,0.09139666253458022,0.25886999735696903
27,django__django-15380,1791021742.8981988,4.90247368812561,11944,10976,968,0,0,584,384,584,0.08970729225481253,0.0,0.0540061593718775,0.0540061593718775,0.9500843242155129
10,sympy__sympy-15875,1791021743.0416844,94.88224291801453,7407,0,7407,0,6272,756,379,7028,0.6276219930485138,0.527806128077623,0.06633864465531028,0.5941447727329332,0.0
6,sympy__sympy-20916,1791021743.0620277,3.6543195247650146,9828,7840,1988,0,0,1547,441,1547,0.17889012222112802,0.0,0.13885760210195153,0.13885760210195153,0.6660489934493318
8,django__django-16255,1791021746.1374424,27.414396047592163,19057,17248,1809,0,0,1466,343,1466,0.18003702515828057,0.0,0.145643310864298,0.145643310864298,1.54835338583893
6,sympy__sympy-20916,1791021746.8458307,8.66007399559021,10112,9408,704,0,0,420,284,420,0.06401667819719892,0.0,0.038130723508498006,0.038130723508498006,0.8068083921619618
7,sympy__sympy-23262,1791021747.0244627,20.01437735557556,18027,17248,779,0,0,182,597,182,0.07711774742310824,0.0,0.017961633497049927,0.017961633497049927,1.54835338583893
27,django__django-15380,1791021748.2230237,22.02915334701538,12177,10976,1201,0,0,968,233,968,0.11144327194660061,0.0,0.08970729225481253,0.08970729225481253,0.9500843242155129
16,pytest-dev__pytest-10051,1791021749.0296214,26.22595977783203,8681,7840,841,0,0,352,489,352,0.07518368685873657,0.0,0.03137999185250106,0.03137999185250106,0.6660489934493318
13,django__django-13112,1791021750.471615,5.712801456451416,5623,4704,919,0,0,647,272,647,0.07924354817864755,0.0,0.05569946286558868,0.05569946286558868,0.3920797960468354
28,sympy__sympy-13757,1791021750.6712015,183.71967029571533,12936,0,12936,0,10976,1357,603,12333,1.1327181142931226,0.9500843242155129,0.12602717338081626,1.076111497596329,0.0
4,django__django-13821,1791021753.7860875,15.887304306030273,15993,14112,1881,0,0,995,886,995,0.18123423475373762,0.0,0.09541702198303618,0.09541702198303618,1.244185788345379
6,sympy__sympy-20916,1791021755.6585312,71.01134586334229,10750,9408,1342,0,0,704,638,704,0.12246997404412392,0.0,0.06401667819719892,0.06401667819719892,0.8068083921619618
13,django__django-13112,1791021756.4272172,19.20270323753357,7106,4704,2402,0,0,919,1483,919,0.2089427321265507,0.0,0.07924354817864755,0.07924354817864755,0.3920797960468354
25,astropy__astropy-12907,1791021759.0042117,12.058276176452637,11137,9408,1729,0,0,1333,396,1333,0.15812976286698358,0.0,0.12164250060207768,0.12164250060207768,0.8068083921619618
21,sympy__sympy-18211,1791021763.1451058,94.31864261627197,10909,0,10909,0,7840,1541,1528,9381,0.9439107342635454,0.6660489934493318,0.1383143145495958,0.8043633079989276,0.0
14,pytest-dev__pytest-10051,1791021764.6104224,5.64687442779541,10041,0,10041,0,9408,273,360,9681,0.8643458420867629,0.8068083921619618,0.024764432166622493,0.8315728243285843,0.0
7,sympy__sympy-23262,1791021767.471343,25.111446142196655,18540,17248,1292,0,0,779,513,779,0.1282418090839643,0.0,0.07711774742310824,0.07711774742310824,1.54835338583893
11,sympy__sympy-18211,1791021767.7721965,5.110297203063965,16211,0,16211,0,15680,82,449,15762,1.4466584895844554,1.3950113204216938,0.007956803111316567,1.4029681235330105,0.0
4,django__django-13821,1791021769.8137457,10.75549840927124,16910,15680,1230,0,0,313,917,313,0.12007469595217525,0.0,0.030408702677422746,0.030408702677422746,1.3950113204216938
27,django__django-15380,1791021770.583189,23.359715938568115,12645,10976,1669,0,0,1201,468,1201,0.15526970384734878,0.0,0.11144327194660061,0.11144327194660061,0.9500843242155129
14,pytest-dev__pytest-10051,1791021770.757356,180.96869325637817,10703,9408,1295,0,0,633,662,633,0.11814963788009784,0.0,0.057537449924801226,0.057537449924801226,0.8068083921619618
25,astropy__astropy-12907,1791021772.228277,12.092797040939331,11608,10976,632,0,0,161,471,161,0.05846054704635943,0.0,0.01485383081343237,0.01485383081343237,0.9500843242155129
11,sympy__sympy-18211,1791021773.022551,56.30222034454346,17689,15680,2009,0,0,531,1478,531,0.1969229396765759,0.0,0.05164716916276136,0.05164716916276136,1.3950113204216938
8,django__django-16255,1791021774.104967,6.421093463897705,20609,18816,1793,0,0,241,1552,241,0.1813076190658069,0.0,0.024178426400123236,0.024178426400123236,1.7042119845970873
16,pytest-dev__pytest-10051,1791021775.4103153,16.5321946144104,9066,7840,1226,0,0,841,385,841,0.1098434663598868,0.0,0.07518368685873657,0.07518368685873657,0.6660489934493318
13,django__django-13112,1791021775.9416895,9.2510347366333,7470,6272,1198,0,0,834,364,834,0.1053949308935621,0.0,0.07321640009576313,0.07321640009576313,0.527806128077623
15,django__django-12262,1791021777.1829374,5.550655364990234,12345,0,12345,0,10976,362,1007,11338,1.0772343679101775,0.9500843242155129,0.03343529227750666,0.9835196164930196,0.0
8,django__django-16255,1791021780.695827,8.26744031906128,20844,20384,460,0,0,225,235,225,0.046939518646186916,0.0,0.02293248696672833,0.02293248696672833,1.8625871166961658
4,django__django-13821,1791021780.7220433,31.910360097885132,17126,15680,1446,0,0,1230,216,1230,0.14132083033374024,0.0,0.12007469595217525,0.12007469595217525,1.3950113204216938
29,sympy__sympy-15875,1791021780.7674842,795.6750576496124,6489,0,6489,0,4704,1272,513,5976,0.546787917133183,0.3920797960468354,0.10991183435509018,0.5019916304019256,0.0
15,django__django-12262,1791021782.8847415,4.15643572807312,12470,10976,1494,0,0,1369,125,1369,0.13885537364125158,0.0,0.12715004369466462,0.12715004369466462,0.9500843242155129
25,astropy__astropy-12907,1791021784.5540562,10.197596549987793,12479,10976,1503,0,0,632,871,632,0.1396987746002008,0.0,0.05846054704635943,0.05846054704635943,0.9500843242155129
5,django__django-14787,1791021785.4483802,77.32796478271484,9215,0,9215,0,7840,955,420,8795,0.7893469646343347,0.6660489934493318,0.08543077177533165,0.7514797652246634,0.0
13,django__django-13112,1791021785.4488077,7.25830864906311,8202,6272,1930,0,0,1198,732,1198,0.17051618689741255,0.0,0.1053949308935621,0.1053949308935621,0.527806128077623
15,django__django-12262,1791021787.8453996,5.212513208389282,12928,10976,1952,0,0,1494,458,1494,0.18188035413030207,0.0,0.13885537364125158,0.13885537364125158,0.9500843242155129
8,django__django-16255,1791021789.4368377,8.755458354949951,21058,20384,674,0,0,460,214,460,0.06885041569528312,0.0,0.046939518646186916,0.046939518646186916,1.8625871166961658
31,sympy__sympy-20916,1791021789.4369106,105.79442596435547,18914,0,18914,0,17248,1296,370,18544,1.7140367037905575,1.54835338583893,0.12864149559944071,1.6769948814383708,0.0
16,pytest-dev__pytest-10051,1791021792.1230524,5.206692218780518,9348,7840,1508,0,0,1226,282,1226,0.1353268916683534,0.0,0.1098434663598868,0.1098434663598868,0.6660489934493318
7,sympy__sympy-23262,1791021792.9789271,5.1664323806762695,19171,17248,1923,0,0,1292,631,1292,0.19149483472971324,0.0,0.1282418090839643,0.1282418090839643,1.54835338583893
13,django__django-13112,1791021792.9949737,20.65344500541687,9531,7840,1691,0,0,362,1329,362,0.15190755773690612,0.0,0.03227332152570375,0.03227332152570375,0.6660489934493318
15,django__django-12262,1791021793.9991705,3.6633098125457764,13074,12544,530,0,0,384,146,384,0.04984840605272475,0.0,0.03608788873582964,0.03608788873582964,1.0958767896099852
27,django__django-15380,1791021794.286742,10.25565767288208,13095,12544,551,0,0,101,450,101,0.05182945334467352,0.0,0.00947723845287636,0.00947723845287636,1.0958767896099852
25,astropy__astropy-12907,1791021795.047579,6.182103157043457,12963,10976,1987,0,0,1503,484,1503,0.18517712002882777,0.0,0.1396987746002008,0.1396987746002008,0.9500843242155129
16,pytest-dev__pytest-10051,1791021797.708647,23.214470863342285,9654,7840,1814,0,0,1508,306,1508,0.16307120210294848,0.0,0.1353268916683534,0.1353268916683534,0.6660489934493318
8,django__django-16255,1791021798.348524,3.1507108211517334,21206,20384,822,0,0,674,148,674,0.08403116531744075,0.0,0.06885041569528312,0.06885041569528312,1.8625871166961658
7,sympy__sympy-23262,1791021799.2004397,18.64872455596924,19426,18816,610,0,0,355,255,355,0.06131370249100426,0.0,0.035636235971555914,0.035636235971555914,1.7042119845970873
25,astropy__astropy-12907,1791021801.5227518,23.021928071975708,13690,12544,1146,0,0,419,727,419,0.10814670304144053,0.0,0.03938465463435533,0.03938465463435533,1.0958767896099852
8,django__django-16255,1791021801.8578901,6.091493368148804,21874,20384,1490,0,0,822,668,822,0.15282864726299722,0.0,0.08403116531744075,0.08403116531744075,1.8625871166961658
15,django__django-12262,1791021802.1690505,11.122859477996826,13386,12544,842,0,0,530,312,530,0.07932757391324444,0.0,0.04984840605272475,0.04984840605272475,1.0958767896099852
30,sympy__sympy-11618,1791021802.6015713,11.465586185455322,10408,0,10408,0,9408,596,404,10004,0.8978926596185337,0.8068083921619618,0.05416299574426315,0.860971387906225,0.0
27,django__django-15380,1791021804.8211687,18.154091596603394,13897,12544,1353,0,0,551,802,551,0.1278243889956451,0.0,0.05182945334467352,0.05182945334467352,1.0958767896099852
1,django__django-11749,1791021805.0926375,390.5254201889038,14118,0,14118,0,12544,823,751,13367,1.2447581304890085,1.0958767896099852,0.07752951911682233,1.1734063087268076,0.0
8,django__django-16255,1791021808.0718224,4.6745898723602295,22270,20384,1886,0,0,1490,396,1490,0.1938284173416447,0.0,0.15282864726299722,0.15282864726299722,1.8625871166961658
2,sympy__sympy-13757,1791021808.334934,346.4779591560364,9152,0,9152,0,7840,714,598,8554,0.7836553743513569,0.6660489934493318,0.06378373866667249,0.7298327321160043,0.0
18,django__django-10973,1791021811.7918134,103.50412797927856,4747,0,4747,0,3136,1194,417,4330,0.3957683231961386,0.25886999735696903,0.10120800614387725,0.3600780035008463,0.0
8,django__django-16255,1791021813.1822321,3.35589861869812,22748,21952,796,0,0,318,478,318,0.08264017936855543,0.0,0.032936751901644926,0.032936751901644926,2.0234787821361655
13,django__django-13112,1791021813.8341022,28.420584201812744,10099,9408,691,0,0,123,568,123,0.06282995474650548,0.0,0.011148159024276095,0.011148159024276095,0.8068083921619618
30,sympy__sympy-11618,1791021814.2039309,9.83213210105896,10608,9408,1200,0,0,1000,200,1000,0.10942394737474562,0.0,0.09108426745657193,0.09108426745657193,0.8068083921619618
8,django__django-16255,1791021816.7114713,4.455968141555786,23106,21952,1154,0,0,796,358,796,0.12001892758433094,0.0,0.08264017936855543,0.08264017936855543,2.0234787821361655
15,django__django-12262,1791021817.8538797,6.584662675857544,13782,12544,1238,0,0,842,396,842,0.11688692664499184,0.0,0.07932757391324444,0.07932757391324444,1.0958767896099852
7,sympy__sympy-23262,1791021818.2470243,11.151373863220215,19869,18816,1053,0,0,610,443,610,0.10608025561666182,0.0,0.06131370249100426,0.06131370249100426,1.7042119845970873
16,pytest-dev__pytest-10051,1791021821.1991127,8.372275829315186,10132,9408,724,0,0,246,478,246,0.06584274435555501,0.0,0.022311803390318477,0.022311803390318477,0.8068083921619618
4,sympy__sympy-23262,1791021821.2135444,13.98780632019043,1640,0,1640,1640,0,0,0,0,0.13412282887571325,0.0,0.0,0.0,0.0
8,django__django-16255,1791021821.309071,3.4139633178710938,23234,21952,1282,0,0,1154,128,1154,0.13341523282998086,0.0,0.12001892758433094,0.12001892758433094,2.0234787821361655
27,django__django-15380,1791021823.3011024,13.720001935958862,14333,12544,1789,0,0,1353,436,1353,0.16941458476604,0.0,0.1278243889956451,0.1278243889956451,1.0958767896099852
30,sympy__sympy-11618,1791021824.2052906,17.599274396896362,10878,9408,1470,0,0,1200,270,1200,0.13424745973748198,0.0,0.10942394737474562,0.10942394737474562,0.8068083921619618
22,django__django-13112,1791021824.666131,9.298374891281128,30199,0,30199,0,29792,43,364,29835,2.911124583561152,2.8656851094499824,0.004792720349911464,2.870477829799894,0.0
25,astropy__astropy-12907,1791021824.6971426,25.89876079559326,13943,12544,1399,0,0,1146,253,1146,0.13220316415472858,0.0,0.10814670304144053,0.10814670304144053,1.0958767896099852
8,django__django-16255,1791021825.5752392,9.94155764579773,23453,21952,1501,0,0,1282,219,1282,0.15637436528894472,0.0,0.13341523282998086,0.13341523282998086,2.0234787821361655
6,sympy__sympy-20916,1791021827.3111167,51.822240591049194,11068,0,11068,0,9408,1342,318,10750,0.9585689787784839,0.8068083921619618,0.12246997404412392,0.9292783662060857,0.0
15,django__django-12262,1791021828.8460865,8.053279161453247,13937,12544,1393,0,0,1238,155,1238,0.1316318967423343,0.0,0.11688692664499184,0.11688692664499184,1.0958767896099852
11,sympy__sympy-18211,1791021829.6488285,8.64490008354187,18673,0,18673,0,17248,441,984,17689,1.6898935521166747,1.54835338583893,0.043580874259339805,1.5919342600982698,0.0
16,pytest-dev__pytest-10051,1791021830.9682615,443.3186995983124,10802,9408,1394,0,0,724,670,724,0.12725255506522168,0.0,0.06584274435555501,0.06584274435555501,0.8068083921619618
7,sympy__sympy-23262,1791021831.017073,7.4028167724609375,20255,18816,1439,0,0,1053,386,1053,0.1452505437031916,0.0,0.10608025561666182,0.10608025561666182,1.7042119845970873
22,django__django-13112,1791021834.1108632,3.717954397201538,30425,29792,633,0,0,407,226,407,0.07074443516870474,0.0,0.04543947411116908,0.04543947411116908,2.8656851094499824
8,django__django-16255,1791021836.3793986,6.6448705196380615,23656,21952,1704,0,0,1501,203,1501,0.17769996007704153,0.0,0.15637436528894472,0.15637436528894472,2.0234787821361655
4,sympy__sympy-23262,1791021837.1735392,7.044328451156616,3162,1568,1594,0,0,72,1522,72,0.13288158314200188,0.0,0.005946096867689348,0.005946096867689348,0.1281767320080239
27,django__django-15380,1791021837.17569,5.725755453109741,14504,14112,392,0,0,221,171,221,0.037470458018367354,0.0,0.021105586030646342,0.021105586030646342,1.244185788345379
22,django__django-13112,1791021837.9559014,796.2818312644958,30772,29792,980,0,0,633,347,633,0.10969938467756521,0.0,0.07074443516870474,0.07074443516870474,2.8656851094499824
10,sympy__sympy-15875,1791021838.4555197,128.16060495376587,7664,0,7664,0,6272,1135,257,7407,0.6504065559155612,0.527806128077623,0.09981586497089082,0.6276219930485137,0.0
11,sympy__sympy-18211,1791021838.5342948,592.052116394043,19185,17248,1937,0,0,1425,512,1425,0.19290285125475357,0.0,0.14154016627774463,0.14154016627774463,1.54835338583893
15,django__django-12262,1791021838.6805124,21.318599224090576,14283,12544,1739,0,0,1393,346,1393,0.164635189610636,0.0,0.1316318967423343,0.1316318967423343,1.0958767896099852
7,sympy__sympy-23262,1791021839.5786002,5.480355262756348,20579,18816,1763,0,0,1439,324,1439,0.17824696024275508,0.0,0.1452505437031916,0.1452505437031916,1.7042119845970873
30,sympy__sympy-11618,1791021842.302345,12.717576265335083,11287,9408,1879,0,0,1470,409,1470,0.17199261006125008,0.0,0.13424745973748198,0.13424745973748198,0.8068083921619618
13,django__django-13112,1791021842.5089698,31.62830948829651,11231,9408,1823,0,0,691,1132,691,0.16681445311576149,0.0,0.06282995474650548,0.06282995474650548,0.8068083921619618
27,django__django-15380,1791021843.3781164,3.953547954559326,15190,14112,1078,0,0,392,686,392,0.1034222225724847,0.0,0.037470458018367354,0.037470458018367354,1.244185788345379
8,django__django-16255,1791021843.9324253,21.579676389694214,23917,23520,397,0,0,136,261,136,0.04177236138152392,0.0,0.014291761296120538,0.014291761296120538,2.1868869809170866
4,sympy__sympy-23262,1791021844.5527396,6.592077255249023,3614,3136,478,0,0,26,452,26,0.040341953408331736,0.0,0.002188317793056752,0.002188317793056752,0.25886999735696903
19,django__django-10973,1791021845.1588008,322.3594810962677,7527,0,7527,0,6272,617,638,6889,0.6382522858353389,0.527806128077623,0.0540975684779884,0.5819036965556114,0.0
7,sympy__sympy-23262,1791021845.8991582,13.774149656295776,20902,20384,518,0,0,195,323,195,0.05287335551441572,0.0,0.019871828143676527,0.019871828143676527,1.8625871166961658
27,django__django-15380,1791021848.2768242,46.63311266899109,15415,14112,1303,0,0,1078,225,1078,0.12515853367463692,0.0,0.1034222225724847,0.1034222225724847,1.244185788345379
25,astropy__astropy-12907,1791021851.0989642,11.662729501724243,14586,12544,2042,0,0,1399,643,1399,0.19363755654845347,0.0,0.13220316415472858,0.13220316415472858,1.0958767896099852
4,sympy__sympy-23262,1791021851.3920162,9.343209505081177,4544,3136,1408,0,0,478,930,478,0.11950166901618096,0.0,0.040341953408331736,0.040341953408331736,0.25886999735696903
26,pylint-dev__pylint-6528,1791021855.1826491,53.99982047080994,10492,0,10492,0,9408,563,521,9971,0.9055903384312362,0.8068083921619618,0.051154529625439066,0.8579629217874009,0.0
30,sympy__sympy-11618,1791021855.2137983,5.4527671337127686,11391,10976,415,0,0,311,104,311,0.038341771157773236,0.0,0.028716678007698837,0.028716678007698837,0.9500843242155129
21,sympy__sympy-18211,1791021857.7954261,134.4895143508911,12202,0,12202,0,9408,1501,1293,10909,1.0638630837845444,0.8068083921619618,0.13710234210158376,0.9439107342635455,0.0
7,sympy__sympy-23262,1791021860.0472128,7.2575695514678955,21120,20384,736,0,0,518,218,518,0.07520719012159278,0.0,0.05287335551441572,0.05287335551441572,1.8625871166961658
15,django__django-12262,1791021860.2286086,4.217560291290283,14748,14112,636,0,0,171,465,171,0.06087332594434611,0.0,0.016326190875242345,0.016326190875242345,1.244185788345379
4,sympy__sympy-23262,1791021861.0157466,8.19874358177185,4997,3136,1861,0,0,1408,453,1408,0.1583807387748469,0.0,0.11950166901618096,0.11950166901618096,0.25886999735696903
30,sympy__sympy-11618,1791021861.9778142,8.964628458023071,11882,10976,906,0,0,415,491,415,0.0839328297298144,0.0,0.038341771157773236,0.038341771157773236,0.9500843242155129
25,astropy__astropy-12907,1791021862.8930469,30.681414365768433,14927,14112,815,0,0,474,341,474,0.07808057351861691,0.0,0.045328557813059785,0.045328557813059785,1.244185788345379
5,django__django-14787,1791021863.1363335,860.0419836044312,9675,0,9675,0,7840,1375,460,9215,0.8310277312277536,0.6660489934493318,0.123297971185003,0.7893469646343347,0.0
15,django__django-12262,1791021864.5845253,3.290630578994751,15022,14112,910,0,0,636,274,636,0.08722623316624005,0.0,0.06087332594434611,0.06087332594434611,1.244185788345379
8,django__django-16255,1791021866.2855613,26.228374481201172,24302,23520,782,0,0,397,385,397,0.08243616275148213,0.0,0.04177236138152392,0.04177236138152392,2.1868869809170866
7,sympy__sympy-23262,1791021867.4988291,7.82438588142395,21500,20384,1116,0,0,736,380,736,0.11425402366541468,0.0,0.07520719012159278,0.07520719012159278,1.8625871166961658
15,django__django-12262,1791021868.0242224,4.494158029556274,15307,14112,1195,0,0,910,285,910,0.11471863753422971,0.0,0.08722623316624005,0.08722623316624005,1.244185788345379
4,sympy__sympy-23262,1791021869.5265875,7.15632700920105,5387,4704,683,0,0,293,390,293,0.05881124374857094,0.0,0.025170940084980553,0.025170940084980553,0.3920797960468354
15,django__django-12262,1791021873.286363,19.48620891571045,15484,14112,1372,0,0,1195,177,1195,0.1318347176496939,0.0,0.11471863753422971,0.11471863753422971,1.244185788345379
13,django__django-13112,1791021874.4012926,127.21909999847412,12697,10976,1721,0,0,255,1466,255,0.1601531458359692,0.0,0.02353852106221024,0.02353852106221024,0.9500843242155129
7,sympy__sympy-23262,1791021876.5587254,12.982914209365845,21827,20384,1443,0,0,1116,327,1116,0.14797316863978782,0.0,0.11425402366541468,0.11425402366541468,1.8625871166961658
4,sympy__sympy-23262,1791021877.0102525,13.857948541641235,6585,4704,1881,0,0,683,1198,683,0.16312097245422433,0.0,0.05881124374857094,0.05881124374857094,0.3920797960468354
30,sympy__sympy-11618,1791021877.0537255,11.116704225540161,12668,10976,1692,0,0,906,786,906,0.15742934644874268,0.0,0.0839328297298144,0.0839328297298144,0.9500843242155129
6,sympy__sympy-20916,1791021879.7427905,8.968002796173096,11794,0,11794,0,10976,92,726,11068,1.025827898073001,0.9500843242155129,0.008484654562970926,0.9585689787784838,0.0
9,django__django-11749,1791021884.449887,112.44650173187256,15408,0,15408,0,14112,978,318,15090,1.3686673002588072,1.244185788345379,0.09377827260572093,1.3379640609511,0.0
6,sympy__sympy-20916,1791021889.1368592,31.217204093933105,12103,10976,1127,0,0,818,309,818,0.10453397786088513,0.0,0.07574357385748787,0.07574357385748787,0.9500843242155129
7,sympy__sympy-23262,1791021889.978205,13.479960441589355,22264,20384,1880,0,0,1443,437,1443,0.19320601114642755,0.0,0.14797316863978782,0.14797316863978782,1.8625871166961658
4,sympy__sympy-23262,1791021891.1418533,21.144050359725952,7981,6272,1709,0,0,313,1396,313,0.15079746578259495,0.0,0.027394640423436745,0.027394640423436745,0.527806128077623
30,sympy__sympy-11618,1791021893.4874923,48.21232724189758,13023,12544,479,0,0,124,355,124,0.04503917044518013,0.0,0.01163688105427022,0.01163688105427022,1.0958767896099852
25,astropy__astropy-12907,1791021893.722281,48.36928081512451,15146,14112,1034,0,0,815,219,815,0.09917762356912621,0.0,0.07808057351861691,0.07808057351861691,1.244185788345379
27,django__django-15380,1791021895.2666824,7.485537052154541,16345,14112,2233,0,0,1303,930,1303,0.21555167792357832,0.0,0.12515853367463692,0.12515853367463692,1.244185788345379
31,sympy__sympy-20916,1791021895.696362,130.93187189102173,19294,0,19294,0,18816,98,380,18914,1.7522255128584825,1.7042119845970873,0.009824719193470107,1.7140367037905575,0.0
15,pytest-dev__pytest-10051,1791021901.2280564,7.191986083984375,1823,0,1823,1823,0,0,0,0,0.14925970714446282,0.0,0.0,0.0,0.0
8,pytest-dev__pytest-5631,1791021902.840255,5.9472832679748535,2019,0,2019,2019,0,0,0,0,0.16550989960278623,0.0,0.0,0.0,0.0
7,sympy__sympy-23262,1791021903.6148458,18.091909885406494,22716,21952,764,0,0,312,452,312,0.07930544918380011,0.0,0.03231434570642778,0.03231434570642778,2.0234787821361655
20,django__django-11749,1791021904.8161948,7.712386131286621,11669,0,11669,0,10976,378,315,11354,1.014209058401994,0.9500843242155129,0.03491619047705497,0.9850005146925679,0.0
27,django__django-15380,1791021905.6744416,25.057026624679565,16660,15680,980,0,0,665,315,665,0.09554388463488335,0.0,0.06472614584726342,0.06472614584726342,1.3950113204216938
15,pytest-dev__pytest-10051,1791021908.7916074,7.525692939758301,2073,1568,505,0,0,255,250,255,0.04181717042183164,0.0,0.0210829751364389,0.0210829751364389,0.1281767320080239
8,pytest-dev__pytest-5631,1791021909.1790144,3.566044569015503,3205,1568,1637,0,0,451,1186,451,0.13650224254914395,0.0,0.03733316759476231,0.03733316759476231,0.1281767320080239
26,pylint-dev__pylint-6528,1791021910.1485598,8.616262674331665,10818,0,10818,0,9408,1084,326,10492,0.9355330674314256,0.8068083921619618,0.09878194626927439,0.9055903384312362,0.0
4,sympy__sympy-23262,1791021912.652497,17.13981866836548,8332,7840,492,0,0,141,351,141,0.04389592161470897,0.0,0.01255460041088616,0.01255460041088616,0.6660489934493318
20,django__django-11749,1791021912.6705303,145.00184440612793,12069,10976,1093,0,0,693,400,693,0.1013613165793468,0.0,0.064124734186481,0.064124734186481,0.9500843242155129
12,django__django-14787,1791021912.7941234,5.306012868881226,6878,0,6878,0,4704,1339,835,6043,0.5809358227286591,0.3920797960468354,0.11574712859732683,0.5078269246441622,0.0
8,pytest-dev__pytest-5631,1791021912.9464283,41.93307042121887,5809,3136,2673,0,0,69,2604,69,0.2285969436242752,0.0,0.005808977200198814,0.005808977200198814,0.25886999735696903
18,django__django-10973,1791021915.4798021,8.29577350616455,5521,0,5521,0,4704,43,774,4747,0.46248543802374525,0.3920797960468354,0.003688527149303174,0.3957683231961386,0.0
15,pytest-dev__pytest-10051,1791021916.5830603,4.152324199676514,3391,1568,1823,0,0,505,1318,505,0.15218549813967927,0.0,0.04181717042183164,0.04181717042183164,0.1281767320080239
12,django__django-14787,1791021918.2490911,3.244959831237793,7001,6272,729,0,0,606,123,606,0.06395933404385926,0.0,0.05312969465103607,0.05312969465103607,0.527806128077623
26,pylint-dev__pylint-6528,1791021919.9476264,64.45320153236389,11214,9408,1806,0,0,1410,396,1410,0.16524314772943466,0.0,0.12872467526946377,0.12872467526946377,0.8068083921619618
6,sympy__sympy-20916,1791021920.7994232,11.31187891960144,12317,10976,1341,0,0,1127,214,1127,0.12453024223834859,0.0,0.10453397786088513,0.10453397786088513,0.9500843242155129
15,pytest-dev__pytest-10051,1791021920.8766482,4.51091456413269,3777,3136,641,0,0,255,386,255,0.05415220028851341,0.0,0.02149223279073412,0.02149223279073412,0.25886999735696903
12,django__django-14787,1791021921.666062,6.928296089172363,7884,6272,1612,0,0,729,883,729,0.14215842875436807,0.0,0.06395933404385926,0.06395933404385926,0.527806128077623
24,django__django-14787,1791021921.7896519,312.30090618133545,11085,0,11085,0,10976,53,56,11029,0.9601377437048818,0.9500843242155129,0.0048868409817188815,0.9549711651972318,0.0
7,sympy__sympy-23262,1791021922.1398914,26.19265127182007,23060,21952,1108,0,0,764,344,764,0.11520872664801124,0.0,0.07930544918380011,0.07930544918380011,2.0234787821361655
18,django__django-10973,1791021924.1325545,48.79770231246948,5705,4704,1001,0,0,817,184,817,0.08635625328376599,0.0,0.07040564197690989,0.07040564197690989,0.3920797960468354
15,pytest-dev__pytest-10051,1791021925.5506446,739.2221350669861,4586,3136,1450,0,0,641,809,641,0.12309751668980874,0.0,0.05415220028851341,0.05415220028851341,0.25886999735696903
3,django__django-13112,1791021925.7411838,23.940196990966797,33143,0,33143,0,31360,1098,685,32458,3.2448560217671676,3.04167597493551,0.12473660925590101,3.1664125841914106,0.0
12,django__django-14787,1791021928.7259026,921.6623859405518,9266,7840,1426,0,0,44,1382,44,0.12790842450331852,0.0,0.00391556338265931,0.00391556338265931,0.6660489934493318
4,sympy__sympy-23262,1791021930.18472,9.993895292282104,8592,7840,752,0,0,492,260,492,0.06719301595806744,0.0,0.04389592161470897,0.04389592161470897,0.6660489934493318
27,django__django-15380,1791021930.8698275,3.4283881187438965,17027,15680,1347,0,0,980,367,980,0.13157709083176333,0.0,0.09554388463488335,0.09554388463488335,1.3950113204216938
6,sympy__sympy-20916,1791021932.2455285,137.65260457992554,13092,10976,2116,0,0,1341,775,1341,0.19733888434720726,0.0,0.12453024223834859,0.12453024223834859,0.9500843242155129
27,django__django-15380,1791021934.4531102,34.91435956954956,17369,15680,1689,0,0,1347,342,1347,0.1652798135595534,0.0,0.13157709083176333,0.13157709083176333,1.3950113204216938
28,sympy__sympy-13757,1791021934.8173153,24.875309467315674,13554,0,13554,0,12544,392,618,12936,1.191119031281396,1.0958767896099852,0.03684132468313705,1.1327181142931222,0.0
4,sympy__sympy-23262,1791021940.6999679,8.222341060638428,8864,7840,1024,0,0,752,272,752,0.09163941695654863,0.0,0.06719301595806744,0.06719301595806744,0.6660489934493318
30,sympy__sympy-11618,1791021942.1108596,116.99601078033447,13617,0,13617,0,12544,479,594,13023,1.197094479578167,1.0958767896099852,0.04503917044518013,1.1409159600551653,0.0
25,astropy__astropy-12907,1791021942.2293687,17.35699987411499,15669,0,15669,0,14112,1034,523,15146,1.3939444679422106,1.244185788345379,0.09917762356912621,1.3433634119145053,0.0
4,sympy__sympy-23262,1791021949.0456352,4.457077264785767,11280,7840,3440,0,0,1024,2416,1024,0.31210456361625893,0.0,0.09163941695654863,0.09163941695654863,0.6660489934493318
3,django__django-13112,1791021949.8227122,63.49013924598694,33699,32928,771,0,0,215,556,215,0.08869664973403918,0.0,0.024672648005209408,0.024672648005209408,3.2201833737619583
14,pytest-dev__pytest-10051,1791021952.0843596,124.59229016304016,11050,1568,9482,0,7840,1295,347,9135,0.8287315239736445,0.6786316601539378,0.11814963788009784,0.7967812980340356,0.1281767320080239
7,pytest-dev__pytest-6202,1791021953.5389376,8.804956436157227,2111,0,2111,2111,0,0,0,0,0.17315110099830003,0.0,0.0,0.0,0.0
4,sympy__sympy-23262,1791021953.6383784,4.071767568588257,12804,10976,1828,0,0,304,1524,304,0.170210473709349,0.0,0.02806923285007771,0.02806923285007771,0.9500843242155129
8,pytest-dev__pytest-5631,1791021955.1804693,8.412895202636719,6213,0,6213,0,4704,1105,404,5809,0.5226535145959478,0.3920797960468354,0.09538714493440886,0.48746694098124427,0.0
4,sympy__sympy-23262,1791021957.8266604,3.620574712753296,14674,12544,2130,0,0,260,1870,260,0.20207829543556022,0.0,0.02441800831487655,0.02441800831487655,1.0958767896099852
28,sympy__sympy-13757,1791021960.086262,82.4311888217926,13853,12544,1309,0,0,1010,299,1010,0.12363802200126062,0.0,0.09524224167141053,0.09524224167141053,1.0958767896099852
25,astropy__astropy-12907,1791021960.094527,19.530102491378784,16069,14112,1957,0,0,1557,400,1557,0.18863294768115482,0.0,0.14975867959683153,0.14975867959683153,1.244185788345379
4,sympy__sympy-23262,1791021961.5710905,9.872412204742432,16712,14112,2600,0,0,562,2038,562,0.2514665562114827,0.0,0.05376929670016654,0.05376929670016654,1.244185788345379
7,pytest-dev__pytest-6202,1791021962.6746497,3.71362042427063,2380,1568,812,0,0,543,269,543,0.06736627554965441,0.0,0.04497436899027612,0.04497436899027612,0.1281767320080239
7,pytest-dev__pytest-6202,1791021966.535931,3.6762073040008545,2539,1568,971,0,0,812,159,812,0.08063646782663776,0.0,0.06736627554965441,0.06736627554965441,0.1281767320080239
10,sympy__sympy-15875,1791021967.5635457,153.75145888328552,8084,0,8084,0,6272,1392,420,7664,0.6877875469145099,0.527806128077623,0.12260042783793819,0.6504065559155612,0.0
7,pytest-dev__pytest-6202,1791021970.3591173,51.613659381866455,3130,1568,1562,0,0,971,591,971,0.13018836719630428,0.0,0.08063646782663776,0.08063646782663776,0.1281767320080239
4,sympy__sympy-23262,1791021971.6168056,4.483328819274902,16871,15680,1191,0,0,1032,159,1032,0.11624367797556678,0.0,0.1006410241351678,0.1006410241351678,1.3950113204216938
8,pytest-dev__pytest-5631,1791021971.9802828,5.809361219406128,6427,4704,1723,0,0,1509,214,1509,0.14927983460991687,0.0,0.13057371854911246,0.13057371854911246,0.3920797960468354
18,django__django-10973,1791021973.1222434,66.08209800720215,6755,0,6755,0,4704,1001,1050,5705,0.5701216686776022,0.3920797960468354,0.08635625328376599,0.4784360493306014,0.0
4,sympy__sympy-23262,1791021976.2246766,6.637216091156006,18410,15680,2730,0,0,1191,1539,1191,0.26860297789970033,0.0,0.11624367797556678,0.11624367797556678,1.3950113204216938
8,pytest-dev__pytest-5631,1791021978.0954375,5.906410217285156,6707,6272,435,0,0,155,280,155,0.03809958358531653,0.0,0.01355350257912929,0.01355350257912929,0.527806128077623
4,sympy__sympy-23262,1791021983.0085866,4.352193355560303,18603,17248,1355,0,0,1162,193,1162,0.13453877397700356,0.0,0.11526091248246427,0.11526091248246427,1.54835338583893
8,pytest-dev__pytest-5631,1791021984.316166,4.358929634094238,7014,6272,742,0,0,435,307,435,0.06510483489859159,0.0,0.03809958358531653,0.03809958358531653,0.527806128077623
27,pylint-dev__pylint-6528,1791021984.6259797,5.577981948852539,1932,0,1932,1932,0,0,0,0,0.15829195079158404,0.0,0.0,0.0,0.0
26,pylint-dev__pylint-6528,1791021984.8831446,19.996002197265625,11578,1568,10010,0,9408,238,364,9646,0.8775838705978368,0.8219075922074891,0.02196721567588342,0.8438748078833725,0.1281767320080239
4,sympy__sympy-23262,1791021987.5005994,17.48426651954651,19065,17248,1817,0,0,1355,462,1355,0.18084064798360266,0.0,0.13453877397700356,0.13453877397700356,1.54835338583893
8,pytest-dev__pytest-5631,1791021988.8054328,3.9869868755340576,7694,6272,1422,0,0,742,680,742,0.125264510835268,0.0,0.06510483489859159,0.06510483489859159,0.527806128077623
25,astropy__astropy-12907,1791021990.3515534,6.435952425003052,1688,0,1688,0,15680,389,0,16069,0.13808984128841745,1.3950113204216938,0.03780741560483993,1.4328187360265339,0.0
27,pylint-dev__pylint-6528,1791021990.6168585,9.506549596786499,3271,1568,1703,0,0,364,1339,364,0.14206321545434433,0.0,0.030115218783560133,0.030115218783560133,0.1281767320080239
8,pytest-dev__pytest-5631,1791021992.97584,59.322094202041626,8030,6272,1758,0,0,1422,336,1422,0.15516517666648452,0.0,0.125264510835268,0.125264510835268,0.527806128077623
21,sympy__sympy-18211,1791021993.1864374,110.52944374084473,12952,0,12952,0,10976,1226,750,12202,1.1342251827100203,0.9500843242155129,0.11377875956903147,1.0638630837845444,0.0
9,django__django-11749,1791021997.0417385,799.7294232845306,15754,0,15754,0,14112,1296,346,15408,1.4021915470868829,1.244185788345379,0.12448151191342807,1.3686673002588072,0.0
25,astropy__astropy-12907,1791021997.2115362,4.435669898986816,1998,1568,430,0,0,120,310,120,0.035590194765994954,0.0,0.009913109280393536,0.009913109280393536,0.1281767320080239
27,pylint-dev__pylint-6528,1791022000.452569,5.489619970321655,3459,3136,323,0,0,135,188,135,0.02723473553342796,0.0,0.01136995010539918,0.01136995010539918,0.25886999735696903
25,astropy__astropy-12907,1791022001.7808313,86.09416723251343,4670,1568,3102,0,0,430,2672,430,0.2609878940314339,0.0,0.035590194765994954,0.035590194765994954,0.1281767320080239
13,django__django-13112,1791022001.9072232,138.75982785224915,14016,0,14016,0,12544,153,1319,12697,1.2350333253655263,1.0958767896099852,0.014360680441496753,1.110237470051482,0.0
26,pylint-dev__pylint-6528,1791022005.4082046,25.28158664703369,12070,10976,1094,0,0,602,492,602,0.10145461325781718,0.0,0.055676278390347785,0.055676278390347785,0.9500843242155129
4,sympy__sympy-23262,1791022005.5573456,36.04930830001831,20323,18816,1507,0,0,249,1258,249,0.15216680853466685,0.0,0.024982049225445363,0.024982049225445363,1.7042119845970873
27,pylint-dev__pylint-6528,1791022006.2179313,4.474815130233765,3762,3136,626,0,0,323,303,323,0.05288018252932432,0.0,0.02723473553342796,0.02723473553342796,0.25886999735696903
27,pylint-dev__pylint-6528,1791022010.9736342,2.203339099884033,3989,3136,853,0,0,626,227,626,0.07215468003074502,0.0,0.05288018252932432,0.05288018252932432,0.25886999735696903
27,pylint-dev__pylint-6528,1791022013.3081894,10.222070932388306,5338,3136,2202,0,0,853,1349,853,0.18778588890507494,0.0,0.07215468003074502,0.07215468003074502,0.25886999735696903
17,pylint-dev__pylint-6528,1791022013.4115152,143.89992904663086,14292,1568,12724,0,10976,1441,307,12417,1.133195349494939,0.9677000576019614,0.13620306778347407,1.1039031253854354,0.1281767320080239
3,django__django-13112,1791022013.497607,7.187407493591309,34140,0,34140,0,32928,771,441,33699,3.3598866672452017,3.2201833737619583,0.08869664973403918,3.3088800234959974,0.0
3,django__django-13112,1791022020.8150988,3.977695941925049,34402,32928,1474,0,0,1212,262,1212,0.17010082240890084,0.0,0.13970329348324376,0.13970329348324376,3.2201833737619583
7,pytest-dev__pytest-6202,1791022022.3088503,28.842110872268677,4527,0,4527,0,1568,1562,1397,3130,0.37691671753164774,0.1281767320080239,0.13018836719630428,0.25836509920432815,0.0
27,pylint-dev__pylint-6528,1791022023.8138962,2.81402587890625,5591,4704,887,0,0,634,253,634,0.07646972534321642,0.0,0.054576090215208595,0.054576090215208595,0.3920797960468354
3,django__django-13112,1791022025.290351,6.973023414611816,34547,32928,1619,0,0,1474,145,1474,0.18695408481709286,0.0,0.17010082240890084,0.17010082240890084,3.2201833737619583
31,sympy__sympy-20916,1791022026.7588053,68.73421144485474,20369,0,20369,0,18816,478,1075,19294,1.8610601266281201,1.7042119845970873,0.04801352826139514,1.7522255128584825,0.0
27,pylint-dev__pylint-6528,1791022026.763123,8.735902070999146,6991,4704,2287,0,0,887,1400,887,0.19880462927966563,0.0,0.07646972534321642,0.07646972534321642,0.3920797960468354
26,pylint-dev__pylint-6528,1791022030.9417448,2.3647420406341553,12546,10976,1570,0,0,1094,476,1094,0.14598003215084607,0.0,0.10145461325781718,0.10145461325781718,0.9500843242155129
3,django__django-13112,1791022033.034486,32.074360847473145,35195,34496,699,0,0,51,648,51,0.08150978486750245,0.0,0.005930152649723368,0.005930152649723368,3.4012073059293275
26,pylint-dev__pylint-6528,1791022033.453787,279.09318804740906,13013,12544,469,0,0,2,467,2,0.044096495254986705,0.0,0.00018756675637361057,0.00018756675637361057,1.0958767896099852
27,pylint-dev__pylint-6528,1791022035.7451096,9.312801122665405,7967,6272,1695,0,0,719,976,719,0.14954999977431663,0.0,0.06307829724887806,0.06307829724887806,0.527806128077623
18,django__django-10973,1791022039.439036,41.85333967208862,7344,0,7344,0,6272,483,589,6755,0.6220469896099109,0.527806128077623,0.04231554059997917,0.5701216686776022,0.0
4,sympy__sympy-23262,1791022041.9984891,85.47773742675781,20620,18816,1804,0,0,1507,297,1507,0.1824300914455863,0.0,0.15216680853466685,0.15216680853466685,1.7042119845970873
28,sympy__sympy-13757,1791022042.9554274,63.83334541320801,14225,0,14225,0,12544,1309,372,13853,1.2549710866100938,1.0958767896099852,0.12363802200126062,1.219514811611246,0.0
0,sympy__sympy-15875,1791022043.4510343,679.9613108634949,4527,0,4527,0,3136,928,463,4064,0.37691671753164774,0.25886999735696903,0.07853449782150476,0.3374044951784738,0.0
27,pylint-dev__pylint-6528,1791022045.2277966,2.2173712253570557,8102,7840,262,0,0,127,135,127,0.023344630784684017,0.0,0.011307134402607843,0.011307134402607843,0.6660489934493318
27,pylint-dev__pylint-6528,1791022047.573939,6.04627251625061,8336,7840,496,0,0,262,234,262,0.044253814391339366,0.0,0.023344630784684017,0.023344630784684017,0.6660489934493318
7,pytest-dev__pytest-6202,1791022052.3093028,11.296067476272583,4866,3136,1730,0,0,1391,339,1391,0.14711597630835066,0.0,0.11804672017467865,0.11804672017467865,0.25886999735696903
8,pytest-dev__pytest-5631,1791022052.5687306,10.918969631195068,8841,0,8841,0,7840,190,811,8030,0.7556183205523096,0.6660489934493318,0.01692231129477575,0.6829713047441075,0.0
27,pylint-dev__pylint-6528,1791022053.73919,3.7263548374176025,8956,7840,1116,0,0,496,620,496,0.09992519096914895,0.0,0.044253814391339366,0.044253814391339366,0.6660489934493318
27,pylint-dev__pylint-6528,1791022057.6426246,54.97334098815918,9629,7840,1789,0,0,1116,673,1116,0.16080091484210876,0.0,0.09992519096914895,0.09992519096914895,0.6660489934493318
20,django__django-11749,1791022057.832671,119.46912407875061,12527,0,12527,0,10976,1093,458,12069,1.0942826374847092,0.9500843242155129,0.1013613165793468,1.0514456407948598,0.0
30,sympy__sympy-11618,1791022059.2464142,6.987957954406738,13919,0,13919,0,12544,1073,302,13617,1.2257951052027052,1.0958767896099852,0.1012176899681815,1.1970944795781668,0.0
8,pytest-dev__pytest-5631,1791022063.6234448,22.528862714767456,9113,7840,1273,0,0,1001,272,1001,0.11408505133677849,0.0,0.08956932710297791,0.08956932710297791,0.6660489934493318
7,pytest-dev__pytest-6202,1791022064.3331811,46.0396044254303,5276,4704,572,0,0,162,410,162,0.04922084656772397,0.0,0.013906177618484315,0.013906177618484315,0.3920797960468354
3,django__django-13112,1791022065.5143063,16.98485040664673,35906,34496,1410,0,0,699,711,699,0.16493194068475886,0.0,0.08150978486750245,0.08150978486750245,3.4012073059293275
30,sympy__sympy-11618,1791022066.73543,21.14795184135437,14194,12544,1650,0,0,1375,275,1375,0.1561341974245447,0.0,0.12991831559271985,0.12991831559271985,1.0958767896099852
6,sympy__sympy-20916,1791022070.0389345,20.497548580169678,13709,0,13709,0,12544,548,617,13092,1.2058278289960283,1.0958767896099852,0.0515464189527348,1.14742320856272,0.0
14,pytest-dev__pytest-10051,1791022076.9713583,39.27860379219055,11430,0,11430,0,10976,74,380,11050,0.9920383594836583,0.9500843242155129,0.006823931766155371,0.9569082559816683,0.0
23,django__django-13821,1791022077.021514,126.13583207130432,15215,0,15215,0,14112,347,756,14459,1.3500205977119877,1.244185788345379,0.03316101098410622,1.2773467993294854,0.0
18,django__django-10973,1791022081.4341373,8.156303405761719,8054,6272,1782,0,0,1072,710,1072,0.15730536026293837,0.0,0.09424086153228793,0.09424086153228793,0.527806128077623
3,django__django-13112,1791022082.9309118,27.358559370040894,36355,34496,1859,0,0,1410,449,1410,0.21787999655830054,0.0,0.16493194068475886,0.16493194068475886,3.4012073059293275
8,pytest-dev__pytest-5631,1791022086.3239293,3.527648448944092,9475,7840,1635,0,0,1273,362,1273,0.14683005295401447,0.0,0.11408505133677849,0.11408505133677849,0.6660489934493318
25,astropy__astropy-12907,1791022088.0317488,4.733457803726196,6311,0,6311,0,3136,1534,1641,4670,0.5312140489322899,0.25886999735696903,0.13029462868248876,0.3891646260394578,0.0
30,sympy__sympy-11618,1791022088.196148,64.41131687164307,15988,14112,1876,0,0,82,1794,82,0.1807476845938976,0.0,0.007825198689151044,0.007825198689151044,1.244185788345379
18,django__django-10973,1791022089.8011498,4.915244817733765,8217,7840,377,0,0,214,163,214,0.033613507951799765,0.0,0.019062494891229582,0.019062494891229582,0.6660489934493318
8,pytest-dev__pytest-5631,1791022089.9941058,3.256406545639038,9716,9408,308,0,0,67,241,67,0.027944876321144625,0.0,0.006070654241384477,0.006070654241384477,0.8068083921619618
6,sympy__sympy-20916,1791022090.844534,3.6755387783050537,15104,12544,2560,0,0,1165,1395,1165,0.2434368081572201,0.0,0.10995103938604292,0.10995103938604292,1.0958767896099852
25,astropy__astropy-12907,1791022092.897674,6.806933879852295,6616,6272,344,0,0,39,305,39,0.030113305209490872,0.0,0.003407920854666878,0.003407920854666878,0.527806128077623
8,pytest-dev__pytest-5631,1791022093.4527757,38.75470685958862,9858,9408,450,0,0,308,142,308,0.0408612556027587,0.0,0.027944876321144625,0.027944876321144625,0.8068083921619618
6,sympy__sympy-20916,1791022094.6522703,36.43455100059509,16584,14112,2472,0,0,992,1480,992,0.2389247298522076,0.0,0.09512780942182644,0.09512780942182644,1.244185788345379
18,django__django-10973,1791022094.8718097,15.847641468048096,8937,7840,1097,0,0,377,720,377,0.09821328867563309,0.0,0.033613507951799765,0.033613507951799765,0.6660489934493318
31,sympy__sympy-20916,1791022095.7966368,16.732739210128784,20728,0,20728,0,18816,1553,359,20369,1.8976692913083941,1.7042119845970873,0.15684814203103287,1.8610601266281201,0.0
25,astropy__astropy-12907,1791022099.953589,71.64059591293335,7341,6272,1069,0,0,344,725,344,0.09397548650987089,0.0,0.030113305209490872,0.030113305209490872,0.527806128077623
21,sympy__sympy-18211,1791022103.9693594,6.187219142913818,13306,0,13306,0,12544,408,354,12952,1.1676361039563425,1.0958767896099852,0.03834839310003485,1.13422518271002,0.0
28,sympy__sympy-13757,1791022106.9330988,5.239951133728027,14536,0,14536,0,14112,113,311,14225,1.2847220030505366,1.244185788345379,0.010785298264714733,1.2549710866100938,0.0
21,sympy__sympy-18211,1791022110.4585032,4.228151321411133,13487,12544,943,0,0,762,181,762,0.08889185740772887,0.0,0.07175931434635714,0.07175931434635714,1.0958767896099852
7,pytest-dev__pytest-6202,1791022110.6428473,21.37131381034851,6292,0,6292,0,4704,572,1016,5276,0.5295535853227891,0.3920797960468354,0.04922084656772397,0.44130064261455937,0.0
3,django__django-13112,1791022110.7021127,7.14440131187439,36790,36064,726,0,0,291,435,291,0.0858334439574577,0.0,0.03433953105000983,0.03433953105000983,3.5847477714376184
18,django__django-10973,1791022111.717681,28.122172594070435,9104,7840,1264,0,0,1097,167,1097,0.11327265790928989,0.0,0.09821328867563309,0.09821328867563309,0.6660489934493318
28,sympy__sympy-13757,1791022112.3181477,19.18874979019165,14682,14112,570,0,0,424,146,424,0.05453702964356037,0.0,0.0405362147051577,0.0405362147051577,1.244185788345379
31,sympy__sympy-20916,1791022112.6854112,5.154790163040161,20862,20384,478,0,0,344,134,344,0.04878068574670148,0.0,0.03508217461222818,0.03508217461222818,1.8625871166961658
27,pylint-dev__pylint-6528,1791022113.5586984,5.305333852767944,9939,0,9939,0,9408,221,310,9629,0.8550466858042406,0.8068083921619618,0.020041516129478763,0.8268499082914406,0.0
21,sympy__sympy-18211,1791022114.8304627,232.15432047843933,14483,12544,1939,0,0,943,996,943,0.18376812353560942,0.0,0.08889185740772887,0.08889185740772887,1.0958767896099852
14,pytest-dev__pytest-10051,1791022116.3778288,21.356613636016846,11647,0,11647,0,10976,454,217,11430,1.0121657977059988,0.9500843242155129,0.04195403526814527,0.9920383594836581,0.0
3,django__django-13112,1791022118.0136676,3.921649932861328,36919,36064,855,0,0,726,129,726,0.10114128744407223,0.0,0.0858334439574577,0.0858334439574577,3.5847477714376184
27,pylint-dev__pylint-6528,1791022118.9966972,4.439528942108154,10538,9408,1130,0,0,531,599,531,0.10300040223469974,0.0,0.04823829364227879,0.04823829364227879,0.8068083921619618
31,sympy__sympy-20916,1791022119.9088311,180.7065839767456,21113,20384,729,0,0,478,251,478,0.07448929274907871,0.0,0.04878068574670148,0.04878068574670148,1.8625871166961658
10,sympy__sympy-15875,1791022121.4724233,286.1710910797119,8490,0,8490,0,7840,244,406,8084,0.724094132293518,0.6660489934493318,0.02173855346517817,0.6877875469145099,0.0
3,django__django-13112,1791022122.4752393,2.843423366546631,37401,36064,1337,0,0,855,482,855,0.15848875526029915,0.0,0.10114128744407223,0.10114128744407223,3.5847477714376184
27,pylint-dev__pylint-6528,1791022123.573286,3.0227952003479004,10687,9408,1279,0,0,1130,149,1130,0.11667940101440093,0.0,0.10300040223469974,0.10300040223469974,0.8068083921619618
3,django__django-13112,1791022125.947887,4.991675615310669,37542,36064,1478,0,0,1337,141,1337,0.17530963027634133,0.0,0.15848875526029915,0.15848875526029915,3.5847477714376184
27,pylint-dev__pylint-6528,1791022126.734154,153.72212719917297,10972,9408,1564,0,0,1279,285,1279,0.1429072305513572,0.0,0.11667940101440093,0.11667940101440093,0.8068083921619618
4,sympy__sympy-23262,1791022127.7746458,7.1709065437316895,20863,0,20863,0,20384,236,243,20620,1.911470099227766,1.8625871166961658,0.0240549593465078,1.8866420760426736,0.0
6,sympy__sympy-20916,1791022131.2188084,16.83956503868103,16818,15680,1138,0,0,904,234,904,0.11103991820015838,0.0,0.08809919777589273,0.08809919777589273,1.3950113204216938
28,sympy__sympy-13757,1791022131.6531386,8.578927516937256,15059,14112,947,0,0,570,377,570,0.09079072644152197,0.0,0.05453702964356037,0.05453702964356037,1.244185788345379
7,pytest-dev__pytest-6202,1791022132.1559427,5.646510362625122,7095,6272,823,0,0,20,803,20,0.07224608304646987,0.0,0.0017474572451661283,0.0017474572451661283,0.527806128077623
8,pytest-dev__pytest-5631,1791022132.4467764,5.414092540740967,10697,0,10697,0,9408,450,839,9858,0.9244066605108165,0.8068083921619618,0.0408612556027587,0.8476696477647204,0.0
3,django__django-13112,1791022134.0471363,17.534054040908813,37909,36064,1845,0,0,1478,367,1478,0.21918703772791412,0.0,0.17530963027634133,0.17530963027634133,3.5847477714376184
4,sympy__sympy-23262,1791022135.086759,7.827759265899658,21193,20384,809,0,0,479,330,479,0.08269682292562644,0.0,0.04888298253159998,0.04888298253159998,1.8625871166961658
14,pytest-dev__pytest-10051,1791022137.8945014,27.025086164474487,11985,10976,1009,0,0,671,338,671,0.09352804967403434,0.0,0.06208147349048573,0.06208147349048573,0.9500843242155129
7,pytest-dev__pytest-6202,1791022137.959217,5.132704734802246,7294,6272,1022,0,0,823,199,823,0.0898191471674338,0.0,0.07224608304646987,0.07224608304646987,0.527806128077623
8,pytest-dev__pytest-5631,1791022138.4560678,7.353833198547363,11260,9408,1852,0,0,1289,563,1289,0.16949559795560043,0.0,0.11759826834885478,0.11759826834885478,0.8068083921619618
28,sympy__sympy-13757,1791022140.790838,5.759751081466675,15532,14112,1420,0,0,947,473,947,0.1364818936837742,0.0,0.09079072644152197,0.09079072644152197,1.244185788345379
13,django__django-13112,1791022141.1837618,46.15476655960083,14405,0,14405,0,12544,1472,389,14016,1.2721781988470302,1.0958767896099852,0.13915653575554093,1.2350333253655261,0.0
4,sympy__sympy-23262,1791022143.1598756,60.367380142211914,22326,20384,1942,0,0,809,1133,809,0.19963931871931326,0.0,0.08269682292562644,0.08269682292562644,1.8625871166961658
7,pytest-dev__pytest-6202,1791022143.2248273,90.90890550613403,8096,6272,1824,0,0,1022,802,1022,0.1610521002019628,0.0,0.0898191471674338,0.0898191471674338,0.527806128077623
8,pytest-dev__pytest-5631,1791022146.4989705,17.323242664337158,12061,10976,1085,0,0,284,801,284,0.10061497999951186,0.0,0.026219665902049206,0.026219665902049206,0.9500843242155129
28,sympy__sympy-13757,1791022146.7483032,4.598431587219238,15665,14112,1553,0,0,1420,133,1420,0.14937076394726248,0.0,0.1364818936837742,0.1364818936837742,1.244185788345379
6,sympy__sympy-20916,1791022148.2616982,11.23133659362793,17057,15680,1377,0,0,1138,239,1138,0.13452867978776406,0.0,0.11103991820015838,0.11103991820015838,1.3950113204216938
18,django__django-10973,1791022148.5344148,6.415921449661255,1426,0,1426,0,7840,1264,0,9104,0.11646525950282854,0.6660489934493318,0.11327265790928989,0.7793216513586216,0.0
30,sympy__sympy-11618,1791022152.7441003,390.8457736968994,16400,0,16400,0,15680,308,412,15988,1.4651110228874336,1.3950113204216938,0.029922152517582727,1.4249334729392766,0.0
28,sympy__sympy-13757,1791022153.3015318,9.130159139633179,16151,14112,2039,0,0,1553,486,1553,0.1966224001038377,0.0,0.14937076394726248,0.14937076394726248,1.244185788345379
3,django__django-13112,1791022154.3632765,16.74630117416382,38280,37632,648,0,0,277,371,277,0.07762579766282834,0.0,0.03313003887870218,0.03313003887870218,3.7708047702868304
2,sympy__sympy-13757,1791022155.330347,143.08224415779114,9777,0,9777,0,7840,1312,625,9152,0.8402993252600889,0.6660489934493318,0.11760638090202524,0.783655374351357,0.0
18,django__django-10973,1791022155.6487865,6.040558815002441,1905,0,1905,0,0,1426,479,1426,0.1560534729611699,0.0,0.11646525950282854,0.11646525950282854,0.0
17,pylint-dev__pylint-6528,1791022157.5736988,7.455940246582031,14899,0,14899,0,14112,180,607,14292,1.3195725615797114,1.244185788345379,0.017186293157583767,1.2613720815029628,0.0
6,sympy__sympy-20916,1791022160.0498586,15.254970788955688,17496,15680,1816,0,0,1377,439,1377,0.1778256350766269,0.0,0.13452867978776406,0.13452867978776406,1.3950113204216938
18,django__django-10973,1791022162.0268478,8.0953950881958,2675,1568,1107,0,0,337,770,337,0.0920076050258984,0.0,0.027876740953145993,0.027876740953145993,0.1281767320080239
8,pytest-dev__pytest-5631,1791022164.10993,10.064005374908447,12523,10976,1547,0,0,1085,462,1085,0.14382326164073359,0.0,0.10061497999951186,0.10061497999951186,0.9500843242155129
28,sympy__sympy-13757,1791022164.4269178,6.783002138137817,16863,15680,1183,0,0,471,712,471,0.11545802056227994,0.0,0.04579686802752282,0.04579686802752282,1.3950113204216938
17,pylint-dev__pylint-6528,1791022165.2908351,4.588524580001831,15583,14112,1471,0,0,787,684,787,0.1414221021809396,0.0,0.07538677323433236,0.07538677323433236,1.244185788345379
14,pytest-dev__pytest-10051,1791022165.6155562,27.958616018295288,12704,10976,1728,0,0,1009,719,1009,0.1608107436213238,0.0,0.09352804967403434,0.09352804967403434,0.9500843242155129
19,django__django-10973,1791022167.7292879,29.797168493270874,8227,0,8227,0,6272,1255,700,7527,0.7005560869627235,0.527806128077623,0.11044615775771587,0.6382522858353388,0.0
17,pylint-dev__pylint-6528,1791022170.017713,234.2591836452484,16078,14112,1966,0,0,1471,495,1471,0.189509502563374,0.0,0.1414221021809396,0.1414221021809396,1.244185788345379
18,django__django-10973,1791022170.6817586,3.5661427974700928,3132,1568,1564,0,0,1107,457,1107,0.13035666248630368,0.0,0.0920076050258984,0.0920076050258984,0.1281767320080239
3,django__django-13112,1791022171.8796442,9.614695310592651,39163,37632,1531,0,0,648,883,648,0.18409478347718464,0.0,0.07762579766282834,0.07762579766282834,3.7708047702868304
25,astropy__astropy-12907,1791022173.0616944,101.45759177207947,7659,0,7659,0,6272,1069,318,7341,0.6499626316436091,0.527806128077623,0.09397548650987089,0.6217816145874938,0.0
28,sympy__sympy-13757,1791022173.296739,9.802903890609741,17775,15680,2095,0,0,1183,912,1183,0.2054448990185266,0.0,0.11545802056227994,0.11545802056227994,1.3950113204216938
18,django__django-10973,1791022174.387496,688.0083816051483,4242,1568,2674,0,0,1564,1110,1564,0.2243922447492996,0.0,0.13035666248630368,0.13035666248630368,0.1281767320080239
8,pytest-dev__pytest-5631,1791022174.6032472,9.269141674041748,13022,10976,2046,0,0,1547,499,1547,0.19073736371464223,0.0,0.14382326164073359,0.14382326164073359,0.9500843242155129
6,sympy__sympy-20916,1791022175.845581,6.513442277908325,17876,17248,628,0,0,248,380,248,0.06212084712857526,0.0,0.024483569659390823,0.024483569659390823,1.54835338583893
20,django__django-11749,1791022177.6921272,31.670910358428955,12690,0,12690,0,10976,1551,163,12527,1.1095799224202518,0.9500843242155129,0.14419831326919622,1.0942826374847092,0.0
3,django__django-13112,1791022181.633062,9.349743366241455,39707,37632,2075,0,0,1531,544,1531,0.2500856464135258,0.0,0.18409478347718464,0.18409478347718464,3.7708047702868304
6,sympy__sympy-20916,1791022182.5381427,3.172214984893799,18014,17248,766,0,0,628,138,628,0.07582570542915072,0.0,0.06212084712857526,0.06212084712857526,1.54835338583893
8,pytest-dev__pytest-5631,1791022184.663938,5.765877962112427,13296,12544,752,0,0,478,274,478,0.07081374249959695,0.0,0.044944898320169784,0.044944898320169784,1.0958767896099852
28,sympy__sympy-13757,1791022185.448074,14.584958553314209,18120,17248,872,0,0,527,345,527,0.08636586216767218,0.0,0.05210283360129052,0.05210283360129052,1.54835338583893
6,sympy__sympy-20916,1791022186.6180294,6.410292863845825,18258,17248,1010,0,0,766,244,766,0.10010518556362437,0.0,0.07582570542915072,0.07582570542915072,1.54835338583893
13,django__django-13112,1791022187.4763956,25.646165370941162,15372,0,15372,0,14112,293,967,14405,1.3651862662887577,1.244185788345379,0.027992410501651153,1.2721781988470302,0.0
3,django__django-13112,1791022191.2285073,26.60002827644348,40769,39200,1569,0,0,507,1062,507,0.1912127371730617,0.0,0.061512114223392686,0.061512114223392686,3.9593783024769635
14,pytest-dev__pytest-10051,1791022193.8477454,17.340754747390747,13447,12544,903,0,0,160,743,160,0.08510277362506857,0.0,0.01501827822685136,0.01501827822685136,1.0958767896099852
6,sympy__sympy-20916,1791022195.0785222,12.356935262680054,18538,17248,1290,0,0,1010,280,1010,0.12804197196754746,0.0,0.10010518556362437,0.10010518556362437,1.54835338583893
1,django__django-11749,1791022195.9090703,26.819252490997314,14539,0,14539,0,14112,6,421,14118,1.285009471476485,1.244185788345379,0.0005723421436292876,1.2447581304890083,0.0
19,django__django-10973,1791022197.671698,2.9082820415496826,9051,7840,1211,0,0,387,824,387,0.10849024497924034,0.0,0.03450709351339175,0.03450709351339175,0.6660489934493318
28,sympy__sympy-13757,1791022200.1662045,2.8254430294036865,18312,17248,1064,0,0,872,192,872,0.10548674864628944,0.0,0.08636586216767218,0.08636586216767218,1.54835338583893
19,django__django-10973,1791022200.7735133,126.67287826538086,9462,7840,1622,0,0,1211,411,1211,0.1456518055503279,0.0,0.10849024497924034,0.10849024497924034,0.6660489934493318
28,sympy__sympy-13757,1791022203.1267567,12.737703084945679,18400,17248,1152,0,0,1064,88,1064,0.11426309846214658,0.0,0.10548674864628944,0.10548674864628944,1.54835338583893
23,django__django-13821,1791022203.5097408,364.99418449401855,15994,0,15994,0,14112,1103,779,15215,1.4255173362017455,1.244185788345379,0.10583480936660872,1.3500205977119877,0.0
4,sympy__sympy-23262,1791022203.910487,49.76455044746399,22599,0,22599,0,21952,374,273,22326,2.0906005458865353,2.0234787821361655,0.03874765327931348,2.062226435415479,0.0
8,pytest-dev__pytest-5631,1791022205.1721246,8.962121963500977,13756,12544,1212,0,0,752,460,752,0.11441598524373182,0.0,0.07081374249959695,0.07081374249959695,1.0958767896099852
20,django__django-11749,1791022209.733595,33.26033568382263,13420,12544,876,0,0,146,730,146,0.08254606787596531,0.0,0.013703132810266447,0.013703132810266447,1.0958767896099852
6,sympy__sympy-20916,1791022209.8603902,17.985995292663574,18970,17248,1722,0,0,1290,432,1290,0.17130185676797738,0.0,0.12804197196754746,0.12804197196754746,1.54835338583893
14,pytest-dev__pytest-10051,1791022211.5852008,16.315013647079468,13936,12544,1392,0,0,903,489,903,0.13153668908937272,0.0,0.08510277362506857,0.08510277362506857,1.0958767896099852
13,django__django-13112,1791022213.2685106,3.4207003116607666,16026,14112,1914,0,0,1260,654,1260,0.18444610757676208,0.0,0.12100047794337866,0.12100047794337866,1.244185788345379
8,pytest-dev__pytest-5631,1791022215.0874643,15.955874919891357,14219,12544,1675,0,0,1212,463,1212,0.1585212977350954,0.0,0.11441598524373182,0.11441598524373182,1.0958767896099852
28,sympy__sympy-13757,1791022217.9012706,9.804356336593628,18600,17248,1352,0,0,1152,200,1152,0.1342388263860863,0.0,0.11426309846214658,0.11426309846214658,1.54835338583893
3,django__django-13112,1791022217.9803586,768.1256840229034,41229,0,41229,0,40768,1,460,40769,4.207128522357065,4.150468368008018,0.0001226716420073366,4.150591039650025,0.0
13,django__django-13112,1791022218.0551214,12.904195785522461,16290,15680,610,0,0,346,264,346,0.059355685478297705,0.0,0.03362057550044719,0.03362057550044719,1.3950113204216938
1,django__django-11749,1791022222.8991647,39.40050292015076,14970,0,14970,0,14112,427,431,14539,1.326404831897938,1.244185788345379,0.04082368313110604,1.285009471476485,0.0
28,sympy__sympy-13757,1791022227.8455324,3.0267889499664307,18724,17248,1476,0,0,1352,124,1352,0.14664433884278516,0.0,0.1342388263860863,0.1342388263860863,1.54835338583893
14,pytest-dev__pytest-10051,1791022228.206217,17.912893533706665,14397,12544,1853,0,0,1392,461,1392,0.17553594448833365,0.0,0.13153668908937272,0.13153668908937272,1.0958767896099852
6,sympy__sympy-20916,1791022228.3491018,13.350797176361084,19436,18816,620,0,0,154,466,154,0.062322018170818415,0.0,0.015443258009820075,0.015443258009820075,1.7042119845970873
28,sympy__sympy-13757,1791022231.0254178,28.72406792640686,18945,17248,1697,0,0,1476,221,1476,0.1687931838836749,0.0,0.14664433884278516,0.14664433884278516,1.54835338583893
8,pytest-dev__pytest-5631,1791022231.1843565,10.085066080093384,14818,14112,706,0,0,107,599,107,0.0675985123176873,0.0,0.010212298999701747,0.010212298999701747,1.244185788345379
13,django__django-13112,1791022231.5025642,64.52674150466919,16951,15680,1271,0,0,610,661,610,0.12410385501695638,0.0,0.059355685478297705,0.059355685478297705,1.3950113204216938
24,django__django-14787,1791022234.3322325,67.38607811927795,11627,0,11627,0,10976,109,542,11085,1.0103087178748607,0.9500843242155129,0.010053419489368871,0.9601377437048818,0.0
7,pytest-dev__pytest-6202,1791022237.5136456,5.363600254058838,8458,0,8458,0,7840,256,362,8096,0.7212264045605388,0.6660489934493318,0.022809234830254013,0.6888582282795858,0.0
8,pytest-dev__pytest-5631,1791022241.4145253,17.631542205810547,15089,14112,977,0,0,706,271,706,0.09368188479550793,0.0,0.0675985123176873,0.0675985123176873,1.244185788345379
7,pytest-dev__pytest-6202,1791022243.0355334,18.214133739471436,9010,7840,1170,0,0,618,552,618,0.10479261491162367,0.0,0.055177411111206984,0.055177411111206984,0.6660489934493318
20,django__django-11749,1791022243.4209301,34.898367404937744,13875,0,13875,0,12544,876,455,13420,1.2216077474084774,1.0958767896099852,0.08254606787596531,1.1784228574859505,0.0
14,pytest-dev__pytest-10051,1791022246.398978,7.33035683631897,14903,14112,791,0,0,285,506,285,0.07577155271580227,0.0,0.027226945752939987,0.027226945752939987,1.244185788345379
6,sympy__sympy-20916,1791022246.753847,13.501723051071167,20080,18816,1264,0,0,620,644,620,0.12747309604734536,0.0,0.062322018170818415,0.062322018170818415,1.7042119845970873
4,sympy__sympy-23262,1791022253.8106341,32.754178047180176,23008,0,23008,0,21952,647,409,22599,2.1332524983488876,2.0234787821361655,0.06712176375036949,2.090600545886535,0.0
14,pytest-dev__pytest-10051,1791022255.5033514,15.940205097198486,15899,14112,1787,0,0,791,996,791,0.17209137327327492,0.0,0.07577155271580227,0.07577155271580227,1.244185788345379
8,pytest-dev__pytest-5631,1791022259.2304192,49.29193615913391,16129,14112,2017,0,0,977,1040,977,0.19447821293289214,0.0,0.09368188479550793,0.09368188479550793,1.244185788345379
7,pytest-dev__pytest-6202,1791022261.5403993,6.314871549606323,9269,7840,1429,0,0,1170,259,1170,0.12817971054752814,0.0,0.10479261491162367,0.10479261491162367,0.6660489934493318
28,sympy__sympy-13757,1791022261.9171605,4.795674800872803,19395,18816,579,0,0,129,450,129,0.05818857435186596,0.0,0.012934585125517583,0.012934585125517583,1.7042119845970873
1,django__django-11749,1791022262.8484843,43.590433835983276,15427,14112,1315,0,0,858,457,858,0.12631925909324335,0.0,0.0822190435525589,0.0822190435525589,1.244185788345379
6,sympy__sympy-20916,1791022265.703288,23.99053192138672,20423,18816,1607,0,0,1264,343,1264,0.16234638407789295,0.0,0.12747309604734536,0.12747309604734536,1.7042119845970873
28,sympy__sympy-13757,1791022267.4487615,5.38367223739624,19573,18816,757,0,0,579,178,579,0.07614624965681616,0.0,0.05818857435186596,0.05818857435186596,1.7042119845970873
7,pytest-dev__pytest-6202,1791022268.005764,52.23974680900574,9833,7840,1993,0,0,1429,564,1429,0.17934514693140746,0.0,0.12817971054752814,0.12817971054752814,0.6660489934493318
14,pytest-dev__pytest-10051,1791022271.6907904,55.45430278778076,16477,15680,797,0,0,219,578,219,0.07762788343078363,0.0,0.021265841196960043,0.021265841196960043,1.3950113204216938
28,sympy__sympy-13757,1791022273.258167,9.69898247718811,19860,18816,1044,0,0,757,287,757,0.10516877811062582,0.0,0.07614624965681616,0.07614624965681616,1.7042119845970873
16,pytest-dev__pytest-10051,1791022274.4572663,129.9992072582245,11305,0,11305,0,9408,1394,503,10802,0.9804660914995023,0.8068083921619618,0.12725255506522168,0.9340609472271835,0.0
25,astropy__astropy-12907,1791022274.6388059,228.79391527175903,8069,0,8069,0,6272,1387,410,7659,0.6864494024777604,0.527806128077623,0.12215650356598613,0.6499626316436091,0.0
20,django__django-11749,1791022278.824866,5.105083465576172,14427,0,14427,0,12544,1331,552,13875,1.2742835646786597,1.0958767896099852,0.12573095779849203,1.2216077474084772,0.0
27,pylint-dev__pylint-6528,1791022280.6968076,5.743390321731567,11250,0,11250,0,9408,1564,278,10972,0.9753793601765816,0.8068083921619618,0.1429072305513572,0.949715622713319,0.0
28,sympy__sympy-13757,1791022283.4446864,46.740782022476196,20257,18816,1441,0,0,1044,397,1044,0.14545389570252376,0.0,0.10516877811062582,0.10516877811062582,1.7042119845970873
20,django__django-11749,1791022285.6892438,7.822200775146484,14568,14112,456,0,0,315,141,315,0.04360301951079057,0.0,0.03009777633328073,0.03009777633328073,1.244185788345379
27,pylint-dev__pylint-6528,1791022286.675315,64.62550950050354,11952,10976,976,0,0,274,702,274,0.09045267078851797,0.0,0.02529503596106853,0.02529503596106853,0.9500843242155129
4,sympy__sympy-23262,1791022286.7385502,14.510080337524414,23436,0,23436,0,21952,1056,428,23008,2.178069174221998,2.0234787821361655,0.1097737162127222,2.1332524983488876,0.0
6,sympy__sympy-20916,1791022290.2512205,8.199470281600952,20760,0,20760,0,20384,39,337,20423,1.900938907110057,1.8625871166961658,0.003971251978814421,1.8665583686749803,0.0
13,django__django-13112,1791022296.170942,11.230453968048096,17980,0,17980,0,15680,1271,1029,16951,1.6208007223339458,1.3950113204216938,0.12410385501695638,1.5191151754386503,0.0
6,sympy__sympy-20916,1791022298.600956,16.54172110557556,21038,20384,654,0,0,376,278,376,0.06680068261361623,0.0,0.03835179041389114,0.03835179041389114,1.8625871166961658
2,sympy__sympy-13757,1791022298.6479502,25.547343015670776,10284,0,10284,0,9408,369,507,9777,0.8865426192131222,0.8068083921619618,0.033490933098127146,0.8402993252600889,0.0
31,sympy__sympy-20916,1791022301.211465,38.403287172317505,21411,0,21411,0,20384,729,298,21113,1.9676827064195286,1.8625871166961658,0.07448929274907871,1.9370764094452446,0.0
4,sympy__sympy-23262,1791022301.7556307,51.520509481430054,24038,21952,2086,0,0,1484,602,1484,0.21794426382415966,0.0,0.15459039208583233,0.15459039208583233,2.0234787821361655
24,django__django-14787,1791022301.8781571,92.64107966423035,12127,0,12127,0,10976,651,500,11627,1.0568585400801715,0.9500843242155129,0.06022439365934766,1.0103087178748607,0.0
1,django__django-11749,1791022306.9204214,101.0850772857666,16348,0,16348,0,14112,1315,921,15427,1.4600304895200604,1.244185788345379,0.12631925909324335,1.3705050474386224,0.0
13,django__django-13112,1791022307.5503902,10.51001524925232,19861,17248,2613,0,0,732,1881,732,0.26112864805301733,0.0,0.07244733649501553,0.07244733649501553,1.54835338583893
8,pytest-dev__pytest-5631,1791022308.6661747,19.86450481414795,16412,0,16412,0,15680,449,283,16129,1.4662838467090855,1.3950113204216938,0.043652680856577246,1.438664001278271,0.0
20,django__django-11749,1791022310.083977,9.602519750595093,14972,0,14972,0,14112,456,404,14568,1.3265973649361709,1.244185788345379,0.04360301951079057,1.2877888078561697,0.0
26,pylint-dev__pylint-6528,1791022312.8085337,292.2234947681427,13594,0,13594,0,12544,469,581,13013,1.1949124958732809,1.0958767896099852,0.044096495254986705,1.139973284864972,0.0
6,sympy__sympy-20916,1791022315.2922184,40.710222005844116,21324,0,21324,0,20384,654,286,21038,1.958737916307826,1.8625871166961658,0.06680068261361623,1.929387799309782,0.0
13,django__django-13112,1791022318.2090404,3.4166066646575928,21075,18816,2259,0,0,1045,1214,1045,0.22896814282137223,0.0,0.10527004929486003,0.10527004929486003,1.7042119845970873
7,pytest-dev__pytest-6202,1791022320.5298228,65.11165261268616,10205,0,10205,0,9408,425,372,9833,0.8793197524480663,0.8068083921619618,0.038585748218777464,0.8453941403807392,0.0
13,django__django-13112,1791022321.769962,2.426675319671631,21757,20384,1373,0,0,691,682,691,0.14074579618469674,0.0,0.07059301072229371,0.07059301072229371,1.8625871166961658
13,django__django-13112,1791022324.3357363,119.02709221839905,22163,20384,1779,0,0,1373,406,1373,0.18273437096525175,0.0,0.14074579618469674,0.14074579618469674,1.8625871166961658
2,sympy__sympy-13757,1791022324.602933,33.14934992790222,10644,0,10644,0,9408,876,360,10284,0.9195378299774895,0.8068083921619618,0.07973422705116048,0.8865426192131223,0.0
14,pytest-dev__pytest-10051,1791022327.3191838,17.574599981307983,16680,0,16680,0,15680,797,203,16477,1.4925153157887794,1.3950113204216938,0.07762788343078363,1.4726392038524774,0.0
19,django__django-10973,1791022327.6350927,18.280523777008057,10161,0,10161,0,9408,54,699,9462,0.8752996596819353,0.8068083921619618,0.004892406837697879,0.8117007989996596,0.0
8,pytest-dev__pytest-5631,1791022328.685772,54.887394428253174,16686,15680,1006,0,0,732,274,732,0.09809210842392327,0.0,0.0712725262873916,0.0712725262873916,1.3950113204216938
20,django__django-11749,1791022336.055081,21.03637194633484,15110,0,15110,0,14112,860,138,14972,1.339892032101607,1.244185788345379,0.08241157659079186,1.3265973649361709,0.0
28,sympy__sympy-13757,1791022336.7909477,16.70962405204773,20605,0,20605,0,18816,1441,348,20257,1.8851114625950358,1.7042119845970873,0.14545389570252376,1.849665880299611,0.0
31,sympy__sympy-20916,1791022340.0511062,79.34868144989014,21644,0,21644,0,20384,1027,233,21411,1.9916764518067915,1.8625871166961658,0.10509558972336266,1.9676827064195286,0.0
14,pytest-dev__pytest-10051,1791022346.4303708,67.98627257347107,16928,15680,1248,0,0,1000,248,1000,0.12184338317820013,0.0,0.09750399536708523,0.09750399536708523,1.3950113204216938
19,django__django-10973,1791022346.465767,29.874289989471436,10768,9408,1360,0,0,753,607,753,0.12412516965173082,0.0,0.0684912675199737,0.0684912675199737,0.8068083921619618
21,sympy__sympy-18211,1791022347.7641625,20.123172521591187,15345,0,15345,0,14112,371,862,14483,1.362576361343521,1.244185788345379,0.035459124800215756,1.279644913145595,0.0
27,pylint-dev__pylint-6528,1791022351.4364867,11.084856033325195,12288,0,12288,0,10976,976,336,11952,1.071902046626835,0.9500843242155129,0.09045267078851797,1.0405369950040309,0.0
4,sympy__sympy-23262,1791022354.0214105,24.636739015579224,24980,0,24980,0,23520,518,942,24038,2.3413025268742125,2.1868869809170866,0.05453606504323867,2.241423045960325,0.0
28,sympy__sympy-13757,1791022358.1285613,17.271334648132324,20944,20384,560,0,0,221,339,221,0.0571724213297411,0.0,0.022524345898869785,0.022524345898869785,1.8625871166961658
20,django__django-11749,1791022358.3325915,7.489445924758911,15539,0,15539,0,14112,998,429,15110,1.3813455922348499,1.244185788345379,0.09570624375622794,1.339892032101607,0.0
2,sympy__sympy-13757,1791022358.5277398,8.256711721420288,11212,0,11212,0,9408,1236,568,10644,0.971866699881699,0.8068083921619618,0.11272943781552772,0.9195378299774895,0.0
6,django__django-11749,1791022359.272045,8.820286512374878,1633,0,1633,1633,0,0,0,0,0.13354450326625367,0.0,0.0,0.0,0.0
27,pylint-dev__pylint-6528,1791022362.6573796,2.913600206375122,12461,10976,1485,0,0,1312,173,1312,0.1380120555901405,0.0,0.12181772241132197,0.12181772241132197,0.9500843242155129
20,django__django-11749,1791022365.9727497,168.15941309928894,15930,14112,1818,0,0,1427,391,1427,0.17510557277210234,0.0,0.13715980388947066,0.13715980388947066,1.244185788345379
27,pylint-dev__pylint-6528,1791022366.4067621,16.493114709854126,12679,10976,1703,0,0,1485,218,1485,0.15846241040175058,0.0,0.1380120555901405,0.1380120555901405,0.9500843242155129
2,sympy__sympy-13757,1791022366.9333053,309.45963621139526,11390,10976,414,0,0,236,178,236,0.038249169472168165,0.0,0.02178237566618609,0.02178237566618609,0.9500843242155129
21,sympy__sympy-18211,1791022368.0360756,22.301412343978882,15547,0,15547,0,14112,1233,202,15345,1.3821204081688592,1.244185788345379,0.11839057299814197,1.3625763613435211,0.0
6,django__django-11749,1791022368.4475965,4.469149589538574,2131,1568,563,0,0,65,498,65,0.04663664610841532,0.0,0.005367771258229741,0.005367771258229741,0.1281767320080239
6,django__django-11749,1791022373.0771859,2.8776111602783203,3334,1568,1766,0,0,563,1203,563,0.14737557607373328,0.0,0.04663664610841532,0.04663664610841532,0.1281767320080239
6,django__django-11749,1791022376.115555,3.399871587753296,3423,3136,287,0,0,198,89,198,0.024193997455741124,0.0,0.016682310724788145,0.016682310724788145,0.25886999735696903
19,django__django-10973,1791022376.462219,82.86167573928833,11512,0,11512,0,9408,1360,744,10768,0.9996384541803042,0.8068083921619618,0.12412516965173082,0.9309335618136926,0.0
28,sympy__sympy-13757,1791022376.971977,6.0385096073150635,21184,20384,800,0,0,560,240,560,0.08177314875540331,0.0,0.0571724213297411,0.0571724213297411,1.8625871166961658
4,sympy__sympy-23262,1791022379.4363189,16.543631553649902,25552,0,25552,0,23520,1460,572,24980,2.4023944165830335,2.1868869809170866,0.15441554595712587,2.3413025268742125,0.0
6,django__django-11749,1791022379.9897401,7.528439283370972,3523,3136,387,0,0,287,100,287,0.03264376748736526,0.0,0.024193997455741124,0.024193997455741124,0.25886999735696903
28,sympy__sympy-13757,1791022383.1523457,5.693284511566162,21608,20384,1224,0,0,800,424,800,0.12537851746120762,0.0,0.08177314875540331,0.08177314875540331,1.8625871166961658
8,pytest-dev__pytest-5631,1791022383.7042346,14.535646677017212,17185,0,17185,0,15680,1006,499,16686,1.542143796595298,1.3950113204216938,0.09809210842392327,1.493103428845617,0.0
27,pylint-dev__pylint-6528,1791022384.1637552,343.29488730430603,13271,12544,727,0,0,135,592,135,0.06845026068737774,0.0,0.012669945007278126,0.012669945007278126,1.0958767896099852
7,pytest-dev__pytest-6202,1791022385.9241176,8.200126647949219,11011,0,11011,0,9408,797,806,10205,0.9533111609350134,0.8068083921619618,0.07251136028610451,0.8793197524480663,0.0
6,django__django-11749,1791022387.71671,35.67939639091492,5094,3136,1958,0,0,387,1571,387,0.16673314088847996,0.0,0.03264376748736526,0.03264376748736526,0.25886999735696903
28,sympy__sympy-13757,1791022389.0004678,12.195591688156128,21873,20384,1489,0,0,1224,265,1224,0.15272531566545244,0.0,0.12537851746120762,0.12537851746120762,1.8625871166961658
21,sympy__sympy-18211,1791022390.4887688,17.159695148468018,15929,0,15929,0,14112,1435,382,15547,1.4191941135222803,1.244185788345379,0.13793461982348004,1.3821204081688592,0.0
7,pytest-dev__pytest-6202,1791022394.27168,75.08615612983704,11285,10976,309,0,0,35,274,35,0.02853168855918216,0.0,0.003226836719500454,0.003226836719500454,0.9500843242155129
24,django__django-14787,1791022394.6636195,68.83923697471619,12324,0,12324,0,10976,1151,197,12127,1.075269441586754,0.9500843242155129,0.10677421586465854,1.0568585400801715,0.0
4,sympy__sympy-23262,1791022396.2542315,17.180020809173584,25807,0,25807,0,25088,464,255,25552,2.429737363390784,2.3528117130389288,0.04958270354410474,2.4023944165830335,0.0
8,pytest-dev__pytest-5631,1791022399.1843603,31.113823652267456,17728,0,17728,0,15680,1505,543,17185,1.595797931480459,1.3950113204216938,0.1471324761736039,1.5421437965952978,0.0
28,sympy__sympy-13757,1791022401.3375158,22.288354873657227,21990,0,21990,0,20384,1489,117,21873,2.027409175108797,1.8625871166961658,0.15272531566545244,2.0153124323616183,0.0
17,pylint-dev__pylint-6528,1791022404.6199775,630.2186939716339,16352,0,16352,0,15680,398,274,16078,1.4604212015179476,1.3950113204216938,0.03868397048705916,1.433695290908753,0.0
16,pytest-dev__pytest-10051,1791022406.1808262,9.619653224945068,11918,0,11918,0,10976,329,613,11305,1.0373695886464551,0.9500843242155129,0.03038176728398924,0.9804660914995021,0.0
1,django__django-11749,1791022408.175501,17.09986448287964,16597,0,16597,0,15680,668,249,16348,1.4843835323309167,1.3950113204216938,0.06501916909836647,1.4600304895200602,0.0
21,sympy__sympy-18211,1791022408.3094077,30.110666275024414,16164,0,16164,0,15680,249,235,15929,1.4420754409995733,1.3950113204216938,0.024182793100586457,1.4191941135222803,0.0
10,sympy__sympy-15875,1791022408.5787437,45.413233280181885,8970,0,8970,0,7840,650,480,8490,0.7672358225493114,0.6660489934493318,0.05804513884418628,0.724094132293518,0.0
14,pytest-dev__pytest-10051,1791022414.5772555,64.07574415206909,17205,0,17205,0,15680,1248,277,16928,1.5441146546398499,1.3950113204216938,0.12184338317820013,1.516854703599894,0.0
4,sympy__sympy-23262,1791022414.701132,33.75549125671387,26118,0,26118,0,25088,719,311,25807,2.463175121791228,2.3528117130389288,0.07692565035185528,2.429737363390784,0.0
16,pytest-dev__pytest-10051,1791022415.9449162,7.8315629959106445,12117,10976,1141,0,0,942,199,942,0.10584071171433729,0.0,0.08728526443094212,0.08728526443094212,0.9500843242155129
31,sympy__sympy-20916,1791022419.814332,23.242205381393433,21940,0,21940,0,20384,1260,296,21644,2.0222379124740337,1.8625871166961658,0.12908933511062542,1.9916764518067913,0.0
6,django__django-11749,1791022423.7001798,37.45106029510498,5538,0,5538,0,4704,390,444,5094,0.4639576828732565,0.3920797960468354,0.033523342198613616,0.42560313824544904,0.0
16,pytest-dev__pytest-10051,1791022423.948608,79.45465731620789,12279,10976,1303,0,0,1141,162,1141,0.12097608094093751,0.0,0.10584071171433729,0.10584071171433729,0.9500843242155129
28,sympy__sympy-13757,1791022425.6736608,12.64166808128357,22176,0,22176,0,21952,38,186,21990,2.046668737063588,2.0234787821361655,0.003930392972630958,2.0274091751087964,0.0
1,django__django-11749,1791022425.7529175,11.277446746826172,17317,0,17317,0,15680,917,720,16597,1.555159025797236,1.3950113204216938,0.08937221190922262,1.4843835323309165,0.0
8,pytest-dev__pytest-5631,1791022430.4482005,17.773946046829224,18184,0,18184,0,17248,480,456,17728,1.6410886843574377,1.54835338583893,0.04744454564152883,1.595797931480459,0.0
11,sympy__sympy-18211,1791022431.6766164,166.957444190979,19601,0,19601,0,18816,369,416,19185,1.7831859890393207,1.7042119845970873,0.037044252496596264,1.7412562370936837,0.0
1,django__django-11749,1791022437.211466,4.422938585281372,17520,17248,272,0,0,69,203,69,0.026856288247174703,0.0,0.006805639958306006,0.006805639958306006,1.54835338583893
21,sympy__sympy-18211,1791022439.228472,144.4889214038849,16613,0,16613,0,15680,484,449,16164,1.4859505564209787,1.3950113204216938,0.047064120577879454,1.4420754409995733,0.0
28,sympy__sympy-13757,1791022440.3742418,13.214486122131348,22601,21952,649,0,0,224,425,224,0.06732991416877761,0.0,0.023189954927422107,0.023189954927422107,2.0234787821361655
1,django__django-11749,1791022443.3903136,15.398919820785522,17658,17248,410,0,0,272,138,272,0.040510861408593946,0.0,0.026856288247174703,0.026856288247174703,1.54835338583893
31,sympy__sympy-20916,1791022443.5230422,20.3145112991333,22157,0,22157,0,20384,1556,217,21940,2.044699738587584,1.8625871166961658,0.15965079577786767,2.0222379124740337,0.0
13,django__django-13112,1791022443.8158958,67.01938104629517,22490,0,22490,0,21952,211,327,22163,2.0792625400705367,2.0234787821361655,0.021842705525252,2.0453214876614174,0.0
8,pytest-dev__pytest-5631,1791022448.365857,52.751078605651855,18421,0,18421,0,17248,936,237,18184,1.6647120119641796,1.54835338583893,0.09273529851850781,1.6410886843574377,0.0
4,sympy__sympy-23262,1791022449.6124547,22.54272437095642,26663,0,26663,0,25088,1030,545,26118,2.522010590775778,2.3528117130389288,0.110363408752299,2.463175121791228,0.0
10,sympy__sympy-15875,1791022454.9159791,61.074034690856934,9375,0,9375,0,7840,1130,405,8970,0.8038200572944999,0.6660489934493318,0.10118682909997972,0.7672358225493114,0.0
28,sympy__sympy-13757,1791022455.6012473,13.172611236572266,22746,0,22746,0,21952,649,145,22601,2.105910510161567,2.0234787821361655,0.06732991416877761,2.090808696304943,0.0
19,django__django-10973,1791022459.6483421,30.5456702709198,11753,0,11753,0,10976,536,241,11512,1.022015156101685,0.9500843242155129,0.04955412996479126,0.9996384541803042,0.0
6,django__django-11749,1791022461.3167486,18.702571153640747,5959,0,5959,0,4704,834,421,5538,0.5005117641726277,0.3920797960468354,0.07187788682642111,0.4639576828732565,0.0
24,django__django-14787,1791022463.696771,7.246438980102539,12718,0,12718,0,10976,1348,394,12324,1.112210413869919,0.9500843242155129,0.12518511737124116,1.075269441586754,0.0
31,sympy__sympy-20916,1791022464.4125001,19.27408194541931,22428,0,22428,0,21952,205,271,22157,2.072818825005082,2.0234787821361655,0.02122095645141855,2.044699738587584,0.0
28,sympy__sympy-13757,1791022468.9301348,47.09619402885437,23359,21952,1407,0,0,794,613,794,0.14651374711205847,0.0,0.08243172802540152,0.08243172802540152,2.0234787821361655
7,pytest-dev__pytest-6202,1791022469.539131,11.77208924293518,11532,0,11532,0,10976,309,247,11285,1.001493179838261,0.9500843242155129,0.02853168855918216,0.9786160127746951,0.0
24,django__django-14787,1791022471.1107662,11.571396112442017,13332,12544,788,0,0,174,614,174,0.07421828017099838,0.0,0.016333624259933475,0.016333624259933475,1.0958767896099852
4,sympy__sympy-23262,1791022472.6007626,17.743375539779663,27441,0,27441,0,26656,7,778,26663,2.606526340956117,2.521252978501692,0.0007576122740854719,2.5220105907757775,0.0
1,django__django-11749,1791022475.3065667,12.70554494857788,17969,0,17969,0,17248,410,311,17658,1.619707973949466,1.54835338583893,0.040510861408593946,1.5888642472475238,0.0
14,pytest-dev__pytest-10051,1791022478.8094397,18.12157678604126,17769,0,17769,0,15680,1525,564,17205,1.5998614184844402,1.3950113204216938,0.14910333421815597,1.5441146546398499,0.0
6,django__django-11749,1791022480.4203255,7.341989517211914,6183,1568,4615,0,3136,1255,224,4391,0.3918581760751388,0.2639030640388115,0.10843196812579231,0.3723350321646038,0.1281767320080239
7,pytest-dev__pytest-6202,1791022481.7199197,15.322741508483887,11991,10976,1015,0,0,556,459,556,0.09408732922716714,0.0,0.05140885562274786,0.05140885562274786,0.9500843242155129
24,django__django-14787,1791022483.0245368,82.90815258026123,15628,12544,3084,0,0,788,2296,788,0.29409231928951557,0.0,0.07421828017099838,0.07421828017099838,1.0958767896099852
31,sympy__sympy-20916,1791022484.2573564,397.13014960289,22716,0,22716,0,21952,476,288,22428,2.1027842313199656,2.0234787821361655,0.04934004286891625,2.072818825005082,0.0
6,django__django-11749,1791022488.0213795,13.74569296836853,6454,4704,1750,0,0,1479,271,1479,0.151643282188339,0.0,0.1279551120363273,0.1279551120363273,0.3920797960468354
4,sympy__sympy-23262,1791022490.4977162,8.88703441619873,27821,0,27821,0,26656,785,380,27441,2.6480317296731686,2.521252978501692,0.08527336245442466,2.606526340956117,0.0
19,django__django-10973,1791022490.9121184,24.537441730499268,12372,0,12372,0,10976,777,619,11753,1.0797613650172844,0.9500843242155129,0.07193083188617218,1.022015156101685,0.0
14,pytest-dev__pytest-10051,1791022497.4545891,10.746458768844604,18215,0,18215,0,17248,521,446,17769,1.644175387272487,1.54835338583893,0.05150803264551,1.59986141848444,0.0
7,pytest-dev__pytest-6202,1791022497.8137076,23.285598039627075,12432,0,12432,0,10976,1015,441,11991,1.085379585618972,0.9500843242155129,0.09408732922716714,1.0441716534426801,0.0
4,sympy__sympy-23262,1791022499.516374,24.438781261444092,28160,26656,1504,0,0,1165,339,1165,0.1639306678791597,0.0,0.12677875117147594,0.12677875117147594,2.521252978501692
6,django__django-11749,1791022502.1265194,5.354043245315552,6815,6272,543,0,0,182,361,182,0.047588803181832666,0.0,0.015916950157551436,0.015916950157551436,0.527806128077623
25,astropy__astropy-12907,1791022503.565407,76.96262907981873,8427,0,8427,0,7840,229,358,8069,0.7184492928192636,0.6660489934493318,0.020400409028428695,0.6864494024777604,0.0
1,django__django-11749,1791022504.2922654,6.513749599456787,18152,0,18152,0,17248,721,183,17969,1.6379034421225989,1.54835338583893,0.07135458811053602,1.619707973949466,0.0
6,django__django-11749,1791022507.606835,8.515724182128906,9340,6272,3068,0,0,543,2525,543,0.27284570117405954,0.0,0.047588803181832666,0.047588803181832666,0.527806128077623
14,pytest-dev__pytest-10051,1791022508.358071,6.847152233123779,18512,17248,1264,0,0,967,297,967,0.12544446202762313,0.0,0.09582200143355674,0.09582200143355674,1.54835338583893
13,django__django-13112,1791022510.9985826,12.737036228179932,23412,0,23412,0,21952,538,922,22490,2.1755511274059542,2.0234787821361655,0.055783757934371174,2.0792625400705367,0.0
16,pytest-dev__pytest-10051,1791022511.1147683,30.356897354125977,12470,0,12470,0,10976,1303,191,12279,1.0889396978567647,0.9500843242155129,0.12097608094093751,1.0710604051564505,0.0
8,django__django-12262,1791022511.4622872,19.659432649612427,1590,0,1590,1590,0,0,0,0,0.12999303198536144,0.0,0.0,0.0,0.0
1,django__django-11749,1791022511.9008257,25.55361318588257,18628,17248,1380,0,0,904,476,904,0.13703869547839231,0.0,0.08955005628366874,0.08955005628366874,1.54835338583893
28,sympy__sympy-13757,1791022516.3080297,14.605898380279541,24253,0,24253,0,21952,1407,894,23359,2.2641393248740553,2.0234787821361655,0.14651374711205847,2.169992529248224,0.0
19,django__django-10973,1791022516.359863,94.85569763183594,12823,0,12823,0,10976,1396,451,12372,1.1220819037688832,0.9500843242155129,0.12967704080177128,1.0797613650172841,0.0
6,django__django-11749,1791022516.4064581,17.895383596420288,9755,7840,1915,0,0,1500,415,1500,0.17224967550802514,0.0,0.13460283580235075,0.13460283580235075,0.6660489934493318
10,sympy__sympy-15875,1791022516.9087703,41.165695905685425,9783,0,9783,0,7840,1535,408,9375,0.8408450447756964,0.6660489934493318,0.13777106384516816,0.8038200572944999,0.0
7,pytest-dev__pytest-6202,1791022522.181144,21.73287868499756,12914,0,12914,0,10976,1456,482,12432,1.130646323065275,0.9500843242155129,0.13529526140345918,1.085379585618972,0.0
13,django__django-13112,1791022523.8725426,25.61828589439392,23917,0,23917,0,21952,1460,505,23412,2.2286593422986107,2.0234787821361655,0.15207234526978852,2.175551127405954,0.0
14,django__django-13112,1791022525.2379594,22.0476336479187,1856,0,1856,1856,0,0,0,0,0.15199295608862323,0.0,0.0,0.0,0.0
4,sympy__sympy-23262,1791022525.5785284,48.24627137184143,28565,0,28565,0,26656,1504,405,28160,2.729722888194617,2.521252978501692,0.1639306678791597,2.685183646380852,0.0
28,sympy__sympy-13757,1791022531.073289,13.539758205413818,24397,0,24397,0,23520,733,144,24253,2.2793804057030385,2.1868869809170866,0.07725234395696853,2.264139324874055,0.0
8,django__django-12262,1791022531.6406736,16.568764209747314,3033,0,3033,0,1568,22,1443,1590,0.25020769223176276,0.1281767320080239,0.001816299977337529,0.12999303198536144,0.0
20,django__django-11749,1791022534.5532966,13.914833307266235,16647,0,16647,0,15680,250,717,15930,1.489281352632884,1.3950113204216938,0.024280040695787472,1.4192913611174813,0.0
6,django__django-11749,1791022534.5554492,52.2761447429657,10115,0,10115,0,9408,347,360,9755,0.8710989541822984,0.8068083921619618,0.03149027679539513,0.8382986689573569,0.0
1,django__django-11749,1791022539.0978794,109.38449311256409,19143,0,19143,0,17248,1380,515,18628,1.7370327893680542,1.54835338583893,0.13703869547839231,1.6853920813173224,0.0
16,pytest-dev__pytest-10051,1791022541.6320815,246.62986874580383,12802,0,12802,0,10976,1494,332,12470,1.120106703014853,0.9500843242155129,0.13885537364125158,1.0889396978567645,0.0
30,sympy__sympy-11618,1791022544.1196444,17.145610094070435,16894,0,16894,0,15680,720,494,16400,1.5135141283573035,1.3950113204216938,0.07009970246573954,1.4651110228874333,0.0
28,sympy__sympy-13757,1791022544.7494366,71.9419207572937,24845,23520,1325,0,0,877,448,877,0.14004585208845183,0.0,0.09249342478595171,0.09249342478595171,2.1868869809170866
14,django__django-13112,1791022547.631124,23.53903293609619,3118,0,3118,0,1568,288,1262,1856,0.2573554134428307,0.1281767320080239,0.023816224080599326,0.15199295608862323,0.0
20,django__django-11749,1791022548.641869,12.310149192810059,17068,15680,1388,0,0,967,421,967,0.13561115988295813,0.0,0.09427003221119014,0.09427003221119014,1.3950113204216938
8,django__django-12262,1791022548.8561401,7.547306299209595,3383,0,3383,0,1568,1465,350,3033,0.2796869527500206,0.1281767320080239,0.12203096022373884,0.25020769223176276,0.0
13,django__django-13112,1791022549.647648,23.224008083343506,24824,1568,23256,0,21952,397,907,22349,2.1965224918653363,2.0587102489090627,0.04177236138152392,2.1004826102905865,0.1281767320080239
7,pytest-dev__pytest-6202,1791022553.2779582,9.401281833648682,13357,0,13357,0,12544,370,443,12914,1.1724601125123777,1.0958767896099852,0.03476953345528947,1.1306463230652748,0.0
8,django__django-12262,1791022556.5399718,141.32441782951355,5549,3136,2413,0,0,247,2166,247,0.20604047216380725,0.0,0.020816955393051517,0.020816955393051517,0.25886999735696903
10,sympy__sympy-15875,1791022558.5747418,7.325678825378418,9981,0,9981,0,9408,375,198,9783,0.8588744604783853,0.8068083921619618,0.034036652613734675,0.8408450447756964,0.0
20,django__django-11749,1791022561.3766675,46.23917865753174,17389,15680,1709,0,0,1388,321,1388,0.16725443828119582,0.0,0.13561115988295813,0.13561115988295813,1.3950113204216938
30,sympy__sympy-11618,1791022563.1069775,5.521385192871094,17219,15680,1539,0,0,1214,325,1214,0.15048317845508902,0.0,0.11850280793560958,0.11850280793560958,1.3950113204216938
24,django__django-14787,1791022566.1162298,258.47901034355164,19199,0,19199,0,14112,1516,3571,15628,1.7426644542352212,1.244185788345379,0.1457833205541219,1.389969108899501,0.0
10,sympy__sympy-15875,1791022566.3670819,14.351814985275269,10208,9408,800,0,0,573,227,573,0.07278552968068468,0.0,0.05206606831642366,0.05206606831642366,0.8068083921619618
7,pytest-dev__pytest-6202,1791022567.6968603,10.43695855140686,13699,12544,1155,0,0,813,342,813,0.10900134261844738,0.0,0.07658332290239227,0.07658332290239227,1.0958767896099852
30,sympy__sympy-11618,1791022568.7544868,22.732890844345093,17555,15680,1875,0,0,1539,336,1539,0.18365962509064337,0.0,0.15048317845508902,0.15048317845508902,1.3950113204216938
23,django__django-13821,1791022569.463873,24.22859525680542,16375,0,16375,0,15680,314,381,15994,1.4626681133191786,1.3950113204216938,0.030506015780051417,1.4255173362017453,0.0
14,django__django-13112,1791022571.8200345,6.498801946640015,3343,0,3343,0,1568,1550,225,3118,0.2763115483730224,0.1281767320080239,0.1291786814348068,0.2573554134428307,0.0
13,django__django-13112,1791022573.3046954,51.574859619140625,25380,1568,23812,0,21952,1304,556,23256,2.255812185818802,2.0587102489090627,0.1378122429562736,2.1965224918653363,0.1281767320080239
29,sympy__sympy-15875,1791022577.055298,178.25356483459473,7786,0,7786,0,6272,217,1297,6489,0.6612462376205984,0.527806128077623,0.018981789055560028,0.546787917133183,0.0
14,django__django-13112,1791022578.4788175,25.57286810874939,5400,3136,2264,0,0,207,2057,207,0.1931450670924333,0.0,0.01744155101605337,0.01744155101605337,0.25886999735696903
7,pytest-dev__pytest-6202,1791022578.650469,22.30411672592163,14053,0,14053,0,12544,1155,354,13699,1.2385597199303036,1.0958767896099852,0.10900134261844738,1.2048781322284325,0.0
4,django__django-13821,1791022580.9581232,9.79342269897461,1507,0,1507,0,15680,1446,0,17126,0.12314321865123617,1.3950113204216938,0.14132083033374024,1.5363321507554342,0.0
25,astropy__astropy-12907,1791022581.0425684,53.59651184082031,8881,0,8881,0,7840,587,454,8427,0.7592188248275986,0.6660489934493318,0.052400299369931846,0.7184492928192636,0.0
10,sympy__sympy-15875,1791022581.2434773,10.304086923599243,10439,0,10439,0,9408,800,231,10208,0.9007326288073076,0.8068083921619618,0.07278552968068468,0.8795939218426464,0.0
21,sympy__sympy-18211,1791022584.0062234,6.437545299530029,16834,0,16834,0,15680,933,221,16613,1.5076218819972926,1.3950113204216938,0.09093923599928469,1.4859505564209785,0.0
6,django__django-11749,1791022587.7853904,29.35682463645935,10849,0,10849,0,9408,707,734,10115,0.938386045985911,0.8068083921619618,0.06429056202033663,0.8710989541822984,0.0
4,django__django-13821,1791022591.1252985,13.815216064453125,1843,0,1843,0,0,1507,336,1507,0.15091608859411276,0.0,0.12314321865123617,0.12314321865123617,0.0
30,sympy__sympy-11618,1791022591.609425,99.38599276542664,17758,0,17758,0,17248,307,203,17555,1.5987710457677669,1.54835338583893,0.030317559673407296,1.5786709455123373,0.0
10,sympy__sympy-15875,1791022592.028439,20.681721687316895,10622,9408,1214,0,0,1031,183,1031,0.11070925825224641,0.0,0.09392423664534587,0.09392423664534587,0.8068083921619618
21,sympy__sympy-18211,1791022592.5932512,8.447174787521362,17105,15680,1425,0,0,1154,271,1154,0.13925313820962426,0.0,0.11261056157559857,0.11261056157559857,1.3950113204216938
23,django__django-13821,1791022593.9127207,22.60201406478882,16688,0,16688,0,15680,695,313,16375,1.4932994747196584,1.3950113204216938,0.06765679289748465,1.4626681133191786,0.0
11,sympy__sympy-18211,1791022598.813223,206.28469610214233,20177,0,20177,0,18816,785,576,19601,1.8415349938134236,1.7042119845970873,0.07897400444223347,1.783185989039321,0.0
7,pytest-dev__pytest-6202,1791022601.2171261,19.781151294708252,14456,0,14456,0,12544,1509,403,14053,1.2770595765563908,1.0958767896099852,0.1426829303203182,1.2385597199303033,0.0
14,django__django-13112,1791022604.3430667,8.786559581756592,5921,0,5921,0,4704,696,521,5400,0.49720489750884095,0.3920797960468354,0.059935268402566945,0.45201506444940237,0.0
26,pylint-dev__pylint-6528,1791022605.292709,372.29022097587585,14016,0,14016,0,12544,1050,422,13594,1.2350333253655263,1.0958767896099852,0.0990357062632955,1.1949124958732806,0.0
4,django__django-13821,1791022605.488507,7.527903079986572,2540,1568,972,0,0,275,697,275,0.08072001003970838,0.0,0.022739356586088846,0.022739356586088846,0.1281767320080239
21,sympy__sympy-18211,1791022606.6766996,5.054225921630859,17378,15680,1698,0,0,1425,273,1425,0.1661683440183914,0.0,0.13925313820962426,0.13925313820962426,1.3950113204216938
19,django__django-10973,1791022611.6644318,13.544111490249634,13677,0,13677,0,12544,279,854,12823,1.2027891596305746,1.0958767896099852,0.026205114158897706,1.122081903768883,0.0
10,sympy__sympy-15875,1791022613.1681888,43.38475155830383,10853,9408,1445,0,0,1214,231,1214,0.13194585173779314,0.0,0.11070925825224641,0.11070925825224641,0.8068083921619618
4,django__django-13821,1791022613.2914276,11.013188123703003,3222,1568,1654,0,0,972,682,972,0.13793418804800262,0.0,0.08072001003970838,0.08072001003970838,0.1281767320080239
14,django__django-13112,1791022613.387907,18.10307240486145,6876,4704,2172,0,0,1217,955,1217,0.18868006292857398,0.0,0.10512510146200554,0.10512510146200554,0.3920797960468354
23,django__django-13821,1791022616.679419,24.495801210403442,17083,15680,1403,0,0,1008,395,1008,0.13708746869662097,0.0,0.09828815429796439,0.09828815429796439,1.3950113204216938
28,sympy__sympy-13757,1791022617.1134307,64.60021877288818,25300,0,25300,0,23520,1325,455,24845,2.3754385381507714,2.1868869809170866,0.14004585208845183,2.3269328330055385,0.0
20,django__django-14787,1791022617.200635,13.833671569824219,1538,0,1538,1538,0,0,0,0,0.12570075768342914,0.0,0.0,0.0,0.0
6,django__django-11749,1791022617.541877,92.39252758026123,11428,0,11428,0,9408,1441,579,10849,0.9918530772988242,0.8068083921619618,0.13157765382394923,0.938386045985911,0.0
21,sympy__sympy-18211,1791022617.7342632,81.61689972877502,17653,17248,405,0,0,130,275,130,0.040015790165390565,0.0,0.012826278601155313,0.012826278601155313,1.54835338583893
7,pytest-dev__pytest-6202,1791022621.2864592,30.19613766670227,14824,0,14824,0,14112,344,368,14456,1.3123609785795638,1.244185788345379,0.0328737882110116,1.2770595765563906,0.0
4,django__django-13821,1791022624.5317094,14.601043224334717,5375,3136,2239,0,0,86,2153,86,0.19098363475239766,0.0,0.007240922699057502,0.007240922699057502,0.25886999735696903
13,django__django-13112,1791022625.3075895,19.38559103012085,25852,0,25852,0,25088,292,472,25380,2.434569498284545,2.3528117130389288,0.031177204787897112,2.383988917826826,0.0
19,django__django-10973,1791022625.3639183,18.919395208358765,14136,0,14136,0,12544,1133,459,13677,1.2464753780074647,1.0958767896099852,0.1069123700205893,1.2027891596305746,0.0
20,django__django-14787,1791022631.7804797,8.470045804977417,2824,0,2824,0,0,1538,1286,1538,0.23266415377225,0.0,0.12570075768342914,0.12570075768342914,0.0
14,django__django-13112,1791022631.7946663,11.731660842895508,7170,0,7170,0,6272,604,294,6876,0.6066704657159933,0.527806128077623,0.05295373089778643,0.5807598589754094,0.0
22,django__django-13112,1791022634.523391,472.04651927948,31498,0,31498,0,29792,980,726,30772,3.057285453506822,2.8656851094499824,0.10969938467756521,2.975384494127548,0.0
25,astropy__astropy-12907,1791022634.8383415,18.767423152923584,9285,0,9285,0,7840,1041,404,8881,0.795675718479452,0.6660489934493318,0.09316983137826687,0.7592188248275986,0.0
4,django__django-13821,1791022639.473566,51.3503897190094,5872,4704,1168,0,0,671,497,671,0.10086316562626653,0.0,0.057773836062531295,0.057773836062531295,0.3920797960468354
20,django__django-14787,1791022640.391246,183.85286808013916,4435,1568,2867,0,0,1256,1611,1256,0.24087127683185272,0.0,0.10448742176422608,0.10448742176422608,0.1281767320080239
23,django__django-13821,1791022641.3386075,28.860015392303467,17373,0,17373,0,15680,1403,290,17083,1.560686026171862,1.3950113204216938,0.13708746869662097,1.5320987891183149,0.0
14,django__django-13112,1791022643.7772758,25.01902747154236,8057,6272,1785,0,0,898,887,898,0.15757292466641415,0.0,0.07886433763837025,0.07886433763837025,0.527806128077623
19,django__django-10973,1791022644.4337027,22.15981125831604,14836,14112,724,0,0,24,700,24,0.06932865661096374,0.0,0.002289589662085497,0.002289589662085497,1.244185788345379
13,django__django-13112,1791022644.8365376,18.284961223602295,26611,0,26611,0,25088,764,759,25852,2.516383811440233,2.3528117130389288,0.08175778524561621,2.434569498284545,0.0
1,django__django-11749,1791022648.8843355,531.0985336303711,19655,0,19655,0,18816,327,512,19143,1.7886417822730585,1.7042119845970873,0.03282080477096682,1.7370327893680542,0.0
7,pytest-dev__pytest-6202,1791022652.0891843,7.083635568618774,15215,0,15215,0,14112,712,391,14824,1.3500205977119877,1.244185788345379,0.06817519023418472,1.3123609785795638,0.0
25,astropy__astropy-12907,1791022654.1102493,21.83089804649353,9602,0,9602,0,7840,1445,317,9285,0.8243987165843307,0.6660489934493318,0.1296267250301202,0.795675718479452,0.0
10,sympy__sympy-15875,1791022657.1250691,8.684396982192993,11107,0,11107,0,9408,1445,254,10853,0.9621683491846963,0.8068083921619618,0.13194585173779314,0.9387542438997549,0.0
7,pytest-dev__pytest-6202,1791022659.32142,3.6811578273773193,15472,14112,1360,0,0,1103,257,1103,0.1306732921204544,0.0,0.10583480936660872,0.10583480936660872,1.244185788345379
7,pytest-dev__pytest-6202,1791022663.3388646,4.9576921463012695,15699,14112,1587,0,0,1360,227,1360,0.15266856898091355,0.0,0.1306732921204544,0.1306732921204544,1.244185788345379
13,django__django-13112,1791022663.4075003,10.645008325576782,27009,25088,1921,0,0,1523,398,1523,0.20670907753382733,0.0,0.1635720984013044,0.1635720984013044,2.3528117130389288
15,pytest-dev__pytest-10051,1791022665.1526945,10.928441047668457,6159,0,6159,0,3136,1450,1573,4586,0.5179406861356396,0.25886999735696903,0.12309751668980874,0.38196751404677776,0.0
10,sympy__sympy-15875,1791022666.0910976,8.156834125518799,11351,10976,375,0,0,131,244,131,0.034638502105345303,0.0,0.012084024969183411,0.012084024969183411,0.9500843242155129
7,pytest-dev__pytest-6202,1791022668.4440162,5.6479573249816895,15892,15680,212,0,0,19,193,19,0.020585351636299532,0.0,0.0018430369045986583,0.0018430369045986583,1.3950113204216938
14,django__django-13112,1791022668.9231,35.2622287273407,8748,0,8748,0,7840,217,691,8057,0.7472534782792369,0.6660489934493318,0.019330059294705375,0.6853790527440371,0.0
23,django__django-13821,1791022670.5001016,20.321430444717407,17789,0,17789,0,17248,125,416,17373,1.6018442316345398,1.54835338583893,0.012332640332931959,1.560686026171862,0.0
13,django__django-13112,1791022674.3477023,10.769858360290527,27847,26656,1191,0,0,353,838,353,0.12962399587305415,0.0,0.03826781207106392,0.03826781207106392,2.521252978501692
10,sympy__sympy-15875,1791022674.5026221,11.697745561599731,11800,10976,824,0,0,375,449,375,0.07630168041824416,0.0,0.034638502105345303,0.034638502105345303,0.9500843242155129
7,pytest-dev__pytest-6202,1791022674.5881124,10.635160446166992,16016,15680,336,0,0,212,124,212,0.032647162996932225,0.0,0.020585351636299532,0.020585351636299532,1.3950113204216938
25,astropy__astropy-12907,1791022676.4573433,6.835623502731323,10205,0,10205,0,9408,194,603,9602,0.8793197524480663,0.8068083921619618,0.017590324422369,0.8243987165843307,0.0
15,pytest-dev__pytest-10051,1791022676.6307924,271.07345962524414,6601,4704,1897,0,0,1455,442,1455,0.16452403145285766,0.0,0.12586089008880424,0.12586089008880424,0.3920797960468354
2,sympy__sympy-13757,1791022676.7915819,100.4610550403595,11821,0,11821,0,10976,414,431,11390,1.0283396677738377,0.9500843242155129,0.038249169472168165,0.9883334936876811,0.0
19,django__django-15380,1791022678.3250942,8.226414203643799,1823,0,1823,1823,0,0,0,0,0.14925970714446282,0.0,0.0,0.0,0.0
13,django__django-13112,1791022685.2571309,7.85098123550415,28383,26656,1727,0,0,1191,536,1191,0.18843397326353942,0.0,0.12962399587305415,0.12962399587305415,2.521252978501692
25,astropy__astropy-12907,1791022685.352568,7.808406591415405,10920,9408,1512,0,0,797,715,797,0.13811560131681413,0.0,0.07251136028610451,0.07251136028610451,0.8068083921619618
7,pytest-dev__pytest-6202,1791022686.1535256,10.811889410018921,16457,15680,777,0,0,336,441,336,0.0756719283260238,0.0,0.032647162996932225,0.032647162996932225,1.3950113204216938
10,sympy__sympy-15875,1791022686.7956562,13.45052719116211,12116,10976,1140,0,0,824,316,824,0.10574736692884973,0.0,0.07630168041824416,0.07630168041824416,0.9500843242155129
19,django__django-15380,1791022686.9197342,21.25262451171875,3208,1568,1640,0,0,255,1385,255,0.1367549173190237,0.0,0.0210829751364389,0.0210829751364389,0.1281767320080239
28,sympy__sympy-13757,1791022687.7113483,9.837132930755615,25675,0,25675,0,25088,212,375,25300,2.4155750581884066,2.3528117130389288,0.022626825111842767,2.3754385381507714,0.0
23,django__django-13821,1791022690.9889565,3.236288547515869,18131,17248,883,0,0,541,342,541,0.08746031067461016,0.0,0.05349084579560972,0.05349084579560972,1.54835338583893
4,django__django-13821,1791022691.2149203,3.2636094093322754,6423,0,6423,0,4704,1168,551,5872,0.5410095537350843,0.3920797960468354,0.10086316562626653,0.4929429616731019,0.0
13,django__django-13112,1791022693.2439437,4.87856912612915,28888,28224,664,0,0,159,505,159,0.07315387214249786,0.0,0.017476174459854787,0.017476174459854787,2.6922107773053767
4,django__django-13821,1791022694.6381843,41.765416622161865,8858,6272,2586,0,0,151,2435,151,0.2293422066869641,0.0,0.01320342565746137,0.01320342565746137,0.527806128077623
23,django__django-13821,1791022695.320095,23.35877776145935,19459,17248,2211,0,0,883,1328,883,0.22050013143112324,0.0,0.08746031067461016,0.08746031067461016,1.54835338583893
25,astropy__astropy-12907,1791022696.2169185,10.748324871063232,11515,9408,2107,0,0,1512,595,1512,0.19310824476642027,0.0,0.13811560131681413,0.13811560131681413,0.8068083921619618
8,django__django-12262,1791022698.256291,5.1017656326293945,5875,0,5875,0,4704,845,326,5549,0.4932038258949925,0.3920797960468354,0.0728306734739409,0.4649104695207763,0.0
13,django__django-13112,1791022698.257157,19.552084922790527,29813,28224,1589,0,0,664,925,664,0.17581472657229558,0.0,0.07315387214249786,0.07315387214249786,2.6922107773053767
21,sympy__sympy-18211,1791022700.3863857,64.91438817977905,17978,0,17978,0,17248,405,325,17653,1.620602031597513,1.54835338583893,0.040015790165390565,1.5883691760043206,0.0
10,sympy__sympy-15875,1791022700.8116128,5.3816077709198,12396,10976,1420,0,0,1140,280,1140,0.13192388686730974,0.0,0.10574736692884973,0.10574736692884973,0.9500843242155129
28,sympy__sympy-13757,1791022702.8084135,22.739094734191895,25856,25088,768,0,0,587,181,587,0.08218740865553244,0.0,0.06276334514947797,0.06276334514947797,2.3528117130389288
8,django__django-12262,1791022703.6375785,4.981717109680176,6089,4704,1385,0,0,1171,214,1171,0.11975611023306498,0.0,0.10112402984815713,0.10112402984815713,0.3920797960468354
14,django__django-13112,1791022704.3197782,39.72151017189026,9645,0,9645,0,7840,908,897,8748,0.8283028184425218,0.6660489934493318,0.08120448482990529,0.747253478279237,0.0
10,sympy__sympy-15875,1791022706.3350525,11.770281553268433,12489,10976,1513,0,0,1420,93,1420,0.140635984014399,0.0,0.13192388686730974,0.13192388686730974,0.9500843242155129
8,django__django-12262,1791022708.7955308,6.782024383544922,6244,4704,1540,0,0,1385,155,1385,0.1332805797155454,0.0,0.11975611023306498,0.11975611023306498,0.3920797960468354
25,astropy__astropy-12907,1791022708.9059703,30.265422105789185,12003,10976,1027,0,0,539,488,539,0.09520599887721691,0.0,0.04983231271286904,0.04983231271286904,0.9500843242155129
19,django__django-15380,1791022709.028105,27.22373652458191,3739,0,3739,0,3136,72,531,3208,0.3098001999484412,0.25886999735696903,0.006061651970078587,0.2649316493270476,0.0
6,django__django-11749,1791022710.0912504,636.724419593811,11880,0,11880,0,10976,452,452,11428,1.0338309464680777,0.9500843242155129,0.04176875308331125,0.9918530772988242,0.0
7,pytest-dev__pytest-6202,1791022712.0469725,10.202314376831055,16768,0,16768,0,15680,777,311,16457,1.501144666936971,1.3950113204216938,0.0756719283260238,1.4706832487477177,0.0
8,django__django-12262,1791022715.7558124,10.04477310180664,6452,4704,1748,0,0,1540,208,1540,0.15146818640850584,0.0,0.1332805797155454,0.1332805797155454,0.3920797960468354
13,django__django-13112,1791022717.9633353,156.31400227546692,32494,29792,2702,0,0,21,2681,21,0.30483809241027293,0.0,0.0023403944276897083,0.0023403944276897083,2.8656851094499824
10,sympy__sympy-15875,1791022718.7117774,7.893761396408081,12821,10976,1845,0,0,1513,332,1513,0.17180944574832585,0.0,0.140635984014399,0.140635984014399,0.9500843242155129
23,django__django-13821,1791022719.4140925,18.035879135131836,20105,0,20105,0,18816,643,646,19459,1.8342227968609197,1.7042119845970873,0.06464153267296592,1.7688535172700532,0.0
7,pytest-dev__pytest-6202,1791022723.1476035,16.64854121208191,17237,15680,1557,0,0,1088,469,1088,0.15225755868599886,0.0,0.10613334651527714,0.10613334651527714,1.3950113204216938
5,django__django-14787,1791022723.4995666,6.337026119232178,10207,0,10207,0,9408,267,532,9675,0.8795025310208995,0.8068083921619618,0.024219339065791944,0.8310277312277538,0.0
0,sympy__sympy-15875,1791022723.6526775,6.007508754730225,5580,0,5580,0,3136,1391,1053,4527,0.4675962618607886,0.25886999735696903,0.11804672017467865,0.3769167175316477,0.0
8,django__django-12262,1791022726.0781703,9.419376850128174,6644,6272,372,0,0,180,192,180,0.03256971885858442,0.0,0.015741854377718273,0.015741854377718273,0.527806128077623
10,sympy__sympy-15875,1791022726.7437658,3.8160412311553955,12975,12544,431,0,0,277,154,277,0.040515263013095826,0.0,0.026016980353853428,0.026016980353853428,1.0958767896099852
27,pylint-dev__pylint-6528,1791022727.747263,15.94770336151123,13848,0,13848,0,12544,727,577,13271,1.2190392134744674,1.0958767896099852,0.06845026068737774,1.164327050297363,0.0
0,sympy__sympy-15875,1791022729.8158016,540.1303687095642,5810,4704,1106,0,0,876,230,876,0.09547403416761141,0.0,0.07551646581395324,0.07551646581395324,0.3920797960468354
10,sympy__sympy-15875,1791022730.6756735,21.002180099487305,13574,12544,1030,0,0,431,599,431,0.09713876925664158,0.0,0.040515263013095826,0.040515263013095826,1.0958767896099852
5,django__django-14787,1791022731.0144749,6.435195207595825,10435,9408,1027,0,0,799,228,799,0.09355773373619261,0.0,0.07269413885893772,0.07269413885893772,0.8068083921619618
28,sympy__sympy-13757,1791022731.2473857,11.755239963531494,26265,0,26265,0,25088,768,409,25856,2.4790145631565044,2.3528117130389288,0.08218740865553244,2.434999121694461,0.0
8,django__django-12262,1791022735.6584167,6.234660387039185,7150,6272,878,0,0,372,506,372,0.07709890679274038,0.0,0.03256971885858442,0.03256971885858442,0.527806128077623
19,django__django-15380,1791022736.5034103,38.74210500717163,4671,0,4671,0,3136,603,932,3739,0.3892503494451588,0.25886999735696903,0.05093020259147219,0.3098001999484412,0.0
4,django__django-13821,1791022736.7474246,103.38300204277039,9950,0,9950,0,7840,1018,1092,8858,0.856049023703016,0.6660489934493318,0.0910993413152553,0.7571483347645871,0.0
5,django__django-14787,1791022737.588479,4.281491994857788,10611,9408,1203,0,0,1027,176,1027,0.10969935424557638,0.0,0.09355773373619261,0.09355773373619261,0.8068083921619618
23,django__django-13821,1791022737.9767747,201.80665826797485,20354,18816,1538,0,0,1289,249,1289,0.15532138226253756,0.0,0.13001081226383226,0.13001081226383226,1.7042119845970873
25,astropy__astropy-12907,1791022739.7241178,16.10972833633423,12482,0,12482,0,10976,1027,479,12003,1.090064250892661,0.9500843242155129,0.09520599887721691,1.0452903230927297,0.0
7,pytest-dev__pytest-6202,1791022739.9418092,24.11655044555664,17524,15680,1844,0,0,1557,287,1557,0.18059386408137398,0.0,0.15225755868599886,0.15225755868599886,1.3950113204216938
8,django__django-12262,1791022742.018557,4.721704959869385,9991,6272,3719,0,0,878,2841,878,0.3319799734471027,0.0,0.07709890679274038,0.07709890679274038,0.527806128077623
5,django__django-14787,1791022742.5299153,25.504617929458618,10751,9408,1343,0,0,1203,140,1203,0.1225619206554524,0.0,0.10969935424557638,0.10969935424557638,0.8068083921619618
27,pylint-dev__pylint-6528,1791022744.4292562,10.950309991836548,14095,12544,1551,0,0,1304,247,1304,0.14668756276649778,0.0,0.12316242386448223,0.12316242386448223,1.0958767896099852
14,django__django-13112,1791022744.770877,14.007293462753296,10708,0,10708,0,9408,237,1063,9645,0.9254175327991516,0.8068083921619618,0.021494426280560065,0.8283028184425218,0.0
28,sympy__sympy-13757,1791022746.0332093,70.75628733634949,26487,25088,1399,0,0,1177,222,1177,0.1501655628483448,0.0,0.12620285011757548,0.12620285011757548,2.3528117130389288
8,django__django-12262,1791022746.8828375,351.5503730773926,11437,9408,2029,0,0,583,1446,583,0.18587848721055267,0.0,0.052977709362763956,0.052977709362763956,0.8068083921619618
10,sympy__sympy-15875,1791022752.1413734,28.329849243164062,13804,0,13804,0,12544,1030,230,13574,1.2148550532615523,1.0958767896099852,0.09713876925664158,1.193015558866627,0.0
27,pylint-dev__pylint-6528,1791022755.8451104,661.5092341899872,14256,12544,1712,0,0,1551,161,1551,0.1620553802106405,0.0,0.14668756276649778,0.14668756276649778,1.0958767896099852
29,sympy__sympy-15875,1791022756.2343373,500.80080580711365,8350,0,8350,0,6272,1514,564,7786,0.7115555615266258,0.527806128077623,0.13344010954297553,0.6612462376205985,0.0
25,astropy__astropy-12907,1791022756.3851607,21.005385160446167,13038,10976,2062,0,0,1506,556,1506,0.19224584054123467,0.0,0.13997992667714793,0.13997992667714793,0.9500843242155129
14,django__django-13112,1791022759.045637,5.099156618118286,11097,9408,1689,0,0,1300,389,1300,0.15443689311869643,0.0,0.11860914063718987,0.11860914063718987,0.8068083921619618
14,django__django-13112,1791022764.3171926,31.691353797912598,11886,10976,910,0,0,121,789,121,0.0843052569669565,0.0,0.01116096106514519,0.01116096106514519,0.9500843242155129
21,sympy__sympy-18211,1791022766.1159658,16.795534372329712,18389,0,18389,0,17248,730,411,17978,1.661519007099163,1.54835338583893,0.0722486457585827,1.6206020315975127,0.0
5,django__django-14787,1791022768.2493398,5.384898662567139,11270,0,11270,0,9408,1343,519,10751,0.9772287224138986,0.8068083921619618,0.1225619206554524,0.9293703128174142,0.0
5,django__django-14787,1791022773.7892282,9.779193878173828,11382,10976,406,0,0,294,112,294,0.03750839283525572,0.0,0.0271443981983856,0.0271443981983856,0.9500843242155129
19,django__django-15380,1791022775.5464,29.98186469078064,5475,0,5475,0,3136,1535,804,4671,0.45850319979534865,0.25886999735696903,0.1303803520881897,0.38925034944515874,0.0
2,sympy__sympy-13757,1791022777.6894655,187.77630138397217,12152,0,12152,0,10976,845,331,11821,1.059192748260656,0.9500843242155129,0.07825534355832464,1.0283396677738375,0.0
25,astropy__astropy-12907,1791022777.900034,12.466519117355347,13578,12544,1034,0,0,494,540,494,0.09751812390425853,0.0,0.04645337514676223,0.04645337514676223,1.0958767896099852
10,sympy__sympy-15875,1791022780.9271114,280.6321315765381,14172,0,14172,0,12544,1260,368,13804,1.2499108679384345,1.0958767896099852,0.11897826365156697,1.2148550532615523,0.0
21,sympy__sympy-18211,1791022783.5299702,10.167673826217651,18708,17248,1460,0,0,1141,319,1141,0.14504274320777644,0.0,0.11316562126023298,0.11316562126023298,1.54835338583893
5,django__django-14787,1791022783.7317472,2.920654058456421,11568,10976,592,0,0,406,186,406,0.05474839354905534,0.0,0.03750839283525572,0.03750839283525572,0.9500843242155129
5,django__django-14787,1791022786.813624,6.2419211864471436,12164,10976,1188,0,0,592,596,592,0.11022907120066518,0.0,0.05474839354905534,0.05474839354905534,0.9500843242155129
16,pytest-dev__pytest-10051,1791022788.677795,79.74093341827393,13223,0,13223,0,12544,258,421,12802,1.1597909584837343,1.0958767896099852,0.024229913404867444,1.1201067030148526,0.0
25,astropy__astropy-12907,1791022790.4895883,5.467022180557251,14212,12544,1668,0,0,1034,634,1034,0.15785284516426712,0.0,0.09751812390425853,0.09751812390425853,1.0958767896099852
5,django__django-14787,1791022793.6959133,26.4947030544281,14983,10976,4007,0,0,1188,2819,1188,0.37757204561501856,0.0,0.11022907120066518,0.11022907120066518,0.9500843242155129
21,sympy__sympy-18211,1791022794.3681033,8.411521434783936,18971,17248,1723,0,0,1460,263,1460,0.17140221698954572,0.0,0.14504274320777644,0.14504274320777644,1.54835338583893
25,astropy__astropy-12907,1791022796.1176615,6.029568195343018,14435,14112,323,0,0,100,223,100,0.03086348673484561,0.0,0.00954384642887345,0.00954384642887345,1.244185788345379
14,django__django-13112,1791022796.2917206,5.319345235824585,12724,10976,1748,0,0,910,838,910,0.16268987079608313,0.0,0.0843052569669565,0.0843052569669565,0.9500843242155129
9,django__django-11749,1791022796.9328902,24.577568292617798,16185,0,16185,0,15680,74,431,15754,1.4441229066818462,1.3950113204216938,0.00718022666518886,1.4021915470868827,0.0
14,django__django-13112,1791022801.7690525,11.627562761306763,12962,12544,418,0,0,180,238,180,0.039290443922558406,0.0,0.01689740540161067,0.01689740540161067,1.0958767896099852
25,astropy__astropy-12907,1791022802.310252,29.216042518615723,15305,14112,1193,0,0,323,870,323,0.11452541871511346,0.0,0.03086348673484561,0.03086348673484561,1.244185788345379
21,sympy__sympy-18211,1791022803.5319226,84.814523935318,19233,18816,417,0,0,155,262,155,0.04187326077299909,0.0,0.015543618231388417,0.015543618231388417,1.7042119845970873
19,django__django-15380,1791022805.811762,9.864124774932861,7133,0,7133,0,4704,771,1658,5475,0.6034047405591717,0.3920797960468354,0.06642340374851324,0.45850319979534865,0.0
11,sympy__sympy-18211,1791022805.9942164,24.657959938049316,20697,0,20697,0,18816,1361,520,20177,1.8945028505005816,1.7042119845970873,0.13732300921633625,1.8415349938134236,0.0
14,django__django-13112,1791022813.6829488,9.464397668838501,13366,12544,822,0,0,418,404,418,0.07743489488938832,0.0,0.039290443922558406,0.039290443922558406,1.0958767896099852
19,django__django-15380,1791022815.9365423,12.453154802322388,9474,6272,3202,0,0,861,2341,861,0.28498227776873375,0.0,0.07559861248154871,0.07559861248154871,0.527806128077623
28,sympy__sympy-13757,1791022817.224453,53.55531716346741,27381,0,27381,0,25088,1399,894,26487,2.5999863694340632,2.3528117130389288,0.1501655628483448,2.5029772758872735,0.0
5,django__django-14787,1791022820.357823,17.976417303085327,15573,0,15573,0,14112,871,590,14983,1.3846390123650618,1.244185788345379,0.08347058148515245,1.3276563698305315,0.0
9,django__django-11749,1791022821.719142,20.08859872817993,16565,15680,885,0,0,505,380,505,0.08623894981823041,0.0,0.0491115862601524,0.0491115862601524,1.3950113204216938
14,django__django-13112,1791022823.8984327,39.481841802597046,13538,12544,994,0,0,822,172,822,0.09372531438665016,0.0,0.07743489488938832,0.07743489488938832,1.0958767896099852
20,django__django-14787,1791022824.4914656,5.745743036270142,5072,0,5072,0,3136,1299,637,4435,0.423707934571497,0.25886999735696903,0.11017801148290757,0.3690480088398766,0.0
24,django__django-14787,1791022824.7502856,25.561421394348145,19681,0,19681,0,18816,383,482,19199,1.7912697101775943,1.7042119845970873,0.03845246963813382,1.7426644542352212,0.0
19,django__django-15380,1791022828.6509511,25.250856399536133,11139,9408,1731,0,0,66,1665,66,0.15831444934364733,0.0,0.005980013684394932,0.005980013684394932,0.8068083921619618
20,django__django-14787,1791022830.369497,6.198145627975464,5967,4704,1263,0,0,368,895,368,0.1091283389151809,0.0,0.03162813852466167,0.03162813852466167,0.3920797960468354
11,sympy__sympy-18211,1791022831.4706972,743.7254111766815,21316,0,21316,0,20384,313,619,20697,1.9579157958226188,1.8625871166961658,0.031915733804415744,1.8945028505005816,0.0
25,astropy__astropy-12907,1791022831.6950607,17.703683137893677,15584,0,15584,0,14112,1193,279,15305,1.385704783971989,1.244185788345379,0.11452541871511346,1.3587112070604925,0.0
20,django__django-14787,1791022836.71338,339.9045271873474,8010,4704,3306,0,0,1263,2043,1263,0.28910847273045903,0.0,0.1091283389151809,0.1091283389151809,0.3920797960468354
5,django__django-14787,1791022838.5263631,91.94135761260986,16210,14112,2098,0,0,1461,637,1461,0.20237516602532565,0.0,0.14045322401968283,0.14045322401968283,1.244185788345379
4,django__django-13821,1791022840.3794177,22.184130668640137,10446,0,10446,0,9408,542,496,9950,0.9013740483051377,0.8068083921619618,0.049240631541054285,0.856049023703016,0.0
9,django__django-11749,1791022841.9656394,159.65785574913025,16910,0,16910,0,15680,885,345,16565,1.515086016373869,1.3950113204216938,0.08623894981823041,1.4812502702399242,0.0
25,astropy__astropy-12907,1791022849.5322762,8.563079595565796,15795,14112,1683,0,0,1472,211,1472,0.16198640546188964,0.0,0.14151899562660983,0.14151899562660983,1.244185788345379
12,django__django-14787,1791022850.3970718,42.39322352409363,9322,0,9322,0,7840,1426,56,9266,0.7990229430647089,0.6660489934493318,0.12790842450331852,0.7939574179526503,0.0
24,django__django-14787,1791022850.465306,6.12491512298584,20120,18816,1304,0,0,865,439,865,0.1315337490597916,0.0,0.087057725580507,0.087057725580507,1.7042119845970873
19,django__django-15380,1791022854.9761777,37.59683918952942,11715,0,11715,0,10976,163,576,11139,1.018482931604111,0.9500843242155129,0.01503851729009613,0.965122841505609,0.0
24,django__django-14787,1791022856.871155,5.466546058654785,20621,18816,1805,0,0,1304,501,1304,0.18253214053052402,0.0,0.1315337490597916,0.1315337490597916,1.7042119845970873
25,astropy__astropy-12907,1791022860.3896618,3.7830147743225098,16456,15680,776,0,0,115,661,115,0.07557414131809817,0.0,0.011160873385574775,0.011160873385574775,1.3950113204216938
24,django__django-14787,1791022862.5502346,13.285841464996338,20751,20384,367,0,0,237,130,237,0.03743210503188026,0.0,0.02415700843144546,0.02415700843144546,1.8625871166961658
4,django__django-13821,1791022862.7526982,22.64127469062805,10709,9408,1301,0,0,1038,263,1038,0.11870104425926897,0.0,0.09456565614317598,0.09456565614317598,0.8068083921619618
18,django__django-10973,1791022862.7611701,163.0763714313507,4962,0,4962,0,3136,1106,720,4242,0.41423934720056227,0.25886999735696903,0.09369897940035449,0.3525689767573235,0.0
14,django__django-13112,1791022864.1508908,10.437398910522461,14392,0,14392,0,12544,994,854,13538,1.2709343518958651,1.0958767896099852,0.09372531438665016,1.1896021039966354,0.0
25,astropy__astropy-12907,1791022864.3066807,6.257502555847168,16731,15680,1051,0,0,776,275,776,0.10250413087791528,0.0,0.07557414131809817,0.07557414131809817,1.3950113204216938
16,pytest-dev__pytest-10051,1791022868.6972902,28.340490579605103,13808,0,13808,0,12544,679,585,13223,1.2152353495784418,1.0958767896099852,0.06391416887374898,1.1597909584837343,0.0
25,astropy__astropy-12907,1791022870.7013695,52.590425968170166,16944,15680,1264,0,0,1051,213,1051,0.12341582800790094,0.0,0.10250413087791528,0.10250413087791528,1.3950113204216938
28,sympy__sympy-13757,1791022871.199659,29.628878831863403,27945,0,27945,0,26656,725,564,27381,2.6616075773613392,2.521252978501692,0.07873339093237108,2.5999863694340632,0.0
13,django__django-13112,1791022874.5829148,74.50136756896973,35012,0,35012,0,31360,1134,2518,32494,3.461329293164429,3.04167597493551,0.12884722692474587,3.170523201860256,0.0
14,django__django-13112,1791022874.719514,23.971719980239868,15088,14112,976,0,0,280,696,280,0.09358549800884847,0.0,0.026748563550486115,0.026748563550486115,1.244185788345379
24,django__django-14787,1791022876.8270817,7.944828748703003,21024,20384,640,0,0,367,273,367,0.065366113062196,0.0,0.03743210503188026,0.03743210503188026,1.8625871166961658
31,sympy__sympy-20916,1791022881.99094,310.7063219547272,23555,0,23555,0,21952,764,839,22716,2.190563198590323,2.0234787821361655,0.07930544918380011,2.1027842313199656,0.0
24,django__django-14787,1791022884.9110656,4.429043531417847,21191,20384,807,0,0,640,167,640,0.0824915548340353,0.0,0.065366113062196,0.065366113062196,1.8625871166961658
4,django__django-13821,1791022885.5442367,19.192590713500977,11018,0,11018,0,9408,1301,309,10709,0.9539566787412864,0.8068083921619618,0.11870104425926897,0.9255094364212307,0.0
21,sympy__sympy-18211,1791022889.9233065,16.716627836227417,19635,0,19635,0,18816,417,402,19233,1.7866207701042054,1.7042119845970873,0.04187326077299909,1.7460852453700864,0.0
24,django__django-14787,1791022889.9988642,10.864240169525146,21348,20384,964,0,0,807,157,807,0.09861755411184744,0.0,0.0824915548340353,0.0824915548340353,1.8625871166961658
19,django__django-15380,1791022892.8749049,27.091567993164062,12235,0,12235,0,10976,739,520,11715,1.0669469069869075,0.9500843242155129,0.06839860738859817,1.018482931604111,0.0
12,django__django-14787,1791022892.9704506,140.33029890060425,10001,0,10001,0,7840,1482,679,9322,0.8606978449264218,0.6660489934493318,0.13297394961537712,0.7990229430647089,0.0
16,pytest-dev__pytest-10051,1791022897.308758,13.85287094116211,14316,0,14316,0,12544,1264,508,13808,1.2636660929164152,1.0958767896099852,0.11935855996845651,1.2152353495784418,0.0
14,django__django-13112,1791022898.828842,9.023714065551758,15617,0,15617,0,14112,976,529,15088,1.3889028418926523,1.244185788345379,0.09358549800884847,1.3377712863542275,0.0
28,sympy__sympy-13757,1791022901.2933717,32.44625949859619,28419,0,28419,0,26656,1289,474,27945,2.713647414127241,2.521252978501692,0.14035459885964685,2.6616075773613392,0.0
24,django__django-14787,1791022901.6197643,72.79599595069885,21589,20384,1205,0,0,964,241,964,0.12342056517519297,0.0,0.09861755411184744,0.09861755411184744,1.8625871166961658
4,django__django-13821,1791022904.8884501,2.9552054405212402,11213,0,11213,0,10976,42,195,11018,0.971959119374771,0.9500843242155129,0.003872354525773447,0.9539566787412863,0.0
14,django__django-13112,1791022907.985844,9.817461490631104,16317,14112,2205,0,0,1505,700,1505,0.21281723846886025,0.0,0.14471705354727327,0.14471705354727327,1.244185788345379
4,django__django-13821,1791022908.9852183,24.430946588516235,12120,10976,1144,0,0,237,907,237,0.10612075221212132,0.0,0.021874795159257977,0.021874795159257977,0.9500843242155129
16,pytest-dev__pytest-10051,1791022912.647588,33.1574809551239,14670,14112,558,0,0,204,354,204,0.053385454793754984,0.0,0.0194803045710362,0.0194803045710362,1.244185788345379
14,django__django-13112,1791022917.9504213,107.5587067604065,17060,15680,1380,0,0,637,743,637,0.1348238893492652,0.0,0.06199170639254536,0.06199170639254536,1.3950113204216938
19,django__django-15380,1791022920.1023371,23.01892614364624,12595,10976,1619,0,0,1259,360,1259,0.1505766966121692,0.0,0.11686258277139441,0.11686258277139441,0.9500843242155129
21,sympy__sympy-18211,1791022921.0050588,18.400790691375732,20192,0,20192,0,18816,819,557,19635,1.8430590360472245,1.7042119845970873,0.08240878550711803,1.7866207701042054,0.0
25,astropy__astropy-12907,1791022923.8517876,8.653623342514038,17358,0,17358,0,15680,1264,414,16944,1.5592052649002255,1.3950113204216938,0.12341582800790094,1.5184271484295948,0.0
5,django__django-14787,1791022930.680358,9.307116031646729,16695,0,16695,0,15680,530,485,16210,1.4939856675207395,1.3950113204216938,0.051549633949010784,1.4465609543707045,0.0
25,astropy__astropy-12907,1791022932.650438,54.07957410812378,17830,17248,582,0,0,110,472,110,0.05755689270703736,0.0,0.010851879061295464,0.010851879061295464,1.54835338583893
4,django__django-13821,1791022934.2231443,28.751947164535522,12674,10976,1698,0,0,1144,554,1144,0.1579928205243527,0.0,0.10612075221212132,0.10612075221212132,0.9500843242155129
28,sympy__sympy-13757,1791022935.3725407,13.840074300765991,29199,0,29199,0,28224,195,780,28419,2.799783167654808,2.6922107773053767,0.021436636821864145,2.713647414127241,0.0
23,django__django-13821,1791022939.9228263,37.58962035179138,20729,0,20729,0,18816,1538,375,20354,1.897771450937116,1.7042119845970873,0.15532138226253756,1.8595333668596248,0.0
5,django__django-14787,1791022940.412195,30.556411504745483,16872,15680,1192,0,0,1015,177,1015,0.11634188975821864,0.0,0.0989743470990454,0.0989743470990454,1.3950113204216938
21,sympy__sympy-18211,1791022940.4813702,19.11514711380005,20521,18816,1705,0,0,1376,329,1376,0.1723322986268661,0.0,0.1388470514501373,0.1388470514501373,1.7042119845970873
19,django__django-15380,1791022943.3321111,5.531225919723511,12935,0,12935,0,12544,51,340,12595,1.1326239312172717,1.0958767896099852,0.0047842312176967425,1.100661020827682,0.0
16,pytest-dev__pytest-10051,1791022945.9545884,77.00925016403198,15285,0,15285,0,14112,558,615,14670,1.3567792440511126,1.244185788345379,0.053385454793754984,1.297571243139134,0.0
15,pytest-dev__pytest-10051,1791022947.9871762,10.917163610458374,6960,0,6960,0,6272,329,359,6601,0.5881538617303449,0.527806128077623,0.02879769942207008,0.5566038274996931,0.0
19,django__django-15380,1791022949.1961021,80.02055025100708,13064,12544,520,0,0,391,129,391,0.04890520885021718,0.0,0.03674714160728618,0.03674714160728618,1.0958767896099852
13,django__django-13112,1791022949.2501855,60.85723686218262,35527,0,35527,0,34496,516,515,35012,3.5216065004776302,3.4012073059293275,0.06012198723510079,3.4613292931644284,0.0
28,sympy__sympy-13757,1791022950.7756715,23.774272680282593,29375,0,29375,0,28224,975,176,29199,2.8193050369387875,2.6922107773053767,0.10757239034943117,2.799783167654808,0.0
15,pytest-dev__pytest-10051,1791022959.1867745,8.3762526512146,7388,6272,1116,0,0,688,428,688,0.09813408688211575,0.0,0.06034773365272194,0.06034773365272194,0.527806128077623
21,sympy__sympy-18211,1791022959.7723641,7.720142126083374,20870,0,20870,0,20384,137,349,20521,1.9121862053815548,1.8625871166961658,0.013957166527787574,1.8765442832239534,0.0
4,django__django-13821,1791022963.7567763,100.5962302684784,13126,0,13126,0,12544,130,452,12674,1.1506314710840837,1.0958767896099852,0.012200355129880266,1.1080771447398654,0.0
2,sympy__sympy-13757,1791022965.6994517,225.23389887809753,13158,0,13158,0,10976,1176,1006,12152,1.1536520931532175,0.9500843242155129,0.10910842404514297,1.0591927482606558,0.0
15,pytest-dev__pytest-10051,1791022967.830718,3.468966245651245,7684,6272,1412,0,0,1116,296,1116,0.12437638081413567,0.0,0.09813408688211575,0.09813408688211575,0.527806128077623
5,django__django-14787,1791022971.1846104,25.19590449333191,17147,0,17147,0,15680,1192,275,16872,1.5384002942666688,1.3950113204216938,0.11634188975821864,1.5113532101799125,0.0
15,pytest-dev__pytest-10051,1791022971.4287925,648.2755770683289,8166,6272,1894,0,0,1412,482,1412,0.1673006790969476,0.0,0.12437638081413567,0.12437638081413567,0.527806128077623
24,django__django-14787,1791022974.6025245,19.619842052459717,22786,0,22786,0,20384,1205,1197,21589,2.110080314925349,1.8625871166961658,0.12342056517519297,1.9860076818713588,0.0
23,django__django-13821,1791022977.6644895,258.2602503299713,21059,0,21059,0,20384,345,330,20729,1.9315400297928447,1.8625871166961658,0.03518433424095001,1.8977714509371157,0.0
26,pylint-dev__pylint-6528,1791022977.8581884,15.237853288650513,14499,0,14499,0,12544,1472,483,14016,1.2811773165601394,1.0958767896099852,0.13915653575554093,1.2350333253655261,0.0
28,sympy__sympy-13757,1791022979.0903351,17.411027908325195,29636,0,29636,0,28224,1151,261,29375,2.8483134534532697,2.6922107773053767,0.1270942596334108,2.8193050369387875,0.0
3,django__django-13112,1791022986.773214,13.833157300949097,41798,0,41798,0,40768,461,569,41229,4.277362576129889,4.150468368008018,0.05666015434904795,4.207128522357066,0.0
25,astropy__astropy-12907,1791022986.8697596,12.806610107421875,18460,0,18460,0,17248,582,630,17830,1.6686049037533186,1.54835338583893,0.05755689270703736,1.6059102785459674,0.0
26,pylint-dev__pylint-6528,1791022993.2370362,24.725740671157837,14624,14112,512,0,0,387,125,387,0.048972449956612936,0.0,0.0369915282147604,0.0369915282147604,1.244185788345379
24,django__django-14787,1791022994.408957,10.5315580368042,23004,21952,1052,0,0,834,218,834,0.10935575312492915,0.0,0.0866015327891834,0.0866015327891834,2.0234787821361655
5,django__django-14787,1791022996.5646415,12.284893035888672,17314,0,17314,0,15680,1467,167,17147,1.5548630270759425,1.3950113204216938,0.14338897384497495,1.5384002942666688,0.0
25,astropy__astropy-12907,1791022999.901424,7.908997535705566,18626,17248,1378,0,0,1212,166,1212,0.1368386782165494,0.0,0.12025151791438843,0.12025151791438843,1.54835338583893
3,django__django-13112,1791023000.806187,9.115359544754028,42687,40768,1919,0,0,1030,889,1030,0.2372905481179469,0.0,0.12689420812187077,0.12689420812187077,4.150468368008018
28,sympy__sympy-13757,1791023001.0339003,20.104595184326172,29883,28224,1659,0,0,1412,247,1412,0.18361930134934082,0.0,0.15610267614789247,0.15610267614789247,2.6922107773053767
9,django__django-11749,1791023001.7844253,88.78119468688965,17805,0,17805,0,15680,1230,895,16910,1.603430776938044,1.3950113204216938,0.12007469595217525,1.515086016373869,0.0
24,django__django-14787,1791023005.1360419,72.03246259689331,23300,21952,1348,0,0,1052,296,1052,0.14032925551214206,0.0,0.10935575312492915,0.10935575312492915,2.0234787821361655
25,astropy__astropy-12907,1791023008.0434468,7.427992105484009,18999,17248,1751,0,0,1378,373,1378,0.17421271875620353,0.0,0.1368386782165494,0.1368386782165494,1.54835338583893
5,django__django-14787,1791023009.353036,11.024240255355835,17531,17248,283,0,0,66,217,66,0.027943981300635398,0.0,0.006509641237012281,0.006509641237012281,1.54835338583893
3,django__django-13112,1791023010.0485015,32.63089036941528,43153,42336,817,0,0,351,466,351,0.10187514819424615,0.0,0.043683949245971306,0.043683949245971306,4.344074966879994
13,django__django-13112,1791023010.2625449,155.6439332962036,35859,0,35859,0,34496,1031,332,35527,3.5606087303257152,3.4012073059293275,0.12039919454830277,3.5216065004776302,0.0
25,astropy__astropy-12907,1791023015.682317,7.258221864700317,19392,18816,576,0,0,183,393,183,0.0578861947976969,0.0,0.018354119998046224,0.018354119998046224,1.7042119845970873
26,pylint-dev__pylint-6528,1791023018.446618,16.23156476020813,15014,0,15014,0,14112,512,390,14624,1.3306415045025497,1.244185788345379,0.048972449956612936,1.293158238301992,0.0
5,django__django-14787,1791023022.4595006,57.53585648536682,17836,17248,588,0,0,283,305,283,0.05815206828341979,0.0,0.027943981300635398,0.027943981300635398,1.54835338583893
25,astropy__astropy-12907,1791023023.1169019,11.616965532302856,19553,18816,737,0,0,576,161,576,0.07412691611579694,0.0,0.0578861947976969,0.0578861947976969,1.7042119845970873
16,pytest-dev__pytest-10051,1791023023.1314113,43.17707848548889,15562,0,15562,0,14112,1173,277,15285,1.3835733646081154,1.244185788345379,0.11259345570573351,1.3567792440511126,0.0
14,django__django-13112,1791023025.9690907,67.32510638237,18220,0,18220,0,15680,1380,1160,17060,1.644673334701186,1.3950113204216938,0.1348238893492652,1.529835209770959,0.0
18,django__django-10973,1791023026.6403902,11.732081174850464,5854,0,5854,0,4704,258,892,4962,0.4913779697933805,0.3920797960468354,0.022159551153726902,0.4142393472005623,0.0
19,django__django-15380,1791023029.5318282,7.956493139266968,14167,0,14167,0,12544,520,1103,13064,1.2494336372337325,1.0958767896099852,0.04890520885021718,1.1447819984602023,0.0
12,django__django-14787,1791023033.4727175,14.628196477890015,11022,0,11022,0,9408,593,1021,10001,0.954325568577335,0.8068083921619618,0.05388945276445998,0.8606978449264218,0.0
26,pylint-dev__pylint-6528,1791023034.832403,267.7229781150818,15317,14112,1205,0,0,902,303,902,0.11568479304302443,0.0,0.08645571615717072,0.08645571615717072,1.244185788345379
17,pylint-dev__pylint-6528,1791023035.0932555,305.6774549484253,16879,0,16879,0,15680,672,527,16352,1.5120407213179752,1.3950113204216938,0.06540988109625369,1.4604212015179476,0.0
25,astropy__astropy-12907,1791023035.9287376,12.238117218017578,19891,18816,1075,0,0,737,338,737,0.10830866077429059,0.0,0.07412691611579694,0.07412691611579694,1.7042119845970873
19,django__django-15380,1791023037.6342113,11.822681188583374,14296,14112,184,0,0,55,129,55,0.017568587451016887,0.0,0.00524784888835341,0.00524784888835341,1.244185788345379
28,sympy__sympy-13757,1791023038.2720418,12.049642086029053,30283,0,30283,0,29792,91,400,29883,2.920523862843635,2.8656851094499824,0.01014496920473496,2.8758300786547175,0.0
18,django__django-10973,1791023038.5632656,79.96857070922852,7841,4704,3137,0,0,1150,1987,1150,0.27405816547297346,0.0,0.09929817374654511,0.09929817374654511,0.3920797960468354
3,django__django-13112,1791023042.861209,100.0492889881134,43428,0,43428,0,42336,817,275,43153,4.4803947021958255,4.344074966879994,0.10187514819424615,4.44595011507424,0.0
12,django__django-14787,1791023048.254105,40.50143647193909,11142,10976,166,0,0,46,120,46,0.015315554681743448,0.0,0.004241244361821987,0.004241244361821987,0.9500843242155129
25,astropy__astropy-12907,1791023048.3406954,41.837562799453735,20317,18816,1501,0,0,1075,426,1075,0.15155635949210447,0.0,0.10830866077429059,0.10830866077429059,1.7042119845970873
19,django__django-15380,1791023049.9017348,5.808047294616699,14963,14112,851,0,0,184,667,184,0.08154521016068061,0.0,0.017568587451016887,0.017568587451016887,1.244185788345379
28,sympy__sympy-13757,1791023050.469123,8.700488567352295,30650,29792,858,0,0,491,367,491,0.09598935992060995,0.0,0.05483875339365238,0.05483875339365238,2.8656851094499824
19,django__django-15380,1791023055.997226,4.067471027374268,15453,14112,1341,0,0,851,490,851,0.12883466980234776,0.0,0.08154521016068061,0.08154521016068061,1.244185788345379
28,sympy__sympy-13757,1791023059.6648128,13.485312223434448,30979,29792,1187,0,0,858,329,858,0.13299632939749834,0.0,0.09598935992060995,0.09598935992060995,2.8656851094499824
19,django__django-15380,1791023060.970658,6.7070417404174805,15687,14112,1575,0,0,1341,234,1341,0.15150450268349658,0.0,0.12883466980234776,0.12883466980234776,1.244185788345379
10,sympy__sympy-15875,1791023062.0328736,31.121367692947388,14644,0,14644,0,14112,60,472,14172,1.2950766699333462,1.244185788345379,0.005725079593055476,1.2499108679384345,0.0
4,django__django-13821,1791023064.678447,10.698183536529541,13531,0,13531,0,12544,582,405,13126,1.1889385307056144,1.0958767896099852,0.054754681474098295,1.1506314710840835,0.0
16,pytest-dev__pytest-10051,1791023067.8722434,33.732162952423096,16068,0,16068,0,14112,1450,506,15562,1.4327213461573884,1.244185788345379,0.13938757626273626,1.3835733646081154,0.0
19,django__django-15380,1791023070.513255,33.04226636886597,15944,15680,264,0,0,7,257,7,0.025641614501725203,0.0,0.0006789706071816839,0.0006789706071816839,1.3950113204216938
28,sympy__sympy-13757,1791023073.306086,12.614103555679321,31356,29792,1564,0,0,1187,377,1187,0.17553870752049636,0.0,0.13299632939749834,0.13299632939749834,2.8656851094499824
4,django__django-13821,1791023075.5077786,48.5007905960083,13738,12544,1194,0,0,987,207,987,0.11270573883160659,0.0,0.09306174109562884,0.09306174109562884,1.0958767896099852
24,django__django-14787,1791023077.3473911,15.769202947616577,24571,0,24571,0,21952,1348,1271,23300,2.2978250293374387,2.0234787821361655,0.14032925551214206,2.1638080376483075,0.0
5,django__django-14787,1791023080.1837437,57.6757493019104,18875,0,18875,0,17248,588,1039,17836,1.7101256889621355,1.54835338583893,0.05815206828341979,1.6065054541223498,0.0
28,sympy__sympy-13757,1791023086.0722542,69.29593682289124,31772,29792,1980,0,0,1564,416,1564,0.2226508503293231,0.0,0.17553870752049636,0.17553870752049636,2.8656851094499824
12,django__django-14787,1791023088.9244115,9.673469305038452,11338,0,11338,0,10976,166,196,11142,0.9835196164930196,0.9500843242155129,0.015315554681743448,0.9653998788972564,0.0
9,django__django-11749,1791023090.9461343,51.55344223976135,17963,0,17963,0,17248,557,158,17805,1.619111981577345,1.54835338583893,0.05507739109911395,1.603430776938044,0.0
14,django__django-13112,1791023093.4489222,7.279320240020752,18654,0,18654,0,17248,972,434,18220,1.687992678294775,1.54835338583893,0.09631994886225574,1.6446733347011857,0.0
10,sympy__sympy-15875,1791023093.6070704,139.20649814605713,15198,0,15198,0,14112,532,554,14644,1.3483799690903415,1.244185788345379,0.05089088158796722,1.2950766699333462,0.0
24,django__django-14787,1791023093.9627714,17.93062663078308,24871,23520,1351,0,0,1051,300,1051,0.14281189830999114,0.0,0.11093804842035215,0.11093804842035215,2.1868869809170866
12,django__django-14787,1791023098.9000316,13.344076156616211,11499,10976,523,0,0,362,161,362,0.04834877783935748,0.0,0.03343529227750666,0.03343529227750666,0.9500843242155129
8,django__django-12262,1791023099.3199608,18.55853033065796,11956,0,11956,0,10976,461,519,11437,1.040909708836169,0.9500843242155129,0.04260255515700142,0.9926868793725143,0.0
14,django__django-13112,1791023100.8777826,9.77679967880249,19088,17248,1840,0,0,1406,434,1406,0.18315142850324692,0.0,0.13963929245584503,0.13963929245584503,1.54835338583893
16,pytest-dev__pytest-10051,1791023101.7713757,59.25093722343445,16554,0,16554,0,15680,388,486,16068,1.480173453466562,1.3950113204216938,0.037710025735694465,1.4327213461573882,0.0
19,django__django-15380,1791023104.8661132,32.93825697898865,16275,0,16275,0,15680,264,331,15944,1.4529028722558912,1.3950113204216938,0.025641614501725203,1.4206529349234192,0.0
22,django__django-13112,1791023106.8696532,264.25782918930054,32187,0,32187,0,31360,138,689,31498,3.1355113461435873,3.04167597493551,0.015609478571312039,3.0572854535068217,0.0
14,django__django-13112,1791023110.7964659,12.991251707077026,19443,18816,627,0,0,272,355,272,0.06302790004812497,0.0,0.02729282974508961,0.02729282974508961,1.7042119845970873
24,django__django-14787,1791023112.159156,10.24976396560669,25476,0,25476,0,23520,1351,605,24871,2.394258020418542,2.1868869809170866,0.14281189830999114,2.329698879227078,0.0
12,django__django-14787,1791023113.36807,4.630712032318115,11721,10976,745,0,0,523,222,523,0.06895622878496836,0.0,0.04834877783935748,0.04834877783935748,0.9500843242155129
8,django__django-12262,1791023118.024641,16.283470392227173,12282,10976,1306,0,0,980,326,980,0.1212566188857503,0.0,0.09082538462065606,0.09082538462065606,0.9500843242155129
12,django__django-14787,1791023118.1476624,3.094740152359009,12094,10976,1118,0,0,745,373,745,0.10369404060717334,0.0,0.06895622878496836,0.06895622878496836,0.9500843242155129
18,django__django-10973,1791023118.8803568,18.255821466445923,8145,0,8145,0,7840,1,304,7841,0.6932317068877699,0.6660489934493318,8.896807047714172e-05,0.6661379615198089,0.0
12,django__django-14787,1791023121.8941746,63.32422685623169,12233,10976,1257,0,0,1118,139,1118,0.11667565266533336,0.0,0.10369404060717334,0.10369404060717334,0.9500843242155129
24,django__django-14787,1791023122.8275313,5.401811122894287,25649,25088,561,0,0,388,173,388,0.05997590256437975,0.0,0.04144630737961322,0.04144630737961322,2.3528117130389288
14,django__django-13112,1791023124.023927,6.9497106075286865,20108,18816,1292,0,0,627,665,627,0.1303153811990601,0.0,0.06302790004812497,0.06302790004812497,1.7042119845970873
4,django__django-13821,1791023124.1728575,5.426562786102295,14012,0,14012,0,12544,1194,274,13738,1.2346521774520773,1.0958767896099852,0.11270573883160659,1.2085825284415919,0.0
24,django__django-14787,1791023128.353388,5.044323205947876,25786,25088,698,0,0,561,137,561,0.07467136339071528,0.0,0.05997590256437975,0.05997590256437975,2.3528117130389288
4,django__django-13821,1791023129.763915,49.4624240398407,14968,12544,2424,0,0,1468,956,1468,0.23033551334393385,0.0,0.1387753878420918,0.1387753878420918,1.0958767896099852
14,django__django-13112,1791023131.22994,4.100269317626953,22799,18816,3983,0,0,1292,2691,1292,0.4072238694906912,0.0,0.1303153811990601,0.1303153811990601,1.7042119845970873
8,django__django-12262,1791023134.5041819,2.9270448684692383,12623,10976,1647,0,0,1306,341,1306,0.15320446540937416,0.0,0.1212566188857503,0.1212566188857503,0.9500843242155129
14,django__django-13112,1791023135.4678538,15.859553098678589,23783,21952,1831,0,0,847,984,847,0.1910630369082766,0.0,0.08795707195161295,0.08795707195161295,2.0234787821361655
18,django__django-10973,1791023137.3033667,13.750380277633667,8556,7840,716,0,0,305,411,305,0.06396313746565994,0.0,0.027182713438438207,0.027182713438438207,0.6660489934493318
8,django__django-12262,1791023137.8297882,79.47875833511353,12765,12544,221,0,0,79,142,79,0.02075089606359048,0.0,0.007412000014901722,0.007412000014901722,1.0958767896099852
19,django__django-15380,1791023137.9477847,20.00604796409607,16752,0,16752,0,15680,595,477,16275,1.4995751044340873,1.3950113204216938,0.057891551834197294,1.4529028722558912,0.0
5,django__django-14787,1791023138.0704172,66.07519888877869,19962,0,19962,0,18816,59,1087,18875,1.819715695823976,1.7042119845970873,0.005913704365048162,1.7101256889621355,0.0
24,django__django-14787,1791023138.4517314,22.800533056259155,25988,25088,900,0,0,698,202,698,0.09637416859949743,0.0,0.07467136339071528,0.07467136339071528,2.3528117130389288
9,django__django-11749,1791023142.8881316,27.762587785720825,18866,0,18866,0,17248,715,903,17963,1.709223368166222,1.54835338583893,0.07075859573841496,1.619111981577345,0.0
3,django__django-13112,1791023143.2786937,18.465435028076172,43636,0,43636,0,42336,1092,208,43428,4.506498750506436,4.344074966879994,0.13631973531583266,4.480394702195826,0.0
18,django__django-10973,1791023151.2973254,60.41611886024475,9592,0,9592,0,7840,716,1036,8556,0.8234910571613279,0.6660489934493318,0.06396313746565994,0.7300121309149917,0.0
14,django__django-13112,1791023151.466778,8.426473617553711,24685,0,24685,0,23520,263,902,23783,2.3099262405806886,2.1868869809170866,0.02765483812735564,2.214541819044442,0.0
19,django__django-15380,1791023158.1395428,40.33148765563965,17139,0,17139,0,15680,1072,387,16752,1.5376123768471277,1.3950113204216938,0.10456378401239333,1.4995751044340873,0.0
14,django__django-13112,1791023160.0280352,12.996333122253418,25166,23520,1646,0,0,1165,481,1165,0.1742443469871965,0.0,0.12303925966360194,0.12303925966360194,2.1868869809170866
16,pytest-dev__pytest-10051,1791023161.2106736,18.0131196975708,16908,0,16908,0,15680,874,354,16554,1.5148895160420486,1.3950113204216938,0.08516213304486811,1.480173453466562,0.0
24,django__django-14787,1791023161.7807412,12.650835037231445,26194,0,26194,0,25088,900,206,25988,2.4713614591808803,2.3528117130389288,0.09637416859949743,2.449185881638426,0.0
3,django__django-13112,1791023161.8985295,11.976968765258789,43838,42336,1502,0,0,1300,202,1300,0.18781721589628053,0.0,0.16242378362644325,0.16242378362644325,4.344074966879994
13,django__django-13112,1791023166.1510668,12.234046936035156,36405,0,36405,0,34496,1363,546,35859,3.624996291348715,3.4012073059293275,0.1594014243963876,3.5606087303257152,0.0
9,django__django-11749,1791023170.82532,5.299206733703613,19045,0,19045,0,18816,50,179,18866,1.7271850995856544,1.7042119845970873,0.005011383569134523,1.709223368166222,0.0
14,django__django-13112,1791023173.1782866,7.961846590042114,25633,25088,545,0,0,78,467,78,0.058260897195237596,0.0,0.008319614865354314,0.008319614865354314,2.3528117130389288
3,django__django-13112,1791023174.3526924,9.899072647094727,44397,42336,2061,0,0,1502,559,1502,0.25830684918076063,0.0,0.18781721589628053,0.18781721589628053,4.344074966879994
24,django__django-14787,1791023174.5667815,23.389347791671753,26648,25088,1560,0,0,1106,454,1106,0.167575484277022,0.0,0.11854974614195152,0.11854974614195152,2.3528117130389288
20,django__django-14787,1791023176.8516,155.59061360359192,8377,0,8377,0,7840,170,367,8010,0.7139721530292892,0.6660489934493318,0.01513927532796271,0.6811882687772944,0.0
9,django__django-11749,1791023177.930408,5.311559677124023,19193,18816,377,0,0,229,148,229,0.03784892344076092,0.0,0.022973114988566905,0.022973114988566905,1.7042119845970873
13,django__django-13112,1791023178.6325045,222.76965427398682,37747,36064,1683,0,0,341,1342,341,0.19980181271876832,0.0,0.040248519911096625,0.040248519911096625,3.5847477714376184
16,pytest-dev__pytest-10051,1791023180.7962654,17.3424654006958,17065,15680,1385,0,0,1228,157,1228,0.13531592575617163,0.0,0.11987819562035475,0.11987819562035475,1.3950113204216938
14,django__django-13112,1791023181.2924058,58.80730104446411,25895,25088,807,0,0,545,262,545,0.08637709515187347,0.0,0.058260897195237596,0.058260897195237596,2.3528117130389288
1,django__django-11749,1791023182.0470462,14.120495080947876,19981,0,19981,0,18816,839,326,19655,1.8216420069988783,1.7042119845970873,0.08442979767597097,1.7886417822730583,0.0
3,django__django-13112,1791023184.529092,4.547447919845581,44742,43904,838,0,0,493,345,493,0.10584766529981017,0.0,0.062183716967863845,0.062183716967863845,4.5401980990928905
12,django__django-14787,1791023185.8322392,78.7414448261261,13224,0,13224,0,10976,1257,991,12233,1.1598854363430098,0.9500843242155129,0.11667565266533336,1.0667599768808462,0.0
2,sympy__sympy-13757,1791023191.3092268,67.99643445014954,13518,0,13518,0,12544,614,360,13158,1.1877063133699657,1.0958767896099852,0.05777530354323207,1.1536520931532173,0.0
31,sympy__sympy-20916,1791023192.9863305,14.518000841140747,24361,0,24361,0,23520,35,806,23555,2.2755681457076777,2.1868869809170866,0.0036762176732363858,2.190563198590323,0.0
1,django__django-11749,1791023196.4553947,82.02143144607544,20394,18816,1578,0,0,1165,413,1165,0.1593932534219703,0.0,0.11743002240179093,0.11743002240179093,1.7042119845970873
24,django__django-14787,1791023198.6676366,17.93820095062256,26976,0,26976,0,25088,1560,328,26648,2.5559379420220276,2.3528117130389288,0.167575484277022,2.5203871973159506,0.0
9,django__django-11749,1791023200.4101346,15.826823711395264,19757,0,19757,0,18816,377,564,19193,1.798955312884441,1.7042119845970873,0.03784892344076092,1.7420609080378482,0.0
5,django__django-14787,1791023204.7450588,39.10007190704346,20632,0,20632,0,18816,1146,670,19962,1.8878667326164604,1.7042119845970873,0.1155037112268888,1.8197156958239762,0.0
31,sympy__sympy-20916,1791023207.6327896,73.61154580116272,24564,23520,1044,0,0,841,203,841,0.11019542506455773,0.0,0.0886811647905908,0.0886811647905908,2.1868869809170866
18,django__django-10973,1791023212.004072,9.961878299713135,10479,0,10479,0,9408,184,887,9592,0.9043985586259703,0.8068083921619618,0.016682664999366048,0.8234910571613279,0.0
8,django__django-12262,1791023217.690634,15.039411544799805,14060,0,14060,0,12544,221,1295,12765,1.2392270332860227,1.0958767896099852,0.02075089606359048,1.1166276856735757,0.0
18,django__django-10973,1791023222.4239376,16.584351539611816,10757,9408,1349,0,0,1071,278,1071,0.12311362181804798,0.0,0.09759016646400856,0.09759016646400856,0.8068083921619618
9,django__django-11749,1791023232.6955018,6.807641506195068,20094,18816,1278,0,0,941,337,941,0.1288941383149541,0.0,0.09474332828735371,0.09474332828735371,1.7042119845970873
8,django__django-12262,1791023232.89746,6.326019763946533,14279,12544,1735,0,0,1516,219,1516,0.16425294854198785,0.0,0.14335024367603738,0.14335024367603738,1.0958767896099852
10,sympy__sympy-15875,1791023233.400698,18.33202338218689,15588,0,15588,0,14112,1086,390,15198,1.3860923679902053,1.244185788345379,0.1041941807449625,1.3483799690903415,0.0
23,django__django-13821,1791023236.626726,7.6759033203125,21675,0,21675,0,20384,675,616,21059,1.9948729410763815,1.8625871166961658,0.06895291309667881,1.9315400297928447,0.0
18,django__django-10973,1791023239.597416,8.72138261795044,11033,9408,1625,0,0,1349,276,1349,0.14853170790767514,0.0,0.12311362181804798,0.12311362181804798,0.8068083921619618
8,django__django-12262,1791023240.246055,6.088561773300171,14425,14112,313,0,0,167,146,167,0.029906358968425077,0.0,0.015943949806594197,0.015943949806594197,1.244185788345379
14,django__django-13112,1791023240.5296063,11.370782852172852,26645,0,26645,0,25088,807,750,25895,2.5200625462599318,2.3528117130389288,0.08637709515187347,2.4391888081908024,0.0
5,django__django-14787,1791023244.0273793,6.7642717361450195,21179,20384,795,0,0,248,547,248,0.08126003226298717,0.0,0.025279615920294474,0.025279615920294474,1.8625871166961658
23,django__django-13821,1791023244.977532,3.477837085723877,22172,20384,1788,0,0,1291,497,1291,0.18366706366586702,0.0,0.13228582438021544,0.13228582438021544,1.8625871166961658
18,django__django-10973,1791023248.4724286,6.5579833984375,11769,10976,793,0,0,57,736,57,0.07341852648134005,0.0,0.005255775854123936,0.005255775854123936,0.9500843242155129
8,django__django-12262,1791023250.9280856,11.538813591003418,14835,14112,723,0,0,313,410,313,0.06923252878335426,0.0,0.029906358968425077,0.029906358968425077,1.244185788345379
5,django__django-14787,1791023251.625724,26.049675703048706,21510,20384,1126,0,0,795,331,795,0.11528356784600435,0.0,0.08126003226298717,0.08126003226298717,1.8625871166961658
14,django__django-13112,1791023252.198546,4.899763345718384,27087,25088,1999,0,0,1557,442,1557,0.21518205961707954,0.0,0.1672508332210027,0.1672508332210027,2.3528117130389288
10,sympy__sympy-15875,1791023252.3143806,11.53333854675293,16075,14112,1963,0,0,1476,487,1476,0.18921730839065226,0.0,0.14190657964482634,0.14190657964482634,1.244185788345379
18,django__django-10973,1791023255.171413,12.846401691436768,11948,10976,972,0,0,793,179,793,0.0900799733332368,0.0,0.07341852648134005,0.07341852648134005,0.9500843242155129
9,django__django-11749,1791023256.1588492,3.7080650329589844,20206,18816,1390,0,0,1278,112,1278,0.14026969864972372,0.0,0.1288941383149541,0.1288941383149541,1.7042119845970873
14,django__django-13112,1791023257.2534359,123.67034840583801,27473,26656,817,0,0,431,386,431,0.08876285393702271,0.0,0.04674079415431611,0.04674079415431611,2.521252978501692
29,sympy__sympy-15875,1791023257.958585,94.81223368644714,9017,0,9017,0,7840,510,667,8350,0.7714727892525532,0.6660489934493318,0.045506568077293974,0.7115555615266258,0.0
2,sympy__sympy-13757,1791023259.8173115,51.45946216583252,13949,0,13949,0,12544,974,431,13518,1.2286512580250362,1.0958767896099852,0.09182952375998027,1.1877063133699655,0.0
8,django__django-12262,1791023264.2940886,6.322418212890625,15174,14112,1062,0,0,723,339,723,0.10187850274981208,0.0,0.06923252878335426,0.06923252878335426,1.244185788345379
10,sympy__sympy-15875,1791023264.3376422,123.98888993263245,16247,15680,567,0,0,395,172,395,0.05515911854445126,0.0,0.0383917763143374,0.0383917763143374,1.3950113204216938
12,django__django-14787,1791023264.9758372,8.551420211791992,13539,0,13539,0,12544,680,315,13224,1.1896969042752814,1.0958767896099852,0.06400864673302432,1.1598854363430096,0.0
0,sympy__sympy-15875,1791023270.5044477,211.1492154598236,6255,0,6255,0,4704,1106,445,5810,0.5263211113268255,0.3920797960468354,0.09547403416761141,0.4875538302144468,0.0
8,django__django-12262,1791023270.832129,13.280808687210083,15486,14112,1374,0,0,1062,312,1062,0.1320283029009836,0.0,0.10187850274981208,0.10187850274981208,1.244185788345379
12,django__django-14787,1791023274.1387718,17.559717416763306,13837,12544,1293,0,0,995,298,995,0.12211619803628279,0.0,0.093820114665296,0.093820114665296,1.0958767896099852
9,django__django-11749,1791023276.6321547,5.892265796661377,20475,18816,1659,0,0,1390,269,1390,0.16764380844402843,0.0,0.14026969864972372,0.14026969864972372,1.7042119845970873
5,django__django-14787,1791023277.8525481,5.4085612297058105,22077,20384,1693,0,0,1126,567,1126,0.17382615526454234,0.0,0.11528356784600435,0.11528356784600435,1.8625871166961658
1,django__django-11749,1791023278.7777948,10.379600286483765,20750,0,20750,0,20384,10,356,20394,1.899917039581146,1.8625871166961658,0.0010181213228917557,1.8636052380190575,0.0
31,sympy__sympy-20916,1791023281.6850145,4.881494760513306,24850,23520,1330,0,0,1044,286,1044,0.1405777303175707,0.0,0.11019542506455773,0.11019542506455773,2.1868869809170866
8,django__django-12262,1791023284.2981882,3.3413476943969727,15643,14112,1531,0,0,1374,157,1374,0.14723752061095008,0.0,0.1320283029009836,0.1320283029009836,1.244185788345379
5,django__django-14787,1791023284.4761152,13.219926357269287,22390,21952,438,0,0,125,313,125,0.045392613870879915,0.0,0.01293448982454258,0.01293448982454258,2.0234787821361655
31,sympy__sympy-20916,1791023287.022224,217.95898342132568,25063,23520,1543,0,0,1330,213,1330,0.16325950672097195,0.0,0.1405777303175707,0.1405777303175707,2.1868869809170866
8,django__django-12262,1791023287.8003454,2.66532301902771,15814,14112,1702,0,0,1531,171,1531,0.1638316788310107,0.0,0.14723752061095008,0.14723752061095008,1.244185788345379
8,django__django-12262,1791023290.5974882,12.579752445220947,16189,15680,509,0,0,134,375,134,0.049501630901120336,0.0,0.013006146754695832,0.013006146754695832,1.3950113204216938
1,django__django-11749,1791023290.7701101,4.3911452293396,21409,20384,1025,0,0,366,659,366,0.1048898753624206,0.0,0.037329922884980174,0.037329922884980174,1.8625871166961658
12,django__django-14787,1791023291.9312506,5.687873601913452,14078,12544,1534,0,0,1293,241,1293,0.1450664226045799,0.0,0.12211619803628279,0.12211619803628279,1.0958767896099852
1,django__django-11749,1791023296.7731228,9.829500436782837,21580,20384,1196,0,0,1025,171,1025,0.1224932430600921,0.0,0.1048898753624206,0.1048898753624206,1.8625871166961658
5,django__django-14787,1791023297.8825245,4.931229829788208,22756,21952,804,0,0,438,366,438,0.08347402568331341,0.0,0.045392613870879915,0.045392613870879915,2.0234787821361655
9,django__django-11749,1791023299.1068544,9.271239042282104,20643,20384,259,0,0,91,168,91,0.026402347259123906,0.0,0.009268676344949893,0.009268676344949893,1.8625871166961658
12,django__django-14787,1791023301.7141604,6.499007940292358,14247,12544,1703,0,0,1534,169,1534,0.16119560955965162,0.0,0.1450664226045799,0.1450664226045799,1.0958767896099852
26,pylint-dev__pylint-6528,1791023302.7024689,121.08361792564392,15559,0,15559,0,14112,1205,242,15317,1.3832827548963,1.244185788345379,0.11568479304302443,1.3598705813884036,0.0
5,django__django-14787,1791023303.2561362,5.476417303085327,23264,21952,1312,0,0,804,508,804,0.13655741769386054,0.0,0.08347402568331341,0.08347402568331341,2.0234787821361655
8,django__django-12262,1791023304.032397,4.253906726837158,16463,15680,783,0,0,509,274,509,0.07625867186820236,0.0,0.049501630901120336,0.049501630901120336,1.3950113204216938
1,django__django-11749,1791023306.7905324,7.273576259613037,21963,20384,1579,0,0,1196,383,1196,0.16202925877647917,0.0,0.1224932430600921,0.1224932430600921,1.8625871166961658
8,django__django-12262,1791023308.4361348,14.047201871871948,16747,15680,1067,0,0,783,284,783,0.10407334946680388,0.0,0.07625867186820236,0.07625867186820236,1.3950113204216938
12,django__django-14787,1791023308.7928593,4.543074369430542,14732,14112,620,0,0,135,485,135,0.059336844692429724,0.0,0.01288661082425795,0.01288661082425795,1.244185788345379
5,django__django-14787,1791023308.8688898,10.544237613677979,23758,21952,1806,0,0,1312,494,1312,0.18843120494220875,0.0,0.13655741769386054,0.13655741769386054,2.0234787821361655
2,sympy__sympy-13757,1791023311.6993754,121.73730325698853,14320,12544,1776,0,0,1405,371,1405,0.16817169586100447,0.0,0.13277446841505092,0.13277446841505092,1.0958767896099852
12,django__django-14787,1791023313.7694173,5.489936828613281,14901,14112,789,0,0,620,169,620,0.0755791609279602,0.0,0.059336844692429724,0.059336844692429724,1.244185788345379
1,django__django-11749,1791023314.232232,35.18666934967041,22398,21952,446,0,0,11,435,11,0.046223528728250175,0.0,0.0011375933364794072,0.0011375933364794072,2.0234787821361655
5,django__django-14787,1791023319.6421828,26.375701189041138,23914,23520,394,0,0,238,156,238,0.041456096299798406,0.0,0.025023006161287758,0.025023006161287758,2.1868869809170866
9,django__django-11749,1791023325.6224189,6.984183311462402,21070,20384,686,0,0,259,427,259,0.07008045206656623,0.0,0.026402347259123906,0.026402347259123906,1.8625871166961658
20,django__django-14787,1791023332.6151094,479.6875784397125,8991,0,8991,0,7840,537,614,8377,0.7691286559014899,0.6660489934493318,0.04792315957995748,0.7139721530292893,0.0
12,django__django-14787,1791023332.7496734,4.022057771682739,15069,14112,957,0,0,789,168,789,0.0917543435374949,0.0,0.0755791609279602,0.0755791609279602,1.244185788345379
9,django__django-11749,1791023332.7497375,7.539127349853516,21583,20384,1199,0,0,686,513,686,0.12280234121981037,0.0,0.07008045206656623,0.07008045206656623,1.8625871166961658
17,pylint-dev__pylint-6528,1791023341.6528382,10.106857299804688,17252,0,17252,0,15680,1199,373,16879,1.548747782629623,1.3950113204216938,0.11702940089628128,1.5120407213179752,0.0
9,django__django-11749,1791023342.6789503,6.9213480949401855,21850,20384,1466,0,0,1199,267,1199,0.15034897142270426,0.0,0.12280234121981037,0.12280234121981037,1.8625871166961658
6,django__django-11749,1791023347.1008914,7.528563737869263,12358,0,12358,0,10976,904,478,11880,1.0784509770776332,0.9500843242155129,0.08374662225256471,1.0338309464680777,0.0
12,django__django-14787,1791023349.9851596,5.044820785522461,15208,14112,1096,0,0,957,139,957,0.1051592205803799,0.0,0.0917543435374949,0.0917543435374949,1.244185788345379
9,django__django-11749,1791023350.7724102,4.885745525360107,22259,20384,1875,0,0,1466,409,1466,0.19268736746480275,0.0,0.15034897142270426,0.15034897142270426,1.8625871166961658
17,pylint-dev__pylint-6528,1791023352.9481401,9.522523641586304,17527,17248,279,0,0,4,275,4,0.027548442224172617,0.0,0.0003943967906929897,0.0003943967906929897,1.54835338583893
29,sympy__sympy-15875,1791023353.0081732,89.32658910751343,9620,7840,1780,0,0,1177,603,1177,0.15998376803190073,0.0,0.1054237958032215,0.1054237958032215,0.6660489934493318
6,django__django-11749,1791023354.768357,328.0409162044525,12762,10976,1786,0,0,1382,404,1382,0.16626134038414578,0.0,0.12836665286212007,0.12836665286212007,0.9500843242155129
9,django__django-11749,1791023356.200202,3.0751254558563232,22476,21952,524,0,0,307,217,307,0.05432838158624099,0.0,0.03179570202480299,0.03179570202480299,2.0234787821361655
9,django__django-11749,1791023359.4219253,3.6650326251983643,22738,21952,786,0,0,524,262,524,0.08159796359492812,0.0,0.05432838158624099,0.05432838158624099,2.0234787821361655
9,django__django-11749,1791023363.2468364,3.6402571201324463,22873,21952,921,0,0,786,135,786,0.09567651277203554,0.0,0.08159796359492812,0.08159796359492812,2.0234787821361655
17,pylint-dev__pylint-6528,1791023363.3031218,2.6372463703155518,17710,17248,462,0,0,279,183,279,0.04566111924428082,0.0,0.027548442224172617,0.027548442224172617,1.54835338583893
17,pylint-dev__pylint-6528,1791023366.4231186,2.4903862476348877,17815,17248,567,0,0,462,105,462,0.056069114975766526,0.0,0.04566111924428082,0.04566111924428082,1.54835338583893
9,django__django-11749,1791023367.6142113,29.94397473335266,23042,21952,1090,0,0,921,169,921,0.11332706367456116,0.0,0.09567651277203554,0.09567651277203554,2.0234787821361655
12,django__django-14787,1791023368.3289626,8.663366556167603,15912,14112,1800,0,0,1096,704,1096,0.1733552726621783,0.0,0.1051592205803799,0.1051592205803799,1.244185788345379
17,pylint-dev__pylint-6528,1791023369.392828,8.014808416366577,17897,17248,649,0,0,567,82,567,0.06420511160833525,0.0,0.056069114975766526,0.056069114975766526,1.54835338583893
22,django__django-13112,1791023371.5542653,104.379798412323,32479,0,32479,0,31360,827,292,32187,3.1688102832885514,3.04167597493551,0.09383537120807747,3.1355113461435873,0.0
17,pylint-dev__pylint-6528,1791023377.9082847,6.8560566902160645,18113,17248,865,0,0,649,216,649,0.0856694594198585,0.0,0.06420511160833525,0.06420511160833525,1.54835338583893
12,django__django-14787,1791023377.9127254,18.52666449546814,16242,15680,562,0,0,232,330,232,0.054671268471593655,0.0,0.022529740585863423,0.022529740585863423,1.3950113204216938
14,django__django-13112,1791023381.4864337,61.183992862701416,28224,26656,1568,0,0,817,751,817,0.1709577988036846,0.0,0.08876285393702271,0.08876285393702271,2.521252978501692
17,pylint-dev__pylint-6528,1791023385.9487793,208.78471851348877,18532,17248,1284,0,0,865,419,865,0.12744248518358225,0.0,0.0856694594198585,0.0856694594198585,1.54835338583893
10,sympy__sympy-15875,1791023388.806819,4.681561470031738,16611,15680,931,0,0,567,364,567,0.09074334365827712,0.0,0.05515911854445126,0.05515911854445126,1.3950113204216938
10,sympy__sympy-15875,1791023393.9569468,175.21233415603638,16909,15680,1229,0,0,931,298,931,0.11997644527448822,0.0,0.09074334365827712,0.09074334365827712,1.3950113204216938
12,django__django-14787,1791023396.6944246,2.481748580932617,16447,15680,767,0,0,562,205,562,0.07469410430667749,0.0,0.054671268471593655,0.054671268471593655,1.3950113204216938
9,django__django-11749,1791023399.1566,6.895043611526489,23291,21952,1339,0,0,1090,249,1090,0.1393861716958145,0.0,0.11332706367456116,0.11332706367456116,2.0234787821361655
12,django__django-14787,1791023399.3223162,21.204992532730103,16819,15680,1139,0,0,767,372,767,0.11113807573447174,0.0,0.07469410430667749,0.07469410430667749,1.3950113204216938
13,django__django-13112,1791023401.5819283,427.9901807308197,38618,0,38618,0,37632,115,871,37747,3.8890911261713064,3.7708047702868304,0.013744813869556383,3.7845495841563865,0.0
9,django__django-11749,1791023406.2065628,7.977265119552612,23775,21952,1823,0,0,1339,484,1339,0.19022078107749302,0.0,0.1393861716958145,0.1393861716958145,2.0234787821361655
9,django__django-11749,1791023414.3440807,27.421230792999268,23994,23520,474,0,0,255,219,255,0.04989298435743475,0.0,0.02681258229657203,0.02681258229657203,2.1868869809170866
27,pylint-dev__pylint-6528,1791023417.6591113,3.446384906768799,14984,0,14984,0,14112,144,728,14256,1.3277526491440674,1.244185788345379,0.013746381475246853,1.2579321698206258,0.0
27,pylint-dev__pylint-6528,1791023421.2599638,113.02373003959656,15449,14112,1337,0,0,872,465,872,0.1284476385030521,0.0,0.08356686079868839,0.08356686079868839,1.244185788345379
26,pylint-dev__pylint-6528,1791023424.0959299,518.731803894043,16008,14112,1896,0,0,1447,449,1447,0.18269403876629126,0.0,0.139096966550921,0.139096966550921,1.244185788345379
23,django__django-13821,1791023428.5464864,6.254615783691406,22297,0,22297,0,21952,220,125,22172,2.0592168179093973,2.0234787821361655,0.02277539822586727,2.0462541803620327,0.0
2,sympy__sympy-13757,1791023433.9494503,53.73175239562988,14877,14112,765,0,0,208,557,208,0.07327077882256523,0.0,0.019862697125610805,0.019862697125610805,1.244185788345379
23,django__django-13821,1791023435.4435732,20.316087007522583,22949,21952,997,0,0,345,652,345,0.10361042138342103,0.0,0.03573803577323178,0.03573803577323178,2.0234787821361655
29,sympy__sympy-15875,1791023442.838393,20.82324194908142,9865,9408,457,0,0,212,245,212,0.04149851230827185,0.0,0.01922436931927071,0.01922436931927071,0.8068083921619618
14,django__django-13112,1791023443.2463968,8.362059116363525,28996,26656,2340,0,1568,0,772,1568,0.2560528622194484,0.1709577988036846,0.0,0.1709577988036846,2.521252978501692
14,django__django-13112,1791023451.7373037,112.63891005516052,29185,28224,961,0,0,772,189,772,0.10602087570989108,0.0,0.08509506341576374,0.08509506341576374,2.6922107773053767
23,django__django-13821,1791023456.185727,14.068591117858887,23363,21952,1411,0,0,997,414,997,0.14693316364590273,0.0,0.10361042138342103,0.10361042138342103,2.0234787821361655
29,sympy__sympy-15875,1791023464.156357,14.850174188613892,10173,9408,765,0,0,457,308,457,0.06958745993390822,0.0,0.04149851230827185,0.04149851230827185,0.8068083921619618
23,django__django-13821,1791023470.8114238,3.1954259872436523,23803,21952,1851,0,0,1411,440,1411,0.19316896308023165,0.0,0.14693316364590273,0.14693316364590273,2.0234787821361655
23,django__django-13821,1791023474.1657078,22.926726579666138,24903,23520,1383,0,0,283,1100,283,0.14621721274804828,0.0,0.02976076429931067,0.02976076429931067,2.1868869809170866
22,django__django-13112,1791023476.193461,182.6793155670166,32782,31360,1422,0,0,1119,303,1119,0.1617799231902677,0.0,0.12713430835304193,0.12713430835304193,3.04167597493551
29,sympy__sympy-15875,1791023479.468146,5.8057777881622314,10457,9408,1049,0,0,765,284,765,0.09557370240013977,0.0,0.06958745993390822,0.06958745993390822,0.8068083921619618
0,sympy__sympy-15875,1791023482.1440604,10.912328481674194,6671,0,6671,0,4704,1551,416,6255,0.5627452915149209,0.3920797960468354,0.1342413152799901,0.5263211113268255,0.0
29,sympy__sympy-15875,1791023485.7502248,6.997522830963135,10650,9408,1242,0,0,1049,193,1049,0.1132804818567396,0.0,0.09557370240013977,0.09557370240013977,0.8068083921619618
2,sympy__sympy-13757,1791023487.9327204,90.6488585472107,15774,14112,1662,0,0,765,897,765,0.15994732268324988,0.0,0.07327077882256523,0.07327077882256523,1.244185788345379
29,sympy__sympy-15875,1791023493.0064538,6.059507608413696,10909,9408,1501,0,0,1242,259,1242,0.13710234210158376,0.0,0.1132804818567396,0.1132804818567396,0.8068083921619618
0,sympy__sympy-15875,1791023493.5568838,55.18085741996765,7154,6272,882,0,0,399,483,399,0.07745196020815254,0.0,0.03493916343729797,0.03493916343729797,0.527806128077623
23,django__django-13821,1791023497.2572885,9.562971830368042,26299,23520,2779,0,0,1383,1396,1383,0.2957942759750695,0.0,0.14621721274804828,0.14621721274804828,2.1868869809170866
29,sympy__sympy-15875,1791023499.3091192,9.0065758228302,11570,9408,2162,0,0,1501,661,1501,0.1982098943824366,0.0,0.13710234210158376,0.13710234210158376,0.8068083921619618
31,sympy__sympy-20916,1791023505.5920393,60.903541564941406,25948,0,25948,0,23520,1543,885,25063,2.4448849801350434,2.1868869809170866,0.16325950672097195,2.3501464876380584,0.0
29,sympy__sympy-15875,1791023508.47885,3.758671760559082,12072,10976,1096,0,0,594,502,594,0.10164120968541861,0.0,0.054933962328885366,0.054933962328885366,0.9500843242155129
29,sympy__sympy-15875,1791023512.3697972,2.3564326763153076,12281,10976,1305,0,0,1096,209,1096,0.12116310521392581,0.0,0.10164120968541861,0.10164120968541861,0.9500843242155129
29,sympy__sympy-15875,1791023514.8910773,13.153839826583862,12822,10976,1846,0,0,1305,541,1305,0.17190351213907124,0.0,0.12116310521392581,0.12116310521392581,0.9500843242155129
29,sympy__sympy-15875,1791023528.5329661,17.58637547492981,13149,12544,605,0,0,278,327,278,0.056925647648495024,0.0,0.02611104674459879,0.02611104674459879,1.0958767896099852
27,pylint-dev__pylint-6528,1791023534.5407252,3.2501254081726074,16026,14112,1914,0,0,1337,577,1337,0.18444610757676208,0.0,0.1284476385030521,0.1284476385030521,1.244185788345379
27,pylint-dev__pylint-6528,1791023537.9174008,105.66339445114136,16785,15680,1105,0,0,346,759,346,0.10780129378136398,0.0,0.03362057550044719,0.03362057550044719,1.3950113204216938
29,sympy__sympy-15875,1791023546.5832748,4.001024961471558,13407,12544,863,0,0,605,258,605,0.08131532752809972,0.0,0.056925647648495024,0.056925647648495024,1.0958767896099852
0,sympy__sympy-15875,1791023548.8870707,88.37726259231567,7552,6272,1280,0,0,882,398,882,0.11266265727912679,0.0,0.07745196020815254,0.07745196020815254,0.527806128077623
29,sympy__sympy-15875,1791023551.0633805,122.8423228263855,13615,12544,1071,0,0,863,208,863,0.10102793076008844,0.0,0.08131532752809972,0.08131532752809972,1.0958767896099852
14,django__django-13112,1791023564.9369774,37.7003390789032,29869,28224,1645,0,0,961,684,961,0.18205798516093735,0.0,0.10602087570989108,0.10602087570989108,2.6922107773053767
31,sympy__sympy-20916,1791023566.637847,10.838626861572266,26479,25088,1391,0,0,860,531,860,0.14930116550701272,0.0,0.0920732670961144,0.0920732670961144,2.3528117130389288
10,sympy__sympy-15875,1791023569.6617188,86.92573189735413,17433,15680,1753,0,0,1229,524,1229,0.17160005383221763,0.0,0.11997644527448822,0.11997644527448822,1.3950113204216938
11,sympy__sympy-18211,1791023575.2094212,327.67810702323914,21372,0,21372,0,20384,932,56,21316,1.9636720148750495,1.8625871166961658,0.09532867912645293,1.9579157958226188,0.0
31,sympy__sympy-20916,1791023577.6182148,9.51371169090271,26668,25088,1580,0,0,1391,189,1391,0.16974006006780235,0.0,0.14930116550701272,0.14930116550701272,2.3528117130389288
2,sympy__sympy-13757,1791023579.1155164,204.4524209499359,16334,15680,654,0,0,94,560,94,0.06365180607350945,0.0,0.009121790606934986,0.009121790606934986,1.3950113204216938
31,sympy__sympy-20916,1791023587.3018064,3.3734841346740723,26904,26656,248,0,0,12,236,12,0.026871708442101776,0.0,0.0012987946050389523,0.0012987946050389523,2.521252978501692
31,sympy__sympy-20916,1791023591.3619406,7.059705018997192,27420,26656,764,0,0,248,516,248,0.08298395327652425,0.0,0.026871708442101776,0.026871708442101776,2.521252978501692
17,pylint-dev__pylint-6528,1791023595.735221,484.749370098114,18854,17248,1606,0,0,1284,322,1284,0.1596670169004885,0.0,0.12744248518358225,0.12744248518358225,1.54835338583893
31,sympy__sympy-20916,1791023600.2750564,6.239006042480469,27722,26656,1066,0,0,764,302,764,0.11595126804540926,0.0,0.08298395327652425,0.08298395327652425,2.521252978501692
14,django__django-13112,1791023602.9258668,3.3736019134521484,30357,29792,565,0,0,77,488,77,0.0631250545508876,0.0,0.008583653016331502,0.008583653016331502,2.8656851094499824
14,django__django-13112,1791023606.4639447,103.0545563697815,30828,29792,1036,0,0,565,471,565,0.11599761218644078,0.0,0.0631250545508876,0.0631250545508876,2.8656851094499824
31,sympy__sympy-20916,1791023609.4216545,8.46411919593811,28240,26656,1584,0,0,1066,518,1066,0.17271523660909247,0.0,0.11595126804540926,0.11595126804540926,2.521252978501692
31,sympy__sympy-20916,1791023618.1398368,8.291351079940796,28505,28224,281,0,0,16,265,16,0.03090311091529182,0.0,0.0017574378054078191,0.0017574378054078191,2.6922107773053767
15,pytest-dev__pytest-10051,1791023620.2538805,279.4959177970886,8822,0,8822,0,7840,326,656,8166,0.7539086547233163,0.6660489934493318,0.029057813725238798,0.6951068071745705,0.0
31,sympy__sympy-20916,1791023629.6932554,18.803586959838867,29028,28224,804,0,0,281,523,281,0.08863548692336612,0.0,0.03090311091529182,0.03090311091529182,2.6922107773053767
0,sympy__sympy-15875,1791023637.7635925,93.1779432296753,7868,6272,1596,0,0,1280,316,1280,0.14073435824831335,0.0,0.11266265727912679,0.11266265727912679,0.527806128077623
27,pylint-dev__pylint-6528,1791023644.4720192,7.073706150054932,17177,15680,1497,0,0,1105,392,1105,0.14634424759378148,0.0,0.10780129378136398,0.10780129378136398,1.3950113204216938
31,sympy__sympy-20916,1791023648.9282844,13.401250123977661,29809,28224,1585,0,0,804,781,804,0.17536890235667657,0.0,0.08863548692336612,0.08863548692336612,2.6922107773053767
27,pylint-dev__pylint-6528,1791023652.0453234,300.85986256599426,17334,15680,1654,0,0,1497,157,1497,0.16182520546697793,0.0,0.14634424759378148,0.14634424759378148,1.3950113204216938
10,sympy__sympy-15875,1791023656.733686,182.32840633392334,17790,17248,542,0,0,185,357,185,0.05358999720042705,0.0,0.01825798841498154,0.01825798841498154,1.54835338583893
22,django__django-13112,1791023659.1218996,134.4081757068634,33325,31360,1965,0,0,1422,543,1422,0.22410270817868289,0.0,0.1617799231902677,0.1617799231902677,3.04167597493551
31,sympy__sympy-20916,1791023662.7765687,12.992157936096191,30198,29792,406,0,0,17,389,17,0.045327621430260936,0.0,0.0018945702120707253,0.0018945702120707253,2.8656851094499824
29,sympy__sympy-15875,1791023674.3801973,68.6493968963623,14134,12544,1590,0,0,1071,519,1071,0.15040776674079379,0.0,0.10102793076008844,0.10102793076008844,1.0958767896099852
31,sympy__sympy-20916,1791023676.2125514,4.338999032974243,30510,29792,718,0,0,406,312,406,0.0802753165979816,0.0,0.045327621430260936,0.045327621430260936,2.8656851094499824
6,django__django-11749,1791023683.0623167,227.04950761795044,13068,0,13068,0,12544,218,306,12762,1.145159265058563,1.0958767896099852,0.020468874989673348,1.1163456645996586,0.0
31,sympy__sympy-20916,1791023685.2521613,5.399866580963135,31156,29792,1364,0,0,718,646,718,0.1529516897615277,0.0,0.0802753165979816,0.0802753165979816,2.8656851094499824
31,sympy__sympy-20916,1791023696.3084912,13.080190658569336,31489,29792,1697,0,0,1364,333,1364,0.19058174041195708,0.0,0.1529516897615277,0.1529516897615277,2.8656851094499824
14,django__django-13112,1791023709.679538,167.18652725219727,31216,29792,1424,0,0,1036,388,1036,0.15972349616427822,0.0,0.11599761218644078,0.11599761218644078,2.8656851094499824
31,sympy__sympy-20916,1791023711.252262,6.312776327133179,31886,31360,526,0,0,129,397,129,0.05960144553186905,0.0,0.014590874926430016,0.014590874926430016,3.04167597493551
31,sympy__sympy-20916,1791023718.9498544,3.5398406982421875,32242,31360,882,0,0,526,356,526,0.10010076027644349,0.0,0.05960144553186905,0.05960144553186905,3.04167597493551
31,sympy__sympy-20916,1791023722.6235616,16.36913275718689,32511,31360,1151,0,0,882,269,882,0.13078881304591122,0.0,0.10010076027644349,0.10010076027644349,3.04167597493551
0,sympy__sympy-15875,1791023731.1437304,5.211341857910156,8532,7840,692,0,0,28,664,28,0.061810622095949445,0.0,0.002491492876604575,0.002491492876604575,0.6660489934493318
0,sympy__sympy-15875,1791023737.0595677,9.492961406707764,9053,7840,1213,0,0,692,521,692,0.10867066119046365,0.0,0.061810622095949445,0.061810622095949445,0.6660489934493318
31,sympy__sympy-20916,1791023739.4659574,13.025415897369385,32908,31360,1548,0,0,1151,397,1151,0.1762146741303114,0.0,0.13078881304591122,0.13078881304591122,3.04167597493551
29,sympy__sympy-15875,1791023743.219548,5.249701023101807,14869,14112,757,0,0,22,735,22,0.07250144913562223,0.0,0.002098768005400115,0.002098768005400115,1.244185788345379
0,sympy__sympy-15875,1791023747.073097,7.701807498931885,9433,7840,1593,0,0,1213,380,1213,0.1430240308400664,0.0,0.10867066119046365,0.10867066119046365,0.6660489934493318
29,sympy__sympy-15875,1791023749.64572,19.59099245071411,15513,14112,1401,0,0,757,644,757,0.13464210451461242,0.0,0.07250144913562223,0.07250144913562223,1.244185788345379
31,sympy__sympy-20916,1791023752.6418924,16.270971536636353,33190,31360,1830,0,0,1548,282,1548,0.20857990446135025,0.0,0.1762146741303114,0.1762146741303114,3.04167597493551
0,sympy__sympy-15875,1791023755.708413,2.812865972518921,9711,9408,303,0,0,25,278,25,0.02749045038969611,0.0,0.0022646321274363995,0.0022646321274363995,0.8068083921619618
0,sympy__sympy-15875,1791023758.672041,7.718451499938965,10651,9408,1243,0,0,303,940,303,0.11337232611271236,0.0,0.02749045038969611,0.02749045038969611,0.8068083921619618
0,sympy__sympy-15875,1791023766.5368881,3.626852035522461,10800,9408,1392,0,0,1243,149,1243,0.12706855846365545,0.0,0.11337232611271236,0.11337232611271236,0.8068083921619618
31,sympy__sympy-20916,1791023769.4972517,30.653234720230103,33494,32928,566,0,0,262,304,262,0.0650538529754866,0.0,0.03007250563490197,0.03007250563490197,3.2201833737619583
29,sympy__sympy-15875,1791023770.2092986,9.391145467758179,16252,14112,2140,0,0,1401,739,1401,0.20647252628246268,0.0,0.13464210451461242,0.13464210451461242,1.244185788345379
0,sympy__sympy-15875,1791023771.3738737,15.908315181732178,11185,9408,1777,0,0,1392,385,1392,0.16256336831004095,0.0,0.12706855846365545,0.12706855846365545,0.8068083921619618
29,sympy__sympy-15875,1791023780.0791938,36.550671339035034,16618,15680,938,0,0,572,366,572,0.09142898476399082,0.0,0.0556469942061478,0.0556469942061478,1.3950113204216938
2,sympy__sympy-13757,1791023784.3879437,228.38683414459229,17327,15680,1647,0,0,654,993,654,0.16113443431083574,0.0,0.06365180607350945,0.06365180607350945,1.3950113204216938
0,sympy__sympy-15875,1791023787.7738159,24.955682277679443,11489,10976,513,0,0,209,304,209,0.04742170160537519,0.0,0.01928743625648971,0.01928743625648971,0.9500843242155129
22,django__django-13112,1791023793.7034833,142.7760968208313,33652,32928,724,0,0,397,327,397,0.08327230563259866,0.0,0.045595309352234596,0.045595309352234596,3.2201833737619583
20,django__django-14787,1791023812.6561134,4.176373481750488,9204,0,9204,0,7840,1151,213,8991,0.7883529021660689,0.6660489934493318,0.10307966245215813,0.7691286559014899,0.0
0,sympy__sympy-15875,1791023812.9128752,3.7720072269439697,11794,10976,818,0,0,513,305,513,0.07574357385748787,0.0,0.04742170160537519,0.04742170160537519,0.9500843242155129
29,sympy__sympy-15875,1791023817.2491066,4.926337480545044,17080,15680,1400,0,0,938,462,938,0.1367921885099244,0.0,0.09142898476399082,0.09142898476399082,1.3950113204216938
0,sympy__sympy-15875,1791023817.2701955,18.167636156082153,11954,10976,978,0,0,818,160,818,0.09063902565747992,0.0,0.07574357385748787,0.07574357385748787,0.9500843242155129
20,django__django-14787,1791023818.1527781,2.840500831604004,9500,7840,1660,0,0,1364,296,1364,0.14909639953365914,0.0,0.12230390871673714,0.12230390871673714,0.6660489934493318
20,django__django-14787,1791023821.1402752,2.075536012649536,9798,9408,390,0,0,92,298,92,0.03540111261243876,0.0,0.00833700082102912,0.00833700082102912,0.8068083921619618
20,django__django-14787,1791023823.9602404,31.249411582946777,9938,9408,530,0,0,390,140,390,0.04814717815643873,0.0,0.03540111261243876,0.03540111261243876,0.8068083921619618
13,django__django-13112,1791023830.184399,11.427943468093872,39054,0,39054,0,37632,986,436,38618,3.9417135465658477,3.7708047702868304,0.11828635588447597,3.8890911261713064,0.0
29,sympy__sympy-15875,1791023831.0169797,7.517168760299683,17345,15680,1665,0,0,1400,265,1400,0.16291080432986066,0.0,0.1367921885099244,0.1367921885099244,1.3950113204216938
0,sympy__sympy-15875,1791023835.9222205,16.684528827667236,12570,10976,1594,0,0,978,616,978,0.14823115257603922,0.0,0.09063902565747992,0.09063902565747992,0.9500843242155129
29,sympy__sympy-15875,1791023838.8366525,2.6580698490142822,17621,17248,373,0,0,97,276,97,0.03684794015259477,0.0,0.009568738912624573,0.009568738912624573,1.54835338583893
10,sympy__sympy-15875,1791023839.5590997,219.12478852272034,18127,17248,879,0,0,542,337,542,0.08706231506961018,0.0,0.05358999720042705,0.05358999720042705,1.54835338583893
13,django__django-13112,1791023841.7798002,6.3425798416137695,39698,37632,2066,0,0,1422,644,1422,0.24899142160828722,0.0,0.17090877627901765,0.17090877627901765,3.7708047702868304
29,sympy__sympy-15875,1791023841.9804442,2.688645839691162,17788,17248,540,0,0,373,167,373,0.05339169541434594,0.0,0.03684794015259477,0.03684794015259477,1.54835338583893
29,sympy__sympy-15875,1791023848.1528528,5.4842915534973145,18071,17248,823,0,0,540,283,540,0.08149209616958668,0.0,0.05339169541434594,0.05339169541434594,1.54835338583893
13,django__django-13112,1791023848.2677562,3.089972972869873,39832,39200,632,0,0,498,134,498,0.07671825322385929,0.0,0.060417889418154055,0.060417889418154055,3.9593783024769635
13,django__django-13112,1791023851.5126672,3.415506362915039,40071,39200,871,0,0,632,239,632,0.10583691352538083,0.0,0.07671825322385929,0.07671825322385929,3.9593783024769635
0,sympy__sympy-15875,1791023853.1255555,8.398205995559692,13364,12544,820,0,0,26,794,26,0.07724564950518095,0.0,0.0024386871815667713,0.0024386871815667713,1.0958767896099852
13,django__django-13112,1791023855.0736976,25.604821920394897,40783,39200,1583,0,0,871,712,871,0.19293024763428793,0.0,0.10583691352538083,0.10583691352538083,3.9593783024769635
20,django__django-14787,1791023855.3598173,177.67989325523376,10317,9408,909,0,0,530,379,530,0.08275326545467648,0.0,0.04814717815643873,0.04814717815643873,0.8068083921619618
29,sympy__sympy-15875,1791023857.3794343,3.1794164180755615,18446,17248,1198,0,0,823,375,823,0.11885389045795326,0.0,0.08149209616958668,0.08149209616958668,1.54835338583893
0,sympy__sympy-15875,1791023861.6923735,3.0652832984924316,13536,12544,992,0,0,820,172,820,0.09353571690001915,0.0,0.07724564950518095,0.07724564950518095,1.0958767896099852
0,sympy__sympy-15875,1791023867.3304875,6.83109188079834,13806,12544,1262,0,0,992,270,992,0.11916840976290463,0.0,0.09353571690001915,0.09353571690001915,1.0958767896099852
29,sympy__sympy-15875,1791023868.0074787,6.328144550323486,18662,17248,1414,0,0,1198,216,1198,0.14043961534449886,0.0,0.11885389045795326,0.11885389045795326,1.54835338583893
14,django__django-13112,1791023877.1557517,6.374511480331421,31588,29792,1796,0,0,1424,372,1424,0.20179094043675647,0.0,0.15972349616427822,0.15972349616427822,2.8656851094499824
0,sympy__sympy-15875,1791023879.5672593,6.690030813217163,14386,12544,1842,0,0,1262,580,1262,0.1744835374202025,0.0,0.11916840976290463,0.11916840976290463,1.0958767896099852
29,sympy__sympy-15875,1791023881.3659706,5.3062708377838135,18992,17248,1744,0,0,1414,330,1414,0.17351001808335262,0.0,0.14043961534449886,0.14043961534449886,1.54835338583893
13,django__django-13112,1791023881.4122837,10.279914379119873,41538,40768,770,0,0,15,755,15,0.09476020272955003,0.0,0.001840182103233551,0.001840182103233551,4.150468368008018
14,django__django-13112,1791023883.7932,3.551555633544922,31842,31360,482,0,0,228,254,228,0.05460491952013477,0.0,0.025800074951229404,0.025800074951229404,3.04167597493551
0,sympy__sympy-15875,1791023886.8412137,9.079466819763184,14651,14112,539,0,0,274,265,274,0.051562429384752376,0.0,0.026174538684808853,0.026174538684808853,1.244185788345379
14,django__django-13112,1791023887.4753413,3.25008487701416,32297,31360,937,0,0,482,455,482,0.10636924559431991,0.0,0.05460491952013477,0.05460491952013477,3.04167597493551
29,sympy__sympy-15875,1791023887.9529574,3.538482189178467,19341,18816,525,0,0,176,349,176,0.052747151810070995,0.0,0.01765141932519532,0.01765141932519532,1.7042119845970873
14,django__django-13112,1791023890.867095,4.790946960449219,33069,31360,1709,0,0,937,772,937,0.19468272577886395,0.0,0.10636924559431991,0.10636924559431991,3.04167597493551
13,django__django-13112,1791023891.8553147,8.747992992401123,42236,40768,1468,0,0,770,698,770,0.18118411041894278,0.0,0.09476020272955003,0.09476020272955003,4.150468368008018
29,sympy__sympy-15875,1791023894.9361033,36.68126463890076,19672,18816,856,0,0,525,331,525,0.08614797992708972,0.0,0.052747151810070995,0.052747151810070995,1.7042119845970873
14,django__django-13112,1791023895.8106077,2.6839942932128906,33397,32928,469,0,0,141,328,141,0.053881765522586625,0.0,0.016175326952415667,0.016175326952415667,3.2201833737619583
14,django__django-13112,1791023898.6500797,8.15944218635559,34589,32928,1661,0,0,469,1192,469,0.1918397389404916,0.0,0.053881765522586625,0.053881765522586625,3.2201833737619583
15,pytest-dev__pytest-10051,1791023900.0496943,5.8743860721588135,9218,7840,1378,0,0,982,396,982,0.12356910062551837,0.0,0.08785966127398442,0.08785966127398442,0.6660489934493318
13,django__django-13112,1791023901.5266562,5.2580835819244385,43357,40768,2589,0,0,1468,1121,1468,0.3210259554833741,0.0,0.18118411041894278,0.18118411041894278,4.150468368008018
11,sympy__sympy-18211,1791023903.532495,150.68927884101868,21913,20384,1529,0,0,988,541,988,0.15685937793901827,0.0,0.10108489817888372,0.10108489817888372,1.8625871166961658
0,sympy__sympy-15875,1791023904.6007125,18.356850385665894,15070,14112,958,0,0,539,419,539,0.09185071087663675,0.0,0.051562429384752376,0.051562429384752376,1.244185788345379
15,pytest-dev__pytest-10051,1791023906.0773358,8.799030542373657,9449,7840,1609,0,0,1378,231,1378,0.14447373112719245,0.0,0.12356910062551837,0.12356910062551837,0.6660489934493318
13,django__django-13112,1791023906.9345987,3.21301531791687,43702,42336,1366,0,0,1021,345,1021,0.17071605392703543,0.0,0.12741935661139847,0.12741935661139847,4.344074966879994
14,django__django-13112,1791023907.0772483,50.42427110671997,35248,34496,752,0,0,93,659,93,0.08771046636006799,0.0,0.010815806773122102,0.010815806773122102,3.4012073059293275
6,django__django-11749,1791023910.2353399,370.0963821411133,13534,12544,990,0,0,524,466,524,0.09334612350760235,0.0,0.04928247544857752,0.04928247544857752,1.0958767896099852
13,django__django-13112,1791023910.300043,7.84151029586792,44228,42336,1892,0,0,1366,526,1366,0.23696229860820903,0.0,0.17071605392703543,0.17071605392703543,4.344074966879994
15,pytest-dev__pytest-10051,1791023915.0607076,3.953627586364746,9690,9408,282,0,0,41,241,41,0.025582140907733426,0.0,0.0037143324145624437,0.0037143324145624437,0.8068083921619618
13,django__django-13112,1791023918.332516,7.805570363998413,44852,43904,948,0,0,324,624,324,0.1197951183261697,0.0,0.040839166395312224,0.040839166395312224,4.5401980990928905
15,pytest-dev__pytest-10051,1791023919.4043784,3.532775402069092,9996,9408,588,0,0,282,306,282,0.0534335682691925,0.0,0.025582140907733426,0.025582140907733426,0.8068083921619618
15,pytest-dev__pytest-10051,1791023924.3432963,123.37759137153625,10879,9408,1471,0,0,588,883,588,0.13433953736366577,0.0,0.0534335682691925,0.0534335682691925,0.8068083921619618
13,django__django-13112,1791023926.3240492,9.834132432937622,45121,43904,1217,0,0,948,269,948,0.15395515688134742,0.0,0.1197951183261697,0.1197951183261697,4.5401980990928905
0,sympy__sympy-15875,1791023931.3009555,4.059754133224487,15676,14112,1564,0,0,958,606,958,0.15043757139038932,0.0,0.09185071087663675,0.09185071087663675,1.244185788345379
0,sympy__sympy-15875,1791023935.5139146,16.535995483398438,15822,14112,1710,0,0,1564,146,1564,0.16460874658284586,0.0,0.15043757139038932,0.15043757139038932,1.244185788345379
13,django__django-13112,1791023936.3787827,4.597999095916748,45444,43904,1540,0,0,1217,323,1217,0.19507046085423602,0.0,0.15395515688134742,0.15395515688134742,4.5401980990928905
22,django__django-13112,1791023936.6484737,11.724474668502808,34043,32928,1115,0,0,724,391,724,0.12846706811734496,0.0,0.08327230563259866,0.08327230563259866,3.2201833737619583
29,sympy__sympy-15875,1791023938.106368,7.657376527786255,19999,18816,1183,0,0,856,327,856,0.11925528962134857,0.0,0.08614797992708972,0.08614797992708972,1.7042119845970873
13,django__django-13112,1791023941.637909,8.722062349319458,45792,43904,1888,0,0,1540,348,1540,0.23948756786824643,0.0,0.19507046085423602,0.19507046085423602,4.5401980990928905
26,pylint-dev__pylint-6528,1791023942.8449347,27.19817304611206,16064,0,16064,0,15680,328,56,16008,1.432331796916342,1.3950113204216938,0.031868506689976366,1.4268798271116703,0.0
22,django__django-13112,1791023948.7821841,3.145894765853882,34172,32928,1244,0,0,1115,129,1115,0.14341220209478328,0.0,0.12846706811734496,0.12846706811734496,3.2201833737619583
29,sympy__sympy-15875,1791023948.9320817,23.675137281417847,20645,18816,1829,0,0,1183,646,1183,0.18498162563509493,0.0,0.11925528962134857,0.11925528962134857,1.7042119845970873
13,django__django-13112,1791023950.9337034,3.476414680480957,45969,45472,497,0,0,320,177,320,0.06348691877353156,0.0,0.040847902314428405,0.040847902314428405,4.738837764646709
22,django__django-13112,1791023952.0674915,21.102749347686768,34485,32928,1557,0,0,1244,313,1244,0.17974522866683923,0.0,0.14341220209478328,0.14341220209478328,3.2201833737619583
27,pylint-dev__pylint-6528,1791023953.6511705,99.84760856628418,17760,17248,512,0,0,86,426,86,0.05061590030170435,0.0,0.008483140049741829,0.008483140049741829,1.54835338583893
13,django__django-13112,1791023954.542823,5.901089906692505,46331,45472,859,0,0,497,362,497,0.10988804093555328,0.0,0.06348691877353156,0.06348691877353156,4.738837764646709
0,sympy__sympy-15875,1791023956.4207313,58.82853817939758,16436,15680,756,0,0,142,614,142,0.07361861610583237,0.0,0.013783214506530974,0.013783214506530974,1.3950113204216938
14,django__django-13112,1791023957.761375,117.94407606124878,36241,34496,1745,0,0,752,993,752,0.204417070133675,0.0,0.08771046636006799,0.08771046636006799,3.4012073059293275
13,django__django-13112,1791023960.5937555,2.5490217208862305,46480,45472,1008,0,0,859,149,859,0.12902581153350212,0.0,0.10988804093555328,0.10988804093555328,4.738837764646709
13,django__django-13112,1791023963.6585336,2.58096981048584,46934,45472,1462,0,0,1008,454,1008,0.1874783182556698,0.0,0.12902581153350212,0.12902581153350212,4.738837764646709
13,django__django-13112,1791023966.3926497,2.1474318504333496,47033,45472,1561,0,0,1462,99,1462,0.2002525879648139,0.0,0.1874783182556698,0.1874783182556698,4.738837764646709
13,django__django-13112,1791023969.128714,3.537245273590088,47168,45472,1696,0,0,1561,135,1561,0.21768821368753666,0.0,0.2002525879648139,0.2002525879648139,4.738837764646709
26,pylint-dev__pylint-6528,1791023970.2500823,24.325308322906494,16889,15680,1209,0,0,384,825,384,0.11801164666699454,0.0,0.03732047649464819,0.03732047649464819,1.3950113204216938
22,django__django-13112,1791023973.531254,16.81009578704834,35376,32928,2448,0,0,1557,891,1557,0.2837214861463416,0.0,0.17974522866683923,0.17974522866683923,3.2201833737619583
13,django__django-13112,1791023973.689556,14.161221265792847,47399,47040,359,0,0,128,231,128,0.04640957637564484,0.0,0.016532014792797395,0.016532014792797395,4.939993963541448
29,sympy__sympy-15875,1791023987.030369,5.081894636154175,21212,20384,828,0,0,261,567,261,0.08464707399467702,0.0,0.026606493536016407,0.026606493536016407,1.8625871166961658
13,django__django-13112,1791023988.305208,3.338576316833496,47861,47040,821,0,0,359,462,359,0.10632855306543071,0.0,0.04640957637564484,0.04640957637564484,4.939993963541448
22,django__django-13112,1791023990.7818735,5.8623645305633545,36021,34496,1525,0,0,880,645,880,0.17847358940875438,0.0,0.10269755397897205,0.10269755397897205,3.4012073059293275
13,django__django-13112,1791023992.0958202,16.398982048034668,47998,47040,958,0,0,821,137,821,0.12413873240256346,0.0,0.10632855306543071,0.10632855306543071,4.939993963541448
29,sympy__sympy-15875,1791023993.1372406,4.81108832359314,21569,20384,1185,0,0,828,357,828,0.12135996195474902,0.0,0.08464707399467702,0.08464707399467702,1.8625871166961658
26,pylint-dev__pylint-6528,1791023994.7287128,4.901395082473755,17418,15680,1738,0,0,1209,529,1209,0.1701183713623797,0.0,0.11801164666699454,0.11801164666699454,1.3950113204216938
22,django__django-13112,1791023996.8225458,2.8778114318847656,36168,34496,1672,0,0,1525,147,1525,0.19580305965288583,0.0,0.17847358940875438,0.17847358940875438,3.4012073059293275
26,pylint-dev__pylint-6528,1791023999.773306,87.02923607826233,17853,17248,605,0,0,170,435,170,0.05983859918789044,0.0,0.016776305945143604,0.016776305945143604,1.54835338583893
22,django__django-13112,1791024000.2109156,4.636004209518433,36812,36064,748,0,0,104,644,104,0.08844287920938232,0.0,0.012262594144595122,0.012262594144595122,3.5847477714376184
22,django__django-13112,1791024005.1369042,2.6794984340667725,37114,36064,1050,0,0,748,302,748,0.12431338491094165,0.0,0.08844287920938232,0.08844287920938232,3.5847477714376184
13,django__django-13112,1791024008.9498987,11.598724365234375,48485,47040,1445,0,0,958,487,958,0.18760489272194356,0.0,0.12413873240256346,0.12413873240256346,4.939993963541448
22,django__django-13112,1791024009.2271533,3.9490675926208496,37332,36064,1268,0,0,1050,218,1050,0.15026467887669376,0.0,0.12431338491094165,0.12431338491094165,3.5847477714376184
29,sympy__sympy-15875,1791024010.770405,16.56904435157776,21914,20384,1530,0,0,1185,345,1185,0.15696275047870534,0.0,0.12135996195474902,0.12135996195474902,1.8625871166961658
2,sympy__sympy-13757,1791024013.3249362,6.902631998062134,17975,17248,727,0,0,79,648,79,0.07195061733058511,0.0,0.007792368893599636,0.007792368893599636,1.54835338583893
0,sympy__sympy-15875,1791024015.725562,41.517680644989014,17011,15680,1331,0,0,756,575,756,0.13000328672293865,0.0,0.07361861610583237,0.07361861610583237,1.3950113204216938
22,django__django-13112,1791024016.5589566,3.5120744705200195,37638,36064,1574,0,0,1268,306,1268,0.1867737848708278,0.0,0.15026467887669376,0.15026467887669376,3.5847477714376184
2,sympy__sympy-13757,1791024020.6268785,89.64941310882568,18407,17248,1159,0,0,727,432,727,0.11496155752905661,0.0,0.07195061733058511,0.07195061733058511,1.54835338583893
22,django__django-13112,1791024021.4735236,5.525148868560791,37993,37632,361,0,0,6,355,6,0.04319221238694518,0.0,0.000716786021615837,0.000716786021615837,3.7708047702868304
13,django__django-13112,1791024023.7244427,3.6304917335510254,48771,47040,1731,0,0,1445,286,1445,0.2249897434222386,0.0,0.18760489272194356,0.18760489272194356,4.939993963541448
13,django__django-13112,1791024027.9089482,3.178402900695801,48994,48608,386,0,0,163,223,163,0.05052482767871945,0.0,0.021317011186578153,0.021317011186578153,5.1436666957771076
22,django__django-13112,1791024028.303815,2.7867846488952637,38268,37632,636,0,0,361,275,361,0.07618437701092036,0.0,0.04319221238694518,0.04319221238694518,3.7708047702868304
13,django__django-13112,1791024031.2169254,3.233686685562134,49133,48608,525,0,0,386,139,386,0.06875634828691357,0.0,0.05052482767871945,0.05052482767871945,5.1436666957771076
22,django__django-13112,1791024031.229228,3.6009225845336914,38452,37632,820,0,0,636,184,636,0.09830235705166462,0.0,0.07618437701092036,0.07618437701092036,3.7708047702868304
29,sympy__sympy-15875,1791024033.1480775,5.67557692527771,22467,20384,2083,0,0,1530,553,1530,0.21428455388309306,0.0,0.15696275047870534,0.15696275047870534,1.8625871166961658
20,django__django-14787,1791024033.2034805,6.166857481002808,10746,9408,1338,0,0,909,429,909,0.12210219783434559,0.0,0.08275326545467648,0.08275326545467648,0.8068083921619618
22,django__django-13112,1791024035.367493,5.93717360496521,39145,37632,1513,0,0,820,693,820,0.18191643941097724,0.0,0.09830235705166462,0.09830235705166462,3.7708047702868304
13,django__django-13112,1791024035.7888656,6.858475685119629,49350,48608,742,0,0,525,217,525,0.09725804213839753,0.0,0.06875634828691357,0.06875634828691357,5.1436666957771076
20,django__django-14787,1791024039.523823,19.68065857887268,11137,9408,1729,0,0,1338,391,1338,0.15812976286698358,0.0,0.12210219783434559,0.12210219783434559,0.8068083921619618
29,sympy__sympy-15875,1791024039.9805267,5.167098045349121,22834,21952,882,0,0,515,367,515,0.09160746025083438,0.0,0.05339288844309332,0.05339288844309332,2.0234787821361655
22,django__django-13112,1791024041.4522245,2.6292552947998047,39341,37632,1709,0,0,1513,196,1513,0.2056540407779312,0.0,0.18191643941097724,0.18191643941097724,3.7708047702868304
13,django__django-13112,1791024042.7956722,8.79004716873169,49697,48608,1089,0,0,742,347,742,0.14293464226829486,0.0,0.09725804213839753,0.09725804213839753,5.1436666957771076
22,django__django-13112,1791024044.2149515,82.52828621864319,40694,39200,1494,0,0,141,1353,141,0.18201520438363258,0.0,0.017080508587798044,0.017080508587798044,3.9593783024769635
29,sympy__sympy-15875,1791024045.2839227,3.3153908252716064,23252,21952,1300,0,0,882,418,882,0.1353004332045245,0.0,0.09160746025083438,0.09160746025083438,2.0234787821361655
15,pytest-dev__pytest-10051,1791024047.884286,5.821066617965698,11364,9408,1956,0,0,1471,485,1471,0.17911781696728632,0.0,0.13433953736366577,0.13433953736366577,0.8068083921619618
29,sympy__sympy-15875,1791024048.7737865,12.237425327301025,23644,21952,1692,0,0,1300,392,1300,0.1764381607917726,0.0,0.1353004332045245,0.1353004332045245,2.0234787821361655
13,django__django-13112,1791024053.072198,5.6652750968933105,50116,48608,1508,0,0,1089,419,1089,0.1982530646472049,0.0,0.14293464226829486,0.14293464226829486,5.1436666957771076
27,pylint-dev__pylint-6528,1791024053.8084223,470.20019006729126,18546,17248,1298,0,0,512,786,512,0.12884134499850025,0.0,0.05061590030170435,0.05061590030170435,1.54835338583893
11,sympy__sympy-18211,1791024054.458585,149.28253841400146,23527,20384,3143,0,0,1529,1614,1529,0.3250350074473194,0.0,0.15685937793901827,0.15685937793901827,1.8625871166961658
15,pytest-dev__pytest-10051,1791024055.3604765,20.04096531867981,11765,10976,789,0,0,388,401,388,0.0730465782672627,0.0,0.03584188491373509,0.03584188491373509,0.9500843242155129
0,sympy__sympy-15875,1791024057.8027465,6.274278163909912,17364,15680,1684,0,0,1331,353,1331,0.1647862213512401,0.0,0.13000328672293865,0.13000328672293865,1.3950113204216938
13,django__django-13112,1791024058.872888,6.787973165512085,50494,48608,1886,0,0,1508,378,1508,0.24831264811817116,0.0,0.1982530646472049,0.1982530646472049,5.1436666957771076
10,sympy__sympy-15875,1791024059.1897671,95.33117008209229,18512,17248,1264,0,0,879,385,879,0.12544446202762313,0.0,0.08706231506961018,0.08706231506961018,1.54835338583893
20,django__django-14787,1791024059.369586,7.405592679977417,11633,10976,657,0,0,161,496,161,0.060781474619439675,0.0,0.01485383081343237,0.01485383081343237,0.9500843242155129
29,sympy__sympy-15875,1791024061.683855,29.729939460754395,23872,23520,352,0,0,124,228,124,0.03702935241375277,0.0,0.01302996201085161,0.01302996201085161,2.1868869809170866
20,django__django-14787,1791024067.090245,19.215452671051025,11967,10976,991,0,0,657,334,657,0.0918504321022043,0.0,0.060781474619439675,0.060781474619439675,0.9500843242155129
15,pytest-dev__pytest-10051,1791024075.7159662,16.655210494995117,12493,10976,1517,0,0,789,728,789,0.14101089643957787,0.0,0.0730465782672627,0.0730465782672627,0.9500843242155129
14,django__django-13112,1791024075.8557386,33.55339431762695,36963,36064,899,0,0,177,722,177,0.10636646303783356,0.0,0.020876604625384276,0.020876604625384276,3.5847477714376184
0,sympy__sympy-15875,1791024080.066849,6.254742860794067,17578,17248,330,0,0,116,214,116,0.03259279217801134,0.0,0.01144415593400402,0.01144415593400402,1.54835338583893
17,pylint-dev__pylint-6528,1791024080.9627585,255.44696736335754,19143,0,19143,0,18816,38,289,18854,1.7370327893680542,1.7042119845970873,0.0038084181423312046,1.7080204027394186,0.0
20,django__django-14787,1791024086.478678,2.92056941986084,12313,10976,1337,0,0,991,346,991,0.12415605039487396,0.0,0.0918504321022043,0.0918504321022043,0.9500843242155129
26,pylint-dev__pylint-6528,1791024086.957168,462.5975067615509,18095,17248,847,0,0,605,242,605,0.08387893979645937,0.0,0.05983859918789044,0.05983859918789044,1.54835338583893
20,django__django-14787,1791024089.8404481,31.07232666015625,12929,10976,1953,0,0,1337,616,1337,0.18197453004127806,0.0,0.12415605039487396,0.12415605039487396,0.9500843242155129
15,pytest-dev__pytest-10051,1791024092.6939054,19.4144868850708,13181,10976,2205,0,0,1517,688,1517,0.20573948844751933,0.0,0.14101089643957787,0.14101089643957787,0.9500843242155129
0,sympy__sympy-15875,1791024101.6452794,5.53467321395874,17870,17248,622,0,0,330,292,330,0.06152542589933911,0.0,0.03259279217801134,0.03259279217801134,1.54835338583893
0,sympy__sympy-15875,1791024108.472933,116.18749213218689,18227,17248,979,0,0,622,357,622,0.09701711825168374,0.0,0.06152542589933911,0.06152542589933911,1.54835338583893
14,django__django-13112,1791024109.5622382,21.856897354125977,37295,36064,1231,0,0,899,332,899,0.145856674091402,0.0,0.10636646303783356,0.10636646303783356,3.5847477714376184
2,sympy__sympy-13757,1791024110.7503626,4.745333433151245,19122,17248,1874,0,0,1159,715,1159,0.18656835674698746,0.0,0.11496155752905661,0.11496155752905661,1.54835338583893
2,sympy__sympy-13757,1791024115.6295252,43.86143374443054,19315,18816,499,0,0,306,193,306,0.050128272118980265,0.0,0.030709757988830157,0.030709757988830157,1.7042119845970873
15,pytest-dev__pytest-10051,1791024119.9161003,2.5912628173828125,13568,12544,1024,0,0,637,387,637,0.09656976799182286,0.0,0.05994702305304687,0.05994702305304687,1.0958767896099852
20,django__django-14787,1791024121.0863733,10.232324600219727,13797,12544,1253,0,0,385,868,385,0.11831278450382222,0.0,0.036182064646805616,0.036182064646805616,1.0958767896099852
15,pytest-dev__pytest-10051,1791024124.608809,11.187493562698364,13709,12544,1165,0,0,1024,141,1024,0.10995103938604292,0.0,0.09656976799182286,0.09656976799182286,1.0958767896099852
22,django__django-13112,1791024126.889492,148.7013657093048,41098,39200,1898,0,0,1494,404,1494,0.23162727099832595,0.0,0.18201520438363258,0.18201520438363258,3.9593783024769635
20,django__django-14787,1791024131.5406482,20.54581046104431,14030,12544,1486,0,0,1253,233,1253,0.14049068242036097,0.0,0.11831278450382222,0.11831278450382222,1.0958767896099852
14,django__django-13112,1791024131.6601565,387.3809463977814,37582,36064,1518,0,0,1231,287,1231,0.18008521497739333,0.0,0.145856674091402,0.145856674091402,3.5847477714376184
15,pytest-dev__pytest-10051,1791024136.036416,7.653703927993774,13963,12544,1419,0,0,1165,254,1165,0.13410765498663435,0.0,0.10995103938604292,0.10995103938604292,1.0958767896099852
15,pytest-dev__pytest-10051,1791024143.8503513,70.98294281959534,14102,12544,1558,0,0,1419,139,1419,0.14735517704696277,0.0,0.13410765498663435,0.13410765498663435,1.0958767896099852
20,django__django-14787,1791024152.263679,16.46718144416809,14308,12544,1764,0,0,1486,278,1486,0.1670245673278514,0.0,0.14049068242036097,0.14049068242036097,1.0958767896099852
10,sympy__sympy-15875,1791024155.0062482,102.6789321899414,18950,17248,1702,0,0,1264,438,1264,0.16929486728285756,0.0,0.12544446202762313,0.12544446202762313,1.54835338583893
2,sympy__sympy-13757,1791024159.6602452,5.0885419845581055,19716,18816,900,0,0,499,401,499,0.09059641348003546,0.0,0.050128272118980265,0.050128272118980265,1.7042119845970873
2,sympy__sympy-13757,1791024165.2824092,8.286560773849487,20186,18816,1370,0,0,900,470,900,0.13823740692067082,0.0,0.09059641348003546,0.09059641348003546,1.7042119845970873
20,django__django-14787,1791024168.9585283,10.789525508880615,14730,14112,618,0,0,196,422,196,0.05914480295990421,0.0,0.01871556859245773,0.01871556859245773,1.244185788345379
2,sympy__sympy-13757,1791024173.7270467,2.9096081256866455,20327,18816,1511,0,0,1370,141,1370,0.15257379503411292,0.0,0.13823740692067082,0.13823740692067082,1.7042119845970873
2,sympy__sympy-13757,1791024178.6746416,4.401911497116089,20811,18816,1995,0,0,1511,484,1511,0.20194003904797375,0.0,0.15257379503411292,0.15257379503411292,1.7042119845970873
20,django__django-14787,1791024179.9529145,4.760205268859863,15055,14112,943,0,0,618,325,618,0.09040530826263239,0.0,0.05914480295990421,0.05914480295990421,1.244185788345379
2,sympy__sympy-13757,1791024185.1070313,2.7914323806762695,20942,20384,558,0,0,427,131,427,0.05696766296782141,0.0,0.04356490694889523,0.04356490694889523,1.8625871166961658
20,django__django-14787,1791024188.974144,5.267908811569214,15594,14112,1482,0,0,943,539,943,0.14248798637875784,0.0,0.09040530826263239,0.09040530826263239,1.244185788345379
2,sympy__sympy-13757,1791024190.2271812,5.387570381164551,21553,20384,1169,0,0,558,611,558,0.11971177416181833,0.0,0.05696766296782141,0.05696766296782141,1.8625871166961658
2,sympy__sympy-13757,1791024198.2233448,13.973881483078003,21743,20384,1359,0,0,1169,190,1169,0.13930092354317014,0.0,0.11971177416181833,0.11971177416181833,1.8625871166961658
20,django__django-14787,1791024198.4215798,5.077304363250732,15779,14112,1667,0,0,1482,185,1482,0.16043277764078373,0.0,0.14248798637875784,0.14248798637875784,1.244185788345379
11,sympy__sympy-18211,1791024204.5434551,426.52234864234924,24171,23520,651,0,0,7,644,7,0.068582879398836,0.0,0.0007351432263986754,0.0007351432263986754,2.1868869809170866
20,django__django-14787,1791024204.7975996,8.548486471176147,16205,15680,525,0,0,99,426,99,0.05106197323356125,0.0,0.00960724556446884,0.00960724556446884,1.3950113204216938
2,sympy__sympy-13757,1791024212.3814175,2.232288122177124,22039,20384,1655,0,0,1359,296,1359,0.1698923784238514,0.0,0.13930092354317014,0.13930092354317014,1.8625871166961658
2,sympy__sympy-13757,1791024214.7690918,47.025158643722534,22470,21952,518,0,0,87,431,87,0.0537047102788272,0.0,0.009000712983851649,0.009000712983851649,2.0234787821361655
15,pytest-dev__pytest-10051,1791024216.2373753,12.893962383270264,14262,12544,1718,0,0,1558,160,1558,0.1626286067045432,0.0,0.14735517704696277,0.14735517704696277,1.0958767896099852
20,django__django-14787,1791024219.0671222,5.127187967300415,16519,15680,839,0,0,525,314,525,0.08173672181751064,0.0,0.05106197323356125,0.05106197323356125,1.3950113204216938
15,pytest-dev__pytest-10051,1791024229.2992523,3.9165079593658447,14780,14112,668,0,0,150,518,150,0.06394707453731076,0.0,0.014319607969149528,0.014319607969149528,1.244185788345379
20,django__django-14787,1791024229.829814,4.967751979827881,16730,15680,1050,0,0,839,211,839,0.10240606341631497,0.0,0.08173672181751064,0.08173672181751064,1.3950113204216938
0,sympy__sympy-15875,1791024230.621974,12.686403036117554,18923,17248,1675,0,0,979,696,979,0.16658608092267777,0.0,0.09701711825168374,0.09701711825168374,1.54835338583893
20,django__django-14787,1791024241.269705,7.724792718887329,17000,15680,1320,0,0,1050,270,1050,0.1289214483958249,0.0,0.10240606341631497,0.10240606341631497,1.3950113204216938
0,sympy__sympy-15875,1791024245.1202714,21.45053720474243,19420,18816,604,0,0,107,497,107,0.06070876221368651,0.0,0.01072748216452044,0.01072748216452044,1.7042119845970873
20,django__django-14787,1791024251.1384568,5.958975315093994,17548,15680,1868,0,0,1320,548,1320,0.18296727049714828,0.0,0.1289214483958249,0.1289214483958249,1.3950113204216938
20,django__django-14787,1791024257.5820682,4.344478368759155,17712,17248,464,0,0,300,164,300,0.04585926135600702,0.0,0.029625205079912172,0.029625205079912172,1.54835338583893
10,sympy__sympy-15875,1791024257.8658583,58.11213946342468,19782,18816,966,0,0,134,832,134,0.09727277930886657,0.0,0.013436268524700224,0.013436268524700224,1.7042119845970873
20,django__django-14787,1791024262.7601361,4.641754627227783,17961,17248,713,0,0,464,249,464,0.07055993980280308,0.0,0.04585926135600702,0.04585926135600702,1.54835338583893
0,sympy__sympy-15875,1791024267.05957,3.268878936767578,19789,18816,973,0,0,604,369,604,0.09798114023288858,0.0,0.06070876221368651,0.06070876221368651,1.7042119845970873
20,django__django-14787,1791024267.8604565,4.0849690437316895,18133,17248,885,0,0,713,172,713,0.08765931461843147,0.0,0.07055993980280308,0.07055993980280308,1.54835338583893
2,sympy__sympy-13757,1791024268.5160227,5.445869207382202,22861,21952,909,0,0,518,391,518,0.09442433079598968,0.0,0.0537047102788272,0.0537047102788272,2.0234787821361655
0,sympy__sympy-15875,1791024270.4869475,38.75142478942871,20184,18816,1368,0,0,973,395,973,0.13803420026594382,0.0,0.09798114023288858,0.09798114023288858,1.7042119845970873
20,django__django-14787,1791024272.0996575,4.8486549854278564,18288,17248,1040,0,0,885,155,885,0.10309457435249106,0.0,0.08765931461843147,0.08765931461843147,1.54835338583893
22,django__django-13112,1791024275.750283,12.573458433151245,41507,40768,739,0,0,330,409,330,0.09093345728647753,0.0,0.04053720546727156,0.04053720546727156,4.150468368008018
20,django__django-14787,1791024277.105956,2.7770960330963135,18600,17248,1352,0,0,1040,312,1040,0.1342388263860863,0.0,0.10309457435249106,0.10309457435249106,1.54835338583893
20,django__django-14787,1791024280.0820646,6.998570203781128,18744,17248,1496,0,0,1352,144,1352,0.14864670186582665,0.0,0.1342388263860863,0.1342388263860863,1.54835338583893
6,django__django-11749,1791024280.6050928,38.74373984336853,13848,12544,1304,0,0,990,314,990,0.12316242386448223,0.0,0.09334612350760235,0.09334612350760235,1.0958767896099852
2,sympy__sympy-13757,1791024281.3351448,11.113807678222656,23264,21952,1312,0,0,909,403,909,0.13655741769386054,0.0,0.09442433079598968,0.09442433079598968,2.0234787821361655
20,django__django-14787,1791024287.9361124,6.19547963142395,19006,17248,1758,0,0,1496,262,1496,0.17491546958317875,0.0,0.14864670186582665,0.14864670186582665,1.54835338583893
22,django__django-13112,1791024288.5063848,2.878594160079956,42130,40768,1362,0,0,739,623,739,0.16802744781646506,0.0,0.09093345728647753,0.09093345728647753,4.150468368008018
22,django__django-13112,1791024291.56134,3.2746033668518066,42704,40768,1936,0,0,1362,574,1362,0.23940949662305064,0.0,0.16802744781646506,0.16802744781646506,4.150468368008018
20,django__django-14787,1791024294.2581089,2.0581750869750977,19175,18816,359,0,0,190,169,190,0.03603850593621058,0.0,0.019056870825021426,0.019056870825021426,1.7042119845970873
22,django__django-13112,1791024295.0103135,3.886106252670288,43257,42336,921,0,0,368,553,368,0.1148923633401795,0.0,0.04580289775107506,0.04580289775107506,4.344074966879994
20,django__django-14787,1791024296.492953,3.856692314147949,20400,18816,1584,0,0,359,1225,359,0.1600041753462761,0.0,0.03603850593621058,0.03603850593621058,1.7042119845970873
22,django__django-13112,1791024299.0262523,3.33280873298645,43569,42336,1233,0,0,921,312,921,0.15401043330962508,0.0,0.1148923633401795,0.1148923633401795,4.344074966879994
20,django__django-14787,1791024300.504686,6.958578586578369,20564,20384,180,0,0,16,164,16,0.018341844181476163,0.0,0.0016290432471975527,0.0016290432471975527,1.8625871166961658
22,django__django-13112,1791024302.5254493,2.972757339477539,43766,42336,1430,0,0,1233,197,1233,0.17876130129222567,0.0,0.15401043330962508,0.15401043330962508,4.344074966879994
22,django__django-13112,1791024305.663415,22.324478149414062,44061,42336,1725,0,0,1430,295,1430,0.21589906308588494,0.0,0.17876130129222567,0.17876130129222567,4.344074966879994
20,django__django-14787,1791024307.6572795,3.125929117202759,20697,20384,313,0,0,180,133,180,0.031915733804415744,0.0,0.018341844181476163,0.018341844181476163,1.8625871166961658
2,sympy__sympy-13757,1791024309.7879534,8.91638445854187,23787,21952,1835,0,0,1312,523,1312,0.19148418938895378,0.0,0.13655741769386054,0.13655741769386054,2.0234787821361655
20,django__django-14787,1791024310.9231248,3.8652024269104004,20989,20384,605,0,0,313,292,313,0.06178056688082072,0.0,0.031915733804415744,0.031915733804415744,1.8625871166961658
10,sympy__sympy-15875,1791024316.6019597,16.21837329864502,19976,18816,1160,0,0,966,194,966,0.11692306258402113,0.0,0.09727277930886657,0.09727277930886657,1.7042119845970873
6,django__django-11749,1791024319.5073686,8.272338151931763,14154,12544,1610,0,0,1304,306,1304,0.15231616754728788,0.0,0.12316242386448223,0.12316242386448223,1.0958767896099852
0,sympy__sympy-15875,1791024322.9344175,9.965815305709839,20821,18816,2005,0,0,1368,637,1368,0.20296253094455458,0.0,0.13803420026594382,0.13803420026594382,1.7042119845970873
6,django__django-11749,1791024327.9403398,10.25568437576294,14416,14112,304,0,0,42,262,42,0.029045031492475733,0.0,0.0040071688118942265,0.0040071688118942265,1.244185788345379
22,django__django-13112,1791024328.4729733,332.7482330799103,44611,43904,707,0,0,157,550,157,0.08925367400036766,0.0,0.019775930872988134,0.019775930872988134,4.5401980990928905
0,sympy__sympy-15875,1791024333.3831034,47.39416527748108,21201,20384,817,0,0,437,380,437,0.08351793623413334,0.0,0.04458739884547606,0.04458739884547606,1.8625871166961658
10,sympy__sympy-15875,1791024333.3963282,6.675880193710327,20833,18816,2017,0,0,1160,857,1160,0.20418965632952113,0.0,0.11692306258402113,0.11692306258402113,1.7042119845970873
17,pylint-dev__pylint-6528,1791024336.6837165,311.1422493457794,19611,18816,795,0,0,327,468,327,0.07998411134077266,0.0,0.03282080477096682,0.03282080477096682,1.7042119845970873
6,django__django-11749,1791024338.3546042,11.172551155090332,14752,14112,640,0,0,304,336,304,0.061257487199467484,0.0,0.029045031492475733,0.029045031492475733,1.244185788345379
20,django__django-14787,1791024339.5176203,6.925050497055054,21243,20384,859,0,0,605,254,605,0.08782985583502954,0.0,0.06178056688082072,0.06178056688082072,1.8625871166961658
10,sympy__sympy-15875,1791024340.608409,6.987731695175171,21066,20384,682,0,0,449,233,449,0.06967042356594827,0.0,0.045814524230442605,0.045814524230442605,1.8625871166961658
20,django__django-14787,1791024346.621455,78.38813853263855,21572,20384,1188,0,0,859,329,859,0.12166902633719989,0.0,0.08782985583502954,0.08782985583502954,1.8625871166961658
10,sympy__sympy-15875,1791024348.1122913,14.583807706832886,21351,20384,967,0,0,682,285,682,0.09892593987828992,0.0,0.06967042356594827,0.06967042356594827,1.8625871166961658
6,django__django-11749,1791024349.6842475,3.3691439628601074,15118,14112,1006,0,0,640,366,640,0.09647754685442916,0.0,0.061257487199467484,0.061257487199467484,1.244185788345379
6,django__django-11749,1791024353.1805642,144.3087179660797,15504,14112,1392,0,0,1006,386,1006,0.13377075440223135,0.0,0.09647754685442916,0.09647754685442916,1.244185788345379
2,sympy__sympy-13757,1791024354.115288,21.407294511795044,24401,23520,881,0,0,267,614,267,0.0929170911141653,0.0,0.028075990608032817,0.028075990608032817,2.1868869809170866
10,sympy__sympy-15875,1791024363.2216518,10.698752164840698,21640,20384,1256,0,0,967,289,967,0.12867695653104025,0.0,0.09892593987828992,0.09892593987828992,1.8625871166961658
10,sympy__sympy-15875,1791024374.4634132,3.2855277061462402,21956,20384,1572,0,0,1256,316,1256,0.16130532141442427,0.0,0.12867695653104025,0.12867695653104025,1.8625871166961658
10,sympy__sympy-15875,1791024378.4300327,20.32823348045349,22064,21952,112,0,0,4,108,4,0.01158855773580054,0.0,0.00041365597442452964,0.00041365597442452964,2.0234787821361655
0,sympy__sympy-15875,1791024381.4278715,21.583877325057983,21888,20384,1504,0,0,817,687,817,0.15427539710174765,0.0,0.08351793623413334,0.08351793623413334,1.8625871166961658
2,sympy__sympy-13757,1791024392.4235013,8.198125839233398,25308,23520,1788,0,0,881,907,881,0.1894063004178659,0.0,0.0929170911141653,0.0929170911141653,2.1868869809170866
10,sympy__sympy-15875,1791024398.9066992,6.372509002685547,22785,21952,833,0,0,112,721,112,0.08649726771079448,0.0,0.01158855773580054,0.01158855773580054,2.0234787821361655
0,sympy__sympy-15875,1791024403.1550233,11.396621704101562,22560,20384,2176,0,0,1504,672,1504,0.22395531436247992,0.0,0.15427539710174765,0.15427539710174765,1.8625871166961658
10,sympy__sympy-15875,1791024406.0591805,3.5078670978546143,23392,21952,1440,0,0,833,607,833,0.14997442328665048,0.0,0.08649726771079448,0.08649726771079448,2.0234787821361655
10,sympy__sympy-15875,1791024409.739197,3.239407539367676,23523,21952,1571,0,0,1440,131,1440,0.16372325402234195,0.0,0.14997442328665048,0.14997442328665048,2.0234787821361655
0,sympy__sympy-15875,1791024415.3395813,18.117725372314453,22860,21952,908,0,0,608,300,608,0.09431998895108398,0.0,0.06306364892248016,0.06306364892248016,2.0234787821361655
10,sympy__sympy-15875,1791024415.6172295,6.437472105026245,23795,23520,275,0,0,3,272,3,0.02891834469995791,0.0,0.00031505524142094645,0.00031505524142094645,2.1868869809170866
2,sympy__sympy-13757,1791024416.86056,4.713665962219238,25515,25088,427,0,0,220,207,220,0.045620824812237115,0.0,0.023481568296023735,0.023481568296023735,2.3528117130389288
20,django__django-14787,1791024425.6421182,37.84619355201721,22048,20384,1664,0,0,1188,476,1188,0.1708239288386969,0.0,0.12166902633719989,0.12166902633719989,1.8625871166961658
10,sympy__sympy-15875,1791024426.631626,5.310833930969238,24257,23520,737,0,0,275,462,275,0.07767542071833318,0.0,0.02891834469995791,0.02891834469995791,2.1868869809170866
10,sympy__sympy-15875,1791024437.3744383,5.581725358963013,24578,23520,1058,0,0,737,321,737,0.11168072193027086,0.0,0.07767542071833318,0.07767542071833318,2.1868869809170866
2,sympy__sympy-13757,1791024437.8624375,9.194715976715088,26690,25088,1602,0,0,427,1175,427,0.17212156631940417,0.0,0.045620824812237115,0.045620824812237115,2.3528117130389288
10,sympy__sympy-15875,1791024455.2847354,11.591567516326904,24920,23520,1400,0,0,1058,342,1058,0.14802671235332268,0.0,0.11168072193027086,0.11168072193027086,2.1868869809170866
20,django__django-14787,1791024463.7906964,5.036260366439819,22653,21952,701,0,0,96,605,96,0.0727432621165829,0.0,0.009932263398697135,0.009932263398697135,2.0234787821361655
10,sympy__sympy-15875,1791024467.4152424,8.42888331413269,25447,23520,1927,0,0,1400,527,1400,0.20426792037792707,0.0,0.14802671235332268,0.14802671235332268,2.1868869809170866
20,django__django-14787,1791024468.9901378,8.222033262252808,23019,21952,1067,0,0,701,366,701,0.1109231991473216,0.0,0.0727432621165829,0.0727432621165829,2.0234787821361655
10,sympy__sympy-15875,1791024476.375309,10.68563461303711,25690,25088,602,0,0,359,243,359,0.06437179984513806,0.0,0.03834318825608486,0.03834318825608486,2.3528117130389288
20,django__django-14787,1791024477.377692,28.548096179962158,23256,21952,1304,0,0,1067,237,1067,0.13571941165744628,0.0,0.1109231991473216,0.1109231991473216,2.0234787821361655
2,sympy__sympy-13757,1791024479.257439,38.8247344493866,27063,26656,407,0,0,34,373,34,0.04413305948137962,0.0,0.0036803008566407436,0.0036803008566407436,2.521252978501692
6,django__django-11749,1791024497.6564474,21.776874780654907,16001,14112,1889,0,0,1392,497,1392,0.18201276823426663,0.0,0.13377075440223135,0.13377075440223135,1.244185788345379
14,django__django-13112,1791024519.3102517,7.07113790512085,38016,36064,1952,0,0,1518,434,1518,0.23200558965559,0.0,0.18008521497739333,0.18008521497739333,3.5847477714376184
6,django__django-11749,1791024519.5769,2.4817733764648438,16737,15680,1057,0,0,321,736,321,0.10309255714214179,0.0,0.031187236157951742,0.031187236157951742,1.3950113204216938
6,django__django-11749,1791024522.1923182,25.855714082717896,17253,15680,1573,0,0,1057,516,1057,0.15383506396448623,0.0,0.10309255714214179,0.10309255714214179,1.3950113204216938
27,pylint-dev__pylint-6528,1791024524.0210824,4.630633354187012,18602,17248,1354,0,0,1298,56,1298,0.13443879042314424,0.0,0.12884134499850025,0.12884134499850025,1.54835338583893
14,django__django-13112,1791024527.079271,5.735257148742676,38405,37632,773,0,0,384,389,384,0.09264936029753637,0.0,0.04594859080637809,0.04594859080637809,3.7708047702868304
27,pylint-dev__pylint-6528,1791024528.8249698,31.564249753952026,19357,17248,2109,0,0,1354,755,1354,0.21021771275366397,0.0,0.13443879042314424,0.13443879042314424,1.54835338583893
14,django__django-13112,1791024533.442831,4.787891626358032,38825,37632,1193,0,0,773,420,773,0.1432456764547724,0.0,0.09264936029753637,0.09264936029753637,3.7708047702868304
14,django__django-13112,1791024538.391686,4.393693923950195,40463,37632,2831,0,0,1193,1638,1193,0.3422965110356948,0.0,0.1432456764547724,0.1432456764547724,3.7708047702868304
14,django__django-13112,1791024542.9281423,131.18331217765808,41033,39200,1833,0,0,1263,570,1263,0.22363385456642806,0.0,0.15372297884556163,0.15372297884556163,3.9593783024769635
6,django__django-11749,1791024548.4610493,22.588388919830322,17413,17248,165,0,0,5,160,5,0.016282462966208815,0.0,0.00049299854725013,0.00049299854725013,1.54835338583893
26,pylint-dev__pylint-6528,1791024549.585235,19.15817165374756,18151,17248,903,0,0,847,56,847,0.08945053435246372,0.0,0.08387893979645937,0.08387893979645937,1.54835338583893
2,sympy__sympy-13757,1791024550.9765196,35.07841372489929,27427,26656,771,0,0,407,364,407,0.08374703951503341,0.0,0.04413305948137962,0.04413305948137962,2.521252978501692
27,pylint-dev__pylint-6528,1791024560.5471888,135.34371900558472,19746,18816,930,0,0,541,389,541,0.09363057250149237,0.0,0.05435911399550664,0.05435911399550664,1.7042119845970873
26,pylint-dev__pylint-6528,1791024568.899385,12.485331535339355,18797,17248,1549,0,0,903,646,903,0.15395494394124293,0.0,0.08945053435246372,0.08945053435246372,1.54835338583893
6,django__django-11749,1791024571.47466,15.247880697250366,18360,17248,1112,0,0,165,947,165,0.11027286593443301,0.0,0.016282462966208815,0.016282462966208815,1.54835338583893
26,pylint-dev__pylint-6528,1791024581.8984833,8.349462270736694,19018,17248,1770,0,0,1549,221,1549,0.17612030197167033,0.0,0.15395494394124293,0.15395494394124293,1.54835338583893
6,django__django-11749,1791024587.1786005,3.276740550994873,18945,17248,1697,0,0,1112,585,1112,0.1687931838836749,0.0,0.11027286593443301,0.11027286593443301,1.54835338583893
6,django__django-11749,1791024591.0098221,2.2635669708251953,19613,18816,797,0,0,129,668,129,0.08018614500312318,0.0,0.012934585125517583,0.012934585125517583,1.7042119845970873
2,sympy__sympy-13757,1791024591.4423084,16.007622957229614,27783,26656,1127,0,0,771,356,771,0.1226215612487564,0.0,0.08374703951503341,0.08374703951503341,2.521252978501692
26,pylint-dev__pylint-6528,1791024591.4795249,3.129565715789795,19346,18816,530,0,0,202,328,202,0.053250861845296815,0.0,0.02026170321351301,0.02026170321351301,1.7042119845970873
6,django__django-11749,1791024595.1654997,2.9811744689941406,19753,18816,937,0,0,797,140,797,0.09433867549001797,0.0,0.08018614500312318,0.08018614500312318,1.7042119845970873
26,pylint-dev__pylint-6528,1791024596.2099516,9.270113468170166,19609,18816,793,0,0,530,263,530,0.07978208177263636,0.0,0.053250861845296815,0.053250861845296815,1.7042119845970873
26,pylint-dev__pylint-6528,1791024606.7477405,72.62890028953552,20437,18816,1621,0,0,793,828,793,0.16377234144968322,0.0,0.07978208177263636,0.07978208177263636,1.7042119845970873
2,sympy__sympy-13757,1791024612.896104,10.179703950881958,28147,26656,1491,0,0,1127,364,1127,0.1625037941986709,0.0,0.1226215612487564,0.1226215612487564,2.521252978501692
6,django__django-11749,1791024615.1345346,4.723581075668335,20161,18816,1345,0,0,937,408,937,0.13569761800823066,0.0,0.09433867549001797,0.09433867549001797,1.7042119845970873
2,sympy__sympy-13757,1791024628.2932076,3.02052640914917,28514,26656,1858,0,0,1491,367,1491,0.20285202480952735,0.0,0.1625037941986709,0.1625037941986709,2.521252978501692
2,sympy__sympy-13757,1791024632.9508083,9.293202638626099,28713,28224,489,0,0,290,199,290,0.053830065361331794,0.0,0.03189422600584272,0.03189422600584272,2.6922107773053767
6,django__django-11749,1791024636.604931,2.8142313957214355,20308,18816,1492,0,0,1345,147,1345,0.15064075501812602,0.0,0.13569761800823066,0.13569761800823066,1.7042119845970873
6,django__django-11749,1791024640.596767,3.6548845767974854,20784,18816,1968,0,0,1492,476,1492,0.1991798221922073,0.0,0.15064075501812602,0.15064075501812602,1.7042119845970873
6,django__django-11749,1791024644.406624,106.1438684463501,21305,20384,921,0,0,400,521,400,0.09419837042063983,0.0,0.04080469009312878,0.04080469009312878,1.8625871166961658
2,sympy__sympy-13757,1791024647.8277175,15.97193694114685,29093,28224,869,0,0,489,380,489,0.09583019892577238,0.0,0.053830065361331794,0.053830065361331794,2.6922107773053767
2,sympy__sympy-13757,1791024668.9506223,11.197853326797485,29389,28224,1165,0,0,869,296,869,0.12864849692541294,0.0,0.09583019892577238,0.09583019892577238,2.6922107773053767
14,django__django-13112,1791024674.37533,176.1261007785797,41454,40768,686,0,0,265,421,265,0.08439323544305566,0.0,0.032543789035373694,0.032543789035373694,4.150468368008018
26,pylint-dev__pylint-6528,1791024679.5404174,5.980951309204102,21093,20384,709,0,0,53,656,53,0.07243843375849894,0.0,0.005397209350604689,0.005397209350604689,1.8625871166961658
2,sympy__sympy-13757,1791024680.6434624,5.487138032913208,30017,28224,1793,0,0,1165,628,1165,0.19857347728113242,0.0,0.12864849692541294,0.12864849692541294,2.6922107773053767
26,pylint-dev__pylint-6528,1791024686.4414496,5.224583864212036,21809,20384,1425,0,0,709,716,709,0.14611422241398536,0.0,0.07243843375849894,0.07243843375849894,1.8625871166961658
2,sympy__sympy-13757,1791024686.5722067,4.388045310974121,30297,29792,505,0,0,225,280,225,0.05640600209847314,0.0,0.025099145136526575,0.025099145136526575,2.8656851094499824
2,sympy__sympy-13757,1791024691.3752072,4.939117193222046,30587,29792,795,0,0,505,290,505,0.0889155577962743,0.0,0.05640600209847314,0.05640600209847314,2.8656851094499824
26,pylint-dev__pylint-6528,1791024694.32462,10.219738960266113,22317,20384,1933,0,0,1425,508,1425,0.19870520737346772,0.0,0.14611422241398536,0.14611422241398536,1.8625871166961658
27,pylint-dev__pylint-6528,1791024696.0526526,206.8825867176056,20092,18816,1276,0,0,930,346,930,0.12869111999408162,0.0,0.09363057250149237,0.09363057250149237,1.7042119845970873
2,sympy__sympy-13757,1791024696.729753,51.8822124004364,30836,29792,1044,0,0,795,249,795,0.11689762100313364,0.0,0.0889155577962743,0.0889155577962743,2.8656851094499824
26,pylint-dev__pylint-6528,1791024721.262492,3.1831555366516113,22699,21952,747,0,0,365,382,365,0.07753430008320542,0.0,0.03781354193346798,0.03781354193346798,2.0234787821361655
26,pylint-dev__pylint-6528,1791024725.9329143,2.9652621746063232,23046,21952,1094,0,0,747,347,747,0.11374518234249492,0.0,0.07753430008320542,0.07753430008320542,2.0234787821361655
26,pylint-dev__pylint-6528,1791024729.0228806,25.350773572921753,23572,21952,1620,0,0,1094,526,1094,0.16887046030611585,0.0,0.11374518234249492,0.11374518234249492,2.0234787821361655
2,sympy__sympy-13757,1791024749.038664,4.9329283237457275,31413,29792,1621,0,0,1044,577,1044,0.18198350459983187,0.0,0.11689762100313364,0.11689762100313364,2.8656851094499824
6,django__django-11749,1791024751.0758846,3.9838483333587646,22217,20384,1833,0,0,921,912,921,0.18833177078651536,0.0,0.09419837042063983,0.09419837042063983,1.8625871166961658
2,sympy__sympy-13757,1791024754.508166,3.7636661529541016,31650,31360,290,0,0,53,237,53,0.03282508655286715,0.0,0.005992639114304799,0.005992639114304799,3.04167597493551
26,pylint-dev__pylint-6528,1791024754.6695702,22.592779636383057,23994,23520,474,0,0,52,422,52,0.04989298435743475,0.0,0.005462261525194896,0.005462261525194896,2.1868869809170866
6,django__django-11749,1791024756.5908637,5.107026100158691,22552,21952,600,0,0,265,335,265,0.06223140753969982,0.0,0.027440105346515607,0.027440105346515607,2.0234787821361655
2,sympy__sympy-13757,1791024758.4164429,6.842864036560059,32038,31360,678,0,0,290,388,290,0.07687741860801128,0.0,0.03282508655286715,0.03282508655286715,3.04167597493551
6,django__django-11749,1791024765.2578788,5.952428102493286,22995,21952,1043,0,0,600,443,600,0.10841539605527785,0.0,0.06223140753969982,0.06223140753969982,2.0234787821361655
2,sympy__sympy-13757,1791024767.830033,3.6445395946502686,32380,31360,1020,0,0,678,342,678,0.11583482169251892,0.0,0.07687741860801128,0.07687741860801128,3.04167597493551
6,django__django-11749,1791024771.3761134,81.66016888618469,23764,21952,1812,0,0,1043,769,1043,0.18906278627151227,0.0,0.10841539605527785,0.10841539605527785,2.0234787821361655
2,sympy__sympy-13757,1791024771.6728194,15.247923851013184,32778,31360,1418,0,0,1020,398,1020,0.16132194325260388,0.0,0.11583482169251892,0.11583482169251892,3.04167597493551
26,pylint-dev__pylint-6528,1791024781.7053235,5.218007564544678,24388,23520,868,0,0,474,394,474,0.0915402354253543,0.0,0.04989298435743475,0.04989298435743475,2.1868869809170866
26,pylint-dev__pylint-6528,1791024787.859224,12.190068483352661,24617,23520,1097,0,0,868,229,868,0.11581939247021586,0.0,0.0915402354253543,0.0915402354253543,2.1868869809170866
26,pylint-dev__pylint-6528,1791024800.1983232,37.38848876953125,25347,23520,1827,0,0,1097,730,1097,0.1935741115275833,0.0,0.11581939247021586,0.11581939247021586,2.1868869809170866
26,pylint-dev__pylint-6528,1791024840.2004967,1.894643783569336,25796,25088,708,0,0,259,449,259,0.07574477707676487,0.0,0.027649379405741116,0.027649379405741116,2.3528117130389288
26,pylint-dev__pylint-6528,1791024842.2726626,6.706425428390503,26533,25088,1445,0,0,708,737,708,0.15513711881452247,0.0,0.07574477707676487,0.07574477707676487,2.3528117130389288
14,django__django-13112,1791024851.1189141,3.3978402614593506,42011,40768,1243,0,0,686,557,686,0.1532709350765526,0.0,0.08439323544305566,0.08439323544305566,4.150468368008018
6,django__django-11749,1791024853.7758021,7.481374502182007,24156,23520,636,0,0,244,392,244,0.0669977463709758,0.0,0.02565458749059129,0.02565458749059129,2.1868869809170866
14,django__django-13112,1791024854.6714354,12.045994997024536,42908,40768,2140,0,0,1243,897,1243,0.2648599516285812,0.0,0.1532709350765526,0.1532709350765526,4.150468368008018
6,django__django-11749,1791024861.4158294,4.239826440811157,24752,23520,1232,0,0,636,596,636,0.13015758136040048,0.0,0.0669977463709758,0.0669977463709758,2.1868869809170866
6,django__django-11749,1791024865.8402808,5.722204208374023,24917,23520,1397,0,0,1232,165,1232,0.1477073673989437,0.0,0.13015758136040048,0.13015758136040048,2.1868869809170866
14,django__django-13112,1791024866.907081,3.011212110519409,43264,42336,928,0,0,572,356,572,0.11576891970248197,0.0,0.07125335275660566,0.07125335275660566,4.344074966879994
14,django__django-13112,1791024870.6343687,2.5488078594207764,43632,42336,1296,0,0,928,368,928,0.16192136508754174,0.0,0.11576891970248197,0.11576891970248197,4.344074966879994
6,django__django-11749,1791024871.7228324,4.606307029724121,25128,23520,1608,0,0,1397,211,1397,0.1701904233828589,0.0,0.1477073673989437,0.1477073673989437,2.1868869809170866
14,django__django-13112,1791024873.33645,12.334947109222412,43959,42336,1623,0,0,1296,327,1296,0.20304813501787183,0.0,0.16192136508754174,0.16192136508754174,4.344074966879994
6,django__django-11749,1791024876.6601858,2.4520061016082764,25469,25088,381,0,0,40,341,40,0.04069719981203419,0.0,0.004265691261016719,0.004265691261016719,2.3528117130389288
6,django__django-11749,1791024879.2523432,16.83697533607483,25959,25088,871,0,0,381,490,381,0.09325585175275236,0.0,0.04069719981203419,0.04069719981203419,2.3528117130389288
14,django__django-13112,1791024886.1098125,9.156693696975708,44475,43904,571,0,0,55,516,55,0.07204490789276534,0.0,0.006925002804975013,0.006925002804975013,4.5401980990928905
14,django__django-13112,1791024895.6684318,2.7551207542419434,44921,43904,1017,0,0,571,446,571,0.12855029617951474,0.0,0.07204490789276534,0.07204490789276534,4.5401980990928905
14,django__django-13112,1791024898.578495,1.835928201675415,45060,43904,1156,0,0,1017,139,1017,0.14620233501198288,0.0,0.12855029617951474,0.12855029617951474,4.5401980990928905
14,django__django-13112,1791024900.9542832,2.0042967796325684,45528,43904,1624,0,0,1156,468,1156,0.20578048235094848,0.0,0.14620233501198288,0.14620233501198288,4.5401980990928905
14,django__django-13112,1791024903.1214075,2.2037899494171143,45763,45472,291,0,0,56,235,56,0.03714174228294889,0.0,0.0071408167971304375,0.0071408167971304375,4.738837764646709
27,pylint-dev__pylint-6528,1791024903.255314,121.73888111114502,20844,18816,2028,0,0,1276,752,1276,0.20531465074526545,0.0,0.12869111999408162,0.12869111999408162,1.7042119845970873
14,django__django-13112,1791024906.60266,3.393153429031372,45983,45472,511,0,0,291,220,291,0.0652789439337191,0.0,0.03714174228294889,0.03714174228294889,4.738837764646709
14,django__django-13112,1791024911.99267,2.1679909229278564,46320,45472,848,0,0,511,337,511,0.108476086115184,0.0,0.0652789439337191,0.0652789439337191,4.738837764646709
14,django__django-13112,1791024917.4080968,11.231688499450684,46573,45472,1101,0,0,848,253,848,0.14098238102872276,0.0,0.108476086115184,0.108476086115184,4.738837764646709
14,django__django-13112,1791024928.9104538,2.5461676120758057,46970,45472,1498,0,0,1101,397,1101,0.1921223465310793,0.0,0.14098238102872276,0.14098238102872276,4.738837764646709
14,django__django-13112,1791024931.605888,4.905732870101929,47234,45472,1762,0,0,1498,264,1498,0.22621908660494577,0.0,0.1921223465310793,0.1921223465310793,4.738837764646709
27,pylint-dev__pylint-6528,1791025025.4785628,6.458092451095581,21149,20384,765,0,0,460,305,460,0.07818187067410792,0.0,0.046939518646186916,0.046939518646186916,1.8625871166961658
27,pylint-dev__pylint-6528,1791025032.531035,2.5078561305999756,21361,20384,977,0,0,765,212,765,0.09995395896407944,0.0,0.07818187067410792,0.07818187067410792,1.8625871166961658
27,pylint-dev__pylint-6528,1791025035.6130106,6.8119165897369385,21498,20384,1114,0,0,977,137,977,0.11404812711193943,0.0,0.09995395896407944,0.09995395896407944,1.8625871166961658
27,pylint-dev__pylint-6528,1791025042.9443111,304.84019923210144,21679,20384,1295,0,0,1114,181,1114,0.13269834625729865,0.0,0.11404812711193943,0.11404812711193943,1.8625871166961658
27,pylint-dev__pylint-6528,1791025347.7991807,226.12896347045898,21735,20384,1351,0,0,1295,56,1295,0.1384753721064394,0.0,0.13269834625729865,0.13269834625729865,1.8625871166961658
27,pylint-dev__pylint-6528,1791025574.085642,142.3871831893921,22088,20384,1704,0,0,1351,353,1351,0.17496515598716283,0.0,0.1384753721064394,0.1384753721064394,1.8625871166961658
