t_min,kv_gpu_pct,cpu_kv_fill_gb,vllm_pinned_gb,vllm_other_gb,vm_rss_gb,page_cache_gb,hbm_node_used_gb,running,waiting,n_vmm,other_used_gb
0.0,0.0,nan,0.0,nan,0.0,nan,nan,0.0,0.0,0,nan
0.016674256324768065,0.0,nan,0.0,nan,0.0,nan,nan,0.0,0.0,0,nan
0.03334740400314331,0.0,nan,0.0,nan,0.239071232,nan,nan,0.0,0.0,1,nan
0.0500212828318278,0.0,nan,0.0,nan,0.239071232,nan,nan,0.0,0.0,1,nan
0.06669286489486695,0.0,nan,0.0,nan,0.239071232,nan,nan,0.0,0.0,1,nan
0.08336787621180217,0.0,nan,0.0,nan,0.239071232,nan,nan,0.0,0.0,1,nan
0.1000407894452413,0.7194244604316502,nan,0.0,nan,0.239071232,nan,nan,1.0,0.0,1,nan
0.11671528816223145,0.7194244604316502,nan,0.0,nan,0.465350656,nan,nan,1.0,0.0,2,nan
0.13338988224665324,0.0,nan,0.0,nan,0.509403136,nan,nan,0.0,0.0,2,nan
0.15006211201349895,0.8992805755395739,nan,0.0,nan,0.51779584,nan,nan,1.0,0.0,2,nan
0.1667396306991577,0.8992805755395739,nan,0.0,nan,0.51779584,nan,nan,1.0,0.0,2,nan
0.183412500222524,0.8992805755395739,nan,0.0,nan,0.51779584,nan,nan,1.0,0.0,2,nan
0.20008908112843832,1.7985611510791366,nan,0.0,nan,0.754397184,nan,nan,2.0,0.0,3,nan
0.2167615532875061,1.7985611510791366,nan,0.0,nan,0.754397184,nan,nan,2.0,0.0,3,nan
0.23343667189280193,2.3381294964028743,nan,0.0,nan,0.796360704,nan,nan,2.0,0.0,3,nan
0.2501098275184631,1.7985611510791366,nan,0.0,nan,0.796360704,nan,nan,2.0,0.0,3,nan
0.26678847869237265,2.6978417266187105,nan,0.0,nan,0.796360704,nan,nan,3.0,0.0,3,nan
0.2834598739941915,2.6978417266187105,nan,0.0,nan,1.056219136,nan,nan,3.0,0.0,4,nan
0.30013057788213093,2.877697841726623,nan,0.0,nan,1.0708992,nan,nan,3.0,0.0,4,nan
0.3168024182319641,3.4172661870503607,nan,0.0,nan,1.0708992,nan,nan,3.0,0.0,4,nan
0.33347220023473106,1.7985611510791366,nan,0.0,nan,1.123360768,nan,nan,2.0,0.0,4,nan
0.35014774401982623,3.9568345323740983,nan,0.0,nan,1.140137984,nan,nan,4.0,0.0,4,nan
0.36681817372639974,2.877697841726623,nan,0.0,nan,1.381306368,nan,nan,3.0,0.0,5,nan
0.38348935842514037,4.316546762589923,nan,0.0,nan,1.381306368,nan,nan,4.0,0.0,5,nan
0.4001609722773234,4.316546762589923,nan,0.0,nan,1.381306368,nan,nan,4.0,0.0,5,nan
0.41683857440948485,4.67625899280576,nan,0.0,nan,1.423249408,nan,nan,4.0,0.0,5,nan
0.43350764910380046,4.136690647482011,nan,0.0,nan,1.442136064,nan,nan,4.0,0.0,5,nan
0.45017662445704143,4.316546762589923,nan,0.0,nan,1.787981824,nan,nan,4.0,0.0,6,nan
0.4668468236923218,4.316546762589923,nan,0.0,nan,1.787981824,nan,nan,4.0,0.0,6,nan
0.4835208892822266,5.575539568345322,nan,0.0,nan,1.813159936,nan,nan,5.0,0.0,6,nan
0.5001896778742473,5.575539568345322,nan,0.0,nan,1.813159936,nan,nan,5.0,0.0,6,nan
0.5168624798456828,6.474820143884896,nan,0.0,nan,1.813159936,nan,nan,6.0,0.0,6,nan
0.5335358023643494,6.474820143884896,nan,0.0,nan,2.047881216,nan,nan,6.0,0.0,7,nan
0.5502061645189921,5.575539568345322,nan,0.0,nan,2.066755584,nan,nan,5.0,0.0,7,nan
0.5668755888938903,5.575539568345322,nan,0.0,nan,2.09631232,nan,nan,5.0,0.0,7,nan
0.5835462649663289,5.755395683453235,nan,0.0,nan,2.155040768,nan,nan,6.0,0.0,7,nan
0.6002159635225932,7.374100719424459,nan,0.0,nan,2.155040768,nan,nan,7.0,0.0,7,nan
0.616891082127889,7.5539568345323715,nan,0.0,nan,2.391842816,nan,nan,7.0,0.0,8,nan
0.633569582303365,7.733812949640284,nan,0.0,nan,2.40652288,nan,nan,7.0,0.0,8,nan
0.6502452532450358,7.733812949640284,nan,0.0,nan,2.40652288,nan,nan,7.0,0.0,8,nan
0.6669252157211304,8.09352517985612,nan,0.0,nan,2.444271616,nan,nan,6.0,0.0,8,nan
0.6835983713467916,8.992805755395683,nan,0.0,nan,2.444271616,nan,nan,8.0,0.0,8,nan
0.7002739429473877,8.992805755395683,nan,0.0,nan,2.689449984,nan,nan,8.0,0.0,9,nan
0.7169481039047241,7.913669064748197,nan,0.0,nan,2.689449984,nan,nan,7.0,0.0,9,nan
0.7336184422175089,8.09352517985612,nan,0.0,nan,2.71671296,nan,nan,7.0,0.0,9,nan
0.7502904454867045,9.532374100719421,nan,0.0,nan,2.743984128,nan,nan,8.0,0.0,9,nan
0.7669645984967549,7.374100719424459,nan,0.0,nan,2.748178432,nan,nan,7.0,0.0,9,nan
0.7836352904637655,9.892086330935257,nan,0.0,nan,2.985148416,nan,nan,9.0,0.0,10,nan
0.8003076394399007,8.992805755395683,nan,0.0,nan,3.001925632,nan,nan,8.0,0.0,10,nan
0.8169768253962199,9.172661870503596,nan,0.0,nan,3.001925632,nan,nan,8.0,0.0,10,nan
0.8336487452189127,9.532374100719421,nan,0.0,nan,3.012599808,nan,nan,8.0,0.0,10,nan
0.8503203511238098,9.712230215827333,nan,0.0,nan,3.048251392,nan,nan,9.0,0.0,10,nan
0.8669899384180705,11.51079136690647,nan,0.0,nan,3.2822272,nan,nan,10.0,0.0,11,nan
0.8836596528689067,11.51079136690647,nan,0.0,nan,3.2822272,nan,nan,10.0,0.0,11,nan
0.9003289858500163,10.431654676258994,nan,0.0,nan,3.2822272,nan,nan,9.0,0.0,11,nan
0.9170009215672811,10.79136690647482,nan,0.0,nan,3.340955648,nan,nan,9.0,0.0,11,nan
0.9336719155311585,12.949640287769782,nan,0.0,nan,3.345149952,nan,nan,11.0,0.0,11,nan
0.9503474354743957,10.611510791366907,nan,0.0,nan,3.611578368,nan,nan,9.0,0.0,12,nan
0.967022164662679,11.870503597122307,nan,0.0,nan,3.640946688,nan,nan,10.0,0.0,12,nan
0.9836942752202352,13.129496402877693,nan,0.0,nan,3.640946688,nan,nan,11.0,0.0,12,nan
1.0003728946050008,10.971223021582732,nan,0.0,nan,3.6535296,nan,nan,9.0,0.0,12,nan
1.0170475363731384,13.48920863309353,nan,0.0,nan,3.679010816,nan,nan,11.0,0.0,12,nan
1.0337200085322062,13.48920863309353,nan,0.0,nan,3.968421888,nan,nan,11.0,0.0,13,nan
1.0503902673721313,10.79136690647482,nan,0.0,nan,4.014559232,nan,nan,9.0,0.0,13,nan
1.067060120900472,15.647482014388492,nan,0.0,nan,4.014559232,nan,nan,12.0,0.0,13,nan
1.0837302128473918,14.568345323741006,nan,0.0,nan,4.05860352,nan,nan,11.0,0.0,13,nan
1.1004060904184978,15.467625899280579,nan,0.0,nan,4.098449408,nan,nan,12.0,0.0,13,nan
1.1170819600423176,16.36690647482014,nan,0.0,nan,4.3331584,nan,nan,13.0,0.0,14,nan
1.1337558348973593,12.769784172661868,nan,0.0,nan,4.4506112,nan,nan,10.0,0.0,14,nan
1.150430150826772,15.827338129496404,nan,0.0,nan,4.486275072,nan,nan,12.0,0.0,14,nan
1.1671056071917216,14.20863309352518,nan,0.0,nan,4.507246592,nan,nan,10.0,0.0,14,nan
1.1837753891944884,17.805755395683455,nan,0.0,nan,4.507246592,nan,nan,14.0,0.0,14,nan
1.2004483381907145,17.805755395683455,nan,0.0,nan,4.741926912,nan,nan,14.0,0.0,15,nan
1.217119824886322,17.805755395683455,nan,0.0,nan,4.741926912,nan,nan,14.0,0.0,15,nan
1.2337898135185241,18.16546762589928,nan,0.0,nan,4.741926912,nan,nan,14.0,0.0,15,nan
1.2504609068234762,18.16546762589928,nan,0.0,nan,4.741926912,nan,nan,14.0,0.0,15,nan
1.2671389778455098,16.18705035971223,nan,0.0,nan,4.81744896,nan,nan,12.0,0.0,15,nan
1.2838112076123556,18.345323741007192,nan,0.0,nan,5.083779072,nan,nan,14.0,0.0,16,nan
1.3004809697469075,19.60431654676259,nan,0.0,nan,5.09216768,nan,nan,15.0,0.0,16,nan
1.3171508391698201,19.784172661870503,nan,0.0,nan,5.09216768,nan,nan,15.0,0.0,16,nan
1.3338249286015829,18.705035971223015,nan,0.0,nan,5.104750592,nan,nan,14.0,0.0,16,nan
1.3504948377609254,19.784172661870503,nan,0.0,nan,5.13851392,nan,nan,15.0,0.0,16,nan
1.3671706398328145,18.525179856115102,nan,0.0,nan,5.396148224,nan,nan,14.0,0.0,17,nan
1.3838406324386596,20.683453237410077,nan,0.0,nan,5.396148224,nan,nan,16.0,0.0,17,nan
1.4005141218503316,17.44604316546763,nan,0.0,nan,5.400342528,nan,nan,14.0,0.0,17,nan
1.4171905716260274,17.0863309352518,nan,0.0,nan,5.446479872,nan,nan,14.0,0.0,17,nan
1.4338597575823466,20.503597122302153,nan,0.0,nan,5.459079168,nan,nan,16.0,0.0,17,nan
1.4505317568778993,20.863309352517987,nan,0.0,nan,5.718982656,nan,nan,16.0,0.0,18,nan
1.4672027468681335,21.942446043165464,nan,0.0,nan,5.746253824,nan,nan,17.0,0.0,18,nan
1.4838725129763286,18.705035971223015,nan,0.0,nan,5.746253824,nan,nan,14.0,0.0,18,nan
1.5005469600359598,20.863309352517987,nan,0.0,nan,5.748350976,nan,nan,16.0,0.0,18,nan
1.5172232190767925,21.58273381294964,nan,0.0,nan,5.748350976,nan,nan,17.0,0.0,18,nan
1.5339045206705728,21.223021582733814,nan,0.0,nan,6.052286464,nan,nan,16.0,0.0,19,nan
1.5505755186080932,23.021582733812952,nan,0.0,nan,6.071177216,nan,nan,18.0,0.0,19,nan
1.5672475655873617,23.021582733812952,nan,0.0,nan,6.071177216,nan,nan,18.0,0.0,19,nan
1.5839172681172689,22.302158273381288,nan,0.0,nan,6.09005568,nan,nan,17.0,0.0,19,nan
1.6005875190099081,23.201438848920862,nan,0.0,nan,6.100557824,nan,nan,18.0,0.0,19,nan
1.6172622521718343,24.640287769784173,nan,0.0,nan,6.341525504,nan,nan,19.0,0.0,20,nan
1.6339361627896627,24.640287769784173,nan,0.0,nan,6.341525504,nan,nan,19.0,0.0,20,nan
1.6506059805552165,24.820143884892087,nan,0.0,nan,6.341525504,nan,nan,19.0,0.0,20,nan
1.6672759294509887,23.920863309352512,nan,0.0,nan,6.36878848,nan,nan,18.0,0.0,20,nan
1.683947455883026,25.539568345323737,nan,0.0,nan,6.387662848,nan,nan,20.0,0.0,20,nan
1.7006176233291626,25.539568345323737,nan,0.0,nan,6.622416896,nan,nan,20.0,0.0,21,nan
1.717293389638265,25.0,nan,0.0,nan,6.622416896,nan,nan,19.0,0.0,21,nan
1.733971325556437,25.899280575539574,nan,0.0,nan,6.643392512,nan,nan,19.0,0.0,21,nan
1.7506418506304422,25.359712230215827,nan,0.0,nan,6.672953344,nan,nan,19.0,0.0,21,nan
1.7673115531603496,25.71942446043165,nan,0.0,nan,6.681346048,nan,nan,20.0,0.0,21,nan
1.7839812517166138,25.71942446043165,nan,0.0,nan,6.909739008,nan,nan,20.0,0.0,22,nan
1.8006557941436767,26.43884892086331,nan,0.0,nan,6.920224768,nan,nan,20.0,0.0,22,nan
1.8173275192578633,26.618705035971225,nan,0.0,nan,6.96651776,nan,nan,20.0,0.0,22,nan
1.8340055465698242,26.618705035971225,nan,0.0,nan,6.96651776,nan,nan,20.0,0.0,22,nan
1.8506798545519512,25.359712230215827,nan,0.0,nan,7.0126592,nan,nan,19.0,0.0,22,nan
1.8673575480779012,27.697841726618712,nan,0.0,nan,7.249481728,nan,nan,21.0,0.0,23,nan
1.884030318260193,27.15827338129496,nan,0.0,nan,7.249481728,nan,nan,20.0,0.0,23,nan
1.900701900323232,28.23741007194245,nan,0.0,nan,7.249481728,nan,nan,21.0,0.0,23,nan
1.9173713644345602,30.035971223021583,nan,0.0,nan,7.249481728,nan,nan,22.0,0.0,23,nan
1.9340414802233379,29.67625899280576,nan,0.0,nan,7.264161792,nan,nan,22.0,0.0,23,nan
1.9507207115491232,28.9568345323741,nan,0.0,nan,7.536979968,nan,nan,21.0,0.0,24,nan
1.967394717534383,30.575539568345324,nan,0.0,nan,7.602208768,nan,nan,22.0,0.0,24,nan
1.984067944685618,31.294964028776985,nan,0.0,nan,7.627374592,nan,nan,23.0,0.0,24,nan
2.0007448554039002,30.39568345323741,nan,0.0,nan,7.627374592,nan,nan,22.0,0.0,24,nan
2.01742430528005,33.45323741007194,nan,0.0,nan,7.633666048,nan,nan,24.0,0.0,24,nan
2.034104390939077,32.55395683453237,nan,0.0,nan,7.870455808,nan,nan,24.0,0.0,25,nan
2.050775468349457,31.654676258992808,nan,0.0,nan,7.870455808,nan,nan,23.0,0.0,25,nan
2.0674560904502868,33.09352517985612,nan,0.0,nan,7.870455808,nan,nan,24.0,0.0,25,nan
2.084130128224691,30.755395683453234,nan,0.0,nan,7.878844416,nan,nan,22.0,0.0,25,nan
2.10080171028773,29.856115107913674,nan,0.0,nan,7.924998144,nan,nan,22.0,0.0,25,nan
2.117471969127655,34.53237410071942,nan,0.0,nan,8.15949824,nan,nan,25.0,0.0,26,nan
2.134141759077708,34.71223021582733,nan,0.0,nan,8.15949824,nan,nan,25.0,0.0,26,nan
2.1508113900820414,35.07194244604317,nan,0.0,nan,8.15949824,nan,nan,25.0,0.0,26,nan
2.167488690217336,35.07194244604317,nan,0.0,nan,8.15949824,nan,nan,25.0,0.0,26,nan
2.184163236618042,35.07194244604317,nan,0.0,nan,8.1783808,nan,nan,25.0,0.0,26,nan
2.2008333762486774,34.352517985611506,nan,0.0,nan,8.451555328,nan,nan,25.0,0.0,27,nan
2.217506698767344,35.79136690647482,nan,0.0,nan,8.485269504,nan,nan,26.0,0.0,27,nan
2.23418136437734,36.15107913669065,nan,0.0,nan,8.485269504,nan,nan,26.0,0.0,27,nan
2.2508516748746237,35.07194244604317,nan,0.0,nan,8.487366656,nan,nan,25.0,0.0,27,nan
2.2675267775853474,36.51079136690647,nan,0.0,nan,8.508362752,nan,nan,26.0,0.0,27,nan
2.2842073241869607,36.15107913669065,nan,0.0,nan,8.8080384,nan,nan,26.0,0.0,28,nan
2.3008870005607607,34.352517985611506,nan,0.0,nan,8.814329856,nan,nan,25.0,0.0,28,nan
2.3175633708635965,37.23021582733813,nan,0.0,nan,8.862564352,nan,nan,27.0,0.0,28,nan
2.3342392007509867,34.53237410071942,nan,0.0,nan,8.864661504,nan,nan,25.0,0.0,28,nan
2.350913186868032,37.589928057553955,nan,0.0,nan,8.866758656,nan,nan,28.0,0.0,28,nan
2.3675880511601766,37.94964028776978,nan,0.0,nan,9.103695872,nan,nan,28.0,0.0,29,nan
2.3842620849609375,37.410071942446045,nan,0.0,nan,9.141456896,nan,nan,27.0,0.0,29,nan
2.400933301448822,38.12949640287769,nan,0.0,nan,9.141456896,nan,nan,28.0,0.0,29,nan
2.4176074067751565,36.15107913669065,nan,0.0,nan,9.162633216,nan,nan,26.0,0.0,29,nan
2.434281269709269,39.02877697841727,nan,0.0,nan,9.185701888,nan,nan,29.0,0.0,29,nan
2.4509567499160765,39.92805755395683,nan,0.0,nan,9.42477312,nan,nan,28.0,0.0,30,nan
2.4676307519276937,38.30935251798561,nan,0.0,nan,9.42477312,nan,nan,28.0,0.0,30,nan
2.4843037764231366,36.69064748201439,nan,0.0,nan,9.426870272,nan,nan,27.0,0.0,30,nan
2.5009745081265766,38.30935251798561,nan,0.0,nan,9.470910464,nan,nan,28.0,0.0,30,nan
2.5176519831021626,37.94964028776978,nan,0.0,nan,9.5086592,nan,nan,28.0,0.0,30,nan
2.5343268434206645,39.02877697841727,nan,0.0,nan,9.760178176,nan,nan,28.0,0.0,31,nan
2.5510064562161765,40.28776978417267,nan,0.0,nan,9.839869952,nan,nan,29.0,0.0,31,nan
2.5676815231641132,40.46762589928058,nan,0.0,nan,9.888108544,nan,nan,29.0,0.0,31,nan
2.584353983402252,41.36690647482014,nan,0.0,nan,9.898594304,nan,nan,30.0,0.0,31,nan
2.6010283708572386,39.38848920863309,nan,0.0,nan,9.898594304,nan,nan,29.0,0.0,31,nan
2.6177053729693096,42.44604316546763,nan,0.0,nan,10.133495808,nan,nan,31.0,0.0,32,nan
2.634374431769053,39.92805755395683,nan,0.0,nan,10.175475712,nan,nan,29.0,0.0,32,nan
2.651046617825826,40.28776978417267,nan,0.0,nan,10.227924992,nan,nan,29.0,0.0,32,nan
2.667721470197042,39.38848920863309,nan,0.0,nan,10.263576576,nan,nan,28.0,0.0,32,nan
2.6843904415766398,41.90647482014388,nan,0.0,nan,10.263576576,nan,nan,31.0,0.0,32,nan
2.701069414615631,43.70503597122302,nan,0.0,nan,10.263576576,nan,nan,32.0,0.0,32,nan
2.717745920022329,41.90647482014388,nan,0.0,nan,10.274062336,nan,nan,30.0,0.0,32,nan
2.7344206968943277,40.46762589928058,nan,0.0,nan,10.383122432,nan,nan,29.0,0.0,32,nan
2.7510940551757814,41.90647482014388,nan,0.0,nan,10.414579712,nan,nan,30.0,0.0,32,nan
2.76777104139328,45.14388489208633,nan,0.0,nan,10.414579712,nan,nan,32.0,0.0,32,nan
2.784444785118103,45.32374100719424,nan,0.0,nan,10.42296832,nan,nan,32.0,0.0,32,nan
2.80111874739329,45.14388489208633,nan,0.0,nan,10.446036992,nan,nan,32.0,0.0,32,nan
2.817788275082906,41.54676258992806,nan,0.0,nan,10.496397312,nan,nan,29.0,0.0,32,nan
2.834461430708567,42.805755395683455,nan,0.0,nan,10.540445696,nan,nan,30.0,0.0,32,nan
2.851137697696686,46.58273381294964,nan,0.0,nan,10.563514368,nan,nan,32.0,0.0,32,nan
2.867810038725535,44.96402877697842,nan,0.0,nan,10.563514368,nan,nan,31.0,0.0,32,nan
2.8844874262809754,45.86330935251799,nan,0.0,nan,10.576113664,nan,nan,31.0,0.0,32,nan
2.901161015033722,44.42446043165468,nan,0.0,nan,10.576113664,nan,nan,31.0,0.0,32,nan
2.9178394238154093,46.76258992805755,nan,0.0,nan,10.578210816,nan,nan,31.0,0.0,32,nan
2.9345144629478455,47.12230215827338,nan,0.0,nan,10.578210816,nan,nan,32.0,0.0,32,nan
2.951188933849335,46.043165467625904,nan,0.0,nan,10.58451456,nan,nan,31.0,0.0,32,nan
2.967863162358602,45.86330935251799,nan,0.0,nan,10.58451456,nan,nan,31.0,0.0,32,nan
2.984536325931549,46.043165467625904,nan,0.0,nan,10.59500032,nan,nan,31.0,0.0,32,nan
3.0012103796005247,47.48201438848921,nan,0.0,nan,10.59500032,nan,nan,32.0,0.0,32,nan
3.0178887049357095,47.84172661870504,nan,0.0,nan,10.59500032,nan,nan,32.0,0.0,32,nan
3.034562305609385,46.402877697841724,nan,0.0,nan,10.59500032,nan,nan,31.0,0.0,32,nan
3.0512391964594525,44.24460431654676,nan,0.0,nan,10.603573248,nan,nan,30.0,0.0,32,nan
3.067911144097646,46.402877697841724,nan,0.0,nan,10.718920704,nan,nan,31.0,0.0,32,nan
3.084588321050008,47.66187050359713,nan,0.0,nan,10.727309312,nan,nan,32.0,0.0,32,nan
3.1012604316075643,47.66187050359713,nan,0.0,nan,10.727309312,nan,nan,32.0,0.0,32,nan
3.1179373343785604,48.02158273381295,nan,0.0,nan,10.731511808,nan,nan,32.0,0.0,32,nan
3.134609341621399,48.02158273381295,nan,0.0,nan,10.731511808,nan,nan,32.0,0.0,32,nan
3.1512883424758913,45.32374100719424,nan,0.0,nan,10.748289024,nan,nan,30.0,0.0,32,nan
3.1679693539937337,47.12230215827338,nan,0.0,nan,10.783961088,nan,nan,31.0,0.0,32,nan
3.184641500314077,46.94244604316546,nan,0.0,nan,10.783961088,nan,nan,31.0,0.0,32,nan
3.2013144493103027,47.12230215827338,nan,0.0,nan,10.796548096,nan,nan,31.0,0.0,32,nan
3.2179906249046324,47.12230215827338,nan,0.0,nan,10.844803072,nan,nan,31.0,0.0,32,nan
3.234664340813955,45.32374100719424,nan,0.0,nan,10.96853504,nan,nan,30.0,0.0,32,nan
3.25134094953537,48.561151079136685,nan,0.0,nan,10.96853504,nan,nan,32.0,0.0,32,nan
3.2680141727129617,47.30215827338129,nan,0.0,nan,10.96853504,nan,nan,31.0,0.0,32,nan
3.28468656539917,48.7410071942446,nan,0.0,nan,10.970632192,nan,nan,32.0,0.0,32,nan
3.301359216372172,48.7410071942446,nan,0.0,nan,10.970632192,nan,nan,32.0,0.0,32,nan
3.3180316567420958,45.86330935251799,nan,0.0,nan,10.970632192,nan,nan,30.0,0.0,32,nan
3.334704120953878,47.48201438848921,nan,0.0,nan,10.970632192,nan,nan,31.0,0.0,32,nan
3.3513766209284466,49.280575539568346,nan,0.0,nan,11.002089472,nan,nan,31.0,0.0,32,nan
3.368053094546,49.46043165467626,nan,0.0,nan,11.002089472,nan,nan,32.0,0.0,32,nan
3.3847243785858154,48.561151079136685,nan,0.0,nan,11.01678592,nan,nan,31.0,0.0,32,nan
3.4013965646425883,46.76258992805755,nan,0.0,nan,11.01678592,nan,nan,30.0,0.0,32,nan
3.4180691043535867,49.280575539568346,nan,0.0,nan,11.01678592,nan,nan,32.0,0.0,32,nan
3.434741322199504,49.46043165467626,nan,0.0,nan,11.01678592,nan,nan,32.0,0.0,32,nan
3.4514124274253843,48.201438848920866,nan,0.0,nan,11.01678592,nan,nan,31.0,0.0,32,nan
3.4680848995844524,48.201438848920866,nan,0.0,nan,11.023077376,nan,nan,31.0,0.0,32,nan
3.484755047162374,45.32374100719424,nan,0.0,nan,11.044057088,nan,nan,29.0,0.0,32,nan
3.5014357407887777,47.48201438848921,nan,0.0,nan,11.054542848,nan,nan,30.0,0.0,32,nan
3.518109091122945,45.32374100719424,nan,0.0,nan,11.069243392,nan,nan,29.0,0.0,32,nan
3.5347870151201883,50.35971223021583,nan,0.0,nan,11.069243392,nan,nan,32.0,0.0,32,nan
3.551461390654246,50.53956834532374,nan,0.0,nan,11.069243392,nan,nan,32.0,0.0,32,nan
3.5681399861971537,49.10071942446043,nan,0.0,nan,11.069243392,nan,nan,31.0,0.0,32,nan
3.584821307659149,50.899280575539564,nan,0.0,nan,11.096506368,nan,nan,31.0,0.0,32,nan
3.6014939586321515,48.92086330935251,nan,0.0,nan,11.104894976,nan,nan,31.0,0.0,32,nan
3.618169605731964,51.438848920863315,nan,0.0,nan,11.104894976,nan,nan,32.0,0.0,32,nan
3.6348427573839825,49.280575539568346,nan,0.0,nan,11.121672192,nan,nan,30.0,0.0,32,nan
3.6515193223953246,48.381294964028775,nan,0.0,nan,11.121672192,nan,nan,30.0,0.0,32,nan
3.668193244934082,52.15827338129496,nan,0.0,nan,11.121672192,nan,nan,32.0,0.0,32,nan
3.6848692735036215,48.92086330935251,nan,0.0,nan,11.121672192,nan,nan,30.0,0.0,32,nan
3.7015389641125997,51.798561151079134,nan,0.0,nan,11.123769344,nan,nan,32.0,0.0,32,nan
3.7182121515274047,50.719424460431654,nan,0.0,nan,11.123769344,nan,nan,31.0,0.0,32,nan
3.7348875641822814,52.517985611510795,nan,0.0,nan,11.123769344,nan,nan,32.0,0.0,32,nan
3.7515614072481793,52.69784172661871,nan,0.0,nan,11.123769344,nan,nan,32.0,0.0,32,nan
3.7682381868362427,53.23741007194245,nan,0.0,nan,11.123769344,nan,nan,32.0,0.0,32,nan
3.784909466902415,51.618705035971225,nan,0.0,nan,11.159453696,nan,nan,31.0,0.0,32,nan
3.801581601301829,51.07913669064747,nan,0.0,nan,11.161550848,nan,nan,31.0,0.0,32,nan
3.81825430393219,51.07913669064747,nan,0.0,nan,11.167842304,nan,nan,31.0,0.0,32,nan
3.8349288662274676,51.25899280575539,nan,0.0,nan,11.178328064,nan,nan,31.0,0.0,32,nan
3.8516056815783184,50.0,nan,0.0,nan,11.226587136,nan,nan,30.0,0.0,32,nan
3.8682804187138875,50.53956834532374,nan,0.0,nan,11.270627328,nan,nan,30.0,0.0,32,nan
3.8849541544914246,52.87769784172662,nan,0.0,nan,11.289501696,nan,nan,31.0,0.0,32,nan
3.9016294479370117,50.899280575539564,nan,0.0,nan,11.33563904,nan,nan,30.0,0.0,32,nan
3.9183077494303387,50.899280575539564,nan,0.0,nan,11.33563904,nan,nan,30.0,0.0,32,nan
3.9349817117055257,51.25899280575539,nan,0.0,nan,11.33563904,nan,nan,30.0,0.0,32,nan
3.9516561230023703,52.87769784172662,nan,0.0,nan,11.348221952,nan,nan,31.0,0.0,32,nan
3.9683305700620015,52.87769784172662,nan,0.0,nan,11.348221952,nan,nan,31.0,0.0,32,nan
3.98500470717748,51.438848920863315,nan,0.0,nan,11.371302912,nan,nan,30.0,0.0,32,nan
4.001677870750427,49.82014388489209,nan,0.0,nan,11.373400064,nan,nan,29.0,0.0,32,nan
4.018353156248728,52.87769784172662,nan,0.0,nan,11.373400064,nan,nan,31.0,0.0,32,nan
4.0350250442822775,52.87769784172662,nan,0.0,nan,11.373400064,nan,nan,31.0,0.0,32,nan
4.051706683635712,51.618705035971225,nan,0.0,nan,10.993655808,nan,nan,30.0,0.0,32,nan
4.0683807571729025,53.776978417266186,nan,0.0,nan,10.993655808,nan,nan,32.0,0.0,32,nan
4.085053869088491,53.776978417266186,nan,0.0,nan,10.993655808,nan,nan,32.0,0.0,32,nan
4.101727183659872,53.956834532374096,nan,0.0,nan,10.993655808,nan,nan,32.0,0.0,32,nan
4.118398765722911,50.899280575539564,nan,0.0,nan,10.993655808,nan,nan,30.0,0.0,32,nan
4.135071305433909,54.31654676258992,nan,0.0,nan,10.99575296,nan,nan,32.0,0.0,32,nan
4.151742657025655,52.517985611510795,nan,0.0,nan,10.99575296,nan,nan,31.0,0.0,32,nan
4.168421371777852,50.719424460431654,nan,0.0,nan,11.023425536,nan,nan,30.0,0.0,32,nan
4.1850962003072105,51.798561151079134,nan,0.0,nan,11.077988352,nan,nan,30.0,0.0,32,nan
4.201772121588389,52.15827338129496,nan,0.0,nan,11.132522496,nan,nan,30.0,0.0,32,nan
4.218447728951772,51.798561151079134,nan,0.0,nan,11.153494016,nan,nan,29.0,0.0,32,nan
4.235123221079508,50.35971223021583,nan,0.0,nan,11.153494016,nan,nan,30.0,0.0,32,nan
4.2517987529436745,51.97841726618705,nan,0.0,nan,11.153494016,nan,nan,30.0,0.0,32,nan
4.268469190597534,53.597122302158276,nan,0.0,nan,11.153494016,nan,nan,31.0,0.0,32,nan
4.285146137078603,55.2158273381295,nan,0.0,nan,11.153494016,nan,nan,32.0,0.0,32,nan
4.301821744441986,51.97841726618705,nan,0.0,nan,11.15768832,nan,nan,30.0,0.0,32,nan
4.318490735689799,53.776978417266186,nan,0.0,nan,11.15768832,nan,nan,31.0,0.0,32,nan
4.335163791974385,52.15827338129496,nan,0.0,nan,11.15768832,nan,nan,30.0,0.0,32,nan
4.351837635040283,51.97841726618705,nan,0.0,nan,11.15768832,nan,nan,30.0,0.0,32,nan
4.368509741624196,53.41726618705036,nan,0.0,nan,11.15768832,nan,nan,31.0,0.0,32,nan
4.385187498728434,50.17985611510791,nan,0.0,nan,11.180756992,nan,nan,29.0,0.0,32,nan
4.40186378955841,52.15827338129496,nan,0.0,nan,11.233214464,nan,nan,30.0,0.0,32,nan
4.4185368378957115,52.15827338129496,nan,0.0,nan,11.237408768,nan,nan,30.0,0.0,32,nan
4.435210303465525,52.338129496402885,nan,0.0,nan,11.237408768,nan,nan,30.0,0.0,32,nan
4.451889352003733,52.517985611510795,nan,0.0,nan,11.24999168,nan,nan,30.0,0.0,32,nan
4.468561784426371,46.223021582733814,nan,0.0,nan,11.252088832,nan,nan,27.0,0.0,32,nan
4.485236056645712,51.07913669064747,nan,0.0,nan,11.287740416,nan,nan,29.0,0.0,32,nan
4.501908636093139,53.23741007194245,nan,0.0,nan,11.287740416,nan,nan,30.0,0.0,32,nan
4.518581505616506,53.597122302158276,nan,0.0,nan,11.315003392,nan,nan,30.0,0.0,32,nan
4.535253477096558,52.338129496402885,nan,0.0,nan,11.352752128,nan,nan,30.0,0.0,32,nan
4.551925909519196,51.438848920863315,nan,0.0,nan,11.371626496,nan,nan,29.0,0.0,32,nan
4.568607787291209,54.85611510791366,nan,0.0,nan,11.390500864,nan,nan,31.0,0.0,32,nan
4.585280668735504,54.85611510791366,nan,0.0,nan,11.39679232,nan,nan,31.0,0.0,32,nan
4.6019531408945715,52.87769784172662,nan,0.0,nan,11.39679232,nan,nan,30.0,0.0,32,nan
4.6186265031496685,49.10071942446043,nan,0.0,nan,11.415711744,nan,nan,28.0,0.0,32,nan
4.635298772652944,51.438848920863315,nan,0.0,nan,11.49364224,nan,nan,29.0,0.0,32,nan
4.651972329616546,51.618705035971225,nan,0.0,nan,11.548168192,nan,nan,29.0,0.0,32,nan
4.668644917011261,56.83453237410072,nan,0.0,nan,11.550265344,nan,nan,32.0,0.0,32,nan
4.685320071379343,56.83453237410072,nan,0.0,nan,11.550265344,nan,nan,32.0,0.0,32,nan
4.701992889245351,53.41726618705036,nan,0.0,nan,11.550265344,nan,nan,30.0,0.0,32,nan
4.718671806653341,52.517985611510795,nan,0.0,nan,11.56704256,nan,nan,29.0,0.0,32,nan
4.735342633724213,53.41726618705036,nan,0.0,nan,11.611086848,nan,nan,29.0,0.0,32,nan
4.75201510588328,55.57553956834532,nan,0.0,nan,11.64464128,nan,nan,31.0,0.0,32,nan
4.768687315781912,55.57553956834532,nan,0.0,nan,11.674001408,nan,nan,31.0,0.0,32,nan
4.785359493891398,53.776978417266186,nan,0.0,nan,11.69707008,nan,nan,30.0,0.0,32,nan
4.802034842967987,54.49640287769783,nan,0.0,nan,11.69707008,nan,nan,30.0,0.0,32,nan
4.8187073230743405,53.05755395683454,nan,0.0,nan,11.705458688,nan,nan,29.0,0.0,32,nan
4.83537986278534,55.93525179856116,nan,0.0,nan,11.713847296,nan,nan,31.0,0.0,32,nan
4.852053161462148,54.49640287769783,nan,0.0,nan,11.713847296,nan,nan,30.0,0.0,32,nan
4.868724509080251,55.03597122302158,nan,0.0,nan,11.715944448,nan,nan,30.0,0.0,32,nan
4.8853968779246015,54.85611510791366,nan,0.0,nan,11.720138752,nan,nan,30.0,0.0,32,nan
4.902068169911702,53.776978417266186,nan,0.0,nan,11.720138752,nan,nan,30.0,0.0,32,nan
4.918740304311116,55.03597122302158,nan,0.0,nan,11.730624512,nan,nan,30.0,0.0,32,nan
4.935412700970968,52.87769784172662,nan,0.0,nan,11.810316288,nan,nan,28.0,0.0,32,nan
4.9520917693773905,51.97841726618705,nan,0.0,nan,11.841777664,nan,nan,28.0,0.0,32,nan
4.96876448392868,57.194244604316545,nan,0.0,nan,11.843874816,nan,nan,31.0,0.0,32,nan
4.98543719847997,57.194244604316545,nan,0.0,nan,11.843874816,nan,nan,31.0,0.0,32,nan
5.002108224232992,55.57553956834532,nan,0.0,nan,11.843874816,nan,nan,30.0,0.0,32,nan
5.018779428799947,57.55395683453237,nan,0.0,nan,11.843874816,nan,nan,31.0,0.0,32,nan
5.0354515552520756,57.55395683453237,nan,0.0,nan,11.843874816,nan,nan,31.0,0.0,32,nan
5.052125040690104,55.93525179856116,nan,0.0,nan,11.866943488,nan,nan,30.0,0.0,32,nan
5.068801244099935,55.03597122302158,nan,0.0,nan,11.942449152,nan,nan,29.0,0.0,32,nan
5.085476251443227,57.9136690647482,nan,0.0,nan,11.967614976,nan,nan,31.0,0.0,32,nan
5.102146903673808,55.93525179856116,nan,0.0,nan,11.97809664,nan,nan,30.0,0.0,32,nan
5.118821970621744,57.55395683453237,nan,0.0,nan,11.9885824,nan,nan,31.0,0.0,32,nan
5.135494709014893,57.55395683453237,nan,0.0,nan,11.9885824,nan,nan,31.0,0.0,32,nan
5.152171158790589,57.9136690647482,nan,0.0,nan,11.9885824,nan,nan,31.0,0.0,32,nan
5.168841314315796,55.75539568345324,nan,0.0,nan,12.003262464,nan,nan,30.0,0.0,32,nan
5.185513265927633,56.11510791366907,nan,0.0,nan,12.005359616,nan,nan,30.0,0.0,32,nan
5.202186000347138,53.41726618705036,nan,0.0,nan,12.00955392,nan,nan,28.0,0.0,32,nan
5.218862450122833,57.73381294964028,nan,0.0,nan,12.011651072,nan,nan,30.0,0.0,32,nan
5.235533074537913,57.37410071942446,nan,0.0,nan,12.011651072,nan,nan,30.0,0.0,32,nan
5.252211407820384,58.09352517985611,nan,0.0,nan,12.03052544,nan,nan,31.0,0.0,32,nan
5.268883367379506,60.251798561151084,nan,0.0,nan,12.03052544,nan,nan,32.0,0.0,32,nan
5.285556014378866,58.273381294964025,nan,0.0,nan,12.03052544,nan,nan,31.0,0.0,32,nan
5.302229507764181,58.453237410071935,nan,0.0,nan,12.03052544,nan,nan,31.0,0.0,32,nan
5.318903426329295,57.37410071942446,nan,0.0,nan,12.038918144,nan,nan,30.0,0.0,32,nan
5.335575167338053,60.431654676258994,nan,0.0,nan,12.051501056,nan,nan,32.0,0.0,32,nan
5.352254831790924,52.338129496402885,nan,0.0,nan,12.053598208,nan,nan,28.0,0.0,32,nan
5.3689256389935816,56.11510791366907,nan,0.0,nan,12.319952896,nan,nan,29.0,0.0,32,nan
5.385602847735087,58.992805755395686,nan,0.0,nan,12.370284544,nan,nan,31.0,0.0,32,nan
5.40227888027827,58.453237410071935,nan,0.0,nan,12.380770304,nan,nan,30.0,0.0,32,nan
5.418953935305278,57.55395683453237,nan,0.0,nan,12.380770304,nan,nan,30.0,0.0,32,nan
5.435628592967987,55.39568345323741,nan,0.0,nan,12.38706176,nan,nan,29.0,0.0,32,nan
5.452300075689951,57.014388489208635,nan,0.0,nan,12.38706176,nan,nan,30.0,0.0,32,nan
5.468973628679911,56.65467625899281,nan,0.0,nan,12.424810496,nan,nan,30.0,0.0,32,nan
5.485648278395335,57.55395683453237,nan,0.0,nan,12.424810496,nan,nan,30.0,0.0,32,nan
5.502320734659831,59.71223021582735,nan,0.0,nan,12.431101952,nan,nan,31.0,0.0,32,nan
5.518995896975199,59.71223021582735,nan,0.0,nan,12.431101952,nan,nan,31.0,0.0,32,nan
5.535670940081278,58.09352517985611,nan,0.0,nan,12.43949056,nan,nan,30.0,0.0,32,nan
5.552341441313426,53.597122302158276,nan,0.0,nan,12.44997632,nan,nan,28.0,0.0,32,nan
5.569014060497284,62.76978417266187,nan,0.0,nan,12.44997632,nan,nan,32.0,0.0,32,nan
5.585688583056132,61.870503597122294,nan,0.0,nan,12.44997632,nan,nan,32.0,0.0,32,nan
5.602361389001211,61.33093525179856,nan,0.0,nan,12.44997632,nan,nan,32.0,0.0,32,nan
5.619038661321004,58.63309352517986,nan,0.0,nan,12.452073472,nan,nan,30.0,0.0,32,nan
5.635712587833405,63.129496402877706,nan,0.0,nan,12.452073472,nan,nan,32.0,0.0,32,nan
5.652388469378153,59.89208633093526,nan,0.0,nan,12.452073472,nan,nan,31.0,0.0,32,nan
5.66905962228775,59.89208633093526,nan,0.0,nan,12.452073472,nan,nan,31.0,0.0,32,nan
5.685730874538422,60.07194244604317,nan,0.0,nan,12.479336448,nan,nan,31.0,0.0,32,nan
5.702402718861898,60.431654676258994,nan,0.0,nan,12.4814336,nan,nan,31.0,0.0,32,nan
5.719076863924662,58.992805755395686,nan,0.0,nan,12.4814336,nan,nan,30.0,0.0,32,nan
5.735753607749939,54.13669064748201,nan,0.0,nan,12.485627904,nan,nan,28.0,0.0,32,nan
5.752427061398824,58.453237410071935,nan,0.0,nan,12.485627904,nan,nan,30.0,0.0,32,nan
5.769112118085226,58.453237410071935,nan,0.0,nan,12.487725056,nan,nan,30.0,0.0,32,nan
5.785789505640666,56.65467625899281,nan,0.0,nan,12.489822208,nan,nan,29.0,0.0,32,nan
5.802463046709696,58.63309352517986,nan,0.0,nan,12.489822208,nan,nan,30.0,0.0,32,nan
5.8191397468249,59.352517985611506,nan,0.0,nan,12.489822208,nan,nan,30.0,0.0,32,nan
5.835813522338867,59.71223021582735,nan,0.0,nan,12.489822208,nan,nan,30.0,0.0,32,nan
5.852485672632853,54.67625899280575,nan,0.0,nan,12.489822208,nan,nan,28.0,0.0,32,nan
5.869158434867859,59.89208633093526,nan,0.0,nan,12.489822208,nan,nan,30.0,0.0,32,nan
5.885837388038635,52.69784172661871,nan,0.0,nan,12.512935936,nan,nan,27.0,0.0,32,nan
5.902508572737376,58.453237410071935,nan,0.0,nan,12.512935936,nan,nan,30.0,0.0,32,nan
5.919185598691304,59.352517985611506,nan,0.0,nan,12.512935936,nan,nan,30.0,0.0,32,nan
5.935858531792959,58.81294964028777,nan,0.0,nan,12.515033088,nan,nan,30.0,0.0,32,nan
5.952531166871389,57.194244604316545,nan,0.0,nan,12.519227392,nan,nan,29.0,0.0,32,nan
5.96920311053594,58.63309352517986,nan,0.0,nan,12.219252736,nan,nan,30.0,0.0,32,nan
5.985873154799143,57.9136690647482,nan,0.0,nan,12.22344704,nan,nan,30.0,0.0,32,nan
6.002544303735097,57.9136690647482,nan,0.0,nan,12.22344704,nan,nan,30.0,0.0,32,nan
6.019223221143087,51.438848920863315,nan,0.0,nan,11.889721344,nan,nan,27.0,0.0,32,nan
6.035894381999969,57.37410071942446,nan,0.0,nan,11.933851648,nan,nan,30.0,0.0,32,nan
6.052564549446106,58.992805755395686,nan,0.0,nan,11.933851648,nan,nan,31.0,0.0,32,nan
6.0692340930302935,58.992805755395686,nan,0.0,nan,11.933851648,nan,nan,31.0,0.0,32,nan
6.085908114910126,56.4748201438849,nan,0.0,nan,11.95692032,nan,nan,30.0,0.0,32,nan
6.102578576405843,59.172661870503596,nan,0.0,nan,11.9883776,nan,nan,31.0,0.0,32,nan
6.119253464539846,57.194244604316545,nan,0.0,nan,11.9883776,nan,nan,30.0,0.0,32,nan
6.135927899678548,58.63309352517986,nan,0.0,nan,11.9883776,nan,nan,30.0,0.0,32,nan
6.152598583698273,59.352517985611506,nan,0.0,nan,12.015640576,nan,nan,31.0,0.0,32,nan
6.1692729711532595,58.81294964028777,nan,0.0,nan,12.021936128,nan,nan,31.0,0.0,32,nan
6.185948769251506,55.75539568345324,nan,0.0,nan,12.080656384,nan,nan,29.0,0.0,32,nan
6.2026220758756,59.352517985611506,nan,0.0,nan,12.103725056,nan,nan,31.0,0.0,32,nan
6.219294134775797,56.4748201438849,nan,0.0,nan,12.103725056,nan,nan,30.0,0.0,32,nan
6.235964246590933,62.23021582733813,nan,0.0,nan,12.103725056,nan,nan,32.0,0.0,32,nan
6.252634700139364,58.992805755395686,nan,0.0,nan,12.105822208,nan,nan,31.0,0.0,32,nan
6.2693049232165015,62.23021582733813,nan,0.0,nan,12.105822208,nan,nan,32.0,0.0,32,nan
6.285975130399068,60.61151079136691,nan,0.0,nan,12.412051456,nan,nan,31.0,0.0,32,nan
6.302650849024455,57.73381294964028,nan,0.0,nan,12.47916032,nan,nan,30.0,0.0,32,nan
6.319326933224996,60.97122302158273,nan,0.0,nan,12.481257472,nan,nan,31.0,0.0,32,nan
6.336003402868907,62.23021582733813,nan,0.0,nan,12.481257472,nan,nan,32.0,0.0,32,nan
6.35267698764801,62.589928057553955,nan,0.0,nan,12.481257472,nan,nan,32.0,0.0,32,nan
6.369355205694834,62.949640287769796,nan,0.0,nan,12.481257472,nan,nan,32.0,0.0,32,nan
6.386026652654012,57.37410071942446,nan,0.0,nan,12.483354624,nan,nan,29.0,0.0,32,nan
6.402697785695394,59.352517985611506,nan,0.0,nan,12.554657792,nan,nan,30.0,0.0,32,nan
6.419368314743042,63.309352517985616,nan,0.0,nan,12.560949248,nan,nan,32.0,0.0,32,nan
6.436038589477539,58.992805755395686,nan,0.0,nan,12.569337856,nan,nan,30.0,0.0,32,nan
6.452711796760559,60.431654676258994,nan,0.0,nan,12.571439104,nan,nan,31.0,0.0,32,nan
6.469388989607493,63.309352517985616,nan,0.0,nan,12.571439104,nan,nan,32.0,0.0,32,nan
6.486062033971151,61.51079136690647,nan,0.0,nan,12.571439104,nan,nan,31.0,0.0,32,nan
6.502739731470744,60.431654676258994,nan,0.0,nan,12.586123264,nan,nan,31.0,0.0,32,nan
6.519417794545491,59.172661870503596,nan,0.0,nan,12.586123264,nan,nan,31.0,0.0,32,nan
6.536091109116872,58.992805755395686,nan,0.0,nan,12.590317568,nan,nan,30.0,0.0,32,nan
6.552764503161113,63.129496402877706,nan,0.0,nan,12.59241472,nan,nan,32.0,0.0,32,nan
6.569437305132548,61.690647482014384,nan,0.0,nan,12.59241472,nan,nan,31.0,0.0,32,nan
6.586107329527537,63.129496402877706,nan,0.0,nan,12.59241472,nan,nan,32.0,0.0,32,nan
6.602778955300649,62.050359712230204,nan,0.0,nan,12.59241472,nan,nan,31.0,0.0,32,nan
6.619452321529389,58.81294964028777,nan,0.0,nan,12.59241472,nan,nan,30.0,0.0,32,nan
6.636126140753428,62.410071942446045,nan,0.0,nan,12.59241472,nan,nan,31.0,0.0,32,nan
6.652796975771586,58.453237410071935,nan,0.0,nan,12.615499776,nan,nan,30.0,0.0,32,nan
6.669467953840892,60.61151079136691,nan,0.0,nan,12.663734272,nan,nan,31.0,0.0,32,nan
6.686139178276062,62.76978417266187,nan,0.0,nan,12.663734272,nan,nan,32.0,0.0,32,nan
6.702809528509776,60.97122302158273,nan,0.0,nan,12.663734272,nan,nan,31.0,0.0,32,nan
6.71948793331782,60.97122302158273,nan,0.0,nan,12.663734272,nan,nan,31.0,0.0,32,nan
6.73616191148758,62.589928057553955,nan,0.0,nan,12.665831424,nan,nan,32.0,0.0,32,nan
6.752836271127065,57.55395683453237,nan,0.0,nan,12.665831424,nan,nan,30.0,0.0,32,nan
6.769506398836771,63.129496402877706,nan,0.0,nan,12.665831424,nan,nan,32.0,0.0,32,nan
6.786178457736969,61.690647482014384,nan,0.0,nan,12.665831424,nan,nan,31.0,0.0,32,nan
6.8028487205505375,63.129496402877706,nan,0.0,nan,12.665831424,nan,nan,32.0,0.0,32,nan
6.819521959622701,60.79136690647482,nan,0.0,nan,12.665831424,nan,nan,31.0,0.0,32,nan
6.836193060874939,63.309352517985616,nan,0.0,nan,12.665831424,nan,nan,32.0,0.0,32,nan
6.852863498528799,63.309352517985616,nan,0.0,nan,12.665831424,nan,nan,32.0,0.0,32,nan
6.869538100560506,62.23021582733813,nan,0.0,nan,12.665831424,nan,nan,31.0,0.0,32,nan
6.8862107793490095,60.97122302158273,nan,0.0,nan,12.665831424,nan,nan,31.0,0.0,32,nan
6.902886911233266,62.23021582733813,nan,0.0,nan,12.718260224,nan,nan,31.0,0.0,32,nan
6.919563186168671,63.66906474820144,nan,0.0,nan,12.785369088,nan,nan,32.0,0.0,32,nan
6.936238384246826,58.273381294964025,nan,0.0,nan,12.789563392,nan,nan,29.0,0.0,32,nan
6.952909354368845,59.352517985611506,nan,0.0,nan,12.81892352,nan,nan,30.0,0.0,32,nan
6.969589634736379,57.37410071942446,nan,0.0,nan,12.821020672,nan,nan,29.0,0.0,32,nan
6.986264089743297,59.172661870503596,nan,0.0,nan,12.831506432,nan,nan,29.0,0.0,32,nan
7.0029361565907795,57.73381294964028,nan,0.0,nan,12.294381568,nan,nan,29.0,0.0,32,nan
7.019608688354492,59.352517985611506,nan,0.0,nan,12.294381568,nan,nan,30.0,0.0,32,nan
7.036287359396616,60.07194244604317,nan,0.0,nan,12.294381568,nan,nan,30.0,0.0,32,nan
7.052962144215901,59.71223021582735,nan,0.0,nan,12.294381568,nan,nan,30.0,0.0,32,nan
7.069636130332947,58.09352517985611,nan,0.0,nan,12.294381568,nan,nan,29.0,0.0,32,nan
7.086310907204946,59.71223021582735,nan,0.0,nan,11.826368512,nan,nan,30.0,0.0,32,nan
7.1029865900675455,58.273381294964025,nan,0.0,nan,12.034084864,nan,nan,30.0,0.0,32,nan
7.119660536448161,59.71223021582735,nan,0.0,nan,12.034084864,nan,nan,31.0,0.0,32,nan
7.136338933308919,58.63309352517986,nan,0.0,nan,12.057153536,nan,nan,31.0,0.0,32,nan
7.153010090192159,58.63309352517986,nan,0.0,nan,12.063444992,nan,nan,31.0,0.0,32,nan
7.169688355922699,58.453237410071935,nan,0.0,nan,12.090707968,nan,nan,30.0,0.0,32,nan
7.186361185709635,58.81294964028777,nan,0.0,nan,12.097007616,nan,nan,31.0,0.0,32,nan
7.203031432628632,58.63309352517986,nan,0.0,nan,12.193472512,nan,nan,31.0,0.0,32,nan
7.219703682263693,58.63309352517986,nan,0.0,nan,12.224929792,nan,nan,31.0,0.0,32,nan
7.236378006140391,59.89208633093526,nan,0.0,nan,12.247998464,nan,nan,31.0,0.0,32,nan
7.2530551791191105,55.93525179856116,nan,0.0,nan,12.271075328,nan,nan,29.0,0.0,32,nan
7.269730766614278,58.453237410071935,nan,0.0,nan,12.271075328,nan,nan,31.0,0.0,32,nan
7.286402281125387,59.172661870503596,nan,0.0,nan,12.271075328,nan,nan,31.0,0.0,32,nan
7.303073863188426,58.81294964028777,nan,0.0,nan,12.271075328,nan,nan,30.0,0.0,32,nan
7.3197469234466555,59.89208633093526,nan,0.0,nan,12.271075328,nan,nan,31.0,0.0,32,nan
7.336423007647197,59.89208633093526,nan,0.0,nan,12.271075328,nan,nan,31.0,0.0,32,nan
7.353096878528595,57.194244604316545,nan,0.0,nan,12.277383168,nan,nan,30.0,0.0,32,nan
7.369770038127899,60.431654676258994,nan,0.0,nan,12.41176064,nan,nan,31.0,0.0,32,nan
7.386439947287242,55.2158273381295,nan,0.0,nan,12.071960576,nan,nan,28.0,0.0,32,nan
7.403112498919169,58.09352517985611,nan,0.0,nan,12.071960576,nan,nan,31.0,0.0,32,nan
7.419781970977783,60.431654676258994,nan,0.0,nan,12.071960576,nan,nan,32.0,0.0,32,nan
7.436453354358673,58.453237410071935,nan,0.0,nan,12.071960576,nan,nan,31.0,0.0,32,nan
7.453125230471293,58.81294964028777,nan,0.0,nan,12.071960576,nan,nan,31.0,0.0,32,nan
7.469796566168467,60.97122302158273,nan,0.0,nan,12.071960576,nan,nan,32.0,0.0,32,nan
7.486469046274821,60.61151079136691,nan,0.0,nan,12.071960576,nan,nan,32.0,0.0,32,nan
7.503142615159352,60.61151079136691,nan,0.0,nan,12.092932096,nan,nan,32.0,0.0,32,nan
7.5198145786921184,61.51079136690647,nan,0.0,nan,12.092932096,nan,nan,32.0,0.0,32,nan
7.536488723754883,62.23021582733813,nan,0.0,nan,12.092932096,nan,nan,32.0,0.0,32,nan
7.553161565462748,62.589928057553955,nan,0.0,nan,12.092932096,nan,nan,32.0,0.0,32,nan
7.5698342283566795,61.690647482014384,nan,0.0,nan,12.092932096,nan,nan,32.0,0.0,32,nan
7.586504046122233,61.690647482014384,nan,0.0,nan,12.092932096,nan,nan,32.0,0.0,32,nan
7.60317446788152,60.07194244604317,nan,0.0,nan,12.095029248,nan,nan,31.0,0.0,32,nan
7.619853607813517,60.07194244604317,nan,0.0,nan,12.103417856,nan,nan,31.0,0.0,32,nan
7.636524919668833,60.07194244604317,nan,0.0,nan,12.103417856,nan,nan,31.0,0.0,32,nan
7.653196946779887,58.81294964028777,nan,0.0,nan,12.151652352,nan,nan,30.0,0.0,32,nan
7.669873042901357,57.014388489208635,nan,0.0,nan,12.151652352,nan,nan,30.0,0.0,32,nan
7.686546659469604,62.050359712230204,nan,0.0,nan,12.151652352,nan,nan,32.0,0.0,32,nan
7.70321962038676,62.050359712230204,nan,0.0,nan,12.151652352,nan,nan,32.0,0.0,32,nan
7.719893117745717,60.251798561151084,nan,0.0,nan,12.151652352,nan,nan,31.0,0.0,32,nan
7.736569138367971,59.89208633093526,nan,0.0,nan,12.151652352,nan,nan,31.0,0.0,32,nan
7.753243879477183,60.07194244604317,nan,0.0,nan,12.151652352,nan,nan,31.0,0.0,32,nan
7.76992092927297,60.251798561151084,nan,0.0,nan,12.151652352,nan,nan,31.0,0.0,32,nan
7.786594088872274,60.251798561151084,nan,0.0,nan,12.151652352,nan,nan,31.0,0.0,32,nan
7.80327156384786,60.97122302158273,nan,0.0,nan,12.155846656,nan,nan,31.0,0.0,32,nan
7.819945712884267,53.41726618705036,nan,0.0,nan,12.155846656,nan,nan,28.0,0.0,32,nan
7.836621995766958,60.251798561151084,nan,0.0,nan,12.155846656,nan,nan,31.0,0.0,32,nan
7.85329673687617,58.453237410071935,nan,0.0,nan,12.155846656,nan,nan,30.0,0.0,32,nan
7.869971744219462,60.251798561151084,nan,0.0,nan,12.176818176,nan,nan,31.0,0.0,32,nan
7.886644156773885,60.07194244604317,nan,0.0,nan,12.176818176,nan,nan,31.0,0.0,32,nan
7.9033211946487425,61.33093525179856,nan,0.0,nan,12.176818176,nan,nan,31.0,0.0,32,nan
7.919995363553365,61.15107913669065,nan,0.0,nan,12.176818176,nan,nan,31.0,0.0,32,nan
7.936669147014618,59.53237410071943,nan,0.0,nan,12.506087424,nan,nan,30.0,0.0,32,nan
7.953344007333119,59.53237410071943,nan,0.0,nan,12.57740288,nan,nan,30.0,0.0,32,nan
7.970023155212402,60.251798561151084,nan,0.0,nan,12.57740288,nan,nan,30.0,0.0,32,nan
7.986694379647573,61.33093525179856,nan,0.0,nan,12.592082944,nan,nan,31.0,0.0,32,nan
8.003369748592377,60.431654676258994,nan,0.0,nan,12.604665856,nan,nan,30.0,0.0,32,nan
8.02004443804423,58.453237410071935,nan,0.0,nan,12.625637376,nan,nan,29.0,0.0,32,nan
8.03672312895457,57.9136690647482,nan,0.0,nan,12.627734528,nan,nan,29.0,0.0,32,nan
8.053397802511851,56.83453237410072,nan,0.0,nan,12.713750528,nan,nan,28.0,0.0,32,nan
8.070069853464762,57.9136690647482,nan,0.0,nan,12.717944832,nan,nan,29.0,0.0,32,nan
8.086746223767598,57.9136690647482,nan,0.0,nan,12.730527744,nan,nan,29.0,0.0,32,nan
8.103417023022969,55.57553956834532,nan,0.0,nan,12.741013504,nan,nan,28.0,0.0,32,nan
8.120093444983164,61.870503597122294,nan,0.0,nan,12.743110656,nan,nan,31.0,0.0,32,nan
8.136762873331707,60.251798561151084,nan,0.0,nan,12.74730496,nan,nan,30.0,0.0,32,nan
8.153441162904103,59.71223021582735,nan,0.0,nan,12.74730496,nan,nan,30.0,0.0,32,nan
8.170119440555572,62.050359712230204,nan,0.0,nan,12.74730496,nan,nan,31.0,0.0,32,nan
8.186790629227955,60.431654676258994,nan,0.0,nan,12.097122304,nan,nan,30.0,0.0,32,nan
8.203464345137279,58.09352517985611,nan,0.0,nan,12.099219456,nan,nan,30.0,0.0,32,nan
8.220133999983469,61.33093525179856,nan,0.0,nan,12.099219456,nan,nan,31.0,0.0,32,nan
8.23680560986201,59.53237410071943,nan,0.0,nan,12.101316608,nan,nan,30.0,0.0,32,nan
8.253478264808654,54.67625899280575,nan,0.0,nan,12.101316608,nan,nan,28.0,0.0,32,nan
8.270151229699453,57.014388489208635,nan,0.0,nan,12.16217088,nan,nan,28.0,0.0,32,nan
8.286821222305297,55.03597122302158,nan,0.0,nan,12.17265664,nan,nan,28.0,0.0,32,nan
8.303495939572652,58.09352517985611,nan,0.0,nan,12.185239552,nan,nan,29.0,0.0,32,nan
8.320172452926636,60.97122302158273,nan,0.0,nan,12.187336704,nan,nan,30.0,0.0,32,nan
8.336843140920003,61.870503597122294,nan,0.0,nan,12.703236096,nan,nan,31.0,0.0,32,nan
8.353522658348083,64.38848920863309,nan,0.0,nan,12.715819008,nan,nan,32.0,0.0,32,nan
8.370197971661886,62.23021582733813,nan,0.0,nan,12.715819008,nan,nan,31.0,0.0,32,nan
8.386870670318604,64.20863309352518,nan,0.0,nan,12.715819008,nan,nan,32.0,0.0,32,nan
8.403540352980295,63.129496402877706,nan,0.0,nan,12.715819008,nan,nan,31.0,0.0,32,nan
8.4202139377594,64.38848920863309,nan,0.0,nan,12.715819008,nan,nan,32.0,0.0,32,nan
8.436887963612874,62.410071942446045,nan,0.0,nan,12.73888768,nan,nan,31.0,0.0,32,nan
8.453562072912852,60.07194244604317,nan,0.0,nan,12.789219328,nan,nan,30.0,0.0,32,nan
8.470236631234487,57.9136690647482,nan,0.0,nan,12.789219328,nan,nan,29.0,0.0,32,nan
8.486909516652425,58.992805755395686,nan,0.0,nan,12.814385152,nan,nan,29.0,0.0,32,nan
8.50358498096466,61.870503597122294,nan,0.0,nan,12.816482304,nan,nan,31.0,0.0,32,nan
8.520257715384165,62.410071942446045,nan,0.0,nan,12.816482304,nan,nan,31.0,0.0,32,nan
8.536930775642395,63.84892086330935,nan,0.0,nan,12.816482304,nan,nan,31.0,0.0,32,nan
8.553601213296254,62.949640287769796,nan,0.0,nan,12.820676608,nan,nan,31.0,0.0,32,nan
8.570272421836853,61.870503597122294,nan,0.0,nan,12.824870912,nan,nan,30.0,0.0,32,nan
8.586942998568217,58.992805755395686,nan,0.0,nan,12.824870912,nan,nan,29.0,0.0,32,nan
8.603613797823588,60.251798561151084,nan,0.0,nan,12.824870912,nan,nan,29.0,0.0,32,nan
8.620287752151489,62.23021582733813,nan,0.0,nan,12.826968064,nan,nan,30.0,0.0,32,nan
8.636959131558736,62.589928057553955,nan,0.0,nan,12.826968064,nan,nan,30.0,0.0,32,nan
8.65362857580185,61.870503597122294,nan,0.0,nan,12.826968064,nan,nan,30.0,0.0,32,nan
8.670301842689515,63.84892086330935,nan,0.0,nan,12.826968064,nan,nan,31.0,0.0,32,nan
8.686973031361898,59.89208633093526,nan,0.0,nan,12.837453824,nan,nan,29.0,0.0,32,nan
8.70364419221878,62.589928057553955,nan,0.0,nan,12.841648128,nan,nan,30.0,0.0,32,nan
8.720320864518483,65.28776978417265,nan,0.0,nan,12.84374528,nan,nan,31.0,0.0,32,nan
8.736992104848225,63.66906474820144,nan,0.0,nan,12.84374528,nan,nan,31.0,0.0,32,nan
8.753663122653961,61.51079136690647,nan,0.0,nan,13.001056256,nan,nan,30.0,0.0,32,nan
8.770341380437214,65.82733812949641,nan,0.0,nan,13.045096448,nan,nan,32.0,0.0,32,nan
8.787020218372344,63.309352517985616,nan,0.0,nan,13.045096448,nan,nan,31.0,0.0,32,nan
8.803693075974783,65.64748201438849,nan,0.0,nan,13.045096448,nan,nan,32.0,0.0,32,nan
8.82036251227061,63.66906474820144,nan,0.0,nan,13.045096448,nan,nan,31.0,0.0,32,nan
8.837040070692698,63.129496402877706,nan,0.0,nan,13.045096448,nan,nan,31.0,0.0,32,nan
8.853709574540456,62.76978417266187,nan,0.0,nan,13.045096448,nan,nan,31.0,0.0,32,nan
8.870386083920797,66.00719424460432,nan,0.0,nan,13.045096448,nan,nan,32.0,0.0,32,nan
8.887055118878683,66.18705035971223,nan,0.0,nan,13.045096448,nan,nan,32.0,0.0,32,nan
8.903723975022634,66.36690647482014,nan,0.0,nan,13.045096448,nan,nan,32.0,0.0,32,nan
8.920397301514944,62.050359712230204,nan,0.0,nan,13.059776512,nan,nan,30.0,0.0,32,nan
8.937068259716034,67.08633093525181,nan,0.0,nan,13.061873664,nan,nan,32.0,0.0,32,nan
8.953742897510528,66.72661870503597,nan,0.0,nan,13.063970816,nan,nan,32.0,0.0,32,nan
8.970419005552928,66.18705035971223,nan,0.0,nan,13.066067968,nan,nan,32.0,0.0,32,nan
8.987091994285583,64.568345323741,nan,0.0,nan,13.066067968,nan,nan,31.0,0.0,32,nan
9.003764224052428,66.54676258992806,nan,0.0,nan,13.066067968,nan,nan,32.0,0.0,32,nan
9.020436529318491,63.84892086330935,nan,0.0,nan,13.066067968,nan,nan,31.0,0.0,32,nan
9.03710898955663,66.54676258992806,nan,0.0,nan,13.066067968,nan,nan,32.0,0.0,32,nan
9.053781898816426,63.66906474820144,nan,0.0,nan,13.066067968,nan,nan,31.0,0.0,32,nan
9.070455157756806,65.10791366906474,nan,0.0,nan,13.066067968,nan,nan,31.0,0.0,32,nan
9.087128452459972,66.54676258992806,nan,0.0,nan,13.066067968,nan,nan,32.0,0.0,32,nan
9.103803412119548,60.79136690647482,nan,0.0,nan,13.066067968,nan,nan,30.0,0.0,32,nan
9.120477060476938,66.90647482014388,nan,0.0,nan,13.066067968,nan,nan,32.0,0.0,32,nan
9.137155854701996,67.62589928057554,nan,0.0,nan,13.072359424,nan,nan,32.0,0.0,32,nan
9.153828652699788,67.26618705035972,nan,0.0,nan,13.072359424,nan,nan,32.0,0.0,32,nan
9.170501800378164,64.74820143884892,nan,0.0,nan,13.072359424,nan,nan,31.0,0.0,32,nan
9.187173839410146,63.48920863309353,nan,0.0,nan,13.074456576,nan,nan,30.0,0.0,32,nan
9.20384613275528,60.79136690647482,nan,0.0,nan,13.087039488,nan,nan,29.0,0.0,32,nan
9.220519308249155,63.129496402877706,nan,0.0,nan,13.08913664,nan,nan,30.0,0.0,32,nan
9.237191677093506,64.02877697841727,nan,0.0,nan,13.11430656,nan,nan,30.0,0.0,32,nan
9.253864653905232,65.46762589928056,nan,0.0,nan,13.11430656,nan,nan,31.0,0.0,32,nan
9.270537141958872,66.00719424460432,nan,0.0,nan,13.11430656,nan,nan,31.0,0.0,32,nan
9.287210150559742,63.129496402877706,nan,0.0,nan,12.516421632,nan,nan,30.0,0.0,32,nan
9.303886353969574,60.07194244604317,nan,0.0,nan,12.516421632,nan,nan,29.0,0.0,32,nan
9.320559366544087,65.46762589928056,nan,0.0,nan,12.522713088,nan,nan,31.0,0.0,32,nan
9.337239038944244,65.46762589928056,nan,0.0,nan,12.531101696,nan,nan,31.0,0.0,32,nan
9.353911558787027,60.251798561151084,nan,0.0,nan,12.550025216,nan,nan,28.0,0.0,32,nan
9.370585417747497,62.23021582733813,nan,0.0,nan,12.55421952,nan,nan,30.0,0.0,32,nan
9.38725877602895,64.92805755395683,nan,0.0,nan,12.5898752,nan,nan,30.0,0.0,32,nan
9.40393027861913,64.20863309352518,nan,0.0,nan,12.617138176,nan,nan,30.0,0.0,32,nan
9.420602814356487,60.79136690647482,nan,0.0,nan,12.640206848,nan,nan,29.0,0.0,32,nan
9.437275612354279,61.51079136690647,nan,0.0,nan,12.665372672,nan,nan,29.0,0.0,32,nan
9.453948756059011,65.28776978417265,nan,0.0,nan,12.667469824,nan,nan,31.0,0.0,32,nan
9.470620290438335,67.26618705035972,nan,0.0,nan,12.667469824,nan,nan,32.0,0.0,32,nan
9.487292611598969,68.88489208633092,nan,0.0,nan,12.667469824,nan,nan,32.0,0.0,32,nan
9.50396538178126,65.28776978417265,nan,0.0,nan,12.667469824,nan,nan,31.0,0.0,32,nan
9.52063780228297,67.62589928057554,nan,0.0,nan,12.667469824,nan,nan,32.0,0.0,32,nan
9.537311613559723,59.89208633093526,nan,0.0,nan,12.755546112,nan,nan,29.0,0.0,32,nan
9.553980918725332,61.51079136690647,nan,0.0,nan,12.787003392,nan,nan,29.0,0.0,32,nan
9.570653605461121,67.62589928057554,nan,0.0,nan,12.787003392,nan,nan,32.0,0.0,32,nan
9.587327694892883,63.84892086330935,nan,0.0,nan,12.793294848,nan,nan,30.0,0.0,32,nan
9.604005229473113,63.309352517985616,nan,0.0,nan,12.822654976,nan,nan,29.0,0.0,32,nan
9.620677908261618,57.014388489208635,nan,0.0,nan,12.822654976,nan,nan,27.0,0.0,32,nan
9.637352780501049,62.23021582733813,nan,0.0,nan,12.839432192,nan,nan,29.0,0.0,32,nan
9.654025534788767,66.00719424460432,nan,0.0,nan,12.856209408,nan,nan,30.0,0.0,32,nan
9.670695777734121,65.28776978417265,nan,0.0,nan,12.856209408,nan,nan,30.0,0.0,32,nan
9.687371536095936,62.76978417266187,nan,0.0,nan,12.856209408,nan,nan,29.0,0.0,32,nan
9.704042899608613,64.92805755395683,nan,0.0,nan,12.856209408,nan,nan,30.0,0.0,32,nan
9.720721844832102,65.10791366906474,nan,0.0,nan,12.856209408,nan,nan,30.0,0.0,32,nan
9.737394694487254,61.51079136690647,nan,0.0,nan,12.432539648,nan,nan,29.0,0.0,31,nan
9.754070369402568,66.18705035971223,nan,0.0,nan,12.669333504,nan,nan,31.0,0.0,32,nan
9.77074528535207,64.568345323741,nan,0.0,nan,12.669333504,nan,nan,30.0,0.0,32,nan
9.787426539262135,66.36690647482014,nan,0.0,nan,12.669333504,nan,nan,31.0,0.0,32,nan
9.804098117351533,64.20863309352518,nan,0.0,nan,12.677722112,nan,nan,30.0,0.0,32,nan
9.820771789550781,64.20863309352518,nan,0.0,nan,12.677722112,nan,nan,30.0,0.0,32,nan
9.837445338567099,60.79136690647482,nan,0.0,nan,12.677722112,nan,nan,28.0,0.0,32,nan
9.85412095785141,64.02877697841727,nan,0.0,nan,12.677722112,nan,nan,30.0,0.0,32,nan
9.870795512199402,58.273381294964025,nan,0.0,nan,12.702892032,nan,nan,27.0,0.0,32,nan
9.887469855944316,63.66906474820144,nan,0.0,nan,12.719669248,nan,nan,30.0,0.0,32,nan
9.90414434671402,63.129496402877706,nan,0.0,nan,12.719669248,nan,nan,30.0,0.0,32,nan
9.920813671747844,65.64748201438849,nan,0.0,nan,12.719669248,nan,nan,31.0,0.0,32,nan
9.937483700116475,63.48920863309353,nan,0.0,nan,12.719669248,nan,nan,30.0,0.0,32,nan
9.954158027966818,61.33093525179856,nan,0.0,nan,12.719669248,nan,nan,29.0,0.0,32,nan
9.970830043156942,59.53237410071943,nan,0.0,nan,12.7217664,nan,nan,28.0,0.0,32,nan
9.987506890296936,51.798561151079134,nan,0.0,nan,12.927291392,nan,nan,24.0,0.0,32,nan
10.004180141290028,59.352517985611506,nan,0.0,nan,13.015396352,nan,nan,28.0,0.0,32,nan
10.020853793621063,64.20863309352518,nan,0.0,nan,13.019590656,nan,nan,30.0,0.0,32,nan
10.037527362505594,65.10791366906474,nan,0.0,nan,12.717735936,nan,nan,31.0,0.0,32,nan
10.054204670588176,65.82733812949641,nan,0.0,nan,12.724027392,nan,nan,31.0,0.0,32,nan
10.070877810319265,64.02877697841727,nan,0.0,nan,12.724027392,nan,nan,30.0,0.0,32,nan
10.087553318341573,65.64748201438849,nan,0.0,nan,12.728221696,nan,nan,31.0,0.0,32,nan
10.10422650973002,60.79136690647482,nan,0.0,nan,12.751290368,nan,nan,29.0,0.0,32,nan
10.12090559800466,65.64748201438849,nan,0.0,nan,12.759678976,nan,nan,31.0,0.0,32,nan
10.137578058242799,63.129496402877706,nan,0.0,nan,12.772261888,nan,nan,30.0,0.0,32,nan
10.154254031181335,62.589928057553955,nan,0.0,nan,12.776456192,nan,nan,29.0,0.0,32,nan
10.170927802721659,58.63309352517986,nan,0.0,nan,12.79533056,nan,nan,28.0,0.0,32,nan
10.187601709365845,60.79136690647482,nan,0.0,nan,12.868743168,nan,nan,29.0,0.0,32,nan
10.204274348417918,62.949640287769796,nan,0.0,nan,12.898103296,nan,nan,30.0,0.0,32,nan
10.220946486790975,61.870503597122294,nan,0.0,nan,12.900200448,nan,nan,29.0,0.0,32,nan
10.237621136506398,62.410071942446045,nan,0.0,nan,12.92537856,nan,nan,29.0,0.0,32,nan
10.254297244548798,68.16546762589928,nan,0.0,nan,12.92537856,nan,nan,32.0,0.0,32,nan
10.270975029468536,69.06474820143885,nan,0.0,nan,12.92537856,nan,nan,32.0,0.0,32,nan
10.287659498055776,68.70503597122301,nan,0.0,nan,12.92537856,nan,nan,32.0,0.0,32,nan
10.304338335990906,67.08633093525181,nan,0.0,nan,12.937961472,nan,nan,31.0,0.0,32,nan
10.321014893054961,69.06474820143885,nan,0.0,nan,12.940058624,nan,nan,32.0,0.0,32,nan
10.33769127925237,69.24460431654677,nan,0.0,nan,12.940058624,nan,nan,32.0,0.0,32,nan
10.354370685418447,69.24460431654677,nan,0.0,nan,12.940058624,nan,nan,32.0,0.0,32,nan
10.371045486132305,65.28776978417265,nan,0.0,nan,12.940058624,nan,nan,31.0,0.0,32,nan
10.38772208293279,65.64748201438849,nan,0.0,nan,12.973621248,nan,nan,31.0,0.0,32,nan
10.40439705848694,67.08633093525181,nan,0.0,nan,12.973621248,nan,nan,31.0,1.0,32,nan
10.421071223417918,69.06474820143885,nan,0.0,nan,12.973621248,nan,nan,32.0,0.0,32,nan
10.437745344638824,66.72661870503597,nan,0.0,nan,12.973621248,nan,nan,31.0,0.0,32,nan
10.454423153400421,64.02877697841727,nan,0.0,nan,12.973621248,nan,nan,30.0,0.0,32,nan
10.471098339557647,62.410071942446045,nan,0.0,nan,12.973621248,nan,nan,29.0,0.0,32,nan
10.487770640850067,64.38848920863309,nan,0.0,nan,12.973621248,nan,nan,30.0,0.0,32,nan
10.504445115725199,61.870503597122294,nan,0.0,nan,13.414023168,nan,nan,29.0,0.0,32,nan
10.52112177213033,64.38848920863309,nan,0.0,nan,13.497909248,nan,nan,30.0,0.0,32,nan
10.53779105345408,65.46762589928056,nan,0.0,nan,13.497909248,nan,nan,30.0,0.0,32,nan
10.554464534918468,67.08633093525181,nan,0.0,nan,13.506297856,nan,nan,31.0,0.0,32,nan
10.571137487888336,65.82733812949641,nan,0.0,nan,13.506297856,nan,nan,30.0,0.0,32,nan
10.587810432910919,64.92805755395683,nan,0.0,nan,13.508395008,nan,nan,30.0,0.0,32,nan
10.604486123720806,62.76978417266187,nan,0.0,nan,13.508395008,nan,nan,29.0,0.0,32,nan
10.62116080125173,67.80575539568345,nan,0.0,nan,13.508395008,nan,nan,31.0,0.0,32,nan
10.637836515903473,64.92805755395683,nan,0.0,nan,13.508395008,nan,nan,30.0,0.0,32,nan
10.654510589440664,69.7841726618705,nan,0.0,nan,13.508395008,nan,nan,32.0,0.0,32,nan
10.671184472242992,70.14388489208633,nan,0.0,nan,13.508395008,nan,nan,32.0,0.0,32,nan
10.687855962912241,69.06474820143885,nan,0.0,nan,13.508395008,nan,nan,32.0,0.0,32,nan
10.704530704021455,66.54676258992806,nan,0.0,nan,13.514686464,nan,nan,31.0,0.0,32,nan
10.721204264958699,68.88489208633092,nan,0.0,nan,13.514686464,nan,nan,32.0,0.0,32,nan
10.737879240512848,68.34532374100719,nan,0.0,nan,13.514686464,nan,nan,32.0,0.0,32,nan
10.754551116625468,66.00719424460432,nan,0.0,nan,13.514686464,nan,nan,31.0,0.0,32,nan
10.77122718890508,66.00719424460432,nan,0.0,nan,13.516783616,nan,nan,31.0,0.0,32,nan
10.787897272904713,67.26618705035972,nan,0.0,nan,13.52097792,nan,nan,31.0,0.0,32,nan
10.8045702735583,66.18705035971223,nan,0.0,nan,13.527269376,nan,nan,31.0,0.0,32,nan
10.821244545777638,65.82733812949641,nan,0.0,nan,13.53146368,nan,nan,30.0,0.0,32,nan
10.837920022010803,66.36690647482014,nan,0.0,nan,13.58389248,nan,nan,31.0,0.0,32,nan
10.85459443728129,66.36690647482014,nan,0.0,nan,13.588086784,nan,nan,31.0,0.0,32,nan
10.871267759799958,66.54676258992806,nan,0.0,nan,13.588086784,nan,nan,31.0,0.0,32,nan
10.887942258516947,67.08633093525181,nan,0.0,nan,13.590183936,nan,nan,31.0,0.0,32,nan
10.90461333990097,62.050359712230204,nan,0.0,nan,13.2062208,nan,nan,29.0,0.0,32,nan
10.921285072962442,68.70503597122301,nan,0.0,nan,13.208317952,nan,nan,32.0,0.0,32,nan
10.937956821918487,65.46762589928056,nan,0.0,nan,13.208317952,nan,nan,31.0,0.0,32,nan
10.954630247751872,68.16546762589928,nan,0.0,nan,13.208317952,nan,nan,32.0,0.0,32,nan
10.971304210027059,67.98561151079137,nan,0.0,nan,13.208317952,nan,nan,32.0,0.0,32,nan
10.98797945578893,61.690647482014384,nan,0.0,nan,13.208317952,nan,nan,29.0,0.0,32,nan
11.004656906922659,64.20863309352518,nan,0.0,nan,13.214609408,nan,nan,30.0,0.0,32,nan
11.021326927344004,64.20863309352518,nan,0.0,nan,13.23767808,nan,nan,30.0,0.0,32,nan
11.037996677557627,64.20863309352518,nan,0.0,nan,13.26913536,nan,nan,30.0,0.0,32,nan
11.054666471481323,62.050359712230204,nan,0.0,nan,13.271232512,nan,nan,29.0,0.0,32,nan
11.071336376667023,59.352517985611506,nan,0.0,nan,13.275447296,nan,nan,28.0,0.0,32,nan
11.08800630569458,61.870503597122294,nan,0.0,nan,13.292224512,nan,nan,29.0,0.0,32,nan
11.104680411020915,62.410071942446045,nan,0.0,nan,13.302730752,nan,nan,29.0,0.0,32,nan
11.12135290702184,62.050359712230204,nan,0.0,nan,13.082324992,nan,nan,29.0,0.0,32,nan
11.13802414337794,64.568345323741,nan,0.0,nan,13.086539776,nan,nan,31.0,0.0,32,nan
11.154696667194367,61.15107913669065,nan,0.0,nan,13.1117056,nan,nan,29.0,0.0,32,nan
11.171372254689535,65.10791366906474,nan,0.0,nan,13.120094208,nan,nan,31.0,0.0,32,nan
11.188042493661245,63.309352517985616,nan,0.0,nan,13.120094208,nan,nan,30.0,0.0,32,nan
11.204712382952373,56.29496402877698,nan,0.0,nan,13.134782464,nan,nan,27.0,0.0,32,nan
11.22138618628184,57.9136690647482,nan,0.0,nan,13.153656832,nan,nan,28.0,0.0,32,nan
11.23806031147639,58.992805755395686,nan,0.0,nan,13.199802368,nan,nan,28.0,0.0,32,nan
11.254730296134948,59.172661870503596,nan,0.0,nan,13.199802368,nan,nan,28.0,0.0,32,nan
11.271405053138732,59.352517985611506,nan,0.0,nan,13.203996672,nan,nan,28.0,0.0,32,nan
11.288076217969259,58.273381294964025,nan,0.0,nan,13.203996672,nan,nan,27.0,0.0,32,nan
11.304746369520823,64.02877697841727,nan,0.0,nan,13.216579584,nan,nan,29.0,0.0,32,nan
11.32142440478007,61.51079136690647,nan,0.0,nan,13.224968192,nan,nan,29.0,0.0,32,nan
11.33809765179952,62.76978417266187,nan,0.0,nan,13.231259648,nan,nan,29.0,0.0,32,nan
11.354771967728933,64.38848920863309,nan,0.0,nan,13.231259648,nan,nan,30.0,0.0,32,nan
11.371445004145304,60.431654676258994,nan,0.0,nan,13.231259648,nan,nan,29.0,0.0,32,nan
11.388119065761567,61.870503597122294,nan,0.0,nan,13.231259648,nan,nan,30.0,0.0,32,nan
11.404793087641398,63.309352517985616,nan,0.0,nan,12.73790464,nan,nan,30.0,0.0,32,nan
11.421470761299133,65.10791366906474,nan,0.0,nan,12.962951168,nan,nan,30.0,0.0,32,nan
11.4381413936615,63.66906474820144,nan,0.0,nan,12.962951168,nan,nan,30.0,0.0,32,nan
11.454814211527507,63.309352517985616,nan,0.0,nan,12.96504832,nan,nan,30.0,0.0,32,nan
11.471485602855683,61.690647482014384,nan,0.0,nan,12.967145472,nan,nan,29.0,0.0,32,nan
11.48815981944402,63.309352517985616,nan,0.0,nan,12.794560512,nan,nan,30.0,0.0,32,nan
11.504829756418864,60.97122302158273,nan,0.0,nan,12.794560512,nan,nan,30.0,0.0,32,nan
11.52150547504425,64.568345323741,nan,0.0,nan,12.794560512,nan,nan,31.0,0.0,32,nan
11.538174676895142,64.74820143884892,nan,0.0,nan,12.794560512,nan,nan,31.0,0.0,32,nan
11.554844292004903,65.46762589928056,nan,0.0,nan,12.796657664,nan,nan,31.0,0.0,32,nan
11.571522796154023,63.129496402877706,nan,0.0,nan,12.821839872,nan,nan,30.0,0.0,32,nan
11.588196861743928,60.431654676258994,nan,0.0,nan,12.826054656,nan,nan,29.0,0.0,32,nan
11.604871877034505,63.84892086330935,nan,0.0,nan,12.838637568,nan,nan,31.0,0.0,32,nan
11.621542497475941,59.352517985611506,nan,0.0,nan,12.838637568,nan,nan,29.0,0.0,32,nan
11.638221665223439,60.251798561151084,nan,0.0,nan,12.884774912,nan,nan,29.0,0.0,32,nan
11.654892241954803,59.71223021582735,nan,0.0,nan,12.895260672,nan,nan,29.0,0.0,32,nan
11.671568191051483,61.690647482014384,nan,0.0,nan,12.895260672,nan,nan,30.0,0.0,32,nan
11.688237941265106,61.870503597122294,nan,0.0,nan,12.895260672,nan,nan,30.0,0.0,32,nan
11.704910469055175,63.129496402877706,nan,0.0,nan,12.907843584,nan,nan,30.0,0.0,32,nan
11.721585667133331,60.97122302158273,nan,0.0,nan,12.907843584,nan,nan,29.0,0.0,32,nan
11.738260225454967,56.4748201438849,nan,0.0,nan,12.960272384,nan,nan,27.0,0.0,32,nan
11.754930778344471,61.51079136690647,nan,0.0,nan,12.98753536,nan,nan,29.0,0.0,32,nan
11.771600377559661,64.92805755395683,nan,0.0,nan,12.98753536,nan,nan,31.0,0.0,32,nan
11.788269853591919,65.10791366906474,nan,0.0,nan,12.98753536,nan,nan,31.0,0.0,32,nan
11.804944837093354,65.64748201438849,nan,0.0,nan,12.98753536,nan,nan,31.0,0.0,32,nan
11.821618648370107,65.10791366906474,nan,0.0,nan,12.98753536,nan,nan,31.0,0.0,32,nan
11.838292296727499,59.172661870503596,nan,0.0,nan,12.98753536,nan,nan,28.0,0.0,32,nan
11.854964272181194,65.46762589928056,nan,0.0,nan,12.98753536,nan,nan,31.0,0.0,32,nan
11.871635103225708,65.46762589928056,nan,0.0,nan,12.98753536,nan,nan,31.0,0.0,32,nan
11.888305918375652,65.46762589928056,nan,0.0,nan,12.989632512,nan,nan,31.0,0.0,32,nan
11.904978855450947,66.54676258992806,nan,0.0,nan,12.989632512,nan,nan,31.0,0.0,32,nan
11.921650886535645,65.82733812949641,nan,0.0,nan,12.989632512,nan,nan,31.0,0.0,32,nan
11.938325476646423,66.00719424460432,nan,0.0,nan,12.989632512,nan,nan,31.0,0.0,32,nan
11.954996609687806,60.07194244604317,nan,0.0,nan,12.989632512,nan,nan,28.0,0.0,32,nan
11.971670802434286,63.48920863309353,nan,0.0,nan,12.989632512,nan,nan,30.0,0.0,32,nan
11.988343389829,65.64748201438849,nan,0.0,nan,12.989632512,nan,nan,31.0,0.0,32,nan
12.005013946692149,65.64748201438849,nan,0.0,nan,12.989632512,nan,nan,31.0,0.0,32,nan
12.02168771425883,64.38848920863309,nan,0.0,nan,12.989632512,nan,nan,30.0,0.0,32,nan
12.038360766569774,66.54676258992806,nan,0.0,nan,12.989632512,nan,nan,31.0,0.0,32,nan
12.055030226707458,66.54676258992806,nan,0.0,nan,12.989632512,nan,nan,31.0,0.0,32,nan
12.071702647209168,66.72661870503597,nan,0.0,nan,12.989632512,nan,nan,31.0,0.0,32,nan
12.088373080889385,66.72661870503597,nan,0.0,nan,12.989632512,nan,nan,31.0,0.0,32,nan
12.10504392782847,65.28776978417265,nan,0.0,nan,13.016899584,nan,nan,30.0,0.0,32,nan
12.12171374162038,62.23021582733813,nan,0.0,nan,13.016899584,nan,nan,29.0,0.0,32,nan
12.13839008808136,62.76978417266187,nan,0.0,nan,13.04416256,nan,nan,29.0,0.0,32,nan
12.155063772201538,64.20863309352518,nan,0.0,nan,13.046259712,nan,nan,30.0,0.0,32,nan
12.171734857559205,64.92805755395683,nan,0.0,nan,13.046259712,nan,nan,30.0,0.0,32,nan
12.188403971989949,59.89208633093526,nan,0.0,nan,13.048356864,nan,nan,28.0,0.0,32,nan
12.205075919628143,60.251798561151084,nan,0.0,nan,13.052551168,nan,nan,28.0,0.0,32,nan
12.22174785931905,62.410071942446045,nan,0.0,nan,13.05464832,nan,nan,29.0,0.0,32,nan
12.238418165842692,58.63309352517986,nan,0.0,nan,13.0861056,nan,nan,27.0,0.0,32,nan
12.25508760213852,62.76978417266187,nan,0.0,nan,12.85961728,nan,nan,29.0,0.0,32,nan
12.271758262316386,60.431654676258994,nan,0.0,nan,12.85961728,nan,nan,29.0,0.0,32,nan
12.288428513209025,60.97122302158273,nan,0.0,nan,12.947697664,nan,nan,29.0,0.0,32,nan
12.305106031894685,59.89208633093526,nan,0.0,nan,12.95398912,nan,nan,28.0,0.0,32,nan
12.321781678994496,61.33093525179856,nan,0.0,nan,12.96447488,nan,nan,29.0,0.0,32,nan
12.338453646500906,59.89208633093526,nan,0.0,nan,12.051177472,nan,nan,28.0,0.0,32,nan
12.355128161112468,63.129496402877706,nan,0.0,nan,12.189630464,nan,nan,30.0,0.0,32,nan
12.371802087624868,62.589928057553955,nan,0.0,nan,12.25254912,nan,nan,29.0,0.0,32,nan
12.388475584983826,63.129496402877706,nan,0.0,nan,12.25254912,nan,nan,30.0,0.0,32,nan
12.405147023995717,63.309352517985616,nan,0.0,nan,12.25254912,nan,nan,30.0,0.0,32,nan
12.421818113327026,64.20863309352518,nan,0.0,nan,11.89996544,nan,nan,31.0,0.0,32,nan
12.438488614559173,64.20863309352518,nan,0.0,nan,11.902062592,nan,nan,31.0,0.0,32,nan
12.455161579449971,60.251798561151084,nan,0.0,nan,11.902062592,nan,nan,29.0,0.0,32,nan
12.47183875242869,61.690647482014384,nan,0.0,nan,11.902062592,nan,nan,30.0,0.0,32,nan
12.488510127862295,59.89208633093526,nan,0.0,nan,11.9650304,nan,nan,28.0,0.0,32,nan
12.505185635884603,60.79136690647482,nan,0.0,nan,12.013268992,nan,nan,29.0,0.0,32,nan
12.521855195363363,62.410071942446045,nan,0.0,nan,12.04262912,nan,nan,30.0,0.0,32,nan
12.538526713848114,61.870503597122294,nan,0.0,nan,12.122320896,nan,nan,30.0,0.0,32,nan
12.555197020371756,61.33093525179856,nan,0.0,nan,12.170592256,nan,nan,29.0,0.0,32,nan
12.57187192440033,59.71223021582735,nan,0.0,nan,12.244062208,nan,nan,28.0,0.0,32,nan
12.588546605904897,61.51079136690647,nan,0.0,nan,11.155308544,nan,nan,29.0,0.0,32,nan
12.605219221115112,64.92805755395683,nan,0.0,nan,11.356758016,nan,nan,31.0,0.0,32,nan
12.621891891956329,62.23021582733813,nan,0.0,nan,11.356758016,nan,nan,30.0,0.0,32,nan
12.638562647501628,61.33093525179856,nan,0.0,nan,11.40291584,nan,nan,30.0,0.0,32,nan
12.655233720938364,63.84892086330935,nan,0.0,nan,11.407110144,nan,nan,31.0,0.0,32,nan
12.671907432874043,61.690647482014384,nan,0.0,nan,11.421790208,nan,nan,30.0,0.0,32,nan
12.688579559326172,64.02877697841727,nan,0.0,nan,11.432275968,nan,nan,31.0,0.0,32,nan
12.70525494813919,64.02877697841727,nan,0.0,nan,11.432275968,nan,nan,31.0,0.0,32,nan
12.721924682458242,64.02877697841727,nan,0.0,nan,11.432275968,nan,nan,31.0,0.0,32,nan
12.738601907094319,64.02877697841727,nan,0.0,nan,11.43437312,nan,nan,31.0,0.0,32,nan
12.755277427037557,63.129496402877706,nan,0.0,nan,11.495206912,nan,nan,30.0,0.0,32,nan
12.771951595942179,63.309352517985616,nan,0.0,nan,11.528761344,nan,nan,30.0,0.0,32,nan
12.788620861371358,64.20863309352518,nan,0.0,nan,11.549732864,nan,nan,31.0,0.0,32,nan
12.80529291232427,64.38848920863309,nan,0.0,nan,11.549732864,nan,nan,31.0,0.0,32,nan
12.82196803490321,64.568345323741,nan,0.0,nan,11.549732864,nan,nan,31.0,0.0,32,nan
12.838640415668488,64.74820143884892,nan,0.0,nan,11.549732864,nan,nan,31.0,0.0,32,nan
12.855311739444733,65.28776978417265,nan,0.0,nan,11.549732864,nan,nan,31.0,0.0,32,nan
12.871984187761942,64.92805755395683,nan,0.0,nan,11.549732864,nan,nan,31.0,0.0,32,nan
12.888657406965892,66.00719424460432,nan,0.0,nan,11.549732864,nan,nan,31.0,0.0,32,nan
12.905329223473867,65.46762589928056,nan,0.0,nan,11.549732864,nan,nan,31.0,0.0,32,nan
12.922002482414246,64.38848920863309,nan,0.0,nan,11.549732864,nan,nan,30.0,0.0,32,nan
12.93867612282435,65.46762589928056,nan,0.0,nan,11.558121472,nan,nan,31.0,0.0,32,nan
12.955353943506877,65.64748201438849,nan,0.0,nan,11.558121472,nan,nan,31.0,0.0,32,nan
12.972029423713684,62.23021582733813,nan,0.0,nan,11.574898688,nan,nan,29.0,0.0,32,nan
12.988702376683554,66.00719424460432,nan,0.0,nan,11.589578752,nan,nan,31.0,0.0,32,nan
13.00537567138672,65.10791366906474,nan,0.0,nan,11.589578752,nan,nan,30.0,0.0,32,nan
13.022056233882903,64.02877697841727,nan,0.0,nan,11.589578752,nan,nan,30.0,0.0,32,nan
13.038729468981424,64.92805755395683,nan,0.0,nan,11.589578752,nan,nan,30.0,0.0,32,nan
13.055403939882915,64.92805755395683,nan,0.0,nan,11.589578752,nan,nan,30.0,0.0,32,nan
13.072076054414113,64.92805755395683,nan,0.0,nan,11.589578752,nan,nan,30.0,0.0,32,nan
13.088748224576314,64.02877697841727,nan,0.0,nan,11.589578752,nan,nan,29.0,0.0,32,nan
13.105418972174327,65.28776978417265,nan,0.0,nan,11.593773056,nan,nan,30.0,0.0,32,nan
13.122091182072957,63.84892086330935,nan,0.0,nan,11.595870208,nan,nan,29.0,0.0,32,nan
13.138761945565541,63.84892086330935,nan,0.0,nan,11.644104704,nan,nan,29.0,0.0,32,nan
13.155438725153605,64.02877697841727,nan,0.0,nan,11.66088192,nan,nan,29.0,0.0,32,nan
13.172114658355714,65.46762589928056,nan,0.0,nan,11.66088192,nan,nan,30.0,0.0,32,nan
13.188789669672648,63.129496402877706,nan,0.0,nan,11.459690496,nan,nan,29.0,0.0,32,nan
13.205463568369547,65.10791366906474,nan,0.0,nan,11.459690496,nan,nan,31.0,0.0,32,nan
13.222136199474335,65.28776978417265,nan,0.0,nan,11.459690496,nan,nan,31.0,0.0,32,nan
13.238810157775879,65.46762589928056,nan,0.0,nan,11.459690496,nan,nan,31.0,0.0,32,nan
13.255486687024435,65.46762589928056,nan,0.0,nan,11.459690496,nan,nan,31.0,0.0,32,nan
13.272163478533427,65.46762589928056,nan,0.0,nan,11.459690496,nan,nan,31.0,0.0,32,nan
13.288838032881419,65.64748201438849,nan,0.0,nan,11.459690496,nan,nan,31.0,0.0,32,nan
13.305512901147207,65.82733812949641,nan,0.0,nan,11.459690496,nan,nan,31.0,0.0,32,nan
13.322185866038005,60.431654676258994,nan,0.0,nan,11.482759168,nan,nan,28.0,0.0,32,nan
13.338857277234395,64.20863309352518,nan,0.0,nan,11.482759168,nan,nan,30.0,1.0,32,nan
13.355531986554464,66.54676258992806,nan,0.0,nan,11.482759168,nan,nan,31.0,0.0,32,nan
13.37220713297526,64.92805755395683,nan,0.0,nan,11.482759168,nan,nan,30.0,0.0,32,nan
13.38888175090154,66.18705035971223,nan,0.0,nan,11.482759168,nan,nan,31.0,0.0,32,nan
13.40555606285731,64.74820143884892,nan,0.0,nan,11.55198976,nan,nan,30.0,0.0,32,nan
13.422230883439381,66.54676258992806,nan,0.0,nan,11.564572672,nan,nan,31.0,0.0,32,nan
13.438900927702585,64.20863309352518,nan,0.0,nan,11.564572672,nan,nan,30.0,0.0,32,nan
13.455577147006988,63.309352517985616,nan,0.0,nan,11.564572672,nan,nan,30.0,0.0,32,nan
13.472254494825998,64.74820143884892,nan,0.0,nan,11.564572672,nan,nan,31.0,0.0,32,nan
13.488929160435994,61.870503597122294,nan,0.0,nan,11.579252736,nan,nan,29.0,0.0,32,nan
13.50560474395752,64.20863309352518,nan,0.0,nan,11.579252736,nan,nan,30.0,0.0,32,nan
13.522276310125987,63.84892086330935,nan,0.0,nan,11.579252736,nan,nan,30.0,0.0,32,nan
13.538953284422556,63.66906474820144,nan,0.0,nan,11.581349888,nan,nan,30.0,0.0,32,nan
13.555626877148946,64.20863309352518,nan,0.0,nan,11.581349888,nan,nan,30.0,0.0,32,nan
13.572297616799672,65.82733812949641,nan,0.0,nan,11.587641344,nan,nan,31.0,0.0,32,nan
13.588971201578776,66.54676258992806,nan,0.0,nan,11.587641344,nan,nan,31.0,0.0,32,nan
13.605645664532979,66.00719424460432,nan,0.0,nan,11.587641344,nan,nan,31.0,0.0,32,nan
13.622320063908894,65.10791366906474,nan,0.0,nan,11.587641344,nan,nan,31.0,0.0,32,nan
13.638993060588836,64.02877697841727,nan,0.0,nan,11.587641344,nan,nan,30.0,0.0,32,nan
13.65566962560018,65.28776978417265,nan,0.0,nan,11.591835648,nan,nan,31.0,0.0,32,nan
13.672340563933055,63.84892086330935,nan,0.0,nan,11.591835648,nan,nan,30.0,0.0,32,nan
13.689014605681102,62.050359712230204,nan,0.0,nan,11.596029952,nan,nan,29.0,0.0,32,nan
13.705688746770223,64.74820143884892,nan,0.0,nan,11.596029952,nan,nan,31.0,0.0,32,nan
13.722365232308706,63.66906474820144,nan,0.0,nan,11.596029952,nan,nan,30.0,0.0,32,nan
13.739038121700286,64.92805755395683,nan,0.0,nan,11.596029952,nan,nan,31.0,0.0,32,nan
13.755710411071778,63.48920863309353,nan,0.0,nan,11.596029952,nan,nan,30.0,0.0,32,nan
13.7723818898201,63.129496402877706,nan,0.0,nan,11.602321408,nan,nan,30.0,0.0,32,nan
13.789051580429078,63.84892086330935,nan,0.0,nan,11.602321408,nan,nan,30.0,0.0,32,nan
13.805724322795868,63.84892086330935,nan,0.0,nan,11.602321408,nan,nan,30.0,0.0,32,nan
13.822397152582804,65.82733812949641,nan,0.0,nan,11.602321408,nan,nan,31.0,0.0,32,nan
13.83906956911087,63.309352517985616,nan,0.0,nan,11.602321408,nan,nan,29.0,0.0,32,nan
13.855743602911632,66.00719424460432,nan,0.0,nan,11.602321408,nan,nan,31.0,0.0,32,nan
13.872418463230133,66.00719424460432,nan,0.0,nan,11.602321408,nan,nan,31.0,0.0,32,nan
13.88909068107605,66.18705035971223,nan,0.0,nan,11.602321408,nan,nan,31.0,0.0,32,nan
13.905762934684754,63.48920863309353,nan,0.0,nan,11.602321408,nan,nan,30.0,0.0,32,nan
13.922435279687246,64.92805755395683,nan,0.0,nan,11.602321408,nan,nan,31.0,0.0,32,nan
13.939105943838756,66.00719424460432,nan,0.0,nan,11.602321408,nan,nan,31.0,0.0,32,nan
13.955780859788259,66.36690647482014,nan,0.0,nan,11.602321408,nan,nan,31.0,0.0,32,nan
13.972453200817109,66.00719424460432,nan,0.0,nan,11.602321408,nan,nan,31.0,0.0,32,nan
13.989126706123352,59.352517985611506,nan,0.0,nan,11.602321408,nan,nan,29.0,0.0,32,nan
14.005801550547282,62.23021582733813,nan,0.0,nan,11.627487232,nan,nan,30.0,0.0,32,nan
14.022474563121795,63.66906474820144,nan,0.0,nan,11.627487232,nan,nan,30.0,1.0,32,nan
14.039147015412649,65.10791366906474,nan,0.0,nan,11.627487232,nan,nan,31.0,1.0,32,nan
14.055819499492646,70.68345323741008,nan,0.0,nan,11.627487232,nan,nan,32.0,0.0,32,nan
14.07249230146408,68.16546762589928,nan,0.0,nan,11.627487232,nan,nan,32.0,0.0,32,nan
14.089164551099142,67.08633093525181,nan,0.0,nan,11.629584384,nan,nan,31.0,0.0,32,nan
14.105837253729502,68.5251798561151,nan,0.0,nan,11.629584384,nan,nan,32.0,0.0,32,nan
14.122510504722595,64.02877697841727,nan,0.0,nan,11.629584384,nan,nan,30.0,0.0,32,nan
14.139185059070588,68.70503597122301,nan,0.0,nan,11.63587584,nan,nan,32.0,0.0,32,nan
14.155860221385955,69.60431654676259,nan,0.0,nan,11.640070144,nan,nan,32.0,0.0,32,nan
14.172535792986553,68.34532374100719,nan,0.0,nan,11.640070144,nan,nan,31.0,0.0,32,nan
14.189207589626312,69.7841726618705,nan,0.0,nan,11.640070144,nan,nan,32.0,0.0,32,nan
14.205879727999369,69.96402877697841,nan,0.0,nan,11.640070144,nan,nan,32.0,0.0,32,nan
14.222553435961405,67.80575539568345,nan,0.0,nan,11.642167296,nan,nan,31.0,0.0,32,nan
14.239225804805756,69.24460431654677,nan,0.0,nan,11.642167296,nan,nan,32.0,0.0,32,nan
14.255897657076519,69.7841726618705,nan,0.0,nan,11.642167296,nan,nan,32.0,0.0,32,nan
14.272569859027863,69.7841726618705,nan,0.0,nan,11.642167296,nan,nan,32.0,0.0,32,nan
14.289240717887878,69.7841726618705,nan,0.0,nan,11.642167296,nan,nan,32.0,0.0,32,nan
14.305913722515106,70.14388489208633,nan,0.0,nan,11.642167296,nan,nan,32.0,0.0,32,nan
14.32258730729421,69.06474820143885,nan,0.0,nan,11.642167296,nan,nan,31.0,0.0,32,nan
14.339257991313934,70.32374100719426,nan,0.0,nan,11.642167296,nan,nan,32.0,0.0,32,nan
14.355929132302602,70.32374100719426,nan,0.0,nan,11.642167296,nan,nan,32.0,0.0,32,nan
14.372602299849193,70.50359712230217,nan,0.0,nan,11.642167296,nan,nan,32.0,0.0,32,nan
14.389274060726166,70.50359712230217,nan,0.0,nan,11.642167296,nan,nan,32.0,0.0,32,nan
14.405945587158204,70.50359712230217,nan,0.0,nan,11.642167296,nan,nan,32.0,0.0,32,nan
14.422617753346762,69.06474820143885,nan,0.0,nan,11.642167296,nan,nan,31.0,0.0,32,nan
14.439288715521494,65.82733812949641,nan,0.0,nan,11.654750208,nan,nan,30.0,0.0,32,nan
14.455961310863495,71.0431654676259,nan,0.0,nan,11.654750208,nan,nan,32.0,0.0,32,nan
14.472639497121175,71.0431654676259,nan,0.0,nan,11.654750208,nan,nan,32.0,0.0,32,nan
14.48931245803833,71.0431654676259,nan,0.0,nan,11.654750208,nan,nan,32.0,0.0,32,nan
14.505985514322917,69.60431654676259,nan,0.0,nan,11.654750208,nan,nan,31.0,0.0,32,nan
14.522657624880473,68.88489208633092,nan,0.0,nan,11.654750208,nan,nan,31.0,0.0,32,nan
14.539330132802327,71.40287769784173,nan,0.0,nan,11.654750208,nan,nan,32.0,0.0,32,nan
14.556002219518026,67.26618705035972,nan,0.0,nan,11.654750208,nan,nan,31.0,0.0,32,nan
14.572674783070882,68.70503597122301,nan,0.0,nan,11.654750208,nan,nan,32.0,0.0,32,nan
14.589347724119822,71.58273381294964,nan,0.0,nan,11.654750208,nan,nan,32.0,0.0,32,nan
14.606024074554444,71.40287769784173,nan,0.0,nan,11.654750208,nan,nan,32.0,0.0,32,nan
14.622697559992472,68.88489208633092,nan,0.0,nan,11.654750208,nan,nan,30.0,0.0,32,nan
14.639367306232453,66.54676258992806,nan,0.0,nan,11.690401792,nan,nan,29.0,0.0,32,nan
14.656040557225545,69.96402877697841,nan,0.0,nan,11.736539136,nan,nan,31.0,0.0,32,nan
14.672712473074595,67.80575539568345,nan,0.0,nan,11.736539136,nan,nan,31.0,0.0,32,nan
14.689388052622478,71.94244604316546,nan,0.0,nan,11.736539136,nan,nan,32.0,0.0,32,nan
14.706061085065206,71.94244604316546,nan,0.0,nan,11.736539136,nan,nan,32.0,0.0,32,nan
14.722740622361501,70.50359712230217,nan,0.0,nan,11.736539136,nan,nan,31.0,0.0,32,nan
14.739412526289621,72.66187050359711,nan,0.0,nan,11.736539136,nan,nan,32.0,0.0,32,nan
14.756085840861003,71.0431654676259,nan,0.0,nan,11.736539136,nan,nan,31.0,0.0,32,nan
14.772758686542511,72.66187050359711,nan,0.0,nan,11.795263488,nan,nan,32.0,0.0,32,nan
14.78944027821223,71.40287769784173,nan,0.0,nan,11.795263488,nan,nan,31.0,0.0,32,nan
14.806112047036489,72.3021582733813,nan,0.0,nan,11.795263488,nan,nan,32.0,0.0,32,nan
14.822788250446319,72.3021582733813,nan,0.0,nan,11.795263488,nan,nan,32.0,0.0,32,nan
14.83946072657903,72.3021582733813,nan,0.0,nan,11.795263488,nan,nan,32.0,0.0,32,nan
14.85613660812378,72.3021582733813,nan,0.0,nan,11.795263488,nan,nan,32.0,0.0,32,nan
14.872809167702993,72.66187050359711,nan,0.0,nan,11.805749248,nan,nan,32.0,0.0,32,nan
14.88948157231013,72.84172661870504,nan,0.0,nan,11.805749248,nan,nan,32.0,0.0,32,nan
14.906154036521912,72.4820143884892,nan,0.0,nan,11.805749248,nan,nan,32.0,0.0,32,nan
14.922826631863911,69.96402877697841,nan,0.0,nan,11.812069376,nan,nan,31.0,0.0,32,nan
14.939501484235128,71.76258992805755,nan,0.0,nan,11.812069376,nan,nan,32.0,0.0,32,nan
14.95617428223292,70.14388489208633,nan,0.0,nan,11.812069376,nan,nan,31.0,0.0,32,nan
14.972846408685049,71.58273381294964,nan,0.0,nan,11.812069376,nan,nan,32.0,0.0,32,nan
14.989518650372823,66.54676258992806,nan,0.0,nan,11.812069376,nan,nan,30.0,0.0,32,nan
15.00619226694107,71.94244604316546,nan,0.0,nan,11.812069376,nan,nan,32.0,0.0,32,nan
15.022864492734273,68.70503597122301,nan,0.0,nan,11.814166528,nan,nan,30.0,0.0,32,nan
15.03953766822815,70.14388489208633,nan,0.0,nan,11.854012416,nan,nan,31.0,0.0,32,nan
15.056209115187327,70.14388489208633,nan,0.0,nan,11.874983936,nan,nan,31.0,0.0,32,nan
15.072885012626648,70.50359712230217,nan,0.0,nan,11.877081088,nan,nan,31.0,0.0,32,nan
15.089559435844421,70.50359712230217,nan,0.0,nan,11.877081088,nan,nan,31.0,0.0,32,nan
15.106230918566386,70.68345323741008,nan,0.0,nan,11.877081088,nan,nan,31.0,0.0,32,nan
15.122903303305309,70.68345323741008,nan,0.0,nan,11.877081088,nan,nan,31.0,0.0,32,nan
15.139578417936962,68.16546762589928,nan,0.0,nan,11.948384256,nan,nan,29.0,0.0,32,nan
15.15625170469284,69.7841726618705,nan,0.0,nan,11.977744384,nan,nan,30.0,0.0,32,nan
15.172925865650177,66.72661870503597,nan,0.0,nan,11.979841536,nan,nan,30.0,0.0,32,nan
15.189605152606964,67.44604316546763,nan,0.0,nan,11.979841536,nan,nan,29.0,0.0,32,nan
15.20627650419871,70.50359712230217,nan,0.0,nan,11.979841536,nan,nan,31.0,0.0,32,nan
15.222952377796172,69.24460431654677,nan,0.0,nan,11.981938688,nan,nan,30.0,0.0,32,nan
15.239625167846679,73.56115107913669,nan,0.0,nan,11.981938688,nan,nan,32.0,0.0,32,nan
15.256298112869263,73.56115107913669,nan,0.0,nan,11.981938688,nan,nan,32.0,0.0,32,nan
15.272970871130626,69.42446043165468,nan,0.0,nan,11.98403584,nan,nan,29.0,0.0,32,nan
15.289643768469492,75.89928057553956,nan,0.0,nan,11.98403584,nan,nan,32.0,0.0,32,nan
15.30631855726242,74.28057553956835,nan,0.0,nan,11.98403584,nan,nan,32.0,0.0,32,nan
15.32299044529597,71.40287769784173,nan,0.0,nan,11.98403584,nan,nan,31.0,0.0,32,nan
15.339662889639536,72.12230215827337,nan,0.0,nan,11.98403584,nan,nan,31.0,0.0,32,nan
15.356335691610973,70.50359712230217,nan,0.0,nan,12.22520832,nan,nan,30.0,0.0,32,nan
15.373008203506469,71.0431654676259,nan,0.0,nan,12.302802944,nan,nan,30.0,0.0,32,nan
15.389681120713552,72.4820143884892,nan,0.0,nan,12.327968768,nan,nan,31.0,0.0,32,nan
15.406353306770324,69.7841726618705,nan,0.0,nan,12.33006592,nan,nan,30.0,0.0,32,nan
15.423026367028553,72.4820143884892,nan,0.0,nan,12.336357376,nan,nan,31.0,0.0,32,nan
15.439698775609335,72.12230215827337,nan,0.0,nan,12.336357376,nan,nan,31.0,0.0,32,nan
15.456373198827107,72.66187050359711,nan,0.0,nan,12.378300416,nan,nan,31.0,0.0,32,nan
15.473047010103862,72.3021582733813,nan,0.0,nan,12.378300416,nan,nan,31.0,0.0,32,nan
15.48971997499466,72.4820143884892,nan,0.0,nan,12.384591872,nan,nan,31.0,0.0,32,nan
15.506392470995586,72.66187050359711,nan,0.0,nan,12.384591872,nan,nan,31.0,0.0,32,nan
15.52306512594223,72.66187050359711,nan,0.0,nan,12.386689024,nan,nan,31.0,0.0,32,nan
15.53973735968272,72.66187050359711,nan,0.0,nan,12.386689024,nan,nan,31.0,0.0,32,nan
15.556409947077434,74.82014388489209,nan,0.0,nan,12.386689024,nan,nan,32.0,0.0,32,nan
15.573082109292349,74.82014388489209,nan,0.0,nan,12.386689024,nan,nan,32.0,0.0,32,nan
15.589754390716553,75.0,nan,0.0,nan,12.386689024,nan,nan,32.0,0.0,32,nan
15.606426966190337,73.20143884892086,nan,0.0,nan,12.386689024,nan,nan,31.0,0.0,32,nan
15.623102267583212,75.35971223021582,nan,0.0,nan,12.386689024,nan,nan,32.0,0.0,32,nan
15.639774839083353,74.28057553956835,nan,0.0,nan,12.386689024,nan,nan,32.0,0.0,32,nan
15.656447792053223,74.64028776978418,nan,0.0,nan,12.386689024,nan,nan,32.0,0.0,32,nan
15.673120443026225,72.12230215827337,nan,0.0,nan,12.386689024,nan,nan,31.0,0.0,32,nan
15.68979385693868,71.94244604316546,nan,0.0,nan,12.386689024,nan,nan,31.0,0.0,32,nan
15.706468347708384,74.82014388489209,nan,0.0,nan,12.386689024,nan,nan,32.0,0.0,32,nan
15.723143267631531,71.94244604316546,nan,0.0,nan,12.386689024,nan,nan,31.0,0.0,32,nan
15.739822745323181,73.38129496402878,nan,0.0,nan,12.397174784,nan,nan,31.0,0.0,32,nan
15.756495793660482,72.3021582733813,nan,0.0,nan,12.397174784,nan,nan,31.0,0.0,32,nan
15.773168766498566,71.76258992805755,nan,0.0,nan,12.397174784,nan,nan,31.0,0.0,32,nan
15.789841711521149,71.76258992805755,nan,0.0,nan,12.397174784,nan,nan,31.0,0.0,32,nan
15.806519321600597,75.0,nan,0.0,nan,12.397174784,nan,nan,32.0,0.0,32,nan
15.823193780581157,73.74100719424462,nan,0.0,nan,12.397174784,nan,nan,31.0,0.0,32,nan
15.83986520767212,73.02158273381295,nan,0.0,nan,12.397174784,nan,nan,31.0,0.0,32,nan
15.856538454691568,74.46043165467626,nan,0.0,nan,12.397174784,nan,nan,32.0,0.0,32,nan
15.873211546738942,75.0,nan,0.0,nan,12.397174784,nan,nan,32.0,0.0,32,nan
15.889889840284983,72.84172661870504,nan,0.0,nan,12.397174784,nan,nan,31.0,0.0,32,nan
15.906562340259551,71.0431654676259,nan,0.0,nan,12.407660544,nan,nan,30.0,0.0,32,nan
15.923236922423046,74.46043165467626,nan,0.0,nan,12.407660544,nan,nan,32.0,0.0,32,nan
15.939909839630127,72.66187050359711,nan,0.0,nan,12.407660544,nan,nan,31.0,0.0,32,nan
15.956588240464528,74.82014388489209,nan,0.0,nan,12.407660544,nan,nan,32.0,0.0,32,nan
15.973260605335236,75.0,nan,0.0,nan,12.407660544,nan,nan,32.0,0.0,32,nan
15.989937293529511,73.20143884892086,nan,0.0,nan,12.407660544,nan,nan,31.0,1.0,32,nan
16.006608859697977,72.84172661870504,nan,0.0,nan,12.407660544,nan,nan,31.0,0.0,32,nan
16.023280159632364,73.02158273381295,nan,0.0,nan,12.430733312,nan,nan,31.0,0.0,32,nan
16.039954833189647,72.3021582733813,nan,0.0,nan,12.430733312,nan,nan,31.0,0.0,32,nan
16.0566286166509,74.28057553956835,nan,0.0,nan,12.430733312,nan,nan,32.0,0.0,32,nan
16.07330246369044,75.17985611510791,nan,0.0,nan,12.430733312,nan,nan,32.0,0.0,32,nan
16.08997716108958,73.74100719424462,nan,0.0,nan,12.430733312,nan,nan,31.0,0.0,32,nan
16.1066522081693,68.70503597122301,nan,0.0,nan,12.430733312,nan,nan,29.0,0.0,32,nan
16.12332446972529,71.0431654676259,nan,0.0,nan,12.447510528,nan,nan,30.0,0.0,32,nan
16.139997243881226,73.74100719424462,nan,0.0,nan,12.44960768,nan,nan,31.0,0.0,32,nan
16.156669437885284,76.61870503597122,nan,0.0,nan,12.44960768,nan,nan,32.0,0.0,32,nan
16.1733433842659,76.2589928057554,nan,0.0,nan,12.44960768,nan,nan,32.0,0.0,32,nan
16.190021340052287,74.46043165467626,nan,0.0,nan,12.44960768,nan,nan,31.0,0.0,32,nan
16.206694332758584,71.22302158273382,nan,0.0,nan,12.533510144,nan,nan,30.0,0.0,32,nan
16.223370071252187,74.10071942446044,nan,0.0,nan,12.533510144,nan,nan,31.0,0.0,32,nan
16.24004218975703,74.10071942446044,nan,0.0,nan,12.533510144,nan,nan,31.0,0.0,32,nan
16.256714884440104,69.06474820143885,nan,0.0,nan,12.541898752,nan,nan,29.0,0.0,32,nan
16.273390952746073,74.28057553956835,nan,0.0,nan,12.546093056,nan,nan,31.0,0.0,32,nan
16.2900630791982,76.07913669064747,nan,0.0,nan,12.546093056,nan,nan,32.0,0.0,32,nan
16.30673573811849,73.02158273381295,nan,0.0,nan,12.546093056,nan,nan,31.0,0.0,32,nan
16.323408540089925,73.92086330935253,nan,0.0,nan,12.546093056,nan,nan,32.0,0.0,32,nan
16.34008110364278,75.0,nan,0.0,nan,12.546093056,nan,nan,32.0,0.0,32,nan
16.35675129095713,70.14388489208633,nan,0.0,nan,12.546093056,nan,nan,30.0,0.0,32,nan
16.373422642548878,75.35971223021582,nan,0.0,nan,12.546093056,nan,nan,32.0,0.0,32,nan
16.390094157059988,75.17985611510791,nan,0.0,nan,12.546093056,nan,nan,32.0,0.0,32,nan
16.406764618555705,75.17985611510791,nan,0.0,nan,12.546093056,nan,nan,32.0,0.0,32,nan
16.423437305291493,74.28057553956835,nan,0.0,nan,12.546093056,nan,nan,32.0,0.0,32,nan
16.44011286099752,68.70503597122301,nan,0.0,nan,12.546093056,nan,nan,30.0,0.0,32,nan
16.456784896055858,68.5251798561151,nan,0.0,nan,12.548190208,nan,nan,29.0,0.0,32,nan
16.47345452706019,69.7841726618705,nan,0.0,nan,12.552384512,nan,nan,30.0,0.0,32,nan
16.490126701196036,70.32374100719426,nan,0.0,nan,12.554481664,nan,nan,30.0,0.0,32,nan
16.506803087393443,70.32374100719426,nan,0.0,nan,12.669825024,nan,nan,30.0,0.0,32,nan
16.523475440343223,67.44604316546763,nan,0.0,nan,12.688699392,nan,nan,29.0,0.0,32,nan
16.54014630317688,72.4820143884892,nan,0.0,nan,12.690796544,nan,nan,31.0,0.0,32,nan
16.55682034889857,72.66187050359711,nan,0.0,nan,12.690796544,nan,nan,31.0,0.0,32,nan
16.57349488337835,71.22302158273382,nan,0.0,nan,12.2314752,nan,nan,30.0,0.0,32,nan
16.590171949068704,73.74100719424462,nan,0.0,nan,12.2314752,nan,nan,32.0,0.0,32,nan
16.60684583981832,71.40287769784173,nan,0.0,nan,12.2314752,nan,nan,31.0,0.0,32,nan
16.623521868387858,68.16546762589928,nan,0.0,nan,12.2314752,nan,nan,30.0,0.0,32,nan
16.64019809961319,61.690647482014384,nan,0.0,nan,12.248252416,nan,nan,28.0,0.0,32,nan
16.656873246033985,64.568345323741,nan,0.0,nan,12.283904,nan,nan,29.0,1.0,32,nan
16.673547311623892,64.02877697841727,nan,0.0,nan,12.30487552,nan,nan,28.0,2.0,32,nan
16.690220848719278,67.44604316546763,nan,0.0,nan,12.306976768,nan,nan,29.0,1.0,32,nan
16.706894040107727,72.12230215827337,nan,0.0,nan,12.306976768,nan,nan,31.0,0.0,32,nan
16.723571181297302,66.00719424460432,nan,0.0,nan,12.30907392,nan,nan,29.0,0.0,32,nan
16.74024759133657,68.88489208633092,nan,0.0,nan,12.31955968,nan,nan,30.0,0.0,32,nan
16.75691802104314,73.20143884892086,nan,0.0,nan,12.31955968,nan,nan,32.0,0.0,32,nan
16.77358926932017,73.20143884892086,nan,0.0,nan,12.31955968,nan,nan,32.0,0.0,32,nan
16.79026307662328,69.42446043165468,nan,0.0,nan,12.321656832,nan,nan,31.0,0.0,32,nan
16.806937766075134,73.38129496402878,nan,0.0,nan,12.321656832,nan,nan,32.0,0.0,32,nan
16.823607218265533,69.24460431654677,nan,0.0,nan,12.376199168,nan,nan,30.0,0.0,32,nan
16.840280397733054,69.06474820143885,nan,0.0,nan,12.413947904,nan,nan,29.0,0.0,32,nan
16.85695342620214,66.36690647482014,nan,0.0,nan,12.91307008,nan,nan,29.0,0.0,32,nan
16.873629148801168,66.00719424460432,nan,0.0,nan,12.929847296,nan,nan,29.0,0.0,32,nan
16.89030225276947,74.28057553956835,nan,0.0,nan,12.929847296,nan,nan,32.0,0.0,32,nan
16.9069753130277,74.28057553956835,nan,0.0,nan,12.929847296,nan,nan,32.0,0.0,32,nan
16.923647967974343,72.3021582733813,nan,0.0,nan,12.929847296,nan,nan,31.0,0.0,32,nan
16.94032082160314,68.70503597122301,nan,0.0,nan,12.929847296,nan,nan,30.0,0.0,32,nan
16.956993170579274,71.40287769784173,nan,0.0,nan,12.975996928,nan,nan,31.0,0.0,32,nan
16.973673033714295,69.96402877697841,nan,0.0,nan,12.978098176,nan,nan,30.0,0.0,32,nan
16.990345287323,71.40287769784173,nan,0.0,nan,12.994875392,nan,nan,31.0,0.0,32,nan
17.007020568847658,74.28057553956835,nan,0.0,nan,12.994875392,nan,nan,32.0,0.0,32,nan
17.023692683378854,72.3021582733813,nan,0.0,nan,13.032624128,nan,nan,31.0,0.0,32,nan
17.040364225705463,74.64028776978418,nan,0.0,nan,13.036818432,nan,nan,32.0,0.0,32,nan
17.057036705811818,74.64028776978418,nan,0.0,nan,13.036818432,nan,nan,32.0,0.0,32,nan
17.073711156845093,72.4820143884892,nan,0.0,nan,13.036818432,nan,nan,31.0,0.0,32,nan
17.09038642247518,74.82014388489209,nan,0.0,nan,13.036818432,nan,nan,32.0,0.0,32,nan
17.107060448328653,74.82014388489209,nan,0.0,nan,13.036818432,nan,nan,32.0,0.0,32,nan
17.123737462361653,74.82014388489209,nan,0.0,nan,13.036818432,nan,nan,32.0,0.0,32,nan
17.140408957004546,70.50359712230217,nan,0.0,nan,13.036818432,nan,nan,30.0,0.0,32,nan
17.157087481021883,75.17985611510791,nan,0.0,nan,13.036818432,nan,nan,32.0,0.0,32,nan
17.173762134710948,74.46043165467626,nan,0.0,nan,13.036818432,nan,nan,32.0,0.0,32,nan
17.19043766260147,72.4820143884892,nan,0.0,nan,13.036818432,nan,nan,31.0,0.0,32,nan
17.207113830248513,75.0,nan,0.0,nan,13.036818432,nan,nan,32.0,0.0,32,nan
17.22378938595454,69.60431654676259,nan,0.0,nan,13.041012736,nan,nan,30.0,0.0,32,nan
17.240464941660562,72.12230215827337,nan,0.0,nan,13.04520704,nan,nan,30.0,0.0,32,nan
17.257140346368153,73.20143884892086,nan,0.0,nan,13.06617856,nan,nan,31.0,0.0,32,nan
17.27381522655487,71.0431654676259,nan,0.0,nan,13.08715008,nan,nan,30.0,0.0,32,nan
17.29048992395401,75.53956834532374,nan,0.0,nan,13.08715008,nan,nan,32.0,0.0,32,nan
17.307170124848685,75.17985611510791,nan,0.0,nan,13.08715008,nan,nan,32.0,0.0,32,nan
17.323841774463652,71.94244604316546,nan,0.0,nan,13.122801664,nan,nan,31.0,0.0,32,nan
17.340511651833854,75.35971223021582,nan,0.0,nan,13.126995968,nan,nan,32.0,0.0,32,nan
17.357190521558127,73.02158273381295,nan,0.0,nan,13.126995968,nan,nan,31.0,0.0,32,nan
17.373860426743825,75.71942446043165,nan,0.0,nan,13.126995968,nan,nan,32.0,0.0,32,nan
17.39053561290105,75.71942446043165,nan,0.0,nan,13.126995968,nan,nan,32.0,0.0,32,nan
17.4072132229805,73.92086330935253,nan,0.0,nan,13.126995968,nan,nan,31.0,0.0,32,nan
17.42388536930084,73.92086330935253,nan,0.0,nan,13.12909312,nan,nan,31.0,0.0,32,nan
17.44056115547816,71.58273381294964,nan,0.0,nan,13.145870336,nan,nan,30.0,0.0,32,nan
17.457237978776295,72.3021582733813,nan,0.0,nan,13.145870336,nan,nan,30.0,0.0,32,nan
17.47391193707784,74.28057553956835,nan,0.0,nan,13.147967488,nan,nan,31.0,0.0,32,nan
17.490589757760365,71.40287769784173,nan,0.0,nan,13.168939008,nan,nan,30.0,0.0,32,nan
17.507264669736227,73.38129496402878,nan,0.0,nan,13.17103616,nan,nan,30.0,0.0,32,nan
17.52393806775411,76.79856115107914,nan,0.0,nan,13.17103616,nan,nan,32.0,0.0,32,nan
17.5406094789505,77.15827338129496,nan,0.0,nan,13.17103616,nan,nan,32.0,0.0,32,nan
17.557286171118417,75.17985611510791,nan,0.0,nan,13.175230464,nan,nan,31.0,0.0,32,nan
17.57395854393641,77.15827338129496,nan,0.0,nan,13.175230464,nan,nan,32.0,0.0,32,nan
17.590631238619487,77.15827338129496,nan,0.0,nan,13.175230464,nan,nan,32.0,0.0,32,nan
17.607303738594055,77.6978417266187,nan,0.0,nan,13.175230464,nan,nan,32.0,0.0,32,nan
17.6239776412646,77.6978417266187,nan,0.0,nan,13.175230464,nan,nan,32.0,0.0,32,nan
17.64065248966217,76.07913669064747,nan,0.0,nan,13.177327616,nan,nan,32.0,0.0,32,nan
17.657325744628906,76.97841726618705,nan,0.0,nan,13.177327616,nan,nan,32.0,0.0,32,nan
17.673996369043987,76.97841726618705,nan,0.0,nan,13.177327616,nan,nan,32.0,0.0,32,nan
17.69067314863205,77.15827338129496,nan,0.0,nan,13.177327616,nan,nan,32.0,0.0,32,nan
17.707346681753794,73.02158273381295,nan,0.0,nan,13.183619072,nan,nan,30.0,0.0,32,nan
17.72401992082596,71.94244604316546,nan,0.0,nan,13.185716224,nan,nan,30.0,0.0,32,nan
17.74069142738978,73.74100719424462,nan,0.0,nan,13.185716224,nan,nan,30.0,0.0,32,nan
17.757364610830944,75.35971223021582,nan,0.0,nan,13.187813376,nan,nan,31.0,0.0,32,nan
17.774040428797402,69.60431654676259,nan,0.0,nan,13.187813376,nan,nan,29.0,0.0,32,nan
17.79072033961614,71.76258992805755,nan,0.0,nan,13.194104832,nan,nan,30.0,0.0,32,nan
17.807392859458922,69.24460431654677,nan,0.0,nan,13.196201984,nan,nan,29.0,0.0,32,nan
17.824065001805625,68.70503597122301,nan,0.0,nan,13.200396288,nan,nan,29.0,0.0,32,nan
17.840738407770793,71.58273381294964,nan,0.0,nan,13.246533632,nan,nan,30.0,0.0,32,nan
17.857413379351296,71.58273381294964,nan,0.0,nan,13.3178368,nan,nan,30.0,0.0,32,nan
17.874088843663532,71.76258992805755,nan,0.0,nan,13.319933952,nan,nan,30.0,0.0,32,nan
17.89076360464096,71.76258992805755,nan,0.0,nan,13.319933952,nan,nan,30.0,0.0,32,nan
17.907439148426057,71.76258992805755,nan,0.0,nan,12.413693952,nan,nan,30.0,0.0,32,nan
17.924115045865378,72.66187050359711,nan,0.0,nan,12.413693952,nan,nan,31.0,0.0,32,nan
17.940789314111075,70.86330935251799,nan,0.0,nan,12.145672192,nan,nan,31.0,0.0,32,nan
17.957470285892487,71.0431654676259,nan,0.0,nan,12.189712384,nan,nan,31.0,0.0,32,nan
17.974144609769187,68.70503597122301,nan,0.0,nan,12.210683904,nan,nan,30.0,0.0,32,nan
17.990821957588196,74.82014388489209,nan,0.0,nan,12.210683904,nan,nan,32.0,0.0,32,nan
18.007497243086497,73.20143884892086,nan,0.0,nan,12.210683904,nan,nan,32.0,0.0,32,nan
18.02416912317276,73.38129496402878,nan,0.0,nan,12.210683904,nan,nan,32.0,0.0,32,nan
18.040845306714377,72.4820143884892,nan,0.0,nan,12.257275904,nan,nan,31.0,0.0,32,nan
18.05751444896062,71.58273381294964,nan,0.0,nan,12.318093312,nan,nan,31.0,0.0,32,nan
18.074188661575317,73.74100719424462,nan,0.0,nan,12.318093312,nan,nan,32.0,0.0,32,nan
18.090859361489613,73.38129496402878,nan,0.0,nan,12.318093312,nan,nan,32.0,0.0,32,nan
18.10753167072932,72.4820143884892,nan,0.0,nan,12.320190464,nan,nan,31.0,0.0,32,nan
18.12420440117518,73.02158273381295,nan,0.0,nan,12.320190464,nan,nan,32.0,0.0,32,nan
18.140876547495523,73.02158273381295,nan,0.0,nan,12.320190464,nan,nan,32.0,0.0,32,nan
18.15754673878352,73.38129496402878,nan,0.0,nan,12.320190464,nan,nan,32.0,0.0,32,nan
18.174219357967377,73.92086330935253,nan,0.0,nan,12.320190464,nan,nan,32.0,0.0,32,nan
18.19089155594508,71.94244604316546,nan,0.0,nan,12.320190464,nan,nan,31.0,0.0,32,nan
18.207562935352325,71.76258992805755,nan,0.0,nan,12.328579072,nan,nan,31.0,0.0,32,nan
18.22423589626948,71.76258992805755,nan,0.0,nan,12.330676224,nan,nan,31.0,0.0,32,nan
18.24090698560079,70.68345323741008,nan,0.0,nan,12.330676224,nan,nan,30.0,0.0,32,nan
18.257578770319622,67.26618705035972,nan,0.0,nan,12.339064832,nan,nan,30.0,0.0,32,nan
18.274254004160564,73.38129496402878,nan,0.0,nan,12.339064832,nan,nan,32.0,0.0,32,nan
18.29092617034912,70.68345323741008,nan,0.0,nan,12.345376768,nan,nan,31.0,0.0,32,nan
18.30760534207026,71.94244604316546,nan,0.0,nan,12.345376768,nan,nan,32.0,0.0,32,nan
18.32427758773168,67.26618705035972,nan,0.0,nan,12.345376768,nan,nan,31.0,0.0,32,nan
18.340953294436137,70.14388489208633,nan,0.0,nan,12.345376768,nan,nan,32.0,0.0,32,nan
18.35762563943863,71.58273381294964,nan,0.0,nan,12.345376768,nan,nan,32.0,0.0,32,nan
18.37429807583491,71.0431654676259,nan,0.0,nan,12.345376768,nan,nan,31.0,0.0,32,nan
18.390969367822013,70.50359712230217,nan,0.0,nan,12.345376768,nan,nan,31.0,0.0,32,nan
18.40764343738556,72.66187050359711,nan,0.0,nan,12.345376768,nan,nan,32.0,0.0,32,nan
18.424317975838978,70.32374100719426,nan,0.0,nan,12.345376768,nan,nan,31.0,0.0,32,nan
18.440990738073985,72.4820143884892,nan,0.0,nan,12.345376768,nan,nan,32.0,0.0,32,nan
18.457663321495055,72.66187050359711,nan,0.0,nan,12.345376768,nan,nan,32.0,0.0,32,nan
18.47433409690857,72.12230215827337,nan,0.0,nan,12.345376768,nan,nan,31.0,0.0,32,nan
18.491009024779,73.02158273381295,nan,0.0,nan,12.345376768,nan,nan,32.0,0.0,32,nan
18.507684755325318,72.66187050359711,nan,0.0,nan,12.345376768,nan,nan,32.0,0.0,32,nan
18.524356798330942,73.20143884892086,nan,0.0,nan,12.345376768,nan,nan,32.0,0.0,32,nan
18.541031908988952,73.20143884892086,nan,0.0,nan,12.345376768,nan,nan,32.0,0.0,32,nan
18.55770603020986,73.20143884892086,nan,0.0,nan,12.345376768,nan,nan,32.0,0.0,32,nan
18.574379801750183,73.56115107913669,nan,0.0,nan,12.349571072,nan,nan,32.0,0.0,32,nan
18.59105202356974,68.88489208633092,nan,0.0,nan,12.349571072,nan,nan,30.0,0.0,32,nan
18.60772749185562,70.32374100719426,nan,0.0,nan,12.349571072,nan,nan,31.0,0.0,32,nan
18.62440402507782,74.28057553956835,nan,0.0,nan,12.349571072,nan,nan,32.0,0.0,32,nan
18.64107754230499,74.10071942446044,nan,0.0,nan,12.349571072,nan,nan,32.0,0.0,32,nan
18.65775292714437,73.74100719424462,nan,0.0,nan,12.349571072,nan,nan,32.0,0.0,32,nan
18.67442775964737,74.46043165467626,nan,0.0,nan,12.349571072,nan,nan,32.0,0.0,32,nan
18.69110473791758,74.10071942446044,nan,0.0,nan,12.349571072,nan,nan,32.0,0.0,32,nan
18.707779387633007,69.24460431654677,nan,0.0,nan,12.349571072,nan,nan,30.0,0.0,32,nan
18.724452511469522,71.76258992805755,nan,0.0,nan,12.355862528,nan,nan,31.0,0.0,32,nan
18.74112647374471,71.22302158273382,nan,0.0,nan,12.370558976,nan,nan,31.0,0.0,32,nan
18.757803599039715,69.06474820143885,nan,0.0,nan,12.370558976,nan,nan,30.0,0.0,32,nan
18.774478205045064,71.40287769784173,nan,0.0,nan,12.049596416,nan,nan,31.0,0.0,32,nan
18.791150204340617,73.20143884892086,nan,0.0,nan,12.062203904,nan,nan,32.0,0.0,32,nan
18.80782608985901,70.86330935251799,nan,0.0,nan,12.074786816,nan,nan,31.0,0.0,32,nan
18.824502611160277,72.12230215827337,nan,0.0,nan,12.074786816,nan,nan,32.0,0.0,32,nan
18.84117431640625,72.12230215827337,nan,0.0,nan,12.074786816,nan,nan,32.0,0.0,32,nan
18.85784566005071,72.84172661870504,nan,0.0,nan,12.074786816,nan,nan,32.0,0.0,32,nan
18.874519777297973,72.4820143884892,nan,0.0,nan,12.074786816,nan,nan,32.0,0.0,32,nan
18.891194947560628,67.80575539568345,nan,0.0,nan,12.074786816,nan,nan,30.0,0.0,32,nan
18.90787133773168,72.4820143884892,nan,0.0,nan,12.074786816,nan,nan,32.0,0.0,32,nan
18.924543420473736,72.66187050359711,nan,0.0,nan,12.074786816,nan,nan,32.0,0.0,32,nan
18.941224014759065,72.66187050359711,nan,0.0,nan,12.095787008,nan,nan,32.0,0.0,32,nan
18.957897770404816,71.22302158273382,nan,0.0,nan,12.146139136,nan,nan,31.0,0.0,32,nan
18.97457319100698,71.22302158273382,nan,0.0,nan,12.15033344,nan,nan,31.0,0.0,32,nan
18.991245174407958,71.76258992805755,nan,0.0,nan,12.15033344,nan,nan,31.0,0.0,32,nan
19.007923809687295,69.96402877697841,nan,0.0,nan,12.15033344,nan,nan,30.0,0.0,32,nan
19.024598189194997,71.22302158273382,nan,0.0,nan,12.15033344,nan,nan,31.0,0.0,32,nan
19.041272071997323,71.58273381294964,nan,0.0,nan,12.15033344,nan,nan,31.0,0.0,32,nan
19.057944985230765,68.88489208633092,nan,0.0,nan,12.169207808,nan,nan,30.0,0.0,32,nan
19.074614961942036,69.42446043165468,nan,0.0,nan,12.190191616,nan,nan,30.0,0.0,32,nan
19.09129219055176,69.42446043165468,nan,0.0,nan,12.196483072,nan,nan,30.0,0.0,32,nan
19.10796494881312,69.42446043165468,nan,0.0,nan,12.219551744,nan,nan,30.0,0.0,32,nan
19.124640011787413,70.86330935251799,nan,0.0,nan,12.25730048,nan,nan,31.0,0.0,32,nan
19.14131224155426,70.86330935251799,nan,0.0,nan,12.284563456,nan,nan,31.0,0.0,32,nan
19.157981836795805,68.34532374100719,nan,0.0,nan,12.284563456,nan,nan,30.0,0.0,32,nan
19.174656295776366,71.0431654676259,nan,0.0,nan,12.284563456,nan,nan,31.0,0.0,32,nan
19.19132926861445,69.7841726618705,nan,0.0,nan,12.284563456,nan,nan,30.0,0.0,32,nan
19.208003004391987,71.22302158273382,nan,0.0,nan,12.284563456,nan,nan,31.0,0.0,32,nan
19.22468057870865,68.88489208633092,nan,0.0,nan,12.284563456,nan,nan,30.0,0.0,32,nan
19.241352820396422,68.88489208633092,nan,0.0,nan,12.286660608,nan,nan,30.0,0.0,32,nan
19.258025368054707,69.06474820143885,nan,0.0,nan,12.286660608,nan,nan,30.0,0.0,32,nan
19.274704710642496,66.54676258992806,nan,0.0,nan,12.286660608,nan,nan,29.0,0.0,32,nan
19.291380270322165,67.80575539568345,nan,0.0,nan,11.879514112,nan,nan,29.0,0.0,32,nan
19.30805782477061,68.70503597122301,nan,0.0,nan,11.917541376,nan,nan,30.0,0.0,32,nan
19.324730654557545,69.96402877697841,nan,0.0,nan,11.917541376,nan,nan,31.0,0.0,32,nan
19.341404155890146,69.96402877697841,nan,0.0,nan,11.917541376,nan,nan,31.0,0.0,32,nan
19.35807648499807,70.32374100719426,nan,0.0,nan,11.917541376,nan,nan,31.0,0.0,32,nan
19.374755330880483,70.50359712230217,nan,0.0,nan,11.917541376,nan,nan,31.0,0.0,32,nan
19.391427624225617,70.50359712230217,nan,0.0,nan,11.263033344,nan,nan,31.0,0.0,32,nan
19.40810440381368,71.40287769784173,nan,0.0,nan,11.286106112,nan,nan,32.0,0.0,32,nan
19.42477691968282,71.58273381294964,nan,0.0,nan,11.286106112,nan,nan,32.0,0.0,32,nan
19.44145543972651,67.80575539568345,nan,0.0,nan,11.286106112,nan,nan,30.0,0.0,32,nan
19.45812689860662,71.40287769784173,nan,0.0,nan,11.286106112,nan,nan,32.0,0.0,32,nan
19.474805255730946,71.58273381294964,nan,0.0,nan,11.286106112,nan,nan,32.0,0.0,32,nan
19.491479456424713,71.58273381294964,nan,0.0,nan,11.286106112,nan,nan,32.0,0.0,32,nan
19.508155727386473,67.98561151079137,nan,0.0,nan,11.325960192,nan,nan,30.0,0.0,32,nan
19.524827877680462,72.12230215827337,nan,0.0,nan,11.325960192,nan,nan,32.0,0.0,32,nan
19.541506294409434,71.58273381294964,nan,0.0,nan,11.325960192,nan,nan,32.0,0.0,32,nan
19.55817461013794,70.68345323741008,nan,0.0,nan,11.325960192,nan,nan,31.0,0.0,32,nan
19.574848238627116,71.76258992805755,nan,0.0,nan,11.34483456,nan,nan,32.0,0.0,32,nan
19.591520663102468,70.14388489208633,nan,0.0,nan,11.34483456,nan,nan,31.0,0.0,32,nan
19.60819262266159,72.84172661870504,nan,0.0,nan,11.34483456,nan,nan,32.0,0.0,32,nan
19.62486867904663,72.12230215827337,nan,0.0,nan,11.34483456,nan,nan,32.0,0.0,32,nan
19.641543889045714,67.80575539568345,nan,0.0,nan,11.34483456,nan,nan,30.0,0.0,32,nan
19.658220092455547,71.58273381294964,nan,0.0,nan,11.44969216,nan,nan,31.0,0.0,32,nan
19.674895068009693,72.84172661870504,nan,0.0,nan,11.44969216,nan,nan,32.0,0.0,32,nan
19.691570635636648,73.20143884892086,nan,0.0,nan,11.44969216,nan,nan,32.0,0.0,32,nan
19.708244756857553,73.20143884892086,nan,0.0,nan,11.44969216,nan,nan,32.0,0.0,32,nan
19.724920570850372,73.38129496402878,nan,0.0,nan,11.44969216,nan,nan,32.0,0.0,32,nan
19.741596508026124,73.92086330935253,nan,0.0,nan,11.451789312,nan,nan,32.0,0.0,32,nan
19.758270398775736,73.56115107913669,nan,0.0,nan,11.451789312,nan,nan,32.0,0.0,32,nan
19.77493927081426,69.60431654676259,nan,0.0,nan,11.451789312,nan,nan,30.0,0.0,32,nan
19.79161323706309,69.06474820143885,nan,0.0,nan,11.451789312,nan,nan,31.0,0.0,32,nan
19.808287525177,70.50359712230217,nan,0.0,nan,11.451789312,nan,nan,32.0,0.0,32,nan
19.824963537851968,73.02158273381295,nan,0.0,nan,11.451789312,nan,nan,32.0,0.0,32,nan
19.841639864444733,73.38129496402878,nan,0.0,nan,11.451789312,nan,nan,32.0,0.0,32,nan
19.85831095377604,73.74100719424462,nan,0.0,nan,11.451789312,nan,nan,32.0,0.0,32,nan
19.87498896121979,72.84172661870504,nan,0.0,nan,11.451789312,nan,nan,32.0,0.0,32,nan
19.89166181087494,72.84172661870504,nan,0.0,nan,11.451789312,nan,nan,32.0,0.0,32,nan
19.908338018258412,73.56115107913669,nan,0.0,nan,11.451789312,nan,nan,32.0,0.0,32,nan
19.925010108947752,71.94244604316546,nan,0.0,nan,11.46017792,nan,nan,31.0,0.0,32,nan
19.941681162516275,73.02158273381295,nan,0.0,nan,11.462275072,nan,nan,32.0,0.0,32,nan
19.95835200548172,73.38129496402878,nan,0.0,nan,11.462275072,nan,nan,32.0,0.0,32,nan
19.975028097629547,69.06474820143885,nan,0.0,nan,11.468566528,nan,nan,31.0,0.0,32,nan
19.991697359085084,73.56115107913669,nan,0.0,nan,11.47066368,nan,nan,32.0,0.0,32,nan
20.00837013324102,69.24460431654677,nan,0.0,nan,11.47066368,nan,nan,30.0,0.0,32,nan
20.02504536708196,72.12230215827337,nan,0.0,nan,11.47066368,nan,nan,31.0,1.0,32,nan
20.041721526781718,73.38129496402878,nan,0.0,nan,11.47066368,nan,nan,32.0,0.0,32,nan
20.058392945925394,73.92086330935253,nan,0.0,nan,11.47066368,nan,nan,32.0,0.0,32,nan
20.075072113672892,74.28057553956835,nan,0.0,nan,11.47066368,nan,nan,32.0,0.0,32,nan
20.09174672762553,74.10071942446044,nan,0.0,nan,11.47066368,nan,nan,32.0,0.0,32,nan
20.108418655395507,69.60431654676259,nan,0.0,nan,11.479052288,nan,nan,31.0,0.0,32,nan
20.125091882546744,74.10071942446044,nan,0.0,nan,11.479052288,nan,nan,32.0,0.0,32,nan
20.14177060921987,74.10071942446044,nan,0.0,nan,11.479052288,nan,nan,32.0,0.0,32,nan
20.158443554242453,74.28057553956835,nan,0.0,nan,11.479052288,nan,nan,32.0,0.0,32,nan
20.175123210748037,74.82014388489209,nan,0.0,nan,11.479052288,nan,nan,32.0,0.0,32,nan
20.19179457028707,74.82014388489209,nan,0.0,nan,11.479052288,nan,nan,32.0,0.0,32,nan
20.208469208081564,73.20143884892086,nan,0.0,nan,11.479052288,nan,nan,31.0,0.0,32,nan
20.225141406059265,75.17985611510791,nan,0.0,nan,11.48114944,nan,nan,32.0,0.0,32,nan
20.241813588142396,74.64028776978418,nan,0.0,nan,11.48114944,nan,nan,32.0,0.0,32,nan
20.258485821882882,71.76258992805755,nan,0.0,nan,11.48114944,nan,nan,31.0,0.0,32,nan
20.27515811920166,70.14388489208633,nan,0.0,nan,11.485343744,nan,nan,30.0,0.0,32,nan
20.29183545509974,72.66187050359711,nan,0.0,nan,11.485343744,nan,nan,31.0,0.0,32,nan
20.3085090080897,72.12230215827337,nan,0.0,nan,11.485343744,nan,nan,31.0,0.0,32,nan
20.325181627273558,73.56115107913669,nan,0.0,nan,11.485343744,nan,nan,32.0,0.0,32,nan
20.341854190826417,73.56115107913669,nan,0.0,nan,11.485343744,nan,nan,32.0,0.0,32,nan
20.358526106675466,73.56115107913669,nan,0.0,nan,11.485343744,nan,nan,32.0,0.0,32,nan
20.37519873380661,73.92086330935253,nan,0.0,nan,11.485343744,nan,nan,32.0,0.0,32,nan
20.391870828469596,73.92086330935253,nan,0.0,nan,11.485343744,nan,nan,32.0,0.0,32,nan
20.408542875448862,72.66187050359711,nan,0.0,nan,11.485343744,nan,nan,31.0,0.0,32,nan
20.42521525621414,73.02158273381295,nan,0.0,nan,11.604897792,nan,nan,31.0,0.0,32,nan
20.44188762108485,74.64028776978418,nan,0.0,nan,11.606994944,nan,nan,32.0,0.0,32,nan
20.45855921904246,74.28057553956835,nan,0.0,nan,11.606994944,nan,nan,32.0,0.0,32,nan
20.475231889883677,74.28057553956835,nan,0.0,nan,11.606994944,nan,nan,32.0,0.0,32,nan
20.49190411170324,74.28057553956835,nan,0.0,nan,11.606994944,nan,nan,32.0,0.0,32,nan
20.50857611099879,74.28057553956835,nan,0.0,nan,11.606994944,nan,nan,32.0,0.0,32,nan
20.52524654865265,73.20143884892086,nan,0.0,nan,11.606994944,nan,nan,31.0,0.0,32,nan
20.541919287045797,72.12230215827337,nan,0.0,nan,11.606994944,nan,nan,31.0,0.0,32,nan
20.558592212200164,73.02158273381295,nan,0.0,nan,11.606994944,nan,nan,32.0,0.0,32,nan
20.57526522874832,73.92086330935253,nan,0.0,nan,11.606994944,nan,nan,32.0,0.0,32,nan
20.59193601210912,74.82014388489209,nan,0.0,nan,11.606994944,nan,nan,32.0,0.0,32,nan
20.608608094851174,75.0,nan,0.0,nan,11.606994944,nan,nan,32.0,0.0,32,nan
20.62527999083201,73.20143884892086,nan,0.0,nan,11.609092096,nan,nan,31.0,0.0,32,nan
20.641952423254647,70.14388489208633,nan,0.0,nan,11.609092096,nan,nan,31.0,0.0,32,nan
20.65862445831299,72.4820143884892,nan,0.0,nan,11.609092096,nan,nan,31.0,0.0,32,nan
20.675297371546428,74.82014388489209,nan,0.0,nan,11.609092096,nan,nan,32.0,0.0,32,nan
20.691969660917916,75.0,nan,0.0,nan,11.609092096,nan,nan,32.0,0.0,32,nan
20.708640523751576,75.0,nan,0.0,nan,11.609092096,nan,nan,32.0,0.0,32,nan
20.725314156214395,72.4820143884892,nan,0.0,nan,11.609092096,nan,nan,31.0,0.0,32,nan
20.741988583405814,75.0,nan,0.0,nan,11.609092096,nan,nan,32.0,0.0,32,nan
20.758661778767905,74.64028776978418,nan,0.0,nan,11.609092096,nan,nan,32.0,0.0,32,nan
20.775343477725983,75.0,nan,0.0,nan,11.609092096,nan,nan,32.0,0.0,32,nan
20.792012095451355,75.0,nan,0.0,nan,11.609092096,nan,nan,32.0,0.0,32,nan
20.80868560473124,75.17985611510791,nan,0.0,nan,11.609092096,nan,nan,32.0,0.0,32,nan
20.825358963012697,75.71942446043165,nan,0.0,nan,11.609092096,nan,nan,32.0,0.0,32,nan
20.842031784852345,70.68345323741008,nan,0.0,nan,11.615383552,nan,nan,30.0,0.0,32,nan
20.85870437224706,74.10071942446044,nan,0.0,nan,11.615383552,nan,nan,32.0,0.0,32,nan
20.875376625855765,76.07913669064747,nan,0.0,nan,11.615383552,nan,nan,32.0,0.0,32,nan
20.892051593462625,75.53956834532374,nan,0.0,nan,11.615383552,nan,nan,32.0,0.0,32,nan
20.908727979660036,75.53956834532374,nan,0.0,nan,11.615383552,nan,nan,32.0,0.0,32,nan
20.925404969851176,75.53956834532374,nan,0.0,nan,11.617480704,nan,nan,32.0,0.0,32,nan
20.942077509562175,76.07913669064747,nan,0.0,nan,11.617480704,nan,nan,32.0,0.0,32,nan
20.958753728866576,75.71942446043165,nan,0.0,nan,11.617480704,nan,nan,32.0,0.0,32,nan
20.975428434213004,75.71942446043165,nan,0.0,nan,11.617480704,nan,nan,32.0,0.0,32,nan
20.992104943593343,73.92086330935253,nan,0.0,nan,11.617480704,nan,nan,31.0,0.0,32,nan
21.00877416928609,75.71942446043165,nan,0.0,nan,11.617480704,nan,nan,32.0,0.0,32,nan
21.025452490647634,71.94244604316546,nan,0.0,nan,11.617480704,nan,nan,30.0,0.0,32,nan
21.042122030258177,75.89928057553956,nan,0.0,nan,11.617480704,nan,nan,32.0,0.0,32,nan
21.05879528125127,74.28057553956835,nan,0.0,nan,11.619577856,nan,nan,31.0,0.0,32,nan
21.075465134779613,77.15827338129496,nan,0.0,nan,11.619577856,nan,nan,32.0,0.0,32,nan
21.09213408231735,76.07913669064747,nan,0.0,nan,11.619577856,nan,nan,32.0,0.0,32,nan
21.108807452519734,76.2589928057554,nan,0.0,nan,11.619577856,nan,nan,32.0,0.0,32,nan
21.125480095545452,76.2589928057554,nan,0.0,nan,11.619577856,nan,nan,32.0,0.0,32,nan
21.142152241865794,76.97841726618705,nan,0.0,nan,11.619577856,nan,nan,32.0,0.0,32,nan
21.158826319376626,73.38129496402878,nan,0.0,nan,11.619577856,nan,nan,31.0,0.0,32,nan
21.17550264199575,76.2589928057554,nan,0.0,nan,11.619577856,nan,nan,32.0,0.0,32,nan
21.19218099117279,76.43884892086331,nan,0.0,nan,11.619577856,nan,nan,32.0,0.0,32,nan
21.208853526910147,76.43884892086331,nan,0.0,nan,11.619577856,nan,nan,32.0,0.0,32,nan
21.225526150067648,77.33812949640287,nan,0.0,nan,11.619577856,nan,nan,32.0,0.0,32,nan
21.24219522078832,76.79856115107914,nan,0.0,nan,11.619577856,nan,nan,32.0,0.0,32,nan
21.258864204088848,76.79856115107914,nan,0.0,nan,11.619577856,nan,nan,32.0,0.0,32,nan
21.275533533096315,76.97841726618705,nan,0.0,nan,11.619577856,nan,nan,32.0,0.0,32,nan
21.292207888762157,74.64028776978418,nan,0.0,nan,11.619577856,nan,nan,31.0,0.0,32,nan
21.308880786101025,77.15827338129496,nan,0.0,nan,11.619577856,nan,nan,32.0,0.0,32,nan
21.32555288473765,76.79856115107914,nan,0.0,nan,11.619577856,nan,nan,32.0,0.0,32,nan
21.34222682714462,74.46043165467626,nan,0.0,nan,11.619577856,nan,nan,31.0,0.0,32,nan
21.35890622138977,77.87769784172663,nan,0.0,nan,11.619577856,nan,nan,32.0,0.0,32,nan
21.37557559410731,77.15827338129496,nan,0.0,nan,11.619577856,nan,nan,32.0,0.0,32,nan
21.392248479525247,75.0,nan,0.0,nan,11.619577856,nan,nan,31.0,0.0,32,nan
21.408920538425445,70.68345323741008,nan,0.0,nan,11.688783872,nan,nan,30.0,0.0,32,nan
21.425592684745787,75.0,nan,0.0,nan,11.785252864,nan,nan,31.0,0.0,32,nan
21.442267541090647,75.71942446043165,nan,0.0,nan,11.806224384,nan,nan,31.0,0.0,32,nan
21.45894185304642,77.15827338129496,nan,0.0,nan,11.831390208,nan,nan,32.0,0.0,32,nan
21.475615048408507,78.23741007194245,nan,0.0,nan,11.831390208,nan,nan,32.0,0.0,32,nan
21.492287822564442,77.6978417266187,nan,0.0,nan,11.831390208,nan,nan,32.0,0.0,32,nan
21.508962738513947,77.15827338129496,nan,0.0,nan,11.831390208,nan,nan,32.0,0.0,32,nan
21.52563444375992,69.96402877697841,nan,0.0,nan,11.84397312,nan,nan,30.0,0.0,32,nan
21.542305235068003,75.0,nan,0.0,nan,11.892236288,nan,nan,31.0,0.0,32,nan
21.55897601445516,77.5179856115108,nan,0.0,nan,11.898527744,nan,nan,32.0,0.0,32,nan
21.575647604465484,77.5179856115108,nan,0.0,nan,11.898527744,nan,nan,32.0,0.0,32,nan
21.5923214952151,72.3021582733813,nan,0.0,nan,11.900624896,nan,nan,31.0,0.0,32,nan
21.608993987242382,77.15827338129496,nan,0.0,nan,11.900624896,nan,nan,32.0,0.0,32,nan
21.625669781366984,77.15827338129496,nan,0.0,nan,11.900624896,nan,nan,32.0,0.0,32,nan
21.642340330282845,78.23741007194245,nan,0.0,nan,11.900624896,nan,nan,32.0,0.0,32,nan
21.659009480476378,78.41726618705036,nan,0.0,nan,11.900624896,nan,nan,32.0,0.0,32,nan
21.675686220328014,78.59712230215827,nan,0.0,nan,11.900624896,nan,nan,32.0,0.0,32,nan
21.69236132701238,75.0,nan,0.0,nan,11.900624896,nan,nan,31.0,0.0,32,nan
21.709037498633066,77.87769784172663,nan,0.0,nan,11.900624896,nan,nan,32.0,0.0,32,nan
21.725709855556488,78.05755395683454,nan,0.0,nan,11.900624896,nan,nan,32.0,0.0,32,nan
21.74238051176071,70.68345323741008,nan,0.0,nan,11.900624896,nan,nan,30.0,0.0,32,nan
21.759050623575845,69.96402877697841,nan,0.0,nan,11.940470784,nan,nan,29.0,0.0,32,nan
21.775723505020142,72.84172661870504,nan,0.0,nan,11.963539456,nan,nan,31.0,0.0,32,nan
21.792395321528115,73.20143884892086,nan,0.0,nan,11.96773376,nan,nan,31.0,0.0,32,nan
21.809074413776397,75.89928057553956,nan,0.0,nan,11.96773376,nan,nan,31.0,0.0,32,nan
21.825748682022095,78.59712230215827,nan,0.0,nan,11.96773376,nan,nan,32.0,0.0,32,nan
21.842421118418375,78.59712230215827,nan,0.0,nan,11.96773376,nan,nan,32.0,0.0,32,nan
21.85909547805786,75.71942446043165,nan,0.0,nan,11.96773376,nan,nan,30.0,0.0,32,nan
21.875772861639657,78.77697841726618,nan,0.0,nan,11.96773376,nan,nan,32.0,0.0,32,nan
21.89244315226873,74.64028776978418,nan,0.0,nan,11.96773376,nan,nan,30.0,0.0,32,nan
21.909120269616444,74.64028776978418,nan,0.0,nan,11.990802432,nan,nan,30.0,0.0,32,nan
21.92579357624054,76.07913669064747,nan,0.0,nan,11.997093888,nan,nan,31.0,0.0,32,nan
21.942462813854217,72.4820143884892,nan,0.0,nan,11.99919104,nan,nan,29.0,0.0,32,nan
21.95913386742274,77.33812949640287,nan,0.0,nan,12.076785664,nan,nan,31.0,0.0,32,nan
21.975805509090424,77.33812949640287,nan,0.0,nan,12.095660032,nan,nan,31.0,0.0,32,nan
21.99247932434082,75.35971223021582,nan,0.0,nan,12.095660032,nan,nan,30.0,0.0,32,nan
22.009154693285623,78.05755395683454,nan,0.0,nan,12.097757184,nan,nan,31.0,0.0,32,nan
22.025824296474457,75.17985611510791,nan,0.0,nan,11.71810304,nan,nan,30.0,0.0,32,nan
22.04249585866928,78.77697841726618,nan,0.0,nan,11.730706432,nan,nan,32.0,0.0,32,nan
22.05917272567749,79.49640287769783,nan,0.0,nan,11.730706432,nan,nan,32.0,0.0,32,nan
22.07584574619929,78.9568345323741,nan,0.0,nan,11.730706432,nan,nan,32.0,0.0,32,nan
22.092519227663676,71.76258992805755,nan,0.0,nan,11.772649472,nan,nan,30.0,0.0,32,nan
22.109191727638244,70.68345323741008,nan,0.0,nan,11.776843776,nan,nan,30.0,0.0,32,nan
22.12586527665456,72.12230215827337,nan,0.0,nan,11.776843776,nan,nan,30.0,0.0,32,nan
22.142537808418275,75.89928057553956,nan,0.0,nan,11.802226688,nan,nan,30.0,0.0,32,nan
22.1592103322347,77.33812949640287,nan,0.0,nan,11.825299456,nan,nan,31.0,0.0,32,nan
22.175885530312858,78.59712230215827,nan,0.0,nan,11.825299456,nan,nan,32.0,0.0,32,nan
22.19255801041921,77.6978417266187,nan,0.0,nan,11.825299456,nan,nan,32.0,0.0,32,nan
22.2092302163442,78.59712230215827,nan,0.0,nan,11.825299456,nan,nan,32.0,0.0,32,nan
22.22590526739756,76.07913669064747,nan,0.0,nan,11.825299456,nan,nan,31.0,0.0,32,nan
22.242578053474425,78.9568345323741,nan,0.0,nan,11.825299456,nan,nan,32.0,0.0,32,nan
22.25925496419271,78.05755395683454,nan,0.0,nan,11.825299456,nan,nan,31.0,0.0,32,nan
22.275928990046182,76.43884892086331,nan,0.0,nan,11.827396608,nan,nan,31.0,0.0,32,nan
22.292602825164796,74.46043165467626,nan,0.0,nan,11.827396608,nan,nan,30.0,0.0,32,nan
22.30927735567093,74.82014388489209,nan,0.0,nan,11.837882368,nan,nan,30.0,0.0,32,nan
22.325954516728718,79.31654676258992,nan,0.0,nan,11.844173824,nan,nan,32.0,0.0,32,nan
22.34262727101644,79.31654676258992,nan,0.0,nan,11.844173824,nan,nan,32.0,0.0,32,nan
22.359304253260294,78.23741007194245,nan,0.0,nan,11.844173824,nan,nan,32.0,0.0,32,nan
22.37597895860672,78.59712230215827,nan,0.0,nan,11.844173824,nan,nan,32.0,0.0,32,nan
22.392651764551797,75.71942446043165,nan,0.0,nan,11.844173824,nan,nan,30.0,0.0,32,nan
22.40932599703471,71.76258992805755,nan,0.0,nan,11.873538048,nan,nan,30.0,0.0,32,nan
22.42600269317627,75.71942446043165,nan,0.0,nan,11.925966848,nan,nan,30.0,0.0,32,nan
22.442675173282623,75.17985611510791,nan,0.0,nan,11.957424128,nan,nan,30.0,0.0,32,nan
22.459348487854005,76.07913669064747,nan,0.0,nan,11.957424128,nan,nan,30.0,0.0,32,nan
22.476020606358848,80.03597122302159,nan,0.0,nan,11.957424128,nan,nan,32.0,0.0,32,nan
22.492693070570628,79.67625899280574,nan,0.0,nan,11.957424128,nan,nan,32.0,0.0,32,nan
22.5093692779541,79.67625899280574,nan,0.0,nan,11.957424128,nan,nan,32.0,0.0,32,nan
22.526045032342275,78.77697841726618,nan,0.0,nan,11.957424128,nan,nan,32.0,0.0,32,nan
22.54271908601125,79.49640287769783,nan,0.0,nan,11.957424128,nan,nan,32.0,0.0,32,nan
22.559391705195107,79.49640287769783,nan,0.0,nan,11.957424128,nan,nan,32.0,0.0,32,nan
22.5760639945666,79.49640287769783,nan,0.0,nan,11.957424128,nan,nan,32.0,0.0,32,nan
22.59273581902186,79.49640287769783,nan,0.0,nan,11.957424128,nan,nan,32.0,0.0,32,nan
22.609409952163695,76.97841726618705,nan,0.0,nan,11.95952128,nan,nan,31.0,0.0,32,nan
22.626086767514547,75.0,nan,0.0,nan,11.982589952,nan,nan,30.0,0.0,32,nan
22.642759303251903,77.15827338129496,nan,0.0,nan,11.984687104,nan,nan,31.0,0.0,32,nan
22.65942984422048,77.15827338129496,nan,0.0,nan,11.999367168,nan,nan,31.0,0.0,32,nan
22.676100901762645,79.85611510791367,nan,0.0,nan,12.020338688,nan,nan,32.0,0.0,32,nan
22.692773111661275,78.9568345323741,nan,0.0,nan,12.024532992,nan,nan,32.0,0.0,32,nan
22.709445238113403,79.85611510791367,nan,0.0,nan,12.024532992,nan,nan,32.0,0.0,32,nan
22.726119561990103,79.85611510791367,nan,0.0,nan,12.024532992,nan,nan,32.0,0.0,32,nan
22.742792642116548,72.66187050359711,nan,0.0,nan,12.039213056,nan,nan,30.0,0.0,32,nan
22.759464875857034,77.87769784172663,nan,0.0,nan,12.039213056,nan,nan,31.0,0.0,32,nan
22.776137161254884,75.17985611510791,nan,0.0,nan,12.055990272,nan,nan,30.0,0.0,32,nan
22.79280839363734,75.89928057553956,nan,0.0,nan,12.07486464,nan,nan,30.0,0.0,32,nan
22.809480718771617,75.53956834532374,nan,0.0,nan,12.081156096,nan,nan,30.0,0.0,32,nan
22.82615319887797,75.0,nan,0.0,nan,12.0853504,nan,nan,30.0,0.0,32,nan
22.842825520038605,77.6978417266187,nan,0.0,nan,12.102127616,nan,nan,31.0,0.0,32,nan
22.859502649307252,77.33812949640287,nan,0.0,nan,12.110516224,nan,nan,31.0,0.0,32,nan
22.876174596945443,77.33812949640287,nan,0.0,nan,12.112613376,nan,nan,31.0,0.0,32,nan
22.892853585879006,75.17985611510791,nan,0.0,nan,12.112613376,nan,nan,30.0,0.0,32,nan
22.909525883197784,78.05755395683454,nan,0.0,nan,12.11680768,nan,nan,31.0,0.0,32,nan
22.926196384429932,78.41726618705036,nan,0.0,nan,12.11680768,nan,nan,31.0,0.0,32,nan
22.94287350575129,73.02158273381295,nan,0.0,nan,12.11680768,nan,nan,29.0,0.0,32,nan
22.95954616467158,73.74100719424462,nan,0.0,nan,12.12729344,nan,nan,30.0,0.0,32,nan
22.97621858914693,76.97841726618705,nan,0.0,nan,12.12729344,nan,nan,31.0,0.0,32,nan
22.992892781893413,78.59712230215827,nan,0.0,nan,12.12729344,nan,nan,31.0,1.0,32,nan
23.009564900398253,79.49640287769783,nan,0.0,nan,12.12729344,nan,nan,31.0,1.0,32,nan
23.026238640149433,77.6978417266187,nan,0.0,nan,12.12729344,nan,nan,31.0,0.0,32,nan
23.04291277329127,77.6978417266187,nan,0.0,nan,12.129390592,nan,nan,31.0,0.0,32,nan
23.05958877404531,78.23741007194245,nan,0.0,nan,12.129390592,nan,nan,31.0,0.0,32,nan
23.07626009384791,78.77697841726618,nan,0.0,nan,12.129390592,nan,nan,31.0,0.0,32,nan
23.092930344740548,80.93525179856115,nan,0.0,nan,12.129390592,nan,nan,32.0,0.0,32,nan
23.109601851304372,78.41726618705036,nan,0.0,nan,12.129390592,nan,nan,31.0,0.0,32,nan
23.126274307568867,78.77697841726618,nan,0.0,nan,12.129390592,nan,nan,31.0,0.0,32,nan
23.142948639392852,78.9568345323741,nan,0.0,nan,12.167139328,nan,nan,31.0,0.0,32,nan
23.159622355302176,78.59712230215827,nan,0.0,nan,12.167139328,nan,nan,31.0,0.0,32,nan
23.176292677720387,76.43884892086331,nan,0.0,nan,12.194402304,nan,nan,30.0,0.0,32,nan
23.19297360976537,74.46043165467626,nan,0.0,nan,12.211175424,nan,nan,30.0,0.0,32,nan
23.20964838663737,75.89928057553956,nan,0.0,nan,12.211175424,nan,nan,31.0,1.0,32,nan
23.2263227502505,78.23741007194245,nan,0.0,nan,12.211175424,nan,nan,31.0,1.0,32,nan
23.242996191978456,79.13669064748201,nan,0.0,nan,12.211175424,nan,nan,31.0,1.0,32,nan
23.259670464197793,80.03597122302159,nan,0.0,nan,12.211175424,nan,nan,31.0,1.0,32,nan
23.276344660917918,79.49640287769783,nan,0.0,nan,12.211175424,nan,nan,31.0,0.0,32,nan
23.29302137295405,82.19424460431655,nan,0.0,nan,12.211175424,nan,nan,32.0,0.0,32,nan
23.30969529946645,81.83453237410072,nan,0.0,nan,12.211175424,nan,nan,32.0,0.0,32,nan
23.326371415456137,81.83453237410072,nan,0.0,nan,12.211175424,nan,nan,32.0,0.0,32,nan
23.34304311275482,81.83453237410072,nan,0.0,nan,12.211175424,nan,nan,32.0,0.0,32,nan
23.359720436731973,76.79856115107914,nan,0.0,nan,12.211175424,nan,nan,30.0,0.0,32,nan
23.376394573847453,82.01438848920863,nan,0.0,nan,12.211175424,nan,nan,32.0,0.0,32,nan
23.39306760231654,82.37410071942446,nan,0.0,nan,12.211175424,nan,nan,32.0,0.0,32,nan
23.409743392467497,75.0,nan,0.0,nan,12.211175424,nan,nan,29.0,0.0,32,nan
23.42641938527425,82.73381294964028,nan,0.0,nan,12.211175424,nan,nan,32.0,0.0,32,nan
23.443091678619385,82.73381294964028,nan,0.0,nan,12.211175424,nan,nan,32.0,0.0,32,nan
23.459761730829875,78.23741007194245,nan,0.0,nan,12.211175424,nan,nan,30.0,0.0,32,nan
23.476436467965446,79.67625899280574,nan,0.0,nan,12.234244096,nan,nan,31.0,0.0,32,nan
23.49310936530431,80.39568345323741,nan,0.0,nan,12.265701376,nan,nan,31.0,0.0,32,nan
23.509781789779662,80.39568345323741,nan,0.0,nan,12.28038144,nan,nan,31.0,0.0,32,nan
23.526454198360444,81.83453237410072,nan,0.0,nan,12.282478592,nan,nan,32.0,0.0,32,nan
23.543126889069875,82.19424460431655,nan,0.0,nan,12.282478592,nan,nan,32.0,0.0,32,nan
23.559802170594534,82.19424460431655,nan,0.0,nan,12.282478592,nan,nan,32.0,0.0,32,nan
23.576474380493163,79.85611510791367,nan,0.0,nan,12.282478592,nan,nan,31.0,0.0,32,nan
23.59314683278402,79.31654676258992,nan,0.0,nan,12.282478592,nan,nan,31.0,0.0,32,nan
23.609824494520822,77.6978417266187,nan,0.0,nan,12.282478592,nan,nan,30.0,0.0,32,nan
23.62650545835495,78.59712230215827,nan,0.0,nan,12.284575744,nan,nan,31.0,0.0,32,nan
23.6431747674942,79.49640287769783,nan,0.0,nan,12.2908672,nan,nan,31.0,0.0,32,nan
23.659854300816853,77.5179856115108,nan,0.0,nan,12.292964352,nan,nan,30.0,0.0,32,nan
23.676528457800547,82.55395683453237,nan,0.0,nan,12.292964352,nan,nan,32.0,0.0,32,nan
23.693204486370085,82.55395683453237,nan,0.0,nan,12.292964352,nan,nan,32.0,0.0,32,nan
23.709875361124674,82.55395683453237,nan,0.0,nan,12.292964352,nan,nan,32.0,0.0,32,nan
23.726545870304108,82.73381294964028,nan,0.0,nan,12.292964352,nan,nan,32.0,0.0,32,nan
23.7432168563207,82.73381294964028,nan,0.0,nan,12.292964352,nan,nan,32.0,0.0,32,nan
23.75988903840383,82.91366906474819,nan,0.0,nan,12.292964352,nan,nan,32.0,0.0,32,nan
23.776560322443643,82.91366906474819,nan,0.0,nan,12.292964352,nan,nan,32.0,0.0,32,nan
23.793234904607136,77.5179856115108,nan,0.0,nan,12.292964352,nan,nan,30.0,0.0,32,nan
23.80990767478943,80.39568345323741,nan,0.0,nan,12.299255808,nan,nan,31.0,0.0,32,nan
23.82658063173294,84.53237410071942,nan,0.0,nan,12.30135296,nan,nan,32.0,0.0,32,nan
23.843252789974212,83.27338129496404,nan,0.0,nan,12.30135296,nan,nan,32.0,0.0,32,nan
23.85992322365443,83.27338129496404,nan,0.0,nan,12.30135296,nan,nan,32.0,0.0,32,nan
23.876593470573425,80.93525179856115,nan,0.0,nan,12.30135296,nan,nan,31.0,0.0,32,nan
23.893272825082143,77.87769784172663,nan,0.0,nan,12.30135296,nan,nan,30.0,0.0,32,nan
23.909945058822633,76.43884892086331,nan,0.0,nan,12.655771648,nan,nan,29.0,0.0,32,nan
23.92661828994751,80.93525179856115,nan,0.0,nan,12.672548864,nan,nan,31.0,0.0,32,nan
23.943290813763937,80.75539568345323,nan,0.0,nan,12.676743168,nan,nan,31.0,0.0,32,nan
23.95996342500051,80.75539568345323,nan,0.0,nan,12.676743168,nan,nan,31.0,0.0,32,nan
23.976636111736298,80.75539568345323,nan,0.0,nan,12.67884032,nan,nan,31.0,0.0,32,nan
23.993308595816295,83.81294964028777,nan,0.0,nan,12.706103296,nan,nan,32.0,0.0,32,nan
24.009981083869935,81.11510791366908,nan,0.0,nan,12.708200448,nan,nan,31.0,0.0,32,nan
24.026653695106507,84.53237410071942,nan,0.0,nan,12.7102976,nan,nan,32.0,0.0,32,nan
24.043326584498086,84.17266187050359,nan,0.0,nan,12.7102976,nan,nan,32.0,0.0,32,nan
24.060001929601032,84.17266187050359,nan,0.0,nan,12.7102976,nan,nan,32.0,0.0,32,nan
24.076672208309173,84.35251798561151,nan,0.0,nan,12.7102976,nan,nan,32.0,0.0,32,nan
24.093344922860464,84.71223021582735,nan,0.0,nan,12.7102976,nan,nan,32.0,0.0,32,nan
24.11001987059911,82.01438848920863,nan,0.0,nan,12.7102976,nan,nan,31.0,0.0,32,nan
24.12669196128845,82.19424460431655,nan,0.0,nan,12.7102976,nan,nan,31.0,0.0,32,nan
24.143364119529725,82.01438848920863,nan,0.0,nan,12.7102976,nan,nan,31.0,0.0,32,nan
24.160036933422088,85.431654676259,nan,0.0,nan,12.7102976,nan,nan,32.0,0.0,32,nan
24.176708070437112,84.53237410071942,nan,0.0,nan,12.7102976,nan,nan,32.0,0.0,32,nan
24.193380065759023,84.71223021582735,nan,0.0,nan,12.7102976,nan,nan,32.0,0.0,32,nan
24.210056666533152,82.55395683453237,nan,0.0,nan,12.7102976,nan,nan,31.0,0.0,32,nan
24.22673616409302,85.79136690647482,nan,0.0,nan,12.7102976,nan,nan,32.0,0.0,32,nan
24.24340837796529,84.17266187050359,nan,0.0,nan,12.7102976,nan,nan,32.0,0.0,32,nan
24.26008086601893,84.71223021582735,nan,0.0,nan,12.7102976,nan,nan,32.0,0.0,32,nan
24.276753107706707,81.83453237410072,nan,0.0,nan,12.7102976,nan,nan,31.0,0.0,32,nan
24.293426926930746,82.37410071942446,nan,0.0,nan,12.7102976,nan,nan,31.0,0.0,32,nan
24.310102689266206,82.37410071942446,nan,0.0,nan,12.76065792,nan,nan,31.0,0.0,32,nan
24.326779091358183,84.71223021582735,nan,0.0,nan,12.764852224,nan,nan,32.0,0.0,32,nan
24.34345619281133,81.65467625899281,nan,0.0,nan,12.764852224,nan,nan,31.0,0.0,32,nan
24.36013011535009,83.99280575539568,nan,0.0,nan,12.764852224,nan,nan,32.0,0.0,32,nan
24.376803584893544,84.35251798561151,nan,0.0,nan,12.764852224,nan,nan,32.0,0.0,32,nan
24.393477058410646,81.29496402877699,nan,0.0,nan,12.764852224,nan,nan,31.0,0.0,32,nan
24.410146752993267,82.73381294964028,nan,0.0,nan,12.764852224,nan,nan,32.0,0.0,32,nan
24.42681514819463,85.25179856115108,nan,0.0,nan,12.764852224,nan,nan,32.0,0.0,32,nan
24.443487707773844,84.71223021582735,nan,0.0,nan,12.764852224,nan,nan,32.0,0.0,32,nan
24.460158916314445,82.91366906474819,nan,0.0,nan,12.766949376,nan,nan,31.0,0.0,32,nan
24.476831146081288,82.91366906474819,nan,0.0,nan,12.798406656,nan,nan,31.0,0.0,32,nan
24.493503733476004,80.57553956834532,nan,0.0,nan,12.800503808,nan,nan,30.0,0.0,32,nan
24.510174373785656,82.01438848920863,nan,0.0,nan,12.817281024,nan,nan,31.0,0.0,32,nan
24.526847195625304,83.27338129496404,nan,0.0,nan,12.821475328,nan,nan,31.0,0.0,32,nan
24.543518288930258,82.91366906474819,nan,0.0,nan,12.821475328,nan,nan,31.0,0.0,32,nan
24.5601913412412,82.91366906474819,nan,0.0,nan,12.821475328,nan,nan,31.0,0.0,32,nan
24.57686969836553,76.07913669064747,nan,0.0,nan,12.821475328,nan,nan,29.0,0.0,32,nan
24.59354373216629,75.35971223021582,nan,0.0,nan,12.821475328,nan,nan,29.0,0.0,32,nan
24.61022387345632,82.37410071942446,nan,0.0,nan,12.825669632,nan,nan,31.0,0.0,32,nan
24.626896385351817,84.53237410071942,nan,0.0,nan,12.829863936,nan,nan,31.0,0.0,32,nan
24.643569791316985,82.37410071942446,nan,0.0,nan,12.829863936,nan,nan,31.0,0.0,32,nan
24.660242636998493,82.37410071942446,nan,0.0,nan,12.831961088,nan,nan,31.0,0.0,32,nan
24.676915299892425,79.85611510791367,nan,0.0,nan,12.840349696,nan,nan,30.0,0.0,32,nan
24.6935883641243,79.85611510791367,nan,0.0,nan,12.844544,nan,nan,30.0,0.0,32,nan
24.710261396567027,82.37410071942446,nan,0.0,nan,12.844544,nan,nan,31.0,0.0,32,nan
24.726935827732085,83.45323741007195,nan,0.0,nan,12.844544,nan,nan,31.0,0.0,32,nan
24.743607958157856,84.71223021582735,nan,0.0,nan,12.844544,nan,nan,32.0,0.0,32,nan
24.760281240940095,84.89208633093526,nan,0.0,nan,12.844544,nan,nan,32.0,0.0,32,nan
24.776953438917797,84.53237410071942,nan,0.0,nan,12.844544,nan,nan,32.0,0.0,32,nan
24.793625529607137,85.431654676259,nan,0.0,nan,12.844544,nan,nan,32.0,0.0,32,nan
24.810303449630737,81.83453237410072,nan,0.0,nan,12.844544,nan,nan,31.0,0.0,32,nan
24.826977666219076,83.27338129496404,nan,0.0,nan,12.844544,nan,nan,32.0,0.0,32,nan
24.84364723364512,85.79136690647482,nan,0.0,nan,12.844544,nan,nan,32.0,0.0,32,nan
24.86032119592031,82.37410071942446,nan,0.0,nan,12.844544,nan,nan,31.0,0.0,32,nan
24.876992416381835,85.25179856115108,nan,0.0,nan,12.844544,nan,nan,32.0,0.0,32,nan
24.89366370042165,81.11510791366908,nan,0.0,nan,12.844544,nan,nan,30.0,0.0,32,nan
24.910337420304618,82.55395683453237,nan,0.0,nan,12.844544,nan,nan,31.0,0.0,32,nan
24.92701127529144,82.91366906474819,nan,0.0,nan,12.844544,nan,nan,31.0,0.0,32,nan
24.943681780497233,83.09352517985612,nan,0.0,nan,12.844544,nan,nan,31.0,0.0,32,nan
24.96035671234131,78.41726618705036,nan,0.0,nan,12.844544,nan,nan,29.0,0.0,32,nan
24.97702753941218,83.45323741007195,nan,0.0,nan,12.844544,nan,nan,31.0,0.0,32,nan
24.993700981140137,83.27338129496404,nan,0.0,nan,12.844544,nan,nan,31.0,0.0,32,nan
25.010374629497527,80.75539568345323,nan,0.0,nan,12.844544,nan,nan,30.0,0.0,32,nan
25.027047522862752,80.2158273381295,nan,0.0,nan,12.844544,nan,nan,30.0,0.0,32,nan
25.043721024195353,81.11510791366908,nan,0.0,nan,12.844544,nan,nan,30.0,0.0,32,nan
25.060395522912344,80.03597122302159,nan,0.0,nan,12.844544,nan,nan,30.0,0.0,32,nan
25.077073204517365,80.2158273381295,nan,0.0,nan,12.857126912,nan,nan,30.0,0.0,32,nan
25.093745001157124,80.39568345323741,nan,0.0,nan,12.857126912,nan,nan,30.0,0.0,32,nan
25.110419448216756,80.57553956834532,nan,0.0,nan,12.859224064,nan,nan,30.0,0.0,32,nan
25.127093692620594,80.57553956834532,nan,0.0,nan,12.859224064,nan,nan,30.0,0.0,32,nan
25.143773146470387,80.57553956834532,nan,0.0,nan,12.859224064,nan,nan,30.0,0.0,32,nan
25.16044859091441,80.57553956834532,nan,0.0,nan,12.859224064,nan,nan,30.0,0.0,32,nan
25.177122263113656,83.27338129496404,nan,0.0,nan,12.859224064,nan,nan,31.0,0.0,32,nan
25.193796583016713,85.25179856115108,nan,0.0,nan,12.859224064,nan,nan,32.0,0.0,32,nan
25.210471312204998,86.69064748201438,nan,0.0,nan,12.859224064,nan,nan,32.0,0.0,32,nan
25.22714520295461,83.09352517985612,nan,0.0,nan,12.859224064,nan,nan,31.0,0.0,32,nan
25.24382144610087,85.97122302158273,nan,0.0,nan,12.859224064,nan,nan,32.0,0.0,32,nan
25.260495007038116,86.69064748201438,nan,0.0,nan,12.859224064,nan,nan,32.0,0.0,32,nan
25.277169994513194,86.15107913669064,nan,0.0,nan,12.859224064,nan,nan,32.0,0.0,32,nan
25.293843932946523,86.15107913669064,nan,0.0,nan,12.859224064,nan,nan,32.0,0.0,32,nan
25.310513826211295,83.81294964028777,nan,0.0,nan,12.859224064,nan,nan,31.0,0.0,32,nan
25.327185297012328,82.19424460431655,nan,0.0,nan,12.863418368,nan,nan,30.0,0.0,32,nan
25.34386128584544,83.45323741007195,nan,0.0,nan,12.863418368,nan,nan,31.0,0.0,32,nan
25.360535883903502,84.89208633093526,nan,0.0,nan,12.863418368,nan,nan,32.0,0.0,32,nan
25.377207175890604,86.87050359712231,nan,0.0,nan,12.863418368,nan,nan,32.0,0.0,32,nan
25.39387987057368,85.79136690647482,nan,0.0,nan,12.863418368,nan,nan,32.0,0.0,32,nan
25.410552112261453,83.81294964028777,nan,0.0,nan,12.863418368,nan,nan,31.0,0.0,32,nan
25.427228192488354,85.25179856115108,nan,0.0,nan,12.863418368,nan,nan,32.0,0.0,32,nan
25.443904074033103,82.37410071942446,nan,0.0,nan,12.863418368,nan,nan,31.0,0.0,32,nan
25.46057673295339,79.67625899280574,nan,0.0,nan,12.863418368,nan,nan,30.0,0.0,32,nan
25.477251450220745,82.55395683453237,nan,0.0,nan,12.863418368,nan,nan,31.0,0.0,32,nan
25.493923795223235,80.75539568345323,nan,0.0,nan,12.863418368,nan,nan,30.0,0.0,32,nan
25.510597463448843,77.6978417266187,nan,0.0,nan,12.86551552,nan,nan,29.0,0.0,32,nan
25.527270829677583,75.71942446043165,nan,0.0,nan,12.869709824,nan,nan,28.0,0.0,32,nan
25.543944211800895,80.75539568345323,nan,0.0,nan,12.62854144,nan,nan,30.0,0.0,32,nan
25.56061968008677,84.17266187050359,nan,0.0,nan,12.62854144,nan,nan,31.0,1.0,32,nan
25.57729229529699,84.71223021582735,nan,0.0,nan,12.62854144,nan,nan,32.0,0.0,32,nan
25.59396348396937,84.35251798561151,nan,0.0,nan,12.62854144,nan,nan,32.0,0.0,32,nan
25.61063745816549,84.53237410071942,nan,0.0,nan,12.62854144,nan,nan,32.0,0.0,32,nan
25.62731182575226,84.89208633093526,nan,0.0,nan,12.62854144,nan,nan,32.0,0.0,32,nan
25.64398847023646,84.89208633093526,nan,0.0,nan,12.62854144,nan,nan,32.0,0.0,32,nan
25.660663545131683,84.35251798561151,nan,0.0,nan,12.63484928,nan,nan,31.0,0.0,32,nan
25.677338107426962,85.61151079136691,nan,0.0,nan,12.63484928,nan,nan,32.0,0.0,32,nan
25.694011521339416,83.09352517985612,nan,0.0,nan,12.655824896,nan,nan,30.0,0.0,32,nan
25.710689389705657,86.51079136690647,nan,0.0,nan,12.657922048,nan,nan,32.0,0.0,32,nan
25.727359251181284,85.61151079136691,nan,0.0,nan,12.657922048,nan,nan,32.0,0.0,32,nan
25.744032104810078,85.97122302158273,nan,0.0,nan,12.657922048,nan,nan,32.0,0.0,32,nan
25.760704787572227,85.97122302158273,nan,0.0,nan,12.657922048,nan,nan,32.0,0.0,32,nan
25.777377935250602,86.51079136690647,nan,0.0,nan,12.672602112,nan,nan,32.0,0.0,32,nan
25.794055517514547,86.33093525179856,nan,0.0,nan,12.672602112,nan,nan,32.0,0.0,32,nan
25.810730544726052,86.51079136690647,nan,0.0,nan,12.672602112,nan,nan,32.0,0.0,32,nan
25.82740555604299,82.55395683453237,nan,0.0,nan,12.720836608,nan,nan,30.0,0.0,32,nan
25.844080766042072,82.91366906474819,nan,0.0,nan,12.727128064,nan,nan,31.0,0.0,32,nan
25.860756063461302,86.51079136690647,nan,0.0,nan,12.727128064,nan,nan,32.0,0.0,32,nan
25.877430752913156,82.91366906474819,nan,0.0,nan,12.727128064,nan,nan,31.0,0.0,32,nan
25.894100360075633,83.45323741007195,nan,0.0,nan,12.762791936,nan,nan,31.0,0.0,32,nan
25.910775554180145,84.89208633093526,nan,0.0,nan,12.762791936,nan,nan,31.0,0.0,32,nan
25.927455349763235,86.51079136690647,nan,0.0,nan,12.762791936,nan,nan,32.0,0.0,32,nan
25.94413045247396,81.4748201438849,nan,0.0,nan,12.764889088,nan,nan,30.0,0.0,32,nan
25.960803707440693,83.27338129496404,nan,0.0,nan,12.781666304,nan,nan,31.0,0.0,32,nan
25.977475428581236,84.71223021582735,nan,0.0,nan,12.781666304,nan,nan,31.0,0.0,32,nan
25.994153745969136,84.53237410071942,nan,0.0,nan,12.781666304,nan,nan,31.0,0.0,32,nan
26.01082891623179,86.51079136690647,nan,0.0,nan,12.781666304,nan,nan,32.0,0.0,32,nan
26.027505218982697,86.69064748201438,nan,0.0,nan,12.78795776,nan,nan,32.0,0.0,32,nan
26.044180568059286,87.41007194244604,nan,0.0,nan,12.78795776,nan,nan,32.0,0.0,32,nan
26.060850346088408,84.35251798561151,nan,0.0,nan,12.78795776,nan,nan,31.0,0.0,32,nan
26.077521042029062,85.97122302158273,nan,0.0,nan,12.78795776,nan,nan,32.0,0.0,32,nan
26.094196176528932,87.05035971223022,nan,0.0,nan,12.78795776,nan,nan,32.0,0.0,32,nan
26.11086928844452,87.05035971223022,nan,0.0,nan,12.78795776,nan,nan,32.0,0.0,32,nan
26.127542261282603,85.431654676259,nan,0.0,nan,12.78795776,nan,nan,31.0,0.0,32,nan
26.14421301285426,86.69064748201438,nan,0.0,nan,12.78795776,nan,nan,32.0,0.0,32,nan
26.160889418919883,83.63309352517986,nan,0.0,nan,12.78795776,nan,nan,31.0,0.0,32,nan
26.177563313643137,85.07194244604317,nan,0.0,nan,12.78795776,nan,nan,32.0,0.0,32,nan
26.194236123561858,85.25179856115108,nan,0.0,nan,12.78795776,nan,nan,31.0,0.0,32,nan
26.210909795761108,84.53237410071942,nan,0.0,nan,12.78795776,nan,nan,31.0,0.0,32,nan
26.22758630514145,85.97122302158273,nan,0.0,nan,12.78795776,nan,nan,32.0,0.0,32,nan
26.244256953398388,83.99280575539568,nan,0.0,nan,12.78795776,nan,nan,31.0,0.0,32,nan
26.260931058724722,85.431654676259,nan,0.0,nan,12.78795776,nan,nan,32.0,0.0,32,nan
26.277601746718087,87.94964028776978,nan,0.0,nan,12.78795776,nan,nan,32.0,0.0,32,nan
26.294276654720306,84.53237410071942,nan,0.0,nan,12.78795776,nan,nan,31.0,0.0,32,nan
26.31094873746236,83.81294964028777,nan,0.0,nan,12.78795776,nan,nan,31.0,0.0,32,nan
26.327625131607057,85.431654676259,nan,0.0,nan,12.792152064,nan,nan,31.0,0.0,32,nan
26.344296340147654,87.23021582733813,nan,0.0,nan,12.792152064,nan,nan,32.0,0.0,32,nan
26.36097050110499,79.49640287769783,nan,0.0,nan,12.796346368,nan,nan,29.0,0.0,32,nan
26.377644161383312,80.93525179856115,nan,0.0,nan,12.796346368,nan,nan,30.0,0.0,32,nan
26.39432113567988,84.35251798561151,nan,0.0,nan,12.796346368,nan,nan,31.0,1.0,32,nan
26.41099423567454,85.25179856115108,nan,0.0,nan,12.796346368,nan,nan,31.0,1.0,32,nan
26.4276682972908,86.15107913669064,nan,0.0,nan,12.796346368,nan,nan,32.0,0.0,32,nan
26.444340356191,86.15107913669064,nan,0.0,nan,12.796346368,nan,nan,32.0,0.0,32,nan
26.461020958423614,82.91366906474819,nan,0.0,nan,12.831997952,nan,nan,31.0,0.0,32,nan
26.47769386768341,82.01438848920863,nan,0.0,nan,12.834095104,nan,nan,31.0,0.0,32,nan
26.494373273849487,81.4748201438849,nan,0.0,nan,12.834095104,nan,nan,30.0,1.0,32,nan
26.5110457499822,84.35251798561151,nan,0.0,nan,12.834095104,nan,nan,31.0,1.0,32,nan
26.52771850824356,85.25179856115108,nan,0.0,nan,12.834095104,nan,nan,31.0,1.0,32,nan
26.544391489028932,86.51079136690647,nan,0.0,nan,12.834095104,nan,nan,32.0,0.0,32,nan
26.561065351963045,84.71223021582735,nan,0.0,nan,12.834095104,nan,nan,32.0,0.0,32,nan
26.57773936589559,86.15107913669064,nan,0.0,nan,12.834095104,nan,nan,32.0,0.0,32,nan
26.594410546620686,86.51079136690647,nan,0.0,nan,12.834095104,nan,nan,32.0,0.0,32,nan
26.611081047852835,87.05035971223022,nan,0.0,nan,12.834095104,nan,nan,32.0,0.0,32,nan
26.62775062719981,82.73381294964028,nan,0.0,nan,12.8466944,nan,nan,30.0,0.0,32,nan
26.644425638516744,81.4748201438849,nan,0.0,nan,12.8466944,nan,nan,30.0,0.0,32,nan
26.661103371779124,82.91366906474819,nan,0.0,nan,12.8466944,nan,nan,31.0,0.0,32,nan
26.677773873011272,84.35251798561151,nan,0.0,nan,12.8466944,nan,nan,31.0,1.0,32,nan
26.69444532394409,86.33093525179856,nan,0.0,nan,12.8466944,nan,nan,32.0,0.0,32,nan
26.711118264993033,88.66906474820144,nan,0.0,nan,12.8466944,nan,nan,32.0,0.0,32,nan
26.72779062986374,84.71223021582735,nan,0.0,nan,12.8466944,nan,nan,31.0,0.0,32,nan
26.74447159767151,82.01438848920863,nan,0.0,nan,12.8466944,nan,nan,31.0,0.0,32,nan
26.761144093672435,84.17266187050359,nan,0.0,nan,12.8466944,nan,nan,31.0,0.0,32,nan
26.77781927982966,86.51079136690647,nan,0.0,nan,12.8466944,nan,nan,32.0,0.0,32,nan
26.794489284356434,86.15107913669064,nan,0.0,nan,12.8466944,nan,nan,32.0,0.0,32,nan
26.81116125583649,86.15107913669064,nan,0.0,nan,12.8466944,nan,nan,32.0,0.0,32,nan
26.827835710843406,86.15107913669064,nan,0.0,nan,12.8466944,nan,nan,32.0,0.0,32,nan
26.844510304927827,83.45323741007195,nan,0.0,nan,12.8466944,nan,nan,31.0,0.0,32,nan
26.861186420917512,82.73381294964028,nan,0.0,nan,12.8466944,nan,nan,31.0,0.0,32,nan
26.877858912944795,80.2158273381295,nan,0.0,nan,12.8466944,nan,nan,30.0,0.0,32,nan
26.894531973203023,81.65467625899281,nan,0.0,nan,12.8466944,nan,nan,31.0,0.0,32,nan
26.91120456457138,85.97122302158273,nan,0.0,nan,12.8466944,nan,nan,32.0,0.0,32,nan
26.927874259154002,83.45323741007195,nan,0.0,nan,12.852985856,nan,nan,31.0,0.0,32,nan
26.94454807837804,77.15827338129496,nan,0.0,nan,12.913803264,nan,nan,29.0,0.0,32,nan
26.96122313340505,81.65467625899281,nan,0.0,nan,12.913803264,nan,nan,31.0,0.0,32,nan
26.977895708878837,82.55395683453237,nan,0.0,nan,12.913803264,nan,nan,31.0,1.0,32,nan
26.99457077185313,85.97122302158273,nan,0.0,nan,12.913803264,nan,nan,32.0,0.0,32,nan
27.011245048046113,87.58992805755396,nan,0.0,nan,12.913803264,nan,nan,32.0,0.0,32,nan
27.027921052773795,83.63309352517986,nan,0.0,nan,12.913803264,nan,nan,31.0,0.0,32,nan
27.0445947488149,81.4748201438849,nan,0.0,nan,12.913803264,nan,nan,31.0,0.0,32,nan
27.061269080638887,83.63309352517986,nan,0.0,nan,12.913803264,nan,nan,31.0,0.0,32,nan
27.077942415078482,85.97122302158273,nan,0.0,nan,12.913803264,nan,nan,32.0,0.0,32,nan
27.094620021184287,86.87050359712231,nan,0.0,nan,12.913803264,nan,nan,32.0,0.0,32,nan
27.111292258898416,86.51079136690647,nan,0.0,nan,12.913803264,nan,nan,32.0,0.0,32,nan
27.12796248992284,81.4748201438849,nan,0.0,nan,12.913803264,nan,nan,30.0,0.0,32,nan
27.14464060465495,82.91366906474819,nan,0.0,nan,12.913803264,nan,nan,31.0,0.0,32,nan
27.161318826675416,85.07194244604317,nan,0.0,nan,12.913803264,nan,nan,32.0,0.0,32,nan
27.17798996369044,85.97122302158273,nan,0.0,nan,12.913803264,nan,nan,32.0,0.0,32,nan
27.194664673010507,86.33093525179856,nan,0.0,nan,12.913803264,nan,nan,32.0,0.0,32,nan
27.21133560736974,82.37410071942446,nan,0.0,nan,12.913803264,nan,nan,30.0,0.0,32,nan
27.228009084860485,83.81294964028777,nan,0.0,nan,12.926386176,nan,nan,31.0,0.0,32,nan
27.24467905362447,83.09352517985612,nan,0.0,nan,12.928483328,nan,nan,30.0,0.0,32,nan
27.26135227282842,84.53237410071942,nan,0.0,nan,12.93058048,nan,nan,31.0,0.0,32,nan
27.27802200714747,84.53237410071942,nan,0.0,nan,12.96203776,nan,nan,31.0,0.0,32,nan
27.294695699214934,80.57553956834532,nan,0.0,nan,12.96203776,nan,nan,30.0,0.0,32,nan
27.311366530259452,83.45323741007195,nan,0.0,nan,12.96203776,nan,nan,31.0,0.0,32,nan
27.328040703137717,85.07194244604317,nan,0.0,nan,12.96203776,nan,nan,31.0,0.0,32,nan
27.344713699817657,84.53237410071942,nan,0.0,nan,12.96203776,nan,nan,31.0,0.0,32,nan
27.361389664808907,84.53237410071942,nan,0.0,nan,12.96203776,nan,nan,31.0,0.0,32,nan
27.378065232435862,82.55395683453237,nan,0.0,nan,12.96203776,nan,nan,30.0,0.0,32,nan
27.39473567803701,84.17266187050359,nan,0.0,nan,12.96203776,nan,nan,31.0,0.0,32,nan
27.411407164732616,82.55395683453237,nan,0.0,nan,12.96203776,nan,nan,30.0,0.0,32,nan
27.428080268700917,80.75539568345323,nan,0.0,nan,12.964134912,nan,nan,30.0,0.0,32,nan
27.444754759470623,82.19424460431655,nan,0.0,nan,12.966232064,nan,nan,31.0,0.0,32,nan
27.46142576535543,83.63309352517986,nan,0.0,nan,12.966232064,nan,nan,31.0,0.0,32,nan
27.47809644937515,85.431654676259,nan,0.0,nan,12.966232064,nan,nan,31.0,0.0,32,nan
27.494770093758902,86.69064748201438,nan,0.0,nan,12.966232064,nan,nan,32.0,0.0,32,nan
27.511444628238678,87.23021582733813,nan,0.0,nan,12.966232064,nan,nan,32.0,0.0,32,nan
27.528119134902955,87.23021582733813,nan,0.0,nan,12.966232064,nan,nan,32.0,0.0,32,nan
27.544792513052624,85.97122302158273,nan,0.0,nan,12.966232064,nan,nan,32.0,0.0,32,nan
27.561463630199434,86.15107913669064,nan,0.0,nan,12.991397888,nan,nan,31.0,0.0,32,nan
27.578135108947755,85.07194244604317,nan,0.0,nan,12.991397888,nan,nan,31.0,0.0,32,nan
27.594807636737823,87.05035971223022,nan,0.0,nan,12.991397888,nan,nan,32.0,0.0,32,nan
27.61148600578308,88.30935251798562,nan,0.0,nan,12.991397888,nan,nan,32.0,0.0,32,nan
27.628160480658213,85.431654676259,nan,0.0,nan,12.991397888,nan,nan,31.0,0.0,32,nan
27.644839278856914,86.87050359712231,nan,0.0,nan,12.991397888,nan,nan,32.0,0.0,32,nan
27.6615141749382,89.02877697841727,nan,0.0,nan,12.991397888,nan,nan,32.0,0.0,32,nan
27.67818948427836,88.30935251798562,nan,0.0,nan,12.991397888,nan,nan,32.0,0.0,32,nan
27.694865361849466,86.15107913669064,nan,0.0,nan,12.995592192,nan,nan,31.0,0.0,32,nan
27.711541163921357,85.79136690647482,nan,0.0,nan,12.995592192,nan,nan,31.0,0.0,32,nan
27.72821437517802,80.75539568345323,nan,0.0,nan,12.997689344,nan,nan,29.0,0.0,32,nan
27.744886223475138,81.65467625899281,nan,0.0,nan,12.999786496,nan,nan,30.0,0.0,32,nan
27.761558036009472,83.81294964028777,nan,0.0,nan,12.999786496,nan,nan,30.0,0.0,32,nan
27.778230504194894,86.15107913669064,nan,0.0,nan,12.999786496,nan,nan,31.0,0.0,32,nan
27.79490298430125,87.58992805755396,nan,0.0,nan,12.999786496,nan,nan,31.0,0.0,32,nan
27.811575384934745,86.69064748201438,nan,0.0,nan,12.999786496,nan,nan,31.0,0.0,32,nan
27.828246573607128,86.69064748201438,nan,0.0,nan,12.999786496,nan,nan,31.0,0.0,32,nan
27.844919113318124,82.01438848920863,nan,0.0,nan,12.999786496,nan,nan,29.0,0.0,32,nan
27.86159099737803,83.45323741007195,nan,0.0,nan,13.001883648,nan,nan,30.0,0.0,32,nan
27.878263068199157,84.89208633093526,nan,0.0,nan,13.001883648,nan,nan,30.0,1.0,32,nan
27.894940543174744,84.35251798561151,nan,0.0,nan,13.001883648,nan,nan,30.0,0.0,32,nan
27.91161019404729,83.99280575539568,nan,0.0,nan,13.001883648,nan,nan,30.0,0.0,32,nan
27.928285443782805,82.73381294964028,nan,0.0,nan,13.022855168,nan,nan,29.0,0.0,32,nan
27.944960816701254,84.71223021582735,nan,0.0,nan,13.022855168,nan,nan,30.0,0.0,32,nan
27.961638581752776,81.65467625899281,nan,0.0,nan,13.027049472,nan,nan,29.0,0.0,32,nan
27.978310585021973,84.17266187050359,nan,0.0,nan,13.027049472,nan,nan,30.0,0.0,32,nan
27.9949867049853,84.53237410071942,nan,0.0,nan,13.03543808,nan,nan,30.0,0.0,32,nan
28.011660488446555,84.71223021582735,nan,0.0,nan,13.039632384,nan,nan,30.0,0.0,32,nan
28.028331943353017,82.37410071942446,nan,0.0,nan,13.048020992,nan,nan,29.0,0.0,32,nan
28.045006450017294,84.89208633093526,nan,0.0,nan,13.048020992,nan,nan,30.0,0.0,32,nan
28.061679677168527,84.89208633093526,nan,0.0,nan,13.048020992,nan,nan,30.0,0.0,32,nan
28.078354100386303,79.31654676258992,nan,0.0,nan,12.827901952,nan,nan,28.0,0.0,32,nan
28.095028018951417,82.19424460431655,nan,0.0,nan,12.829999104,nan,nan,29.0,1.0,32,nan
28.11170204480489,84.17266187050359,nan,0.0,nan,12.829999104,nan,nan,30.0,2.0,32,nan
28.12837642431259,89.74820143884892,nan,0.0,nan,12.829999104,nan,nan,32.0,0.0,32,nan
28.145045594374338,85.431654676259,nan,0.0,nan,12.829999104,nan,nan,31.0,0.0,32,nan
28.161723005771638,76.43884892086331,nan,0.0,nan,12.8782336,nan,nan,27.0,0.0,32,nan
28.178397289911906,77.87769784172663,nan,0.0,nan,12.901302272,nan,nan,28.0,0.0,32,nan
28.195068311691283,81.29496402877699,nan,0.0,nan,12.901302272,nan,nan,29.0,2.0,32,nan
28.211741161346435,82.73381294964028,nan,0.0,nan,12.901302272,nan,nan,29.0,2.0,32,nan
28.228414964675903,87.94964028776978,nan,0.0,nan,12.901302272,nan,nan,31.0,0.0,32,nan
28.24509342511495,83.27338129496404,nan,0.0,nan,12.901302272,nan,nan,30.0,0.0,32,nan
28.261772187550864,84.17266187050359,nan,0.0,nan,12.90340352,nan,nan,30.0,0.0,32,nan
28.27844460805257,86.69064748201438,nan,0.0,nan,12.90340352,nan,nan,31.0,0.0,32,nan
28.2951171875,80.03597122302159,nan,0.0,nan,12.90340352,nan,nan,30.0,0.0,32,nan
28.311794805526734,81.4748201438849,nan,0.0,nan,12.775407616,nan,nan,30.0,0.0,32,nan
28.328471763928732,82.73381294964028,nan,0.0,nan,12.775407616,nan,nan,30.0,0.0,32,nan
28.34514676332474,86.87050359712231,nan,0.0,nan,12.775407616,nan,nan,32.0,0.0,32,nan
28.361817276477815,87.76978417266187,nan,0.0,nan,12.775407616,nan,nan,32.0,0.0,32,nan
28.37848611275355,87.41007194244604,nan,0.0,nan,12.775407616,nan,nan,32.0,0.0,32,nan
28.395157782236733,87.05035971223022,nan,0.0,nan,12.775407616,nan,nan,32.0,0.0,32,nan
28.411836822827656,82.73381294964028,nan,0.0,nan,12.798476288,nan,nan,30.0,0.0,32,nan
28.42851180632909,85.61151079136691,nan,0.0,nan,12.82156544,nan,nan,31.0,0.0,32,nan
28.44518986940384,87.05035971223022,nan,0.0,nan,12.82156544,nan,nan,31.0,1.0,32,nan
28.461859234174092,82.91366906474819,nan,0.0,nan,12.82156544,nan,nan,30.0,0.0,32,nan
28.47853794892629,84.35251798561151,nan,0.0,nan,12.82156544,nan,nan,31.0,1.0,32,nan
28.495211843649546,85.79136690647482,nan,0.0,nan,12.82156544,nan,nan,31.0,1.0,32,nan
28.51188757419586,87.41007194244604,nan,0.0,nan,12.82156544,nan,nan,32.0,0.0,32,nan
28.52856225570043,84.71223021582735,nan,0.0,nan,12.82156544,nan,nan,31.0,0.0,32,nan
28.54524036248525,84.71223021582735,nan,0.0,nan,12.82156544,nan,nan,31.0,0.0,32,nan
28.561914467811583,87.58992805755396,nan,0.0,nan,12.82156544,nan,nan,32.0,0.0,32,nan
28.578586276372274,87.58992805755396,nan,0.0,nan,12.82156544,nan,nan,32.0,0.0,32,nan
28.595260306199393,86.87050359712231,nan,0.0,nan,12.82156544,nan,nan,32.0,0.0,32,nan
28.61192947626114,87.76978417266187,nan,0.0,nan,12.82156544,nan,nan,32.0,0.0,32,nan
28.628601594765982,83.09352517985612,nan,0.0,nan,12.82156544,nan,nan,30.0,0.0,32,nan
28.645276860396066,82.01438848920863,nan,0.0,nan,12.82156544,nan,nan,30.0,0.0,32,nan
28.661953997612,85.07194244604317,nan,0.0,nan,12.823662592,nan,nan,31.0,0.0,32,nan
28.678630785147348,84.35251798561151,nan,0.0,nan,12.84253696,nan,nan,30.0,0.0,32,nan
28.695304135481518,84.17266187050359,nan,0.0,nan,12.850937856,nan,nan,30.0,0.0,32,nan
28.71198047796885,85.25179856115108,nan,0.0,nan,12.888690688,nan,nan,31.0,0.0,32,nan
28.728655330340068,83.99280575539568,nan,0.0,nan,12.89078784,nan,nan,31.0,0.0,32,nan
28.74532618920008,85.431654676259,nan,0.0,nan,12.89078784,nan,nan,31.0,0.0,32,nan
28.762002770105997,85.25179856115108,nan,0.0,nan,12.89078784,nan,nan,31.0,0.0,32,nan
28.77867614030838,85.431654676259,nan,0.0,nan,12.89078784,nan,nan,31.0,0.0,32,nan
28.795353337128958,87.94964028776978,nan,0.0,nan,12.89078784,nan,nan,32.0,0.0,32,nan
28.812025936444602,87.58992805755396,nan,0.0,nan,12.89078784,nan,nan,32.0,0.0,32,nan
28.828695392608644,86.51079136690647,nan,0.0,nan,12.89078784,nan,nan,31.0,0.0,32,nan
28.845373519261678,87.76978417266187,nan,0.0,nan,12.89078784,nan,nan,32.0,0.0,32,nan
28.862053100268046,85.97122302158273,nan,0.0,nan,12.89078784,nan,nan,31.0,0.0,32,nan
28.878725469112396,87.41007194244604,nan,0.0,nan,12.89078784,nan,nan,32.0,0.0,32,nan
28.895398286978402,88.48920863309353,nan,0.0,nan,12.89078784,nan,nan,32.0,0.0,32,nan
28.912073214848835,83.09352517985612,nan,0.0,nan,12.89078784,nan,nan,30.0,0.0,32,nan
28.928747268517814,85.61151079136691,nan,0.0,nan,12.89078784,nan,nan,31.0,0.0,32,nan
28.94542141755422,86.51079136690647,nan,0.0,nan,12.89078784,nan,nan,31.0,0.0,32,nan
28.96209418773651,85.97122302158273,nan,0.0,nan,12.892884992,nan,nan,31.0,0.0,32,nan
28.978771475950875,86.33093525179856,nan,0.0,nan,12.892884992,nan,nan,31.0,0.0,32,nan
28.995445438226064,82.19424460431655,nan,0.0,nan,12.892884992,nan,nan,29.0,0.0,32,nan
29.012123934427898,87.05035971223022,nan,0.0,nan,12.897079296,nan,nan,31.0,0.0,32,nan
29.028797821203867,88.84892086330936,nan,0.0,nan,12.897079296,nan,nan,32.0,0.0,32,nan
29.045468441645305,85.79136690647482,nan,0.0,nan,12.920147968,nan,nan,31.0,0.0,32,nan
29.06214346885681,87.23021582733813,nan,0.0,nan,12.920147968,nan,nan,32.0,0.0,32,nan
29.07881844441096,87.23021582733813,nan,0.0,nan,12.930670592,nan,nan,31.0,0.0,32,nan
29.095493574937183,88.30935251798562,nan,0.0,nan,12.972613632,nan,nan,32.0,0.0,32,nan
29.11216527223587,84.89208633093526,nan,0.0,nan,12.972613632,nan,nan,31.0,0.0,32,nan
29.1288413921992,82.91366906474819,nan,0.0,nan,12.976807936,nan,nan,31.0,0.0,32,nan
29.14551242192586,85.07194244604317,nan,0.0,nan,13.035524096,nan,nan,31.0,0.0,32,nan
29.162186459700266,81.4748201438849,nan,0.0,nan,13.075369984,nan,nan,30.0,0.0,32,nan
29.178859448432924,81.4748201438849,nan,0.0,nan,13.104730112,nan,nan,30.0,0.0,32,nan
29.195529723167418,80.03597122302159,nan,0.0,nan,13.119418368,nan,nan,29.0,0.0,32,nan
29.212204817930857,83.09352517985612,nan,0.0,nan,13.119418368,nan,nan,31.0,0.0,32,nan
29.22887660662333,83.27338129496404,nan,0.0,nan,12.498649088,nan,nan,31.0,0.0,31,nan
29.245555261770885,80.75539568345323,nan,0.0,nan,12.733341696,nan,nan,30.0,0.0,32,nan
29.262229430675507,84.17266187050359,nan,0.0,nan,12.73544704,nan,nan,32.0,0.0,32,nan
29.278903245925903,84.35251798561151,nan,0.0,nan,12.73544704,nan,nan,32.0,0.0,32,nan
29.295577021439872,81.65467625899281,nan,0.0,nan,12.73544704,nan,nan,31.0,0.0,32,nan
29.31225562095642,85.25179856115108,nan,0.0,nan,12.73544704,nan,nan,32.0,0.0,32,nan
29.32892580827077,84.35251798561151,nan,0.0,nan,12.73544704,nan,nan,32.0,0.0,32,nan
29.345602095127106,82.73381294964028,nan,0.0,nan,12.7459328,nan,nan,31.0,0.0,32,nan
29.36227376461029,84.17266187050359,nan,0.0,nan,12.752224256,nan,nan,32.0,0.0,32,nan
29.378946260611215,84.53237410071942,nan,0.0,nan,12.752224256,nan,nan,32.0,0.0,32,nan
29.3956192334493,84.53237410071942,nan,0.0,nan,12.752224256,nan,nan,32.0,0.0,32,nan
29.412293565273284,81.83453237410072,nan,0.0,nan,12.825632768,nan,nan,31.0,0.0,32,nan
29.428969701131184,78.9568345323741,nan,0.0,nan,12.82772992,nan,nan,30.0,0.0,32,nan
29.445644493897756,86.51079136690647,nan,0.0,nan,12.82772992,nan,nan,32.0,0.0,32,nan
29.462321213881175,83.45323741007195,nan,0.0,nan,12.82772992,nan,nan,32.0,0.0,32,nan
29.478990976015726,84.89208633093526,nan,0.0,nan,12.82772992,nan,nan,32.0,0.0,32,nan
29.495660014947255,84.53237410071942,nan,0.0,nan,12.82772992,nan,nan,32.0,0.0,32,nan
29.512331263224283,84.71223021582735,nan,0.0,nan,12.82772992,nan,nan,32.0,0.0,32,nan
29.529000810782115,84.71223021582735,nan,0.0,nan,12.82772992,nan,nan,32.0,0.0,32,nan
29.54567660888036,83.27338129496404,nan,0.0,nan,12.82772992,nan,nan,32.0,0.0,32,nan
29.562351648012797,84.71223021582735,nan,0.0,nan,12.82772992,nan,nan,32.0,0.0,32,nan
29.579027116298676,79.85611510791367,nan,0.0,nan,12.82772992,nan,nan,30.0,0.0,32,nan
29.595705556869508,82.37410071942446,nan,0.0,nan,12.82772992,nan,nan,31.0,0.0,32,nan
29.612374834219615,82.19424460431655,nan,0.0,nan,12.82772992,nan,nan,31.0,0.0,32,nan
29.62904407183329,81.11510791366908,nan,0.0,nan,12.82772992,nan,nan,30.0,0.0,32,nan
29.645719349384308,78.9568345323741,nan,0.0,nan,12.8633856,nan,nan,29.0,0.0,32,nan
29.662395366032918,82.91366906474819,nan,0.0,nan,12.8633856,nan,nan,31.0,0.0,32,nan
29.679070901870727,84.71223021582735,nan,0.0,nan,12.8633856,nan,nan,32.0,0.0,32,nan
29.69574363231659,82.19424460431655,nan,0.0,nan,12.8633856,nan,nan,31.0,0.0,32,nan
29.712419724464418,82.91366906474819,nan,0.0,nan,12.867579904,nan,nan,31.0,0.0,32,nan
29.729093118508658,82.55395683453237,nan,0.0,nan,12.869677056,nan,nan,31.0,0.0,32,nan
29.745772210756936,80.57553956834532,nan,0.0,nan,12.875968512,nan,nan,30.0,0.0,32,nan
29.762443443139393,79.31654676258992,nan,0.0,nan,12.94727168,nan,nan,30.0,0.0,32,nan
29.779122348626455,78.59712230215827,nan,0.0,nan,12.966146048,nan,nan,28.0,0.0,32,nan
29.795802954832713,80.57553956834532,nan,0.0,nan,12.9682432,nan,nan,30.0,0.0,32,nan
29.812473082542418,80.75539568345323,nan,0.0,nan,12.9682432,nan,nan,30.0,0.0,32,nan
29.829143516222636,80.75539568345323,nan,0.0,nan,12.9682432,nan,nan,30.0,0.0,32,nan
29.845823176701863,75.17985611510791,nan,0.0,nan,12.590514176,nan,nan,28.0,0.0,32,nan
29.862496749560037,78.05755395683454,nan,0.0,nan,12.598902784,nan,nan,29.0,2.0,32,nan
29.879169444243114,79.49640287769783,nan,0.0,nan,12.598902784,nan,nan,29.0,3.0,32,nan
29.895840640862783,81.4748201438849,nan,0.0,nan,12.598902784,nan,nan,31.0,1.0,32,nan
29.912515036265056,81.83453237410072,nan,0.0,nan,12.598902784,nan,nan,31.0,0.0,32,nan
29.92918689250946,83.27338129496404,nan,0.0,nan,12.598902784,nan,nan,32.0,0.0,32,nan
29.94585836728414,84.53237410071942,nan,0.0,nan,12.598902784,nan,nan,32.0,0.0,32,nan
29.96253481308619,83.63309352517986,nan,0.0,nan,12.598902784,nan,nan,31.0,0.0,32,nan
29.979206228256224,79.31654676258992,nan,0.0,nan,12.598902784,nan,nan,30.0,0.0,32,nan
29.995877754688262,80.75539568345323,nan,0.0,nan,12.598902784,nan,nan,31.0,0.0,32,nan
30.012552909056346,83.63309352517986,nan,0.0,nan,12.598902784,nan,nan,31.0,1.0,32,nan
30.029225130875904,85.07194244604317,nan,0.0,nan,12.598902784,nan,nan,32.0,0.0,32,nan
30.045897273222604,85.25179856115108,nan,0.0,nan,12.598902784,nan,nan,32.0,0.0,32,nan
30.062571954727172,85.25179856115108,nan,0.0,nan,12.598902784,nan,nan,32.0,0.0,32,nan
30.07924662033717,84.53237410071942,nan,0.0,nan,12.628262912,nan,nan,31.0,0.0,32,nan
30.095919199784596,85.431654676259,nan,0.0,nan,12.672303104,nan,nan,32.0,0.0,32,nan
30.112592124938963,85.79136690647482,nan,0.0,nan,12.672303104,nan,nan,32.0,0.0,32,nan
30.129270251592,80.2158273381295,nan,0.0,nan,12.672303104,nan,nan,31.0,0.0,32,nan
30.145943546295165,79.85611510791367,nan,0.0,nan,12.672303104,nan,nan,31.0,0.0,32,nan
30.16261518796285,81.29496402877699,nan,0.0,nan,12.672303104,nan,nan,31.0,1.0,32,nan
30.17928808927536,84.17266187050359,nan,0.0,nan,12.672303104,nan,nan,32.0,0.0,32,nan
30.195958205064137,85.61151079136691,nan,0.0,nan,12.672303104,nan,nan,32.0,0.0,32,nan
30.212631225585938,83.09352517985612,nan,0.0,nan,12.674400256,nan,nan,31.0,0.0,32,nan
30.229303606351216,83.63309352517986,nan,0.0,nan,12.676497408,nan,nan,31.0,0.0,32,nan
30.245975955327353,82.01438848920863,nan,0.0,nan,12.676497408,nan,nan,31.0,0.0,32,nan
30.262648351987202,83.45323741007195,nan,0.0,nan,12.676497408,nan,nan,32.0,0.0,32,nan
30.27932097117106,84.71223021582735,nan,0.0,nan,12.676497408,nan,nan,32.0,0.0,32,nan
30.295991734663644,82.55395683453237,nan,0.0,nan,12.676497408,nan,nan,31.0,0.0,32,nan
30.312664182980857,82.73381294964028,nan,0.0,nan,12.676497408,nan,nan,32.0,0.0,32,nan
30.32933651606242,84.17266187050359,nan,0.0,nan,12.676497408,nan,nan,32.0,0.0,32,nan
30.34600884914398,85.79136690647482,nan,0.0,nan,12.676497408,nan,nan,32.0,0.0,32,nan
30.362685656547548,85.07194244604317,nan,0.0,nan,12.676497408,nan,nan,32.0,0.0,32,nan
30.379359539349874,83.45323741007195,nan,0.0,nan,12.676497408,nan,nan,32.0,0.0,32,nan
30.396030724048615,84.89208633093526,nan,0.0,nan,12.676497408,nan,nan,32.0,0.0,32,nan
30.412703088919322,85.07194244604317,nan,0.0,nan,12.676497408,nan,nan,32.0,0.0,32,nan
30.429375509421032,82.73381294964028,nan,0.0,nan,12.676497408,nan,nan,31.0,0.0,32,nan
30.446048069000245,85.431654676259,nan,0.0,nan,12.676497408,nan,nan,32.0,0.0,32,nan
30.462719158331552,83.45323741007195,nan,0.0,nan,12.676497408,nan,nan,31.0,0.0,32,nan
30.47939214706421,85.431654676259,nan,0.0,nan,12.676497408,nan,nan,32.0,0.0,32,nan
30.496063832441966,85.61151079136691,nan,0.0,nan,12.676497408,nan,nan,32.0,0.0,32,nan
30.51273512840271,83.63309352517986,nan,0.0,nan,12.676497408,nan,nan,31.0,0.0,32,nan
30.529407262802124,85.61151079136691,nan,0.0,nan,12.676497408,nan,nan,32.0,0.0,32,nan
30.54607938528061,83.27338129496404,nan,0.0,nan,12.676497408,nan,nan,31.0,0.0,32,nan
30.562751571337383,85.97122302158273,nan,0.0,nan,12.676497408,nan,nan,32.0,0.0,32,nan
30.5794233640035,85.97122302158273,nan,0.0,nan,12.676497408,nan,nan,32.0,0.0,32,nan
30.59609696070353,85.97122302158273,nan,0.0,nan,12.676497408,nan,nan,32.0,0.0,32,nan
30.612767843405404,79.85611510791367,nan,0.0,nan,12.676497408,nan,nan,30.0,0.0,32,nan
30.62943810224533,85.97122302158273,nan,0.0,nan,12.676497408,nan,nan,32.0,0.0,32,nan
30.64610937833786,84.53237410071942,nan,0.0,nan,12.680691712,nan,nan,32.0,0.0,32,nan
30.662781500816344,85.431654676259,nan,0.0,nan,12.680691712,nan,nan,32.0,0.0,32,nan
30.67945462067922,82.55395683453237,nan,0.0,nan,12.691177472,nan,nan,31.0,0.0,32,nan
30.696124990781147,80.03597122302159,nan,0.0,nan,12.718440448,nan,nan,30.0,0.0,32,nan
30.712797689437867,82.55395683453237,nan,0.0,nan,12.739411968,nan,nan,31.0,0.0,32,nan
30.72946982383728,80.03597122302159,nan,0.0,nan,12.837978112,nan,nan,30.0,0.0,32,nan
30.746143515904745,81.4748201438849,nan,0.0,nan,12.875726848,nan,nan,31.0,0.0,32,nan
30.762818968296052,82.73381294964028,nan,0.0,nan,12.879921152,nan,nan,31.0,0.0,32,nan
30.779491420586904,82.91366906474819,nan,0.0,nan,12.884115456,nan,nan,31.0,0.0,32,nan
30.79617057243983,74.64028776978418,nan,0.0,nan,12.942835712,nan,nan,28.0,0.0,32,nan
30.812842361132304,82.91366906474819,nan,0.0,nan,12.974292992,nan,nan,31.0,0.0,32,nan
30.82952249844869,77.33812949640287,nan,0.0,nan,12.993171456,nan,nan,28.0,0.0,32,nan
30.846203037103017,78.77697841726618,nan,0.0,nan,12.997369856,nan,nan,29.0,0.0,32,nan
30.862878000736238,85.07194244604317,nan,0.0,nan,12.493664256,nan,nan,31.0,0.0,32,nan
30.879555626710257,83.45323741007195,nan,0.0,nan,12.493664256,nan,nan,32.0,0.0,32,nan
30.896228229999544,83.45323741007195,nan,0.0,nan,12.493664256,nan,nan,32.0,0.0,32,nan
30.91290394862493,83.63309352517986,nan,0.0,nan,12.493664256,nan,nan,32.0,0.0,32,nan
30.929576496283214,80.03597122302159,nan,0.0,nan,12.493664256,nan,nan,31.0,0.0,32,nan
30.946248432000477,78.41726618705036,nan,0.0,nan,12.493664256,nan,nan,30.0,0.0,32,nan
30.96291810274124,78.41726618705036,nan,0.0,nan,12.52931584,nan,nan,30.0,0.0,32,nan
30.979593420028685,72.12230215827337,nan,0.0,nan,12.552384512,nan,nan,28.0,0.0,32,nan
30.99626392920812,78.9568345323741,nan,0.0,nan,12.552384512,nan,nan,30.0,0.0,32,nan
31.012934990723927,80.57553956834532,nan,0.0,nan,12.57965568,nan,nan,31.0,0.0,32,nan
31.02960721651713,82.01438848920863,nan,0.0,nan,12.57965568,nan,nan,32.0,0.0,32,nan
31.04628010590871,83.45323741007195,nan,0.0,nan,12.57965568,nan,nan,32.0,0.0,32,nan
31.062951016426087,84.35251798561151,nan,0.0,nan,12.57965568,nan,nan,32.0,0.0,32,nan
31.079627323150635,80.39568345323741,nan,0.0,nan,12.604821504,nan,nan,30.0,0.0,32,nan
31.096302243073783,81.83453237410072,nan,0.0,nan,12.606918656,nan,nan,31.0,0.0,32,nan
31.112975156307222,76.07913669064747,nan,0.0,nan,12.61111296,nan,nan,29.0,0.0,32,nan
31.129652484258017,77.33812949640287,nan,0.0,nan,12.19602432,nan,nan,29.0,0.0,31,nan
31.146322643756868,77.5179856115108,nan,0.0,nan,12.367990784,nan,nan,29.0,0.0,31,nan
31.1629958709081,82.73381294964028,nan,0.0,nan,12.39525376,nan,nan,31.0,0.0,31,nan
31.179671772321065,80.03597122302159,nan,0.0,nan,12.39525376,nan,nan,30.0,0.0,31,nan
31.19634575843811,71.0431654676259,nan,0.0,nan,12.409933824,nan,nan,27.0,0.0,31,nan
31.213022168477377,73.56115107913669,nan,0.0,nan,12.409933824,nan,nan,28.0,0.0,31,nan
31.229694990317025,71.58273381294964,nan,0.0,nan,12.409933824,nan,nan,27.0,0.0,31,nan
31.246371432145438,73.02158273381295,nan,0.0,nan,12.409933824,nan,nan,28.0,0.0,31,nan
31.26304181019465,76.2589928057554,nan,0.0,nan,12.409933824,nan,nan,29.0,0.0,31,nan
31.279711389541625,78.59712230215827,nan,0.0,nan,12.414128128,nan,nan,29.0,0.0,31,nan
31.296381429831186,78.23741007194245,nan,0.0,nan,12.430905344,nan,nan,29.0,0.0,31,nan
31.313058817386626,80.03597122302159,nan,0.0,nan,12.430905344,nan,nan,30.0,0.0,31,nan
31.329737067222595,78.41726618705036,nan,0.0,nan,12.430905344,nan,nan,29.0,0.0,31,nan
31.346411422888437,78.59712230215827,nan,0.0,nan,12.724506624,nan,nan,29.0,0.0,31,nan
31.36309070189794,77.5179856115108,nan,0.0,nan,12.797906944,nan,nan,28.0,0.0,31,nan
31.37976922194163,81.4748201438849,nan,0.0,nan,12.820975616,nan,nan,30.0,0.0,31,nan
31.39644449154536,78.9568345323741,nan,0.0,nan,12.820975616,nan,nan,29.0,0.0,31,nan
31.413114309310913,80.93525179856115,nan,0.0,nan,12.820975616,nan,nan,30.0,0.0,31,nan
31.42978974978129,81.11510791366908,nan,0.0,nan,12.820975616,nan,nan,30.0,0.0,31,nan
31.446460088094074,83.99280575539568,nan,0.0,nan,12.820975616,nan,nan,31.0,0.0,31,nan
31.46313802798589,83.63309352517986,nan,0.0,nan,12.820975616,nan,nan,31.0,0.0,31,nan
31.47980765104294,83.63309352517986,nan,0.0,nan,12.820975616,nan,nan,31.0,0.0,31,nan
31.496481255690256,83.63309352517986,nan,0.0,nan,12.820975616,nan,nan,31.0,0.0,31,nan
31.513150616486868,83.81294964028777,nan,0.0,nan,12.820975616,nan,nan,31.0,0.0,31,nan
31.52982233365377,82.91366906474819,nan,0.0,nan,12.820975616,nan,nan,30.0,0.0,31,nan
31.546496776739755,81.29496402877699,nan,0.0,nan,12.823072768,nan,nan,30.0,0.0,31,nan
31.563170798619588,82.73381294964028,nan,0.0,nan,12.823072768,nan,nan,31.0,0.0,31,nan
31.579840664068858,85.25179856115108,nan,0.0,nan,12.823072768,nan,nan,31.0,0.0,31,nan
31.596512993176777,81.83453237410072,nan,0.0,nan,12.823072768,nan,nan,30.0,0.0,31,nan
31.613182671864827,78.9568345323741,nan,0.0,nan,12.823072768,nan,nan,29.0,0.0,31,nan
31.629857154687247,79.85611510791367,nan,0.0,nan,12.823072768,nan,nan,30.0,0.0,31,nan
31.646528740723927,81.65467625899281,nan,0.0,nan,12.823072768,nan,nan,31.0,0.0,31,nan
31.66320774157842,78.23741007194245,nan,0.0,nan,12.823072768,nan,nan,30.0,0.0,31,nan
31.679887453715008,75.53956834532374,nan,0.0,nan,12.823072768,nan,nan,29.0,0.0,31,nan
31.69656445980072,76.97841726618705,nan,0.0,nan,12.823072768,nan,nan,30.0,0.0,31,nan
31.713237567742667,77.6978417266187,nan,0.0,nan,12.823072768,nan,nan,30.0,0.0,31,nan
31.729914371172587,76.07913669064747,nan,0.0,nan,12.852436992,nan,nan,29.0,0.0,31,nan
31.746589962641398,77.87769784172663,nan,0.0,nan,12.87133184,nan,nan,30.0,0.0,31,nan
31.763263579209646,80.75539568345323,nan,0.0,nan,12.87133184,nan,nan,31.0,0.0,31,nan
31.779936190446218,82.19424460431655,nan,0.0,nan,12.87133184,nan,nan,31.0,0.0,31,nan
31.79661155939102,81.4748201438849,nan,0.0,nan,12.87133184,nan,nan,31.0,0.0,31,nan
31.81328152815501,81.4748201438849,nan,0.0,nan,12.87133184,nan,nan,31.0,0.0,31,nan
31.829954890410104,78.59712230215827,nan,0.0,nan,12.875558912,nan,nan,29.0,0.0,31,nan
31.846629265944163,76.97841726618705,nan,0.0,nan,12.875558912,nan,nan,29.0,0.0,31,nan
31.863303645451865,81.4748201438849,nan,0.0,nan,12.875558912,nan,nan,31.0,0.0,31,nan
31.879977560043336,79.85611510791367,nan,0.0,nan,12.875558912,nan,nan,30.0,0.0,31,nan
31.89665541648865,78.59712230215827,nan,0.0,nan,12.875558912,nan,nan,30.0,0.0,31,nan
31.91332616408666,81.83453237410072,nan,0.0,nan,12.875558912,nan,nan,31.0,0.0,31,nan
31.930006436506908,80.93525179856115,nan,0.0,nan,12.90491904,nan,nan,30.0,0.0,31,nan
31.94667854309082,78.9568345323741,nan,0.0,nan,12.90491904,nan,nan,30.0,0.0,31,nan
31.9633486866951,75.17985611510791,nan,0.0,nan,12.963639296,nan,nan,28.0,0.0,31,nan
31.98002146879832,78.77697841726618,nan,0.0,nan,13.022359552,nan,nan,30.0,0.0,31,nan
31.99669220050176,83.81294964028777,nan,0.0,nan,13.022359552,nan,nan,31.0,0.0,31,nan
32.01336286465327,83.63309352517986,nan,0.0,nan,13.022359552,nan,nan,31.0,0.0,31,nan
32.030036767323814,83.81294964028777,nan,0.0,nan,13.022359552,nan,nan,31.0,0.0,31,nan
32.046710896492,83.81294964028777,nan,0.0,nan,13.022359552,nan,nan,31.0,0.0,31,nan
32.0633850812912,84.17266187050359,nan,0.0,nan,13.022359552,nan,nan,31.0,0.0,31,nan
32.08005638519923,84.17266187050359,nan,0.0,nan,13.022359552,nan,nan,31.0,0.0,31,nan
32.096730188528696,82.01438848920863,nan,0.0,nan,13.022359552,nan,nan,30.0,0.0,31,nan
32.11340198516846,85.25179856115108,nan,0.0,nan,13.022359552,nan,nan,31.0,0.0,31,nan
32.13007570107778,84.53237410071942,nan,0.0,nan,13.022359552,nan,nan,31.0,0.0,31,nan
32.14674687385559,81.11510791366908,nan,0.0,nan,13.022359552,nan,nan,29.0,0.0,31,nan
32.163422393798825,80.75539568345323,nan,0.0,nan,13.022359552,nan,nan,29.0,0.0,31,nan
32.180094957351685,84.53237410071942,nan,0.0,nan,13.022359552,nan,nan,31.0,0.0,31,nan
32.19677430788676,85.25179856115108,nan,0.0,nan,13.022359552,nan,nan,31.0,0.0,31,nan
32.21344638665517,84.53237410071942,nan,0.0,nan,13.022359552,nan,nan,31.0,0.0,31,nan
32.230120452245075,84.53237410071942,nan,0.0,nan,13.022359552,nan,nan,31.0,0.0,31,nan
32.24679256677628,84.53237410071942,nan,0.0,nan,13.022359552,nan,nan,31.0,0.0,31,nan
32.26346960067749,84.53237410071942,nan,0.0,nan,13.022359552,nan,nan,31.0,0.0,31,nan
32.280142188072205,84.53237410071942,nan,0.0,nan,13.022359552,nan,nan,31.0,0.0,31,nan
32.29682476123174,80.03597122302159,nan,0.0,nan,13.022359552,nan,nan,29.0,0.0,31,nan
32.31350355148315,78.9568345323741,nan,0.0,nan,13.0286592,nan,nan,29.0,0.0,31,nan
32.33017768462499,79.13669064748201,nan,0.0,nan,13.0286592,nan,nan,29.0,0.0,31,nan
32.34685666561127,82.01438848920863,nan,0.0,nan,13.0286592,nan,nan,30.0,0.0,31,nan
32.363536667823794,79.85611510791367,nan,0.0,nan,13.0286592,nan,nan,29.0,0.0,31,nan
32.38020941416423,82.73381294964028,nan,0.0,nan,13.0286592,nan,nan,30.0,0.0,31,nan
32.39688792626063,81.83453237410072,nan,0.0,nan,13.0286592,nan,nan,30.0,0.0,31,nan
32.413561435540515,81.83453237410072,nan,0.0,nan,13.0286592,nan,nan,30.0,0.0,31,nan
32.430238755544025,81.83453237410072,nan,0.0,nan,13.0286592,nan,nan,30.0,0.0,31,nan
32.446913333733875,82.01438848920863,nan,0.0,nan,13.0286592,nan,nan,30.0,0.0,31,nan
32.46358959277471,82.01438848920863,nan,0.0,nan,13.0286592,nan,nan,30.0,0.0,31,nan
32.480264484882355,80.75539568345323,nan,0.0,nan,13.034950656,nan,nan,29.0,0.0,31,nan
32.4969396630923,82.01438848920863,nan,0.0,nan,13.037047808,nan,nan,30.0,0.0,31,nan
32.513618512948355,77.6978417266187,nan,0.0,nan,12.538023936,nan,nan,28.0,0.0,30,nan
32.53029572168986,79.13669064748201,nan,0.0,nan,12.538023936,nan,nan,29.0,0.0,30,nan
32.54697085618973,81.83453237410072,nan,0.0,nan,12.538023936,nan,nan,30.0,0.0,30,nan
32.56364391247431,79.67625899280574,nan,0.0,nan,12.538023936,nan,nan,29.0,0.0,30,nan
32.58031939268112,81.11510791366908,nan,0.0,nan,12.538023936,nan,nan,30.0,0.0,30,nan
32.59699073632558,82.01438848920863,nan,0.0,nan,12.538023936,nan,nan,30.0,0.0,30,nan
32.61366539796193,79.31654676258992,nan,0.0,nan,12.538023936,nan,nan,29.0,0.0,30,nan
32.6303422609965,82.01438848920863,nan,0.0,nan,12.538023936,nan,nan,30.0,0.0,30,nan
32.64701230525971,82.01438848920863,nan,0.0,nan,12.538023936,nan,nan,30.0,0.0,30,nan
32.663687650362654,82.01438848920863,nan,0.0,nan,12.538023936,nan,nan,30.0,0.0,30,nan
32.68036404848099,82.37410071942446,nan,0.0,nan,12.538023936,nan,nan,30.0,0.0,30,nan
32.69703705708186,80.2158273381295,nan,0.0,nan,12.538023936,nan,nan,29.0,0.0,30,nan
32.71370942592621,81.83453237410072,nan,0.0,nan,12.538023936,nan,nan,30.0,0.0,30,nan
32.730380936463675,80.39568345323741,nan,0.0,nan,12.538023936,nan,nan,29.0,0.0,30,nan
32.74705395301183,82.91366906474819,nan,0.0,nan,12.538023936,nan,nan,30.0,0.0,30,nan
32.76372695763906,82.91366906474819,nan,0.0,nan,12.538023936,nan,nan,30.0,0.0,30,nan
32.78040767113368,80.93525179856115,nan,0.0,nan,12.538023936,nan,nan,29.0,0.0,30,nan
32.79708033800125,80.39568345323741,nan,0.0,nan,12.540121088,nan,nan,29.0,0.0,30,nan
32.813754165172575,83.27338129496404,nan,0.0,nan,12.540121088,nan,nan,30.0,0.0,30,nan
32.83042682011922,82.01438848920863,nan,0.0,nan,12.540121088,nan,nan,29.0,0.0,30,nan
32.847107378641766,80.93525179856115,nan,0.0,nan,12.540121088,nan,nan,30.0,0.0,30,nan
32.8637809197108,83.09352517985612,nan,0.0,nan,12.540121088,nan,nan,30.0,0.0,30,nan
32.8804568807284,82.19424460431655,nan,0.0,nan,12.540121088,nan,nan,30.0,0.0,30,nan
32.89712968667348,82.55395683453237,nan,0.0,nan,12.540121088,nan,nan,30.0,0.0,30,nan
32.91380217870076,82.55395683453237,nan,0.0,nan,12.540121088,nan,nan,30.0,0.0,30,nan
32.93047464291255,80.2158273381295,nan,0.0,nan,12.540121088,nan,nan,29.0,0.0,30,nan
32.9471485932668,79.67625899280574,nan,0.0,nan,12.540121088,nan,nan,29.0,0.0,30,nan
32.96381717125575,82.55395683453237,nan,0.0,nan,12.540121088,nan,nan,30.0,0.0,30,nan
32.98048675855001,79.13669064748201,nan,0.0,nan,12.540121088,nan,nan,29.0,0.0,30,nan
32.997159413496654,78.9568345323741,nan,0.0,nan,12.540121088,nan,nan,29.0,0.0,30,nan
33.01383189757665,83.63309352517986,nan,0.0,nan,12.540121088,nan,nan,30.0,0.0,30,nan
33.03050406376521,83.45323741007195,nan,0.0,nan,12.540121088,nan,nan,30.0,0.0,30,nan
33.047176849842074,82.55395683453237,nan,0.0,nan,12.540121088,nan,nan,30.0,0.0,30,nan
33.063846437136334,82.55395683453237,nan,0.0,nan,12.540121088,nan,nan,30.0,0.0,30,nan
33.08051866690318,82.55395683453237,nan,0.0,nan,12.540121088,nan,nan,30.0,0.0,30,nan
33.09719128608704,82.55395683453237,nan,0.0,nan,12.540121088,nan,nan,30.0,0.0,30,nan
33.11386437813441,80.57553956834532,nan,0.0,nan,12.540121088,nan,nan,29.0,0.0,30,nan
33.13053557078044,82.55395683453237,nan,0.0,nan,12.540121088,nan,nan,30.0,0.0,30,nan
33.14720832109451,82.73381294964028,nan,0.0,nan,12.540121088,nan,nan,30.0,0.0,30,nan
33.163881417115526,83.27338129496404,nan,0.0,nan,12.540121088,nan,nan,30.0,0.0,30,nan
33.18055599927902,79.67625899280574,nan,0.0,nan,12.540121088,nan,nan,29.0,0.0,30,nan
33.19722715616226,82.55395683453237,nan,0.0,nan,12.540121088,nan,nan,30.0,0.0,30,nan
33.21390634775162,83.99280575539568,nan,0.0,nan,12.540121088,nan,nan,30.0,0.0,30,nan
33.23057586749395,81.11510791366908,nan,0.0,nan,12.540121088,nan,nan,29.0,0.0,30,nan
33.24724705616633,81.29496402877699,nan,0.0,nan,12.540121088,nan,nan,29.0,0.0,30,nan
33.263919699192044,83.45323741007195,nan,0.0,nan,12.540121088,nan,nan,30.0,0.0,30,nan
33.280591972668965,82.01438848920863,nan,0.0,nan,12.540121088,nan,nan,29.0,0.0,30,nan
33.297264540195464,82.73381294964028,nan,0.0,nan,12.550606848,nan,nan,29.0,0.0,30,nan
33.313937608400984,82.91366906474819,nan,0.0,nan,12.550606848,nan,nan,30.0,0.0,30,nan
33.33060824871063,83.81294964028777,nan,0.0,nan,12.550606848,nan,nan,30.0,0.0,30,nan
33.34728061755498,83.45323741007195,nan,0.0,nan,12.550606848,nan,nan,30.0,0.0,30,nan
33.363964116573335,82.73381294964028,nan,0.0,nan,12.550606848,nan,nan,29.0,0.0,30,nan
33.38063910802205,84.17266187050359,nan,0.0,nan,12.550606848,nan,nan,30.0,0.0,30,nan
33.39731935660044,82.91366906474819,nan,0.0,nan,12.56318976,nan,nan,29.0,0.0,30,nan
33.41399400234222,78.59712230215827,nan,0.0,nan,12.56318976,nan,nan,28.0,0.0,30,nan
33.430674238999686,80.03597122302159,nan,0.0,nan,12.56318976,nan,nan,29.0,0.0,30,nan
33.44735224246979,83.45323741007195,nan,0.0,nan,12.56318976,nan,nan,30.0,0.0,30,nan
33.46402565638224,84.89208633093526,nan,0.0,nan,12.56318976,nan,nan,30.0,0.0,30,nan
33.48070390621821,83.99280575539568,nan,0.0,nan,12.56318976,nan,nan,30.0,0.0,30,nan
33.49737888971965,84.71223021582735,nan,0.0,nan,12.56318976,nan,nan,30.0,0.0,30,nan
33.51405520836512,84.53237410071942,nan,0.0,nan,12.56318976,nan,nan,30.0,0.0,30,nan
33.53072524865468,82.19424460431655,nan,0.0,nan,12.56318976,nan,nan,29.0,0.0,30,nan
33.547405020395914,84.89208633093526,nan,0.0,nan,12.56318976,nan,nan,30.0,0.0,30,nan
33.56407579580943,82.91366906474819,nan,0.0,nan,12.567384064,nan,nan,29.0,0.0,30,nan
33.580753143628435,85.25179856115108,nan,0.0,nan,12.567384064,nan,nan,30.0,0.0,30,nan
33.59742383956909,83.63309352517986,nan,0.0,nan,12.567384064,nan,nan,30.0,0.0,30,nan
33.61409689188004,85.07194244604317,nan,0.0,nan,12.567384064,nan,nan,30.0,0.0,30,nan
33.63077035744985,84.71223021582735,nan,0.0,nan,12.567384064,nan,nan,30.0,0.0,30,nan
33.647443381945294,84.71223021582735,nan,0.0,nan,12.567384064,nan,nan,30.0,0.0,30,nan
33.66412004629771,84.71223021582735,nan,0.0,nan,12.567384064,nan,nan,30.0,0.0,30,nan
33.68079267740249,84.71223021582735,nan,0.0,nan,12.567384064,nan,nan,30.0,0.0,30,nan
33.69746543169022,84.71223021582735,nan,0.0,nan,12.567384064,nan,nan,30.0,0.0,30,nan
33.71413632631302,82.19424460431655,nan,0.0,nan,12.567384064,nan,nan,29.0,0.0,30,nan
33.730806338787076,78.23741007194245,nan,0.0,nan,12.567384064,nan,nan,28.0,0.0,30,nan
33.74747724930445,83.63309352517986,nan,0.0,nan,12.567384064,nan,nan,30.0,0.0,30,nan
33.76414680480957,82.55395683453237,nan,0.0,nan,12.567384064,nan,nan,30.0,0.0,30,nan
33.78082172473272,82.55395683453237,nan,0.0,nan,12.567384064,nan,nan,30.0,0.0,30,nan
33.797495019435885,80.57553956834532,nan,0.0,nan,12.586258432,nan,nan,29.0,0.0,30,nan
33.81416705052058,82.37410071942446,nan,0.0,nan,12.598841344,nan,nan,30.0,0.0,30,nan
33.830836935838065,83.09352517985612,nan,0.0,nan,12.598841344,nan,nan,30.0,0.0,30,nan
33.8475084344546,83.27338129496404,nan,0.0,nan,12.598841344,nan,nan,30.0,0.0,30,nan
33.86418850421906,80.75539568345323,nan,0.0,nan,12.598841344,nan,nan,29.0,0.0,30,nan
33.88086123466492,80.93525179856115,nan,0.0,nan,12.603035648,nan,nan,29.0,0.0,30,nan
33.89753651221593,81.11510791366908,nan,0.0,nan,12.605145088,nan,nan,29.0,0.0,30,nan
33.91420924663544,83.81294964028777,nan,0.0,nan,12.605145088,nan,nan,30.0,0.0,30,nan
33.930881003538765,78.59712230215827,nan,0.0,nan,12.605145088,nan,nan,28.0,0.0,30,nan
33.94755123456319,81.11510791366908,nan,0.0,nan,12.619841536,nan,nan,29.0,0.0,30,nan
33.96422651211421,78.05755395683454,nan,0.0,nan,12.628230144,nan,nan,28.0,0.0,30,nan
33.98089824914932,83.63309352517986,nan,0.0,nan,12.628230144,nan,nan,30.0,0.0,30,nan
33.997573761145276,83.45323741007195,nan,0.0,nan,12.628230144,nan,nan,30.0,0.0,30,nan
34.0142531355222,83.45323741007195,nan,0.0,nan,12.628230144,nan,nan,30.0,0.0,30,nan
34.03092388709386,81.11510791366908,nan,0.0,nan,12.628230144,nan,nan,29.0,0.0,30,nan
34.047597328821816,82.55395683453237,nan,0.0,nan,12.628230144,nan,nan,30.0,0.0,30,nan
34.064266999562584,83.99280575539568,nan,0.0,nan,12.628230144,nan,nan,30.0,0.0,30,nan
34.08094289302826,79.49640287769783,nan,0.0,nan,12.628230144,nan,nan,29.0,0.0,30,nan
34.09762076536814,82.37410071942446,nan,0.0,nan,12.628230144,nan,nan,30.0,0.0,30,nan
34.11429356733958,83.81294964028777,nan,0.0,nan,12.628230144,nan,nan,30.0,0.0,30,nan
34.130970033009845,78.77697841726618,nan,0.0,nan,12.628230144,nan,nan,29.0,0.0,30,nan
34.14764553308487,77.87769784172663,nan,0.0,nan,12.628230144,nan,nan,29.0,0.0,30,nan
34.16432222922643,76.43884892086331,nan,0.0,nan,12.657610752,nan,nan,28.0,1.0,30,nan
34.18099250793457,78.77697841726618,nan,0.0,nan,12.674387968,nan,nan,28.0,1.0,30,nan
34.197663335005444,83.99280575539568,nan,0.0,nan,12.674387968,nan,nan,30.0,0.0,30,nan
34.21433527866999,83.45323741007195,nan,0.0,nan,12.674387968,nan,nan,30.0,0.0,30,nan
34.231007651487985,83.45323741007195,nan,0.0,nan,12.674387968,nan,nan,30.0,0.0,30,nan
34.24767844676971,79.49640287769783,nan,0.0,nan,12.674387968,nan,nan,29.0,0.0,30,nan
34.26435652573903,81.65467625899281,nan,0.0,nan,12.674387968,nan,nan,30.0,0.0,30,nan
34.281028119723004,83.09352517985612,nan,0.0,nan,12.674387968,nan,nan,30.0,0.0,30,nan
34.297705272833504,83.09352517985612,nan,0.0,nan,12.674387968,nan,nan,30.0,0.0,30,nan
34.3143791437149,81.11510791366908,nan,0.0,nan,12.674387968,nan,nan,29.0,0.0,30,nan
34.33105728228887,83.27338129496404,nan,0.0,nan,12.674387968,nan,nan,30.0,0.0,30,nan
34.347731701533,83.27338129496404,nan,0.0,nan,12.674387968,nan,nan,30.0,0.0,30,nan
34.36440188090007,80.2158273381295,nan,0.0,nan,12.674387968,nan,nan,29.0,0.0,30,nan
34.38107626040777,77.6978417266187,nan,0.0,nan,12.674387968,nan,nan,28.0,0.0,30,nan
34.397747405370076,79.13669064748201,nan,0.0,nan,12.69116928,nan,nan,29.0,0.0,30,nan
34.41442039807637,80.57553956834532,nan,0.0,nan,12.69116928,nan,nan,29.0,1.0,30,nan
34.43109046618144,83.45323741007195,nan,0.0,nan,12.69116928,nan,nan,30.0,0.0,30,nan
34.44777221679688,81.4748201438849,nan,0.0,nan,12.69116928,nan,nan,29.0,0.0,30,nan
34.46444645722707,83.45323741007195,nan,0.0,nan,12.69116928,nan,nan,30.0,0.0,30,nan
34.481117149194084,83.99280575539568,nan,0.0,nan,12.69116928,nan,nan,30.0,0.0,30,nan
34.49778798421224,83.99280575539568,nan,0.0,nan,12.69116928,nan,nan,30.0,0.0,30,nan
34.51446316639582,81.65467625899281,nan,0.0,nan,12.69116928,nan,nan,29.0,0.0,30,nan
34.53113710085551,84.17266187050359,nan,0.0,nan,12.69116928,nan,nan,30.0,0.0,30,nan
34.547808794180554,83.09352517985612,nan,0.0,nan,12.69116928,nan,nan,30.0,0.0,30,nan
34.56448023319244,83.99280575539568,nan,0.0,nan,12.69116928,nan,nan,30.0,0.0,30,nan
34.58115670681,77.5179856115108,nan,0.0,nan,12.703752192,nan,nan,28.0,0.0,30,nan
34.59783569574356,80.39568345323741,nan,0.0,nan,12.703752192,nan,nan,29.0,1.0,30,nan
34.614508255322775,81.83453237410072,nan,0.0,nan,12.703752192,nan,nan,29.0,1.0,30,nan
34.63118174870809,84.35251798561151,nan,0.0,nan,12.703752192,nan,nan,30.0,0.0,30,nan
34.64785594145457,83.81294964028777,nan,0.0,nan,12.703752192,nan,nan,30.0,0.0,30,nan
34.664531672000884,85.07194244604317,nan,0.0,nan,12.703752192,nan,nan,30.0,0.0,30,nan
34.68120390176773,81.65467625899281,nan,0.0,nan,12.703752192,nan,nan,29.0,0.0,30,nan
34.697879707813264,79.67625899280574,nan,0.0,nan,12.8169984,nan,nan,28.0,0.0,30,nan
34.71455399195353,81.65467625899281,nan,0.0,nan,12.898787328,nan,nan,29.0,0.0,30,nan
34.731227270762126,81.65467625899281,nan,0.0,nan,12.898787328,nan,nan,29.0,0.0,30,nan
34.74790735642115,79.49640287769783,nan,0.0,nan,12.902981632,nan,nan,28.0,0.0,30,nan
34.76458005905151,79.49640287769783,nan,0.0,nan,12.905078784,nan,nan,28.0,0.0,30,nan
34.78125164111455,81.83453237410072,nan,0.0,nan,12.905078784,nan,nan,29.0,0.0,30,nan
34.79792906443278,81.83453237410072,nan,0.0,nan,12.905078784,nan,nan,29.0,0.0,30,nan
34.81459832191467,81.83453237410072,nan,0.0,nan,12.905078784,nan,nan,29.0,0.0,30,nan
34.83126912911733,82.01438848920863,nan,0.0,nan,12.907175936,nan,nan,29.0,0.0,30,nan
34.84794297615687,82.19424460431655,nan,0.0,nan,12.907175936,nan,nan,29.0,0.0,30,nan
34.86461238861084,82.55395683453237,nan,0.0,nan,12.907175936,nan,nan,29.0,0.0,30,nan
34.88129085302353,82.73381294964028,nan,0.0,nan,12.909273088,nan,nan,29.0,0.0,30,nan
34.89796229998271,82.73381294964028,nan,0.0,nan,12.909273088,nan,nan,29.0,0.0,30,nan
34.91463949282964,84.17266187050359,nan,0.0,nan,12.909273088,nan,nan,30.0,0.0,30,nan
34.931312171618146,85.61151079136691,nan,0.0,nan,12.909273088,nan,nan,30.0,0.0,30,nan
34.94798347155253,82.91366906474819,nan,0.0,nan,12.909273088,nan,nan,29.0,0.0,30,nan
34.96465638081233,84.35251798561151,nan,0.0,nan,12.909273088,nan,nan,30.0,0.0,30,nan
34.981327788035074,86.51079136690647,nan,0.0,nan,12.909273088,nan,nan,30.0,0.0,30,nan
34.99800100326538,85.79136690647482,nan,0.0,nan,12.909273088,nan,nan,30.0,0.0,30,nan
35.01467209657033,85.79136690647482,nan,0.0,nan,12.909273088,nan,nan,30.0,0.0,30,nan
35.031341028213504,85.79136690647482,nan,0.0,nan,12.909273088,nan,nan,30.0,0.0,30,nan
35.048011394341785,86.15107913669064,nan,0.0,nan,12.909273088,nan,nan,30.0,0.0,30,nan
35.06468158562978,83.63309352517986,nan,0.0,nan,12.909273088,nan,nan,29.0,0.0,30,nan
35.08135627905528,85.07194244604317,nan,0.0,nan,12.909273088,nan,nan,30.0,0.0,30,nan
35.09802943468094,83.45323741007195,nan,0.0,nan,12.909273088,nan,nan,29.0,0.0,30,nan
35.11470533212026,84.17266187050359,nan,0.0,nan,12.909273088,nan,nan,29.0,0.0,30,nan
35.13137977917989,82.73381294964028,nan,0.0,nan,12.909273088,nan,nan,29.0,0.0,30,nan
35.1480529665947,82.37410071942446,nan,0.0,nan,12.909273088,nan,nan,29.0,0.0,30,nan
35.164727079868314,83.81294964028777,nan,0.0,nan,12.909273088,nan,nan,30.0,0.0,30,nan
35.18140263954798,86.69064748201438,nan,0.0,nan,12.909273088,nan,nan,30.0,0.0,30,nan
35.19807441631953,86.33093525179856,nan,0.0,nan,12.909273088,nan,nan,30.0,0.0,30,nan
35.214744667212166,83.45323741007195,nan,0.0,nan,12.909273088,nan,nan,29.0,0.0,30,nan
35.23141667842865,78.9568345323741,nan,0.0,nan,12.909273088,nan,nan,28.0,0.0,30,nan
35.248090064525606,80.39568345323741,nan,0.0,nan,12.909273088,nan,nan,28.0,0.0,30,nan
35.26476342280706,85.97122302158273,nan,0.0,nan,12.909273088,nan,nan,30.0,0.0,30,nan
35.28143708308538,83.81294964028777,nan,0.0,nan,12.909273088,nan,nan,29.0,0.0,30,nan
35.29811083078384,86.33093525179856,nan,0.0,nan,12.909273088,nan,nan,30.0,0.0,30,nan
35.31478395462036,85.97122302158273,nan,0.0,nan,12.909273088,nan,nan,30.0,0.0,30,nan
35.331457714239754,85.431654676259,nan,0.0,nan,12.909273088,nan,nan,30.0,0.0,30,nan
35.348128803571065,86.87050359712231,nan,0.0,nan,12.909273088,nan,nan,30.0,0.0,30,nan
35.36480723619461,85.61151079136691,nan,0.0,nan,12.909273088,nan,nan,30.0,0.0,30,nan
35.381479636828104,77.5179856115108,nan,0.0,nan,12.909273088,nan,nan,28.0,0.0,30,nan
35.398153042793275,79.85611510791367,nan,0.0,nan,12.909273088,nan,nan,29.0,0.0,30,nan
35.41482433478038,81.29496402877699,nan,0.0,nan,12.909273088,nan,nan,29.0,0.0,30,nan
35.43149833679199,82.19424460431655,nan,0.0,nan,12.909273088,nan,nan,29.0,1.0,30,nan
35.44817086855571,83.63309352517986,nan,0.0,nan,12.909273088,nan,nan,30.0,0.0,30,nan
35.4648451089859,85.97122302158273,nan,0.0,nan,12.909273088,nan,nan,30.0,0.0,30,nan
35.48152136802673,86.33093525179856,nan,0.0,nan,12.909273088,nan,nan,30.0,0.0,30,nan
35.49819359779358,85.61151079136691,nan,0.0,nan,12.909273088,nan,nan,30.0,0.0,30,nan
35.51486701567968,85.97122302158273,nan,0.0,nan,12.909273088,nan,nan,30.0,0.0,30,nan
35.53154115279516,85.97122302158273,nan,0.0,nan,12.909273088,nan,nan,30.0,0.0,30,nan
35.54821954965591,86.15107913669064,nan,0.0,nan,12.909273088,nan,nan,30.0,0.0,30,nan
35.56489099264145,84.53237410071942,nan,0.0,nan,12.909273088,nan,nan,30.0,0.0,30,nan
35.58156441052755,85.97122302158273,nan,0.0,nan,12.909273088,nan,nan,30.0,0.0,30,nan
35.59823653697968,86.15107913669064,nan,0.0,nan,12.909273088,nan,nan,30.0,0.0,30,nan
35.61490872701009,84.17266187050359,nan,0.0,nan,12.909273088,nan,nan,29.0,0.0,30,nan
35.631588403383894,85.61151079136691,nan,0.0,nan,12.909273088,nan,nan,30.0,0.0,30,nan
35.64826028347015,84.17266187050359,nan,0.0,nan,12.909273088,nan,nan,29.0,0.0,30,nan
35.66493763526281,85.61151079136691,nan,0.0,nan,12.909273088,nan,nan,30.0,0.0,30,nan
35.68161075909932,81.83453237410072,nan,0.0,nan,12.909273088,nan,nan,28.0,0.0,30,nan
35.69828687906265,83.27338129496404,nan,0.0,nan,12.951216128,nan,nan,29.0,0.0,30,nan
35.71496175527572,83.45323741007195,nan,0.0,nan,12.963794944,nan,nan,29.0,0.0,30,nan
35.73164025147756,83.63309352517986,nan,0.0,nan,12.967989248,nan,nan,29.0,0.0,30,nan
35.74831393957138,79.67625899280574,nan,0.0,nan,13.009932288,nan,nan,27.0,0.0,30,nan
35.764985585212706,82.55395683453237,nan,0.0,nan,13.018320896,nan,nan,28.0,1.0,30,nan
35.781655712922415,83.81294964028777,nan,0.0,nan,13.018320896,nan,nan,29.0,0.0,30,nan
35.79832768837611,76.79856115107914,nan,0.0,nan,13.018320896,nan,nan,27.0,0.0,30,nan
35.815002143383026,78.23741007194245,nan,0.0,nan,13.018320896,nan,nan,28.0,0.0,30,nan
35.83167249361674,80.75539568345323,nan,0.0,nan,13.018320896,nan,nan,28.0,0.0,30,nan
35.84834839900335,74.28057553956835,nan,0.0,nan,12.483674112,nan,nan,26.0,0.0,29,nan
35.86502241690953,75.71942446043165,nan,0.0,nan,12.483674112,nan,nan,27.0,0.0,29,nan
35.881692266464235,79.13669064748201,nan,0.0,nan,12.483674112,nan,nan,28.0,0.0,29,nan
35.898369550704956,80.57553956834532,nan,0.0,nan,12.483674112,nan,nan,28.0,1.0,29,nan
35.915041796366374,82.01438848920863,nan,0.0,nan,12.483674112,nan,nan,29.0,0.0,29,nan
35.93171398639679,84.35251798561151,nan,0.0,nan,12.483674112,nan,nan,29.0,0.0,29,nan
35.948385735352836,84.71223021582735,nan,0.0,nan,12.483674112,nan,nan,29.0,0.0,29,nan
35.965056848526004,83.63309352517986,nan,0.0,nan,12.483674112,nan,nan,29.0,0.0,29,nan
35.981728804111484,83.81294964028777,nan,0.0,nan,12.483674112,nan,nan,29.0,0.0,29,nan
35.99840350548426,77.15827338129496,nan,0.0,nan,12.483674112,nan,nan,28.0,0.0,29,nan
36.01507753133774,75.89928057553956,nan,0.0,nan,12.483674112,nan,nan,28.0,0.0,29,nan
36.03175390164058,77.33812949640287,nan,0.0,nan,12.483674112,nan,nan,28.0,1.0,29,nan
36.0484282930692,78.77697841726618,nan,0.0,nan,12.483674112,nan,nan,28.0,1.0,29,nan
36.06510094006856,80.57553956834532,nan,0.0,nan,12.483674112,nan,nan,28.0,1.0,29,nan
36.081774357954664,82.01438848920863,nan,0.0,nan,12.483674112,nan,nan,29.0,0.0,29,nan
36.09844880104065,83.45323741007195,nan,0.0,nan,12.483674112,nan,nan,29.0,0.0,29,nan
36.115121841430664,82.37410071942446,nan,0.0,nan,12.483674112,nan,nan,29.0,0.0,29,nan
36.13179458379746,79.13669064748201,nan,0.0,nan,12.483674112,nan,nan,28.0,0.0,29,nan
36.148469980557756,82.19424460431655,nan,0.0,nan,12.483674112,nan,nan,29.0,0.0,29,nan
36.16514418522517,76.61870503597122,nan,0.0,nan,12.483674112,nan,nan,27.0,0.0,29,nan
36.181822911898294,77.5179856115108,nan,0.0,nan,12.483674112,nan,nan,28.0,0.0,29,nan
36.19849747021993,78.9568345323741,nan,0.0,nan,12.483674112,nan,nan,28.0,0.0,29,nan
36.215169580777484,78.9568345323741,nan,0.0,nan,12.483674112,nan,nan,28.0,0.0,29,nan
36.23184311389923,73.56115107913669,nan,0.0,nan,12.483674112,nan,nan,27.0,0.0,29,nan
36.24851970275243,83.09352517985612,nan,0.0,nan,12.483674112,nan,nan,29.0,0.0,29,nan
36.26519347031911,81.65467625899281,nan,0.0,nan,12.483674112,nan,nan,29.0,0.0,29,nan
36.281870035330456,83.99280575539568,nan,0.0,nan,12.483674112,nan,nan,29.0,0.0,29,nan
36.29854415257772,82.91366906474819,nan,0.0,nan,12.483674112,nan,nan,29.0,0.0,29,nan
36.31521935860316,82.91366906474819,nan,0.0,nan,12.483674112,nan,nan,29.0,0.0,29,nan
36.33189334472021,83.09352517985612,nan,0.0,nan,12.483674112,nan,nan,29.0,0.0,29,nan
36.34857154289882,83.09352517985612,nan,0.0,nan,12.483674112,nan,nan,29.0,0.0,29,nan
36.36524464289347,83.27338129496404,nan,0.0,nan,12.483674112,nan,nan,29.0,0.0,29,nan
36.381921736399335,83.63309352517986,nan,0.0,nan,12.483674112,nan,nan,29.0,0.0,29,nan
36.39860328435898,78.77697841726618,nan,0.0,nan,12.483674112,nan,nan,28.0,0.0,29,nan
36.415276885032654,81.11510791366908,nan,0.0,nan,12.483674112,nan,nan,29.0,0.0,29,nan
36.43195265134175,82.55395683453237,nan,0.0,nan,12.483674112,nan,nan,29.0,0.0,29,nan
36.4486249089241,83.45323741007195,nan,0.0,nan,12.483674112,nan,nan,29.0,0.0,29,nan
36.46529768308004,82.91366906474819,nan,0.0,nan,12.483674112,nan,nan,29.0,0.0,29,nan
36.481966817378996,80.03597122302159,nan,0.0,nan,12.483674112,nan,nan,28.0,0.0,29,nan
36.49863895177841,82.91366906474819,nan,0.0,nan,12.483674112,nan,nan,29.0,0.0,29,nan
36.51531158685684,82.91366906474819,nan,0.0,nan,12.483674112,nan,nan,29.0,0.0,29,nan
36.531985930601756,80.93525179856115,nan,0.0,nan,12.483674112,nan,nan,28.0,0.0,29,nan
36.5486582994461,83.63309352517986,nan,0.0,nan,12.483674112,nan,nan,29.0,0.0,29,nan
36.56533844470978,80.75539568345323,nan,0.0,nan,12.483674112,nan,nan,28.0,0.0,29,nan
36.58201142946879,76.61870503597122,nan,0.0,nan,12.519325696,nan,nan,27.0,0.0,29,nan
36.5986856341362,76.61870503597122,nan,0.0,nan,12.536102912,nan,nan,27.0,0.0,29,nan
36.61535812218984,77.15827338129496,nan,0.0,nan,12.536102912,nan,nan,27.0,0.0,29,nan
36.632030963897705,80.03597122302159,nan,0.0,nan,12.536102912,nan,nan,28.0,0.0,29,nan
36.64870406786601,77.5179856115108,nan,0.0,nan,12.536102912,nan,nan,27.0,0.0,29,nan
36.6653771519661,76.97841726618705,nan,0.0,nan,12.634669056,nan,nan,27.0,0.0,29,nan
36.68205250501633,78.41726618705036,nan,0.0,nan,12.634669056,nan,nan,27.0,0.0,29,nan
36.69872537453969,79.49640287769783,nan,0.0,nan,12.634669056,nan,nan,28.0,0.0,29,nan
36.715397779146834,77.5179856115108,nan,0.0,nan,12.634669056,nan,nan,27.0,0.0,29,nan
36.73206911087036,80.03597122302159,nan,0.0,nan,12.634669056,nan,nan,28.0,0.0,29,nan
36.748741535345715,79.85611510791367,nan,0.0,nan,12.634669056,nan,nan,28.0,0.0,29,nan
36.76541389226914,80.03597122302159,nan,0.0,nan,12.634669056,nan,nan,28.0,0.0,29,nan
36.78208657503128,78.41726618705036,nan,0.0,nan,12.634669056,nan,nan,27.0,0.0,29,nan
36.79875996510188,81.29496402877699,nan,0.0,nan,12.634669056,nan,nan,28.0,0.0,29,nan
36.815435008207956,75.17985611510791,nan,0.0,nan,12.634669056,nan,nan,27.0,0.0,29,nan
36.83210778633754,76.61870503597122,nan,0.0,nan,12.634669056,nan,nan,27.0,0.0,29,nan
36.84878490368525,76.97841726618705,nan,0.0,nan,12.634669056,nan,nan,27.0,0.0,29,nan
36.8654576142629,78.05755395683454,nan,0.0,nan,12.634669056,nan,nan,27.0,0.0,29,nan
36.88213082154592,80.93525179856115,nan,0.0,nan,12.634669056,nan,nan,28.0,1.0,29,nan
36.898803043365476,83.63309352517986,nan,0.0,nan,12.634669056,nan,nan,29.0,0.0,29,nan
36.915475670496626,85.25179856115108,nan,0.0,nan,12.634669056,nan,nan,29.0,0.0,29,nan
36.93214815855026,83.81294964028777,nan,0.0,nan,12.634669056,nan,nan,29.0,0.0,29,nan
36.94882092873255,79.85611510791367,nan,0.0,nan,12.634669056,nan,nan,29.0,0.0,29,nan
36.96549169619878,81.29496402877699,nan,0.0,nan,12.634669056,nan,nan,29.0,0.0,29,nan
36.98216478427251,82.73381294964028,nan,0.0,nan,12.634669056,nan,nan,29.0,0.0,29,nan
36.99883738358815,83.63309352517986,nan,0.0,nan,12.634669056,nan,nan,29.0,0.0,29,nan
37.01550999879837,85.07194244604317,nan,0.0,nan,12.634669056,nan,nan,29.0,0.0,29,nan
37.03218919436137,81.65467625899281,nan,0.0,nan,12.634669056,nan,nan,28.0,0.0,29,nan
37.04886236985524,81.65467625899281,nan,0.0,nan,12.634669056,nan,nan,28.0,0.0,29,nan
37.06553885936737,79.85611510791367,nan,0.0,nan,12.636827648,nan,nan,28.0,0.0,29,nan
37.08221273024877,84.17266187050359,nan,0.0,nan,12.636827648,nan,nan,29.0,0.0,29,nan
37.09888732433319,84.17266187050359,nan,0.0,nan,12.636827648,nan,nan,29.0,0.0,29,nan
37.1155606508255,84.17266187050359,nan,0.0,nan,12.636827648,nan,nan,29.0,0.0,29,nan
37.13223764499028,84.17266187050359,nan,0.0,nan,12.636827648,nan,nan,29.0,0.0,29,nan
37.14891008536021,84.17266187050359,nan,0.0,nan,12.636827648,nan,nan,29.0,0.0,29,nan
37.165585001309715,84.17266187050359,nan,0.0,nan,12.636827648,nan,nan,29.0,0.0,29,nan
37.18225779930751,84.17266187050359,nan,0.0,nan,12.636827648,nan,nan,29.0,0.0,29,nan
37.19892922242482,84.71223021582735,nan,0.0,nan,12.636827648,nan,nan,29.0,0.0,29,nan
37.21560229857763,80.75539568345323,nan,0.0,nan,12.636827648,nan,nan,28.0,0.0,29,nan
37.23227523565292,82.55395683453237,nan,0.0,nan,12.674576384,nan,nan,28.0,0.0,29,nan
37.248947723706564,82.37410071942446,nan,0.0,nan,12.687159296,nan,nan,28.0,0.0,29,nan
37.26562084356944,83.81294964028777,nan,0.0,nan,12.687159296,nan,nan,29.0,0.0,29,nan
37.28229337135951,84.71223021582735,nan,0.0,nan,12.687159296,nan,nan,29.0,0.0,29,nan
37.29896876017253,82.73381294964028,nan,0.0,nan,12.687159296,nan,nan,28.0,0.0,29,nan
37.31564144293467,84.17266187050359,nan,0.0,nan,12.687159296,nan,nan,29.0,0.0,29,nan
37.33231899738312,82.37410071942446,nan,0.0,nan,12.687159296,nan,nan,28.0,0.0,29,nan
37.34899169603984,82.37410071942446,nan,0.0,nan,12.687159296,nan,nan,28.0,0.0,29,nan
37.36566877365112,81.29496402877699,nan,0.0,nan,12.716519424,nan,nan,28.0,0.0,29,nan
37.38234361012777,82.37410071942446,nan,0.0,nan,12.752171008,nan,nan,28.0,0.0,29,nan
37.39902177254359,82.55395683453237,nan,0.0,nan,12.76475392,nan,nan,28.0,0.0,29,nan
37.415694403648374,85.07194244604317,nan,0.0,nan,12.76475392,nan,nan,29.0,0.0,29,nan
37.43237010240555,85.25179856115108,nan,0.0,nan,12.76475392,nan,nan,29.0,0.0,29,nan
37.449043254057564,81.11510791366908,nan,0.0,nan,12.76475392,nan,nan,28.0,0.0,29,nan
37.46571432352066,85.431654676259,nan,0.0,nan,12.76475392,nan,nan,29.0,0.0,29,nan
37.48238633871078,83.27338129496404,nan,0.0,nan,12.76475392,nan,nan,28.0,0.0,29,nan
37.499058862527214,85.431654676259,nan,0.0,nan,12.76475392,nan,nan,29.0,0.0,29,nan
37.51573070685069,82.19424460431655,nan,0.0,nan,12.76475392,nan,nan,28.0,0.0,29,nan
37.53240294456482,85.07194244604317,nan,0.0,nan,12.76475392,nan,nan,29.0,0.0,29,nan
37.54907554388046,86.33093525179856,nan,0.0,nan,12.76475392,nan,nan,29.0,0.0,29,nan
37.56574862400691,82.91366906474819,nan,0.0,nan,12.76475392,nan,nan,28.0,0.0,29,nan
37.582420921325685,85.79136690647482,nan,0.0,nan,12.76475392,nan,nan,29.0,0.0,29,nan
37.599094212055206,85.79136690647482,nan,0.0,nan,12.76475392,nan,nan,29.0,0.0,29,nan
37.615769465764366,86.51079136690647,nan,0.0,nan,12.76475392,nan,nan,29.0,0.0,29,nan
37.63244176308314,85.97122302158273,nan,0.0,nan,12.76475392,nan,nan,29.0,0.0,29,nan
37.64911322196325,85.97122302158273,nan,0.0,nan,12.76475392,nan,nan,29.0,0.0,29,nan
37.66578462123871,85.97122302158273,nan,0.0,nan,12.76475392,nan,nan,29.0,0.0,29,nan
37.68245728413264,85.97122302158273,nan,0.0,nan,12.76475392,nan,nan,29.0,0.0,29,nan
37.69913066228231,86.87050359712231,nan,0.0,nan,12.76475392,nan,nan,29.0,0.0,29,nan
37.71580378214518,85.79136690647482,nan,0.0,nan,12.76475392,nan,nan,29.0,0.0,29,nan
37.73247620662053,80.39568345323741,nan,0.0,nan,12.76475392,nan,nan,27.0,0.0,29,nan
37.74914855559667,81.83453237410072,nan,0.0,nan,12.768948224,nan,nan,28.0,0.0,29,nan
37.76582105557124,83.99280575539568,nan,0.0,nan,12.768948224,nan,nan,28.0,0.0,29,nan
37.782493336995444,74.46043165467626,nan,0.0,nan,12.77523968,nan,nan,25.0,0.0,29,nan
37.79916789929072,77.33812949640287,nan,0.0,nan,12.77523968,nan,nan,26.0,1.0,29,nan
37.81584079265595,79.31654676258992,nan,0.0,nan,12.77523968,nan,nan,27.0,1.0,29,nan
37.832514123121896,84.89208633093526,nan,0.0,nan,12.77523968,nan,nan,28.0,0.0,29,nan
37.84918718735377,82.91366906474819,nan,0.0,nan,12.77523968,nan,nan,28.0,0.0,29,nan
37.865859826405845,78.23741007194245,nan,0.0,nan,12.77523968,nan,nan,26.0,0.0,29,nan
37.88253498474757,80.2158273381295,nan,0.0,nan,12.789919744,nan,nan,27.0,0.0,29,nan
37.899209662278494,82.19424460431655,nan,0.0,nan,11.974291456,nan,nan,28.0,0.0,28,nan
37.91587819258372,80.03597122302159,nan,0.0,nan,11.974291456,nan,nan,27.0,0.0,28,nan
37.932554280757905,81.4748201438849,nan,0.0,nan,11.974291456,nan,nan,28.0,0.0,28,nan
37.949228219191234,80.03597122302159,nan,0.0,nan,11.974291456,nan,nan,27.0,0.0,28,nan
37.96590275367101,80.03597122302159,nan,0.0,nan,12.028821504,nan,nan,27.0,0.0,28,nan
37.98257524172465,81.4748201438849,nan,0.0,nan,12.030918656,nan,nan,28.0,0.0,28,nan
37.99924725294113,77.5179856115108,nan,0.0,nan,12.030918656,nan,nan,27.0,0.0,28,nan
38.01592019001643,78.9568345323741,nan,0.0,nan,12.030918656,nan,nan,28.0,0.0,28,nan
38.0325932820638,80.39568345323741,nan,0.0,nan,12.030918656,nan,nan,28.0,0.0,28,nan
38.04926865498225,81.83453237410072,nan,0.0,nan,12.030918656,nan,nan,28.0,0.0,28,nan
38.06594164371491,81.83453237410072,nan,0.0,nan,12.030918656,nan,nan,28.0,0.0,28,nan
38.08261446158091,81.83453237410072,nan,0.0,nan,12.030918656,nan,nan,28.0,0.0,28,nan
38.09928761720657,77.87769784172663,nan,0.0,nan,12.04559872,nan,nan,27.0,0.0,28,nan
38.11596040328344,79.31654676258992,nan,0.0,nan,12.068667392,nan,nan,27.0,0.0,28,nan
38.13263441324234,80.75539568345323,nan,0.0,nan,12.068667392,nan,nan,27.0,0.0,28,nan
38.14930737018585,82.01438848920863,nan,0.0,nan,12.068667392,nan,nan,28.0,0.0,28,nan
38.16597965161006,82.01438848920863,nan,0.0,nan,12.068667392,nan,nan,28.0,0.0,28,nan
38.18265199661255,82.01438848920863,nan,0.0,nan,12.068667392,nan,nan,28.0,0.0,28,nan
38.199323296546936,80.39568345323741,nan,0.0,nan,12.068667392,nan,nan,27.0,0.0,28,nan
38.21599570910136,81.83453237410072,nan,0.0,nan,12.070764544,nan,nan,28.0,0.0,28,nan
38.23266914288203,82.01438848920863,nan,0.0,nan,12.070764544,nan,nan,28.0,0.0,28,nan
38.24934125741323,80.03597122302159,nan,0.0,nan,12.077056,nan,nan,27.0,0.0,28,nan
38.26601353486379,78.59712230215827,nan,0.0,nan,12.089638912,nan,nan,27.0,0.0,28,nan
38.2826868613561,82.37410071942446,nan,0.0,nan,12.089638912,nan,nan,28.0,0.0,28,nan
38.29935967127482,80.75539568345323,nan,0.0,nan,12.089638912,nan,nan,27.0,0.0,28,nan
38.316034785906474,83.09352517985612,nan,0.0,nan,12.089638912,nan,nan,28.0,0.0,28,nan
38.33270747264226,82.55395683453237,nan,0.0,nan,12.089638912,nan,nan,28.0,0.0,28,nan
38.349379150072735,82.73381294964028,nan,0.0,nan,12.089638912,nan,nan,28.0,0.0,28,nan
38.366052118937176,82.91366906474819,nan,0.0,nan,12.091736064,nan,nan,28.0,0.0,28,nan
38.38272466262182,80.75539568345323,nan,0.0,nan,12.091736064,nan,nan,27.0,0.0,28,nan
38.399397095044456,83.45323741007195,nan,0.0,nan,12.091736064,nan,nan,28.0,0.0,28,nan
38.41606957515081,84.17266187050359,nan,0.0,nan,12.091736064,nan,nan,28.0,0.0,28,nan
38.432742444674176,83.81294964028777,nan,0.0,nan,12.091736064,nan,nan,28.0,0.0,28,nan
38.449413402875265,80.39568345323741,nan,0.0,nan,12.091736064,nan,nan,27.0,0.0,28,nan
38.46608444054922,78.23741007194245,nan,0.0,nan,12.156747776,nan,nan,26.0,0.0,28,nan
38.4827572743098,77.15827338129496,nan,0.0,nan,12.165136384,nan,nan,26.0,0.0,28,nan
38.499430028597516,80.75539568345323,nan,0.0,nan,12.165136384,nan,nan,27.0,0.0,28,nan
38.516104237238565,78.59712230215827,nan,0.0,nan,12.165136384,nan,nan,26.0,0.0,28,nan
38.532774178187054,77.33812949640287,nan,0.0,nan,12.173524992,nan,nan,26.0,0.0,28,nan
38.54944849411647,78.23741007194245,nan,0.0,nan,12.173524992,nan,nan,26.0,1.0,28,nan
38.56611844698588,81.11510791366908,nan,0.0,nan,12.173524992,nan,nan,27.0,1.0,28,nan
38.58279225031535,85.97122302158273,nan,0.0,nan,12.173524992,nan,nan,28.0,0.0,28,nan
38.59946935176849,81.65467625899281,nan,0.0,nan,12.173524992,nan,nan,27.0,0.0,28,nan
38.61614352464676,77.5179856115108,nan,0.0,nan,12.175622144,nan,nan,27.0,0.0,28,nan
38.63281996250153,78.9568345323741,nan,0.0,nan,12.175622144,nan,nan,27.0,0.0,28,nan
38.64949361085892,82.37410071942446,nan,0.0,nan,12.175622144,nan,nan,28.0,0.0,28,nan
38.66616954008738,83.99280575539568,nan,0.0,nan,12.175622144,nan,nan,28.0,0.0,28,nan
38.68284111022949,84.35251798561151,nan,0.0,nan,12.175622144,nan,nan,28.0,0.0,28,nan
38.699511178334554,84.71223021582735,nan,0.0,nan,12.175622144,nan,nan,28.0,0.0,28,nan
38.7161882519722,84.53237410071942,nan,0.0,nan,12.175622144,nan,nan,28.0,0.0,28,nan
38.73286261161169,84.53237410071942,nan,0.0,nan,12.175622144,nan,nan,28.0,0.0,28,nan
38.74953658978144,79.49640287769783,nan,0.0,nan,12.175622144,nan,nan,26.0,0.0,28,nan
38.766208708286285,82.91366906474819,nan,0.0,nan,12.175622144,nan,nan,28.0,0.0,28,nan
38.782880139350894,85.07194244604317,nan,0.0,nan,12.175622144,nan,nan,28.0,0.0,28,nan
38.79955220222473,85.79136690647482,nan,0.0,nan,12.175622144,nan,nan,28.0,0.0,28,nan
38.81622358560562,80.39568345323741,nan,0.0,nan,12.175622144,nan,nan,27.0,0.0,28,nan
38.83289627234141,81.65467625899281,nan,0.0,nan,12.177719296,nan,nan,27.0,0.0,28,nan
38.84956820805868,81.83453237410072,nan,0.0,nan,12.177719296,nan,nan,27.0,0.0,28,nan
38.866239511966704,80.2158273381295,nan,0.0,nan,12.1819136,nan,nan,27.0,0.0,28,nan
38.88291020790736,81.65467625899281,nan,0.0,nan,12.1819136,nan,nan,27.0,0.0,28,nan
38.89958299001058,81.4748201438849,nan,0.0,nan,12.1819136,nan,nan,27.0,0.0,28,nan
38.91625376145045,75.17985611510791,nan,0.0,nan,12.1819136,nan,nan,25.0,0.0,28,nan
38.93292488654455,72.4820143884892,nan,0.0,nan,11.290632192,nan,nan,25.0,0.0,27,nan
38.949595574537916,74.46043165467626,nan,0.0,nan,11.290632192,nan,nan,26.0,1.0,27,nan
38.9662668188413,76.2589928057554,nan,0.0,nan,11.290632192,nan,nan,26.0,1.0,27,nan
38.98293766975403,82.73381294964028,nan,0.0,nan,11.290632192,nan,nan,27.0,0.0,27,nan
38.99960728883743,77.5179856115108,nan,0.0,nan,11.290632192,nan,nan,27.0,0.0,27,nan
39.01627726157506,78.9568345323741,nan,0.0,nan,11.290632192,nan,nan,27.0,0.0,27,nan
39.032948617140455,80.39568345323741,nan,0.0,nan,11.290632192,nan,nan,27.0,0.0,27,nan
39.0496187210083,81.65467625899281,nan,0.0,nan,11.290632192,nan,nan,27.0,0.0,27,nan
39.066289909680684,78.05755395683454,nan,0.0,nan,11.290632192,nan,nan,26.0,0.0,27,nan
39.08296090364456,79.49640287769783,nan,0.0,nan,11.290632192,nan,nan,27.0,0.0,27,nan
39.09963188171387,81.83453237410072,nan,0.0,nan,11.290632192,nan,nan,27.0,0.0,27,nan
39.116304032007854,81.29496402877699,nan,0.0,nan,11.290632192,nan,nan,27.0,0.0,27,nan
39.132976865768434,72.12230215827337,nan,0.0,nan,11.290632192,nan,nan,25.0,0.0,27,nan
39.14965270757675,81.4748201438849,nan,0.0,nan,11.290632192,nan,nan,27.0,0.0,27,nan
39.166323971748355,76.43884892086331,nan,0.0,nan,11.296923648,nan,nan,25.0,0.0,27,nan
39.18299472332001,78.05755395683454,nan,0.0,nan,11.343085568,nan,nan,26.0,0.0,27,nan
39.19967086712519,76.2589928057554,nan,0.0,nan,11.343085568,nan,nan,26.0,0.0,27,nan
39.21634312470754,76.2589928057554,nan,0.0,nan,11.343085568,nan,nan,25.0,0.0,27,nan
39.233014416694644,72.4820143884892,nan,0.0,nan,11.349377024,nan,nan,24.0,0.0,27,nan
39.24968604246775,74.82014388489209,nan,0.0,nan,11.351474176,nan,nan,25.0,0.0,27,nan
39.26635833183924,76.2589928057554,nan,0.0,nan,11.359862784,nan,nan,26.0,0.0,27,nan
39.28302861054738,74.82014388489209,nan,0.0,nan,11.420680192,nan,nan,25.0,0.0,27,nan
39.299701460202535,69.24460431654677,nan,0.0,nan,11.475206144,nan,nan,24.0,0.0,27,nan
39.316375343004864,72.66187050359711,nan,0.0,nan,11.475206144,nan,nan,24.0,0.0,27,nan
39.33305292526881,74.10071942446044,nan,0.0,nan,11.4814976,nan,nan,25.0,0.0,27,nan
39.349721841017406,74.82014388489209,nan,0.0,nan,10.867208192,nan,nan,25.0,0.0,26,nan
39.36639794508616,75.0,nan,0.0,nan,10.871402496,nan,nan,25.0,0.0,26,nan
39.38307465712229,69.42446043165468,nan,0.0,nan,11.320193024,nan,nan,24.0,0.0,26,nan
39.399747133255005,70.14388489208633,nan,0.0,nan,11.334873088,nan,nan,24.0,0.0,26,nan
39.416418902079265,67.08633093525181,nan,0.0,nan,11.343261696,nan,nan,23.0,0.0,26,nan
39.433094036579135,70.32374100719426,nan,0.0,nan,11.355844608,nan,nan,24.0,0.0,26,nan
39.449771817525225,66.72661870503597,nan,0.0,nan,11.362136064,nan,nan,24.0,0.0,26,nan
39.46644655863444,68.16546762589928,nan,0.0,nan,11.487965184,nan,nan,24.0,0.0,26,nan
39.48311952352524,68.70503597122301,nan,0.0,nan,11.5047424,nan,nan,24.0,0.0,26,nan
39.4997916340828,65.82733812949641,nan,0.0,nan,11.508936704,nan,nan,23.0,0.0,26,nan
39.5164621035258,68.88489208633092,nan,0.0,nan,11.508936704,nan,nan,24.0,0.0,26,nan
39.53313767512639,59.89208633093526,nan,0.0,nan,10.374537216,nan,nan,21.0,0.0,25,nan
39.549808553854625,61.33093525179856,nan,0.0,nan,10.387120128,nan,nan,22.0,0.0,25,nan
39.56648187637329,64.20863309352518,nan,0.0,nan,10.412285952,nan,nan,22.0,0.0,25,nan
39.58315265973409,65.64748201438849,nan,0.0,nan,10.412285952,nan,nan,23.0,0.0,25,nan
39.59982503255208,67.08633093525181,nan,0.0,nan,10.412285952,nan,nan,23.0,0.0,25,nan
39.61649429003398,66.54676258992806,nan,0.0,nan,10.412285952,nan,nan,23.0,0.0,25,nan
39.633172424634296,63.48920863309353,nan,0.0,nan,10.412285952,nan,nan,22.0,0.0,25,nan
39.64984423319499,64.92805755395683,nan,0.0,nan,10.412285952,nan,nan,23.0,0.0,25,nan
39.66651842196782,67.26618705035972,nan,0.0,nan,10.412285952,nan,nan,23.0,0.0,25,nan
39.68319038152695,63.309352517985616,nan,0.0,nan,10.414383104,nan,nan,22.0,0.0,25,nan
39.69986052910487,66.72661870503597,nan,0.0,nan,9.498202112,nan,nan,23.0,0.0,23,nan
39.71653165419897,66.72661870503597,nan,0.0,nan,9.498202112,nan,nan,23.0,0.0,23,nan
39.73320319255193,66.72661870503597,nan,0.0,nan,9.498202112,nan,nan,23.0,0.0,23,nan
39.749873594443,66.72661870503597,nan,0.0,nan,9.498202112,nan,nan,23.0,0.0,23,nan
39.76654808918635,66.36690647482014,nan,0.0,nan,9.498202112,nan,nan,23.0,0.0,23,nan
39.78321926991145,66.72661870503597,nan,0.0,nan,9.498202112,nan,nan,23.0,0.0,23,nan
39.79988841215769,66.72661870503597,nan,0.0,nan,9.498202112,nan,nan,23.0,0.0,23,nan
39.8165616552035,66.72661870503597,nan,0.0,nan,9.498202112,nan,nan,23.0,0.0,23,nan
39.83323412338893,60.07194244604317,nan,0.0,nan,9.498202112,nan,nan,21.0,0.0,23,nan
39.849908820788066,57.9136690647482,nan,0.0,nan,9.500299264,nan,nan,20.0,0.0,23,nan
39.866587817668915,59.352517985611506,nan,0.0,nan,9.519173632,nan,nan,21.0,0.0,23,nan
39.883258942763014,60.07194244604317,nan,0.0,nan,9.519173632,nan,nan,21.0,0.0,23,nan
39.899937363465625,60.07194244604317,nan,0.0,nan,9.519173632,nan,nan,21.0,0.0,23,nan
39.91661182641983,60.61151079136691,nan,0.0,nan,9.521270784,nan,nan,21.0,0.0,23,nan
39.93328916629155,59.71223021582735,nan,0.0,nan,9.521270784,nan,nan,20.0,0.0,23,nan
39.9499644557635,61.15107913669065,nan,0.0,nan,9.521270784,nan,nan,21.0,0.0,23,nan
39.96663807630539,61.15107913669065,nan,0.0,nan,9.521270784,nan,nan,21.0,0.0,23,nan
39.9833135286967,61.33093525179856,nan,0.0,nan,9.521270784,nan,nan,21.0,0.0,23,nan
39.99998582204183,61.33093525179856,nan,0.0,nan,9.030459392,nan,nan,21.0,0.0,22,nan
40.0166578412056,61.690647482014384,nan,0.0,nan,9.030459392,nan,nan,21.0,0.0,22,nan
40.0333373427391,62.050359712230204,nan,0.0,nan,9.030459392,nan,nan,21.0,0.0,22,nan
40.05001134872437,62.050359712230204,nan,0.0,nan,9.030459392,nan,nan,21.0,0.0,22,nan
40.06669052441915,62.23021582733813,nan,0.0,nan,9.030459392,nan,nan,21.0,0.0,22,nan
40.08336297671,62.23021582733813,nan,0.0,nan,9.030459392,nan,nan,21.0,0.0,22,nan
40.10003577868144,62.23021582733813,nan,0.0,nan,9.030459392,nan,nan,21.0,0.0,22,nan
40.11671067476273,62.23021582733813,nan,0.0,nan,9.030459392,nan,nan,21.0,0.0,22,nan
40.13338830073675,64.92805755395683,nan,0.0,nan,9.030459392,nan,nan,22.0,0.0,22,nan
40.15005767742793,64.568345323741,nan,0.0,nan,9.030459392,nan,nan,22.0,0.0,22,nan
40.16673096815745,60.97122302158273,nan,0.0,nan,9.030459392,nan,nan,21.0,0.0,22,nan
40.183403952916464,62.410071942446045,nan,0.0,nan,9.030459392,nan,nan,22.0,0.0,22,nan
40.200076671441394,64.92805755395683,nan,0.0,nan,9.030459392,nan,nan,22.0,0.0,22,nan
40.216746119658154,57.014388489208635,nan,0.0,nan,9.05981952,nan,nan,19.0,0.0,22,nan
40.23342231909434,58.992805755395686,nan,0.0,nan,9.08079104,nan,nan,20.0,0.0,22,nan
40.25009483098984,60.431654676258994,nan,0.0,nan,9.08079104,nan,nan,21.0,0.0,22,nan
40.26677157481512,62.76978417266187,nan,0.0,nan,9.08079104,nan,nan,21.0,0.0,22,nan
40.28344461123149,62.949640287769796,nan,0.0,nan,9.08079104,nan,nan,21.0,0.0,22,nan
40.30012131134669,59.352517985611506,nan,0.0,nan,9.08079104,nan,nan,20.0,0.0,22,nan
40.31679224570592,62.589928057553955,nan,0.0,nan,9.08079104,nan,nan,21.0,0.0,22,nan
40.33346329927444,60.251798561151084,nan,0.0,nan,9.082888192,nan,nan,20.0,0.0,22,nan
40.35013310909271,60.251798561151084,nan,0.0,nan,9.156288512,nan,nan,20.0,0.0,22,nan
40.36680521965027,55.03597122302158,nan,0.0,nan,9.162579968,nan,nan,18.0,0.0,22,nan
40.38347520430883,57.194244604316545,nan,0.0,nan,9.162579968,nan,nan,19.0,0.0,22,nan
40.400146186351776,57.194244604316545,nan,0.0,nan,9.162579968,nan,nan,19.0,0.0,22,nan
40.41682173808416,57.194244604316545,nan,0.0,nan,9.168887808,nan,nan,19.0,0.0,22,nan
40.43349324862162,60.79136690647482,nan,0.0,nan,9.168887808,nan,nan,20.0,0.0,22,nan
40.4501704454422,59.352517985611506,nan,0.0,nan,9.168887808,nan,nan,20.0,0.0,22,nan
40.4668424765269,59.352517985611506,nan,0.0,nan,9.168887808,nan,nan,20.0,0.0,22,nan
40.483518127600355,59.352517985611506,nan,0.0,nan,9.168887808,nan,nan,20.0,0.0,22,nan
40.50019041697184,62.050359712230204,nan,0.0,nan,9.168887808,nan,nan,21.0,0.0,22,nan
40.516862193743385,59.71223021582735,nan,0.0,nan,9.168887808,nan,nan,20.0,0.0,22,nan
40.53353615999222,61.15107913669065,nan,0.0,nan,9.168887808,nan,nan,21.0,0.0,22,nan
40.550208353996275,58.992805755395686,nan,0.0,nan,9.168887808,nan,nan,20.0,0.0,22,nan
40.56687926848729,57.73381294964028,nan,0.0,nan,9.168887808,nan,nan,20.0,0.0,22,nan
40.583551029364266,58.453237410071935,nan,0.0,nan,9.168887808,nan,nan,20.0,0.0,22,nan
40.60022450288137,56.11510791366907,nan,0.0,nan,9.170980864,nan,nan,19.0,0.0,22,nan
40.61689489682515,56.11510791366907,nan,0.0,nan,9.661714432,nan,nan,19.0,0.0,22,nan
40.633569379647575,54.13669064748201,nan,0.0,nan,9.678491648,nan,nan,18.0,0.0,22,nan
40.6502409418424,57.55395683453237,nan,0.0,nan,9.678491648,nan,nan,20.0,0.0,22,nan
40.66691260735194,58.273381294964025,nan,0.0,nan,9.678491648,nan,nan,20.0,0.0,22,nan
40.68358354568481,58.453237410071935,nan,0.0,nan,9.678491648,nan,nan,20.0,0.0,22,nan
40.70025343894959,56.65467625899281,nan,0.0,nan,9.69107456,nan,nan,19.0,0.0,22,nan
40.716925573349,56.65467625899281,nan,0.0,nan,9.699463168,nan,nan,19.0,0.0,22,nan
40.73359758059184,52.15827338129496,nan,0.0,nan,9.70156032,nan,nan,17.0,0.0,22,nan
40.750271785259244,55.75539568345324,nan,0.0,nan,9.71204608,nan,nan,19.0,0.0,22,nan
40.76694716612498,55.93525179856116,nan,0.0,nan,9.846263808,nan,nan,19.0,0.0,22,nan
40.78362197081248,53.776978417266186,nan,0.0,nan,9.865138176,nan,nan,18.0,0.0,22,nan
40.80029803911845,56.11510791366907,nan,0.0,nan,9.865138176,nan,nan,19.0,0.0,22,nan
40.816970415910085,56.11510791366907,nan,0.0,nan,9.865138176,nan,nan,19.0,0.0,22,nan
40.83364320198695,56.11510791366907,nan,0.0,nan,9.223360512,nan,nan,19.0,0.0,21,nan
40.85032340288162,55.93525179856116,nan,0.0,nan,9.223360512,nan,nan,19.0,0.0,21,nan
40.86699262857437,56.11510791366907,nan,0.0,nan,9.223360512,nan,nan,19.0,0.0,21,nan
40.88367110093434,57.55395683453237,nan,0.0,nan,9.223360512,nan,nan,20.0,0.0,21,nan
40.90034302870433,60.07194244604317,nan,0.0,nan,9.223360512,nan,nan,20.0,0.0,21,nan
40.917012671629585,55.57553956834532,nan,0.0,nan,9.223360512,nan,nan,19.0,0.0,21,nan
40.93368843793869,55.93525179856116,nan,0.0,nan,9.223360512,nan,nan,19.0,0.0,21,nan
40.95036205848058,52.69784172661871,nan,0.0,nan,9.695227904,nan,nan,18.0,0.0,21,nan
40.96704061031342,53.05755395683454,nan,0.0,nan,9.697325056,nan,nan,18.0,0.0,21,nan
40.98371302684148,56.83453237410072,nan,0.0,nan,9.697325056,nan,nan,19.0,0.0,21,nan
41.00038891633351,53.05755395683454,nan,0.0,nan,9.697325056,nan,nan,18.0,0.0,21,nan
41.01706046263377,54.67625899280575,nan,0.0,nan,9.697325056,nan,nan,18.0,0.0,21,nan
41.033739960193635,56.83453237410072,nan,0.0,nan,9.697325056,nan,nan,19.0,0.0,21,nan
41.05041065613429,53.776978417266186,nan,0.0,nan,9.697325056,nan,nan,18.0,0.0,21,nan
41.067080875237785,51.25899280575539,nan,0.0,nan,9.699422208,nan,nan,17.0,0.0,21,nan
41.083754237492876,54.49640287769783,nan,0.0,nan,9.699422208,nan,nan,18.0,0.0,21,nan
41.10042708317439,56.83453237410072,nan,0.0,nan,9.699422208,nan,nan,19.0,0.0,21,nan
41.11710164546967,57.014388489208635,nan,0.0,nan,9.699422208,nan,nan,19.0,0.0,21,nan
41.13377319574356,57.014388489208635,nan,0.0,nan,9.699422208,nan,nan,19.0,0.0,21,nan
41.15044673681259,53.956834532374096,nan,0.0,nan,9.699422208,nan,nan,18.0,0.0,21,nan
41.16711948315302,53.956834532374096,nan,0.0,nan,9.699422208,nan,nan,18.0,0.0,21,nan
41.18379199902217,51.438848920863315,nan,0.0,nan,9.699422208,nan,nan,17.0,0.0,21,nan
41.2004650592804,54.67625899280575,nan,0.0,nan,9.760239616,nan,nan,18.0,0.0,21,nan
41.217138131459556,57.55395683453237,nan,0.0,nan,9.777016832,nan,nan,19.0,0.0,21,nan
41.2338107307752,57.55395683453237,nan,0.0,nan,9.78540544,nan,nan,19.0,0.0,21,nan
41.250486044089,58.453237410071935,nan,0.0,nan,9.789599744,nan,nan,19.0,0.0,21,nan
41.26715604464213,57.9136690647482,nan,0.0,nan,9.789599744,nan,nan,19.0,0.0,21,nan
41.283828206857045,53.597122302158276,nan,0.0,nan,9.829445632,nan,nan,18.0,0.0,21,nan
41.300504899024965,60.251798561151084,nan,0.0,nan,9.854611456,nan,nan,20.0,0.0,21,nan
41.31717720429103,60.251798561151084,nan,0.0,nan,9.854611456,nan,nan,20.0,0.0,21,nan
41.33385177453359,57.37410071942446,nan,0.0,nan,9.854611456,nan,nan,19.0,0.0,21,nan
41.35052409172058,60.431654676258994,nan,0.0,nan,9.854611456,nan,nan,20.0,0.0,21,nan
41.367197052637735,52.69784172661871,nan,0.0,nan,9.854611456,nan,nan,17.0,0.0,21,nan
41.38387219905853,58.09352517985611,nan,0.0,nan,9.863000064,nan,nan,19.0,0.0,21,nan
41.40054535468419,58.09352517985611,nan,0.0,nan,9.865097216,nan,nan,19.0,0.0,21,nan
41.41722091039022,55.75539568345324,nan,0.0,nan,9.865097216,nan,nan,18.0,0.0,21,nan
41.43389345407486,58.273381294964025,nan,0.0,nan,9.87977728,nan,nan,19.0,0.0,21,nan
41.450568207105,55.93525179856116,nan,0.0,nan,9.883971584,nan,nan,18.0,0.0,21,nan
41.467240830262504,58.273381294964025,nan,0.0,nan,9.883971584,nan,nan,19.0,0.0,21,nan
41.48391315142314,58.273381294964025,nan,0.0,nan,9.883971584,nan,nan,19.0,0.0,21,nan
41.50058552424113,58.273381294964025,nan,0.0,nan,9.886068736,nan,nan,19.0,0.0,21,nan
41.517258707682295,58.273381294964025,nan,0.0,nan,9.89026304,nan,nan,19.0,0.0,21,nan
41.53393077850342,58.273381294964025,nan,0.0,nan,9.892360192,nan,nan,19.0,0.0,21,nan
41.55060325860977,52.517985611510795,nan,0.0,nan,9.894457344,nan,nan,17.0,0.0,21,nan
41.567276167869565,55.93525179856116,nan,0.0,nan,9.938497536,nan,nan,18.0,0.0,21,nan
41.58394844532013,55.93525179856116,nan,0.0,nan,9.967857664,nan,nan,18.0,0.0,21,nan
41.60062101682027,53.41726618705036,nan,0.0,nan,9.984651264,nan,nan,17.0,0.0,21,nan
41.617293552557626,53.41726618705036,nan,0.0,nan,10.003542016,nan,nan,17.0,0.0,21,nan
41.633972851435345,53.41726618705036,nan,0.0,nan,10.016124928,nan,nan,17.0,0.0,21,nan
41.650645554065704,53.41726618705036,nan,0.0,nan,10.016124928,nan,nan,17.0,0.0,21,nan
41.66731919447581,56.29496402877698,nan,0.0,nan,10.030804992,nan,nan,18.0,0.0,21,nan
41.68399145205816,56.29496402877698,nan,0.0,nan,10.139856896,nan,nan,18.0,0.0,21,nan
41.70066389640172,56.4748201438849,nan,0.0,nan,10.160828416,nan,nan,18.0,0.0,21,nan
41.71733660300573,56.4748201438849,nan,0.0,nan,10.160828416,nan,nan,18.0,0.0,21,nan
41.73400712410609,56.65467625899281,nan,0.0,nan,9.007341568,nan,nan,18.0,0.0,21,nan
41.75068525870641,56.65467625899281,nan,0.0,nan,9.01992448,nan,nan,18.0,0.0,20,nan
41.76735817988713,51.798561151079134,nan,0.0,nan,9.024118784,nan,nan,16.0,0.0,20,nan
41.784030365943906,60.251798561151084,nan,0.0,nan,9.024118784,nan,nan,19.0,0.0,20,nan
41.800702726840974,58.63309352517986,nan,0.0,nan,9.024118784,nan,nan,19.0,0.0,20,nan
41.81737490495046,58.63309352517986,nan,0.0,nan,9.024118784,nan,nan,19.0,0.0,20,nan
41.83404759565989,58.63309352517986,nan,0.0,nan,9.024118784,nan,nan,19.0,0.0,20,nan
41.850719741980235,56.29496402877698,nan,0.0,nan,9.02621184,nan,nan,18.0,0.0,20,nan
41.86739191611608,56.29496402877698,nan,0.0,nan,9.02621184,nan,nan,18.0,0.0,20,nan
41.88406208356221,56.29496402877698,nan,0.0,nan,9.02621184,nan,nan,18.0,0.0,20,nan
41.90073475042979,50.53956834532374,nan,0.0,nan,9.02621184,nan,nan,16.0,0.0,20,nan
41.91740737358729,50.53956834532374,nan,0.0,nan,9.034600448,nan,nan,16.0,0.0,20,nan
41.93408028682073,51.97841726618705,nan,0.0,nan,9.034600448,nan,nan,17.0,0.0,20,nan
41.95075196027756,56.83453237410072,nan,0.0,nan,9.034600448,nan,nan,18.0,0.0,20,nan
41.96742396354675,56.4748201438849,nan,0.0,nan,9.034600448,nan,nan,18.0,0.0,20,nan
41.98409773906072,56.4748201438849,nan,0.0,nan,9.034600448,nan,nan,18.0,0.0,20,nan
42.0007700920105,53.05755395683454,nan,0.0,nan,9.0366976,nan,nan,17.0,0.0,20,nan
42.01744651397069,51.25899280575539,nan,0.0,nan,9.061863424,nan,nan,17.0,0.0,20,nan
42.03411956628164,51.798561151079134,nan,0.0,nan,9.06815488,nan,nan,17.0,0.0,20,nan
42.05078986485799,45.68345323741008,nan,0.0,nan,9.070252032,nan,nan,15.0,0.0,20,nan
42.067461315790815,48.02158273381295,nan,0.0,nan,9.072349184,nan,nan,16.0,0.0,20,nan
42.08413566350937,51.25899280575539,nan,0.0,nan,9.074446336,nan,nan,17.0,0.0,20,nan
42.10080807606379,48.561151079136685,nan,0.0,nan,9.076543488,nan,nan,16.0,0.0,20,nan
42.117479248841605,50.719424460431654,nan,0.0,nan,9.080762368,nan,nan,17.0,0.0,20,nan
42.1341514468193,48.7410071942446,nan,0.0,nan,9.162551296,nan,nan,16.0,0.0,20,nan
42.15082121690114,45.32374100719424,nan,0.0,nan,8.136966144,nan,nan,15.0,0.0,19,nan
42.16749776204427,48.381294964028775,nan,0.0,nan,8.136966144,nan,nan,16.0,0.0,19,nan
42.18417131503423,48.381294964028775,nan,0.0,nan,8.136966144,nan,nan,16.0,0.0,19,nan
42.20084417263667,48.92086330935251,nan,0.0,nan,7.528701952,nan,nan,16.0,0.0,18,nan
42.21752112706502,45.86330935251799,nan,0.0,nan,7.528701952,nan,nan,15.0,0.0,18,nan
42.23419467608134,49.10071942446043,nan,0.0,nan,7.528701952,nan,nan,16.0,0.0,18,nan
42.250865145524344,49.10071942446043,nan,0.0,nan,7.528701952,nan,nan,16.0,0.0,18,nan
42.26753921906153,46.58273381294964,nan,0.0,nan,7.528701952,nan,nan,15.0,0.0,18,nan
42.28421260118485,49.10071942446043,nan,0.0,nan,7.528701952,nan,nan,16.0,0.0,18,nan
42.300890398025516,49.46043165467626,nan,0.0,nan,7.528701952,nan,nan,16.0,0.0,18,nan
42.317564419905345,49.46043165467626,nan,0.0,nan,7.528701952,nan,nan,16.0,0.0,18,nan
42.33423523505529,50.17985611510791,nan,0.0,nan,7.528701952,nan,nan,16.0,0.0,18,nan
42.350910969575246,46.58273381294964,nan,0.0,nan,7.528701952,nan,nan,15.0,0.0,18,nan
42.36758395036062,52.69784172661871,nan,0.0,nan,7.528701952,nan,nan,17.0,0.0,18,nan
42.38425745566686,52.15827338129496,nan,0.0,nan,7.528701952,nan,nan,17.0,0.0,18,nan
42.40092899004618,52.15827338129496,nan,0.0,nan,7.528701952,nan,nan,17.0,0.0,18,nan
42.41760536432266,47.12230215827338,nan,0.0,nan,7.541284864,nan,nan,16.0,0.0,18,nan
42.434277669588724,48.561151079136685,nan,0.0,nan,7.541284864,nan,nan,17.0,0.0,18,nan
42.450953495502475,51.438848920863315,nan,0.0,nan,7.541284864,nan,nan,17.0,0.0,18,nan
42.467624926567076,52.338129496402885,nan,0.0,nan,7.541284864,nan,nan,17.0,0.0,18,nan
42.48429516553879,51.438848920863315,nan,0.0,nan,7.541284864,nan,nan,17.0,0.0,18,nan
42.50097204844157,51.438848920863315,nan,0.0,nan,7.541284864,nan,nan,17.0,0.0,18,nan
42.51764417092006,46.402877697841724,nan,0.0,nan,7.541284864,nan,nan,15.0,0.0,18,nan
42.534323863188426,51.438848920863315,nan,0.0,nan,7.541284864,nan,nan,17.0,0.0,18,nan
42.55099656979243,51.438848920863315,nan,0.0,nan,7.541284864,nan,nan,17.0,0.0,18,nan
42.56766874790192,51.438848920863315,nan,0.0,nan,7.541284864,nan,nan,17.0,0.0,18,nan
42.58434125979741,47.48201438848921,nan,0.0,nan,7.541284864,nan,nan,16.0,0.0,18,nan
42.60101442337036,51.25899280575539,nan,0.0,nan,7.541284864,nan,nan,17.0,0.0,18,nan
42.61768673658371,51.25899280575539,nan,0.0,nan,7.541284864,nan,nan,17.0,0.0,18,nan
42.63435893456141,51.25899280575539,nan,0.0,nan,7.541284864,nan,nan,17.0,0.0,18,nan
42.65103073914846,48.92086330935251,nan,0.0,nan,7.541284864,nan,nan,16.0,0.0,18,nan
42.667702956994376,51.618705035971225,nan,0.0,nan,7.541284864,nan,nan,17.0,0.0,18,nan
42.68437507549922,51.618705035971225,nan,0.0,nan,7.541284864,nan,nan,17.0,0.0,18,nan
42.70104742050171,48.92086330935251,nan,0.0,nan,7.541284864,nan,nan,16.0,0.0,18,nan
42.717719825108844,51.438848920863315,nan,0.0,nan,7.541284864,nan,nan,17.0,0.0,18,nan
42.7343918244044,51.438848920863315,nan,0.0,nan,7.541284864,nan,nan,17.0,0.0,18,nan
42.751070245107016,51.438848920863315,nan,0.0,nan,7.541284864,nan,nan,17.0,0.0,18,nan
42.767744080225626,51.438848920863315,nan,0.0,nan,7.541284864,nan,nan,17.0,0.0,18,nan
42.784423128763834,49.10071942446043,nan,0.0,nan,7.541284864,nan,nan,16.0,0.0,18,nan
42.801095163822175,51.438848920863315,nan,0.0,nan,7.541284864,nan,nan,17.0,0.0,18,nan
42.81776988506317,51.618705035971225,nan,0.0,nan,7.541284864,nan,nan,17.0,0.0,18,nan
42.834442440668745,49.280575539568346,nan,0.0,nan,7.541284864,nan,nan,16.0,0.0,18,nan
42.851112043857576,48.561151079136685,nan,0.0,nan,7.541284864,nan,nan,16.0,0.0,18,nan
42.86778558890025,48.7410071942446,nan,0.0,nan,7.541284864,nan,nan,16.0,0.0,18,nan
42.88445986111959,51.798561151079134,nan,0.0,nan,7.541284864,nan,nan,17.0,0.0,18,nan
42.9011363307635,51.97841726618705,nan,0.0,nan,7.541284864,nan,nan,17.0,0.0,18,nan
42.91781190633774,46.76258992805755,nan,0.0,nan,7.541284864,nan,nan,16.0,0.0,18,nan
42.93448504606883,48.201438848920866,nan,0.0,nan,7.541284864,nan,nan,17.0,0.0,18,nan
42.951158142089845,51.07913669064747,nan,0.0,nan,7.541284864,nan,nan,17.0,0.0,18,nan
42.967836836973824,51.97841726618705,nan,0.0,nan,7.541284864,nan,nan,17.0,0.0,18,nan
42.984508419036864,52.338129496402885,nan,0.0,nan,7.541284864,nan,nan,17.0,0.0,18,nan
43.001180505752565,51.97841726618705,nan,0.0,nan,7.541284864,nan,nan,17.0,0.0,18,nan
43.0178551475207,52.15827338129496,nan,0.0,nan,7.541284864,nan,nan,17.0,0.0,18,nan
43.034524989128116,52.15827338129496,nan,0.0,nan,7.541284864,nan,nan,17.0,0.0,18,nan
43.0511959751447,52.338129496402885,nan,0.0,nan,7.541284864,nan,nan,17.0,0.0,18,nan
43.06786837180456,52.338129496402885,nan,0.0,nan,7.541284864,nan,nan,17.0,0.0,18,nan
43.084539385636646,52.338129496402885,nan,0.0,nan,7.541284864,nan,nan,17.0,0.0,18,nan
43.101212306817374,52.338129496402885,nan,0.0,nan,7.541284864,nan,nan,17.0,0.0,18,nan
43.11788460810979,52.338129496402885,nan,0.0,nan,7.541284864,nan,nan,17.0,0.0,18,nan
43.134555558363594,52.338129496402885,nan,0.0,nan,7.541284864,nan,nan,17.0,0.0,18,nan
43.151230704784396,52.517985611510795,nan,0.0,nan,7.541284864,nan,nan,17.0,0.0,18,nan
43.16790186564128,53.23741007194245,nan,0.0,nan,7.541284864,nan,nan,17.0,0.0,18,nan
43.184576817353566,49.280575539568346,nan,0.0,nan,7.541284864,nan,nan,16.0,0.0,18,nan
43.20125255187352,51.97841726618705,nan,0.0,nan,7.541284864,nan,nan,17.0,0.0,18,nan
43.21792654196421,51.618705035971225,nan,0.0,nan,7.541284864,nan,nan,17.0,0.0,18,nan
43.234602344036105,48.92086330935251,nan,0.0,nan,7.541284864,nan,nan,16.0,0.0,18,nan
43.251274573802945,48.7410071942446,nan,0.0,nan,7.543382016,nan,nan,16.0,0.0,18,nan
43.267952076594035,48.92086330935251,nan,0.0,nan,7.543382016,nan,nan,16.0,0.0,18,nan
43.28462297121684,48.92086330935251,nan,0.0,nan,7.543382016,nan,nan,16.0,0.0,18,nan
43.30129750569662,48.561151079136685,nan,0.0,nan,7.543382016,nan,nan,16.0,0.0,18,nan
43.31797245343526,48.7410071942446,nan,0.0,nan,7.543382016,nan,nan,16.0,0.0,18,nan
43.334646666049956,48.7410071942446,nan,0.0,nan,7.543382016,nan,nan,16.0,0.0,18,nan
43.3513201991717,48.7410071942446,nan,0.0,nan,7.543382016,nan,nan,16.0,0.0,18,nan
43.3679931640625,48.92086330935251,nan,0.0,nan,7.543382016,nan,nan,16.0,0.0,18,nan
43.384671568870544,51.798561151079134,nan,0.0,nan,7.543382016,nan,nan,17.0,0.0,18,nan
43.40134673515956,53.05755395683454,nan,0.0,nan,6.855643136,nan,nan,17.0,0.0,17,nan
43.418022604783374,52.15827338129496,nan,0.0,nan,6.855643136,nan,nan,17.0,0.0,17,nan
43.43469397226969,52.15827338129496,nan,0.0,nan,6.855643136,nan,nan,17.0,0.0,17,nan
43.45137135982513,49.46043165467626,nan,0.0,nan,6.855643136,nan,nan,16.0,0.0,17,nan
43.46804525454839,48.561151079136685,nan,0.0,nan,6.855643136,nan,nan,16.0,0.0,17,nan
43.48472159703572,51.798561151079134,nan,0.0,nan,6.8703232,nan,nan,17.0,0.0,17,nan
43.501395304997764,51.798561151079134,nan,0.0,nan,6.8703232,nan,nan,17.0,0.0,17,nan
43.51806876262029,51.798561151079134,nan,0.0,nan,6.8703232,nan,nan,17.0,0.0,17,nan
43.534741501013436,51.97841726618705,nan,0.0,nan,6.8703232,nan,nan,17.0,0.0,17,nan
43.55141389767329,51.97841726618705,nan,0.0,nan,6.8703232,nan,nan,17.0,0.0,17,nan
43.56808644930522,51.97841726618705,nan,0.0,nan,6.8703232,nan,nan,17.0,0.0,17,nan
43.584758770465854,48.92086330935251,nan,0.0,nan,6.8703232,nan,nan,16.0,0.0,17,nan
43.60143156449,42.985611510791365,nan,0.0,nan,6.8703232,nan,nan,14.0,0.0,17,nan
43.61810411612193,49.10071942446043,nan,0.0,nan,6.874517504,nan,nan,16.0,0.0,17,nan
43.634776413440704,48.561151079136685,nan,0.0,nan,6.878711808,nan,nan,16.0,0.0,17,nan
43.65145329634348,48.7410071942446,nan,0.0,nan,6.887104512,nan,nan,16.0,0.0,17,nan
43.66812601486842,48.7410071942446,nan,0.0,nan,6.9269504,nan,nan,16.0,0.0,17,nan
43.684805727005006,48.7410071942446,nan,0.0,nan,6.933241856,nan,nan,16.0,0.0,17,nan
43.70147801240285,48.7410071942446,nan,0.0,nan,6.933241856,nan,nan,16.0,0.0,17,nan
43.718152940273285,48.7410071942446,nan,0.0,nan,6.933241856,nan,nan,16.0,0.0,17,nan
43.73482752243678,48.7410071942446,nan,0.0,nan,6.321000448,nan,nan,16.0,0.0,16,nan
43.75150298674901,44.96402877697842,nan,0.0,nan,6.321000448,nan,nan,15.0,0.0,16,nan
43.76817542711894,48.92086330935251,nan,0.0,nan,6.321000448,nan,nan,16.0,0.0,16,nan
43.78484805027644,49.10071942446043,nan,0.0,nan,6.321000448,nan,nan,16.0,0.0,16,nan
43.80152043501536,49.82014388489209,nan,0.0,nan,6.321000448,nan,nan,16.0,0.0,16,nan
43.81819310188293,45.86330935251799,nan,0.0,nan,6.321000448,nan,nan,15.0,0.0,16,nan
43.834865121046704,49.10071942446043,nan,0.0,nan,6.321000448,nan,nan,16.0,0.0,16,nan
43.85153810183207,49.280575539568346,nan,0.0,nan,6.321000448,nan,nan,16.0,0.0,16,nan
43.86821033159892,49.280575539568346,nan,0.0,nan,6.321000448,nan,nan,16.0,0.0,16,nan
43.884886773427326,49.64028776978417,nan,0.0,nan,6.321000448,nan,nan,16.0,0.0,16,nan
43.90155905882518,49.64028776978417,nan,0.0,nan,6.321000448,nan,nan,16.0,0.0,16,nan
43.918231121699016,50.0,nan,0.0,nan,6.321000448,nan,nan,16.0,0.0,16,nan
43.93490333557129,50.0,nan,0.0,nan,6.321000448,nan,nan,16.0,0.0,16,nan
43.951575899124144,48.381294964028775,nan,0.0,nan,6.321000448,nan,nan,15.0,0.0,16,nan
43.96825220187505,50.719424460431654,nan,0.0,nan,6.321000448,nan,nan,16.0,0.0,16,nan
43.984925254185995,50.17985611510791,nan,0.0,nan,6.321000448,nan,nan,16.0,0.0,16,nan
44.00159755945206,50.899280575539564,nan,0.0,nan,6.321000448,nan,nan,16.0,0.0,16,nan
44.018269991874696,50.35971223021583,nan,0.0,nan,6.321000448,nan,nan,16.0,0.0,16,nan
44.0349425872167,50.35971223021583,nan,0.0,nan,6.321000448,nan,nan,16.0,0.0,16,nan
44.05161494811376,50.35971223021583,nan,0.0,nan,6.321000448,nan,nan,16.0,0.0,16,nan
44.068287972609205,47.12230215827338,nan,0.0,nan,6.3230976,nan,nan,15.0,0.0,16,nan
44.08496048053106,50.53956834532374,nan,0.0,nan,6.3230976,nan,nan,16.0,0.0,16,nan
44.10163586934407,50.53956834532374,nan,0.0,nan,6.3230976,nan,nan,16.0,0.0,16,nan
44.118308289845785,50.53956834532374,nan,0.0,nan,6.3230976,nan,nan,16.0,0.0,16,nan
44.13497891426086,50.53956834532374,nan,0.0,nan,6.3230976,nan,nan,16.0,0.0,16,nan
44.15165300766627,50.719424460431654,nan,0.0,nan,6.3230976,nan,nan,16.0,0.0,16,nan
44.16832520167033,50.35971223021583,nan,0.0,nan,6.3230976,nan,nan,16.0,0.0,16,nan
44.1849980990092,50.35971223021583,nan,0.0,nan,6.3230976,nan,nan,16.0,0.0,16,nan
44.20166968107223,50.35971223021583,nan,0.0,nan,6.3230976,nan,nan,16.0,0.0,16,nan
44.218342490990956,50.53956834532374,nan,0.0,nan,6.3230976,nan,nan,16.0,0.0,16,nan
44.235014617443085,50.719424460431654,nan,0.0,nan,6.3230976,nan,nan,16.0,0.0,16,nan
44.25168666044871,48.92086330935251,nan,0.0,nan,6.3230976,nan,nan,15.0,0.0,16,nan
44.268361334005995,50.719424460431654,nan,0.0,nan,6.3230976,nan,nan,16.0,0.0,16,nan
44.285037012894946,50.35971223021583,nan,0.0,nan,6.3230976,nan,nan,16.0,0.0,16,nan
44.30171073675156,50.35971223021583,nan,0.0,nan,6.3230976,nan,nan,16.0,0.0,16,nan
44.318383582433064,48.7410071942446,nan,0.0,nan,6.3230976,nan,nan,15.0,0.0,16,nan
44.33505558172862,50.35971223021583,nan,0.0,nan,6.3230976,nan,nan,16.0,0.0,16,nan
44.35172719160716,47.84172661870504,nan,0.0,nan,6.3230976,nan,nan,15.0,0.0,16,nan
44.368403589725496,50.35971223021583,nan,0.0,nan,6.3230976,nan,nan,16.0,0.0,16,nan
44.38507736523946,50.35971223021583,nan,0.0,nan,6.3230976,nan,nan,16.0,0.0,16,nan
44.40175443092982,50.35971223021583,nan,0.0,nan,6.3230976,nan,nan,16.0,0.0,16,nan
44.418425393104556,50.35971223021583,nan,0.0,nan,6.3230976,nan,nan,16.0,0.0,16,nan
44.43509477376938,48.7410071942446,nan,0.0,nan,6.3230976,nan,nan,15.0,0.0,16,nan
44.451768986384074,50.899280575539564,nan,0.0,nan,6.3230976,nan,nan,16.0,0.0,16,nan
44.46843901872635,50.35971223021583,nan,0.0,nan,6.3230976,nan,nan,16.0,0.0,16,nan
44.4851112484932,50.53956834532374,nan,0.0,nan,6.3230976,nan,nan,16.0,0.0,16,nan
44.501786748568215,50.53956834532374,nan,0.0,nan,6.3230976,nan,nan,16.0,0.0,16,nan
44.51845933596293,50.53956834532374,nan,0.0,nan,6.3230976,nan,nan,16.0,0.0,16,nan
44.53512980540594,50.53956834532374,nan,0.0,nan,6.3230976,nan,nan,16.0,0.0,16,nan
44.55180246035258,50.53956834532374,nan,0.0,nan,6.325194752,nan,nan,16.0,0.0,16,nan
44.56847491264343,50.53956834532374,nan,0.0,nan,6.325194752,nan,nan,16.0,0.0,16,nan
44.58514781395594,50.719424460431654,nan,0.0,nan,6.325194752,nan,nan,16.0,0.0,16,nan
44.60182003974914,50.719424460431654,nan,0.0,nan,6.325194752,nan,nan,16.0,0.0,16,nan
44.61849242448807,50.719424460431654,nan,0.0,nan,6.325194752,nan,nan,16.0,0.0,16,nan
44.635163724422455,50.719424460431654,nan,0.0,nan,6.325194752,nan,nan,16.0,0.0,16,nan
44.65183594226837,46.58273381294964,nan,0.0,nan,6.325194752,nan,nan,15.0,0.0,16,nan
44.66850818792979,48.02158273381295,nan,0.0,nan,6.325194752,nan,nan,16.0,0.0,16,nan
44.685179181893666,47.30215827338129,nan,0.0,nan,6.329389056,nan,nan,15.0,0.0,16,nan
44.701851610342665,46.58273381294964,nan,0.0,nan,6.331486208,nan,nan,15.0,0.0,16,nan
44.7185240149498,46.76258992805755,nan,0.0,nan,6.331486208,nan,nan,15.0,0.0,16,nan
44.73519634405772,46.76258992805755,nan,0.0,nan,6.371332096,nan,nan,15.0,0.0,16,nan
44.751869289080304,46.94244604316546,nan,0.0,nan,6.463606784,nan,nan,15.0,0.0,16,nan
44.76854191621145,46.94244604316546,nan,0.0,nan,6.467801088,nan,nan,15.0,0.0,16,nan
44.78521463871002,47.12230215827338,nan,0.0,nan,6.467801088,nan,nan,15.0,0.0,16,nan
44.801886610190074,45.32374100719424,nan,0.0,nan,5.77380352,nan,nan,14.0,0.0,15,nan
44.818561542034146,47.30215827338129,nan,0.0,nan,5.77380352,nan,nan,15.0,0.0,15,nan
44.83523685137431,47.30215827338129,nan,0.0,nan,5.77380352,nan,nan,15.0,0.0,15,nan
44.851908413569134,47.66187050359713,nan,0.0,nan,5.77380352,nan,nan,15.0,0.0,15,nan
44.86858073472977,47.66187050359713,nan,0.0,nan,5.77380352,nan,nan,15.0,0.0,15,nan
44.88525399367015,47.84172661870504,nan,0.0,nan,5.77380352,nan,nan,15.0,0.0,15,nan
44.90192563931147,47.84172661870504,nan,0.0,nan,5.77380352,nan,nan,15.0,0.0,15,nan
44.9185977657636,47.84172661870504,nan,0.0,nan,5.77380352,nan,nan,15.0,0.0,15,nan
44.93527106841405,48.02158273381295,nan,0.0,nan,5.77380352,nan,nan,15.0,0.0,15,nan
44.95194338957469,48.02158273381295,nan,0.0,nan,5.77380352,nan,nan,15.0,0.0,15,nan
44.968620558579765,48.02158273381295,nan,0.0,nan,5.77380352,nan,nan,15.0,0.0,15,nan
44.98529240687688,48.02158273381295,nan,0.0,nan,5.77380352,nan,nan,15.0,0.0,15,nan
45.00196485519409,48.201438848920866,nan,0.0,nan,5.77380352,nan,nan,15.0,0.0,15,nan
45.01863782405853,48.381294964028775,nan,0.0,nan,5.77380352,nan,nan,15.0,0.0,15,nan
45.035309890906014,48.381294964028775,nan,0.0,nan,5.77380352,nan,nan,15.0,0.0,15,nan
45.05198567310969,48.561151079136685,nan,0.0,nan,5.77380352,nan,nan,15.0,0.0,15,nan
45.06865772803624,48.7410071942446,nan,0.0,nan,5.77380352,nan,nan,15.0,0.0,15,nan
45.08533000946045,48.7410071942446,nan,0.0,nan,5.77380352,nan,nan,15.0,0.0,15,nan
45.10200227101644,48.92086330935251,nan,0.0,nan,5.77380352,nan,nan,15.0,0.0,15,nan
45.11867542266846,48.92086330935251,nan,0.0,nan,5.77380352,nan,nan,15.0,0.0,15,nan
45.135347068309784,48.92086330935251,nan,0.0,nan,5.77380352,nan,nan,15.0,0.0,15,nan
45.1520201921463,48.7410071942446,nan,0.0,nan,5.77380352,nan,nan,15.0,0.0,15,nan
45.16869303782781,48.7410071942446,nan,0.0,nan,5.77380352,nan,nan,15.0,0.0,15,nan
45.18536957105001,46.402877697841724,nan,0.0,nan,5.77380352,nan,nan,14.0,0.0,15,nan
45.202042587598164,48.7410071942446,nan,0.0,nan,5.77380352,nan,nan,15.0,0.0,15,nan
45.21871527433395,48.7410071942446,nan,0.0,nan,5.77380352,nan,nan,15.0,0.0,15,nan
45.235388139883675,48.7410071942446,nan,0.0,nan,5.77380352,nan,nan,15.0,0.0,15,nan
45.25206045309702,48.7410071942446,nan,0.0,nan,5.77380352,nan,nan,15.0,0.0,15,nan
45.26873547236125,48.7410071942446,nan,0.0,nan,5.77380352,nan,nan,15.0,0.0,15,nan
45.28540759483973,48.7410071942446,nan,0.0,nan,5.77380352,nan,nan,15.0,0.0,15,nan
45.302079661687216,48.7410071942446,nan,0.0,nan,5.77380352,nan,nan,15.0,0.0,15,nan
45.31875215768814,48.7410071942446,nan,0.0,nan,5.77380352,nan,nan,15.0,0.0,15,nan
45.335424383481346,46.76258992805755,nan,0.0,nan,5.77380352,nan,nan,14.0,0.0,15,nan
45.352096327145894,48.7410071942446,nan,0.0,nan,5.77380352,nan,nan,15.0,0.0,15,nan
45.36876886685689,47.12230215827338,nan,0.0,nan,5.77380352,nan,nan,14.0,0.0,15,nan
45.38544196685155,48.561151079136685,nan,0.0,nan,5.77380352,nan,nan,15.0,0.0,15,nan
45.40211306810379,46.76258992805755,nan,0.0,nan,5.77380352,nan,nan,14.0,0.0,15,nan
45.41878571112951,48.7410071942446,nan,0.0,nan,5.77380352,nan,nan,15.0,0.0,15,nan
45.43545786937078,48.92086330935251,nan,0.0,nan,5.77380352,nan,nan,15.0,0.0,15,nan
45.45213068723679,48.92086330935251,nan,0.0,nan,5.77380352,nan,nan,15.0,0.0,15,nan
45.46880309979121,48.92086330935251,nan,0.0,nan,5.77380352,nan,nan,15.0,0.0,15,nan
45.48547399044037,48.92086330935251,nan,0.0,nan,5.77380352,nan,nan,15.0,0.0,15,nan
45.502147730191545,49.10071942446043,nan,0.0,nan,5.77380352,nan,nan,15.0,0.0,15,nan
45.518821660677595,49.280575539568346,nan,0.0,nan,5.77380352,nan,nan,15.0,0.0,15,nan
45.535492924849194,49.46043165467626,nan,0.0,nan,5.77380352,nan,nan,15.0,0.0,15,nan
45.552174576123555,49.64028776978417,nan,0.0,nan,5.77380352,nan,nan,15.0,0.0,15,nan
45.56884665489197,49.64028776978417,nan,0.0,nan,5.77380352,nan,nan,15.0,0.0,15,nan
45.585519806543985,49.64028776978417,nan,0.0,nan,5.77380352,nan,nan,15.0,0.0,15,nan
45.60219302574794,49.64028776978417,nan,0.0,nan,5.77380352,nan,nan,15.0,0.0,15,nan
45.618870385487874,49.82014388489209,nan,0.0,nan,5.77380352,nan,nan,15.0,0.0,15,nan
45.635543588797255,45.68345323741008,nan,0.0,nan,5.790580736,nan,nan,14.0,0.0,15,nan
45.652220010757446,50.53956834532374,nan,0.0,nan,5.8052608,nan,nan,15.0,0.0,15,nan
45.668893996874495,46.223021582733814,nan,0.0,nan,5.8052608,nan,nan,14.0,0.0,15,nan
45.685571642716724,49.82014388489209,nan,0.0,nan,5.8052608,nan,nan,15.0,0.0,15,nan
45.70224360624949,49.82014388489209,nan,0.0,nan,5.8052608,nan,nan,15.0,0.0,15,nan
45.718921641508736,46.76258992805755,nan,0.0,nan,5.8052608,nan,nan,14.0,0.0,15,nan
45.73559242486954,49.280575539568346,nan,0.0,nan,5.8052608,nan,nan,15.0,0.0,15,nan
45.752269021670024,49.280575539568346,nan,0.0,nan,5.8052608,nan,nan,15.0,0.0,15,nan
45.76894179582596,49.46043165467626,nan,0.0,nan,5.8052608,nan,nan,15.0,0.0,15,nan
45.78561353683472,49.64028776978417,nan,0.0,nan,5.8052608,nan,nan,15.0,0.0,15,nan
45.802284971872965,49.82014388489209,nan,0.0,nan,5.8052608,nan,nan,15.0,0.0,15,nan
45.81895745197932,46.223021582733814,nan,0.0,nan,5.8052608,nan,nan,15.0,0.0,15,nan
45.835629153251645,47.66187050359713,nan,0.0,nan,5.8052608,nan,nan,15.0,0.0,15,nan
45.852301847934726,44.06474820143885,nan,0.0,nan,5.8052608,nan,nan,14.0,0.0,15,nan
45.868973314762115,45.14388489208633,nan,0.0,nan,5.8052608,nan,nan,14.0,0.0,15,nan
45.88564587434133,47.66187050359713,nan,0.0,nan,5.8052608,nan,nan,15.0,0.0,15,nan
45.902318783601125,47.66187050359713,nan,0.0,nan,5.8052608,nan,nan,15.0,0.0,15,nan
45.91899005174637,47.84172661870504,nan,0.0,nan,5.8052608,nan,nan,15.0,0.0,15,nan
45.935661152998605,47.84172661870504,nan,0.0,nan,5.8052608,nan,nan,15.0,0.0,15,nan
45.952336911360426,47.84172661870504,nan,0.0,nan,5.8052608,nan,nan,15.0,0.0,15,nan
45.96900913317998,47.84172661870504,nan,0.0,nan,5.8052608,nan,nan,15.0,0.0,15,nan
45.98568192720413,47.84172661870504,nan,0.0,nan,5.8052608,nan,nan,15.0,0.0,15,nan
46.00235510269801,47.84172661870504,nan,0.0,nan,5.8052608,nan,nan,15.0,0.0,15,nan
46.01903065045675,47.84172661870504,nan,0.0,nan,5.8052608,nan,nan,15.0,0.0,15,nan
46.0357021689415,47.84172661870504,nan,0.0,nan,5.8052608,nan,nan,15.0,0.0,15,nan
46.052374466260275,47.84172661870504,nan,0.0,nan,5.8052608,nan,nan,15.0,0.0,15,nan
46.069045154253644,44.06474820143885,nan,0.0,nan,5.8052608,nan,nan,14.0,0.0,15,nan
46.08572465578715,47.84172661870504,nan,0.0,nan,5.8052608,nan,nan,15.0,0.0,15,nan
46.10239701271057,47.84172661870504,nan,0.0,nan,5.8052608,nan,nan,15.0,0.0,15,nan
46.11906874577205,47.84172661870504,nan,0.0,nan,5.8052608,nan,nan,15.0,0.0,15,nan
46.13573851188024,44.60431654676259,nan,0.0,nan,5.8052608,nan,nan,14.0,0.0,15,nan
46.15240810314814,44.7841726618705,nan,0.0,nan,5.8052608,nan,nan,14.0,0.0,15,nan
46.16907842954,47.48201438848921,nan,0.0,nan,5.8052608,nan,nan,15.0,0.0,15,nan
46.185750567913054,47.48201438848921,nan,0.0,nan,5.8052608,nan,nan,15.0,0.0,15,nan
46.20242194334666,43.70503597122302,nan,0.0,nan,5.8052608,nan,nan,14.0,0.0,15,nan
46.21909332672755,43.70503597122302,nan,0.0,nan,5.807357952,nan,nan,14.0,0.0,15,nan
46.23576892217,47.48201438848921,nan,0.0,nan,5.807357952,nan,nan,15.0,0.0,15,nan
46.2524406115214,47.66187050359713,nan,0.0,nan,5.807357952,nan,nan,15.0,0.0,15,nan
46.26911318699519,43.70503597122302,nan,0.0,nan,5.807357952,nan,nan,14.0,0.0,15,nan
46.28578382730484,47.66187050359713,nan,0.0,nan,5.807357952,nan,nan,15.0,0.0,15,nan
46.3024566411972,47.66187050359713,nan,0.0,nan,5.807357952,nan,nan,15.0,0.0,15,nan
46.31912889480591,47.84172661870504,nan,0.0,nan,5.807357952,nan,nan,15.0,0.0,15,nan
46.33580620686213,44.06474820143885,nan,0.0,nan,5.807357952,nan,nan,14.0,0.0,15,nan
46.35248111486435,44.60431654676259,nan,0.0,nan,5.807357952,nan,nan,14.0,0.0,15,nan
46.36915539105733,44.60431654676259,nan,0.0,nan,5.807357952,nan,nan,14.0,0.0,15,nan
46.38583076794942,48.92086330935251,nan,0.0,nan,5.807357952,nan,nan,15.0,0.0,15,nan
46.40250033934911,48.561151079136685,nan,0.0,nan,5.807357952,nan,nan,15.0,0.0,15,nan
46.4191699941953,48.561151079136685,nan,0.0,nan,5.807357952,nan,nan,15.0,0.0,15,nan
46.43584591150284,48.561151079136685,nan,0.0,nan,5.807357952,nan,nan,15.0,0.0,15,nan
46.45252261956533,48.7410071942446,nan,0.0,nan,5.807357952,nan,nan,15.0,0.0,15,nan
46.46919516722361,48.92086330935251,nan,0.0,nan,5.807357952,nan,nan,15.0,0.0,15,nan
46.485864679018654,49.280575539568346,nan,0.0,nan,5.807357952,nan,nan,15.0,0.0,15,nan
46.50253653923671,49.280575539568346,nan,0.0,nan,5.807357952,nan,nan,15.0,0.0,15,nan
46.519206535816195,49.280575539568346,nan,0.0,nan,5.807357952,nan,nan,15.0,0.0,15,nan
46.53587683836619,49.280575539568346,nan,0.0,nan,5.807357952,nan,nan,15.0,0.0,15,nan
46.552550824483234,45.86330935251799,nan,0.0,nan,5.807357952,nan,nan,14.0,0.0,15,nan
46.569223082065584,47.30215827338129,nan,0.0,nan,5.830426624,nan,nan,15.0,0.0,15,nan
46.58589468797048,47.48201438848921,nan,0.0,nan,5.830426624,nan,nan,15.0,0.0,15,nan
46.602569278081255,47.48201438848921,nan,0.0,nan,5.830426624,nan,nan,15.0,0.0,15,nan
46.61924125353495,47.66187050359713,nan,0.0,nan,5.830426624,nan,nan,15.0,0.0,15,nan
46.635914285977684,47.66187050359713,nan,0.0,nan,5.830426624,nan,nan,15.0,0.0,15,nan
46.65258780320485,47.84172661870504,nan,0.0,nan,5.830426624,nan,nan,15.0,0.0,15,nan
46.66925845543543,43.88489208633094,nan,0.0,nan,5.830426624,nan,nan,14.0,0.0,15,nan
46.685930947462715,43.88489208633094,nan,0.0,nan,5.834620928,nan,nan,14.0,0.0,15,nan
46.70260370572408,43.88489208633094,nan,0.0,nan,5.843009536,nan,nan,14.0,0.0,15,nan
46.71927944024404,44.06474820143885,nan,0.0,nan,5.84720384,nan,nan,14.0,0.0,15,nan
46.735951244831085,48.02158273381295,nan,0.0,nan,5.84720384,nan,nan,15.0,0.0,15,nan
46.75262131690979,48.02158273381295,nan,0.0,nan,5.84720384,nan,nan,15.0,0.0,15,nan
46.769293260574344,48.02158273381295,nan,0.0,nan,5.84720384,nan,nan,15.0,0.0,15,nan
46.78597368001938,48.02158273381295,nan,0.0,nan,5.84720384,nan,nan,15.0,0.0,15,nan
46.80264740387599,48.02158273381295,nan,0.0,nan,5.84720384,nan,nan,15.0,0.0,15,nan
46.81932165225347,48.02158273381295,nan,0.0,nan,5.84720384,nan,nan,15.0,0.0,15,nan
46.83599447409312,48.02158273381295,nan,0.0,nan,5.84720384,nan,nan,15.0,0.0,15,nan
46.8526702562968,46.223021582733814,nan,0.0,nan,5.84720384,nan,nan,14.0,0.0,15,nan
46.86933987140655,47.84172661870504,nan,0.0,nan,5.84720384,nan,nan,15.0,0.0,15,nan
46.88601276477178,48.02158273381295,nan,0.0,nan,5.84720384,nan,nan,15.0,0.0,15,nan
46.902683079242706,48.02158273381295,nan,0.0,nan,5.84720384,nan,nan,15.0,0.0,15,nan
46.919355022907254,48.02158273381295,nan,0.0,nan,5.84720384,nan,nan,15.0,0.0,15,nan
46.93602445920308,48.02158273381295,nan,0.0,nan,5.84720384,nan,nan,15.0,0.0,15,nan
46.95269482930501,45.68345323741008,nan,0.0,nan,5.84720384,nan,nan,14.0,0.0,15,nan
46.96936469475428,48.02158273381295,nan,0.0,nan,5.866078208,nan,nan,15.0,0.0,15,nan
46.98603716691335,48.02158273381295,nan,0.0,nan,5.866078208,nan,nan,15.0,0.0,15,nan
47.002706762154894,48.02158273381295,nan,0.0,nan,5.866078208,nan,nan,15.0,0.0,15,nan
47.01938057740529,48.201438848920866,nan,0.0,nan,5.866078208,nan,nan,15.0,0.0,15,nan
47.03605727354685,44.24460431654676,nan,0.0,nan,5.866078208,nan,nan,14.0,0.0,15,nan
47.05273180802663,48.381294964028775,nan,0.0,nan,5.866078208,nan,nan,15.0,0.0,15,nan
47.06940362850825,48.381294964028775,nan,0.0,nan,5.866078208,nan,nan,15.0,0.0,15,nan
47.08607814311981,45.86330935251799,nan,0.0,nan,5.866078208,nan,nan,14.0,0.0,15,nan
47.102749689420065,48.381294964028775,nan,0.0,nan,5.866078208,nan,nan,15.0,0.0,15,nan
47.119420917828876,48.381294964028775,nan,0.0,nan,5.866078208,nan,nan,15.0,0.0,15,nan
47.13609765768051,48.561151079136685,nan,0.0,nan,5.866078208,nan,nan,15.0,0.0,15,nan
47.15276702642441,48.7410071942446,nan,0.0,nan,5.866078208,nan,nan,15.0,0.0,15,nan
47.169443384806314,46.223021582733814,nan,0.0,nan,5.866078208,nan,nan,14.0,0.0,15,nan
47.186114978790286,48.7410071942446,nan,0.0,nan,5.866078208,nan,nan,15.0,0.0,15,nan
47.2027844786644,43.88489208633094,nan,0.0,nan,5.866078208,nan,nan,14.0,0.0,15,nan
47.21945989529292,48.201438848920866,nan,0.0,nan,5.866078208,nan,nan,15.0,0.0,15,nan
47.23613834778468,48.201438848920866,nan,0.0,nan,5.866078208,nan,nan,15.0,0.0,15,nan
47.252813053131106,48.201438848920866,nan,0.0,nan,5.866078208,nan,nan,15.0,0.0,15,nan
47.269490106900534,44.24460431654676,nan,0.0,nan,5.866078208,nan,nan,14.0,0.0,15,nan
47.286161839962006,48.381294964028775,nan,0.0,nan,5.866078208,nan,nan,15.0,0.0,15,nan
47.30283321142197,48.561151079136685,nan,0.0,nan,5.866078208,nan,nan,15.0,0.0,15,nan
47.31950409809748,48.561151079136685,nan,0.0,nan,5.866078208,nan,nan,15.0,0.0,15,nan
47.33617610534032,48.561151079136685,nan,0.0,nan,5.866078208,nan,nan,15.0,0.0,15,nan
47.35284732580185,48.561151079136685,nan,0.0,nan,5.866078208,nan,nan,15.0,0.0,15,nan
47.369517385959625,48.561151079136685,nan,0.0,nan,5.866078208,nan,nan,15.0,0.0,15,nan
47.38618992964427,48.561151079136685,nan,0.0,nan,5.866078208,nan,nan,15.0,0.0,15,nan
47.40286039113998,48.561151079136685,nan,0.0,nan,5.866078208,nan,nan,15.0,0.0,15,nan
47.4195373415947,48.561151079136685,nan,0.0,nan,5.866078208,nan,nan,15.0,0.0,15,nan
47.43620811303457,48.7410071942446,nan,0.0,nan,5.866078208,nan,nan,15.0,0.0,15,nan
47.45288844108582,48.92086330935251,nan,0.0,nan,5.866078208,nan,nan,15.0,0.0,15,nan
47.46956327358882,48.561151079136685,nan,0.0,nan,5.866078208,nan,nan,15.0,0.0,15,nan
47.486236151059465,44.42446043165468,nan,0.0,nan,5.866078208,nan,nan,14.0,0.0,15,nan
47.502908984820046,48.561151079136685,nan,0.0,nan,5.866078208,nan,nan,15.0,0.0,15,nan
47.51958104769389,48.561151079136685,nan,0.0,nan,5.866078208,nan,nan,15.0,0.0,15,nan
47.536250948905945,48.561151079136685,nan,0.0,nan,5.866078208,nan,nan,15.0,0.0,15,nan
47.55292179981868,48.561151079136685,nan,0.0,nan,5.866078208,nan,nan,15.0,0.0,15,nan
47.56959745089213,44.42446043165468,nan,0.0,nan,5.866078208,nan,nan,14.0,0.0,15,nan
47.58627199729283,44.42446043165468,nan,0.0,nan,5.870272512,nan,nan,14.0,0.0,15,nan
47.60294114748637,41.18705035971223,nan,0.0,nan,5.874466816,nan,nan,13.0,0.0,15,nan
47.61961081822713,42.62589928057554,nan,0.0,nan,5.882855424,nan,nan,14.0,0.0,15,nan
47.63628035386403,43.34532374100719,nan,0.0,nan,5.884952576,nan,nan,14.0,0.0,15,nan
47.65295364459356,47.48201438848921,nan,0.0,nan,5.884952576,nan,nan,15.0,0.0,15,nan
47.66962564388911,47.66187050359713,nan,0.0,nan,5.884952576,nan,nan,15.0,0.0,15,nan
47.68629726568858,47.66187050359713,nan,0.0,nan,5.884952576,nan,nan,15.0,0.0,15,nan
47.70297075510025,47.84172661870504,nan,0.0,nan,5.884952576,nan,nan,15.0,0.0,15,nan
47.7196407755216,48.02158273381295,nan,0.0,nan,5.884952576,nan,nan,15.0,0.0,15,nan
47.73631264368693,43.88489208633094,nan,0.0,nan,5.93108992,nan,nan,14.0,0.0,15,nan
47.75298527876536,43.88489208633094,nan,0.0,nan,6.189039616,nan,nan,14.0,0.0,15,nan
47.76965831120809,44.24460431654676,nan,0.0,nan,6.241468416,nan,nan,14.0,0.0,15,nan
47.786336318651834,44.24460431654676,nan,0.0,nan,6.24566272,nan,nan,14.0,0.0,15,nan
47.803010082244874,44.24460431654676,nan,0.0,nan,6.251954176,nan,nan,14.0,0.0,15,nan
47.81968003114064,44.24460431654676,nan,0.0,nan,6.254051328,nan,nan,14.0,0.0,15,nan
47.8363539814949,48.7410071942446,nan,0.0,nan,6.254051328,nan,nan,15.0,0.0,15,nan
47.85302747885386,48.7410071942446,nan,0.0,nan,6.254051328,nan,nan,15.0,0.0,15,nan
47.869698560237886,48.92086330935251,nan,0.0,nan,6.254051328,nan,nan,15.0,0.0,15,nan
47.88637379407883,48.92086330935251,nan,0.0,nan,6.254051328,nan,nan,15.0,0.0,15,nan
47.90304550727208,48.92086330935251,nan,0.0,nan,6.254051328,nan,nan,15.0,0.0,15,nan
47.919717979431155,48.92086330935251,nan,0.0,nan,6.254051328,nan,nan,15.0,0.0,15,nan
47.93638913234075,48.92086330935251,nan,0.0,nan,6.254051328,nan,nan,15.0,0.0,15,nan
47.95306100845337,48.92086330935251,nan,0.0,nan,6.254051328,nan,nan,15.0,0.0,15,nan
47.96973465283712,49.82014388489209,nan,0.0,nan,6.254051328,nan,nan,15.0,0.0,15,nan
47.986405193805695,49.280575539568346,nan,0.0,nan,6.254051328,nan,nan,15.0,0.0,15,nan
48.00307700634003,49.280575539568346,nan,0.0,nan,6.254051328,nan,nan,15.0,0.0,15,nan
48.019751624266306,49.280575539568346,nan,0.0,nan,6.254051328,nan,nan,15.0,0.0,15,nan
48.03642217318217,49.280575539568346,nan,0.0,nan,6.254051328,nan,nan,15.0,0.0,15,nan
48.05309324264526,40.647482014388494,nan,0.0,nan,6.254051328,nan,nan,13.0,0.0,15,nan
48.069763902823134,44.7841726618705,nan,0.0,nan,6.25614848,nan,nan,14.0,0.0,15,nan
48.086435993512474,49.10071942446043,nan,0.0,nan,6.25614848,nan,nan,15.0,0.0,15,nan
48.10310901006063,49.10071942446043,nan,0.0,nan,6.25614848,nan,nan,15.0,0.0,15,nan
48.1197786728541,49.10071942446043,nan,0.0,nan,6.25614848,nan,nan,15.0,0.0,15,nan
48.13644775946935,49.280575539568346,nan,0.0,nan,6.25614848,nan,nan,15.0,0.0,15,nan
48.1531187415123,50.0,nan,0.0,nan,6.25614848,nan,nan,15.0,0.0,15,nan
48.169793820381166,49.46043165467626,nan,0.0,nan,6.25614848,nan,nan,15.0,0.0,15,nan
48.18646818796794,45.14388489208633,nan,0.0,nan,6.25614848,nan,nan,14.0,0.0,15,nan
48.20313832759857,45.14388489208633,nan,0.0,nan,6.25614848,nan,nan,14.0,0.0,15,nan
48.21981079975764,49.46043165467626,nan,0.0,nan,6.25614848,nan,nan,15.0,0.0,15,nan
48.236490019162495,49.46043165467626,nan,0.0,nan,6.25614848,nan,nan,15.0,0.0,15,nan
48.25315984884898,49.64028776978417,nan,0.0,nan,6.25614848,nan,nan,15.0,0.0,15,nan
48.269838738441464,45.50359712230215,nan,0.0,nan,6.25614848,nan,nan,14.0,0.0,15,nan
48.2865110039711,49.82014388489209,nan,0.0,nan,6.25614848,nan,nan,15.0,0.0,15,nan
48.30317993561427,49.82014388489209,nan,0.0,nan,6.25614848,nan,nan,15.0,0.0,15,nan
48.31985714038213,49.82014388489209,nan,0.0,nan,6.25614848,nan,nan,15.0,0.0,15,nan
48.33653010527293,49.82014388489209,nan,0.0,nan,6.25614848,nan,nan,15.0,0.0,15,nan
48.35320131381353,49.82014388489209,nan,0.0,nan,6.25614848,nan,nan,15.0,0.0,15,nan
48.36987534761429,49.82014388489209,nan,0.0,nan,6.25614848,nan,nan,15.0,0.0,15,nan
48.38654716412226,49.82014388489209,nan,0.0,nan,6.25614848,nan,nan,15.0,0.0,15,nan
48.40321873029073,49.82014388489209,nan,0.0,nan,6.25614848,nan,nan,15.0,0.0,15,nan
48.419888174533845,49.64028776978417,nan,0.0,nan,6.25614848,nan,nan,15.0,0.0,15,nan
48.43656320174535,49.64028776978417,nan,0.0,nan,6.25614848,nan,nan,15.0,0.0,15,nan
48.453235963980354,49.64028776978417,nan,0.0,nan,6.25614848,nan,nan,15.0,0.0,15,nan
48.469909187157945,49.64028776978417,nan,0.0,nan,6.25614848,nan,nan,15.0,0.0,15,nan
48.486588605244954,50.0,nan,0.0,nan,6.25614848,nan,nan,15.0,0.0,15,nan
48.50326114098231,48.381294964028775,nan,0.0,nan,6.25614848,nan,nan,14.0,0.0,15,nan
48.519935913880666,50.17985611510791,nan,0.0,nan,6.25614848,nan,nan,15.0,0.0,15,nan
48.53660788138708,50.17985611510791,nan,0.0,nan,6.25614848,nan,nan,15.0,0.0,15,nan
48.55328602393468,50.0,nan,0.0,nan,6.25614848,nan,nan,15.0,0.0,15,nan
48.56995950142542,50.53956834532374,nan,0.0,nan,6.25614848,nan,nan,15.0,0.0,15,nan
48.58663135766983,50.53956834532374,nan,0.0,nan,6.25614848,nan,nan,15.0,0.0,15,nan
48.60330441395442,50.53956834532374,nan,0.0,nan,6.25614848,nan,nan,15.0,0.0,15,nan
48.61997497876485,50.35971223021583,nan,0.0,nan,6.25614848,nan,nan,15.0,0.0,15,nan
48.63664632638295,50.53956834532374,nan,0.0,nan,6.25614848,nan,nan,15.0,0.0,15,nan
48.65331824620565,50.53956834532374,nan,0.0,nan,6.25614848,nan,nan,15.0,0.0,15,nan
48.66999179522197,49.10071942446043,nan,0.0,nan,6.25614848,nan,nan,14.0,0.0,15,nan
48.68666377067566,50.899280575539564,nan,0.0,nan,6.25614848,nan,nan,15.0,0.0,15,nan
48.703336254755655,48.7410071942446,nan,0.0,nan,6.25614848,nan,nan,14.0,0.0,15,nan
48.720005838076275,51.438848920863315,nan,0.0,nan,6.27712,nan,nan,15.0,0.0,15,nan
48.73667700688044,50.899280575539564,nan,0.0,nan,6.27712,nan,nan,15.0,0.0,15,nan
48.753355014324185,50.899280575539564,nan,0.0,nan,6.27712,nan,nan,15.0,0.0,15,nan
48.770030319690704,46.402877697841724,nan,0.0,nan,6.27712,nan,nan,14.0,0.0,15,nan
48.78670025666555,51.25899280575539,nan,0.0,nan,6.27712,nan,nan,15.0,0.0,15,nan
48.803372943401335,49.46043165467626,nan,0.0,nan,6.27712,nan,nan,14.0,0.0,15,nan
48.820044521490736,49.64028776978417,nan,0.0,nan,6.27712,nan,nan,14.0,0.0,15,nan
48.836718038717905,51.438848920863315,nan,0.0,nan,6.27712,nan,nan,15.0,0.0,15,nan
48.85338796377182,51.438848920863315,nan,0.0,nan,6.27712,nan,nan,15.0,0.0,15,nan
48.870063265164696,49.64028776978417,nan,0.0,nan,6.27712,nan,nan,14.0,0.0,15,nan
48.88673458894094,51.618705035971225,nan,0.0,nan,6.27712,nan,nan,15.0,0.0,15,nan
48.90340638955434,51.618705035971225,nan,0.0,nan,6.27712,nan,nan,15.0,0.0,15,nan
48.920081396897636,51.618705035971225,nan,0.0,nan,6.27712,nan,nan,15.0,0.0,15,nan
48.936756046613056,51.618705035971225,nan,0.0,nan,6.27712,nan,nan,15.0,0.0,15,nan
48.953425784905754,51.798561151079134,nan,0.0,nan,6.27712,nan,nan,15.0,0.0,15,nan
48.97009874582291,51.97841726618705,nan,0.0,nan,6.27712,nan,nan,15.0,0.0,15,nan
48.98677080074946,51.97841726618705,nan,0.0,nan,6.27712,nan,nan,15.0,0.0,15,nan
49.00344328085581,51.97841726618705,nan,0.0,nan,6.27712,nan,nan,15.0,0.0,15,nan
49.02011911869049,51.97841726618705,nan,0.0,nan,6.27712,nan,nan,15.0,0.0,15,nan
49.03679093122482,47.48201438848921,nan,0.0,nan,6.27712,nan,nan,14.0,0.0,15,nan
49.05346389214198,49.64028776978417,nan,0.0,nan,6.27712,nan,nan,14.0,0.0,15,nan
49.07013560533524,50.17985611510791,nan,0.0,nan,6.27712,nan,nan,14.0,0.0,15,nan
49.08680808544159,52.338129496402885,nan,0.0,nan,6.281314304,nan,nan,15.0,0.0,15,nan
49.10348050991694,52.338129496402885,nan,0.0,nan,6.281314304,nan,nan,15.0,0.0,15,nan
49.12015404701233,52.338129496402885,nan,0.0,nan,6.281314304,nan,nan,15.0,0.0,15,nan
49.13682624499003,52.338129496402885,nan,0.0,nan,6.281314304,nan,nan,15.0,0.0,15,nan
49.153497676054634,52.338129496402885,nan,0.0,nan,6.281314304,nan,nan,15.0,0.0,15,nan
49.170170827706656,52.338129496402885,nan,0.0,nan,6.281314304,nan,nan,15.0,0.0,15,nan
49.186843021710715,52.338129496402885,nan,0.0,nan,6.281314304,nan,nan,15.0,0.0,15,nan
49.20351352294286,52.338129496402885,nan,0.0,nan,6.281314304,nan,nan,15.0,0.0,15,nan
49.220186698436734,50.0,nan,0.0,nan,6.281314304,nan,nan,14.0,0.0,15,nan
49.23685938914617,52.338129496402885,nan,0.0,nan,6.281314304,nan,nan,15.0,0.0,15,nan
49.25353190104167,52.338129496402885,nan,0.0,nan,6.281314304,nan,nan,15.0,0.0,15,nan
49.27020391623179,52.338129496402885,nan,0.0,nan,6.281314304,nan,nan,15.0,0.0,15,nan
49.28687609434128,49.10071942446043,nan,0.0,nan,6.281314304,nan,nan,14.0,0.0,15,nan
49.303554860750836,51.798561151079134,nan,0.0,nan,6.281314304,nan,nan,15.0,0.0,15,nan
49.32022713422775,51.97841726618705,nan,0.0,nan,6.281314304,nan,nan,15.0,0.0,15,nan
49.336901617050174,52.15827338129496,nan,0.0,nan,6.281314304,nan,nan,15.0,0.0,15,nan
49.35357197125753,50.17985611510791,nan,0.0,nan,6.281314304,nan,nan,14.0,0.0,15,nan
49.37024503151576,52.15827338129496,nan,0.0,nan,6.281314304,nan,nan,15.0,0.0,15,nan
49.38692140976588,52.15827338129496,nan,0.0,nan,6.281314304,nan,nan,15.0,0.0,15,nan
49.40360426902771,52.517985611510795,nan,0.0,nan,6.281314304,nan,nan,15.0,0.0,15,nan
49.42027695178986,52.517985611510795,nan,0.0,nan,6.281314304,nan,nan,15.0,0.0,15,nan
49.436954045295714,52.517985611510795,nan,0.0,nan,6.281314304,nan,nan,15.0,0.0,15,nan
49.453627880414324,47.84172661870504,nan,0.0,nan,6.281314304,nan,nan,14.0,0.0,15,nan
49.47030344804128,52.15827338129496,nan,0.0,nan,6.281314304,nan,nan,15.0,0.0,15,nan
49.486976981163025,52.15827338129496,nan,0.0,nan,6.281314304,nan,nan,15.0,0.0,15,nan
49.50365332365036,52.338129496402885,nan,0.0,nan,6.281314304,nan,nan,15.0,0.0,15,nan
49.520326952139534,52.338129496402885,nan,0.0,nan,6.281314304,nan,nan,15.0,0.0,15,nan
49.53700416088104,52.338129496402885,nan,0.0,nan,6.281314304,nan,nan,15.0,0.0,15,nan
49.55367821057637,52.338129496402885,nan,0.0,nan,6.281314304,nan,nan,15.0,0.0,15,nan
49.570352745056155,48.02158273381295,nan,0.0,nan,6.281314304,nan,nan,14.0,0.0,15,nan
49.58702630201976,48.02158273381295,nan,0.0,nan,6.281314304,nan,nan,14.0,0.0,15,nan
49.6037034034729,48.02158273381295,nan,0.0,nan,6.281314304,nan,nan,14.0,0.0,15,nan
49.62037576834361,48.201438848920866,nan,0.0,nan,5.429809152,nan,nan,14.0,0.0,14,nan
49.63704714377721,48.201438848920866,nan,0.0,nan,5.429809152,nan,nan,14.0,0.0,14,nan
49.653717124462126,48.201438848920866,nan,0.0,nan,5.429809152,nan,nan,14.0,0.0,14,nan
49.670391229788464,48.201438848920866,nan,0.0,nan,5.429809152,nan,nan,14.0,0.0,14,nan
49.68706355492274,48.201438848920866,nan,0.0,nan,5.429809152,nan,nan,14.0,0.0,14,nan
49.703734989960985,48.381294964028775,nan,0.0,nan,5.429809152,nan,nan,14.0,0.0,14,nan
49.720407231648764,48.381294964028775,nan,0.0,nan,5.429809152,nan,nan,14.0,0.0,14,nan
49.737079000473024,48.381294964028775,nan,0.0,nan,5.429809152,nan,nan,14.0,0.0,14,nan
49.75375153621038,48.381294964028775,nan,0.0,nan,5.429809152,nan,nan,14.0,0.0,14,nan
49.77042409578959,43.16546762589928,nan,0.0,nan,5.429809152,nan,nan,12.0,0.0,14,nan
49.787096440792084,46.76258992805755,nan,0.0,nan,5.429809152,nan,nan,14.0,0.0,14,nan
49.80376857121785,46.94244604316546,nan,0.0,nan,5.429809152,nan,nan,14.0,0.0,14,nan
49.820440789063774,46.94244604316546,nan,0.0,nan,5.429809152,nan,nan,14.0,0.0,14,nan
49.83711262146632,40.827338129496404,nan,0.0,nan,5.429809152,nan,nan,11.0,0.0,14,nan
49.85378495057424,45.14388489208633,nan,0.0,nan,5.454974976,nan,nan,13.0,0.0,14,nan
49.870453627904254,46.94244604316546,nan,0.0,nan,5.461266432,nan,nan,14.0,0.0,14,nan
49.88712668418884,46.94244604316546,nan,0.0,nan,5.461266432,nan,nan,14.0,0.0,14,nan
49.90380143721898,47.84172661870504,nan,0.0,nan,5.461266432,nan,nan,14.0,0.0,14,nan
49.92047352393468,47.30215827338129,nan,0.0,nan,5.461266432,nan,nan,14.0,0.0,14,nan
49.93714553515117,44.96402877697842,nan,0.0,nan,5.463363584,nan,nan,13.0,0.0,14,nan
49.95382355848948,43.16546762589928,nan,0.0,nan,5.482237952,nan,nan,12.0,0.0,14,nan
49.970498100916544,44.96402877697842,nan,0.0,nan,5.482237952,nan,nan,13.0,0.0,14,nan
49.9871724764506,44.96402877697842,nan,0.0,nan,5.482237952,nan,nan,13.0,0.0,14,nan
50.00384423335393,44.96402877697842,nan,0.0,nan,5.482237952,nan,nan,13.0,0.0,14,nan
50.020522236824036,44.96402877697842,nan,0.0,nan,5.482237952,nan,nan,13.0,0.0,14,nan
50.03719410498937,44.96402877697842,nan,0.0,nan,5.482237952,nan,nan,13.0,0.0,14,nan
50.0538698275884,38.30935251798561,nan,0.0,nan,5.482237952,nan,nan,12.0,0.0,14,nan
50.07054322560628,39.748201438848916,nan,0.0,nan,5.482237952,nan,nan,13.0,0.0,14,nan
50.08722154299418,41.18705035971223,nan,0.0,nan,5.482237952,nan,nan,13.0,0.0,14,nan
50.103895994027454,42.62589928057554,nan,0.0,nan,5.482237952,nan,nan,13.0,1.0,14,nan
50.12057210206986,47.12230215827338,nan,0.0,nan,5.482237952,nan,nan,14.0,0.0,14,nan
50.137244466940565,45.86330935251799,nan,0.0,nan,5.482237952,nan,nan,14.0,0.0,14,nan
50.15391415754954,44.06474820143885,nan,0.0,nan,5.482237952,nan,nan,13.0,0.0,14,nan
50.17058643102646,46.223021582733814,nan,0.0,nan,5.482237952,nan,nan,14.0,0.0,14,nan
50.18725802898407,46.223021582733814,nan,0.0,nan,5.482237952,nan,nan,14.0,0.0,14,nan
50.203928005695346,43.88489208633094,nan,0.0,nan,5.482237952,nan,nan,13.0,0.0,14,nan
50.22059855858485,46.043165467625904,nan,0.0,nan,5.482237952,nan,nan,14.0,0.0,14,nan
50.237273442745206,46.043165467625904,nan,0.0,nan,5.482237952,nan,nan,14.0,0.0,14,nan
50.25394425392151,38.30935251798561,nan,0.0,nan,5.482237952,nan,nan,12.0,0.0,14,nan
50.2706192890803,45.86330935251799,nan,0.0,nan,5.482237952,nan,nan,14.0,0.0,14,nan
50.2872888247172,46.223021582733814,nan,0.0,nan,5.482237952,nan,nan,14.0,0.0,14,nan
50.30396083196004,43.70503597122302,nan,0.0,nan,5.482237952,nan,nan,13.0,0.0,14,nan
50.320633653799696,43.70503597122302,nan,0.0,nan,5.507403776,nan,nan,13.0,0.0,14,nan
50.33730396827062,43.70503597122302,nan,0.0,nan,5.51159808,nan,nan,13.0,0.0,14,nan
50.35397653182348,43.70503597122302,nan,0.0,nan,5.515792384,nan,nan,13.0,0.0,14,nan
50.37064758936564,46.223021582733814,nan,0.0,nan,5.517889536,nan,nan,14.0,0.0,14,nan
50.38731894493103,46.402877697841724,nan,0.0,nan,5.517889536,nan,nan,14.0,0.0,14,nan
50.40398919582367,46.402877697841724,nan,0.0,nan,5.517889536,nan,nan,14.0,0.0,14,nan
50.42065957784653,46.402877697841724,nan,0.0,nan,5.517889536,nan,nan,14.0,0.0,14,nan
50.43733637332916,44.24460431654676,nan,0.0,nan,5.517889536,nan,nan,13.0,0.0,14,nan
50.45400704542796,43.88489208633094,nan,0.0,nan,5.517889536,nan,nan,13.0,0.0,14,nan
50.47067741950353,38.84892086330935,nan,0.0,nan,5.526278144,nan,nan,12.0,0.0,14,nan
50.48734749952952,44.06474820143885,nan,0.0,nan,5.528375296,nan,nan,13.0,0.0,14,nan
50.50402139822642,44.06474820143885,nan,0.0,nan,5.54305536,nan,nan,13.0,0.0,14,nan
50.520690910021465,46.58273381294964,nan,0.0,nan,5.549346816,nan,nan,14.0,0.0,14,nan
50.53736041784286,46.58273381294964,nan,0.0,nan,5.549346816,nan,nan,14.0,0.0,14,nan
50.554030760129294,46.58273381294964,nan,0.0,nan,5.549346816,nan,nan,14.0,0.0,14,nan
50.570707909266154,44.06474820143885,nan,0.0,nan,5.549346816,nan,nan,13.0,0.0,14,nan
50.587380540370944,44.7841726618705,nan,0.0,nan,5.549346816,nan,nan,13.0,0.0,14,nan
50.60405418475469,44.42446043165468,nan,0.0,nan,5.549346816,nan,nan,13.0,0.0,14,nan
50.620727749665576,44.42446043165468,nan,0.0,nan,5.549346816,nan,nan,13.0,0.0,14,nan
50.63740297555923,42.26618705035972,nan,0.0,nan,5.549346816,nan,nan,12.0,0.0,14,nan
50.65407522122065,42.44604316546763,nan,0.0,nan,5.578706944,nan,nan,12.0,0.0,14,nan
50.67074738740921,42.62589928057554,nan,0.0,nan,5.580804096,nan,nan,12.0,0.0,14,nan
50.68741949001948,44.7841726618705,nan,0.0,nan,5.580804096,nan,nan,13.0,0.0,14,nan
50.704091807206474,47.30215827338129,nan,0.0,nan,5.580804096,nan,nan,14.0,0.0,14,nan
50.72076369921366,47.30215827338129,nan,0.0,nan,5.580804096,nan,nan,14.0,0.0,14,nan
50.73743546009064,47.30215827338129,nan,0.0,nan,5.580804096,nan,nan,14.0,0.0,14,nan
50.7541059533755,47.30215827338129,nan,0.0,nan,5.580804096,nan,nan,14.0,0.0,14,nan
50.77077798048655,47.66187050359713,nan,0.0,nan,5.580804096,nan,nan,14.0,0.0,14,nan
50.78745133876801,47.66187050359713,nan,0.0,nan,5.580804096,nan,nan,14.0,0.0,14,nan
50.804123135407764,42.805755395683455,nan,0.0,nan,5.580804096,nan,nan,12.0,0.0,14,nan
50.82079548835755,42.985611510791365,nan,0.0,nan,5.589192704,nan,nan,12.0,0.0,14,nan
50.83746945063273,38.30935251798561,nan,0.0,nan,5.591289856,nan,nan,11.0,0.0,14,nan
50.85414098501205,42.44604316546763,nan,0.0,nan,5.593387008,nan,nan,12.0,0.0,14,nan
50.870814406871794,42.44604316546763,nan,0.0,nan,5.593387008,nan,nan,12.0,0.0,14,nan
50.88748627901077,45.32374100719424,nan,0.0,nan,5.593387008,nan,nan,13.0,0.0,14,nan
50.904157654444376,39.568345323741006,nan,0.0,nan,5.593387008,nan,nan,12.0,0.0,14,nan
50.920828763643904,47.48201438848921,nan,0.0,nan,5.593387008,nan,nan,14.0,0.0,14,nan
50.93750160932541,47.48201438848921,nan,0.0,nan,5.593387008,nan,nan,14.0,0.0,14,nan
50.95417309999466,43.5251798561151,nan,0.0,nan,5.593387008,nan,nan,13.0,0.0,14,nan
50.9708451628685,47.66187050359713,nan,0.0,nan,5.593387008,nan,nan,14.0,0.0,14,nan
50.98752415974935,47.66187050359713,nan,0.0,nan,5.593387008,nan,nan,14.0,0.0,14,nan
51.004196747144064,42.805755395683455,nan,0.0,nan,5.593387008,nan,nan,12.0,0.0,14,nan
51.02087084054947,45.14388489208633,nan,0.0,nan,5.593387008,nan,nan,13.0,0.0,14,nan
51.03754327694575,47.84172661870504,nan,0.0,nan,5.593387008,nan,nan,14.0,0.0,14,nan
51.05421536763509,47.84172661870504,nan,0.0,nan,5.593387008,nan,nan,14.0,0.0,14,nan
51.07088786760966,43.70503597122302,nan,0.0,nan,5.593387008,nan,nan,13.0,0.0,14,nan
51.087559847037,40.46762589928058,nan,0.0,nan,5.9121664,nan,nan,12.0,0.0,14,nan
51.10423411528269,45.68345323741008,nan,0.0,nan,5.924749312,nan,nan,13.0,0.0,14,nan
51.12090750137965,45.68345323741008,nan,0.0,nan,5.945720832,nan,nan,13.0,0.0,14,nan
51.13757831255595,45.68345323741008,nan,0.0,nan,5.945720832,nan,nan,13.0,0.0,14,nan
51.15425386031469,41.90647482014388,nan,0.0,nan,5.945720832,nan,nan,12.0,0.0,14,nan
51.170926940441134,46.223021582733814,nan,0.0,nan,5.949915136,nan,nan,13.0,0.0,14,nan
51.18760145902634,46.402877697841724,nan,0.0,nan,5.949915136,nan,nan,13.0,0.0,14,nan
51.20427422523498,46.94244604316546,nan,0.0,nan,5.949915136,nan,nan,13.0,0.0,14,nan
51.22094705899556,43.88489208633094,nan,0.0,nan,5.952012288,nan,nan,12.0,0.0,14,nan
51.237616741657256,40.10791366906474,nan,0.0,nan,5.952012288,nan,nan,12.0,0.0,14,nan
51.25429054896037,45.86330935251799,nan,0.0,nan,5.973000192,nan,nan,13.0,0.0,14,nan
51.27096410195033,41.18705035971223,nan,0.0,nan,5.973000192,nan,nan,12.0,0.0,14,nan
51.287636601924895,44.24460431654676,nan,0.0,nan,5.973000192,nan,nan,13.0,0.0,14,nan
51.30430852969487,47.12230215827338,nan,0.0,nan,5.973000192,nan,nan,14.0,0.0,14,nan
51.32097951968511,45.14388489208633,nan,0.0,nan,5.973000192,nan,nan,13.0,0.0,14,nan
51.33765273094177,37.05035971223022,nan,0.0,nan,5.973000192,nan,nan,12.0,0.0,14,nan
51.35432490905126,46.94244604316546,nan,0.0,nan,5.973000192,nan,nan,14.0,0.0,14,nan
51.37099712689717,46.94244604316546,nan,0.0,nan,5.973000192,nan,nan,14.0,0.0,14,nan
51.38766920169194,47.12230215827338,nan,0.0,nan,5.973000192,nan,nan,14.0,0.0,14,nan
51.40434066057205,47.12230215827338,nan,0.0,nan,5.973000192,nan,nan,14.0,0.0,14,nan
51.421011781692506,46.76258992805755,nan,0.0,nan,5.973000192,nan,nan,14.0,0.0,14,nan
51.43768754005432,46.76258992805755,nan,0.0,nan,5.973000192,nan,nan,14.0,0.0,14,nan
51.45435832738876,46.76258992805755,nan,0.0,nan,5.973000192,nan,nan,14.0,0.0,14,nan
51.471030155817665,44.96402877697842,nan,0.0,nan,5.973000192,nan,nan,13.0,0.0,14,nan
51.487703394889834,46.76258992805755,nan,0.0,nan,5.973000192,nan,nan,14.0,0.0,14,nan
51.5043750166893,46.76258992805755,nan,0.0,nan,5.973000192,nan,nan,14.0,0.0,14,nan
51.52104665438334,46.76258992805755,nan,0.0,nan,5.973000192,nan,nan,14.0,0.0,14,nan
51.53771901528041,46.94244604316546,nan,0.0,nan,5.973000192,nan,nan,14.0,0.0,14,nan
51.55439102252324,46.94244604316546,nan,0.0,nan,5.973000192,nan,nan,14.0,0.0,14,nan
51.57106296221415,46.94244604316546,nan,0.0,nan,5.973000192,nan,nan,14.0,0.0,14,nan
51.58773506879807,46.94244604316546,nan,0.0,nan,5.973000192,nan,nan,14.0,0.0,14,nan
51.60440716346105,45.32374100719424,nan,0.0,nan,5.973000192,nan,nan,13.0,0.0,14,nan
51.62107834815979,42.985611510791365,nan,0.0,nan,5.977194496,nan,nan,12.0,0.0,14,nan
51.63775345087051,44.96402877697842,nan,0.0,nan,5.983485952,nan,nan,13.0,0.0,14,nan
51.65442547003428,44.96402877697842,nan,0.0,nan,5.983485952,nan,nan,13.0,0.0,14,nan
51.67109693686167,44.96402877697842,nan,0.0,nan,5.983485952,nan,nan,13.0,0.0,14,nan
51.68776926596959,45.14388489208633,nan,0.0,nan,5.983485952,nan,nan,13.0,0.0,14,nan
51.70444145997365,45.32374100719424,nan,0.0,nan,5.983485952,nan,nan,13.0,0.0,14,nan
51.72111348311106,45.32374100719424,nan,0.0,nan,5.983485952,nan,nan,13.0,0.0,14,nan
51.73778398036957,45.32374100719424,nan,0.0,nan,5.983485952,nan,nan,13.0,0.0,14,nan
51.754456384976706,44.96402877697842,nan,0.0,nan,5.983485952,nan,nan,13.0,0.0,14,nan
51.77112856705983,45.32374100719424,nan,0.0,nan,5.983485952,nan,nan,13.0,0.0,14,nan
51.787802735964455,45.32374100719424,nan,0.0,nan,5.985583104,nan,nan,13.0,0.0,14,nan
51.80447483460109,45.32374100719424,nan,0.0,nan,5.985583104,nan,nan,13.0,0.0,14,nan
51.82114719549815,45.32374100719424,nan,0.0,nan,5.989777408,nan,nan,13.0,0.0,14,nan
51.837819683551785,41.007194244604314,nan,0.0,nan,5.99187456,nan,nan,12.0,0.0,14,nan
51.854491810003914,44.96402877697842,nan,0.0,nan,5.993971712,nan,nan,13.0,0.0,14,nan
51.871164401372276,47.66187050359713,nan,0.0,nan,5.993971712,nan,nan,14.0,0.0,14,nan
51.88783708016078,47.66187050359713,nan,0.0,nan,5.993971712,nan,nan,14.0,0.0,14,nan
51.90450992981593,48.381294964028775,nan,0.0,nan,5.993971712,nan,nan,14.0,0.0,14,nan
51.92118198474248,42.0863309352518,nan,0.0,nan,5.993971712,nan,nan,13.0,0.0,14,nan
51.937854373455046,43.70503597122302,nan,0.0,nan,5.993971712,nan,nan,13.0,0.0,14,nan
51.95452897548675,45.14388489208633,nan,0.0,nan,5.993971712,nan,nan,14.0,0.0,14,nan
51.97120448350906,46.223021582733814,nan,0.0,nan,5.993971712,nan,nan,14.0,0.0,14,nan
51.98787763913472,43.5251798561151,nan,0.0,nan,5.993971712,nan,nan,13.0,0.0,14,nan
52.00455155769984,43.5251798561151,nan,0.0,nan,5.993971712,nan,nan,13.0,0.0,14,nan
52.02122812271118,43.5251798561151,nan,0.0,nan,5.996068864,nan,nan,13.0,0.0,14,nan
52.03790349165599,39.38848920863309,nan,0.0,nan,5.998166016,nan,nan,12.0,0.0,14,nan
52.05457590421041,46.58273381294964,nan,0.0,nan,5.998166016,nan,nan,14.0,0.0,14,nan
52.07124596039454,40.827338129496404,nan,0.0,nan,6.000263168,nan,nan,13.0,0.0,14,nan
52.087921329339345,42.26618705035972,nan,0.0,nan,6.000263168,nan,nan,13.0,0.0,14,nan
52.10459446509679,40.647482014388494,nan,0.0,nan,6.000263168,nan,nan,12.0,0.0,14,nan
52.121264882882436,43.16546762589928,nan,0.0,nan,6.000263168,nan,nan,13.0,0.0,14,nan
52.13793368736903,43.16546762589928,nan,0.0,nan,6.000263168,nan,nan,13.0,0.0,14,nan
52.15460532903671,43.88489208633094,nan,0.0,nan,6.000263168,nan,nan,13.0,0.0,14,nan
52.171274558703104,45.86330935251799,nan,0.0,nan,6.000263168,nan,nan,14.0,0.0,14,nan
52.18795469204585,41.18705035971223,nan,0.0,nan,6.000263168,nan,nan,13.0,0.0,14,nan
52.204630347092944,45.86330935251799,nan,0.0,nan,6.000263168,nan,nan,14.0,0.0,14,nan
52.22130385239919,45.86330935251799,nan,0.0,nan,6.000263168,nan,nan,14.0,0.0,14,nan
52.237975998719534,46.043165467625904,nan,0.0,nan,6.000263168,nan,nan,14.0,0.0,14,nan
52.25464773972829,46.043165467625904,nan,0.0,nan,6.000263168,nan,nan,14.0,0.0,14,nan
52.271316933631894,46.043165467625904,nan,0.0,nan,6.000263168,nan,nan,14.0,0.0,14,nan
52.287987124919894,46.58273381294964,nan,0.0,nan,6.000263168,nan,nan,14.0,0.0,14,nan
52.304659112294516,46.043165467625904,nan,0.0,nan,6.000263168,nan,nan,14.0,0.0,14,nan
52.321330189704895,46.043165467625904,nan,0.0,nan,6.000263168,nan,nan,14.0,0.0,14,nan
52.33800616661708,46.043165467625904,nan,0.0,nan,6.000263168,nan,nan,14.0,0.0,14,nan
52.35468204816183,46.223021582733814,nan,0.0,nan,6.000263168,nan,nan,14.0,0.0,14,nan
52.37135574022929,40.28776978417267,nan,0.0,nan,6.006554624,nan,nan,13.0,0.0,14,nan
52.388026150067645,46.223021582733814,nan,0.0,nan,6.008651776,nan,nan,14.0,0.0,14,nan
52.404695649941765,46.043165467625904,nan,0.0,nan,6.008651776,nan,nan,14.0,0.0,14,nan
52.421371599038444,46.043165467625904,nan,0.0,nan,6.008651776,nan,nan,14.0,0.0,14,nan
52.43804355859756,37.23021582733813,nan,0.0,nan,6.008651776,nan,nan,12.0,0.0,14,nan
52.45472310384115,38.30935251798561,nan,0.0,nan,6.027526144,nan,nan,12.0,0.0,14,nan
52.471396601200105,43.16546762589928,nan,0.0,nan,6.027526144,nan,nan,13.0,0.0,14,nan
52.48807110389074,43.34532374100719,nan,0.0,nan,6.027526144,nan,nan,13.0,0.0,14,nan
52.504740516344704,43.34532374100719,nan,0.0,nan,6.027526144,nan,nan,13.0,0.0,14,nan
52.52141227324804,43.34532374100719,nan,0.0,nan,6.027526144,nan,nan,13.0,0.0,14,nan
52.53808546861013,44.24460431654676,nan,0.0,nan,6.027526144,nan,nan,13.0,0.0,14,nan
52.55475828250249,43.70503597122302,nan,0.0,nan,6.027526144,nan,nan,13.0,0.0,14,nan
52.57142695188522,43.70503597122302,nan,0.0,nan,6.027526144,nan,nan,13.0,0.0,14,nan
52.588101371129355,44.06474820143885,nan,0.0,nan,6.027526144,nan,nan,13.0,0.0,14,nan
52.604771820704144,44.06474820143885,nan,0.0,nan,6.027526144,nan,nan,13.0,0.0,14,nan
52.621445099512734,44.24460431654676,nan,0.0,nan,6.027526144,nan,nan,13.0,0.0,14,nan
52.63811725775401,44.24460431654676,nan,0.0,nan,6.027526144,nan,nan,13.0,0.0,14,nan
52.65478921731313,44.24460431654676,nan,0.0,nan,6.027526144,nan,nan,13.0,0.0,14,nan
52.6714629371961,44.42446043165468,nan,0.0,nan,6.027526144,nan,nan,13.0,0.0,14,nan
52.68813282648723,41.36690647482014,nan,0.0,nan,6.027526144,nan,nan,13.0,0.0,14,nan
52.70481015841166,47.30215827338129,nan,0.0,nan,6.027526144,nan,nan,14.0,0.0,14,nan
52.72148875792821,47.30215827338129,nan,0.0,nan,6.027526144,nan,nan,14.0,0.0,14,nan
52.73816140890121,42.805755395683455,nan,0.0,nan,6.027526144,nan,nan,13.0,0.0,14,nan
52.754831210772196,41.54676258992806,nan,0.0,nan,6.027526144,nan,nan,13.0,0.0,14,nan
52.77150355180105,44.7841726618705,nan,0.0,nan,6.027526144,nan,nan,13.0,0.0,14,nan
52.78817370732625,47.66187050359713,nan,0.0,nan,6.027526144,nan,nan,14.0,0.0,14,nan
52.80484669605891,48.02158273381295,nan,0.0,nan,6.027526144,nan,nan,14.0,0.0,14,nan
52.82151942650477,47.66187050359713,nan,0.0,nan,6.027526144,nan,nan,14.0,0.0,14,nan
52.8381910165151,42.985611510791365,nan,0.0,nan,6.027526144,nan,nan,13.0,0.0,14,nan
52.854862960179645,44.7841726618705,nan,0.0,nan,6.027526144,nan,nan,13.0,0.0,14,nan
52.871536115805306,44.7841726618705,nan,0.0,nan,6.031720448,nan,nan,13.0,0.0,14,nan
52.88821153640747,37.589928057553955,nan,0.0,nan,6.031720448,nan,nan,11.0,0.0,14,nan
52.90488830804825,44.7841726618705,nan,0.0,nan,6.035914752,nan,nan,13.0,0.0,14,nan
52.921559985478716,44.96402877697842,nan,0.0,nan,6.038011904,nan,nan,13.0,0.0,14,nan
52.93823548555374,44.96402877697842,nan,0.0,nan,6.038011904,nan,nan,13.0,0.0,14,nan
52.95490644375483,44.96402877697842,nan,0.0,nan,6.038011904,nan,nan,13.0,0.0,14,nan
52.971579436461134,40.46762589928058,nan,0.0,nan,6.040109056,nan,nan,12.0,0.0,14,nan
52.988252747058866,45.14388489208633,nan,0.0,nan,6.040109056,nan,nan,13.0,0.0,14,nan
53.004921809832254,45.14388489208633,nan,0.0,nan,6.040109056,nan,nan,13.0,0.0,14,nan
53.0215957403183,40.46762589928058,nan,0.0,nan,6.040109056,nan,nan,12.0,0.0,14,nan
53.03826924959819,34.71223021582733,nan,0.0,nan,6.067372032,nan,nan,11.0,0.0,14,nan
53.05494289000829,45.32374100719424,nan,0.0,nan,6.067372032,nan,nan,13.0,0.0,14,nan
53.0716175754865,45.32374100719424,nan,0.0,nan,6.067372032,nan,nan,13.0,0.0,14,nan
53.088288907210035,48.201438848920866,nan,0.0,nan,6.067372032,nan,nan,14.0,0.0,14,nan
53.104962571461996,44.96402877697842,nan,0.0,nan,6.067372032,nan,nan,13.0,0.0,14,nan
53.121635564168294,43.16546762589928,nan,0.0,nan,6.069469184,nan,nan,13.0,0.0,14,nan
53.1383073091507,43.16546762589928,nan,0.0,nan,6.105120768,nan,nan,13.0,0.0,14,nan
53.15497928063075,43.5251798561151,nan,0.0,nan,6.111412224,nan,nan,13.0,0.0,14,nan
53.171652964750926,48.381294964028775,nan,0.0,nan,6.111412224,nan,nan,14.0,0.0,14,nan
53.188326462109885,47.84172661870504,nan,0.0,nan,6.111412224,nan,nan,14.0,0.0,14,nan
53.204996621608736,47.84172661870504,nan,0.0,nan,6.111412224,nan,nan,14.0,0.0,14,nan
53.221667635440824,47.84172661870504,nan,0.0,nan,6.111412224,nan,nan,14.0,0.0,14,nan
53.238340667883556,36.87050359712231,nan,0.0,nan,6.111412224,nan,nan,12.0,0.0,14,nan
53.25501239299774,41.72661870503597,nan,0.0,nan,6.144966656,nan,nan,13.0,0.0,14,nan
53.27168523470561,41.72661870503597,nan,0.0,nan,6.15964672,nan,nan,13.0,0.0,14,nan
53.28835574785868,41.90647482014388,nan,0.0,nan,6.15964672,nan,nan,13.0,0.0,14,nan
53.30502901077271,48.201438848920866,nan,0.0,nan,6.15964672,nan,nan,14.0,0.0,14,nan
53.321703557173414,48.201438848920866,nan,0.0,nan,6.15964672,nan,nan,14.0,0.0,14,nan
53.33837770620982,44.06474820143885,nan,0.0,nan,6.15964672,nan,nan,13.0,0.0,14,nan
53.35505343278249,34.53237410071942,nan,0.0,nan,6.161743872,nan,nan,11.0,0.0,14,nan
53.37172741095225,45.50359712230215,nan,0.0,nan,6.163841024,nan,nan,13.0,0.0,14,nan
53.38839794794718,46.223021582733814,nan,0.0,nan,6.163841024,nan,nan,13.0,0.0,14,nan
53.40506697495778,45.68345323741008,nan,0.0,nan,6.163841024,nan,nan,13.0,0.0,14,nan
53.42174189885457,45.68345323741008,nan,0.0,nan,6.163841024,nan,nan,13.0,0.0,14,nan
53.43841537634532,45.68345323741008,nan,0.0,nan,6.163841024,nan,nan,13.0,0.0,14,nan
53.45508802731832,48.201438848920866,nan,0.0,nan,6.163841024,nan,nan,14.0,0.0,14,nan
53.47176032066345,37.23021582733813,nan,0.0,nan,6.163841024,nan,nan,12.0,0.0,14,nan
53.488436273733775,42.0863309352518,nan,0.0,nan,6.163841024,nan,nan,13.0,0.0,14,nan
53.50510989824931,48.381294964028775,nan,0.0,nan,6.163841024,nan,nan,14.0,0.0,14,nan
53.521781623363495,48.561151079136685,nan,0.0,nan,6.163841024,nan,nan,14.0,0.0,14,nan
53.53845144112905,45.50359712230215,nan,0.0,nan,6.163841024,nan,nan,13.0,0.0,14,nan
53.555124660333,46.76258992805755,nan,0.0,nan,6.163841024,nan,nan,13.0,0.0,14,nan
53.57179754177729,48.7410071942446,nan,0.0,nan,6.163841024,nan,nan,14.0,0.0,14,nan
53.588474198182425,48.92086330935251,nan,0.0,nan,6.163841024,nan,nan,14.0,0.0,14,nan
53.605145748456316,42.805755395683455,nan,0.0,nan,6.163841024,nan,nan,13.0,0.0,14,nan
53.62181858619054,48.92086330935251,nan,0.0,nan,6.163841024,nan,nan,14.0,0.0,14,nan
53.638492282231645,48.92086330935251,nan,0.0,nan,6.163841024,nan,nan,14.0,0.0,14,nan
53.655165028572085,48.92086330935251,nan,0.0,nan,6.163841024,nan,nan,14.0,0.0,14,nan
53.67183755238851,49.64028776978417,nan,0.0,nan,6.163841024,nan,nan,14.0,0.0,14,nan
53.68851008415222,46.76258992805755,nan,0.0,nan,6.163841024,nan,nan,13.0,0.0,14,nan
53.70518956184387,45.68345323741008,nan,0.0,nan,6.163841024,nan,nan,13.0,0.0,14,nan
53.72186184724172,48.92086330935251,nan,0.0,nan,6.163841024,nan,nan,14.0,0.0,14,nan
53.73853991031647,48.92086330935251,nan,0.0,nan,6.163841024,nan,nan,14.0,0.0,14,nan
53.75521448055903,42.985611510791365,nan,0.0,nan,6.163841024,nan,nan,13.0,0.0,14,nan
53.77188675800959,42.985611510791365,nan,0.0,nan,6.17013248,nan,nan,13.0,0.0,14,nan
53.788563613096876,44.24460431654676,nan,0.0,nan,6.17013248,nan,nan,12.0,0.0,14,nan
53.805234571297966,46.58273381294964,nan,0.0,nan,6.17013248,nan,nan,13.0,0.0,14,nan
53.82190990447998,48.7410071942446,nan,0.0,nan,6.17013248,nan,nan,14.0,0.0,14,nan
53.838588468233745,48.7410071942446,nan,0.0,nan,6.17013248,nan,nan,14.0,0.0,14,nan
53.85526048342387,46.043165467625904,nan,0.0,nan,6.17013248,nan,nan,13.0,0.0,14,nan
53.87193760871887,39.20863309352518,nan,0.0,nan,6.17013248,nan,nan,12.0,0.0,14,nan
53.88861384789149,48.02158273381295,nan,0.0,nan,6.17013248,nan,nan,14.0,0.0,14,nan
53.90528469085693,48.02158273381295,nan,0.0,nan,6.17013248,nan,nan,14.0,0.0,14,nan
53.921958887577055,48.02158273381295,nan,0.0,nan,6.17013248,nan,nan,14.0,0.0,14,nan
53.93863195180893,48.02158273381295,nan,0.0,nan,6.17013248,nan,nan,14.0,0.0,14,nan
53.95530606508255,48.201438848920866,nan,0.0,nan,6.17013248,nan,nan,14.0,0.0,14,nan
53.971980373064675,45.50359712230215,nan,0.0,nan,6.17013248,nan,nan,13.0,0.0,14,nan
53.98865445057551,39.20863309352518,nan,0.0,nan,6.467940352,nan,nan,12.0,0.0,14,nan
54.00532909631729,37.23021582733813,nan,0.0,nan,6.671364096,nan,nan,11.0,0.0,14,nan
54.02200215657552,39.20863309352518,nan,0.0,nan,6.679752704,nan,nan,12.0,0.0,14,nan
54.03867452541987,39.38848920863309,nan,0.0,nan,6.68604416,nan,nan,12.0,0.0,14,nan
54.05534736315409,39.38848920863309,nan,0.0,nan,6.690238464,nan,nan,12.0,0.0,14,nan
54.0720196445783,39.38848920863309,nan,0.0,nan,6.818164736,nan,nan,12.0,0.0,14,nan
54.088692637284595,39.38848920863309,nan,0.0,nan,6.834941952,nan,nan,12.0,0.0,14,nan
54.10536516904831,39.38848920863309,nan,0.0,nan,6.837039104,nan,nan,12.0,0.0,14,nan
54.12203833262126,39.38848920863309,nan,0.0,nan,6.837039104,nan,nan,12.0,0.0,14,nan
54.13871011336644,39.38848920863309,nan,0.0,nan,5.694062592,nan,nan,12.0,0.0,13,nan
54.15538753668467,34.89208633093526,nan,0.0,nan,5.694062592,nan,nan,11.0,0.0,13,nan
54.17206040620804,39.02877697841727,nan,0.0,nan,5.694062592,nan,nan,12.0,0.0,13,nan
54.18873471419017,39.92805755395683,nan,0.0,nan,5.694062592,nan,nan,12.0,0.0,13,nan
54.20540855328242,39.38848920863309,nan,0.0,nan,5.694062592,nan,nan,12.0,0.0,13,nan
54.22207905848821,39.568345323741006,nan,0.0,nan,5.694062592,nan,nan,12.0,0.0,13,nan
54.23875222206116,37.94964028776978,nan,0.0,nan,5.694062592,nan,nan,12.0,0.0,13,nan
54.25542637507121,39.38848920863309,nan,0.0,nan,5.694062592,nan,nan,13.0,0.0,13,nan
54.27210173606873,40.827338129496404,nan,0.0,nan,5.694062592,nan,nan,13.0,0.0,13,nan
54.28877099752426,40.827338129496404,nan,0.0,nan,5.694062592,nan,nan,13.0,0.0,13,nan
54.30543981790542,40.827338129496404,nan,0.0,nan,5.694062592,nan,nan,13.0,0.0,13,nan
54.32211179733277,41.18705035971223,nan,0.0,nan,5.694062592,nan,nan,13.0,0.0,13,nan
54.338789288202925,35.431654676258994,nan,0.0,nan,5.694062592,nan,nan,11.0,0.0,13,nan
54.35546411673228,37.94964028776978,nan,0.0,nan,5.694062592,nan,nan,12.0,0.0,13,nan
54.372138651212055,37.94964028776978,nan,0.0,nan,5.694062592,nan,nan,12.0,0.0,13,nan
54.38881368637085,35.97122302158273,nan,0.0,nan,5.696159744,nan,nan,11.0,0.0,13,nan
54.40548384984334,38.12949640287769,nan,0.0,nan,5.696159744,nan,nan,12.0,0.0,13,nan
54.42215377489726,34.89208633093526,nan,0.0,nan,5.696159744,nan,nan,11.0,0.0,13,nan
54.4388236562411,35.251798561151084,nan,0.0,nan,5.696159744,nan,nan,11.0,0.0,13,nan
54.45549701054891,34.89208633093526,nan,0.0,nan,5.696159744,nan,nan,11.0,0.0,13,nan
54.47216783364614,34.89208633093526,nan,0.0,nan,5.696159744,nan,nan,11.0,0.0,13,nan
54.48884034554164,34.89208633093526,nan,0.0,nan,5.696159744,nan,nan,11.0,0.0,13,nan
54.50551228920619,35.07194244604317,nan,0.0,nan,5.696159744,nan,nan,11.0,0.0,13,nan
54.52218867142995,35.251798561151084,nan,0.0,nan,5.696159744,nan,nan,11.0,0.0,13,nan
54.538862601915994,35.251798561151084,nan,0.0,nan,5.696159744,nan,nan,11.0,0.0,13,nan
54.55553923050562,35.251798561151084,nan,0.0,nan,4.83835904,nan,nan,11.0,0.0,12,nan
54.57221188147863,35.251798561151084,nan,0.0,nan,4.83835904,nan,nan,11.0,0.0,12,nan
54.58888971010844,37.94964028776978,nan,0.0,nan,4.83835904,nan,nan,12.0,0.0,12,nan
54.6055637439092,38.12949640287769,nan,0.0,nan,4.83835904,nan,nan,12.0,0.0,12,nan
54.62223441203435,38.12949640287769,nan,0.0,nan,4.83835904,nan,nan,12.0,0.0,12,nan
54.63890626827876,38.12949640287769,nan,0.0,nan,4.83835904,nan,nan,12.0,0.0,12,nan
54.65557655096054,38.12949640287769,nan,0.0,nan,4.83835904,nan,nan,12.0,0.0,12,nan
54.67225157022476,38.12949640287769,nan,0.0,nan,4.83835904,nan,nan,12.0,0.0,12,nan
54.68892060915629,35.61151079136691,nan,0.0,nan,4.83835904,nan,nan,11.0,0.0,12,nan
54.70559033552806,38.30935251798561,nan,0.0,nan,4.840456192,nan,nan,12.0,0.0,12,nan
54.722263753414154,38.12949640287769,nan,0.0,nan,4.840456192,nan,nan,12.0,0.0,12,nan
54.73893788258235,38.48920863309353,nan,0.0,nan,4.842553344,nan,nan,12.0,0.0,12,nan
54.75560936530431,38.12949640287769,nan,0.0,nan,4.842553344,nan,nan,12.0,0.0,12,nan
54.772286283969876,35.97122302158273,nan,0.0,nan,4.846747648,nan,nan,11.0,0.0,12,nan
54.78896058400472,35.97122302158273,nan,0.0,nan,4.846747648,nan,nan,11.0,0.0,12,nan
54.80563619931539,35.97122302158273,nan,0.0,nan,4.85933056,nan,nan,11.0,0.0,12,nan
54.82230585813522,36.15107913669065,nan,0.0,nan,4.85933056,nan,nan,11.0,0.0,12,nan
54.838978199164075,36.15107913669065,nan,0.0,nan,4.86981632,nan,nan,11.0,0.0,12,nan
54.85565482378006,36.15107913669065,nan,0.0,nan,4.886593536,nan,nan,11.0,0.0,12,nan
54.87232777277629,36.33093525179856,nan,0.0,nan,4.886593536,nan,nan,11.0,0.0,12,nan
54.8890004992485,36.51079136690647,nan,0.0,nan,4.886593536,nan,nan,11.0,0.0,12,nan
54.90567201773326,36.51079136690647,nan,0.0,nan,4.886593536,nan,nan,11.0,0.0,12,nan
54.922341632843015,38.66906474820144,nan,0.0,nan,4.886593536,nan,nan,12.0,0.0,12,nan
54.939014228185016,36.51079136690647,nan,0.0,nan,4.888690688,nan,nan,11.0,0.0,12,nan
54.955688671271005,36.51079136690647,nan,0.0,nan,4.888690688,nan,nan,11.0,0.0,12,nan
54.97236499786377,38.84892086330935,nan,0.0,nan,4.888690688,nan,nan,12.0,0.0,12,nan
54.989036508401234,39.02877697841727,nan,0.0,nan,4.888690688,nan,nan,12.0,0.0,12,nan
55.005705956617994,33.63309352517986,nan,0.0,nan,4.888690688,nan,nan,11.0,0.0,12,nan
55.02237889766693,38.84892086330935,nan,0.0,nan,4.888690688,nan,nan,12.0,0.0,12,nan
55.0390545686086,38.84892086330935,nan,0.0,nan,4.888690688,nan,nan,12.0,0.0,12,nan
55.05572401682536,38.84892086330935,nan,0.0,nan,4.888690688,nan,nan,12.0,0.0,12,nan
55.07239557902018,39.02877697841727,nan,0.0,nan,4.888690688,nan,nan,12.0,0.0,12,nan
55.08906868696213,39.20863309352518,nan,0.0,nan,4.888690688,nan,nan,12.0,0.0,12,nan
55.1057386636734,38.66906474820144,nan,0.0,nan,4.888690688,nan,nan,12.0,0.0,12,nan
55.1224117676417,38.84892086330935,nan,0.0,nan,4.888690688,nan,nan,12.0,0.0,12,nan
55.1390814781189,39.02877697841727,nan,0.0,nan,4.888690688,nan,nan,12.0,0.0,12,nan
55.15575362841288,36.87050359712231,nan,0.0,nan,4.888690688,nan,nan,11.0,0.0,12,nan
55.17242353757222,39.02877697841727,nan,0.0,nan,4.888690688,nan,nan,12.0,0.0,12,nan
55.18909562428792,39.02877697841727,nan,0.0,nan,4.888690688,nan,nan,12.0,0.0,12,nan
55.20576536655426,39.02877697841727,nan,0.0,nan,4.888690688,nan,nan,12.0,0.0,12,nan
55.2224370042483,39.02877697841727,nan,0.0,nan,4.888690688,nan,nan,12.0,0.0,12,nan
55.239109710852304,39.20863309352518,nan,0.0,nan,4.888690688,nan,nan,12.0,0.0,12,nan
55.255784237384795,39.20863309352518,nan,0.0,nan,4.888690688,nan,nan,12.0,0.0,12,nan
55.27245777050654,39.20863309352518,nan,0.0,nan,4.888690688,nan,nan,12.0,0.0,12,nan
55.289131144682564,36.87050359712231,nan,0.0,nan,4.888690688,nan,nan,11.0,0.0,12,nan
55.30580396652222,39.20863309352518,nan,0.0,nan,4.888690688,nan,nan,12.0,0.0,12,nan
55.32247554461161,39.20863309352518,nan,0.0,nan,4.888690688,nan,nan,12.0,0.0,12,nan
55.33914704720179,39.38848920863309,nan,0.0,nan,4.888690688,nan,nan,12.0,0.0,12,nan
55.35582051674525,39.568345323741006,nan,0.0,nan,4.888690688,nan,nan,12.0,0.0,12,nan
55.372491681575774,39.568345323741006,nan,0.0,nan,4.888690688,nan,nan,12.0,0.0,12,nan
55.38916942675908,39.568345323741006,nan,0.0,nan,4.888690688,nan,nan,12.0,0.0,12,nan
55.40584072669347,39.568345323741006,nan,0.0,nan,4.888690688,nan,nan,12.0,0.0,12,nan
55.42251393000285,39.568345323741006,nan,0.0,nan,4.888690688,nan,nan,12.0,0.0,12,nan
55.43918941020966,39.748201438848916,nan,0.0,nan,4.888690688,nan,nan,12.0,0.0,12,nan
55.45585829814275,39.748201438848916,nan,0.0,nan,4.888690688,nan,nan,12.0,0.0,12,nan
55.47252731323242,36.69064748201439,nan,0.0,nan,4.888690688,nan,nan,11.0,0.0,12,nan
55.48919835488002,39.748201438848916,nan,0.0,nan,4.888690688,nan,nan,12.0,0.0,12,nan
55.50586752494176,39.748201438848916,nan,0.0,nan,4.888690688,nan,nan,12.0,0.0,12,nan
55.522537295023604,39.748201438848916,nan,0.0,nan,4.888690688,nan,nan,12.0,0.0,12,nan
55.53921020825704,39.748201438848916,nan,0.0,nan,4.888690688,nan,nan,12.0,0.0,12,nan
55.55588646332423,39.568345323741006,nan,0.0,nan,4.888690688,nan,nan,12.0,0.0,12,nan
55.572556781768796,39.568345323741006,nan,0.0,nan,4.888690688,nan,nan,12.0,0.0,12,nan
55.589227656523384,39.568345323741006,nan,0.0,nan,4.888690688,nan,nan,12.0,0.0,12,nan
55.60589794715246,39.748201438848916,nan,0.0,nan,4.888690688,nan,nan,12.0,0.0,12,nan
55.62256771326065,39.92805755395683,nan,0.0,nan,4.888690688,nan,nan,12.0,0.0,12,nan
55.639237713813785,37.05035971223022,nan,0.0,nan,4.888690688,nan,nan,11.0,0.0,12,nan
55.655911179383594,39.92805755395683,nan,0.0,nan,4.888690688,nan,nan,12.0,0.0,12,nan
55.672588324546815,39.92805755395683,nan,0.0,nan,4.888690688,nan,nan,12.0,0.0,12,nan
55.68926208813985,39.92805755395683,nan,0.0,nan,4.888690688,nan,nan,12.0,0.0,12,nan
55.70593489805857,37.589928057553955,nan,0.0,nan,4.888690688,nan,nan,11.0,0.0,12,nan
55.72260455687841,40.10791366906474,nan,0.0,nan,4.888690688,nan,nan,12.0,0.0,12,nan
55.73927840391795,40.28776978417267,nan,0.0,nan,4.888690688,nan,nan,12.0,0.0,12,nan
55.75595423777898,40.46762589928058,nan,0.0,nan,4.888690688,nan,nan,12.0,0.0,12,nan
55.77262320915858,40.46762589928058,nan,0.0,nan,4.888690688,nan,nan,12.0,0.0,12,nan
55.789304331938425,40.827338129496404,nan,0.0,nan,4.888690688,nan,nan,12.0,0.0,12,nan
55.80597637891769,40.28776978417267,nan,0.0,nan,4.888690688,nan,nan,12.0,0.0,12,nan
55.822647468249,40.46762589928058,nan,0.0,nan,4.888690688,nan,nan,12.0,0.0,12,nan
55.839319046338396,37.410071942446045,nan,0.0,nan,4.888690688,nan,nan,11.0,0.0,12,nan
55.855991184711456,37.589928057553955,nan,0.0,nan,4.930633728,nan,nan,11.0,0.0,12,nan
55.87266535361608,41.007194244604314,nan,0.0,nan,4.930633728,nan,nan,12.0,0.0,12,nan
55.88933797677358,38.30935251798561,nan,0.0,nan,4.930633728,nan,nan,11.0,0.0,12,nan
55.90601230065028,40.647482014388494,nan,0.0,nan,4.930633728,nan,nan,12.0,0.0,12,nan
55.92268385887146,40.647482014388494,nan,0.0,nan,4.930633728,nan,nan,12.0,0.0,12,nan
55.93935656944911,40.647482014388494,nan,0.0,nan,4.930633728,nan,nan,12.0,0.0,12,nan
55.956027420361835,37.589928057553955,nan,0.0,nan,4.930633728,nan,nan,11.0,0.0,12,nan
55.972707343101504,35.251798561151084,nan,0.0,nan,4.930633728,nan,nan,10.0,0.0,12,nan
55.98937942186991,38.30935251798561,nan,0.0,nan,4.989353984,nan,nan,11.0,0.0,12,nan
56.006054095427196,38.30935251798561,nan,0.0,nan,5.0061312,nan,nan,11.0,0.0,12,nan
56.0227255543073,35.251798561151084,nan,0.0,nan,5.014519808,nan,nan,10.0,0.0,12,nan
56.0393980383873,35.251798561151084,nan,0.0,nan,5.020811264,nan,nan,10.0,0.0,12,nan
56.05606716473897,37.76978417266187,nan,0.0,nan,5.020811264,nan,nan,11.0,0.0,12,nan
56.07273993094762,40.827338129496404,nan,0.0,nan,5.020811264,nan,nan,12.0,0.0,12,nan
56.0894123117129,41.007194244604314,nan,0.0,nan,5.020811264,nan,nan,12.0,0.0,12,nan
56.106085475285845,41.18705035971223,nan,0.0,nan,5.020811264,nan,nan,12.0,0.0,12,nan
56.122757732868195,41.18705035971223,nan,0.0,nan,5.020811264,nan,nan,12.0,0.0,12,nan
56.13943008979162,38.66906474820144,nan,0.0,nan,5.020811264,nan,nan,11.0,0.0,12,nan
56.15610256989797,35.61151079136691,nan,0.0,nan,5.022908416,nan,nan,10.0,0.0,12,nan
56.172774748007456,35.79136690647482,nan,0.0,nan,5.043879936,nan,nan,10.0,0.0,12,nan
56.18944718837738,35.97122302158273,nan,0.0,nan,5.04807424,nan,nan,10.0,0.0,12,nan
56.20612213214238,41.54676258992806,nan,0.0,nan,5.04807424,nan,nan,12.0,0.0,12,nan
56.222794624169666,41.54676258992806,nan,0.0,nan,5.04807424,nan,nan,12.0,0.0,12,nan
56.23947290579478,41.72661870503597,nan,0.0,nan,5.04807424,nan,nan,12.0,0.0,12,nan
56.25614566802979,41.72661870503597,nan,0.0,nan,5.04807424,nan,nan,12.0,0.0,12,nan
56.27281887133916,41.72661870503597,nan,0.0,nan,5.04807424,nan,nan,12.0,0.0,12,nan
56.289491073290506,35.251798561151084,nan,0.0,nan,5.052268544,nan,nan,10.0,0.0,12,nan
56.30616234540939,38.84892086330935,nan,0.0,nan,5.052268544,nan,nan,11.0,0.0,12,nan
56.32283767859141,41.36690647482014,nan,0.0,nan,5.052268544,nan,nan,12.0,0.0,12,nan
56.339509733517964,41.36690647482014,nan,0.0,nan,5.052268544,nan,nan,12.0,0.0,12,nan
56.35618206659953,41.36690647482014,nan,0.0,nan,5.052268544,nan,nan,12.0,0.0,12,nan
56.37285527388255,41.72661870503597,nan,0.0,nan,5.052268544,nan,nan,12.0,0.0,12,nan
56.38952892223994,41.72661870503597,nan,0.0,nan,5.052268544,nan,nan,12.0,0.0,12,nan
56.40620472033819,41.72661870503597,nan,0.0,nan,5.052268544,nan,nan,12.0,0.0,12,nan
56.42287714878718,41.72661870503597,nan,0.0,nan,5.052268544,nan,nan,12.0,0.0,12,nan
56.439552036921185,41.72661870503597,nan,0.0,nan,5.052268544,nan,nan,12.0,0.0,12,nan
56.45622415939967,39.20863309352518,nan,0.0,nan,5.092114432,nan,nan,11.0,0.0,12,nan
56.472896540164946,33.45323741007194,nan,0.0,nan,5.119377408,nan,nan,9.0,0.0,12,nan
56.48956880569458,36.87050359712231,nan,0.0,nan,5.12147456,nan,nan,10.0,0.0,12,nan
56.506241261959076,39.38848920863309,nan,0.0,nan,5.12147456,nan,nan,11.0,0.0,12,nan
56.52291326125463,39.38848920863309,nan,0.0,nan,5.12147456,nan,nan,11.0,0.0,12,nan
56.539585355917616,39.38848920863309,nan,0.0,nan,5.123571712,nan,nan,11.0,0.0,12,nan
56.556258563200636,41.90647482014388,nan,0.0,nan,5.123571712,nan,nan,12.0,0.0,12,nan
56.57293066183726,41.90647482014388,nan,0.0,nan,5.123571712,nan,nan,12.0,0.0,12,nan
56.58960297505061,41.90647482014388,nan,0.0,nan,5.123571712,nan,nan,12.0,0.0,12,nan
56.6062752366066,41.90647482014388,nan,0.0,nan,5.123571712,nan,nan,12.0,0.0,12,nan
56.622947271664934,42.0863309352518,nan,0.0,nan,5.123571712,nan,nan,12.0,0.0,12,nan
56.63961942990621,36.33093525179856,nan,0.0,nan,5.123571712,nan,nan,10.0,0.0,12,nan
56.656291500727335,36.33093525179856,nan,0.0,nan,5.127766016,nan,nan,10.0,0.0,12,nan
56.67296405235926,36.33093525179856,nan,0.0,nan,5.134057472,nan,nan,10.0,0.0,12,nan
56.689636917908985,36.33093525179856,nan,0.0,nan,5.134057472,nan,nan,10.0,0.0,12,nan
56.70630914370219,36.33093525179856,nan,0.0,nan,5.138251776,nan,nan,10.0,0.0,12,nan
56.722981520493825,36.33093525179856,nan,0.0,nan,5.138251776,nan,nan,10.0,0.0,12,nan
56.7396538178126,41.72661870503597,nan,0.0,nan,5.138251776,nan,nan,12.0,0.0,12,nan
56.75632683038712,41.90647482014388,nan,0.0,nan,5.138251776,nan,nan,12.0,0.0,12,nan
56.77300261656443,41.90647482014388,nan,0.0,nan,5.138251776,nan,nan,12.0,0.0,12,nan
56.7896806716919,39.568345323741006,nan,0.0,nan,5.138251776,nan,nan,11.0,0.0,12,nan
56.80635639429092,37.05035971223022,nan,0.0,nan,5.144543232,nan,nan,10.0,0.0,12,nan
56.82302836974462,37.05035971223022,nan,0.0,nan,5.144543232,nan,nan,10.0,0.0,12,nan
56.839704513549805,37.05035971223022,nan,0.0,nan,5.144543232,nan,nan,10.0,0.0,12,nan
56.85637718439102,37.05035971223022,nan,0.0,nan,5.144543232,nan,nan,10.0,0.0,12,nan
56.87305214007696,37.05035971223022,nan,0.0,nan,5.144543232,nan,nan,10.0,0.0,12,nan
56.88972466786702,37.05035971223022,nan,0.0,nan,5.144543232,nan,nan,10.0,0.0,12,nan
56.90639756123225,37.05035971223022,nan,0.0,nan,5.144543232,nan,nan,10.0,0.0,12,nan
56.92306964000066,39.748201438848916,nan,0.0,nan,5.144543232,nan,nan,11.0,0.0,12,nan
56.93974542617798,39.92805755395683,nan,0.0,nan,4.764913664,nan,nan,11.0,0.0,11,nan
56.95642449855804,37.05035971223022,nan,0.0,nan,4.764913664,nan,nan,10.0,0.0,11,nan
56.97309581041336,37.23021582733813,nan,0.0,nan,4.764913664,nan,nan,10.0,0.0,11,nan
56.9897665699323,40.28776978417267,nan,0.0,nan,4.764913664,nan,nan,11.0,0.0,11,nan
57.00643627643585,40.28776978417267,nan,0.0,nan,4.764913664,nan,nan,11.0,0.0,11,nan
57.02310971419016,40.28776978417267,nan,0.0,nan,4.764913664,nan,nan,11.0,0.0,11,nan
57.03977978229523,37.76978417266187,nan,0.0,nan,4.767010816,nan,nan,10.0,0.0,11,nan
57.05645095904668,37.76978417266187,nan,0.0,nan,5.2220928,nan,nan,10.0,0.0,11,nan
57.07312390804291,37.76978417266187,nan,0.0,nan,5.228384256,nan,nan,10.0,0.0,11,nan
57.08979438940684,40.46762589928058,nan,0.0,nan,5.228384256,nan,nan,11.0,0.0,11,nan
57.106468975543976,40.46762589928058,nan,0.0,nan,5.228384256,nan,nan,11.0,0.0,11,nan
57.12314349412918,41.36690647482014,nan,0.0,nan,5.228384256,nan,nan,11.0,0.0,11,nan
57.139812954266866,40.827338129496404,nan,0.0,nan,5.228384256,nan,nan,11.0,0.0,11,nan
57.15648821592331,40.827338129496404,nan,0.0,nan,5.228384256,nan,nan,11.0,0.0,11,nan
57.173157560825345,40.827338129496404,nan,0.0,nan,5.228384256,nan,nan,11.0,0.0,11,nan
57.189835941791536,37.589928057553955,nan,0.0,nan,5.228384256,nan,nan,10.0,0.0,11,nan
57.206508882840474,40.46762589928058,nan,0.0,nan,5.228384256,nan,nan,11.0,0.0,11,nan
57.22318558295568,40.46762589928058,nan,0.0,nan,5.228384256,nan,nan,11.0,0.0,11,nan
57.2398544549942,40.647482014388494,nan,0.0,nan,5.228384256,nan,nan,11.0,0.0,11,nan
57.25652553637823,34.53237410071942,nan,0.0,nan,5.228384256,nan,nan,9.0,0.0,11,nan
57.27320354779561,37.23021582733813,nan,0.0,nan,5.230481408,nan,nan,10.0,0.0,11,nan
57.28987638155619,37.23021582733813,nan,0.0,nan,5.234675712,nan,nan,10.0,0.0,11,nan
57.30654584964116,37.23021582733813,nan,0.0,nan,5.234675712,nan,nan,10.0,0.0,11,nan
57.32322156429291,37.23021582733813,nan,0.0,nan,5.234675712,nan,nan,10.0,0.0,11,nan
57.33989188671112,34.352517985611506,nan,0.0,nan,5.234675712,nan,nan,9.0,0.0,11,nan
57.35656523704529,34.53237410071942,nan,0.0,nan,5.234675712,nan,nan,9.0,0.0,11,nan
57.37323942979177,40.647482014388494,nan,0.0,nan,5.234675712,nan,nan,11.0,0.0,11,nan
57.38991488218308,40.647482014388494,nan,0.0,nan,5.234675712,nan,nan,11.0,0.0,11,nan
57.40658927361171,40.647482014388494,nan,0.0,nan,5.234675712,nan,nan,11.0,0.0,11,nan
57.42326541344325,37.94964028776978,nan,0.0,nan,5.234675712,nan,nan,10.0,0.0,11,nan
57.43993556896846,40.647482014388494,nan,0.0,nan,5.234675712,nan,nan,11.0,0.0,11,nan
57.45660816431045,37.410071942446045,nan,0.0,nan,5.234675712,nan,nan,10.0,0.0,11,nan
57.47328152259191,37.589928057553955,nan,0.0,nan,5.587197952,nan,nan,10.0,0.0,11,nan
57.48995164235433,37.23021582733813,nan,0.0,nan,5.60607232,nan,nan,10.0,0.0,11,nan
57.506625513235726,34.71223021582733,nan,0.0,nan,5.610266624,nan,nan,9.0,0.0,11,nan
57.52329523563385,37.410071942446045,nan,0.0,nan,5.610266624,nan,nan,10.0,0.0,11,nan
57.539964906374614,37.410071942446045,nan,0.0,nan,5.610266624,nan,nan,10.0,0.0,11,nan
57.55664158264796,34.71223021582733,nan,0.0,nan,5.610266624,nan,nan,9.0,0.0,11,nan
57.5733128507932,35.97122302158273,nan,0.0,nan,5.610266624,nan,nan,10.0,0.0,11,nan
57.58998807271322,39.20863309352518,nan,0.0,nan,5.610266624,nan,nan,11.0,0.0,11,nan
57.6066635688146,39.38848920863309,nan,0.0,nan,5.610266624,nan,nan,11.0,0.0,11,nan
57.623335015773776,39.38848920863309,nan,0.0,nan,5.610266624,nan,nan,11.0,0.0,11,nan
57.6400093793869,39.38848920863309,nan,0.0,nan,5.610266624,nan,nan,11.0,0.0,11,nan
57.65668165683746,39.38848920863309,nan,0.0,nan,5.610266624,nan,nan,11.0,0.0,11,nan
57.673353691895805,36.51079136690647,nan,0.0,nan,5.610266624,nan,nan,10.0,0.0,11,nan
57.69002594153086,36.69064748201439,nan,0.0,nan,5.610266624,nan,nan,10.0,0.0,11,nan
57.70669871171315,39.92805755395683,nan,0.0,nan,5.610266624,nan,nan,11.0,0.0,11,nan
57.72337091763814,39.92805755395683,nan,0.0,nan,5.610266624,nan,nan,11.0,0.0,11,nan
57.74004343350728,40.10791366906474,nan,0.0,nan,5.610266624,nan,nan,11.0,0.0,11,nan
57.75671869119008,40.28776978417267,nan,0.0,nan,5.610266624,nan,nan,11.0,0.0,11,nan
57.77338912089666,36.87050359712231,nan,0.0,nan,5.610266624,nan,nan,10.0,0.0,11,nan
57.79006135861079,36.87050359712231,nan,0.0,nan,5.614460928,nan,nan,10.0,0.0,11,nan
57.80673370361328,31.474820143884898,nan,0.0,nan,5.614460928,nan,nan,9.0,0.0,11,nan
57.82340644598007,36.87050359712231,nan,0.0,nan,5.614460928,nan,nan,10.0,0.0,11,nan
57.84007973273595,37.05035971223022,nan,0.0,nan,5.61655808,nan,nan,10.0,0.0,11,nan
57.85675252278646,37.05035971223022,nan,0.0,nan,5.61655808,nan,nan,10.0,0.0,11,nan
57.87342521349589,31.654676258992808,nan,0.0,nan,5.618655232,nan,nan,9.0,0.0,11,nan
57.89009749492009,37.23021582733813,nan,0.0,nan,5.633335296,nan,nan,10.0,0.0,11,nan
57.90676964918772,37.23021582733813,nan,0.0,nan,5.633335296,nan,nan,10.0,0.0,11,nan
57.92344189882279,37.23021582733813,nan,0.0,nan,5.633335296,nan,nan,10.0,0.0,11,nan
57.94011497894923,37.23021582733813,nan,0.0,nan,5.633335296,nan,nan,10.0,0.0,11,nan
57.95678788820903,37.23021582733813,nan,0.0,nan,5.633335296,nan,nan,10.0,0.0,11,nan
57.9734589099884,37.23021582733813,nan,0.0,nan,5.633335296,nan,nan,10.0,0.0,11,nan
57.990130960941315,37.76978417266187,nan,0.0,nan,5.633335296,nan,nan,10.0,0.0,11,nan
58.00680405696233,37.410071942446045,nan,0.0,nan,5.633335296,nan,nan,10.0,0.0,11,nan
58.02347689072291,37.410071942446045,nan,0.0,nan,5.633335296,nan,nan,10.0,0.0,11,nan
58.0401517868042,37.410071942446045,nan,0.0,nan,5.633335296,nan,nan,10.0,0.0,11,nan
58.056823976834615,38.12949640287769,nan,0.0,nan,5.633335296,nan,nan,10.0,0.0,11,nan
58.073496305942534,34.71223021582733,nan,0.0,nan,5.633335296,nan,nan,9.0,0.0,11,nan
58.09016871849696,37.76978417266187,nan,0.0,nan,5.633335296,nan,nan,10.0,0.0,11,nan
58.10684157212575,37.76978417266187,nan,0.0,nan,5.633335296,nan,nan,10.0,0.0,11,nan
58.123513746261594,37.94964028776978,nan,0.0,nan,5.635432448,nan,nan,10.0,0.0,11,nan
58.14018591245016,34.89208633093526,nan,0.0,nan,5.6375296,nan,nan,9.0,0.0,11,nan
58.156858106454216,31.83453237410072,nan,0.0,nan,5.696249856,nan,nan,8.0,0.0,11,nan
58.17353009382884,34.71223021582733,nan,0.0,nan,5.832564736,nan,nan,9.0,0.0,11,nan
58.190202661355336,34.71223021582733,nan,0.0,nan,5.859827712,nan,nan,9.0,0.0,11,nan
58.2068749109904,31.294964028776985,nan,0.0,nan,5.880799232,nan,nan,8.0,0.0,11,nan
58.22354794740677,31.294964028776985,nan,0.0,nan,5.880799232,nan,nan,8.0,0.0,11,nan
58.24022389650345,31.474820143884898,nan,0.0,nan,5.880799232,nan,nan,8.0,0.0,11,nan
58.25689746141434,31.474820143884898,nan,0.0,nan,5.880799232,nan,nan,8.0,0.0,11,nan
58.273569746812186,31.474820143884898,nan,0.0,nan,5.880799232,nan,nan,8.0,0.0,11,nan
58.29024197657903,34.53237410071942,nan,0.0,nan,5.880799232,nan,nan,9.0,0.0,11,nan
58.30691393216451,34.53237410071942,nan,0.0,nan,5.882896384,nan,nan,9.0,0.0,11,nan
58.32358624537786,34.53237410071942,nan,0.0,nan,5.882896384,nan,nan,9.0,0.0,11,nan
58.340258161226906,34.53237410071942,nan,0.0,nan,5.884993536,nan,nan,9.0,0.0,11,nan
58.356930454572044,26.798561151079138,nan,0.0,nan,5.884993536,nan,nan,7.0,0.0,11,nan
58.373602616786954,34.71223021582733,nan,0.0,nan,5.884993536,nan,nan,9.0,0.0,11,nan
58.39027511676152,34.71223021582733,nan,0.0,nan,5.884993536,nan,nan,9.0,0.0,11,nan
58.40694764455159,34.71223021582733,nan,0.0,nan,5.887090688,nan,nan,9.0,0.0,11,nan
58.42362012863159,34.71223021582733,nan,0.0,nan,5.887090688,nan,nan,9.0,0.0,11,nan
58.44029237031937,28.776978417266186,nan,0.0,nan,5.887090688,nan,nan,7.0,0.0,11,nan
58.45696787834167,34.89208633093526,nan,0.0,nan,5.887090688,nan,nan,9.0,0.0,11,nan
58.47364094654719,35.07194244604317,nan,0.0,nan,5.887090688,nan,nan,9.0,0.0,11,nan
58.490313561757404,35.07194244604317,nan,0.0,nan,5.887090688,nan,nan,9.0,0.0,11,nan
58.506991163889566,33.992805755395686,nan,0.0,nan,5.887090688,nan,nan,9.0,0.0,11,nan
58.5236641963323,33.992805755395686,nan,0.0,nan,5.887090688,nan,nan,9.0,0.0,11,nan
58.54033321142197,33.992805755395686,nan,0.0,nan,5.887090688,nan,nan,9.0,0.0,11,nan
58.55700623989105,33.992805755395686,nan,0.0,nan,5.887090688,nan,nan,9.0,0.0,11,nan
58.573679427305855,37.05035971223022,nan,0.0,nan,5.887090688,nan,nan,10.0,0.0,11,nan
58.59035495917002,37.05035971223022,nan,0.0,nan,5.887090688,nan,nan,10.0,0.0,11,nan
58.60702921152115,37.05035971223022,nan,0.0,nan,5.887090688,nan,nan,10.0,0.0,11,nan
58.62370225588481,37.05035971223022,nan,0.0,nan,5.887090688,nan,nan,10.0,0.0,11,nan
58.64037537574768,37.05035971223022,nan,0.0,nan,5.887090688,nan,nan,10.0,0.0,11,nan
58.657047895590466,37.05035971223022,nan,0.0,nan,5.887090688,nan,nan,10.0,0.0,11,nan
58.67371973991394,37.05035971223022,nan,0.0,nan,5.887090688,nan,nan,10.0,0.0,11,nan
58.6903925259908,33.992805755395686,nan,0.0,nan,5.887090688,nan,nan,9.0,0.0,11,nan
58.70706512530645,37.05035971223022,nan,0.0,nan,5.887090688,nan,nan,10.0,0.0,11,nan
58.72373747428258,37.05035971223022,nan,0.0,nan,5.887090688,nan,nan,10.0,0.0,11,nan
58.74041074911754,37.05035971223022,nan,0.0,nan,5.887090688,nan,nan,10.0,0.0,11,nan
58.75708051522573,37.05035971223022,nan,0.0,nan,5.887090688,nan,nan,10.0,0.0,11,nan
58.77375328540802,34.71223021582733,nan,0.0,nan,5.887090688,nan,nan,9.0,0.0,11,nan
58.79042570193609,37.23021582733813,nan,0.0,nan,5.887090688,nan,nan,10.0,0.0,11,nan
58.807098118464154,40.647482014388494,nan,0.0,nan,5.887090688,nan,nan,11.0,0.0,11,nan
58.8237704873085,40.827338129496404,nan,0.0,nan,5.887090688,nan,nan,11.0,0.0,11,nan
58.840442923704785,40.827338129496404,nan,0.0,nan,5.887090688,nan,nan,11.0,0.0,11,nan
58.85711392561595,41.18705035971223,nan,0.0,nan,5.887090688,nan,nan,11.0,0.0,11,nan
58.87378642161687,41.36690647482014,nan,0.0,nan,5.887090688,nan,nan,11.0,0.0,11,nan
58.89046032031377,41.54676258992806,nan,0.0,nan,5.887090688,nan,nan,11.0,0.0,11,nan
58.907135617733005,41.54676258992806,nan,0.0,nan,5.887090688,nan,nan,11.0,0.0,11,nan
58.923806099096936,41.54676258992806,nan,0.0,nan,5.887090688,nan,nan,11.0,0.0,11,nan
58.94047863880793,38.48920863309353,nan,0.0,nan,5.887090688,nan,nan,10.0,0.0,11,nan
58.95715245405833,41.54676258992806,nan,0.0,nan,5.887090688,nan,nan,11.0,0.0,11,nan
58.97382487456004,41.54676258992806,nan,0.0,nan,5.887090688,nan,nan,11.0,0.0,11,nan
58.99049588044485,41.72661870503597,nan,0.0,nan,5.887090688,nan,nan,11.0,0.0,11,nan
59.00716787179311,41.72661870503597,nan,0.0,nan,5.887090688,nan,nan,11.0,0.0,11,nan
59.02383982737859,41.72661870503597,nan,0.0,nan,5.887090688,nan,nan,11.0,0.0,11,nan
59.04051194190979,41.72661870503597,nan,0.0,nan,5.887090688,nan,nan,11.0,0.0,11,nan
59.057183452447255,41.72661870503597,nan,0.0,nan,5.887090688,nan,nan,11.0,0.0,11,nan
59.073856302102406,41.72661870503597,nan,0.0,nan,5.887090688,nan,nan,11.0,0.0,11,nan
59.09052817026774,41.72661870503597,nan,0.0,nan,5.887090688,nan,nan,11.0,0.0,11,nan
59.107203495502475,41.90647482014388,nan,0.0,nan,5.887090688,nan,nan,11.0,0.0,11,nan
59.12387497027715,38.84892086330935,nan,0.0,nan,5.887090688,nan,nan,10.0,0.0,11,nan
59.14054770469666,42.0863309352518,nan,0.0,nan,5.887090688,nan,nan,11.0,0.0,11,nan
59.157220764954886,38.48920863309353,nan,0.0,nan,5.887090688,nan,nan,10.0,0.0,11,nan
59.17389287551244,38.48920863309353,nan,0.0,nan,5.887090688,nan,nan,10.0,0.0,11,nan
59.190564338366194,35.431654676258994,nan,0.0,nan,5.891284992,nan,nan,9.0,0.0,11,nan
59.20723662773768,38.66906474820144,nan,0.0,nan,5.92064512,nan,nan,10.0,0.0,11,nan
59.2239088455836,38.84892086330935,nan,0.0,nan,5.92064512,nan,nan,10.0,0.0,11,nan
59.24058632850647,35.61151079136691,nan,0.0,nan,5.92064512,nan,nan,9.0,0.0,11,nan
59.257259066899614,38.66906474820144,nan,0.0,nan,5.92064512,nan,nan,10.0,0.0,11,nan
59.27393801609675,38.66906474820144,nan,0.0,nan,5.92064512,nan,nan,10.0,0.0,11,nan
59.29061055580775,38.84892086330935,nan,0.0,nan,5.92064512,nan,nan,10.0,0.0,11,nan
59.30727953910828,38.84892086330935,nan,0.0,nan,5.92064512,nan,nan,10.0,0.0,11,nan
59.32394866943359,38.84892086330935,nan,0.0,nan,5.92064512,nan,nan,10.0,0.0,11,nan
59.34062076409658,38.84892086330935,nan,0.0,nan,5.92064512,nan,nan,10.0,0.0,11,nan
59.35729309717814,38.84892086330935,nan,0.0,nan,5.92064512,nan,nan,10.0,0.0,11,nan
59.37396530707677,38.84892086330935,nan,0.0,nan,5.92064512,nan,nan,10.0,0.0,11,nan
59.39063670635223,38.84892086330935,nan,0.0,nan,5.92064512,nan,nan,10.0,0.0,11,nan
59.40730851491292,38.84892086330935,nan,0.0,nan,5.92064512,nan,nan,10.0,0.0,11,nan
59.423981014887495,38.84892086330935,nan,0.0,nan,5.92064512,nan,nan,10.0,0.0,11,nan
59.44065308173497,42.44604316546763,nan,0.0,nan,5.92064512,nan,nan,11.0,0.0,11,nan
59.45732353130976,42.44604316546763,nan,0.0,nan,5.92064512,nan,nan,11.0,0.0,11,nan
59.4739959081014,42.44604316546763,nan,0.0,nan,5.92064512,nan,nan,11.0,0.0,11,nan
59.490668686230975,42.44604316546763,nan,0.0,nan,5.92064512,nan,nan,11.0,0.0,11,nan
59.50734068552653,42.44604316546763,nan,0.0,nan,5.92064512,nan,nan,11.0,0.0,11,nan
59.52401224374771,42.44604316546763,nan,0.0,nan,5.92064512,nan,nan,11.0,0.0,11,nan
59.540685093402864,39.38848920863309,nan,0.0,nan,5.92064512,nan,nan,10.0,0.0,11,nan
59.55735737880071,42.62589928057554,nan,0.0,nan,5.92064512,nan,nan,11.0,0.0,11,nan
59.57402961651484,39.02877697841727,nan,0.0,nan,5.92064512,nan,nan,10.0,0.0,11,nan
59.59069865147273,39.02877697841727,nan,0.0,nan,5.92064512,nan,nan,10.0,0.0,11,nan
59.60737144947052,36.15107913669065,nan,0.0,nan,5.92064512,nan,nan,9.0,0.0,11,nan
59.62404446999232,39.568345323741006,nan,0.0,nan,5.92064512,nan,nan,10.0,0.0,11,nan
59.64072227080663,39.748201438848916,nan,0.0,nan,5.92064512,nan,nan,10.0,0.0,11,nan
59.65739404757817,36.51079136690647,nan,0.0,nan,5.937422336,nan,nan,9.0,0.0,11,nan
59.674068721135455,39.748201438848916,nan,0.0,nan,5.937422336,nan,nan,10.0,0.0,11,nan
59.69074120124181,39.748201438848916,nan,0.0,nan,5.937422336,nan,nan,10.0,0.0,11,nan
59.707414118448895,39.748201438848916,nan,0.0,nan,5.937422336,nan,nan,10.0,0.0,11,nan
59.72408520380656,40.46762589928058,nan,0.0,nan,5.945810944,nan,nan,10.0,0.0,11,nan
59.740757338205974,40.10791366906474,nan,0.0,nan,5.945810944,nan,nan,10.0,0.0,11,nan
59.75742919842402,40.10791366906474,nan,0.0,nan,5.945810944,nan,nan,10.0,0.0,11,nan
59.774102060000104,36.69064748201439,nan,0.0,nan,5.945810944,nan,nan,9.0,0.0,11,nan
59.79077384074529,36.69064748201439,nan,0.0,nan,5.975171072,nan,nan,9.0,0.0,11,nan
59.80744601488114,33.45323741007194,nan,0.0,nan,5.975171072,nan,nan,8.0,0.0,11,nan
59.82412138382594,40.10791366906474,nan,0.0,nan,5.975171072,nan,nan,10.0,0.0,11,nan
59.84079328775406,44.24460431654676,nan,0.0,nan,5.975171072,nan,nan,11.0,0.0,11,nan
59.857465287049614,43.70503597122302,nan,0.0,nan,5.975171072,nan,nan,11.0,0.0,11,nan
59.87413732210795,43.70503597122302,nan,0.0,nan,5.975171072,nan,nan,11.0,0.0,11,nan
59.89081000884374,43.70503597122302,nan,0.0,nan,5.975171072,nan,nan,11.0,0.0,11,nan
59.90748674074809,43.70503597122302,nan,0.0,nan,5.975171072,nan,nan,11.0,0.0,11,nan
59.92415798505147,36.69064748201439,nan,0.0,nan,5.975171072,nan,nan,9.0,0.0,11,nan
59.940830715497334,37.410071942446045,nan,0.0,nan,5.979365376,nan,nan,9.0,0.0,11,nan
59.957504483064014,36.87050359712231,nan,0.0,nan,5.981462528,nan,nan,9.0,0.0,11,nan
59.97417656183243,33.45323741007194,nan,0.0,nan,5.987753984,nan,nan,8.0,0.0,11,nan
59.990853079160054,36.87050359712231,nan,0.0,nan,5.989851136,nan,nan,9.0,0.0,11,nan
60.00752735535304,40.28776978417267,nan,0.0,nan,5.989851136,nan,nan,10.0,0.0,11,nan
60.024202251434325,40.28776978417267,nan,0.0,nan,5.989851136,nan,nan,10.0,0.0,11,nan
60.04087462425232,40.28776978417267,nan,0.0,nan,5.989851136,nan,nan,10.0,0.0,11,nan
60.05754586458206,40.28776978417267,nan,0.0,nan,5.989851136,nan,nan,10.0,0.0,11,nan
60.07422096331914,40.28776978417267,nan,0.0,nan,5.99404544,nan,nan,10.0,0.0,11,nan
60.090893876552585,36.87050359712231,nan,0.0,nan,5.99404544,nan,nan,9.0,0.0,11,nan
60.10756950378418,36.87050359712231,nan,0.0,nan,5.99404544,nan,nan,9.0,0.0,11,nan
60.12424131631851,33.63309352517986,nan,0.0,nan,5.99404544,nan,nan,8.0,0.0,11,nan
60.14091387589772,33.63309352517986,nan,0.0,nan,5.996142592,nan,nan,8.0,0.0,11,nan
60.15758410692215,33.63309352517986,nan,0.0,nan,5.996142592,nan,nan,8.0,0.0,11,nan
60.17425652742386,33.63309352517986,nan,0.0,nan,5.998239744,nan,nan,8.0,0.0,11,nan
60.190927771727246,41.18705035971223,nan,0.0,nan,5.998239744,nan,nan,10.0,0.0,11,nan
60.207603788375856,40.827338129496404,nan,0.0,nan,5.998239744,nan,nan,10.0,0.0,11,nan
60.2242760459582,40.827338129496404,nan,0.0,nan,5.998239744,nan,nan,10.0,0.0,11,nan
60.24094876050949,40.827338129496404,nan,0.0,nan,5.998239744,nan,nan,10.0,0.0,11,nan
60.25762237707774,40.827338129496404,nan,0.0,nan,5.998239744,nan,nan,10.0,0.0,11,nan
60.27430294752121,37.410071942446045,nan,0.0,nan,5.541163008,nan,nan,9.0,0.0,10,nan
60.29097552696864,37.589928057553955,nan,0.0,nan,5.541163008,nan,nan,9.0,0.0,10,nan
60.307648317019144,37.589928057553955,nan,0.0,nan,5.541163008,nan,nan,9.0,0.0,10,nan
60.32432037989299,37.589928057553955,nan,0.0,nan,5.541163008,nan,nan,9.0,0.0,10,nan
60.34099382956823,33.81294964028777,nan,0.0,nan,5.541163008,nan,nan,8.0,0.0,10,nan
60.357669528325395,33.992805755395686,nan,0.0,nan,5.541163008,nan,nan,8.0,0.0,10,nan
60.374342091878255,34.352517985611506,nan,0.0,nan,5.54326016,nan,nan,8.0,0.0,10,nan
60.391014059384666,34.352517985611506,nan,0.0,nan,5.54326016,nan,nan,8.0,0.0,10,nan
60.40768654346466,34.352517985611506,nan,0.0,nan,5.54326016,nan,nan,8.0,0.0,10,nan
60.42435782353083,34.352517985611506,nan,0.0,nan,5.54326016,nan,nan,8.0,0.0,10,nan
60.44103022813797,34.352517985611506,nan,0.0,nan,5.54326016,nan,nan,8.0,0.0,10,nan
60.45770247777303,34.352517985611506,nan,0.0,nan,5.54326016,nan,nan,8.0,0.0,10,nan
60.4743750055631,34.53237410071942,nan,0.0,nan,5.54326016,nan,nan,8.0,0.0,10,nan
60.49104741414388,37.94964028776978,nan,0.0,nan,5.54326016,nan,nan,9.0,0.0,10,nan
60.5077200293541,37.94964028776978,nan,0.0,nan,5.54326016,nan,nan,9.0,0.0,10,nan
60.524390463034315,37.94964028776978,nan,0.0,nan,5.54326016,nan,nan,9.0,0.0,10,nan
60.54106365442276,37.94964028776978,nan,0.0,nan,5.54326016,nan,nan,9.0,0.0,10,nan
60.5577357729276,37.94964028776978,nan,0.0,nan,5.54326016,nan,nan,9.0,0.0,10,nan
60.57440825303396,38.12949640287769,nan,0.0,nan,5.54326016,nan,nan,9.0,0.0,10,nan
60.591083920001985,38.12949640287769,nan,0.0,nan,5.54326016,nan,nan,9.0,0.0,10,nan
60.60775337616602,38.12949640287769,nan,0.0,nan,5.54326016,nan,nan,9.0,0.0,10,nan
60.624425919850665,38.12949640287769,nan,0.0,nan,5.54326016,nan,nan,9.0,0.0,10,nan
60.641097994645435,38.12949640287769,nan,0.0,nan,5.54326016,nan,nan,9.0,0.0,10,nan
60.65776719649633,38.84892086330935,nan,0.0,nan,5.54326016,nan,nan,9.0,0.0,10,nan
60.674439704418184,34.71223021582733,nan,0.0,nan,5.54326016,nan,nan,8.0,0.0,10,nan
60.69111289978027,38.30935251798561,nan,0.0,nan,5.54326016,nan,nan,9.0,0.0,10,nan
60.70778586864471,35.251798561151084,nan,0.0,nan,5.54326016,nan,nan,8.0,0.0,10,nan
60.72445824543635,38.48920863309353,nan,0.0,nan,5.54326016,nan,nan,9.0,0.0,10,nan
60.74113071759542,38.48920863309353,nan,0.0,nan,5.54326016,nan,nan,9.0,0.0,10,nan
60.75780332485835,38.48920863309353,nan,0.0,nan,5.54326016,nan,nan,9.0,0.0,10,nan
60.774475340048475,38.48920863309353,nan,0.0,nan,5.545357312,nan,nan,9.0,0.0,10,nan
60.79114735921224,38.48920863309353,nan,0.0,nan,5.545357312,nan,nan,9.0,0.0,10,nan
60.80782031218211,38.48920863309353,nan,0.0,nan,5.545357312,nan,nan,9.0,0.0,10,nan
60.824493169784546,34.89208633093526,nan,0.0,nan,5.545357312,nan,nan,8.0,0.0,10,nan
60.84116539160411,38.48920863309353,nan,0.0,nan,5.545357312,nan,nan,9.0,0.0,10,nan
60.857838133970894,38.48920863309353,nan,0.0,nan,5.545357312,nan,nan,9.0,0.0,10,nan
60.87451014121373,38.48920863309353,nan,0.0,nan,5.545357312,nan,nan,9.0,0.0,10,nan
60.891183853149414,42.26618705035972,nan,0.0,nan,5.545357312,nan,nan,10.0,0.0,10,nan
60.90786204735438,42.26618705035972,nan,0.0,nan,5.545357312,nan,nan,10.0,0.0,10,nan
60.924536951382954,42.26618705035972,nan,0.0,nan,5.545357312,nan,nan,10.0,0.0,10,nan
60.94121125936508,42.26618705035972,nan,0.0,nan,5.545357312,nan,nan,10.0,0.0,10,nan
60.957884887854256,42.26618705035972,nan,0.0,nan,5.545357312,nan,nan,10.0,0.0,10,nan
60.97455728451411,42.26618705035972,nan,0.0,nan,5.545357312,nan,nan,10.0,0.0,10,nan
60.991230118274686,42.44604316546763,nan,0.0,nan,5.545357312,nan,nan,10.0,0.0,10,nan
61.00790191491445,39.02877697841727,nan,0.0,nan,5.545357312,nan,nan,9.0,0.0,10,nan
61.024572638670605,39.02877697841727,nan,0.0,nan,5.545357312,nan,nan,9.0,0.0,10,nan
61.041245237986246,39.02877697841727,nan,0.0,nan,5.547454464,nan,nan,9.0,0.0,10,nan
61.05792005856832,39.02877697841727,nan,0.0,nan,5.547454464,nan,nan,9.0,0.0,10,nan
61.07459174394607,39.02877697841727,nan,0.0,nan,5.547454464,nan,nan,9.0,0.0,10,nan
61.09126487572988,39.92805755395683,nan,0.0,nan,5.547454464,nan,nan,9.0,0.0,10,nan
61.10793636639913,39.568345323741006,nan,0.0,nan,5.547454464,nan,nan,9.0,0.0,10,nan
61.12460911273956,39.568345323741006,nan,0.0,nan,5.547454464,nan,nan,9.0,0.0,10,nan
61.141281406084694,39.568345323741006,nan,0.0,nan,5.547454464,nan,nan,9.0,0.0,10,nan
61.15795583724976,39.568345323741006,nan,0.0,nan,5.084565504,nan,nan,9.0,0.0,9,nan
61.174629084269206,39.568345323741006,nan,0.0,nan,5.084565504,nan,nan,9.0,0.0,9,nan
61.191303106149036,39.02877697841727,nan,0.0,nan,5.084565504,nan,nan,9.0,0.0,9,nan
61.207974064350125,39.02877697841727,nan,0.0,nan,5.084565504,nan,nan,9.0,0.0,9,nan
61.22464703718821,39.20863309352518,nan,0.0,nan,5.084565504,nan,nan,9.0,0.0,9,nan
61.241318988800046,39.20863309352518,nan,0.0,nan,5.084565504,nan,nan,9.0,0.0,9,nan
61.257991162935895,39.20863309352518,nan,0.0,nan,5.084565504,nan,nan,9.0,0.0,9,nan
61.27466410795848,39.20863309352518,nan,0.0,nan,5.084565504,nan,nan,9.0,0.0,9,nan
61.29133650461833,39.20863309352518,nan,0.0,nan,5.084565504,nan,nan,9.0,0.0,9,nan
61.308009211222334,39.20863309352518,nan,0.0,nan,5.084565504,nan,nan,9.0,0.0,9,nan
61.324682132403055,35.79136690647482,nan,0.0,nan,5.084565504,nan,nan,8.0,0.0,9,nan
61.341354171435036,35.79136690647482,nan,0.0,nan,5.084565504,nan,nan,8.0,0.0,9,nan
61.35802714029948,35.79136690647482,nan,0.0,nan,5.084565504,nan,nan,8.0,0.0,9,nan
61.37470240592957,35.79136690647482,nan,0.0,nan,5.084565504,nan,nan,8.0,0.0,9,nan
61.39137566486995,35.79136690647482,nan,0.0,nan,5.084565504,nan,nan,8.0,0.0,9,nan
61.4080482562383,35.97122302158273,nan,0.0,nan,5.084565504,nan,nan,8.0,0.0,9,nan
61.42472094297409,36.15107913669065,nan,0.0,nan,5.084565504,nan,nan,8.0,0.0,9,nan
61.44139410654704,36.33093525179856,nan,0.0,nan,5.084565504,nan,nan,8.0,0.0,9,nan
61.458069344361625,36.33093525179856,nan,0.0,nan,5.084565504,nan,nan,8.0,0.0,9,nan
61.474741439024605,36.33093525179856,nan,0.0,nan,5.084565504,nan,nan,8.0,0.0,9,nan
61.491415373484294,36.33093525179856,nan,0.0,nan,3.81386752,nan,nan,8.0,0.0,8,nan
61.50808833837509,36.33093525179856,nan,0.0,nan,3.81386752,nan,nan,8.0,0.0,8,nan
61.524760735034945,32.37410071942446,nan,0.0,nan,3.81386752,nan,nan,7.0,0.0,8,nan
61.54143725633621,26.079136690647488,nan,0.0,nan,3.81386752,nan,nan,6.0,0.0,8,nan
61.55811122655869,30.935251798561147,nan,0.0,nan,3.81386752,nan,nan,7.0,0.0,8,nan
61.574787398179375,30.935251798561147,nan,0.0,nan,3.81386752,nan,nan,7.0,0.0,8,nan
61.59146069685618,28.41726618705036,nan,0.0,nan,3.81386752,nan,nan,6.0,0.0,8,nan
61.60813589890798,31.11510791366906,nan,0.0,nan,3.81386752,nan,nan,7.0,0.0,8,nan
61.62480816046397,26.618705035971225,nan,0.0,nan,3.81386752,nan,nan,6.0,0.0,8,nan
61.64148152271907,29.136690647482013,nan,0.0,nan,3.81386752,nan,nan,7.0,0.0,8,nan
61.658153927326204,29.136690647482013,nan,0.0,nan,3.81386752,nan,nan,7.0,0.0,8,nan
61.67482680082321,24.28057553956835,nan,0.0,nan,3.81386752,nan,nan,6.0,0.0,8,nan
61.6915022611618,29.136690647482013,nan,0.0,nan,3.81386752,nan,nan,7.0,0.0,8,nan
61.70817435185115,29.67625899280576,nan,0.0,nan,3.81386752,nan,nan,7.0,0.0,8,nan
61.724846537907915,29.496402877697847,nan,0.0,nan,3.81386752,nan,nan,7.0,0.0,8,nan
61.74151864449183,29.496402877697847,nan,0.0,nan,3.81386752,nan,nan,7.0,0.0,8,nan
61.75818971395493,29.496402877697847,nan,0.0,nan,3.81386752,nan,nan,7.0,0.0,8,nan
61.77486227353414,24.640287769784173,nan,0.0,nan,3.81386752,nan,nan,6.0,0.0,8,nan
61.79153571526209,29.496402877697847,nan,0.0,nan,3.81386752,nan,nan,7.0,0.0,8,nan
61.80820789337158,29.67625899280576,nan,0.0,nan,3.81386752,nan,nan,7.0,0.0,8,nan
61.824879586696625,29.67625899280576,nan,0.0,nan,3.81386752,nan,nan,7.0,0.0,8,nan
61.841552555561066,29.67625899280576,nan,0.0,nan,3.81386752,nan,nan,7.0,0.0,8,nan
61.85822470585505,29.67625899280576,nan,0.0,nan,3.81386752,nan,nan,7.0,0.0,8,nan
61.87489712238312,29.856115107913674,nan,0.0,nan,3.81386752,nan,nan,7.0,0.0,8,nan
61.89156966209411,30.035971223021583,nan,0.0,nan,3.81386752,nan,nan,7.0,0.0,8,nan
61.90824098189672,30.035971223021583,nan,0.0,nan,3.81386752,nan,nan,7.0,0.0,8,nan
61.92491325139999,30.035971223021583,nan,0.0,nan,3.81386752,nan,nan,7.0,0.0,8,nan
61.941585234800975,25.0,nan,0.0,nan,3.81386752,nan,nan,6.0,0.0,8,nan
61.95825728575389,30.215827338129497,nan,0.0,nan,3.81386752,nan,nan,7.0,0.0,8,nan
61.97492996454239,30.215827338129497,nan,0.0,nan,3.81386752,nan,nan,7.0,0.0,8,nan
61.99160242478053,30.215827338129497,nan,0.0,nan,3.81386752,nan,nan,7.0,0.0,8,nan
62.00827453931173,30.215827338129497,nan,0.0,nan,3.81386752,nan,nan,7.0,0.0,8,nan
62.02495204210281,27.517985611510788,nan,0.0,nan,3.81386752,nan,nan,6.0,0.0,8,nan
62.04162720839182,30.215827338129497,nan,0.0,nan,3.818061824,nan,nan,7.0,0.0,8,nan
62.05830276012421,28.41726618705036,nan,0.0,nan,3.818061824,nan,nan,7.0,0.0,8,nan
62.07497572898865,28.41726618705036,nan,0.0,nan,3.818061824,nan,nan,7.0,0.0,8,nan
62.0916454633077,32.194244604316545,nan,0.0,nan,3.818061824,nan,nan,8.0,0.0,8,nan
62.10832087198893,32.194244604316545,nan,0.0,nan,3.818061824,nan,nan,8.0,0.0,8,nan
62.12499429782232,32.194244604316545,nan,0.0,nan,3.818061824,nan,nan,8.0,0.0,8,nan
62.14166901111603,32.37410071942446,nan,0.0,nan,3.818061824,nan,nan,8.0,0.0,8,nan
62.158344105879465,32.37410071942446,nan,0.0,nan,3.818061824,nan,nan,8.0,0.0,8,nan
62.17501949071884,32.37410071942446,nan,0.0,nan,3.818061824,nan,nan,8.0,0.0,8,nan
62.19169198274612,32.37410071942446,nan,0.0,nan,3.818061824,nan,nan,8.0,0.0,8,nan
62.20836445093155,32.37410071942446,nan,0.0,nan,3.818061824,nan,nan,8.0,0.0,8,nan
62.22503669261933,32.37410071942446,nan,0.0,nan,3.818061824,nan,nan,8.0,0.0,8,nan
62.24170988003413,32.194244604316545,nan,0.0,nan,3.818061824,nan,nan,8.0,0.0,8,nan
62.25838461319606,32.194244604316545,nan,0.0,nan,3.818061824,nan,nan,8.0,0.0,8,nan
62.27505776882172,32.194244604316545,nan,0.0,nan,3.818061824,nan,nan,8.0,0.0,8,nan
62.29173080921173,32.194244604316545,nan,0.0,nan,3.818061824,nan,nan,8.0,0.0,8,nan
62.30840326150258,32.194244604316545,nan,0.0,nan,3.818061824,nan,nan,8.0,0.0,8,nan
62.325075229008995,32.194244604316545,nan,0.0,nan,3.818061824,nan,nan,8.0,0.0,8,nan
62.34174615542094,32.194244604316545,nan,0.0,nan,3.818061824,nan,nan,8.0,0.0,8,nan
62.35841856797536,32.37410071942446,nan,0.0,nan,3.818061824,nan,nan,8.0,0.0,8,nan
62.37509132226308,32.73381294964028,nan,0.0,nan,3.818061824,nan,nan,8.0,0.0,8,nan
62.39176338513692,32.55395683453237,nan,0.0,nan,3.818061824,nan,nan,8.0,0.0,8,nan
62.40843526919683,29.856115107913674,nan,0.0,nan,3.818061824,nan,nan,7.0,0.0,8,nan
62.42510809103648,32.55395683453237,nan,0.0,nan,3.818061824,nan,nan,8.0,0.0,8,nan
62.44177942276001,32.73381294964028,nan,0.0,nan,3.818061824,nan,nan,8.0,0.0,8,nan
62.45845243533452,32.73381294964028,nan,0.0,nan,3.818061824,nan,nan,8.0,0.0,8,nan
62.47512478431066,32.9136690647482,nan,0.0,nan,3.818061824,nan,nan,8.0,0.0,8,nan
62.49179717302322,32.9136690647482,nan,0.0,nan,3.818061824,nan,nan,8.0,0.0,8,nan
62.50847216447195,32.9136690647482,nan,0.0,nan,3.818061824,nan,nan,8.0,0.0,8,nan
62.52514489491781,33.27338129496403,nan,0.0,nan,3.818061824,nan,nan,8.0,0.0,8,nan
62.54181992610295,33.27338129496403,nan,0.0,nan,3.818061824,nan,nan,8.0,0.0,8,nan
62.55849236647288,33.27338129496403,nan,0.0,nan,3.818061824,nan,nan,8.0,0.0,8,nan
62.57516483863195,33.45323741007194,nan,0.0,nan,3.818061824,nan,nan,8.0,0.0,8,nan
62.591837644577026,33.81294964028777,nan,0.0,nan,3.818061824,nan,nan,8.0,0.0,8,nan
62.608508769671126,33.45323741007194,nan,0.0,nan,3.818061824,nan,nan,8.0,0.0,8,nan
62.625180085500084,33.63309352517986,nan,0.0,nan,3.818061824,nan,nan,8.0,0.0,8,nan
62.64185262521108,33.63309352517986,nan,0.0,nan,3.818061824,nan,nan,8.0,0.0,8,nan
62.65852520863215,29.67625899280576,nan,0.0,nan,3.818061824,nan,nan,7.0,0.0,8,nan
62.675197219848634,26.798561151079138,nan,0.0,nan,3.818061824,nan,nan,6.0,0.0,8,nan
62.69186921517054,29.67625899280576,nan,0.0,nan,3.818061824,nan,nan,7.0,0.0,8,nan
62.70854136149089,29.67625899280576,nan,0.0,nan,3.818061824,nan,nan,7.0,0.0,8,nan
62.725213491916655,29.67625899280576,nan,0.0,nan,3.818061824,nan,nan,7.0,0.0,8,nan
62.741887017091116,24.100719424460426,nan,0.0,nan,3.832741888,nan,nan,5.0,0.0,8,nan
62.75855931838353,33.45323741007194,nan,0.0,nan,3.832741888,nan,nan,8.0,0.0,8,nan
62.77523486216863,33.45323741007194,nan,0.0,nan,3.832741888,nan,nan,8.0,0.0,8,nan
62.7919065117836,30.575539568345324,nan,0.0,nan,3.86629632,nan,nan,7.0,0.0,8,nan
62.80857840379079,27.877697841726622,nan,0.0,nan,3.878879232,nan,nan,6.0,0.0,8,nan
62.82525498867035,30.755395683453234,nan,0.0,nan,3.883073536,nan,nan,7.0,0.0,8,nan
62.84192747672399,33.45323741007194,nan,0.0,nan,3.883073536,nan,nan,8.0,0.0,8,nan
62.85860286156336,30.575539568345324,nan,0.0,nan,3.883073536,nan,nan,7.0,0.0,8,nan
62.875275015830994,30.575539568345324,nan,0.0,nan,3.91872512,nan,nan,7.0,0.0,8,nan
62.89194784561793,30.575539568345324,nan,0.0,nan,3.91872512,nan,nan,7.0,0.0,8,nan
62.90861990849177,30.575539568345324,nan,0.0,nan,3.91872512,nan,nan,7.0,0.0,8,nan
62.92529267470042,30.575539568345324,nan,0.0,nan,3.922919424,nan,nan,7.0,0.0,8,nan
62.94196490049362,30.755395683453234,nan,0.0,nan,3.958571008,nan,nan,7.0,0.0,8,nan
62.95863735675812,30.755395683453234,nan,0.0,nan,3.958571008,nan,nan,7.0,0.0,8,nan
62.97530986070633,30.755395683453234,nan,0.0,nan,3.958571008,nan,nan,7.0,0.0,8,nan
62.99198696215947,28.057553956834536,nan,0.0,nan,3.966959616,nan,nan,6.0,0.0,8,nan
63.008659215768176,30.935251798561147,nan,0.0,nan,3.97115392,nan,nan,7.0,0.0,8,nan
63.02533799807231,26.978417266187048,nan,0.0,nan,3.97115392,nan,nan,6.0,0.0,8,nan
63.042012413342796,26.978417266187048,nan,0.0,nan,3.973251072,nan,nan,6.0,0.0,8,nan
63.05868558883667,27.15827338129496,nan,0.0,nan,3.973251072,nan,nan,6.0,0.0,8,nan
63.07535847028097,27.15827338129496,nan,0.0,nan,3.973251072,nan,nan,6.0,0.0,8,nan
63.0920308748881,27.15827338129496,nan,0.0,nan,3.973251072,nan,nan,6.0,0.0,8,nan
63.10870371262232,27.15827338129496,nan,0.0,nan,3.973251072,nan,nan,6.0,0.0,8,nan
63.12537606159846,30.935251798561147,nan,0.0,nan,3.975348224,nan,nan,7.0,0.0,8,nan
63.142048784097035,31.294964028776985,nan,0.0,nan,3.975348224,nan,nan,7.0,0.0,8,nan
63.158721601963045,34.172661870503596,nan,0.0,nan,3.975348224,nan,nan,8.0,0.0,8,nan
63.17539377212525,34.172661870503596,nan,0.0,nan,3.975348224,nan,nan,8.0,0.0,8,nan
63.19206786553065,34.53237410071942,nan,0.0,nan,3.975348224,nan,nan,8.0,0.0,8,nan
63.208740234375,34.53237410071942,nan,0.0,nan,3.975348224,nan,nan,8.0,0.0,8,nan
63.22541481256485,31.654676258992808,nan,0.0,nan,3.975348224,nan,nan,7.0,0.0,8,nan
63.242086962858835,31.83453237410072,nan,0.0,nan,3.975348224,nan,nan,7.0,0.0,8,nan
63.25875971714655,31.83453237410072,nan,0.0,nan,3.975348224,nan,nan,7.0,0.0,8,nan
63.27543199459712,27.877697841726622,nan,0.0,nan,3.975348224,nan,nan,6.0,0.0,8,nan
63.292104828357694,27.877697841726622,nan,0.0,nan,3.975348224,nan,nan,6.0,0.0,8,nan
63.30877762238185,27.877697841726622,nan,0.0,nan,3.975348224,nan,nan,6.0,0.0,8,nan
63.325450865427655,27.877697841726622,nan,0.0,nan,3.975348224,nan,nan,6.0,0.0,8,nan
63.34212371110916,27.877697841726622,nan,0.0,nan,3.975348224,nan,nan,6.0,0.0,8,nan
63.35879627466202,27.877697841726622,nan,0.0,nan,3.975348224,nan,nan,6.0,0.0,8,nan
63.37546834548314,31.83453237410072,nan,0.0,nan,3.975348224,nan,nan,7.0,0.0,8,nan
63.392141075929004,31.83453237410072,nan,0.0,nan,3.975348224,nan,nan,7.0,0.0,8,nan
63.4088205019633,26.618705035971225,nan,0.0,nan,3.975348224,nan,nan,6.0,0.0,8,nan
63.42549339135488,22.661870503597125,nan,0.0,nan,3.564449792,nan,nan,5.0,0.0,7,nan
63.44217151403427,22.661870503597125,nan,0.0,nan,3.564449792,nan,nan,5.0,0.0,7,nan
63.458844105402626,26.618705035971225,nan,0.0,nan,3.564449792,nan,nan,6.0,0.0,7,nan
63.47551896174749,26.618705035971225,nan,0.0,nan,3.564449792,nan,nan,6.0,0.0,7,nan
63.492192673683164,26.618705035971225,nan,0.0,nan,3.564449792,nan,nan,6.0,0.0,7,nan
63.50886486768722,29.496402877697847,nan,0.0,nan,3.564449792,nan,nan,7.0,0.0,7,nan
63.52553751866023,29.496402877697847,nan,0.0,nan,3.564449792,nan,nan,7.0,0.0,7,nan
63.54221031665802,29.67625899280576,nan,0.0,nan,3.564449792,nan,nan,7.0,0.0,7,nan
63.558884533246356,26.618705035971225,nan,0.0,nan,3.566546944,nan,nan,6.0,0.0,7,nan
63.575556794802345,29.67625899280576,nan,0.0,nan,3.566546944,nan,nan,7.0,0.0,7,nan
63.59222733179728,29.67625899280576,nan,0.0,nan,3.566546944,nan,nan,7.0,0.0,7,nan
63.608896676699324,25.71942446043165,nan,0.0,nan,3.566546944,nan,nan,6.0,0.0,7,nan
63.62556926806768,25.71942446043165,nan,0.0,nan,3.566546944,nan,nan,6.0,0.0,7,nan
63.642241636912026,25.899280575539574,nan,0.0,nan,3.566546944,nan,nan,6.0,0.0,7,nan
63.65891214211782,25.899280575539574,nan,0.0,nan,3.566546944,nan,nan,6.0,0.0,7,nan
63.6755856235822,25.899280575539574,nan,0.0,nan,3.566546944,nan,nan,6.0,0.0,7,nan
63.69225843747457,25.899280575539574,nan,0.0,nan,3.579129856,nan,nan,6.0,0.0,7,nan
63.708937696615855,26.079136690647488,nan,0.0,nan,3.193229312,nan,nan,6.0,0.0,6,nan
63.72560975154241,26.079136690647488,nan,0.0,nan,3.193229312,nan,nan,6.0,0.0,6,nan
63.74228190183639,26.079136690647488,nan,0.0,nan,3.193229312,nan,nan,6.0,0.0,6,nan
63.75895417928696,26.079136690647488,nan,0.0,nan,3.193229312,nan,nan,6.0,0.0,6,nan
63.775626599788666,26.079136690647488,nan,0.0,nan,3.193229312,nan,nan,6.0,0.0,6,nan
63.79229803880056,26.079136690647488,nan,0.0,nan,3.193229312,nan,nan,6.0,0.0,6,nan
63.80896870692571,26.079136690647488,nan,0.0,nan,3.193229312,nan,nan,6.0,0.0,6,nan
63.82564152479172,26.43884892086331,nan,0.0,nan,3.193229312,nan,nan,6.0,0.0,6,nan
63.84231375853221,26.43884892086331,nan,0.0,nan,3.193229312,nan,nan,6.0,0.0,6,nan
63.85898495912552,26.43884892086331,nan,0.0,nan,3.193229312,nan,nan,6.0,0.0,6,nan
63.87565738757451,26.43884892086331,nan,0.0,nan,3.193229312,nan,nan,6.0,0.0,6,nan
63.89232946634293,26.618705035971225,nan,0.0,nan,3.193229312,nan,nan,6.0,0.0,6,nan
63.90900148153305,19.60431654676259,nan,0.0,nan,3.193229312,nan,nan,5.0,0.0,6,nan
63.92567205429077,19.60431654676259,nan,0.0,nan,3.562328064,nan,nan,5.0,0.0,6,nan
63.94234490394592,19.60431654676259,nan,0.0,nan,3.58959104,nan,nan,5.0,0.0,6,nan
63.959019712607066,15.647482014388492,nan,0.0,nan,3.593785344,nan,nan,4.0,0.0,6,nan
63.97569202184677,15.647482014388492,nan,0.0,nan,3.602194432,nan,nan,4.0,0.0,6,nan
63.99236438274384,15.647482014388492,nan,0.0,nan,3.612680192,nan,nan,4.0,0.0,6,nan
64.00903555552165,15.647482014388492,nan,0.0,nan,3.738509312,nan,nan,4.0,0.0,6,nan
64.02570785681407,15.647482014388492,nan,0.0,nan,3.75738368,nan,nan,4.0,0.0,6,nan
64.042380575339,20.143884892086326,nan,0.0,nan,3.761577984,nan,nan,5.0,0.0,6,nan
64.05905134280523,19.60431654676259,nan,0.0,nan,3.761577984,nan,nan,5.0,0.0,6,nan
64.07572539250056,19.60431654676259,nan,0.0,nan,2.612297728,nan,nan,5.0,0.0,5,nan
64.09239741166432,19.60431654676259,nan,0.0,nan,2.612297728,nan,nan,5.0,0.0,5,nan
64.10906950235366,19.60431654676259,nan,0.0,nan,2.612297728,nan,nan,5.0,0.0,5,nan
64.12574133872985,13.669064748201443,nan,0.0,nan,2.612297728,nan,nan,4.0,0.0,5,nan
64.14241535663605,19.064748201438853,nan,0.0,nan,2.612297728,nan,nan,5.0,0.0,5,nan
64.15908915599188,19.064748201438853,nan,0.0,nan,2.612297728,nan,nan,5.0,0.0,5,nan
64.17576195398966,19.064748201438853,nan,0.0,nan,2.612297728,nan,nan,5.0,0.0,5,nan
64.1924364844958,19.244604316546766,nan,0.0,nan,2.612297728,nan,nan,5.0,0.0,5,nan
64.20910842816035,19.244604316546766,nan,0.0,nan,2.612297728,nan,nan,5.0,0.0,5,nan
64.22578127384186,14.92805755395683,nan,0.0,nan,2.612297728,nan,nan,4.0,0.0,5,nan
64.2424541592598,19.064748201438853,nan,0.0,nan,2.612297728,nan,nan,5.0,0.0,5,nan
64.25912645657857,19.064748201438853,nan,0.0,nan,2.612297728,nan,nan,5.0,0.0,5,nan
64.27580534617105,19.064748201438853,nan,0.0,nan,2.612297728,nan,nan,5.0,0.0,5,nan
64.29247781435649,19.064748201438853,nan,0.0,nan,2.612297728,nan,nan,5.0,0.0,5,nan
64.30915350516638,19.064748201438853,nan,0.0,nan,2.612297728,nan,nan,5.0,0.0,5,nan
64.32582622369131,12.050359712230218,nan,0.0,nan,2.612297728,nan,nan,3.0,0.0,5,nan
64.34250499010086,19.064748201438853,nan,0.0,nan,2.612297728,nan,nan,5.0,0.0,5,nan
64.35917696952819,19.064748201438853,nan,0.0,nan,2.612297728,nan,nan,5.0,0.0,5,nan
64.37585231860479,19.064748201438853,nan,0.0,nan,2.612297728,nan,nan,5.0,0.0,5,nan
64.39252450466157,19.244604316546766,nan,0.0,nan,2.612297728,nan,nan,5.0,0.0,5,nan
64.40919468005498,15.287769784172667,nan,0.0,nan,2.612297728,nan,nan,4.0,0.0,5,nan
64.42587043046952,16.36690647482014,nan,0.0,nan,2.612297728,nan,nan,4.0,0.0,5,nan
64.44254324833553,16.36690647482014,nan,0.0,nan,2.620686336,nan,nan,4.0,0.0,5,nan
64.459215203921,16.36690647482014,nan,0.0,nan,2.631200768,nan,nan,4.0,0.0,5,nan
64.47588786681493,19.784172661870503,nan,0.0,nan,2.631200768,nan,nan,5.0,0.0,5,nan
64.49256092309952,16.36690647482014,nan,0.0,nan,2.631200768,nan,nan,4.0,0.0,5,nan
64.50923685630163,19.064748201438853,nan,0.0,nan,2.631200768,nan,nan,5.0,0.0,5,nan
64.5259089310964,19.064748201438853,nan,0.0,nan,2.631200768,nan,nan,5.0,0.0,5,nan
64.54258140325547,19.064748201438853,nan,0.0,nan,2.631200768,nan,nan,5.0,0.0,5,nan
64.55925317605336,19.064748201438853,nan,0.0,nan,2.631200768,nan,nan,5.0,0.0,5,nan
64.57592544953029,19.064748201438853,nan,0.0,nan,2.631200768,nan,nan,5.0,0.0,5,nan
64.59259449243545,19.064748201438853,nan,0.0,nan,2.631200768,nan,nan,5.0,0.0,5,nan
64.60927014748255,19.244604316546766,nan,0.0,nan,2.631200768,nan,nan,5.0,0.0,5,nan
64.62594244877498,19.244604316546766,nan,0.0,nan,2.631200768,nan,nan,5.0,0.0,5,nan
64.64261501232782,16.18705035971223,nan,0.0,nan,2.631200768,nan,nan,4.0,0.0,5,nan
64.65928724209468,16.18705035971223,nan,0.0,nan,2.641686528,nan,nan,4.0,0.0,5,nan
64.67595961093903,16.18705035971223,nan,0.0,nan,2.650075136,nan,nan,4.0,0.0,5,nan
64.69263164599737,16.90647482014388,nan,0.0,nan,2.671046656,nan,nan,4.0,0.0,5,nan
64.70930366913477,16.36690647482014,nan,0.0,nan,2.69621248,nan,nan,4.0,0.0,5,nan
64.7259760538737,16.36690647482014,nan,0.0,nan,2.700406784,nan,nan,4.0,0.0,5,nan
64.74265172481537,16.36690647482014,nan,0.0,nan,2.717184,nan,nan,4.0,0.0,5,nan
64.75932417710622,16.36690647482014,nan,0.0,nan,2.717184,nan,nan,4.0,0.0,5,nan
64.77599639097849,16.36690647482014,nan,0.0,nan,2.721378304,nan,nan,4.0,0.0,5,nan
64.79266873598098,16.36690647482014,nan,0.0,nan,2.73815552,nan,nan,4.0,0.0,5,nan
64.80934063990911,16.36690647482014,nan,0.0,nan,2.744467456,nan,nan,4.0,0.0,5,nan
64.82601250012716,16.36690647482014,nan,0.0,nan,2.744467456,nan,nan,4.0,0.0,5,nan
64.84268496433894,16.36690647482014,nan,0.0,nan,2.746564608,nan,nan,4.0,0.0,5,nan
64.85935690402985,16.36690647482014,nan,0.0,nan,2.746564608,nan,nan,4.0,0.0,5,nan
64.8760291616122,16.36690647482014,nan,0.0,nan,2.750758912,nan,nan,4.0,0.0,5,nan
64.8927018960317,16.36690647482014,nan,0.0,nan,2.750758912,nan,nan,4.0,0.0,5,nan
64.90937395890553,16.36690647482014,nan,0.0,nan,2.750758912,nan,nan,4.0,0.0,5,nan
64.92604530255,19.424460431654676,nan,0.0,nan,2.750758912,nan,nan,5.0,0.0,5,nan
64.94271941184998,19.424460431654676,nan,0.0,nan,2.750758912,nan,nan,5.0,0.0,5,nan
64.95939182440439,19.424460431654676,nan,0.0,nan,2.750758912,nan,nan,5.0,0.0,5,nan
64.9760644197464,16.36690647482014,nan,0.0,nan,2.750758912,nan,nan,4.0,0.0,5,nan
64.99273764689764,19.424460431654676,nan,0.0,nan,2.750758912,nan,nan,5.0,0.0,5,nan
65.00940989255905,19.424460431654676,nan,0.0,nan,2.750758912,nan,nan,5.0,0.0,5,nan
65.02608209848404,19.424460431654676,nan,0.0,nan,2.750758912,nan,nan,5.0,0.0,5,nan
65.04275444348653,20.32374100719424,nan,0.0,nan,2.750758912,nan,nan,5.0,0.0,5,nan
65.05942730506261,19.964028776978417,nan,0.0,nan,2.750758912,nan,nan,5.0,0.0,5,nan
65.07610560655594,19.964028776978417,nan,0.0,nan,2.750758912,nan,nan,5.0,0.0,5,nan
65.09277788003286,19.964028776978417,nan,0.0,nan,2.750758912,nan,nan,5.0,0.0,5,nan
65.10945261319479,19.964028776978417,nan,0.0,nan,2.750758912,nan,nan,5.0,0.0,5,nan
65.12612394491832,19.964028776978417,nan,0.0,nan,2.750758912,nan,nan,5.0,0.0,5,nan
65.14279588063557,19.964028776978417,nan,0.0,nan,2.750758912,nan,nan,5.0,0.0,5,nan
65.15946947336197,19.964028776978417,nan,0.0,nan,2.750758912,nan,nan,5.0,0.0,5,nan
65.17614175081253,20.143884892086326,nan,0.0,nan,2.750758912,nan,nan,5.0,0.0,5,nan
65.1928127447764,20.143884892086326,nan,0.0,nan,2.750758912,nan,nan,5.0,0.0,5,nan
65.20948535203934,20.143884892086326,nan,0.0,nan,2.750758912,nan,nan,5.0,0.0,5,nan
65.22615772088369,20.143884892086326,nan,0.0,nan,2.750758912,nan,nan,5.0,0.0,5,nan
65.24282976786296,20.143884892086326,nan,0.0,nan,2.750758912,nan,nan,5.0,0.0,5,nan
65.25950231949489,20.143884892086326,nan,0.0,nan,2.750758912,nan,nan,5.0,0.0,5,nan
65.27617464065551,20.32374100719424,nan,0.0,nan,2.750758912,nan,nan,5.0,0.0,5,nan
65.29284712870916,20.32374100719424,nan,0.0,nan,2.750758912,nan,nan,5.0,0.0,5,nan
65.30951911608378,20.32374100719424,nan,0.0,nan,2.750758912,nan,nan,5.0,0.0,5,nan
65.32619032462438,20.32374100719424,nan,0.0,nan,2.750758912,nan,nan,5.0,0.0,5,nan
65.34286266565323,20.32374100719424,nan,0.0,nan,2.750758912,nan,nan,5.0,0.0,5,nan
65.35953896840414,20.32374100719424,nan,0.0,nan,2.750758912,nan,nan,5.0,0.0,5,nan
65.37621184587479,15.827338129496404,nan,0.0,nan,2.750758912,nan,nan,4.0,0.0,5,nan
65.39288630485535,20.143884892086326,nan,0.0,nan,2.750758912,nan,nan,5.0,0.0,5,nan
65.40955754121144,16.546762589928054,nan,0.0,nan,2.750758912,nan,nan,4.0,0.0,5,nan
65.42622935771942,19.784172661870503,nan,0.0,nan,2.750758912,nan,nan,5.0,0.0,5,nan
65.44290159543355,19.784172661870503,nan,0.0,nan,2.750758912,nan,nan,5.0,0.0,5,nan
65.45957289536794,15.467625899280579,nan,0.0,nan,2.750758912,nan,nan,4.0,0.0,5,nan
65.47624563376108,16.546762589928054,nan,0.0,nan,2.750758912,nan,nan,4.0,0.0,5,nan
65.49292029937108,16.546762589928054,nan,0.0,nan,2.752856064,nan,nan,4.0,0.0,5,nan
65.50959264437357,19.784172661870503,nan,0.0,nan,2.752856064,nan,nan,5.0,0.0,5,nan
65.52626414299012,19.784172661870503,nan,0.0,nan,2.752856064,nan,nan,5.0,0.0,5,nan
65.54293653567632,19.784172661870503,nan,0.0,nan,2.752856064,nan,nan,5.0,0.0,5,nan
65.55960898399353,19.784172661870503,nan,0.0,nan,2.752856064,nan,nan,5.0,0.0,5,nan
65.57628162701924,19.784172661870503,nan,0.0,nan,2.752856064,nan,nan,5.0,0.0,5,nan
65.5929543932279,16.546762589928054,nan,0.0,nan,2.752856064,nan,nan,4.0,0.0,5,nan
65.60962704022725,16.546762589928054,nan,0.0,nan,2.752856064,nan,nan,4.0,0.0,5,nan
65.62630253235498,16.726618705035968,nan,0.0,nan,3.239411712,nan,nan,4.0,0.0,5,nan
65.64297587474188,12.410071942446043,nan,0.0,nan,3.262480384,nan,nan,3.0,0.0,5,nan
65.65964783032736,15.647482014388492,nan,0.0,nan,3.262480384,nan,nan,4.0,0.0,5,nan
65.67632021506627,15.647482014388492,nan,0.0,nan,3.262480384,nan,nan,4.0,0.0,5,nan
65.69299237728119,19.964028776978417,nan,0.0,nan,3.262480384,nan,nan,5.0,0.0,5,nan
65.70966358184815,19.964028776978417,nan,0.0,nan,3.262480384,nan,nan,5.0,0.0,5,nan
65.7263357202212,19.964028776978417,nan,0.0,nan,3.262480384,nan,nan,5.0,0.0,5,nan
65.74300828377406,16.726618705035968,nan,0.0,nan,3.262480384,nan,nan,4.0,0.0,5,nan
65.75968060096105,20.32374100719424,nan,0.0,nan,3.262480384,nan,nan,5.0,0.0,5,nan
65.7763527750969,20.32374100719424,nan,0.0,nan,3.262480384,nan,nan,5.0,0.0,5,nan
65.79302497704823,20.32374100719424,nan,0.0,nan,3.262480384,nan,nan,5.0,0.0,5,nan
65.80969713131587,20.32374100719424,nan,0.0,nan,3.262480384,nan,nan,5.0,0.0,5,nan
65.82636974652608,20.503597122302153,nan,0.0,nan,3.262480384,nan,nan,5.0,0.0,5,nan
65.84304161866505,17.266187050359715,nan,0.0,nan,3.262480384,nan,nan,4.0,0.0,5,nan
65.85971356232962,17.266187050359715,nan,0.0,nan,3.262480384,nan,nan,4.0,0.0,5,nan
65.8763862768809,17.266187050359715,nan,0.0,nan,3.262480384,nan,nan,4.0,0.0,5,nan
65.8930583079656,17.266187050359715,nan,0.0,nan,3.262480384,nan,nan,4.0,0.0,5,nan
65.90973119338354,17.266187050359715,nan,0.0,nan,3.262480384,nan,nan,4.0,0.0,5,nan
65.92640266418456,20.503597122302153,nan,0.0,nan,3.262480384,nan,nan,5.0,0.0,5,nan
65.94307550986608,20.503597122302153,nan,0.0,nan,3.262480384,nan,nan,5.0,0.0,5,nan
65.95974754492441,20.503597122302153,nan,0.0,nan,3.262480384,nan,nan,5.0,0.0,5,nan
65.97641977469127,20.503597122302153,nan,0.0,nan,3.262480384,nan,nan,5.0,0.0,5,nan
65.99309174617132,20.503597122302153,nan,0.0,nan,3.262480384,nan,nan,5.0,0.0,5,nan
66.00976399183273,12.769784172661868,nan,0.0,nan,3.262480384,nan,nan,3.0,0.0,5,nan
66.02643594741821,16.007194244604317,nan,0.0,nan,3.264577536,nan,nan,4.0,0.0,5,nan
66.04310844739278,16.007194244604317,nan,0.0,nan,3.264577536,nan,nan,4.0,0.0,5,nan
66.0597809433937,16.007194244604317,nan,0.0,nan,3.264577536,nan,nan,4.0,0.0,5,nan
66.07645532290141,16.007194244604317,nan,0.0,nan,3.264577536,nan,nan,4.0,0.0,5,nan
66.09312861363092,16.007194244604317,nan,0.0,nan,3.264577536,nan,nan,4.0,0.0,5,nan
66.1098021864891,16.007194244604317,nan,0.0,nan,3.264577536,nan,nan,4.0,0.0,5,nan
66.12647822300593,16.007194244604317,nan,0.0,nan,2.413846528,nan,nan,4.0,0.0,4,nan
66.14314951101939,16.007194244604317,nan,0.0,nan,2.413846528,nan,nan,4.0,0.0,4,nan
66.15982297261556,16.007194244604317,nan,0.0,nan,2.413846528,nan,nan,4.0,0.0,4,nan
66.17649598916371,16.007194244604317,nan,0.0,nan,2.413846528,nan,nan,4.0,0.0,4,nan
66.19316860040028,16.18705035971223,nan,0.0,nan,2.413846528,nan,nan,4.0,0.0,4,nan
66.20984228452046,16.36690647482014,nan,0.0,nan,2.413846528,nan,nan,4.0,0.0,4,nan
66.22651507457097,12.949640287769782,nan,0.0,nan,2.413846528,nan,nan,3.0,0.0,4,nan
66.24318837722143,16.546762589928054,nan,0.0,nan,2.413846528,nan,nan,4.0,0.0,4,nan
66.2598598798116,16.546762589928054,nan,0.0,nan,2.413846528,nan,nan,4.0,0.0,4,nan
66.27653575738272,16.546762589928054,nan,0.0,nan,2.413846528,nan,nan,4.0,0.0,4,nan
66.29320782025655,16.546762589928054,nan,0.0,nan,2.413846528,nan,nan,4.0,0.0,4,nan
66.3098809281985,16.546762589928054,nan,0.0,nan,2.413846528,nan,nan,4.0,0.0,4,nan
66.32655339241028,16.726618705035968,nan,0.0,nan,2.413846528,nan,nan,4.0,0.0,4,nan
66.34322598377864,16.726618705035968,nan,0.0,nan,2.413846528,nan,nan,4.0,0.0,4,nan
66.3599011262258,16.726618705035968,nan,0.0,nan,2.413846528,nan,nan,4.0,0.0,4,nan
66.37658062378566,16.726618705035968,nan,0.0,nan,2.413846528,nan,nan,4.0,0.0,4,nan
66.39325072765351,16.726618705035968,nan,0.0,nan,2.413846528,nan,nan,4.0,0.0,4,nan
66.4099242011706,16.726618705035968,nan,0.0,nan,2.413846528,nan,nan,4.0,0.0,4,nan
66.42659719785054,16.726618705035968,nan,0.0,nan,2.413846528,nan,nan,4.0,0.0,4,nan
66.44326975345612,16.726618705035968,nan,0.0,nan,2.413846528,nan,nan,4.0,0.0,4,nan
66.45994180838267,16.726618705035968,nan,0.0,nan,2.413846528,nan,nan,4.0,0.0,4,nan
66.47661473353703,16.726618705035968,nan,0.0,nan,2.413846528,nan,nan,4.0,0.0,4,nan
66.49328711430232,16.726618705035968,nan,0.0,nan,2.413846528,nan,nan,4.0,0.0,4,nan
66.50995979309081,16.726618705035968,nan,0.0,nan,2.413846528,nan,nan,4.0,0.0,4,nan
66.52663472890853,16.726618705035968,nan,0.0,nan,2.413846528,nan,nan,4.0,0.0,4,nan
66.54330776929855,16.726618705035968,nan,0.0,nan,2.413846528,nan,nan,4.0,0.0,4,nan
66.5599802851677,16.726618705035968,nan,0.0,nan,2.413846528,nan,nan,4.0,0.0,4,nan
66.57665249109269,16.726618705035968,nan,0.0,nan,2.413846528,nan,nan,4.0,0.0,4,nan
66.59332347710928,16.726618705035968,nan,0.0,nan,2.413846528,nan,nan,4.0,0.0,4,nan
66.60999615589778,16.726618705035968,nan,0.0,nan,2.413846528,nan,nan,4.0,0.0,4,nan
66.62666823466618,16.726618705035968,nan,0.0,nan,2.413846528,nan,nan,4.0,0.0,4,nan
66.64334015051524,16.726618705035968,nan,0.0,nan,2.413846528,nan,nan,4.0,0.0,4,nan
66.66001208225886,16.726618705035968,nan,0.0,nan,2.413846528,nan,nan,4.0,0.0,4,nan
66.67668583790461,16.726618705035968,nan,0.0,nan,2.413846528,nan,nan,4.0,0.0,4,nan
66.6933587272962,17.44604316546763,nan,0.0,nan,2.413846528,nan,nan,4.0,0.0,4,nan
66.71003069082896,16.90647482014388,nan,0.0,nan,2.413846528,nan,nan,4.0,0.0,4,nan
66.72670218944549,16.90647482014388,nan,0.0,nan,2.413846528,nan,nan,4.0,0.0,4,nan
66.74337546030681,16.90647482014388,nan,0.0,nan,2.413846528,nan,nan,4.0,0.0,4,nan
66.7600479801496,17.0863309352518,nan,0.0,nan,2.413846528,nan,nan,4.0,0.0,4,nan
66.77672023773194,17.0863309352518,nan,0.0,nan,2.413846528,nan,nan,4.0,0.0,4,nan
66.79339230457941,17.266187050359715,nan,0.0,nan,2.413846528,nan,nan,4.0,0.0,4,nan
66.81006492773692,17.266187050359715,nan,0.0,nan,2.413846528,nan,nan,4.0,0.0,4,nan
66.82673695484797,17.266187050359715,nan,0.0,nan,2.413846528,nan,nan,4.0,0.0,4,nan
66.84340934356054,17.266187050359715,nan,0.0,nan,2.413846528,nan,nan,4.0,0.0,4,nan
66.86008172035217,13.669064748201443,nan,0.0,nan,2.413846528,nan,nan,3.0,0.0,4,nan
66.87676027615865,13.848920863309356,nan,0.0,nan,2.413846528,nan,nan,3.0,0.0,4,nan
66.89343634446462,13.848920863309356,nan,0.0,nan,2.413846528,nan,nan,3.0,0.0,4,nan
66.91010919014613,17.266187050359715,nan,0.0,nan,2.413846528,nan,nan,4.0,0.0,4,nan
66.92678064902624,13.848920863309356,nan,0.0,nan,2.413846528,nan,nan,3.0,0.0,4,nan
66.94345338741938,17.266187050359715,nan,0.0,nan,2.413846528,nan,nan,4.0,0.0,4,nan
66.96012651920319,17.266187050359715,nan,0.0,nan,2.413846528,nan,nan,4.0,0.0,4,nan
66.9768019358317,17.44604316546763,nan,0.0,nan,2.413846528,nan,nan,4.0,0.0,4,nan
66.99347335497538,17.44604316546763,nan,0.0,nan,2.413846528,nan,nan,4.0,0.0,4,nan
67.0101459980011,17.44604316546763,nan,0.0,nan,2.413846528,nan,nan,4.0,0.0,4,nan
67.02681821584702,17.44604316546763,nan,0.0,nan,2.413846528,nan,nan,4.0,0.0,4,nan
67.04349037011464,13.848920863309356,nan,0.0,nan,2.413846528,nan,nan,3.0,0.0,4,nan
67.06016283830007,13.848920863309356,nan,0.0,nan,2.418040832,nan,nan,3.0,0.0,4,nan
67.07683734893799,7.5539568345323715,nan,0.0,nan,2.418040832,nan,nan,2.0,0.0,4,nan
67.09351038535436,12.949640287769782,nan,0.0,nan,2.418040832,nan,nan,3.0,0.0,4,nan
67.11018597284952,9.172661870503596,nan,0.0,nan,2.418040832,nan,nan,2.0,0.0,4,nan
67.12685844898223,12.589928057553957,nan,0.0,nan,2.418040832,nan,nan,3.0,0.0,4,nan
67.14353108406067,12.769784172661868,nan,0.0,nan,2.418040832,nan,nan,3.0,0.0,4,nan
67.16020342906316,12.769784172661868,nan,0.0,nan,2.418040832,nan,nan,3.0,0.0,4,nan
67.1768757224083,12.769784172661868,nan,0.0,nan,2.420137984,nan,nan,3.0,0.0,4,nan
67.19354683558146,12.769784172661868,nan,0.0,nan,2.428526592,nan,nan,3.0,0.0,4,nan
67.2102194706599,12.769784172661868,nan,0.0,nan,2.428526592,nan,nan,3.0,0.0,4,nan
67.22689144213994,12.769784172661868,nan,0.0,nan,2.428526592,nan,nan,3.0,0.0,4,nan
67.24356455405554,9.352517985611508,nan,0.0,nan,2.428526592,nan,nan,2.0,0.0,4,nan
67.26023593743642,12.769784172661868,nan,0.0,nan,2.428526592,nan,nan,3.0,0.0,4,nan
67.27690851291021,12.769784172661868,nan,0.0,nan,2.428526592,nan,nan,3.0,0.0,4,nan
67.29358172814051,12.769784172661868,nan,0.0,nan,2.44740096,nan,nan,3.0,0.0,4,nan
67.3102549870809,12.769784172661868,nan,0.0,nan,2.44740096,nan,nan,3.0,0.0,4,nan
67.32692646185556,12.769784172661868,nan,0.0,nan,2.483052544,nan,nan,3.0,0.0,4,nan
67.34360237121582,12.769784172661868,nan,0.0,nan,2.483052544,nan,nan,3.0,0.0,4,nan
67.36027555863062,12.769784172661868,nan,0.0,nan,2.483052544,nan,nan,3.0,0.0,4,nan
67.37694859107336,12.769784172661868,nan,0.0,nan,2.483052544,nan,nan,3.0,0.0,4,nan
67.39362412691116,7.374100719424459,nan,0.0,nan,1.893879808,nan,nan,2.0,0.0,3,nan
67.41029855012894,12.949640287769782,nan,0.0,nan,1.893879808,nan,nan,3.0,0.0,3,nan
67.42697067260742,12.949640287769782,nan,0.0,nan,1.893879808,nan,nan,3.0,0.0,3,nan
67.44364291826884,7.5539568345323715,nan,0.0,nan,1.893879808,nan,nan,2.0,0.0,3,nan
67.46031204859416,13.309352517985607,nan,0.0,nan,1.893879808,nan,nan,3.0,0.0,3,nan
67.47698550621668,13.309352517985607,nan,0.0,nan,1.893879808,nan,nan,3.0,0.0,3,nan
67.49365750551223,13.309352517985607,nan,0.0,nan,1.893879808,nan,nan,3.0,0.0,3,nan
67.51032990614573,13.309352517985607,nan,0.0,nan,1.893879808,nan,nan,3.0,0.0,3,nan
67.52700075705846,13.309352517985607,nan,0.0,nan,1.893879808,nan,nan,3.0,0.0,3,nan
67.54367406368256,9.712230215827333,nan,0.0,nan,1.893879808,nan,nan,2.0,0.0,3,nan
67.56034521261851,13.309352517985607,nan,0.0,nan,1.893879808,nan,nan,3.0,0.0,3,nan
67.57701889276504,13.309352517985607,nan,0.0,nan,1.893879808,nan,nan,3.0,0.0,3,nan
67.59369086424509,13.309352517985607,nan,0.0,nan,1.893879808,nan,nan,3.0,0.0,3,nan
67.61036380529404,13.309352517985607,nan,0.0,nan,1.893879808,nan,nan,3.0,0.0,3,nan
67.62703552246094,13.309352517985607,nan,0.0,nan,1.893879808,nan,nan,3.0,0.0,3,nan
67.6437072634697,13.309352517985607,nan,0.0,nan,1.893879808,nan,nan,3.0,0.0,3,nan
67.66037919918696,7.5539568345323715,nan,0.0,nan,1.893879808,nan,nan,2.0,0.0,3,nan
67.67705161968867,13.309352517985607,nan,0.0,nan,1.893879808,nan,nan,3.0,0.0,3,nan
67.693723654747,13.309352517985607,nan,0.0,nan,1.893879808,nan,nan,3.0,0.0,3,nan
67.71039543151855,13.309352517985607,nan,0.0,nan,1.893879808,nan,nan,3.0,0.0,3,nan
67.72707036336263,13.309352517985607,nan,0.0,nan,1.893879808,nan,nan,3.0,0.0,3,nan
67.74374312957129,13.309352517985607,nan,0.0,nan,1.893879808,nan,nan,3.0,0.0,3,nan
67.76041510105134,13.309352517985607,nan,0.0,nan,1.893879808,nan,nan,3.0,0.0,3,nan
67.77708888053894,13.309352517985607,nan,0.0,nan,1.893879808,nan,nan,3.0,0.0,3,nan
67.79376099109649,13.48920863309353,nan,0.0,nan,1.893879808,nan,nan,3.0,0.0,3,nan
67.81043679714203,7.733812949640284,nan,0.0,nan,1.893879808,nan,nan,2.0,0.0,3,nan
67.82711228132248,9.712230215827333,nan,0.0,nan,1.893879808,nan,nan,2.0,0.0,3,nan
67.84378565549851,9.712230215827333,nan,0.0,nan,1.893879808,nan,nan,2.0,0.0,3,nan
67.86046262979508,9.712230215827333,nan,0.0,nan,1.89597696,nan,nan,2.0,0.0,3,nan
67.87713907162349,9.712230215827333,nan,0.0,nan,1.89597696,nan,nan,2.0,0.0,3,nan
67.8938135266304,9.712230215827333,nan,0.0,nan,1.902268416,nan,nan,2.0,0.0,3,nan
67.91049042542775,10.251798561151082,nan,0.0,nan,2.002931712,nan,nan,2.0,0.0,3,nan
67.92716315984725,9.892086330935257,nan,0.0,nan,2.002931712,nan,nan,2.0,0.0,3,nan
67.94383639891943,0.0,nan,0.0,nan,2.002931712,nan,nan,0.0,0.0,3,nan
67.9605089267095,8.992805755395683,nan,0.0,nan,2.002931712,nan,nan,2.0,0.0,3,nan
67.97717959880829,8.992805755395683,nan,0.0,nan,0.868319232,nan,nan,2.0,0.0,2,nan
67.99385702212652,3.0575539568345356,nan,0.0,nan,0.891387904,nan,nan,1.0,0.0,2,nan
68.01053057909012,8.992805755395683,nan,0.0,nan,0.893485056,nan,nan,2.0,0.0,2,nan
68.02720179955165,8.992805755395683,nan,0.0,nan,0.893485056,nan,nan,2.0,0.0,2,nan
68.04387654066086,8.992805755395683,nan,0.0,nan,0.893485056,nan,nan,2.0,0.0,2,nan
68.06054693857828,3.0575539568345356,nan,0.0,nan,0.893485056,nan,nan,1.0,0.0,2,nan
68.07721978028616,3.0575539568345356,nan,0.0,nan,0.906067968,nan,nan,1.0,0.0,2,nan
68.09389114777247,8.992805755395683,nan,0.0,nan,0.931233792,nan,nan,2.0,0.0,2,nan
68.110560409228,8.992805755395683,nan,0.0,nan,0.931233792,nan,nan,2.0,0.0,2,nan
68.1272318760554,3.0575539568345356,nan,0.0,nan,0.931233792,nan,nan,1.0,0.0,2,nan
68.14390287001928,3.0575539568345356,nan,0.0,nan,0.933330944,nan,nan,1.0,0.0,2,nan
68.1605750521024,3.0575539568345356,nan,0.0,nan,0.941719552,nan,nan,1.0,0.0,2,nan
68.17724785407384,3.0575539568345356,nan,0.0,nan,0.945913856,nan,nan,1.0,0.0,2,nan
68.19392208655675,8.992805755395683,nan,0.0,nan,0.945913856,nan,nan,2.0,0.0,2,nan
68.21059445142745,8.992805755395683,nan,0.0,nan,0.945913856,nan,nan,2.0,0.0,2,nan
68.22727261384328,8.992805755395683,nan,0.0,nan,0.945913856,nan,nan,2.0,0.0,2,nan
68.24394821723303,8.992805755395683,nan,0.0,nan,0.945913856,nan,nan,2.0,0.0,2,nan
68.26062201658884,8.992805755395683,nan,0.0,nan,0.945913856,nan,nan,2.0,0.0,2,nan
68.27729482253393,8.992805755395683,nan,0.0,nan,0.945913856,nan,nan,2.0,0.0,2,nan
68.2939682284991,8.992805755395683,nan,0.0,nan,0.945913856,nan,nan,2.0,0.0,2,nan
68.31064196030299,8.992805755395683,nan,0.0,nan,0.945913856,nan,nan,2.0,0.0,2,nan
68.32731386820475,9.172661870503596,nan,0.0,nan,0.945913856,nan,nan,2.0,0.0,2,nan
68.34398485819499,9.352517985611508,nan,0.0,nan,0.945913856,nan,nan,2.0,0.0,2,nan
68.36065606673559,9.352517985611508,nan,0.0,nan,0.945913856,nan,nan,2.0,0.0,2,nan
68.3773294210434,9.172661870503596,nan,0.0,nan,0.945913856,nan,nan,2.0,0.0,2,nan
68.39400130907694,9.172661870503596,nan,0.0,nan,0.945913856,nan,nan,2.0,0.0,2,nan
68.41067427794138,9.352517985611508,nan,0.0,nan,0.945913856,nan,nan,2.0,0.0,2,nan
68.42734701633454,9.352517985611508,nan,0.0,nan,0.945913856,nan,nan,2.0,0.0,2,nan
68.44401857058207,9.352517985611508,nan,0.0,nan,0.945913856,nan,nan,2.0,0.0,2,nan
68.46069202423095,9.352517985611508,nan,0.0,nan,0.945913856,nan,nan,2.0,0.0,2,nan
68.47736427386602,9.352517985611508,nan,0.0,nan,0.945913856,nan,nan,2.0,0.0,2,nan
68.49403626124064,9.352517985611508,nan,0.0,nan,0.945913856,nan,nan,2.0,0.0,2,nan
68.51070905923844,3.237410071942448,nan,0.0,nan,1.31710976,nan,nan,1.0,0.0,2,nan
68.5273812532425,3.237410071942448,nan,0.0,nan,1.331789824,nan,nan,1.0,0.0,2,nan
68.54405115842819,3.237410071942448,nan,0.0,nan,1.354883072,nan,nan,1.0,0.0,2,nan
68.56072197357814,3.237410071942448,nan,0.0,nan,1.359077376,nan,nan,1.0,0.0,2,nan
68.57739536364873,3.237410071942448,nan,0.0,nan,1.365368832,nan,nan,1.0,0.0,2,nan
68.59407342672348,3.237410071942448,nan,0.0,nan,1.507975168,nan,nan,1.0,0.0,2,nan
68.61074691613516,3.237410071942448,nan,0.0,nan,1.524752384,nan,nan,1.0,0.0,2,nan
68.62742037773133,3.237410071942448,nan,0.0,nan,1.524752384,nan,nan,1.0,0.0,2,nan
68.64409623146057,3.237410071942448,nan,0.0,nan,1.524752384,nan,nan,1.0,0.0,2,nan
68.66077157656352,3.237410071942448,nan,0.0,nan,0.371257344,nan,nan,1.0,0.0,1,nan
68.6774447520574,3.237410071942448,nan,0.0,nan,0.371257344,nan,nan,1.0,0.0,1,nan
68.69412281910579,3.237410071942448,nan,0.0,nan,0.371257344,nan,nan,1.0,0.0,1,nan
68.71079497337341,3.237410071942448,nan,0.0,nan,0.371257344,nan,nan,1.0,0.0,1,nan
68.72746806542078,3.237410071942448,nan,0.0,nan,0.371257344,nan,nan,1.0,0.0,1,nan
68.74413839578628,3.237410071942448,nan,0.0,nan,0.371257344,nan,nan,1.0,0.0,1,nan
68.7608104467392,3.237410071942448,nan,0.0,nan,0.371257344,nan,nan,1.0,0.0,1,nan
68.77748914162318,3.237410071942448,nan,0.0,nan,0.371257344,nan,nan,1.0,0.0,1,nan
68.79416024684906,3.237410071942448,nan,0.0,nan,0.371257344,nan,nan,1.0,0.0,1,nan
68.8108349363009,3.237410071942448,nan,0.0,nan,0.371257344,nan,nan,1.0,0.0,1,nan
68.82750721772511,3.4172661870503607,nan,0.0,nan,0.371257344,nan,nan,1.0,0.0,1,nan
68.84417833487193,3.4172661870503607,nan,0.0,nan,0.371257344,nan,nan,1.0,0.0,1,nan
68.86085260311762,3.4172661870503607,nan,0.0,nan,0.371257344,nan,nan,1.0,0.0,1,nan
68.87752542893092,3.4172661870503607,nan,0.0,nan,0.371257344,nan,nan,1.0,0.0,1,nan
68.8941980322202,3.4172661870503607,nan,0.0,nan,0.371257344,nan,nan,1.0,0.0,1,nan
68.91087111234665,3.4172661870503607,nan,0.0,nan,0.371257344,nan,nan,1.0,0.0,1,nan
68.92754291296005,3.4172661870503607,nan,0.0,nan,0.371257344,nan,nan,1.0,0.0,1,nan
68.94421501159668,3.4172661870503607,nan,0.0,nan,0.371257344,nan,nan,1.0,0.0,1,nan
68.96088798046112,3.4172661870503607,nan,0.0,nan,0.371257344,nan,nan,1.0,0.0,1,nan
68.97756120761235,3.4172661870503607,nan,0.0,nan,0.371257344,nan,nan,1.0,0.0,1,nan
68.994235988458,3.4172661870503607,nan,0.0,nan,0.371257344,nan,nan,1.0,0.0,1,nan
69.01090825398764,3.4172661870503607,nan,0.0,nan,0.371257344,nan,nan,1.0,0.0,1,nan
69.02758029301961,3.4172661870503607,nan,0.0,nan,0.371257344,nan,nan,1.0,0.0,1,nan
69.04425237178802,3.4172661870503607,nan,0.0,nan,0.371257344,nan,nan,1.0,0.0,1,nan
69.06092457373937,3.4172661870503607,nan,0.0,nan,0.371257344,nan,nan,1.0,0.0,1,nan
69.07759687503179,3.4172661870503607,nan,0.0,nan,0.371257344,nan,nan,1.0,0.0,1,nan
69.09426896572113,3.4172661870503607,nan,0.0,nan,0.371257344,nan,nan,1.0,0.0,1,nan
69.11094143390656,3.4172661870503607,nan,0.0,nan,0.371257344,nan,nan,1.0,0.0,1,nan
69.12761352062225,3.4172661870503607,nan,0.0,nan,0.371257344,nan,nan,1.0,0.0,1,nan
69.14428623914719,3.4172661870503607,nan,0.0,nan,0.371257344,nan,nan,1.0,0.0,1,nan
69.16095944245656,3.4172661870503607,nan,0.0,nan,0.371257344,nan,nan,1.0,0.0,1,nan
69.17763192256292,3.4172661870503607,nan,0.0,nan,0.371257344,nan,nan,1.0,0.0,1,nan
69.19430429140726,3.4172661870503607,nan,0.0,nan,0.371257344,nan,nan,1.0,0.0,1,nan
69.2109763900439,3.4172661870503607,nan,0.0,nan,0.371257344,nan,nan,1.0,0.0,1,nan
69.2276484489441,3.4172661870503607,nan,0.0,nan,0.371257344,nan,nan,1.0,0.0,1,nan
69.24432081778845,3.4172661870503607,nan,0.0,nan,0.371257344,nan,nan,1.0,0.0,1,nan
69.26099206209183,3.4172661870503607,nan,0.0,nan,0.371257344,nan,nan,1.0,0.0,1,nan
69.27766503492991,3.4172661870503607,nan,0.0,nan,0.371257344,nan,nan,1.0,0.0,1,nan
69.29433761437734,3.4172661870503607,nan,0.0,nan,0.371257344,nan,nan,1.0,0.0,1,nan
69.31101027329763,3.597122302158273,nan,0.0,nan,0.371257344,nan,nan,1.0,0.0,1,nan
69.32768527269363,3.597122302158273,nan,0.0,nan,0.371257344,nan,nan,1.0,0.0,1,nan
69.34435822168986,3.597122302158273,nan,0.0,nan,0.371257344,nan,nan,1.0,0.0,1,nan
69.36103045543035,3.597122302158273,nan,0.0,nan,0.371257344,nan,nan,1.0,0.0,1,nan
69.37770309050877,3.597122302158273,nan,0.0,nan,0.371257344,nan,nan,1.0,0.0,1,nan
69.39437611103058,3.597122302158273,nan,0.0,nan,0.371257344,nan,nan,1.0,0.0,1,nan
69.41105210383733,3.597122302158273,nan,0.0,nan,0.371257344,nan,nan,1.0,0.0,1,nan
69.42772495349249,3.597122302158273,nan,0.0,nan,0.371257344,nan,nan,1.0,0.0,1,nan
69.44439690907797,3.597122302158273,nan,0.0,nan,0.371257344,nan,nan,1.0,0.0,1,nan
69.46106838782629,3.597122302158273,nan,0.0,nan,0.371257344,nan,nan,1.0,0.0,1,nan
69.477740863959,3.597122302158273,nan,0.0,nan,0.371257344,nan,nan,1.0,0.0,1,nan
69.49441364606221,3.597122302158273,nan,0.0,nan,0.371257344,nan,nan,1.0,0.0,1,nan
69.51108595530192,3.597122302158273,nan,0.0,nan,0.371257344,nan,nan,1.0,0.0,1,nan
69.52775818506876,3.597122302158273,nan,0.0,nan,0.371257344,nan,nan,1.0,0.0,1,nan
69.54443041086196,3.597122302158273,nan,0.0,nan,0.371257344,nan,nan,1.0,0.0,1,nan
69.56110301017762,3.597122302158273,nan,0.0,nan,0.371257344,nan,nan,1.0,0.0,1,nan
69.57777536312739,3.597122302158273,nan,0.0,nan,0.371257344,nan,nan,1.0,0.0,1,nan
69.59444801012675,3.597122302158273,nan,0.0,nan,0.371257344,nan,nan,1.0,0.0,1,nan
69.61112038691839,3.597122302158273,nan,0.0,nan,0.371257344,nan,nan,1.0,0.0,1,nan
69.62779302199682,3.597122302158273,nan,0.0,nan,0.371257344,nan,nan,1.0,0.0,1,nan
69.64446543455124,3.597122302158273,nan,0.0,nan,0.371257344,nan,nan,1.0,0.0,1,nan
69.6611383676529,3.597122302158273,nan,0.0,nan,0.371257344,nan,nan,1.0,0.0,1,nan
69.67781066099802,3.597122302158273,nan,0.0,nan,0.371257344,nan,nan,1.0,0.0,1,nan
69.69448906580607,3.597122302158273,nan,0.0,nan,0.371257344,nan,nan,1.0,0.0,1,nan
69.71116162538529,3.597122302158273,nan,0.0,nan,0.371257344,nan,nan,1.0,0.0,1,nan
69.72783549626668,3.597122302158273,nan,0.0,nan,0.371257344,nan,nan,1.0,0.0,1,nan
69.74450763861338,3.597122302158273,nan,0.0,nan,0.371257344,nan,nan,1.0,0.0,1,nan
69.76118000348409,3.597122302158273,nan,0.0,nan,0.371257344,nan,nan,1.0,0.0,1,nan
69.777852332592,3.597122302158273,nan,0.0,nan,0.371257344,nan,nan,1.0,0.0,1,nan
69.79452455838522,3.7769784172661858,nan,0.0,nan,0.371257344,nan,nan,1.0,0.0,1,nan
69.81119707028071,3.7769784172661858,nan,0.0,nan,0.371257344,nan,nan,1.0,0.0,1,nan
69.82787028551101,3.7769784172661858,nan,0.0,nan,0.371257344,nan,nan,1.0,0.0,1,nan
69.84454131523768,3.7769784172661858,nan,0.0,nan,0.371257344,nan,nan,1.0,0.0,1,nan
69.86121317545573,3.7769784172661858,nan,0.0,nan,0.371257344,nan,nan,1.0,0.0,1,nan
69.87788512706757,3.7769784172661858,nan,0.0,nan,0.371257344,nan,nan,1.0,0.0,1,nan
69.89455759127935,3.7769784172661858,nan,0.0,nan,0.371257344,nan,nan,1.0,0.0,1,nan
69.9112299323082,3.7769784172661858,nan,0.0,nan,0.371257344,nan,nan,1.0,0.0,1,nan
69.9279005130132,3.7769784172661858,nan,0.0,nan,0.371257344,nan,nan,1.0,0.0,1,nan
69.944573477904,3.7769784172661858,nan,0.0,nan,0.371257344,nan,nan,1.0,0.0,1,nan
69.96124613682429,3.7769784172661858,nan,0.0,nan,0.371257344,nan,nan,1.0,0.0,1,nan
69.97792250712713,0.0,nan,0.0,nan,0.371257344,nan,nan,0.0,0.0,1,nan
69.99459472497304,3.0575539568345356,nan,0.0,nan,0.371257344,nan,nan,1.0,0.0,1,nan
70.01126459836959,3.0575539568345356,nan,0.0,nan,0.371257344,nan,nan,1.0,0.0,1,nan
70.02793871959051,3.0575539568345356,nan,0.0,nan,0.371257344,nan,nan,1.0,0.0,1,nan
70.0446128209432,3.0575539568345356,nan,0.0,nan,0.371257344,nan,nan,1.0,0.0,1,nan
70.06128272215525,3.0575539568345356,nan,0.0,nan,0.371257344,nan,nan,1.0,0.0,1,nan
70.07795265515645,3.0575539568345356,nan,0.0,nan,0.371257344,nan,nan,1.0,0.0,1,nan
70.09462347428004,0.0,nan,0.0,nan,0.371257344,nan,nan,0.0,0.0,1,nan
70.11129371325175,3.0575539568345356,nan,0.0,nan,0.371257344,nan,nan,1.0,0.0,1,nan
70.12796504497528,3.0575539568345356,nan,0.0,nan,0.371257344,nan,nan,1.0,0.0,1,nan
70.14463978211084,0.0,nan,0.0,nan,0.371257344,nan,nan,0.0,0.0,1,nan
70.16131014823914,3.0575539568345356,nan,0.0,nan,0.371257344,nan,nan,1.0,0.0,1,nan
70.17798080444337,3.0575539568345356,nan,0.0,nan,0.371257344,nan,nan,1.0,0.0,1,nan
70.19465241829555,3.0575539568345356,nan,0.0,nan,0.371257344,nan,nan,1.0,0.0,1,nan
70.21132329702377,3.0575539568345356,nan,0.0,nan,0.371257344,nan,nan,1.0,0.0,1,nan
70.22799693743387,3.0575539568345356,nan,0.0,nan,0.371257344,nan,nan,1.0,0.0,1,nan
70.24466953277587,3.0575539568345356,nan,0.0,nan,0.371257344,nan,nan,1.0,0.0,1,nan
70.26133948167165,3.0575539568345356,nan,0.0,nan,0.371257344,nan,nan,1.0,0.0,1,nan
70.27801032861073,3.0575539568345356,nan,0.0,nan,0.371257344,nan,nan,1.0,0.0,1,nan
70.29468211332957,3.0575539568345356,nan,0.0,nan,0.371257344,nan,nan,1.0,0.0,1,nan
70.31135687828063,3.0575539568345356,nan,0.0,nan,0.371257344,nan,nan,1.0,0.0,1,nan
70.3280373096466,3.0575539568345356,nan,0.0,nan,0.371257344,nan,nan,1.0,0.0,1,nan
70.3447107831637,3.0575539568345356,nan,0.0,nan,0.371257344,nan,nan,1.0,0.0,1,nan
70.36138588587443,3.7769784172661858,nan,0.0,nan,0.371257344,nan,nan,1.0,0.0,1,nan
70.37806298335393,3.237410071942448,nan,0.0,nan,0.371257344,nan,nan,1.0,0.0,1,nan
70.39473287264506,3.237410071942448,nan,0.0,nan,0.371257344,nan,nan,1.0,0.0,1,nan
70.41141044298807,3.237410071942448,nan,0.0,nan,0.371257344,nan,nan,1.0,0.0,1,nan
70.42808485428492,3.237410071942448,nan,0.0,nan,0.371257344,nan,nan,1.0,0.0,1,nan
70.44475742578507,3.237410071942448,nan,0.0,nan,0.371257344,nan,nan,1.0,0.0,1,nan
70.46143073638281,3.237410071942448,nan,0.0,nan,0.371257344,nan,nan,1.0,0.0,1,nan
70.47810405095419,3.237410071942448,nan,0.0,nan,0.371257344,nan,nan,1.0,0.0,1,nan
70.49477617343267,3.237410071942448,nan,0.0,nan,0.371257344,nan,nan,1.0,0.0,1,nan
70.5114483833313,3.237410071942448,nan,0.0,nan,0.371257344,nan,nan,1.0,0.0,1,nan
70.52811945676804,3.237410071942448,nan,0.0,nan,0.371257344,nan,nan,1.0,0.0,1,nan
70.54479094346364,3.237410071942448,nan,0.0,nan,0.371257344,nan,nan,1.0,0.0,1,nan
70.56146945556004,3.237410071942448,nan,0.0,nan,0.371257344,nan,nan,1.0,0.0,1,nan
70.57814296881358,3.237410071942448,nan,0.0,nan,0.371257344,nan,nan,1.0,0.0,1,nan
70.59481536149978,3.237410071942448,nan,0.0,nan,0.371257344,nan,nan,1.0,0.0,1,nan
70.61148802439372,3.237410071942448,nan,0.0,nan,0.371257344,nan,nan,1.0,0.0,1,nan
70.62816032965978,3.237410071942448,nan,0.0,nan,0.371257344,nan,nan,1.0,0.0,1,nan
70.64483878612518,3.237410071942448,nan,0.0,nan,0.371257344,nan,nan,1.0,0.0,1,nan
70.66151123046875,3.237410071942448,nan,0.0,nan,0.371257344,nan,nan,1.0,0.0,1,nan
70.67818650007248,3.237410071942448,nan,0.0,nan,0.371257344,nan,nan,1.0,0.0,1,nan
70.69485872586569,3.237410071942448,nan,0.0,nan,0.371257344,nan,nan,1.0,0.0,1,nan
70.71153140068054,3.237410071942448,nan,0.0,nan,0.371257344,nan,nan,1.0,0.0,1,nan
70.72820252577463,3.237410071942448,nan,0.0,nan,0.371257344,nan,nan,1.0,0.0,1,nan
70.74487481514613,3.237410071942448,nan,0.0,nan,0.371257344,nan,nan,1.0,0.0,1,nan
70.76154671112697,3.237410071942448,nan,0.0,nan,0.371257344,nan,nan,1.0,0.0,1,nan
70.77821907202403,3.237410071942448,nan,0.0,nan,0.371257344,nan,nan,1.0,0.0,1,nan
70.7948892434438,3.237410071942448,nan,0.0,nan,0.371257344,nan,nan,1.0,0.0,1,nan
70.8115620414416,3.237410071942448,nan,0.0,nan,0.371257344,nan,nan,1.0,0.0,1,nan
70.8282351454099,3.237410071942448,nan,0.0,nan,0.371257344,nan,nan,1.0,0.0,1,nan
70.84490752220154,3.4172661870503607,nan,0.0,nan,0.371257344,nan,nan,1.0,0.0,1,nan
70.86157945791881,3.4172661870503607,nan,0.0,nan,0.371257344,nan,nan,1.0,0.0,1,nan
70.87825161218643,3.4172661870503607,nan,0.0,nan,0.371257344,nan,nan,1.0,0.0,1,nan
70.89492421547571,3.4172661870503607,nan,0.0,nan,0.371257344,nan,nan,1.0,0.0,1,nan
70.91159675518672,3.4172661870503607,nan,0.0,nan,0.371257344,nan,nan,1.0,0.0,1,nan
70.92826878229776,3.4172661870503607,nan,0.0,nan,0.371257344,nan,nan,1.0,0.0,1,nan
70.94494160811107,3.4172661870503607,nan,0.0,nan,0.371257344,nan,nan,1.0,0.0,1,nan
70.96161204973856,3.4172661870503607,nan,0.0,nan,0.371257344,nan,nan,1.0,0.0,1,nan
70.97828644911448,3.4172661870503607,nan,0.0,nan,0.371257344,nan,nan,1.0,0.0,1,nan
70.99495735963185,3.4172661870503607,nan,0.0,nan,0.371257344,nan,nan,1.0,0.0,1,nan
71.01162976423899,3.4172661870503607,nan,0.0,nan,0.371257344,nan,nan,1.0,0.0,1,nan
71.02830246289571,3.4172661870503607,nan,0.0,nan,0.371257344,nan,nan,1.0,0.0,1,nan
71.04497456550598,3.4172661870503607,nan,0.0,nan,0.371257344,nan,nan,1.0,0.0,1,nan
71.06164668401082,3.4172661870503607,nan,0.0,nan,0.371257344,nan,nan,1.0,0.0,1,nan
71.07831891775132,3.4172661870503607,nan,0.0,nan,0.371257344,nan,nan,1.0,0.0,1,nan
71.09499176343282,3.4172661870503607,nan,0.0,nan,0.371257344,nan,nan,1.0,0.0,1,nan
71.11166420380275,3.4172661870503607,nan,0.0,nan,0.371257344,nan,nan,1.0,0.0,1,nan
71.1283362865448,3.4172661870503607,nan,0.0,nan,0.371257344,nan,nan,1.0,0.0,1,nan
71.14500842094421,3.4172661870503607,nan,0.0,nan,0.371257344,nan,nan,1.0,0.0,1,nan
71.16168078184128,3.4172661870503607,nan,0.0,nan,0.371257344,nan,nan,1.0,0.0,1,nan
71.17835391362509,3.4172661870503607,nan,0.0,nan,0.371257344,nan,nan,1.0,0.0,1,nan
71.19502968390783,3.4172661870503607,nan,0.0,nan,0.371257344,nan,nan,1.0,0.0,1,nan
71.21170216004053,3.4172661870503607,nan,0.0,nan,0.371257344,nan,nan,1.0,0.0,1,nan
71.22837514479956,3.4172661870503607,nan,0.0,nan,0.371257344,nan,nan,1.0,0.0,1,nan
71.24504714012146,3.4172661870503607,nan,0.0,nan,0.371257344,nan,nan,1.0,0.0,1,nan
71.26171743075052,3.4172661870503607,nan,0.0,nan,0.371257344,nan,nan,1.0,0.0,1,nan
71.2783901333809,3.4172661870503607,nan,0.0,nan,0.371257344,nan,nan,1.0,0.0,1,nan
71.29506225585938,3.4172661870503607,nan,0.0,nan,0.371257344,nan,nan,1.0,0.0,1,nan
71.31173519690832,3.4172661870503607,nan,0.0,nan,0.371257344,nan,nan,1.0,0.0,1,nan
71.32840732336044,3.597122302158273,nan,0.0,nan,0.371257344,nan,nan,1.0,0.0,1,nan
71.34507902463277,3.597122302158273,nan,0.0,nan,0.371257344,nan,nan,1.0,0.0,1,nan
71.36175188620885,3.597122302158273,nan,0.0,nan,0.371257344,nan,nan,1.0,0.0,1,nan
71.37842399676641,3.597122302158273,nan,0.0,nan,0.371257344,nan,nan,1.0,0.0,1,nan
71.3950966556867,3.597122302158273,nan,0.0,nan,0.371257344,nan,nan,1.0,0.0,1,nan
71.41176962455114,3.597122302158273,nan,0.0,nan,0.371257344,nan,nan,1.0,0.0,1,nan
71.4284416158994,3.597122302158273,nan,0.0,nan,0.371257344,nan,nan,1.0,0.0,1,nan
71.44511466821035,3.597122302158273,nan,0.0,nan,0.371257344,nan,nan,1.0,0.0,1,nan
71.4617866039276,3.597122302158273,nan,0.0,nan,0.371257344,nan,nan,1.0,0.0,1,nan
71.47845675150553,3.597122302158273,nan,0.0,nan,0.371257344,nan,nan,1.0,0.0,1,nan
71.49512916405996,3.597122302158273,nan,0.0,nan,0.371257344,nan,nan,1.0,0.0,1,nan
71.5118024746577,3.597122302158273,nan,0.0,nan,0.371257344,nan,nan,1.0,0.0,1,nan
71.52847328980764,3.597122302158273,nan,0.0,nan,0.371257344,nan,nan,1.0,0.0,1,nan
71.54514555931091,3.597122302158273,nan,0.0,nan,0.371257344,nan,nan,1.0,0.0,1,nan
71.56181868314744,3.597122302158273,nan,0.0,nan,0.371257344,nan,nan,1.0,0.0,1,nan
71.5784907857577,3.597122302158273,nan,0.0,nan,0.371257344,nan,nan,1.0,0.0,1,nan
71.5951620221138,3.597122302158273,nan,0.0,nan,0.371257344,nan,nan,1.0,0.0,1,nan
71.61183548768362,3.597122302158273,nan,0.0,nan,0.371257344,nan,nan,1.0,0.0,1,nan
71.62850813070933,3.597122302158273,nan,0.0,nan,0.371257344,nan,nan,1.0,0.0,1,nan
71.64518061876296,3.597122302158273,nan,0.0,nan,0.371257344,nan,nan,1.0,0.0,1,nan
71.6618510166804,3.597122302158273,nan,0.0,nan,0.371257344,nan,nan,1.0,0.0,1,nan
71.67852323055267,3.597122302158273,nan,0.0,nan,0.371257344,nan,nan,1.0,0.0,1,nan
71.69519532124201,3.597122302158273,nan,0.0,nan,0.371257344,nan,nan,1.0,0.0,1,nan
71.71187002658844,3.597122302158273,nan,0.0,nan,0.371257344,nan,nan,1.0,0.0,1,nan
71.72854206562042,3.597122302158273,nan,0.0,nan,0.371257344,nan,nan,1.0,0.0,1,nan
71.74521445035934,3.597122302158273,nan,0.0,nan,0.371257344,nan,nan,1.0,0.0,1,nan
71.76188757419587,3.597122302158273,nan,0.0,nan,0.371257344,nan,nan,1.0,0.0,1,nan
71.77856027682623,3.597122302158273,nan,0.0,nan,0.371257344,nan,nan,1.0,0.0,1,nan
71.79523063103358,3.597122302158273,nan,0.0,nan,0.371257344,nan,nan,1.0,0.0,1,nan
71.81190272569657,3.7769784172661858,nan,0.0,nan,0.371257344,nan,nan,1.0,0.0,1,nan
71.82857285340627,3.7769784172661858,nan,0.0,nan,0.371257344,nan,nan,1.0,0.0,1,nan
71.84524493217468,3.7769784172661858,nan,0.0,nan,0.371257344,nan,nan,1.0,0.0,1,nan
71.86191931168239,3.7769784172661858,nan,0.0,nan,0.371257344,nan,nan,1.0,0.0,1,nan
71.87859171628952,3.7769784172661858,nan,0.0,nan,0.371257344,nan,nan,1.0,0.0,1,nan
71.89526491562525,3.7769784172661858,nan,0.0,nan,0.371257344,nan,nan,1.0,0.0,1,nan
71.91193581819535,3.7769784172661858,nan,0.0,nan,0.371257344,nan,nan,1.0,0.0,1,nan
71.92860929171245,3.7769784172661858,nan,0.0,nan,0.371257344,nan,nan,1.0,0.0,1,nan
71.9452788511912,3.7769784172661858,nan,0.0,nan,0.371257344,nan,nan,1.0,0.0,1,nan
71.96195061206818,3.7769784172661858,nan,0.0,nan,0.371257344,nan,nan,1.0,0.0,1,nan
71.97862089077631,3.7769784172661858,nan,0.0,nan,0.371257344,nan,nan,1.0,0.0,1,nan
71.99529218673706,3.7769784172661858,nan,0.0,nan,0.371257344,nan,nan,1.0,0.0,1,nan
72.01196417411168,3.7769784172661858,nan,0.0,nan,0.371257344,nan,nan,1.0,0.0,1,nan
72.02863525946935,3.7769784172661858,nan,0.0,nan,0.371257344,nan,nan,1.0,0.0,1,nan
72.04530755281448,3.7769784172661858,nan,0.0,nan,0.371257344,nan,nan,1.0,0.0,1,nan
72.06197939316432,3.7769784172661858,nan,0.0,nan,0.371257344,nan,nan,1.0,0.0,1,nan
72.07865155935288,3.7769784172661858,nan,0.0,nan,0.371257344,nan,nan,1.0,0.0,1,nan
72.0953237136205,3.7769784172661858,nan,0.0,nan,0.371257344,nan,nan,1.0,0.0,1,nan
72.11199603478114,3.7769784172661858,nan,0.0,nan,0.371257344,nan,nan,1.0,0.0,1,nan
72.12866767644883,3.7769784172661858,nan,0.0,nan,0.371257344,nan,nan,1.0,0.0,1,nan
72.14533961216608,3.7769784172661858,nan,0.0,nan,0.371257344,nan,nan,1.0,0.0,1,nan
72.16201100746791,3.7769784172661858,nan,0.0,nan,0.371257344,nan,nan,1.0,0.0,1,nan
72.17868906259537,3.7769784172661858,nan,0.0,nan,0.371257344,nan,nan,1.0,0.0,1,nan
72.19535892009735,3.7769784172661858,nan,0.0,nan,0.371257344,nan,nan,1.0,0.0,1,nan
72.21203119357428,3.7769784172661858,nan,0.0,nan,0.371257344,nan,nan,1.0,0.0,1,nan
72.22870342334112,3.7769784172661858,nan,0.0,nan,0.371257344,nan,nan,1.0,0.0,1,nan
72.24537555376689,3.7769784172661858,nan,0.0,nan,0.371257344,nan,nan,1.0,0.0,1,nan
72.26204673846563,3.7769784172661858,nan,0.0,nan,0.371257344,nan,nan,1.0,0.0,1,nan
72.27871937354406,3.7769784172661858,nan,0.0,nan,0.371257344,nan,nan,1.0,0.0,1,nan
72.2953922788302,3.9568345323740983,nan,0.0,nan,0.371257344,nan,nan,1.0,0.0,1,nan
72.31206427415212,3.9568345323740983,nan,0.0,nan,0.371257344,nan,nan,1.0,0.0,1,nan
72.32873515288036,3.9568345323740983,nan,0.0,nan,0.371257344,nan,nan,1.0,0.0,1,nan
72.34540620247523,3.9568345323740983,nan,0.0,nan,0.371257344,nan,nan,1.0,0.0,1,nan
72.36207627852758,3.9568345323740983,nan,0.0,nan,0.371257344,nan,nan,1.0,0.0,1,nan
72.37874857584636,3.9568345323740983,nan,0.0,nan,0.371257344,nan,nan,1.0,0.0,1,nan
72.39542071024577,3.9568345323740983,nan,0.0,nan,0.371257344,nan,nan,1.0,0.0,1,nan
72.41209371089936,3.9568345323740983,nan,0.0,nan,0.371257344,nan,nan,1.0,0.0,1,nan
72.42876825730006,3.9568345323740983,nan,0.0,nan,0.371257344,nan,nan,1.0,0.0,1,nan
72.44543999433517,3.9568345323740983,nan,0.0,nan,0.371257344,nan,nan,1.0,0.0,1,nan
72.46211150884628,3.9568345323740983,nan,0.0,nan,0.371257344,nan,nan,1.0,0.0,1,nan
72.47878144582113,3.9568345323740983,nan,0.0,nan,0.371257344,nan,nan,1.0,0.0,1,nan
72.49545419216156,3.9568345323740983,nan,0.0,nan,0.371257344,nan,nan,1.0,0.0,1,nan
72.51212673981985,3.9568345323740983,nan,0.0,nan,0.371257344,nan,nan,1.0,0.0,1,nan
72.52880614598593,3.9568345323740983,nan,0.0,nan,0.371257344,nan,nan,1.0,0.0,1,nan
72.54548163414002,3.9568345323740983,nan,0.0,nan,0.371257344,nan,nan,1.0,0.0,1,nan
72.5621549407641,3.9568345323740983,nan,0.0,nan,0.371257344,nan,nan,1.0,0.0,1,nan
72.57882628838222,3.9568345323740983,nan,0.0,nan,0.371257344,nan,nan,1.0,0.0,1,nan
72.59549612601599,3.9568345323740983,nan,0.0,nan,0.371257344,nan,nan,1.0,0.0,1,nan
72.61217267115912,3.9568345323740983,nan,0.0,nan,0.371257344,nan,nan,1.0,0.0,1,nan
72.62884432474772,3.9568345323740983,nan,0.0,nan,0.371257344,nan,nan,1.0,0.0,1,nan
72.64551987648011,3.9568345323740983,nan,0.0,nan,0.371257344,nan,nan,1.0,0.0,1,nan
72.66219276189804,3.9568345323740983,nan,0.0,nan,0.371257344,nan,nan,1.0,0.0,1,nan
72.67886969248454,3.9568345323740983,nan,0.0,nan,0.371257344,nan,nan,1.0,0.0,1,nan
72.69554314613342,3.9568345323740983,nan,0.0,nan,0.371257344,nan,nan,1.0,0.0,1,nan
72.71221536795298,3.9568345323740983,nan,0.0,nan,0.371257344,nan,nan,1.0,0.0,1,nan
72.72888970772425,3.9568345323740983,nan,0.0,nan,0.371257344,nan,nan,1.0,0.0,1,nan
72.7455592473348,3.9568345323740983,nan,0.0,nan,0.371257344,nan,nan,1.0,0.0,1,nan
72.76223022937775,3.9568345323740983,nan,0.0,nan,0.371257344,nan,nan,1.0,0.0,1,nan
72.77890315055848,3.9568345323740983,nan,0.0,nan,0.371257344,nan,nan,1.0,0.0,1,nan
72.79557736317317,4.136690647482011,nan,0.0,nan,0.371257344,nan,nan,1.0,0.0,1,nan
72.81224691867828,4.136690647482011,nan,0.0,nan,0.371257344,nan,nan,1.0,0.0,1,nan
72.82891882260641,4.136690647482011,nan,0.0,nan,0.371257344,nan,nan,1.0,0.0,1,nan
72.84559070666631,4.136690647482011,nan,0.0,nan,0.371257344,nan,nan,1.0,0.0,1,nan
72.86225994427998,4.136690647482011,nan,0.0,nan,0.371257344,nan,nan,1.0,0.0,1,nan
72.87892988125483,4.136690647482011,nan,0.0,nan,0.371257344,nan,nan,1.0,0.0,1,nan
72.89560257991155,4.136690647482011,nan,0.0,nan,0.371257344,nan,nan,1.0,0.0,1,nan
72.91227623224259,4.136690647482011,nan,0.0,nan,0.371257344,nan,nan,1.0,0.0,1,nan
72.92894805669785,4.136690647482011,nan,0.0,nan,0.371257344,nan,nan,1.0,0.0,1,nan
72.94562093814214,4.136690647482011,nan,0.0,nan,0.371257344,nan,nan,1.0,0.0,1,nan
72.96229316393534,4.136690647482011,nan,0.0,nan,0.371257344,nan,nan,1.0,0.0,1,nan
72.97896690766017,4.136690647482011,nan,0.0,nan,0.371257344,nan,nan,1.0,0.0,1,nan
72.9956388115883,4.136690647482011,nan,0.0,nan,0.371257344,nan,nan,1.0,0.0,1,nan
73.01230954329172,4.136690647482011,nan,0.0,nan,0.371257344,nan,nan,1.0,0.0,1,nan
73.02898453871408,4.136690647482011,nan,0.0,nan,0.371257344,nan,nan,1.0,0.0,1,nan
73.04565824270249,4.136690647482011,nan,0.0,nan,0.371257344,nan,nan,1.0,0.0,1,nan
73.06233083804449,4.136690647482011,nan,0.0,nan,0.371257344,nan,nan,1.0,0.0,1,nan
73.079003628095,4.136690647482011,nan,0.0,nan,0.371257344,nan,nan,1.0,0.0,1,nan
73.09567768971125,4.136690647482011,nan,0.0,nan,0.371257344,nan,nan,1.0,0.0,1,nan
73.11235217650731,4.136690647482011,nan,0.0,nan,0.371257344,nan,nan,1.0,0.0,1,nan
73.1290242155393,4.136690647482011,nan,0.0,nan,0.371257344,nan,nan,1.0,0.0,1,nan
73.14569669564565,4.136690647482011,nan,0.0,nan,0.371257344,nan,nan,1.0,0.0,1,nan
73.16236883004507,4.136690647482011,nan,0.0,nan,0.371257344,nan,nan,1.0,0.0,1,nan
73.17904269297918,4.136690647482011,nan,0.0,nan,0.371257344,nan,nan,1.0,0.0,1,nan
73.19571390946706,4.136690647482011,nan,0.0,nan,0.371257344,nan,nan,1.0,0.0,1,nan
73.21238636175791,4.136690647482011,nan,0.0,nan,0.371257344,nan,nan,1.0,0.0,1,nan
73.22905841668447,4.136690647482011,nan,0.0,nan,0.371257344,nan,nan,1.0,0.0,1,nan
73.24573056697845,4.136690647482011,nan,0.0,nan,0.371257344,nan,nan,1.0,0.0,1,nan
73.26240173578262,4.136690647482011,nan,0.0,nan,0.371257344,nan,nan,1.0,0.0,1,nan
73.27907380263011,4.316546762589923,nan,0.0,nan,0.371257344,nan,nan,1.0,0.0,1,nan
73.2957459727923,4.316546762589923,nan,0.0,nan,0.371257344,nan,nan,1.0,0.0,1,nan
73.31241813898086,4.316546762589923,nan,0.0,nan,0.371257344,nan,nan,1.0,0.0,1,nan
73.32908842166265,4.316546762589923,nan,0.0,nan,0.371257344,nan,nan,1.0,0.0,1,nan
73.34576012293498,4.316546762589923,nan,0.0,nan,0.371257344,nan,nan,1.0,0.0,1,nan
73.36243206659952,4.316546762589923,nan,0.0,nan,0.371257344,nan,nan,1.0,0.0,1,nan
73.37910411357879,4.316546762589923,nan,0.0,nan,0.371257344,nan,nan,1.0,0.0,1,nan
73.39577638705572,4.316546762589923,nan,0.0,nan,0.371257344,nan,nan,1.0,0.0,1,nan
73.41245180368423,4.316546762589923,nan,0.0,nan,0.371257344,nan,nan,1.0,0.0,1,nan
73.42912360429764,4.316546762589923,nan,0.0,nan,0.371257344,nan,nan,1.0,0.0,1,nan
73.4457958817482,4.316546762589923,nan,0.0,nan,0.371257344,nan,nan,1.0,0.0,1,nan
73.46246782541274,4.316546762589923,nan,0.0,nan,0.371257344,nan,nan,1.0,0.0,1,nan
73.4791397690773,4.316546762589923,nan,0.0,nan,0.371257344,nan,nan,1.0,0.0,1,nan
73.4958132704099,4.316546762589923,nan,0.0,nan,0.371257344,nan,nan,1.0,0.0,1,nan
73.51248614390691,4.316546762589923,nan,0.0,nan,0.371257344,nan,nan,1.0,0.0,1,nan
73.52915796836217,4.316546762589923,nan,0.0,nan,0.371257344,nan,nan,1.0,0.0,1,nan
73.54582999149959,4.316546762589923,nan,0.0,nan,0.371257344,nan,nan,1.0,0.0,1,nan
73.56250511010488,4.316546762589923,nan,0.0,nan,0.371257344,nan,nan,1.0,0.0,1,nan
73.57917642990748,4.316546762589923,nan,0.0,nan,0.371257344,nan,nan,1.0,0.0,1,nan
73.59585158030193,4.316546762589923,nan,0.0,nan,0.371257344,nan,nan,1.0,0.0,1,nan
73.61252427101135,4.316546762589923,nan,0.0,nan,0.371257344,nan,nan,1.0,0.0,1,nan
73.62919812599817,4.316546762589923,nan,0.0,nan,0.371257344,nan,nan,1.0,0.0,1,nan
73.6458692908287,4.316546762589923,nan,0.0,nan,0.371257344,nan,nan,1.0,0.0,1,nan
73.66254155635833,4.316546762589923,nan,0.0,nan,0.371257344,nan,nan,1.0,0.0,1,nan
73.67921102841696,4.316546762589923,nan,0.0,nan,0.371257344,nan,nan,1.0,0.0,1,nan
73.69588786760966,4.316546762589923,nan,0.0,nan,0.371257344,nan,nan,1.0,0.0,1,nan
73.71256442864735,4.316546762589923,nan,0.0,nan,0.371257344,nan,nan,1.0,0.0,1,nan
73.72923567295075,4.316546762589923,nan,0.0,nan,0.371257344,nan,nan,1.0,0.0,1,nan
73.74590791463852,4.316546762589923,nan,0.0,nan,0.371257344,nan,nan,1.0,0.0,1,nan
73.76258059342702,4.496402877697847,nan,0.0,nan,0.371257344,nan,nan,1.0,0.0,1,nan
73.77925138870874,4.496402877697847,nan,0.0,nan,0.371257344,nan,nan,1.0,0.0,1,nan
73.79592475096385,4.496402877697847,nan,0.0,nan,0.371257344,nan,nan,1.0,0.0,1,nan
73.81259600321452,4.496402877697847,nan,0.0,nan,0.371257344,nan,nan,1.0,0.0,1,nan
73.82926839987437,4.496402877697847,nan,0.0,nan,0.371257344,nan,nan,1.0,0.0,1,nan
73.84594070514044,4.496402877697847,nan,0.0,nan,0.371257344,nan,nan,1.0,0.0,1,nan
73.86261278390884,4.496402877697847,nan,0.0,nan,0.371257344,nan,nan,1.0,0.0,1,nan
73.87928549846013,4.496402877697847,nan,0.0,nan,0.371257344,nan,nan,1.0,0.0,1,nan
73.8959577202797,4.496402877697847,nan,0.0,nan,0.371257344,nan,nan,1.0,0.0,1,nan
73.91262996196747,4.496402877697847,nan,0.0,nan,0.371257344,nan,nan,1.0,0.0,1,nan
73.92930227915446,4.496402877697847,nan,0.0,nan,0.371257344,nan,nan,1.0,0.0,1,nan
73.94597490231196,4.496402877697847,nan,0.0,nan,0.371257344,nan,nan,1.0,0.0,1,nan
73.96264807780584,4.496402877697847,nan,0.0,nan,0.371257344,nan,nan,1.0,0.0,1,nan
73.97932190895081,4.496402877697847,nan,0.0,nan,0.371257344,nan,nan,1.0,0.0,1,nan
73.99599498907725,4.496402877697847,nan,0.0,nan,0.371257344,nan,nan,1.0,0.0,1,nan
74.01267098585764,4.496402877697847,nan,0.0,nan,0.371257344,nan,nan,1.0,0.0,1,nan
74.02934543689092,4.496402877697847,nan,0.0,nan,0.371257344,nan,nan,1.0,0.0,1,nan
74.04601991971334,4.496402877697847,nan,0.0,nan,0.371257344,nan,nan,1.0,0.0,1,nan
74.0626919110616,4.496402877697847,nan,0.0,nan,0.371257344,nan,nan,1.0,0.0,1,nan
74.07936363617578,4.496402877697847,nan,0.0,nan,0.371257344,nan,nan,1.0,0.0,1,nan
74.09603650569916,4.496402877697847,nan,0.0,nan,0.371257344,nan,nan,1.0,0.0,1,nan
74.11270866791408,4.496402877697847,nan,0.0,nan,0.371257344,nan,nan,1.0,0.0,1,nan
74.12938192288081,4.496402877697847,nan,0.0,nan,0.371257344,nan,nan,1.0,0.0,1,nan
74.146053814888,4.496402877697847,nan,0.0,nan,0.371257344,nan,nan,1.0,0.0,1,nan
74.16274038950603,4.496402877697847,nan,0.0,nan,0.371257344,nan,nan,1.0,0.0,1,nan
74.1794135928154,4.496402877697847,nan,0.0,nan,0.371257344,nan,nan,1.0,0.0,1,nan
74.19608583847682,4.496402877697847,nan,0.0,nan,0.371257344,nan,nan,1.0,0.0,1,nan
74.21275608936945,4.496402877697847,nan,0.0,nan,0.371257344,nan,nan,1.0,0.0,1,nan
74.22943144241968,4.496402877697847,nan,0.0,nan,0.371257344,nan,nan,1.0,0.0,1,nan
74.2461062749227,4.67625899280576,nan,0.0,nan,0.371257344,nan,nan,1.0,0.0,1,nan
74.2627756357193,4.67625899280576,nan,0.0,nan,0.371257344,nan,nan,1.0,0.0,1,nan
74.27944812377294,4.67625899280576,nan,0.0,nan,0.371257344,nan,nan,1.0,0.0,1,nan
74.29611800909042,4.67625899280576,nan,0.0,nan,0.371257344,nan,nan,1.0,0.0,1,nan
74.31279016335806,4.67625899280576,nan,0.0,nan,0.371257344,nan,nan,1.0,0.0,1,nan
74.3294635852178,4.67625899280576,nan,0.0,nan,0.371257344,nan,nan,1.0,0.0,1,nan
74.34613494873047,4.67625899280576,nan,0.0,nan,0.371257344,nan,nan,1.0,0.0,1,nan
74.36280848185221,4.67625899280576,nan,0.0,nan,0.371257344,nan,nan,1.0,0.0,1,nan
74.37947845458984,4.67625899280576,nan,0.0,nan,0.371257344,nan,nan,1.0,0.0,1,nan
74.39615361293157,4.67625899280576,nan,0.0,nan,0.371257344,nan,nan,1.0,0.0,1,nan
74.4128248333931,4.67625899280576,nan,0.0,nan,0.371257344,nan,nan,1.0,0.0,1,nan
74.42949594656626,4.67625899280576,nan,0.0,nan,0.371257344,nan,nan,1.0,0.0,1,nan
74.44616884390513,4.67625899280576,nan,0.0,nan,0.371257344,nan,nan,1.0,0.0,1,nan
74.46284132401148,4.67625899280576,nan,0.0,nan,0.371257344,nan,nan,1.0,0.0,1,nan
74.47951364517212,4.67625899280576,nan,0.0,nan,0.371257344,nan,nan,1.0,0.0,1,nan
74.49618570804596,4.67625899280576,nan,0.0,nan,0.371257344,nan,nan,1.0,0.0,1,nan
74.51285887559256,4.67625899280576,nan,0.0,nan,0.371257344,nan,nan,1.0,0.0,1,nan
74.52953123648962,4.67625899280576,nan,0.0,nan,0.371257344,nan,nan,1.0,0.0,1,nan
74.54620361328125,4.67625899280576,nan,0.0,nan,0.371257344,nan,nan,1.0,0.0,1,nan
74.56287482579549,4.67625899280576,nan,0.0,nan,0.371257344,nan,nan,1.0,0.0,1,nan
74.57954380512237,4.67625899280576,nan,0.0,nan,0.371257344,nan,nan,1.0,0.0,1,nan
74.59621822834015,4.67625899280576,nan,0.0,nan,0.371257344,nan,nan,1.0,0.0,1,nan
74.61289020776749,4.67625899280576,nan,0.0,nan,0.371257344,nan,nan,1.0,0.0,1,nan
74.62956281503041,4.67625899280576,nan,0.0,nan,0.371257344,nan,nan,1.0,0.0,1,nan
74.64623532295226,4.67625899280576,nan,0.0,nan,0.371257344,nan,nan,1.0,0.0,1,nan
74.6629074215889,4.67625899280576,nan,0.0,nan,0.371257344,nan,nan,1.0,0.0,1,nan
74.6795800169309,4.67625899280576,nan,0.0,nan,0.371257344,nan,nan,1.0,0.0,1,nan
74.69625200033188,4.67625899280576,nan,0.0,nan,0.371257344,nan,nan,1.0,0.0,1,nan
74.71292374531428,4.67625899280576,nan,0.0,nan,0.371257344,nan,nan,1.0,0.0,1,nan
74.72959593931834,4.856115107913672,nan,0.0,nan,0.371257344,nan,nan,1.0,0.0,1,nan
74.74626896778743,4.856115107913672,nan,0.0,nan,0.371257344,nan,nan,1.0,0.0,1,nan
74.76294123331705,4.856115107913672,nan,0.0,nan,0.371257344,nan,nan,1.0,0.0,1,nan
74.77961315313975,4.856115107913672,nan,0.0,nan,0.371257344,nan,nan,1.0,0.0,1,nan
74.79628460804621,4.856115107913672,nan,0.0,nan,0.371257344,nan,nan,1.0,0.0,1,nan
74.81295646826426,4.856115107913672,nan,0.0,nan,0.371257344,nan,nan,1.0,0.0,1,nan
74.82962873776754,4.856115107913672,nan,0.0,nan,0.371257344,nan,nan,1.0,0.0,1,nan
74.84630208412806,4.856115107913672,nan,0.0,nan,0.371257344,nan,nan,1.0,0.0,1,nan
74.86297421852747,4.856115107913672,nan,0.0,nan,0.371257344,nan,nan,1.0,0.0,1,nan
74.87964618206024,4.856115107913672,nan,0.0,nan,0.371257344,nan,nan,1.0,0.0,1,nan
74.89631825685501,4.856115107913672,nan,0.0,nan,0.371257344,nan,nan,1.0,0.0,1,nan
74.9129914879799,4.856115107913672,nan,0.0,nan,0.371257344,nan,nan,1.0,0.0,1,nan
74.92966465950012,4.856115107913672,nan,0.0,nan,0.371257344,nan,nan,1.0,0.0,1,nan
74.94633698066076,4.856115107913672,nan,0.0,nan,0.371257344,nan,nan,1.0,0.0,1,nan
74.96300955613454,4.856115107913672,nan,0.0,nan,0.371257344,nan,nan,1.0,0.0,1,nan
74.9796847462654,4.856115107913672,nan,0.0,nan,0.371257344,nan,nan,1.0,0.0,1,nan
74.9963571747144,4.856115107913672,nan,0.0,nan,0.371257344,nan,nan,1.0,0.0,1,nan
75.01302969853083,4.856115107913672,nan,0.0,nan,0.371257344,nan,nan,1.0,0.0,1,nan
75.0297014673551,4.856115107913672,nan,0.0,nan,0.371257344,nan,nan,1.0,0.0,1,nan
75.04637352228164,4.856115107913672,nan,0.0,nan,0.371257344,nan,nan,1.0,0.0,1,nan
75.06304462750752,4.856115107913672,nan,0.0,nan,0.371257344,nan,nan,1.0,0.0,1,nan
75.0797186891238,4.856115107913672,nan,0.0,nan,0.371257344,nan,nan,1.0,0.0,1,nan
75.09639093081157,4.856115107913672,nan,0.0,nan,0.371257344,nan,nan,1.0,0.0,1,nan
75.11306346257528,4.856115107913672,nan,0.0,nan,0.371257344,nan,nan,1.0,0.0,1,nan
75.12973473469417,4.856115107913672,nan,0.0,nan,0.371257344,nan,nan,1.0,0.0,1,nan
75.14640740553538,4.856115107913672,nan,0.0,nan,0.371257344,nan,nan,1.0,0.0,1,nan
75.16307958761851,4.856115107913672,nan,0.0,nan,0.371257344,nan,nan,1.0,0.0,1,nan
75.17975152730942,4.856115107913672,nan,0.0,nan,0.371257344,nan,nan,1.0,0.0,1,nan
75.19642345110576,4.856115107913672,nan,0.0,nan,0.371257344,nan,nan,1.0,0.0,1,nan
75.21309551795324,4.856115107913672,nan,0.0,nan,0.371257344,nan,nan,1.0,0.0,1,nan
75.2297682762146,5.035971223021585,nan,0.0,nan,0.371257344,nan,nan,1.0,0.0,1,nan
75.24644027153651,5.035971223021585,nan,0.0,nan,0.371257344,nan,nan,1.0,0.0,1,nan
75.26311231851578,5.035971223021585,nan,0.0,nan,0.371257344,nan,nan,1.0,0.0,1,nan
75.27978556553522,5.035971223021585,nan,0.0,nan,0.371257344,nan,nan,1.0,0.0,1,nan
75.29645749727885,5.035971223021585,nan,0.0,nan,0.371257344,nan,nan,1.0,0.0,1,nan
75.31312958399455,5.035971223021585,nan,0.0,nan,0.371257344,nan,nan,1.0,0.0,1,nan
75.32980134487153,5.035971223021585,nan,0.0,nan,0.371257344,nan,nan,1.0,0.0,1,nan
75.34647256533304,5.035971223021585,nan,0.0,nan,0.371257344,nan,nan,1.0,0.0,1,nan
75.3631454785665,3.0575539568345356,nan,0.0,nan,0.371257344,nan,nan,1.0,0.0,1,nan
75.37981834014256,3.0575539568345356,nan,0.0,nan,0.371257344,nan,nan,1.0,0.0,1,nan
75.3964909474055,3.0575539568345356,nan,0.0,nan,0.371257344,nan,nan,1.0,0.0,1,nan
75.41316283941269,3.0575539568345356,nan,0.0,nan,0.371257344,nan,nan,1.0,0.0,1,nan
75.4298368215561,3.237410071942448,nan,0.0,nan,0.371257344,nan,nan,1.0,0.0,1,nan
75.44650632540385,3.237410071942448,nan,0.0,nan,0.371257344,nan,nan,1.0,0.0,1,nan
75.4631763180097,3.237410071942448,nan,0.0,nan,0.371257344,nan,nan,1.0,0.0,1,nan
75.47984638611476,3.237410071942448,nan,0.0,nan,0.371257344,nan,nan,1.0,0.0,1,nan
75.49651608864467,3.237410071942448,nan,0.0,nan,0.371257344,nan,nan,1.0,0.0,1,nan
75.51318647464116,3.237410071942448,nan,0.0,nan,0.371257344,nan,nan,1.0,0.0,1,nan
75.52985663414002,3.237410071942448,nan,0.0,nan,0.371257344,nan,nan,1.0,0.0,1,nan
75.5465300043424,3.237410071942448,nan,0.0,nan,0.371257344,nan,nan,1.0,0.0,1,nan
75.56319828033448,3.237410071942448,nan,0.0,nan,0.371257344,nan,nan,1.0,0.0,1,nan
75.57986999750138,3.237410071942448,nan,0.0,nan,0.371257344,nan,nan,1.0,0.0,1,nan
75.59654421408972,3.237410071942448,nan,0.0,nan,0.371257344,nan,nan,1.0,0.0,1,nan
75.61321792205175,3.237410071942448,nan,0.0,nan,0.371257344,nan,nan,1.0,0.0,1,nan
75.62988806962967,3.237410071942448,nan,0.0,nan,0.371257344,nan,nan,1.0,0.0,1,nan
75.64656036694845,3.237410071942448,nan,0.0,nan,0.371257344,nan,nan,1.0,0.0,1,nan
75.66323210000992,3.237410071942448,nan,0.0,nan,0.371257344,nan,nan,1.0,0.0,1,nan
75.6799056092898,3.237410071942448,nan,0.0,nan,0.371257344,nan,nan,1.0,0.0,1,nan
75.69657783905664,3.237410071942448,nan,0.0,nan,0.371257344,nan,nan,1.0,0.0,1,nan
75.71324865023296,3.237410071942448,nan,0.0,nan,0.371257344,nan,nan,1.0,0.0,1,nan
75.72992083628972,3.237410071942448,nan,0.0,nan,0.371257344,nan,nan,1.0,0.0,1,nan
75.7465922276179,3.237410071942448,nan,0.0,nan,0.371257344,nan,nan,1.0,0.0,1,nan
75.76327050924301,3.237410071942448,nan,0.0,nan,0.371257344,nan,nan,1.0,0.0,1,nan
75.779943160216,3.237410071942448,nan,0.0,nan,0.371257344,nan,nan,1.0,0.0,1,nan
75.7966210047404,3.237410071942448,nan,0.0,nan,0.371257344,nan,nan,1.0,0.0,1,nan
75.81329095760981,3.237410071942448,nan,0.0,nan,0.371257344,nan,nan,1.0,0.0,1,nan
75.82996486822763,3.237410071942448,nan,0.0,nan,0.371257344,nan,nan,1.0,0.0,1,nan
75.84663709402085,3.237410071942448,nan,0.0,nan,0.371257344,nan,nan,1.0,0.0,1,nan
75.86330879529318,3.237410071942448,nan,0.0,nan,0.371257344,nan,nan,1.0,0.0,1,nan
75.87998203436534,3.237410071942448,nan,0.0,nan,0.371257344,nan,nan,1.0,0.0,1,nan
75.89665340582529,3.237410071942448,nan,0.0,nan,0.371257344,nan,nan,1.0,0.0,1,nan
75.9133264819781,3.4172661870503607,nan,0.0,nan,0.371257344,nan,nan,1.0,0.0,1,nan
75.93000226418177,3.4172661870503607,nan,0.0,nan,0.371257344,nan,nan,1.0,0.0,1,nan
75.9466728011767,3.4172661870503607,nan,0.0,nan,0.371257344,nan,nan,1.0,0.0,1,nan
75.96334446668625,3.4172661870503607,nan,0.0,nan,0.371257344,nan,nan,1.0,0.0,1,nan
75.9800179362297,3.4172661870503607,nan,0.0,nan,0.371257344,nan,nan,1.0,0.0,1,nan
75.99669093290964,3.4172661870503607,nan,0.0,nan,0.371257344,nan,nan,1.0,0.0,1,nan
76.01336208581924,3.4172661870503607,nan,0.0,nan,0.371257344,nan,nan,1.0,0.0,1,nan
76.03004159927369,3.4172661870503607,nan,0.0,nan,0.371257344,nan,nan,1.0,0.0,1,nan
76.04672110875448,3.4172661870503607,nan,0.0,nan,0.371257344,nan,nan,1.0,0.0,1,nan
76.06339070399602,3.4172661870503607,nan,0.0,nan,0.371257344,nan,nan,1.0,0.0,1,nan
76.0800634821256,3.4172661870503607,nan,0.0,nan,0.371257344,nan,nan,1.0,0.0,1,nan
76.09673631985983,3.4172661870503607,nan,0.0,nan,0.371257344,nan,nan,1.0,0.0,1,nan
76.11340588331223,3.4172661870503607,nan,0.0,nan,0.371257344,nan,nan,1.0,0.0,1,nan
76.13008647759756,3.4172661870503607,nan,0.0,nan,0.371257344,nan,nan,1.0,0.0,1,nan
76.14675586620966,3.4172661870503607,nan,0.0,nan,0.371257344,nan,nan,1.0,0.0,1,nan
76.16342782974243,3.4172661870503607,nan,0.0,nan,0.371257344,nan,nan,1.0,0.0,1,nan
76.1800979733467,3.4172661870503607,nan,0.0,nan,0.371257344,nan,nan,1.0,0.0,1,nan
76.1967718164126,3.4172661870503607,nan,0.0,nan,0.371257344,nan,nan,1.0,0.0,1,nan
76.21344458262125,3.4172661870503607,nan,0.0,nan,0.371257344,nan,nan,1.0,0.0,1,nan
76.23012084166209,3.4172661870503607,nan,0.0,nan,0.371257344,nan,nan,1.0,0.0,1,nan
76.24679269393285,3.4172661870503607,nan,0.0,nan,0.371257344,nan,nan,1.0,0.0,1,nan
76.26346827348074,3.4172661870503607,nan,0.0,nan,0.371257344,nan,nan,1.0,0.0,1,nan
76.28014141718546,3.4172661870503607,nan,0.0,nan,0.371257344,nan,nan,1.0,0.0,1,nan
76.29681431452433,3.4172661870503607,nan,0.0,nan,0.371257344,nan,nan,1.0,0.0,1,nan
76.31348828474681,3.4172661870503607,nan,0.0,nan,0.371257344,nan,nan,1.0,0.0,1,nan
76.33015851179759,3.4172661870503607,nan,0.0,nan,0.371257344,nan,nan,1.0,0.0,1,nan
76.34683683315913,3.4172661870503607,nan,0.0,nan,0.371257344,nan,nan,1.0,0.0,1,nan
76.36350710789362,3.4172661870503607,nan,0.0,nan,0.371257344,nan,nan,1.0,0.0,1,nan
76.38017663955688,3.4172661870503607,nan,0.0,nan,0.371257344,nan,nan,1.0,0.0,1,nan
76.3968472401301,3.597122302158273,nan,0.0,nan,0.371257344,nan,nan,1.0,0.0,1,nan
76.41352075735728,3.597122302158273,nan,0.0,nan,0.371257344,nan,nan,1.0,0.0,1,nan
76.43019335269928,3.597122302158273,nan,0.0,nan,0.371257344,nan,nan,1.0,0.0,1,nan
76.44686939318974,3.597122302158273,nan,0.0,nan,0.371257344,nan,nan,1.0,0.0,1,nan
76.46353945334752,3.597122302158273,nan,0.0,nan,0.371257344,nan,nan,1.0,0.0,1,nan
76.48021250565847,3.597122302158273,nan,0.0,nan,0.371257344,nan,nan,1.0,0.0,1,nan
76.49688547054926,3.597122302158273,nan,0.0,nan,0.371257344,nan,nan,1.0,0.0,1,nan
76.5135577638944,3.597122302158273,nan,0.0,nan,0.371257344,nan,nan,1.0,0.0,1,nan
76.53023056586584,3.597122302158273,nan,0.0,nan,0.371257344,nan,nan,1.0,0.0,1,nan
76.5469055056572,3.597122302158273,nan,0.0,nan,0.371257344,nan,nan,1.0,0.0,1,nan
76.5635758360227,3.597122302158273,nan,0.0,nan,0.371257344,nan,nan,1.0,0.0,1,nan
76.58025501966476,3.597122302158273,nan,0.0,nan,0.371257344,nan,nan,1.0,0.0,1,nan
76.59692571163177,3.597122302158273,nan,0.0,nan,0.371257344,nan,nan,1.0,0.0,1,nan
76.61360313097636,3.597122302158273,nan,0.0,nan,0.371257344,nan,nan,1.0,0.0,1,nan
76.63027658859889,3.597122302158273,nan,0.0,nan,0.371257344,nan,nan,1.0,0.0,1,nan
76.64695120652517,3.597122302158273,nan,0.0,nan,0.371257344,nan,nan,1.0,0.0,1,nan
76.663623158137,3.597122302158273,nan,0.0,nan,0.371257344,nan,nan,1.0,0.0,1,nan
76.68029563824335,3.597122302158273,nan,0.0,nan,0.371257344,nan,nan,1.0,0.0,1,nan
76.69696873823801,3.597122302158273,nan,0.0,nan,0.371257344,nan,nan,1.0,0.0,1,nan
76.71364171902339,3.597122302158273,nan,0.0,nan,0.371257344,nan,nan,1.0,0.0,1,nan
76.73031384547552,3.597122302158273,nan,0.0,nan,0.371257344,nan,nan,1.0,0.0,1,nan
76.74698653618495,3.597122302158273,nan,0.0,nan,0.371257344,nan,nan,1.0,0.0,1,nan
76.76365930239359,3.597122302158273,nan,0.0,nan,0.371257344,nan,nan,1.0,0.0,1,nan
76.78033205270768,3.597122302158273,nan,0.0,nan,0.371257344,nan,nan,1.0,0.0,1,nan
76.79700429439545,3.597122302158273,nan,0.0,nan,0.371257344,nan,nan,1.0,0.0,1,nan
76.81367692152659,3.597122302158273,nan,0.0,nan,0.371257344,nan,nan,1.0,0.0,1,nan
76.8303535381953,3.597122302158273,nan,0.0,nan,0.371257344,nan,nan,1.0,0.0,1,nan
76.84702671766281,3.597122302158273,nan,0.0,nan,0.371257344,nan,nan,1.0,0.0,1,nan
76.86370151837667,3.597122302158273,nan,0.0,nan,0.371257344,nan,nan,1.0,0.0,1,nan
76.88037420511246,3.7769784172661858,nan,0.0,nan,0.371257344,nan,nan,1.0,0.0,1,nan
76.89704600572585,3.7769784172661858,nan,0.0,nan,0.371257344,nan,nan,1.0,0.0,1,nan
76.9137181798617,3.7769784172661858,nan,0.0,nan,0.371257344,nan,nan,1.0,0.0,1,nan
76.93039005597433,3.7769784172661858,nan,0.0,nan,0.371257344,nan,nan,1.0,0.0,1,nan
76.94706064860026,3.7769784172661858,nan,0.0,nan,0.371257344,nan,nan,1.0,0.0,1,nan
76.96373904943466,3.7769784172661858,nan,0.0,nan,0.371257344,nan,nan,1.0,0.0,1,nan
76.98041157722473,3.7769784172661858,nan,0.0,nan,0.371257344,nan,nan,1.0,0.0,1,nan
76.99708416859309,3.7769784172661858,nan,0.0,nan,0.371257344,nan,nan,1.0,0.0,1,nan
77.01375677585602,3.7769784172661858,nan,0.0,nan,0.371257344,nan,nan,1.0,0.0,1,nan
77.03042912483215,3.7769784172661858,nan,0.0,nan,0.371257344,nan,nan,1.0,0.0,1,nan
77.04710144201914,3.7769784172661858,nan,0.0,nan,0.371257344,nan,nan,1.0,0.0,1,nan
77.06377288103104,3.7769784172661858,nan,0.0,nan,0.371257344,nan,nan,1.0,0.0,1,nan
77.08044560750325,3.7769784172661858,nan,0.0,nan,0.371257344,nan,nan,1.0,0.0,1,nan
77.09711860020955,3.7769784172661858,nan,0.0,nan,0.371257344,nan,nan,1.0,0.0,1,nan
77.11379039684931,3.7769784172661858,nan,0.0,nan,0.371257344,nan,nan,1.0,0.0,1,nan
77.13046265443167,3.7769784172661858,nan,0.0,nan,0.371257344,nan,nan,1.0,0.0,1,nan
77.14713503519694,3.7769784172661858,nan,0.0,nan,0.371257344,nan,nan,1.0,0.0,1,nan
77.16380704641342,3.7769784172661858,nan,0.0,nan,0.371257344,nan,nan,1.0,0.0,1,nan
77.18047960201899,3.7769784172661858,nan,0.0,nan,0.371257344,nan,nan,1.0,0.0,1,nan
77.19715160528818,3.7769784172661858,nan,0.0,nan,0.371257344,nan,nan,1.0,0.0,1,nan
77.21382346550624,3.7769784172661858,nan,0.0,nan,0.371257344,nan,nan,1.0,0.0,1,nan
77.2304951230685,3.7769784172661858,nan,0.0,nan,0.371257344,nan,nan,1.0,0.0,1,nan
77.24716906547546,3.7769784172661858,nan,0.0,nan,0.371257344,nan,nan,1.0,0.0,1,nan
77.26384131511053,3.7769784172661858,nan,0.0,nan,0.371257344,nan,nan,1.0,0.0,1,nan
77.28051241636277,3.7769784172661858,nan,0.0,nan,0.371257344,nan,nan,1.0,0.0,1,nan
77.29718728860219,3.7769784172661858,nan,0.0,nan,0.371257344,nan,nan,1.0,0.0,1,nan
77.31386107206345,3.7769784172661858,nan,0.0,nan,0.371257344,nan,nan,1.0,0.0,1,nan
77.33053784767786,3.7769784172661858,nan,0.0,nan,0.371257344,nan,nan,1.0,0.0,1,nan
77.34721137682597,3.7769784172661858,nan,0.0,nan,0.371257344,nan,nan,1.0,0.0,1,nan
77.36388932069143,3.9568345323740983,nan,0.0,nan,0.371257344,nan,nan,1.0,0.0,1,nan
77.38055999676386,3.9568345323740983,nan,0.0,nan,0.371257344,nan,nan,1.0,0.0,1,nan
77.39723047018052,3.9568345323740983,nan,0.0,nan,0.371257344,nan,nan,1.0,0.0,1,nan
77.4139048218727,3.9568345323740983,nan,0.0,nan,0.371257344,nan,nan,1.0,0.0,1,nan
77.4305802067121,3.9568345323740983,nan,0.0,nan,0.371257344,nan,nan,1.0,0.0,1,nan
77.44725397427877,3.9568345323740983,nan,0.0,nan,0.371257344,nan,nan,1.0,0.0,1,nan
77.46392545302709,3.9568345323740983,nan,0.0,nan,0.371257344,nan,nan,1.0,0.0,1,nan
77.4806014140447,3.9568345323740983,nan,0.0,nan,0.371257344,nan,nan,1.0,0.0,1,nan
77.49727446635565,3.9568345323740983,nan,0.0,nan,0.371257344,nan,nan,1.0,0.0,1,nan
77.51394826173782,3.9568345323740983,nan,0.0,nan,0.371257344,nan,nan,1.0,0.0,1,nan
77.53062156438827,3.9568345323740983,nan,0.0,nan,0.371257344,nan,nan,1.0,0.0,1,nan
77.54729334513347,3.9568345323740983,nan,0.0,nan,0.371257344,nan,nan,1.0,0.0,1,nan
77.56397345860799,3.9568345323740983,nan,0.0,nan,0.371257344,nan,nan,1.0,0.0,1,nan
77.58064797321956,3.9568345323740983,nan,0.0,nan,0.371257344,nan,nan,1.0,0.0,1,nan
77.59732131958008,3.9568345323740983,nan,0.0,nan,0.371257344,nan,nan,1.0,0.0,1,nan
77.61399324337641,3.9568345323740983,nan,0.0,nan,0.371257344,nan,nan,1.0,0.0,1,nan
77.6306638677915,3.9568345323740983,nan,0.0,nan,0.371257344,nan,nan,1.0,0.0,1,nan
77.64733408689499,3.9568345323740983,nan,0.0,nan,0.371257344,nan,nan,1.0,0.0,1,nan
77.6640036145846,3.9568345323740983,nan,0.0,nan,0.371257344,nan,nan,1.0,0.0,1,nan
77.68067670265833,3.9568345323740983,nan,0.0,nan,0.371257344,nan,nan,1.0,0.0,1,nan
77.6973555445671,3.9568345323740983,nan,0.0,nan,0.371257344,nan,nan,1.0,0.0,1,nan
77.71402616898219,3.9568345323740983,nan,0.0,nan,0.371257344,nan,nan,1.0,0.0,1,nan
77.73070628245672,3.9568345323740983,nan,0.0,nan,0.371257344,nan,nan,1.0,0.0,1,nan
77.74737702210744,3.9568345323740983,nan,0.0,nan,0.371257344,nan,nan,1.0,0.0,1,nan
77.76404865980149,3.9568345323740983,nan,0.0,nan,0.371257344,nan,nan,1.0,0.0,1,nan
77.78072049617768,3.9568345323740983,nan,0.0,nan,0.371257344,nan,nan,1.0,0.0,1,nan
77.7973931670189,3.9568345323740983,nan,0.0,nan,0.371257344,nan,nan,1.0,0.0,1,nan
77.81406475702921,3.9568345323740983,nan,0.0,nan,0.371257344,nan,nan,1.0,0.0,1,nan
77.83073624769847,3.9568345323740983,nan,0.0,nan,0.371257344,nan,nan,1.0,0.0,1,nan
77.84740800857544,4.136690647482011,nan,0.0,nan,0.371257344,nan,nan,1.0,0.0,1,nan
77.86407823959986,4.136690647482011,nan,0.0,nan,0.371257344,nan,nan,1.0,0.0,1,nan
77.88075413306554,4.136690647482011,nan,0.0,nan,0.371257344,nan,nan,1.0,0.0,1,nan
77.89742647012075,4.136690647482011,nan,0.0,nan,0.371257344,nan,nan,1.0,0.0,1,nan
77.9140963157018,4.136690647482011,nan,0.0,nan,0.371257344,nan,nan,1.0,0.0,1,nan
77.9307694753011,4.136690647482011,nan,0.0,nan,0.371257344,nan,nan,1.0,0.0,1,nan
77.94744042952856,4.136690647482011,nan,0.0,nan,0.371257344,nan,nan,1.0,0.0,1,nan
77.96411466995875,4.136690647482011,nan,0.0,nan,0.371257344,nan,nan,1.0,0.0,1,nan
77.98078598976136,4.136690647482011,nan,0.0,nan,0.371257344,nan,nan,1.0,0.0,1,nan
77.99745772679647,4.136690647482011,nan,0.0,nan,0.371257344,nan,nan,1.0,0.0,1,nan
78.01412755648295,4.136690647482011,nan,0.0,nan,0.371257344,nan,nan,1.0,0.0,1,nan
78.03079730272293,4.136690647482011,nan,0.0,nan,0.371257344,nan,nan,1.0,0.0,1,nan
78.04747176170349,4.136690647482011,nan,0.0,nan,0.371257344,nan,nan,1.0,0.0,1,nan
78.06414237419764,4.136690647482011,nan,0.0,nan,0.371257344,nan,nan,1.0,0.0,1,nan
78.08082088629405,4.136690647482011,nan,0.0,nan,0.371257344,nan,nan,1.0,0.0,1,nan
78.09749364852905,4.136690647482011,nan,0.0,nan,0.371257344,nan,nan,1.0,0.0,1,nan
78.11417240301768,4.136690647482011,nan,0.0,nan,0.371257344,nan,nan,1.0,0.0,1,nan
78.13084319035212,4.136690647482011,nan,0.0,nan,0.371257344,nan,nan,1.0,0.0,1,nan
78.14751521348953,4.136690647482011,nan,0.0,nan,0.371257344,nan,nan,1.0,0.0,1,nan
78.16418908437093,4.136690647482011,nan,0.0,nan,0.371257344,nan,nan,1.0,0.0,1,nan
78.18086381355921,4.136690647482011,nan,0.0,nan,0.371257344,nan,nan,1.0,0.0,1,nan
78.19753594001135,4.136690647482011,nan,0.0,nan,0.371257344,nan,nan,1.0,0.0,1,nan
78.21420594056447,4.136690647482011,nan,0.0,nan,0.371257344,nan,nan,1.0,0.0,1,nan
78.230877161026,4.136690647482011,nan,0.0,nan,0.371257344,nan,nan,1.0,0.0,1,nan
78.24755711555481,4.136690647482011,nan,0.0,nan,0.371257344,nan,nan,1.0,0.0,1,nan
78.26422700484594,4.136690647482011,nan,0.0,nan,0.371257344,nan,nan,1.0,0.0,1,nan
78.2809053460757,4.136690647482011,nan,0.0,nan,0.371257344,nan,nan,1.0,0.0,1,nan
78.29757627646129,4.136690647482011,nan,0.0,nan,0.371257344,nan,nan,1.0,0.0,1,nan
78.31424809296927,4.136690647482011,nan,0.0,nan,0.371257344,nan,nan,1.0,0.0,1,nan
78.33091768423716,4.316546762589923,nan,0.0,nan,0.371257344,nan,nan,1.0,0.0,1,nan
78.3475881576538,4.316546762589923,nan,0.0,nan,0.371257344,nan,nan,1.0,0.0,1,nan
78.3642607529958,4.316546762589923,nan,0.0,nan,0.371257344,nan,nan,1.0,0.0,1,nan
78.38093480666478,4.316546762589923,nan,0.0,nan,0.371257344,nan,nan,1.0,0.0,1,nan
78.39760678609213,4.316546762589923,nan,0.0,nan,0.371257344,nan,nan,1.0,0.0,1,nan
78.41427807807922,4.316546762589923,nan,0.0,nan,0.371257344,nan,nan,1.0,0.0,1,nan
78.43095411062241,4.316546762589923,nan,0.0,nan,0.371257344,nan,nan,1.0,0.0,1,nan
78.44762446085612,4.316546762589923,nan,0.0,nan,0.371257344,nan,nan,1.0,0.0,1,nan
78.46429629325867,4.316546762589923,nan,0.0,nan,0.371257344,nan,nan,1.0,0.0,1,nan
78.48097178936004,4.316546762589923,nan,0.0,nan,0.371257344,nan,nan,1.0,0.0,1,nan
78.49764366149903,4.316546762589923,nan,0.0,nan,0.371257344,nan,nan,1.0,0.0,1,nan
78.51431511640548,4.316546762589923,nan,0.0,nan,0.371257344,nan,nan,1.0,0.0,1,nan
78.53098873694738,4.316546762589923,nan,0.0,nan,0.371257344,nan,nan,1.0,0.0,1,nan
78.54766017595927,4.316546762589923,nan,0.0,nan,0.371257344,nan,nan,1.0,0.0,1,nan
78.56433478593826,4.316546762589923,nan,0.0,nan,0.371257344,nan,nan,1.0,0.0,1,nan
78.58100490172704,4.316546762589923,nan,0.0,nan,0.371257344,nan,nan,1.0,0.0,1,nan
78.59767864545186,4.316546762589923,nan,0.0,nan,0.371257344,nan,nan,1.0,0.0,1,nan
78.61435440381368,4.316546762589923,nan,0.0,nan,0.371257344,nan,nan,1.0,0.0,1,nan
78.63102794885636,4.316546762589923,nan,0.0,nan,0.371257344,nan,nan,1.0,0.0,1,nan
78.64770208994547,4.316546762589923,nan,0.0,nan,0.371257344,nan,nan,1.0,0.0,1,nan
78.66437404553095,4.316546762589923,nan,0.0,nan,0.371257344,nan,nan,1.0,0.0,1,nan
78.6810450832049,4.316546762589923,nan,0.0,nan,0.371257344,nan,nan,1.0,0.0,1,nan
78.6977203965187,4.316546762589923,nan,0.0,nan,0.371257344,nan,nan,1.0,0.0,1,nan
78.71439113219579,4.316546762589923,nan,0.0,nan,0.371257344,nan,nan,1.0,0.0,1,nan
78.73106099367142,4.316546762589923,nan,0.0,nan,0.371257344,nan,nan,1.0,0.0,1,nan
78.74773893753688,4.316546762589923,nan,0.0,nan,0.371257344,nan,nan,1.0,0.0,1,nan
78.7644098440806,4.316546762589923,nan,0.0,nan,0.371257344,nan,nan,1.0,0.0,1,nan
78.78108668724695,4.316546762589923,nan,0.0,nan,0.371257344,nan,nan,1.0,0.0,1,nan
78.79776450395585,4.316546762589923,nan,0.0,nan,0.371257344,nan,nan,1.0,0.0,1,nan
78.81443622112275,4.496402877697847,nan,0.0,nan,0.371257344,nan,nan,1.0,0.0,1,nan
78.83111158212026,4.496402877697847,nan,0.0,nan,0.371257344,nan,nan,1.0,0.0,1,nan
78.84778767426809,4.496402877697847,nan,0.0,nan,0.371257344,nan,nan,1.0,0.0,1,nan
78.86445814768473,4.496402877697847,nan,0.0,nan,0.371257344,nan,nan,1.0,0.0,1,nan
78.88113419612249,4.496402877697847,nan,0.0,nan,0.371257344,nan,nan,1.0,0.0,1,nan
78.8978043516477,4.496402877697847,nan,0.0,nan,0.371257344,nan,nan,1.0,0.0,1,nan
78.91447376410166,4.496402877697847,nan,0.0,nan,0.371257344,nan,nan,1.0,0.0,1,nan
78.93114296595256,4.496402877697847,nan,0.0,nan,0.371257344,nan,nan,1.0,0.0,1,nan
78.94781363805136,4.496402877697847,nan,0.0,nan,0.371257344,nan,nan,1.0,0.0,1,nan
78.96448666652044,4.496402877697847,nan,0.0,nan,0.371257344,nan,nan,1.0,0.0,1,nan
78.98116072018941,4.496402877697847,nan,0.0,nan,0.371257344,nan,nan,1.0,0.0,1,nan
78.99782958428065,4.496402877697847,nan,0.0,nan,0.371257344,nan,nan,1.0,0.0,1,nan
79.0145027399063,4.496402877697847,nan,0.0,nan,0.371257344,nan,nan,1.0,0.0,1,nan
79.03117337624232,4.496402877697847,nan,0.0,nan,0.371257344,nan,nan,1.0,0.0,1,nan
79.04784483114878,4.496402877697847,nan,0.0,nan,0.371257344,nan,nan,1.0,0.0,1,nan
79.06451632181803,4.496402877697847,nan,0.0,nan,0.371257344,nan,nan,1.0,0.0,1,nan
79.0811868429184,4.496402877697847,nan,0.0,nan,0.371257344,nan,nan,1.0,0.0,1,nan
79.09785847663879,4.496402877697847,nan,0.0,nan,0.371257344,nan,nan,1.0,0.0,1,nan
79.11453179915746,4.496402877697847,nan,0.0,nan,0.371257344,nan,nan,1.0,0.0,1,nan
79.13120266596476,3.237410071942448,nan,0.0,nan,0.371257344,nan,nan,1.0,0.0,1,nan
79.14787468910217,3.237410071942448,nan,0.0,nan,0.371257344,nan,nan,1.0,0.0,1,nan
79.16455326080322,3.237410071942448,nan,0.0,nan,0.371257344,nan,nan,1.0,0.0,1,nan
79.18122860590617,3.237410071942448,nan,0.0,nan,0.371257344,nan,nan,1.0,0.0,1,nan
79.19789812564849,3.237410071942448,nan,0.0,nan,0.371257344,nan,nan,1.0,0.0,1,nan
79.21457059780757,3.237410071942448,nan,0.0,nan,0.371257344,nan,nan,1.0,0.0,1,nan
79.23124330043792,3.237410071942448,nan,0.0,nan,0.371257344,nan,nan,1.0,0.0,1,nan
79.2479152838389,3.237410071942448,nan,0.0,nan,0.371257344,nan,nan,1.0,0.0,1,nan
79.26458675463995,3.237410071942448,nan,0.0,nan,0.371257344,nan,nan,1.0,0.0,1,nan
79.28126082817714,3.237410071942448,nan,0.0,nan,0.371257344,nan,nan,1.0,0.0,1,nan
79.29793576399486,3.237410071942448,nan,0.0,nan,0.371257344,nan,nan,1.0,0.0,1,nan
79.31460775931676,3.237410071942448,nan,0.0,nan,0.371257344,nan,nan,1.0,0.0,1,nan
79.33127961953481,3.237410071942448,nan,0.0,nan,0.371257344,nan,nan,1.0,0.0,1,nan
79.34795398712158,3.237410071942448,nan,0.0,nan,0.371257344,nan,nan,1.0,0.0,1,nan
79.3646259268125,3.237410071942448,nan,0.0,nan,0.371257344,nan,nan,1.0,0.0,1,nan
79.3812984863917,3.237410071942448,nan,0.0,nan,0.371257344,nan,nan,1.0,0.0,1,nan
79.39797048568725,3.237410071942448,nan,0.0,nan,0.371257344,nan,nan,1.0,0.0,1,nan
79.41464515924454,3.237410071942448,nan,0.0,nan,0.371257344,nan,nan,1.0,0.0,1,nan
79.43132002751032,3.237410071942448,nan,0.0,nan,0.371257344,nan,nan,1.0,0.0,1,nan
79.44799194733302,3.237410071942448,nan,0.0,nan,0.371257344,nan,nan,1.0,0.0,1,nan
79.46466319561004,3.237410071942448,nan,0.0,nan,0.371257344,nan,nan,1.0,0.0,1,nan
79.48133727312089,3.237410071942448,nan,0.0,nan,0.371257344,nan,nan,1.0,0.0,1,nan
79.49800922870637,3.237410071942448,nan,0.0,nan,0.371257344,nan,nan,1.0,0.0,1,nan
79.51467815240224,3.237410071942448,nan,0.0,nan,0.371257344,nan,nan,1.0,0.0,1,nan
79.53135444720586,3.237410071942448,nan,0.0,nan,0.371257344,nan,nan,1.0,0.0,1,nan
79.54802899360656,3.237410071942448,nan,0.0,nan,0.371257344,nan,nan,1.0,0.0,1,nan
79.56470371484757,3.237410071942448,nan,0.0,nan,0.371257344,nan,nan,1.0,0.0,1,nan
79.5813781340917,3.4172661870503607,nan,0.0,nan,0.371257344,nan,nan,1.0,0.0,1,nan
79.59805798927943,3.4172661870503607,nan,0.0,nan,0.371257344,nan,nan,1.0,0.0,1,nan
79.61473017930984,3.4172661870503607,nan,0.0,nan,0.371257344,nan,nan,1.0,0.0,1,nan
79.63140296936035,3.4172661870503607,nan,0.0,nan,0.371257344,nan,nan,1.0,0.0,1,nan
79.64807422558466,3.4172661870503607,nan,0.0,nan,0.371257344,nan,nan,1.0,0.0,1,nan
79.66474539041519,3.4172661870503607,nan,0.0,nan,0.371257344,nan,nan,1.0,0.0,1,nan
79.68141447703043,3.4172661870503607,nan,0.0,nan,0.371257344,nan,nan,1.0,0.0,1,nan
79.69808601935705,3.4172661870503607,nan,0.0,nan,0.371257344,nan,nan,1.0,0.0,1,nan
79.71475527683894,3.4172661870503607,nan,0.0,nan,0.371257344,nan,nan,1.0,0.0,1,nan
79.73142482837041,3.4172661870503607,nan,0.0,nan,0.371257344,nan,nan,1.0,0.0,1,nan
79.74809458653132,3.4172661870503607,nan,0.0,nan,0.371257344,nan,nan,1.0,0.0,1,nan
79.76476822694143,3.4172661870503607,nan,0.0,nan,0.371257344,nan,nan,1.0,0.0,1,nan
79.7814403851827,3.4172661870503607,nan,0.0,nan,0.371257344,nan,nan,1.0,0.0,1,nan
79.79811087052028,3.4172661870503607,nan,0.0,nan,0.371257344,nan,nan,1.0,0.0,1,nan
79.81478470563889,3.4172661870503607,nan,0.0,nan,0.371257344,nan,nan,1.0,0.0,1,nan
79.831456387043,3.4172661870503607,nan,0.0,nan,0.371257344,nan,nan,1.0,0.0,1,nan
79.84813119967778,3.4172661870503607,nan,0.0,nan,0.371257344,nan,nan,1.0,0.0,1,nan
79.8648025671641,3.4172661870503607,nan,0.0,nan,0.371257344,nan,nan,1.0,0.0,1,nan
79.88147418101629,3.4172661870503607,nan,0.0,nan,0.371257344,nan,nan,1.0,0.0,1,nan
79.89814809560775,3.4172661870503607,nan,0.0,nan,0.371257344,nan,nan,1.0,0.0,1,nan
79.91481761535009,3.4172661870503607,nan,0.0,nan,0.371257344,nan,nan,1.0,0.0,1,nan
79.93148892720541,3.4172661870503607,nan,0.0,nan,0.371257344,nan,nan,1.0,0.0,1,nan
79.94815912644069,3.4172661870503607,nan,0.0,nan,0.371257344,nan,nan,1.0,0.0,1,nan
79.96483155091603,3.4172661870503607,nan,0.0,nan,0.371257344,nan,nan,1.0,0.0,1,nan
79.98150148789088,3.4172661870503607,nan,0.0,nan,0.371257344,nan,nan,1.0,0.0,1,nan
79.99817309379577,3.4172661870503607,nan,0.0,nan,0.371257344,nan,nan,1.0,0.0,1,nan
80.01484514474869,3.4172661870503607,nan,0.0,nan,0.371257344,nan,nan,1.0,0.0,1,nan
80.03152106205623,3.4172661870503607,nan,0.0,nan,0.371257344,nan,nan,1.0,0.0,1,nan
80.04819017648697,3.4172661870503607,nan,0.0,nan,0.371257344,nan,nan,1.0,0.0,1,nan
80.06486157973607,3.597122302158273,nan,0.0,nan,0.371257344,nan,nan,1.0,0.0,1,nan
80.08153168360393,3.597122302158273,nan,0.0,nan,0.371257344,nan,nan,1.0,0.0,1,nan
80.09820221662521,3.597122302158273,nan,0.0,nan,0.371257344,nan,nan,1.0,0.0,1,nan
80.11487406889597,3.597122302158273,nan,0.0,nan,0.371257344,nan,nan,1.0,0.0,1,nan
80.13154371182124,3.597122302158273,nan,0.0,nan,0.371257344,nan,nan,1.0,0.0,1,nan
80.1482141772906,3.597122302158273,nan,0.0,nan,0.371257344,nan,nan,1.0,0.0,1,nan
80.16488374074301,3.597122302158273,nan,0.0,nan,0.371257344,nan,nan,1.0,0.0,1,nan
80.18155453205108,3.597122302158273,nan,0.0,nan,0.371257344,nan,nan,1.0,0.0,1,nan
80.19822452465694,3.597122302158273,nan,0.0,nan,0.371257344,nan,nan,1.0,0.0,1,nan
80.21489564975103,3.597122302158273,nan,0.0,nan,0.371257344,nan,nan,1.0,0.0,1,nan
80.2315730969111,3.597122302158273,nan,0.0,nan,0.371257344,nan,nan,1.0,0.0,1,nan
80.2482455054919,3.597122302158273,nan,0.0,nan,0.371257344,nan,nan,1.0,0.0,1,nan
80.26492103338242,3.597122302158273,nan,0.0,nan,0.371257344,nan,nan,1.0,0.0,1,nan
80.28159020344417,3.597122302158273,nan,0.0,nan,0.371257344,nan,nan,1.0,0.0,1,nan
80.29826294183731,3.597122302158273,nan,0.0,nan,0.371257344,nan,nan,1.0,0.0,1,nan
80.31493292649587,3.597122302158273,nan,0.0,nan,0.371257344,nan,nan,1.0,0.0,1,nan
80.33160492579142,3.597122302158273,nan,0.0,nan,0.371257344,nan,nan,1.0,0.0,1,nan
80.34827694495519,3.597122302158273,nan,0.0,nan,0.371257344,nan,nan,1.0,0.0,1,nan
80.36495388746262,3.597122302158273,nan,0.0,nan,0.371257344,nan,nan,1.0,0.0,1,nan
80.38162758747737,3.597122302158273,nan,0.0,nan,0.371257344,nan,nan,1.0,0.0,1,nan
80.39830385049184,3.597122302158273,nan,0.0,nan,0.371257344,nan,nan,1.0,0.0,1,nan
80.41497631867726,3.597122302158273,nan,0.0,nan,0.371257344,nan,nan,1.0,0.0,1,nan
80.4316460609436,3.597122302158273,nan,0.0,nan,0.371257344,nan,nan,1.0,0.0,1,nan
80.44832063913346,3.597122302158273,nan,0.0,nan,0.371257344,nan,nan,1.0,0.0,1,nan
80.46499216953913,3.597122302158273,nan,0.0,nan,0.371257344,nan,nan,1.0,0.0,1,nan
80.48166287342707,3.597122302158273,nan,0.0,nan,0.371257344,nan,nan,1.0,0.0,1,nan
80.49833745161692,3.597122302158273,nan,0.0,nan,0.371257344,nan,nan,1.0,0.0,1,nan
80.51500982443491,3.597122302158273,nan,0.0,nan,0.371257344,nan,nan,1.0,0.0,1,nan
80.53167984485626,3.597122302158273,nan,0.0,nan,0.371257344,nan,nan,1.0,0.0,1,nan
80.5483525077502,3.7769784172661858,nan,0.0,nan,0.371257344,nan,nan,1.0,0.0,1,nan
80.56502491633097,3.7769784172661858,nan,0.0,nan,0.371257344,nan,nan,1.0,0.0,1,nan
80.5816965341568,3.7769784172661858,nan,0.0,nan,0.371257344,nan,nan,1.0,0.0,1,nan
80.59836616516114,3.7769784172661858,nan,0.0,nan,0.371257344,nan,nan,1.0,0.0,1,nan
80.61503986120223,3.7769784172661858,nan,0.0,nan,0.371257344,nan,nan,1.0,0.0,1,nan
80.63170932133993,3.7769784172661858,nan,0.0,nan,0.371257344,nan,nan,1.0,0.0,1,nan
80.64838482141495,3.7769784172661858,nan,0.0,nan,0.371257344,nan,nan,1.0,0.0,1,nan
80.66505777041117,3.7769784172661858,nan,0.0,nan,0.371257344,nan,nan,1.0,0.0,1,nan
80.68173514604568,3.7769784172661858,nan,0.0,nan,0.371257344,nan,nan,1.0,0.0,1,nan
80.69840476910274,3.7769784172661858,nan,0.0,nan,0.371257344,nan,nan,1.0,0.0,1,nan
80.7150781472524,3.7769784172661858,nan,0.0,nan,0.371257344,nan,nan,1.0,0.0,1,nan
80.73175002336502,3.7769784172661858,nan,0.0,nan,0.371257344,nan,nan,1.0,0.0,1,nan
80.74841924905778,3.7769784172661858,nan,0.0,nan,0.371257344,nan,nan,1.0,0.0,1,nan
80.7650899807612,3.7769784172661858,nan,0.0,nan,0.371257344,nan,nan,1.0,0.0,1,nan
80.78176283439001,3.7769784172661858,nan,0.0,nan,0.371257344,nan,nan,1.0,0.0,1,nan
80.79843569596609,3.7769784172661858,nan,0.0,nan,0.371257344,nan,nan,1.0,0.0,1,nan
80.81510841449102,3.7769784172661858,nan,0.0,nan,0.371257344,nan,nan,1.0,0.0,1,nan
80.83178115288416,3.7769784172661858,nan,0.0,nan,0.371257344,nan,nan,1.0,0.0,1,nan
80.84845350980758,3.7769784172661858,nan,0.0,nan,0.371257344,nan,nan,1.0,0.0,1,nan
80.86512593030929,3.7769784172661858,nan,0.0,nan,0.371257344,nan,nan,1.0,0.0,1,nan
80.88179798523585,3.7769784172661858,nan,0.0,nan,0.371257344,nan,nan,1.0,0.0,1,nan
80.89847035805384,3.7769784172661858,nan,0.0,nan,0.371257344,nan,nan,1.0,0.0,1,nan
80.91514272292456,3.7769784172661858,nan,0.0,nan,0.371257344,nan,nan,1.0,0.0,1,nan
80.9318145553271,3.7769784172661858,nan,0.0,nan,0.371257344,nan,nan,1.0,0.0,1,nan
80.94848670164744,3.7769784172661858,nan,0.0,nan,0.371257344,nan,nan,1.0,0.0,1,nan
80.96515995661417,3.7769784172661858,nan,0.0,nan,0.371257344,nan,nan,1.0,0.0,1,nan
80.98183196385702,3.7769784172661858,nan,0.0,nan,0.371257344,nan,nan,1.0,0.0,1,nan
80.99850418567658,3.7769784172661858,nan,0.0,nan,0.371257344,nan,nan,1.0,0.0,1,nan
81.01517632404963,3.7769784172661858,nan,0.0,nan,0.371257344,nan,nan,1.0,0.0,1,nan
81.03184823989868,3.9568345323740983,nan,0.0,nan,0.371257344,nan,nan,1.0,0.0,1,nan
81.04852089087169,3.9568345323740983,nan,0.0,nan,0.371257344,nan,nan,1.0,0.0,1,nan
81.06519348621369,3.9568345323740983,nan,0.0,nan,0.371257344,nan,nan,1.0,0.0,1,nan
81.08186872402827,3.9568345323740983,nan,0.0,nan,0.371257344,nan,nan,1.0,0.0,1,nan
81.09854106108348,3.9568345323740983,nan,0.0,nan,0.371257344,nan,nan,1.0,0.0,1,nan
81.11521360874175,3.9568345323740983,nan,0.0,nan,0.371257344,nan,nan,1.0,0.0,1,nan
81.13188604116439,3.9568345323740983,nan,0.0,nan,0.371257344,nan,nan,1.0,0.0,1,nan
81.14855804045995,3.9568345323740983,nan,0.0,nan,0.371257344,nan,nan,1.0,0.0,1,nan
81.1652295867602,3.9568345323740983,nan,0.0,nan,0.371257344,nan,nan,1.0,0.0,1,nan
81.18190179665883,3.9568345323740983,nan,0.0,nan,0.371257344,nan,nan,1.0,0.0,1,nan
81.19857476154964,3.9568345323740983,nan,0.0,nan,0.371257344,nan,nan,1.0,0.0,1,nan
81.21524742046992,3.9568345323740983,nan,0.0,nan,0.371257344,nan,nan,1.0,0.0,1,nan
81.23191936413447,3.9568345323740983,nan,0.0,nan,0.371257344,nan,nan,1.0,0.0,1,nan
81.24859121640523,3.9568345323740983,nan,0.0,nan,0.371257344,nan,nan,1.0,0.0,1,nan
81.26526280641556,3.9568345323740983,nan,0.0,nan,0.371257344,nan,nan,1.0,0.0,1,nan
81.28193666934968,3.9568345323740983,nan,0.0,nan,0.371257344,nan,nan,1.0,0.0,1,nan
81.29860868851344,3.9568345323740983,nan,0.0,nan,0.371257344,nan,nan,1.0,0.0,1,nan
81.31528674761454,3.9568345323740983,nan,0.0,nan,0.371257344,nan,nan,1.0,0.0,1,nan
81.3319578051567,3.9568345323740983,nan,0.0,nan,0.371257344,nan,nan,1.0,0.0,1,nan
81.3486281077067,3.9568345323740983,nan,0.0,nan,0.371257344,nan,nan,1.0,0.0,1,nan
81.36530007123947,3.9568345323740983,nan,0.0,nan,0.371257344,nan,nan,1.0,0.0,1,nan
81.38197133541107,3.9568345323740983,nan,0.0,nan,0.371257344,nan,nan,1.0,0.0,1,nan
81.39864250818889,3.9568345323740983,nan,0.0,nan,0.371257344,nan,nan,1.0,0.0,1,nan
81.4153190334638,3.9568345323740983,nan,0.0,nan,0.371257344,nan,nan,1.0,0.0,1,nan
81.4319891413053,3.9568345323740983,nan,0.0,nan,0.371257344,nan,nan,1.0,0.0,1,nan
81.44865902264912,3.9568345323740983,nan,0.0,nan,0.371257344,nan,nan,1.0,0.0,1,nan
81.46533188025157,3.9568345323740983,nan,0.0,nan,0.371257344,nan,nan,1.0,0.0,1,nan
81.48200234174729,3.9568345323740983,nan,0.0,nan,0.371257344,nan,nan,1.0,0.0,1,nan
81.4986725529035,0.0,nan,0.0,nan,0.371257344,nan,nan,0.0,0.0,1,nan
81.5153443813324,0.0,nan,0.0,nan,0.0,nan,nan,0.0,0.0,0,nan
