tenant,instance_id,started_at,duration_s,prompt,cached,computed,first,evict,tail,new,recompute,gpu_s_total,gpu_s_evict,gpu_s_tail,gpu_s_recompute,gpu_s_cached
0,django__django-10973,1791034909.2531552,6.365423917770386,1426,0,1426,1426,0,0,0,0,0.29833711403835494,0.0,0.0,0.0,0.0
1,django__django-11749,1791034914.4271598,8.292731761932373,1633,0,1633,1633,0,0,0,0,0.3418175643188774,0.0,0.0,0.0,0.0
0,django__django-10973,1791034916.4493694,3.996875762939453,1907,0,1907,0,0,1426,481,1426,0.3994390229563587,0.0,0.29833711403835494,0.29833711403835494,0.0
2,django__django-12262,1791034919.4172628,8.72909140586853,1590,0,1590,1590,0,0,0,0,0.3327817749781669,0.0,0.0,0.0,0.0
0,django__django-10973,1791034920.5984707,10.611894607543945,2510,1568,942,0,0,339,603,339,0.19836009747542188,0.0,0.07127947620744748,0.07127947620744748,0.3281595467489112
1,django__django-11749,1791034923.52051,5.440404653549194,1860,1568,292,0,0,65,227,65,0.06139002891747905,0.0,0.013658017569966182,0.013658017569966182,0.3281595467489112
3,django__django-13112,1791034924.318103,14.237604856491089,1856,0,1856,1856,0,0,0,0,0.3887080252539935,0.0,0.0,0.0,0.0
2,django__django-12262,1791034928.956935,12.262253284454346,2724,1568,1156,0,0,22,1134,22,0.24354973200959448,0.0,0.004622228229255733,0.004622228229255733,0.3281595467489112
1,django__django-11749,1791034929.0965607,4.272220611572266,2082,1568,514,0,0,292,222,292,0.10812182097143415,0.0,0.06139002891747905,0.06139002891747905,0.3281595467489112
4,django__django-13821,1791034929.4708939,8.657291889190674,1507,0,1507,1507,0,0,0,0,0.31534596639429063,0.0,0.0,0.0,0.0
0,django__django-10973,1791034931.9323456,4.459359884262085,3117,1568,1549,0,0,942,607,942,0.3266605778577688,0.0,0.19836009747542188,0.19836009747542188,0.3281595467489112
1,django__django-11749,1791034933.531878,5.308698415756226,5241,1568,3673,0,0,514,3159,514,0.7785829910724023,0.0,0.10812182097143415,0.10812182097143415,0.3281595467489112
5,django__django-14787,1791034934.3551183,11.252965688705444,1538,0,1538,1538,0,0,0,0,0.32185730871885126,0.0,0.0,0.0,0.0
0,django__django-10973,1791034936.5763469,126.78937363624573,4227,1568,2659,0,0,1549,1110,1549,0.5622571853069849,0.0,0.3266605778577688,0.3266605778577688,0.3281595467489112
4,django__django-13821,1791034938.4820158,12.408582210540771,1843,0,1843,0,0,1507,336,1507,0.38597309981282446,0.0,0.31534596639429063,0.31534596639429063,0.0
3,django__django-13112,1791034938.934068,21.92115068435669,3127,1568,1559,0,0,288,1271,288,0.32877742551665745,0.0,0.06054847850508229,0.06054847850508229,0.3281595467489112
1,django__django-11749,1791034938.984681,4.023958921432495,5330,4704,626,0,0,537,89,537,0.1337320568819574,0.0,0.11469450936270914,0.11469450936270914,0.9920480284586043
6,django__django-15380,1791034939.6741347,12.142627477645874,1823,0,1823,1823,0,0,0,0,0.3817658608690328,0.0,0.0,0.0,0.0
2,django__django-12262,1791034941.4598868,4.616085767745972,3448,1568,1880,0,0,1156,724,1156,0.3967827546880137,0.0,0.24354973200959448,0.24354973200959448,0.3281595467489112
1,django__django-11749,1791034943.4775898,5.112833499908447,5430,4704,726,0,0,626,100,626,0.15513225764640445,0.0,0.1337320568819574,0.1337320568819574,0.9920480284586043
7,django__django-16255,1791034944.2573502,8.764163970947266,1768,0,1768,1768,0,0,0,0,0.37019807038614816,0.0,0.0,0.0,0.0
2,django__django-12262,1791034946.2003667,127.36620473861694,4275,3136,1139,0,0,312,827,312,0.24179099171891683,0.0,0.06610007853514567,0.06610007853514567,0.6588422229017793
5,django__django-14787,1791034946.454065,6.906497240066528,2755,0,2755,0,0,1538,1217,1538,0.5782593379031343,0.0,0.32185730871885126,0.32185730871885126,0.0
1,django__django-11749,1791034948.7136261,8.162050485610962,8562,4704,3858,0,0,726,3132,726,0.8305806481152583,0.0,0.15513225764640445,0.15513225764640445,0.9920480284586043
8,sympy__sympy-11618,1791034948.9284134,9.292216777801514,1423,0,1423,1423,0,0,0,0,0.29770728584947515,0.0,0.0,0.0,0.0
4,django__django-13821,1791034951.5173056,13.468308448791504,2545,1568,977,0,0,275,702,275,0.20574771086796712,0.0,0.05781355306391328,0.05781355306391328,0.3281595467489112
6,django__django-15380,1791034952.1357856,33.56758403778076,4239,1568,2671,0,0,255,2416,255,0.5648110842811259,0.0,0.0536063141201216,0.0536063141201216,0.3281595467489112
5,django__django-14787,1791034953.5002782,480.3336546421051,4370,1568,2802,0,0,1187,1615,1187,0.5927007603252583,0.0,0.2500997911542232,0.2500997911542232,0.3281595467489112
7,django__django-16255,1791034953.7331998,4.974730014801025,2273,1568,705,0,0,200,505,200,0.14836847872560924,0.0,0.04203852363723698,0.04203852363723698,0.3281595467489112
9,sympy__sympy-13757,1791034954.2957885,10.941601276397705,1506,0,1506,1506,0,0,0,0,0.3151359395132805,0.0,0.0,0.0,0.0
1,django__django-11749,1791034956.996726,35.15635895729065,9501,7840,1661,0,0,722,939,722,0.36106625069335546,0.0,0.1565996487897378,0.1565996487897378,1.6660290277841248
8,sympy__sympy-11618,1791034958.7746923,12.29041838645935,2573,0,2573,0,0,1423,1150,1423,0.5398182534714054,0.0,0.29770728584947515,0.29770728584947515,0.0
7,django__django-16255,1791034958.8556912,14.917197942733765,4415,1568,2847,0,0,705,2142,705,0.6022852472899349,0.0,0.14836847872560924,0.14836847872560924,0.3281595467489112
10,sympy__sympy-15875,1791034959.4711955,13.634660720825195,1499,0,1499,1499,0,0,0,0,0.31366578008082835,0.0,0.0,0.0,0.0
3,django__django-13112,1791034961.7057393,4.478754758834839,3555,1568,1987,0,0,1559,428,1559,0.4194746965058588,0.0,0.32877742551665745,0.32877742551665745,0.3281595467489112
11,sympy__sympy-18211,1791034964.3860176,14.904186010360718,1547,0,1547,1547,0,0,0,0,0.3237478831485309,0.0,0.0,0.0,0.0
4,django__django-13821,1791034965.2690737,12.739041328430176,3780,1568,2212,0,0,977,1235,977,0.4672297265190635,0.0,0.20574771086796712,0.20574771086796712,0.3281595467489112
3,django__django-13112,1791034966.3135595,21.302352905273438,4351,3136,1215,0,0,419,796,419,0.2579719247390261,0.0,0.08879202035299068,0.08879202035299068,0.6588422229017793
9,sympy__sympy-13757,1791034967.1716545,9.302044868469238,2137,0,2137,0,0,1506,631,1506,0.4478668813055857,0.0,0.3151359395132805,0.3151359395132805,0.0
12,sympy__sympy-20916,1791034969.5022838,9.801650047302246,1425,0,1425,1425,0,0,0,0,0.29812717028249197,0.0,0.0,0.0,0.0
8,sympy__sympy-11618,1791034971.322964,6.034446716308594,3296,1568,1728,0,0,1005,723,1005,0.3645676732903053,0.0,0.21165870672249423,0.21165870672249423,0.3281595467489112
7,django__django-16255,1791034973.9350433,19.413882970809937,5769,3136,2633,0,0,1279,1354,1279,0.5609611065571741,0.0,0.2716025711370669,0.2716025711370669,0.6588422229017793
13,sympy__sympy-23262,1791034974.5322537,12.652543544769287,1640,0,1640,1640,0,0,0,0,0.3432886863610579,0.0,0.0,0.0,0.0
10,sympy__sympy-15875,1791034975.5712595,17.914122581481934,2206,0,2206,0,0,1499,707,1499,0.4624058249517754,0.0,0.31366578008082835,0.31366578008082835,0.0
9,sympy__sympy-13757,1791034976.8621674,18.21335244178772,2549,1568,981,0,0,569,412,569,0.20659208958783884,0.0,0.11970733455667454,0.11970733455667454,0.3281595467489112
8,sympy__sympy-11618,1791034977.4958684,10.267452478408813,4185,3136,1049,0,0,160,889,160,0.22263702649668296,0.0,0.033884997137437256,0.033884997137437256,0.6588422229017793
4,django__django-13821,1791034978.3080866,85.43073630332947,5422,3136,2286,0,0,644,1642,644,0.48662566948708424,0.0,0.13654705036619544,0.13654705036619544,0.6588422229017793
14,pytest-dev__pytest-10051,1791034979.5376837,11.403151750564575,1823,0,1823,1823,0,0,0,0,0.3817658608690328,0.0,0.0,0.0,0.0
12,sympy__sympy-20916,1791034979.6624124,13.470561265945435,3298,0,3298,0,0,1425,1873,1425,0.6931509487537287,0.0,0.29812717028249197,0.29812717028249197,0.0
11,sympy__sympy-18211,1791034981.7454367,13.61073112487793,2984,0,2984,0,0,1547,1437,1547,0.6266758097383569,0.0,0.3237478831485309,0.3237478831485309,0.0
15,pytest-dev__pytest-5631,1791034984.4778552,17.19195818901062,2019,0,2019,2019,0,0,0,0,0.4230145030433466,0.0,0.0,0.0,0.0
6,django__django-15380,1791034986.0709667,36.426278829574585,4941,3136,1805,0,0,1103,702,1103,0.3837886873207063,0.0,0.2341284081282578,0.2341284081282578,0.6588422229017793
3,django__django-13112,1791034987.8571622,35.256158113479614,4942,3136,1806,0,0,1215,591,1215,0.38400223932369626,0.0,0.2579719247390261,0.2579719247390261,0.6588422229017793
8,sympy__sympy-11618,1791034989.1862395,14.510497331619263,4490,3136,1354,0,0,1049,305,1049,0.2875813341419237,0.0,0.22263702649668296,0.22263702649668296,0.6588422229017793
16,pytest-dev__pytest-6202,1791034989.447534,10.99530577659607,2111,0,2111,2111,0,0,0,0,0.4423897061741734,0.0,0.0,0.0,0.0
13,sympy__sympy-23262,1791034989.6463552,13.729003429412842,3163,1568,1595,0,0,72,1523,72,0.3363989268123827,0.0,0.01512913961214675,0.01512913961214675,0.3281595467489112
14,pytest-dev__pytest-10051,1791034991.3030007,10.046671390533447,2074,1568,506,0,0,255,251,255,0.10643691397060437,0.0,0.0536063141201216,0.0536063141201216,0.3281595467489112
1,django__django-11749,1791034992.3402548,46.41646885871887,9867,9408,459,0,0,93,366,93,0.10023238495411388,0.0,0.020291056924659885,0.020291056924659885,2.0068042215528203
12,sympy__sympy-20916,1791034993.428018,12.120780944824219,3862,3136,726,0,0,162,564,162,0.153964022986154,0.0,0.03430872585194947,0.03430872585194947,0.6588422229017793
7,django__django-16255,1791034994.0504732,7.464937210083008,6443,4704,1739,0,0,1065,674,1065,0.37249481624520236,0.0,0.22775530100034916,0.22775530100034916,0.9920480284586043
10,sympy__sympy-15875,1791034994.0986657,6.333024501800537,2747,1568,1179,0,0,638,541,638,0.24840935889670068,0.0,0.13424627820286425,0.13424627820286425,0.3281595467489112
17,pylint-dev__pylint-6528,1791034994.3062203,10.481631517410278,1932,0,1932,1932,0,0,0,0,0.40470029087227916,0.0,0.0,0.0,0.0
9,sympy__sympy-13757,1791034995.3225687,11.683741807937622,2878,1568,1310,0,0,981,329,981,0.27609845498706126,0.0,0.20659208958783884,0.20659208958783884,0.3281595467489112
11,sympy__sympy-18211,1791034995.7446935,5.913447856903076,3392,1568,1824,0,0,1416,408,1416,0.38491128196545715,0.0,0.29851626298944567,0.29851626298944567,0.3281595467489112
18,astropy__astropy-12907,1791034999.4311202,11.152358055114746,1688,0,1688,1688,0,0,0,0,0.353377734996609,0.0,0.0,0.0,0.0
10,sympy__sympy-15875,1791035000.616564,589.4426825046539,3670,1568,2102,0,0,1179,923,1179,0.443876332011922,0.0,0.24840935889670068,0.24840935889670068,0.3281595467489112
16,pytest-dev__pytest-6202,1791035000.8410327,10.99064564704895,2391,1568,823,0,0,543,280,543,0.17325161534475675,0.0,0.11423015942526221,0.11423015942526221,0.3281595467489112
14,pytest-dev__pytest-10051,1791035001.6028953,9.435839176177979,3962,1568,2394,0,0,506,1888,506,0.5058962484022632,0.0,0.10643691397060437,0.10643691397060437,0.3281595467489112
7,django__django-16255,1791035001.6623456,7.589072942733765,7400,6272,1128,0,0,171,957,171,0.24307972242086828,0.0,0.03676588128442053,0.03676588128442053,1.3277769634193861
11,sympy__sympy-18211,1791035001.787925,18.762014150619507,4916,3136,1780,0,0,256,1524,256,0.37845022077278156,0.0,0.05422860581258911,0.05422860581258911,0.6588422229017793
15,pytest-dev__pytest-5631,1791035002.038775,8.1187584400177,2320,1568,752,0,0,451,301,451,0.15827784629003208,0.0,0.09485495629443536,0.09485495629443536,0.3281595467489112
13,sympy__sympy-23262,1791035003.6346912,13.147625207901001,3504,3136,368,0,0,27,341,27,0.07797476953500318,0.0,0.005716250659514641,0.005716250659514641,0.6588422229017793
8,sympy__sympy-11618,1791035003.8362296,9.771416187286377,5373,3136,2237,0,0,1354,883,1354,0.47613869111480567,0.0,0.2875813341419237,0.2875813341419237,0.6588422229017793
19,django__django-10973,1791035004.2772615,9.067925930023193,1426,0,1426,1426,0,0,0,0,0.29833711403835494,0.0,0.0,0.0,0.0
17,pylint-dev__pylint-6528,1791035005.107628,8.706501960754395,2349,1568,781,0,0,364,417,364,0.16439326782738414,0.0,0.07654074412336799,0.07654074412336799,0.3281595467489112
12,sympy__sympy-20916,1791035005.8119066,90.44669723510742,6248,3136,3112,0,0,726,2386,726,0.6637770182217044,0.0,0.153964022986154,0.153964022986154,0.6588422229017793
9,sympy__sympy-13757,1791035007.2821755,16.958043336868286,4181,1568,2613,0,0,1310,1303,1310,0.5524686082387809,0.0,0.27609845498706126,0.27609845498706126,0.3281595467489112
20,django__django-11749,1791035009.2829025,11.48610520362854,1633,1568,65,65,0,0,0,0,0.013658017569966182,0.0,0.0,0.0,0.3281595467489112
7,django__django-16255,1791035009.375939,32.25973200798035,8217,6272,1945,0,0,1128,817,1128,0.4199555023697002,0.0,0.24307972242086828,0.24307972242086828,1.3277769634193861
15,pytest-dev__pytest-5631,1791035010.3012514,5.405307292938232,2542,1568,974,0,0,752,222,752,0.2051144376035454,0.0,0.15827784629003208,0.15827784629003208,0.3281595467489112
18,astropy__astropy-12907,1791035011.0478833,5.890188932418823,1966,1568,398,0,0,120,278,120,0.08369709780411327,0.0,0.025218188247697854,0.025218188247697854,0.3281595467489112
14,pytest-dev__pytest-10051,1791035011.181112,46.221967458724976,5095,3136,1959,0,0,826,1133,826,0.41668778587200633,0.0,0.17521357224939516,0.17521357224939516,0.6588422229017793
16,pytest-dev__pytest-6202,1791035012.0757182,67.53118896484375,3080,1568,1512,0,0,823,689,823,0.3188291338324169,0.0,0.17325161534475675,0.17325161534475675,0.3281595467489112
8,sympy__sympy-11618,1791035013.7210329,39.132235527038574,6035,4704,1331,0,0,669,662,669,0.2848223300082023,0.0,0.14293288555798073,0.14293288555798073,0.9920480284586043
19,django__django-10973,1791035013.924926,8.245604753494263,1646,0,1646,0,0,1426,220,1426,0.3445496881347174,0.0,0.29833711403835494,0.29833711403835494,0.0
17,pylint-dev__pylint-6528,1791035014.0475888,6.875514268875122,2579,1568,1011,0,0,781,230,781,0.21292545336743268,0.0,0.16439326782738414,0.16439326782738414,0.3281595467489112
21,django__django-12262,1791035014.350515,12.45124864578247,1590,1568,22,22,0,0,0,0,0.004622228229255733,0.0,0.0,0.0,0.3281595467489112
15,pytest-dev__pytest-5631,1791035015.8348722,40.46862554550171,3321,1568,1753,0,0,974,779,974,0.3698645772646684,0.0,0.2051144376035454,0.2051144376035454,0.3281595467489112
13,sympy__sympy-23262,1791035017.0645492,10.538323402404785,3744,3136,608,0,0,368,240,368,0.12890275430790352,0.0,0.07797476953500318,0.07797476953500318,0.6588422229017793
18,astropy__astropy-12907,1791035017.0708346,155.44241952896118,4633,1568,3065,0,0,398,2667,398,0.6487461810372399,0.0,0.08369709780411327,0.08369709780411327,0.3281595467489112
22,django__django-13112,1791035019.328113,426.9143352508545,1856,1568,288,288,0,0,0,0,0.06054847850508229,0.0,0.0,0.0,0.3281595467489112
17,pylint-dev__pylint-6528,1791035021.0771496,7.65060019493103,3944,1568,2376,0,0,1011,1365,1011,0.5020705721724282,0.0,0.21292545336743268,0.21292545336743268,0.3281595467489112
20,django__django-11749,1791035021.2563226,9.567932367324829,1861,1568,293,0,0,65,228,65,0.0616004190861692,0.0,0.013658017569966182,0.013658017569966182,0.3281595467489112
11,sympy__sympy-18211,1791035021.3020327,16.008642196655273,5602,4704,898,0,0,212,686,212,0.19196460868275342,0.0,0.04524441521595661,0.04524441521595661,0.9920480284586043
19,django__django-10973,1791035022.4503713,22.2535080909729,2338,1568,770,0,0,78,692,78,0.16207352357788304,0.0,0.016390141385806224,0.016390141385806224,0.3281595467489112
6,django__django-15380,1791035022.7619107,9.88047194480896,5203,4704,499,0,0,237,262,237,0.10656859459547023,0.0,0.05058288176388131,0.05058288176388131,0.9920480284586043
3,django__django-13112,1791035023.4403086,12.502468824386597,5998,4704,1294,0,0,238,1056,238,0.27688008734538994,0.0,0.050796433766871284,0.050796433766871284,0.9920480284586043
23,django__django-13821,1791035024.3742685,9.724100351333618,1507,0,1507,1507,0,0,0,0,0.31534596639429063,0.0,0.0,0.0,0.0
9,sympy__sympy-13757,1791035024.5430446,6.1260716915130615,4703,3136,1567,0,0,1045,522,1045,0.3329924977980944,0.0,0.2217859320859128,0.2217859320859128,0.6588422229017793
21,django__django-12262,1791035027.310407,6.663649082183838,1823,1568,255,0,0,22,233,22,0.0536063141201216,0.0,0.004622228229255733,0.004622228229255733,0.3281595467489112
13,sympy__sympy-23262,1791035028.1723938,12.255082607269287,4252,3136,1116,0,0,608,508,608,0.23689529878032303,0.0,0.12890275430790352,0.12890275430790352,0.6588422229017793
17,pylint-dev__pylint-6528,1791035028.8506265,12.918745279312134,5369,3136,2233,0,0,808,1425,808,0.47528272002873767,0.0,0.17138789601956017,0.17138789601956017,0.6588422229017793
24,django__django-14787,1791035029.421383,12.412553787231445,1538,0,1538,1538,0,0,0,0,0.32185730871885126,0.0,0.0,0.0,0.0
9,sympy__sympy-13757,1791035030.808603,30.17346692085266,5360,3136,2224,0,0,1567,657,1567,0.473356845119913,0.0,0.3329924977980944,0.3329924977980944,0.6588422229017793
20,django__django-11749,1791035031.0645638,4.566761493682861,2064,1568,496,0,0,293,203,293,0.10433087258084173,0.0,0.0616004190861692,0.0616004190861692,0.3281595467489112
6,django__django-15380,1791035032.76113,32.82052278518677,5577,4704,873,0,0,499,374,499,0.18660918357857922,0.0,0.10656859459547023,0.10656859459547023,0.9920480284586043
21,django__django-12262,1791035034.1553166,323.9806227684021,4189,1568,2621,0,0,255,2366,255,0.5541708134801033,0.0,0.0536063141201216,0.0536063141201216,0.3281595467489112
25,django__django-15380,1791035034.3305035,23.749061584472656,1823,1568,255,255,0,0,0,0,0.0536063141201216,0.0,0.0,0.0,0.3281595467489112
23,django__django-13821,1791035034.5020525,13.486709356307983,1843,1568,275,0,0,0,275,0,0.05781355306391328,0.0,0.0,0.0,0.3281595467489112
20,django__django-11749,1791035036.0411956,4.206159591674805,2164,1568,596,0,0,496,100,496,0.12539590454219718,0.0,0.10433087258084173,0.10433087258084173,0.3281595467489112
3,django__django-13112,1791035036.2430525,8.836716651916504,6565,4704,1861,0,0,1294,567,1294,0.3987437869207253,0.0,0.27688008734538994,0.27688008734538994,0.9920480284586043
11,sympy__sympy-18211,1791035037.4297984,70.95494103431702,7340,4704,2636,0,0,898,1738,898,0.565846004298704,0.0,0.19196460868275342,0.19196460868275342,0.9920480284586043
1,django__django-11749,1791035038.8893914,44.527403116226196,10479,9408,1071,0,0,459,612,459,0.23421188923819264,0.0,0.10023238495411388,0.10023238495411388,2.0068042215528203
26,django__django-16255,1791035039.4776237,12.158434391021729,1768,1568,200,200,0,0,0,0,0.04203852363723698,0.0,0.0,0.0,0.3281595467489112
20,django__django-11749,1791035040.3650625,7.84154486656189,5276,1568,3708,0,0,596,3112,596,0.7860686972697346,0.0,0.12539590454219718,0.12539590454219718,0.3281595467489112
13,sympy__sympy-23262,1791035040.9457958,11.766958713531494,4785,3136,1649,0,0,1116,533,1116,0.3504871421450303,0.0,0.23689529878032303,0.23689529878032303,0.6588422229017793
17,pylint-dev__pylint-6528,1791035041.8924866,8.906394958496094,6196,4704,1492,0,0,665,827,665,0.3193981755335196,0.0,0.1420769144719127,0.1420769144719127,0.9920480284586043
24,django__django-14787,1791035042.2929316,7.660948276519775,2761,0,2761,0,0,1538,1223,1538,0.5795272051982044,0.0,0.32185730871885126,0.32185730871885126,0.0
7,django__django-16255,1791035042.798519,18.883621215820312,8541,7840,701,0,0,377,324,377,0.15203725774665922,0.0,0.08170343800496148,0.08170343800496148,1.6660290277841248
27,sympy__sympy-11618,1791035044.8479657,13.128223180770874,1423,0,1423,1423,0,0,0,0,0.29770728584947515,0.0,0.0,0.0,0.0
19,django__django-10973,1791035045.2051141,6.741358757019043,3494,1568,1926,0,0,770,1156,770,0.4065367291178141,0.0,0.16207352357788304,0.16207352357788304,0.3281595467489112
3,django__django-13112,1791035045.3087292,15.140770196914673,8293,6272,2021,0,0,293,1728,293,0.4364438876006356,0.0,0.0630148519599435,0.0630148519599435,1.3277769634193861
20,django__django-11749,1791035048.3285682,34.00686454772949,6205,4704,1501,0,0,572,929,572,0.32133177184489925,0.0,0.12218021556004165,0.12218021556004165,0.9920480284586043
23,django__django-13821,1791035048.399816,13.943492650985718,2530,1568,962,0,0,275,687,275,0.20258143690713298,0.0,0.05781355306391328,0.05781355306391328,0.3281595467489112
28,sympy__sympy-13757,1791035049.1594808,29.74231505393982,1506,0,1506,1506,0,0,0,0,0.3151359395132805,0.0,0.0,0.0,0.0
24,django__django-14787,1791035050.0917764,313.45952701568604,4372,1568,2804,0,0,1193,1611,1193,0.5931266933955238,0.0,0.2513676584492932,0.2513676584492932,0.3281595467489112
17,pylint-dev__pylint-6528,1791035050.951597,6.303600311279297,6761,4704,2057,0,0,1492,565,1492,0.4409462460301127,0.0,0.3193981755335196,0.3193981755335196,0.9920480284586043
19,django__django-10973,1791035052.1011853,144.63866758346558,4610,3136,1474,0,0,358,1116,358,0.3131593619153902,0.0,0.07585405296494598,0.07585405296494598,0.6588422229017793
26,django__django-16255,1791035052.2526858,10.049802780151367,2289,1568,721,0,0,200,521,200,0.15174162594304477,0.0,0.04203852363723698,0.04203852363723698,0.3281595467489112
13,sympy__sympy-23262,1791035052.843511,20.46436595916748,7003,4704,2299,0,0,81,2218,81,0.49310775238596233,0.0,0.017281336588205347,0.017281336588205347,0.9920480284586043
8,sympy__sympy-11618,1791035053.1395106,12.583982467651367,6677,4704,1973,0,0,1331,642,1331,0.4228546504244238,0.0,0.2848223300082023,0.2848223300082023,0.9920480284586043
29,sympy__sympy-15875,1791035054.4455817,17.449758768081665,1499,0,1499,1499,0,0,0,0,0.31366578008082835,0.0,0.0,0.0,0.0
15,pytest-dev__pytest-5631,1791035056.9105587,13.565598964691162,3719,3136,583,0,0,185,398,185,0.12359499788377708,0.0,0.03918190111180037,0.03918190111180037,0.6588422229017793
17,pylint-dev__pylint-6528,1791035057.4137452,22.45693564414978,7322,6272,1050,0,0,489,561,489,0.22622899383098016,0.0,0.10521731106933087,0.10521731106933087,1.3277769634193861
14,pytest-dev__pytest-10051,1791035057.5245814,444.4225628376007,5528,4704,824,0,0,391,433,391,0.17611441094096242,0.0,0.08348198031518135,0.08348198031518135,0.9920480284586043
27,sympy__sympy-11618,1791035058.3673005,13.39380955696106,2830,0,2830,0,0,1423,1407,1423,0.5941103344781538,0.0,0.29770728584947515,0.29770728584947515,0.0
25,django__django-15380,1791035058.3931973,28.766424655914307,4234,1568,2666,0,0,255,2411,255,0.5637469417494304,0.0,0.0536063141201216,0.0536063141201216,0.3281595467489112
30,sympy__sympy-18211,1791035059.6991107,20.244495630264282,1547,0,1547,1547,0,0,0,0,0.3237478831485309,0.0,0.0,0.0,0.0
3,django__django-13112,1791035060.577103,14.194592714309692,9472,7840,1632,0,0,453,1179,453,0.3547379795200217,0.0,0.0981918232358969,0.0981918232358969,1.6660290277841248
9,sympy__sympy-13757,1791035061.5686407,50.38728976249695,5850,4704,1146,0,0,656,490,656,0.24512516587024066,0.0,0.14015103956308805,0.14015103956308805,0.9920480284586043
7,django__django-16255,1791035061.8312461,20.043516397476196,8732,7840,892,0,0,701,191,701,0.19354995151473886,0.0,0.15203725774665922,0.15203725774665922,1.6660290277841248
26,django__django-16255,1791035062.4511628,41.1442596912384,4444,1568,2876,0,0,721,2155,721,0.6084630178188113,0.0,0.15174162594304477,0.15174162594304477,0.3281595467489112
23,django__django-13821,1791035062.5646546,6.496323585510254,3037,1568,1469,0,0,962,507,962,0.30972949103764286,0.0,0.20258143690713298,0.20258143690713298,0.3281595467489112
0,django__django-10973,1791035063.698503,281.022230386734,4809,3136,1673,0,0,1091,582,1091,0.3556088312290093,0.0,0.23157450915411681,0.23157450915411681,0.6588422229017793
4,django__django-13821,1791035064.1244102,12.04914665222168,8283,4704,3579,0,0,718,2861,718,0.7700029595309191,0.0,0.1534198639302593,0.1534198639302593,0.9920480284586043
31,sympy__sympy-20916,1791035064.3650937,12.990551710128784,1425,0,1425,1425,0,0,0,0,0.29812717028249197,0.0,0.0,0.0,0.0
6,django__django-15380,1791035065.8621852,53.18586468696594,6430,4704,1726,0,0,873,853,873,0.36969869530220495,0.0,0.18660918357857922,0.18660918357857922,0.9920480284586043
8,sympy__sympy-11618,1791035065.98837,27.269311666488647,7505,6272,1233,0,0,405,828,405,0.26577325508870236,0.0,0.08712571546364198,0.08712571546364198,1.3277769634193861
23,django__django-13821,1791035069.1951642,312.38424730300903,4222,1568,2654,0,0,1469,1185,1469,0.5611931043494724,0.0,0.30972949103764286,0.30972949103764286,0.3281595467489112
27,sympy__sympy-11618,1791035072.0083234,9.095791101455688,3209,1568,1641,0,0,1262,379,1262,0.3461394472831857,0.0,0.2659507877292426,0.2659507877292426,0.3281595467489112
2,django__django-12262,1791035073.72266,256.935063123703,5040,3136,1904,0,0,1139,765,1139,0.40493531388941445,0.0,0.24179099171891683,0.24179099171891683,0.6588422229017793
13,sympy__sympy-23262,1791035073.7863386,14.618999719619751,7329,6272,1057,0,0,731,326,731,0.22774098368469017,0.0,0.15737881742518053,0.15737881742518053,1.3277769634193861
29,sympy__sympy-15875,1791035074.2533534,21.885420083999634,3115,0,3115,0,0,1499,1616,1499,0.6543967673897388,0.0,0.31366578008082835,0.31366578008082835,0.0
3,django__django-13112,1791035074.890512,6.74509334564209,9766,9408,358,0,0,64,294,64,0.07815833951243721,0.0,0.0139627857513261,0.0139627857513261,2.0068042215528203
4,django__django-13821,1791035076.4611263,174.8202519416809,11538,7840,3698,0,0,443,3255,443,0.8077321747088889,0.0,0.09602196020539859,0.09602196020539859,1.6660290277841248
31,sympy__sympy-20916,1791035077.7238657,14.499857187271118,2226,0,2226,0,0,1425,801,1425,0.4666209248662703,0.0,0.29812717028249197,0.29812717028249197,0.0
15,pytest-dev__pytest-5631,1791035078.790181,39.208417892456055,4077,3136,941,0,0,583,358,583,0.19966324074942257,0.0,0.12359499788377708,0.12359499788377708,0.6588422229017793
28,sympy__sympy-13757,1791035079.231357,16.596521615982056,1756,0,1756,0,0,1506,250,1506,0.36767460137327257,0.0,0.3151359395132805,0.3151359395132805,0.0
16,pytest-dev__pytest-6202,1791035079.8525045,59.8736047744751,3931,1568,2363,0,0,1512,851,1512,0.4993077905708455,0.0,0.3188291338324169,0.3188291338324169,0.3281595467489112
17,pylint-dev__pylint-6528,1791035080.1023624,77.76109838485718,8016,6272,1744,0,0,1050,694,1050,0.3763766313642036,0.0,0.22622899383098016,0.22622899383098016,1.3277769634193861
27,sympy__sympy-11618,1791035081.2331305,17.149921655654907,3789,3136,653,0,0,73,580,73,0.13845833219363624,0.0,0.015456771130317605,0.015456771130317605,0.6588422229017793
3,django__django-13112,1791035081.754746,10.47007441520691,10271,9408,863,0,0,358,505,358,0.1886332530943765,0.0,0.07815833951243721,0.07815833951243721,2.0068042215528203
7,django__django-16255,1791035082.0315228,8.558175563812256,8987,7840,1147,0,0,892,255,892,0.24903101478631123,0.0,0.19354995151473886,0.19354995151473886,1.6660290277841248
30,sympy__sympy-18211,1791035082.3856332,16.047735691070557,2035,0,2035,0,0,1547,488,1547,0.42638347963611656,0.0,0.3237478831485309,0.3237478831485309,0.0
20,django__django-11749,1791035082.6688292,20.642604112625122,6685,4704,1981,0,0,1501,480,1501,0.4245773475538667,0.0,0.32133177184489925,0.32133177184489925,0.9920480284586043
1,django__django-11749,1791035084.6409311,79.35512065887451,11086,9408,1678,0,0,1071,607,1071,0.3674764628123494,0.0,0.23421188923819264,0.23421188923819264,2.0068042215528203
25,django__django-15380,1791035087.4518814,25.600865364074707,4812,3136,1676,0,0,1098,578,1098,0.3562490839270803,0.0,0.23306426559656235,0.23306426559656235,0.6588422229017793
13,sympy__sympy-23262,1791035088.7036479,6.086015939712524,7561,6272,1289,0,0,1057,232,1057,0.2778810987851673,0.0,0.22774098368469017,0.22774098368469017,1.3277769634193861
7,django__django-16255,1791035091.1443481,55.19163203239441,9229,7840,1389,0,0,1147,242,1147,0.301745346472458,0.0,0.24903101478631123,0.24903101478631123,1.6660290277841248
3,django__django-13112,1791035092.463853,88.52854514122009,11217,9408,1809,0,0,863,946,863,0.39628662876497733,0.0,0.1886332530943765,0.1886332530943765,2.0068042215528203
31,sympy__sympy-20916,1791035092.4792387,8.007742881774902,3272,1568,1704,0,0,658,1046,658,0.3594832489019107,0.0,0.13846137811735917,0.13846137811735917,0.3281595467489112
8,sympy__sympy-11618,1791035093.5533242,13.796956062316895,8039,6272,1767,0,0,1233,534,1233,0.38136116763905353,0.0,0.26577325508870236,0.26577325508870236,1.3277769634193861
13,sympy__sympy-23262,1791035094.9211757,12.578369855880737,8380,6272,2108,0,0,1289,819,1289,0.4553260261703941,0.0,0.2778810987851673,0.2778810987851673,1.3277769634193861
29,sympy__sympy-15875,1791035096.387621,6.6876490116119385,3578,1568,2010,0,0,1547,463,1547,0.42435393784897685,0.0,0.32623722064082766,0.32623722064082766,0.3281595467489112
12,sympy__sympy-20916,1791035096.730872,7.493065357208252,9354,4704,4650,0,0,1544,3106,1544,1.002978362205655,0.0,0.3305712126648795,0.3305712126648795,0.9920480284586043
28,sympy__sympy-13757,1791035097.6129642,8.842662811279297,2346,1568,778,0,0,188,590,188,0.16376059798995632,0.0,0.03951505462436134,0.03951505462436134,0.3281595467489112
30,sympy__sympy-18211,1791035099.1697133,25.021087646484375,2606,1568,1038,0,0,467,571,467,0.2186262704579648,0.0,0.09822393288720538,0.09822393288720538,0.3281595467489112
27,sympy__sympy-11618,1791035099.861539,52.85231876373291,4159,3136,1023,0,0,653,370,653,0.21710520633028282,0.0,0.13845833219363624,0.13845833219363624,0.6588422229017793
31,sympy__sympy-20916,1791035100.606167,38.339364528656006,4925,3136,1789,0,0,136,1653,136,0.3803719948410148,0.0,0.028800572749042595,0.028800572749042595,0.6588422229017793
29,sympy__sympy-15875,1791035103.1897123,46.64323282241821,4671,3136,1535,0,0,442,1093,442,0.3261671913715282,0.0,0.0936712616961088,0.0936712616961088,0.6588422229017793
20,django__django-11749,1791035103.690861,6.997293472290039,6877,6272,605,0,0,413,192,413,0.13021284743829173,0.0,0.08884841259308487,0.08884841259308487,1.3277769634193861
12,sympy__sympy-20916,1791035104.3363698,6.621034622192383,10238,7840,2398,0,0,1514,884,1514,0.5221813017653909,0.0,0.32899736288013437,0.32899736288013437,1.6660290277841248
26,django__django-16255,1791035104.4462366,10.867390632629395,5266,3136,2130,0,0,1308,822,1308,0.45324711963808073,0.0,0.2777803416659432,0.2777803416659432,0.6588422229017793
28,sympy__sympy-13757,1791035106.5838609,36.45063614845276,2779,1568,1211,0,0,778,433,778,0.25517148200156226,0.0,0.16376059798995632,0.16376059798995632,0.3281595467489112
8,sympy__sympy-11618,1791035107.6279352,17.614033460617065,8419,7840,579,0,0,199,380,199,0.1255408902135156,0.0,0.043109103274314796,0.043109103274314796,1.6660290277841248
13,sympy__sympy-23262,1791035107.8821776,11.160609722137451,9188,7840,1348,0,0,540,808,540,0.2928101773731557,0.0,0.11707396180565538,0.11707396180565538,1.6660290277841248
11,sympy__sympy-18211,1791035108.6339006,66.10804772377014,7914,6272,1642,0,0,1068,574,1068,0.35427783883703595,0.0,0.23011706933792225,0.23011706933792225,1.3277769634193861
20,django__django-11749,1791035110.9701958,5.400245189666748,7098,6272,826,0,0,605,221,605,0.17787186929999257,0.0,0.13021284743829173,0.13021284743829173,1.3277769634193861
12,sympy__sympy-20916,1791035111.0814843,38.35095810890198,10986,9408,1578,0,0,830,748,830,0.3454958227489782,0.0,0.18140610799669526,0.18140610799669526,2.0068042215528203
9,sympy__sympy-13757,1791035112.441435,100.8507947921753,6549,4704,1845,0,0,1146,699,1146,0.39530042871482585,0.0,0.24512516587024066,0.24512516587024066,0.9920480284586043
25,django__django-15380,1791035113.1972537,56.2239511013031,5479,4704,775,0,0,108,667,108,0.16562210229690413,0.0,0.023043278370255348,0.023043278370255348,0.9920480284586043
26,django__django-16255,1791035115.6135356,10.748701572418213,6766,4704,2062,0,0,562,1500,562,0.44202335505852297,0.0,0.12004131408125578,0.12004131408125578,0.9920480284586043
20,django__django-11749,1791035116.5102112,7.264860153198242,8025,6272,1753,0,0,826,927,826,0.37832703742755697,0.0,0.17787186929999257,0.17787186929999257,1.3277769634193861
15,pytest-dev__pytest-5631,1791035118.173076,25.708709716796875,4556,3136,1420,0,0,941,479,941,0.30164742066409356,0.0,0.19966324074942257,0.19966324074942257,0.6588422229017793
6,django__django-15380,1791035119.2762096,43.416743755340576,7457,6272,1185,0,0,158,1027,158,0.2553976648348903,0.0,0.033969760341423114,0.033969760341423114,1.3277769634193861
13,sympy__sympy-23262,1791035119.280473,23.877561330795288,9607,7840,1767,0,0,1348,419,1348,0.38420451563445646,0.0,0.2928101773731557,0.2928101773731557,1.6660290277841248
20,django__django-11749,1791035123.9344676,6.487293481826782,8188,7840,348,0,0,185,163,185,0.07541337976963111,0.0,0.04007497306281828,0.04007497306281828,1.6660290277841248
30,sympy__sympy-18211,1791035124.5411603,30.148458003997803,4264,1568,2696,0,0,1038,1658,1038,0.5701321817782474,0.0,0.2186262704579648,0.2186262704579648,0.3281595467489112
8,sympy__sympy-11618,1791035125.3688436,7.193744897842407,8561,7840,721,0,0,579,142,579,0.1563823818110369,0.0,0.1255408902135156,0.1255408902135156,1.6660290277841248
26,django__django-16255,1791035126.677765,28.025413513183594,8918,6272,2646,0,0,494,2152,494,0.5722639707892762,0.0,0.10629442009774119,0.10629442009774119,1.3277769634193861
20,django__django-11749,1791035130.5819194,5.740599632263184,8343,7840,503,0,0,348,155,348,0.10904267774296474,0.0,0.07541337976963111,0.07541337976963111,1.6660290277841248
8,sympy__sympy-11618,1791035132.689861,9.68586277961731,8680,7840,840,0,0,721,119,721,0.18224435748209994,0.0,0.1563823818110369,0.1563823818110369,1.6660290277841248
20,django__django-11749,1791035136.4399276,13.179923057556152,10041,7840,2201,0,0,503,1698,503,0.4790606849614879,0.0,0.10904267774296474,0.10904267774296474,1.6660290277841248
16,pytest-dev__pytest-6202,1791035139.9999385,8.475518226623535,4661,3136,1525,0,0,795,730,795,0.32403449862286693,0.0,0.16862511441797745,0.16862511441797745,0.6588422229017793
31,sympy__sympy-20916,1791035141.043524,17.56370258331299,5318,4704,614,0,0,221,393,221,0.13116472242107394,0.0,0.047166189284189836,0.047166189284189836,0.9920480284586043
8,sympy__sympy-11618,1791035142.5393894,19.377558708190918,8837,7840,997,0,0,840,157,840,0.21638701360327223,0.0,0.18224435748209994,0.18224435748209994,1.6660290277841248
28,sympy__sympy-13757,1791035143.2996974,10.309139728546143,3134,1568,1566,0,0,1211,355,1211,0.3302592799389444,0.0,0.25517148200156226,0.25517148200156226,0.3281595467489112
13,sympy__sympy-23262,1791035143.5189319,15.089817523956299,9818,9408,410,0,0,199,211,199,0.08952188716616673,0.0,0.04342932186576085,0.04342932186576085,2.0068042215528203
15,pytest-dev__pytest-5631,1791035144.0308938,28.166531562805176,5059,3136,1923,0,0,1420,503,1420,0.4089949077832846,0.0,0.30164742066409356,0.30164742066409356,0.6588422229017793
7,django__django-16255,1791035146.6562963,51.47114014625549,10155,7840,2315,0,0,1389,926,1389,0.5040088771246919,0.0,0.301745346472458,0.301745346472458,1.6660290277841248
16,pytest-dev__pytest-6202,1791035148.60466,84.79186820983887,5069,3136,1933,0,0,1525,408,1525,0.41113168495275515,0.0,0.32403449862286693,0.32403449862286693,0.6588422229017793
20,django__django-11749,1791035149.8672833,9.605463743209839,10268,9408,860,0,0,633,227,633,0.18797619372304092,0.0,0.1382854911927923,0.1382854911927923,2.0068042215528203
29,sympy__sympy-15875,1791035150.2990198,385.25765204429626,4947,3136,1811,0,0,1535,276,1535,0.3850700147321919,0.0,0.3261671913715282,0.3261671913715282,0.6588422229017793
12,sympy__sympy-20916,1791035151.593073,27.350193977355957,11280,10976,304,0,0,10,294,10,0.06684984757184267,0.0,0.0021974995763257865,0.0021974995763257865,2.350102544725473
27,sympy__sympy-11618,1791035152.9952776,94.74818515777588,4695,3136,1559,0,0,1023,536,1023,0.33128607267276,0.0,0.21710520633028282,0.21710520633028282,0.6588422229017793
28,sympy__sympy-13757,1791035154.0253606,6.206777811050415,3578,1568,2010,0,0,1566,444,1566,0.42435393784897685,0.0,0.3302592799389444,0.3302592799389444,0.3281595467489112
30,sympy__sympy-18211,1791035155.2403765,19.813459634780884,4862,3136,1726,0,0,1128,598,1128,0.3669213219914718,0.0,0.2394495056253793,0.2394495056253793,0.6588422229017793
26,django__django-16255,1791035155.6764164,81.13295483589172,9224,7840,1384,0,0,1078,306,1078,0.3006555993429758,0.0,0.23401190642453754,0.23401190642453754,1.6660290277841248
17,pylint-dev__pylint-6528,1791035158.2930315,9.237091064453125,8859,7840,1019,0,0,176,843,176,0.22117335550262227,0.0,0.03812456699946486,0.03812456699946486,1.6660290277841248
13,sympy__sympy-23262,1791035158.8365471,7.231779336929321,10325,9408,917,0,0,410,507,410,0.20046190115621235,0.0,0.08952188716616673,0.08952188716616673,2.0068042215528203
31,sympy__sympy-20916,1791035159.3737597,16.741267681121826,6045,4704,1341,0,0,614,727,614,0.28696912324478296,0.0,0.13116472242107394,0.13116472242107394,0.9920480284586043
20,django__django-11749,1791035159.8047805,10.785580396652222,10546,9408,1138,0,0,860,278,860,0.24890292335259243,0.0,0.18797619372304092,0.18797619372304092,2.0068042215528203
28,sympy__sympy-13757,1791035160.3542833,47.80530858039856,3685,3136,549,0,0,442,107,442,0.11637747846205855,0.0,0.0936712616961088,0.0936712616961088,0.6588422229017793
8,sympy__sympy-11618,1791035162.063331,20.81272792816162,9100,7840,1260,0,0,997,263,997,0.27363807837041887,0.0,0.21638701360327223,0.21638701360327223,1.6660290277841248
6,django__django-15380,1791035162.9330773,31.667569875717163,9177,6272,2905,0,0,1185,1720,1185,0.6286652947514436,0.0,0.2553976648348903,0.2553976648348903,1.3277769634193861
1,django__django-11749,1791035164.2438116,284.0030584335327,11391,10976,415,0,0,110,305,110,0.09128247475766041,0.0,0.024178139639696953,0.024178139639696953,2.350102544725473
13,sympy__sympy-23262,1791035166.1991038,9.746556997299194,11074,9408,1666,0,0,917,749,917,0.364838244151934,0.0,0.20046190115621235,0.20046190115621235,2.0068042215528203
17,pylint-dev__pylint-6528,1791035167.79777,576.7000358104706,9803,7840,1963,0,0,1019,944,1019,0.4270188497156899,0.0,0.22117335550262227,0.22117335550262227,1.6660290277841248
25,django__django-15380,1791035169.5665116,9.262791156768799,5631,4704,927,0,0,775,152,775,0.19817770534668436,0.0,0.16562210229690413,0.16562210229690413,0.9920480284586043
20,django__django-11749,1791035170.8460474,6.5483574867248535,10846,9408,1438,0,0,1138,300,1138,0.31474016743151384,0.0,0.24890292335259243,0.24890292335259243,2.0068042215528203
15,pytest-dev__pytest-5631,1791035172.4106078,220.22171926498413,5542,4704,838,0,0,355,483,355,0.1791126659809388,0.0,0.07578910222645965,0.07578910222645965,0.9920480284586043
18,astropy__astropy-12907,1791035172.7891216,15.594223499298096,6453,3136,3317,0,0,1497,1820,1497,0.7078516020830556,0.0,0.31806350488437185,0.31806350488437185,0.6588422229017793
30,sympy__sympy-18211,1791035175.2128963,178.61303877830505,5743,4704,1039,0,0,158,881,158,0.22218121631470064,0.0,0.03371551643464685,0.03371551643464685,0.9920480284586043
11,sympy__sympy-18211,1791035175.5083106,18.964478254318237,8547,7840,707,0,0,74,633,74,0.1533407518640444,0.0,0.016025774472297253,0.016025774472297253,1.6660290277841248
13,sympy__sympy-23262,1791035176.2282774,11.01801872253418,12105,10976,1129,0,0,98,1031,98,0.24874595054831203,0.0,0.021539920979281535,0.021539920979281535,2.350102544725473
31,sympy__sympy-20916,1791035176.3774512,7.754924058914185,7671,4704,2967,0,0,1341,1626,1341,0.6374026676879077,0.0,0.28696912324478296,0.28696912324478296,0.9920480284586043
20,django__django-11749,1791035177.5628445,402.3463599681854,11621,9408,2213,0,0,1438,775,1438,0.4852472062292025,0.0,0.31474016743151384,0.31474016743151384,2.0068042215528203
25,django__django-15380,1791035178.9606667,68.04570603370667,6673,4704,1969,0,0,927,1042,927,0.42199332648937554,0.0,0.19817770534668436,0.19817770534668436,0.9920480284586043
12,sympy__sympy-20916,1791035179.3874226,21.060467958450317,11460,10976,484,0,0,304,180,304,0.10647669701733106,0.0,0.06684984757184267,0.06684984757184267,2.350102544725473
3,django__django-13112,1791035181.2426589,61.00853943824768,11653,10976,677,0,0,241,436,241,0.14900242445497047,0.0,0.05298830559232486,0.05298830559232486,2.350102544725473
8,sympy__sympy-11618,1791035183.2709398,7.260470867156982,9493,7840,1653,0,0,1260,393,1260,0.3593204345106485,0.0,0.27363807837041887,0.27363807837041887,1.6660290277841248
31,sympy__sympy-20916,1791035184.2748244,63.0127170085907,8371,6272,2099,0,0,1399,700,1399,0.45337234128179305,0.0,0.3016737327271259,0.3016737327271259,1.3277769634193861
13,sympy__sympy-23262,1791035187.5274136,10.394060850143433,13231,10976,2255,0,0,1129,1126,1129,0.4981338024811085,0.0,0.24874595054831203,0.24874595054831203,2.350102544725473
18,astropy__astropy-12907,1791035190.253964,225.066166639328,6794,6272,522,0,0,181,341,181,0.11232670477804843,0.0,0.03891686156544888,0.03891686156544888,1.3277769634193861
8,sympy__sympy-11618,1791035190.707419,7.010695695877075,9622,9408,214,0,0,85,129,85,0.04670453594996364,0.0,0.01854524074195291,0.01854524074195291,2.0068042215528203
11,sympy__sympy-18211,1791035194.7306883,5.175621032714844,8757,7840,917,0,0,707,210,707,0.1989863210137197,0.0,0.1533407518640444,0.1533407518640444,1.6660290277841248
6,django__django-15380,1791035194.741649,10.225474834442139,10634,7840,2794,0,0,1337,1457,1337,0.6089808026514462,0.0,0.29041323038670486,0.29041323038670486,1.6660290277841248
19,django__django-10973,1791035197.0952866,799.509042263031,5232,3136,2096,0,0,1474,622,1474,0.44597562223502407,0.0,0.3131593619153902,0.3131593619153902,0.6588422229017793
13,sympy__sympy-23262,1791035198.186517,7.37296986579895,13951,12544,1407,0,0,687,720,687,0.3124608228132128,0.0,0.15231234990449913,0.15231234990449913,2.6959239973020823
7,django__django-16255,1791035198.460637,7.994556188583374,11022,9408,1614,0,0,747,867,747,0.3534076709474772,0.0,0.16323368335599625,0.16323368335599625,2.0068042215528203
8,sympy__sympy-11618,1791035198.7012055,14.20106315612793,10125,9408,717,0,0,214,503,214,0.15666707657099316,0.0,0.04670453594996364,0.04670453594996364,2.0068042215528203
11,sympy__sympy-18211,1791035200.084192,4.329759120941162,8850,7840,1010,0,0,917,93,917,0.21921524650896876,0.0,0.1989863210137197,0.1989863210137197,1.6660290277841248
12,sympy__sympy-20916,1791035200.8141766,77.18131947517395,11998,10976,1022,0,0,484,538,484,0.2251151563743483,0.0,0.10647669701733106,0.10647669701733106,2.350102544725473
11,sympy__sympy-18211,1791035204.5530362,112.98086261749268,9846,7840,2006,0,0,1010,996,1010,0.4364170636716209,0.0,0.21921524650896876,0.21921524650896876,1.6660290277841248
6,django__django-15380,1791035205.1085026,6.57067084312439,10878,9408,1470,0,0,1226,244,1226,0.3217682581676051,0.0,0.2682056088827506,0.2682056088827506,2.0068042215528203
13,sympy__sympy-23262,1791035205.6984966,36.822893142700195,14284,12544,1740,0,0,1407,333,1407,0.38670941591444097,0.0,0.3124608228132128,0.3124608228132128,2.6959239973020823
7,django__django-16255,1791035206.6163452,5.182659864425659,11150,10976,174,0,0,46,128,46,0.03825113496879897,0.0,0.010109347774824765,0.010109347774824765,2.350102544725473
28,sympy__sympy-13757,1791035208.291512,6.5280280113220215,4141,3136,1005,0,0,549,456,549,0.21327589106622935,0.0,0.11637747846205855,0.11637747846205855,0.6588422229017793
6,django__django-15380,1791035211.8053524,38.808223485946655,11673,9408,2265,0,0,1470,795,1470,0.4967097446445555,0.0,0.3217682581676051,0.3217682581676051,2.0068042215528203
7,django__django-16255,1791035212.265088,7.921098232269287,11724,10976,748,0,0,174,574,174,0.1646562218660547,0.0,0.03825113496879897,0.03825113496879897,2.350102544725473
9,sympy__sympy-13757,1791035213.6538203,135.19554114341736,8377,6272,2105,0,0,277,1828,277,0.45467478863806626,0.0,0.05957149375404403,0.05957149375404403,1.3277769634193861
28,sympy__sympy-13757,1791035214.9663603,5.2252960205078125,4264,3136,1128,0,0,1005,123,1005,0.2394495056253793,0.0,0.21327589106622935,0.21327589106622935,0.6588422229017793
8,sympy__sympy-11618,1791035215.1344132,10.132354736328125,10550,9408,1142,0,0,717,425,717,0.24978014574170523,0.0,0.15666707657099316,0.15666707657099316,2.0068042215528203
28,sympy__sympy-13757,1791035220.3363438,5.567556142807007,5928,3136,2792,0,0,1128,1664,1128,0.5950638716602612,0.0,0.2394495056253793,0.2394495056253793,0.6588422229017793
7,django__django-16255,1791035220.4531307,5.609584331512451,12221,10976,1245,0,0,748,497,748,0.27437765495680655,0.0,0.1646562218660547,0.1646562218660547,2.350102544725473
28,sympy__sympy-13757,1791035226.0266552,41.4832284450531,7248,4704,2544,0,0,1224,1320,1224,0.5459771116829853,0.0,0.2618580661034363,0.2618580661034363,0.9920480284586043
8,sympy__sympy-11618,1791035226.6435413,6.709518671035767,10706,9408,1298,0,0,1142,156,1142,0.2840046263471804,0.0,0.24978014574170523,0.24978014574170523,2.0068042215528203
7,django__django-16255,1791035226.926282,12.108416557312012,13164,10976,2188,0,0,1245,943,1245,0.4832581535723665,0.0,0.27437765495680655,0.27437765495680655,2.350102544725473
16,pytest-dev__pytest-6202,1791035233.7883086,15.119080543518066,5610,4704,906,0,0,365,541,365,0.1936784801792919,0.0,0.07792587939593018,0.07792587939593018,0.9920480284586043
8,sympy__sympy-11618,1791035234.9638152,8.595815658569336,11073,9408,1665,0,0,1298,367,1298,0.3646183992674359,0.0,0.2840046263471804,0.2840046263471804,2.0068042215528203
26,django__django-16255,1791035237.0726495,92.95907759666443,9602,7840,1762,0,0,1384,378,1384,0.3831128289182081,0.0,0.3006555993429758,0.3006555993429758,1.6660290277841248
7,django__django-16255,1791035240.0230591,41.87024211883545,13474,12544,930,0,0,620,310,620,0.2063029834684234,0.0,0.13743670099575714,0.13743670099575714,2.6959239973020823
3,django__django-13112,1791035242.5150652,10.185519695281982,12437,10976,1461,0,0,677,784,677,0.3221424530009689,0.0,0.14900242445497047,0.14900242445497047,2.350102544725473
13,sympy__sympy-23262,1791035243.0069149,10.3748939037323,14642,14112,530,0,0,172,358,172,0.11831457988852612,0.0,0.03836483393387476,0.03836483393387476,3.0442685792826487
8,sympy__sympy-11618,1791035243.700774,112.15507411956787,11489,10976,513,0,0,97,416,97,0.11286413277068884,0.0,0.021320076094783414,0.021320076094783414,2.350102544725473
25,django__django-15380,1791035247.2872517,10.982780456542969,7129,6272,857,0,0,401,456,401,0.18456107994090543,0.0,0.08626439152859375,0.08626439152859375,1.3277769634193861
31,sympy__sympy-20916,1791035247.7325077,74.17940759658813,8679,7840,839,0,0,531,308,531,0.18202696940750568,0.0,0.11512027691705433,0.11512027691705433,1.6660290277841248
27,sympy__sympy-11618,1791035247.9956336,10.557682991027832,5075,3136,1939,0,0,1559,380,1559,0.4124138005137839,0.0,0.33128607267276,0.33128607267276,0.6588422229017793
16,pytest-dev__pytest-6202,1791035249.9843602,7.254071235656738,5903,4704,1199,0,0,906,293,906,0.2564942771727306,0.0,0.1936784801792919,0.1936784801792919,0.9920480284586043
4,django__django-13821,1791035251.6597688,169.6830358505249,12065,10976,1089,0,0,562,527,562,0.239910633644281,0.0,0.12365865776754088,0.12365865776754088,2.350102544725473
6,django__django-15380,1791035251.6734915,22.226040363311768,12353,10976,1377,0,0,697,680,697,0.3035615643070582,0.0,0.153411421471903,0.153411421471903,2.350102544725473
3,django__django-13112,1791035252.9432726,63.67690873146057,13739,10976,2763,0,0,1461,1302,1461,0.6110721864787715,0.0,0.3221424530009689,0.3221424530009689,2.350102544725473
13,sympy__sympy-23262,1791035253.98522,167.57860279083252,15689,14112,1577,0,0,530,1047,530,0.3528889031287156,0.0,0.11831457988852612,0.11831457988852612,3.0442685792826487
16,pytest-dev__pytest-6202,1791035257.3760397,21.763341188430786,6445,4704,1741,0,0,1199,542,1199,0.37292500409151697,0.0,0.2564942771727306,0.2564942771727306,0.9920480284586043
25,django__django-15380,1791035258.5300894,8.74911618232727,8679,6272,2407,0,0,857,1550,857,0.5202790337722445,0.0,0.18456107994090543,0.18456107994090543,1.3277769634193861
27,sympy__sympy-11618,1791035258.7922244,47.297311544418335,5800,4704,1096,0,0,371,725,371,0.23440223172846789,0.0,0.07920799495695893,0.07920799495695893,0.9920480284586043
25,django__django-15380,1791035267.3898516,6.401448965072632,8922,7840,1082,0,0,839,243,839,0.23488244596231622,0.0,0.18202696940750568,0.18202696940750568,1.6660290277841248
28,sympy__sympy-13757,1791035268.0741017,16.105701208114624,7836,6272,1564,0,0,976,588,976,0.33738596637803103,0.0,0.21024817672220353,0.21024817672220353,1.3277769634193861
25,django__django-15380,1791035273.9110308,30.252582788467407,9995,7840,2155,0,0,1082,1073,1082,0.4689976471297382,0.0,0.23488244596231622,0.23488244596231622,1.6660290277841248
6,django__django-15380,1791035274.0583994,5.375171184539795,12667,10976,1691,0,0,1377,314,1377,0.37305575324917817,0.0,0.3035615643070582,0.3035615643070582,2.350102544725473
12,sympy__sympy-20916,1791035278.270653,130.25770235061646,12331,10976,1355,0,0,1022,333,1022,0.2986963376693247,0.0,0.2251151563743483,0.2251151563743483,2.350102544725473
16,pytest-dev__pytest-6202,1791035279.6221478,15.235724925994873,6783,6272,511,0,0,173,338,173,0.10995678270054007,0.0,0.03719606913073513,0.03719606913073513,1.3277769634193861
6,django__django-15380,1791035279.7965035,35.31988215446472,12889,12544,345,0,0,123,222,123,0.07642819185271023,0.0,0.0272343006725688,0.0272343006725688,2.6959239973020823
7,django__django-16255,1791035282.293967,36.31572675704956,14851,12544,2307,0,0,930,1377,930,0.5133945402732133,0.0,0.2063029834684234,0.2063029834684234,2.6959239973020823
28,sympy__sympy-13757,1791035284.294494,17.051088571548462,8605,6272,2333,0,0,1564,769,1564,0.5041951640582355,0.0,0.33738596637803103,0.33738596637803103,1.3277769634193861
16,pytest-dev__pytest-6202,1791035295.0071564,13.349105596542358,7081,6272,809,0,0,511,298,511,0.1742040112013561,0.0,0.10995678270054007,0.10995678270054007,1.3277769634193861
28,sympy__sympy-13757,1791035301.842591,26.345938444137573,9891,7840,2051,0,0,765,1286,765,0.446254435806101,0.0,0.1659430996934968,0.1659430996934968,1.6660290277841248
25,django__django-15380,1791035305.160472,23.85298180580139,10597,9408,1189,0,0,587,602,587,0.26008873875808736,0.0,0.12822245336104257,0.12822245336104257,2.0068042215528203
27,sympy__sympy-11618,1791035306.4806209,11.999738216400146,6440,4704,1736,0,0,1096,640,1096,0.3718495421725034,0.0,0.23440223172846789,0.23440223172846789,0.9920480284586043
16,pytest-dev__pytest-6202,1791035308.9314506,22.006325721740723,7413,6272,1141,0,0,809,332,809,0.24588878420467092,0.0,0.1742040112013561,0.1742040112013561,1.3277769634193861
6,django__django-15380,1791035315.45722,47.0131733417511,13449,12544,905,0,0,345,560,345,0.20074559504383147,0.0,0.07642819185271023,0.07642819185271023,2.6959239973020823
3,django__django-13112,1791035316.8685615,44.388866662979126,14506,12544,1962,0,0,1195,767,1195,0.4362716992743773,0.0,0.2652507339021621,0.2652507339021621,2.6959239973020823
11,sympy__sympy-18211,1791035317.773468,38.3810510635376,10470,9408,1062,0,0,438,624,438,0.23223881771805696,0.0,0.09564186990292527,0.09564186990292527,2.0068042215528203
27,sympy__sympy-11618,1791035318.7218716,13.023896217346191,6798,6272,526,0,0,168,358,168,0.11318852541150662,0.0,0.036120607211721514,0.036120607211721514,1.3277769634193861
7,django__django-16255,1791035319.0982144,9.037092924118042,16130,14112,2018,0,0,739,1279,739,0.4520291268993746,0.0,0.1650499582926471,0.1650499582926471,3.0442685792826487
31,sympy__sympy-20916,1791035322.7281861,177.03966522216797,9139,7840,1299,0,0,839,460,839,0.28213382349594845,0.0,0.18202696940750568,0.18202696940750568,1.6660290277841248
28,sympy__sympy-13757,1791035328.3388743,26.175363540649414,10628,9408,1220,0,0,483,737,483,0.26688926423336196,0.0,0.10547924203740547,0.10547924203740547,2.0068042215528203
7,django__django-16255,1791035328.5926373,8.171197175979614,16547,15680,867,0,0,450,417,450,0.1950898394633407,0.0,0.10116141551485144,0.10116141551485144,3.3951362906671716
25,django__django-15380,1791035329.1485865,25.612122535705566,10892,9408,1484,0,0,1189,295,1189,0.32484337831276083,0.0,0.26008873875808736,0.26008873875808736,2.0068042215528203
26,django__django-16255,1791035330.209567,51.23883581161499,9900,9408,492,0,0,194,298,194,0.10744696583974289,0.0,0.04233763514951246,0.04233763514951246,2.0068042215528203
16,pytest-dev__pytest-6202,1791035331.1060383,4.637422323226929,7665,6272,1393,0,0,1141,252,1141,0.3003756325081762,0.0,0.24588878420467092,0.24588878420467092,1.3277769634193861
2,django__django-12262,1791035331.7471735,24.542641162872314,5693,4704,989,0,0,336,653,336,0.21146377253758353,0.0,0.07172950833258954,0.07172950833258954,0.9920480284586043
27,sympy__sympy-11618,1791035331.8702826,12.605017185211182,6944,6272,672,0,0,526,146,526,0.1446562158211382,0.0,0.11318852541150662,0.11318852541150662,1.3277769634193861
16,pytest-dev__pytest-6202,1791035335.88774,6.0799031257629395,7907,6272,1635,0,0,1393,242,1393,0.3527616465453325,0.0,0.3003756325081762,0.3003756325081762,1.3277769634193861
7,django__django-16255,1791035337.224655,11.28440809249878,17114,15680,1434,0,0,867,567,867,0.32309174927769085,0.0,0.1950898394633407,0.1950898394633407,3.3951362906671716
16,pytest-dev__pytest-6202,1791035342.249605,59.99521565437317,8189,7840,349,0,0,67,282,67,0.07563026396216072,0.0,0.014509582180593786,0.014509582180593786,1.6660290277841248
27,sympy__sympy-11618,1791035344.6304455,17.90942120552063,7155,6272,883,0,0,672,211,672,0.1901721460808963,0.0,0.1446562158211382,0.1446562158211382,1.3277769634193861
0,django__django-10973,1791035345.0761688,504.80708932876587,5215,4704,511,0,0,105,406,105,0.10913451285014342,0.0,0.022403025672184402,0.022403025672184402,0.9920480284586043
7,django__django-16255,1791035348.9590225,47.658408880233765,17703,15680,2023,0,0,1434,589,1434,0.4564095974611309,0.0,0.32309174927769085,0.32309174927769085,3.3951362906671716
9,sympy__sympy-13757,1791035349.3739707,190.26274251937866,9006,7840,1166,0,0,537,629,537,0.2531675692253444,0.0,0.11642272427332757,0.11642272427332757,1.6660290277841248
30,sympy__sympy-18211,1791035354.0601072,163.10900235176086,6909,4704,2205,0,0,1039,1166,1039,0.47283953290447583,0.0,0.22218121631470064,0.22218121631470064,0.9920480284586043
28,sympy__sympy-13757,1791035354.784404,14.721532583236694,11320,9408,1912,0,0,1220,692,1220,0.4189512638260611,0.0,0.26688926423336196,0.26688926423336196,2.0068042215528203
25,django__django-15380,1791035354.9138775,22.7158944606781,11345,9408,1937,0,0,1484,453,1484,0.4244540308191021,0.0,0.32484337831276083,0.32484337831276083,2.0068042215528203
8,sympy__sympy-11618,1791035356.224144,11.53148865699768,12018,10976,1042,0,0,513,529,513,0.22953123442233211,0.0,0.11286413277068884,0.11286413277068884,2.350102544725473
11,sympy__sympy-18211,1791035356.4106185,128.23969197273254,11398,9408,1990,0,0,1062,928,1062,0.4361220180749551,0.0,0.23223881771805696,0.23223881771805696,2.0068042215528203
2,django__django-12262,1791035356.5245543,148.9440143108368,6125,4704,1421,0,0,989,432,989,0.30414716358841154,0.0,0.21146377253758353,0.21146377253758353,0.9920480284586043
21,django__django-12262,1791035358.2803915,6.798509120941162,4606,0,4606,0,3136,1053,417,4189,0.9711487458045461,0.6588422229017793,0.22348813732723527,0.8823303602290146,0.0
3,django__django-13112,1791035361.5263512,32.87299990653992,15559,14112,1447,0,0,394,1053,394,0.32370198261731914,0.0,0.08792711729381109,0.08792711729381109,3.0442685792826487
27,sympy__sympy-11618,1791035362.7002537,16.364846229553223,7399,6272,1127,0,0,883,244,883,0.24286364792884585,0.0,0.1901721460808963,0.1901721460808963,1.3277769634193861
6,django__django-15380,1791035362.8058329,16.397403478622437,13958,12544,1414,0,0,905,509,905,0.31402043311386063,0.0,0.20074559504383147,0.20074559504383147,2.6959239973020823
24,django__django-14787,1791035363.9531279,448.48036789894104,5052,0,5052,0,3136,1236,680,4372,1.0663414477274995,0.6588422229017793,0.26244401724265576,0.921286240144435,0.0
21,django__django-12262,1791035365.2168617,125.18932151794434,5382,3136,2246,0,0,1470,776,1470,0.47806468609328734,0.0,0.31230652290276684,0.31230652290276684,0.6588422229017793
8,sympy__sympy-11618,1791035368.8541393,5.060427188873291,12182,10976,1206,0,0,1042,164,1042,0.26575855827036454,0.0,0.22953123442233211,0.22953123442233211,2.350102544725473
28,sympy__sympy-13757,1791035369.7488635,58.83257055282593,11992,10976,1016,0,0,344,672,344,0.2237904130063912,0.0,0.07565294065340868,0.07565294065340868,2.350102544725473
8,sympy__sympy-11618,1791035374.0638974,25.222812175750732,12581,10976,1605,0,0,1206,399,1206,0.35401225174415657,0.0,0.26575855827036454,0.26575855827036454,2.350102544725473
25,django__django-15380,1791035377.8066883,6.856492280960083,11606,10976,630,0,0,369,261,369,0.1386428972743659,0.0,0.08115570764644961,0.08115570764644961,2.350102544725473
27,sympy__sympy-11618,1791035379.1978028,9.656326055526733,7650,6272,1378,0,0,1127,251,1127,0.2971305435930327,0.0,0.24286364792884585,0.24286364792884585,1.3277769634193861
6,django__django-15380,1791035379.4344687,10.195953369140625,14626,12544,2082,0,0,1414,668,1414,0.4630831810827853,0.0,0.31402043311386063,0.31402043311386063,2.6959239973020823
26,django__django-16255,1791035381.5940783,9.507326364517212,10199,9408,791,0,0,492,299,492,0.17286637735350094,0.0,0.10744696583974289,0.10744696583974289,2.0068042215528203
23,django__django-13821,1791035382.020612,4.087060213088989,4652,3136,1516,0,0,1086,430,1086,0.32211516289228265,0.0,0.23051042819660436,0.23051042819660436,0.6588422229017793
25,django__django-15380,1791035385.004297,40.539413928985596,11855,10976,879,0,0,630,249,630,0.19355215860320432,0.0,0.1386428972743659,0.1386428972743659,2.350102544725473
23,django__django-13821,1791035386.2534974,85.0492172241211,7075,3136,3939,0,0,1516,2423,1516,0.8418442843768135,0.0,0.32211516289228265,0.32211516289228265,0.6588422229017793
27,sympy__sympy-11618,1791035389.0146236,11.21073842048645,7887,6272,1615,0,0,1378,237,1378,0.3484299456528607,0.0,0.2971305435930327,0.2971305435930327,1.3277769634193861
6,django__django-15380,1791035389.8765225,12.180160999298096,17313,14112,3201,0,0,514,2687,514,0.718962509865783,0.0,0.11473859910221902,0.11473859910221902,3.0442685792826487
26,django__django-16255,1791035391.5303326,80.59200501441956,10442,9408,1034,0,0,791,243,791,0.22610090457919305,0.0,0.17286637735350094,0.17286637735350094,2.0068042215528203
15,pytest-dev__pytest-5631,1791035392.91565,9.139946222305298,6343,4704,1639,0,0,838,801,838,0.3509906577350322,0.0,0.1791126659809388,0.1791126659809388,0.9920480284586043
3,django__django-13112,1791035394.5385563,22.590142250061035,16005,14112,1893,0,0,1447,446,1447,0.4239078882742499,0.0,0.32370198261731914,0.32370198261731914,3.0442685792826487
7,django__django-16255,1791035397.0794895,10.86633038520813,18593,17248,1345,0,0,455,890,455,0.30514220115322793,0.0,0.10301875667265094,0.10301875667265094,3.7485271314556514
27,sympy__sympy-11618,1791035400.4635508,15.907501220703125,8228,7840,388,0,0,47,341,47,0.08408954793519476,0.0,0.010177881288121915,0.010177881288121915,1.6660290277841248
15,pytest-dev__pytest-5631,1791035402.179296,8.398887395858765,6993,6272,721,0,0,71,650,71,0.15522219284403885,0.0,0.015261722774250332,0.015261722774250332,1.3277769634193861
6,django__django-15380,1791035402.299914,38.20013785362244,17592,17248,344,0,0,65,279,65,0.07786711543647287,0.0,0.014703957692779938,0.014703957692779938,3.7485271314556514
16,pytest-dev__pytest-6202,1791035402.539945,21.92219638824463,8743,7840,903,0,0,349,554,349,0.19594187507408886,0.0,0.07563026396216072,0.07563026396216072,1.6660290277841248
8,sympy__sympy-23262,1791035402.5993216,7.041960000991821,1640,0,1640,1640,0,0,0,0,0.3432886863610579,0.0,0.0,0.0,0.0
7,django__django-16255,1791035408.4172034,18.88471555709839,18789,17248,1541,0,0,1345,196,1345,0.349764000223616,0.0,0.30514220115322793,0.30514220115322793,3.7485271314556514
12,sympy__sympy-20916,1791035408.964404,18.514896154403687,12599,10976,1623,0,0,1355,268,1355,0.3579974728397032,0.0,0.2986963376693247,0.2986963376693247,2.350102544725473
8,sympy__sympy-23262,1791035409.9358497,8.892088890075684,3072,1568,1504,0,0,72,1432,72,0.3171360333602954,0.0,0.01512913961214675,0.01512913961214675,0.3281595467489112
15,pytest-dev__pytest-5631,1791035410.7065146,5.859361410140991,7701,6272,1429,0,0,721,708,721,0.3081647879895214,0.0,0.15522219284403885,0.15522219284403885,1.3277769634193861
18,astropy__astropy-12907,1791035415.4384446,79.79085421562195,7231,6272,959,0,0,522,437,522,0.20657770172078724,0.0,0.11232670477804843,0.11232670477804843,1.3277769634193861
15,pytest-dev__pytest-5631,1791035416.6947556,124.64843201637268,8981,6272,2709,0,0,1429,1280,1429,0.5859768757696103,0.0,0.3081647879895214,0.3081647879895214,1.3277769634193861
27,sympy__sympy-11618,1791035416.7540925,16.1976900100708,8658,7840,818,0,0,388,430,388,0.177462056901631,0.0,0.08408954793519476,0.08408954793519476,1.6660290277841248
3,django__django-13112,1791035417.3797457,7.0798375606536865,16452,15680,772,0,0,325,447,325,0.1736755813670369,0.0,0.0730401768897268,0.0730401768897268,3.3951362906671716
8,sympy__sympy-23262,1791035420.5878181,12.291381597518921,3252,1568,1684,0,0,1504,180,1504,0.3552466801222575,0.0,0.3171360333602954,0.3171360333602954,0.3281595467489112
4,django__django-13821,1791035421.653028,8.30762267112732,12530,10976,1554,0,0,1089,465,1089,0.34272259763635904,0.0,0.239910633644281,0.239910633644281,2.350102544725473
13,sympy__sympy-23262,1791035421.9642506,10.990782499313354,16206,15680,526,0,0,9,517,9,0.11826696699243003,0.0,0.0020211917441925117,0.0020211917441925117,3.3951362906671716
16,pytest-dev__pytest-6202,1791035424.765068,9.161737203598022,9504,7840,1664,0,0,903,761,903,0.3617209486947709,0.0,0.19594187507408886,0.19594187507408886,1.6660290277841248
3,django__django-13112,1791035425.6938825,15.171532392501831,16739,15680,1059,0,0,772,287,772,0.23839745700704473,0.0,0.1736755813670369,0.1736755813670369,3.3951362906671716
25,django__django-15380,1791035425.882872,60.75341606140137,12272,10976,1296,0,0,879,417,879,0.2856511366054249,0.0,0.19355215860320432,0.19355215860320432,2.350102544725473
12,sympy__sympy-20916,1791035427.6115482,9.09667158126831,13719,12544,1175,0,0,55,1120,55,0.2607993327978329,0.0,0.012176020263093867,0.012176020263093867,2.6959239973020823
7,django__django-16255,1791035427.7829769,16.580605030059814,18988,17248,1740,0,0,1541,199,1541,0.39510911966996065,0.0,0.349764000223616,0.349764000223616,3.7485271314556514
28,sympy__sympy-13757,1791035428.8296256,60.631433963775635,13342,10976,2366,0,0,1016,1350,1016,0.5227886724445329,0.0,0.2237904130063912,0.2237904130063912,2.350102544725473
4,django__django-13821,1791035430.0870786,8.388128757476807,13305,10976,2329,0,0,1554,775,1554,0.5145689775391147,0.0,0.34272259763635904,0.34272259763635904,2.350102544725473
13,sympy__sympy-23262,1791035433.0822031,34.59989666938782,16538,15680,858,0,0,526,332,526,0.1930607231217891,0.0,0.11826696699243003,0.11826696699243003,3.3951362906671716
27,sympy__sympy-11618,1791035433.102953,7.759761571884155,8786,7840,946,0,0,818,128,818,0.20529331317562635,0.0,0.177462056901631,0.177462056901631,1.6660290277841248
8,sympy__sympy-23262,1791035433.2369478,16.405325651168823,3742,3136,606,0,0,116,490,116,0.12847811019053657,0.0,0.02456400396938944,0.02456400396938944,0.6588422229017793
16,pytest-dev__pytest-6202,1791035434.0693865,11.397505760192871,10020,9408,612,0,0,96,516,96,0.13369122627385568,0.0,0.02094575492607534,0.02094575492607534,2.0068042215528203
5,django__django-14787,1791035434.8256934,5.830148696899414,4707,0,4707,0,3136,1234,337,4370,0.9926879578922141,0.6588422229017793,0.2620180841723902,0.9208603070741694,0.0
12,sympy__sympy-20916,1791035436.8401654,8.096922159194946,14452,12544,1908,0,0,1175,733,1175,0.4242113537191269,0.0,0.2607993327978329,0.2607993327978329,2.6959239973020823
4,django__django-13821,1791035438.601417,266.2497854232788,14255,12544,1711,0,0,761,950,761,0.38023879857095894,0.0,0.16874752496250536,0.16874752496250536,2.6959239973020823
5,django__django-14787,1791035440.79417,6.756092548370361,5630,4704,926,0,0,3,923,3,0.19796344626682563,0.0,0.0006399294336099091,0.0006399294336099091,0.9920480284586043
6,django__django-15380,1791035440.8371131,13.078982830047607,18169,17248,921,0,0,344,577,344,0.20874829983783436,0.0,0.07786711543647287,0.07786711543647287,3.7485271314556514
3,django__django-13112,1791035441.3518815,26.01284384727478,17410,15680,1730,0,0,1059,671,1059,0.39004569079283324,0.0,0.23839745700704473,0.23839745700704473,3.3951362906671716
27,sympy__sympy-11618,1791035441.9686806,13.80118441581726,9280,7840,1440,0,0,946,494,946,0.3128622326587329,0.0,0.20529331317562635,0.20529331317562635,1.6660290277841248
7,django__django-16255,1791035445.024043,25.532310247421265,19281,18816,465,0,0,172,293,172,0.10603354064301877,0.0,0.03919514947752384,0.03919514947752384,4.104441101648089
12,sympy__sympy-20916,1791035445.1136546,31.596562147140503,14591,14112,479,0,0,340,139,340,0.10691705704814515,0.0,0.07586677173856066,0.07586677173856066,3.0442685792826487
22,django__django-13112,1791035446.9507034,10.307002544403076,2235,0,2235,0,1568,288,379,1856,0.46851785375164123,0.3281595467489112,0.06054847850508229,0.38870802525399345,0.0
5,django__django-14787,1791035447.6991465,6.700274705886841,8191,4704,3487,0,0,926,2561,926,0.7500450347514497,0.0,0.19796344626682563,0.19796344626682563,0.9920480284586043
1,django__django-11749,1791035448.5777628,578.8541424274445,11964,10976,988,0,0,415,573,415,0.21760876577777663,0.0,0.09128247475766041,0.09128247475766041,2.350102544725473
8,sympy__sympy-23262,1791035449.8927965,9.12802529335022,5487,3136,2351,0,0,606,1745,606,0.5005407695336654,0.0,0.12847811019053657,0.12847811019053657,0.6588422229017793
16,pytest-dev__pytest-6202,1791035450.352212,13.703951835632324,10454,9408,1046,0,0,612,434,612,0.2287313402628704,0.0,0.13369122627385568,0.13369122627385568,2.0068042215528203
6,django__django-15380,1791035454.0590622,7.824994325637817,18314,17248,1066,0,0,921,145,921,0.2416924371383818,0.0,0.20874829983783436,0.20874829983783436,3.7485271314556514
5,django__django-14787,1791035454.542846,6.310290813446045,9252,7840,1412,0,0,351,1061,351,0.3067585137161917,0.0,0.07606403542592907,0.07606403542592907,1.6660290277841248
22,django__django-13112,1791035457.658183,6.497815132141113,2726,1568,1158,0,0,667,491,667,0.24397228670968313,0.0,0.14035830700273003,0.14035830700273003,0.3281595467489112
8,sympy__sympy-23262,1791035459.181521,15.71386456489563,6428,4704,1724,0,0,783,941,783,0.3692685382429819,0.0,0.16733496397684053,0.16733496397684053,0.9920480284586043
5,django__django-14787,1791035460.9859319,18.108673095703125,10055,7840,2215,0,0,1412,803,1412,0.4821237796686931,0.0,0.3067585137161917,0.3067585137161917,1.6660290277841248
6,django__django-15380,1791035462.3706622,6.72839879989624,18981,17248,1733,0,0,1066,667,1066,0.393513375586224,0.0,0.2416924371383818,0.2416924371383818,3.7485271314556514
22,django__django-13112,1791035464.306206,18.91306757926941,3866,1568,2298,0,0,1158,1140,1158,0.48549648407216595,0.0,0.24397228670968313,0.24397228670968313,0.3281595467489112
16,pytest-dev__pytest-6202,1791035464.7014055,12.14376187324524,10815,9408,1407,0,0,1046,361,1046,0.3079327066507545,0.0,0.2287313402628704,0.2287313402628704,2.0068042215528203
3,django__django-13112,1791035467.6176414,23.5425124168396,18571,17248,1323,0,0,162,1161,162,0.30013609278466635,0.0,0.03665485000435326,0.03665485000435326,3.7485271314556514
13,sympy__sympy-23262,1791035467.8405209,23.190671920776367,17006,15680,1326,0,0,858,468,858,0.29868499682755684,0.0,0.1930607231217891,0.1930607231217891,3.3951362906671716
27,sympy__sympy-11618,1791035467.958733,27.95926833152771,10099,7840,2259,0,0,1440,819,1440,0.4917519582261072,0.0,0.3128622326587329,0.3128622326587329,1.6660290277841248
6,django__django-15380,1791035470.174607,89.35936188697815,19201,18816,385,0,0,165,220,165,0.08777540702970905,0.0,0.03759940539378713,0.03759940539378713,4.104441101648089
7,django__django-16255,1791035470.8024743,13.788033485412598,19806,18816,990,0,0,465,525,465,0.22601552164613534,0.0,0.10603354064301877,0.10603354064301877,4.104441101648089
23,django__django-13821,1791035471.6082976,10.062402486801147,7645,6272,1373,0,0,803,570,803,0.2960488985998041,0.0,0.17290954385920665,0.17290954385920665,1.3277769634193861
26,django__django-16255,1791035472.4772258,75.12767219543457,11628,9408,2220,0,0,1034,1186,1034,0.48679007861442336,0.0,0.22610090457919305,0.22610090457919305,2.0068042215528203
8,sympy__sympy-23262,1791035475.1577,13.407402992248535,6726,6272,454,0,0,156,298,156,0.0976782662359277,0.0,0.03353960328220005,0.03353960328220005,1.3277769634193861
12,sympy__sympy-20916,1791035477.1517174,32.99682903289795,15087,14112,975,0,0,479,496,479,0.2178768091392147,0.0,0.10691705704814515,0.10691705704814515,3.0442685792826487
16,pytest-dev__pytest-6202,1791035477.6766424,8.350234746932983,11064,9408,1656,0,0,1407,249,1407,0.3626398414875901,0.0,0.3079327066507545,0.3079327066507545,2.0068042215528203
5,django__django-14787,1791035479.310258,630.495240688324,10433,9408,1025,0,0,647,378,647,0.22412817479577332,0.0,0.1413485858999975,0.1413485858999975,2.0068042215528203
23,django__django-13821,1791035481.9720333,27.19918417930603,8283,6272,2011,0,0,1373,638,1373,0.4342740245701373,0.0,0.2960488985998041,0.2960488985998041,1.3277769634193861
22,django__django-13112,1791035483.5072715,5.17130970954895,4564,3136,1428,0,0,730,698,730,0.30335270461456876,0.0,0.15481380791929789,0.15481380791929789,0.6588422229017793
7,django__django-16255,1791035484.7482877,7.956274032592773,20074,18816,1258,0,0,990,268,990,0.28737251616505466,0.0,0.22601552164613534,0.22601552164613534,4.104441101648089
11,sympy__sympy-18211,1791035485.2998571,83.56119084358215,11753,10976,777,0,0,422,355,422,0.17105151448517017,0.0,0.09282369490230262,0.09282369490230262,2.350102544725473
25,django__django-15380,1791035486.9721236,13.336903095245361,12984,10976,2008,0,0,1296,712,1296,0.4433165369031051,0.0,0.2856511366054249,0.2856511366054249,2.350102544725473
8,sympy__sympy-23262,1791035488.795291,21.438050985336304,7641,6272,1369,0,0,454,915,454,0.2951836010774761,0.0,0.0976782662359277,0.0976782662359277,1.3277769634193861
22,django__django-13112,1791035488.8236525,316.6388614177704,5682,3136,2546,0,0,1428,1118,1428,0.5423120847657495,0.0,0.30335270461456876,0.30335270461456876,0.6588422229017793
28,sympy__sympy-13757,1791035489.5985298,158.13064098358154,14009,12544,1465,0,0,798,667,798,0.32538482596504925,0.0,0.17696721986792352,0.17696721986792352,2.6959239973020823
21,django__django-12262,1791035490.5475595,164.65587615966797,5859,4704,1155,0,0,678,477,678,0.24705556648151977,0.0,0.14485888053646234,0.14485888053646234,0.9920480284586043
13,sympy__sympy-23262,1791035491.1559486,38.7574827671051,17411,15680,1731,0,0,1326,405,1326,0.3902720389372982,0.0,0.29868499682755684,0.29868499682755684,3.3951362906671716
3,django__django-13112,1791035491.2869172,25.93849205970764,19471,17248,2223,0,0,1323,900,1323,0.5053369011303219,0.0,0.30013609278466635,0.30013609278466635,3.7485271314556514
7,django__django-16255,1791035492.8341155,12.828930616378784,20335,18816,1519,0,0,1258,261,1258,0.34719774833384887,0.0,0.28737251616505466,0.28737251616505466,4.104441101648089
18,astropy__astropy-12907,1791035495.3602407,104.84728336334229,7586,6272,1314,0,0,959,355,959,0.28328742521399963,0.0,0.20657770172078724,0.20657770172078724,1.3277769634193861
31,sympy__sympy-20916,1791035500.297287,18.502050399780273,9565,7840,1725,0,0,1299,426,1299,0.3750351446036405,0.0,0.28213382349594845,0.28213382349594845,1.6660290277841248
25,django__django-15380,1791035500.4594269,8.055073499679565,13147,12544,603,0,0,440,163,440,0.13366301534870542,0.0,0.09749508432649577,0.09749508432649577,2.6959239973020823
16,pytest-dev__pytest-6202,1791035500.7034576,8.976738214492798,11523,10976,547,0,0,88,459,88,0.12035394964965514,0.0,0.019341518314937623,0.019341518314937623,2.350102544725473
14,pytest-dev__pytest-10051,1791035502.6672263,12.53404974937439,6358,0,6358,0,4704,824,830,5528,1.346263655744467,0.9920480284586043,0.17611441094096242,1.1681624393995667,0.0
2,django__django-12262,1791035505.9166272,11.308035135269165,6613,4704,1909,0,0,1421,488,1421,0.40907543783750994,0.0,0.30414716358841154,0.30414716358841154,0.9920480284586043
7,django__django-16255,1791035506.0243406,43.35983681678772,20653,18816,1837,0,0,1519,318,1519,0.42018273743899953,0.0,0.34719774833384887,0.34719774833384887,4.104441101648089
25,django__django-15380,1791035508.6469436,7.524086952209473,14018,12544,1474,0,0,603,871,603,0.32739058414025923,0.0,0.13366301534870542,0.13366301534870542,2.6959239973020823
23,django__django-13821,1791035509.314747,160.50295233726501,8815,7840,975,0,0,443,532,443,0.21160116840233215,0.0,0.09602196020539859,0.09602196020539859,1.6660290277841248
12,sympy__sympy-20916,1791035510.584503,28.500717163085938,16030,14112,1918,0,0,975,943,975,0.4295308532037945,0.0,0.2178768091392147,0.2178768091392147,3.0442685792826487
8,sympy__sympy-23262,1791035510.7826102,16.698465824127197,7990,6272,1718,0,0,1369,349,1369,0.37074259189651515,0.0,0.2951836010774761,0.2951836010774761,1.3277769634193861
14,pytest-dev__pytest-10051,1791035515.5121284,12.155670404434204,6577,6272,305,0,0,86,219,86,0.06559754302208065,0.0,0.018486692325080913,0.018486692325080913,1.3277769634193861
25,django__django-15380,1791035516.286312,5.853168725967407,14139,12544,1595,0,0,1474,121,1474,0.3543649598450221,0.0,0.32739058414025923,0.32739058414025923,2.6959239973020823
2,django__django-12262,1791035517.4985688,7.569624423980713,7568,6272,1296,0,0,341,955,341,0.27939480553234813,0.0,0.07334650287672809,0.07334650287672809,1.3277769634193861
30,sympy__sympy-18211,1791035517.528506,62.553032875061035,8286,6272,2014,0,0,637,1377,637,0.43492497270380476,0.0,0.13711059794369398,0.13711059794369398,1.3277769634193861
3,django__django-13112,1791035517.5898097,9.806450605392456,20214,18816,1398,0,0,655,743,655,0.31945398679204184,0.0,0.149422930937885,0.149422930937885,4.104441101648089
31,sympy__sympy-20916,1791035518.931192,208.8021960258484,11108,9408,1700,0,0,157,1543,157,0.37231358083551874,0.0,0.03425995083494496,0.03425995083494496,2.0068042215528203
27,sympy__sympy-11618,1791035520.1741765,37.16457962989807,10587,9408,1179,0,0,691,488,691,0.2578952312412962,0.0,0.15097676445741157,0.15097676445741157,2.0068042215528203
25,django__django-15380,1791035522.2904599,39.95306158065796,14299,14112,187,0,0,27,160,27,0.041712043631613654,0.0,0.006020377864455872,0.006020377864455872,3.0442685792826487
16,pytest-dev__pytest-6202,1791035523.853796,42.936079263687134,11970,10976,994,0,0,547,447,547,0.21893333673802123,0.0,0.12035394964965514,0.12035394964965514,2.350102544725473
2,django__django-12262,1791035525.1989276,200.60969424247742,8673,6272,2401,0,0,1296,1105,1296,0.5189747268756428,0.0,0.27939480553234813,0.27939480553234813,1.3277769634193861
3,django__django-13112,1791035527.5745323,6.734551429748535,21150,18816,2334,0,0,1398,936,1398,0.5344583130731504,0.0,0.31945398679204184,0.31945398679204184,4.104441101648089
8,sympy__sympy-23262,1791035527.8396375,14.79971432685852,8232,7840,392,0,0,150,242,150,0.08495725506055295,0.0,0.03249052753177647,0.03249052753177647,1.6660290277841248
14,pytest-dev__pytest-10051,1791035527.9387124,5.7046074867248535,6892,6272,620,0,0,305,315,305,0.13344603714256004,0.0,0.06559754302208065,0.06559754302208065,1.3277769634193861
13,sympy__sympy-23262,1791035530.0637686,17.881860494613647,17921,17248,673,0,0,163,510,163,0.15245247555802982,0.0,0.03688119814881828,0.03688119814881828,3.7485271314556514
14,pytest-dev__pytest-10051,1791035533.7762437,1247.1888358592987,7409,6272,1137,0,0,620,517,620,0.24502443902970752,0.0,0.13344603714256004,0.13344603714256004,1.3277769634193861
3,django__django-13112,1791035534.4784582,8.336777925491333,21922,20384,1538,0,0,766,772,766,0.35403042689660247,0.0,0.17602121347675664,0.17602121347675664,4.462878201244482
29,sympy__sympy-15875,1791035536.020072,153.3348183631897,5318,0,5318,0,4704,243,371,4947,1.1232127508796783,0.9920480284586043,0.051864209175366965,1.0439122376339713,0.0
12,sympy__sympy-20916,1791035539.5216994,27.512712717056274,16320,15680,640,0,0,350,290,350,0.14393640834883917,0.0,0.07866314181927143,0.07866314181927143,3.3951362906671716
9,sympy__sympy-13757,1791035540.0859356,80.91776251792908,9486,7840,1646,0,0,1166,480,1166,0.3577928992281901,0.0,0.2531675692253444,0.2531675692253444,1.6660290277841248
15,pytest-dev__pytest-5631,1791035541.5343919,196.55627632141113,9246,7840,1406,0,0,1141,265,1141,0.30545067861890124,0.0,0.24772481140487168,0.24772481140487168,1.6660290277841248
3,django__django-13112,1791035542.988311,10.40405535697937,22745,20384,2361,0,0,1538,823,1538,0.5444728788865468,0.0,0.35403042689660247,0.35403042689660247,4.462878201244482
8,sympy__sympy-23262,1791035543.3944273,15.071736335754395,8471,7840,631,0,0,392,239,392,0.13683255616594767,0.0,0.08495725506055295,0.08495725506055295,1.6660290277841248
26,django__django-16255,1791035547.9265876,7.035385370254517,12711,10976,1735,0,0,652,1083,652,0.3828018751017597,0.0,0.1434917554417709,0.1434917554417709,2.350102544725473
13,sympy__sympy-23262,1791035548.3237555,25.53020739555359,18141,17248,893,0,0,673,220,673,0.20238915886914782,0.0,0.15245247555802982,0.15245247555802982,3.7485271314556514
3,django__django-13112,1791035553.58148,6.3606276512146,23000,21952,1048,0,0,793,255,793,0.24266077902310634,0.0,0.1835126498861962,0.1835126498861962,4.823838430244833
26,django__django-16255,1791035555.1274977,6.807947874069214,12838,12544,294,0,0,167,127,167,0.06512241762378915,0.0,0.03698042252515039,0.03698042252515039,2.6959239973020823
27,sympy__sympy-11618,1791035557.7622879,14.74795389175415,11155,9408,1747,0,0,1179,568,1179,0.38264908792731384,0.0,0.2578952312412962,0.2578952312412962,2.0068042215528203
8,sympy__sympy-23262,1791035558.8321466,10.96505093574524,8678,7840,838,0,0,631,207,631,0.18180958235914782,0.0,0.13683255616594767,0.13683255616594767,1.6660290277841248
7,pytest-dev__pytest-10051,1791035559.8360791,11.499680042266846,1823,0,1823,1823,0,0,0,0,0.3817658608690328,0.0,0.0,0.0,0.0
6,django__django-15380,1791035559.8993328,63.9083468914032,20597,18816,1781,0,0,385,1396,385,0.4073225064849589,0.0,0.08777540702970905,0.08777540702970905,4.104441101648089
3,django__django-13112,1791035560.1179292,12.448795795440674,23214,21952,1262,0,0,1048,214,1048,0.29235031642906184,0.0,0.24266077902310634,0.24266077902310634,4.823838430244833
26,django__django-16255,1791035562.3937628,12.718605756759644,13510,12544,966,0,0,294,672,294,0.21430674960738566,0.0,0.06512241762378915,0.06512241762378915,2.6959239973020823
25,django__django-15380,1791035562.5784063,20.47588086128235,14805,14112,693,0,0,187,506,187,0.15475985539852125,0.0,0.041712043631613654,0.041712043631613654,3.0442685792826487
16,pytest-dev__pytest-6202,1791035567.1842945,20.841793298721313,12329,10976,1353,0,0,994,359,994,0.29825406896829487,0.0,0.21893333673802123,0.21893333673802123,2.350102544725473
12,sympy__sympy-20916,1791035567.1845355,212.23484325408936,16634,15680,954,0,0,640,314,640,0.21470891632814657,0.0,0.14393640834883917,0.14393640834883917,3.3951362906671716
11,sympy__sympy-18211,1791035569.0255463,18.13278365135193,12265,10976,1289,0,0,777,512,777,0.28410363794658394,0.0,0.17105151448517017,0.17105151448517017,2.350102544725473
8,sympy__sympy-23262,1791035569.9327495,7.594519853591919,9027,7840,1187,0,0,838,349,838,0.25773998146671506,0.0,0.18180958235914782,0.18180958235914782,1.6660290277841248
7,pytest-dev__pytest-10051,1791035571.6868014,7.135005712509155,2073,1568,505,0,0,255,250,255,0.10622630521356438,0.0,0.0536063141201216,0.0536063141201216,0.3281595467489112
3,django__django-13112,1791035572.816583,17.055597066879272,23869,21952,1917,0,0,1262,655,1262,0.44472951625665286,0.0,0.29235031642906184,0.29235031642906184,4.823838430244833
27,sympy__sympy-11618,1791035572.8994567,12.428634405136108,11403,10976,427,0,0,179,248,179,0.09392459722128146,0.0,0.039350764754661344,0.039350764754661344,2.350102544725473
13,sympy__sympy-23262,1791035574.1302521,13.742844343185425,18506,17248,1258,0,0,893,365,893,0.2853482197427474,0.0,0.20238915886914782,0.20238915886914782,3.7485271314556514
26,django__django-16255,1791035575.4137385,9.257362842559814,13930,12544,1386,0,0,966,420,966,0.3077822936247666,0.0,0.21430674960738566,0.21430674960738566,2.6959239973020823
8,sympy__sympy-23262,1791035577.6437836,41.798810958862305,9709,7840,1869,0,0,1187,682,1187,0.4064805248178723,0.0,0.25773998146671506,0.25773998146671506,1.6660290277841248
7,pytest-dev__pytest-10051,1791035578.9759378,6.5411765575408936,2287,1568,719,0,0,505,214,505,0.15131996817355597,0.0,0.10622630521356438,0.10622630521356438,0.3281595467489112
20,django__django-11749,1791035580.163749,312.8944721221924,12402,0,12402,0,10976,645,781,11621,2.664502080772946,2.350102544725473,0.14194888305655004,2.4920514277820227,0.0
30,sympy__sympy-18211,1791035580.4911878,20.735143423080444,9927,7840,2087,0,0,446,1641,446,0.4541258297663334,0.0,0.09667290833906605,0.09667290833906605,1.6660290277841248
25,django__django-15380,1791035583.232643,9.490432262420654,14968,14112,856,0,0,693,163,693,0.1912323969830091,0.0,0.15475985539852125,0.15475985539852125,3.0442685792826487
27,sympy__sympy-11618,1791035585.4731886,10.132090330123901,11608,10976,632,0,0,427,205,427,0.13908368203758414,0.0,0.09392459722128146,0.09392459722128146,2.350102544725473
26,django__django-16255,1791035585.5514567,46.65596413612366,14878,12544,2334,0,0,1386,948,1386,0.5194353946322439,0.0,0.3077822936247666,0.3077822936247666,2.6959239973020823
7,pytest-dev__pytest-10051,1791035585.6553657,9.044271469116211,3569,1568,2001,0,0,719,1282,719,0.42244460484442975,0.0,0.15131996817355597,0.15131996817355597,0.3281595467489112
11,sympy__sympy-18211,1791035587.901443,26.87618660926819,12688,10976,1712,0,0,1289,423,1289,0.3777070635700053,0.0,0.28410363794658394,0.28410363794658394,2.350102544725473
13,sympy__sympy-23262,1791035588.1022024,130.72405195236206,19627,17248,2379,0,0,1258,1121,1258,0.5409895702820656,0.0,0.2853482197427474,0.2853482197427474,3.7485271314556514
16,pytest-dev__pytest-6202,1791035588.1562216,9.346262454986572,12639,10976,1663,0,0,1353,310,1353,0.36685471015290155,0.0,0.29825406896829487,0.29825406896829487,2.350102544725473
3,django__django-13112,1791035590.0948865,6.7863450050354,24184,23520,664,0,0,349,315,349,0.15468454103303284,0.0,0.08124615785234535,0.08124615785234535,5.18732178864914
10,sympy__sympy-15875,1791035590.985875,1169.5923964977264,4171,0,4171,0,3136,534,501,3670,0.8785004907973136,0.6588422229017793,0.11319365585905393,0.7720358787608332,0.0
25,django__django-15380,1791035593.165847,5.314018487930298,15463,14112,1351,0,0,856,495,856,0.30215969700581485,0.0,0.1912323969830091,0.1912323969830091,3.0442685792826487
7,pytest-dev__pytest-10051,1791035594.8497899,5.165118932723999,3846,3136,710,0,0,433,277,433,0.15056504745139998,0.0,0.09176192869156169,0.09176192869156169,0.6588422229017793
27,sympy__sympy-11618,1791035595.7627845,14.866800308227539,12124,10976,1148,0,0,632,516,632,0.2529433012832201,0.0,0.13908368203758414,0.13908368203758414,2.350102544725473
3,django__django-13112,1791035597.02607,11.871445655822754,24337,23520,817,0,0,664,153,664,0.1903913541786809,0.0,0.15468454103303284,0.15468454103303284,5.18732178864914
16,pytest-dev__pytest-6202,1791035597.621634,24.758166313171387,12780,12544,236,0,0,95,141,95,0.05226811439469729,0.0,0.021033257576292184,0.021033257576292184,2.6959239973020823
25,django__django-15380,1791035599.4164612,72.29041695594788,15683,14112,1571,0,0,1351,220,1351,0.35154143272979316,0.0,0.30215969700581485,0.30215969700581485,3.0442685792826487
7,pytest-dev__pytest-10051,1791035600.167555,64.05211210250854,4457,3136,1321,0,0,710,611,710,0.2805499672379724,0.0,0.15056504745139998,0.15056504745139998,0.6588422229017793
18,astropy__astropy-12907,1791035600.425433,24.728513479232788,8183,6272,1911,0,0,1314,597,1314,0.4125810385652676,0.0,0.28328742521399963,0.28328742521399963,1.3277769634193861
30,sympy__sympy-18211,1791035601.4567752,82.4112401008606,11460,9408,2052,0,0,519,1533,519,0.44977502018998355,0.0,0.11335063599763785,0.11335063599763785,2.0068042215528203
3,django__django-13112,1791035609.1254575,5.022977590560913,24675,23520,1155,0,0,817,338,817,0.26935822817721006,0.0,0.1903913541786809,0.1903913541786809,5.18732178864914
27,sympy__sympy-11618,1791035611.741972,5.699365854263306,12285,10976,1309,0,0,1148,161,1148,0.28852519609685956,0.0,0.2529433012832201,0.2529433012832201,2.350102544725473
3,django__django-13112,1791035614.3004508,17.09116268157959,25471,23520,1951,0,0,1155,796,1155,0.4557907260615637,0.0,0.26935822817721006,0.26935822817721006,5.18732178864914
11,sympy__sympy-18211,1791035615.664448,12.584820985794067,13140,12544,596,0,0,144,452,144,0.13210923099201102,0.0,0.031885610993395944,0.031885610993395944,2.6959239973020823
27,sympy__sympy-11618,1791035617.5764415,20.381861925125122,12794,10976,1818,0,0,1309,509,1309,0.4011920137389018,0.0,0.28852519609685956,0.28852519609685956,2.350102544725473
8,sympy__sympy-23262,1791035620.1694112,19.771150827407837,11032,9408,1624,0,0,301,1323,301,0.3556056425925398,0.0,0.0657053310491767,0.0657053310491767,2.0068042215528203
9,sympy__sympy-13757,1791035621.5778232,26.705665111541748,10069,9408,661,0,0,78,583,78,0.144411881749534,0.0,0.017017705459494478,0.017017705459494478,2.0068042215528203
6,django__django-15380,1791035623.9628868,11.51022481918335,21252,20384,868,0,0,213,655,213,0.1995054990116631,0.0,0.04888540688856515,0.04888540688856515,4.462878201244482
18,astropy__astropy-12907,1791035625.3166342,14.267131805419922,8528,7840,688,0,0,343,345,343,0.14921314723251813,0.0,0.07432897420052889,0.07432897420052889,1.6660290277841248
11,sympy__sympy-18211,1791035628.5182056,12.125625133514404,13363,12544,819,0,0,596,223,596,0.1816330770894972,0.0,0.13210923099201102,0.13210923099201102,2.6959239973020823
3,django__django-13112,1791035631.5626285,27.213247776031494,25821,25088,733,0,0,383,350,383,0.17196413822589132,0.0,0.08978423825329931,0.08978423825329931,5.553328276457405
26,django__django-16255,1791035633.1137938,7.661798000335693,15603,14112,1491,0,0,766,725,766,0.333578690997322,0.0,0.17109081265167764,0.17109081265167764,3.0442685792826487
6,django__django-15380,1791035635.607764,52.58056902885437,21534,20384,1150,0,0,868,282,868,0.2644882059156631,0.0,0.1995054990116631,0.1995054990116631,4.462878201244482
16,pytest-dev__pytest-5631,1791035636.2683806,10.157400369644165,2019,0,2019,2019,0,0,0,0,0.4230145030433466,0.0,0.0,0.0,0.0
27,sympy__sympy-11618,1791035638.1084893,36.547889709472656,12953,12544,409,0,0,250,159,250,0.09061960665066206,0.0,0.055370561162292435,0.055370561162292435,2.6959239973020823
18,astropy__astropy-12907,1791035640.096578,33.40011382102966,8868,7840,1028,0,0,688,340,688,0.2231315476214229,0.0,0.14921314723251813,0.14921314723251813,1.6660290277841248
8,sympy__sympy-23262,1791035640.2437809,8.34364366531372,11408,10976,432,0,0,56,376,56,0.0950255251961699,0.0,0.012307319419887303,0.012307319419887303,2.350102544725473
26,django__django-16255,1791035641.2190757,41.18836736679077,16552,14112,2440,0,0,1491,949,1491,0.5470848736225549,0.0,0.333578690997322,0.333578690997322,3.0442685792826487
16,pytest-dev__pytest-5631,1791035646.8108823,6.931433916091919,2509,1568,941,0,0,451,490,451,0.19814904127931834,0.0,0.09485495629443536,0.09485495629443536,0.3281595467489112
28,sympy__sympy-13757,1791035648.1360445,29.19502830505371,14798,12544,2254,0,0,1465,789,1465,0.5015387425229175,0.0,0.32538482596504925,0.32538482596504925,2.6959239973020823
11,sympy__sympy-18211,1791035648.5494323,15.967662334442139,13885,12544,1341,0,0,819,522,819,0.2977583978962695,0.0,0.1816330770894972,0.1816330770894972,2.6959239973020823
9,sympy__sympy-13757,1791035648.7121725,115.10743808746338,10515,9408,1107,0,0,661,446,661,0.24210500657020653,0.0,0.144411881749534,0.144411881749534,2.0068042215528203
8,sympy__sympy-23262,1791035648.7415981,14.65370225906372,12278,10976,1302,0,0,432,870,432,0.2869776040505076,0.0,0.0950255251961699,0.0950255251961699,2.350102544725473
16,pytest-dev__pytest-5631,1791035653.901693,31.633861541748047,4405,1568,2837,0,0,941,1896,941,0.6001551817064174,0.0,0.19814904127931834,0.19814904127931834,0.3281595467489112
21,django__django-12262,1791035655.6125057,10.37651014328003,6530,4704,1826,0,0,1155,671,1155,0.391211782068918,0.0,0.24705556648151977,0.24705556648151977,0.9920480284586043
3,django__django-13112,1791035659.2532637,21.84717631340027,26325,25088,1237,0,0,733,504,733,0.29052404846620256,0.0,0.17196413822589132,0.17196413822589132,5.553328276457405
8,sympy__sympy-23262,1791035663.517312,74.31317520141602,12629,10976,1653,0,0,1302,351,1302,0.3646402468891443,0.0,0.2869776040505076,0.2869776040505076,2.350102544725473
7,pytest-dev__pytest-10051,1791035664.8700478,1260.0689508914948,5281,3136,2145,0,0,1321,824,1321,0.45645551034012394,0.0,0.2805499672379724,0.2805499672379724,0.6588422229017793
21,django__django-12262,1791035666.2178855,6.647489070892334,8088,6272,1816,0,0,258,1558,258,0.3919822073751504,0.0,0.05548284710813617,0.05548284710813617,1.3277769634193861
23,django__django-13821,1791035670.0842302,11.240064144134521,9208,7840,1368,0,0,975,393,975,0.29716858093634535,0.0,0.21160116840233215,0.21160116840233215,1.6660290277841248
25,django__django-15380,1791035672.0317187,113.17733883857727,16466,15680,786,0,0,3,783,3,0.17683078489467285,0.0,0.0006737213452700458,0.0006737213452700458,3.3951362906671716
11,sympy__sympy-18211,1791035672.1406217,26.99783492088318,14414,12544,1870,0,0,1341,529,1341,0.41572623774515033,0.0,0.2977583978962695,0.2977583978962695,2.6959239973020823
21,django__django-12262,1791035673.001646,493.0022518634796,8721,7840,881,0,0,248,633,248,0.19115815212999138,0.0,0.053730143010411666,0.053730143010411666,1.6660290277841248
18,astropy__astropy-12907,1791035674.006119,16.99920392036438,9375,7840,1535,0,0,1028,507,1028,0.33357727485700106,0.0,0.2231315476214229,0.2231315476214229,1.6660290277841248
28,sympy__sympy-13757,1791035677.456757,248.34266805648804,15294,14112,1182,0,0,686,496,686,0.2642592783754632,0.0,0.15319416054235135,0.15319416054235135,3.0442685792826487
27,pytest-dev__pytest-6202,1791035677.991608,11.560681581497192,2111,0,2111,2111,0,0,0,0,0.4423897061741734,0.0,0.0,0.0,0.0
3,django__django-13112,1791035681.5368822,19.183270931243896,26616,25088,1528,0,0,1237,291,1237,0.35909698968310927,0.0,0.29052404846620256,0.29052404846620256,5.553328276457405
23,django__django-13821,1791035681.6184907,9.533466815948486,10195,7840,2355,0,0,1368,987,1368,0.5127657895689672,0.0,0.29716858093634535,0.29716858093634535,1.6660290277841248
26,django__django-16255,1791035682.9399781,11.794110536575317,17438,15680,1758,0,0,872,886,872,0.3963838267552072,0.0,0.19621716223803168,0.19621716223803168,3.3951362906671716
30,sympy__sympy-18211,1791035684.1423478,68.78414869308472,12682,10976,1706,0,0,484,1222,484,0.3763780715834174,0.0,0.10647669701733106,0.10647669701733106,2.350102544725473
16,pytest-dev__pytest-5631,1791035685.8340783,260.1115472316742,4800,3136,1664,0,0,1269,395,1269,0.3536881285515613,0.0,0.26947250555354924,0.26947250555354924,0.6588422229017793
29,sympy__sympy-15875,1791035689.4745195,92.65619206428528,5769,4704,1065,0,0,614,451,614,0.22775530100034916,0.0,0.13116472242107394,0.13116472242107394,0.9920480284586043
27,pytest-dev__pytest-6202,1791035689.9504073,10.589952230453491,2357,1568,789,0,0,543,246,543,0.16608043254825924,0.0,0.11423015942526221,0.11423015942526221,0.3281595467489112
23,django__django-13821,1791035691.2777314,5.752596855163574,10357,9408,949,0,0,787,162,787,0.2074728824793057,0.0,0.17199059580027162,0.17199059580027162,2.0068042215528203
6,django__django-15380,1791035691.3741083,45.924049854278564,22207,20384,1823,0,0,1150,673,1150,0.4199008377468224,0.0,0.2644882059156631,0.2644882059156631,4.462878201244482
18,astropy__astropy-12907,1791035693.0910616,7.132540941238403,10086,7840,2246,0,0,1535,711,1535,0.4889070623202398,0.0,0.33357727485700106,0.33357727485700106,1.6660290277841248
26,django__django-16255,1791035695.2185278,14.755542278289795,17927,17248,679,0,0,190,489,190,0.15381372625911982,0.0,0.042992985966727244,0.042992985966727244,3.7485271314556514
23,django__django-13821,1791035697.1522367,7.149972677230835,11121,9408,1713,0,0,949,764,949,0.3751721113179871,0.0,0.2074728824793057,0.2074728824793057,2.0068042215528203
27,pytest-dev__pytest-6202,1791035700.845231,16.105931043624878,3077,1568,1509,0,0,789,720,789,0.3181942134585985,0.0,0.16608043254825924,0.16608043254825924,0.3281595467489112
3,django__django-13112,1791035700.8592036,9.931304454803467,27269,25088,2181,0,0,1528,653,1528,0.5132900296638674,0.0,0.35909698968310927,0.35909698968310927,5.553328276457405
18,astropy__astropy-12907,1791035703.656025,21.405447721481323,10465,9408,1057,0,0,678,379,678,0.23114270279181062,0.0,0.14813186855154417,0.14813186855154417,2.0068042215528203
23,django__django-13821,1791035704.4269266,308.62819743156433,11747,10976,771,0,0,145,626,145,0.16972827968469786,0.0,0.03187378814533462,0.03187378814533462,2.350102544725473
4,django__django-13821,1791035705.092449,79.81303596496582,14573,0,14573,0,14112,143,318,14255,3.1471636185034537,3.0442685792826487,0.031894216590392696,3.0761627958730413,0.0
26,django__django-16255,1791035710.4768538,17.893357276916504,18176,17248,928,0,0,679,249,679,0.21033821079396306,0.0,0.15381372625911982,0.15381372625911982,3.7485271314556514
3,django__django-13112,1791035710.9425175,25.337321281433105,28424,26656,1768,0,0,613,1155,613,0.4185623416650563,0.0,0.1447604124516461,0.1447604124516461,5.921857893669626
11,sympy__sympy-18211,1791035714.258703,34.48651099205017,15082,14112,970,0,0,302,668,302,0.21675700354603822,0.0,0.06738165576458406,0.06738165576458406,3.0442685792826487
27,pytest-dev__pytest-6202,1791035717.3369117,11.029661178588867,4097,1568,2529,0,0,1509,1020,1509,0.5345994185822838,0.0,0.3181942134585985,0.3181942134585985,0.3281595467489112
13,sympy__sympy-23262,1791035718.9729004,52.78339076042175,20245,18816,1429,0,0,811,618,811,0.32656046104183967,0.0,0.18507560008962876,0.18507560008962876,4.104441101648089
2,django__django-12262,1791035726.0917792,25.627917051315308,9218,7840,1378,0,0,833,545,833,0.2993479366533979,0.0,0.1807226625109042,0.1807226625109042,1.6660290277841248
31,sympy__sympy-20916,1791035728.37264,119.25569486618042,11805,10976,829,0,0,132,697,132,0.18252109698706453,0.0,0.029015257662866254,0.029015257662866254,2.350102544725473
26,django__django-16255,1791035729.870359,19.157711029052734,18591,17248,1343,0,0,928,415,928,0.3046870798677219,0.0,0.21033821079396306,0.21033821079396306,3.7485271314556514
27,pytest-dev__pytest-6202,1791035730.2990763,5.1715989112854,4375,3136,1239,0,0,961,278,961,0.26308292454482696,0.0,0.20391674242941565,0.20391674242941565,0.6588422229017793
27,pytest-dev__pytest-6202,1791035735.6610491,33.52724862098694,4914,3136,1778,0,0,1239,539,1239,0.37802317115733,0.0,0.26308292454482696,0.26308292454482696,0.6588422229017793
3,django__django-13112,1791035736.44286,14.984327793121338,29313,28224,1089,0,0,200,889,200,0.2591865055384133,0.0,0.047509595048878174,0.047509595048878174,6.292910640285805
6,django__django-15380,1791035737.7095623,38.040704011917114,22735,21952,783,0,0,255,528,255,0.18119447517344806,0.0,0.058940608746471765,0.058940608746471765,4.823838430244833
8,sympy__sympy-23262,1791035737.9728029,12.332290172576904,12920,12544,376,0,0,85,291,85,0.08330163347555761,0.0,0.01881879431253497,0.01881879431253497,2.6959239973020823
15,pytest-dev__pytest-5631,1791035738.3550127,122.76349759101868,10230,7840,2390,0,0,1406,984,1406,0.5204294348929625,0.0,0.30545067861890124,0.30545067861890124,1.6660290277841248
18,astropy__astropy-12907,1791035738.8139403,19.518458127975464,11284,9408,1876,0,0,1057,819,1057,0.41102840616363207,0.0,0.23114270279181062,0.23114270279181062,2.0068042215528203
17,pylint-dev__pylint-6528,1791035744.8365648,15.458336114883423,10740,0,10740,0,9408,395,937,9803,2.298271344313946,2.0068042215528203,0.08624365594699428,2.0930478774998145,0.0
26,django__django-16255,1791035749.1804044,14.063226699829102,18867,17248,1619,0,0,1343,276,1343,0.36753262131771114,0.0,0.3046870798677219,0.3046870798677219,3.7485271314556514
11,sympy__sympy-18211,1791035749.749532,37.926676988601685,15470,14112,1358,0,0,970,388,970,0.3037301689923534,0.0,0.21675700354603822,0.21675700354603822,3.0442685792826487
8,sympy__sympy-23262,1791035750.5571735,131.5072214603424,13910,12544,1366,0,0,376,990,376,0.3033269722974496,0.0,0.08330163347555761,0.08330163347555761,2.6959239973020823
3,django__django-13112,1791035751.6798024,9.694005012512207,29921,28224,1697,0,0,1089,608,1089,0.4044224440630521,0.0,0.2591865055384133,0.2591865055384133,6.292910640285805
2,django__django-12262,1791035751.871492,7.745266675949097,9548,7840,1708,0,0,1378,330,1378,0.37132424717728557,0.0,0.2993479366533979,0.2993479366533979,1.6660290277841248
30,sympy__sympy-18211,1791035753.1600213,493.08906269073486,13445,12544,901,0,0,138,763,138,0.19985647241760704,0.0,0.030556619006808044,0.030556619006808044,2.6959239973020823
2,django__django-12262,1791035759.955433,77.3721911907196,9964,9408,556,0,0,140,416,140,0.12144206572233582,0.0,0.030549053408589984,0.030549053408589984,2.0068042215528203
17,pylint-dev__pylint-6528,1791035761.470199,13.131322622299194,11130,9408,1722,0,0,1332,390,1332,0.377151195557098,0.0,0.2914671227611256,0.2914671227611256,2.0068042215528203
3,django__django-13112,1791035761.5077069,7.618739128112793,30217,29792,425,0,0,129,296,129,0.10169084033244256,0.0,0.030846568042917077,0.030846568042917077,6.666486516305939
26,django__django-16255,1791035763.4123778,21.614006519317627,19108,18816,292,0,0,51,241,51,0.0665585822628295,0.0,0.01161865112527432,0.01161865112527432,4.104441101648089
9,sympy__sympy-13757,1791035764.2469232,17.172225952148438,11058,9408,1650,0,0,1107,543,1107,0.3613208491483302,0.0,0.24210500657020653,0.24210500657020653,2.0068042215528203
18,astropy__astropy-12907,1791035767.7876403,14.296875953674316,11648,10976,672,0,0,308,364,308,0.14790023934051133,0.0,0.0677300829909796,0.0677300829909796,2.350102544725473
3,django__django-13112,1791035769.2836258,18.28611135482788,30745,29792,953,0,0,425,528,425,0.22828494777454225,0.0,0.10169084033244256,0.10169084033244256,6.666486516305939
27,pytest-dev__pytest-6202,1791035769.5891595,24.143970489501953,5213,4704,509,0,0,210,299,210,0.10870684954533404,0.0,0.04481736560050501,0.04481736560050501,0.9920480284586043
13,sympy__sympy-23262,1791035771.8936932,114.77648687362671,20635,18816,1819,0,0,1429,390,1429,0.4160487408023574,0.0,0.32656046104183967,0.32656046104183967,4.104441101648089
17,pylint-dev__pylint-6528,1791035775.8389275,10.190366268157959,11558,10976,582,0,0,154,428,154,0.1280652944407897,0.0,0.03385287238444552,0.03385287238444552,2.350102544725473
6,django__django-15380,1791035775.8780715,6.854297399520874,23006,21952,1054,0,0,783,271,783,0.24405330325176955,0.0,0.18119447517344806,0.18119447517344806,4.823838430244833
12,sympy__sympy-20916,1791035779.6791978,47.36235809326172,18492,15680,2812,0,0,954,1858,954,0.6355545476924577,0.0,0.21470891632814657,0.21470891632814657,3.3951362906671716
9,sympy__sympy-13757,1791035781.5487869,21.310579538345337,11246,10976,270,0,0,82,188,82,0.05936850945788293,0.0,0.018022525975677713,0.018022525975677713,2.350102544725473
29,sympy__sympy-15875,1791035782.6196635,165.7636113166809,6123,4704,1419,0,0,1065,354,1065,0.30371763253338285,0.0,0.22775530100034916,0.22775530100034916,0.9920480284586043
6,django__django-15380,1791035782.874314,18.252052307128906,23352,21952,1400,0,0,1054,346,1054,0.32441802746220266,0.0,0.24405330325176955,0.24405330325176955,4.823838430244833
18,astropy__astropy-12907,1791035782.9924724,6.827025651931763,11862,10976,886,0,0,672,214,672,0.19509671196362255,0.0,0.14790023934051133,0.14790023934051133,2.350102544725473
4,django__django-13821,1791035785.117572,11.917363405227661,14880,14112,768,0,0,461,307,461,0.1715383131057943,0.0,0.10289503922080531,0.10289503922080531,3.0442685792826487
25,django__django-15380,1791035785.5327232,173.8535876274109,17240,15680,1560,0,0,786,774,786,0.35158142257962355,0.0,0.17683078489467285,0.17683078489467285,3.3951362906671716
17,pylint-dev__pylint-6528,1791035786.1809702,1198.9507920742035,12100,10976,1124,0,0,582,542,582,0.24764144613962455,0.0,0.1280652944407897,0.1280652944407897,2.350102544725473
3,django__django-13112,1791035787.7169106,5.234477996826172,30950,29792,1158,0,0,953,205,953,0.2775131727403446,0.0,0.22828494777454225,0.22828494777454225,6.666486516305939
18,astropy__astropy-12907,1791035789.9902196,42.06764602661133,12145,10976,1169,0,0,886,283,886,0.25758290943055784,0.0,0.19509671196362255,0.19509671196362255,2.350102544725473
11,sympy__sympy-18211,1791035791.5013964,16.388758182525635,15848,14112,1736,0,0,1358,378,1358,0.38861033035593123,0.0,0.3037301689923534,0.3037301689923534,3.0442685792826487
3,django__django-13112,1791035793.0770838,414.07612919807434,31135,29792,1343,0,0,1158,185,1158,0.3219756655285081,0.0,0.2775131727403446,0.2775131727403446,6.666486516305939
26,pylint-dev__pylint-6528,1791035795.37224,8.655670881271362,1932,0,1932,1932,0,0,0,0,0.40470029087227916,0.0,0.0,0.0,0.0
27,pytest-dev__pytest-6202,1791035795.5135498,13.929142236709595,5584,4704,880,0,0,509,371,509,0.1881086379548558,0.0,0.10870684954533404,0.10870684954533404,0.9920480284586043
4,django__django-13821,1791035797.199495,334.9283003807068,15047,14112,935,0,0,768,167,768,0.20891908275927193,0.0,0.1715383131057943,0.1715383131057943,3.0442685792826487
6,django__django-15380,1791035801.246612,51.771080493927,23992,21952,2040,0,0,1400,640,1400,0.47339333855655336,0.0,0.32441802746220266,0.32441802746220266,4.823838430244833
9,sympy__sympy-13757,1791035803.0537863,14.553420782089233,11541,10976,565,0,0,270,295,270,0.1243196270995004,0.0,0.05936850945788293,0.05936850945788293,2.350102544725473
26,pylint-dev__pylint-6528,1791035804.3924494,11.293259859085083,3167,1568,1599,0,0,364,1235,364,0.33724584238859623,0.0,0.07654074412336799,0.07654074412336799,0.3281595467489112
22,django__django-13112,1791035805.7861204,7.004505157470703,6927,0,6927,0,4704,978,1245,5682,1.4687680078287417,0.9920480284586043,0.20910627920892466,1.201154307667529,0.0
11,sympy__sympy-18211,1791035808.7703447,24.324993133544922,16394,15680,714,0,0,168,546,168,0.16060616667697247,0.0,0.037742618971408085,0.037742618971408085,3.3951362906671716
27,pytest-dev__pytest-6202,1791035809.711037,10.928502798080444,6233,4704,1529,0,0,880,649,880,0.3273479364040829,0.0,0.1881086379548558,0.1881086379548558,0.9920480284586043
24,django__django-14787,1791035812.804456,6.056222677230835,5409,0,5409,0,4704,348,357,5052,1.1426853926813942,0.9920480284586043,0.07429341926889516,1.0663414477274995,0.0
22,django__django-13112,1791035812.963865,9.834887266159058,7534,6272,1262,0,0,655,607,655,0.2720429866599701,0.0,0.14099104440935564,0.14099104440935564,1.3277769634193861
26,pylint-dev__pylint-6528,1791035815.9443448,10.794857740402222,4995,3136,1859,0,0,31,1828,31,0.3953219640264312,0.0,0.0065631662357281875,0.0065631662357281875,0.6588422229017793
9,sympy__sympy-13757,1791035818.020295,27.200668573379517,11840,10976,864,0,0,565,299,565,0.19024257073131154,0.0,0.1243196270995004,0.1243196270995004,2.350102544725473
24,django__django-14787,1791035819.018441,11.063337564468384,6328,4704,1624,0,0,705,919,705,0.3477659190873881,0.0,0.15063736422278987,0.15063736422278987,0.9920480284586043
27,pytest-dev__pytest-6202,1791035820.9119139,10.600327730178833,7217,4704,2513,0,0,1529,984,1529,0.539284115256051,0.0,0.3273479364040829,0.3273479364040829,0.9920480284586043
22,django__django-13112,1791035823.0655422,31.00932240486145,8542,6272,2270,0,0,1262,1008,1262,0.49050656856537117,0.0,0.2720429866599701,0.2720429866599701,1.3277769634193861
26,pylint-dev__pylint-6528,1791035827.0207841,12.100441694259644,7054,4704,2350,0,0,291,2059,291,0.5041081340604805,0.0,0.06211615846960622,0.06211615846960622,0.9920480284586043
12,sympy__sympy-20916,1791035827.469169,9.779160976409912,18768,17248,1520,0,0,1244,276,1244,0.34498120747100414,0.0,0.2821637069039777,0.2821637069039777,3.7485271314556514
24,django__django-14787,1791035830.3130238,6.052059888839722,7211,6272,939,0,0,56,883,56,0.20225987554423025,0.0,0.012036984126606207,0.012036984126606207,1.3277769634193861
27,pytest-dev__pytest-6202,1791035832.055668,175.39962530136108,7527,6272,1255,0,0,945,310,945,0.27052952415704873,0.0,0.2035551802952692,0.2035551802952692,1.3277769634193861
18,astropy__astropy-12907,1791035832.6099274,13.64889907836914,12695,10976,1719,0,0,1169,550,1169,0.37925760091478,0.0,0.25758290943055784,0.25758290943055784,2.350102544725473
11,sympy__sympy-18211,1791035833.2604089,33.22900390625,16871,15680,1191,0,0,714,477,714,0.26819338910718177,0.0,0.16060616667697247,0.16060616667697247,3.3951362906671716
24,django__django-14787,1791035836.529369,1289.573249578476,8527,6272,2255,0,0,939,1316,939,0.487247979510593,0.0,0.20225987554423025,0.20225987554423025,1.3277769634193861
12,sympy__sympy-20916,1791035837.3799248,12.428354263305664,18934,17248,1686,0,0,1520,166,1520,0.38280039617510625,0.0,0.34498120747100414,0.34498120747100414,3.7485271314556514
2,django__django-12262,1791035837.5647485,9.967042207717896,11102,9408,1694,0,0,556,1138,556,0.37099431756985335,0.0,0.12144206572233582,0.12144206572233582,2.0068042215528203
26,pylint-dev__pylint-6528,1791035839.3579106,10.697420120239258,7992,6272,1720,0,0,782,938,782,0.3711759549182026,0.0,0.16837919909969862,0.16837919909969862,1.3277769634193861
9,sympy__sympy-13757,1791035845.6294677,32.942750692367554,12485,10976,1509,0,0,864,645,864,0.33276335480006886,0.0,0.19024257073131154,0.19024257073131154,2.350102544725473
18,astropy__astropy-12907,1791035846.4035633,27.667542457580566,13024,12544,480,0,0,151,329,151,0.10636812568001132,0.0,0.03343614833817065,0.03343614833817065,2.6959239973020823
2,django__django-12262,1791035847.7115545,6.358917474746704,11230,10976,254,0,0,126,128,126,0.0558482902517497,0.0,0.02769599439720091,0.02769599439720091,2.350102544725473
31,sympy__sympy-20916,1791035847.8172586,25.046417236328125,12185,10976,1209,0,0,829,380,829,0.26642151029101846,0.0,0.18252109698706453,0.18252109698706453,2.350102544725473
12,sympy__sympy-20916,1791035849.9416718,15.98542594909668,19142,18816,326,0,0,118,208,118,0.0743142415721867,0.0,0.02688642598266943,0.02688642598266943,4.104441101648089
0,django__django-10973,1791035850.259446,556.1501276493073,5496,0,5496,0,4704,511,281,5215,1.1613100403324566,0.9920480284586043,0.10913451285014342,1.1011825413087477,0.0
26,pylint-dev__pylint-6528,1791035850.2826574,9.677591800689697,8570,7840,730,0,0,152,578,152,0.158337821563855,0.0,0.03292389055346389,0.03292389055346389,1.6660290277841248
6,django__django-15380,1791035853.3967707,59.50239014625549,24389,23520,869,0,0,472,397,472,0.2025324729308553,0.0,0.10990998015224587,0.10990998015224587,5.18732178864914
22,django__django-13112,1791035854.3750377,4.21824836730957,9140,7840,1300,0,0,702,598,702,0.2823516836392795,0.0,0.15225450420063244,0.15225450420063244,1.6660290277841248
2,django__django-12262,1791035855.2016113,6.653207778930664,11375,10976,399,0,0,254,145,254,0.08775987468311575,0.0,0.0558482902517497,0.0558482902517497,2.350102544725473
22,django__django-13112,1791035858.7469382,19.90108060836792,9466,7840,1626,0,0,1300,326,1300,0.353428789790704,0.0,0.2823516836392795,0.2823516836392795,1.6660290277841248
26,pylint-dev__pylint-6528,1791035860.2341332,50.27735781669617,9294,7840,1454,0,0,730,724,730,0.31591439384350045,0.0,0.158337821563855,0.158337821563855,1.6660290277841248
15,pytest-dev__pytest-5631,1791035861.2899768,248.61739778518677,10534,9408,1126,0,0,822,304,822,0.24627135470394684,0.0,0.17965424112426687,0.17965424112426687,2.0068042215528203
2,django__django-12262,1791035866.4499145,15.623482465744019,11687,10976,711,0,0,399,312,399,0.15649796362801524,0.0,0.08775987468311575,0.08775987468311575,2.350102544725473
12,sympy__sympy-20916,1791035866.454222,71.92619705200195,19624,18816,808,0,0,326,482,326,0.1843897363154604,0.0,0.0743142415721867,0.0743142415721867,4.104441101648089
31,sympy__sympy-20916,1791035873.0057285,8.347146987915039,12371,10976,1395,0,0,1209,186,1209,0.30754257372848404,0.0,0.26642151029101846,0.26642151029101846,2.350102544725473
11,astropy__astropy-12907,1791035875.2929444,11.6041898727417,1688,0,1688,1688,0,0,0,0,0.353377734996609,0.0,0.0,0.0,0.0
22,django__django-13112,1791035878.9335961,24.150253772735596,10283,9408,875,0,0,58,817,58,0.19126158294099344,0.0,0.012653596022008422,0.012653596022008422,2.0068042215528203
9,sympy__sympy-13757,1791035878.9847007,10.298635005950928,12998,10976,2022,0,0,1509,513,1509,0.44642191460181363,0.0,0.33276335480006886,0.33276335480006886,2.350102544725473
31,sympy__sympy-20916,1791035881.480651,17.354654550552368,12611,10976,1635,0,0,1395,240,1395,0.36065447162595016,0.0,0.30754257372848404,0.30754257372848404,2.350102544725473
8,sympy__sympy-23262,1791035882.4600725,84.04142570495605,14522,12544,1978,0,0,1366,612,1366,0.4398457096868267,0.0,0.3033269722974496,0.3033269722974496,2.6959239973020823
18,django__django-10973,1791035885.2717729,11.049288988113403,1426,0,1426,1426,0,0,0,0,0.29833711403835494,0.0,0.0,0.0,0.0
13,sympy__sympy-23262,1791035886.9032288,33.1988422870636,21089,20384,705,0,0,251,454,251,0.16198179170869292,0.0,0.05761164120596361,0.05761164120596361,4.462878201244482
11,astropy__astropy-12907,1791035887.2840586,4.467220306396484,1945,1568,377,0,0,120,257,120,0.07927685692003356,0.0,0.025218188247697854,0.025218188247697854,0.3281595467489112
2,django__django-12262,1791035888.5405073,11.199315786361694,12150,10976,1174,0,0,711,463,711,0.2586876447424318,0.0,0.15649796362801524,0.15649796362801524,2.350102544725473
9,sympy__sympy-13757,1791035889.4731169,9.685592412948608,13132,12544,588,0,0,454,134,454,0.13033353901568615,0.0,0.10060046202520428,0.10060046202520428,2.6959239973020823
11,astropy__astropy-12907,1791035891.8771677,169.00783395767212,4607,1568,3039,0,0,377,2662,377,0.6432024072694362,0.0,0.07927685692003356,0.07927685692003356,0.3281595467489112
20,django__django-11749,1791035893.9938593,327.30127358436584,12924,0,12924,0,10976,1426,522,12402,2.7801125983074573,2.350102544725473,0.31439953604747334,2.6645020807729463,0.0
18,django__django-10973,1791035896.8134978,5.040899991989136,1655,0,1655,0,0,1426,229,1426,0.34644126006616255,0.0,0.29833711403835494,0.29833711403835494,0.0
31,sympy__sympy-20916,1791035899.0569324,12.833560228347778,12829,12544,285,0,0,67,218,67,0.06312755807897975,0.0,0.014833019049340809,0.014833019049340809,2.6959239973020823
9,sympy__sympy-13757,1791035901.191039,9.247933387756348,13624,12544,1080,0,0,588,492,588,0.23966078336851807,0.0,0.13033353901568615,0.13033353901568615,2.6959239973020823
18,django__django-10973,1791035902.0159805,21.367437601089478,2258,1568,690,0,0,87,603,87,0.14520639180922273,0.0,0.01828171331725137,0.01828171331725137,0.3281595467489112
22,django__django-13112,1791035903.2188995,10.937233924865723,10700,9408,1292,0,0,875,417,875,0.2826878383636738,0.0,0.19126158294099344,0.19126158294099344,2.0068042215528203
2,django__django-12262,1791035904.0633497,12.211439609527588,12311,10976,1335,0,0,1174,161,1174,0.2942738353815756,0.0,0.2586876447424318,0.2586876447424318,2.350102544725473
26,pylint-dev__pylint-6528,1791035910.8199692,12.084931373596191,9825,7840,1985,0,0,1454,531,1454,0.43182700119067774,0.0,0.31591439384350045,0.31591439384350045,1.6660290277841248
31,sympy__sympy-20916,1791035912.4163623,21.52994441986084,13154,12544,610,0,0,285,325,285,0.1352168499909827,0.0,0.06312755807897975,0.06312755807897975,2.6959239973020823
9,sympy__sympy-13757,1791035912.8601265,20.456095457077026,13881,12544,1337,0,0,1080,257,1080,0.296867485513791,0.0,0.23966078336851807,0.23966078336851807,2.6959239973020823
6,django__django-15380,1791035913.2380493,50.59468364715576,24576,23520,1056,0,0,869,187,869,0.24621673661945812,0.0,0.2025324729308553,0.2025324729308553,5.18732178864914
22,django__django-13112,1791035914.4016855,17.231942415237427,11543,9408,2135,0,0,1292,843,1292,0.46805860162464114,0.0,0.2826878383636738,0.2826878383636738,2.0068042215528203
2,django__django-12262,1791035916.9149072,50.84578013420105,12658,10976,1682,0,0,1335,347,1335,0.3710624730821641,0.0,0.2942738353815756,0.2942738353815756,2.350102544725473
13,sympy__sympy-23262,1791035920.2505052,28.207947731018066,21483,20384,1099,0,0,705,394,705,0.25272996919611407,0.0,0.16198179170869292,0.16198179170869292,4.462878201244482
18,django__django-10973,1791035923.9095504,8.531602621078491,3322,1568,1754,0,0,690,1064,690,0.37007646676471595,0.0,0.14520639180922273,0.14520639180922273,0.3281595467489112
26,pylint-dev__pylint-6528,1791035924.249091,207.12056517601013,10173,9408,765,0,0,417,348,417,0.16717409076111606,0.0,0.09105180742198211,0.09105180742198211,2.0068042215528203
28,sympy__sympy-13757,1791035926.2009017,157.70782017707825,16035,0,16035,0,14112,1182,741,15294,3.4749241024400805,3.0442685792826487,0.2642592783754632,3.308527857658112,0.0
22,django__django-13112,1791035932.417967,13.877149105072021,12126,10976,1150,0,0,567,583,567,0.2533851492273324,0.0,0.12476027845198868,0.12476027845198868,2.350102544725473
18,django__django-10973,1791035932.600148,298.6180028915405,4436,3136,1300,0,0,186,1114,186,0.2760760429023969,0.0,0.0393937906118479,0.0393937906118479,0.6588422229017793
9,sympy__sympy-13757,1791035933.495044,6.94524073600769,14154,12544,1610,0,0,1337,273,1337,0.3577099374786253,0.0,0.296867485513791,0.296867485513791,2.6959239973020823
31,sympy__sympy-20916,1791035934.4916787,16.446109771728516,13423,12544,879,0,0,610,269,610,0.19496659147697862,0.0,0.1352168499909827,0.1352168499909827,2.6959239973020823
12,sympy__sympy-20916,1791035939.368783,19.818405628204346,20649,18816,1833,0,0,808,1025,808,0.41926404278512697,0.0,0.1843897363154604,0.1843897363154604,4.104441101648089
9,sympy__sympy-13757,1791035940.5957189,5.160510301589966,14253,14112,141,0,0,42,99,42,0.03144799893175633,0.0,0.009365355498059056,0.009365355498059056,3.0442685792826487
9,sympy__sympy-13757,1791035945.8950717,9.809462547302246,14379,14112,267,0,0,141,126,141,0.059567728384481225,0.0,0.03144799893175633,0.03144799893175633,3.0442685792826487
16,pytest-dev__pytest-5631,1791035946.2347577,10.211574792861938,5065,0,5065,0,4704,96,265,4800,1.0691191846719097,0.9920480284586043,0.020482322994736322,1.0125303514533406,0.0
22,django__django-13112,1791035946.9597788,43.35510730743408,12886,10976,1910,0,0,1150,760,1150,0.4215845249974222,0.0,0.2533851492273324,0.2533851492273324,2.350102544725473
29,sympy__sympy-15875,1791035948.5411143,52.25753855705261,6812,4704,2108,0,0,1419,689,1419,0.4519339618951766,0.0,0.30371763253338285,0.30371763253338285,0.9920480284586043
13,sympy__sympy-23262,1791035948.6311517,33.67322516441345,21788,20384,1404,0,0,1099,305,1099,0.32308858711858385,0.0,0.25272996919611407,0.25272996919611407,4.462878201244482
31,sympy__sympy-20916,1791035951.4919603,12.465539932250977,13733,12544,1189,0,0,879,310,879,0.2639152704689352,0.0,0.19496659147697862,0.19496659147697862,2.6959239973020823
9,sympy__sympy-13757,1791035955.8585727,28.42392349243164,14842,14112,730,0,0,267,463,267,0.1630365064232645,0.0,0.059567728384481225,0.059567728384481225,3.0442685792826487
16,pytest-dev__pytest-5631,1791035956.683295,11.407512187957764,5350,4704,646,0,0,361,285,361,0.13801127604573943,0.0,0.07707115621330535,0.07707115621330535,0.9920480284586043
12,sympy__sympy-20916,1791035959.6310756,7.748339891433716,20910,20384,526,0,0,265,261,265,0.12080618778289173,0.0,0.060826943188733225,0.060826943188733225,4.462878201244482
25,django__django-15380,1791035959.706122,7.741124629974365,17969,15680,2289,0,0,1560,729,1560,0.5167343564015051,0.0,0.35158142257962355,0.35158142257962355,3.3951362906671716
6,django__django-15380,1791035964.1654904,53.555747985839844,25052,23520,1532,0,0,1056,476,1056,0.3575749781344613,0.0,0.24621673661945812,0.24621673661945812,5.18732178864914
31,sympy__sympy-20916,1791035964.2424278,8.272308349609375,13963,12544,1419,0,0,1189,230,1189,0.31513447125855765,0.0,0.2639152704689352,0.2639152704689352,2.6959239973020823
8,sympy__sympy-23262,1791035966.624094,29.413753271102905,14857,14112,745,0,0,410,335,410,0.16639230571953945,0.0,0.09150112770626045,0.09150112770626045,3.0442685792826487
25,django__django-15380,1791035967.600408,29.558785438537598,18776,17248,1528,0,0,721,807,721,0.3468031703934214,0.0,0.16334351561302507,0.16334351561302507,3.7485271314556514
2,django__django-12262,1791035967.9977705,43.13159680366516,13386,12544,842,0,0,114,728,114,0.18674382094111694,0.0,0.025241020505554747,0.025241020505554747,2.6959239973020823
12,sympy__sympy-20916,1791035968.3324146,8.03286337852478,21171,20384,787,0,0,526,261,526,0.18085534062578082,0.0,0.12080618778289173,0.12080618778289173,4.462878201244482
16,pytest-dev__pytest-5631,1791035968.3886209,6.19448184967041,6234,4704,1530,0,0,646,884,646,0.3275628143044813,0.0,0.13801127604573943,0.13801127604573943,0.9920480284586043
31,sympy__sympy-20916,1791035973.3908966,6.6831324100494385,14226,12544,1682,0,0,1419,263,1419,0.37376904429227603,0.0,0.31513447125855765,0.31513447125855765,2.6959239973020823
16,pytest-dev__pytest-5631,1791035974.7185397,35.1625816822052,6520,4704,1816,0,0,1530,286,1530,0.38906001158587383,0.0,0.3275628143044813,0.3275628143044813,0.9920480284586043
12,sympy__sympy-20916,1791035978.4465098,13.950378894805908,21440,20384,1056,0,0,787,269,787,0.24281823578963863,0.0,0.18085534062578082,0.18085534062578082,4.462878201244482
31,sympy__sympy-20916,1791035982.1852686,12.03300929069519,14482,14112,370,0,0,114,256,114,0.08256659426860144,0.0,0.025424462311709774,0.025424462311709774,3.0442685792826487
13,sympy__sympy-23262,1791035982.456244,6.294679641723633,22181,20384,1797,0,0,1404,393,1404,0.41388815194538786,0.0,0.32308858711858385,0.32308858711858385,4.462878201244482
9,sympy__sympy-13757,1791035984.6881557,14.603151082992554,15222,14112,1110,0,0,730,380,730,0.24812125808881025,0.0,0.1630365064232645,0.1630365064232645,3.0442685792826487
13,sympy__sympy-23262,1791035989.1311984,35.9704167842865,22417,21952,465,0,0,229,236,229,0.10753003958796768,0.0,0.052927922945037204,0.052927922945037204,4.823838430244833
22,django__django-13112,1791035990.5455077,8.929397106170654,13752,12544,1208,0,0,342,866,342,0.2681443647476805,0.0,0.07576307242081284,0.07576307242081284,2.6959239973020823
12,sympy__sympy-20916,1791035995.2182353,30.11552906036377,21967,20384,1583,0,0,1056,527,1056,0.3644254764070044,0.0,0.24281823578963863,0.24281823578963863,4.462878201244482
8,sympy__sympy-23262,1791035996.2067642,21.51354455947876,15268,14112,1156,0,0,745,411,745,0.2584310462492585,0.0,0.16639230571953945,0.16639230571953945,3.0442685792826487
31,sympy__sympy-20916,1791035996.3652542,29.53445267677307,14800,14112,688,0,0,370,318,370,0.15364149679864655,0.0,0.08256659426860144,0.08256659426860144,3.0442685792826487
25,django__django-15380,1791035997.3171422,11.772939443588257,19225,17248,1977,0,0,1528,449,1528,0.44916612767528863,0.0,0.3468031703934214,0.3468031703934214,3.7485271314556514
19,django__django-10973,1791035997.485772,24.129635095596313,6232,0,6232,0,4704,528,1000,5232,1.319181087988525,0.9920480284586043,0.11276981667819916,1.1048178451368034,0.0
22,django__django-13112,1791035999.609521,162.9202229976654,14329,12544,1785,0,0,1208,577,1208,0.39675173771721706,0.0,0.2681443647476805,0.2681443647476805,2.6959239973020823
29,sympy__sympy-15875,1791036001.338738,57.18943500518799,7003,6272,731,0,0,540,191,540,0.15737881742518053,0.0,0.11620502693439473,0.11620502693439473,1.3277769634193861
27,pytest-dev__pytest-6202,1791036007.7354252,75.9487464427948,8037,6272,1765,0,0,1255,510,1255,0.38092770815114596,0.0,0.27052952415704873,0.27052952415704873,1.3277769634193861
25,django__django-15380,1791036009.2265894,30.475117683410645,19673,18816,857,0,0,409,448,409,0.19559333452861485,0.0,0.09325215748285176,0.09325215748285176,4.104441101648089
16,pytest-dev__pytest-5631,1791036010.1621597,386.3636038303375,6968,6272,696,0,0,248,448,248,0.14983108036960283,0.0,0.053331076625091955,0.053331076625091955,1.3277769634193861
2,django__django-12262,1791036011.3759165,28.83628535270691,13956,12544,1412,0,0,842,570,842,0.31357482503963646,0.0,0.18674382094111694,0.18674382094111694,2.6959239973020823
23,django__django-13821,1791036013.2961497,27.606783628463745,12215,0,12215,0,10976,771,468,11747,2.62315408321004,2.350102544725473,0.16972827968469786,2.5198308244101706,0.0
9,sympy__sympy-13757,1791036013.8408585,10.310842037200928,15534,14112,1422,0,0,1110,312,1110,0.31809110162119886,0.0,0.24812125808881025,0.24812125808881025,3.0442685792826487
6,django__django-15380,1791036017.841425,9.278228282928467,25900,23520,2380,0,0,1532,848,1532,0.5565371935451898,0.0,0.3575749781344613,0.3575749781344613,5.18732178864914
8,sympy__sympy-23262,1791036018.2294428,51.91398882865906,15866,14112,1754,0,0,1156,598,1156,0.3926559003082893,0.0,0.2584310462492585,0.2584310462492585,3.0442685792826487
19,django__django-10973,1791036023.1157756,13.194534063339233,7904,4704,3200,0,0,1528,1672,1528,0.6878408002032158,0.0,0.32713305952992083,0.32713305952992083,0.9920480284586043
12,sympy__sympy-20916,1791036025.7599185,26.141183376312256,22353,21952,401,0,0,15,386,15,0.0927170375170294,0.0,0.0034652474066537726,0.0034652474066537726,4.823838430244833
13,sympy__sympy-23262,1791036025.8596363,19.79207420349121,22980,21952,1028,0,0,465,563,465,0.23801929841568886,0.0,0.10753003958796768,0.10753003958796768,4.823838430244833
31,sympy__sympy-20916,1791036026.4459012,25.85337805747986,15334,14112,1222,0,0,688,534,688,0.2732271439708822,0.0,0.15364149679864655,0.15364149679864655,3.0442685792826487
6,django__django-15380,1791036027.258872,100.58928608894348,26805,25088,1717,0,0,812,905,812,0.4036806046795717,0.0,0.19053070573692546,0.19053070573692546,5.553328276457405
1,django__django-11749,1791036027.7868981,9.334072589874268,12209,0,12209,0,10976,988,245,11964,2.6218280036823107,2.350102544725473,0.21760876577777663,2.5677113105032494,0.0
19,django__django-10973,1791036036.5973988,8.805448293685913,8902,7840,1062,0,0,64,998,64,0.23052991247124432,0.0,0.013859800877695208,0.013859800877695208,1.6660290277841248
1,django__django-11749,1791036037.273129,7.3044915199279785,12375,10976,1399,0,0,1233,166,1233,0.30842728764320176,0.0,0.27172545895683786,0.27172545895683786,2.350102544725473
9,sympy__sympy-13757,1791036038.659652,15.30436086654663,15721,14112,1609,0,0,1422,187,1422,0.3600760358746904,0.0,0.31809110162119886,0.31809110162119886,3.0442685792826487
23,django__django-13821,1791036041.0684977,22.755648612976074,12352,10976,1376,0,0,1239,137,1239,0.3033404068662247,0.0,0.2730515384845673,0.2730515384845673,2.350102544725473
2,django__django-12262,1791036041.1374233,12.813255071640015,14366,12544,1822,0,0,1412,410,1412,0.40501031466676113,0.0,0.31357482503963646,0.31357482503963646,2.6959239973020823
25,django__django-15380,1791036041.826765,68.07821369171143,20011,18816,1195,0,0,857,338,857,0.27294241665146945,0.0,0.19559333452861485,0.19559333452861485,4.104441101648089
1,django__django-11749,1791036044.727174,5.451366424560547,12495,10976,1519,0,0,1399,120,1399,0.33497634028343276,0.0,0.30842728764320176,0.30842728764320176,2.350102544725473
19,django__django-10973,1791036045.5651114,109.27179646492004,10285,7840,2445,0,0,1062,1383,1062,0.5324748460514345,0.0,0.23052991247124432,0.23052991247124432,1.6660290277841248
13,sympy__sympy-23262,1791036046.0246112,13.122504234313965,23265,21952,1313,0,0,1028,285,1028,0.3041991503228476,0.0,0.23801929841568886,0.23801929841568886,4.823838430244833
1,django__django-11749,1791036050.3344297,7.066829442977905,12981,10976,2005,0,0,1519,486,1519,0.44265112499383824,0.0,0.33497634028343276,0.33497634028343276,2.350102544725473
12,sympy__sympy-20916,1791036052.5202456,16.756011724472046,22605,21952,653,0,0,401,252,401,0.15106754265881872,0.0,0.0927170375170294,0.0927170375170294,4.823838430244833
31,sympy__sympy-20916,1791036053.301516,38.7982120513916,15719,14112,1607,0,0,1222,385,1222,0.35962680929097546,0.0,0.2732271439708822,0.2732271439708822,3.0442685792826487
2,django__django-12262,1791036054.094817,6.799588441848755,14655,14112,543,0,0,254,289,254,0.12122025772295908,0.0,0.05666573268619491,0.05666573268619491,3.0442685792826487
9,sympy__sympy-13757,1791036054.149754,9.748436689376831,15980,15680,300,0,0,41,259,41,0.0674178533579223,0.0,0.009208324490167279,0.009208324490167279,3.3951362906671716
1,django__django-11749,1791036057.5185935,652.7771394252777,14097,12544,1553,0,0,437,1116,437,0.3450002508758851,0.0,0.09682967241722887,0.09682967241722887,2.6959239973020823
29,sympy__sympy-15875,1791036059.0486495,26.678459644317627,7483,6272,1211,0,0,731,480,731,0.26101748271876596,0.0,0.15737881742518053,0.15737881742518053,1.3277769634193861
13,sympy__sympy-23262,1791036059.5568357,9.640392780303955,23533,21952,1581,0,0,1313,268,1313,0.36650747828479074,0.0,0.3041991503228476,0.3041991503228476,4.823838430244833
2,django__django-12262,1791036061.0409377,33.51526427268982,14945,14112,833,0,0,543,290,543,0.18608431249431256,0.0,0.12122025772295908,0.12122025772295908,3.0442685792826487
11,astropy__astropy-12907,1791036061.4382646,6.655105829238892,4912,3136,1776,0,0,1471,305,1471,0.3775961256468239,0.0,0.3125197311165681,0.3125197311165681,0.6588422229017793
23,django__django-13821,1791036064.0015182,5.322261095046997,12652,10976,1676,0,0,1376,300,1376,0.3697336658181254,0.0,0.3033404068662247,0.3033404068662247,2.350102544725473
9,sympy__sympy-13757,1791036066.6805937,8.728127479553223,16192,15680,512,0,0,300,212,300,0.1151154989652327,0.0,0.0674178533579223,0.0674178533579223,3.3951362906671716
11,astropy__astropy-12907,1791036068.224368,16.689091682434082,5698,4704,994,0,0,208,786,208,0.212535401463702,0.0,0.04439032008999894,0.04439032008999894,0.9920480284586043
13,sympy__sympy-23262,1791036069.3454762,6.635724306106567,23674,23520,154,0,0,13,141,13,0.035835331201840216,0.0,0.0030241198804832163,0.0030241198804832163,5.18732178864914
12,sympy__sympy-20916,1791036069.406968,18.900250673294067,22853,21952,901,0,0,653,248,653,0.20855547596211654,0.0,0.15106754265881872,0.15106754265881872,4.823838430244833
23,django__django-13821,1791036069.4655085,23.546808004379272,12802,12544,258,0,0,108,150,108,0.05714347819543432,0.0,0.023912213241516007,0.023912213241516007,2.6959239973020823
8,sympy__sympy-23262,1791036070.5552945,32.12801218032837,16647,15680,967,0,0,186,781,186,0.21764116957998572,0.0,0.041788188923766165,0.041788188923766165,3.3951362906671716
13,sympy__sympy-23262,1791036077.1563983,8.13111686706543,23978,23520,458,0,0,154,304,154,0.10664664825422124,0.0,0.035835331201840216,0.035835331201840216,5.18732178864914
9,sympy__sympy-13757,1791036078.0326095,17.07284140586853,16518,15680,838,0,0,512,326,512,0.18855187330467035,0.0,0.1151154989652327,0.1151154989652327,3.3951362906671716
27,pytest-dev__pytest-6202,1791036083.8440962,9.226158380508423,8357,7840,517,0,0,197,320,197,0.11208137675884387,0.0,0.04267564378640726,0.04267564378640726,1.6660290277841248
28,sympy__sympy-13757,1791036084.1547627,6.72910737991333,16406,15680,726,0,0,355,371,355,0.16330990026815753,0.0,0.07978781177290917,0.07978781177290917,3.3951362906671716
13,sympy__sympy-23262,1791036085.989128,8.431643962860107,24271,23520,751,0,0,458,293,458,0.1749854688500167,0.0,0.10664664825422124,0.10664664825422124,5.18732178864914
29,sympy__sympy-15875,1791036086.2062926,32.55807447433472,7982,6272,1710,0,0,1211,499,1211,0.3690091808592209,0.0,0.26101748271876596,0.26101748271876596,1.3277769634193861
11,astropy__astropy-12907,1791036086.3490968,76.47316694259644,6108,4704,1404,0,0,994,410,994,0.30049628046580673,0.0,0.212535401463702,0.212535401463702,0.9920480284586043
12,sympy__sympy-20916,1791036088.7523124,50.97319769859314,23036,21952,1084,0,0,901,183,901,0.2510164785627331,0.0,0.20855547596211654,0.20855547596211654,4.823838430244833
28,sympy__sympy-13757,1791036091.0178833,247.19923901557922,17779,15680,2099,0,0,726,1373,726,0.4736378334459722,0.0,0.16330990026815753,0.16330990026815753,3.3951362906671716
31,sympy__sympy-20916,1791036092.5852456,23.17281675338745,16027,15680,347,0,0,39,308,39,0.07798835216192539,0.0,0.00875909790645233,0.00875909790645233,3.3951362906671716
23,django__django-13821,1791036093.3216655,5.803431510925293,13184,12544,640,0,0,258,382,258,0.1418767108762213,0.0,0.05714347819543432,0.05714347819543432,2.6959239973020823
27,pytest-dev__pytest-6202,1791036093.445642,10.83079481124878,8821,7840,981,0,0,517,464,517,0.212906349652333,0.0,0.11208137675884387,0.11208137675884387,1.6660290277841248
2,django__django-12262,1791036094.7215476,65.09722447395325,15278,14112,1166,0,0,833,333,833,0.26067259189119574,0.0,0.18608431249431256,0.18608431249431256,3.0442685792826487
13,sympy__sympy-23262,1791036095.3140917,11.802550077438354,24537,23520,1017,0,0,751,266,751,0.2371031530624537,0.0,0.1749854688500167,0.1749854688500167,5.18732178864914
23,django__django-13821,1791036099.2565408,25.617223024368286,13432,12544,888,0,0,640,248,640,0.19696693728149814,0.0,0.1418767108762213,0.1418767108762213,2.6959239973020823
9,sympy__sympy-13757,1791036099.8893366,15.42221736907959,16743,15680,1063,0,0,838,225,838,0.23930010132386784,0.0,0.18855187330467035,0.18855187330467035,3.3951362906671716
8,sympy__sympy-23262,1791036102.835165,44.542463302612305,16850,15680,1170,0,0,967,203,967,0.26345193110365417,0.0,0.21764116957998572,0.21764116957998572,3.3951362906671716
13,sympy__sympy-23262,1791036107.255543,50.60655093193054,24846,23520,1326,0,0,1017,309,1017,0.30935358608025715,0.0,0.2371031530624537,0.2371031530624537,5.18732178864914
25,django__django-15380,1791036110.0253332,72.77349877357483,21035,18816,2219,0,0,1195,1024,1195,0.5079937371874951,0.0,0.27294241665146945,0.27294241665146945,4.104441101648089
15,pytest-dev__pytest-5631,1791036110.057967,29.882706880569458,10868,9408,1460,0,0,1126,334,1126,0.31957186692657436,0.0,0.24627135470394684,0.24627135470394684,2.0068042215528203
5,django__django-14787,1791036110.13391,509.45775389671326,10974,0,10974,0,9408,1025,541,10433,2.3496630571250443,2.0068042215528203,0.22412817479577332,2.2309323963485936,0.0
27,pytest-dev__pytest-6202,1791036112.2330506,12.092441320419312,9217,7840,1377,0,0,981,396,981,0.29912999646362887,0.0,0.212906349652333,0.212906349652333,1.6660290277841248
31,sympy__sympy-20916,1791036115.9187508,60.04873442649841,16286,15680,606,0,0,347,259,347,0.1362792143680767,0.0,0.07798835216192539,0.07798835216192539,3.3951362906671716
9,sympy__sympy-13757,1791036117.7504485,8.206286907196045,16905,15680,1225,0,0,1063,162,1063,0.27587099492962674,0.0,0.23930010132386784,0.23930010132386784,3.3951362906671716
29,sympy__sympy-15875,1791036119.2224905,54.778116941452026,8458,7840,618,0,0,142,476,142,0.13400937952691624,0.0,0.030757116494482144,0.030757116494482144,1.6660290277841248
27,pytest-dev__pytest-6202,1791036125.0120752,14.402586221694946,9619,7840,1779,0,0,1377,402,1377,0.38682466842956376,0.0,0.29912999646362887,0.29912999646362887,1.6660290277841248
23,django__django-13821,1791036125.1013155,5.00888466835022,13764,12544,1220,0,0,888,332,888,0.2708155625405398,0.0,0.19696693728149814,0.19696693728149814,2.6959239973020823
6,django__django-15380,1791036128.2054837,33.15878748893738,27443,26656,787,0,0,149,638,149,0.1859209090975004,0.0,0.03515098746735041,0.03515098746735041,5.921857893669626
9,sympy__sympy-13757,1791036128.523847,24.797502279281616,17229,15680,1549,0,0,1225,324,1225,0.3490935797841482,0.0,0.27587099492962674,0.27587099492962674,3.3951362906671716
23,django__django-13821,1791036130.2539134,49.08586549758911,14005,12544,1461,0,0,1220,241,1220,0.32449340456932413,0.0,0.2708155625405398,0.2708155625405398,2.6959239973020823
26,pylint-dev__pylint-6528,1791036132.338576,126.25416016578674,10549,9408,1141,0,0,765,376,765,0.24956083860507244,0.0,0.16717409076111606,0.16717409076111606,2.0068042215528203
4,django__django-13821,1791036132.3554955,40.17171859741211,15442,0,15442,0,14112,935,395,15047,3.3417171620423445,3.0442685792826487,0.20891908275927193,3.2531876620419204,0.0
27,pytest-dev__pytest-6202,1791036139.7118227,4.9650187492370605,9783,9408,375,0,0,211,164,211,0.08187304017083216,0.0,0.046049474660868166,0.046049474660868166,2.0068042215528203
15,pytest-dev__pytest-5631,1791036140.1036577,11.321407794952393,11210,9408,1802,0,0,1460,342,1460,0.39474670886183394,0.0,0.31957186692657436,0.31957186692657436,2.0068042215528203
12,django__django-11749,1791036143.0257158,8.904117822647095,1633,0,1633,1633,0,0,0,0,0.3418175643188774,0.0,0.0,0.0,0.0
27,pytest-dev__pytest-6202,1791036144.80669,4.272977828979492,9882,9408,474,0,0,375,99,375,0.1035116013602152,0.0,0.08187304017083216,0.08187304017083216,2.0068042215528203
8,sympy__sympy-23262,1791036147.7713583,9.05849289894104,17619,15680,1939,0,0,1170,769,1170,0.43737475926007163,0.0,0.26345193110365417,0.26345193110365417,3.3951362906671716
27,pytest-dev__pytest-6202,1791036149.2223551,5.547034502029419,10020,9408,612,0,0,474,138,474,0.13369122627385568,0.0,0.1035116013602152,0.1035116013602152,2.0068042215528203
15,pytest-dev__pytest-5631,1791036151.6044424,23.424028396606445,11690,10976,714,0,0,234,480,234,0.15715939168763854,0.0,0.051448385689181475,0.051448385689181475,2.350102544725473
12,django__django-11749,1791036152.4715261,11.439812660217285,2762,1568,1194,0,0,65,1129,65,0.25157897325696554,0.0,0.013658017569966182,0.013658017569966182,0.3281595467489112
9,sympy__sympy-13757,1791036153.8565884,162.9943404197693,17831,15680,2151,0,0,1549,602,1549,0.48542898917133986,0.0,0.3490935797841482,0.3490935797841482,3.3951362906671716
27,pytest-dev__pytest-6202,1791036154.9126124,8.74280047416687,10159,9408,751,0,0,612,139,612,0.16410930071140412,0.0,0.13369122627385568,0.13369122627385568,2.0068042215528203
19,django__django-10973,1791036155.1178951,15.07637333869934,10544,9408,1136,0,0,877,259,877,0.24846431831545432,0.0,0.19169965228273897,0.19169965228273897,2.0068042215528203
8,sympy__sympy-23262,1791036156.9804606,6.805946588516235,17755,17248,507,0,0,371,136,371,0.11480585671182805,0.0,0.08398391847159159,0.08398391847159159,3.7485271314556514
13,sympy__sympy-23262,1791036158.2487283,43.19583559036255,25413,23520,1893,0,0,1326,567,1326,0.44218448506643243,0.0,0.30935358608025715,0.30935358608025715,5.18732178864914
6,django__django-15380,1791036161.9655366,35.35803508758545,27860,26656,1204,0,0,787,417,787,0.28469062473958895,0.0,0.1859209090975004,0.1859209090975004,5.921857893669626
22,django__django-13112,1791036162.858142,135.81522178649902,14580,14112,468,0,0,217,251,217,0.10445911775467001,0.0,0.048407155736650824,0.048407155736650824,3.0442685792826487
11,astropy__astropy-12907,1791036162.9710605,34.52890706062317,6492,4704,1788,0,0,1404,384,1404,0.38303560019110644,0.0,0.30049628046580673,0.30049628046580673,0.9920480284586043
12,django__django-11749,1791036164.1974697,11.63431453704834,3288,1568,1720,0,0,1194,526,1194,0.36287279948171186,0.0,0.25157897325696554,0.25157897325696554,0.3281595467489112
27,pytest-dev__pytest-6202,1791036164.34576,10.493501901626587,10359,9408,951,0,0,751,200,751,0.2079111037040361,0.0,0.16410930071140412,0.16410930071140412,2.0068042215528203
21,django__django-12262,1791036166.929271,36.15730953216553,9443,0,9443,0,7840,881,722,8721,2.0144395991956117,1.6660290277841248,0.19115815212999138,1.8571871799141162,0.0
2,django__django-12262,1791036168.3807535,11.996721267700195,1590,0,1590,0,14112,1166,0,15278,0.3327817749781669,3.0442685792826487,0.26067259189119574,3.3049411711738443,0.0
19,django__django-10973,1791036170.3368158,29.966508865356445,10974,9408,1566,0,0,1136,430,1136,0.3428588355722239,0.0,0.24846431831545432,0.24846431831545432,2.0068042215528203
8,sympy__sympy-23262,1791036172.105262,6.426957607269287,17919,17248,671,0,0,507,164,507,0.15199873353422422,0.0,0.11480585671182805,0.11480585671182805,3.7485271314556514
4,django__django-13821,1791036172.8981817,25.474175691604614,15857,14112,1745,0,0,1330,415,1330,0.3906330737695367,0.0,0.2974485827596963,0.2974485827596963,3.0442685792826487
29,sympy__sympy-15875,1791036174.451269,20.358500480651855,8668,7840,828,0,0,618,210,618,0.1796357683185702,0.0,0.13400937952691624,0.13400937952691624,1.6660290277841248
15,pytest-dev__pytest-5631,1791036175.1921494,129.20934867858887,11814,10976,838,0,0,714,124,714,0.18450649873735683,0.0,0.15715939168763854,0.15715939168763854,2.350102544725473
12,django__django-11749,1791036176.1150937,4.256561517715454,3499,3136,363,0,0,152,211,152,0.07691439842201978,0.0,0.03219012332884378,0.03219012332884378,0.6588422229017793
31,django__django-13112,1791036179.5330582,17.97972011566162,1856,0,1856,1856,0,0,0,0,0.3887080252539935,0.0,0.0,0.0,0.0
8,sympy__sympy-23262,1791036179.7719483,8.071924924850464,18205,17248,957,0,0,671,286,671,0.21692552045046026,0.0,0.15199873353422422,0.15199873353422422,3.7485271314556514
23,django__django-13821,1791036180.2312734,10.80229640007019,14717,12544,2173,0,0,1461,712,1461,0.48342507383656813,0.0,0.32449340456932413,0.32449340456932413,2.6959239973020823
12,django__django-11749,1791036180.8197286,5.945509195327759,3599,3136,463,0,0,363,100,363,0.09812669530451314,0.0,0.07691439842201978,0.07691439842201978,0.6588422229017793
2,django__django-12262,1791036180.9137037,9.460113048553467,1812,1568,244,0,0,22,222,22,0.051292507674339696,0.0,0.004622228229255733,0.004622228229255733,0.3281595467489112
25,django__django-15380,1791036185.9508238,54.865737199783325,21630,20384,1246,0,0,651,595,651,0.2866285985116825,0.0,0.14955663759110135,0.14955663759110135,4.462878201244482
12,django__django-11749,1791036186.9159148,183.83357858657837,5370,3136,2234,0,0,463,1771,463,0.4754967112609001,0.0,0.09812669530451314,0.09812669530451314,0.6588422229017793
8,sympy__sympy-23262,1791036188.708619,15.316928148269653,18486,17248,1238,0,0,957,281,957,0.2807989772615451,0.0,0.21692552045046026,0.21692552045046026,3.7485271314556514
27,pytest-dev__pytest-6202,1791036189.3966782,31.459425687789917,10682,9408,1274,0,0,951,323,951,0.27873769608021315,0.0,0.2079111037040361,0.2079111037040361,2.0068042215528203
2,django__django-12262,1791036190.6447787,4.819268465042114,2160,1568,592,0,0,244,348,244,0.12455310622635717,0.0,0.051292507674339696,0.051292507674339696,0.3281595467489112
23,django__django-13821,1791036192.3083658,50.39440560340881,15705,14112,1593,0,0,605,988,605,0.3564823381434458,0.0,0.1350804918560019,0.1350804918560019,3.0442685792826487
2,django__django-12262,1791036195.6004252,9.873147249221802,5189,1568,3621,0,0,592,3029,592,0.7674636917830665,0.0,0.12455310622635717,0.12455310622635717,0.3281595467489112
29,sympy__sympy-15875,1791036195.6459322,18.495901584625244,8993,7840,1153,0,0,828,325,828,0.2503372551122606,0.0,0.1796357683185702,0.1796357683185702,1.6660290277841248
11,astropy__astropy-12907,1791036197.6126184,39.37910723686218,6872,6272,600,0,0,220,380,220,0.12913516884868817,0.0,0.047306665230324584,0.047306665230324584,1.3277769634193861
31,django__django-13112,1791036197.895108,26.309656381607056,3128,1568,1560,0,0,288,1272,288,0.32898911592684643,0.0,0.06054847850508229,0.06054847850508229,0.3281595467489112
4,django__django-13821,1791036198.6762576,72.82393336296082,16188,15680,508,0,0,177,331,177,0.11421511647340044,0.0,0.039765362385013554,0.039765362385013554,3.3951362906671716
6,django__django-15380,1791036199.012146,18.596553564071655,28302,26656,1646,0,0,1204,442,1204,0.38957660585252446,0.0,0.28469062473958895,0.28469062473958895,5.921857893669626
19,django__django-10973,1791036200.4844894,17.893796920776367,11377,9408,1969,0,0,1566,403,1566,0.4314985084977769,0.0,0.3428588355722239,0.3428588355722239,2.0068042215528203
13,sympy__sympy-23262,1791036203.0272965,18.127737998962402,25843,25088,755,0,0,325,430,325,0.17713393129773855,0.0,0.07617799725816807,0.07617799725816807,5.553328276457405
21,django__django-12262,1791036203.5022457,81.99883770942688,10024,9408,616,0,0,35,581,35,0.13456628946161606,0.0,0.007635377642791462,0.007635377642791462,2.0068042215528203
8,sympy__sympy-23262,1791036204.4008377,55.44245457649231,18757,17248,1509,0,0,1238,271,1238,0.34247611569438247,0.0,0.2807989772615451,0.2807989772615451,3.7485271314556514
2,django__django-12262,1791036205.598153,205.40471839904785,6464,4704,1760,0,0,485,1275,485,0.37701199336566427,0.0,0.10357521007337343,0.10357521007337343,0.9920480284586043
3,django__django-13112,1791036207.4045966,17.1650288105011,31761,1568,30193,0,28224,1343,626,29567,6.811014600091211,6.338326969557028,0.3219756655285081,6.660302635085536,0.3281595467489112
29,sympy__sympy-15875,1791036214.4395776,9.626811504364014,9210,7840,1370,0,0,1153,217,1153,0.2976044438698648,0.0,0.2503372551122606,0.2503372551122606,1.6660290277841248
6,django__django-15380,1791036217.8458598,11.331473112106323,28793,28224,569,0,0,78,491,78,0.13527253272279374,0.0,0.01852385923634629,0.01852385923634629,6.292910640285805
19,django__django-10973,1791036218.642967,72.37291097640991,11600,10976,624,0,0,401,223,401,0.1373205676143845,0.0,0.08820018532512444,0.08820018532512444,2.350102544725473
27,pytest-dev__pytest-6202,1791036221.178047,38.29287052154541,11061,9408,1653,0,0,1274,379,1274,0.3619803406998964,0.0,0.27873769608021315,0.27873769608021315,2.0068042215528203
20,django__django-11749,1791036221.4273582,142.45488119125366,13168,1568,11600,0,10976,380,244,11356,2.5060891206854565,2.367764450553171,0.08418860100537515,2.451953051558546,0.3281595467489112
13,sympy__sympy-23262,1791036221.7330868,19.33877944946289,26157,25088,1069,0,0,755,314,755,0.2509751138903901,0.0,0.17713393129773855,0.17713393129773855,5.553328276457405
29,sympy__sympy-15875,1791036224.539167,5.910135746002197,9366,7840,1526,0,0,1370,156,1370,0.3316144000215791,0.0,0.2976044438698648,0.2976044438698648,1.6660290277841248
3,django__django-13112,1791036224.8483598,9.863228559494019,31955,31360,595,0,0,401,194,401,0.14337651586758957,0.0,0.09658862511009077,0.09658862511009077,7.042585521730031
31,django__django-13112,1791036224.9120784,7.971786737442017,3338,1568,1770,0,0,1560,210,1560,0.37346683833362454,0.0,0.32898911592684643,0.32898911592684643,0.3281595467489112
6,django__django-15380,1791036229.8201818,8.48804521560669,29030,28224,806,0,0,569,237,569,0.19171429344426447,0.0,0.13527253272279374,0.13527253272279374,6.292910640285805
18,django__django-10973,1791036231.7174273,334.3960032463074,5071,0,5071,0,3136,1300,635,4436,1.070401275603265,0.6588422229017793,0.2760760429023969,0.9349182658041761,0.0
29,sympy__sympy-15875,1791036232.9406254,13.098101139068604,9616,7840,1776,0,0,1526,250,1526,0.38616961637659575,0.0,0.3316144000215791,0.3316144000215791,1.6660290277841248
31,django__django-13112,1791036233.1871214,20.163568258285522,5559,3136,2423,0,0,202,2221,202,0.5159594802138794,0.0,0.042784162180756466,0.042784162180756466,0.6588422229017793
3,django__django-13112,1791036234.9881718,14.728246450424194,32131,31360,771,0,0,595,176,595,0.185856676378486,0.0,0.14337651586758957,0.14337651586758957,7.042585521730031
11,astropy__astropy-12907,1791036237.1657846,5.021091461181641,7218,6272,946,0,0,600,346,600,0.2037710680122697,0.0,0.12913516884868817,0.12913516884868817,1.3277769634193861
6,django__django-15380,1791036238.4492452,5.468453884124756,29159,28224,935,0,0,806,129,806,0.2224599845030839,0.0,0.19171429344426447,0.19171429344426447,6.292910640285805
25,django__django-15380,1791036241.1830888,16.504464864730835,21784,20384,1400,0,0,1246,154,1246,0.32216523335152686,0.0,0.2866285985116825,0.2866285985116825,4.462878201244482
13,sympy__sympy-23262,1791036241.203463,24.24442410469055,26475,25088,1387,0,0,1069,318,1069,0.32586007293237057,0.0,0.2509751138903901,0.2509751138903901,5.553328276457405
11,astropy__astropy-12907,1791036242.7110229,51.337388038635254,7443,6272,1171,0,0,946,225,946,0.2523718963974525,0.0,0.2037710680122697,0.2037710680122697,1.3277769634193861
23,django__django-13821,1791036242.951271,75.39545512199402,15985,15680,305,0,0,25,280,25,0.068542266752464,0.0,0.005614626758922714,0.005614626758922714,3.3951362906671716
6,django__django-15380,1791036244.6625621,18.827940225601196,29319,28224,1095,0,0,935,160,935,0.2606179015488386,0.0,0.2224599845030839,0.2224599845030839,6.292910640285805
30,sympy__sympy-18211,1791036247.5164723,695.0324606895447,13831,0,13831,0,12544,901,386,13445,2.9816564634540104,2.6959239973020823,0.19985647241760704,2.895780469719689,0.0
3,django__django-13112,1791036249.9924958,12.238845586776733,32327,31360,967,0,0,771,196,771,0.23320154033015345,0.0,0.185856676378486,0.185856676378486,7.042585521730031
29,sympy__sympy-15875,1791036251.1221795,15.950386047363281,10016,9408,608,0,0,208,400,208,0.13281617950587746,0.0,0.04539442260790015,0.04539442260790015,2.0068042215528203
31,django__django-13112,1791036253.6238773,6.390010118484497,6039,4704,1335,0,0,855,480,855,0.28568103498799796,0.0,0.18275367465705453,0.18275367465705453,0.9920480284586043
25,django__django-15380,1791036257.8451035,12.702245235443115,22165,20384,1781,0,0,1400,381,1400,0.41018838242146854,0.0,0.32216523335152686,0.32216523335152686,4.462878201244482
27,pytest-dev__pytest-6202,1791036259.9426932,30.324906587600708,11462,10976,486,0,0,85,401,85,0.10691718211952508,0.0,0.01868201752724394,0.01868201752724394,2.350102544725473
26,pylint-dev__pylint-6528,1791036259.9467714,8.784342050552368,11237,9408,1829,0,0,1141,688,1141,0.40068667700063937,0.0,0.24956083860507244,0.24956083860507244,2.0068042215528203
31,django__django-13112,1791036260.1509569,19.6444091796875,6778,4704,2074,0,0,1335,739,1335,0.4446085214028189,0.0,0.28568103498799796,0.28568103498799796,0.9920480284586043
8,sympy__sympy-23262,1791036260.2468584,15.051580905914307,19206,17248,1958,0,0,1509,449,1509,0.4448303181536557,0.0,0.34247611569438247,0.34247611569438247,3.7485271314556514
3,django__django-13112,1791036262.4852393,13.063704252243042,32706,31360,1346,0,0,967,379,967,0.32486286894728295,0.0,0.23320154033015345,0.23320154033015345,7.042585521730031
6,django__django-15380,1791036263.6306899,17.815062999725342,29676,28224,1452,0,0,1095,357,1095,0.34585245966878,0.0,0.2606179015488386,0.2606179015488386,6.292910640285805
26,pylint-dev__pylint-6528,1791036268.864155,24.81540274620056,11417,10976,441,0,0,261,180,261,0.09700726020386129,0.0,0.05738835382798689,0.05738835382798689,2.350102544725473
25,django__django-15380,1791036270.7188072,66.24113965034485,22546,21952,594,0,0,213,381,213,0.13740027199083185,0.0,0.049228153421117964,0.049228153421117964,4.823838430244833
13,django__django-13821,1791036270.9576762,10.044117212295532,1507,0,1507,1507,0,0,0,0,0.31534596639429063,0.0,0.0,0.0,0.0
4,django__django-13821,1791036272.6010401,97.69185209274292,16680,15680,1000,0,0,508,492,508,0.2250853605942238,0.0,0.11421511647340044,0.11421511647340044,3.3951362906671716
29,sympy__sympy-15875,1791036274.8305075,19.147445917129517,10393,9408,985,0,0,608,377,608,0.21536149258112003,0.0,0.13281617950587746,0.13281617950587746,2.0068042215528203
3,django__django-13112,1791036275.7734988,5.413600921630859,32975,31360,1615,0,0,1346,269,1346,0.3900100883813337,0.0,0.32486286894728295,0.32486286894728295,7.042585521730031
8,sympy__sympy-23262,1791036278.6643214,10.422248601913452,19810,18816,994,0,0,390,604,390,0.22693075583092026,0.0,0.08891634796121886,0.08891634796121886,4.104441101648089
31,django__django-13112,1791036279.925396,7.274768114089966,7330,6272,1058,0,0,506,552,506,0.2279569863401657,0.0,0.10887958644203712,0.10887958644203712,1.3277769634193861
3,django__django-13112,1791036281.3551786,13.114067316055298,33476,32928,548,0,0,47,501,47,0.13291956806702945,0.0,0.011387953553284908,0.011387953553284908,7.42120765655808
13,django__django-13821,1791036281.3851495,13.814214944839478,1843,0,1843,0,0,1507,336,1507,0.38597309981282446,0.0,0.31534596639429063,0.31534596639429063,0.0
6,django__django-15380,1791036281.5940626,68.51365876197815,30062,28224,1838,0,0,1452,386,1452,0.4381579947055819,0.0,0.34585245966878,0.34585245966878,6.292910640285805
21,django__django-12262,1791036285.7154417,109.5001802444458,10888,9408,1480,0,0,616,864,616,0.3239647520322744,0.0,0.13456628946161606,0.13456628946161606,2.0068042215528203
31,django__django-13112,1791036287.329526,8.623004674911499,7460,6272,1188,0,0,1058,130,1058,0.2560460699547976,0.0,0.2279569863401657,0.2279569863401657,1.3277769634193861
8,sympy__sympy-23262,1791036289.2472734,86.19581580162048,20120,18816,1304,0,0,994,310,994,0.2979113520765735,0.0,0.22693075583092026,0.22693075583092026,4.104441101648089
27,pytest-dev__pytest-6202,1791036290.9572177,19.406405687332153,11937,10976,961,0,0,486,475,486,0.21164865364498503,0.0,0.10691718211952508,0.10691718211952508,2.350102544725473
19,django__django-10973,1791036291.9368405,73.25121665000916,12603,10976,1627,0,0,624,1003,624,0.3588831226820034,0.0,0.1373205676143845,0.1373205676143845,2.350102544725473
29,sympy__sympy-15875,1791036294.4341273,73.02317881584167,10678,9408,1270,0,0,985,285,985,0.27785993183828944,0.0,0.21536149258112003,0.21536149258112003,2.0068042215528203
11,astropy__astropy-12907,1791036294.5987408,9.733571529388428,8345,6272,2073,0,0,1171,902,1171,0.44772882965227817,0.0,0.2523718963974525,0.2523718963974525,1.3277769634193861
3,django__django-13112,1791036294.8790853,8.74728012084961,33746,32928,818,0,0,548,270,548,0.19852246355914863,0.0,0.13291956806702945,0.13291956806702945,7.42120765655808
26,pylint-dev__pylint-6528,1791036295.0163004,83.32014012336731,11848,10976,872,0,0,441,431,441,0.1920076555283689,0.0,0.09700726020386129,0.09700726020386129,2.350102544725473
13,django__django-13821,1791036295.4267864,10.381998538970947,2146,1568,578,0,0,275,303,275,0.12160344142670161,0.0,0.05781355306391328,0.05781355306391328,0.3281595467489112
31,django__django-13112,1791036296.27508,4.205272912979126,7831,6272,1559,0,0,1188,371,1188,0.33630336698496505,0.0,0.2560460699547976,0.2560460699547976,1.3277769634193861
22,django__django-13112,1791036298.8507948,29.310657024383545,15194,14112,1082,0,0,468,614,468,0.24184679804160536,0.0,0.10445911775467001,0.10445911775467001,3.0442685792826487
31,django__django-13112,1791036300.628387,19.277423620224,8158,6272,1886,0,0,1559,327,1559,0.4071593955584005,0.0,0.33630336698496505,0.33630336698496505,1.3277769634193861
3,django__django-13112,1791036303.7691967,5.882079362869263,34017,32928,1089,0,0,818,271,818,0.2644435615095403,0.0,0.19852246355914863,0.19852246355914863,7.42120765655808
15,pytest-dev__pytest-5631,1791036304.5802002,7.15987491607666,12515,10976,1539,0,0,838,701,838,0.33940261912107583,0.0,0.18450649873735683,0.18450649873735683,2.350102544725473
13,django__django-13821,1791036306.0536876,17.581074714660645,3527,1568,1959,0,0,578,1381,578,0.4135354832557107,0.0,0.12160344142670161,0.12160344142670161,0.3281595467489112
11,astropy__astropy-12907,1791036306.1177974,13.493000507354736,9057,7840,1217,0,0,505,712,505,0.26427278402522136,0.0,0.10947676528753944,0.10947676528753944,1.6660290277841248
3,django__django-13112,1791036309.8117263,504.96461391448975,35417,32928,2489,0,0,1089,1400,1089,0.6061957477378803,0.0,0.2644435615095403,0.2644435615095403,7.42120765655808
27,pytest-dev__pytest-6202,1791036310.6870692,10.851642370223999,12222,10976,1246,0,0,961,285,961,0.27459867796067383,0.0,0.21164865364498503,0.21164865364498503,2.350102544725473
15,pytest-dev__pytest-5631,1791036311.936884,65.72285103797913,12623,10976,1647,0,0,1539,108,1539,0.3633116181902364,0.0,0.33940261912107583,0.33940261912107583,2.350102544725473
9,sympy__sympy-13757,1791036317.2492852,14.697407245635986,18093,17248,845,0,0,583,262,583,0.1914896462065643,0.0,0.13203814838285982,0.13203814838285982,3.7485271314556514
23,django__django-13821,1791036318.7214143,10.130237579345703,16302,15680,622,0,0,305,317,305,0.13988245199274912,0.0,0.068542266752464,0.068542266752464,3.3951362906671716
31,django__django-13112,1791036320.0533748,5.168975830078125,8390,7840,550,0,0,318,232,318,0.11924482028544639,0.0,0.06890733119366184,0.06890733119366184,1.6660290277841248
11,astropy__astropy-12907,1791036320.7451315,10.084285259246826,9514,7840,1674,0,0,1217,457,1217,0.36390334207152075,0.0,0.26427278402522136,0.26427278402522136,1.6660290277841248
27,pytest-dev__pytest-6202,1791036321.8396053,22.73050594329834,12413,10976,1437,0,0,1246,191,1246,0.31683288876965493,0.0,0.27459867796067383,0.27459867796067383,2.350102544725473
13,django__django-13821,1791036323.9337983,30.207248210906982,4888,3136,1752,0,0,391,1361,391,0.372471899706503,0.0,0.08285280710284261,0.08285280710284261,0.6588422229017793
31,django__django-13112,1791036325.3741019,12.129724264144897,9007,7840,1167,0,0,550,617,550,0.2533852928792363,0.0,0.11924482028544639,0.11924482028544639,1.6660290277841248
22,django__django-13112,1791036328.314509,8.042599201202393,15592,14112,1480,0,0,1082,398,1082,0.33110932764041756,0.0,0.24184679804160536,0.24184679804160536,3.0442685792826487
23,django__django-13821,1791036328.9856184,14.403675317764282,16514,15680,834,0,0,622,212,622,0.18765015260059303,0.0,0.13988245199274912,0.13988245199274912,3.3951362906671716
11,astropy__astropy-12907,1791036330.9677794,41.43247389793396,9953,9408,545,0,0,106,439,106,0.11903635878210915,0.0,0.023128148302825165,0.023128148302825165,2.0068042215528203
9,sympy__sympy-13757,1791036332.349305,19.693811893463135,18352,17248,1104,0,0,845,259,845,0.2503296413445022,0.0,0.1914896462065643,0.1914896462065643,3.7485271314556514
22,django__django-13112,1791036337.3858013,77.50785255432129,16051,14112,1939,0,0,1480,459,1480,0.43425463941678566,0.0,0.33110932764041756,0.33110932764041756,3.0442685792826487
31,django__django-13112,1791036337.6519156,10.429138660430908,9338,7840,1498,0,0,1167,331,1167,0.3255082099018247,0.0,0.2533852928792363,0.2533852928792363,1.6660290277841248
28,sympy__sympy-13757,1791036338.336068,60.359539270401,18117,0,18117,0,17248,531,338,17779,3.945466238437429,3.7485271314556514,0.12024699265749222,3.8687741241131435,0.0
23,django__django-13821,1791036343.5260463,10.408430099487305,16666,15680,986,0,0,834,152,834,0.22192708246238066,0.0,0.18765015260059303,0.18765015260059303,3.3951362906671716
27,pytest-dev__pytest-6202,1791036344.734019,29.14858603477478,12717,10976,1741,0,0,1437,304,1437,0.3841310456534785,0.0,0.31683288876965493,0.31683288876965493,2.350102544725473
25,django__django-14787,1791036347.3064823,11.335542917251587,1538,0,1538,1538,0,0,0,0,0.32185730871885126,0.0,0.0,0.0,0.0
31,django__django-13112,1791036348.200024,21.18225121498108,10214,7840,2374,0,0,1498,876,1498,0.5169258981854914,0.0,0.3255082099018247,0.3255082099018247,1.6660290277841248
9,sympy__sympy-13757,1791036352.5889597,221.37176990509033,18830,17248,1582,0,0,1104,478,1104,0.3591031380394455,0.0,0.2503296413445022,0.2503296413445022,3.7485271314556514
23,django__django-13821,1791036354.0758662,40.70671486854553,17595,15680,1915,0,0,986,929,986,0.43193756406212286,0.0,0.22192708246238066,0.22192708246238066,3.3951362906671716
13,django__django-13821,1791036354.9777393,10.573880195617676,5367,4704,663,0,0,184,479,184,0.14164893508629697,0.0,0.039266094149678056,0.039266094149678056,0.9920480284586043
25,django__django-14787,1791036359.1467295,10.289702415466309,2728,0,2728,0,0,1538,1190,1538,0.5725543922636285,0.0,0.32185730871885126,0.32185730871885126,0.0
6,django__django-15380,1791036360.598377,22.94033145904541,1823,0,1823,0,29792,270,0,30062,0.3817658608690328,6.666486516305939,0.06458211868544689,6.731068634991386,0.0
20,django__django-11749,1791036364.0150454,390.9775776863098,13691,12544,1147,0,0,624,523,624,0.25456806088262224,0.0,0.1383246701322857,0.1383246701322857,2.6959239973020823
19,django__django-10973,1791036365.5820618,25.74235773086548,13542,12544,998,0,0,59,939,59,0.2214223249427604,0.0,0.013061670105394033,0.013061670105394033,2.6959239973020823
13,django__django-13821,1791036365.8475995,74.9570484161377,5844,4704,1140,0,0,663,477,663,0.2438382783100252,0.0,0.14164893508629697,0.14164893508629697,0.9920480284586043
29,sympy__sympy-15875,1791036368.0127835,55.894686460494995,11284,9408,1876,0,0,1270,606,1270,0.41102840616363207,0.0,0.27785993183828944,0.27785993183828944,2.0068042215528203
31,django__django-13112,1791036369.5234177,5.660273313522339,10440,9408,1032,0,0,806,226,806,0.22566251299922285,0.0,0.17615070441679576,0.17615070441679576,2.0068042215528203
25,django__django-14787,1791036369.687269,760.4530513286591,5045,1568,3477,0,0,1160,2317,1160,0.7366862683066064,0.0,0.24439484551471732,0.24439484551471732,0.3281595467489112
12,django__django-11749,1791036371.0894775,9.536989450454712,5911,4704,1207,0,0,666,541,666,0.2582106198464823,0.0,0.14229090570407515,0.14229090570407515,0.9920480284586043
4,django__django-13821,1791036371.4543593,135.705894947052,17569,15680,1889,0,0,1000,889,1000,0.42604793631799487,0.0,0.2250853605942238,0.2250853605942238,3.3951362906671716
11,astropy__astropy-12907,1791036372.9336479,10.487248659133911,10611,9408,1203,0,0,545,658,545,0.26315982168930746,0.0,0.11903635878210915,0.11903635878210915,2.0068042215528203
31,django__django-13112,1791036375.3145056,8.301969051361084,11627,9408,2219,0,0,1032,1187,1032,0.48656966519496836,0.0,0.22566251299922285,0.22566251299922285,2.0068042215528203
8,sympy__sympy-23262,1791036376.9382954,7.784390687942505,20778,18816,1962,0,0,1304,658,1304,0.44890021940336555,0.0,0.2979113520765735,0.2979113520765735,4.104441101648089
15,pytest-dev__pytest-5631,1791036377.8527234,75.56523394584656,13470,12544,926,0,0,79,847,79,0.20541375821856053,0.0,0.01749016561362708,0.01749016561362708,2.6959239973020823
26,pylint-dev__pylint-6528,1791036378.8013406,583.7581899166107,12153,10976,1177,0,0,872,305,872,0.25935049824439277,0.0,0.1920076555283689,0.1920076555283689,2.350102544725473
12,django__django-11749,1791036380.803069,20.249285221099854,6476,4704,1772,0,0,1207,565,1207,0.3795934406293037,0.0,0.2582106198464823,0.2582106198464823,0.9920480284586043
31,django__django-13112,1791036383.8099365,3.8611900806427,11727,10976,751,0,0,651,100,651,0.1653177638379166,0.0,0.14327134202231592,0.14327134202231592,2.350102544725473
6,django__django-15380,1791036383.9249544,6.6463096141815186,2174,1568,606,0,0,255,351,255,0.12750297216834403,0.0,0.0536063141201216,0.0536063141201216,0.3281595467489112
8,sympy__sympy-23262,1791036384.8652704,14.661089420318604,21100,20384,716,0,0,394,322,394,0.164513208501043,0.0,0.09046311980697182,0.09046311980697182,4.462878201244482
31,django__django-13112,1791036387.8812158,7.721601247787476,12080,10976,1104,0,0,751,353,751,0.2432236850639706,0.0,0.1653177638379166,0.1653177638379166,2.350102544725473
27,pytest-dev__pytest-6202,1791036388.4298766,11.0539710521698,12932,12544,388,0,0,173,215,173,0.08596258532435662,0.0,0.03830959307686916,0.03830959307686916,2.6959239973020823
6,django__django-15380,1791036390.7386017,48.19120001792908,3364,1568,1796,0,0,606,1190,606,0.37897675245816675,0.0,0.12750297216834403,0.12750297216834403,0.3281595467489112
19,django__django-10973,1791036391.8078356,13.150375604629517,14132,12544,1588,0,0,998,590,998,0.3528040493028755,0.0,0.2214223249427604,0.2214223249427604,2.6959239973020823
21,django__django-12262,1791036395.5683477,143.40442514419556,11105,9408,1697,0,0,1480,217,1480,0.37165394458462236,0.0,0.3239647520322744,0.3239647520322744,2.0068042215528203
31,django__django-13112,1791036395.764321,14.406405448913574,12604,10976,1628,0,0,1104,524,1104,0.3591045377081694,0.0,0.2432236850639706,0.2432236850639706,2.350102544725473
16,pytest-dev__pytest-5631,1791036396.7223444,21.25769829750061,7310,0,7310,0,6272,696,342,6968,1.551414091634954,1.3277769634193861,0.14983108036960283,1.477608043788989,0.0
11,astropy__astropy-12907,1791036397.7405543,11.31537938117981,11085,9408,1677,0,0,1203,474,1203,0.36725660561301465,0.0,0.26315982168930746,0.26315982168930746,2.0068042215528203
28,sympy__sympy-13757,1791036398.8766923,18.48858070373535,18402,17248,1154,0,0,869,285,869,0.2616966414410218,0.0,0.1969391069817774,0.1969391069817774,3.7485271314556514
27,pytest-dev__pytest-6202,1791036399.6351218,16.8347487449646,13185,12544,641,0,0,388,253,388,0.14209872214572655,0.0,0.08596258532435662,0.08596258532435662,2.6959239973020823
8,sympy__sympy-23262,1791036399.9044306,56.57240271568298,21470,20384,1086,0,0,716,370,716,0.24973319851527076,0.0,0.164513208501043,0.164513208501043,4.462878201244482
12,django__django-11749,1791036401.2288976,7.137532472610474,6594,6272,322,0,0,204,118,204,0.069256608327377,0.0,0.043864505668521896,0.043864505668521896,1.3277769634193861
23,django__django-16255,1791036403.923232,13.441808462142944,1768,0,1768,1768,0,0,0,0,0.37019807038614816,0.0,0.0,0.0,0.0
19,django__django-10973,1791036405.2195685,13.191085577011108,14526,14112,414,0,0,20,394,20,0.09239467135882817,0.0,0.004459467322309304,0.004459467322309304,3.0442685792826487
0,django__django-10973,1791036406.5706055,27.07624340057373,6346,0,6346,0,4704,792,850,5496,1.3436836616315475,0.9920480284586043,0.16926201187385234,1.1613100403324566,0.0
12,django__django-11749,1791036408.5225012,5.605732202529907,6702,6272,430,0,0,322,108,322,0.09250936206838267,0.0,0.069256608327377,0.069256608327377,1.3277769634193861
31,django__django-13112,1791036410.4251425,87.38428854942322,13367,12544,823,0,0,60,763,60,0.1825218631101876,0.0,0.013283085131560037,0.013283085131560037,2.6959239973020823
2,django__django-12262,1791036411.2647316,130.98141407966614,7414,0,7414,0,6272,192,950,6464,1.5738818364833886,1.3277769634193861,0.041283058404882444,1.3690600218242686,0.0
12,django__django-11749,1791036414.3134658,8.74305534362793,6800,6272,528,0,0,430,98,430,0.11361944188565402,0.0,0.09250936206838267,0.09250936206838267,1.3277769634193861
22,django__django-13112,1791036415.0512812,8.267071723937988,16996,15680,1316,0,0,371,945,371,0.2964257178209,0.0,0.08338692803226251,0.08338692803226251,3.3951362906671716
27,pytest-dev__pytest-6202,1791036416.6192045,48.65313982963562,13367,12544,823,0,0,641,182,641,0.1825218631101876,0.0,0.14209872214572655,0.14209872214572655,2.6959239973020823
28,sympy__sympy-13757,1791036417.92473,33.355231285095215,19046,17248,1798,0,0,1154,644,1154,0.40833293367650625,0.0,0.2616966414410218,0.2616966414410218,3.7485271314556514
23,django__django-16255,1791036417.929857,6.954361200332642,2266,1568,698,0,0,200,498,200,0.1468928094300101,0.0,0.04203852363723698,0.04203852363723698,0.3281595467489112
16,pytest-dev__pytest-5631,1791036418.2842908,12.982475757598877,7671,6272,1399,0,0,1038,361,1038,0.3016737327271259,0.0,0.22363712821556792,0.22363712821556792,1.3277769634193861
19,django__django-10973,1791036419.240149,10.552798748016357,14739,14112,627,0,0,414,213,414,0.13999958769401677,0.0,0.09239467135882817,0.09239467135882817,3.0442685792826487
11,astropy__astropy-12907,1791036420.137843,7.683987617492676,11936,10976,960,0,0,109,851,109,0.21142792311848732,0.0,0.02395828244036222,0.02395828244036222,2.350102544725473
12,django__django-11749,1791036423.1967502,7.9565277099609375,7186,6272,914,0,0,528,386,528,0.19686317008150014,0.0,0.11361944188565402,0.11361944188565402,1.3277769634193861
22,django__django-13112,1791036423.4620423,6.029459476470947,17884,15680,2204,0,0,1316,888,1316,0.4974497533941652,0.0,0.2964257178209,0.2964257178209,3.3951362906671716
29,sympy__sympy-15875,1791036424.362226,41.28126835823059,11843,10976,867,0,0,308,559,308,0.19090446983343518,0.0,0.0677300829909796,0.0677300829909796,2.350102544725473
23,django__django-16255,1791036425.0459766,21.07894778251648,4408,1568,2840,0,0,698,2142,698,0.6007941906059905,0.0,0.1468928094300101,0.1468928094300101,0.3281595467489112
22,django__django-13112,1791036429.6382608,5.849036693572998,18973,17248,1725,0,0,636,1089,636,0.3916897296361365,0.0,0.1440589126056852,0.1440589126056852,3.7485271314556514
19,django__django-10973,1791036430.319204,8.318196058273315,14960,14112,848,0,0,627,221,627,0.18944169732580118,0.0,0.13999958769401677,0.13999958769401677,3.0442685792826487
12,django__django-11749,1791036431.2973778,40.77303957939148,7679,6272,1407,0,0,914,493,914,0.30340459048829616,0.0,0.19686317008150014,0.19686317008150014,1.3277769634193861
16,pytest-dev__pytest-5631,1791036431.5089362,13.093902111053467,8362,6272,2090,0,0,1399,691,1399,0.4514187395183391,0.0,0.3016737327271259,0.3016737327271259,1.3277769634193861
0,django__django-10973,1791036433.8549576,27.110764741897583,6820,6272,548,0,0,74,474,74,0.1179288323991326,0.0,0.015906698212161532,0.015906698212161532,1.3277769634193861
22,django__django-13112,1791036435.6182706,5.323400259017944,19714,18816,898,0,0,157,741,157,0.2049696672559546,0.0,0.035775759443699665,0.035775759443699665,4.104441101648089
19,django__django-10973,1791036438.795589,25.411062717437744,15666,14112,1554,0,0,848,706,848,0.34772380056205926,0.0,0.18944169732580118,0.18944169732580118,3.0442685792826487
6,django__django-15380,1791036439.236358,51.99688267707825,3929,3136,793,0,0,228,565,228,0.16820008648820278,0.0,0.048294076305298694,0.048294076305298694,0.6588422229017793
11,astropy__astropy-12907,1791036439.3794699,12.283966779708862,12281,10976,1305,0,0,960,345,960,0.2876408516272401,0.0,0.21142792311848732,0.21142792311848732,2.350102544725473
22,django__django-13112,1791036441.082032,5.295116186141968,20155,18816,1339,0,0,898,441,898,0.3059314862645428,0.0,0.2049696672559546,0.2049696672559546,4.104441101648089
13,django__django-13821,1791036441.1768527,91.72318911552429,6661,4704,1957,0,0,1140,817,1140,0.4194094532029238,0.0,0.2438382783100252,0.2438382783100252,0.9920480284586043
16,pytest-dev__pytest-5631,1791036444.7516897,21.190252542495728,9270,7840,1430,0,0,522,908,522,0.3106822406751222,0.0,0.1131666751536004,0.1131666751536004,1.6660290277841248
23,django__django-16255,1791036446.252666,21.695444107055664,5762,3136,2626,0,0,1272,1354,1272,0.55946032320478,0.0,0.2701115144531225,0.2701115144531225,0.6588422229017793
22,django__django-13112,1791036446.5133176,66.89703750610352,21076,18816,2260,0,0,1339,921,1339,0.5174273770070034,0.0,0.3059314862645428,0.3059314862645428,4.104441101648089
28,sympy__sympy-13757,1791036451.6817925,42.56373405456543,19962,18816,1146,0,0,230,916,230,0.26172182191131926,0.0,0.05241896348406938,0.05241896348406938,4.104441101648089
11,astropy__astropy-12907,1791036451.8039265,6.873422861099243,12601,10976,1625,0,0,1305,320,1305,0.35844029570838054,0.0,0.2876408516272401,0.2876408516272401,2.350102544725473
15,pytest-dev__pytest-5631,1791036453.6080174,115.1313636302948,13782,12544,1238,0,0,926,312,926,0.27482263631365234,0.0,0.20541375821856053,0.20541375821856053,2.6959239973020823
11,astropy__astropy-12907,1791036458.8607419,14.69906234741211,12890,12544,346,0,0,57,289,57,0.07664990038248212,0.0,0.012618843131771182,0.012618843131771182,2.6959239973020823
8,sympy__sympy-11618,1791036461.052948,11.01931357383728,1423,0,1423,0,12544,37,0,12581,0.29770728584947515,2.6959239973020823,0.008190799167547197,2.7041147964696295,0.0
0,django__django-10973,1791036461.1768653,24.497272491455078,7257,6272,985,0,0,548,437,548,0.21219148943966912,0.0,0.1179288323991326,0.1179288323991326,1.3277769634193861
19,django__django-10973,1791036464.400247,36.114579916000366,16229,14112,2117,0,0,1554,563,1554,0.4743125267995017,0.0,0.34772380056205926,0.34772380056205926,3.0442685792826487
16,pytest-dev__pytest-5631,1791036466.098075,22.82536792755127,9862,7840,2022,0,0,1430,592,1430,0.4399145578992616,0.0,0.3106822406751222,0.3106822406751222,1.6660290277841248
29,sympy__sympy-15875,1791036467.1533866,42.644896507263184,12344,10976,1368,0,0,867,501,867,0.30157118428406604,0.0,0.19090446983343518,0.19090446983343518,2.350102544725473
23,django__django-16255,1791036468.194208,7.686396837234497,5974,4704,1270,0,0,1058,212,1058,0.27172911357995033,0.0,0.22625451764795498,0.22625451764795498,0.9920480284586043
12,django__django-11749,1791036472.4723167,11.650189399719238,8111,6272,1839,0,0,1407,432,1407,0.3969684430974526,0.0,0.30340459048829616,0.30340459048829616,1.3277769634193861
8,sympy__sympy-11618,1791036472.634134,12.971124172210693,2442,0,2442,0,0,1423,1019,1423,0.512170160655777,0.0,0.29770728584947515,0.29770728584947515,0.0
11,astropy__astropy-12907,1791036473.7121348,30.57254433631897,13165,12544,621,0,0,346,275,346,0.13765869174053472,0.0,0.07664990038248212,0.07664990038248212,2.6959239973020823
23,django__django-16255,1791036476.1552546,6.378159999847412,9142,4704,4438,0,0,1270,3168,1270,0.9567684063301711,0.0,0.27172911357995033,0.27172911357995033,0.9920480284586043
27,sympy__sympy-13757,1791036478.6538856,16.012409448623657,1506,0,1506,1506,0,0,0,0,0.3151359395132805,0.0,0.0,0.0,0.0
23,django__django-16255,1791036482.6767337,6.380556583404541,9345,7840,1505,0,0,1302,203,1302,0.32703468200338914,0.0,0.28278740700465066,0.28278740700465066,1.6660290277841248
12,django__django-11749,1791036484.406677,11.689810276031494,8552,7840,712,0,0,271,441,271,0.15442702518336593,0.0,0.0587163787327139,0.0587163787327139,1.6660290277841248
0,django__django-10973,1791036485.878455,191.82610177993774,7503,6272,1231,0,0,985,246,985,0.2653408916212532,0.0,0.21219148943966912,0.21219148943966912,1.3277769634193861
8,sympy__sympy-11618,1791036485.9079163,6.190909147262573,3467,1568,1899,0,0,874,1025,874,0.40081130698373346,0.0,0.18401061390686582,0.18401061390686582,0.3281595467489112
16,pytest-dev__pytest-5631,1791036489.1118119,24.82908821105957,10184,9408,776,0,0,454,322,454,0.16958228119339258,0.0,0.09913936413056598,0.09913936413056598,2.0068042215528203
23,django__django-16255,1791036489.171316,34.44582533836365,12690,7840,4850,0,0,1505,3345,1505,1.062223586050107,0.0,0.32703468200338914,0.32703468200338914,1.6660290277841248
6,django__django-15380,1791036491.396945,9.248540163040161,4079,3136,943,0,0,793,150,793,0.20008857244516698,0.0,0.16820008648820278,0.16820008648820278,0.6588422229017793
8,sympy__sympy-11618,1791036492.2430308,13.908555746078491,3897,3136,761,0,0,331,430,331,0.16140019788440135,0.0,0.07012863083086542,0.07012863083086542,0.6588422229017793
28,sympy__sympy-13757,1791036494.6373682,11.698260307312012,20654,18816,1838,0,0,1146,692,1146,0.42041241366805865,0.0,0.26172182191131926,0.26172182191131926,4.104441101648089
12,django__django-11749,1791036496.3518724,10.812254905700684,9144,7840,1304,0,0,712,592,712,0.28322313447496733,0.0,0.15442702518336593,0.15442702518336593,1.6660290277841248
27,sympy__sympy-13757,1791036496.559237,25.965071439743042,3103,0,3103,0,0,1506,1597,1506,0.6518567102919485,0.0,0.3151359395132805,0.3151359395132805,0.0
31,django__django-13112,1791036497.985141,14.585817098617554,13477,12544,933,0,0,823,110,823,0.2069699131813026,0.0,0.1825218631101876,0.1825218631101876,2.6959239973020823
6,django__django-15380,1791036500.7989416,64.28701210021973,4496,3136,1360,0,0,943,417,943,0.28885988455775363,0.0,0.20008857244516698,0.20008857244516698,0.6588422229017793
28,sympy__sympy-13757,1791036506.4935315,7.209698438644409,20804,20384,420,0,0,270,150,270,0.09643837055758221,0.0,0.061975314071664914,0.061975314071664914,4.462878201244482
12,django__django-11749,1791036507.44681,8.86104416847229,9506,7840,1666,0,0,1304,362,1304,0.3621574191602298,0.0,0.28322313447496733,0.28322313447496733,1.6660290277841248
4,django__django-13821,1791036507.4502087,151.31009912490845,17885,17248,637,0,0,321,316,321,0.14428574718619636,0.0,0.07265709552951488,0.07265709552951488,3.7485271314556514
8,sympy__sympy-11618,1791036507.453379,59.00837326049805,4259,3136,1123,0,0,761,362,761,0.23838523481413582,0.0,0.16140019788440135,0.16140019788440135,0.6588422229017793
19,sympy__sympy-15875,1791036508.9030857,15.143402576446533,1499,0,1499,1499,0,0,0,0,0.31366578008082835,0.0,0.0,0.0,0.0
31,django__django-13112,1791036512.7716732,31.751208543777466,13886,12544,1342,0,0,933,409,933,0.2979811285574801,0.0,0.2069699131813026,0.2069699131813026,2.6959239973020823
22,django__django-13112,1791036513.8759575,88.09743046760559,21337,20384,953,0,0,692,261,692,0.21908389297108216,0.0,0.15899027741060967,0.15899027741060967,4.462878201244482
16,pytest-dev__pytest-5631,1791036514.0895815,5.544859170913696,10527,9408,1119,0,0,776,343,776,0.2447363412369565,0.0,0.16958228119339258,0.16958228119339258,2.0068042215528203
11,sympy__sympy-18211,1791036515.0398846,17.177565336227417,1547,0,1547,0,15680,1191,0,16871,0.3237478831485309,3.3951362906671716,0.26819338910718177,3.6633296797743533,0.0
28,sympy__sympy-13757,1791036515.773364,9.4878408908844,21449,20384,1065,0,0,420,645,420,0.24489262762798997,0.0,0.09643837055758221,0.09643837055758221,4.462878201244482
12,django__django-11749,1791036516.4763906,4.682023763656616,9625,9408,217,0,0,98,119,98,0.04735960647518658,0.0,0.02138222539153423,0.02138222539153423,2.0068042215528203
29,sympy__sympy-15875,1791036517.516109,9.810461282730103,12899,10976,1923,0,0,1368,555,1368,0.4244667759076758,0.0,0.30157118428406604,0.30157118428406604,2.350102544725473
16,pytest-dev__pytest-5631,1791036519.7802603,5.9042582511901855,10828,9408,1420,0,0,1119,301,1119,0.3107873281988353,0.0,0.2447363412369565,0.2447363412369565,2.0068042215528203
12,django__django-11749,1791036521.3059645,7.693050384521484,12147,9408,2739,0,0,217,2522,217,0.6013231236492507,0.0,0.04735960647518658,0.04735960647518658,2.0068042215528203
27,sympy__sympy-13757,1791036522.7604644,8.331091403961182,3567,1568,1999,0,0,1535,464,1535,0.42202031990979727,0.0,0.3236971635430373,0.3236971635430373,0.3281595467489112
23,django__django-16255,1791036524.5628488,24.088375091552734,13011,12544,467,0,0,146,321,146,0.10348420713563333,0.0,0.032328616532149655,0.032328616532149655,2.6959239973020823
16,pytest-dev__pytest-5631,1791036525.921148,85.0681254863739,10925,9408,1517,0,0,1420,97,1420,0.3320926716440866,0.0,0.3107873281988353,0.3107873281988353,2.0068042215528203
19,sympy__sympy-15875,1791036526.1657476,13.477815866470337,3086,0,3086,0,0,1499,1587,1499,0.6482585490373474,0.0,0.31366578008082835,0.31366578008082835,0.0
28,sympy__sympy-13757,1791036527.2743616,13.012112140655518,21624,20384,1240,0,0,1065,175,1065,0.2852445468906075,0.0,0.24489262762798997,0.24489262762798997,4.462878201244482
12,django__django-11749,1791036529.1392488,6.451631546020508,13046,10976,2070,0,0,1171,899,1171,0.4570704508942683,0.0,0.25802480047659826,0.25802480047659826,2.350102544725473
29,sympy__sympy-15875,1791036530.4160607,16.65259027481079,13243,12544,699,0,0,355,344,355,0.1549771316674841,0.0,0.07864532333106646,0.07864532333106646,2.6959239973020823
27,sympy__sympy-13757,1791036531.2196503,23.68983554840088,4054,3136,918,0,0,431,487,431,0.19477222129132257,0.0,0.09133764375692921,0.09133764375692921,0.6588422229017793
13,django__django-13821,1791036533.2362409,9.821682929992676,6999,6272,727,0,0,389,338,389,0.15651615527788726,0.0,0.08368051824214195,0.08368051824214195,1.3277769634193861
11,sympy__sympy-18211,1791036534.6263783,14.706577777862549,2984,0,2984,0,0,1547,1437,1547,0.6266758097383569,0.0,0.3237478831485309,0.3237478831485309,0.0
12,django__django-11749,1791036535.7451003,57.790834188461304,13675,12544,1131,0,0,502,629,502,0.25100769530913764,0.0,0.11124899831765891,0.11124899831765891,2.6959239973020823
21,django__django-12262,1791036539.1291306,7.4666197299957275,11392,10976,416,0,0,129,287,129,0.09150264598532871,0.0,0.02835562141196985,0.02835562141196985,2.350102544725473
19,sympy__sympy-15875,1791036539.884878,7.1547815799713135,3507,1568,1939,0,0,1518,421,1518,0.40929368067049793,0.0,0.3200990022884362,0.3200990022884362,0.3281595467489112
28,sympy__sympy-13757,1791036543.1287596,38.555474519729614,22083,20384,1699,0,0,1240,459,1240,0.3912311870291743,0.0,0.2852445468906075,0.2852445468906075,4.462878201244482
2,django__django-12262,1791036543.2234364,42.95418620109558,8058,6272,1786,0,0,1142,644,1142,0.38547923750833385,0.0,0.24610487306400272,0.24610487306400272,1.3277769634193861
13,django__django-13821,1791036543.3185518,12.171919345855713,7698,6272,1426,0,0,727,699,727,0.3075156409007083,0.0,0.15651615527788726,0.15651615527788726,1.3277769634193861
31,django__django-13112,1791036544.6812415,5.760087728500366,14098,12544,1554,0,0,1342,212,1342,0.3452231990992091,0.0,0.2979811285574801,0.2979811285574801,2.6959239973020823
21,django__django-12262,1791036546.73575,33.0863516330719,11631,10976,655,0,0,416,239,416,0.14415300185755414,0.0,0.09150264598532871,0.09150264598532871,2.350102544725473
19,sympy__sympy-15875,1791036547.1587737,96.9275176525116,4431,3136,1295,0,0,371,924,371,0.27501088952786296,0.0,0.07861100451762985,0.07861100451762985,0.6588422229017793
23,django__django-16255,1791036548.8074965,24.88868808746338,13218,12544,674,0,0,467,207,467,0.14942566975801116,0.0,0.10348420713563333,0.10348420713563333,2.6959239973020823
11,sympy__sympy-18211,1791036549.6099253,12.678238868713379,3219,1568,1651,0,0,1416,235,1416,0.3482572390795478,0.0,0.29851626298944567,0.29851626298944567,0.3281595467489112
31,django__django-13112,1791036550.5633337,75.575110912323,15071,12544,2527,0,0,1554,973,1554,0.562638103530418,0.0,0.3452231990992091,0.3452231990992091,2.6959239973020823
29,sympy__sympy-15875,1791036551.0050473,9.678481817245483,13587,12544,1043,0,0,699,344,699,0.2314303807126668,0.0,0.1549771316674841,0.1549771316674841,2.6959239973020823
27,sympy__sympy-13757,1791036555.0264401,26.84196710586548,4415,3136,1279,0,0,918,361,918,0.2716025711370669,0.0,0.19477222129132257,0.19477222129132257,0.6588422229017793
13,django__django-13821,1791036555.804752,13.490825653076172,16748,6272,10476,0,0,1426,9050,1426,2.307787757058001,0.0,0.3075156409007083,0.3075156409007083,1.3277769634193861
29,sympy__sympy-15875,1791036561.7803857,25.589632987976074,13929,12544,1385,0,0,1043,342,1043,0.3075595178091551,0.0,0.2314303807126668,0.2314303807126668,2.6959239973020823
11,sympy__sympy-18211,1791036562.5718298,9.21853518486023,3965,3136,829,0,0,83,746,83,0.17585121728081374,0.0,0.017574562926679752,0.017574562926679752,0.6588422229017793
6,django__django-15380,1791036565.3277595,23.156143188476562,5345,3136,2209,0,0,1360,849,1360,0.4701472383277545,0.0,0.28885988455775363,0.28885988455775363,0.6588422229017793
18,django__django-10973,1791036566.374301,682.8987231254578,5482,0,5482,0,4704,367,411,5071,1.1583124461887118,0.9920480284586043,0.0783532471446609,1.0704012756032653,0.0
8,sympy__sympy-11618,1791036566.7429721,37.11086058616638,5061,3136,1925,0,0,1123,802,1123,0.4094222550072876,0.0,0.23838523481413582,0.23838523481413582,0.6588422229017793
15,pytest-dev__pytest-5631,1791036569.329708,17.34563684463501,14461,12544,1917,0,0,1238,679,1238,0.42622120349880077,0.0,0.27482263631365234,0.27482263631365234,2.6959239973020823
13,django__django-13821,1791036569.5403283,448.9367427825928,17434,15680,1754,0,0,1068,686,1068,0.39547832950123596,0.0,0.2404284298102154,0.2404284298102154,3.3951362906671716
11,sympy__sympy-18211,1791036571.9280286,24.79918646812439,6007,3136,2871,0,0,829,2042,829,0.6120176604603578,0.0,0.17585121728081374,0.17585121728081374,0.6588422229017793
23,django__django-16255,1791036573.8852491,8.70777940750122,13510,12544,966,0,0,674,292,674,0.21430674960738566,0.0,0.14942566975801116,0.14942566975801116,2.6959239973020823
9,sympy__sympy-13757,1791036574.1936133,227.21955251693726,19710,0,19710,0,18816,14,880,18830,4.30849592879403,4.104441101648089,0.003189167847008649,4.107630269495098,0.0
21,django__django-12262,1791036579.9896984,17.525545120239258,11969,10976,993,0,0,655,338,655,0.21871257234572283,0.0,0.14415300185755414,0.14415300185755414,2.350102544725473
27,sympy__sympy-13757,1791036582.0910912,6.461806774139404,4642,3136,1506,0,0,1279,227,1279,0.3199826651285344,0.0,0.2716025711370669,0.2716025711370669,0.6588422229017793
23,django__django-16255,1791036582.7627935,5.60075831413269,13682,12544,1138,0,0,966,172,966,0.2525653229210911,0.0,0.21430674960738566,0.21430674960738566,2.6959239973020823
28,sympy__sympy-13757,1791036583.8473516,100.45373725891113,22624,21952,672,0,0,131,541,131,0.15546962755238197,0.0,0.030270958028823708,0.030270958028823708,4.823838430244833
2,django__django-12262,1791036586.551337,11.395685911178589,8597,7840,757,0,0,218,539,218,0.16420463957319203,0.0,0.04722717314359509,0.04722717314359509,1.6660290277841248
6,django__django-15380,1791036588.6140885,15.987090349197388,5662,4704,958,0,0,641,317,641,0.2048202458355513,0.0,0.1369414327709295,0.1369414327709295,0.9920480284586043
27,sympy__sympy-13757,1791036588.6771746,15.388938903808594,5073,3136,1937,0,0,1506,431,1506,0.4119864245551621,0.0,0.3199826651285344,0.3199826651285344,0.6588422229017793
23,django__django-16255,1791036588.6956792,56.60361623764038,13783,12544,1239,0,0,1138,101,1138,0.2750452612725154,0.0,0.2525653229210911,0.2525653229210911,2.6959239973020823
12,django__django-11749,1791036594.5522215,49.09973740577698,14256,12544,1712,0,0,1131,581,1131,0.38046190893963167,0.0,0.25100769530913764,0.25100769530913764,2.6959239973020823
11,sympy__sympy-18211,1791036597.038093,8.067200422286987,6429,4704,1725,0,0,1303,422,1303,0.3694836162594752,0.0,0.27881185490353283,0.27881185490353283,0.9920480284586043
21,django__django-12262,1791036597.8974004,16.220431804656982,12163,10976,1187,0,0,993,194,993,0.261560076622961,0.0,0.21871257234572283,0.21871257234572283,2.350102544725473
2,django__django-12262,1791036598.3267763,10.742286443710327,9141,7840,1301,0,0,757,544,757,0.28256954480884683,0.0,0.16420463957319203,0.16420463957319203,1.6660290277841248
15,pytest-dev__pytest-5631,1791036599.504206,15.768412590026855,15200,14112,1088,0,0,349,739,349,0.24319125746297646,0.0,0.07787662151823457,0.07787662151823457,3.0442685792826487
22,django__django-13112,1791036602.121046,88.010657787323,22013,20384,1629,0,0,953,676,953,0.3750536749303897,0.0,0.21908389297108216,0.21908389297108216,4.462878201244482
8,sympy__sympy-11618,1791036604.194306,19.920355319976807,5679,4704,975,0,0,357,618,357,0.20846334803389088,0.0,0.07621644945046269,0.07621644945046269,0.9920480284586043
27,sympy__sympy-13757,1791036604.6180155,57.39079284667969,5437,4704,733,0,0,369,364,369,0.15663065602544166,0.0,0.07878061899833715,0.07878061899833715,0.9920480284586043
6,django__django-15380,1791036604.738144,12.290034770965576,5940,4704,1236,0,0,958,278,958,0.26443291261465235,0.0,0.2048202458355513,0.2048202458355513,0.9920480284586043
11,sympy__sympy-18211,1791036605.2207124,21.058287620544434,6969,6272,697,0,0,157,540,157,0.15004671255374366,0.0,0.03375468129869339,0.03375468129869339,1.3277769634193861
29,sympy__sympy-15875,1791036605.3831878,16.92792797088623,14451,12544,1907,0,0,1385,522,1385,0.4239880422081228,0.0,0.3075595178091551,0.3075595178091551,2.6959239973020823
2,django__django-12262,1791036609.350598,38.42351031303406,10429,7840,2589,0,0,1301,1288,1301,0.5640266264539839,0.0,0.28256954480884683,0.28256954480884683,1.6660290277841248
16,pytest-dev__pytest-5631,1791036611.1824117,54.98816418647766,12120,9408,2712,0,0,1517,1195,1517,0.5953579408824846,0.0,0.3320926716440866,0.3320926716440866,2.0068042215528203
21,django__django-12262,1791036614.2455406,9.851589679718018,13009,10976,2033,0,0,1187,846,1187,0.4488619953297303,0.0,0.261560076622961,0.261560076622961,2.350102544725473
15,pytest-dev__pytest-5631,1791036616.0845332,44.348334074020386,15665,14112,1553,0,0,1088,465,1088,0.34749924320008474,0.0,0.24319125746297646,0.24319125746297646,3.0442685792826487
6,django__django-15380,1791036617.258794,12.44038724899292,7383,4704,2679,0,0,1236,1443,1236,0.575135530585417,0.0,0.26443291261465235,0.26443291261465235,0.9920480284586043
5,django__django-14787,1791036619.90868,1047.742970943451,11441,0,11441,0,9408,1566,467,10974,2.452394838006119,2.0068042215528203,0.3428588355722239,2.3496630571250443,0.0
8,sympy__sympy-11618,1791036624.2722692,25.647152423858643,6030,4704,1326,0,0,975,351,975,0.2837489718737764,0.0,0.20846334803389088,0.20846334803389088,0.9920480284586043
21,django__django-12262,1791036624.6079152,7.636260986328125,13589,12544,1045,0,0,465,580,465,0.23187523142443936,0.0,0.10304054275312094,0.10304054275312094,2.6959239973020823
31,django__django-13112,1791036626.880933,9.281145334243774,15783,14112,1671,0,0,959,712,959,0.3740040960228401,0.0,0.21429352154985182,0.21429352154985182,3.0442685792826487
11,sympy__sympy-18211,1791036626.91271,36.233980894088745,7146,6272,874,0,0,697,177,697,0.18822977544843147,0.0,0.15004671255374366,0.15004671255374366,1.3277769634193861
29,sympy__sympy-15875,1791036629.2265906,20.570667028427124,14806,14112,694,0,0,339,355,339,0.15498353019720532,0.0,0.07564346022755658,0.07564346022755658,3.0442685792826487
6,django__django-15380,1791036629.8501902,6.438470840454102,7853,6272,1581,0,0,1111,470,1111,0.34106699622065917,0.0,0.23940659562463515,0.23940659562463515,1.3277769634193861
21,django__django-12262,1791036632.3805618,6.101361036300659,13823,12544,1279,0,0,1045,234,1045,0.28395110114087113,0.0,0.23187523142443936,0.23187523142443936,2.6959239973020823
31,django__django-13112,1791036636.2946446,9.069001913070679,16050,15680,370,0,0,103,267,103,0.08316197556928004,0.0,0.02313638463831706,0.02313638463831706,3.3951362906671716
6,django__django-15380,1791036636.4241145,5.491448879241943,7974,7840,134,0,0,13,121,13,0.02902377113631641,0.0,0.002814931855920465,0.002814931855920465,1.6660290277841248
21,django__django-12262,1791036639.3855288,12.91881537437439,14385,12544,1841,0,0,1279,562,1279,0.40925175149049964,0.0,0.28395110114087113,0.28395110114087113,2.6959239973020823
6,django__django-15380,1791036642.060531,32.52910041809082,8392,7840,552,0,0,134,418,134,0.1196790042962412,0.0,0.02902377113631641,0.02902377113631641,1.6660290277841248
12,django__django-11749,1791036644.084637,433.43644738197327,14902,14112,790,0,0,144,646,144,0.17646108902748303,0.0,0.032117326959065454,0.032117326959065454,3.0442685792826487
19,sympy__sympy-15875,1791036644.58616,630.5827760696411,4737,3136,1601,0,0,1295,306,1295,0.3402455373135441,0.0,0.27501088952786296,0.27501088952786296,0.6588422229017793
31,django__django-13112,1791036645.6069198,5.907726287841797,17378,15680,1698,0,0,370,1328,370,0.38280309202276325,0.0,0.08316197556928004,0.08316197556928004,3.3951362906671716
23,django__django-16255,1791036645.6392028,13.535712242126465,14529,12544,1985,0,0,1239,746,1239,0.4414094218543022,0.0,0.2750452612725154,0.2750452612725154,2.6959239973020823
2,django__django-12262,1791036648.127969,36.5008270740509,10979,9408,1571,0,0,1021,550,1021,0.3439575622700682,0.0,0.22325143268528833,0.22325143268528833,2.0068042215528203
8,sympy__sympy-11618,1791036650.1006255,26.081748008728027,6373,4704,1669,0,0,1326,343,1326,0.3574408277398798,0.0,0.2837489718737764,0.2837489718737764,0.9920480284586043
31,django__django-13112,1791036651.652649,53.95338439941406,18236,17248,988,0,0,130,858,130,0.22396808172448426,0.0,0.029412251234283274,0.029412251234283274,3.7485271314556514
29,sympy__sympy-15875,1791036652.540715,9.53911304473877,15234,14112,1122,0,0,694,428,694,0.25081055869148744,0.0,0.15498353019720532,0.15498353019720532,3.0442685792826487
21,django__django-12262,1791036657.4995074,13.80746078491211,15177,14112,1065,0,0,273,792,273,0.23803769697693364,0.0,0.060907169509933426,0.060907169509933426,3.0442685792826487
4,django__django-13821,1791036659.106484,10.162957906723022,18218,17248,970,0,0,637,333,637,0.21987873252797466,0.0,0.14428574718619636,0.14428574718619636,3.7485271314556514
23,django__django-16255,1791036659.367487,6.7954254150390625,14658,14112,546,0,0,417,129,417,0.1218908233913476,0.0,0.09306483987373598,0.09306483987373598,3.0442685792826487
15,pytest-dev__pytest-5631,1791036660.7513828,13.326848983764648,16232,14112,2120,0,0,1553,567,1553,0.47498793835609654,0.0,0.34749924320008474,0.34749924320008474,3.0442685792826487
29,sympy__sympy-15875,1791036662.2034051,65.41897058486938,15705,14112,1593,0,0,1122,471,1122,0.3564823381434458,0.0,0.25081055869148744,0.25081055869148744,3.0442685792826487
27,sympy__sympy-13757,1791036662.247334,7.803299903869629,5986,4704,1282,0,0,733,549,733,0.27430452657365045,0.0,0.15663065602544166,0.15663065602544166,0.9920480284586043
11,sympy__sympy-18211,1791036663.5969608,11.275057792663574,7415,6272,1143,0,0,874,269,874,0.24632096294957093,0.0,0.18822977544843147,0.18822977544843147,1.3277769634193861
16,pytest-dev__pytest-5631,1791036666.3691108,96.82196688652039,12295,10976,1319,0,0,1144,175,1144,0.290736129107455,0.0,0.25205961770983215,0.25205961770983215,2.350102544725473
23,django__django-16255,1791036666.582313,6.659138202667236,15172,14112,1060,0,0,546,514,546,0.23691742957738426,0.0,0.1218908233913476,0.1218908233913476,3.0442685792826487
4,django__django-13821,1791036669.4157124,29.300448656082153,19131,17248,1883,0,0,970,913,970,0.4277188980515172,0.0,0.21987873252797466,0.21987873252797466,3.7485271314556514
27,sympy__sympy-13757,1791036670.1973112,22.058369636535645,6559,4704,1855,0,0,1282,573,1282,0.39745249680642153,0.0,0.27430452657365045,0.27430452657365045,0.9920480284586043
23,django__django-16255,1791036673.3984227,8.824737548828125,16194,14112,2082,0,0,1060,1022,1060,0.4664334077530903,0.0,0.23691742957738426,0.23691742957738426,3.0442685792826487
15,pytest-dev__pytest-5631,1791036674.5308583,13.03982925415039,16674,15680,994,0,0,552,442,552,0.22373178819376066,0.0,0.12412022697157346,0.12412022697157346,3.3951362906671716
11,sympy__sympy-18211,1791036675.003804,6.453513145446777,7548,6272,1276,0,0,1143,133,1143,0.27507006252256144,0.0,0.24632096294957093,0.24632096294957093,1.3277769634193861
6,django__django-15380,1791036675.634672,6.749294757843018,8867,7840,1027,0,0,552,475,552,0.2229139666143884,0.0,0.1196790042962412,0.1196790042962412,1.6660290277841248
21,django__django-12262,1791036675.659603,7.8533713817596436,15370,14112,1258,0,0,1065,193,1065,0.2812996268981329,0.0,0.23803769697693364,0.23803769697693364,3.0442685792826487
8,sympy__sympy-11618,1791036676.6765847,7.948560953140259,6894,6272,622,0,0,101,521,101,0.13387714654914767,0.0,0.021711892779097942,0.021711892779097942,1.3277769634193861
0,django__django-10973,1791036678.082417,73.38474774360657,7974,6272,1702,0,0,1231,471,1231,0.36727583550105514,0.0,0.2653408916212532,0.2653408916212532,1.3277769634193861
11,sympy__sympy-18211,1791036681.5882983,39.13507151603699,8273,6272,2001,0,0,1276,725,1276,0.4321042641632774,0.0,0.27507006252256144,0.27507006252256144,1.3277769634193861
6,django__django-15380,1791036682.5257668,7.330096244812012,9081,7840,1241,0,0,1027,214,1027,0.26949969107320343,0.0,0.2229139666143884,0.2229139666143884,1.6660290277841248
23,django__django-16255,1791036683.0576286,63.83621621131897,16420,15680,740,0,0,514,226,514,0.16646444289956205,0.0,0.11556569636856713,0.11556569636856713,3.3951362906671716
8,sympy__sympy-11618,1791036684.7582836,6.910226583480835,7020,6272,748,0,0,622,126,622,0.1610453147343715,0.0,0.13387714654914767,0.13387714654914767,1.3277769634193861
28,sympy__sympy-13757,1791036684.8739448,44.43999218940735,23180,21952,1228,0,0,672,556,672,0.28445257674477986,0.0,0.15546962755238197,0.15546962755238197,4.823838430244833
2,django__django-12262,1791036685.0320807,18.059640645980835,11507,10976,531,0,0,3,528,3,0.11682918216386695,0.0,0.0006592390974157014,0.0006592390974157014,2.350102544725473
15,pytest-dev__pytest-5631,1791036687.7047267,50.521445989608765,16985,15680,1305,0,0,994,311,994,0.2939406294438799,0.0,0.22373178819376066,0.22373178819376066,3.3951362906671716
21,django__django-12262,1791036687.8834,6.956143140792847,15868,14112,1756,0,0,1258,498,1258,0.3931054286055012,0.0,0.2812996268981329,0.2812996268981329,3.0442685792826487
6,django__django-15380,1791036689.9947433,5.941681146621704,9193,7840,1353,0,0,1241,112,1241,0.29389973978008865,0.0,0.26949969107320343,0.26949969107320343,1.6660290277841248
22,django__django-13112,1791036690.551773,33.6797571182251,22246,21952,294,0,0,61,233,61,0.06796093820324063,0.0,0.014093445930039092,0.014093445930039092,4.823838430244833
27,sympy__sympy-13757,1791036692.5293229,148.66907811164856,7247,6272,975,0,0,287,688,287,0.2100322582181115,0.0,0.06172356184563967,0.06172356184563967,1.3277769634193861
8,sympy__sympy-11618,1791036692.7904868,25.66219997406006,7510,6272,1238,0,0,748,490,748,0.266854181716462,0.0,0.1610453147343715,0.1610453147343715,1.3277769634193861
6,django__django-15380,1791036696.100641,33.67985510826111,9353,7840,1513,0,0,1353,160,1353,0.3287792831222171,0.0,0.29389973978008865,0.29389973978008865,1.6660290277841248
4,django__django-13821,1791036698.8640823,52.86149501800537,19401,18816,585,0,0,315,270,315,0.13343305589959417,0.0,0.07180492785908028,0.07180492785908028,4.104441101648089
21,django__django-12262,1791036699.2385278,15.534230947494507,15982,15680,302,0,0,188,114,188,0.06786761563702984,0.0,0.04223771722097808,0.04223771722097808,3.3951362906671716
2,django__django-12262,1791036703.3658824,30.50063967704773,14218,10976,3242,0,0,531,2711,531,0.7178058889508542,0.0,0.11682918216386695,0.11682918216386695,2.350102544725473
31,django__django-13112,1791036705.7383258,20.38004422187805,19225,17248,1977,0,0,988,989,988,0.44916612767528863,0.0,0.22396808172448426,0.22396808172448426,3.7485271314556514
1,django__django-11749,1791036710.4489455,1001.9241192340851,14505,0,14505,0,12544,1553,408,14097,3.1319723296486908,2.6959239973020823,0.3450002508758851,3.0409242481779675,0.0
21,django__django-12262,1791036716.103489,71.92130613327026,16443,15680,763,0,0,302,461,302,0.1716473424575938,0.0,0.06786761563702984,0.06786761563702984,3.3951362906671716
8,sympy__sympy-11618,1791036719.5547106,11.605542659759521,8122,6272,1850,0,0,1238,612,1238,0.39935335643606185,0.0,0.266854181716462,0.266854181716462,1.3277769634193861
11,sympy__sympy-18211,1791036720.9541843,9.267855882644653,8767,7840,927,0,0,433,494,433,0.20116104840467927,0.0,0.09385219979853872,0.09385219979853872,1.6660290277841248
22,django__django-13112,1791036724.6721482,40.789268493652344,22452,21952,500,0,0,294,206,294,0.11563267805004776,0.0,0.06796093820324063,0.06796093820324063,4.823838430244833
31,django__django-13112,1791036726.3591485,8.301252365112305,20006,18816,1190,0,0,409,781,409,0.27179734511851306,0.0,0.09325215748285176,0.09325215748285176,4.104441101648089
29,sympy__sympy-15875,1791036728.1969519,54.99589276313782,16199,15680,519,0,0,25,494,25,0.11669120783603995,0.0,0.005614626758922714,0.005614626758922714,3.3951362906671716
6,django__django-15380,1791036730.1112103,16.576104164123535,9947,7840,2107,0,0,1513,594,1513,0.45849940110328213,0.0,0.3287792831222171,0.3287792831222171,1.6660290277841248
11,sympy__sympy-18211,1791036730.4526534,222.24958300590515,9436,7840,1596,0,0,927,669,927,0.3468833953117631,0.0,0.20116104840467927,0.20116104840467927,1.6660290277841248
28,sympy__sympy-13757,1791036731.4054787,103.19781398773193,23795,21952,1843,0,0,1228,615,1228,0.4274920952725792,0.0,0.28445257674477986,0.28445257674477986,4.823838430244833
8,sympy__sympy-11618,1791036732.6495557,10.249681234359741,8424,7840,584,0,0,282,302,282,0.12662650674155124,0.0,0.06110129207132317,0.06110129207132317,1.6660290277841248
2,django__django-12262,1791036734.2325041,10.02576470375061,14656,14112,544,0,0,106,438,106,0.12144377858618553,0.0,0.023639854393678664,0.023639854393678664,3.0442685792826487
31,django__django-13112,1791036734.7870998,114.81942510604858,21071,18816,2255,0,0,1190,1065,1190,0.516276840765301,0.0,0.27179734511851306,0.27179734511851306,4.104441101648089
15,pytest-dev__pytest-5631,1791036739.3352625,20.497036695480347,17490,15680,1810,0,0,1305,505,1305,0.4081567852570096,0.0,0.2939406294438799,0.2939406294438799,3.3951362906671716
2,django__django-12262,1791036744.3897583,10.441627025604248,14904,14112,792,0,0,544,248,544,0.17690863874094614,0.0,0.12144377858618553,0.12144377858618553,3.0442685792826487
8,sympy__sympy-11618,1791036744.5426774,14.635340452194214,9157,7840,1317,0,0,584,733,584,0.2860554630900734,0.0,0.12662650674155124,0.12662650674155124,1.6660290277841248
6,django__django-15380,1791036746.826446,5.959976434707642,10287,9408,879,0,0,539,340,539,0.19213772572943003,0.0,0.11772420733458658,0.11772420733458658,2.0068042215528203
23,django__django-16255,1791036747.2858565,46.889663219451904,17802,15680,2122,0,0,740,1382,740,0.478852810074666,0.0,0.16646444289956205,0.16646444289956205,3.3951362906671716
0,django__django-10973,1791036751.61101,17.95811367034912,8757,7840,917,0,0,134,783,134,0.1989863210137197,0.0,0.02902377113631641,0.02902377113631641,1.6660290277841248
6,django__django-15380,1791036753.1816385,15.258137226104736,10431,9408,1023,0,0,879,144,879,0.22368980168805805,0.0,0.19213772572943003,0.19213772572943003,2.0068042215528203
2,django__django-12262,1791036755.0675364,9.57252311706543,15236,14112,1124,0,0,792,332,792,0.25125878982590966,0.0,0.17690863874094614,0.17690863874094614,3.0442685792826487
20,django__django-11749,1791036755.341582,34.351256132125854,13997,0,13997,0,12544,1147,306,13691,3.0186346083393025,2.6959239973020823,0.25456806088262224,2.9504920581847047,0.0
15,pytest-dev__pytest-5631,1791036759.9672918,44.13195037841797,17890,17248,642,0,0,242,400,242,0.14541993548229787,0.0,0.05476594446852957,0.05476594446852957,3.7485271314556514
4,sympy__sympy-20916,1791036760.5236597,13.746003866195679,1425,0,1425,1425,0,0,0,0,0.29812717028249197,0.0,0.0,0.0,0.0
8,sympy__sympy-11618,1791036760.8183432,15.740500926971436,9544,7840,1704,0,0,1317,387,1317,0.3704511379436008,0.0,0.2860554630900734,0.2860554630900734,1.6660290277841248
10,sympy__sympy-15875,1791036761.1559484,487.9148437976837,4641,0,4641,0,3136,1035,470,4171,0.978611643898239,0.6588422229017793,0.2196582678955343,0.8785004907973136,0.0
16,pytest-dev__pytest-5631,1791036763.4407322,59.26595163345337,13547,10976,2571,0,0,1319,1252,1319,0.5683556810923877,0.0,0.290736129107455,0.290736129107455,2.350102544725473
2,django__django-12262,1791036764.7836163,31.236107110977173,15428,14112,1316,0,0,1124,192,1124,0.29430809135686475,0.0,0.25125878982590966,0.25125878982590966,3.0442685792826487
22,django__django-13112,1791036765.6017656,66.31567144393921,23338,21952,1386,0,0,500,886,500,0.32116389064218076,0.0,0.11563267805004776,0.11563267805004776,4.823838430244833
6,django__django-15380,1791036768.5979319,6.067272901535034,10578,9408,1170,0,0,1023,147,1023,0.2559211622193951,0.0,0.22368980168805805,0.22368980168805805,2.0068042215528203
0,django__django-10973,1791036769.8312829,14.75569200515747,8977,7840,1137,0,0,917,220,917,0.24685402967530634,0.0,0.1989863210137197,0.1989863210137197,1.6660290277841248
4,sympy__sympy-20916,1791036774.6275163,19.55013871192932,2877,0,2877,0,0,1425,1452,1425,0.6040465678848795,0.0,0.29812717028249197,0.29812717028249197,0.0
6,django__django-15380,1791036774.811178,5.063595294952393,10704,9408,1296,0,0,1170,126,1170,0.2835656929143993,0.0,0.2559211622193951,0.2559211622193951,2.0068042215528203
8,sympy__sympy-11618,1791036777.7407434,10.654521465301514,10062,9408,654,0,0,136,518,136,0.14288020868197432,0.0,0.029675944174905187,0.029675944174905187,2.0068042215528203
6,django__django-15380,1791036780.0125573,7.223800897598267,10840,9408,1432,0,0,1296,136,1296,0.3134225174094445,0.0,0.2835656929143993,0.2835656929143993,2.0068042215528203
14,pytest-dev__pytest-10051,1791036780.972207,19.122485399246216,7465,0,7465,0,6272,1137,56,7409,1.5849037290987569,1.3277769634193861,0.24502443902970752,1.5728014024490937,0.0
29,sympy__sympy-15875,1791036783.69164,58.93685030937195,17015,15680,1335,0,0,519,816,519,0.3007184356767588,0.0,0.11669120783603995,0.11669120783603995,3.3951362906671716
0,django__django-10973,1791036785.4458778,16.76015067100525,9767,7840,1927,0,0,1137,790,1137,0.4191520368746767,0.0,0.24685402967530634,0.24685402967530634,1.6660290277841248
6,django__django-15380,1791036788.2548351,85.02143049240112,11054,9408,1646,0,0,1432,214,1432,0.3604415414468846,0.0,0.3134225174094445,0.3134225174094445,2.0068042215528203
21,django__django-12262,1791036788.4151244,63.60234045982361,17724,15680,2044,0,0,763,1281,763,0.46116943843700936,0.0,0.1716473424575938,0.1716473424575938,3.3951362906671716
8,sympy__sympy-11618,1791036788.5804043,24.869144678115845,10465,9408,1057,0,0,654,403,654,0.23114270279181062,0.0,0.14288020868197432,0.14288020868197432,2.0068042215528203
20,django__django-11749,1791036789.8812273,121.45713782310486,14374,12544,1830,0,0,1453,377,1453,0.4067961376486712,0.0,0.3227106110372204,0.3227106110372204,2.6959239973020823
4,sympy__sympy-20916,1791036794.437967,7.224200248718262,3469,1568,1901,0,0,1309,592,1309,0.4012353866710891,0.0,0.27588702113596836,0.27588702113596836,0.3281595467489112
23,django__django-16255,1791036794.467768,8.093546867370605,18619,17248,1371,0,0,554,817,554,0.3110591514148498,0.0,0.12546196928618605,0.12546196928618605,3.7485271314556514
2,django__django-12262,1791036796.418212,204.69248056411743,15914,14112,1802,0,0,1316,486,1316,0.4034457124063434,0.0,0.29430809135686475,0.29430809135686475,3.0442685792826487
14,pytest-dev__pytest-10051,1791036800.2255592,13.16236662864685,7630,6272,1358,0,0,1193,165,1193,0.29280411755557584,0.0,0.2571267656793708,0.2571267656793708,1.3277769634193861
4,sympy__sympy-20916,1791036801.789843,63.768664836883545,5125,3136,1989,0,0,333,1656,333,0.4230995335866281,0.0,0.07055271051822104,0.07055271051822104,0.6588422229017793
0,django__django-10973,1791036802.7668064,100.17773914337158,10960,9408,1552,0,0,359,1193,359,0.33978253730769914,0.0,0.07837684310598113,0.07837684310598113,2.0068042215528203
23,django__django-16255,1791036803.014178,21.375503063201904,19401,17248,2153,0,0,1371,782,1371,0.48934702609203107,0.0,0.3110591514148498,0.3110591514148498,3.7485271314556514
9,sympy__sympy-13757,1791036806.6285548,18.913190603256226,20124,0,20124,0,18816,894,414,19710,4.4032689768623445,4.104441101648089,0.20405482714594125,4.30849592879403,0.0
14,pytest-dev__pytest-10051,1791036813.5350635,30.448155641555786,7952,6272,1680,0,0,1358,322,1358,0.3625094744241062,0.0,0.29280411755557584,0.29280411755557584,1.3277769634193861
15,sympy__sympy-23262,1791036814.310528,19.0142924785614,1640,0,1640,1640,0,0,0,0,0.3432886863610579,0.0,0.0,0.0,0.0
3,django__django-13112,1791036814.9156613,18.10381579399109,35928,0,35928,0,34496,921,511,35417,8.15264402295939,7.802352920790085,0.22505048350587464,8.02740340429596,0.0
8,pytest-dev__pytest-10051,1791036816.854218,15.183690786361694,1823,0,1823,1823,0,0,0,0,0.3817658608690328,0.0,0.0,0.0,0.0
16,pytest-dev__pytest-5631,1791036823.6470754,13.423449993133545,14043,12544,1499,0,0,1003,496,1003,0.3329625707774169,0.0,0.22253422851577825,0.22253422851577825,2.6959239973020823
23,django__django-16255,1791036824.8993208,46.638752460479736,19594,18816,778,0,0,585,193,585,0.1775316065607873,0.0,0.13343305589959417,0.13343305589959417,4.104441101648089
9,sympy__sympy-13757,1791036830.825808,95.451420545578,20452,18816,1636,0,0,1308,328,1308,0.37403864902295575,0.0,0.29882787521425697,0.29882787521425697,4.104441101648089
22,django__django-13112,1791036832.0489054,215.36297035217285,23718,21952,1766,0,0,1386,380,1386,0.4095618259495061,0.0,0.32116389064218076,0.32116389064218076,4.823838430244833
8,pytest-dev__pytest-10051,1791036832.4165692,6.44328761100769,2091,1568,523,0,0,255,268,255,0.11001741985445103,0.0,0.0536063141201216,0.0536063141201216,0.3281595467489112
3,django__django-13112,1791036833.1891031,223.4464180469513,36189,34496,1693,0,0,1432,261,1432,0.414362791715012,0.0,0.3502911021693042,0.3502911021693042,7.802352920790085
28,sympy__sympy-13757,1791036835.1672504,17.2652645111084,24759,23520,1239,0,0,275,964,275,0.2890013207881519,0.0,0.06400873686827169,0.06400873686827169,5.18732178864914
15,sympy__sympy-23262,1791036835.5670626,10.639111995697021,2064,1568,496,0,0,72,424,72,0.10433087258084173,0.0,0.01512913961214675,0.01512913961214675,0.3281595467489112
16,pytest-dev__pytest-5631,1791036837.9327042,8.220548868179321,14268,12544,1724,0,0,1499,225,1499,0.3831393134101428,0.0,0.3329625707774169,0.3329625707774169,2.6959239973020823
8,pytest-dev__pytest-10051,1791036839.0131593,11.119555711746216,3432,1568,1864,0,0,523,1341,523,0.39339057694306895,0.0,0.11001741985445103,0.11001741985445103,0.3281595467489112
27,sympy__sympy-13757,1791036841.6545863,32.90601301193237,7850,6272,1578,0,0,975,603,975,0.3404173811680548,0.0,0.2100322582181115,0.2100322582181115,1.3277769634193861
29,sympy__sympy-15875,1791036843.091398,15.965627193450928,17397,15680,1717,0,0,1335,382,1335,0.38710325830229886,0.0,0.3007184356767588,0.3007184356767588,3.3951362906671716
14,pytest-dev__pytest-10051,1791036844.1438124,9.853281259536743,8205,7840,365,0,0,112,253,112,0.07910055061078256,0.0,0.024257410059367445,0.024257410059367445,1.6660290277841248
15,sympy__sympy-23262,1791036846.4857633,7.813362121582031,2816,1568,1248,0,0,496,752,496,0.26299149683230294,0.0,0.10433087258084173,0.10433087258084173,0.3281595467489112
16,pytest-dev__pytest-5631,1791036846.8778062,9.182887315750122,14483,14112,371,0,0,156,215,156,0.08278993759293343,0.0,0.03479473142957656,0.03479473142957656,3.0442685792826487
31,django__django-13112,1791036849.7797668,39.04183602333069,21355,20384,971,0,0,687,284,687,0.22323085713067556,0.0,0.15783974116890723,0.15783974116890723,4.462878201244482
8,pytest-dev__pytest-10051,1791036850.4077282,17.277345895767212,4867,3136,1731,0,0,296,1435,296,0.36798868690541375,0.0,0.06270790079020083,0.06270790079020083,0.6588422229017793
21,django__django-12262,1791036852.4014497,30.33475637435913,18362,17248,1114,0,0,476,638,476,0.2526028361165293,0.0,0.1077785976485294,0.1077785976485294,3.7485271314556514
15,sympy__sympy-23262,1791036854.435392,8.192541599273682,3394,1568,1826,0,0,1248,578,1248,0.38533520771735513,0.0,0.26299149683230294,0.26299149683230294,0.3281595467489112
28,sympy__sympy-13757,1791036854.5416975,17.04085350036621,25125,23520,1605,0,0,1239,366,1239,0.3746735920163545,0.0,0.2890013207881519,0.2890013207881519,5.18732178864914
14,pytest-dev__pytest-10051,1791036855.7464216,170.2231330871582,8594,7840,754,0,0,365,389,365,0.16355273396097808,0.0,0.07910055061078256,0.07910055061078256,1.6660290277841248
29,sympy__sympy-15875,1791036859.7587087,26.491609573364258,18005,17248,757,0,0,149,608,149,0.17151334732368448,0.0,0.03371241751381887,0.03371241751381887,3.7485271314556514
15,sympy__sympy-23262,1791036862.763349,10.312973022460938,3576,3136,440,0,0,258,182,258,0.09324695828922143,0.0,0.05465253156448709,0.05465253156448709,0.6588422229017793
4,sympy__sympy-20916,1791036867.5748324,19.72407031059265,5445,4704,741,0,0,421,320,421,0.15834317288995292,0.0,0.08989372802980315,0.08989372802980315,0.9920480284586043
8,pytest-dev__pytest-10051,1791036867.8153412,7.281788349151611,5156,4704,452,0,0,163,289,163,0.09652017097474697,0.0,0.03478288134858883,0.03478288134858883,0.9920480284586043
16,pytest-dev__pytest-5631,1791036870.0070615,9.21651840209961,14943,14112,831,0,0,371,460,371,0.18563667862946595,0.0,0.08278993759293343,0.08278993759293343,3.0442685792826487
23,django__django-16255,1791036871.9921355,19.22896647453308,20429,18816,1613,0,0,778,835,778,0.36876112328664273,0.0,0.1775316065607873,0.1775316065607873,4.104441101648089
15,sympy__sympy-23262,1791036873.225976,9.432925701141357,3731,3136,595,0,0,440,155,440,0.1261426409209198,0.0,0.09324695828922143,0.09324695828922143,0.6588422229017793
6,django__django-15380,1791036873.6048021,11.389998197555542,12205,10976,1229,0,0,78,1151,78,0.27084142646307924,0.0,0.017143218274232132,0.017143218274232132,2.350102544725473
27,sympy__sympy-13757,1791036874.8381226,8.398436069488525,8284,7840,444,0,0,10,434,10,0.09623894189038469,0.0,0.0021653168033161324,0.0021653168033161324,1.6660290277841248
8,pytest-dev__pytest-10051,1791036875.227148,345.0830764770508,5739,4704,1035,0,0,452,583,452,0.22132372639878392,0.0,0.09652017097474697,0.09652017097474697,0.9920480284586043
16,pytest-dev__pytest-5631,1791036880.026858,35.515329122543335,15349,14112,1237,0,0,831,406,831,0.27659051689167286,0.0,0.18563667862946595,0.18563667862946595,3.0442685792826487
21,django__django-12262,1791036883.0910928,30.94434928894043,18900,17248,1652,0,0,1114,538,1114,0.3750519944094584,0.0,0.2526028361165293,0.2526028361165293,3.7485271314556514
15,sympy__sympy-23262,1791036883.1005154,9.922012090682983,4118,3136,982,0,0,595,387,595,0.20838336098817176,0.0,0.1261426409209198,0.1261426409209198,0.6588422229017793
27,sympy__sympy-13757,1791036883.5001285,7.59262228012085,8881,7840,1041,0,0,444,597,444,0.2259601941003823,0.0,0.09623894189038469,0.09623894189038469,1.6660290277841248
4,sympy__sympy-20916,1791036887.6428087,11.396125555038452,6186,4704,1482,0,0,741,741,741,0.31724983267999873,0.0,0.15834317288995292,0.15834317288995292,0.9920480284586043
6,django__django-15380,1791036887.850832,7.94000244140625,12459,10976,1483,0,0,1229,254,1229,0.3270100728219505,0.0,0.27084142646307924,0.27084142646307924,2.350102544725473
31,django__django-13112,1791036888.9871771,10.111194610595703,22026,20384,1642,0,0,971,671,971,0.37805768981386934,0.0,0.22323085713067556,0.22323085713067556,4.462878201244482
27,sympy__sympy-13757,1791036891.2287085,20.222217321395874,9335,7840,1495,0,0,1041,454,1041,0.32485402296612864,0.0,0.2259601941003823,0.2259601941003823,1.6660290277841248
23,django__django-16255,1791036891.7273433,22.30700182914734,20770,20384,386,0,0,45,341,45,0.08862472068262457,0.0,0.010324023690248957,0.010324023690248957,4.462878201244482
28,sympy__sympy-13757,1791036893.0300522,16.56538200378418,25613,25088,525,0,0,37,488,37,0.12311064221182852,0.0,0.008667104208090077,0.008667104208090077,5.553328276457405
15,sympy__sympy-23262,1791036893.1797261,13.645779609680176,4243,3136,1107,0,0,982,125,982,0.23497974062586913,0.0,0.20838336098817176,0.20838336098817176,0.6588422229017793
6,django__django-15380,1791036895.9345295,10.697113990783691,12800,10976,1824,0,0,1483,341,1483,0.40252169535633986,0.0,0.3270100728219505,0.3270100728219505,2.350102544725473
29,sympy__sympy-15875,1791036898.991249,14.259414911270142,18567,17248,1319,0,0,757,562,757,0.29922594462740176,0.0,0.17151334732368448,0.17151334732368448,3.7485271314556514
4,sympy__sympy-20916,1791036899.2758934,6.104801416397095,6386,4704,1682,0,0,1482,200,1482,0.3602361882417165,0.0,0.31724983267999873,0.31724983267999873,0.9920480284586043
31,django__django-13112,1791036899.2905288,211.25042390823364,24783,21952,2831,0,0,74,2757,74,0.6580983213693682,0.0,0.017097460813518733,0.017097460813518733,4.823838430244833
0,django__django-10973,1791036903.1374483,29.865321397781372,11449,9408,2041,0,0,1552,489,1552,0.4473524255038179,0.0,0.33978253730769914,0.33978253730769914,2.0068042215528203
4,sympy__sympy-20916,1791036905.5159624,10.795517206192017,7014,6272,742,0,0,114,628,114,0.1597512229947387,0.0,0.024507253280934633,0.024507253280934633,1.3277769634193861
6,django__django-15380,1791036906.8206875,28.120580673217773,13188,12544,644,0,0,256,388,256,0.14276476211166061,0.0,0.05670024277973054,0.05670024277973054,2.6959239973020823
15,sympy__sympy-23262,1791036907.068215,16.266125202178955,4926,3136,1790,0,0,1107,683,1107,0.38058553042422266,0.0,0.23497974062586913,0.23497974062586913,0.6588422229017793
28,sympy__sympy-13757,1791036909.7294574,672.5467488765717,25913,25088,825,0,0,525,300,525,0.19358657737113694,0.0,0.12311064221182852,0.12311064221182852,5.553328276457405
20,django__django-11749,1791036911.500797,23.44080877304077,14656,14112,544,0,0,262,282,262,0.12144377858618553,0.0,0.058451555668104956,0.058451555668104956,3.0442685792826487
27,sympy__sympy-13757,1791036911.620238,128.49226212501526,9649,7840,1809,0,0,1495,314,1495,0.3933756969462541,0.0,0.32485402296612864,0.32485402296612864,1.6660290277841248
29,sympy__sympy-15875,1791036913.3830986,15.969995021820068,19053,17248,1805,0,0,1319,486,1319,0.4099291446977978,0.0,0.29922594462740176,0.29922594462740176,3.7485271314556514
21,django__django-12262,1791036914.437964,23.685585498809814,19337,18816,521,0,0,84,437,84,0.11881814208048674,0.0,0.01913802421702155,0.01913802421702155,4.104441101648089
23,django__django-16255,1791036914.7916224,16.37313985824585,21189,20384,805,0,0,386,419,386,0.1849992383910581,0.0,0.08862472068262457,0.08862472068262457,4.462878201244482
16,pytest-dev__pytest-5631,1791036915.853771,32.46411371231079,15891,14112,1779,0,0,1237,542,1237,0.39827529906639864,0.0,0.27659051689167286,0.27659051689167286,3.0442685792826487
4,sympy__sympy-20916,1791036916.4491343,4.758936882019043,7193,6272,921,0,0,742,179,742,0.19837418295817238,0.0,0.1597512229947387,0.1597512229947387,1.3277769634193861
4,sympy__sympy-20916,1791036921.367634,153.98622369766235,8368,6272,2096,0,0,921,1175,921,0.4527211314578476,0.0,0.19837418295817238,0.19837418295817238,1.3277769634193861
15,sympy__sympy-23262,1791036923.5974023,7.564080715179443,5422,4704,718,0,0,222,496,222,0.1534198639302593,0.0,0.04737972486739767,0.04737972486739767,0.9920480284586043
7,pytest-dev__pytest-10051,1791036924.944798,52.35590171813965,5337,1568,3769,0,3136,577,56,3713,0.7991182186052187,0.6638884817096931,0.123249704783299,0.787138186492992,0.3281595467489112
9,sympy__sympy-13757,1791036926.546705,590.7266929149628,21075,20384,691,0,0,68,623,68,0.1587601681097964,0.0,0.015601549426562005,0.015601549426562005,4.462878201244482
29,sympy__sympy-15875,1791036929.4873557,47.5452721118927,19277,18816,461,0,0,237,224,237,0.10512047797442288,0.0,0.05401517450536091,0.05401517450536091,4.104441101648089
15,sympy__sympy-23262,1791036931.2881165,27.821800708770752,5644,4704,940,0,0,718,222,718,0.2009631667723587,0.0,0.1534198639302593,0.1534198639302593,0.9920480284586043
23,django__django-16255,1791036931.290176,7.555605888366699,21339,20384,955,0,0,805,150,805,0.21954465034681037,0.0,0.1849992383910581,0.1849992383910581,4.462878201244482
0,django__django-10973,1791036933.2015078,42.083993911743164,12000,10976,1024,0,0,473,551,473,0.2255567457068918,0.0,0.1040541023311654,0.1040541023311654,2.350102544725473
20,django__django-11749,1791036935.1144378,335.4880290031433,14961,14112,849,0,0,544,305,544,0.1896655311911248,0.0,0.12144377858618553,0.12144377858618553,3.0442685792826487
21,django__django-12262,1791036938.3883424,19.91379451751709,19583,18816,767,0,0,521,246,521,0.17501719040037847,0.0,0.11881814208048674,0.11881814208048674,4.104441101648089
23,django__django-16255,1791036939.0007358,16.211156368255615,21610,20384,1226,0,0,955,271,955,0.2820152367811931,0.0,0.21954465034681037,0.21954465034681037,4.462878201244482
30,sympy__sympy-18211,1791036943.1139674,410.3597092628479,14824,0,14824,0,12544,1287,993,13831,3.2032784313425893,2.6959239973020823,0.28573246615192804,2.9816564634540104,0.0
16,pytest-dev__pytest-5631,1791036948.6248791,12.43520474433899,16402,15680,722,0,0,211,511,211,0.16240863931798036,0.0,0.04740758768187557,0.04740758768187557,3.3951362906671716
6,pytest-dev__pytest-5631,1791036950.6608856,18.811769723892212,2019,0,2019,2019,0,0,0,0,0.4230145030433466,0.0,0.0,0.0,0.0
11,sympy__sympy-18211,1791036953.02908,8.216631412506104,9705,0,9705,0,9408,28,269,9436,2.071635782472081,2.0068042215528203,0.006108201543067514,2.0129124230958877,0.0
23,django__django-16255,1791036955.3589742,51.22021174430847,21826,20384,1442,0,0,1226,216,1226,0.3318612668422601,0.0,0.2820152367811931,0.2820152367811931,4.462878201244482
21,django__django-12262,1791036958.427486,49.60857892036438,20256,18816,1440,0,0,767,673,767,0.32908235025559857,0.0,0.17501719040037847,0.17501719040037847,4.104441101648089
15,sympy__sympy-23262,1791036959.6222389,14.710024118423462,5976,4704,1272,0,0,940,332,940,0.2721583388165365,0.0,0.2009631667723587,0.2009631667723587,0.9920480284586043
11,sympy__sympy-18211,1791036961.3805673,177.81167149543762,10717,9408,1309,0,0,297,1012,297,0.28641883360337766,0.0,0.06483156091926046,0.06483156091926046,2.0068042215528203
16,pytest-dev__pytest-5631,1791036961.4384117,13.904652118682861,16897,15680,1217,0,0,722,495,722,0.27406439271340866,0.0,0.16240863931798036,0.16240863931798036,3.3951362906671716
26,pylint-dev__pylint-6528,1791036962.9203322,7.62138032913208,12836,0,12836,0,10976,1177,683,12153,2.760603105621148,2.350102544725473,0.25935049824439277,2.6094530429698657,0.0
6,pytest-dev__pytest-5631,1791036969.8635683,10.098713636398315,2567,1568,999,0,0,451,548,451,0.21039199702206565,0.0,0.09485495629443536,0.09485495629443536,0.3281595467489112
26,pylint-dev__pylint-6528,1791036970.6997554,324.2556118965149,13482,12544,938,0,0,292,646,292,0.20808148322749553,0.0,0.06467910831906569,0.06467910831906569,2.6959239973020823
15,sympy__sympy-23262,1791036974.7051485,19.30044913291931,6148,4704,1444,0,0,1272,172,1272,0.30908706576420186,0.0,0.2721583388165365,0.2721583388165365,0.9920480284586043
0,django__django-10973,1791036975.4212759,32.54052662849426,12796,10976,1820,0,0,1024,796,1024,0.4016352368397689,0.0,0.2255567457068918,0.2255567457068918,2.350102544725473
16,pytest-dev__pytest-5631,1791036975.497854,12.595489501953125,17342,15680,1662,0,0,1217,445,1217,0.3746564245197688,0.0,0.27406439271340866,0.27406439271340866,3.3951362906671716
7,pytest-dev__pytest-10051,1791036977.678303,15.545999526977539,5642,4704,938,0,0,633,305,633,0.20053462295673163,0.0,0.13522973689552562,0.13522973689552562,0.9920480284586043
6,pytest-dev__pytest-5631,1791036980.2755678,177.01967358589172,3670,1568,2102,0,0,999,1103,999,0.443876332011922,0.0,0.21039199702206565,0.21039199702206565,0.3281595467489112
29,pytest-dev__pytest-6202,1791036985.4823039,21.421168565750122,2111,0,2111,2111,0,0,0,0,0.4423897061741734,0.0,0.0,0.0,0.0
17,pylint-dev__pylint-6528,1791036986.1858094,11.10025691986084,12579,0,12579,0,10976,1124,479,12100,2.7036720146504076,2.350102544725473,0.24764144613962455,2.5977439908650974,0.0
16,pytest-dev__pytest-5631,1791036989.038712,5.412221908569336,17631,17248,383,0,0,94,289,94,0.08670273773762494,0.0,0.021265583731288853,0.021265583731288853,3.7485271314556514
7,pytest-dev__pytest-10051,1791036993.3772044,17.862412929534912,5839,4704,1135,0,0,938,197,938,0.24276590023134623,0.0,0.20053462295673163,0.20053462295673163,0.9920480284586043
15,sympy__sympy-23262,1791036994.497398,17.08087182044983,6425,4704,1721,0,0,1444,277,1444,0.36862331035092016,0.0,0.30908706576420186,0.30908706576420186,0.9920480284586043
16,pytest-dev__pytest-5631,1791036994.589265,17.70976710319519,18041,17248,793,0,0,383,410,383,0.17968450903669786,0.0,0.08670273773762494,0.08670273773762494,3.7485271314556514
17,pylint-dev__pylint-6528,1791036997.5412147,605.0513052940369,13323,12544,779,0,0,35,744,35,0.1727461199706114,0.0,0.007748017348325251,0.007748017348325251,2.6959239973020823
2,django__django-12262,1791037001.2717197,8.406813621520996,16104,0,16104,0,15680,234,190,15914,3.4904471677817708,3.3951362906671716,0.052578001021820336,3.447714291688992,0.0
29,pytest-dev__pytest-6202,1791037007.2380526,45.84825038909912,3980,1568,2412,0,0,543,1869,543,0.5097222571326867,0.0,0.11423015942526221,0.11423015942526221,0.3281595467489112
0,django__django-10973,1791037008.1095874,16.85416603088379,13628,12544,1084,0,0,252,832,252,0.2405506407799936,0.0,0.055813784263159597,0.055813784263159597,2.6959239973020823
21,django__django-12262,1791037008.669302,30.619779586791992,20426,18816,1610,0,0,1440,170,1440,0.3680727903877339,0.0,0.32908235025559857,0.32908235025559857,4.104441101648089
2,django__django-12262,1791037009.8307762,5.136765956878662,16447,15680,767,0,0,424,343,424,0.172548771710538,0.0,0.09531087711459901,0.09531087711459901,3.3951362906671716
7,pytest-dev__pytest-10051,1791037011.624606,7.041735887527466,6056,4704,1352,0,0,1135,217,1135,0.2893307143353241,0.0,0.24276590023134623,0.24276590023134623,0.9920480284586043
15,sympy__sympy-23262,1791037011.9478219,15.71468710899353,6598,6272,326,0,0,153,173,153,0.07011760797172781,0.0,0.03289437539013833,0.03289437539013833,1.3277769634193861
16,pytest-dev__pytest-5631,1791037012.4394886,60.45188903808594,18251,17248,1003,0,0,793,210,793,0.2273761267150807,0.0,0.17968450903669786,0.17968450903669786,3.7485271314556514
2,django__django-12262,1791037015.3732948,19.75604796409607,16635,15680,955,0,0,767,188,767,0.21493446811317743,0.0,0.172548771710538,0.172548771710538,3.3951362906671716
13,django__django-13821,1791037018.717183,10.181059122085571,17840,0,17840,0,17248,186,406,17434,3.882606338492866,3.7485271314556514,0.042087488712755944,3.7906146201684074,0.0
7,pytest-dev__pytest-10051,1791037020.6339812,11.199137449264526,6230,4704,1526,0,0,1352,174,1352,0.3267033088603059,0.0,0.2893307143353241,0.2893307143353241,0.9920480284586043
23,pylint-dev__pylint-6528,1791037021.924124,11.38870120048523,1932,0,1932,1932,0,0,0,0,0.40470029087227916,0.0,0.0,0.0,0.0
0,django__django-10973,1791037025.3401036,16.39919900894165,13802,12544,1258,0,0,1084,174,1084,0.2792753304758257,0.0,0.2405506407799936,0.2405506407799936,2.6959239973020823
14,pytest-dev__pytest-10051,1791037026.1600947,1122.709600687027,8990,7840,1150,0,0,754,396,754,0.24968413033122222,0.0,0.16355273396097808,0.16355273396097808,1.6660290277841248
15,sympy__sympy-23262,1791037027.8038838,7.825398683547974,8166,6272,1894,0,0,326,1568,326,0.4088942515365239,0.0,0.07011760797172781,0.07011760797172781,1.3277769634193861
13,django__django-13821,1791037029.0791073,465.1127600669861,20286,17248,3038,0,0,592,2446,592,0.6918748312572994,0.0,0.13407920703721476,0.13407920703721476,3.7485271314556514
7,pytest-dev__pytest-10051,1791037032.1977649,1268.4039113521576,6680,4704,1976,0,0,1526,450,1526,0.42350065415119204,0.0,0.3267033088603059,0.3267033088603059,0.9920480284586043
23,pylint-dev__pylint-6528,1791037033.628233,10.203901529312134,2276,1568,708,0,0,364,344,364,0.1490009238172689,0.0,0.07654074412336799,0.07654074412336799,0.3281595467489112
2,django__django-12262,1791037035.501972,38.2707417011261,16874,15680,1194,0,0,955,239,955,0.2688707771950527,0.0,0.21493446811317743,0.21493446811317743,3.3951362906671716
15,sympy__sympy-23262,1791037035.7678618,6.488208293914795,9724,7840,1884,0,0,326,1558,326,0.40975730904374297,0.0,0.07064218717178518,0.07064218717178518,1.6660290277841248
21,django__django-12262,1791037039.459192,34.17083239555359,21107,20384,723,0,0,42,681,42,0.16612417474906707,0.0,0.009635690791340152,0.009635690791340152,4.462878201244482
27,sympy__sympy-13757,1791037040.5423934,15.942044973373413,10138,9408,730,0,0,241,489,241,0.15951249277870738,0.0,0.05260050317755853,0.05260050317755853,2.0068042215528203
15,sympy__sympy-23262,1791037042.440298,10.766587257385254,11357,9408,1949,0,0,316,1633,316,0.427095586800239,0.0,0.06898211527504738,0.06898211527504738,2.0068042215528203
23,pylint-dev__pylint-6528,1791037044.1303651,23.174726486206055,3114,1568,1546,0,0,708,838,708,0.3260255435717117,0.0,0.1490009238172689,0.1490009238172689,0.3281595467489112
22,django__django-13112,1791037047.9724174,106.83155989646912,24628,0,24628,0,23520,198,910,23718,5.445692398086556,5.18732178864914,0.04607846754519858,5.233400256194338,0.0
15,sympy__sympy-23262,1791037053.3509111,13.023884296417236,13145,10976,2169,0,0,381,1788,381,0.4790405244065059,0.0,0.08379726362758656,0.08379726362758656,2.350102544725473
29,pytest-dev__pytest-6202,1791037053.4186022,18.64672875404358,5160,3136,2024,0,0,844,1180,844,0.4305810732642406,0.0,0.1790395809798186,0.1790395809798186,0.6588422229017793
0,astropy__astropy-12907,1791037054.772191,16.860109090805054,1688,0,1688,1688,0,0,0,0,0.353377734996609,0.0,0.0,0.0,0.0
27,sympy__sympy-13757,1791037056.624928,14.366291999816895,10297,9408,889,0,0,730,159,730,0.19432815453706842,0.0,0.15951249277870738,0.15951249277870738,2.0068042215528203
3,django__django-13112,1791037057.1134791,107.15522718429565,36466,0,36466,0,36064,125,277,36189,8.284791636411436,8.186021314426048,0.03069439807904944,8.216715712505097,0.0
15,sympy__sympy-23262,1791037066.5092428,17.797455549240112,14546,12544,2002,0,0,601,1401,601,0.44520721789896517,0.0,0.1332190718298965,0.1332190718298965,2.6959239973020823
23,pylint-dev__pylint-6528,1791037067.5385056,13.491042852401733,4548,1568,2980,0,0,1546,1434,1546,0.6306248785456151,0.0,0.3260255435717117,0.3260255435717117,0.3281595467489112
27,sympy__sympy-13757,1791037071.1265697,30.76032066345215,10481,9408,1073,0,0,889,184,889,0.23465036086460078,0.0,0.19432815453706842,0.19432815453706842,2.0068042215528203
0,astropy__astropy-12907,1791037072.091966,8.811144590377808,1999,1568,431,0,0,120,311,120,0.09064410499857117,0.0,0.025218188247697854,0.025218188247697854,0.3281595467489112
29,pytest-dev__pytest-6202,1791037072.3557887,10.132168769836426,5488,4704,784,0,0,456,328,456,0.16754907630489632,0.0,0.09737526770741564,0.09737526770741564,0.9920480284586043
21,django__django-12262,1791037073.775329,60.321852922439575,21291,20384,907,0,0,723,184,723,0.20848760629430105,0.0,0.16612417474906707,0.16612417474906707,4.462878201244482
2,django__django-12262,1791037074.1391015,73.41949272155762,17323,15680,1643,0,0,1194,449,1194,0.3703573306572548,0.0,0.2688707771950527,0.2688707771950527,3.3951362906671716
4,sympy__sympy-20916,1791037075.9476194,83.75447654724121,9303,7840,1463,0,0,528,935,528,0.31787660367774534,0.0,0.11446906709310889,0.11446906709310889,1.6660290277841248
12,django__django-11749,1791037077.7693,112.15147876739502,15313,0,15313,0,14112,790,411,14902,3.3127873890817767,3.0442685792826487,0.17646108902748303,3.2207296683101316,0.0
0,astropy__astropy-12907,1791037081.063651,129.15424251556396,4666,1568,3098,0,0,431,2667,431,0.6557835083221109,0.0,0.09064410499857117,0.09064410499857117,0.3281595467489112
23,pylint-dev__pylint-6528,1791037081.2942986,11.508133888244629,5448,3136,2312,0,0,1412,900,1412,0.4921911892038699,0.0,0.299942202392747,0.299942202392747,0.6588422229017793
29,pytest-dev__pytest-6202,1791037082.6286914,61.76036477088928,6001,4704,1297,0,0,784,513,784,0.2775240006286434,0.0,0.16754907630489632,0.16754907630489632,0.9920480284586043
16,django__django-10973,1791037083.3643267,8.311930894851685,1426,0,1426,1426,0,0,0,0,0.29833711403835494,0.0,0.0,0.0,0.0
15,sympy__sympy-23262,1791037084.4371102,4.6198570728302,14698,14112,586,0,0,434,152,434,0.13083258153315164,0.0,0.09686263591839896,0.09686263591839896,3.0442685792826487
15,sympy__sympy-23262,1791037089.2149282,7.620827913284302,15701,14112,1589,0,0,586,1003,586,0.3555839547600901,0.0,0.13083258153315164,0.13083258153315164,3.0442685792826487
16,django__django-10973,1791037092.2302244,5.466294050216675,1646,0,1646,0,0,1426,220,1426,0.3445496881347174,0.0,0.29833711403835494,0.29833711403835494,0.0
23,pylint-dev__pylint-6528,1791037092.9440613,3.760773181915283,5562,4704,858,0,0,744,114,744,0.18339623638698996,0.0,0.15898538364704498,0.15898538364704498,0.9920480284586043
23,pylint-dev__pylint-6528,1791037096.852738,68.77109694480896,6912,4704,2208,0,0,858,1350,858,0.47348625089176744,0.0,0.18339623638698996,0.18339623638698996,0.9920480284586043
15,sympy__sympy-23262,1791037096.9773836,5.485055923461914,15884,15680,204,0,0,21,183,21,0.045834091376712724,0.0,0.004716243375566941,0.004716243375566941,3.3951362906671716
16,django__django-10973,1791037097.8816655,21.391651153564453,2245,1568,677,0,0,78,599,78,0.14246610325670972,0.0,0.016390141385806224,0.016390141385806224,0.3281595467489112
27,sympy__sympy-13757,1791037102.042116,8.155429601669312,10793,9408,1385,0,0,1073,312,1073,0.303102203747318,0.0,0.23465036086460078,0.23465036086460078,2.0068042215528203
15,sympy__sympy-23262,1791037102.601506,32.2112820148468,16195,15680,515,0,0,204,311,204,0.11579079660958894,0.0,0.045834091376712724,0.045834091376712724,3.3951362906671716
27,sympy__sympy-13757,1791037110.6973245,48.80903482437134,11254,9408,1846,0,0,1385,461,1385,0.4044270407522949,0.0,0.303102203747318,0.303102203747318,2.0068042215528203
31,django__django-13112,1791037110.8527389,53.34510040283203,25140,0,25140,0,23520,1263,357,24783,5.565509471792856,5.18732178864914,0.2946149629650606,5.4819367516142,0.0
16,django__django-10973,1791037119.5549736,4.838702917098999,3106,1568,1538,0,0,677,861,677,0.3243321639632937,0.0,0.14246610325670972,0.14246610325670972,0.3281595467489112
16,django__django-10973,1791037124.55657,75.51048707962036,4216,1568,2648,0,0,1538,1110,1538,0.5599162410662583,0.0,0.3243321639632937,0.3243321639632937,0.3281595467489112
24,django__django-14787,1791037126.1125433,1247.4245474338531,8583,0,8583,0,7840,687,56,8527,1.8271915201871864,1.6660290277841248,0.14899591514585428,1.815024942929979,0.0
25,django__django-14787,1791037130.4061968,13.801995992660522,5414,0,5414,0,4704,341,369,5045,1.1437555643518469,0.9920480284586043,0.07279778659691348,1.0648458150555178,0.0
15,sympy__sympy-23262,1791037135.3772402,287.6953036785126,17784,15680,2104,0,0,515,1589,515,0.4747714778367901,0.0,0.11579079660958894,0.11579079660958894,3.3951362906671716
11,sympy__sympy-18211,1791037139.4748669,33.03779745101929,11129,0,11129,0,9408,1309,412,10717,2.3837355147561827,2.0068042215528203,0.28641883360337766,2.293223055156198,0.0
21,django__django-11749,1791037142.2808485,10.87930941581726,1633,0,1633,1633,0,0,0,0,0.3418175643188774,0.0,0.0,0.0,0.0
25,django__django-14787,1791037144.4877696,8.681576013565063,5828,4704,1124,0,0,710,414,710,0.2404067587670543,0.0,0.1517075358932427,0.1517075358932427,0.9920480284586043
29,pytest-dev__pytest-6202,1791037144.908928,37.929967403411865,6442,4704,1738,0,0,1297,441,1297,0.3722797238613997,0.0,0.2775240006286434,0.2775240006286434,0.9920480284586043
2,django__django-12262,1791037147.981382,50.16249060630798,18370,17248,1122,0,0,75,1047,75,0.2544214658231706,0.0,0.016966489868774786,0.016966489868774786,3.7485271314556514
25,django__django-14787,1791037153.7232351,7.549288749694824,7230,4704,2526,0,0,1124,1402,1124,0.5420907356234956,0.0,0.2404067587670543,0.2404067587670543,0.9920480284586043
21,django__django-11749,1791037153.8239381,11.175189971923828,1861,1568,293,0,0,65,228,65,0.0616004190861692,0.0,0.013658017569966182,0.013658017569966182,0.3281595467489112
22,django__django-13112,1791037155.2398424,13.45764708518982,25031,23520,1511,0,0,1108,403,1108,0.3526572116938855,0.0,0.2583706094374158,0.2583706094374158,5.18732178864914
6,pytest-dev__pytest-5631,1791037157.6990798,149.05578446388245,4114,0,4114,0,3136,534,444,3670,0.8663747645105319,0.6588422229017793,0.11319365585905393,0.7720358787608332,0.0
27,sympy__sympy-13757,1791037159.9420877,26.782790184020996,12130,10976,1154,0,0,278,876,278,0.2542688574303936,0.0,0.06112871757964244,0.06112871757964244,2.350102544725473
4,sympy__sympy-20916,1791037160.262278,95.04956650733948,9948,7840,2108,0,0,1463,645,1463,0.4587180904456116,0.0,0.31787660367774534,0.31787660367774534,1.6660290277841248
25,django__django-14787,1791037161.412122,26.502787590026855,9247,6272,2975,0,0,958,2017,958,0.643920712934264,0.0,0.20636180066271376,0.20636180066271376,1.3277769634193861
31,django__django-13112,1791037164.3642914,7.834609508514404,25966,25088,878,0,0,52,826,52,0.20604692584420445,0.0,0.01218119533545158,0.01218119533545158,5.553328276457405
3,django__django-13112,1791037164.5856466,109.91186356544495,36898,36064,834,0,0,402,432,402,0.20509643384912649,0.0,0.09877032198538811,0.09877032198538811,8.186021314426048
21,django__django-11749,1791037165.2248209,4.675234079360962,2071,1568,503,0,0,293,210,293,0.10580509077819354,0.0,0.0616004190861692,0.0616004190861692,0.3281595467489112
23,pylint-dev__pylint-6528,1791037165.887133,127.44426894187927,8079,6272,1807,0,0,640,1167,640,0.3900312194357671,0.0,0.13775731593098559,0.13775731593098559,1.3277769634193861
22,django__django-13112,1791037168.9641285,10.995665073394775,25250,23520,1730,0,0,1511,219,1511,0.4039647401195086,0.0,0.3526572116938855,0.3526572116938855,5.18732178864914
21,django__django-11749,1791037170.3807569,4.689645528793335,2171,1568,603,0,0,503,100,503,0.12687084110501792,0.0,0.10580509077819354,0.10580509077819354,0.3281595467489112
11,sympy__sympy-18211,1791037172.9613998,28.478848218917847,11341,10976,365,0,0,153,212,153,0.08027522182563493,0.0,0.03363297003070989,0.03363297003070989,2.350102544725473
31,django__django-13112,1791037173.4776204,12.098973035812378,26243,25088,1155,0,0,878,277,878,0.27121678331851756,0.0,0.20604692584420445,0.20604692584420445,5.553328276457405
21,django__django-11749,1791037175.203067,6.217502117156982,4605,1568,3037,0,0,603,2434,603,0.64277599186807,0.0,0.12687084110501792,0.12687084110501792,0.3281595467489112
22,django__django-13112,1791037180.2385838,6.89318585395813,25492,25088,404,0,0,162,242,162,0.09471148711806548,0.0,0.037958252311244244,0.037958252311244244,5.553328276457405
21,django__django-11749,1791037181.5511653,24.67380380630493,5488,3136,2352,0,0,1469,883,1469,0.5007548818617212,0.0,0.312093315715202,0.312093315715202,0.6588422229017793
29,pytest-dev__pytest-6202,1791037183.3350463,43.71878743171692,6880,6272,608,0,0,170,438,170,0.1308594669068905,0.0,0.03655078890061781,0.03655078890061781,1.3277769634193861
31,django__django-13112,1791037186.064102,60.18928551673889,26894,25088,1806,0,0,1155,651,1155,0.4246877009625009,0.0,0.27121678331851756,0.27121678331851756,5.553328276457405
27,sympy__sympy-13757,1791037187.1412015,32.40905284881592,12593,10976,1617,0,0,1154,463,1154,0.35666902886334445,0.0,0.2542688574303936,0.2542688574303936,2.350102544725473
22,django__django-13112,1791037187.2906141,7.195905685424805,26211,25088,1123,0,0,404,719,404,0.26368411267702485,0.0,0.09471148711806548,0.09471148711806548,5.553328276457405
25,django__django-14787,1791037188.1881251,258.0434396266937,9632,7840,1792,0,0,1407,385,1407,0.3896633340543425,0.0,0.30566864856952536,0.30566864856952536,1.6660290277841248
12,django__django-11749,1791037190.056754,99.9585497379303,15617,14112,1505,0,0,1201,304,1201,0.33672169667929497,0.0,0.26851880979912857,0.26851880979912857,3.0442685792826487
22,django__django-13112,1791037194.623735,122.25354051589966,27863,25088,2775,0,0,1123,1652,1123,0.6539314619745603,0.0,0.26368411267702485,0.26368411267702485,5.553328276457405
2,django__django-12262,1791037198.5124223,9.04852843284607,19004,17248,1756,0,0,1122,634,1122,0.39875672354599645,0.0,0.2544214658231706,0.2544214658231706,3.7485271314556514
16,django__django-10973,1791037200.947812,620.5015308856964,4637,3136,1501,0,0,1080,421,1080,0.3189164547305247,0.0,0.22923356491339014,0.22923356491339014,0.6588422229017793
11,sympy__sympy-18211,1791037201.604712,9.79854679107666,11722,10976,746,0,0,365,381,365,0.16421519901599535,0.0,0.08027522182563493,0.08027522182563493,2.350102544725473
21,django__django-11749,1791037206.5981915,10.78213906288147,5852,4704,1148,0,0,784,364,784,0.24555413660020356,0.0,0.16754907630489632,0.16754907630489632,0.9920480284586043
2,django__django-12262,1791037207.705719,6.460589170455933,19144,18816,328,0,0,188,140,188,0.07477049377018813,0.0,0.04284275335355957,0.04284275335355957,4.104441101648089
0,astropy__astropy-12907,1791037210.3626149,346.1639578342438,6307,3136,3171,0,0,1530,1641,1530,0.6764574784548644,0.0,0.32510083216924274,0.32510083216924274,0.6588422229017793
11,sympy__sympy-18211,1791037212.0705235,26.049370765686035,11934,10976,958,0,0,746,212,746,0.21098646514420102,0.0,0.16421519901599535,0.16421519901599535,2.350102544725473
2,django__django-12262,1791037215.301559,7.920139312744141,19298,18816,482,0,0,328,154,328,0.10991424016774588,0.0,0.07477049377018813,0.07477049377018813,4.104441101648089
21,django__django-11749,1791037217.747392,17.932937622070312,6349,4704,1645,0,0,1148,497,1148,0.352280617846982,0.0,0.24555413660020356,0.24555413660020356,0.9920480284586043
27,sympy__sympy-13757,1791037220.2193294,43.68143582344055,13059,12544,515,0,0,49,466,49,0.11413338379959174,0.0,0.010847576286735144,0.010847576286735144,2.6959239973020823
8,pytest-dev__pytest-10051,1791037220.6051412,6.693142652511597,6234,0,6234,0,4704,1035,495,5739,1.3196108427630855,0.9920480284586043,0.22132372639878392,1.2133717548573881,0.0
8,pytest-dev__pytest-10051,1791037227.4480617,506.0323157310486,6817,4704,2113,0,0,1530,583,1530,0.45301133261386484,0.0,0.3275628143044813,0.3275628143044813,0.9920480284586043
29,pytest-dev__pytest-6202,1791037227.5487504,73.03745698928833,7409,6272,1137,0,0,608,529,608,0.24502443902970752,0.0,0.1308594669068905,0.1308594669068905,1.3277769634193861
2,django__django-12262,1791037227.9319236,13.740143537521362,19613,18816,797,0,0,482,315,482,0.18187498149704479,0.0,0.10991424016774588,0.10991424016774588,4.104441101648089
21,django__django-11749,1791037235.8274992,10.8331937789917,6610,6272,338,0,0,77,261,77,0.07270070542347312,0.0,0.016551682886200188,0.016551682886200188,1.3277769634193861
11,sympy__sympy-18211,1791037239.2702818,22.20598340034485,12400,10976,1424,0,0,958,466,958,0.3139571216208769,0.0,0.21098646514420102,0.21098646514420102,2.350102544725473
2,django__django-12262,1791037246.1313512,14.918142080307007,19915,18816,1099,0,0,797,302,797,0.2509615258192336,0.0,0.18187498149704479,0.18187498149704479,4.104441101648089
31,django__django-13112,1791037246.525196,34.73649978637695,27619,26656,963,0,0,238,725,238,0.22758612298083805,0.0,0.056158083750279655,0.056158083750279655,5.921857893669626
21,django__django-11749,1791037247.0867326,9.700002193450928,7098,6272,826,0,0,338,488,338,0.17787186929999257,0.0,0.07270070542347312,0.07270070542347312,1.3277769634193861
10,sympy__sympy-15875,1791037249.2262812,12.574687004089355,5423,0,5423,0,3136,1505,782,4641,1.1456819380115544,0.6588422229017793,0.3197694209964597,0.9786116438982391,0.0
18,django__django-10973,1791037249.6288104,94.09781122207642,6115,0,6115,0,4704,778,633,5482,1.2940475778213278,0.9920480284586043,0.16626441773010742,1.1583124461887118,0.0
4,sympy__sympy-20916,1791037255.7737303,57.11017346382141,10198,9408,790,0,0,540,250,540,0.17264743042583902,0.0,0.11794289667691604,0.11794289667691604,2.0068042215528203
21,django__django-11749,1791037257.0517192,6.888041019439697,7285,6272,1013,0,0,826,187,826,0.21823788281778683,0.0,0.17787186929999257,0.17787186929999257,1.3277769634193861
11,sympy__sympy-18211,1791037262.2717206,48.800429344177246,12741,10976,1765,0,0,1424,341,1424,0.3894480973054519,0.0,0.3139571216208769,0.3139571216208769,2.350102544725473
10,sympy__sympy-15875,1791037262.369373,60.661536693573,5638,4704,934,0,0,719,215,719,0.19967754764031417,0.0,0.1536339095529501,0.1536339095529501,0.9920480284586043
2,django__django-12262,1791037262.7009673,14.772723913192749,20285,18816,1469,0,0,1099,370,1099,0.3357315624907929,0.0,0.2509615258192336,0.2509615258192336,4.104441101648089
27,sympy__sympy-13757,1791037264.0569592,6.785942316055298,13258,12544,714,0,0,515,199,515,0.15830831668408318,0.0,0.11413338379959174,0.11413338379959174,2.6959239973020823
21,django__django-11749,1791037264.2274656,34.107794523239136,7668,6272,1396,0,0,1013,383,1013,0.3010246779995873,0.0,0.21823788281778683,0.21823788281778683,1.3277769634193861
20,django__django-11749,1791037270.738371,8.400044918060303,15251,1568,13683,0,12544,849,290,13393,2.9707296867129527,2.7161090325337374,0.1896655311911248,2.905774563724862,0.3281595467489112
27,sympy__sympy-13757,1791037272.901237,11.231635332107544,13743,12544,1199,0,0,714,485,714,0.2661410633823744,0.0,0.15830831668408318,0.15830831668408318,2.6959239973020823
3,django__django-13112,1791037274.6486003,608.5709278583527,37467,36064,1403,0,0,834,569,834,0.34543396240373736,0.0,0.20509643384912649,0.20509643384912649,8.186021314426048
19,sympy__sympy-15875,1791037275.8665652,842.533567905426,5208,0,5208,0,4704,33,471,4737,1.0996857377010516,0.9920480284586043,0.0070397317567191964,0.9990877602153235,0.0
2,django__django-12262,1791037277.6246266,33.51531720161438,20601,18816,1785,0,0,1469,316,1469,0.40824098768166356,0.0,0.3357315624907929,0.3357315624907929,4.104441101648089
20,django__django-11749,1791037279.5107262,43.713170766830444,15392,14112,1280,0,0,1139,141,1139,0.28623346564804375,0.0,0.2546206541792154,0.2546206541792154,3.0442685792826487
31,django__django-13112,1791037281.408036,130.45045924186707,28001,26656,1345,0,0,963,382,963,0.31812795006262334,0.0,0.22758612298083805,0.22758612298083805,5.921857893669626
27,sympy__sympy-13757,1791037286.14196,6.6654462814331055,13871,12544,1327,0,0,1199,128,1199,0.29464027639414153,0.0,0.2661410633823744,0.2661410633823744,2.6959239973020823
12,django__django-11749,1791037290.1942768,212.90341567993164,15929,14112,1817,0,0,1505,312,1505,0.4068180135836769,0.0,0.33672169667929497,0.33672169667929497,3.0442685792826487
23,pylint-dev__pylint-6528,1791037293.6706717,7.959863901138306,8489,7840,649,0,0,239,410,239,0.14074185629378855,0.0,0.051779155071028385,0.051779155071028385,1.6660290277841248
27,sympy__sympy-13757,1791037294.8543577,10.113227367401123,13986,12544,1442,0,0,1327,115,1327,0.3202593771722798,0.0,0.29464027639414153,0.29464027639414153,2.6959239973020823
26,pylint-dev__pylint-6528,1791037295.2318087,8.362412929534912,13986,0,13986,0,12544,938,504,13482,3.016183374474362,2.6959239973020823,0.20808148322749553,2.9040054805295776,0.0
21,django__django-11749,1791037299.427238,339.64106369018555,8086,6272,1814,0,0,1396,418,1396,0.3915486473160772,0.0,0.3010246779995873,0.3010246779995873,1.3277769634193861
29,pytest-dev__pytest-6202,1791037300.8405328,173.85640358924866,8133,6272,1861,0,0,1137,724,1137,0.40173839394927363,0.0,0.24502443902970752,0.24502443902970752,1.3277769634193861
23,pylint-dev__pylint-6528,1791037302.5668063,29.648239612579346,8641,7840,801,0,0,649,152,649,0.17376698301408458,0.0,0.14074185629378855,0.14074185629378855,1.6660290277841248
26,pylint-dev__pylint-6528,1791037303.715531,693.3198339939117,14461,12544,1917,0,0,1442,475,1442,0.42622120349880077,0.0,0.3202593771722798,0.3202593771722798,2.6959239973020823
27,sympy__sympy-13757,1791037307.0551896,13.75472378730774,15286,12544,2742,0,0,1442,1300,1442,0.6108104842743315,0.0,0.3202593771722798,0.3202593771722798,2.6959239973020823
11,sympy__sympy-18211,1791037311.259429,16.207080602645874,13487,12544,943,0,0,197,746,197,0.2091930789295981,0.0,0.043626644728842534,0.043626644728842534,2.6959239973020823
2,django__django-12262,1791037311.5276923,9.2026526927948,20997,20384,613,0,0,217,396,217,0.1408148044806625,0.0,0.04980388808526981,0.04980388808526981,4.462878201244482
4,sympy__sympy-20916,1791037313.4474928,422.1104655265808,10667,9408,1259,0,0,790,469,790,0.27544616483750095,0.0,0.17264743042583902,0.17264743042583902,2.0068042215528203
6,pytest-dev__pytest-5631,1791037314.959406,31.21118712425232,4541,3136,1405,0,0,978,427,978,0.2984501902827289,0.0,0.20753254160875256,0.20753254160875256,0.6588422229017793
22,django__django-13112,1791037317.0297008,33.28645420074463,28191,26656,1535,0,0,1207,328,1207,0.3632176087988925,0.0,0.28540184476233904,0.28540184476233904,5.921857893669626
2,django__django-12262,1791037320.8979719,29.347553491592407,21291,20384,907,0,0,613,294,613,0.20848760629430105,0.0,0.1408148044806625,0.1408148044806625,4.462878201244482
10,sympy__sympy-15875,1791037323.4821072,49.166475772857666,6496,4704,1792,0,0,934,858,934,0.3838961811310125,0.0,0.19967754764031417,0.19967754764031417,0.9920480284586043
27,sympy__sympy-13757,1791037323.6193767,24.123525619506836,15693,14112,1581,0,0,1174,407,1174,0.353787237252725,0.0,0.26246590229376515,0.26246590229376515,3.0442685792826487
20,django__django-11749,1791037323.6273825,51.861127853393555,16067,14112,1955,0,0,1280,675,1280,0.4378540183926533,0.0,0.28623346564804375,0.28623346564804375,3.0442685792826487
11,sympy__sympy-18211,1791037327.6286771,7.242053270339966,13644,12544,1100,0,0,943,157,943,0.24411023462371723,0.0,0.2091930789295981,0.2091930789295981,2.6959239973020823
23,pylint-dev__pylint-6528,1791037333.6710677,84.2130675315857,9136,7840,1296,0,0,801,495,801,0.2814802492233737,0.0,0.17376698301408458,0.17376698301408458,1.6660290277841248
11,sympy__sympy-18211,1791037336.995101,14.08883786201477,13914,12544,1370,0,0,1100,270,1100,0.3042180037233487,0.0,0.24411023462371723,0.24411023462371723,2.6959239973020823
18,django__django-10973,1791037344.065157,36.16712713241577,6776,4704,2072,0,0,1411,661,1411,0.4441776500830724,0.0,0.3019995493627235,0.3019995493627235,0.9920480284586043
6,pytest-dev__pytest-5631,1791037346.3922074,216.69835305213928,4990,3136,1854,0,0,1405,449,1405,0.39425394232120325,0.0,0.2984501902827289,0.2984501902827289,0.6588422229017793
22,django__django-13112,1791037350.5697196,283.1199324131012,28442,26656,1786,0,0,1535,251,1535,0.42284021869524124,0.0,0.3632176087988925,0.3632176087988925,5.921857893669626
30,sympy__sympy-18211,1791037353.7177522,183.95486855506897,16051,0,16051,0,14112,712,1227,14824,3.478523218699434,3.0442685792826487,0.15900985205994067,3.2032784313425893,0.0
2,django__django-12262,1791037358.5655608,11.822057962417603,1590,0,1590,0,20384,907,0,21291,0.3327817749781669,4.462878201244482,0.20848760629430105,4.671365807538783,0.0
27,sympy__sympy-13757,1791037363.5605218,12.039301633834839,16156,15680,476,0,0,13,463,13,0.10701264765089963,0.0,0.0029195258682018404,0.0029195258682018404,3.3951362906671716
11,sympy__sympy-18211,1791037364.062436,13.026968479156494,14351,12544,1807,0,0,1370,437,1370,0.40166207360145606,0.0,0.3042180037233487,0.3042180037233487,2.6959239973020823
2,django__django-12262,1791037371.0159416,11.994784593582153,2139,1568,571,0,0,22,549,22,0.12012868445524807,0.0,0.004622228229255733,0.004622228229255733,0.3281595467489112
10,sympy__sympy-15875,1791037373.1112003,54.86093258857727,7186,6272,914,0,0,224,690,224,0.19686317008150014,0.0,0.048167246170230625,0.048167246170230625,1.3277769634193861
20,django__django-11749,1791037375.8656871,180.91223788261414,16802,15680,1122,0,0,387,735,387,0.252616012257329,0.0,0.08698630700813022,0.08698630700813022,3.3951362906671716
18,django__django-10973,1791037380.3849149,101.79562902450562,7557,6272,1285,0,0,504,781,504,0.2770161460782644,0.0,0.10844871512229061,0.10844871512229061,1.3277769634193861
2,django__django-12262,1791037383.3697643,6.122159481048584,2354,1568,786,0,0,571,215,571,0.1654477380811582,0.0,0.12012868445524807,0.12012868445524807,0.3281595467489112
27,sympy__sympy-13757,1791037389.6134772,32.58237552642822,16492,15680,812,0,0,476,336,476,0.1826909822317737,0.0,0.10701264765089963,0.10701264765089963,3.3951362906671716
2,django__django-12262,1791037389.6136718,68.04140043258667,3753,1568,2185,0,0,786,1399,786,0.46149637978762387,0.0,0.1654477380811582,0.1654477380811582,0.3281595467489112
11,sympy__sympy-18211,1791037392.389559,21.367817163467407,14726,14112,614,0,0,239,375,239,0.13709278920945223,0.0,0.05331749162088985,0.05331749162088985,3.0442685792826487
31,django__django-13112,1791037412.2613358,37.72360825538635,28381,26656,1725,0,0,1345,380,1345,0.40834431466863247,0.0,0.31812795006262334,0.31812795006262334,5.921857893669626
11,sympy__sympy-18211,1791037414.4071937,21.157869815826416,15140,14112,1028,0,0,614,414,614,0.22974832575220777,0.0,0.13709278920945223,0.13709278920945223,3.0442685792826487
23,pylint-dev__pylint-6528,1791037418.329402,256.2329819202423,9310,7840,1470,0,0,1296,174,1296,0.31940282435139555,0.0,0.2814802492233737,0.2814802492233737,1.6660290277841248
15,sympy__sympy-23262,1791037423.5953717,23.527125597000122,18317,0,18317,0,17248,536,533,17784,3.9909013992592115,3.7485271314556514,0.1213806370483101,3.8699077685039613,0.0
10,sympy__sympy-15875,1791037428.4854672,53.433411836624146,7998,6272,1726,0,0,914,812,914,0.3724760686129381,0.0,0.19686317008150014,0.19686317008150014,1.3277769634193861
11,sympy__sympy-18211,1791037436.3993948,14.51861023902893,15536,14112,1424,0,0,1028,396,1028,0.31853994849745165,0.0,0.22974832575220777,0.22974832575220777,3.0442685792826487
27,sympy__sympy-13757,1791037436.4338193,7.556111574172974,16822,15680,1142,0,0,812,330,812,0.25713069109711023,0.0,0.1826909822317737,0.1826909822317737,3.3951362906671716
27,sympy__sympy-13757,1791037444.1209471,5.2797160148620605,16940,15680,1260,0,0,1142,118,1142,0.2837756518684599,0.0,0.25713069109711023,0.25713069109711023,3.3951362906671716
25,django__django-14787,1791037446.5107968,1211.9144022464752,9964,9408,556,0,0,224,332,224,0.12144206572233582,0.0,0.04888814028564688,0.04888814028564688,2.0068042215528203
15,sympy__sympy-23262,1791037447.410283,59.80684757232666,19382,17248,2134,0,0,1069,1065,1069,0.48500778483592927,0.0,0.24237426780356008,0.24237426780356008,3.7485271314556514
27,sympy__sympy-13757,1791037449.5321083,61.13362216949463,17350,15680,1670,0,0,1260,410,1260,0.3764666801375148,0.0,0.2837756518684599,0.2837756518684599,3.3951362906671716
31,django__django-13112,1791037450.4324598,15.542205810546875,28726,28224,502,0,0,157,345,157,0.11932687434308209,0.0,0.03729156805245437,0.03729156805245437,6.292910640285805
11,sympy__sympy-18211,1791037451.644684,9.520094871520996,16070,14112,1958,0,0,1424,534,1424,0.43852893119836545,0.0,0.31853994849745165,0.31853994849745165,3.0442685792826487
2,django__django-12262,1791037457.8144293,6.792994737625122,3857,3136,721,0,0,617,104,617,0.1529018149100428,0.0,0.1308137036347558,0.1308137036347558,0.6588422229017793
11,sympy__sympy-18211,1791037462.1084707,6.881347179412842,16235,15680,555,0,0,390,165,390,0.12479564776429582,0.0,0.08766121981384235,0.08766121981384235,3.3951362906671716
2,django__django-12262,1791037464.7408545,7.183372974395752,4055,3136,919,0,0,721,198,721,0.19498486302263973,0.0,0.1529018149100428,0.1529018149100428,0.6588422229017793
31,django__django-13112,1791037466.436528,28.65623641014099,29000,28224,776,0,0,502,274,502,0.18456658030668752,0.0,0.11932687434308209,0.11932687434308209,6.292910640285805
11,sympy__sympy-18211,1791037469.1365204,54.76826739311218,16588,15680,908,0,0,555,353,555,0.20433464357825842,0.0,0.12479564776429582,0.12479564776429582,3.3951362906671716
2,django__django-12262,1791037472.0467691,185.07770085334778,4948,3136,1812,0,0,919,893,919,0.38528357289260023,0.0,0.19498486302263973,0.19498486302263973,0.6588422229017793
29,pytest-dev__pytest-6202,1791037474.9841099,263.7859501838684,8532,7840,692,0,0,293,399,293,0.1500820858415374,0.0,0.06348632958453493,0.06348632958453493,1.6660290277841248
18,django__django-10973,1791037482.3687768,59.79351258277893,8039,6272,1767,0,0,1285,482,1285,0.38136116763905353,0.0,0.2770161460782644,0.2770161460782644,1.3277769634193861
10,sympy__sympy-15875,1791037482.4089158,20.69393801689148,8734,7840,894,0,0,158,736,158,0.1939848374712205,0.0,0.03422400424819939,0.03422400424819939,1.6660290277841248
13,django__django-13821,1791037495.2764344,659.5167055130005,21234,0,21234,0,18816,1470,948,20286,4.658238638738808,4.104441101648089,0.33596086106486256,4.440401962712951,0.0
31,django__django-13112,1791037495.6632442,15.83502459526062,29358,28224,1134,0,0,776,358,776,0.2699228761390304,0.0,0.18456658030668752,0.18456658030668752,6.292910640285805
12,django__django-11749,1791037503.4832644,1251.6968195438385,16410,15680,730,0,0,249,481,249,0.16421117763811688,0.0,0.05595030219915381,0.05595030219915381,3.3951362906671716
10,sympy__sympy-15875,1791037503.7199652,6.832099199295044,9043,7840,1203,0,0,894,309,894,0.26122402789277677,0.0,0.1939848374712205,0.1939848374712205,1.6660290277841248
15,sympy__sympy-23262,1791037507.3457692,38.60325837135315,19735,18816,919,0,0,566,353,566,0.2097728472205758,0.0,0.1290938146434924,0.1290938146434924,4.104441101648089
27,sympy__sympy-13757,1791037510.798665,32.63277769088745,17579,17248,331,0,0,102,229,102,0.07492225487065339,0.0,0.023075839349034802,0.023075839349034802,3.7485271314556514
31,django__django-13112,1791037511.9382596,17.466209888458252,29858,28224,1634,0,0,1134,500,1134,0.38935570751990556,0.0,0.2699228761390304,0.2699228761390304,6.292910640285805
10,sympy__sympy-15875,1791037514.0658104,14.698009490966797,9352,7840,1512,0,0,1203,309,1203,0.32856120439053627,0.0,0.26122402789277677,0.26122402789277677,1.6660290277841248
9,sympy__sympy-13757,1791037517.6998763,332.8567626476288,21424,0,21424,0,20384,691,349,21075,4.702008834568773,4.462878201244482,0.1587601681097964,4.621638369354279,0.0
31,django__django-13112,1791037529.5469358,13.75468373298645,30049,29792,257,0,0,66,191,66,0.061470894939378844,0.0,0.015779831499770563,0.015779831499770563,6.666486516305939
11,django__django-13112,1791037532.7097845,22.204853057861328,1856,0,1856,1856,0,0,0,0,0.3887080252539935,0.0,0.0,0.0,0.0
10,sympy__sympy-15875,1791037532.7483287,13.19890284538269,9756,7840,1916,0,0,1512,404,1512,0.4167485537886947,0.0,0.32856120439053627,0.32856120439053627,1.6660290277841248
30,sympy__sympy-18211,1791037538.3137712,148.30388379096985,16959,15680,1279,0,0,371,908,371,0.28806727780880587,0.0,0.08338692803226251,0.08338692803226251,3.3951362906671716
18,django__django-10973,1791037542.6005344,18.12958025932312,9254,7840,1414,0,0,199,1215,199,0.307194466958513,0.0,0.043109103274314796,0.043109103274314796,1.6660290277841248
31,django__django-13112,1791037543.4455175,7.569820880889893,30498,29792,706,0,0,257,449,257,0.16902822670026027,0.0,0.061470894939378844,0.061470894939378844,6.666486516305939
27,sympy__sympy-13757,1791037543.8852322,30.439347982406616,17903,17248,655,0,0,331,324,331,0.14836894512181883,0.0,0.07492225487065339,0.07492225487065339,3.7485271314556514
15,sympy__sympy-23262,1791037546.1120982,26.09542989730835,20245,18816,1429,0,0,919,510,919,0.32656046104183967,0.0,0.2097728472205758,0.2097728472205758,4.104441101648089
31,django__django-13112,1791037551.1649666,12.703038215637207,31002,29792,1210,0,0,706,504,706,0.2900071895553847,0.0,0.16902822670026027,0.16902822670026027,6.666486516305939
11,django__django-13112,1791037555.2883918,11.049081087112427,3211,1568,1643,0,0,288,1355,288,0.3465629974325671,0.0,0.06054847850508229,0.06054847850508229,0.3281595467489112
10,sympy__sympy-15875,1791037555.6404915,9.690742254257202,10178,9408,770,0,0,348,422,348,0.16826870738224145,0.0,0.0759733600199991,0.0759733600199991,2.0068042215528203
0,astropy__astropy-12907,1791037556.66253,8.166985034942627,6620,0,6620,0,6272,35,313,6307,1.4026303629386492,1.3277769634193861,0.007522737937257672,1.3352997013566439,0.0
20,django__django-11749,1791037557.0481224,9.287485599517822,17345,15680,1665,0,0,1122,543,1122,0.3753352626796507,0.0,0.252616012257329,0.252616012257329,3.3951362906671716
18,django__django-10973,1791037561.0220852,16.31539535522461,9517,7840,1677,0,0,1414,263,1414,0.3645580800961552,0.0,0.307194466958513,0.307194466958513,1.6660290277841248
6,pytest-dev__pytest-5631,1791037563.25865,42.65166187286377,5299,4704,595,0,0,286,309,286,0.127100078417957,0.0,0.06104813676437832,0.06104813676437832,0.9920480284586043
31,django__django-13112,1791037564.0069568,24.961704969406128,31378,29792,1586,0,0,1210,376,1210,0.38043111699471094,0.0,0.2900071895553847,0.2900071895553847,6.666486516305939
0,astropy__astropy-12907,1791037564.9696007,129.43814730644226,6947,6272,675,0,0,348,327,348,0.1453030415632502,0.0,0.07485339951926313,0.07485339951926313,1.3277769634193861
20,django__django-11749,1791037566.5007122,47.683125495910645,17707,17248,459,0,0,97,362,97,0.10392535815697168,0.0,0.021944421891170702,0.021944421891170702,3.7485271314556514
11,django__django-13112,1791037566.968583,5.036179780960083,3581,3136,445,0,0,75,370,75,0.09430772450321277,0.0,0.01588032127969896,0.01588032127969896,0.6588422229017793
11,django__django-13112,1791037572.1490772,34.81546711921692,6725,3136,3589,0,0,445,3144,445,0.766397623944835,0.0,0.09430772450321277,0.09430772450321277,0.6588422229017793
15,sympy__sympy-23262,1791037572.336572,21.743302822113037,20671,18816,1855,0,0,1429,426,1429,0.42431706657623025,0.0,0.32656046104183967,0.32656046104183967,4.104441101648089
27,sympy__sympy-13757,1791037574.4732833,16.741148471832275,18184,17248,936,0,0,655,281,655,0.21215531346086464,0.0,0.14836894512181883,0.14836894512181883,3.7485271314556514
18,django__django-10973,1791037577.5531785,15.658270835876465,9768,9408,360,0,0,109,251,109,0.07859534772576145,0.0,0.023782886327459604,0.023782886327459604,2.0068042215528203
10,sympy__sympy-15875,1791037580.963606,18.393263816833496,10508,9408,1100,0,0,770,330,770,0.24057012959265525,0.0,0.16826870738224145,0.16826870738224145,2.0068042215528203
28,sympy__sympy-13757,1791037582.6619372,56.05082607269287,26339,0,26339,0,25088,825,426,25913,5.847149376896746,5.553328276457405,0.19358657737113694,5.746914853828542,0.0
31,django__django-13112,1791037589.4061463,9.650784015655518,31636,31360,276,0,0,18,258,18,0.0664622488697162,0.0,0.004332111570619033,0.004332111570619033,7.042585521730031
27,sympy__sympy-13757,1791037591.3421037,34.248249769210815,19240,17248,1992,0,0,936,1056,936,0.4525893968826452,0.0,0.21215531346086464,0.21215531346086464,3.7485271314556514
18,django__django-10973,1791037593.4432425,107.02564764022827,9948,9408,540,0,0,360,180,360,0.11794289667691604,0.0,0.07859534772576145,0.07859534772576145,2.0068042215528203
15,sympy__sympy-23262,1791037594.2828112,24.430976152420044,20919,20384,535,0,0,287,248,287,0.12287568447369027,0.0,0.0658799669798365,0.0658799669798365,4.462878201244482
31,django__django-13112,1791037599.2148154,35.23586654663086,32294,31360,934,0,0,276,658,276,0.22522745113267853,0.0,0.0664622488697162,0.0664622488697162,7.042585521730031
10,sympy__sympy-15875,1791037600.688245,20.843583345413208,10919,9408,1511,0,0,1100,411,1100,0.33077453518597116,0.0,0.24057012959265525,0.24057012959265525,2.0068042215528203
17,pylint-dev__pylint-6528,1791037603.197483,67.49761366844177,13693,0,13693,0,12544,779,370,13323,2.9509371223536447,2.6959239973020823,0.1727461199706114,2.8686701172726936,0.0
6,pytest-dev__pytest-5631,1791037606.0744302,8.696847677230835,5729,4704,1025,0,0,595,430,595,0.21918007344553903,0.0,0.127100078417957,0.127100078417957,0.9920480284586043
11,django__django-13112,1791037607.0931463,18.415377140045166,9795,6272,3523,0,0,453,3070,453,0.7635226185106173,0.0,0.09746288342722823,0.09746288342722823,1.3277769634193861
20,django__django-11749,1791037614.6248302,207.07776403427124,18585,17248,1337,0,0,459,878,459,0.3033217406408771,0.0,0.10392535815697168,0.10392535815697168,3.7485271314556514
6,pytest-dev__pytest-5631,1791037615.102556,49.79820895195007,6041,4704,1337,0,0,1025,312,1025,0.2861103936353141,0.0,0.21918007344553903,0.21918007344553903,0.9920480284586043
15,sympy__sympy-23262,1791037619.1096835,32.31569194793701,21417,20384,1033,0,0,535,498,535,0.2375173898577302,0.0,0.12287568447369027,0.12287568447369027,4.462878201244482
11,django__django-13112,1791037625.7455878,6.541262149810791,10286,9408,878,0,0,387,491,387,0.1919186884929663,0.0,0.084495360377183,0.084495360377183,2.0068042215528203
27,sympy__sympy-13757,1791037626.007571,31.318121194839478,19862,18816,1046,0,0,424,622,424,0.23883029443329984,0.0,0.09667542669020834,0.09667542669020834,4.104441101648089
10,sympy__sympy-15875,1791037631.126523,6.557832717895508,11365,9408,1957,0,0,1511,446,1511,0.42885670621990774,0.0,0.33077453518597116,0.33077453518597116,2.0068042215528203
11,django__django-13112,1791037632.4333313,12.658147096633911,10928,9408,1520,0,0,878,642,878,0.33275175372733556,0.0,0.1919186884929663,0.1919186884929663,2.0068042215528203
22,django__django-13112,1791037633.847396,7.881241798400879,29252,28224,1028,0,0,218,810,218,0.24463607654647374,0.0,0.05178747207906308,0.05178747207906308,6.292910640285805
31,django__django-13112,1791037634.8930345,504.9832000732422,32642,31360,1282,0,0,934,348,934,0.3093740943222705,0.0,0.22522745113267853,0.22522745113267853,7.042585521730031
10,sympy__sympy-15875,1791037637.8555872,112.12190008163452,11755,10976,779,0,0,389,390,389,0.17149260096188537,0.0,0.08555838304725527,0.08555838304725527,2.350102544725473
28,sympy__sympy-13757,1791037638.976741,369.7666184902191,26872,25088,1784,0,0,1251,533,1251,0.4194941792529774,0.0,0.29382110043934045,0.29382110043934045,5.553328276457405
21,django__django-11749,1791037639.325693,573.3950326442719,8648,0,8648,0,7840,246,562,8086,1.841317475892455,1.6660290277841248,0.053296582951338475,1.7193256107354633,0.0
22,django__django-13112,1791037641.8791704,185.08786034584045,30135,28224,1911,0,0,1028,883,1028,0.4556319340202819,0.0,0.24463607654647374,0.24463607654647374,6.292910640285805
11,django__django-13112,1791037645.2179265,4.554101467132568,11133,9408,1725,0,0,1520,205,1520,0.3778109087757232,0.0,0.33275175372733556,0.33275175372733556,2.0068042215528203
11,django__django-13112,1791037649.9608548,3.9630203247070312,11222,10976,246,0,0,157,89,157,0.05408827916737596,0.0,0.034512585603070745,0.034512585603070745,2.350102544725473
15,sympy__sympy-23262,1791037652.2532024,18.803756952285767,21947,20384,1563,0,0,1033,530,1033,0.35980519784328524,0.0,0.2375173898577302,0.2375173898577302,4.462878201244482
11,django__django-13112,1791037654.0861356,29.4675772190094,11664,10976,688,0,0,246,442,246,0.15142732201558234,0.0,0.05408827916737596,0.05408827916737596,2.350102544725473
2,django__django-12262,1791037657.2466447,431.7337920665741,5629,4704,925,0,0,244,681,244,0.19774918821320328,0.0,0.05207776733577526,0.05207776733577526,0.9920480284586043
27,sympy__sympy-13757,1791037657.8697667,58.00806975364685,20421,18816,1605,0,0,1046,559,1046,0.3669255894142802,0.0,0.23883029443329984,0.23883029443329984,4.104441101648089
6,pytest-dev__pytest-5631,1791037665.0877168,20.049708366394043,6787,4704,2083,0,0,1337,746,1337,0.44654749314037917,0.0,0.2861103936353141,0.2861103936353141,0.9920480284586043
5,django__django-14787,1791037667.9122655,348.240540266037,11927,0,11927,0,10976,465,486,11441,2.559543939286118,2.350102544725473,0.10229229328064648,2.4523948380061196,0.0
17,pylint-dev__pylint-6528,1791037671.1778932,14.972530841827393,13926,12544,1382,0,0,1149,233,1149,0.3068911965197389,0.0,0.2550131250515627,0.2550131250515627,2.6959239973020823
15,sympy__sympy-23262,1791037671.5707824,9.038671493530273,22259,20384,1875,0,0,1563,312,1563,0.43192829055707876,0.0,0.35980519784328524,0.35980519784328524,4.462878201244482
23,pylint-dev__pylint-6528,1791037674.9117527,10.222574710845947,9799,0,9799,0,7840,1470,489,9310,2.0921737215050182,1.6660290277841248,0.31940282435139555,1.9854318521355203,0.0
15,sympy__sympy-23262,1791037681.7104995,13.930640697479248,22567,21952,615,0,0,307,308,307,0.14226448428569627,0.0,0.07096806155672812,0.07096806155672812,4.823838430244833
11,django__django-13112,1791037683.6928697,22.521517038345337,12142,10976,1166,0,0,688,478,688,0.25692008055827004,0.0,0.15142732201558234,0.15142732201558234,2.350102544725473
6,pytest-dev__pytest-5631,1791037685.3216248,20.70348834991455,6992,6272,720,0,0,515,205,515,0.15500653603022482,0.0,0.11081855817959738,0.11081855817959738,1.3277769634193861
23,pylint-dev__pylint-6528,1791037685.4086874,930.7183456420898,10421,9408,1013,0,0,391,622,391,0.2214979977236648,0.0,0.08536949995219756,0.08536949995219756,2.0068042215528203
30,sympy__sympy-18211,1791037687.3772814,435.5134892463684,17413,15680,1733,0,0,1279,454,1279,0.3907247383049375,0.0,0.28806727780880587,0.28806727780880587,3.3951362906671716
0,astropy__astropy-12907,1791037696.0209072,139.0168900489807,7169,6272,897,0,0,675,222,675,0.19319377673323282,0.0,0.1453030415632502,0.1453030415632502,1.3277769634193861
15,sympy__sympy-23262,1791037696.532479,29.74893832206726,23115,21952,1163,0,0,615,548,615,0.2693572586756895,0.0,0.14226448428569627,0.14226448428569627,4.823838430244833
18,django__django-10973,1791037700.6454413,10.046381711959839,10096,9408,688,0,0,540,148,540,0.15032023462405025,0.0,0.11794289667691604,0.11794289667691604,2.0068042215528203
6,pytest-dev__pytest-5631,1791037706.3263454,18.35197162628174,7383,6272,1111,0,0,720,391,720,0.23940659562463515,0.0,0.15500653603022482,0.15500653603022482,1.3277769634193861
11,django__django-13112,1791037706.3582628,72.0825047492981,12733,10976,1757,0,0,1166,591,1166,0.38767568107566547,0.0,0.25692008055827004,0.25692008055827004,2.350102544725473
18,django__django-10973,1791037711.7025938,8.335715532302856,10387,9408,979,0,0,688,291,688,0.21404663186954306,0.0,0.15032023462405025,0.15032023462405025,2.0068042215528203
1,django__django-11749,1791037712.5230553,681.7441654205322,14807,0,14807,0,14112,393,302,14505,3.199475785304774,3.0442685792826487,0.08770375036604226,3.1319723296486908,0.0
17,pylint-dev__pylint-6528,1791037716.950877,718.3731443881989,14568,12544,2024,0,0,1382,642,1382,0.45012245303570253,0.0,0.3068911965197389,0.3068911965197389,2.6959239973020823
18,django__django-10973,1791037720.5695646,86.89386463165283,11290,9408,1882,0,0,979,903,979,0.412348790079429,0.0,0.21404663186954306,0.21404663186954306,2.0068042215528203
27,sympy__sympy-13757,1791037721.1602352,12.743376731872559,20866,20384,482,0,0,37,445,37,0.11068984499727855,0.0,0.008488489817886496,0.008488489817886496,4.462878201244482
6,pytest-dev__pytest-5631,1791037724.9731123,12.715472221374512,8000,6272,1728,0,0,1111,617,1111,0.3729094480544077,0.0,0.23940659562463515,0.23940659562463515,1.3277769634193861
15,sympy__sympy-23262,1791037726.702507,17.7093563079834,23558,21952,1606,0,0,1163,443,1163,0.37232358090184864,0.0,0.2693572586756895,0.2693572586756895,4.823838430244833
8,pytest-dev__pytest-10051,1791037733.7814736,18.46006751060486,7534,0,7534,0,6272,545,717,6817,1.5998199500793562,1.3277769634193861,0.11728239765308301,1.4450593610724691,0.0
4,sympy__sympy-20916,1791037735.8768785,20.661038398742676,11620,0,11620,0,9408,1259,953,10667,2.4918310215462225,2.0068042215528203,0.27544616483750095,2.2822503863903214,0.0
6,pytest-dev__pytest-5631,1791037737.9386563,9.477991104125977,8495,7840,655,0,0,160,495,160,0.1420450302254218,0.0,0.034657383689668954,0.034657383689668954,1.6660290277841248
27,sympy__sympy-13757,1791037738.9878066,14.145566463470459,21287,20384,903,0,0,482,421,482,0.2075662926851759,0.0,0.11068984499727855,0.11068984499727855,4.462878201244482
29,pytest-dev__pytest-6202,1791037739.0066712,19.168553113937378,9235,0,9235,0,7840,692,703,8532,1.969082104677762,1.6660290277841248,0.1500820858415374,1.8161111136256622,0.0
15,sympy__sympy-23262,1791037745.4321728,6.0960471630096436,24042,23520,522,0,0,38,484,38,0.12156637890912012,0.0,0.008840222497541145,0.008840222497541145,5.18732178864914
6,pytest-dev__pytest-5631,1791037748.023398,11.041439056396484,8785,7840,945,0,0,655,290,655,0.20507581631997537,0.0,0.1420450302254218,0.1420450302254218,1.6660290277841248
10,sympy__sympy-15875,1791037750.5976484,59.04397630691528,12349,10976,1373,0,0,779,594,779,0.3026769407011423,0.0,0.17149260096188537,0.17149260096188537,2.350102544725473
15,sympy__sympy-23262,1791037751.6625912,13.984982252120972,24384,23520,864,0,0,522,342,522,0.201364937083448,0.0,0.12156637890912012,0.12156637890912012,5.18732178864914
8,pytest-dev__pytest-10051,1791037752.4791193,17.55921506881714,8438,6272,2166,0,0,1262,904,1262,0.4679184338742288,0.0,0.2720429866599701,0.2720429866599701,1.3277769634193861
27,sympy__sympy-13757,1791037753.264218,18.33536195755005,21622,20384,1238,0,0,903,335,903,0.2847832045601403,0.0,0.2075662926851759,0.2075662926851759,4.462878201244482
4,sympy__sympy-20916,1791037756.7724872,163.9023928642273,13448,10976,2472,0,0,644,1828,644,0.5463447654245301,0.0,0.14172847682074974,0.14172847682074974,2.350102544725473
29,pytest-dev__pytest-6202,1791037758.345473,8.54115915298462,9464,7840,1624,0,0,1395,229,1395,0.3529924014241559,0.0,0.30305307689363725,0.30305307689363725,1.6660290277841248
15,sympy__sympy-23262,1791037766.2044544,42.30787372589111,24614,23520,1094,0,0,864,230,864,0.2550981399306259,0.0,0.201364937083448,0.201364937083448,5.18732178864914
29,pytest-dev__pytest-6202,1791037767.3041213,23.873653888702393,9959,9408,551,0,0,56,495,56,0.12034854717414158,0.0,0.01221720765546027,0.01221720765546027,2.0068042215528203
6,pytest-dev__pytest-5631,1791037768.239639,14.08421778678894,9285,7840,1445,0,0,945,500,945,0.31395226713440266,0.0,0.20507581631997537,0.20507581631997537,1.6660290277841248
8,pytest-dev__pytest-10051,1791037770.623102,16.893590211868286,8983,7840,1143,0,0,598,545,598,0.24816020842707268,0.0,0.1296663695094901,0.1296663695094901,1.6660290277841248
27,sympy__sympy-13757,1791037772.0172946,6.232961416244507,21973,20384,1589,0,0,1238,351,1238,0.3658116400225581,0.0,0.2847832045601403,0.2847832045601403,4.462878201244482
27,sympy__sympy-13757,1791037778.4246526,7.639968156814575,22296,21952,344,0,0,21,323,21,0.07952774652377102,0.0,0.004851411022207488,0.004851411022207488,4.823838430244833
11,django__django-13112,1791037778.5693345,120.3007926940918,13604,12544,1060,0,0,189,871,189,0.2352117426078726,0.0,0.04185422849905615,0.04185422849905615,2.6959239973020823
6,pytest-dev__pytest-5631,1791037783.3263886,33.089237451553345,9801,7840,1961,0,0,1445,516,1445,0.42658176966581873,0.0,0.31395226713440266,0.31395226713440266,1.6660290277841248
27,sympy__sympy-13757,1791037786.2157052,18.113247394561768,22674,21952,722,0,0,344,378,344,0.16705583174057442,0.0,0.07952774652377102,0.07952774652377102,4.823838430244833
8,pytest-dev__pytest-10051,1791037787.664224,7.592060089111328,9156,7840,1316,0,0,1143,173,1143,0.2858375855007238,0.0,0.24816020842707268,0.24816020842707268,1.6660290277841248
29,pytest-dev__pytest-6202,1791037791.7226489,9.720648765563965,10703,9408,1295,0,0,551,744,551,0.28334622773736334,0.0,0.12034854717414158,0.12034854717414158,2.0068042215528203
8,pytest-dev__pytest-10051,1791037795.40641,19.39492392539978,9338,7840,1498,0,0,1316,182,1316,0.3255082099018247,0.0,0.2858375855007238,0.2858375855007238,1.6660290277841248
27,sympy__sympy-13757,1791037804.5050154,72.08787798881531,23046,21952,1094,0,0,722,372,722,0.2533377422469978,0.0,0.16705583174057442,0.16705583174057442,4.823838430244833
18,django__django-10973,1791037807.6352975,9.808044910430908,11482,10976,506,0,0,314,192,314,0.11132225891346986,0.0,0.06905046690677652,0.06905046690677652,2.350102544725473
10,sympy__sympy-15875,1791037810.2134469,67.08328366279602,12777,10976,1801,0,0,1373,428,1373,0.39742478311870694,0.0,0.3026769407011423,0.3026769407011423,2.350102544725473
29,pytest-dev__pytest-6202,1791037810.2209404,16.67417860031128,11074,9408,1666,0,0,1295,371,1295,0.364838244151934,0.0,0.28334622773736334,0.28334622773736334,2.0068042215528203
15,django__django-13821,1791037813.636223,14.633331298828125,1507,0,1507,1507,0,0,0,0,0.31534596639429063,0.0,0.0,0.0,0.0
8,pytest-dev__pytest-10051,1791037814.973352,5.785606384277344,9572,7840,1732,0,0,1498,234,1498,0.3765632473948195,0.0,0.3255082099018247,0.3255082099018247,1.6660290277841248
6,pytest-dev__pytest-5631,1791037816.7598755,14.626455545425415,10233,9408,825,0,0,393,432,393,0.18031118350465464,0.0,0.08580657589712315,0.08580657589712315,2.0068042215528203
18,django__django-10973,1791037817.606116,21.768333196640015,12192,10976,1216,0,0,506,710,506,0.26796843425748423,0.0,0.11132225891346986,0.11132225891346986,2.350102544725473
8,pytest-dev__pytest-10051,1791037820.915574,11.442057132720947,9773,9408,365,0,0,164,201,164,0.07968788621820874,0.0,0.03578805362612387,0.03578805362612387,2.0068042215528203
16,django__django-10973,1791037821.7520597,767.6028110980988,5253,0,5253,0,3136,1501,616,4637,1.1093089240397778,0.6588422229017793,0.3189164547305247,0.977758677632304,0.0
20,django__django-11749,1791037821.9865227,664.4244136810303,19020,0,19020,0,17248,1337,435,18585,4.150931721594198,3.7485271314556514,0.3033217406408771,4.051848872096529,0.0
22,django__django-13112,1791037827.1092143,123.4194917678833,30484,29792,692,0,0,343,349,343,0.16567142108741384,0.0,0.08205605800014683,0.08205605800014683,6.666486516305939
29,pytest-dev__pytest-6202,1791037827.5161572,9.16146206855774,11383,10976,407,0,0,98,309,98,0.08952114188082379,0.0,0.021539920979281535,0.021539920979281535,2.350102544725473
15,django__django-13821,1791037828.631704,12.38830280303955,2752,0,2752,0,0,1507,1245,1507,0.5776254181097906,0.0,0.31534596639429063,0.31534596639429063,0.0
6,pytest-dev__pytest-5631,1791037831.7639544,39.000444650650024,10619,9408,1211,0,0,825,386,825,0.2649148165302351,0.0,0.18031118350465464,0.18031118350465464,2.0068042215528203
8,pytest-dev__pytest-10051,1791037832.631769,39.87458610534668,9998,9408,590,0,0,365,225,365,0.12887867224477945,0.0,0.07968788621820874,0.07968788621820874,2.0068042215528203
0,astropy__astropy-12907,1791037835.549538,44.71178364753723,7510,6272,1238,0,0,897,341,897,0.266854181716462,0.0,0.19319377673323282,0.19319377673323282,1.3277769634193861
29,pytest-dev__pytest-6202,1791037836.8472414,10.40951919555664,11655,10976,679,0,0,407,272,407,0.1494433056844088,0.0,0.08952114188082379,0.08952114188082379,2.350102544725473
18,django__django-10973,1791037839.567048,6.077482461929321,12783,10976,1807,0,0,1216,591,1216,0.39875436006003384,0.0,0.26796843425748423,0.26796843425748423,2.350102544725473
15,django__django-13821,1791037841.2606814,14.20271110534668,3274,1568,1706,0,0,1184,522,1184,0.35990692835707644,0.0,0.2494658713608794,0.2494658713608794,0.3281595467489112
18,django__django-10973,1791037845.8053071,26.22131037712097,13490,12544,946,0,0,239,707,239,0.20986004866569627,0.0,0.05293290748342448,0.05293290748342448,2.6959239973020823
9,sympy__sympy-13757,1791037850.857355,340.1612980365753,21989,0,21989,0,20384,1040,565,21424,4.832386458192787,4.462878201244482,0.2391306333242909,4.702008834568773,0.0
15,django__django-13821,1791037856.0847287,16.719606161117554,4078,3136,942,0,0,138,804,138,0.19987590608417657,0.0,0.029224252204208365,0.029224252204208365,0.6588422229017793
29,pytest-dev__pytest-6202,1791037857.3152008,6.2283735275268555,12116,10976,1140,0,0,679,461,679,0.2511759505562263,0.0,0.1494433056844088,0.1494433056844088,2.350102544725473
29,pytest-dev__pytest-6202,1791037863.8366835,4.966214895248413,12242,10976,1266,0,0,1140,126,1140,0.27901935354765894,0.0,0.2511759505562263,0.2511759505562263,2.350102544725473
29,pytest-dev__pytest-6202,1791037868.9575207,5.731796026229858,12383,10976,1407,0,0,1266,141,1266,0.31019676473198365,0.0,0.27901935354765894,0.27901935354765894,2.350102544725473
6,pytest-dev__pytest-5631,1791037871.051051,9.37621283531189,11023,9408,1615,0,0,1211,404,1211,0.35362746349391977,0.0,0.2649148165302351,0.2649148165302351,2.0068042215528203
8,pytest-dev__pytest-10051,1791037872.7637734,7.489276170730591,10605,9408,1197,0,0,590,607,590,0.2618436186605399,0.0,0.12887867224477945,0.12887867224477945,2.0068042215528203
15,django__django-13821,1791037873.063197,30.86196208000183,4956,3136,1820,0,0,942,878,942,0.3869920751203763,0.0,0.19987590608417657,0.19987590608417657,0.6588422229017793
29,pytest-dev__pytest-6202,1791037874.8379207,5.406346797943115,12531,10976,1555,0,0,1407,148,1407,0.342943937747269,0.0,0.31019676473198365,0.31019676473198365,2.350102544725473
10,sympy__sympy-15875,1791037877.84322,31.705403804779053,13208,12544,664,0,0,233,431,233,0.14720526458558925,0.0,0.051603330542097564,0.051603330542097564,2.6959239973020823
29,pytest-dev__pytest-6202,1791037880.3790998,14.552179098129272,12729,10976,1753,0,0,1555,198,1555,0.3867894975904455,0.0,0.342943937747269,0.342943937747269,2.350102544725473
6,pytest-dev__pytest-5631,1791037880.7920773,13.892240285873413,11308,10976,332,0,0,47,285,47,0.07301184032122632,0.0,0.01032914032126729,0.01032914032126729,2.350102544725473
0,astropy__astropy-12907,1791037880.8454685,82.22967576980591,7925,6272,1653,0,0,1238,415,1238,0.3566605283214006,0.0,0.266854181716462,0.266854181716462,1.3277769634193861
8,pytest-dev__pytest-10051,1791037881.731891,306.95694851875305,11011,9408,1603,0,0,1197,406,1197,0.35099002066821083,0.0,0.2618436186605399,0.2618436186605399,2.0068042215528203
3,django__django-13112,1791037883.3781283,783.6121652126312,37975,0,37975,0,36064,1403,508,37467,8.657028568251691,8.186021314426048,0.34543396240373736,8.531455276829785,0.0
27,django__django-14787,1791037884.630953,16.71785044670105,1538,0,1538,1538,0,0,0,0,0.32185730871885126,0.0,0.0,0.0,0.0
18,django__django-15380,1791037885.0211587,20.839264154434204,1823,0,1823,1823,0,0,0,0,0.3817658608690328,0.0,0.0,0.0,0.0
6,pytest-dev__pytest-5631,1791037894.8360503,48.84676504135132,11598,10976,622,0,0,332,290,332,0.1368797992709484,0.0,0.07301184032122632,0.07301184032122632,2.350102544725473
29,pytest-dev__pytest-6202,1791037895.3008666,14.706448793411255,12939,12544,395,0,0,185,210,185,0.08751487548087561,0.0,0.04096804501383618,0.04096804501383618,2.6959239973020823
11,django__django-13112,1791037899.1705515,20.261359214782715,14899,12544,2355,0,0,1060,1295,1060,0.5241343541346275,0.0,0.2352117426078726,0.2352117426078726,2.6959239973020823
27,django__django-14787,1791037901.9755802,7.432395696640015,2827,0,2827,0,0,1538,1289,1538,0.5934761837816236,0.0,0.32185730871885126,0.32185730871885126,0.0
15,django__django-13821,1791037904.0496645,9.772300481796265,6162,4704,1458,0,0,252,1206,252,0.31209422853599345,0.0,0.05378626956355139,0.05378626956355139,0.9920480284586043
18,django__django-15380,1791037906.2146435,21.89865779876709,2998,1568,1430,0,0,255,1175,255,0.30147796759436113,0.0,0.0536063141201216,0.0536063141201216,0.3281595467489112
27,django__django-14787,1791037909.559756,205.54476857185364,4438,1568,2870,0,0,1259,1611,1259,0.6071847875887332,0.0,0.26531663703271235,0.26531663703271235,0.3281595467489112
29,pytest-dev__pytest-6202,1791037910.1337404,19.354294061660767,13174,12544,630,0,0,395,235,395,0.13965665462417,0.0,0.08751487548087561,0.08751487548087561,2.6959239973020823
15,django__django-13821,1791037914.1190445,13.748541355133057,6802,4704,2098,0,0,1458,640,1458,0.4497792974255288,0.0,0.31209422853599345,0.31209422853599345,0.9920480284586043
10,sympy__sympy-15875,1791037914.246071,7.98694920539856,13722,12544,1178,0,0,664,514,664,0.2614670167944545,0.0,0.14720526458558925,0.14720526458558925,2.6959239973020823
11,django__django-13112,1791037919.7050908,18.726353406906128,16219,14112,2107,0,0,787,1320,787,0.4720612216495504,0.0,0.17578977215406127,0.17578977215406127,3.0442685792826487
4,sympy__sympy-20916,1791037921.225354,566.6877510547638,14130,12544,1586,0,0,904,682,904,0.3523580840983897,0.0,0.2005233128479208,0.2005233128479208,2.6959239973020823
10,sympy__sympy-15875,1791037922.4037406,35.96084713935852,14119,12544,1575,0,0,1178,397,1178,0.349905348849619,0.0,0.2614670167944545,0.2614670167944545,2.6959239973020823
15,django__django-13821,1791037928.2149363,28.46612548828125,7613,6272,1341,0,0,530,811,530,0.28912697817508026,0.0,0.11405036246474697,0.11405036246474697,1.3277769634193861
18,django__django-15380,1791037928.7636588,47.177621603012085,4168,1568,2600,0,0,1430,1170,1430,0.5497026648028983,0.0,0.30147796759436113,0.30147796759436113,0.3281595467489112
29,pytest-dev__pytest-6202,1791037930.0314102,18.05472731590271,13434,12544,890,0,0,630,260,630,0.19741146985999158,0.0,0.13965665462417,0.13965665462417,2.6959239973020823
11,django__django-13112,1791037938.7940707,6.77710223197937,16971,15680,1291,0,0,539,752,539,0.2907779692826761,0.0,0.12119351026502728,0.12119351026502728,3.3951362906671716
11,django__django-13112,1791037945.7128003,8.312907218933105,17847,15680,2167,0,0,1291,876,1291,0.48905759535943055,0.0,0.2907779692826761,0.2907779692826761,3.3951362906671716
29,pytest-dev__pytest-6202,1791037948.223853,13.254383563995361,13733,12544,1189,0,0,890,299,890,0.2639152704689352,0.0,0.19741146985999158,0.19741146985999158,2.6959239973020823
22,django__django-13112,1791037950.942297,109.10207509994507,30791,29792,999,0,0,692,307,692,0.23932752823504563,0.0,0.16567142108741384,0.16567142108741384,6.666486516305939
11,django__django-13112,1791037954.1885087,7.039068698883057,19042,17248,1794,0,0,599,1195,599,0.4074208356701115,0.0,0.1356667545709506,0.1356667545709506,3.7485271314556514
15,django__django-13821,1791037957.063402,99.34546208381653,8375,6272,2103,0,0,1341,762,1341,0.454240635414363,0.0,0.28912697817508026,0.28912697817508026,1.3277769634193861
10,sympy__sympy-15875,1791037958.955243,11.834303379058838,14843,14112,731,0,0,7,724,7,0.16326021919269482,0.0,0.001560766869052774,0.001560766869052774,3.0442685792826487
11,django__django-13112,1791037961.406504,11.799873352050781,21427,18816,2611,0,0,226,2385,226,0.5982591383713278,0.0,0.051506865477674676,0.051506865477674676,4.104441101648089
29,pytest-dev__pytest-6202,1791037961.6194499,59.3774790763855,13893,12544,1349,0,0,1189,160,1189,0.299540271920573,0.0,0.2639152704689352,0.2639152704689352,2.6959239973020823
0,astropy__astropy-12907,1791037963.2001653,5.768662929534912,8137,7840,297,0,0,85,212,85,0.0643536467400671,0.0,0.01840846395666188,0.01840846395666188,1.6660290277841248
0,astropy__astropy-12907,1791037969.0858276,15.43135404586792,8453,7840,613,0,0,297,316,297,0.13292358853869532,0.0,0.0643536467400671,0.0643536467400671,1.6660290277841248
11,django__django-13112,1791037973.3755395,10.88364863395691,22147,20384,1763,0,0,1043,720,1043,0.40602645573539303,0.0,0.2398220387749341,0.2398220387749341,4.462878201244482
18,django__django-15380,1791037976.2524452,47.206700801849365,4716,3136,1580,0,0,1032,548,1032,0.3357655787080293,0.0,0.21901998865003025,0.21901998865003025,0.6588422229017793
11,django__django-13112,1791037984.392735,15.948289155960083,22528,21952,576,0,0,195,381,195,0.13323130737563316,0.0,0.04506622673504239,0.04506622673504239,4.823838430244833
0,astropy__astropy-12907,1791037984.6684058,4.722082614898682,8614,7840,774,0,0,613,161,613,0.16789894583592307,0.0,0.13292358853869532,0.13292358853869532,1.6660290277841248
0,astropy__astropy-12907,1791037989.5400496,15.20497751235962,8845,7840,1005,0,0,774,231,774,0.2181274440974347,0.0,0.16789894583592307,0.16789894583592307,1.6660290277841248
26,pylint-dev__pylint-6528,1791037997.2992525,445.2213554382324,14918,0,14918,0,14112,349,457,14461,3.2243101809563113,3.0442685792826487,0.07787662151823457,3.122145200800883,0.0
11,django__django-13112,1791038000.4786832,243.59583067893982,22912,21952,960,0,0,576,384,576,0.22224133484973108,0.0,0.13323130737563316,0.13323130737563316,4.823838430244833
0,astropy__astropy-12907,1791038005.2372475,15.185330152511597,9144,7840,1304,0,0,1005,299,1005,0.28322313447496733,0.0,0.2181274440974347,0.2181274440974347,1.6660290277841248
28,sympy__sympy-13757,1791038009.178563,17.986456632614136,27347,0,27347,0,26656,216,475,26872,6.085065721009356,5.921857893669626,0.05096456204075612,5.972822455710381,0.0
5,django__django-14787,1791038016.419214,397.52608489990234,13147,0,13147,0,10976,951,1220,11927,2.8295870126507876,2.350102544725473,0.20944139456064514,2.559543939286118,0.0
0,astropy__astropy-12907,1791038022.4368699,24.936901569366455,9868,7840,2028,0,0,1304,724,1304,0.4412261859662282,0.0,0.28322313447496733,0.28322313447496733,1.6660290277841248
18,django__django-15380,1791038023.7210639,40.524608850479126,5573,4704,869,0,0,12,857,12,0.18575237508362166,0.0,0.002559773151204385,0.002559773151204385,0.9920480284586043
28,sympy__sympy-13757,1791038027.4496036,568.1587088108063,28076,26656,1420,0,0,691,729,691,0.3359220739193751,0.0,0.1632078273397306,0.1632078273397306,5.921857893669626
0,astropy__astropy-12907,1791038047.936557,32.31080770492554,10476,9408,1068,0,0,460,608,460,0.23355418949535328,0.0,0.1004509921975326,0.1004509921975326,2.0068042215528203
15,django__django-13821,1791038056.6583323,5.302052974700928,8927,7840,1087,0,0,535,552,535,0.2359706434748582,0.0,0.11598857104962429,0.11598857104962429,1.6660290277841248
22,django__django-13112,1791038060.1780457,144.58327913284302,31067,29792,1275,0,0,999,276,999,0.3056286128380358,0.0,0.23932752823504563,0.23932752823504563,6.666486516305939
15,django__django-13821,1791038062.0895138,218.93013048171997,11363,7840,3523,0,0,1087,2436,1087,0.7691916139762679,0.0,0.2359706434748582,0.2359706434748582,1.6660290277841248
18,django__django-15380,1791038064.5083394,38.05772423744202,6307,4704,1603,0,0,869,734,869,0.3432516728980395,0.0,0.18575237508362166,0.18575237508362166,0.9920480284586043
0,astropy__astropy-12907,1791038080.7651706,27.013341188430786,11166,9408,1758,0,0,1068,690,1068,0.38506836376501286,0.0,0.23355418949535328,0.23355418949535328,2.0068042215528203
2,django__django-12262,1791038089.1413996,46.91563296318054,6627,0,6627,0,4704,925,998,5629,1.404137309866767,0.9920480284586043,0.19774918821320328,1.1897972166718076,0.0
18,django__django-15380,1791038102.792521,7.03668212890625,7084,6272,812,0,0,35,777,35,0.174851258726622,0.0,0.007522737937257672,0.007522737937257672,1.3277769634193861
0,astropy__astropy-12907,1791038108.2912557,39.15828347206116,11713,10976,737,0,0,190,547,190,0.1622306469894292,0.0,0.04177004059236039,0.04177004059236039,2.350102544725473
18,django__django-15380,1791038109.9804692,53.748600482940674,7761,6272,1489,0,0,812,677,812,0.32114966935255,0.0,0.174851258726622,0.174851258726622,1.3277769634193861
27,django__django-14787,1791038115.3518367,162.01674675941467,5339,3136,2203,0,0,1302,901,1302,0.4688634602637833,0.0,0.27650211143586517,0.27650211143586517,0.6588422229017793
19,sympy__sympy-15875,1791038118.6807864,11.882777214050293,5486,0,5486,0,4704,504,278,5208,1.1591688811336254,0.9920480284586043,0.10763770924244732,1.0996857377010516,0.0
30,sympy__sympy-18211,1791038123.6221151,279.1953992843628,18086,0,18086,0,17248,165,673,17413,3.9384274629494262,3.7485271314556514,0.037333897516457486,3.785861028972109,0.0
19,sympy__sympy-15875,1791038130.8474376,6.419199228286743,6427,4704,1723,0,0,782,941,782,0.3690534612527249,0.0,0.16712085267502114,0.16712085267502114,0.9920480284586043
2,django__django-12262,1791038136.9464886,16.38422155380249,7313,6272,1041,0,0,355,686,355,0.2242850807652298,0.0,0.07636034644738102,0.07636034644738102,1.3277769634193861
19,sympy__sympy-15875,1791038137.402648,470.35727190971375,6657,6272,385,0,0,155,230,155,0.08281925998622233,0.0,0.03332452629194309,0.03332452629194309,1.3277769634193861
31,django__django-13112,1791038140.0024984,124.72524976730347,33516,0,33516,0,31360,1282,874,32642,7.563841451418056,7.042585521730031,0.3093740943222705,7.3519596160523015,0.0
0,astropy__astropy-12907,1791038147.9753823,30.78408718109131,12338,10976,1362,0,0,737,625,737,0.30024431044937516,0.0,0.1622306469894292,0.1622306469894292,2.350102544725473
14,pytest-dev__pytest-10051,1791038148.8867936,23.161586046218872,9121,0,9121,0,7840,1150,131,8990,1.9442415441865368,1.6660290277841248,0.24968413033122222,1.915713158115347,0.0
2,django__django-12262,1791038153.482114,11.1632399559021,7443,6272,1171,0,0,1041,130,1041,0.2523718963974525,0.0,0.2242850807652298,0.2242850807652298,1.3277769634193861
13,django__django-13821,1791038155.3278472,15.731178998947144,22332,0,22332,0,20384,850,1098,21234,4.911695867373308,4.462878201244482,0.19536043749432605,4.658238638738808,0.0
18,django__django-15380,1791038163.9806845,7.010979652404785,8085,6272,1813,0,0,1489,324,1489,0.39133186882589516,0.0,0.32114966935255,0.32114966935255,1.3277769634193861
2,django__django-12262,1791038164.98152,6.969401597976685,7746,6272,1474,0,0,1171,303,1171,0.3179031026570132,0.0,0.2523718963974525,0.2523718963974525,1.3277769634193861
18,django__django-15380,1791038171.1101778,9.99333381652832,9095,7840,1255,0,0,245,1010,245,0.27254899316340453,0.0,0.05307980446115645,0.05307980446115645,1.6660290277841248
13,django__django-13821,1791038171.337176,15.653841495513916,23342,21952,1390,0,0,380,1010,380,0.32209362349460213,0.0,0.0878574371284757,0.0878574371284757,4.823838430244833
2,django__django-12262,1791038172.0860472,6.530208110809326,8349,6272,2077,0,0,1474,603,1474,0.44859701705626415,0.0,0.3179031026570132,0.3179031026570132,1.3277769634193861
14,pytest-dev__pytest-10051,1791038172.1895382,143.3879292011261,9379,7840,1539,0,0,1281,258,1281,0.3344496903548901,0.0,0.278212516402412,0.278212516402412,1.6660290277841248
2,django__django-12262,1791038178.7413712,53.07028555870056,9011,7840,1171,0,0,509,662,509,0.2542561977571678,0.0,0.11034495269152543,0.11034495269152543,1.6660290277841248
0,astropy__astropy-12907,1791038179.2888765,19.42969036102295,12875,10976,1899,0,0,1362,537,1362,0.4191458327673334,0.0,0.30024431044937516,0.30024431044937516,2.350102544725473
18,django__django-15380,1791038181.255923,16.55836272239685,9928,7840,2088,0,0,1255,833,1255,0.4543444985839353,0.0,0.27254899316340453,0.27254899316340453,1.6660290277841248
8,pytest-dev__pytest-10051,1791038188.8327284,13.766414165496826,11319,0,11319,0,10976,35,308,11011,2.425535388040233,2.350102544725473,0.0076916974955583564,2.3577942422210314,0.0
9,sympy__sympy-13757,1791038191.311571,11.469310283660889,22336,0,22336,0,21952,37,347,21989,4.912621470650519,4.823838430244833,0.008548027947954357,4.832386458192787,0.0
18,django__django-15380,1791038198.1261334,43.25782322883606,10975,9408,1567,0,0,520,1047,520,0.34307857885931997,0.0,0.11356930481523965,0.11356930481523965,2.0068042215528203
13,django__django-13821,1791038200.7146597,10.348742961883545,24012,21952,2060,0,0,1390,670,1390,0.47805559018838784,0.0,0.32209362349460213,0.32209362349460213,4.823838430244833
0,astropy__astropy-12907,1791038200.8465242,7.2533721923828125,13107,12544,563,0,0,331,232,331,0.12478492491217942,0.0,0.07332438019072406,0.07332438019072406,2.6959239973020823
8,pytest-dev__pytest-10051,1791038202.747918,198.95648074150085,11507,10976,531,0,0,343,188,343,0.11682918216386695,0.0,0.07543284331476002,0.07543284331476002,2.350102544725473
9,sympy__sympy-13757,1791038202.9200583,174.50463104248047,23100,21952,1148,0,0,384,764,384,0.26587433947849914,0.0,0.08878304040568696,0.08878304040568696,4.823838430244833
22,django__django-13112,1791038204.9034908,11.248433589935303,31859,29792,2067,0,0,1275,792,1275,0.4963179231916069,0.0,0.3056286128380358,0.3056286128380358,6.666486516305939
0,astropy__astropy-12907,1791038209.2905622,7.967028379440308,13286,12544,742,0,0,563,179,563,0.1645271465093714,0.0,0.12478492491217942,0.12478492491217942,2.6959239973020823
13,django__django-13821,1791038211.2328038,125.59134364128113,25497,23520,1977,0,0,492,1485,492,0.4618911961233058,0.0,0.1145722317840803,0.1145722317840803,5.18732178864914
21,django__django-11749,1791038213.012608,11.67897081375122,9257,0,9257,0,7840,808,609,8648,1.9738774323028925,1.6660290277841248,0.17528844810833025,1.841317475892455,0.0
22,django__django-13112,1791038216.302507,8.277204751968384,32254,31360,894,0,0,499,395,499,0.21556338677419357,0.0,0.120218917767515,0.120218917767515,7.042585521730031
0,astropy__astropy-12907,1791038217.3793204,4.936917781829834,13482,12544,938,0,0,742,196,742,0.20808148322749553,0.0,0.1645271465093714,0.1645271465093714,2.6959239973020823
0,astropy__astropy-12907,1791038222.4615514,6.865340232849121,13721,12544,1177,0,0,938,239,938,0.2612444544360109,0.0,0.20808148322749553,0.20808148322749553,2.6959239973020823
22,django__django-13112,1791038224.7367926,8.343289852142334,32460,31360,1100,0,0,894,206,894,0.2653508648100889,0.0,0.21556338677419357,0.21556338677419357,7.042585521730031
21,django__django-11749,1791038224.9860792,11.587102174758911,9668,7840,1828,0,0,1417,411,1417,0.3975251593865282,0.0,0.3078484045187677,0.3078484045187677,1.6660290277841248
0,astropy__astropy-12907,1791038230.8118627,10.827476263046265,14295,12544,1751,0,0,1177,574,1177,0.3891640137822491,0.0,0.2612444544360109,0.2612444544360109,2.6959239973020823
2,django__django-12262,1791038232.2009263,62.455804109573364,9808,7840,1968,0,0,1171,797,1171,0.42811156779950443,0.0,0.2542561977571678,0.2542561977571678,1.6660290277841248
22,django__django-13112,1791038233.2209399,7.376085996627808,32694,31360,1334,0,0,1100,234,1100,0.3219584035193412,0.0,0.2653508648100889,0.2653508648100889,7.042585521730031
21,django__django-11749,1791038236.8101783,12.018257141113281,10598,9408,1190,0,0,260,930,260,0.26030809515406655,0.0,0.05674996561783263,0.05674996561783263,2.0068042215528203
22,django__django-13112,1791038240.7381346,9.60295057296753,32928,31360,1568,0,0,1334,234,1334,0.3786221348280488,0.0,0.3219584035193412,0.3219584035193412,7.042585521730031
18,django__django-15380,1791038242.6733918,28.54632043838501,11576,9408,2168,0,0,1567,601,1567,0.47532994159220954,0.0,0.34307857885931997,0.34307857885931997,2.0068042215528203
0,astropy__astropy-12907,1791038243.9460907,14.260772705078125,14740,14112,628,0,0,183,445,183,0.1402231947610995,0.0,0.040819431801682834,0.040819431801682834,3.0442685792826487
11,django__django-13112,1791038244.3559582,15.305582523345947,23465,0,23465,0,21952,960,553,22912,5.174529354370673,4.823838430244833,0.22224133484973108,5.046079765094564,0.0
21,django__django-11749,1791038248.95996,747.6340010166168,10968,9408,1560,0,0,1190,370,1190,0.3415403974006115,0.0,0.26030809515406655,0.26030809515406655,2.0068042215528203
22,django__django-13112,1791038250.5431132,5.3148298263549805,33024,31360,1664,0,1568,0,96,1568,0.4018850494108192,0.3786221348280488,0.0,0.3786221348280488,7.042585521730031
22,django__django-13112,1791038255.9949343,16.694880723953247,33820,32928,892,0,0,96,796,96,0.21651557833442803,0.0,0.02326291458277043,0.02326291458277043,7.42120765655808
0,astropy__astropy-12907,1791038258.3358557,7.406749248504639,15052,14112,940,0,0,628,312,628,0.21003870876108116,0.0,0.1402231947610995,0.1402231947610995,3.0442685792826487
11,django__django-13112,1791038259.8293612,6.0281500816345215,23805,21952,1853,0,0,1513,340,1513,0.42982114809100025,0.0,0.3506909241258401,0.3506909241258401,4.823838430244833
31,django__django-13112,1791038264.8605711,28.67894697189331,34191,32928,1263,0,0,588,675,588,0.30680901565841856,0.0,0.14263379485997593,0.14263379485997593,7.42120765655808
11,django__django-13112,1791038265.9995744,246.49218702316284,24568,23520,1048,0,0,285,763,285,0.2443471563288122,0.0,0.06633778968669274,0.06633778968669274,5.18732178864914
0,astropy__astropy-12907,1791038266.6750574,6.066794395446777,15224,14112,1112,0,0,940,172,940,0.24856946459355925,0.0,0.21003870876108116,0.21003870876108116,3.0442685792826487
18,django__django-15380,1791038271.3677971,5.593379974365234,11987,10976,1011,0,0,600,411,600,0.22268648842126076,0.0,0.13203161841955702,0.13203161841955702,2.350102544725473
22,django__django-13112,1791038272.8331861,229.28336119651794,34192,32928,1264,0,0,892,372,892,0.3070525850756475,0.0,0.21651557833442803,0.21651557833442803,7.42120765655808
0,astropy__astropy-12907,1791038272.8746922,16.40103054046631,15509,14112,1397,0,0,1112,285,1112,0.31248086202281883,0.0,0.24856946459355925,0.24856946459355925,3.0442685792826487
18,django__django-15380,1791038277.3187916,11.402409315109253,12125,10976,1149,0,0,1011,138,1011,0.2531642247421581,0.0,0.22268648842126076,0.22268648842126076,2.350102544725473
27,django__django-14787,1791038277.6057131,412.33069586753845,5758,4704,1054,0,0,635,419,635,0.2253969497380731,0.0,0.13565765470695829,0.13565765470695829,0.9920480284586043
15,django__django-13821,1791038281.3003092,9.434443473815918,11895,0,11895,0,10976,387,532,11363,2.5524813998470806,2.350102544725473,0.08511809703491979,2.4352206417603925,0.0
18,django__django-15380,1791038288.8930624,6.688777446746826,12273,10976,1297,0,0,1149,148,1149,0.2858722119473477,0.0,0.2531642247421581,0.2531642247421581,2.350102544725473
0,astropy__astropy-12907,1791038289.4107008,31.074774265289307,15783,14112,1671,0,0,1397,274,1397,0.3740040960228401,0.0,0.31248086202281883,0.31248086202281883,3.0442685792826487
15,django__django-13821,1791038290.8679276,6.489248037338257,12057,10976,1081,0,0,919,162,919,0.23814376730086056,0.0,0.20237885512160778,0.20237885512160778,2.350102544725473
31,django__django-13112,1791038293.676521,9.618784189224243,34876,32928,1948,0,0,1263,685,1263,0.4738944828579488,0.0,0.30680901565841856,0.30680901565841856,7.42120765655808
2,django__django-12262,1791038295.0752757,57.3688280582428,10707,9408,1299,0,0,400,899,400,0.28422409460292547,0.0,0.08733637403080882,0.08733637403080882,2.0068042215528203
18,django__django-15380,1791038296.0057354,7.478937149047852,12743,10976,1767,0,0,1297,470,1297,0.3898912116252623,0.0,0.2858722119473477,0.2858722119473477,2.350102544725473
15,django__django-13821,1791038297.4925199,7.968854188919067,12821,10976,1845,0,0,1081,764,1081,0.40717587195538824,0.0,0.23814376730086056,0.23814376730086056,2.350102544725473
7,pytest-dev__pytest-10051,1791038300.6077952,387.1477560997009,6736,0,6736,0,6272,408,56,6680,1.4276091141853096,1.3277769634193861,0.08777171919041017,1.4155486826097963,0.0
31,django__django-13112,1791038303.4618733,10.536328315734863,35450,34496,954,0,0,380,574,380,0.23313033559887256,0.0,0.09274921862594313,0.09274921862594313,7.802352920790085
18,django__django-15380,1791038303.6748857,7.137021541595459,12947,12544,403,0,0,199,204,199,0.08928898294822321,0.0,0.04406975904865297,0.04406975904865297,2.6959239973020823
15,django__django-13821,1791038305.677519,125.67194819450378,13444,12544,900,0,0,277,623,277,0.1996341943266419,0.0,0.06135441937877887,0.06135441937877887,2.6959239973020823
18,django__django-15380,1791038311.2403202,6.8635194301605225,13412,12544,868,0,0,403,465,403,0.19252183726856814,0.0,0.08928898294822321,0.08928898294822321,2.6959239973020823
31,django__django-13112,1791038314.1304557,633.7085084915161,36368,34496,1872,0,0,954,918,954,0.4583450916037531,0.0,0.23313033559887256,0.23313033559887256,7.802352920790085
14,pytest-dev__pytest-10051,1791038317.0589778,11.868396997451782,9554,7840,1714,0,0,1539,175,1539,0.3726339418149043,0.0,0.3344496903548901,0.3344496903548901,1.6660290277841248
18,django__django-15380,1791038318.9952042,7.3619465827941895,13636,12544,1092,0,0,868,224,868,0.24233040486229113,0.0,0.19252183726856814,0.19252183726856814,2.6959239973020823
18,django__django-15380,1791038329.2366052,64.75075483322144,13896,12544,1352,0,0,1092,260,1092,0.30020849161258717,0.0,0.24233040486229113,0.24233040486229113,2.6959239973020823
14,pytest-dev__pytest-10051,1791038335.8827336,11.66105318069458,9879,9408,471,0,0,146,325,146,0.10285573960674001,0.0,0.03185874804620871,0.03185874804620871,2.0068042215528203
13,django__django-13821,1791038336.9447653,23.360148668289185,25823,25088,735,0,0,409,326,409,0.17243409888951336,0.0,0.09588470831504146,0.09588470831504146,5.553328276457405
14,pytest-dev__pytest-10051,1791038347.6967983,11.182612419128418,10092,9408,684,0,0,471,213,471,0.1494448758802112,0.0,0.10285573960674001,0.10285573960674001,2.0068042215528203
2,django__django-12262,1791038352.6505327,5.700092792510986,11342,9408,1934,0,0,1299,635,1299,0.4237936649141365,0.0,0.28422409460292547,0.28422409460292547,2.0068042215528203
2,django__django-12262,1791038358.4832706,5.559336185455322,11751,10976,775,0,0,366,409,366,0.17061043211340052,0.0,0.08049534174148402,0.08049534174148402,2.350102544725473
14,pytest-dev__pytest-10051,1791038359.0551312,19.751003742218018,10212,9408,804,0,0,684,120,684,0.17571278080061678,0.0,0.1494448758802112,0.1494448758802112,2.0068042215528203
13,django__django-13821,1791038360.4713619,15.196709632873535,26136,25088,1048,0,0,735,313,735,0.24603353363451808,0.0,0.17243409888951336,0.17243409888951336,5.553328276457405
2,django__django-12262,1791038364.4287903,208.8444368839264,12110,10976,1134,0,0,775,359,775,0.24985048061290913,0.0,0.17061043211340052,0.17061043211340052,2.350102544725473
24,django__django-14787,1791038373.556596,686.6301603317261,8639,0,8639,0,7840,743,56,8583,1.8393613157216953,1.6660290277841248,0.16116249240306188,1.8271915201871867,0.0
13,django__django-13821,1791038376.027647,65.76511263847351,26629,25088,1541,0,0,1048,493,1048,0.3621624135255852,0.0,0.24603353363451808,0.24603353363451808,5.553328276457405
14,pytest-dev__pytest-10051,1791038378.9515898,34.59763836860657,10401,9408,993,0,0,804,189,804,0.2171146976657935,0.0,0.17571278080061678,0.17571278080061678,2.0068042215528203
9,sympy__sympy-13757,1791038379.0497289,8.788103342056274,23428,21952,1476,0,0,1148,328,1148,0.3420868513564698,0.0,0.26587433947849914,0.26587433947849914,4.823838430244833
9,sympy__sympy-13757,1791038389.5455477,141.04083347320557,23766,21952,1814,0,0,1476,338,1476,0.4207384224358334,0.0,0.3420868513564698,0.3420868513564698,4.823838430244833
18,django__django-15380,1791038394.3196905,32.64243698120117,14971,12544,2427,0,0,1352,1075,1352,0.5402485082679286,0.0,0.30020849161258717,0.30020849161258717,2.6959239973020823
1,django__django-11749,1791038394.4276137,68.70000410079956,15122,0,15122,0,14112,695,315,14807,3.2699847459395674,3.0442685792826487,0.1552072060221258,3.1994757853047746,0.0
8,pytest-dev__pytest-10051,1791038401.843476,15.852444171905518,11841,10976,865,0,0,531,334,531,0.19046320273911635,0.0,0.11682918216386695,0.11682918216386695,2.350102544725473
30,sympy__sympy-18211,1791038403.5686917,44.471691608428955,19212,0,19212,0,17248,838,1126,18086,4.19472661259292,3.7485271314556514,0.18990033149377483,3.9384274629494262,0.0
14,pytest-dev__pytest-10051,1791038413.842363,27.129035472869873,10796,9408,1388,0,0,993,395,993,0.30376087944095875,0.0,0.2171146976657935,0.2171146976657935,2.0068042215528203
5,django__django-14787,1791038414.1032553,333.55161929130554,13640,0,13640,0,12544,603,493,13147,2.9391443088351954,2.6959239973020823,0.13366301534870542,2.8295870126507876,0.0
8,pytest-dev__pytest-10051,1791038417.8494866,16.67346954345703,12072,10976,1096,0,0,865,231,865,0.24145669557218405,0.0,0.19046320273911635,0.19046320273911635,2.350102544725473
18,django__django-15380,1791038428.2477026,26.06711769104004,15762,14112,1650,0,0,859,791,859,0.36928608546821956,0.0,0.19190392628736241,0.19190392628736241,3.0442685792826487
15,django__django-13821,1791038431.6653745,114.74092435836792,13808,12544,1264,0,0,900,364,900,0.28061121877091566,0.0,0.1996341943266419,0.1996341943266419,2.6959239973020823
17,pylint-dev__pylint-6528,1791038435.5946026,126.35105276107788,15067,0,15067,0,14112,456,499,14568,3.2576663199846148,3.0442685792826487,0.10177787105513632,3.146046450337785,0.0
8,pytest-dev__pytest-10051,1791038436.1112988,89.70374512672424,12468,10976,1492,0,0,1096,396,1096,0.3290015149996004,0.0,0.24145669557218405,0.24145669557218405,2.350102544725473
14,pytest-dev__pytest-10051,1791038441.1270413,39.45435929298401,11079,9408,1671,0,0,1388,283,1388,0.3659374839679703,0.0,0.30376087944095875,0.30376087944095875,2.0068042215528203
13,django__django-13821,1791038442.0027785,12.384474039077759,27368,25088,2280,0,0,1541,739,1541,0.5367051230253114,0.0,0.3621624135255852,0.3621624135255852,5.553328276457405
26,pylint-dev__pylint-6528,1791038442.7912543,258.398983001709,15388,0,15388,0,14112,806,470,14918,3.3296049463952895,3.0442685792826487,0.18004160167366293,3.2243101809563117,0.0
30,sympy__sympy-18211,1791038448.7927887,333.64599609375,19497,18816,681,0,0,396,285,396,0.15536330812368626,0.0,0.09028551094483131,0.09028551094483131,4.104441101648089
13,django__django-13821,1791038454.8630064,42.75059676170349,28493,26656,1837,0,0,712,1125,712,0.43496267594368315,0.0,0.16817550581309013,0.16817550581309013,5.921857893669626
18,django__django-15380,1791038454.9251556,5.7554566860198975,15959,15680,279,0,0,82,197,82,0.06269559726338013,0.0,0.01841837408369646,0.01841837408369646,3.3951362906671716
18,django__django-15380,1791038460.8578975,10.628628253936768,16296,15680,616,0,0,279,337,279,0.13853120709640543,0.0,0.06269559726338013,0.06269559726338013,3.3951362906671716
1,django__django-11749,1791038463.3194857,39.873392820358276,15697,14112,1585,0,0,1010,575,1010,0.35468558779651643,0.0,0.22571616665691888,0.22571616665691888,3.0442685792826487
18,django__django-15380,1791038471.6228514,56.198755502700806,16514,15680,834,0,0,616,218,616,0.18765015260059303,0.0,0.13853120709640543,0.13853120709640543,3.3951362906671716
14,pytest-dev__pytest-10051,1791038481.9114919,38.22270584106445,11407,10976,431,0,0,103,328,103,0.09480533754871943,0.0,0.0226391607953179,0.0226391607953179,2.350102544725473
4,sympy__sympy-20916,1791038488.157329,11.946349859237671,14467,0,14467,0,14112,18,337,14130,3.123485146834636,3.0442685792826487,0.004013502117823458,3.048282081400472,0.0
13,django__django-13821,1791038498.4589775,51.00626850128174,29172,28224,948,0,0,269,679,269,0.22555933469418632,0.0,0.06390992932750504,0.06390992932750504,6.292910640285805
4,sympy__sympy-20916,1791038500.3635278,12.659026861190796,14807,14112,695,0,0,355,340,355,0.1552072060221258,0.0,0.07921656755198782,0.07921656755198782,3.0442685792826487
22,django__django-13112,1791038502.371371,14.665803909301758,34681,32928,1753,0,0,1264,489,1264,0.42628097835059203,0.0,0.3070525850756475,0.3070525850756475,7.42120765655808
20,django__django-11749,1791038503.284922,20.78042435646057,19637,0,19637,0,18816,204,617,19020,4.291802981023643,4.104441101648089,0.04649061994610967,4.1509317215941985,0.0
1,django__django-11749,1791038503.358618,208.90867805480957,16114,15680,434,0,0,17,417,17,0.09756100209270845,0.0,0.003817876411993317,0.003817876411993317,3.3951362906671716
11,django__django-13112,1791038513.02849,11.104034423828125,25378,0,25378,0,23520,1048,810,24568,5.621297281245813,5.18732178864914,0.2443471563288122,5.431668944977952,0.0
4,sympy__sympy-20916,1791038513.1833684,11.476658344268799,15562,14112,1450,0,0,695,755,695,0.32437533143878167,0.0,0.1552072060221258,0.1552072060221258,3.0442685792826487
22,django__django-13112,1791038517.1722171,126.62567734718323,35154,34496,658,0,0,185,473,185,0.16069645598972915,0.0,0.04513571411858638,0.04513571411858638,7.802352920790085
11,django__django-13112,1791038524.262499,7.981942176818848,26009,25088,921,0,0,290,631,290,0.21615838332330722,0.0,0.06796900478840766,0.06796900478840766,5.553328276457405
4,sympy__sympy-20916,1791038524.7913234,261.753769159317,16197,14112,2085,0,0,1450,635,1450,0.4671087115548648,0.0,0.32437533143878167,0.32437533143878167,3.0442685792826487
9,sympy__sympy-13757,1791038531.0061204,35.918498516082764,24237,23520,717,0,0,246,471,246,0.16705084828255806,0.0,0.05725506403152592,0.05725506403152592,5.18732178864914
11,django__django-13112,1791038532.364086,255.22011995315552,28735,25088,3647,0,0,921,2726,921,0.8610509244344928,0.0,0.21615838332330722,0.21615838332330722,5.553328276457405
8,pytest-dev__pytest-10051,1791038532.8617334,7.836071014404297,13164,10976,2188,0,0,1492,696,1492,0.4832581535723665,0.0,0.3290015149996004,0.3290015149996004,2.350102544725473
8,pytest-dev__pytest-10051,1791038540.9721496,62.3385214805603,13418,12544,874,0,0,620,254,620,0.19385532417051898,0.0,0.13743670099575714,0.13743670099575714,2.6959239973020823
20,django__django-11749,1791038542.770384,15.15386414527893,19962,18816,1146,0,0,821,325,821,0.26172182191131926,0.0,0.18736187937555482,0.18736187937555482,4.104441101648089
15,django__django-13821,1791038546.6974082,18.49497151374817,14186,12544,1642,0,0,1264,378,1264,0.36484666149340633,0.0,0.28061121877091566,0.28061121877091566,2.6959239973020823
13,django__django-13821,1791038549.8253934,44.97281360626221,29950,28224,1726,0,0,948,778,948,0.41135929496320217,0.0,0.22555933469418632,0.22555933469418632,6.292910640285805
20,django__django-11749,1791038558.9698281,10.329199075698853,20318,18816,1502,0,0,1146,356,1146,0.34329895728790405,0.0,0.26172182191131926,0.26172182191131926,4.104441101648089
17,pylint-dev__pylint-6528,1791038562.2279797,893.2447469234467,15572,14112,1460,0,0,955,505,955,0.3266198942156886,0.0,0.21339774070196646,0.21339774070196646,3.0442685792826487
15,django__django-13821,1791038565.3746448,79.20537400245667,14471,14112,359,0,0,74,285,74,0.080109885432551,0.0,0.01650207951284013,0.01650207951284013,3.0442685792826487
20,django__django-11749,1791038570.9805932,1008.6960742473602,20630,18816,1814,0,0,1502,312,1502,0.4149004674118822,0.0,0.34329895728790405,0.34329895728790405,4.104441101648089
2,django__django-12262,1791038573.471121,5.668009281158447,12536,10976,1560,0,0,1134,426,1134,0.34405065369536453,0.0,0.24985048061290913,0.24985048061290913,2.350102544725473
2,django__django-12262,1791038579.265216,8.271402359008789,13000,10976,2024,0,0,1560,464,1560,0.44686555640712555,0.0,0.34405065369536453,0.34405065369536453,2.350102544725473
2,django__django-12262,1791038587.895868,95.7200255393982,13349,12544,805,0,0,456,349,456,0.17852245532286523,0.0,0.10104410383051621,0.10104410383051621,2.6959239973020823
16,django__django-10973,1791038589.7078195,204.94955158233643,6258,0,6258,0,4704,549,1005,5253,1.3247682202435629,0.9920480284586043,0.11726089558117356,1.1093089240397778,0.0
13,django__django-13821,1791038595.5526276,20.028631448745728,30538,29792,746,0,0,158,588,158,0.1786202082151165,0.0,0.037783418943067124,0.037783418943067124,6.666486516305939
28,sympy__sympy-13757,1791038596.0757706,550.2094597816467,28680,0,28680,0,26656,1420,604,28076,6.401292416362521,5.921857893669626,0.3359220739193751,6.257779967589,0.0
8,pytest-dev__pytest-10051,1791038604.8694024,37.22907590866089,13768,12544,1224,0,0,874,350,874,0.2717059946443905,0.0,0.19385532417051898,0.19385532417051898,2.6959239973020823
19,sympy__sympy-15875,1791038608.4035292,998.8757057189941,7480,0,7480,0,6272,385,823,6657,1.5881459702079341,1.3277769634193861,0.08281925998622233,1.4105962234056084,0.0
13,django__django-13821,1791038615.9380958,32.958393812179565,30766,29792,974,0,0,746,228,746,0.23332585642380815,0.0,0.1786202082151165,0.1786202082151165,6.666486516305939
23,pylint-dev__pylint-6528,1791038616.4164195,362.2590010166168,11213,0,11213,0,9408,1013,792,10421,2.402210889930012,2.0068042215528203,0.2214979977236648,2.228302219276485,0.0
8,pytest-dev__pytest-10051,1791038642.249435,16.32538080215454,14101,12544,1557,0,0,1224,333,1224,0.34589204992659967,0.0,0.2717059946443905,0.2717059946443905,2.6959239973020823
15,django__django-13821,1791038644.8738382,29.581502199172974,14890,14112,778,0,0,359,419,359,0.17377587695056068,0.0,0.080109885432551,0.080109885432551,3.0442685792826487
13,django__django-13821,1791038649.553721,8.064260721206665,31445,29792,1653,0,0,974,679,974,0.3965591211601192,0.0,0.23332585642380815,0.23332585642380815,6.666486516305939
13,django__django-13821,1791038658.55711,62.4490270614624,31876,31360,516,0,0,85,431,85,0.12431905331333784,0.0,0.020460115736027327,0.020460115736027327,7.042585521730031
25,django__django-14787,1791038658.7118173,207.58128690719604,10545,0,10545,0,9408,556,581,9964,2.255487841873726,2.0068042215528203,0.12144206572233582,2.128246287275156,0.0
8,pytest-dev__pytest-10051,1791038659.9635003,53.3147292137146,14301,12544,1757,0,0,1557,200,1557,0.39050293768456357,0.0,0.34589204992659967,0.34589204992659967,2.6959239973020823
15,django__django-13821,1791038674.7924035,10.774428129196167,15312,14112,1200,0,0,778,422,778,0.26829461469859767,0.0,0.17377587695056068,0.17377587695056068,3.0442685792826487
2,django__django-12262,1791038684.0246692,38.310956954956055,14567,12544,2023,0,0,805,1218,805,0.4498990224812779,0.0,0.17852245532286523,0.17852245532286523,2.6959239973020823
15,django__django-13821,1791038685.7405844,159.37752199172974,15541,14112,1429,0,0,1200,229,1200,0.3196620836472203,0.0,0.26829461469859767,0.26829461469859767,3.0442685792826487
7,pytest-dev__pytest-10051,1791038687.9176726,33.19448637962341,7130,0,7130,0,6272,464,394,6736,1.5125538407684902,1.3277769634193861,0.09983215076592342,1.4276091141853096,0.0
27,django__django-14787,1791038690.2333403,399.727970123291,6280,0,6280,0,4704,1054,522,5758,1.329496335542944,0.9920480284586043,0.2253969497380731,1.2174449781966774,0.0
26,pylint-dev__pylint-6528,1791038701.4601269,629.9274697303772,16442,0,16442,0,14112,1276,1054,15388,3.56655827837712,3.0442685792826487,0.28533636711264104,3.32960494639529,0.0
13,django__django-13821,1791038721.7956932,7.097655296325684,32373,31360,1013,0,0,516,497,516,0.2443188020648105,0.0,0.12431905331333784,0.12431905331333784,7.042585521730031
2,django__django-12262,1791038722.7022946,36.478283643722534,15042,14112,930,0,0,455,475,455,0.20779948241337232,0.0,0.10155444050071168,0.10155444050071168,3.0442685792826487
7,pytest-dev__pytest-10051,1791038722.779856,118.65537166595459,7352,6272,1080,0,0,858,222,858,0.2327093043984328,0.0,0.18477687734910414,0.18477687734910414,1.3277769634193861
13,django__django-13821,1791038729.0938816,7.65879225730896,32572,31360,1212,0,0,1013,199,1013,0.2924380601248052,0.0,0.2443188020648105,0.2443188020648105,7.042585521730031
13,django__django-13821,1791038736.9281278,18.251269340515137,33652,31360,2292,0,0,1212,1080,1212,0.5542965827810893,0.0,0.2924380601248052,0.2924380601248052,7.042585521730031
12,django__django-11749,1791038755.1888201,83.40188074111938,16466,0,16466,0,15680,730,56,16410,3.5719670755618442,3.3951362906671716,0.16421117763811688,3.5593474683052886,0.0
13,django__django-13821,1791038755.508772,14.302878379821777,33896,32928,968,0,0,724,244,724,0.2350008430564294,0.0,0.17567444795304044,0.17567444795304044,7.42120765655808
2,django__django-12262,1791038759.5536304,8.800668716430664,15699,14112,1587,0,0,930,657,930,0.3551347692258305,0.0,0.20779948241337232,0.20779948241337232,3.0442685792826487
2,django__django-12262,1791038768.5001295,5.3351640701293945,15827,15680,147,0,0,19,128,19,0.033023207604123,0.0,0.004267057841307361,0.004267057841307361,3.3951362906671716
13,django__django-13821,1791038769.9811761,23.164761543273926,35035,32928,2107,0,0,968,1139,968,0.512746683288355,0.0,0.2350008430564294,0.2350008430564294,7.42120765655808
2,django__django-12262,1791038774.28712,5.295750141143799,16463,15680,783,0,0,147,636,147,0.17615465292013624,0.0,0.033023207604123,0.033023207604123,3.3951362906671716
2,django__django-12262,1791038779.7047815,4.171969890594482,16763,15680,1083,0,0,783,300,783,0.2438135692047157,0.0,0.17615465292013624,0.17615465292013624,3.3951362906671716
4,sympy__sympy-20916,1791038786.702312,189.22413635253906,16532,15680,852,0,0,517,335,517,0.19170802507472534,0.0,0.11624100017034167,0.11624100017034167,3.3951362906671716
11,django__django-13112,1791038787.7347333,8.042641162872314,29299,28224,1075,0,0,511,564,511,0.2558467251871813,0.0,0.12146856060609335,0.12146856060609335,6.292910640285805
2,django__django-12262,1791038788.7734451,14.586804628372192,17239,15680,1559,0,0,1083,476,1083,0.3513552499215803,0.0,0.2438135692047157,0.2438135692047157,3.3951362906671716
13,django__django-13821,1791038793.2859683,51.22087788581848,35470,34496,974,0,0,539,435,539,0.2380277595605186,0.0,0.13160141905634942,0.13160141905634942,7.802352920790085
16,django__django-10973,1791038794.9541204,409.9351305961609,6511,4704,1807,0,0,1554,253,1554,0.38712350589434485,0.0,0.33272019178495854,0.33272019178495854,0.9920480284586043
11,django__django-13112,1791038795.9705842,4.0315093994140625,29498,28224,1274,0,0,1075,199,1075,0.3033382077687927,0.0,0.2558467251871813,0.2558467251871813,6.292910640285805
11,django__django-13112,1791038800.1354802,290.9767165184021,29853,28224,1629,0,0,1274,355,1274,0.38816010923857136,0.0,0.3033382077687927,0.3033382077687927,6.292910640285805
2,django__django-12262,1791038805.0993109,10.423052072525024,17731,15680,2051,0,0,1559,492,1559,0.46275615266680115,0.0,0.3513552499215803,0.3513552499215803,3.3951362906671716
2,django__django-12262,1791038816.1660333,4.898825645446777,18106,17248,858,0,0,483,375,483,0.19444136408390325,0.0,0.1093653118783212,0.1093653118783212,3.7485271314556514
2,django__django-12262,1791038821.215356,4.758904695510864,18292,17248,1044,0,0,858,186,858,0.23669262780874673,0.0,0.19444136408390325,0.19444136408390325,3.7485271314556514
2,django__django-12262,1791038826.591067,10.870656251907349,19175,17248,1927,0,0,1044,883,1044,0.43775689795155776,0.0,0.23669262780874673,0.23669262780874673,3.7485271314556514
2,django__django-12262,1791038837.595805,8.328810691833496,19586,18816,770,0,0,359,411,359,0.17570292794747155,0.0,0.08184292775912087,0.08184292775912087,4.104441101648089
12,django__django-11749,1791038838.7713413,26.614196062088013,16737,15680,1057,0,0,786,271,786,0.2379461410060515,0.0,0.17683078489467285,0.17683078489467285,3.3951362906671716
7,pytest-dev__pytest-10051,1791038841.9336355,7.535564661026001,7699,6272,1427,0,0,1080,347,1080,0.30773202223740964,0.0,0.2327093043984328,0.2327093043984328,1.3277769634193861
15,django__django-13821,1791038845.2807944,150.97083401679993,15903,14112,1791,0,0,1429,362,1429,0.4009728382947685,0.0,0.3196620836472203,0.3196620836472203,3.0442685792826487
2,django__django-12262,1791038846.0444944,9.34578013420105,20551,18816,1735,0,0,770,965,770,0.3967611528946972,0.0,0.17570292794747155,0.17570292794747155,4.104441101648089
7,pytest-dev__pytest-10051,1791038850.8502822,31.321366548538208,7839,6272,1567,0,0,1427,140,1427,0.3380355383287072,0.0,0.30773202223740964,0.30773202223740964,1.3277769634193861
2,django__django-12262,1791038855.5345697,112.42472863197327,20965,20384,581,0,0,167,414,167,0.13345441019346432,0.0,0.03832405329830345,0.03832405329830345,4.462878201244482
12,django__django-11749,1791038865.547572,120.57704448699951,17119,15680,1439,0,0,1057,382,1057,0.3242219814325311,0.0,0.2379461410060515,0.2379461410060515,3.3951362906671716
25,django__django-14787,1791038866.4665754,320.3836205005646,10874,9408,1466,0,0,1137,329,1137,0.32088968935635626,0.0,0.24868362032090519,0.24868362032090519,2.0068042215528203
7,pytest-dev__pytest-10051,1791038882.3157477,8.14205813407898,8159,6272,1887,0,0,1567,320,1567,0.4073762489638386,0.0,0.3380355383287072,0.3380355383287072,1.3277769634193861
31,django__django-13112,1791038947.9900672,15.122328758239746,36647,0,36647,0,36064,304,279,36368,8.329316996807686,8.186021314426048,0.07467669796779054,8.260698012393838,0.0
31,django__django-13112,1791038963.359359,50.903664112091064,37304,36064,1240,0,0,583,657,583,0.30519786615659306,0.0,0.1432956823816368,0.1432956823816368,8.186021314426048
2,django__django-12262,1791038968.1181931,19.262428760528564,21382,20384,998,0,0,581,417,581,0.2294519268086691,0.0,0.13345441019346432,0.13345441019346432,4.462878201244482
4,sympy__sympy-20916,1791038976.3917623,327.54929280281067,16932,15680,1252,0,0,852,400,852,0.2819687623060543,0.0,0.19170802507472534,0.19170802507472534,3.3951362906671716
23,pylint-dev__pylint-6528,1791038979.03927,93.62662363052368,12040,10976,1064,0,0,237,827,237,0.2343893943963238,0.0,0.052108345204538914,0.052108345204538914,2.350102544725473
12,django__django-11749,1791038986.283439,91.11276650428772,17464,15680,1784,0,0,1439,345,1439,0.4022699591382105,0.0,0.3242219814325311,0.3242219814325311,3.3951362906671716
2,django__django-12262,1791038992.3029683,39.243842363357544,22081,20384,1697,0,0,998,699,998,0.3907689026137064,0.0,0.2294519268086691,0.2294519268086691,4.462878201244482
21,django__django-11749,1791038996.7371035,271.01422333717346,11399,0,11399,0,9408,1560,431,10968,2.4431464180390985,2.0068042215528203,0.3415403974006115,2.3483446189534316,0.0
15,django__django-13821,1791038997.1338868,66.16288638114929,16742,15680,1062,0,0,223,839,223,0.23907443870530748,0.0,0.05010512691024539,0.05010512691024539,3.3951362906671716
31,django__django-13112,1791039014.5465536,5.242335557937622,37608,36064,1544,0,0,1240,304,1240,0.3802614141917854,0.0,0.30519786615659306,0.30519786615659306,8.186021314426048
31,django__django-13112,1791039019.9208314,5.510900497436523,37712,36064,1648,0,0,1544,104,1544,0.40596282167705805,0.0,0.3802614141917854,0.3802614141917854,8.186021314426048
31,django__django-13112,1791039025.5687628,4.480000257492065,37845,37632,213,0,0,80,133,80,0.05265561874664612,0.0,0.01977129863713863,0.01977129863713863,8.572212837465967
31,django__django-13112,1791039030.1927476,6.5808775424957275,38452,37632,820,0,0,213,607,213,0.2029671711496483,0.0,0.05265561874664612,0.05265561874664612,8.572212837465967
2,django__django-12262,1791039031.6964674,7.776169061660767,22612,21952,660,0,0,129,531,129,0.1526893203071507,0.0,0.02980867361335573,0.02980867361335573,4.823838430244833
31,django__django-13112,1791039036.9338605,107.03211760520935,38691,37632,1059,0,0,820,239,820,0.2622545466391013,0.0,0.2029671711496483,0.2029671711496483,8.572212837465967
2,django__django-12262,1791039039.6334898,14.46296238899231,22959,21952,1007,0,0,660,347,660,0.23314618557266392,0.0,0.1526893203071507,0.1526893203071507,4.823838430244833
2,django__django-12262,1791039054.451305,31.18588376045227,23359,21952,1407,0,0,1007,400,1007,0.3260451713005878,0.0,0.23314618557266392,0.23314618557266392,4.823838430244833
15,django__django-13821,1791039064.311389,32.12986969947815,17696,15680,2016,0,0,1062,954,1062,0.4548230843736704,0.0,0.23907443870530748,0.23907443870530748,3.3951362906671716
23,pylint-dev__pylint-6528,1791039073.0963948,481.3467104434967,12328,10976,1352,0,0,1064,288,1064,0.29803293615713455,0.0,0.2343893943963238,0.2343893943963238,2.350102544725473
12,django__django-11749,1791039077.8222744,5.488499402999878,17603,17248,355,0,0,216,139,216,0.08035905599383053,0.0,0.048879118349730535,0.048879118349730535,3.7485271314556514
12,django__django-11749,1791039083.4615862,45.05378842353821,17913,17248,665,0,0,355,310,355,0.15063753209248068,0.0,0.08035905599383053,0.08035905599383053,3.7485271314556514
27,django__django-14787,1791039090.2546923,476.6431601047516,7364,6272,1092,0,0,8,1084,8,0.23530168723698267,0.0,0.0017193721235579705,0.0017193721235579705,1.3277769634193861
11,django__django-13112,1791039091.3603551,9.712814092636108,30277,29792,485,0,0,61,424,61,0.11606212600111922,0.0,0.014584233218436318,0.014584233218436318,6.666486516305939
15,django__django-13821,1791039097.270522,5.2137696743011475,18519,17248,1271,0,0,448,823,448,0.28830544748323333,0.0,0.10143224358519046,0.10143224358519046,3.7485271314556514
11,django__django-13112,1791039101.335088,28.481956720352173,30689,29792,897,0,0,485,412,485,0.2148447372754776,0.0,0.11606212600111922,0.11606212600111922,6.666486516305939
15,django__django-13821,1791039103.390721,15.203239679336548,18933,17248,1685,0,0,1271,414,1271,0.3825724850726281,0.0,0.28830544748323333,0.28830544748323333,3.7485271314556514
15,django__django-13821,1791039119.4408276,67.17884826660156,19414,18816,598,0,0,117,481,117,0.13640222390041068,0.0,0.026658514880191213,0.026658514880191213,4.104441101648089
12,django__django-11749,1791039128.9919078,11.50900149345398,18705,17248,1457,0,0,665,792,665,0.33063554463464107,0.0,0.15063753209248068,0.15063753209248068,3.7485271314556514
11,django__django-13112,1791039129.971864,5.236617803573608,31294,29792,1502,0,0,897,605,897,0.3602174410590792,0.0,0.2148447372754776,0.2148447372754776,6.666486516305939
11,django__django-13112,1791039136.3965578,70.20585370063782,31858,29792,2066,0,0,1502,564,1502,0.4960767479838624,0.0,0.3602174410590792,0.3602174410590792,6.666486516305939
12,django__django-11749,1791039141.0310438,4.7798402309417725,19372,17248,2124,0,0,1457,667,1457,0.48272412245278296,0.0,0.33063554463464107,0.33063554463464107,3.7485271314556514
31,django__django-13112,1791039144.11689,128.98114323616028,39231,37632,1599,0,0,1059,540,1059,0.39642513453739864,0.0,0.2622545466391013,0.2622545466391013,8.572212837465967
12,django__django-11749,1791039147.4343445,8.682297706604004,19511,18816,695,0,0,556,139,556,0.15856226010838223,0.0,0.12681015226034612,0.12681015226034612,4.104441101648089
12,django__django-11749,1791039174.182397,9.411571741104126,20024,18816,1208,0,0,695,513,695,0.2759197227068129,0.0,0.15856226010838223,0.15856226010838223,4.104441101648089
15,django__django-13821,1791039187.024278,110.79701328277588,19775,18816,959,0,0,598,361,598,0.21892301344729054,0.0,0.13640222390041068,0.13640222390041068,4.104441101648089
25,django__django-14787,1791039187.0438921,42.72181701660156,11832,9408,2424,0,0,1466,958,1466,0.5317758747860352,0.0,0.32088968935635626,0.32088968935635626,2.0068042215528203
12,django__django-11749,1791039200.2940593,6.412390947341919,20191,18816,1375,0,0,1208,167,1208,0.3141820786736961,0.0,0.2759197227068129,0.2759197227068129,4.104441101648089
16,django__django-10973,1791039205.0421956,9.609565019607544,6631,6272,359,0,0,239,120,239,0.07722148155493455,0.0,0.05139457093356302,0.05139457093356302,1.3277769634193861
11,django__django-13112,1791039207.0087638,23.043658018112183,32160,31360,800,0,0,498,302,498,0.19285929876850175,0.0,0.11997774255977053,0.11997774255977053,7.042585521730031
12,django__django-11749,1791039207.98408,8.887196063995361,20528,18816,1712,0,0,1375,337,1375,0.39148129041813723,0.0,0.3141820786736961,0.3141820786736961,4.104441101648089
16,django__django-10973,1791039215.5221467,11.403083324432373,7177,6272,905,0,0,359,546,359,0.1949205131290841,0.0,0.07722148155493455,0.07722148155493455,1.3277769634193861
12,django__django-11749,1791039217.0282962,129.59543442726135,20772,20384,388,0,0,144,244,144,0.08908431430629307,0.0,0.033044190821743494,0.033044190821743494,4.462878201244482
16,django__django-10973,1791039227.4184217,31.95469856262207,7549,6272,1277,0,0,905,372,905,0.2752862899238051,0.0,0.1949205131290841,0.1949205131290841,1.3277769634193861
25,django__django-14787,1791039229.9592943,24.5534930229187,12750,10976,1774,0,0,856,918,856,0.39144214407104494,0.0,0.1884775516133827,0.1884775516133827,2.350102544725473
11,django__django-13112,1791039230.2028859,16.119218349456787,32528,31360,1168,0,0,800,368,800,0.2817951267158216,0.0,0.19285929876850175,0.19285929876850175,7.042585521730031
11,django__django-13112,1791039246.7542307,17.823269367218018,32921,31360,1561,0,0,1168,393,1168,0.37692625059793833,0.0,0.2817951267158216,0.2817951267158216,7.042585521730031
25,django__django-14787,1791039254.6625392,391.4075462818146,13026,12544,482,0,0,206,276,206,0.10681182084961523,0.0,0.04562069149443561,0.04562069149443561,2.6959239973020823
16,django__django-10973,1791039259.5234404,891.6737642288208,8474,6272,2202,0,0,1277,925,1277,0.47573614746167453,0.0,0.2752862899238051,0.2752862899238051,1.3277769634193861
11,django__django-13112,1791039264.708175,31.91477108001709,33966,31360,2606,0,0,1561,1045,1561,0.6306541236700345,0.0,0.37692625059793833,0.37692625059793833,7.042585521730031
21,django__django-11749,1791039267.891732,31.286896228790283,11658,10976,682,0,0,423,259,423,0.15010463522533918,0.0,0.09304387331362562,0.09304387331362562,2.350102544725473
31,django__django-13112,1791039273.3001237,5.043159008026123,39847,39200,647,0,0,31,616,31,0.16112972733038136,0.0,0.007710482093522355,0.007710482093522355,8.960927489909844
31,django__django-13112,1791039278.4731915,889.0031983852386,40690,39200,1490,0,0,647,843,647,0.3717160637157474,0.0,0.16112972733038136,0.16112972733038136,8.960927489909844
11,django__django-13112,1791039297.0384238,122.57578945159912,34200,32928,1272,0,0,1038,234,1038,0.3090011773579885,0.0,0.25203198884198574,0.25203198884198574,7.42120765655808
15,django__django-13821,1791039298.2110894,10.179343938827515,20066,18816,1250,0,0,959,291,959,0.2855398968040235,0.0,0.21892301344729054,0.21892301344729054,4.104441101648089
21,django__django-11749,1791039299.391166,304.94698905944824,12179,10976,1203,0,0,682,521,682,0.26509561548583815,0.0,0.15010463522533918,0.15010463522533918,2.350102544725473
4,sympy__sympy-20916,1791039304.0919783,16.905524969100952,17684,15680,2004,0,0,1252,752,1252,0.4521034646432574,0.0,0.2819687623060543,0.2819687623060543,3.3951362906671716
15,django__django-13821,1791039308.5462737,24.91140580177307,20998,18816,2182,0,0,1250,932,1250,0.4994819333314315,0.0,0.2855398968040235,0.2855398968040235,4.104441101648089
4,sympy__sympy-20916,1791039321.1720574,4.802877902984619,17946,17248,698,0,0,436,262,436,0.1581245972103794,0.0,0.09871262385477739,0.09871262385477739,3.7485271314556514
4,sympy__sympy-20916,1791039326.1299102,3.679415225982666,18035,17248,787,0,0,698,89,698,0.17832255638992106,0.0,0.1581245972103794,0.1581245972103794,3.7485271314556514
4,sympy__sympy-20916,1791039329.9404647,19.280868530273438,18157,17248,909,0,0,787,122,787,0.2060228551897044,0.0,0.17832255638992106,0.17832255638992106,3.7485271314556514
26,pylint-dev__pylint-6528,1791039332.4005902,444.38763070106506,17094,15680,1414,0,0,762,652,762,0.31857107721742567,0.0,0.17142198770994874,0.17142198770994874,3.3951362906671716
15,django__django-13821,1791039333.5992517,32.09699535369873,21300,20384,916,0,0,614,302,614,0.21056062194966113,0.0,0.14104483373503776,0.14104483373503776,4.462878201244482
12,django__django-11749,1791039346.7726247,13.531963586807251,21138,20384,754,0,0,388,366,388,0.17325905830068974,0.0,0.08908431430629307,0.08908431430629307,4.462878201244482
4,sympy__sympy-20916,1791039349.8349304,16.677934885025024,18603,17248,1355,0,0,909,446,909,0.30741786915494096,0.0,0.2060228551897044,0.2060228551897044,3.7485271314556514
12,django__django-11749,1791039361.0104926,5.461207389831543,21391,20384,1007,0,0,754,253,754,0.23152578295162785,0.0,0.17325905830068974,0.17325905830068974,4.462878201244482
4,sympy__sympy-20916,1791039367.098818,9.653459072113037,19129,17248,1881,0,0,1355,526,1355,0.42726267253566175,0.0,0.30741786915494096,0.30741786915494096,3.7485271314556514
12,django__django-11749,1791039367.958148,6.449758291244507,21542,20384,1158,0,0,1007,151,1007,0.2663328773967908,0.0,0.23152578295162785,0.23152578295162785,4.462878201244482
12,django__django-11749,1791039374.562547,12.160826444625854,21901,20384,1517,0,0,1158,359,1158,0.34918011497356244,0.0,0.2663328773967908,0.2663328773967908,4.462878201244482
4,sympy__sympy-20916,1791039377.7213824,8.182382106781006,19417,18816,601,0,0,313,288,313,0.13708744114565694,0.0,0.07134870234322485,0.07134870234322485,4.104441101648089
12,django__django-11749,1791039386.8970158,15.559353828430176,22055,20384,1671,0,0,1517,154,1517,0.38475957876266653,0.0,0.34918011497356244,0.34918011497356244,4.462878201244482
4,sympy__sympy-20916,1791039387.9096932,10.704948902130127,19632,18816,816,0,0,601,215,601,0.18621872690463698,0.0,0.13708744114565694,0.13708744114565694,4.104441101648089
4,sympy__sympy-20916,1791039401.4623816,30.702626943588257,20032,18816,1216,0,0,816,400,816,0.27775199725241906,0.0,0.18621872690463698,0.18621872690463698,4.104441101648089
12,django__django-11749,1791039402.6263125,5.975456714630127,22219,21952,267,0,0,103,164,103,0.06171592848287563,0.0,0.02379934976231593,0.02379934976231593,4.823838430244833
12,django__django-11749,1791039409.0567598,28.05794668197632,22399,21952,447,0,0,267,180,267,0.10336345789365323,0.0,0.06171592848287563,0.06171592848287563,4.823838430244833
11,django__django-13112,1791039420.061302,51.89910817146301,34525,32928,1597,0,0,1272,325,1272,0.3882182710444343,0.0,0.3090011773579885,0.3090011773579885,7.42120765655808
4,sympy__sympy-20916,1791039433.1601267,11.415658712387085,20786,18816,1970,0,0,1216,754,1216,0.45073868420684143,0.0,0.27775199725241906,0.27775199725241906,4.104441101648089
4,sympy__sympy-20916,1791039449.6651728,16.8371901512146,21173,20384,789,0,0,402,387,402,0.18131575729102947,0.0,0.09230158461044766,0.09230158461044766,4.462878201244482
4,sympy__sympy-20916,1791039467.6061466,15.551223993301392,21704,20384,1320,0,0,789,531,789,0.30370160616463765,0.0,0.18131575729102947,0.18131575729102947,4.462878201244482
11,django__django-13112,1791039472.3760128,649.6839649677277,34773,34496,277,0,0,29,248,29,0.0675946590653508,0.0,0.007073006812428614,0.007073006812428614,7.802352920790085
4,sympy__sympy-20916,1791039483.2963285,45.38170099258423,22042,20384,1658,0,0,1320,338,1320,0.38175517698807004,0.0,0.30370160616463765,0.30370160616463765,4.462878201244482
23,pylint-dev__pylint-6528,1791039554.5802977,11.095269203186035,12686,10976,1710,0,0,1352,358,1352,0.3772640621361972,0.0,0.29803293615713455,0.29803293615713455,2.350102544725473
23,pylint-dev__pylint-6528,1791039565.9187763,5.984537363052368,13429,12544,885,0,0,142,743,142,0.19630014611053082,0.0,0.031442609559587775,0.031442609559587775,2.6959239973020823
27,django__django-14787,1791039567.182175,6.6569132804870605,8750,6272,2478,0,0,1092,1386,1092,0.5357161372658517,0.0,0.23530168723698267,0.23530168723698267,1.3277769634193861
23,pylint-dev__pylint-6528,1791039572.0556622,68.32319617271423,13951,12544,1407,0,0,885,522,885,0.3124608228132128,0.0,0.19630014611053082,0.19630014611053082,2.6959239973020823
27,django__django-14787,1791039573.9934206,579.4128489494324,9567,7840,1727,0,0,910,817,910,0.3754717402699383,0.0,0.19746407290111284,0.19746407290111284,1.6660290277841248
21,django__django-11749,1791039604.5165257,23.84594440460205,12497,10976,1521,0,0,1203,318,1203,0.3354189496949421,0.0,0.26509561548583815,0.26509561548583815,2.350102544725473
19,sympy__sympy-15875,1791039607.293296,290.0891680717468,7603,0,7603,0,6272,1208,123,7480,1.614741056971381,1.3277769634193861,0.2603690067885481,1.5881459702079341,0.0
21,django__django-11749,1791039628.5232365,14.874660015106201,12856,10976,1880,0,0,1521,359,1521,0.41493383866545863,0.0,0.3354189496949421,0.3354189496949421,2.350102544725473
23,pylint-dev__pylint-6528,1791039640.5221198,43.230767488479614,14984,12544,2440,0,0,1407,1033,1407,0.543158575315377,0.0,0.3124608228132128,0.3124608228132128,2.6959239973020823
21,django__django-11749,1791039643.5263557,232.52539205551147,13154,12544,610,0,0,312,298,312,0.1352168499909827,0.0,0.06911238608884929,0.06911238608884929,2.6959239973020823
25,django__django-14787,1791039646.4076586,92.41558742523193,13555,12544,1011,0,0,482,529,482,0.22431332759689876,0.0,0.10681182084961523,0.10681182084961523,2.6959239973020823
23,pylint-dev__pylint-6528,1791039683.9932938,118.19919753074646,15629,14112,1517,0,0,872,645,872,0.3394158616424334,0.0,0.19481399333481075,0.19481399333481075,3.0442685792826487
25,django__django-14787,1791039738.9836907,29.528696298599243,15263,12544,2719,0,0,1011,1708,1011,0.6056548938927205,0.0,0.22431332759689876,0.22431332759689876,2.6959239973020823
25,django__django-14787,1791039768.6857712,105.56198763847351,15586,14112,1474,0,0,1151,323,1151,0.3297624545110707,0.0,0.25731031191215437,0.25731031191215437,3.0442685792826487
23,pylint-dev__pylint-6528,1791039802.454481,10.968738079071045,16782,14112,2670,0,0,1517,1153,1517,0.5989694552966246,0.0,0.3394158616424334,0.3394158616424334,3.0442685792826487
23,pylint-dev__pylint-6528,1791039813.6716423,14.414218187332153,16994,15680,1314,0,0,1102,212,1102,0.29597387433440525,0.0,0.24810174391210146,0.24810174391210146,3.3951362906671716
23,pylint-dev__pylint-6528,1791039829.0972495,14.043814659118652,17350,15680,1670,0,0,1314,356,1314,0.3764666801375148,0.0,0.29597387433440525,0.29597387433440525,3.3951362906671716
23,pylint-dev__pylint-6528,1791039844.1349356,8.32245683670044,17725,17248,477,0,0,102,375,102,0.10800526803121907,0.0,0.023075839349034802,0.023075839349034802,3.7485271314556514
23,pylint-dev__pylint-6528,1791039853.1096485,7.11301589012146,18004,17248,756,0,0,477,279,477,0.17128638959480721,0.0,0.10800526803121907,0.10800526803121907,3.7485271314556514
23,pylint-dev__pylint-6528,1791039860.715735,7.07405424118042,18176,17248,928,0,0,756,172,756,0.21033821079396306,0.0,0.17128638959480721,0.17128638959480721,3.7485271314556514
23,pylint-dev__pylint-6528,1791039867.9203897,16.443711519241333,18324,17248,1076,0,0,928,148,928,0.24396524194058283,0.0,0.21033821079396306,0.21033821079396306,3.7485271314556514
25,django__django-14787,1791039874.4236984,369.14397716522217,15982,14112,1870,0,0,1474,396,1474,0.41873532702155297,0.0,0.3297624545110707,0.3297624545110707,3.0442685792826487
21,django__django-11749,1791039876.2267723,23.531623363494873,13547,12544,1003,0,0,610,393,610,0.22253422851577825,0.0,0.1352168499909827,0.1352168499909827,2.6959239973020823
23,pylint-dev__pylint-6528,1791039886.008182,15.28971004486084,18679,17248,1431,0,0,1076,355,1076,0.324716299708464,0.0,0.24396524194058283,0.24396524194058283,3.7485271314556514
19,sympy__sympy-15875,1791039897.8689773,311.1723892688751,8045,6272,1773,0,0,1331,442,1331,0.3826615707324494,0.0,0.28696409355199476,0.28696409355199476,1.3277769634193861
21,django__django-11749,1791039900.1809478,37.636600494384766,13652,12544,1108,0,0,1003,105,1003,0.24589013006427193,0.0,0.22253422851577825,0.22253422851577825,2.6959239973020823
23,pylint-dev__pylint-6528,1791039902.4770997,17.043299198150635,18939,17248,1691,0,0,1431,260,1431,0.38393996708104317,0.0,0.324716299708464,0.324716299708464,3.7485271314556514
23,pylint-dev__pylint-6528,1791039920.1464934,34.42539095878601,19208,18816,392,0,0,123,269,123,0.08937273151747749,0.0,0.028025996888606287,0.028025996888606287,4.104441101648089
21,django__django-11749,1791039938.2402294,28.886826038360596,14529,12544,1985,0,0,1108,877,1108,0.4414094218543022,0.0,0.24589013006427193,0.24589013006427193,2.6959239973020823
23,pylint-dev__pylint-6528,1791039955.1354039,10.256613492965698,19564,18816,748,0,0,392,356,392,0.17067440041886,0.0,0.08937273151747749,0.08937273151747749,4.104441101648089
23,pylint-dev__pylint-6528,1791039965.5661695,19.527915954589844,19732,18816,916,0,0,748,168,748,0.20908665094581896,0.0,0.17067440041886,0.17067440041886,4.104441101648089
21,django__django-11749,1791039967.5703504,606.3698189258575,15147,14112,1035,0,0,417,618,417,0.23131647741828149,0.0,0.09306483987373598,0.09306483987373598,3.0442685792826487
23,pylint-dev__pylint-6528,1791039985.555284,510.694509267807,20136,18816,1320,0,0,916,404,916,0.3015775431460005,0.0,0.20908665094581896,0.20908665094581896,4.104441101648089
11,django__django-13112,1791040122.5074327,466.7770998477936,35107,34496,611,0,0,277,334,277,0.14920340248962546,0.0,0.0675946590653508,0.0675946590653508,7.802352920790085
16,django__django-10973,1791040151.2078402,783.5218143463135,8530,7840,690,0,0,634,56,634,0.14964761448455502,0.0,0.13748408309693583,0.13748408309693583,1.6660290277841248
27,django__django-14787,1791040153.5739515,252.9767405986786,10138,9408,730,0,0,159,571,159,0.15951249277870738,0.0,0.03469654650124273,0.03469654650124273,2.0068042215528203
27,django__django-14787,1791040406.7034245,208.43552207946777,10531,9408,1123,0,0,730,393,730,0.2456134856321041,0.0,0.15951249277870738,0.15951249277870738,2.0068042215528203
23,pylint-dev__pylint-6528,1791040496.8478158,5.36742091178894,20894,18816,2078,0,0,1320,758,1320,0.47556438739847606,0.0,0.3015775431460005,0.3015775431460005,4.104441101648089
23,pylint-dev__pylint-6528,1791040502.3556864,96.18041467666626,21313,20384,929,0,0,510,419,510,0.21355512464809526,0.0,0.11712728780208233,0.11712728780208233,4.462878201244482
21,django__django-11749,1791040574.1037755,219.8943419456482,15627,14112,1515,0,0,1035,480,1035,0.33896682388621313,0.0,0.23131647741828149,0.23131647741828149,3.0442685792826487
11,django__django-13112,1791040589.6962736,476.23706436157227,35449,34496,953,0,0,611,342,611,0.23288547517627228,0.0,0.14920340248962546,0.14920340248962546,7.802352920790085
23,pylint-dev__pylint-6528,1791040599.1594658,793.2920184135437,21756,20384,1372,0,0,929,443,929,0.3157022167360279,0.0,0.21355512464809526,0.21355512464809526,4.462878201244482
27,django__django-14787,1791040615.3020763,6.280713081359863,11113,9408,1705,0,0,1123,582,1123,0.3734129951117404,0.0,0.2456134856321041,0.2456134856321041,2.0068042215528203
27,django__django-14787,1791040621.9192584,28.310458183288574,11610,10976,634,0,0,137,497,137,0.1395244709057479,0.0,0.030114671939087942,0.030114671939087942,2.350102544725473
27,django__django-14787,1791040650.4423134,7.244284391403198,11972,10976,996,0,0,634,362,634,0.21937486860132718,0.0,0.1395244709057479,0.1395244709057479,2.350102544725473
27,django__django-14787,1791040657.8577034,8.119003534317017,12122,10976,1146,0,0,996,150,996,0.2525014574440534,0.0,0.21937486860132718,0.21937486860132718,2.350102544725473
27,django__django-14787,1791040667.013811,4.191730499267578,13059,10976,2083,0,0,1146,937,1146,0.45995483637620105,0.0,0.2525014574440534,0.2525014574440534,2.350102544725473
27,django__django-14787,1791040672.062548,130.25815343856812,13685,12544,1141,0,0,515,626,515,0.25323289300547397,0.0,0.11413338379959174,0.11413338379959174,2.6959239973020823
27,django__django-14787,1791040802.5342987,44.378936529159546,14581,12544,2037,0,0,1141,896,1141,0.4530271436307339,0.0,0.25323289300547397,0.25323289300547397,2.6959239973020823
27,django__django-14787,1791040847.0787385,7.751629114151001,15527,14112,1415,0,0,469,946,469,0.31652016988076026,0.0,0.10468256165016764,0.10468256165016764,3.0442685792826487
27,django__django-14787,1791040860.0668807,9.680492401123047,15782,14112,1670,0,0,1415,255,1415,0.37377941859120867,0.0,0.31652016988076026,0.31652016988076026,3.0442685792826487
27,django__django-14787,1791040870.4220726,4.076569318771362,16378,15680,698,0,0,102,596,102,0.15700141843234244,0.0,0.022911707206685564,0.022911707206685564,3.3951362906671716
27,django__django-14787,1791040874.6510353,18.035831212997437,16686,15680,1006,0,0,698,308,698,0.22643896993919674,0.0,0.15700141843234244,0.15700141843234244,3.3951362906671716
27,django__django-14787,1791040893.3603573,5.260025501251221,16964,15680,1284,0,0,1006,278,1006,0.2891967146304484,0.0,0.22643896993919674,0.22643896993919674,3.3951362906671716
27,django__django-14787,1791040898.762837,7.776827096939087,17282,15680,1602,0,0,1284,318,1284,0.3610816009088981,0.0,0.2891967146304484,0.2891967146304484,3.3951362906671716
11,django__django-13112,1791041066.090796,16.793756008148193,35965,34496,1469,0,0,953,516,953,0.3593698092663838,0.0,0.23288547517627228,0.23288547517627228,7.802352920790085
11,django__django-13112,1791041083.097165,599.4226450920105,36304,34496,1808,0,0,1469,339,1469,0.4426158000098399,0.0,0.3593698092663838,0.3593698092663838,7.802352920790085
