t_min,kv_gpu_pct,cpu_kv_fill_gb,vllm_pinned_gb,vllm_other_gb,vm_rss_gb,page_cache_gb,hbm_node_used_gb,running,waiting,n_vmm,other_used_gb
0.0,0.0,0.0,68.7,nan,0.0,nan,nan,0.0,0.0,0,nan
0.016673600673675536,0.0,0.0,68.7,nan,0.0,nan,nan,0.0,0.0,0,nan
0.033348981539408365,0.0,0.0,68.7,nan,0.234868736,nan,nan,0.0,0.0,1,nan
0.050021533171335855,0.0,0.0,68.7,nan,0.234868736,nan,nan,0.0,0.0,1,nan
0.06669458150863647,0.0,0.0,68.7,nan,0.234868736,nan,nan,0.0,0.0,1,nan
0.08336774905522665,0.0,0.0,68.7,nan,0.234868736,nan,nan,0.0,0.0,1,nan
0.10004077355066936,0.7194244604316502,0.0,68.7,nan,0.234868736,nan,nan,1.0,0.0,1,nan
0.11671384175618489,0.7194244604316502,0.0,68.7,nan,0.473792512,nan,nan,1.0,0.0,2,nan
0.13338569005330403,0.0,0.0,68.7,nan,0.509464576,nan,nan,0.0,0.0,2,nan
0.15006238222122192,0.8992805755395739,0.205324288,68.7,nan,0.517853184,nan,nan,1.0,0.0,2,nan
0.1667367378870646,0.8992805755395739,0.205324288,68.7,nan,0.517853184,nan,nan,1.0,0.0,2,nan
0.18341346979141235,1.7985611510791366,0.410648576,68.7,nan,0.517853184,nan,nan,2.0,0.0,2,nan
0.2000846028327942,1.7985611510791366,0.410648576,68.7,nan,0.758812672,nan,nan,2.0,0.0,3,nan
0.21676511764526368,0.8992805755395739,0.410648576,68.7,nan,0.779784192,nan,nan,1.0,0.0,3,nan
0.23343814214070638,1.7985611510791366,0.410648576,68.7,nan,0.800755712,nan,nan,2.0,0.0,3,nan
0.2501162846883138,1.7985611510791366,0.410648576,68.7,nan,0.800755712,nan,nan,2.0,0.0,3,nan
0.2667900323867798,2.6978417266187105,0.615972864,68.7,nan,0.800755712,nan,nan,3.0,0.0,3,nan
0.2834659973780314,2.877697841726623,0.821297152,68.7,nan,1.050136576,nan,nan,3.0,0.0,4,nan
0.30013810793558754,2.877697841726623,0.821297152,68.7,nan,1.050136576,nan,nan,3.0,0.0,4,nan
0.3168136159578959,1.9784172661870492,0.821297152,68.7,nan,1.096511488,nan,nan,2.0,0.0,4,nan
0.3334874669710795,2.877697841726623,0.821297152,68.7,nan,1.121677312,nan,nan,3.0,0.0,4,nan
0.35016920963923137,2.6978417266187105,1.02662144,68.7,nan,1.132163072,nan,nan,3.0,0.0,4,nan
0.3668482025464376,4.316546762589923,1.283325952,68.7,nan,1.366847488,nan,nan,4.0,0.0,5,nan
0.38352076609929403,1.9784172661870492,1.283325952,68.7,nan,1.366847488,nan,nan,2.0,0.0,5,nan
0.4001954674720764,4.496402877697847,1.283325952,68.7,nan,1.387823104,nan,nan,4.0,0.0,5,nan
0.4168679714202881,4.496402877697847,1.283325952,68.7,nan,1.387823104,nan,nan,3.0,0.0,5,nan
0.43354153633117676,5.39568345323741,1.48865024,68.7,nan,1.387823104,nan,nan,5.0,0.0,5,nan
0.4502139608065287,4.316546762589923,1.48865024,68.7,nan,1.712713728,nan,nan,4.0,0.0,6,nan
0.4668880462646484,5.39568345323741,1.48865024,68.7,nan,1.758851072,nan,nan,5.0,0.0,6,nan
0.48356182177861534,5.575539568345322,1.693974528,68.7,nan,1.758851072,nan,nan,5.0,0.0,6,nan
0.5002330223719279,4.67625899280576,1.693974528,68.7,nan,1.79052544,nan,nan,4.0,0.0,6,nan
0.5169065197308859,6.474820143884896,1.899298816,68.7,nan,1.79052544,nan,nan,6.0,0.0,6,nan
0.5335795124371846,6.474820143884896,1.899298816,68.7,nan,2.025209856,nan,nan,6.0,0.0,7,nan
0.5502519170443217,6.654676258992809,1.899298816,68.7,nan,2.025209856,nan,nan,6.0,0.0,7,nan
0.5669241627057393,5.755395683453235,1.899298816,68.7,nan,2.050596864,nan,nan,5.0,0.0,7,nan
0.5835964957873027,6.654676258992809,2.104623104,68.7,nan,2.069471232,nan,nan,6.0,0.0,7,nan
0.600268026192983,6.654676258992809,2.309947392,68.7,nan,2.079956992,nan,nan,6.0,0.0,7,nan
0.6169500271479289,6.654676258992809,2.309947392,68.7,nan,2.37985792,nan,nan,6.0,0.0,8,nan
0.6336302955945333,7.733812949640284,2.51527168,68.7,nan,2.37985792,nan,nan,7.0,0.0,8,nan
0.6503058354059855,8.09352517985612,2.771976192,68.7,nan,2.37985792,nan,nan,7.0,0.0,8,nan
0.666978943347931,8.09352517985612,2.771976192,68.7,nan,2.37985792,nan,nan,7.0,0.0,8,nan
0.6836519916852315,9.172661870503596,2.97730048,68.7,nan,2.37985792,nan,nan,8.0,0.0,8,nan
0.7003325541814168,8.453237410071946,2.97730048,68.7,nan,2.639867904,nan,nan,7.0,0.0,9,nan
0.717006798585256,9.352517985611508,2.97730048,68.7,nan,2.644066304,nan,nan,8.0,0.0,9,nan
0.7336814125378927,8.992805755395683,2.97730048,68.7,nan,2.68812288,nan,nan,7.0,0.0,9,nan
0.750354814529419,9.532374100719421,3.234004992,68.7,nan,2.694414336,nan,nan,8.0,0.0,9,nan
0.7670331954956054,11.151079136690644,3.234004992,68.7,nan,2.694414336,nan,nan,9.0,0.0,9,nan
0.7837132692337037,10.79136690647482,3.43932928,68.7,nan,2.929291264,nan,nan,9.0,0.0,10,nan
0.8003873825073242,10.79136690647482,3.43932928,68.7,nan,2.929291264,nan,nan,9.0,0.0,10,nan
0.8170684734980266,10.07194244604317,3.43932928,68.7,nan,2.939772928,nan,nan,8.0,0.0,10,nan
0.8337412595748901,10.971223021582732,3.644653568,68.7,nan,2.977554432,nan,nan,9.0,0.0,10,nan
0.8504145820935567,11.690647482014393,3.644653568,68.7,nan,2.977554432,nan,nan,10.0,0.0,10,nan
0.8670890728632609,10.79136690647482,3.644653568,68.7,nan,3.220631552,nan,nan,9.0,0.0,11,nan
0.883763329188029,11.870503597122307,3.849977856,68.7,nan,3.224829952,nan,nan,10.0,0.0,11,nan
0.9004372676213582,11.330935251798557,4.055302144,68.7,nan,3.235315712,nan,nan,9.0,0.0,11,nan
0.9171123584111531,12.230215827338132,4.055302144,68.7,nan,3.235315712,nan,nan,10.0,0.0,11,nan
0.9337859829266866,12.949640287769782,4.260626432,68.7,nan,3.235315712,nan,nan,11.0,0.0,11,nan
0.9504637757937113,12.230215827338132,4.46595072,68.7,nan,3.537195008,nan,nan,10.0,0.0,12,nan
0.9671342015266419,10.971223021582732,4.46595072,68.7,nan,3.583332352,nan,nan,9.0,0.0,12,nan
0.9838065902392069,13.48920863309353,4.876599296,68.7,nan,3.583332352,nan,nan,11.0,0.0,12,nan
1.0004790385564168,13.48920863309353,4.876599296,68.7,nan,3.583332352,nan,nan,11.0,0.0,12,nan
1.017152484258016,11.870503597122307,4.876599296,68.7,nan,3.60431616,nan,nan,10.0,0.0,12,nan
1.0338292439778647,12.769784172661868,5.081923584,68.7,nan,3.93783296,nan,nan,10.0,0.0,13,nan
1.050501855214437,11.51079136690647,5.081923584,68.7,nan,4.015427584,nan,nan,9.0,0.0,13,nan
1.067174255847931,14.92805755395683,5.49257216,68.7,nan,4.015427584,nan,nan,12.0,0.0,13,nan
1.0838477770487467,15.467625899280579,5.697896448,68.7,nan,4.015427584,nan,nan,12.0,0.0,13,nan
1.1005211432774862,15.467625899280579,5.697896448,68.7,nan,4.032208896,nan,nan,12.0,0.0,13,nan
1.1171969215075175,15.827338129496404,5.697896448,68.7,nan,4.325855232,nan,nan,12.0,0.0,14,nan
1.1338658253351848,15.467625899280579,5.903220736,68.7,nan,4.365697024,nan,nan,12.0,0.0,14,nan
1.1505390564600626,15.647482014388492,6.159925248,68.7,nan,4.367794176,nan,nan,12.0,0.0,14,nan
1.1672110994656881,15.827338129496404,6.365249536,68.7,nan,4.388765696,nan,nan,12.0,0.0,14,nan
1.1838848034540812,14.92805755395683,6.775898112,68.7,nan,4.399251456,nan,nan,12.0,0.0,14,nan
1.20056156317393,15.287769784172667,6.775898112,68.7,nan,4.671885312,nan,nan,12.0,0.0,15,nan
1.2172335028648376,16.90647482014388,6.9812224,68.7,nan,4.673982464,nan,nan,13.0,0.0,15,nan
1.2339056134223938,18.16546762589928,7.391870976,68.7,nan,4.673982464,nan,nan,14.0,0.0,15,nan
1.2505809466044109,16.007194244604317,7.391870976,68.7,nan,4.692856832,nan,nan,12.0,0.0,15,nan
1.2672542254130046,18.345323741007192,7.802519552,68.7,nan,4.751577088,nan,nan,14.0,0.0,15,nan
1.2839322129885355,17.266187050359715,7.802519552,68.7,nan,5.011611648,nan,nan,13.0,0.0,16,nan
1.3006048639615377,19.60431654676259,8.213168128,68.7,nan,5.022097408,nan,nan,15.0,0.0,16,nan
1.317279843489329,17.625899280575542,8.213168128,68.7,nan,5.022097408,nan,nan,14.0,0.0,16,nan
1.3339521050453187,18.705035971223015,8.213168128,68.7,nan,5.045170176,nan,nan,14.0,0.0,16,nan
1.3506312767664592,20.503597122302153,8.418492416,68.7,nan,5.047267328,nan,nan,16.0,0.0,16,nan
1.367303192615509,20.143884892086326,8.418492416,68.7,nan,5.078728704,nan,nan,15.0,0.0,16,nan
1.3839786609013875,20.683453237410077,8.418492416,68.7,nan,5.080825856,nan,nan,16.0,0.0,16,nan
1.4006497343381246,19.424460431654676,8.418492416,68.7,nan,5.108105216,nan,nan,15.0,0.0,16,nan
1.4173246184984842,21.0431654676259,8.418492416,68.7,nan,5.124882432,nan,nan,15.0,0.0,16,nan
1.4339991450309753,21.58273381294964,8.93190144,68.7,nan,5.124882432,nan,nan,16.0,0.0,16,nan
1.450674057006836,20.32374100719424,8.93190144,68.7,nan,5.124882432,nan,nan,15.0,0.0,16,nan
1.467348043123881,21.58273381294964,8.93190144,68.7,nan,5.145853952,nan,nan,16.0,0.0,16,nan
1.4840218067169189,20.683453237410077,8.93190144,68.7,nan,5.145853952,nan,nan,15.0,0.0,16,nan
1.5006951491038005,22.122302158273378,9.137225728,68.7,nan,5.145853952,nan,nan,16.0,0.0,16,nan
1.5173672715822855,22.122302158273378,9.137225728,68.7,nan,5.145853952,nan,nan,16.0,0.0,16,nan
1.5340397278467814,23.201438848920862,9.137225728,68.7,nan,5.152145408,nan,nan,16.0,0.0,16,nan
1.5507133722305297,22.302158273381288,9.342550016,68.7,nan,5.152145408,nan,nan,16.0,0.0,16,nan
1.5673850417137145,22.482014388489212,9.342550016,68.7,nan,5.152145408,nan,nan,16.0,0.0,16,nan
1.5840662002563477,22.661870503597125,9.342550016,68.7,nan,5.152145408,nan,nan,16.0,0.0,16,nan
1.6007387042045593,21.58273381294964,9.342550016,68.7,nan,5.152145408,nan,nan,15.0,0.0,16,nan
1.6174115300178529,22.84172661870504,9.342550016,68.7,nan,5.152145408,nan,nan,16.0,0.0,16,nan
1.6340859373410543,21.223021582733814,9.547874304,68.7,nan,5.152145408,nan,nan,15.0,0.0,16,nan
1.6507622758547464,22.84172661870504,9.547874304,68.7,nan,5.152145408,nan,nan,16.0,0.0,16,nan
1.6674376289049784,21.402877697841728,9.547874304,68.7,nan,5.152145408,nan,nan,15.0,0.0,16,nan
1.684113069375356,21.223021582733814,9.547874304,68.7,nan,5.152145408,nan,nan,15.0,0.0,16,nan
1.7007853825887045,22.661870503597125,9.547874304,68.7,nan,5.152145408,nan,nan,16.0,0.0,16,nan
1.7174624919891357,21.402877697841728,9.753198592,68.7,nan,5.152145408,nan,nan,15.0,0.0,16,nan
1.7341349085172018,21.58273381294964,9.95852288,68.7,nan,5.152145408,nan,nan,15.0,0.0,16,nan
1.7508081158002218,22.661870503597125,10.163847168,68.7,nan,5.177311232,nan,nan,16.0,0.0,16,nan
1.7674805323282878,22.661870503597125,10.163847168,68.7,nan,5.177311232,nan,nan,15.0,0.0,16,nan
1.784152901172638,23.201438848920862,10.369171456,68.7,nan,5.177311232,nan,nan,16.0,0.0,16,nan
1.8008289297421773,21.76258992805755,10.369171456,68.7,nan,5.187821568,nan,nan,15.0,0.0,16,nan
1.8175028959910076,21.76258992805755,10.574495744,68.7,nan,5.187821568,nan,nan,15.0,0.0,16,nan
1.834182604153951,23.381294964028775,10.779820032,68.7,nan,5.187821568,nan,nan,16.0,0.0,16,nan
1.850855278968811,23.021582733812952,10.98514432,68.7,nan,5.187821568,nan,nan,16.0,0.0,16,nan
1.8675284306208293,23.021582733812952,10.98514432,68.7,nan,5.187821568,nan,nan,16.0,0.0,16,nan
1.8842010617256164,22.122302158273378,11.190468608,68.7,nan,5.248811008,nan,nan,15.0,0.0,16,nan
1.900873307387034,22.122302158273378,11.190468608,68.7,nan,5.255102464,nan,nan,15.0,0.0,16,nan
1.9175456086794536,20.32374100719424,11.190468608,68.7,nan,5.255102464,nan,nan,14.0,0.0,16,nan
1.9342180728912353,22.302158273381288,11.190468608,68.7,nan,5.255102464,nan,nan,15.0,0.0,16,nan
1.950890831152598,22.302158273381288,11.190468608,68.7,nan,5.255102464,nan,nan,15.0,0.0,16,nan
1.96756405433019,20.683453237410077,11.190468608,68.7,nan,5.255102464,nan,nan,14.0,0.0,16,nan
1.984236240386963,20.863309352517987,11.190468608,68.7,nan,5.255102464,nan,nan,14.0,0.0,16,nan
2.0009108742078143,22.302158273381288,11.190468608,68.7,nan,5.255102464,nan,nan,15.0,0.0,16,nan
2.0175833225250246,23.56115107913669,11.395792896,68.7,nan,5.255102464,nan,nan,16.0,0.0,16,nan
2.0342558145523073,22.482014388489212,11.395792896,68.7,nan,5.255102464,nan,nan,15.0,0.0,16,nan
2.0509281198183698,25.359712230215827,11.395792896,68.7,nan,5.257199616,nan,nan,15.0,0.0,16,nan
2.0676014900207518,22.661870503597125,11.601117184,68.7,nan,5.263491072,nan,nan,14.0,0.0,16,nan
2.084278615315755,24.820143884892087,11.806441472,68.7,nan,5.288656896,nan,nan,16.0,0.0,16,nan
2.100951874256134,24.460431654676263,12.01176576,68.7,nan,5.288656896,nan,nan,16.0,0.0,16,nan
2.117624096075694,25.0,12.01176576,68.7,nan,5.288656896,nan,nan,16.0,0.0,16,nan
2.1342966318130494,21.76258992805755,12.217090048,68.7,nan,5.288656896,nan,nan,14.0,0.0,16,nan
2.1509674231211346,23.381294964028775,12.217090048,68.7,nan,5.315928064,nan,nan,15.0,0.0,16,nan
2.1676472942034404,25.0,12.217090048,68.7,nan,5.34319104,nan,nan,16.0,0.0,16,nan
2.184319214026133,25.0,12.217090048,68.7,nan,5.34319104,nan,nan,16.0,0.0,16,nan
2.2009903232256574,23.381294964028775,12.217090048,68.7,nan,5.38513408,nan,nan,15.0,0.0,16,nan
2.2176627039909365,25.899280575539574,12.217090048,68.7,nan,5.4061056,nan,nan,16.0,0.0,16,nan
2.2343374649683634,23.021582733812952,12.422414336,68.7,nan,5.4061056,nan,nan,14.0,0.0,16,nan
2.251012710730235,24.100719424460426,12.627738624,68.7,nan,5.4061056,nan,nan,15.0,0.0,16,nan
2.2676872491836546,23.920863309352512,12.833062912,68.7,nan,5.4061056,nan,nan,15.0,0.0,16,nan
2.284362741311391,25.539568345323737,13.0383872,68.7,nan,5.4061056,nan,nan,16.0,0.0,16,nan
2.3010399103164674,24.100719424460426,13.0383872,68.7,nan,5.42707712,nan,nan,15.0,0.0,16,nan
2.3177130699157713,23.56115107913669,13.243711488,68.7,nan,5.445951488,nan,nan,15.0,0.0,16,nan
2.334384000301361,24.100719424460426,13.243711488,68.7,nan,5.445951488,nan,nan,15.0,0.0,16,nan
2.3510576168696087,24.460431654676263,13.243711488,68.7,nan,5.445951488,nan,nan,15.0,0.0,16,nan
2.3677317539850873,24.460431654676263,13.243711488,68.7,nan,5.445951488,nan,nan,15.0,0.0,16,nan
2.3844046592712402,23.741007194244602,13.449035776,68.7,nan,5.445951488,nan,nan,15.0,0.0,16,nan
2.4010794281959535,26.079136690647488,13.449035776,68.7,nan,5.445951488,nan,nan,16.0,0.0,16,nan
2.4177521387736003,26.079136690647488,13.449035776,68.7,nan,5.445951488,nan,nan,16.0,0.0,16,nan
2.4344374100367228,24.28057553956835,13.449035776,68.7,nan,5.445951488,nan,nan,15.0,0.0,16,nan
2.4511122425397236,24.460431654676263,13.449035776,68.7,nan,5.445951488,nan,nan,15.0,0.0,16,nan
2.4677854180336,26.079136690647488,13.449035776,68.7,nan,5.445951488,nan,nan,16.0,0.0,16,nan
2.4844619313875835,25.0,13.449035776,68.7,nan,5.44804864,nan,nan,15.0,0.0,16,nan
2.501134955883026,26.079136690647488,13.449035776,68.7,nan,5.44804864,nan,nan,16.0,0.0,16,nan
2.51780724922816,26.43884892086331,13.654360064,68.7,nan,5.44804864,nan,nan,16.0,0.0,16,nan
2.5344799876213076,26.798561151079138,13.654360064,68.7,nan,5.44804864,nan,nan,16.0,0.0,16,nan
2.5511521816253664,26.798561151079138,13.859684352,68.7,nan,5.44804864,nan,nan,16.0,0.0,16,nan
2.5678247570991517,25.359712230215827,13.859684352,68.7,nan,5.44804864,nan,nan,15.0,0.0,16,nan
2.584497129917145,25.359712230215827,13.859684352,68.7,nan,5.460631552,nan,nan,15.0,0.0,16,nan
2.601169526576996,26.978417266187048,13.859684352,68.7,nan,5.460631552,nan,nan,16.0,0.0,16,nan
2.617845129966736,25.359712230215827,13.859684352,68.7,nan,5.460631552,nan,nan,15.0,0.0,16,nan
2.6345180829366046,27.15827338129496,14.06500864,68.7,nan,5.460631552,nan,nan,16.0,0.0,16,nan
2.651190634568532,25.539568345323737,14.06500864,68.7,nan,5.460631552,nan,nan,15.0,0.0,16,nan
2.667863976955414,25.71942446043165,14.06500864,68.7,nan,5.460631552,nan,nan,15.0,0.0,16,nan
2.6845361669858296,23.741007194244602,14.06500864,68.7,nan,5.55290624,nan,nan,14.0,0.0,16,nan
2.7012081344922385,23.741007194244602,14.06500864,68.7,nan,5.559197696,nan,nan,14.0,0.0,16,nan
2.717880853017171,23.920863309352512,14.06500864,68.7,nan,5.571780608,nan,nan,14.0,0.0,16,nan
2.7345542430877687,24.100719424460426,14.06500864,68.7,nan,5.624209408,nan,nan,14.0,0.0,16,nan
2.751228137811025,24.100719424460426,14.06500864,68.7,nan,5.659860992,nan,nan,14.0,0.0,16,nan
2.767899278799693,24.100719424460426,14.06500864,68.7,nan,5.691318272,nan,nan,14.0,0.0,16,nan
2.7845720132191976,24.100719424460426,14.06500864,68.7,nan,5.7206784,nan,nan,14.0,0.0,16,nan
2.801244588692983,24.460431654676263,14.06500864,68.7,nan,5.7206784,nan,nan,14.0,0.0,16,nan
2.8179171204566957,24.460431654676263,14.06500864,68.7,nan,5.7206784,nan,nan,14.0,0.0,16,nan
2.8345904032389324,22.482014388489212,14.06500864,68.7,nan,5.7248768,nan,nan,13.0,0.0,16,nan
2.851262040932973,26.43884892086331,14.475657216,68.7,nan,5.7248768,nan,nan,15.0,0.0,16,nan
2.8679348111152647,26.43884892086331,14.475657216,68.7,nan,5.7248768,nan,nan,15.0,0.0,16,nan
2.8846073150634766,26.978417266187048,14.475657216,68.7,nan,5.7248768,nan,nan,15.0,0.0,16,nan
2.901279636224111,26.258992805755398,14.475657216,68.7,nan,5.7248768,nan,nan,15.0,0.0,16,nan
2.9179523984591165,26.079136690647488,14.680981504,68.7,nan,5.729071104,nan,nan,15.0,0.0,16,nan
2.9346277991930645,26.258992805755398,14.680981504,68.7,nan,5.359730688,nan,nan,15.0,0.0,16,nan
2.951301081975301,25.359712230215827,14.886305792,68.7,nan,5.359730688,nan,nan,15.0,0.0,16,nan
2.9679736455281573,25.539568345323737,14.886305792,68.7,nan,5.384896512,nan,nan,15.0,0.0,16,nan
2.9846458037694297,25.539568345323737,14.886305792,68.7,nan,5.386993664,nan,nan,15.0,0.0,16,nan
3.0013177037239074,26.258992805755398,14.886305792,68.7,nan,5.386993664,nan,nan,15.0,0.0,16,nan
3.0179906368255613,25.71942446043165,14.886305792,68.7,nan,5.408002048,nan,nan,15.0,0.0,16,nan
3.034664344787598,25.899280575539574,14.886305792,68.7,nan,5.408002048,nan,nan,15.0,0.0,16,nan
3.0513349453608196,24.100719424460426,14.886305792,68.7,nan,5.439463424,nan,nan,14.0,0.0,16,nan
3.068007536729177,25.539568345323737,15.09163008,68.7,nan,5.439463424,nan,nan,15.0,0.0,16,nan
3.0846798181533814,23.381294964028775,15.296954368,68.7,nan,5.458337792,nan,nan,13.0,0.0,16,nan
3.1013521711031595,26.258992805755398,15.502278656,68.7,nan,5.491900416,nan,nan,15.0,0.0,16,nan
3.1180246750513714,26.079136690647488,15.707602944,68.7,nan,5.491900416,nan,nan,15.0,0.0,16,nan
3.134698228041331,22.661870503597125,15.707602944,68.7,nan,5.523357696,nan,nan,13.0,0.0,16,nan
3.1513714671134947,22.661870503597125,15.707602944,68.7,nan,5.544329216,nan,nan,13.0,0.0,16,nan
3.1680446823438007,26.258992805755398,16.11825152,68.7,nan,5.546426368,nan,nan,15.0,0.0,16,nan
3.184717086950938,25.179856115107913,16.11825152,68.7,nan,5.619830784,nan,nan,14.0,0.0,16,nan
3.201389960447947,25.0,16.11825152,68.7,nan,5.684842496,nan,nan,14.0,0.0,16,nan
3.218064045906067,28.057553956834536,16.11825152,68.7,nan,5.695328256,nan,nan,16.0,0.0,16,nan
3.2347370823224386,26.43884892086331,16.11825152,68.7,nan,5.705814016,nan,nan,15.0,0.0,16,nan
3.251416043440501,28.057553956834536,16.323575808,68.7,nan,5.705814016,nan,nan,16.0,0.0,16,nan
3.268088670571645,28.23741007194245,16.528900096,68.7,nan,5.705814016,nan,nan,16.0,0.0,16,nan
3.2847618063290915,28.776978417266186,16.734224384,68.7,nan,5.722759168,nan,nan,16.0,0.0,16,nan
3.3014340440432233,26.978417266187048,16.734224384,68.7,nan,5.722759168,nan,nan,15.0,0.0,16,nan
3.3181063175201415,28.41726618705036,16.939548672,68.7,nan,5.731147776,nan,nan,16.0,0.0,16,nan
3.3347791194915772,26.258992805755398,16.939548672,68.7,nan,5.731147776,nan,nan,15.0,0.0,16,nan
3.3514516592025756,29.136690647482013,16.939548672,68.7,nan,5.733244928,nan,nan,16.0,0.0,16,nan
3.3681236863136292,26.258992805755398,16.939548672,68.7,nan,5.733244928,nan,nan,15.0,0.0,16,nan
3.384795931975047,26.079136690647488,17.14487296,68.7,nan,5.733244928,nan,nan,15.0,0.0,16,nan
3.401467967033386,28.776978417266186,17.14487296,68.7,nan,5.733244928,nan,nan,16.0,0.0,16,nan
3.418140971660614,28.9568345323741,17.350197248,68.7,nan,5.733244928,nan,nan,15.0,0.0,16,nan
3.4348132371902467,28.9568345323741,17.350197248,68.7,nan,5.733244928,nan,nan,16.0,0.0,16,nan
3.4514853874842326,27.15827338129496,17.350197248,68.7,nan,5.741658112,nan,nan,15.0,0.0,16,nan
3.468164579073588,28.41726618705036,17.350197248,68.7,nan,5.75215616,nan,nan,15.0,0.0,16,nan
3.4848368167877197,28.597122302158272,17.555521536,68.7,nan,5.75215616,nan,nan,16.0,0.0,16,nan
3.5015145500500995,26.798561151079138,17.555521536,68.7,nan,5.75215616,nan,nan,15.0,0.0,16,nan
3.518189056714376,28.597122302158272,17.555521536,68.7,nan,5.75215616,nan,nan,16.0,0.0,16,nan
3.534863988558451,28.597122302158272,17.555521536,68.7,nan,5.75215616,nan,nan,16.0,0.0,16,nan
3.551537088553111,27.338129496402875,17.555521536,68.7,nan,5.75215616,nan,nan,15.0,0.0,16,nan
3.5682149012883504,27.338129496402875,17.555521536,68.7,nan,5.78361344,nan,nan,15.0,0.0,16,nan
3.5848886291186015,28.776978417266186,17.555521536,68.7,nan,5.798293504,nan,nan,15.0,0.0,16,nan
3.6015615344047545,26.798561151079138,17.555521536,68.7,nan,5.798293504,nan,nan,15.0,0.0,16,nan
3.6182319045066835,28.41726618705036,17.555521536,68.7,nan,5.798293504,nan,nan,16.0,0.0,16,nan
3.634902993837992,28.057553956834536,17.555521536,68.7,nan,5.798293504,nan,nan,16.0,0.0,16,nan
3.6515803575515746,26.43884892086331,17.555521536,68.7,nan,5.798293504,nan,nan,15.0,0.0,16,nan
3.6682544310887653,26.978417266187048,17.555521536,68.7,nan,5.798293504,nan,nan,15.0,0.0,16,nan
3.684931290149689,27.15827338129496,17.760845824,68.7,nan,5.808779264,nan,nan,15.0,0.0,16,nan
3.7016069610913593,28.41726618705036,17.760845824,68.7,nan,5.808779264,nan,nan,16.0,0.0,16,nan
3.7182814200719196,28.776978417266186,17.760845824,68.7,nan,5.808779264,nan,nan,16.0,0.0,16,nan
3.7349558154741924,28.776978417266186,17.760845824,68.7,nan,5.808779264,nan,nan,16.0,0.0,16,nan
3.7516313433647155,28.9568345323741,17.760845824,68.7,nan,5.808779264,nan,nan,16.0,0.0,16,nan
3.7683053731918337,26.978417266187048,17.760845824,68.7,nan,5.808779264,nan,nan,15.0,0.0,16,nan
3.7849807858467104,25.359712230215827,17.760845824,68.7,nan,5.808779264,nan,nan,14.0,0.0,16,nan
3.8016622066497803,27.15827338129496,17.966170112,68.7,nan,5.808779264,nan,nan,15.0,0.0,16,nan
3.8183354218800862,25.71942446043165,17.966170112,68.7,nan,5.810876416,nan,nan,14.0,0.0,16,nan
3.8350152214368185,25.539568345323737,17.966170112,68.7,nan,5.613551616,nan,nan,14.0,0.0,16,nan
3.851689871152242,28.41726618705036,18.376818688,68.7,nan,5.626138624,nan,nan,16.0,0.0,16,nan
3.8683669487635295,28.776978417266186,18.376818688,68.7,nan,5.626138624,nan,nan,16.0,0.0,16,nan
3.885041232903798,28.9568345323741,18.376818688,68.7,nan,5.626138624,nan,nan,16.0,0.0,16,nan
3.9017125566800437,25.179856115107913,18.376818688,68.7,nan,5.657792512,nan,nan,13.0,0.0,16,nan
3.9183854182561237,28.9568345323741,18.582142976,68.7,nan,5.697675264,nan,nan,16.0,0.0,16,nan
3.9350561698277793,28.9568345323741,18.582142976,68.7,nan,5.697675264,nan,nan,16.0,0.0,16,nan
3.951728626092275,28.9568345323741,18.582142976,68.7,nan,5.697675264,nan,nan,16.0,0.0,16,nan
3.9684011340141296,28.9568345323741,18.582142976,68.7,nan,5.697675264,nan,nan,16.0,0.0,16,nan
3.98507905403773,27.517985611510788,18.582142976,68.7,nan,5.697675264,nan,nan,15.0,0.0,16,nan
4.001753719647725,28.057553956834536,18.787467264,68.7,nan,5.697675264,nan,nan,15.0,0.0,16,nan
4.018432633082072,27.517985611510788,18.992791552,68.7,nan,5.697675264,nan,nan,15.0,0.0,16,nan
4.035105848312378,27.338129496402875,18.992791552,68.7,nan,5.697675264,nan,nan,15.0,0.0,16,nan
4.0517791390419005,28.597122302158272,18.992791552,68.7,nan,5.697675264,nan,nan,16.0,0.0,16,nan
4.068453935782115,25.0,18.992791552,68.7,nan,5.697675264,nan,nan,14.0,0.0,16,nan
4.085123376051585,28.597122302158272,19.19811584,68.7,nan,5.697675264,nan,nan,16.0,0.0,16,nan
4.10179705619812,26.978417266187048,19.19811584,68.7,nan,5.697675264,nan,nan,15.0,0.0,16,nan
4.118471268812815,27.15827338129496,19.19811584,68.7,nan,5.699772416,nan,nan,14.0,0.0,16,nan
4.135147305329641,28.9568345323741,19.403440128,68.7,nan,5.708161024,nan,nan,16.0,0.0,16,nan
4.15181991259257,29.136690647482013,19.403440128,68.7,nan,5.708161024,nan,nan,16.0,0.0,16,nan
4.1684895594914755,27.697841726618712,19.403440128,68.7,nan,5.708161024,nan,nan,15.0,0.0,16,nan
4.185159420967102,29.136690647482013,19.403440128,68.7,nan,5.710258176,nan,nan,16.0,0.0,16,nan
4.201840647061666,29.67625899280576,19.403440128,68.7,nan,5.710258176,nan,nan,16.0,0.0,16,nan
4.218517561753591,29.67625899280576,19.403440128,68.7,nan,5.710258176,nan,nan,16.0,0.0,16,nan
4.235195982456207,29.856115107913674,19.608764416,68.7,nan,5.710258176,nan,nan,16.0,0.0,16,nan
4.2518702983856205,28.41726618705036,19.608764416,68.7,nan,5.710258176,nan,nan,15.0,0.0,16,nan
4.268543994426727,29.856115107913674,19.608764416,68.7,nan,5.710258176,nan,nan,16.0,0.0,16,nan
4.28522082567215,29.856115107913674,19.608764416,68.7,nan,5.710258176,nan,nan,15.0,0.0,16,nan
4.301893901824951,27.517985611510788,19.608764416,68.7,nan,5.710258176,nan,nan,15.0,0.0,16,nan
4.318565054734548,29.856115107913674,19.608764416,68.7,nan,5.710258176,nan,nan,16.0,0.0,16,nan
4.335239275296529,30.575539568345324,19.608764416,68.7,nan,5.710258176,nan,nan,16.0,0.0,16,nan
4.3519132256507875,30.035971223021583,19.814088704,68.7,nan,5.710258176,nan,nan,16.0,0.0,16,nan
4.368587374687195,30.035971223021583,19.814088704,68.7,nan,5.710258176,nan,nan,16.0,0.0,16,nan
4.385264134407043,30.035971223021583,19.814088704,68.7,nan,5.710258176,nan,nan,16.0,0.0,16,nan
4.401937711238861,30.215827338129497,19.814088704,68.7,nan,5.710258176,nan,nan,15.0,0.0,16,nan
4.418612392743428,30.755395683453234,20.019412992,68.7,nan,5.710258176,nan,nan,16.0,0.0,16,nan
4.435284221172333,30.215827338129497,20.019412992,68.7,nan,5.710258176,nan,nan,16.0,0.0,16,nan
4.451955870787303,28.776978417266186,20.019412992,68.7,nan,5.710258176,nan,nan,15.0,0.0,16,nan
4.468631211916605,28.23741007194245,20.019412992,68.7,nan,5.710258176,nan,nan,15.0,0.0,16,nan
4.485306437810262,30.39568345323741,20.276117504,68.7,nan,5.710258176,nan,nan,16.0,0.0,16,nan
4.501981286207835,27.697841726618712,20.276117504,68.7,nan,5.710258176,nan,nan,15.0,0.0,16,nan
4.518658077716827,30.39568345323741,20.68676608,68.7,nan,5.712355328,nan,nan,16.0,0.0,16,nan
4.535331547260284,30.39568345323741,20.68676608,68.7,nan,5.712355328,nan,nan,16.0,0.0,16,nan
4.552005914847056,28.41726618705036,20.68676608,68.7,nan,5.712355328,nan,nan,15.0,0.0,16,nan
4.568681414922079,30.755395683453234,20.892090368,68.7,nan,5.712355328,nan,nan,16.0,0.0,16,nan
4.585355798403422,30.935251798561147,20.892090368,68.7,nan,5.712355328,nan,nan,16.0,0.0,16,nan
4.602031822999319,28.9568345323741,20.892090368,68.7,nan,5.712355328,nan,nan,15.0,0.0,16,nan
4.6187060912450155,31.474820143884898,21.097414656,68.7,nan,5.712355328,nan,nan,16.0,0.0,16,nan
4.635383001963297,31.83453237410072,21.097414656,68.7,nan,5.712355328,nan,nan,16.0,0.0,16,nan
4.652052485942841,31.654676258992808,21.302738944,68.7,nan,5.712355328,nan,nan,16.0,0.0,16,nan
4.668731387456258,31.654676258992808,21.302738944,68.7,nan,5.712355328,nan,nan,15.0,0.0,16,nan
4.685402357578278,31.474820143884898,21.302738944,68.7,nan,5.718646784,nan,nan,16.0,0.0,16,nan
4.702078433831533,29.316546762589923,21.302738944,68.7,nan,5.718646784,nan,nan,15.0,0.0,16,nan
4.718750671545664,31.654676258992808,21.302738944,68.7,nan,5.718646784,nan,nan,16.0,0.0,16,nan
4.735423394044241,31.654676258992808,21.302738944,68.7,nan,5.718646784,nan,nan,16.0,0.0,16,nan
4.752094960212707,31.654676258992808,21.302738944,68.7,nan,5.718646784,nan,nan,16.0,0.0,16,nan
4.768769574165344,31.654676258992808,21.302738944,68.7,nan,5.718646784,nan,nan,16.0,0.0,16,nan
4.785445698102316,31.654676258992808,21.302738944,68.7,nan,5.718646784,nan,nan,16.0,0.0,16,nan
4.802115976810455,31.654676258992808,21.302738944,68.7,nan,5.718646784,nan,nan,16.0,0.0,16,nan
4.818789239724477,31.654676258992808,21.302738944,68.7,nan,5.718646784,nan,nan,16.0,0.0,16,nan
4.835463925202688,31.654676258992808,21.302738944,68.7,nan,5.718646784,nan,nan,16.0,0.0,16,nan
4.852138737837474,31.83453237410072,21.302738944,68.7,nan,5.718646784,nan,nan,16.0,0.0,16,nan
4.8688142657279965,31.83453237410072,21.302738944,68.7,nan,5.718646784,nan,nan,16.0,0.0,16,nan
4.885487322012583,31.83453237410072,21.302738944,68.7,nan,5.718646784,nan,nan,16.0,0.0,16,nan
4.902162877718608,31.83453237410072,21.302738944,68.7,nan,5.718646784,nan,nan,16.0,0.0,16,nan
4.918833581606547,32.014388489208635,21.508063232,68.7,nan,5.722996736,nan,nan,16.0,0.0,16,nan
4.935504984855652,32.014388489208635,21.508063232,68.7,nan,5.722996736,nan,nan,16.0,0.0,16,nan
4.952179626623789,32.014388489208635,21.71338752,68.7,nan,5.722996736,nan,nan,16.0,0.0,16,nan
4.96885259548823,32.014388489208635,21.71338752,68.7,nan,5.722996736,nan,nan,16.0,0.0,16,nan
4.985522023836771,32.014388489208635,21.71338752,68.7,nan,5.722996736,nan,nan,16.0,0.0,16,nan
5.0021936893463135,32.014388489208635,21.71338752,68.7,nan,5.722996736,nan,nan,16.0,0.0,16,nan
5.01886651913325,32.014388489208635,21.71338752,68.7,nan,5.722996736,nan,nan,16.0,0.0,16,nan
5.035536940892538,30.39568345323741,21.71338752,68.7,nan,5.722996736,nan,nan,15.0,0.0,16,nan
5.052216474215189,32.014388489208635,21.71338752,68.7,nan,5.722996736,nan,nan,16.0,0.0,16,nan
5.068889415264129,32.37410071942446,21.71338752,68.7,nan,5.722996736,nan,nan,16.0,0.0,16,nan
5.085562415917715,32.37410071942446,21.71338752,68.7,nan,5.722996736,nan,nan,16.0,0.0,16,nan
5.102235150337219,32.37410071942446,21.71338752,68.7,nan,5.722996736,nan,nan,16.0,0.0,16,nan
5.118908111254374,32.55395683453237,21.71338752,68.7,nan,5.722996736,nan,nan,16.0,0.0,16,nan
5.135580046971639,31.11510791366906,21.71338752,68.7,nan,5.722996736,nan,nan,15.0,0.0,16,nan
5.15225442647934,31.11510791366906,21.71338752,68.7,nan,5.722996736,nan,nan,15.0,0.0,16,nan
5.16892606417338,31.474820143884898,21.71338752,68.7,nan,5.722996736,nan,nan,15.0,0.0,16,nan
5.185598798592886,31.474820143884898,21.71338752,68.7,nan,5.722996736,nan,nan,15.0,0.0,16,nan
5.202271795272827,32.73381294964028,21.71338752,68.7,nan,5.722996736,nan,nan,16.0,0.0,16,nan
5.218944728374481,32.73381294964028,21.71338752,68.7,nan,5.722996736,nan,nan,16.0,0.0,16,nan
5.235613528887431,31.294964028776985,21.71338752,68.7,nan,5.722996736,nan,nan,15.0,0.0,16,nan
5.252286183834076,31.474820143884898,21.970092032,68.7,nan,5.722996736,nan,nan,15.0,0.0,16,nan
5.268964187304179,28.597122302158272,21.970092032,68.7,nan,5.722996736,nan,nan,14.0,0.0,16,nan
5.28563844760259,33.09352517985612,22.380740608,68.7,nan,5.722996736,nan,nan,16.0,0.0,16,nan
5.302310756842295,33.63309352517986,22.586064896,68.7,nan,5.722996736,nan,nan,16.0,0.0,16,nan
5.318983173370361,33.81294964028777,22.586064896,68.7,nan,5.722996736,nan,nan,16.0,0.0,16,nan
5.335655538241069,32.014388489208635,22.586064896,68.7,nan,5.722996736,nan,nan,15.0,0.0,16,nan
5.352328010400137,33.992805755395686,22.791389184,68.7,nan,5.722996736,nan,nan,16.0,0.0,16,nan
5.368999926249186,33.992805755395686,22.791389184,68.7,nan,5.722996736,nan,nan,16.0,0.0,16,nan
5.385678573449453,33.992805755395686,22.791389184,68.7,nan,5.722996736,nan,nan,16.0,0.0,16,nan
5.402351550261179,33.992805755395686,22.791389184,68.7,nan,5.722996736,nan,nan,16.0,0.0,16,nan
5.419024360179901,34.172661870503596,22.791389184,68.7,nan,5.722996736,nan,nan,16.0,0.0,16,nan
5.435695648193359,28.41726618705036,22.791389184,68.7,nan,5.722996736,nan,nan,13.0,0.0,16,nan
5.452367945512136,31.654676258992808,22.791389184,68.7,nan,5.729288192,nan,nan,15.0,0.0,16,nan
5.469046672185262,32.37410071942446,22.791389184,68.7,nan,5.729288192,nan,nan,15.0,0.0,16,nan
5.485719029108683,31.83453237410072,22.791389184,68.7,nan,5.729288192,nan,nan,15.0,0.0,16,nan
5.502388469378153,32.194244604316545,22.996713472,68.7,nan,5.729288192,nan,nan,15.0,0.0,16,nan
5.519061851501465,29.316546762589923,22.996713472,68.7,nan,5.729288192,nan,nan,14.0,0.0,16,nan
5.535733350118002,31.83453237410072,22.996713472,68.7,nan,5.729288192,nan,nan,15.0,0.0,16,nan
5.552406708399455,30.035971223021583,22.996713472,68.7,nan,5.729288192,nan,nan,14.0,0.0,16,nan
5.56907909711202,32.014388489208635,22.996713472,68.7,nan,5.729288192,nan,nan,15.0,0.0,16,nan
5.585752944151561,30.215827338129497,22.996713472,68.7,nan,5.729288192,nan,nan,14.0,0.0,16,nan
5.602432163556417,32.194244604316545,23.20203776,68.7,nan,5.729288192,nan,nan,15.0,0.0,16,nan
5.619101432959239,33.992805755395686,23.20203776,68.7,nan,5.729288192,nan,nan,16.0,0.0,16,nan
5.635771091779073,34.71223021582733,23.20203776,68.7,nan,5.729288192,nan,nan,16.0,0.0,16,nan
5.65244292418162,34.53237410071942,23.20203776,68.7,nan,5.729288192,nan,nan,16.0,0.0,16,nan
5.669115102291107,35.07194244604317,23.20203776,68.7,nan,5.729288192,nan,nan,16.0,0.0,16,nan
5.685790065924326,34.53237410071942,23.20203776,68.7,nan,5.729288192,nan,nan,16.0,0.0,16,nan
5.702462895711263,32.37410071942446,23.20203776,68.7,nan,5.729288192,nan,nan,15.0,0.0,16,nan
5.719134577115377,34.172661870503596,23.20203776,68.7,nan,5.729288192,nan,nan,16.0,0.0,16,nan
5.735805137952169,32.55395683453237,23.20203776,68.7,nan,5.729288192,nan,nan,15.0,0.0,16,nan
5.752478778362274,31.83453237410072,23.407362048,68.7,nan,5.729288192,nan,nan,15.0,0.0,16,nan
5.7691545208295185,31.83453237410072,23.407362048,68.7,nan,5.783810048,nan,nan,15.0,0.0,16,nan
5.785833430290222,31.83453237410072,23.407362048,68.7,nan,5.800587264,nan,nan,15.0,0.0,16,nan
5.8025062123934426,34.352517985611506,23.407362048,68.7,nan,5.802684416,nan,nan,16.0,0.0,16,nan
5.819180858135224,34.352517985611506,23.407362048,68.7,nan,5.802684416,nan,nan,16.0,0.0,16,nan
5.835853147506714,34.352517985611506,23.407362048,68.7,nan,5.802684416,nan,nan,16.0,0.0,16,nan
5.852531989415486,34.352517985611506,23.407362048,68.7,nan,5.804781568,nan,nan,16.0,0.0,16,nan
5.869204457600912,34.53237410071942,23.407362048,68.7,nan,5.804781568,nan,nan,16.0,0.0,16,nan
5.885878109931946,34.53237410071942,23.407362048,68.7,nan,5.804781568,nan,nan,16.0,0.0,16,nan
5.902549358208974,32.9136690647482,23.407362048,68.7,nan,5.804781568,nan,nan,15.0,0.0,16,nan
5.919221766789755,35.251798561151084,23.612686336,68.7,nan,5.804781568,nan,nan,16.0,0.0,16,nan
5.935894803206126,35.251798561151084,23.612686336,68.7,nan,5.804781568,nan,nan,16.0,0.0,16,nan
5.952565932273865,33.09352517985612,23.612686336,68.7,nan,5.804781568,nan,nan,15.0,0.0,16,nan
5.969237701098124,35.431654676258994,23.612686336,68.7,nan,5.804781568,nan,nan,16.0,0.0,16,nan
5.985912120342254,35.431654676258994,23.612686336,68.7,nan,5.804781568,nan,nan,16.0,0.0,16,nan
6.002585470676422,35.431654676258994,23.612686336,68.7,nan,5.804781568,nan,nan,16.0,0.0,16,nan
6.019257819652557,34.352517985611506,23.612686336,68.7,nan,5.811073024,nan,nan,15.0,0.0,16,nan
6.035930728912353,35.61151079136691,23.818010624,68.7,nan,5.811073024,nan,nan,16.0,0.0,16,nan
6.052603153387706,35.97122302158273,23.818010624,68.7,nan,5.811073024,nan,nan,16.0,0.0,16,nan
6.0692783236503605,35.97122302158273,23.818010624,68.7,nan,5.811073024,nan,nan,16.0,0.0,16,nan
6.0859518567721045,35.97122302158273,23.818010624,68.7,nan,5.811073024,nan,nan,16.0,0.0,16,nan
6.102622969945272,28.23741007194245,23.818010624,68.7,nan,5.836238848,nan,nan,13.0,0.0,16,nan
6.119296872615815,30.755395683453234,24.023334912,68.7,nan,5.86979328,nan,nan,14.0,0.0,16,nan
6.13597058057785,28.776978417266186,24.023334912,68.7,nan,5.90125056,nan,nan,13.0,0.0,16,nan
6.152644062042237,30.575539568345324,24.023334912,68.7,nan,5.913833472,nan,nan,14.0,0.0,16,nan
6.1693164269129435,30.575539568345324,24.023334912,68.7,nan,5.959970816,nan,nan,14.0,0.0,16,nan
6.185986864566803,30.575539568345324,24.023334912,68.7,nan,5.999816704,nan,nan,13.0,0.0,16,nan
6.202660953998565,30.575539568345324,24.023334912,68.7,nan,6.035468288,nan,nan,14.0,0.0,16,nan
6.21933399438858,30.575539568345324,24.023334912,68.7,nan,6.056439808,nan,nan,14.0,0.0,16,nan
6.236007293065389,30.575539568345324,24.023334912,68.7,nan,6.064828416,nan,nan,14.0,0.0,16,nan
6.252681934833527,33.09352517985612,24.2286592,68.7,nan,6.064828416,nan,nan,15.0,0.0,16,nan
6.26935449441274,33.27338129496403,24.2286592,68.7,nan,6.064828416,nan,nan,15.0,0.0,16,nan
6.286036972204844,33.27338129496403,24.2286592,68.7,nan,6.064828416,nan,nan,15.0,0.0,16,nan
6.302715925375621,34.172661870503596,24.2286592,68.7,nan,6.094188544,nan,nan,15.0,0.0,16,nan
6.319386065006256,33.27338129496403,24.433983488,68.7,nan,6.094188544,nan,nan,15.0,0.0,16,nan
6.336057849725088,33.27338129496403,24.433983488,68.7,nan,6.094188544,nan,nan,15.0,0.0,16,nan
6.352729189395904,30.935251798561147,24.433983488,68.7,nan,6.096285696,nan,nan,14.0,0.0,16,nan
6.36940362850825,33.27338129496403,24.433983488,68.7,nan,5.735538688,nan,nan,15.0,0.0,16,nan
6.3860740502675375,34.352517985611506,24.639307776,68.7,nan,5.73763584,nan,nan,16.0,0.0,16,nan
6.402747448285421,31.654676258992808,24.844632064,68.7,nan,5.73763584,nan,nan,15.0,0.0,16,nan
6.419418931007385,34.352517985611506,24.844632064,68.7,nan,5.73763584,nan,nan,16.0,0.0,16,nan
6.436099723974864,34.53237410071942,24.844632064,68.7,nan,5.73763584,nan,nan,16.0,0.0,16,nan
6.4527703166008,34.53237410071942,24.844632064,68.7,nan,5.758660608,nan,nan,16.0,0.0,16,nan
6.469441703955332,34.352517985611506,24.844632064,68.7,nan,5.758660608,nan,nan,16.0,0.0,16,nan
6.486111962795258,33.63309352517986,24.844632064,68.7,nan,5.764952064,nan,nan,15.0,0.0,16,nan
6.502787824471792,34.71223021582733,25.049956352,68.7,nan,5.77124352,nan,nan,16.0,0.0,16,nan
6.519464194774628,34.71223021582733,25.049956352,68.7,nan,5.77124352,nan,nan,16.0,0.0,16,nan
6.536135546366373,34.89208633093526,25.049956352,68.7,nan,5.77124352,nan,nan,16.0,0.0,16,nan
6.552806544303894,34.89208633093526,25.049956352,68.7,nan,5.77124352,nan,nan,16.0,0.0,16,nan
6.569478782018026,34.89208633093526,25.049956352,68.7,nan,5.77124352,nan,nan,16.0,0.0,16,nan
6.586150447527568,32.55395683453237,25.049956352,68.7,nan,5.77124352,nan,nan,15.0,0.0,16,nan
6.602820960680644,35.07194244604317,25.25528064,68.7,nan,5.77124352,nan,nan,16.0,0.0,16,nan
6.6194980104764305,35.251798561151084,25.25528064,68.7,nan,5.77124352,nan,nan,16.0,0.0,16,nan
6.636167776584625,33.27338129496403,25.25528064,68.7,nan,5.77124352,nan,nan,15.0,0.0,16,nan
6.652846240997315,32.194244604316545,25.460604928,68.7,nan,5.77124352,nan,nan,15.0,0.0,16,nan
6.66952223777771,35.251798561151084,25.665929216,68.7,nan,5.77124352,nan,nan,16.0,0.0,16,nan
6.686200988292694,35.61151079136691,25.665929216,68.7,nan,5.773340672,nan,nan,16.0,0.0,16,nan
6.702870174249013,30.215827338129497,25.871253504,68.7,nan,5.773340672,nan,nan,14.0,0.0,16,nan
6.719544831911723,35.431654676258994,25.871253504,68.7,nan,5.773340672,nan,nan,16.0,0.0,16,nan
6.736214768886566,35.431654676258994,25.871253504,68.7,nan,5.773340672,nan,nan,16.0,0.0,16,nan
6.7528849840164185,34.53237410071942,25.871253504,68.7,nan,5.777534976,nan,nan,16.0,0.0,16,nan
6.769563659032186,34.352517985611506,25.871253504,68.7,nan,5.777534976,nan,nan,16.0,0.0,16,nan
6.786234370867411,32.55395683453237,25.871253504,68.7,nan,5.901266944,nan,nan,15.0,0.0,16,nan
6.802906394004822,31.654676258992808,25.871253504,68.7,nan,5.932724224,nan,nan,15.0,0.0,16,nan
6.819579474131266,34.53237410071942,25.871253504,68.7,nan,5.932724224,nan,nan,16.0,0.0,16,nan
6.836253205935161,32.73381294964028,26.076577792,68.7,nan,5.943209984,nan,nan,15.0,0.0,16,nan
6.852931416034698,32.014388489208635,26.076577792,68.7,nan,5.943209984,nan,nan,15.0,0.0,16,nan
6.869601813952128,34.71223021582733,26.076577792,68.7,nan,5.943209984,nan,nan,16.0,0.0,16,nan
6.886274266242981,34.71223021582733,26.076577792,68.7,nan,5.943209984,nan,nan,16.0,0.0,16,nan
6.902944012482961,34.71223021582733,26.076577792,68.7,nan,5.943209984,nan,nan,16.0,0.0,16,nan
6.91961627403895,34.71223021582733,26.076577792,68.7,nan,5.943209984,nan,nan,16.0,0.0,16,nan
6.936289175351461,34.71223021582733,26.28190208,68.7,nan,5.943209984,nan,nan,16.0,0.0,16,nan
6.9529645601908365,32.73381294964028,26.28190208,68.7,nan,5.943209984,nan,nan,15.0,0.0,16,nan
6.9696387847264605,34.71223021582733,26.28190208,68.7,nan,5.943209984,nan,nan,15.0,0.0,16,nan
6.98631511926651,33.63309352517986,26.487226368,68.7,nan,5.943209984,nan,nan,15.0,0.0,16,nan
7.00298935174942,35.61151079136691,26.487226368,68.7,nan,5.960015872,nan,nan,16.0,0.0,16,nan
7.019663830598195,33.27338129496403,26.487226368,68.7,nan,5.960015872,nan,nan,15.0,0.0,16,nan
7.036337308088938,35.251798561151084,26.487226368,68.7,nan,5.960015872,nan,nan,16.0,0.0,16,nan
7.053017171223958,35.251798561151084,26.487226368,68.7,nan,5.960015872,nan,nan,16.0,0.0,16,nan
7.069691117604574,33.27338129496403,26.487226368,68.7,nan,5.960015872,nan,nan,15.0,0.0,16,nan
7.086363283793132,33.45323741007194,26.692550656,68.7,nan,5.962113024,nan,nan,15.0,0.0,16,nan
7.103036061922709,33.63309352517986,26.692550656,68.7,nan,5.962113024,nan,nan,15.0,0.0,16,nan
7.119712054729462,35.97122302158273,26.897874944,68.7,nan,5.962113024,nan,nan,16.0,0.0,16,nan
7.136386593182881,36.15107913669065,26.897874944,68.7,nan,5.962113024,nan,nan,16.0,0.0,16,nan
7.153062272071838,33.992805755395686,26.897874944,68.7,nan,5.962113024,nan,nan,15.0,0.0,16,nan
7.169736651579539,36.33093525179856,26.897874944,68.7,nan,5.962113024,nan,nan,16.0,0.0,16,nan
7.1864120165507,34.172661870503596,27.103199232,68.7,nan,5.962113024,nan,nan,15.0,0.0,16,nan
7.2030845840771995,36.33093525179856,27.103199232,68.7,nan,5.962113024,nan,nan,16.0,0.0,16,nan
7.219757310549418,36.33093525179856,27.103199232,68.7,nan,5.962113024,nan,nan,16.0,0.0,16,nan
7.236427414417267,29.67625899280576,27.103199232,68.7,nan,5.970501632,nan,nan,13.0,0.0,16,nan
7.25310184955597,35.61151079136691,27.103199232,68.7,nan,5.970501632,nan,nan,16.0,0.0,16,nan
7.269774003823598,35.61151079136691,27.103199232,68.7,nan,5.970501632,nan,nan,16.0,0.0,16,nan
7.286447330315908,33.45323741007194,27.103199232,68.7,nan,5.980987392,nan,nan,15.0,0.0,16,nan
7.303122242291768,35.61151079136691,27.103199232,68.7,nan,5.991473152,nan,nan,16.0,0.0,16,nan
7.319797233740489,35.79136690647482,27.103199232,68.7,nan,5.991473152,nan,nan,16.0,0.0,16,nan
7.336470238367716,36.33093525179856,27.103199232,68.7,nan,5.991473152,nan,nan,16.0,0.0,16,nan
7.353145503997803,35.97122302158273,27.30852352,68.7,nan,5.991473152,nan,nan,16.0,0.0,16,nan
7.36982026497523,36.33093525179856,27.30852352,68.7,nan,5.997764608,nan,nan,16.0,0.0,16,nan
7.386499937375387,35.79136690647482,27.30852352,68.7,nan,5.997764608,nan,nan,16.0,0.0,16,nan
7.403179800510406,33.63309352517986,27.30852352,68.7,nan,5.997764608,nan,nan,14.0,0.0,16,nan
7.41985452969869,35.79136690647482,27.30852352,68.7,nan,5.997764608,nan,nan,16.0,0.0,16,nan
7.4365296522776285,35.97122302158273,27.30852352,68.7,nan,5.997764608,nan,nan,16.0,0.0,16,nan
7.453206030527751,33.45323741007194,27.30852352,68.7,nan,5.997764608,nan,nan,15.0,0.0,16,nan
7.4698807954788204,36.33093525179856,27.30852352,68.7,nan,5.997764608,nan,nan,15.0,0.0,16,nan
7.486555663744609,36.15107913669065,27.30852352,68.7,nan,5.997764608,nan,nan,16.0,0.0,16,nan
7.50323129494985,36.15107913669065,27.30852352,68.7,nan,5.997764608,nan,nan,16.0,0.0,16,nan
7.519913264115652,34.53237410071942,27.30852352,68.7,nan,6.050353152,nan,nan,15.0,0.0,16,nan
7.536585613091787,36.33093525179856,27.30852352,68.7,nan,6.062936064,nan,nan,16.0,0.0,16,nan
7.553257083892822,36.33093525179856,27.30852352,68.7,nan,6.062936064,nan,nan,16.0,0.0,16,nan
7.569932691256205,33.27338129496403,27.30852352,68.7,nan,6.062936064,nan,nan,15.0,0.0,16,nan
7.586605735619863,36.33093525179856,27.513847808,68.7,nan,6.062936064,nan,nan,16.0,0.0,16,nan
7.60328038930893,36.33093525179856,27.719172096,68.7,nan,6.067130368,nan,nan,16.0,0.0,16,nan
7.619954721132914,36.51079136690647,27.719172096,68.7,nan,6.067130368,nan,nan,16.0,0.0,16,nan
7.636633344491323,36.51079136690647,27.719172096,68.7,nan,6.067130368,nan,nan,16.0,0.0,16,nan
7.653313291072846,36.51079136690647,27.719172096,68.7,nan,6.067130368,nan,nan,16.0,0.0,16,nan
7.669987734158834,37.23021582733813,27.719172096,68.7,nan,6.067130368,nan,nan,16.0,0.0,16,nan
7.686663246154785,36.69064748201439,27.719172096,68.7,nan,6.067130368,nan,nan,16.0,0.0,16,nan
7.703334577878317,36.69064748201439,27.719172096,68.7,nan,6.067130368,nan,nan,15.0,0.0,16,nan
7.720013117790222,36.69064748201439,27.719172096,68.7,nan,6.067130368,nan,nan,16.0,0.0,16,nan
7.736689905325572,34.172661870503596,27.719172096,68.7,nan,6.067130368,nan,nan,15.0,0.0,16,nan
7.7533621191978455,28.776978417266186,27.719172096,68.7,nan,6.067130368,nan,nan,13.0,0.0,16,nan
7.77003485361735,33.45323741007194,27.719172096,68.7,nan,6.075518976,nan,nan,15.0,0.0,16,nan
7.786714239915212,30.035971223021583,27.719172096,68.7,nan,6.075518976,nan,nan,13.0,0.0,16,nan
7.803386656443278,29.496402877697847,27.719172096,68.7,nan,6.075518976,nan,nan,13.0,0.0,16,nan
7.820066618919372,30.035971223021583,27.719172096,68.7,nan,6.092296192,nan,nan,13.0,0.0,16,nan
7.83674172560374,31.654676258992808,28.129820672,68.7,nan,6.092296192,nan,nan,14.0,0.0,16,nan
7.853418103853861,28.776978417266186,28.129820672,68.7,nan,6.094393344,nan,nan,13.0,0.0,16,nan
7.870089670022328,32.014388489208635,28.129820672,68.7,nan,6.094393344,nan,nan,14.0,0.0,16,nan
7.886763445536295,32.194244604316545,28.129820672,68.7,nan,6.094393344,nan,nan,14.0,0.0,16,nan
7.903438393274943,32.194244604316545,28.129820672,68.7,nan,5.88222464,nan,nan,14.0,0.0,16,nan
7.920114199320476,31.474820143884898,28.129820672,68.7,nan,5.938868224,nan,nan,14.0,0.0,16,nan
7.936787251631419,29.316546762589923,28.129820672,68.7,nan,5.961936896,nan,nan,13.0,0.0,16,nan
7.95346610546112,32.9136690647482,28.540469248,68.7,nan,5.961936896,nan,nan,15.0,0.0,16,nan
7.970137564341227,29.856115107913674,28.540469248,68.7,nan,5.972422656,nan,nan,14.0,0.0,16,nan
7.986816839377085,28.597122302158272,28.540469248,68.7,nan,6.03152384,nan,nan,14.0,0.0,16,nan
8.003491346041361,28.9568345323741,28.745793536,68.7,nan,5.792616448,nan,nan,14.0,0.0,16,nan
8.020163734753927,26.798561151079138,28.745793536,68.7,nan,5.7947136,nan,nan,13.0,0.0,16,nan
8.0368403395017,30.035971223021583,28.745793536,68.7,nan,5.7947136,nan,nan,15.0,0.0,16,nan
8.053516479333242,30.035971223021583,28.745793536,68.7,nan,5.7947136,nan,nan,15.0,0.0,16,nan
8.070188522338867,30.035971223021583,28.745793536,68.7,nan,5.7947136,nan,nan,15.0,0.0,16,nan
8.086866581439972,29.136690647482013,28.745793536,68.7,nan,5.811490816,nan,nan,14.0,0.0,16,nan
8.103540507952372,31.474820143884898,28.745793536,68.7,nan,5.838753792,nan,nan,15.0,0.0,16,nan
8.120216206709545,32.9136690647482,28.745793536,68.7,nan,5.838753792,nan,nan,16.0,0.0,16,nan
8.136886417865753,30.575539568345324,28.745793536,68.7,nan,5.838753792,nan,nan,15.0,0.0,16,nan
8.153564484914144,27.517985611510788,28.745793536,68.7,nan,5.884891136,nan,nan,14.0,0.0,16,nan
8.170241669813793,32.014388489208635,28.745793536,68.7,nan,5.891182592,nan,nan,15.0,0.0,16,nan
8.186913772424061,30.035971223021583,29.156442112,68.7,nan,5.893279744,nan,nan,14.0,0.0,16,nan
8.203589816888174,30.755395683453234,29.156442112,68.7,nan,5.975072768,nan,nan,15.0,0.0,16,nan
8.220265225569408,28.776978417266186,29.156442112,68.7,nan,5.975072768,nan,nan,14.0,0.0,16,nan
8.23693979581197,27.517985611510788,29.156442112,68.7,nan,5.979267072,nan,nan,13.0,0.0,16,nan
8.253616650899252,30.935251798561147,29.3617664,68.7,nan,5.989752832,nan,nan,15.0,0.0,16,nan
8.270290621121724,29.316546762589923,29.3617664,68.7,nan,5.612224512,nan,nan,14.0,0.0,16,nan
8.286960577964782,31.654676258992808,29.567090688,68.7,nan,5.612224512,nan,nan,15.0,0.0,16,nan
8.303634603818258,32.014388489208635,29.567090688,68.7,nan,5.612224512,nan,nan,16.0,0.0,16,nan
8.320307095845541,31.11510791366906,29.567090688,68.7,nan,5.612224512,nan,nan,15.0,0.0,16,nan
8.336981022357941,32.014388489208635,29.567090688,68.7,nan,5.612224512,nan,nan,16.0,0.0,16,nan
8.353654789924622,28.597122302158272,29.772414976,68.7,nan,5.612224512,nan,nan,15.0,0.0,16,nan
8.370329058170318,27.697841726618712,29.772414976,68.7,nan,5.675159552,nan,nan,14.0,0.0,16,nan
8.38700118859609,28.41726618705036,29.772414976,68.7,nan,5.675159552,nan,nan,15.0,0.0,16,nan
8.403673815727235,27.517985611510788,29.772414976,68.7,nan,5.698228224,nan,nan,14.0,0.0,16,nan
8.42034500837326,26.618705035971225,29.977739264,68.7,nan,5.700325376,nan,nan,14.0,0.0,16,nan
8.437017794450124,26.079136690647488,29.977739264,68.7,nan,5.70451968,nan,nan,14.0,0.0,16,nan
8.453697264194489,28.057553956834536,29.977739264,68.7,nan,5.70451968,nan,nan,15.0,0.0,16,nan
8.470370487372081,31.654676258992808,29.977739264,68.7,nan,5.70451968,nan,nan,16.0,0.0,16,nan
8.487045232454935,31.294964028776985,30.183063552,68.7,nan,5.70451968,nan,nan,16.0,0.0,16,nan
8.503719174861908,31.474820143884898,30.183063552,68.7,nan,5.70451968,nan,nan,16.0,0.0,16,nan
8.52039538224538,33.27338129496403,30.183063552,68.7,nan,5.717102592,nan,nan,15.0,0.0,16,nan
8.537067925930023,31.83453237410072,30.593712128,68.7,nan,5.725487104,nan,nan,16.0,0.0,16,nan
8.55374035835266,32.014388489208635,30.593712128,68.7,nan,5.725487104,nan,nan,16.0,0.0,16,nan
8.570410863558452,32.9136690647482,30.799036416,68.7,nan,5.725487104,nan,nan,16.0,0.0,16,nan
8.58708469470342,32.37410071942446,30.799036416,68.7,nan,5.729681408,nan,nan,16.0,0.0,16,nan
8.603757007916768,32.37410071942446,30.799036416,68.7,nan,5.729681408,nan,nan,16.0,0.0,16,nan
8.620429575443268,32.55395683453237,31.004360704,68.7,nan,5.729681408,nan,nan,16.0,0.0,16,nan
8.637101018428803,32.37410071942446,31.004360704,68.7,nan,5.729681408,nan,nan,16.0,0.0,16,nan
8.653780738512674,32.37410071942446,31.004360704,68.7,nan,5.729681408,nan,nan,16.0,0.0,16,nan
8.670453103383382,30.035971223021583,31.004360704,68.7,nan,5.735972864,nan,nan,15.0,0.0,16,nan
8.687132640679676,26.978417266187048,31.004360704,68.7,nan,5.807276032,nan,nan,14.0,0.0,16,nan
8.703805736700694,23.201438848920862,31.004360704,68.7,nan,5.842927616,nan,nan,13.0,0.0,16,nan
8.720479973157246,30.035971223021583,31.209684992,68.7,nan,5.855514624,nan,nan,15.0,0.0,16,nan
8.737151992321014,30.755395683453234,31.209684992,68.7,nan,5.855514624,nan,nan,15.0,0.0,16,nan
8.753824738661448,32.9136690647482,31.209684992,68.7,nan,5.855514624,nan,nan,16.0,0.0,16,nan
8.77049780289332,31.294964028776985,31.209684992,68.7,nan,5.857611776,nan,nan,15.0,0.0,16,nan
8.78717192808787,32.9136690647482,31.209684992,68.7,nan,5.863903232,nan,nan,16.0,0.0,16,nan
8.80384532213211,29.856115107913674,31.209684992,68.7,nan,5.863903232,nan,nan,15.0,0.0,16,nan
8.820517945289613,27.517985611510788,31.209684992,68.7,nan,5.870194688,nan,nan,14.0,0.0,16,nan
8.837189185619355,29.136690647482013,31.41500928,68.7,nan,6.42390016,nan,nan,14.0,0.0,16,nan
8.85386370420456,29.136690647482013,31.41500928,68.7,nan,6.470037504,nan,nan,14.0,0.0,16,nan
8.870534765720368,31.474820143884898,31.41500928,68.7,nan,6.476333056,nan,nan,15.0,0.0,16,nan
8.887221837043763,31.474820143884898,31.41500928,68.7,nan,6.478430208,nan,nan,15.0,0.0,16,nan
8.903894956906637,29.136690647482013,31.41500928,68.7,nan,6.493118464,nan,nan,14.0,0.0,16,nan
8.920571060975393,31.474820143884898,31.41500928,68.7,nan,6.6357248,nan,nan,15.0,0.0,16,nan
8.937246346473694,31.654676258992808,31.41500928,68.7,nan,6.642016256,nan,nan,15.0,0.0,16,nan
8.95391948223114,29.496402877697847,31.41500928,68.7,nan,6.660890624,nan,nan,14.0,0.0,16,nan
8.970595033963521,29.856115107913674,31.41500928,68.7,nan,6.660890624,nan,nan,14.0,0.0,16,nan
8.98727142016093,31.654676258992808,31.620333568,68.7,nan,6.314622976,nan,nan,15.0,0.0,16,nan
9.003952475388845,31.474820143884898,31.620333568,68.7,nan,6.314622976,nan,nan,15.0,0.0,16,nan
9.02063048283259,32.9136690647482,31.620333568,68.7,nan,6.314622976,nan,nan,16.0,0.0,16,nan
9.03730347553889,31.83453237410072,31.620333568,68.7,nan,6.314622976,nan,nan,15.0,0.0,16,nan
9.053981018066406,33.27338129496403,31.825657856,68.7,nan,6.314622976,nan,nan,16.0,0.0,16,nan
9.070651185512542,33.45323741007194,31.825657856,68.7,nan,6.314622976,nan,nan,16.0,0.0,16,nan
9.087323931852977,33.45323741007194,31.825657856,68.7,nan,6.314622976,nan,nan,16.0,0.0,16,nan
9.103994441032409,33.45323741007194,31.825657856,68.7,nan,6.314622976,nan,nan,16.0,0.0,16,nan
9.12067125638326,30.935251798561147,31.825657856,68.7,nan,6.314622976,nan,nan,15.0,0.0,16,nan
9.137344388167064,33.45323741007194,32.030982144,68.7,nan,6.314622976,nan,nan,16.0,0.0,16,nan
9.154016355673471,33.45323741007194,32.030982144,68.7,nan,6.314622976,nan,nan,16.0,0.0,16,nan
9.17068882783254,33.63309352517986,32.030982144,68.7,nan,6.314622976,nan,nan,16.0,0.0,16,nan
9.187366513411204,33.63309352517986,32.030982144,68.7,nan,6.314622976,nan,nan,16.0,0.0,16,nan
9.204039478302002,33.63309352517986,32.030982144,68.7,nan,6.314622976,nan,nan,16.0,0.0,16,nan
9.220713806152343,33.63309352517986,32.030982144,68.7,nan,6.314622976,nan,nan,16.0,0.0,16,nan
9.23738621075948,33.63309352517986,32.030982144,68.7,nan,6.314622976,nan,nan,16.0,0.0,16,nan
9.254061484336853,27.877697841726622,32.030982144,68.7,nan,6.314622976,nan,nan,14.0,0.0,16,nan
9.270732168356577,33.45323741007194,32.030982144,68.7,nan,6.314622976,nan,nan,16.0,0.0,16,nan
9.287403655052184,33.63309352517986,32.030982144,68.7,nan,6.314622976,nan,nan,16.0,0.0,16,nan
9.304077275594075,33.63309352517986,32.030982144,68.7,nan,6.314622976,nan,nan,16.0,0.0,16,nan
9.320752918720245,33.63309352517986,32.030982144,68.7,nan,6.314622976,nan,nan,16.0,0.0,16,nan
9.337431259950002,33.63309352517986,32.030982144,68.7,nan,6.314622976,nan,nan,16.0,0.0,16,nan
9.354104928175609,32.37410071942446,32.030982144,68.7,nan,6.314622976,nan,nan,15.0,0.0,16,nan
9.37077697912852,33.81294964028777,32.030982144,68.7,nan,6.320914432,nan,nan,16.0,0.0,16,nan
9.387447539965311,32.55395683453237,32.030982144,68.7,nan,6.373343232,nan,nan,15.0,0.0,16,nan
9.404117584228516,33.992805755395686,32.236306432,68.7,nan,6.373343232,nan,nan,16.0,0.0,16,nan
9.420790040493012,33.992805755395686,32.236306432,68.7,nan,6.373343232,nan,nan,16.0,0.0,16,nan
9.43746698697408,33.992805755395686,32.236306432,68.7,nan,6.373343232,nan,nan,16.0,0.0,16,nan
9.454146258036296,33.992805755395686,32.236306432,68.7,nan,6.373343232,nan,nan,16.0,0.0,16,nan
9.470816731452942,32.73381294964028,32.236306432,68.7,nan,6.375440384,nan,nan,15.0,0.0,16,nan
9.487488373120625,32.73381294964028,32.236306432,68.7,nan,6.377537536,nan,nan,15.0,0.0,16,nan
9.504163734118144,34.89208633093526,32.236306432,68.7,nan,6.400606208,nan,nan,16.0,0.0,16,nan
9.52083911895752,32.014388489208635,32.44163072,68.7,nan,6.400606208,nan,nan,15.0,0.0,16,nan
9.537510704994201,32.014388489208635,32.44163072,68.7,nan,6.404800512,nan,nan,15.0,0.0,16,nan
9.554185660680135,32.014388489208635,32.44163072,68.7,nan,6.406897664,nan,nan,14.0,0.0,16,nan
9.57085553407669,30.575539568345324,32.44163072,68.7,nan,6.421577728,nan,nan,14.0,0.0,16,nan
9.587528359889983,30.755395683453234,32.44163072,68.7,nan,6.55998976,nan,nan,13.0,0.0,16,nan
9.604203645388285,30.755395683453234,32.646955008,68.7,nan,6.585155584,nan,nan,14.0,0.0,16,nan
9.620873228708904,32.37410071942446,32.646955008,68.7,nan,6.585155584,nan,nan,15.0,0.0,16,nan
9.637545077006022,32.37410071942446,32.646955008,68.7,nan,6.585155584,nan,nan,15.0,0.0,16,nan
9.654220366477967,32.194244604316545,32.646955008,68.7,nan,5.681225728,nan,nan,15.0,0.0,16,nan
9.670897714296977,32.9136690647482,32.646955008,68.7,nan,5.681225728,nan,nan,16.0,0.0,16,nan
9.687572042147318,31.474820143884898,32.646955008,68.7,nan,5.681225728,nan,nan,15.0,0.0,16,nan
9.704246731599172,31.654676258992808,32.646955008,68.7,nan,5.68332288,nan,nan,15.0,0.0,16,nan
9.720921425024668,31.654676258992808,32.646955008,68.7,nan,5.68332288,nan,nan,15.0,0.0,16,nan
9.737600549062092,31.654676258992808,32.852279296,68.7,nan,5.710585856,nan,nan,15.0,0.0,16,nan
9.75427967707316,31.654676258992808,32.852279296,68.7,nan,5.72526592,nan,nan,15.0,0.0,16,nan
9.77095243136088,31.83453237410072,32.852279296,68.7,nan,5.72526592,nan,nan,15.0,0.0,16,nan
9.787632636229198,32.014388489208635,32.852279296,68.7,nan,5.72526592,nan,nan,15.0,0.0,16,nan
9.80430745681127,32.014388489208635,32.852279296,68.7,nan,5.72526592,nan,nan,15.0,0.0,16,nan
9.820982158184052,32.014388489208635,32.852279296,68.7,nan,5.72526592,nan,nan,15.0,0.0,16,nan
9.837651920318603,31.294964028776985,32.852279296,68.7,nan,5.754630144,nan,nan,14.0,0.0,16,nan
9.854331346352895,32.37410071942446,33.057603584,68.7,nan,5.779795968,nan,nan,15.0,0.0,16,nan
9.871006162961324,33.992805755395686,33.057603584,68.7,nan,5.779795968,nan,nan,16.0,0.0,16,nan
9.887680180867513,33.992805755395686,33.057603584,68.7,nan,5.779795968,nan,nan,16.0,0.0,16,nan
9.904354314009348,34.172661870503596,33.057603584,68.7,nan,5.779795968,nan,nan,16.0,0.0,16,nan
9.921032031377157,31.654676258992808,33.262927872,68.7,nan,5.788184576,nan,nan,14.0,0.0,16,nan
9.93771211306254,29.136690647482013,33.262927872,68.7,nan,6.130020352,nan,nan,14.0,0.0,16,nan
9.954387044906616,32.73381294964028,33.262927872,68.7,nan,6.188740608,nan,nan,15.0,0.0,16,nan
9.971057776610056,32.73381294964028,33.262927872,68.7,nan,6.188740608,nan,nan,15.0,0.0,16,nan
9.987733435630798,32.73381294964028,33.262927872,68.7,nan,6.226489344,nan,nan,15.0,0.0,16,nan
10.004405248165131,33.45323741007194,33.262927872,68.7,nan,6.226489344,nan,nan,15.0,0.0,16,nan
10.021080040931702,33.09352517985612,33.46825216,68.7,nan,6.230683648,nan,nan,15.0,0.0,16,nan
10.037755409876505,30.035971223021583,33.46825216,68.7,nan,6.2327808,nan,nan,14.0,0.0,16,nan
10.054430703322092,32.73381294964028,33.673576448,68.7,nan,6.2327808,nan,nan,15.0,0.0,16,nan
10.071101288000742,33.09352517985612,33.673576448,68.7,nan,6.2327808,nan,nan,15.0,0.0,16,nan
10.087778011957804,34.71223021582733,33.673576448,68.7,nan,6.2327808,nan,nan,16.0,0.0,16,nan
10.104451127847035,34.53237410071942,33.878900736,68.7,nan,6.2327808,nan,nan,16.0,0.0,16,nan
10.121124160289764,34.53237410071942,33.878900736,68.7,nan,6.2327808,nan,nan,16.0,0.0,16,nan
10.137797057628632,34.89208633093526,33.878900736,68.7,nan,6.2327808,nan,nan,16.0,0.0,16,nan
10.154472637176514,35.07194244604317,33.878900736,68.7,nan,6.2327808,nan,nan,16.0,0.0,16,nan
10.171148943901063,33.27338129496403,33.878900736,68.7,nan,6.2327808,nan,nan,15.0,0.0,16,nan
10.187823776404063,32.37410071942446,33.878900736,68.7,nan,6.308298752,nan,nan,14.0,0.0,16,nan
10.204498541355132,34.89208633093526,34.084225024,68.7,nan,6.360727552,nan,nan,16.0,0.0,16,nan
10.221174709002177,30.035971223021583,34.084225024,68.7,nan,6.371213312,nan,nan,14.0,0.0,16,nan
10.237850205103557,30.39568345323741,34.289549312,68.7,nan,6.385893376,nan,nan,15.0,0.0,16,nan
10.254524823029836,30.39568345323741,34.289549312,68.7,nan,6.387990528,nan,nan,15.0,0.0,16,nan
10.271201141675313,28.41726618705036,34.289549312,68.7,nan,6.39008768,nan,nan,14.0,0.0,16,nan
10.287881068388621,29.67625899280576,34.289549312,68.7,nan,6.39008768,nan,nan,15.0,0.0,16,nan
10.304555821418763,28.057553956834536,34.289549312,68.7,nan,6.079504384,nan,nan,14.0,0.0,16,nan
10.321230669816336,30.575539568345324,34.289549312,68.7,nan,6.079504384,nan,nan,16.0,0.0,16,nan
10.3379061460495,30.755395683453234,34.289549312,68.7,nan,6.079504384,nan,nan,16.0,0.0,16,nan
10.35458059310913,30.035971223021583,34.289549312,68.7,nan,6.079504384,nan,nan,15.0,0.0,16,nan
10.371252119541168,29.856115107913674,34.289549312,68.7,nan,6.11100672,nan,nan,15.0,0.0,16,nan
10.387932268778483,31.294964028776985,34.289549312,68.7,nan,6.15714816,nan,nan,16.0,0.0,16,nan
10.404607204596202,30.39568345323741,34.700197888,68.7,nan,6.15714816,nan,nan,16.0,0.0,16,nan
10.421282410621643,30.39568345323741,34.700197888,68.7,nan,6.15714816,nan,nan,16.0,0.0,16,nan
10.437958228588105,31.654676258992808,34.700197888,68.7,nan,6.161342464,nan,nan,16.0,0.0,16,nan
10.45463308095932,29.856115107913674,34.905522176,68.7,nan,6.16763392,nan,nan,15.0,0.0,16,nan
10.471314426263174,30.575539568345324,35.162226688,68.7,nan,6.171828224,nan,nan,16.0,0.0,16,nan
10.48798922697703,28.776978417266186,35.162226688,68.7,nan,6.171828224,nan,nan,15.0,0.0,16,nan
10.504659450054168,28.057553956834536,35.162226688,68.7,nan,6.173925376,nan,nan,14.0,0.0,16,nan
10.52133577267329,29.67625899280576,35.162226688,68.7,nan,6.173925376,nan,nan,15.0,0.0,16,nan
10.538010390599569,29.316546762589923,35.367550976,68.7,nan,6.173925376,nan,nan,15.0,0.0,16,nan
10.554685540994008,29.316546762589923,35.367550976,68.7,nan,6.173925376,nan,nan,15.0,0.0,16,nan
10.571362574895224,27.338129496402875,35.367550976,68.7,nan,6.173925376,nan,nan,14.0,0.0,16,nan
10.58803760210673,29.67625899280576,35.367550976,68.7,nan,6.173925376,nan,nan,15.0,0.0,16,nan
10.604714135328928,29.67625899280576,35.367550976,68.7,nan,6.173925376,nan,nan,15.0,0.0,16,nan
10.62139014005661,29.856115107913674,35.367550976,68.7,nan,6.173925376,nan,nan,15.0,0.0,16,nan
10.638065771261852,30.035971223021583,35.367550976,68.7,nan,6.173925376,nan,nan,15.0,0.0,16,nan
10.654745070139567,30.035971223021583,35.572875264,68.7,nan,6.173925376,nan,nan,15.0,0.0,16,nan
10.671420900026957,30.755395683453234,35.572875264,68.7,nan,5.523603456,nan,nan,15.0,1.0,16,nan
10.688098545869192,31.11510791366906,35.572875264,68.7,nan,5.523603456,nan,nan,16.0,0.0,16,nan
10.70476910273234,31.11510791366906,35.572875264,68.7,nan,5.523603456,nan,nan,16.0,0.0,16,nan
10.721446895599366,30.035971223021583,35.572875264,68.7,nan,5.523603456,nan,nan,15.0,0.0,16,nan
10.73812245130539,31.294964028776985,35.572875264,68.7,nan,5.523603456,nan,nan,16.0,0.0,16,nan
10.754797259966532,31.294964028776985,35.572875264,68.7,nan,5.523603456,nan,nan,16.0,0.0,16,nan
10.771474091211955,31.474820143884898,35.778199552,68.7,nan,5.523603456,nan,nan,16.0,0.0,16,nan
10.788148911794027,31.474820143884898,35.778199552,68.7,nan,5.525700608,nan,nan,15.0,0.0,16,nan
10.804831504821777,31.294964028776985,35.778199552,68.7,nan,5.55925504,nan,nan,16.0,0.0,16,nan
10.82150720357895,29.856115107913674,35.778199552,68.7,nan,5.582323712,nan,nan,15.0,0.0,16,nan
10.838179409503937,31.11510791366906,35.778199552,68.7,nan,5.582323712,nan,nan,16.0,0.0,16,nan
10.854855326811473,31.11510791366906,35.778199552,68.7,nan,5.582323712,nan,nan,16.0,0.0,16,nan
10.871531236171723,31.11510791366906,35.778199552,68.7,nan,5.582323712,nan,nan,16.0,0.0,16,nan
10.888206958770752,31.294964028776985,35.778199552,68.7,nan,5.582323712,nan,nan,16.0,0.0,16,nan
10.904882502555846,31.474820143884898,35.98352384,68.7,nan,5.586518016,nan,nan,16.0,0.0,16,nan
10.921562524636586,31.474820143884898,35.98352384,68.7,nan,5.586518016,nan,nan,16.0,0.0,16,nan
10.938239109516143,31.474820143884898,35.98352384,68.7,nan,5.586518016,nan,nan,16.0,0.0,16,nan
10.95491381486257,31.654676258992808,35.98352384,68.7,nan,5.586518016,nan,nan,16.0,0.0,16,nan
10.97158804734548,31.83453237410072,35.98352384,68.7,nan,5.586518016,nan,nan,16.0,0.0,16,nan
10.988264524936676,31.83453237410072,35.98352384,68.7,nan,5.586518016,nan,nan,16.0,0.0,16,nan
11.004941443602243,31.83453237410072,35.98352384,68.7,nan,5.586518016,nan,nan,16.0,0.0,16,nan
11.021616820494334,32.014388489208635,35.98352384,68.7,nan,5.586518016,nan,nan,16.0,0.0,16,nan
11.03828893105189,32.014388489208635,35.98352384,68.7,nan,5.597007872,nan,nan,16.0,0.0,16,nan
11.054963445663452,32.194244604316545,35.98352384,68.7,nan,5.597007872,nan,nan,16.0,0.0,16,nan
11.07163876692454,32.194244604316545,35.98352384,68.7,nan,5.597007872,nan,nan,16.0,0.0,16,nan
11.088314723968505,32.194244604316545,35.98352384,68.7,nan,5.599105024,nan,nan,16.0,0.0,16,nan
11.104989763100942,32.194244604316545,35.98352384,68.7,nan,5.599105024,nan,nan,16.0,0.0,16,nan
11.121664861838022,32.194244604316545,35.98352384,68.7,nan,5.599105024,nan,nan,16.0,0.0,16,nan
11.138340365886688,32.37410071942446,35.98352384,68.7,nan,5.599105024,nan,nan,16.0,0.0,16,nan
11.155015778541564,32.55395683453237,35.98352384,68.7,nan,5.599105024,nan,nan,16.0,0.0,16,nan
11.171690626939137,32.55395683453237,35.98352384,68.7,nan,5.599105024,nan,nan,16.0,0.0,16,nan
11.188362963994344,32.55395683453237,35.98352384,68.7,nan,5.599105024,nan,nan,16.0,0.0,16,nan
11.205038698514302,32.9136690647482,35.98352384,68.7,nan,5.599105024,nan,nan,16.0,0.0,16,nan
11.221713364124298,32.9136690647482,35.98352384,68.7,nan,5.599105024,nan,nan,16.0,0.0,16,nan
11.23838821252187,33.09352517985612,35.98352384,68.7,nan,5.599105024,nan,nan,16.0,0.0,16,nan
11.255063609282177,33.09352517985612,35.98352384,68.7,nan,5.599105024,nan,nan,16.0,0.0,16,nan
11.271738930543263,33.09352517985612,35.98352384,68.7,nan,5.599105024,nan,nan,16.0,0.0,16,nan
11.28841422398885,33.45323741007194,35.98352384,68.7,nan,5.599105024,nan,nan,16.0,0.0,16,nan
11.305087614059449,33.45323741007194,35.98352384,68.7,nan,5.599105024,nan,nan,15.0,0.0,16,nan
11.321765323479971,32.37410071942446,35.98352384,68.7,nan,5.628465152,nan,nan,15.0,0.0,16,nan
11.338440756003061,32.73381294964028,36.188848128,68.7,nan,5.628465152,nan,nan,16.0,0.0,16,nan
11.355113244056701,31.83453237410072,36.188848128,68.7,nan,5.750099968,nan,nan,15.0,0.0,16,nan
11.371785720189413,33.09352517985612,36.394172416,68.7,nan,5.750099968,nan,nan,16.0,0.0,16,nan
11.388458049297332,31.474820143884898,36.394172416,68.7,nan,5.760606208,nan,nan,15.0,0.0,16,nan
11.405130477746328,32.9136690647482,36.394172416,68.7,nan,5.777383424,nan,nan,16.0,0.0,16,nan
11.421801988283793,31.654676258992808,36.394172416,68.7,nan,5.777383424,nan,nan,15.0,0.0,16,nan
11.438474826018016,33.27338129496403,36.394172416,68.7,nan,5.79416064,nan,nan,16.0,0.0,16,nan
11.455148017406463,33.09352517985612,36.394172416,68.7,nan,5.79416064,nan,nan,16.0,0.0,16,nan
11.471820493539175,33.27338129496403,36.394172416,68.7,nan,5.79416064,nan,nan,16.0,0.0,16,nan
11.488495171070099,33.27338129496403,36.394172416,68.7,nan,5.79416064,nan,nan,16.0,0.0,16,nan
11.505167659123739,33.45323741007194,36.650876928,68.7,nan,5.796257792,nan,nan,16.0,0.0,16,nan
11.521839694182079,33.45323741007194,36.650876928,68.7,nan,5.796257792,nan,nan,16.0,0.0,16,nan
11.538512329260508,33.45323741007194,36.650876928,68.7,nan,5.796257792,nan,nan,16.0,0.0,16,nan
11.555184543132782,33.45323741007194,36.650876928,68.7,nan,5.796257792,nan,nan,15.0,0.0,16,nan
11.571858143806457,33.45323741007194,36.650876928,68.7,nan,5.796257792,nan,nan,16.0,0.0,16,nan
11.588532773653666,33.45323741007194,36.650876928,68.7,nan,5.796257792,nan,nan,16.0,0.0,16,nan
11.60521186987559,32.37410071942446,36.650876928,68.7,nan,5.796257792,nan,nan,15.0,0.0,16,nan
11.62188682158788,31.11510791366906,36.650876928,68.7,nan,5.802549248,nan,nan,15.0,0.0,16,nan
11.638564856847127,33.27338129496403,36.650876928,68.7,nan,5.802549248,nan,nan,16.0,0.0,16,nan
11.65524057149887,33.45323741007194,36.650876928,68.7,nan,5.802549248,nan,nan,16.0,0.0,16,nan
11.671916182835897,33.45323741007194,36.650876928,68.7,nan,5.802549248,nan,nan,16.0,0.0,16,nan
11.688595632712046,33.992805755395686,36.650876928,68.7,nan,5.802549248,nan,nan,16.0,0.0,16,nan
11.705271164576212,34.352517985611506,36.650876928,68.7,nan,5.802549248,nan,nan,16.0,0.0,16,nan
11.72194735209147,31.294964028776985,36.856201216,68.7,nan,5.802549248,nan,nan,15.0,0.0,16,nan
11.738623483975728,34.352517985611506,37.061525504,68.7,nan,5.802549248,nan,nan,16.0,0.0,16,nan
11.75529906352361,34.53237410071942,37.061525504,68.7,nan,5.802549248,nan,nan,16.0,0.0,16,nan
11.771979049841564,34.53237410071942,37.061525504,68.7,nan,5.802549248,nan,nan,16.0,0.0,16,nan
11.788653039932251,34.71223021582733,37.061525504,68.7,nan,5.802549248,nan,nan,16.0,0.0,16,nan
11.805331714948018,34.71223021582733,37.061525504,68.7,nan,5.802549248,nan,nan,16.0,0.0,16,nan
11.822007966041564,34.71223021582733,37.061525504,68.7,nan,5.802549248,nan,nan,16.0,0.0,16,nan
11.838683537642162,34.71223021582733,37.061525504,68.7,nan,5.802549248,nan,nan,16.0,0.0,16,nan
11.855357801914215,31.294964028776985,37.061525504,68.7,nan,5.802549248,nan,nan,14.0,0.0,16,nan
11.872031593322754,33.992805755395686,37.47217408,68.7,nan,5.802549248,nan,nan,16.0,0.0,16,nan
11.888705317179362,34.172661870503596,37.47217408,68.7,nan,5.802549248,nan,nan,16.0,0.0,16,nan
11.905378846327464,34.172661870503596,37.47217408,68.7,nan,5.802549248,nan,nan,16.0,0.0,16,nan
11.922053837776184,34.172661870503596,37.47217408,68.7,nan,5.802549248,nan,nan,16.0,0.0,16,nan
11.938728026549022,34.172661870503596,37.47217408,68.7,nan,5.802549248,nan,nan,16.0,0.0,16,nan
11.95540044705073,34.172661870503596,37.47217408,68.7,nan,5.802549248,nan,nan,16.0,0.0,16,nan
11.972073038419088,34.172661870503596,37.47217408,68.7,nan,5.802549248,nan,nan,16.0,0.0,16,nan
11.988747433821361,34.172661870503596,37.47217408,68.7,nan,5.802549248,nan,nan,16.0,0.0,16,nan
12.005420410633088,32.55395683453237,37.47217408,68.7,nan,5.802549248,nan,nan,15.0,0.0,16,nan
12.022095175584157,34.172661870503596,37.47217408,68.7,nan,5.802549248,nan,nan,16.0,0.0,16,nan
12.03876688083013,31.11510791366906,37.47217408,68.7,nan,5.810937856,nan,nan,14.0,0.0,16,nan
12.055440998077392,33.992805755395686,37.677498368,68.7,nan,5.810937856,nan,nan,16.0,0.0,16,nan
12.072112993399303,33.992805755395686,37.677498368,68.7,nan,5.810937856,nan,nan,16.0,0.0,16,nan
12.088785064220428,34.89208633093526,37.677498368,68.7,nan,5.810937856,nan,nan,16.0,0.0,16,nan
12.105457345644632,32.37410071942446,37.677498368,68.7,nan,5.810937856,nan,nan,15.0,0.0,16,nan
12.122129702568055,34.352517985611506,37.677498368,68.7,nan,5.810937856,nan,nan,16.0,0.0,16,nan
12.138802369435629,34.352517985611506,37.677498368,68.7,nan,5.810937856,nan,nan,16.0,0.0,16,nan
12.155474432309468,33.27338129496403,37.677498368,68.7,nan,5.81513216,nan,nan,15.0,0.0,16,nan
12.172146797180176,34.53237410071942,37.677498368,68.7,nan,5.81513216,nan,nan,16.0,0.0,16,nan
12.188818887869518,34.89208633093526,37.677498368,68.7,nan,5.81513216,nan,nan,16.0,0.0,16,nan
12.205490593115488,35.07194244604317,37.677498368,68.7,nan,5.81513216,nan,nan,16.0,0.0,16,nan
12.222162834803264,35.07194244604317,37.677498368,68.7,nan,5.81513216,nan,nan,16.0,0.0,16,nan
12.238835116227468,35.07194244604317,37.677498368,68.7,nan,5.81513216,nan,nan,16.0,0.0,16,nan
12.255512384573619,34.172661870503596,37.677498368,68.7,nan,5.81513216,nan,nan,16.0,0.0,16,nan
12.27218536933263,34.172661870503596,37.677498368,68.7,nan,5.81513216,nan,nan,16.0,0.0,16,nan
12.28885740439097,34.172661870503596,37.677498368,68.7,nan,5.81513216,nan,nan,16.0,0.0,16,nan
12.305528267224629,34.172661870503596,37.677498368,68.7,nan,5.81513216,nan,nan,15.0,0.0,16,nan
12.322200600306193,32.55395683453237,37.677498368,68.7,nan,5.844492288,nan,nan,15.0,0.0,16,nan
12.338873104254406,34.71223021582733,38.088146944,68.7,nan,5.844492288,nan,nan,16.0,0.0,16,nan
12.355550305048626,31.474820143884898,38.088146944,68.7,nan,5.844492288,nan,nan,14.0,0.0,16,nan
12.372222729523976,34.71223021582733,38.088146944,68.7,nan,5.844492288,nan,nan,16.0,0.0,16,nan
12.388894029458363,32.55395683453237,38.088146944,68.7,nan,5.844492288,nan,nan,15.0,0.0,16,nan
12.40556610027949,34.71223021582733,38.088146944,68.7,nan,5.844492288,nan,nan,16.0,0.0,16,nan
12.42223688364029,34.71223021582733,38.088146944,68.7,nan,5.844492288,nan,nan,16.0,0.0,16,nan
12.438907965024312,32.55395683453237,38.088146944,68.7,nan,5.844492288,nan,nan,15.0,0.0,16,nan
12.455579229195912,32.55395683453237,38.088146944,68.7,nan,5.875949568,nan,nan,15.0,0.0,16,nan
12.472252281506856,35.07194244604317,38.088146944,68.7,nan,5.875949568,nan,nan,16.0,0.0,16,nan
12.488932466506958,32.37410071942446,38.088146944,68.7,nan,5.875949568,nan,nan,15.0,0.0,16,nan
12.505605272452037,34.172661870503596,38.293471232,68.7,nan,5.875949568,nan,nan,16.0,0.0,16,nan
12.522277677059174,34.53237410071942,38.293471232,68.7,nan,5.875949568,nan,nan,16.0,0.0,16,nan
12.53895082473755,34.53237410071942,38.293471232,68.7,nan,5.875949568,nan,nan,16.0,0.0,16,nan
12.555622959136963,34.53237410071942,38.293471232,68.7,nan,5.875949568,nan,nan,16.0,0.0,16,nan
12.572295399506887,34.53237410071942,38.293471232,68.7,nan,5.875949568,nan,nan,16.0,0.0,16,nan
12.588967808087666,34.53237410071942,38.49879552,68.7,nan,5.875949568,nan,nan,16.0,0.0,16,nan
12.605639982223511,34.53237410071942,38.49879552,68.7,nan,5.875949568,nan,nan,16.0,0.0,16,nan
12.622312339146932,34.71223021582733,38.49879552,68.7,nan,5.875949568,nan,nan,16.0,0.0,16,nan
12.638984672228496,34.89208633093526,38.49879552,68.7,nan,5.875949568,nan,nan,16.0,0.0,16,nan
12.655657505989074,34.89208633093526,38.49879552,68.7,nan,5.875949568,nan,nan,16.0,0.0,16,nan
12.67233014901479,34.89208633093526,38.49879552,68.7,nan,5.875949568,nan,nan,16.0,0.0,16,nan
12.689002978801728,35.07194244604317,38.704119808,68.7,nan,5.875949568,nan,nan,16.0,0.0,16,nan
12.70567838748296,35.07194244604317,38.704119808,68.7,nan,5.875949568,nan,nan,16.0,0.0,16,nan
12.722351781527202,35.07194244604317,38.704119808,68.7,nan,5.875949568,nan,nan,16.0,0.0,16,nan
12.739024158318838,35.07194244604317,38.704119808,68.7,nan,5.875949568,nan,nan,16.0,0.0,16,nan
12.75569638411204,35.07194244604317,38.704119808,68.7,nan,5.875949568,nan,nan,16.0,0.0,16,nan
12.772368490695953,35.251798561151084,38.704119808,68.7,nan,5.875949568,nan,nan,16.0,0.0,16,nan
12.78904054959615,35.431654676258994,38.704119808,68.7,nan,5.875949568,nan,nan,16.0,0.0,16,nan
12.805713109175365,35.431654676258994,38.704119808,68.7,nan,5.875949568,nan,nan,16.0,0.0,16,nan
12.822385489940643,35.61151079136691,38.704119808,68.7,nan,5.875949568,nan,nan,16.0,0.0,16,nan
12.839058021704355,35.61151079136691,38.909444096,68.7,nan,5.875949568,nan,nan,16.0,0.0,16,nan
12.855731197198232,33.81294964028777,38.909444096,68.7,nan,5.875949568,nan,nan,15.0,0.0,16,nan
12.872403554121654,35.61151079136691,39.114768384,68.7,nan,5.875949568,nan,nan,16.0,0.0,16,nan
12.88907768726349,35.97122302158273,39.114768384,68.7,nan,5.875949568,nan,nan,16.0,0.0,16,nan
12.9057488044103,35.97122302158273,39.114768384,68.7,nan,5.875949568,nan,nan,16.0,0.0,16,nan
12.922421518961588,37.410071942446045,39.114768384,68.7,nan,5.875949568,nan,nan,16.0,0.0,16,nan
12.939097627003987,36.51079136690647,39.320092672,68.7,nan,5.875949568,nan,nan,16.0,0.0,16,nan
12.955769566694896,36.51079136690647,39.320092672,68.7,nan,5.875949568,nan,nan,16.0,0.0,16,nan
12.972444200515747,36.51079136690647,39.52541696,68.7,nan,5.875949568,nan,nan,16.0,0.0,16,nan
12.989117280642192,36.51079136690647,39.52541696,68.7,nan,5.875949568,nan,nan,16.0,0.0,16,nan
13.005789558092753,36.51079136690647,39.52541696,68.7,nan,5.875949568,nan,nan,16.0,0.0,16,nan
13.02246262629827,36.51079136690647,39.52541696,68.7,nan,5.875949568,nan,nan,16.0,0.0,16,nan
13.039135158061981,36.51079136690647,39.52541696,68.7,nan,5.880143872,nan,nan,16.0,0.0,16,nan
13.055807622273763,36.51079136690647,39.52541696,68.7,nan,5.880143872,nan,nan,16.0,0.0,16,nan
13.072480324904124,36.69064748201439,39.52541696,68.7,nan,5.880143872,nan,nan,16.0,0.0,16,nan
13.08915319442749,37.05035971223022,39.730741248,68.7,nan,5.880143872,nan,nan,16.0,0.0,16,nan
13.105828162034353,36.69064748201439,39.730741248,68.7,nan,5.880143872,nan,nan,16.0,0.0,16,nan
13.12250113884608,34.89208633093526,39.730741248,68.7,nan,5.89901824,nan,nan,15.0,0.0,16,nan
13.13917365471522,37.76978417266187,39.730741248,68.7,nan,5.907406848,nan,nan,16.0,0.0,16,nan
13.15584686199824,36.69064748201439,39.730741248,68.7,nan,5.907406848,nan,nan,16.0,0.0,16,nan
13.172519878546398,36.87050359712231,39.730741248,68.7,nan,5.907406848,nan,nan,16.0,0.0,16,nan
13.189195386568706,35.251798561151084,39.730741248,68.7,nan,5.932576768,nan,nan,15.0,0.0,16,nan
13.205867743492126,30.215827338129497,39.730741248,68.7,nan,6.010171392,nan,nan,13.0,0.0,16,nan
13.222541626294454,30.39568345323741,39.730741248,68.7,nan,6.012268544,nan,nan,14.0,0.0,16,nan
13.239214340845743,34.172661870503596,39.936065536,68.7,nan,6.012268544,nan,nan,15.0,0.0,16,nan
13.255887126922607,34.172661870503596,39.936065536,68.7,nan,6.012268544,nan,nan,15.0,0.0,16,nan
13.272561824321746,32.194244604316545,39.936065536,68.7,nan,6.012268544,nan,nan,15.0,0.0,16,nan
13.289235206445058,36.15107913669065,39.936065536,68.7,nan,6.012268544,nan,nan,16.0,0.0,16,nan
13.30590552886327,36.15107913669065,39.936065536,68.7,nan,6.012268544,nan,nan,16.0,0.0,16,nan
13.322578891118367,34.352517985611506,39.936065536,68.7,nan,6.012268544,nan,nan,15.0,0.0,16,nan
13.33925239642461,35.431654676258994,40.141389824,68.7,nan,6.012268544,nan,nan,16.0,0.0,16,nan
13.355929025014241,33.27338129496403,40.141389824,68.7,nan,6.014365696,nan,nan,15.0,0.0,16,nan
13.372604143619537,33.81294964028777,40.346714112,68.7,nan,6.026948608,nan,nan,15.0,0.0,16,nan
13.389280645052592,35.79136690647482,40.346714112,68.7,nan,6.026948608,nan,nan,16.0,0.0,16,nan
13.405953013896942,34.172661870503596,40.346714112,68.7,nan,6.031142912,nan,nan,15.0,0.0,16,nan
13.422630019982655,31.83453237410072,40.346714112,68.7,nan,6.576402432,nan,nan,14.0,0.0,16,nan
13.439299555619558,35.97122302158273,40.5520384,68.7,nan,6.588985344,nan,nan,16.0,0.0,16,nan
13.455971121788025,36.33093525179856,40.5520384,68.7,nan,6.588985344,nan,nan,16.0,0.0,16,nan
13.472644480069478,36.33093525179856,40.5520384,68.7,nan,6.588985344,nan,nan,16.0,0.0,16,nan
13.489315136273701,34.352517985611506,40.5520384,68.7,nan,6.588985344,nan,nan,15.0,0.0,16,nan
13.505984258651733,34.172661870503596,40.757362688,68.7,nan,6.588985344,nan,nan,15.0,0.0,16,nan
13.522655495007832,36.51079136690647,40.962686976,68.7,nan,6.588985344,nan,nan,16.0,0.0,16,nan
13.539332139492036,36.51079136690647,40.962686976,68.7,nan,6.588985344,nan,nan,16.0,0.0,16,nan
13.556007726987202,36.69064748201439,41.168011264,68.7,nan,6.588985344,nan,nan,16.0,0.0,16,nan
13.572682877381643,38.30935251798561,41.168011264,68.7,nan,6.588985344,nan,nan,16.0,0.0,16,nan
13.58935250043869,35.61151079136691,41.373335552,68.7,nan,6.588985344,nan,nan,15.0,0.0,16,nan
13.606028425693513,36.69064748201439,41.373335552,68.7,nan,6.588985344,nan,nan,16.0,0.0,16,nan
13.622700647513073,34.89208633093526,41.373335552,68.7,nan,6.588985344,nan,nan,15.0,0.0,16,nan
13.639374788602193,36.87050359712231,41.373335552,68.7,nan,6.588985344,nan,nan,16.0,0.0,16,nan
13.656050856908163,34.53237410071942,41.373335552,68.7,nan,6.588985344,nan,nan,15.0,0.0,16,nan
13.672722045580546,35.61151079136691,41.373335552,68.7,nan,6.588985344,nan,nan,15.0,0.0,16,nan
13.689401618639629,37.23021582733813,41.57865984,68.7,nan,6.588985344,nan,nan,16.0,0.0,16,nan
13.706074194113414,37.23021582733813,41.57865984,68.7,nan,6.591082496,nan,nan,16.0,0.0,16,nan
13.722750322024028,38.12949640287769,41.57865984,68.7,nan,6.591082496,nan,nan,16.0,0.0,16,nan
13.739420600732167,37.589928057553955,41.57865984,68.7,nan,6.591082496,nan,nan,16.0,0.0,16,nan
13.756094074249267,37.589928057553955,41.57865984,68.7,nan,6.591082496,nan,nan,16.0,0.0,16,nan
13.772765100002289,37.589928057553955,41.57865984,68.7,nan,6.591082496,nan,nan,16.0,0.0,16,nan
13.789434138933817,35.61151079136691,41.57865984,68.7,nan,6.591082496,nan,nan,15.0,0.0,16,nan
13.806111641724904,37.05035971223022,41.57865984,68.7,nan,6.591082496,nan,nan,16.0,0.0,16,nan
13.822785989443462,32.014388489208635,41.57865984,68.7,nan,6.591082496,nan,nan,14.0,0.0,16,nan
13.839458048343658,33.992805755395686,41.57865984,68.7,nan,6.591082496,nan,nan,15.0,0.0,16,nan
13.856134057044983,35.251798561151084,41.783984128,68.7,nan,6.591082496,nan,nan,15.0,0.0,16,nan
13.872807888189952,37.23021582733813,41.783984128,68.7,nan,6.591082496,nan,nan,16.0,0.0,16,nan
13.889478087425232,37.23021582733813,41.783984128,68.7,nan,6.603665408,nan,nan,16.0,0.0,16,nan
13.906150714556377,36.87050359712231,41.783984128,68.7,nan,6.603665408,nan,nan,16.0,0.0,16,nan
13.922830704847971,36.87050359712231,41.783984128,68.7,nan,6.609956864,nan,nan,16.0,0.0,16,nan
13.939504222075145,37.05035971223022,41.783984128,68.7,nan,6.609956864,nan,nan,16.0,0.0,16,nan
13.956179058551788,37.23021582733813,41.783984128,68.7,nan,6.609956864,nan,nan,16.0,0.0,16,nan
13.972851145267487,37.410071942446045,41.783984128,68.7,nan,6.609956864,nan,nan,16.0,0.0,16,nan
13.989529645442962,37.410071942446045,41.783984128,68.7,nan,6.609956864,nan,nan,16.0,0.0,16,nan
14.006202375888824,37.589928057553955,41.783984128,68.7,nan,6.609956864,nan,nan,16.0,0.0,16,nan
14.022879306475321,37.589928057553955,41.783984128,68.7,nan,6.609956864,nan,nan,16.0,0.0,16,nan
14.039554349581401,34.53237410071942,41.783984128,68.7,nan,6.609956864,nan,nan,15.0,0.0,16,nan
14.056228029727937,37.76978417266187,41.989308416,68.7,nan,6.62044672,nan,nan,16.0,0.0,16,nan
14.072900601228078,37.94964028776978,41.989308416,68.7,nan,6.62044672,nan,nan,16.0,0.0,16,nan
14.089573073387147,35.61151079136691,41.989308416,68.7,nan,6.62044672,nan,nan,15.0,0.0,16,nan
14.106246125698089,36.33093525179856,41.989308416,68.7,nan,6.651904,nan,nan,15.0,0.0,16,nan
14.122920489311218,37.76978417266187,42.194632704,68.7,nan,6.651904,nan,nan,16.0,0.0,16,nan
14.13959546883901,38.30935251798561,42.194632704,68.7,nan,6.651904,nan,nan,15.0,0.0,16,nan
14.156268473466238,35.431654676258994,42.399956992,68.7,nan,6.674972672,nan,nan,15.0,0.0,16,nan
14.172937675317128,37.94964028776978,42.399956992,68.7,nan,6.674972672,nan,nan,16.0,0.0,16,nan
14.189614307880401,35.97122302158273,42.399956992,68.7,nan,6.674972672,nan,nan,15.0,0.0,16,nan
14.206286815802256,38.30935251798561,42.60528128,68.7,nan,6.674972672,nan,nan,16.0,0.0,16,nan
14.22296710809072,32.014388489208635,42.60528128,68.7,nan,6.681264128,nan,nan,14.0,0.0,16,nan
14.239639814694723,32.37410071942446,42.60528128,68.7,nan,6.748393472,nan,nan,14.0,0.0,16,nan
14.256315251191458,32.37410071942446,42.60528128,68.7,nan,6.792433664,nan,nan,14.0,0.0,16,nan
14.272988351186116,37.76978417266187,42.810605568,68.7,nan,6.792433664,nan,nan,16.0,0.0,16,nan
14.2896617213885,37.410071942446045,43.015929856,68.7,nan,6.792433664,nan,nan,16.0,0.0,16,nan
14.306333374977111,37.589928057553955,43.221254144,68.7,nan,6.792433664,nan,nan,16.0,0.0,16,nan
14.323005930582683,37.589928057553955,43.221254144,68.7,nan,6.792433664,nan,nan,16.0,0.0,16,nan
14.339679582913716,34.53237410071942,43.221254144,68.7,nan,6.821793792,nan,nan,15.0,0.0,16,nan
14.356349881490072,34.53237410071942,43.221254144,68.7,nan,6.832336896,nan,nan,15.0,0.0,16,nan
14.37301870584488,34.53237410071942,43.221254144,68.7,nan,6.838628352,nan,nan,15.0,0.0,16,nan
14.389697563648223,38.48920863309353,43.221254144,68.7,nan,6.838628352,nan,nan,16.0,0.0,16,nan
14.406371355056763,38.12949640287769,43.426578432,68.7,nan,6.838628352,nan,nan,15.0,0.0,16,nan
14.423046334584553,38.12949640287769,43.63190272,68.7,nan,6.838628352,nan,nan,16.0,0.0,16,nan
14.439715834458669,38.12949640287769,43.63190272,68.7,nan,6.838628352,nan,nan,16.0,0.0,16,nan
14.456390551726024,37.94964028776978,43.63190272,68.7,nan,6.838628352,nan,nan,16.0,0.0,16,nan
14.47306621869405,32.37410071942446,43.63190272,68.7,nan,6.838628352,nan,nan,14.0,0.0,16,nan
14.489741532007853,34.71223021582733,43.63190272,68.7,nan,6.838628352,nan,nan,15.0,0.0,16,nan
14.506414111455282,32.73381294964028,43.63190272,68.7,nan,6.838628352,nan,nan,14.0,0.0,16,nan
14.523089134693146,34.71223021582733,43.63190272,68.7,nan,6.842822656,nan,nan,15.0,0.0,16,nan
14.539764475822448,37.94964028776978,43.63190272,68.7,nan,6.842822656,nan,nan,16.0,0.0,16,nan
14.55643779039383,37.94964028776978,43.63190272,68.7,nan,6.842822656,nan,nan,16.0,0.0,16,nan
14.573112201690673,37.94964028776978,43.63190272,68.7,nan,6.842822656,nan,nan,16.0,0.0,16,nan
14.589784558614095,37.76978417266187,43.837227008,68.7,nan,6.842822656,nan,nan,16.0,0.0,16,nan
14.606457324822744,37.76978417266187,43.837227008,68.7,nan,6.842822656,nan,nan,16.0,0.0,16,nan
14.623129717508952,34.352517985611506,44.042551296,68.7,nan,6.842822656,nan,nan,15.0,0.0,16,nan
14.639802281061808,34.352517985611506,44.042551296,68.7,nan,6.842822656,nan,nan,15.0,0.0,16,nan
14.656474451224009,34.352517985611506,44.042551296,68.7,nan,6.842822656,nan,nan,15.0,0.0,16,nan
14.673147014776866,37.589928057553955,44.042551296,68.7,nan,6.842822656,nan,nan,16.0,0.0,16,nan
14.689819657802582,37.94964028776978,44.042551296,68.7,nan,6.842822656,nan,nan,16.0,0.0,16,nan
14.706494430700937,38.12949640287769,44.042551296,68.7,nan,6.842822656,nan,nan,16.0,0.0,16,nan
14.723166811466218,38.12949640287769,44.042551296,68.7,nan,6.842822656,nan,nan,16.0,0.0,16,nan
14.73983979622523,38.48920863309353,44.042551296,68.7,nan,6.842822656,nan,nan,16.0,0.0,16,nan
14.756511076291401,38.48920863309353,44.042551296,68.7,nan,6.842822656,nan,nan,16.0,0.0,16,nan
14.773183250427246,38.66906474820144,44.042551296,68.7,nan,6.842822656,nan,nan,16.0,0.0,16,nan
14.789856378237406,36.33093525179856,44.042551296,68.7,nan,6.842822656,nan,nan,15.0,0.0,16,nan
14.806529053052266,36.33093525179856,44.042551296,68.7,nan,6.84701696,nan,nan,15.0,0.0,16,nan
14.823201203346253,36.33093525179856,44.042551296,68.7,nan,6.853308416,nan,nan,15.0,0.0,16,nan
14.83987362384796,36.87050359712231,44.042551296,68.7,nan,6.861697024,nan,nan,15.0,0.0,16,nan
14.856546382109324,36.69064748201439,44.247875584,68.7,nan,6.968651776,nan,nan,15.0,0.0,16,nan
14.873219374815623,36.69064748201439,44.247875584,68.7,nan,6.985428992,nan,nan,15.0,0.0,16,nan
14.889894183476766,36.69064748201439,44.247875584,68.7,nan,6.985428992,nan,nan,15.0,0.0,16,nan
14.90656734307607,36.69064748201439,44.247875584,68.7,nan,6.987526144,nan,nan,15.0,0.0,16,nan
14.92324149608612,37.410071942446045,44.247875584,68.7,nan,6.072905728,nan,nan,15.0,1.0,16,nan
14.939914246400198,35.79136690647482,44.247875584,68.7,nan,6.072905728,nan,nan,15.0,0.0,16,nan
14.956587151686351,38.30935251798561,44.247875584,68.7,nan,6.072905728,nan,nan,16.0,0.0,16,nan
14.973262004057567,37.76978417266187,44.247875584,68.7,nan,6.072905728,nan,nan,16.0,0.0,16,nan
14.989936888217926,37.94964028776978,44.453199872,68.7,nan,6.072905728,nan,nan,16.0,0.0,16,nan
15.006611943244934,34.53237410071942,44.453199872,68.7,nan,6.072905728,nan,nan,15.0,0.0,16,nan
15.023284792900085,37.05035971223022,44.453199872,68.7,nan,6.131625984,nan,nan,15.0,0.0,16,nan
15.039962057272593,35.431654676258994,44.453199872,68.7,nan,6.13791744,nan,nan,15.0,0.0,16,nan
15.056636373202005,35.07194244604317,44.453199872,68.7,nan,6.144208896,nan,nan,15.0,0.0,16,nan
15.073315680027008,35.07194244604317,44.453199872,68.7,nan,6.190333952,nan,nan,15.0,0.0,16,nan
15.08999046087265,38.66906474820144,44.65852416,68.7,nan,6.190333952,nan,nan,16.0,0.0,16,nan
15.106663870811463,38.48920863309353,44.915228672,68.7,nan,6.190333952,nan,nan,16.0,0.0,16,nan
15.123336748282115,38.66906474820144,45.12055296,68.7,nan,6.190333952,nan,nan,16.0,0.0,16,nan
15.140012907981873,38.66906474820144,45.12055296,68.7,nan,6.190333952,nan,nan,16.0,0.0,16,nan
15.156683814525604,39.02877697841727,45.12055296,68.7,nan,6.190333952,nan,nan,16.0,0.0,16,nan
15.173354490598042,38.84892086330935,45.12055296,68.7,nan,6.19872256,nan,nan,16.0,0.0,16,nan
15.190024185180665,39.02877697841727,45.12055296,68.7,nan,6.19872256,nan,nan,16.0,0.0,16,nan
15.20669732093811,39.02877697841727,45.12055296,68.7,nan,6.19872256,nan,nan,16.0,0.0,16,nan
15.223370556036631,35.61151079136691,45.12055296,68.7,nan,6.19872256,nan,nan,15.0,0.0,16,nan
15.240047164758046,34.352517985611506,45.12055296,68.7,nan,6.251208704,nan,nan,14.0,0.0,16,nan
15.256721417109171,36.51079136690647,45.377257472,68.7,nan,6.251208704,nan,nan,15.0,0.0,16,nan
15.273398343722025,39.38848920863309,45.377257472,68.7,nan,6.26798592,nan,nan,16.0,0.0,16,nan
15.290072305997212,35.97122302158273,45.377257472,68.7,nan,6.270083072,nan,nan,15.0,0.0,16,nan
15.306746701399485,38.84892086330935,45.377257472,68.7,nan,6.305734656,nan,nan,16.0,0.0,16,nan
15.32342205842336,33.45323741007194,45.377257472,68.7,nan,6.347677696,nan,nan,14.0,0.0,16,nan
15.340096843242645,36.33093525179856,45.58258176,68.7,nan,6.377037824,nan,nan,15.0,0.0,16,nan
15.356772685050965,38.84892086330935,45.58258176,68.7,nan,6.377037824,nan,nan,16.0,0.0,16,nan
15.373448594411213,37.23021582733813,45.58258176,68.7,nan,6.410592256,nan,nan,15.0,0.0,16,nan
15.390123359362285,37.23021582733813,45.58258176,68.7,nan,6.41478656,nan,nan,15.0,0.0,16,nan
15.4067977309227,37.23021582733813,45.58258176,68.7,nan,6.423175168,nan,nan,15.0,0.0,16,nan
15.423472567399342,37.589928057553955,45.58258176,68.7,nan,6.42527232,nan,nan,15.0,0.0,16,nan
15.440149533748627,37.589928057553955,45.58258176,68.7,nan,6.557392896,nan,nan,15.0,0.0,16,nan
15.456823647022247,33.27338129496403,45.58258176,68.7,nan,6.578364416,nan,nan,13.0,0.0,16,nan
15.473497239748637,37.76978417266187,45.58258176,68.7,nan,6.578364416,nan,nan,15.0,0.0,16,nan
15.490172195434571,36.51079136690647,45.58258176,68.7,nan,6.578364416,nan,nan,14.0,0.0,16,nan
15.506846912701924,35.431654676258994,45.787906048,68.7,nan,6.240743424,nan,nan,14.0,0.0,16,nan
15.52352062066396,39.02877697841727,45.993230336,68.7,nan,6.242840576,nan,nan,16.0,0.0,16,nan
15.540199184417725,39.02877697841727,45.993230336,68.7,nan,6.242840576,nan,nan,16.0,0.0,16,nan
15.556870583693186,34.53237410071942,45.993230336,68.7,nan,6.24703488,nan,nan,14.0,0.0,16,nan
15.573548865318298,36.51079136690647,46.198554624,68.7,nan,6.24703488,nan,nan,15.0,0.0,16,nan
15.590223010381063,39.20863309352518,46.198554624,68.7,nan,6.24703488,nan,nan,16.0,0.0,16,nan
15.60689725081126,39.20863309352518,46.198554624,68.7,nan,6.295269376,nan,nan,16.0,0.0,16,nan
15.623568121592204,37.589928057553955,46.403878912,68.7,nan,6.297366528,nan,nan,15.0,0.0,16,nan
15.64024477005005,39.38848920863309,46.403878912,68.7,nan,6.297366528,nan,nan,16.0,0.0,16,nan
15.656916097799938,39.38848920863309,46.403878912,68.7,nan,6.297366528,nan,nan,16.0,0.0,16,nan
15.673587024211884,36.69064748201439,46.403878912,68.7,nan,6.307852288,nan,nan,15.0,0.0,16,nan
15.690261777242025,33.63309352517986,46.660583424,68.7,nan,6.316240896,nan,nan,14.0,0.0,16,nan
15.706932910283406,33.81294964028777,46.865907712,68.7,nan,6.35189248,nan,nan,14.0,0.0,16,nan
15.723605902989705,34.352517985611506,46.865907712,68.7,nan,6.439972864,nan,nan,14.0,0.0,16,nan
15.740279126167298,37.410071942446045,47.071232,68.7,nan,6.452555776,nan,nan,15.0,0.0,16,nan
15.756952893733978,36.33093525179856,47.071232,68.7,nan,6.463041536,nan,nan,14.0,0.0,16,nan
15.773622651894888,37.589928057553955,47.071232,68.7,nan,6.46723584,nan,nan,15.0,0.0,16,nan
15.79029523531596,33.992805755395686,47.071232,68.7,nan,6.4777216,nan,nan,13.0,0.0,16,nan
15.80697142680486,36.15107913669065,47.481880576,68.7,nan,6.51548672,nan,nan,14.0,0.0,16,nan
15.823647705713908,38.30935251798561,47.687204864,68.7,nan,6.530166784,nan,nan,15.0,0.0,16,nan
15.840320114294688,38.30935251798561,47.687204864,68.7,nan,6.534361088,nan,nan,15.0,0.0,16,nan
15.85699606736501,36.33093525179856,47.687204864,68.7,nan,6.534361088,nan,nan,14.0,0.0,16,nan
15.873669052124024,36.33093525179856,47.687204864,68.7,nan,6.538555392,nan,nan,14.0,0.0,16,nan
15.890350274244945,38.30935251798561,47.687204864,68.7,nan,6.549041152,nan,nan,15.0,0.0,16,nan
15.907023270924887,37.589928057553955,47.687204864,68.7,nan,6.578397184,nan,nan,14.0,0.0,16,nan
15.92369757493337,38.12949640287769,47.687204864,68.7,nan,6.609870848,nan,nan,15.0,0.0,16,nan
15.940371056397757,41.18705035971223,47.687204864,68.7,nan,6.609870848,nan,nan,16.0,0.0,16,nan
15.957048690319061,39.20863309352518,47.687204864,68.7,nan,6.609870848,nan,nan,15.0,0.0,16,nan
15.973722863197327,41.36690647482014,47.687204864,68.7,nan,6.609870848,nan,nan,15.0,0.0,16,nan
15.990397906303405,38.30935251798561,47.687204864,68.7,nan,6.609870848,nan,nan,15.0,0.0,16,nan
16.00707062880198,38.48920863309353,47.687204864,68.7,nan,6.611968,nan,nan,15.0,0.0,16,nan
16.02374938329061,35.07194244604317,47.687204864,68.7,nan,6.624550912,nan,nan,13.0,0.0,16,nan
16.040421748161314,38.48920863309353,47.687204864,68.7,nan,6.624550912,nan,nan,15.0,0.0,16,nan
16.05709547996521,38.48920863309353,47.687204864,68.7,nan,6.624550912,nan,nan,15.0,0.0,16,nan
16.073768202463786,38.48920863309353,47.687204864,68.7,nan,6.624550912,nan,nan,15.0,0.0,16,nan
16.09044089714686,35.61151079136691,47.687204864,68.7,nan,6.624550912,nan,nan,14.0,0.0,16,nan
16.107112336158753,38.66906474820144,47.687204864,68.7,nan,6.624550912,nan,nan,15.0,0.0,16,nan
16.123784828186036,38.84892086330935,47.687204864,68.7,nan,6.624550912,nan,nan,15.0,0.0,16,nan
16.14045560757319,38.84892086330935,47.687204864,68.7,nan,6.008147968,nan,nan,15.0,0.0,15,nan
16.157128771146137,40.10791366906474,47.892529152,68.7,nan,6.244917248,nan,nan,16.0,0.0,16,nan
16.173800778388976,39.568345323741006,47.892529152,68.7,nan,6.244917248,nan,nan,16.0,0.0,16,nan
16.19047372341156,39.92805755395683,47.892529152,68.7,nan,6.244917248,nan,nan,16.0,0.0,16,nan
16.207146406173706,39.748201438848916,47.892529152,68.7,nan,6.244917248,nan,nan,16.0,0.0,16,nan
16.223818997542065,39.748201438848916,48.09785344,68.7,nan,6.244917248,nan,nan,16.0,0.0,16,nan
16.2404913187027,39.748201438848916,48.303177728,68.7,nan,6.272180224,nan,nan,16.0,0.0,16,nan
16.25716361204783,36.15107913669065,48.303177728,68.7,nan,6.272180224,nan,nan,15.0,0.0,16,nan
16.27383625904719,36.33093525179856,48.303177728,68.7,nan,6.274277376,nan,nan,15.0,0.0,16,nan
16.290513853232067,33.27338129496403,48.303177728,68.7,nan,6.27847168,nan,nan,14.0,0.0,16,nan
16.3071870525678,36.15107913669065,48.508502016,68.7,nan,6.024794112,nan,nan,16.0,0.0,16,nan
16.323862878481545,35.431654676258994,48.508502016,68.7,nan,6.070935552,nan,nan,15.0,0.0,16,nan
16.340535918871563,35.61151079136691,48.508502016,68.7,nan,6.10678784,nan,nan,15.0,0.0,16,nan
16.357210810979208,36.51079136690647,48.508502016,68.7,nan,6.10678784,nan,nan,16.0,0.0,16,nan
16.373884077866872,36.15107913669065,48.713826304,68.7,nan,6.10678784,nan,nan,16.0,0.0,16,nan
16.390556633472443,36.15107913669065,48.713826304,68.7,nan,6.10678784,nan,nan,16.0,0.0,16,nan
16.407229363918304,33.27338129496403,48.713826304,68.7,nan,6.119370752,nan,nan,15.0,0.0,16,nan
16.42390504280726,32.37410071942446,48.713826304,68.7,nan,6.194888704,nan,nan,14.0,0.0,16,nan
16.440578615665437,32.73381294964028,48.713826304,68.7,nan,6.238928896,nan,nan,13.0,0.0,16,nan
16.45725098053614,31.83453237410072,48.713826304,68.7,nan,6.238928896,nan,nan,14.0,0.0,16,nan
16.47392371495565,33.992805755395686,48.713826304,68.7,nan,6.238928896,nan,nan,15.0,0.0,16,nan
16.490596361955006,34.172661870503596,48.713826304,68.7,nan,6.238928896,nan,nan,15.0,0.0,16,nan
16.507268528143566,34.89208633093526,48.713826304,68.7,nan,6.241026048,nan,nan,15.0,0.0,16,nan
16.523941167195638,34.352517985611506,48.713826304,68.7,nan,6.241026048,nan,nan,15.0,0.0,16,nan
16.540614120165507,34.352517985611506,48.713826304,68.7,nan,6.241026048,nan,nan,14.0,0.0,16,nan
16.557285658518474,34.172661870503596,48.919150592,68.7,nan,6.241026048,nan,nan,15.0,0.0,16,nan
16.57395683924357,34.172661870503596,48.919150592,68.7,nan,6.241026048,nan,nan,15.0,0.0,16,nan
16.590629490216575,34.89208633093526,48.919150592,68.7,nan,6.241026048,nan,nan,15.0,0.0,16,nan
16.607301207383475,34.53237410071942,49.12447488,68.7,nan,6.241026048,nan,nan,15.0,0.0,16,nan
16.623973568280537,34.71223021582733,49.12447488,68.7,nan,6.241026048,nan,nan,15.0,0.0,16,nan
16.640645229816435,34.71223021582733,49.12447488,68.7,nan,6.241026048,nan,nan,15.0,0.0,16,nan
16.65731827815374,34.71223021582733,49.12447488,68.7,nan,6.241026048,nan,nan,15.0,0.0,16,nan
16.673991318543752,34.71223021582733,49.12447488,68.7,nan,5.838225408,nan,nan,15.0,0.0,16,nan
16.69066241582235,33.45323741007194,49.12447488,68.7,nan,5.838225408,nan,nan,15.0,0.0,16,nan
16.707334876060486,33.45323741007194,49.12447488,68.7,nan,5.84032256,nan,nan,15.0,0.0,16,nan
16.724007399876914,35.431654676258994,49.12447488,68.7,nan,5.84032256,nan,nan,16.0,0.0,16,nan
16.74068046013514,35.61151079136691,49.12447488,68.7,nan,5.84032256,nan,nan,16.0,0.0,16,nan
16.75735278526942,34.53237410071942,49.12447488,68.7,nan,5.84032256,nan,nan,15.0,0.0,16,nan
16.7740234375,35.79136690647482,49.329799168,68.7,nan,5.84032256,nan,nan,16.0,0.0,16,nan
16.790697272618612,34.89208633093526,49.329799168,68.7,nan,5.886476288,nan,nan,15.0,0.0,16,nan
16.807369939486186,34.89208633093526,49.329799168,68.7,nan,5.947301888,nan,nan,15.0,0.0,16,nan
16.82404626607895,34.89208633093526,49.535123456,68.7,nan,5.97037056,nan,nan,15.0,0.0,16,nan
16.84071913162867,35.97122302158273,49.740447744,68.7,nan,5.97037056,nan,nan,16.0,0.0,16,nan
16.857391635576885,35.97122302158273,49.740447744,68.7,nan,5.97037056,nan,nan,16.0,0.0,16,nan
16.874064842859905,35.97122302158273,49.740447744,68.7,nan,5.97037056,nan,nan,16.0,0.0,16,nan
16.890737370649973,36.15107913669065,49.740447744,68.7,nan,5.972467712,nan,nan,16.0,0.0,16,nan
16.907408142089842,36.33093525179856,49.740447744,68.7,nan,5.972467712,nan,nan,16.0,0.0,16,nan
16.924087715148925,34.172661870503596,49.740447744,68.7,nan,5.972467712,nan,nan,15.0,0.0,16,nan
16.940766068299613,34.71223021582733,49.740447744,68.7,nan,5.982953472,nan,nan,15.0,0.0,16,nan
16.957440173625947,35.97122302158273,49.945772032,68.7,nan,5.982953472,nan,nan,16.0,0.0,16,nan
16.974111648400626,35.97122302158273,49.945772032,68.7,nan,5.982953472,nan,nan,16.0,0.0,16,nan
16.990786278247832,35.07194244604317,49.945772032,68.7,nan,5.985050624,nan,nan,15.0,0.0,16,nan
17.00746479431788,35.79136690647482,50.356420608,68.7,nan,5.985050624,nan,nan,16.0,0.0,16,nan
17.024136606852213,35.79136690647482,50.356420608,68.7,nan,5.985050624,nan,nan,16.0,0.0,16,nan
17.040807298819225,35.97122302158273,50.356420608,68.7,nan,5.985050624,nan,nan,16.0,0.0,16,nan
17.057478074232737,34.53237410071942,50.356420608,68.7,nan,5.985050624,nan,nan,15.0,0.0,16,nan
17.07415207227071,35.251798561151084,50.356420608,68.7,nan,5.985050624,nan,nan,16.0,0.0,16,nan
17.09082479874293,32.194244604316545,50.356420608,68.7,nan,5.985050624,nan,nan,14.0,0.0,16,nan
17.107497262954713,36.15107913669065,50.561744896,68.7,nan,6.024896512,nan,nan,16.0,0.0,16,nan
17.124169770876566,35.97122302158273,50.972393472,68.7,nan,6.024896512,nan,nan,16.0,0.0,16,nan
17.140843947728474,34.89208633093526,50.972393472,68.7,nan,6.024896512,nan,nan,15.0,0.0,16,nan
17.157515168190002,35.97122302158273,50.972393472,68.7,nan,6.024896512,nan,nan,16.0,0.0,16,nan
17.17418676217397,35.97122302158273,50.972393472,68.7,nan,6.024896512,nan,nan,16.0,0.0,16,nan
17.190861876805624,34.89208633093526,50.972393472,68.7,nan,6.024896512,nan,nan,15.0,0.0,16,nan
17.207537090778352,36.33093525179856,51.17771776,68.7,nan,6.024896512,nan,nan,16.0,0.0,16,nan
17.224210250377656,36.87050359712231,51.17771776,68.7,nan,6.024896512,nan,nan,16.0,0.0,16,nan
17.240882925192516,36.51079136690647,51.383042048,68.7,nan,6.024896512,nan,nan,16.0,0.0,16,nan
17.257555512587228,34.352517985611506,51.383042048,68.7,nan,6.043766784,nan,nan,15.0,0.0,16,nan
17.274228644371032,35.431654676258994,51.383042048,68.7,nan,6.045863936,nan,nan,15.0,0.0,16,nan
17.29090127547582,36.87050359712231,51.588366336,68.7,nan,6.047961088,nan,nan,16.0,0.0,16,nan
17.307573195298513,38.30935251798561,51.588366336,68.7,nan,6.047961088,nan,nan,16.0,0.0,16,nan
17.324248186747234,34.53237410071942,51.793690624,68.7,nan,6.047961088,nan,nan,15.0,0.0,16,nan
17.340919836362204,36.69064748201439,51.793690624,68.7,nan,6.047961088,nan,nan,16.0,0.0,16,nan
17.35759928623835,36.87050359712231,51.793690624,68.7,nan,6.047961088,nan,nan,16.0,0.0,16,nan
17.374273240566254,35.07194244604317,51.793690624,68.7,nan,6.060544,nan,nan,15.0,0.0,16,nan
17.390947278340658,35.07194244604317,51.793690624,68.7,nan,6.115069952,nan,nan,15.0,0.0,16,nan
17.407621117432914,37.23021582733813,51.793690624,68.7,nan,6.125555712,nan,nan,16.0,0.0,16,nan
17.424290498097736,34.89208633093526,51.793690624,68.7,nan,6.125555712,nan,nan,15.0,0.0,16,nan
17.440964909394584,35.251798561151084,51.793690624,68.7,nan,6.127652864,nan,nan,15.0,0.0,16,nan
17.457638720671337,37.410071942446045,51.793690624,68.7,nan,6.127652864,nan,nan,16.0,0.0,16,nan
17.474313779671988,37.410071942446045,51.793690624,68.7,nan,6.127652864,nan,nan,16.0,0.0,16,nan
17.490987801551817,35.251798561151084,51.999014912,68.7,nan,6.138138624,nan,nan,15.0,0.0,16,nan
17.50766497850418,35.251798561151084,51.999014912,68.7,nan,6.140235776,nan,nan,15.0,0.0,16,nan
17.524339803059895,35.07194244604317,51.999014912,68.7,nan,6.142332928,nan,nan,15.0,0.0,16,nan
17.54101461569468,35.251798561151084,51.999014912,68.7,nan,6.152818688,nan,nan,15.0,0.0,16,nan
17.557686432202658,33.09352517985612,51.999014912,68.7,nan,6.171693056,nan,nan,14.0,0.0,16,nan
17.574360664685567,36.51079136690647,51.999014912,68.7,nan,6.17588736,nan,nan,15.0,0.0,16,nan
17.59103542168935,34.53237410071942,52.409663488,68.7,nan,6.177984512,nan,nan,15.0,0.0,16,nan
17.607708009084067,32.194244604316545,52.409663488,68.7,nan,6.177984512,nan,nan,14.0,0.0,16,nan
17.624380314350127,35.07194244604317,52.409663488,68.7,nan,6.177984512,nan,nan,15.0,0.0,16,nan
17.64105235338211,33.63309352517986,52.409663488,68.7,nan,6.188470272,nan,nan,14.0,0.0,16,nan
17.657731449604036,35.07194244604317,52.409663488,68.7,nan,6.188470272,nan,nan,15.0,0.0,16,nan
17.674406119187672,30.935251798561147,52.409663488,68.7,nan,6.209441792,nan,nan,13.0,0.0,16,nan
17.691082608699798,32.73381294964028,52.614987776,68.7,nan,6.215733248,nan,nan,14.0,0.0,16,nan
17.707757155100506,30.755395683453234,52.820312064,68.7,nan,6.232510464,nan,nan,13.0,0.0,16,nan
17.724433473745982,31.83453237410072,53.025636352,68.7,nan,6.236704768,nan,nan,13.0,0.0,16,nan
17.74110415379206,31.11510791366906,53.025636352,68.7,nan,6.253481984,nan,nan,13.0,0.0,16,nan
17.75778113603592,33.27338129496403,53.025636352,68.7,nan,6.261870592,nan,nan,14.0,0.0,16,nan
17.77445386648178,33.27338129496403,53.025636352,68.7,nan,6.26397184,nan,nan,14.0,0.0,16,nan
17.791131913661957,35.431654676258994,53.025636352,68.7,nan,6.28494336,nan,nan,15.0,0.0,16,nan
17.807802891731264,35.431654676258994,53.025636352,68.7,nan,6.287040512,nan,nan,15.0,0.0,16,nan
17.824479603767394,33.63309352517986,53.025636352,68.7,nan,6.289137664,nan,nan,14.0,0.0,16,nan
17.841153931617736,36.69064748201439,53.025636352,68.7,nan,6.291234816,nan,nan,15.0,0.0,16,nan
17.85783253113429,35.07194244604317,53.025636352,68.7,nan,6.291234816,nan,nan,15.0,0.0,16,nan
17.87450663248698,32.9136690647482,53.025636352,68.7,nan,6.297526272,nan,nan,14.0,0.0,16,nan
17.891180272897085,31.294964028776985,53.025636352,68.7,nan,6.297526272,nan,nan,13.0,0.0,16,nan
17.907849542299907,32.9136690647482,53.025636352,68.7,nan,6.297526272,nan,nan,14.0,0.0,16,nan
17.924530092875163,32.9136690647482,53.025636352,68.7,nan,6.297526272,nan,nan,14.0,0.0,16,nan
17.941213810443877,32.9136690647482,53.025636352,68.7,nan,6.297526272,nan,nan,14.0,0.0,16,nan
17.957889950275423,32.9136690647482,53.025636352,68.7,nan,6.299623424,nan,nan,14.0,0.0,16,nan
17.974561389287313,34.53237410071942,53.025636352,68.7,nan,6.299623424,nan,nan,14.0,0.0,16,nan
17.991236925125122,35.61151079136691,53.025636352,68.7,nan,6.299623424,nan,nan,15.0,0.0,16,nan
18.007911936442056,35.79136690647482,53.025636352,68.7,nan,6.299623424,nan,nan,15.0,0.0,16,nan
18.024587182203927,36.33093525179856,53.025636352,68.7,nan,6.299623424,nan,nan,15.0,0.0,16,nan
18.041261613368988,36.15107913669065,53.23096064,68.7,nan,6.299623424,nan,nan,15.0,0.0,16,nan
18.05793596903483,36.15107913669065,53.23096064,68.7,nan,6.299623424,nan,nan,15.0,0.0,16,nan
18.074608345826466,36.15107913669065,53.23096064,68.7,nan,6.299623424,nan,nan,15.0,0.0,16,nan
18.091281640529633,30.935251798561147,53.23096064,68.7,nan,6.299623424,nan,nan,13.0,0.0,16,nan
18.107953254381815,33.81294964028777,53.436284928,68.7,nan,6.299623424,nan,nan,14.0,0.0,16,nan
18.12463173866272,33.81294964028777,53.436284928,68.7,nan,6.299623424,nan,nan,14.0,0.0,16,nan
18.141304250558218,34.172661870503596,53.436284928,68.7,nan,6.299623424,nan,nan,14.0,0.0,16,nan
18.15797890027364,36.87050359712231,53.436284928,68.7,nan,6.299623424,nan,nan,15.0,0.0,16,nan
18.17465102672577,36.51079136690647,53.436284928,68.7,nan,6.299623424,nan,nan,15.0,0.0,16,nan
18.191329511006675,37.05035971223022,53.436284928,68.7,nan,6.299623424,nan,nan,15.0,0.0,16,nan
18.208002662658693,37.05035971223022,53.436284928,68.7,nan,6.299623424,nan,nan,15.0,0.0,16,nan
18.224681492646535,37.05035971223022,53.436284928,68.7,nan,6.299623424,nan,nan,15.0,0.0,16,nan
18.241354525089264,37.05035971223022,53.436284928,68.7,nan,6.299623424,nan,nan,15.0,0.0,16,nan
18.258030450344087,37.05035971223022,53.436284928,68.7,nan,6.301720576,nan,nan,15.0,0.0,16,nan
18.27470492919286,34.53237410071942,53.436284928,68.7,nan,6.301720576,nan,nan,14.0,0.0,16,nan
18.291379261016846,34.71223021582733,53.436284928,68.7,nan,6.301720576,nan,nan,14.0,0.0,16,nan
18.308051832516988,34.71223021582733,53.436284928,68.7,nan,6.301720576,nan,nan,14.0,0.0,16,nan
18.324730185667672,34.71223021582733,53.436284928,68.7,nan,6.301720576,nan,nan,14.0,0.0,16,nan
18.341402423381805,33.09352517985612,53.436284928,68.7,nan,6.301720576,nan,nan,13.0,0.0,16,nan
18.358080915609996,34.89208633093526,53.641609216,68.7,nan,6.301720576,nan,nan,14.0,0.0,16,nan
18.374752370516457,37.589928057553955,53.641609216,68.7,nan,6.301720576,nan,nan,15.0,0.0,16,nan
18.39142959912618,37.94964028776978,53.846933504,68.7,nan,6.301720576,nan,nan,15.0,0.0,16,nan
18.40810284217199,37.94964028776978,53.846933504,68.7,nan,6.301720576,nan,nan,15.0,0.0,16,nan
18.424777722358705,35.431654676258994,53.846933504,68.7,nan,6.314303488,nan,nan,14.0,0.0,16,nan
18.441450516382854,38.12949640287769,53.846933504,68.7,nan,6.31640064,nan,nan,15.0,0.0,16,nan
18.458128956953683,34.53237410071942,53.846933504,68.7,nan,6.387703808,nan,nan,14.0,0.0,16,nan
18.474801282087963,35.431654676258994,54.052257792,68.7,nan,6.44222976,nan,nan,14.0,0.0,16,nan
18.491474493344626,32.014388489208635,54.052257792,68.7,nan,6.622584832,nan,nan,13.0,0.0,16,nan
18.50814677476883,36.87050359712231,54.052257792,68.7,nan,6.65194496,nan,nan,15.0,0.0,16,nan
18.524822183450063,36.87050359712231,54.052257792,68.7,nan,6.65194496,nan,nan,15.0,0.0,16,nan
18.54149556159973,34.71223021582733,54.052257792,68.7,nan,6.65194496,nan,nan,13.0,0.0,16,nan
18.55816823641459,34.89208633093526,54.25758208,68.7,nan,6.65194496,nan,nan,14.0,0.0,16,nan
18.57484129269918,38.12949640287769,54.25758208,68.7,nan,6.654042112,nan,nan,15.0,0.0,16,nan
18.591519061724345,33.992805755395686,54.462906368,68.7,nan,6.654042112,nan,nan,13.0,0.0,16,nan
18.608199258645374,37.589928057553955,54.668230656,68.7,nan,6.654042112,nan,nan,15.0,0.0,16,nan
18.624872612953187,37.94964028776978,54.668230656,68.7,nan,6.654042112,nan,nan,15.0,0.0,16,nan
18.641545502344766,37.94964028776978,54.873554944,68.7,nan,6.658236416,nan,nan,15.0,0.0,16,nan
18.658218129475912,35.61151079136691,54.873554944,68.7,nan,6.658236416,nan,nan,14.0,0.0,16,nan
18.674891046682994,35.251798561151084,54.873554944,68.7,nan,6.660333568,nan,nan,14.0,0.0,16,nan
18.691563578446708,37.589928057553955,54.873554944,68.7,nan,6.660333568,nan,nan,15.0,0.0,16,nan
18.70823477904002,37.589928057553955,54.873554944,68.7,nan,6.660333568,nan,nan,15.0,0.0,16,nan
18.724907358487446,37.589928057553955,54.873554944,68.7,nan,6.660333568,nan,nan,15.0,0.0,16,nan
18.741581173737845,32.73381294964028,54.873554944,68.7,nan,6.660333568,nan,nan,14.0,0.0,16,nan
18.758253530661264,36.87050359712231,54.873554944,68.7,nan,6.660333568,nan,nan,15.0,0.0,16,nan
18.77492963075638,37.23021582733813,54.873554944,68.7,nan,6.660333568,nan,nan,15.0,0.0,16,nan
18.791601951917013,37.23021582733813,54.873554944,68.7,nan,6.660333568,nan,nan,15.0,0.0,16,nan
18.808281338214876,37.23021582733813,54.873554944,68.7,nan,6.660333568,nan,nan,15.0,0.0,16,nan
18.824953917662302,40.10791366906474,54.873554944,68.7,nan,6.660333568,nan,nan,16.0,0.0,16,nan
18.84162855943044,39.568345323741006,54.873554944,68.7,nan,6.660333568,nan,nan,16.0,0.0,16,nan
18.858305354913075,39.568345323741006,54.873554944,68.7,nan,6.660333568,nan,nan,16.0,0.0,16,nan
18.874978172779084,34.53237410071942,54.873554944,68.7,nan,6.66243072,nan,nan,14.0,0.0,16,nan
18.89165083964666,34.53237410071942,54.873554944,68.7,nan,6.668722176,nan,nan,14.0,0.0,16,nan
18.908322409788767,35.251798561151084,54.873554944,68.7,nan,6.698082304,nan,nan,14.0,0.0,16,nan
18.924995843569437,34.71223021582733,54.873554944,68.7,nan,6.698082304,nan,nan,14.0,0.0,16,nan
18.941665772596995,34.71223021582733,54.873554944,68.7,nan,6.698082304,nan,nan,14.0,0.0,16,nan
18.958337163925172,34.71223021582733,54.873554944,68.7,nan,6.698082304,nan,nan,14.0,0.0,16,nan
18.975013049443564,34.71223021582733,54.873554944,68.7,nan,6.698082304,nan,nan,14.0,0.0,16,nan
18.991687488555907,34.71223021582733,54.873554944,68.7,nan,6.698082304,nan,nan,14.0,0.0,16,nan
19.008360262711843,34.71223021582733,54.873554944,68.7,nan,6.698082304,nan,nan,14.0,0.0,16,nan
19.025034884611767,32.37410071942446,54.873554944,68.7,nan,6.698082304,nan,nan,13.0,0.0,16,nan
19.04171065092087,32.55395683453237,54.873554944,68.7,nan,6.431850496,nan,nan,13.0,0.0,16,nan
19.05838588476181,29.67625899280576,54.873554944,68.7,nan,6.4360448,nan,nan,13.0,0.0,16,nan
19.0750580906868,33.45323741007194,55.130259456,68.7,nan,6.4360448,nan,nan,14.0,0.0,16,nan
19.091732454299926,33.63309352517986,55.130259456,68.7,nan,6.4360448,nan,nan,14.0,0.0,16,nan
19.108406194051106,31.11510791366906,55.130259456,68.7,nan,6.45912576,nan,nan,12.0,0.0,16,nan
19.125077704588573,33.992805755395686,55.335583744,68.7,nan,6.463315968,nan,nan,14.0,0.0,16,nan
19.14174836476644,34.172661870503596,55.335583744,68.7,nan,6.463315968,nan,nan,14.0,0.0,16,nan
19.1584214925766,34.352517985611506,55.335583744,68.7,nan,6.463315968,nan,nan,14.0,0.0,16,nan
19.175097743670147,36.69064748201439,55.540908032,68.7,nan,6.46541312,nan,nan,15.0,0.0,16,nan
19.191767744223277,36.69064748201439,55.540908032,68.7,nan,6.058528768,nan,nan,15.0,0.0,15,nan
19.20843915939331,36.69064748201439,55.540908032,68.7,nan,6.058528768,nan,nan,15.0,0.0,15,nan
19.225114103158315,35.79136690647482,55.540908032,68.7,nan,6.058528768,nan,nan,14.0,0.0,15,nan
19.24178698460261,37.76978417266187,55.74623232,68.7,nan,6.073245696,nan,nan,15.0,0.0,15,nan
19.258465055624644,34.89208633093526,55.951556608,68.7,nan,6.073245696,nan,nan,14.0,0.0,15,nan
19.275146810213723,37.23021582733813,55.951556608,68.7,nan,6.073245696,nan,nan,15.0,0.0,15,nan
19.291819620132447,37.23021582733813,55.951556608,68.7,nan,6.073245696,nan,nan,15.0,0.0,15,nan
19.308489028612772,36.15107913669065,55.951556608,68.7,nan,6.073245696,nan,nan,14.0,0.0,15,nan
19.32516084512075,37.23021582733813,55.951556608,68.7,nan,6.073245696,nan,nan,15.0,0.0,15,nan
19.34183249473572,37.23021582733813,55.951556608,68.7,nan,6.073245696,nan,nan,15.0,0.0,15,nan
19.35850619475047,36.15107913669065,55.951556608,68.7,nan,6.073245696,nan,nan,14.0,0.0,15,nan
19.37517907222112,37.589928057553955,56.156880896,68.7,nan,6.073245696,nan,nan,15.0,0.0,15,nan
19.391849792003633,37.76978417266187,56.156880896,68.7,nan,6.073245696,nan,nan,15.0,0.0,15,nan
19.408522069454193,37.76978417266187,56.156880896,68.7,nan,6.073245696,nan,nan,15.0,0.0,15,nan
19.425195829073587,35.431654676258994,56.156880896,68.7,nan,6.073245696,nan,nan,14.0,0.0,15,nan
19.44186794757843,37.76978417266187,56.156880896,68.7,nan,6.073245696,nan,nan,15.0,0.0,15,nan
19.458539187908173,37.76978417266187,56.156880896,68.7,nan,6.073245696,nan,nan,15.0,0.0,15,nan
19.475209657351176,33.45323741007194,56.156880896,68.7,nan,6.073245696,nan,nan,13.0,0.0,15,nan
19.49188009897868,37.94964028776978,56.362205184,68.7,nan,6.075342848,nan,nan,15.0,0.0,15,nan
19.508552404244742,36.69064748201439,56.362205184,68.7,nan,6.075342848,nan,nan,14.0,0.0,15,nan
19.525227614243825,35.79136690647482,56.362205184,68.7,nan,6.075342848,nan,nan,14.0,0.0,15,nan
19.5418981273969,37.76978417266187,56.362205184,68.7,nan,6.075342848,nan,nan,15.0,0.0,15,nan
19.558572129408518,37.76978417266187,56.362205184,68.7,nan,6.075342848,nan,nan,15.0,0.0,15,nan
19.575246365865073,35.431654676258994,56.362205184,68.7,nan,6.075342848,nan,nan,14.0,0.0,15,nan
19.59191914796829,37.76978417266187,56.362205184,68.7,nan,6.075342848,nan,nan,15.0,0.0,15,nan
19.60859091679255,37.76978417266187,56.362205184,68.7,nan,6.075342848,nan,nan,15.0,0.0,15,nan
19.625263261795045,35.431654676258994,56.362205184,68.7,nan,6.07744,nan,nan,14.0,0.0,15,nan
19.6419336438179,34.352517985611506,56.362205184,68.7,nan,6.07744,nan,nan,13.0,0.0,15,nan
19.658603326479593,38.12949640287769,56.567529472,68.7,nan,6.07744,nan,nan,15.0,0.0,15,nan
19.675273064772288,38.30935251798561,56.567529472,68.7,nan,6.07744,nan,nan,15.0,0.0,15,nan
19.69194480975469,35.431654676258994,56.567529472,68.7,nan,6.07744,nan,nan,12.0,0.0,15,nan
19.708614428838093,38.66906474820144,56.978178048,68.7,nan,6.07744,nan,nan,15.0,0.0,15,nan
19.725286320845285,38.66906474820144,56.978178048,68.7,nan,6.07744,nan,nan,15.0,0.0,15,nan
19.74195799827576,38.66906474820144,56.978178048,68.7,nan,6.07744,nan,nan,15.0,0.0,15,nan
19.758626890182494,38.66906474820144,56.978178048,68.7,nan,6.07744,nan,nan,15.0,0.0,15,nan
19.775300109386443,38.66906474820144,56.978178048,68.7,nan,6.07744,nan,nan,15.0,0.0,15,nan
19.791969311237334,35.79136690647482,56.978178048,68.7,nan,6.07744,nan,nan,14.0,0.0,15,nan
19.808639947573344,37.94964028776978,56.978178048,68.7,nan,6.081634304,nan,nan,15.0,0.0,15,nan
19.825312288602195,35.431654676258994,56.978178048,68.7,nan,6.081634304,nan,nan,14.0,0.0,15,nan
19.841986040274303,38.12949640287769,56.978178048,68.7,nan,6.081634304,nan,nan,15.0,0.0,15,nan
19.858657395839693,38.30935251798561,56.978178048,68.7,nan,6.081634304,nan,nan,15.0,0.0,15,nan
19.87533006668091,38.30935251798561,56.978178048,68.7,nan,6.081634304,nan,nan,15.0,0.0,15,nan
19.892002511024476,38.48920863309353,56.978178048,68.7,nan,6.081634304,nan,nan,15.0,0.0,15,nan
19.90867219765981,36.33093525179856,56.978178048,68.7,nan,6.081634304,nan,nan,14.0,0.0,15,nan
19.925341689586638,38.66906474820144,56.978178048,68.7,nan,6.081634304,nan,nan,15.0,0.0,15,nan
19.94201616048813,38.66906474820144,56.978178048,68.7,nan,6.081634304,nan,nan,15.0,0.0,15,nan
19.958687690893807,37.23021582733813,56.978178048,68.7,nan,6.081634304,nan,nan,14.0,0.0,15,nan
19.975365575154623,35.07194244604317,56.978178048,68.7,nan,6.163447808,nan,nan,13.0,0.0,15,nan
19.99203603665034,36.51079136690647,56.978178048,68.7,nan,6.184419328,nan,nan,14.0,0.0,15,nan
20.008706732590994,38.30935251798561,56.978178048,68.7,nan,6.184419328,nan,nan,15.0,0.0,15,nan
20.025381847222647,38.30935251798561,56.978178048,68.7,nan,6.184419328,nan,nan,15.0,0.0,15,nan
20.04205070734024,38.48920863309353,56.978178048,68.7,nan,6.184419328,nan,nan,15.0,0.0,15,nan
20.05872109333674,37.05035971223022,56.978178048,68.7,nan,6.184419328,nan,nan,14.0,0.0,15,nan
20.075396704673768,38.48920863309353,56.978178048,68.7,nan,6.184419328,nan,nan,15.0,0.0,15,nan
20.092069816589355,36.69064748201439,56.978178048,68.7,nan,6.184419328,nan,nan,14.0,0.0,15,nan
20.108752091725666,38.66906474820144,56.978178048,68.7,nan,6.184419328,nan,nan,15.0,0.0,15,nan
20.125432097911833,38.84892086330935,57.183502336,68.7,nan,6.184419328,nan,nan,15.0,0.0,15,nan
20.142105933030447,38.84892086330935,57.183502336,68.7,nan,6.184419328,nan,nan,15.0,0.0,15,nan
20.158779338995615,37.410071942446045,57.183502336,68.7,nan,6.184419328,nan,nan,14.0,0.0,15,nan
20.175456579526266,39.02877697841727,57.388826624,68.7,nan,6.184419328,nan,nan,15.0,0.0,15,nan
20.19212867816289,39.38848920863309,57.388826624,68.7,nan,6.184419328,nan,nan,15.0,0.0,15,nan
20.208804392814635,39.38848920863309,57.388826624,68.7,nan,6.184419328,nan,nan,15.0,0.0,15,nan
20.22548316717148,35.79136690647482,57.388826624,68.7,nan,6.184419328,nan,nan,13.0,0.0,15,nan
20.242155277729033,38.84892086330935,57.388826624,68.7,nan,6.184419328,nan,nan,15.0,0.0,15,nan
20.25882573922475,39.02877697841727,57.388826624,68.7,nan,6.184419328,nan,nan,15.0,0.0,15,nan
20.27549822727839,39.02877697841727,57.388826624,68.7,nan,6.184419328,nan,nan,15.0,0.0,15,nan
20.292169833183287,39.02877697841727,57.388826624,68.7,nan,6.184419328,nan,nan,15.0,0.0,15,nan
20.30884099404017,39.02877697841727,57.388826624,68.7,nan,6.184419328,nan,nan,15.0,0.0,15,nan
20.325512913862863,39.20863309352518,57.388826624,68.7,nan,6.184419328,nan,nan,15.0,0.0,15,nan
20.342186550299328,39.38848920863309,57.388826624,68.7,nan,6.184419328,nan,nan,15.0,0.0,15,nan
20.358861259619395,37.05035971223022,57.388826624,68.7,nan,6.184419328,nan,nan,14.0,0.0,15,nan
20.37553053299586,39.38848920863309,57.594150912,68.7,nan,6.184419328,nan,nan,15.0,0.0,15,nan
20.392204078038535,39.38848920863309,57.594150912,68.7,nan,6.184419328,nan,nan,15.0,0.0,15,nan
20.408880472183228,37.76978417266187,57.594150912,68.7,nan,6.184419328,nan,nan,14.0,0.0,15,nan
20.42555397351583,39.38848920863309,57.7994752,68.7,nan,6.184419328,nan,nan,15.0,0.0,15,nan
20.442227069536845,39.38848920863309,57.7994752,68.7,nan,6.184419328,nan,nan,15.0,0.0,15,nan
20.458897336324057,39.38848920863309,57.7994752,68.7,nan,6.184419328,nan,nan,15.0,0.0,15,nan
20.47557248274485,39.748201438848916,57.7994752,68.7,nan,6.184419328,nan,nan,15.0,0.0,15,nan
20.492249540487926,39.748201438848916,57.7994752,68.7,nan,6.184419328,nan,nan,15.0,0.0,15,nan
20.508919739723204,37.05035971223022,57.7994752,68.7,nan,6.184419328,nan,nan,14.0,0.0,15,nan
20.525598386923473,37.05035971223022,57.7994752,68.7,nan,6.192807936,nan,nan,14.0,0.0,15,nan
20.542272448539734,37.05035971223022,57.7994752,68.7,nan,6.194905088,nan,nan,14.0,0.0,15,nan
20.558946220080056,37.05035971223022,57.7994752,68.7,nan,6.201196544,nan,nan,14.0,0.0,15,nan
20.57561916510264,35.431654676258994,57.7994752,68.7,nan,6.247333888,nan,nan,13.0,0.0,15,nan
20.592300649484,36.87050359712231,58.004799488,68.7,nan,6.264111104,nan,nan,14.0,0.0,15,nan
20.608973709742227,33.81294964028777,58.004799488,68.7,nan,6.266208256,nan,nan,13.0,0.0,15,nan
20.625645804405213,35.79136690647482,58.004799488,68.7,nan,6.268305408,nan,nan,14.0,0.0,15,nan
20.642319436868032,32.014388489208635,58.004799488,68.7,nan,5.63705856,nan,nan,13.0,0.0,14,nan
20.658997599283854,35.97122302158273,58.210123776,68.7,nan,5.63705856,nan,nan,14.0,0.0,14,nan
20.67567064364751,36.33093525179856,58.210123776,68.7,nan,5.63705856,nan,nan,14.0,0.0,14,nan
20.69234131971995,33.992805755395686,58.210123776,68.7,nan,5.63705856,nan,nan,13.0,0.0,14,nan
20.709012639522552,36.51079136690647,58.415448064,68.7,nan,5.63705856,nan,nan,14.0,0.0,14,nan
20.72568634748459,32.194244604316545,58.415448064,68.7,nan,5.63705856,nan,nan,13.0,0.0,14,nan
20.742358072598776,33.09352517985612,58.620772352,68.7,nan,5.63705856,nan,nan,13.0,0.0,14,nan
20.75902804136276,30.935251798561147,58.620772352,68.7,nan,5.65803008,nan,nan,12.0,0.0,14,nan
20.775700143973033,32.55395683453237,58.620772352,68.7,nan,5.681098752,nan,nan,13.0,0.0,14,nan
20.792373057206472,33.63309352517986,59.031420928,68.7,nan,5.702070272,nan,nan,13.0,0.0,14,nan
20.80904575586319,35.61151079136691,59.031420928,68.7,nan,5.71045888,nan,nan,14.0,0.0,14,nan
20.82571751276652,35.79136690647482,59.031420928,68.7,nan,5.71045888,nan,nan,14.0,0.0,14,nan
20.842387529214225,35.79136690647482,59.031420928,68.7,nan,5.71045888,nan,nan,14.0,0.0,14,nan
20.859057704607647,35.79136690647482,59.031420928,68.7,nan,5.71045888,nan,nan,14.0,0.0,14,nan
20.875732417901357,35.79136690647482,59.031420928,68.7,nan,5.71045888,nan,nan,14.0,0.0,14,nan
20.892406376202903,35.97122302158273,59.236745216,68.7,nan,5.71045888,nan,nan,14.0,0.0,14,nan
20.909079857667287,35.97122302158273,59.236745216,68.7,nan,5.71045888,nan,nan,14.0,0.0,14,nan
20.925754332542418,35.97122302158273,59.236745216,68.7,nan,5.71045888,nan,nan,14.0,0.0,14,nan
20.942430810133615,34.172661870503596,59.236745216,68.7,nan,5.71045888,nan,nan,13.0,0.0,14,nan
20.959104136625925,36.15107913669065,59.236745216,68.7,nan,5.71045888,nan,nan,14.0,0.0,14,nan
20.975773680210114,36.15107913669065,59.236745216,68.7,nan,5.71045888,nan,nan,14.0,0.0,14,nan
20.992450086275735,34.172661870503596,59.236745216,68.7,nan,5.71045888,nan,nan,13.0,0.0,14,nan
21.00912388563156,31.83453237410072,59.236745216,68.7,nan,5.71045888,nan,nan,12.0,0.0,14,nan
21.02579931020737,36.33093525179856,59.442069504,68.7,nan,5.71045888,nan,nan,14.0,0.0,14,nan
21.042472155888877,36.69064748201439,59.442069504,68.7,nan,5.71045888,nan,nan,14.0,0.0,14,nan
21.05914433399836,36.87050359712231,59.442069504,68.7,nan,5.71045888,nan,nan,14.0,0.0,14,nan
21.0758193453153,36.87050359712231,59.442069504,68.7,nan,5.71045888,nan,nan,14.0,0.0,14,nan
21.09249364535014,36.87050359712231,59.442069504,68.7,nan,5.71045888,nan,nan,14.0,0.0,14,nan
21.109166951974235,37.23021582733813,59.442069504,68.7,nan,5.71045888,nan,nan,14.0,0.0,14,nan
21.125838085015616,37.23021582733813,59.442069504,68.7,nan,5.71045888,nan,nan,14.0,0.0,14,nan
21.142507795492808,37.23021582733813,59.442069504,68.7,nan,5.71045888,nan,nan,14.0,0.0,14,nan
21.159181094169618,33.81294964028777,59.442069504,68.7,nan,5.71045888,nan,nan,13.0,0.0,14,nan
21.17585503657659,36.87050359712231,59.442069504,68.7,nan,5.71045888,nan,nan,14.0,0.0,14,nan
21.19253285328547,32.9136690647482,59.442069504,68.7,nan,5.723041792,nan,nan,12.0,0.0,14,nan
21.209207804997764,34.71223021582733,59.647393792,68.7,nan,5.733527552,nan,nan,13.0,0.0,14,nan
21.225881131490073,34.71223021582733,59.647393792,68.7,nan,5.733527552,nan,nan,13.0,0.0,14,nan
21.242553015549976,34.71223021582733,59.647393792,68.7,nan,5.733527552,nan,nan,13.0,0.0,14,nan
21.259232584635416,34.71223021582733,59.647393792,68.7,nan,5.733527552,nan,nan,13.0,0.0,14,nan
21.275903256734214,34.71223021582733,59.647393792,68.7,nan,5.733527552,nan,nan,13.0,0.0,14,nan
21.292573869228363,34.89208633093526,59.647393792,68.7,nan,5.733527552,nan,nan,13.0,0.0,14,nan
21.309246095021567,31.83453237410072,59.647393792,68.7,nan,5.735624704,nan,nan,12.0,0.0,14,nan
21.325917597611745,33.45323741007194,59.85271808,68.7,nan,5.735624704,nan,nan,13.0,0.0,14,nan
21.342590975761414,33.45323741007194,59.85271808,68.7,nan,5.735624704,nan,nan,13.0,0.0,14,nan
21.359264278411864,33.45323741007194,59.85271808,68.7,nan,5.735624704,nan,nan,13.0,0.0,14,nan
21.375936607519787,33.81294964028777,59.85271808,68.7,nan,5.737721856,nan,nan,13.0,0.0,14,nan
21.392606568336486,35.97122302158273,59.85271808,68.7,nan,5.737721856,nan,nan,14.0,0.0,14,nan
21.409279942512512,35.97122302158273,59.85271808,68.7,nan,5.737721856,nan,nan,14.0,0.0,14,nan
21.425953857103984,35.97122302158273,59.85271808,68.7,nan,5.737721856,nan,nan,14.0,0.0,14,nan
21.442628781000774,36.15107913669065,59.85271808,68.7,nan,5.737721856,nan,nan,14.0,0.0,14,nan
21.459303867816924,36.51079136690647,59.85271808,68.7,nan,5.750304768,nan,nan,14.0,0.0,14,nan
21.47597727775574,36.15107913669065,60.058042368,68.7,nan,5.750304768,nan,nan,14.0,0.0,14,nan
21.492650369803112,33.992805755395686,60.058042368,68.7,nan,5.750304768,nan,nan,13.0,0.0,14,nan
21.509324296315512,33.992805755395686,60.058042368,68.7,nan,5.750304768,nan,nan,13.0,0.0,14,nan
21.525996788342795,33.992805755395686,60.058042368,68.7,nan,5.750304768,nan,nan,13.0,0.0,14,nan
21.54266884724299,33.992805755395686,60.058042368,68.7,nan,5.75240192,nan,nan,13.0,0.0,14,nan
21.55934042930603,33.992805755395686,60.058042368,68.7,nan,5.75240192,nan,nan,13.0,0.0,14,nan
21.57601240078608,34.172661870503596,60.058042368,68.7,nan,5.754499072,nan,nan,13.0,0.0,14,nan
21.592684801419576,34.172661870503596,60.058042368,68.7,nan,5.754499072,nan,nan,13.0,0.0,14,nan
21.609354615211487,34.172661870503596,60.058042368,68.7,nan,5.754499072,nan,nan,13.0,0.0,14,nan
21.62603166500727,34.172661870503596,60.058042368,68.7,nan,5.754499072,nan,nan,13.0,0.0,14,nan
21.64270203113556,34.172661870503596,60.058042368,68.7,nan,5.754499072,nan,nan,13.0,0.0,14,nan
21.659372822443643,32.55395683453237,60.058042368,68.7,nan,5.771276288,nan,nan,12.0,0.0,14,nan
21.67604288260142,33.81294964028777,60.263366656,68.7,nan,5.77337344,nan,nan,13.0,0.0,14,nan
21.692712076505025,35.97122302158273,60.263366656,68.7,nan,5.77337344,nan,nan,14.0,0.0,14,nan
21.70938223997752,35.97122302158273,60.263366656,68.7,nan,5.77337344,nan,nan,14.0,0.0,14,nan
21.7260574221611,35.97122302158273,60.263366656,68.7,nan,5.77337344,nan,nan,14.0,0.0,14,nan
21.74272922674815,35.97122302158273,60.263366656,68.7,nan,5.77337344,nan,nan,14.0,0.0,14,nan
21.75940424601237,36.33093525179856,60.263366656,68.7,nan,5.77337344,nan,nan,14.0,0.0,14,nan
21.776082837581633,34.352517985611506,60.263366656,68.7,nan,5.77337344,nan,nan,13.0,0.0,14,nan
21.79275614817937,34.352517985611506,60.263366656,68.7,nan,5.788053504,nan,nan,13.0,0.0,14,nan
21.809428401788075,36.51079136690647,60.263366656,68.7,nan,5.792247808,nan,nan,14.0,0.0,14,nan
21.8261008699735,36.69064748201439,60.263366656,68.7,nan,5.792247808,nan,nan,14.0,0.0,14,nan
21.8427698691686,34.53237410071942,60.263366656,68.7,nan,5.792247808,nan,nan,13.0,0.0,14,nan
21.85944137175878,36.69064748201439,60.468690944,68.7,nan,5.792247808,nan,nan,14.0,0.0,14,nan
21.876113347212474,36.87050359712231,60.468690944,68.7,nan,5.792247808,nan,nan,14.0,0.0,14,nan
21.892785227298738,37.05035971223022,60.468690944,68.7,nan,5.792247808,nan,nan,14.0,0.0,14,nan
21.909463079770408,34.71223021582733,60.468690944,68.7,nan,5.792247808,nan,nan,13.0,0.0,14,nan
21.926138361295063,37.23021582733813,60.674015232,68.7,nan,5.792247808,nan,nan,14.0,0.0,14,nan
21.942810809612276,37.23021582733813,60.674015232,68.7,nan,5.792247808,nan,nan,14.0,0.0,14,nan
21.95948197841644,37.23021582733813,60.674015232,68.7,nan,5.792247808,nan,nan,14.0,0.0,14,nan
21.976154204209646,37.23021582733813,60.674015232,68.7,nan,5.792247808,nan,nan,14.0,0.0,14,nan
21.992830777168273,37.23021582733813,60.674015232,68.7,nan,5.792247808,nan,nan,14.0,0.0,14,nan
22.00951423247655,37.23021582733813,60.674015232,68.7,nan,5.792247808,nan,nan,14.0,0.0,14,nan
22.026187018553415,37.410071942446045,60.674015232,68.7,nan,5.792247808,nan,nan,14.0,0.0,14,nan
22.04286294778188,35.251798561151084,60.674015232,68.7,nan,5.792247808,nan,nan,13.0,0.0,14,nan
22.059535988171895,35.251798561151084,60.674015232,68.7,nan,5.796442112,nan,nan,13.0,0.0,14,nan
22.076208202044167,37.589928057553955,60.674015232,68.7,nan,5.796442112,nan,nan,14.0,0.0,14,nan
22.092880249023438,37.589928057553955,60.674015232,68.7,nan,5.796442112,nan,nan,14.0,0.0,14,nan
22.109552335739135,37.76978417266187,60.674015232,68.7,nan,5.796442112,nan,nan,14.0,0.0,14,nan
22.12622465689977,37.76978417266187,60.674015232,68.7,nan,5.796442112,nan,nan,14.0,0.0,14,nan
22.142896986007692,38.30935251798561,60.674015232,68.7,nan,5.796442112,nan,nan,14.0,0.0,14,nan
22.15956919590632,37.76978417266187,60.674015232,68.7,nan,5.796442112,nan,nan,14.0,0.0,14,nan
22.176241715749104,37.94964028776978,60.674015232,68.7,nan,5.796442112,nan,nan,14.0,0.0,14,nan
22.192913850148518,37.94964028776978,60.674015232,68.7,nan,5.796442112,nan,nan,14.0,0.0,14,nan
22.20958644946416,37.94964028776978,60.674015232,68.7,nan,5.796442112,nan,nan,14.0,0.0,14,nan
22.226261297861736,37.94964028776978,60.674015232,68.7,nan,5.796442112,nan,nan,14.0,0.0,14,nan
22.2429319302241,37.94964028776978,60.674015232,68.7,nan,5.796442112,nan,nan,14.0,0.0,14,nan
22.259604581197102,38.12949640287769,60.674015232,68.7,nan,5.796442112,nan,nan,14.0,0.0,14,nan
22.27627912759781,38.12949640287769,60.674015232,68.7,nan,5.796442112,nan,nan,14.0,0.0,14,nan
22.292951186498005,38.12949640287769,60.674015232,68.7,nan,5.796442112,nan,nan,14.0,0.0,14,nan
22.30962350765864,38.48920863309353,60.674015232,68.7,nan,5.796442112,nan,nan,14.0,0.0,14,nan
22.32629576524099,38.48920863309353,60.674015232,68.7,nan,5.796442112,nan,nan,14.0,0.0,14,nan
22.34296847184499,38.48920863309353,60.674015232,68.7,nan,5.796442112,nan,nan,14.0,0.0,14,nan
22.35964653491974,35.97122302158273,60.674015232,68.7,nan,5.796442112,nan,nan,13.0,0.0,14,nan
22.376318148771922,35.97122302158273,60.674015232,68.7,nan,5.798539264,nan,nan,13.0,0.0,14,nan
22.392990481853484,35.97122302158273,60.674015232,68.7,nan,5.798539264,nan,nan,13.0,0.0,14,nan
22.40966647863388,35.97122302158273,60.674015232,68.7,nan,5.37280512,nan,nan,13.0,0.0,13,nan
22.426340993245443,35.97122302158273,60.674015232,68.7,nan,5.37280512,nan,nan,13.0,0.0,13,nan
22.443011581897736,33.09352517985612,60.674015232,68.7,nan,5.37280512,nan,nan,12.0,0.0,13,nan
22.45968681971232,35.79136690647482,60.674015232,68.7,nan,5.37280512,nan,nan,13.0,0.0,13,nan
22.476357976595562,35.79136690647482,60.674015232,68.7,nan,5.37280512,nan,nan,13.0,0.0,13,nan
22.493030496438344,35.97122302158273,60.674015232,68.7,nan,5.37280512,nan,nan,13.0,0.0,13,nan
22.50970016717911,36.15107913669065,60.674015232,68.7,nan,5.37280512,nan,nan,13.0,0.0,13,nan
22.52637848854065,35.97122302158273,60.87933952,68.7,nan,5.37280512,nan,nan,13.0,0.0,13,nan
22.543051465352377,35.97122302158273,60.87933952,68.7,nan,5.37280512,nan,nan,13.0,0.0,13,nan
22.559724028905233,32.194244604316545,60.87933952,68.7,nan,5.37280512,nan,nan,12.0,0.0,13,nan
22.576395161946614,35.251798561151084,60.87933952,68.7,nan,5.37280512,nan,nan,13.0,0.0,13,nan
22.59306771357854,35.251798561151084,60.87933952,68.7,nan,5.37280512,nan,nan,13.0,0.0,13,nan
22.609740463892617,32.73381294964028,60.87933952,68.7,nan,5.37280512,nan,nan,12.0,0.0,13,nan
22.626413464546204,35.431654676258994,61.084663808,68.7,nan,5.37280512,nan,nan,13.0,0.0,13,nan
22.64308477640152,35.431654676258994,61.084663808,68.7,nan,5.37280512,nan,nan,13.0,0.0,13,nan
22.659757359822592,32.73381294964028,61.084663808,68.7,nan,5.37280512,nan,nan,12.0,0.0,13,nan
22.676429975032807,35.61151079136691,61.084663808,68.7,nan,5.37280512,nan,nan,13.0,0.0,13,nan
22.693102141221363,35.61151079136691,61.084663808,68.7,nan,5.37280512,nan,nan,13.0,0.0,13,nan
22.70977340936661,35.61151079136691,61.084663808,68.7,nan,5.37280512,nan,nan,13.0,0.0,13,nan
22.726445535818737,35.61151079136691,61.084663808,68.7,nan,5.37280512,nan,nan,13.0,0.0,13,nan
22.74311777750651,35.61151079136691,61.084663808,68.7,nan,5.37280512,nan,nan,13.0,0.0,13,nan
22.75978988011678,32.9136690647482,61.084663808,68.7,nan,5.37280512,nan,nan,12.0,0.0,13,nan
22.776461323102314,30.215827338129497,61.084663808,68.7,nan,5.37280512,nan,nan,11.0,0.0,13,nan
22.793134315808615,32.9136690647482,61.084663808,68.7,nan,5.37280512,nan,nan,12.0,0.0,13,nan
22.809806748231253,32.9136690647482,61.084663808,68.7,nan,5.37280512,nan,nan,12.0,0.0,13,nan
22.82647923231125,32.9136690647482,61.084663808,68.7,nan,5.37280512,nan,nan,12.0,0.0,13,nan
22.84315141836802,33.09352517985612,61.084663808,68.7,nan,5.37280512,nan,nan,12.0,0.0,13,nan
22.85982394218445,36.69064748201439,61.084663808,68.7,nan,5.37280512,nan,nan,13.0,0.0,13,nan
22.876496728261312,33.45323741007194,61.289988096,68.7,nan,5.37280512,nan,nan,12.0,0.0,13,nan
22.893169128894804,36.51079136690647,61.495312384,68.7,nan,5.37280512,nan,nan,13.0,0.0,13,nan
22.90983982483546,36.51079136690647,61.495312384,68.7,nan,5.37280512,nan,nan,13.0,0.0,13,nan
22.92651248772939,36.51079136690647,61.495312384,68.7,nan,5.37280512,nan,nan,13.0,0.0,13,nan
22.943184610207876,36.51079136690647,61.495312384,68.7,nan,5.37280512,nan,nan,13.0,0.0,13,nan
22.959857642650604,36.51079136690647,61.495312384,68.7,nan,5.37280512,nan,nan,13.0,0.0,13,nan
22.976530039310454,36.51079136690647,61.495312384,68.7,nan,5.37280512,nan,nan,13.0,0.0,13,nan
22.993203322092693,33.63309352517986,61.495312384,68.7,nan,5.37280512,nan,nan,12.0,0.0,13,nan
23.009878448645274,33.63309352517986,61.495312384,68.7,nan,5.37280512,nan,nan,12.0,0.0,13,nan
23.026555426915486,33.81294964028777,61.495312384,68.7,nan,5.37280512,nan,nan,12.0,0.0,13,nan
23.0432280421257,33.81294964028777,61.495312384,68.7,nan,5.387485184,nan,nan,12.0,0.0,13,nan
23.059901559352873,32.73381294964028,61.495312384,68.7,nan,5.387485184,nan,nan,12.0,0.0,13,nan
23.07657433748245,36.69064748201439,61.495312384,68.7,nan,5.387485184,nan,nan,13.0,0.0,13,nan
23.093247358004252,36.69064748201439,61.495312384,68.7,nan,5.387485184,nan,nan,13.0,0.0,13,nan
23.10991948445638,36.87050359712231,61.700636672,68.7,nan,5.387485184,nan,nan,13.0,0.0,13,nan
23.126598560810088,36.87050359712231,61.700636672,68.7,nan,5.387485184,nan,nan,13.0,0.0,13,nan
23.14327078262965,32.73381294964028,61.700636672,68.7,nan,5.387485184,nan,nan,12.0,0.0,13,nan
23.15994580189387,36.33093525179856,61.700636672,68.7,nan,5.387485184,nan,nan,13.0,0.0,13,nan
23.176618270079295,36.33093525179856,61.700636672,68.7,nan,5.387485184,nan,nan,13.0,0.0,13,nan
23.193290638923646,32.014388489208635,61.700636672,68.7,nan,5.387485184,nan,nan,12.0,0.0,13,nan
23.209963325659434,33.27338129496403,61.700636672,68.7,nan,5.387485184,nan,nan,12.0,0.0,13,nan
23.226636139551797,33.27338129496403,61.700636672,68.7,nan,5.387485184,nan,nan,12.0,0.0,13,nan
23.24330764611562,36.51079136690647,61.700636672,68.7,nan,5.387485184,nan,nan,13.0,0.0,13,nan
23.259980928897857,36.51079136690647,61.700636672,68.7,nan,5.387485184,nan,nan,13.0,0.0,13,nan
23.276653238137563,36.69064748201439,61.700636672,68.7,nan,5.387485184,nan,nan,13.0,0.0,13,nan
23.293328213691712,33.992805755395686,61.700636672,68.7,nan,5.389582336,nan,nan,12.0,0.0,13,nan
23.31000060637792,33.992805755395686,61.700636672,68.7,nan,5.389582336,nan,nan,12.0,0.0,13,nan
23.326673070589703,37.05035971223022,61.700636672,68.7,nan,5.389582336,nan,nan,13.0,0.0,13,nan
23.34334525267283,33.992805755395686,61.700636672,68.7,nan,5.389582336,nan,nan,12.0,0.0,13,nan
23.36001783212026,37.410071942446045,61.90596096,68.7,nan,5.389582336,nan,nan,13.0,0.0,13,nan
23.376691671212516,37.589928057553955,61.90596096,68.7,nan,5.389582336,nan,nan,13.0,0.0,13,nan
23.393364278475442,37.76978417266187,61.90596096,68.7,nan,5.389582336,nan,nan,13.0,0.0,13,nan
23.410036758581796,37.94964028776978,61.90596096,68.7,nan,5.389582336,nan,nan,13.0,0.0,13,nan
23.42671128908793,37.94964028776978,61.90596096,68.7,nan,5.389582336,nan,nan,13.0,0.0,13,nan
23.44338352282842,35.431654676258994,61.90596096,68.7,nan,5.389582336,nan,nan,12.0,0.0,13,nan
23.46005590756734,37.410071942446045,62.111285248,68.7,nan,5.389582336,nan,nan,13.0,0.0,13,nan
23.476727890968323,37.589928057553955,62.111285248,68.7,nan,5.389582336,nan,nan,13.0,0.0,13,nan
23.493401114145914,34.53237410071942,62.111285248,68.7,nan,5.429428224,nan,nan,12.0,0.0,13,nan
23.51007391611735,32.73381294964028,62.111285248,68.7,nan,5.431525376,nan,nan,11.0,0.0,13,nan
23.526746241251626,37.94964028776978,62.521933824,68.7,nan,5.431525376,nan,nan,13.0,0.0,13,nan
23.543419456481935,33.81294964028777,62.521933824,68.7,nan,5.431525376,nan,nan,12.0,0.0,13,nan
23.56009414990743,37.94964028776978,62.521933824,68.7,nan,5.431525376,nan,nan,13.0,0.0,13,nan
23.576766924063364,37.94964028776978,62.521933824,68.7,nan,5.431525376,nan,nan,13.0,0.0,13,nan
23.59343942006429,34.89208633093526,62.521933824,68.7,nan,5.433622528,nan,nan,12.0,0.0,13,nan
23.610111661752065,34.89208633093526,62.521933824,68.7,nan,5.454594048,nan,nan,12.0,0.0,13,nan
23.626783855756123,34.89208633093526,62.521933824,68.7,nan,5.454594048,nan,nan,12.0,0.0,13,nan
23.643455521265665,37.94964028776978,62.521933824,68.7,nan,5.454594048,nan,nan,13.0,0.0,13,nan
23.660127886136372,35.79136690647482,62.521933824,68.7,nan,5.454594048,nan,nan,12.0,0.0,13,nan
23.676801641782124,37.94964028776978,62.521933824,68.7,nan,5.454594048,nan,nan,13.0,0.0,13,nan
23.69347378015518,37.94964028776978,62.521933824,68.7,nan,5.454594048,nan,nan,13.0,0.0,13,nan
23.710146101315818,37.94964028776978,62.521933824,68.7,nan,5.454594048,nan,nan,13.0,0.0,13,nan
23.726818470160165,37.410071942446045,62.727258112,68.7,nan,5.454594048,nan,nan,13.0,0.0,13,nan
23.74349159002304,37.589928057553955,62.727258112,68.7,nan,5.454594048,nan,nan,13.0,0.0,13,nan
23.76016402641932,37.76978417266187,62.727258112,68.7,nan,5.454594048,nan,nan,13.0,0.0,13,nan
23.776836673418682,37.76978417266187,62.727258112,68.7,nan,5.454594048,nan,nan,13.0,0.0,13,nan
23.79351295630137,37.94964028776978,62.727258112,68.7,nan,5.454594048,nan,nan,13.0,0.0,13,nan
23.810185555617014,34.89208633093526,62.727258112,68.7,nan,5.454594048,nan,nan,12.0,0.0,13,nan
23.826864743232726,32.37410071942446,62.727258112,68.7,nan,5.454594048,nan,nan,11.0,0.0,13,nan
23.843537469704945,37.589928057553955,62.727258112,68.7,nan,5.454594048,nan,nan,13.0,0.0,13,nan
23.860212310155234,37.589928057553955,62.727258112,68.7,nan,5.454594048,nan,nan,13.0,0.0,13,nan
23.876884484291075,37.76978417266187,62.727258112,68.7,nan,5.454594048,nan,nan,13.0,0.0,13,nan
23.893556753794353,37.76978417266187,62.727258112,68.7,nan,5.454594048,nan,nan,13.0,0.0,13,nan
23.91022954384486,32.9136690647482,62.727258112,68.7,nan,5.454594048,nan,nan,11.0,0.0,13,nan
23.92690255244573,35.07194244604317,62.727258112,68.7,nan,5.454594048,nan,nan,12.0,0.0,13,nan
23.94357783794403,37.76978417266187,62.727258112,68.7,nan,5.454594048,nan,nan,13.0,0.0,13,nan
23.960250771045686,37.76978417266187,62.727258112,68.7,nan,5.454594048,nan,nan,13.0,0.0,13,nan
23.976922086874644,37.76978417266187,62.727258112,68.7,nan,5.454594048,nan,nan,13.0,0.0,13,nan
23.993594801425935,37.76978417266187,62.727258112,68.7,nan,5.454594048,nan,nan,13.0,0.0,13,nan
24.01026743253072,38.12949640287769,62.727258112,68.7,nan,5.454594048,nan,nan,13.0,0.0,13,nan
24.026940421263376,38.12949640287769,62.727258112,68.7,nan,5.454594048,nan,nan,13.0,0.0,13,nan
24.043620681762697,38.30935251798561,62.9325824,68.7,nan,5.454594048,nan,nan,13.0,0.0,13,nan
24.060295748710633,38.48920863309353,62.9325824,68.7,nan,5.454594048,nan,nan,13.0,0.0,13,nan
24.07696857055028,38.48920863309353,62.9325824,68.7,nan,5.454594048,nan,nan,13.0,0.0,13,nan
24.09364461104075,38.12949640287769,62.9325824,68.7,nan,5.454594048,nan,nan,13.0,0.0,13,nan
24.11031688451767,38.12949640287769,62.9325824,68.7,nan,5.454594048,nan,nan,13.0,0.0,13,nan
24.12698996067047,35.79136690647482,62.9325824,68.7,nan,5.454594048,nan,nan,12.0,0.0,13,nan
24.14366230169932,38.30935251798561,63.137906688,68.7,nan,5.454594048,nan,nan,13.0,0.0,13,nan
24.160334531466166,37.05035971223022,63.137906688,68.7,nan,5.454594048,nan,nan,12.0,0.0,13,nan
24.177005755901337,38.48920863309353,63.137906688,68.7,nan,5.454594048,nan,nan,13.0,0.0,13,nan
24.19367835124334,38.48920863309353,63.137906688,68.7,nan,5.454594048,nan,nan,13.0,0.0,13,nan
24.210350859165192,38.48920863309353,63.137906688,68.7,nan,5.454594048,nan,nan,13.0,0.0,13,nan
24.22702349026998,35.07194244604317,63.137906688,68.7,nan,5.454594048,nan,nan,12.0,0.0,13,nan
24.243695930639902,35.07194244604317,63.137906688,68.7,nan,5.454594048,nan,nan,12.0,0.0,13,nan
24.260367890199024,33.81294964028777,63.137906688,68.7,nan,5.454594048,nan,nan,11.0,0.0,13,nan
24.277040231227875,35.431654676258994,63.343230976,68.7,nan,5.454594048,nan,nan,12.0,0.0,13,nan
24.29371271133423,33.09352517985612,63.343230976,68.7,nan,5.454594048,nan,nan,11.0,0.0,13,nan
24.310383987426757,34.53237410071942,63.343230976,68.7,nan,5.473468416,nan,nan,11.0,0.0,13,nan
24.327056872844697,35.431654676258994,63.343230976,68.7,nan,5.473468416,nan,nan,12.0,0.0,13,nan
24.34372919400533,35.431654676258994,63.343230976,68.7,nan,5.479759872,nan,nan,12.0,0.0,13,nan
24.36040000518163,35.431654676258994,63.343230976,68.7,nan,5.479759872,nan,nan,12.0,0.0,13,nan
24.37707181374232,35.431654676258994,63.343230976,68.7,nan,5.479759872,nan,nan,12.0,0.0,13,nan
24.39374362230301,38.66906474820144,63.343230976,68.7,nan,5.479759872,nan,nan,13.0,0.0,13,nan
24.41041635274887,38.84892086330935,63.343230976,68.7,nan,5.479759872,nan,nan,13.0,0.0,13,nan
24.427088669935863,38.84892086330935,63.343230976,68.7,nan,5.479759872,nan,nan,13.0,0.0,13,nan
24.443761988480887,35.61151079136691,63.343230976,68.7,nan,5.632868352,nan,nan,12.0,0.0,13,nan
24.460434544086457,35.61151079136691,63.343230976,68.7,nan,5.834194944,nan,nan,12.0,0.0,13,nan
24.477107659975687,35.61151079136691,63.343230976,68.7,nan,5.853069312,nan,nan,12.0,0.0,13,nan
24.493781145413717,37.23021582733813,63.343230976,68.7,nan,5.87194368,nan,nan,12.0,0.0,13,nan
24.510453617572786,36.69064748201439,63.343230976,68.7,nan,5.874040832,nan,nan,12.0,0.0,13,nan
24.527132364114127,36.69064748201439,63.343230976,68.7,nan,5.874040832,nan,nan,12.0,0.0,13,nan
24.543804601828256,36.87050359712231,63.343230976,68.7,nan,5.874040832,nan,nan,12.0,0.0,13,nan
24.560478913784028,36.87050359712231,63.343230976,68.7,nan,5.874040832,nan,nan,12.0,0.0,13,nan
24.577151278654735,33.63309352517986,63.343230976,68.7,nan,5.874040832,nan,nan,11.0,0.0,13,nan
24.59382410844167,33.63309352517986,63.343230976,68.7,nan,5.88242944,nan,nan,11.0,0.0,13,nan
24.610497065385182,36.87050359712231,63.343230976,68.7,nan,5.88242944,nan,nan,12.0,0.0,13,nan
24.627170809110005,39.92805755395683,63.343230976,68.7,nan,5.88242944,nan,nan,13.0,0.0,13,nan
24.64384537935257,36.15107913669065,63.343230976,68.7,nan,5.88242944,nan,nan,12.0,0.0,13,nan
24.66051789522171,39.38848920863309,63.343230976,68.7,nan,5.88242944,nan,nan,13.0,0.0,13,nan
24.67719019651413,39.568345323741006,63.343230976,68.7,nan,5.88242944,nan,nan,12.0,0.0,13,nan
24.69386304616928,39.568345323741006,63.343230976,68.7,nan,5.88242944,nan,nan,13.0,0.0,13,nan
24.71053533156713,37.410071942446045,63.343230976,68.7,nan,5.88242944,nan,nan,12.0,0.0,13,nan
24.727214495340984,37.410071942446045,63.343230976,68.7,nan,5.88242944,nan,nan,12.0,0.0,13,nan
24.74388791322708,37.410071942446045,63.343230976,68.7,nan,5.88242944,nan,nan,12.0,0.0,13,nan
24.760562392075858,33.992805755395686,63.343230976,68.7,nan,5.884526592,nan,nan,11.0,0.0,13,nan
24.777234641710915,34.172661870503596,63.343230976,68.7,nan,5.886623744,nan,nan,11.0,0.0,13,nan
24.793907137711845,34.172661870503596,63.343230976,68.7,nan,5.888720896,nan,nan,11.0,0.0,13,nan
24.810579284032187,37.76978417266187,63.548555264,68.7,nan,5.888720896,nan,nan,12.0,0.0,13,nan
24.82725158929825,37.76978417266187,63.548555264,68.7,nan,5.888720896,nan,nan,12.0,0.0,13,nan
24.84392379919688,37.76978417266187,63.548555264,68.7,nan,5.888720896,nan,nan,12.0,0.0,13,nan
24.860596215724946,34.172661870503596,63.548555264,68.7,nan,5.888720896,nan,nan,11.0,0.0,13,nan
24.87726815541585,34.172661870503596,63.548555264,68.7,nan,5.888720896,nan,nan,11.0,0.0,13,nan
24.89394052028656,34.352517985611506,63.548555264,68.7,nan,5.888720896,nan,nan,11.0,0.0,13,nan
24.910612916946413,30.035971223021583,63.548555264,68.7,nan,5.890818048,nan,nan,10.0,0.0,13,nan
24.927285420894624,34.352517985611506,63.548555264,68.7,nan,5.890818048,nan,nan,11.0,0.0,13,nan
24.94395762681961,37.76978417266187,63.548555264,68.7,nan,5.890818048,nan,nan,12.0,0.0,13,nan
24.96062980890274,33.63309352517986,63.548555264,68.7,nan,5.890818048,nan,nan,11.0,0.0,13,nan
24.97730132738749,37.94964028776978,63.753879552,68.7,nan,5.8929152,nan,nan,12.0,0.0,13,nan
24.993973656495413,34.53237410071942,63.753879552,68.7,nan,5.8929152,nan,nan,11.0,0.0,13,nan
25.010645977656047,34.53237410071942,63.753879552,68.7,nan,5.8929152,nan,nan,11.0,0.0,13,nan
25.02731881539027,34.71223021582733,63.753879552,68.7,nan,5.895012352,nan,nan,11.0,0.0,13,nan
25.043990055720013,34.71223021582733,63.753879552,68.7,nan,5.895012352,nan,nan,11.0,0.0,13,nan
25.06066865126292,34.71223021582733,63.753879552,68.7,nan,5.897109504,nan,nan,11.0,0.0,13,nan
25.077339669068653,40.647482014388494,63.95920384,68.7,nan,5.897109504,nan,nan,13.0,0.0,13,nan
25.094012371699016,40.647482014388494,63.95920384,68.7,nan,5.897109504,nan,nan,13.0,0.0,13,nan
25.11068349679311,40.647482014388494,63.95920384,68.7,nan,5.897109504,nan,nan,13.0,0.0,13,nan
25.127356588840485,40.827338129496404,64.164528128,68.7,nan,5.897109504,nan,nan,13.0,0.0,13,nan
25.144028766949972,37.94964028776978,64.164528128,68.7,nan,5.897109504,nan,nan,12.0,0.0,13,nan
25.160700805981953,40.28776978417267,64.369852416,68.7,nan,5.897109504,nan,nan,13.0,0.0,13,nan
25.177372801303864,40.46762589928058,64.369852416,68.7,nan,5.897109504,nan,nan,13.0,0.0,13,nan
25.19404521783193,40.46762589928058,64.369852416,68.7,nan,5.897109504,nan,nan,13.0,0.0,13,nan
25.210718218485514,40.46762589928058,64.369852416,68.7,nan,5.897109504,nan,nan,13.0,0.0,13,nan
25.22739078203837,40.46762589928058,64.369852416,68.7,nan,5.897109504,nan,nan,13.0,0.0,13,nan
25.244063421090445,40.46762589928058,64.369852416,68.7,nan,5.897109504,nan,nan,13.0,0.0,13,nan
25.260735575358073,37.94964028776978,64.369852416,68.7,nan,5.897109504,nan,nan,12.0,0.0,13,nan
25.27740797996521,40.46762589928058,64.369852416,68.7,nan,5.897109504,nan,nan,13.0,0.0,13,nan
25.29408051172892,40.46762589928058,64.369852416,68.7,nan,5.897109504,nan,nan,13.0,0.0,13,nan
25.310752844810487,41.18705035971223,64.369852416,68.7,nan,5.897109504,nan,nan,13.0,0.0,13,nan
25.327428404490153,40.647482014388494,64.369852416,68.7,nan,5.897109504,nan,nan,13.0,0.0,13,nan
25.344101333618163,37.23021582733813,64.369852416,68.7,nan,5.897109504,nan,nan,12.0,0.0,13,nan
25.360773328940073,37.23021582733813,64.369852416,68.7,nan,5.897109504,nan,nan,12.0,0.0,13,nan
25.37744532028834,37.23021582733813,64.369852416,68.7,nan,5.897109504,nan,nan,12.0,0.0,13,nan
25.394118225574495,34.172661870503596,64.369852416,68.7,nan,5.897109504,nan,nan,11.0,0.0,13,nan
25.410791623592377,33.81294964028777,64.369852416,68.7,nan,5.91388672,nan,nan,11.0,0.0,13,nan
25.42746379772822,36.15107913669065,64.369852416,68.7,nan,5.91388672,nan,nan,12.0,0.0,13,nan
25.44413493871689,36.33093525179856,64.369852416,68.7,nan,5.91388672,nan,nan,12.0,0.0,13,nan
25.46080591281255,36.33093525179856,64.369852416,68.7,nan,5.91388672,nan,nan,12.0,0.0,13,nan
25.477478392918904,33.81294964028777,64.369852416,68.7,nan,5.926469632,nan,nan,11.0,0.0,13,nan
25.494150559107464,36.33093525179856,64.369852416,68.7,nan,5.926469632,nan,nan,12.0,0.0,13,nan
25.51082176764806,36.33093525179856,64.369852416,68.7,nan,5.926469632,nan,nan,12.0,0.0,13,nan
25.52749481598536,36.87050359712231,64.369852416,68.7,nan,5.926469632,nan,nan,12.0,0.0,13,nan
25.544167470932006,34.352517985611506,64.369852416,68.7,nan,5.926469632,nan,nan,11.0,0.0,13,nan
25.560839649041494,36.69064748201439,64.369852416,68.7,nan,5.926469632,nan,nan,12.0,0.0,13,nan
25.577511314551035,36.69064748201439,64.369852416,68.7,nan,5.926469632,nan,nan,12.0,0.0,13,nan
25.594183349609374,40.10791366906474,64.369852416,68.7,nan,5.926469632,nan,nan,13.0,0.0,13,nan
25.610856278737387,40.28776978417267,64.369852416,68.7,nan,5.926469632,nan,nan,13.0,0.0,13,nan
25.627528723080953,37.589928057553955,64.369852416,68.7,nan,5.926469632,nan,nan,12.0,0.0,13,nan
25.64420103232066,36.51079136690647,64.369852416,68.7,nan,5.926469632,nan,nan,12.0,0.0,13,nan
25.660873289903005,30.755395683453234,64.369852416,68.7,nan,5.926469632,nan,nan,10.0,0.0,13,nan
25.67754567861557,33.27338129496403,64.369852416,68.7,nan,5.926469632,nan,nan,11.0,0.0,13,nan
25.694219466050466,33.27338129496403,64.369852416,68.7,nan,5.926469632,nan,nan,11.0,0.0,13,nan
25.710894572734833,36.15107913669065,64.575176704,68.7,nan,5.926469632,nan,nan,12.0,0.0,13,nan
25.727567835648856,36.15107913669065,64.575176704,68.7,nan,5.926469632,nan,nan,12.0,0.0,13,nan
25.744240776697794,33.81294964028777,64.575176704,68.7,nan,5.926469632,nan,nan,11.0,0.0,13,nan
25.76091303428014,33.81294964028777,64.575176704,68.7,nan,5.951635456,nan,nan,11.0,0.0,13,nan
25.77758442958196,33.81294964028777,64.575176704,68.7,nan,5.962121216,nan,nan,11.0,0.0,13,nan
25.79425714015961,33.81294964028777,64.575176704,68.7,nan,5.968412672,nan,nan,11.0,0.0,13,nan
25.81092974344889,36.33093525179856,64.780500992,68.7,nan,5.968412672,nan,nan,12.0,0.0,13,nan
25.827602144082388,36.33093525179856,64.780500992,68.7,nan,5.968412672,nan,nan,11.0,0.0,13,nan
25.844271504878996,33.63309352517986,64.780500992,68.7,nan,5.968412672,nan,nan,11.0,0.0,13,nan
25.86094669500987,36.33093525179856,64.780500992,68.7,nan,5.968412672,nan,nan,12.0,0.0,13,nan
25.87761971553167,36.51079136690647,64.780500992,68.7,nan,5.968412672,nan,nan,12.0,0.0,13,nan
25.894294357299806,40.10791366906474,64.780500992,68.7,nan,5.968412672,nan,nan,13.0,0.0,13,nan
25.910966845353446,40.10791366906474,64.780500992,68.7,nan,5.968412672,nan,nan,13.0,0.0,13,nan
25.92763903538386,40.46762589928058,64.780500992,68.7,nan,5.968412672,nan,nan,13.0,0.0,13,nan
25.944311928749084,40.46762589928058,64.780500992,68.7,nan,5.968412672,nan,nan,13.0,0.0,13,nan
25.96098406712214,37.94964028776978,64.780500992,68.7,nan,5.968412672,nan,nan,12.0,0.0,13,nan
25.977656145890553,40.46762589928058,64.780500992,68.7,nan,5.968412672,nan,nan,13.0,0.0,13,nan
25.994328796863556,40.46762589928058,64.780500992,68.7,nan,5.968412672,nan,nan,13.0,0.0,13,nan
26.01100116968155,40.46762589928058,64.780500992,68.7,nan,5.968412672,nan,nan,13.0,0.0,13,nan
26.027673228581747,36.87050359712231,64.780500992,68.7,nan,5.968412672,nan,nan,12.0,0.0,13,nan
26.044345410664878,34.172661870503596,64.780500992,68.7,nan,5.968412672,nan,nan,11.0,0.0,13,nan
26.061018061637878,36.87050359712231,64.780500992,68.7,nan,5.968412672,nan,nan,12.0,0.0,13,nan
26.07770255804062,37.05035971223022,64.780500992,68.7,nan,5.968412672,nan,nan,12.0,0.0,13,nan
26.09437847137451,36.87050359712231,64.780500992,68.7,nan,5.968412672,nan,nan,12.0,0.0,13,nan
26.111051185925803,34.352517985611506,64.780500992,68.7,nan,5.968412672,nan,nan,11.0,0.0,13,nan
26.127723689874014,34.352517985611506,64.780500992,68.7,nan,5.968412672,nan,nan,11.0,0.0,13,nan
26.144396789868672,34.53237410071942,64.780500992,68.7,nan,5.974704128,nan,nan,11.0,0.0,13,nan
26.161068753401437,34.53237410071942,64.780500992,68.7,nan,5.974704128,nan,nan,11.0,0.0,13,nan
26.17774128516515,34.53237410071942,64.780500992,68.7,nan,5.974704128,nan,nan,11.0,0.0,13,nan
26.194413407643637,35.431654676258994,64.780500992,68.7,nan,5.985189888,nan,nan,11.0,0.0,13,nan
26.211086277167002,34.89208633093526,64.780500992,68.7,nan,5.985189888,nan,nan,11.0,0.0,13,nan
26.22776109377543,37.410071942446045,64.780500992,68.7,nan,5.985189888,nan,nan,12.0,0.0,13,nan
26.24443322022756,37.589928057553955,64.780500992,68.7,nan,5.985189888,nan,nan,12.0,0.0,13,nan
26.26110469897588,41.18705035971223,64.98582528,68.7,nan,5.985189888,nan,nan,13.0,0.0,13,nan
26.277781482537588,41.18705035971223,64.98582528,68.7,nan,5.985189888,nan,nan,13.0,0.0,13,nan
26.29445165793101,41.36690647482014,64.98582528,68.7,nan,5.985189888,nan,nan,13.0,0.0,13,nan
26.311121308803557,37.76978417266187,64.98582528,68.7,nan,5.985189888,nan,nan,12.0,0.0,13,nan
26.32779940366745,37.76978417266187,64.98582528,68.7,nan,5.985189888,nan,nan,12.0,0.0,13,nan
26.344473763306937,37.94964028776978,64.98582528,68.7,nan,5.985189888,nan,nan,11.0,0.0,13,nan
26.361149326960245,38.30935251798561,64.98582528,68.7,nan,5.985189888,nan,nan,12.0,0.0,13,nan
26.37782148520152,37.94964028776978,65.191149568,68.7,nan,5.985189888,nan,nan,12.0,0.0,13,nan
26.394499584039053,37.94964028776978,65.191149568,68.7,nan,5.985189888,nan,nan,12.0,0.0,13,nan
26.411173923810324,37.94964028776978,65.191149568,68.7,nan,5.985189888,nan,nan,12.0,0.0,13,nan
26.427847798665365,38.12949640287769,65.191149568,68.7,nan,5.985189888,nan,nan,12.0,0.0,13,nan
26.444519503911337,37.589928057553955,65.191149568,68.7,nan,5.989384192,nan,nan,12.0,0.0,13,nan
26.461189273993174,37.76978417266187,65.191149568,68.7,nan,5.989384192,nan,nan,12.0,0.0,13,nan
26.477863546212514,35.07194244604317,65.191149568,68.7,nan,5.989384192,nan,nan,10.0,0.0,13,nan
26.49453849395116,34.89208633093526,65.191149568,68.7,nan,6.0502016,nan,nan,11.0,0.0,13,nan
26.511215277512868,34.89208633093526,65.191149568,68.7,nan,6.052298752,nan,nan,11.0,0.0,13,nan
26.52789041598638,34.89208633093526,65.191149568,68.7,nan,6.052298752,nan,nan,11.0,0.0,13,nan
26.544565510749816,34.89208633093526,65.191149568,68.7,nan,6.07117312,nan,nan,11.0,0.0,13,nan
26.561240311463674,38.48920863309353,65.191149568,68.7,nan,6.094241792,nan,nan,12.0,0.0,13,nan
26.57790998220444,38.48920863309353,65.191149568,68.7,nan,6.094241792,nan,nan,12.0,0.0,13,nan
26.594579736391704,38.48920863309353,65.191149568,68.7,nan,6.094241792,nan,nan,12.0,0.0,13,nan
26.61125203371048,38.30935251798561,65.191149568,68.7,nan,6.094241792,nan,nan,12.0,0.0,13,nan
26.627923508485157,38.48920863309353,65.191149568,68.7,nan,6.094241792,nan,nan,12.0,0.0,13,nan
26.64459867477417,38.48920863309353,65.191149568,68.7,nan,5.561675776,nan,nan,12.0,0.0,12,nan
26.66126928329468,38.48920863309353,65.191149568,68.7,nan,5.561675776,nan,nan,12.0,0.0,12,nan
26.677946309248608,38.66906474820144,65.191149568,68.7,nan,5.561675776,nan,nan,12.0,0.0,12,nan
26.694619850317636,39.20863309352518,65.191149568,68.7,nan,5.561675776,nan,nan,12.0,0.0,12,nan
26.71128971974055,38.66906474820144,65.191149568,68.7,nan,5.561675776,nan,nan,12.0,0.0,12,nan
26.727960999806722,38.66906474820144,65.191149568,68.7,nan,5.561675776,nan,nan,12.0,0.0,12,nan
26.74463392496109,38.66906474820144,65.191149568,68.7,nan,5.561675776,nan,nan,12.0,0.0,12,nan
26.761307315031686,38.66906474820144,65.191149568,68.7,nan,5.561675776,nan,nan,12.0,0.0,12,nan
26.777977244059244,35.07194244604317,65.191149568,68.7,nan,5.563772928,nan,nan,11.0,0.0,12,nan
26.794646751880645,35.251798561151084,65.191149568,68.7,nan,5.563772928,nan,nan,11.0,0.0,12,nan
26.811316708723705,35.431654676258994,65.191149568,68.7,nan,5.563772928,nan,nan,11.0,0.0,12,nan
26.82799030939738,39.02877697841727,65.191149568,68.7,nan,5.563772928,nan,nan,12.0,0.0,12,nan
26.844661553700764,39.02877697841727,65.191149568,68.7,nan,5.563772928,nan,nan,12.0,0.0,12,nan
26.861333366235097,39.02877697841727,65.191149568,68.7,nan,5.563772928,nan,nan,12.0,0.0,12,nan
26.878005413214364,35.431654676258994,65.191149568,68.7,nan,5.563772928,nan,nan,11.0,0.0,12,nan
26.894677488009133,35.61151079136691,65.191149568,68.7,nan,5.563772928,nan,nan,11.0,0.0,12,nan
26.911348644892374,39.20863309352518,65.191149568,68.7,nan,5.563772928,nan,nan,12.0,0.0,12,nan
26.928018871943156,39.20863309352518,65.191149568,68.7,nan,5.563772928,nan,nan,12.0,0.0,12,nan
26.944690652688344,39.568345323741006,65.191149568,68.7,nan,5.563772928,nan,nan,12.0,0.0,12,nan
26.961362274487815,39.568345323741006,65.191149568,68.7,nan,5.563772928,nan,nan,12.0,0.0,12,nan
26.978035553296408,36.87050359712231,65.191149568,68.7,nan,5.588938752,nan,nan,11.0,0.0,12,nan
26.994712698459626,33.27338129496403,65.191149568,68.7,nan,5.605715968,nan,nan,10.0,0.0,12,nan
27.011385361353557,36.87050359712231,65.191149568,68.7,nan,5.616201728,nan,nan,11.0,0.0,12,nan
27.028055981794992,36.87050359712231,65.191149568,68.7,nan,5.645561856,nan,nan,11.0,0.0,12,nan
27.04472910563151,37.05035971223022,65.191149568,68.7,nan,5.106573312,nan,nan,11.0,0.0,11,nan
27.0614000638326,37.23021582733813,65.191149568,68.7,nan,5.106573312,nan,nan,11.0,0.0,11,nan
27.078079481919605,37.23021582733813,65.191149568,68.7,nan,5.106573312,nan,nan,11.0,0.0,11,nan
27.09475280046463,37.410071942446045,65.191149568,68.7,nan,5.106573312,nan,nan,11.0,0.0,11,nan
27.111422355969747,37.410071942446045,65.191149568,68.7,nan,5.106573312,nan,nan,11.0,0.0,11,nan
27.12809953292211,37.410071942446045,65.191149568,68.7,nan,5.106573312,nan,nan,11.0,0.0,11,nan
27.144770022233327,37.410071942446045,65.191149568,68.7,nan,5.106573312,nan,nan,11.0,0.0,11,nan
27.16144076983134,33.63309352517986,65.191149568,68.7,nan,5.106573312,nan,nan,10.0,0.0,11,nan
27.178116742769877,37.410071942446045,65.396473856,68.7,nan,5.106573312,nan,nan,11.0,0.0,11,nan
27.194789278507233,37.410071942446045,65.396473856,68.7,nan,5.106573312,nan,nan,11.0,0.0,11,nan
27.21146366596222,37.589928057553955,65.396473856,68.7,nan,5.106573312,nan,nan,11.0,0.0,11,nan
27.228132994969688,37.589928057553955,65.396473856,68.7,nan,5.106573312,nan,nan,11.0,0.0,11,nan
27.244802125295003,37.589928057553955,65.396473856,68.7,nan,5.106573312,nan,nan,11.0,0.0,11,nan
27.26147368748983,36.87050359712231,65.396473856,68.7,nan,5.106573312,nan,nan,10.0,0.0,11,nan
27.27814482053121,36.87050359712231,65.601798144,68.7,nan,5.106573312,nan,nan,11.0,0.0,11,nan
27.294817519187927,36.87050359712231,65.601798144,68.7,nan,5.106573312,nan,nan,11.0,0.0,11,nan
27.311490893363953,36.87050359712231,65.601798144,68.7,nan,5.106573312,nan,nan,11.0,0.0,11,nan
27.32816081047058,36.87050359712231,65.601798144,68.7,nan,5.106573312,nan,nan,11.0,0.0,11,nan
27.344832344849905,36.87050359712231,65.601798144,68.7,nan,5.106573312,nan,nan,11.0,0.0,11,nan
27.36150814294815,36.87050359712231,65.601798144,68.7,nan,5.106573312,nan,nan,11.0,0.0,11,nan
27.378183376789092,37.05035971223022,65.601798144,68.7,nan,5.106573312,nan,nan,11.0,0.0,11,nan
27.394854772090913,37.05035971223022,65.601798144,68.7,nan,5.106573312,nan,nan,11.0,0.0,11,nan
27.411530554294586,37.05035971223022,65.601798144,68.7,nan,5.106573312,nan,nan,11.0,0.0,11,nan
27.42820339202881,37.05035971223022,65.601798144,68.7,nan,5.106573312,nan,nan,11.0,0.0,11,nan
27.444878709316253,37.05035971223022,65.601798144,68.7,nan,5.106573312,nan,nan,11.0,0.0,11,nan
27.46155170996984,33.27338129496403,65.601798144,68.7,nan,5.106573312,nan,nan,10.0,0.0,11,nan
27.478225028514863,33.27338129496403,65.601798144,68.7,nan,5.108670464,nan,nan,10.0,0.0,11,nan
27.49489936431249,33.27338129496403,65.601798144,68.7,nan,5.108670464,nan,nan,10.0,0.0,11,nan
27.511571749051413,33.27338129496403,65.601798144,68.7,nan,5.108670464,nan,nan,10.0,0.0,11,nan
27.528244562943776,33.27338129496403,65.601798144,68.7,nan,5.108670464,nan,nan,10.0,0.0,11,nan
27.544918596744537,33.63309352517986,65.601798144,68.7,nan,5.108670464,nan,nan,10.0,0.0,11,nan
27.561587568124136,33.45323741007194,65.601798144,68.7,nan,5.108670464,nan,nan,10.0,0.0,11,nan
27.57826715707779,33.45323741007194,65.601798144,68.7,nan,4.267700224,nan,nan,10.0,0.0,10,nan
27.594939275582632,33.45323741007194,65.601798144,68.7,nan,4.267700224,nan,nan,10.0,0.0,10,nan
27.611614231268565,33.63309352517986,65.601798144,68.7,nan,4.267700224,nan,nan,10.0,0.0,10,nan
27.628286735216776,33.81294964028777,65.601798144,68.7,nan,4.267700224,nan,nan,10.0,0.0,10,nan
27.644957625865935,30.935251798561147,65.601798144,68.7,nan,4.267700224,nan,nan,9.0,0.0,10,nan
27.66162801583608,29.136690647482013,65.601798144,68.7,nan,4.267700224,nan,nan,8.0,0.0,10,nan
27.678300150235494,33.992805755395686,65.807122432,68.7,nan,4.267700224,nan,nan,10.0,0.0,10,nan
27.69497266213099,34.172661870503596,65.807122432,68.7,nan,4.267700224,nan,nan,10.0,0.0,10,nan
27.711645901203156,34.172661870503596,65.807122432,68.7,nan,4.267700224,nan,nan,10.0,0.0,10,nan
27.72831734816233,34.172661870503596,65.807122432,68.7,nan,4.267700224,nan,nan,10.0,0.0,10,nan
27.744988497098287,34.172661870503596,65.807122432,68.7,nan,4.267700224,nan,nan,10.0,0.0,10,nan
27.76166254679362,34.172661870503596,65.807122432,68.7,nan,4.267700224,nan,nan,10.0,0.0,10,nan
27.778337903817494,34.352517985611506,65.807122432,68.7,nan,4.267700224,nan,nan,10.0,0.0,10,nan
27.795006942749023,34.352517985611506,65.807122432,68.7,nan,4.267700224,nan,nan,10.0,0.0,10,nan
27.811676438649496,34.352517985611506,65.807122432,68.7,nan,4.267700224,nan,nan,10.0,0.0,10,nan
27.82834783792496,34.352517985611506,65.807122432,68.7,nan,4.267700224,nan,nan,10.0,0.0,10,nan
27.84501690864563,34.352517985611506,65.807122432,68.7,nan,4.267700224,nan,nan,10.0,0.0,10,nan
27.861686750253043,34.352517985611506,65.807122432,68.7,nan,4.267700224,nan,nan,10.0,0.0,10,nan
27.87836584250132,32.55395683453237,65.807122432,68.7,nan,4.267700224,nan,nan,9.0,0.0,10,nan
27.89504797856013,34.352517985611506,65.807122432,68.7,nan,4.267700224,nan,nan,10.0,0.0,10,nan
27.911719731489818,34.352517985611506,65.807122432,68.7,nan,4.267700224,nan,nan,10.0,0.0,10,nan
27.928396093845368,34.53237410071942,65.807122432,68.7,nan,4.267700224,nan,nan,10.0,0.0,10,nan
27.94506998459498,34.53237410071942,65.807122432,68.7,nan,4.267700224,nan,nan,10.0,0.0,10,nan
27.961745683352152,34.53237410071942,65.807122432,68.7,nan,4.267700224,nan,nan,10.0,0.0,10,nan
27.978417829672495,34.53237410071942,65.807122432,68.7,nan,4.267700224,nan,nan,10.0,0.0,10,nan
27.99509607553482,34.53237410071942,65.807122432,68.7,nan,4.267700224,nan,nan,10.0,0.0,10,nan
28.011767892042794,34.53237410071942,65.807122432,68.7,nan,4.267700224,nan,nan,10.0,0.0,10,nan
28.028437542915345,34.53237410071942,65.807122432,68.7,nan,4.267700224,nan,nan,10.0,0.0,10,nan
28.045113988717397,34.53237410071942,65.807122432,68.7,nan,4.267700224,nan,nan,10.0,0.0,10,nan
28.061786794662474,34.53237410071942,65.807122432,68.7,nan,4.267700224,nan,nan,10.0,0.0,10,nan
28.078466220696768,31.83453237410072,65.807122432,68.7,nan,4.267700224,nan,nan,9.0,0.0,10,nan
28.0951380888621,31.83453237410072,65.807122432,68.7,nan,4.267700224,nan,nan,9.0,0.0,10,nan
28.111816795667014,32.9136690647482,66.01244672,68.7,nan,4.267700224,nan,nan,9.0,0.0,10,nan
28.128486478328703,34.71223021582733,66.01244672,68.7,nan,4.267700224,nan,nan,10.0,0.0,10,nan
28.145164783795675,34.71223021582733,66.01244672,68.7,nan,4.267700224,nan,nan,10.0,0.0,10,nan
28.161840883890786,34.71223021582733,66.01244672,68.7,nan,4.267700224,nan,nan,10.0,0.0,10,nan
28.178514468669892,31.474820143884898,66.01244672,68.7,nan,4.267700224,nan,nan,9.0,0.0,10,nan
28.195187151432037,32.9136690647482,66.01244672,68.7,nan,4.267700224,nan,nan,10.0,0.0,10,nan
28.211856412887574,32.9136690647482,66.01244672,68.7,nan,4.267700224,nan,nan,10.0,0.0,10,nan
28.22852805455526,32.9136690647482,66.01244672,68.7,nan,4.267700224,nan,nan,10.0,0.0,10,nan
28.245201619466147,33.09352517985612,66.01244672,68.7,nan,4.267700224,nan,nan,10.0,0.0,10,nan
28.26187110741933,33.27338129496403,66.01244672,68.7,nan,4.267700224,nan,nan,10.0,0.0,10,nan
28.278545661767325,33.27338129496403,66.01244672,68.7,nan,4.267700224,nan,nan,10.0,0.0,10,nan
28.295221177736916,31.83453237410072,66.01244672,68.7,nan,4.267700224,nan,nan,9.0,0.0,10,nan
28.31189618508021,31.474820143884898,66.01244672,68.7,nan,4.267700224,nan,nan,10.0,0.0,10,nan
28.32856733004252,31.654676258992808,66.01244672,68.7,nan,4.267700224,nan,nan,10.0,0.0,10,nan
28.345239154497783,31.654676258992808,66.01244672,68.7,nan,4.267700224,nan,nan,10.0,0.0,10,nan
28.36190997362137,29.496402877697847,66.01244672,68.7,nan,4.267700224,nan,nan,9.0,0.0,10,nan
28.37858692010244,29.136690647482013,66.01244672,68.7,nan,4.269797376,nan,nan,9.0,0.0,10,nan
28.39526686271032,29.316546762589923,66.01244672,68.7,nan,4.27399168,nan,nan,9.0,0.0,10,nan
28.411939362684887,29.316546762589923,66.01244672,68.7,nan,4.280283136,nan,nan,9.0,0.0,10,nan
28.428613901138306,29.316546762589923,66.01244672,68.7,nan,4.2907648,nan,nan,9.0,0.0,10,nan
28.445283917586007,29.496402877697847,66.01244672,68.7,nan,4.309639168,nan,nan,9.0,0.0,10,nan
28.46195836464564,27.877697841726622,66.01244672,68.7,nan,4.313858048,nan,nan,8.0,0.0,10,nan
28.478628063201903,29.496402877697847,66.01244672,68.7,nan,4.313858048,nan,nan,9.0,0.0,10,nan
28.49529840548833,29.496402877697847,66.01244672,68.7,nan,3.709595648,nan,nan,9.0,0.0,10,nan
28.511970341205597,29.496402877697847,66.01244672,68.7,nan,3.705602048,nan,nan,9.0,0.0,9,nan
28.528643222649894,29.496402877697847,66.01244672,68.7,nan,3.705602048,nan,nan,9.0,0.0,9,nan
28.545318841934204,27.697841726618712,66.01244672,68.7,nan,3.705602048,nan,nan,8.0,0.0,9,nan
28.561990114053092,29.67625899280576,66.217771008,68.7,nan,3.705602048,nan,nan,9.0,0.0,9,nan
28.578659693400066,29.67625899280576,66.217771008,68.7,nan,3.705602048,nan,nan,9.0,0.0,9,nan
28.595332316557567,29.67625899280576,66.217771008,68.7,nan,3.705602048,nan,nan,9.0,0.0,9,nan
28.612003644307453,29.67625899280576,66.217771008,68.7,nan,3.705602048,nan,nan,9.0,0.0,9,nan
28.628680646419525,29.67625899280576,66.217771008,68.7,nan,3.705602048,nan,nan,8.0,0.0,9,nan
28.645354064305625,27.338129496402875,66.217771008,68.7,nan,3.7076992,nan,nan,8.0,0.0,9,nan
28.662028960386913,29.136690647482013,66.423095296,68.7,nan,3.7076992,nan,nan,9.0,0.0,9,nan
28.678698496023813,29.136690647482013,66.423095296,68.7,nan,3.7076992,nan,nan,9.0,0.0,9,nan
28.69537301858266,27.15827338129496,66.423095296,68.7,nan,3.7076992,nan,nan,8.0,0.0,9,nan
28.712045164903007,29.136690647482013,66.423095296,68.7,nan,3.7076992,nan,nan,9.0,0.0,9,nan
28.72871563434601,29.136690647482013,66.423095296,68.7,nan,3.7076992,nan,nan,9.0,0.0,9,nan
28.745387105147042,27.15827338129496,66.423095296,68.7,nan,3.7076992,nan,nan,8.0,0.0,9,nan
28.76206093231837,27.517985611510788,66.423095296,68.7,nan,3.72867072,nan,nan,8.0,0.0,9,nan
28.778731230894724,27.697841726618712,66.423095296,68.7,nan,3.72867072,nan,nan,8.0,0.0,9,nan
28.795403202374775,29.67625899280576,66.423095296,68.7,nan,3.730767872,nan,nan,9.0,0.0,9,nan
28.812079854806264,29.67625899280576,66.423095296,68.7,nan,3.730767872,nan,nan,9.0,0.0,9,nan
28.828753503163657,29.67625899280576,66.423095296,68.7,nan,3.730767872,nan,nan,9.0,0.0,9,nan
28.845429213841758,29.67625899280576,66.423095296,68.7,nan,3.730767872,nan,nan,9.0,0.0,9,nan
28.86210243701935,27.697841726618712,66.423095296,68.7,nan,3.730767872,nan,nan,8.0,0.0,9,nan
28.878772727648418,27.697841726618712,66.423095296,68.7,nan,3.734962176,nan,nan,8.0,0.0,9,nan
28.89544386466344,27.697841726618712,66.423095296,68.7,nan,3.734962176,nan,nan,8.0,0.0,9,nan
28.91211415529251,29.67625899280576,66.423095296,68.7,nan,3.734962176,nan,nan,9.0,0.0,9,nan
28.928787815570832,29.67625899280576,66.423095296,68.7,nan,3.734962176,nan,nan,9.0,0.0,9,nan
28.94545945326487,25.359712230215827,66.423095296,68.7,nan,3.734962176,nan,nan,8.0,0.0,9,nan
28.962130177021027,25.539568345323737,66.423095296,68.7,nan,3.734962176,nan,nan,8.0,0.0,9,nan
28.97880458831787,25.539568345323737,66.423095296,68.7,nan,3.734962176,nan,nan,8.0,0.0,9,nan
28.995477219422657,25.539568345323737,66.423095296,68.7,nan,3.734962176,nan,nan,8.0,0.0,9,nan
29.012148435910543,25.71942446043165,66.423095296,68.7,nan,3.734962176,nan,nan,8.0,0.0,9,nan
29.028819584846495,23.741007194244602,66.423095296,68.7,nan,3.734962176,nan,nan,7.0,0.0,9,nan
29.045491325855256,23.741007194244602,66.423095296,68.7,nan,3.734962176,nan,nan,7.0,0.0,9,nan
29.062162387371064,23.920863309352512,66.423095296,68.7,nan,3.734962176,nan,nan,7.0,0.0,9,nan
29.078835030396778,23.920863309352512,66.423095296,68.7,nan,3.73915648,nan,nan,7.0,0.0,9,nan
29.095515672365824,23.920863309352512,66.423095296,68.7,nan,3.73915648,nan,nan,7.0,0.0,9,nan
29.112187707424162,29.136690647482013,66.423095296,68.7,nan,3.73915648,nan,nan,9.0,0.0,9,nan
29.128863151868185,29.496402877697847,66.423095296,68.7,nan,3.73915648,nan,nan,9.0,0.0,9,nan
29.14553470214208,29.496402877697847,66.423095296,68.7,nan,3.73915648,nan,nan,9.0,0.0,9,nan
29.162205576896667,29.496402877697847,66.423095296,68.7,nan,3.73915648,nan,nan,9.0,0.0,9,nan
29.17888211409251,29.496402877697847,66.423095296,68.7,nan,3.73915648,nan,nan,9.0,0.0,9,nan
29.19555542866389,27.338129496402875,66.423095296,68.7,nan,3.73915648,nan,nan,8.0,0.0,9,nan
29.21222567955653,27.517985611510788,66.423095296,68.7,nan,3.73915648,nan,nan,8.0,0.0,9,nan
29.22889761130015,27.517985611510788,66.423095296,68.7,nan,3.741253632,nan,nan,8.0,0.0,9,nan
29.245567739009857,27.517985611510788,66.423095296,68.7,nan,3.741253632,nan,nan,8.0,0.0,9,nan
29.262244300047556,27.517985611510788,66.423095296,68.7,nan,3.741253632,nan,nan,8.0,0.0,9,nan
29.278917233149212,27.517985611510788,66.423095296,68.7,nan,3.741253632,nan,nan,8.0,0.0,9,nan
29.295590285460154,27.517985611510788,66.423095296,68.7,nan,3.741253632,nan,nan,8.0,0.0,9,nan
29.312261168162028,24.100719424460426,66.423095296,68.7,nan,3.741253632,nan,nan,7.0,0.0,9,nan
29.328938154379525,24.100719424460426,66.423095296,68.7,nan,3.741253632,nan,nan,7.0,0.0,9,nan
29.345614512761433,24.100719424460426,66.423095296,68.7,nan,3.741253632,nan,nan,7.0,0.0,9,nan
29.362286682923635,26.258992805755398,66.628419584,68.7,nan,3.741253632,nan,nan,8.0,0.0,9,nan
29.378956643740334,26.258992805755398,66.628419584,68.7,nan,3.741253632,nan,nan,8.0,0.0,9,nan
29.395628861586253,29.67625899280576,66.833743872,68.7,nan,3.741253632,nan,nan,9.0,0.0,9,nan
29.412304226557414,29.856115107913674,66.833743872,68.7,nan,3.741253632,nan,nan,9.0,0.0,9,nan
29.428979082902273,30.215827338129497,66.833743872,68.7,nan,3.741253632,nan,nan,9.0,0.0,9,nan
29.44564909140269,30.215827338129497,66.833743872,68.7,nan,3.741253632,nan,nan,9.0,0.0,9,nan
29.46231841246287,30.215827338129497,66.833743872,68.7,nan,3.741253632,nan,nan,9.0,0.0,9,nan
29.47898919582367,30.215827338129497,66.833743872,68.7,nan,3.741253632,nan,nan,9.0,0.0,9,nan
29.49566547870636,30.215827338129497,66.833743872,68.7,nan,3.741253632,nan,nan,9.0,0.0,9,nan
29.512337402502695,30.215827338129497,66.833743872,68.7,nan,3.741253632,nan,nan,9.0,0.0,9,nan
29.529011178016663,30.215827338129497,66.833743872,68.7,nan,3.741253632,nan,nan,9.0,0.0,9,nan
29.545680884520213,30.215827338129497,66.833743872,68.7,nan,3.741253632,nan,nan,9.0,0.0,9,nan
29.562350857257844,28.057553956834536,66.833743872,68.7,nan,3.741253632,nan,nan,8.0,0.0,9,nan
29.57902090549469,28.057553956834536,66.833743872,68.7,nan,3.772710912,nan,nan,8.0,0.0,9,nan
29.595691617329916,28.057553956834536,66.833743872,68.7,nan,3.776905216,nan,nan,8.0,0.0,9,nan
29.612362190087637,28.23741007194245,66.833743872,68.7,nan,3.776905216,nan,nan,8.0,0.0,9,nan
29.629032588005067,28.23741007194245,66.833743872,68.7,nan,3.776905216,nan,nan,8.0,0.0,9,nan
29.64570345878601,28.23741007194245,66.833743872,68.7,nan,3.776905216,nan,nan,8.0,0.0,9,nan
29.662378410498302,28.41726618705036,66.833743872,68.7,nan,3.776905216,nan,nan,8.0,0.0,9,nan
29.679048140843708,28.41726618705036,66.833743872,68.7,nan,3.779002368,nan,nan,8.0,0.0,9,nan
29.695720855395,28.41726618705036,66.833743872,68.7,nan,3.783196672,nan,nan,8.0,0.0,9,nan
29.712392981847128,28.41726618705036,66.833743872,68.7,nan,3.783196672,nan,nan,8.0,0.0,9,nan
29.729064345359802,28.597122302158272,66.833743872,68.7,nan,3.785293824,nan,nan,8.0,0.0,9,nan
29.74573653936386,28.597122302158272,66.833743872,68.7,nan,3.785293824,nan,nan,8.0,0.0,9,nan
29.762407493591308,28.597122302158272,66.833743872,68.7,nan,3.787390976,nan,nan,8.0,0.0,9,nan
29.77907830476761,28.597122302158272,66.833743872,68.7,nan,3.787390976,nan,nan,8.0,0.0,9,nan
29.795748245716094,28.597122302158272,66.833743872,68.7,nan,3.787390976,nan,nan,8.0,0.0,9,nan
29.8124191681544,28.597122302158272,66.833743872,68.7,nan,3.787390976,nan,nan,8.0,0.0,9,nan
29.82909099260966,26.798561151079138,66.833743872,68.7,nan,3.787390976,nan,nan,8.0,0.0,9,nan
29.845764311154685,28.9568345323741,66.833743872,68.7,nan,3.787390976,nan,nan,9.0,0.0,9,nan
29.862436298529307,28.9568345323741,66.833743872,68.7,nan,3.787390976,nan,nan,9.0,0.0,9,nan
29.879110236962635,29.136690647482013,66.833743872,68.7,nan,3.787390976,nan,nan,9.0,0.0,9,nan
29.895784147580464,29.316546762589923,66.833743872,68.7,nan,3.787390976,nan,nan,9.0,0.0,9,nan
29.91245448589325,29.316546762589923,66.833743872,68.7,nan,3.787390976,nan,nan,9.0,0.0,9,nan
29.929130204518636,27.15827338129496,66.833743872,68.7,nan,3.787390976,nan,nan,8.0,0.0,9,nan
29.945804838339487,27.15827338129496,66.833743872,68.7,nan,3.793682432,nan,nan,8.0,0.0,9,nan
29.96247453292211,27.15827338129496,66.833743872,68.7,nan,3.799973888,nan,nan,8.0,0.0,9,nan
29.979145737489066,27.15827338129496,66.833743872,68.7,nan,3.799973888,nan,nan,8.0,0.0,9,nan
29.99581924279531,27.15827338129496,66.833743872,68.7,nan,3.799973888,nan,nan,8.0,0.0,9,nan
30.01249707142512,27.15827338129496,66.833743872,68.7,nan,3.799973888,nan,nan,8.0,0.0,9,nan
30.02917029460271,27.338129496402875,66.833743872,68.7,nan,3.799973888,nan,nan,8.0,0.0,9,nan
30.045847145716348,27.338129496402875,66.833743872,68.7,nan,3.806265344,nan,nan,8.0,0.0,9,nan
30.062520758310953,27.338129496402875,66.833743872,68.7,nan,3.806265344,nan,nan,8.0,0.0,9,nan
30.079193512598675,27.697841726618712,66.833743872,68.7,nan,3.806265344,nan,nan,8.0,0.0,9,nan
30.095867721239724,27.877697841726622,66.833743872,68.7,nan,3.808362496,nan,nan,8.0,0.0,9,nan
30.112538313865663,27.877697841726622,66.833743872,68.7,nan,3.808362496,nan,nan,8.0,0.0,9,nan
30.129215319951374,27.877697841726622,66.833743872,68.7,nan,3.810459648,nan,nan,8.0,0.0,9,nan
30.145890748500825,27.877697841726622,66.833743872,68.7,nan,3.810459648,nan,nan,8.0,0.0,9,nan
30.162564611434938,27.877697841726622,66.833743872,68.7,nan,3.810459648,nan,nan,8.0,0.0,9,nan
30.179238879680632,27.877697841726622,66.833743872,68.7,nan,3.810459648,nan,nan,8.0,0.0,9,nan
30.195911256472268,30.035971223021583,66.833743872,68.7,nan,3.810459648,nan,nan,9.0,0.0,9,nan
30.21258209149043,30.035971223021583,66.833743872,68.7,nan,3.810459648,nan,nan,9.0,0.0,9,nan
30.229263627529143,30.035971223021583,66.833743872,68.7,nan,3.810459648,nan,nan,9.0,0.0,9,nan
30.245934836069743,30.035971223021583,66.833743872,68.7,nan,3.810459648,nan,nan,9.0,0.0,9,nan
30.262604478995005,30.035971223021583,66.833743872,68.7,nan,3.810459648,nan,nan,9.0,0.0,9,nan
30.279274745782217,30.035971223021583,66.833743872,68.7,nan,3.810459648,nan,nan,9.0,0.0,9,nan
30.295946355660757,30.035971223021583,66.833743872,68.7,nan,3.810459648,nan,nan,9.0,0.0,9,nan
30.3126198887825,30.215827338129497,66.833743872,68.7,nan,3.810459648,nan,nan,9.0,0.0,9,nan
30.329290076096854,30.215827338129497,66.833743872,68.7,nan,3.810459648,nan,nan,9.0,0.0,9,nan
30.34596301317215,30.215827338129497,66.833743872,68.7,nan,3.810459648,nan,nan,9.0,0.0,9,nan
30.362635735670725,30.215827338129497,66.833743872,68.7,nan,3.810459648,nan,nan,9.0,0.0,9,nan
30.379311287403105,30.39568345323741,66.833743872,68.7,nan,3.810459648,nan,nan,9.0,0.0,9,nan
30.395985662937164,30.39568345323741,66.833743872,68.7,nan,3.810459648,nan,nan,9.0,0.0,9,nan
30.412663880983988,30.39568345323741,66.833743872,68.7,nan,3.810459648,nan,nan,9.0,0.0,9,nan
30.42933747371038,28.23741007194245,66.833743872,68.7,nan,3.810459648,nan,nan,8.0,0.0,9,nan
30.446015652020773,30.035971223021583,66.833743872,68.7,nan,3.810459648,nan,nan,9.0,0.0,9,nan
30.462683975696564,26.43884892086331,66.833743872,68.7,nan,3.810459648,nan,nan,8.0,0.0,9,nan
30.479357131322224,26.43884892086331,66.833743872,68.7,nan,3.810459648,nan,nan,8.0,0.0,9,nan
30.496031030019125,25.359712230215827,66.833743872,68.7,nan,3.810459648,nan,nan,8.0,0.0,9,nan
30.5127059896787,25.359712230215827,66.833743872,68.7,nan,3.810459648,nan,nan,8.0,0.0,9,nan
30.529380802313486,25.359712230215827,66.833743872,68.7,nan,3.810459648,nan,nan,8.0,0.0,9,nan
30.54605012734731,25.359712230215827,66.833743872,68.7,nan,3.810459648,nan,nan,8.0,0.0,9,nan
30.562722460428873,25.359712230215827,66.833743872,68.7,nan,3.810459648,nan,nan,8.0,0.0,9,nan
30.579395429293314,25.359712230215827,66.833743872,68.7,nan,3.810459648,nan,nan,8.0,0.0,9,nan
30.596068541208904,25.359712230215827,66.833743872,68.7,nan,3.810459648,nan,nan,8.0,0.0,9,nan
30.612741168340047,25.359712230215827,66.833743872,68.7,nan,3.810459648,nan,nan,8.0,0.0,9,nan
30.629411919911703,23.021582733812952,66.833743872,68.7,nan,3.810459648,nan,nan,7.0,0.0,9,nan
30.646082862218222,23.021582733812952,66.833743872,68.7,nan,3.810459648,nan,nan,7.0,0.0,9,nan
30.662756272157033,25.359712230215827,67.03906816,68.7,nan,3.810459648,nan,nan,8.0,0.0,9,nan
30.679430603981018,28.776978417266186,67.03906816,68.7,nan,3.810459648,nan,nan,9.0,0.0,9,nan
30.696104081471763,28.9568345323741,67.03906816,68.7,nan,3.810459648,nan,nan,9.0,0.0,9,nan
30.71278167963028,29.67625899280576,67.03906816,68.7,nan,3.810459648,nan,nan,9.0,0.0,9,nan
30.729454863071442,29.316546762589923,67.03906816,68.7,nan,3.810459648,nan,nan,9.0,0.0,9,nan
30.74613243341446,30.215827338129497,67.03906816,68.7,nan,3.810459648,nan,nan,9.0,0.0,9,nan
30.762805596987405,29.67625899280576,67.03906816,68.7,nan,3.810459648,nan,nan,9.0,0.0,9,nan
30.7794806599617,29.67625899280576,67.03906816,68.7,nan,3.810459648,nan,nan,9.0,0.0,9,nan
30.796152261892953,29.67625899280576,67.03906816,68.7,nan,3.810459648,nan,nan,9.0,0.0,9,nan
30.81282416979472,29.67625899280576,67.03906816,68.7,nan,3.810459648,nan,nan,9.0,0.0,9,nan
30.829497305552163,29.67625899280576,67.03906816,68.7,nan,3.810459648,nan,nan,9.0,0.0,9,nan
30.84616881608963,29.67625899280576,67.03906816,68.7,nan,3.810459648,nan,nan,9.0,0.0,9,nan
30.8628413160642,29.67625899280576,67.03906816,68.7,nan,3.810459648,nan,nan,9.0,0.0,9,nan
30.87951434055964,27.338129496402875,67.03906816,68.7,nan,3.810459648,nan,nan,8.0,0.0,9,nan
30.896186900138854,29.67625899280576,67.03906816,68.7,nan,3.810459648,nan,nan,9.0,0.0,9,nan
30.912856642405192,29.856115107913674,67.03906816,68.7,nan,3.810459648,nan,nan,9.0,0.0,9,nan
30.92952928543091,29.856115107913674,67.03906816,68.7,nan,3.810459648,nan,nan,9.0,0.0,9,nan
30.946201260884603,29.856115107913674,67.03906816,68.7,nan,3.810459648,nan,nan,9.0,0.0,9,nan
30.96287307739258,29.856115107913674,67.03906816,68.7,nan,3.810459648,nan,nan,9.0,0.0,9,nan
30.979549352327982,30.035971223021583,67.03906816,68.7,nan,3.810459648,nan,nan,9.0,0.0,9,nan
30.996224796772005,30.035971223021583,67.03906816,68.7,nan,3.810459648,nan,nan,9.0,0.0,9,nan
31.01289628346761,30.035971223021583,67.03906816,68.7,nan,3.810459648,nan,nan,9.0,0.0,9,nan
31.029570897420246,30.035971223021583,67.03906816,68.7,nan,3.810459648,nan,nan,9.0,0.0,9,nan
31.04624170064926,30.215827338129497,67.03906816,68.7,nan,3.810459648,nan,nan,9.0,0.0,9,nan
31.062912519772848,30.215827338129497,67.03906816,68.7,nan,3.810459648,nan,nan,9.0,0.0,9,nan
31.079583442211153,30.215827338129497,67.03906816,68.7,nan,3.810459648,nan,nan,9.0,0.0,9,nan
31.096253303686776,30.215827338129497,67.03906816,68.7,nan,3.810459648,nan,nan,9.0,0.0,9,nan
31.112924126784005,30.215827338129497,67.03906816,68.7,nan,3.810459648,nan,nan,9.0,0.0,9,nan
31.12959566513697,30.215827338129497,67.03906816,68.7,nan,3.810459648,nan,nan,9.0,0.0,9,nan
31.146265014012656,30.215827338129497,67.03906816,68.7,nan,3.810459648,nan,nan,9.0,0.0,9,nan
31.162940255800883,30.215827338129497,67.03906816,68.7,nan,3.810459648,nan,nan,9.0,0.0,9,nan
31.17961686849594,30.215827338129497,67.03906816,68.7,nan,3.810459648,nan,nan,9.0,0.0,9,nan
31.1962894876798,30.215827338129497,67.03906816,68.7,nan,3.810459648,nan,nan,9.0,0.0,9,nan
31.212961196899414,30.215827338129497,67.03906816,68.7,nan,3.810459648,nan,nan,9.0,0.0,9,nan
31.229636104901633,30.215827338129497,67.03906816,68.7,nan,3.810459648,nan,nan,9.0,0.0,9,nan
31.2463060259819,30.215827338129497,67.03906816,68.7,nan,3.810459648,nan,nan,9.0,0.0,9,nan
31.26298225323359,27.877697841726622,67.03906816,68.7,nan,3.810459648,nan,nan,8.0,0.0,9,nan
31.279656183719634,22.122302158273378,67.03906816,68.7,nan,3.810459648,nan,nan,7.0,0.0,9,nan
31.296330400307973,26.618705035971225,67.244392448,68.7,nan,3.810459648,nan,nan,8.0,0.0,9,nan
31.31300281683604,26.618705035971225,67.244392448,68.7,nan,3.818848256,nan,nan,8.0,0.0,9,nan
31.329676151275635,28.9568345323741,67.244392448,68.7,nan,3.818848256,nan,nan,9.0,0.0,9,nan
31.346345818042757,28.9568345323741,67.244392448,68.7,nan,3.818848256,nan,nan,9.0,0.0,9,nan
31.36301923195521,29.136690647482013,67.244392448,68.7,nan,3.818848256,nan,nan,9.0,0.0,9,nan
31.37969127098719,29.136690647482013,67.244392448,68.7,nan,3.818848256,nan,nan,9.0,0.0,9,nan
31.39636687040329,29.316546762589923,67.244392448,68.7,nan,3.818848256,nan,nan,9.0,0.0,9,nan
31.413039656480155,29.67625899280576,67.244392448,68.7,nan,3.818848256,nan,nan,9.0,0.0,9,nan
31.42971305847168,29.856115107913674,67.244392448,68.7,nan,3.818848256,nan,nan,9.0,0.0,9,nan
31.446386047204335,30.575539568345324,67.449716736,68.7,nan,3.818848256,nan,nan,9.0,0.0,9,nan
31.46306435664495,30.035971223021583,67.449716736,68.7,nan,3.818848256,nan,nan,9.0,0.0,9,nan
31.47973884344101,30.035971223021583,67.449716736,68.7,nan,3.818848256,nan,nan,9.0,0.0,9,nan
31.496413254737853,30.035971223021583,67.449716736,68.7,nan,3.818848256,nan,nan,9.0,0.0,9,nan
31.51308584213257,30.035971223021583,67.449716736,68.7,nan,3.818848256,nan,nan,9.0,0.0,9,nan
31.529762641588846,30.035971223021583,67.449716736,68.7,nan,3.818848256,nan,nan,9.0,0.0,9,nan
31.546436619758605,30.035971223021583,67.449716736,68.7,nan,3.818848256,nan,nan,9.0,0.0,9,nan
31.563111770153046,30.035971223021583,67.449716736,68.7,nan,3.818848256,nan,nan,9.0,0.0,9,nan
31.579784309864046,30.035971223021583,67.449716736,68.7,nan,3.818848256,nan,nan,9.0,0.0,9,nan
31.596456269423168,30.215827338129497,67.449716736,68.7,nan,3.818848256,nan,nan,9.0,0.0,9,nan
31.613129341602324,30.215827338129497,67.449716736,68.7,nan,3.818848256,nan,nan,9.0,0.0,9,nan
31.62980148792267,30.215827338129497,67.449716736,68.7,nan,3.818848256,nan,nan,9.0,0.0,9,nan
31.646473789215086,30.215827338129497,67.449716736,68.7,nan,3.818848256,nan,nan,9.0,0.0,9,nan
31.663146344820657,30.39568345323741,67.449716736,68.7,nan,3.818848256,nan,nan,9.0,0.0,9,nan
31.679818868637085,30.39568345323741,67.449716736,68.7,nan,3.818848256,nan,nan,9.0,0.0,9,nan
31.696491674582163,27.877697841726622,67.449716736,68.7,nan,3.818848256,nan,nan,8.0,0.0,9,nan
31.713164337476094,30.39568345323741,67.449716736,68.7,nan,3.818848256,nan,nan,9.0,0.0,9,nan
31.72983675003052,30.39568345323741,67.449716736,68.7,nan,3.818848256,nan,nan,9.0,0.0,9,nan
31.74651198387146,30.39568345323741,67.449716736,68.7,nan,3.818848256,nan,nan,9.0,0.0,9,nan
31.76318496465683,30.39568345323741,67.449716736,68.7,nan,3.818848256,nan,nan,9.0,0.0,9,nan
31.7798579454422,30.39568345323741,67.449716736,68.7,nan,3.818848256,nan,nan,9.0,0.0,9,nan
31.79653007586797,30.39568345323741,67.449716736,68.7,nan,3.818848256,nan,nan,9.0,0.0,9,nan
31.813202778498333,27.877697841726622,67.449716736,68.7,nan,3.818848256,nan,nan,8.0,0.0,9,nan
31.82987800439199,27.877697841726622,67.449716736,68.7,nan,3.818848256,nan,nan,8.0,0.0,9,nan
31.8465482711792,27.877697841726622,67.449716736,68.7,nan,3.818848256,nan,nan,8.0,0.0,9,nan
31.863220548629762,27.877697841726622,67.449716736,68.7,nan,3.818848256,nan,nan,8.0,0.0,9,nan
31.87989583412806,27.877697841726622,67.449716736,68.7,nan,3.818848256,nan,nan,8.0,0.0,9,nan
31.896567885080973,27.877697841726622,67.449716736,68.7,nan,3.818848256,nan,nan,8.0,0.0,9,nan
31.913239487012227,27.877697841726622,67.449716736,68.7,nan,3.818848256,nan,nan,8.0,0.0,9,nan
31.9299120704333,30.575539568345324,67.449716736,68.7,nan,3.818848256,nan,nan,9.0,0.0,9,nan
31.946584630012513,30.575539568345324,67.449716736,68.7,nan,3.818848256,nan,nan,9.0,0.0,9,nan
31.963256986935935,30.575539568345324,67.449716736,68.7,nan,3.818848256,nan,nan,9.0,0.0,9,nan
31.979929208755493,30.575539568345324,67.449716736,68.7,nan,3.818848256,nan,nan,9.0,0.0,9,nan
31.99660154978434,30.575539568345324,67.449716736,68.7,nan,3.818848256,nan,nan,9.0,0.0,9,nan
32.013273831208544,25.71942446043165,67.449716736,68.7,nan,3.818848256,nan,nan,7.0,0.0,9,nan
32.029946255683896,30.215827338129497,67.449716736,68.7,nan,3.818848256,nan,nan,9.0,0.0,9,nan
32.046618433793384,30.215827338129497,67.449716736,68.7,nan,3.818848256,nan,nan,9.0,0.0,9,nan
32.0632909377416,30.39568345323741,67.449716736,68.7,nan,3.818848256,nan,nan,9.0,0.0,9,nan
32.07996320724487,30.39568345323741,67.449716736,68.7,nan,3.818848256,nan,nan,9.0,0.0,9,nan
32.09663555622101,30.39568345323741,67.449716736,68.7,nan,3.818848256,nan,nan,9.0,0.0,9,nan
32.11330763498942,30.935251798561147,67.449716736,68.7,nan,3.818848256,nan,nan,9.0,0.0,9,nan
32.12998029788335,31.11510791366906,67.449716736,68.7,nan,3.818848256,nan,nan,9.0,0.0,9,nan
32.14665340979894,31.11510791366906,67.449716736,68.7,nan,3.818848256,nan,nan,9.0,0.0,9,nan
32.16332872311274,31.11510791366906,67.449716736,68.7,nan,3.818848256,nan,nan,9.0,0.0,9,nan
32.18000538746516,31.294964028776985,67.449716736,68.7,nan,3.818848256,nan,nan,9.0,0.0,9,nan
32.19668031930924,31.294964028776985,67.449716736,68.7,nan,3.818848256,nan,nan,9.0,0.0,9,nan
32.21335487763087,23.920863309352512,67.449716736,68.7,nan,3.818848256,nan,nan,7.0,0.0,9,nan
32.230030818780264,28.41726618705036,67.449716736,68.7,nan,3.818848256,nan,nan,8.0,0.0,9,nan
32.24670145114263,23.920863309352512,67.449716736,68.7,nan,3.818848256,nan,nan,7.0,0.0,9,nan
32.263374356428784,28.41726618705036,67.449716736,68.7,nan,3.818848256,nan,nan,8.0,0.0,9,nan
32.280046701431274,28.41726618705036,67.449716736,68.7,nan,3.818848256,nan,nan,8.0,0.0,9,nan
32.296719586849214,28.597122302158272,67.449716736,68.7,nan,3.818848256,nan,nan,8.0,0.0,9,nan
32.31339481274287,28.597122302158272,67.449716736,68.7,nan,3.818848256,nan,nan,8.0,0.0,9,nan
32.330067205429074,28.597122302158272,67.449716736,68.7,nan,3.818848256,nan,nan,8.0,0.0,9,nan
32.346741529305774,31.294964028776985,67.655041024,68.7,nan,3.818848256,nan,nan,9.0,0.0,9,nan
32.363412888844806,31.474820143884898,67.655041024,68.7,nan,3.818848256,nan,nan,9.0,0.0,9,nan
32.38008519013723,30.935251798561147,67.655041024,68.7,nan,3.818848256,nan,nan,9.0,0.0,9,nan
32.396761926015216,30.935251798561147,67.655041024,68.7,nan,3.818848256,nan,nan,9.0,0.0,9,nan
32.41343434651693,30.935251798561147,67.655041024,68.7,nan,3.818848256,nan,nan,9.0,0.0,9,nan
32.43010678291321,30.935251798561147,67.655041024,68.7,nan,3.818848256,nan,nan,9.0,0.0,9,nan
32.446779028574625,30.935251798561147,67.655041024,68.7,nan,3.818848256,nan,nan,9.0,0.0,9,nan
32.46345141331355,30.935251798561147,67.655041024,68.7,nan,3.818848256,nan,nan,9.0,0.0,9,nan
32.48012879689534,30.935251798561147,67.655041024,68.7,nan,3.818848256,nan,nan,9.0,0.0,9,nan
32.496804149945575,30.935251798561147,67.655041024,68.7,nan,3.818848256,nan,nan,9.0,0.0,9,nan
32.513474651177724,30.935251798561147,67.655041024,68.7,nan,3.818848256,nan,nan,9.0,0.0,9,nan
32.53014697233836,30.935251798561147,67.655041024,68.7,nan,3.818848256,nan,nan,9.0,0.0,9,nan
32.54681721528371,30.935251798561147,67.655041024,68.7,nan,3.818848256,nan,nan,9.0,0.0,9,nan
32.563498854637146,31.11510791366906,67.655041024,68.7,nan,3.818848256,nan,nan,9.0,0.0,9,nan
32.58016843795777,31.654676258992808,67.655041024,68.7,nan,3.818848256,nan,nan,9.0,0.0,9,nan
32.596839757760364,31.294964028776985,67.655041024,68.7,nan,3.818848256,nan,nan,9.0,0.0,9,nan
32.61351184050242,31.294964028776985,67.655041024,68.7,nan,3.818848256,nan,nan,9.0,0.0,9,nan
32.63018133242925,31.294964028776985,67.655041024,68.7,nan,3.818848256,nan,nan,9.0,0.0,9,nan
32.64685093164444,31.294964028776985,67.655041024,68.7,nan,3.818848256,nan,nan,9.0,0.0,9,nan
32.66352242231369,31.294964028776985,67.655041024,68.7,nan,3.818848256,nan,nan,9.0,0.0,9,nan
32.68019866545995,31.294964028776985,67.655041024,68.7,nan,3.818848256,nan,nan,9.0,0.0,9,nan
32.696870756149295,31.294964028776985,67.655041024,68.7,nan,3.818848256,nan,nan,9.0,0.0,9,nan
32.713541718324024,31.294964028776985,67.655041024,68.7,nan,3.818848256,nan,nan,9.0,0.0,9,nan
32.73021303017934,31.294964028776985,67.655041024,68.7,nan,3.818848256,nan,nan,9.0,0.0,9,nan
32.74688544670741,31.294964028776985,67.655041024,68.7,nan,3.818848256,nan,nan,9.0,0.0,9,nan
32.76355680624644,31.474820143884898,67.655041024,68.7,nan,3.818848256,nan,nan,9.0,0.0,9,nan
32.780228181680044,31.474820143884898,67.655041024,68.7,nan,3.818848256,nan,nan,9.0,0.0,9,nan
32.79689907630284,27.517985611510788,67.655041024,68.7,nan,3.818848256,nan,nan,8.0,0.0,9,nan
32.81356959740321,31.654676258992808,67.860365312,68.7,nan,3.818848256,nan,nan,9.0,0.0,9,nan
32.83024322589238,31.474820143884898,67.860365312,68.7,nan,3.818848256,nan,nan,9.0,0.0,9,nan
32.84691614309947,31.474820143884898,67.860365312,68.7,nan,3.818848256,nan,nan,9.0,0.0,9,nan
32.863595402240755,31.474820143884898,67.860365312,68.7,nan,3.818848256,nan,nan,9.0,0.0,9,nan
32.88027069568634,31.474820143884898,67.860365312,68.7,nan,3.818848256,nan,nan,9.0,0.0,9,nan
32.89694554805756,31.474820143884898,67.860365312,68.7,nan,3.818848256,nan,nan,9.0,0.0,9,nan
32.913618032137556,28.776978417266186,67.860365312,68.7,nan,3.818848256,nan,nan,8.0,0.0,9,nan
32.93028918504715,28.776978417266186,67.860365312,68.7,nan,3.820945408,nan,nan,8.0,0.0,9,nan
32.94696561098099,28.776978417266186,67.860365312,68.7,nan,3.820945408,nan,nan,8.0,0.0,9,nan
32.963640395800276,28.776978417266186,67.860365312,68.7,nan,3.820945408,nan,nan,8.0,0.0,9,nan
32.98031327327092,28.776978417266186,67.860365312,68.7,nan,3.820945408,nan,nan,8.0,0.0,9,nan
32.99698667526245,28.776978417266186,67.860365312,68.7,nan,3.820945408,nan,nan,8.0,0.0,9,nan
33.01365828514099,28.9568345323741,67.860365312,68.7,nan,3.820945408,nan,nan,8.0,0.0,9,nan
33.03032943407695,28.9568345323741,67.860365312,68.7,nan,3.820945408,nan,nan,8.0,0.0,9,nan
33.04700613419215,28.9568345323741,67.860365312,68.7,nan,3.34278656,nan,nan,8.0,0.0,8,nan
33.06367760101954,29.136690647482013,67.860365312,68.7,nan,3.34278656,nan,nan,8.0,0.0,8,nan
33.080349548657736,29.136690647482013,67.860365312,68.7,nan,3.34278656,nan,nan,8.0,0.0,8,nan
33.097023165225984,29.136690647482013,67.860365312,68.7,nan,3.34278656,nan,nan,8.0,0.0,8,nan
33.11369880437851,29.136690647482013,67.860365312,68.7,nan,3.34278656,nan,nan,8.0,0.0,8,nan
33.13037206331889,29.136690647482013,67.860365312,68.7,nan,3.34278656,nan,nan,8.0,0.0,8,nan
33.14704528649648,29.136690647482013,67.860365312,68.7,nan,3.34278656,nan,nan,8.0,0.0,8,nan
33.16371674140294,29.136690647482013,67.860365312,68.7,nan,3.34278656,nan,nan,8.0,0.0,8,nan
33.18038758436839,29.136690647482013,67.860365312,68.7,nan,3.34278656,nan,nan,8.0,0.0,8,nan
33.19705797831217,29.136690647482013,67.860365312,68.7,nan,3.34278656,nan,nan,8.0,0.0,8,nan
33.21373049815496,29.136690647482013,67.860365312,68.7,nan,3.34278656,nan,nan,8.0,0.0,8,nan
33.23040756384532,25.539568345323737,67.860365312,68.7,nan,3.34278656,nan,nan,7.0,0.0,8,nan
33.24708176851273,25.539568345323737,67.860365312,68.7,nan,3.34278656,nan,nan,7.0,0.0,8,nan
33.263751987616224,25.71942446043165,67.860365312,68.7,nan,3.34278656,nan,nan,7.0,0.0,8,nan
33.28042177359263,25.71942446043165,67.860365312,68.7,nan,3.34278656,nan,nan,7.0,0.0,8,nan
33.297099284331004,25.71942446043165,67.860365312,68.7,nan,3.344883712,nan,nan,7.0,0.0,8,nan
33.31377205848694,25.71942446043165,67.860365312,68.7,nan,3.346980864,nan,nan,7.0,0.0,8,nan
33.330447661876676,25.71942446043165,67.860365312,68.7,nan,3.346980864,nan,nan,7.0,0.0,8,nan
33.34712249835332,29.316546762589923,67.860365312,68.7,nan,3.346980864,nan,nan,8.0,0.0,8,nan
33.363795884450276,29.316546762589923,67.860365312,68.7,nan,3.346980864,nan,nan,8.0,0.0,8,nan
33.38046514193217,29.316546762589923,67.860365312,68.7,nan,3.346980864,nan,nan,8.0,0.0,8,nan
33.39713424841563,29.316546762589923,67.860365312,68.7,nan,3.346980864,nan,nan,8.0,0.0,8,nan
33.41380795637767,29.316546762589923,67.860365312,68.7,nan,3.346980864,nan,nan,8.0,0.0,8,nan
33.430481624603274,30.215827338129497,67.860365312,68.7,nan,3.346980864,nan,nan,8.0,0.0,8,nan
33.447153600056964,29.67625899280576,67.860365312,68.7,nan,3.346980864,nan,nan,8.0,0.0,8,nan
33.46382279793421,29.67625899280576,67.860365312,68.7,nan,3.346980864,nan,nan,8.0,0.0,8,nan
33.480500519275665,29.856115107913674,67.860365312,68.7,nan,3.346980864,nan,nan,8.0,0.0,8,nan
33.49716960589091,30.215827338129497,67.860365312,68.7,nan,3.346980864,nan,nan,8.0,0.0,8,nan
33.51384588082632,30.215827338129497,67.860365312,68.7,nan,3.346980864,nan,nan,8.0,0.0,8,nan
33.53051755428314,30.215827338129497,67.860365312,68.7,nan,3.346980864,nan,nan,8.0,0.0,8,nan
33.54718778928121,30.215827338129497,67.860365312,68.7,nan,3.346980864,nan,nan,8.0,0.0,8,nan
33.56386216878891,30.215827338129497,67.860365312,68.7,nan,3.346980864,nan,nan,8.0,0.0,8,nan
33.5805321931839,26.43884892086331,67.860365312,68.7,nan,3.346980864,nan,nan,7.0,0.0,8,nan
33.59720184405645,26.43884892086331,67.860365312,68.7,nan,3.346980864,nan,nan,7.0,0.0,8,nan
33.61387132803599,26.43884892086331,67.860365312,68.7,nan,3.346980864,nan,nan,7.0,0.0,8,nan
33.63054593404134,30.575539568345324,67.860365312,68.7,nan,3.346980864,nan,nan,8.0,0.0,8,nan
33.64721552928289,30.215827338129497,68.0656896,68.7,nan,3.346980864,nan,nan,8.0,0.0,8,nan
33.6638906677564,30.215827338129497,68.0656896,68.7,nan,3.346980864,nan,nan,8.0,0.0,8,nan
33.680565234025316,30.39568345323741,68.0656896,68.7,nan,3.346980864,nan,nan,8.0,0.0,8,nan
33.697239967187244,30.39568345323741,68.0656896,68.7,nan,3.346980864,nan,nan,8.0,0.0,8,nan
33.71391059557597,30.39568345323741,68.0656896,68.7,nan,3.346980864,nan,nan,8.0,0.0,8,nan
33.730584855874376,30.575539568345324,68.0656896,68.7,nan,3.346980864,nan,nan,8.0,0.0,8,nan
33.74726228316625,30.575539568345324,68.0656896,68.7,nan,3.346980864,nan,nan,8.0,0.0,8,nan
33.763935041427615,30.575539568345324,68.0656896,68.7,nan,3.346980864,nan,nan,8.0,0.0,8,nan
33.780606321493785,30.575539568345324,68.0656896,68.7,nan,3.346980864,nan,nan,8.0,0.0,8,nan
33.79728068908056,30.575539568345324,68.0656896,68.7,nan,3.346980864,nan,nan,8.0,0.0,8,nan
33.81395757993062,30.575539568345324,68.0656896,68.7,nan,3.346980864,nan,nan,8.0,0.0,8,nan
33.83062972227732,29.67625899280576,68.0656896,68.7,nan,3.346980864,nan,nan,8.0,0.0,8,nan
33.84730126063029,29.316546762589923,68.271013888,68.7,nan,3.346980864,nan,nan,8.0,0.0,8,nan
33.86397302945455,25.539568345323737,68.271013888,68.7,nan,3.346980864,nan,nan,7.0,0.0,8,nan
33.88064458767573,25.539568345323737,68.271013888,68.7,nan,3.346980864,nan,nan,7.0,0.0,8,nan
33.89731470743815,25.539568345323737,68.271013888,68.7,nan,3.346980864,nan,nan,7.0,0.0,8,nan
33.91398756901423,25.71942446043165,68.271013888,68.7,nan,3.346980864,nan,nan,7.0,0.0,8,nan
33.930657080809276,25.71942446043165,68.271013888,68.7,nan,3.346980864,nan,nan,7.0,0.0,8,nan
33.94733290274938,29.496402877697847,68.271013888,68.7,nan,3.346980864,nan,nan,8.0,0.0,8,nan
33.964004512627916,29.496402877697847,68.271013888,68.7,nan,3.346980864,nan,nan,8.0,0.0,8,nan
33.98067400455475,29.496402877697847,68.271013888,68.7,nan,3.346980864,nan,nan,8.0,0.0,8,nan
33.997349913914995,29.496402877697847,68.271013888,68.7,nan,3.346980864,nan,nan,8.0,0.0,8,nan
34.01401940584183,29.496402877697847,68.271013888,68.7,nan,3.346980864,nan,nan,8.0,0.0,8,nan
34.03069023688634,29.496402877697847,68.271013888,68.7,nan,3.346980864,nan,nan,8.0,0.0,8,nan
34.04736731052399,29.496402877697847,68.271013888,68.7,nan,3.346980864,nan,nan,8.0,0.0,8,nan
34.064037597179414,29.496402877697847,68.271013888,68.7,nan,3.346980864,nan,nan,8.0,0.0,8,nan
34.080719451109566,30.215827338129497,68.271013888,68.7,nan,3.346980864,nan,nan,8.0,0.0,8,nan
34.097398630777995,29.67625899280576,68.271013888,68.7,nan,3.346980864,nan,nan,8.0,0.0,8,nan
34.11407286723455,23.201438848920862,68.271013888,68.7,nan,3.346980864,nan,nan,7.0,0.0,8,nan
34.13074737389882,24.28057553956835,68.476338176,68.7,nan,3.346980864,nan,nan,7.0,0.0,8,nan
34.147420620918275,24.640287769784173,68.476338176,68.7,nan,3.346980864,nan,nan,7.0,0.0,8,nan
34.164094014962515,24.640287769784173,68.476338176,68.7,nan,3.346980864,nan,nan,7.0,0.0,8,nan
34.18076688051224,24.640287769784173,68.476338176,68.7,nan,3.346980864,nan,nan,7.0,0.0,8,nan
34.19744123220444,24.640287769784173,68.476338176,68.7,nan,3.346980864,nan,nan,7.0,0.0,8,nan
34.214116700490315,24.640287769784173,68.476338176,68.7,nan,3.346980864,nan,nan,7.0,0.0,8,nan
34.23078861633937,24.640287769784173,68.476338176,68.7,nan,3.346980864,nan,nan,7.0,0.0,8,nan
34.24746196269989,24.640287769784173,68.476338176,68.7,nan,3.346980864,nan,nan,7.0,0.0,8,nan
34.264136493206024,24.640287769784173,68.476338176,68.7,nan,3.346980864,nan,nan,7.0,0.0,8,nan
34.280811190605164,24.460431654676263,68.476338176,68.7,nan,3.346980864,nan,nan,7.0,0.0,8,nan
34.29748364686966,24.100719424460426,68.681662464,68.7,nan,3.346980864,nan,nan,7.0,0.0,8,nan
34.31415597200394,24.28057553956835,68.681662464,68.7,nan,3.346980864,nan,nan,7.0,0.0,8,nan
34.33083208401998,24.28057553956835,68.681662464,68.7,nan,3.346980864,nan,nan,7.0,0.0,8,nan
34.347503797213236,24.28057553956835,68.681662464,68.7,nan,3.346980864,nan,nan,7.0,0.0,8,nan
34.36417915026347,28.057553956834536,68.681662464,68.7,nan,3.346980864,nan,nan,8.0,0.0,8,nan
34.380851578712466,28.057553956834536,68.681662464,68.7,nan,3.346980864,nan,nan,8.0,0.0,8,nan
34.39753249088923,28.23741007194245,68.681662464,68.7,nan,3.346980864,nan,nan,8.0,0.0,8,nan
34.41420528491338,28.23741007194245,68.681662464,68.7,nan,3.346980864,nan,nan,8.0,0.0,8,nan
34.43087794383367,27.877697841726622,68.7,68.7,nan,3.346980864,nan,nan,8.0,0.0,8,nan
34.44755144516627,28.057553956834536,68.7,68.7,nan,3.346980864,nan,nan,8.0,0.0,8,nan
34.464229023456575,28.057553956834536,68.7,68.7,nan,3.346980864,nan,nan,8.0,0.0,8,nan
34.48090037902196,28.057553956834536,68.7,68.7,nan,3.346980864,nan,nan,8.0,0.0,8,nan
34.49757264057795,28.057553956834536,68.7,68.7,nan,3.346980864,nan,nan,8.0,0.0,8,nan
34.51424468358358,28.057553956834536,68.7,68.7,nan,3.346980864,nan,nan,8.0,0.0,8,nan
34.53092094262441,28.057553956834536,68.7,68.7,nan,3.346980864,nan,nan,8.0,0.0,8,nan
34.54759564002355,28.057553956834536,68.7,68.7,nan,3.346980864,nan,nan,8.0,0.0,8,nan
34.56426697572072,28.057553956834536,68.7,68.7,nan,3.346980864,nan,nan,8.0,0.0,8,nan
34.5809398094813,28.057553956834536,68.7,68.7,nan,3.346980864,nan,nan,8.0,0.0,8,nan
34.59761487642924,24.100719424460426,68.7,68.7,nan,3.346980864,nan,nan,7.0,0.0,8,nan
34.61428804000219,24.100719424460426,68.7,68.7,nan,3.346980864,nan,nan,7.0,0.0,8,nan
34.630962399641675,24.100719424460426,68.7,68.7,nan,3.346980864,nan,nan,7.0,0.0,8,nan
34.64763451019923,24.100719424460426,68.7,68.7,nan,3.346980864,nan,nan,7.0,0.0,8,nan
34.664307272434236,24.100719424460426,68.7,68.7,nan,3.346980864,nan,nan,7.0,0.0,8,nan
34.68097980817159,24.28057553956835,68.7,68.7,nan,3.346980864,nan,nan,7.0,0.0,8,nan
34.697651167710625,24.28057553956835,68.7,68.7,nan,3.346980864,nan,nan,7.0,0.0,8,nan
34.714324529965715,24.460431654676263,68.7,68.7,nan,3.346980864,nan,nan,7.0,0.0,8,nan
34.73099930683772,24.460431654676263,68.7,68.7,nan,3.346980864,nan,nan,7.0,0.0,8,nan
34.747673241297406,23.741007194244602,68.7,68.7,nan,3.346980864,nan,nan,7.0,0.0,8,nan
34.764343706766766,23.381294964028775,68.7,68.7,nan,3.346980864,nan,nan,7.0,0.0,8,nan
34.781028950214385,23.56115107913669,68.7,68.7,nan,3.346980864,nan,nan,7.0,0.0,8,nan
34.79770075877507,23.56115107913669,68.7,68.7,nan,3.346980864,nan,nan,7.0,0.0,8,nan
34.8143735130628,23.56115107913669,68.7,68.7,nan,3.346980864,nan,nan,7.0,0.0,8,nan
34.83104629516602,23.56115107913669,68.7,68.7,nan,3.346980864,nan,nan,7.0,0.0,8,nan
34.84771825472514,23.56115107913669,68.7,68.7,nan,3.346980864,nan,nan,7.0,0.0,8,nan
34.8643913269043,21.223021582733814,68.7,68.7,nan,3.346980864,nan,nan,6.0,0.0,8,nan
34.88106203873952,23.56115107913669,68.7,68.7,nan,3.346980864,nan,nan,7.0,0.0,8,nan
34.89773511886597,23.56115107913669,68.7,68.7,nan,3.346980864,nan,nan,7.0,0.0,8,nan
34.91440465052923,23.56115107913669,68.7,68.7,nan,3.346980864,nan,nan,7.0,0.0,8,nan
34.93108093738556,23.56115107913669,68.7,68.7,nan,3.346980864,nan,nan,7.0,0.0,8,nan
34.947754661242165,23.741007194244602,68.7,68.7,nan,3.346980864,nan,nan,7.0,0.0,8,nan
34.964430423577625,23.741007194244602,68.7,68.7,nan,3.346980864,nan,nan,7.0,0.0,8,nan
34.981101616223654,23.741007194244602,68.7,68.7,nan,3.346980864,nan,nan,7.0,0.0,8,nan
34.997773961226144,23.741007194244602,68.7,68.7,nan,3.346980864,nan,nan,7.0,0.0,8,nan
35.01444395383199,23.741007194244602,68.7,68.7,nan,3.346980864,nan,nan,7.0,0.0,8,nan
35.03111747900645,27.697841726618712,68.7,68.7,nan,3.346980864,nan,nan,8.0,0.0,8,nan
35.047789470354715,28.057553956834536,68.7,68.7,nan,3.346980864,nan,nan,8.0,0.0,8,nan
35.06446383794149,24.100719424460426,68.7,68.7,nan,3.346980864,nan,nan,7.0,0.0,8,nan
35.081135948499046,28.057553956834536,68.7,68.7,nan,3.346980864,nan,nan,8.0,0.0,8,nan
35.09780776500702,28.057553956834536,68.7,68.7,nan,3.346980864,nan,nan,8.0,0.0,8,nan
35.11447920401891,28.057553956834536,68.7,68.7,nan,3.346980864,nan,nan,8.0,0.0,8,nan
35.13115217685699,28.057553956834536,68.7,68.7,nan,3.346980864,nan,nan,8.0,0.0,8,nan
35.14782452583313,28.057553956834536,68.7,68.7,nan,3.346980864,nan,nan,8.0,0.0,8,nan
35.164496811230975,28.057553956834536,68.7,68.7,nan,3.346980864,nan,nan,8.0,0.0,8,nan
35.181168528397876,28.057553956834536,68.7,68.7,nan,3.346980864,nan,nan,8.0,0.0,8,nan
35.19784061113993,28.057553956834536,68.7,68.7,nan,3.346980864,nan,nan,8.0,0.0,8,nan
35.21451282898585,28.057553956834536,68.7,68.7,nan,3.346980864,nan,nan,8.0,0.0,8,nan
35.23118757009506,28.057553956834536,68.7,68.7,nan,3.346980864,nan,nan,8.0,0.0,8,nan
35.247865772247316,28.057553956834536,68.7,68.7,nan,3.346980864,nan,nan,8.0,0.0,8,nan
35.26453862984975,28.057553956834536,68.7,68.7,nan,3.346980864,nan,nan,8.0,0.0,8,nan
35.281218481063846,24.100719424460426,68.7,68.7,nan,3.346980864,nan,nan,7.0,0.0,8,nan
35.29789669116338,22.482014388489212,68.7,68.7,nan,3.346980864,nan,nan,7.0,0.0,8,nan
35.31456621090571,22.482014388489212,68.7,68.7,nan,3.346980864,nan,nan,7.0,0.0,8,nan
35.33123994270961,22.482014388489212,68.7,68.7,nan,3.346980864,nan,nan,7.0,0.0,8,nan
35.34791267315547,22.482014388489212,68.7,68.7,nan,3.346980864,nan,nan,7.0,0.0,8,nan
35.36458400090535,22.661870503597125,68.7,68.7,nan,3.346980864,nan,nan,7.0,0.0,8,nan
35.38125718037288,22.84172661870504,68.7,68.7,nan,3.346980864,nan,nan,7.0,0.0,8,nan
35.3979288816452,22.84172661870504,68.7,68.7,nan,3.346980864,nan,nan,7.0,0.0,8,nan
35.41460106770197,22.84172661870504,68.7,68.7,nan,3.346980864,nan,nan,7.0,0.0,8,nan
35.431272765000664,22.84172661870504,68.7,68.7,nan,3.346980864,nan,nan,7.0,0.0,8,nan
35.44794671138128,22.84172661870504,68.7,68.7,nan,3.346980864,nan,nan,7.0,0.0,8,nan
35.464620685577394,22.84172661870504,68.7,68.7,nan,3.346980864,nan,nan,7.0,0.0,8,nan
35.48129034439723,22.84172661870504,68.7,68.7,nan,3.346980864,nan,nan,7.0,0.0,8,nan
35.4979630668958,22.84172661870504,68.7,68.7,nan,3.346980864,nan,nan,7.0,0.0,8,nan
35.51463517745336,22.84172661870504,68.7,68.7,nan,3.346980864,nan,nan,7.0,0.0,8,nan
35.53131431341171,22.84172661870504,68.7,68.7,nan,3.346980864,nan,nan,7.0,0.0,8,nan
35.54798650741577,19.784172661870503,68.7,68.7,nan,3.346980864,nan,nan,6.0,0.0,8,nan
35.56466590563456,22.661870503597125,68.7,68.7,nan,3.346980864,nan,nan,7.0,0.0,8,nan
35.58133715391159,22.84172661870504,68.7,68.7,nan,3.346980864,nan,nan,7.0,0.0,8,nan
35.598016786575315,22.84172661870504,68.7,68.7,nan,3.346980864,nan,nan,7.0,0.0,8,nan
35.61469008922577,22.84172661870504,68.7,68.7,nan,3.346980864,nan,nan,7.0,0.0,8,nan
35.63136506875356,22.84172661870504,68.7,68.7,nan,3.346980864,nan,nan,7.0,0.0,8,nan
35.64803814093272,23.021582733812952,68.7,68.7,nan,3.346980864,nan,nan,7.0,0.0,8,nan
35.66471092303594,23.381294964028775,68.7,68.7,nan,3.346980864,nan,nan,7.0,0.0,8,nan
35.681383327643076,23.381294964028775,68.7,68.7,nan,3.346980864,nan,nan,7.0,0.0,8,nan
35.698054269949594,23.381294964028775,68.7,68.7,nan,3.346980864,nan,nan,7.0,0.0,8,nan
35.71472441752751,27.15827338129496,68.7,68.7,nan,3.346980864,nan,nan,8.0,0.0,8,nan
35.73139811754227,27.15827338129496,68.7,68.7,nan,3.346980864,nan,nan,8.0,0.0,8,nan
35.74807017644246,27.15827338129496,68.7,68.7,nan,3.346980864,nan,nan,8.0,0.0,8,nan
35.76474734544754,27.15827338129496,68.7,68.7,nan,3.346980864,nan,nan,8.0,0.0,8,nan
35.78141975800197,27.15827338129496,68.7,68.7,nan,3.346980864,nan,nan,8.0,0.0,8,nan
35.79809147119522,24.820143884892087,68.7,68.7,nan,3.346980864,nan,nan,7.0,0.0,8,nan
35.81476532618205,27.15827338129496,68.7,68.7,nan,3.346980864,nan,nan,8.0,0.0,8,nan
35.83144030570984,27.338129496402875,68.7,68.7,nan,3.346980864,nan,nan,8.0,0.0,8,nan
35.84811176856359,27.338129496402875,68.7,68.7,nan,3.346980864,nan,nan,8.0,0.0,8,nan
35.864786406358085,27.338129496402875,68.7,68.7,nan,3.346980864,nan,nan,8.0,0.0,8,nan
35.88145778576533,27.338129496402875,68.7,68.7,nan,3.346980864,nan,nan,8.0,0.0,8,nan
35.89813174804052,27.338129496402875,68.7,68.7,nan,3.346980864,nan,nan,8.0,0.0,8,nan
35.91480462551117,27.338129496402875,68.7,68.7,nan,3.346980864,nan,nan,8.0,0.0,8,nan
35.93147814671199,27.338129496402875,68.7,68.7,nan,3.346980864,nan,nan,8.0,0.0,8,nan
35.94815192619959,27.877697841726622,68.7,68.7,nan,3.346980864,nan,nan,8.0,0.0,8,nan
35.964822097619376,27.697841726618712,68.7,68.7,nan,3.346980864,nan,nan,8.0,0.0,8,nan
35.98149644931157,27.697841726618712,68.7,68.7,nan,3.346980864,nan,nan,8.0,0.0,8,nan
35.998171830177306,27.697841726618712,68.7,68.7,nan,3.346980864,nan,nan,8.0,0.0,8,nan
36.01484773953756,27.877697841726622,68.7,68.7,nan,3.346980864,nan,nan,8.0,0.0,8,nan
36.0315200249354,27.877697841726622,68.7,68.7,nan,3.346980864,nan,nan,8.0,0.0,8,nan
36.04818976720174,27.877697841726622,68.7,68.7,nan,3.346980864,nan,nan,8.0,0.0,8,nan
36.06486138105392,27.877697841726622,68.7,68.7,nan,3.346980864,nan,nan,8.0,0.0,8,nan
36.08153088092804,27.877697841726622,68.7,68.7,nan,3.346980864,nan,nan,8.0,0.0,8,nan
36.098203611373904,27.877697841726622,68.7,68.7,nan,3.346980864,nan,nan,8.0,0.0,8,nan
36.114877903461455,27.877697841726622,68.7,68.7,nan,3.346980864,nan,nan,8.0,0.0,8,nan
36.13155226707458,27.877697841726622,68.7,68.7,nan,3.346980864,nan,nan,8.0,0.0,8,nan
36.148225061098735,27.877697841726622,68.7,68.7,nan,3.346980864,nan,nan,8.0,0.0,8,nan
36.164897712071735,27.877697841726622,68.7,68.7,nan,3.346980864,nan,nan,8.0,0.0,8,nan
36.18156726757685,27.877697841726622,68.7,68.7,nan,3.346980864,nan,nan,8.0,0.0,8,nan
36.19824151198069,27.877697841726622,68.7,68.7,nan,3.346980864,nan,nan,8.0,0.0,8,nan
36.21491437355677,27.877697841726622,68.7,68.7,nan,3.346980864,nan,nan,8.0,0.0,8,nan
36.231589154402414,25.539568345323737,68.7,68.7,nan,3.346980864,nan,nan,7.0,0.0,8,nan
36.24826198021571,28.057553956834536,68.7,68.7,nan,3.346980864,nan,nan,8.0,0.0,8,nan
36.26493192513784,25.539568345323737,68.7,68.7,nan,3.346980864,nan,nan,7.0,0.0,8,nan
36.28160607814789,28.057553956834536,68.7,68.7,nan,3.346980864,nan,nan,8.0,0.0,8,nan
36.298279782136284,28.057553956834536,68.7,68.7,nan,3.346980864,nan,nan,8.0,0.0,8,nan
36.31495318810145,28.23741007194245,68.7,68.7,nan,3.346980864,nan,nan,8.0,0.0,8,nan
36.331636448701225,28.597122302158272,68.7,68.7,nan,3.346980864,nan,nan,8.0,0.0,8,nan
36.348312262694044,28.597122302158272,68.7,68.7,nan,3.346980864,nan,nan,8.0,0.0,8,nan
36.36498150030772,28.597122302158272,68.7,68.7,nan,3.346980864,nan,nan,8.0,0.0,8,nan
36.38165355920792,28.776978417266186,68.7,68.7,nan,3.346980864,nan,nan,8.0,0.0,8,nan
36.398331157366435,28.776978417266186,68.7,68.7,nan,3.346980864,nan,nan,8.0,0.0,8,nan
36.41500601371129,29.316546762589923,68.7,68.7,nan,3.346980864,nan,nan,8.0,0.0,8,nan
36.431678386529285,28.776978417266186,68.7,68.7,nan,3.346980864,nan,nan,8.0,0.0,8,nan
36.44835056066513,28.776978417266186,68.7,68.7,nan,3.346980864,nan,nan,8.0,0.0,8,nan
36.465022718906404,26.258992805755398,68.7,68.7,nan,3.346980864,nan,nan,7.0,0.0,8,nan
36.481696025530496,28.9568345323741,68.7,68.7,nan,3.346980864,nan,nan,8.0,0.0,8,nan
36.49836911360423,28.9568345323741,68.7,68.7,nan,3.346980864,nan,nan,8.0,0.0,8,nan
36.51504140694936,28.9568345323741,68.7,68.7,nan,3.346980864,nan,nan,8.0,0.0,8,nan
36.531715178489684,24.640287769784173,68.7,68.7,nan,3.346980864,nan,nan,7.0,0.0,8,nan
36.5483891248703,25.179856115107913,68.7,68.7,nan,3.346980864,nan,nan,7.0,0.0,8,nan
36.56506183544795,24.640287769784173,68.7,68.7,nan,3.357474816,nan,nan,7.0,0.0,8,nan
36.5817348519961,24.640287769784173,68.7,68.7,nan,3.365863424,nan,nan,7.0,0.0,8,nan
36.598411695162454,21.942446043165464,68.7,68.7,nan,3.399417856,nan,nan,6.0,0.0,8,nan
36.61508468389511,24.640287769784173,68.7,68.7,nan,3.416195072,nan,nan,7.0,0.0,8,nan
36.63175701300303,24.820143884892087,68.7,68.7,nan,3.416195072,nan,nan,7.0,0.0,8,nan
36.64842953681946,24.820143884892087,68.7,68.7,nan,3.416195072,nan,nan,7.0,0.0,8,nan
36.66510175863902,24.820143884892087,68.7,68.7,nan,2.904424448,nan,nan,7.0,0.0,7,nan
36.68177921374639,25.0,68.7,68.7,nan,2.904424448,nan,nan,7.0,0.0,7,nan
36.698451578617096,25.0,68.7,68.7,nan,2.904424448,nan,nan,7.0,0.0,7,nan
36.7151226123174,22.302158273381288,68.7,68.7,nan,2.910715904,nan,nan,6.0,0.0,7,nan
36.73179659843445,22.302158273381288,68.7,68.7,nan,2.910715904,nan,nan,6.0,0.0,7,nan
36.74846877257029,25.179856115107913,68.7,68.7,nan,2.910715904,nan,nan,7.0,0.0,7,nan
36.76514154275258,25.179856115107913,68.7,68.7,nan,2.910715904,nan,nan,7.0,0.0,7,nan
36.78181182940801,25.179856115107913,68.7,68.7,nan,2.910715904,nan,nan,7.0,0.0,7,nan
36.79848242203395,22.302158273381288,68.7,68.7,nan,2.914910208,nan,nan,6.0,0.0,7,nan
36.81515524784724,25.179856115107913,68.7,68.7,nan,2.914910208,nan,nan,7.0,0.0,7,nan
36.83182807763418,25.179856115107913,68.7,68.7,nan,2.914910208,nan,nan,7.0,0.0,7,nan
36.848499278227486,22.302158273381288,68.7,68.7,nan,2.914910208,nan,nan,6.0,0.0,7,nan
36.86518043279648,22.302158273381288,68.7,68.7,nan,2.96943616,nan,nan,6.0,0.0,7,nan
36.88185226122538,22.302158273381288,68.7,68.7,nan,2.992504832,nan,nan,6.0,0.0,7,nan
36.89852458635966,22.482014388489212,68.7,68.7,nan,2.994601984,nan,nan,6.0,0.0,7,nan
36.91519736051559,22.482014388489212,68.7,68.7,nan,3.002990592,nan,nan,6.0,0.0,7,nan
36.93187151352564,25.359712230215827,68.7,68.7,nan,3.002990592,nan,nan,7.0,0.0,7,nan
36.94854488770167,25.359712230215827,68.7,68.7,nan,3.002990592,nan,nan,7.0,0.0,7,nan
36.965217208862306,26.079136690647488,68.7,68.7,nan,3.002990592,nan,nan,7.0,0.0,7,nan
36.981890285015105,25.899280575539574,68.7,68.7,nan,3.002990592,nan,nan,7.0,0.0,7,nan
36.998565030097964,23.021582733812952,68.7,68.7,nan,3.002990592,nan,nan,6.0,0.0,7,nan
37.015241436163585,23.021582733812952,68.7,68.7,nan,3.002990592,nan,nan,6.0,0.0,7,nan
37.03191088438034,23.021582733812952,68.7,68.7,nan,3.002990592,nan,nan,6.0,0.0,7,nan
37.04858792622884,23.021582733812952,68.7,68.7,nan,3.002990592,nan,nan,6.0,0.0,7,nan
37.06526157855988,23.021582733812952,68.7,68.7,nan,3.002990592,nan,nan,6.0,0.0,7,nan
37.081931030750276,23.021582733812952,68.7,68.7,nan,3.002990592,nan,nan,6.0,0.0,7,nan
37.098606626192726,23.021582733812952,68.7,68.7,nan,3.002990592,nan,nan,6.0,0.0,7,nan
37.11527629295985,25.899280575539574,68.7,68.7,nan,3.002990592,nan,nan,7.0,0.0,7,nan
37.13195031086604,25.899280575539574,68.7,68.7,nan,3.002990592,nan,nan,7.0,0.0,7,nan
37.14862256844838,25.899280575539574,68.7,68.7,nan,3.002990592,nan,nan,7.0,0.0,7,nan
37.16529528299967,23.021582733812952,68.7,68.7,nan,3.002990592,nan,nan,6.0,0.0,7,nan
37.18196712732315,23.021582733812952,68.7,68.7,nan,3.002990592,nan,nan,6.0,0.0,7,nan
37.19864629904429,23.021582733812952,68.7,68.7,nan,3.002990592,nan,nan,6.0,0.0,7,nan
37.215319502353665,23.021582733812952,68.7,68.7,nan,3.002990592,nan,nan,6.0,0.0,7,nan
37.23199717203776,23.021582733812952,68.7,68.7,nan,3.002990592,nan,nan,6.0,0.0,7,nan
37.24866832494736,23.021582733812952,68.7,68.7,nan,3.002990592,nan,nan,6.0,0.0,7,nan
37.26534931659698,23.201438848920862,68.7,68.7,nan,3.002990592,nan,nan,6.0,0.0,7,nan
37.282021176815036,26.258992805755398,68.7,68.7,nan,3.002990592,nan,nan,7.0,0.0,7,nan
37.29869649807612,25.179856115107913,68.7,68.7,nan,3.002990592,nan,nan,7.0,0.0,7,nan
37.315367658933006,25.179856115107913,68.7,68.7,nan,3.002990592,nan,nan,7.0,0.0,7,nan
37.33204165299733,25.359712230215827,68.7,68.7,nan,3.002990592,nan,nan,7.0,0.0,7,nan
37.348713449637096,25.359712230215827,68.7,68.7,nan,3.002990592,nan,nan,7.0,0.0,7,nan
37.36538511117299,22.302158273381288,68.7,68.7,nan,3.009282048,nan,nan,6.0,0.0,7,nan
37.38205720583598,25.359712230215827,68.7,68.7,nan,3.009282048,nan,nan,7.0,0.0,7,nan
37.39873117208481,25.359712230215827,68.7,68.7,nan,3.009282048,nan,nan,7.0,0.0,7,nan
37.415404013792674,25.359712230215827,68.7,68.7,nan,3.009282048,nan,nan,7.0,0.0,7,nan
37.43207957744598,25.359712230215827,68.7,68.7,nan,3.009282048,nan,nan,7.0,0.0,7,nan
37.448751811186476,25.359712230215827,68.7,68.7,nan,3.009282048,nan,nan,7.0,0.0,7,nan
37.4654249270757,25.359712230215827,68.7,68.7,nan,3.009282048,nan,nan,7.0,0.0,7,nan
37.482097502549486,25.359712230215827,68.7,68.7,nan,3.009282048,nan,nan,7.0,0.0,7,nan
37.498770117759705,20.683453237410077,68.7,68.7,nan,3.009282048,nan,nan,6.0,0.0,7,nan
37.515445216496786,25.359712230215827,68.7,68.7,nan,3.009282048,nan,nan,7.0,0.0,7,nan
37.53211491902669,25.359712230215827,68.7,68.7,nan,3.009282048,nan,nan,7.0,0.0,7,nan
37.54878530104955,25.359712230215827,68.7,68.7,nan,3.009282048,nan,nan,7.0,0.0,7,nan
37.5654633919398,25.359712230215827,68.7,68.7,nan,3.009282048,nan,nan,7.0,0.0,7,nan
37.582136392593384,25.359712230215827,68.7,68.7,nan,3.009282048,nan,nan,7.0,0.0,7,nan
37.59881026347478,25.539568345323737,68.7,68.7,nan,3.009282048,nan,nan,7.0,0.0,7,nan
37.61548117001851,25.899280575539574,68.7,68.7,nan,3.009282048,nan,nan,7.0,0.0,7,nan
37.632154977321626,26.079136690647488,68.7,68.7,nan,3.009282048,nan,nan,7.0,0.0,7,nan
37.6488264520963,26.079136690647488,68.7,68.7,nan,3.009282048,nan,nan,7.0,0.0,7,nan
37.665499699115756,26.079136690647488,68.7,68.7,nan,3.009282048,nan,nan,7.0,0.0,7,nan
37.68217306931813,26.079136690647488,68.7,68.7,nan,3.009282048,nan,nan,7.0,0.0,7,nan
37.69884671767553,26.079136690647488,68.7,68.7,nan,3.009282048,nan,nan,7.0,0.0,7,nan
37.71552107731501,26.079136690647488,68.7,68.7,nan,3.009282048,nan,nan,7.0,0.0,7,nan
37.7321971654892,26.079136690647488,68.7,68.7,nan,3.009282048,nan,nan,7.0,0.0,7,nan
37.74887354373932,26.079136690647488,68.7,68.7,nan,3.009282048,nan,nan,7.0,0.0,7,nan
37.765544056892395,26.43884892086331,68.7,68.7,nan,3.009282048,nan,nan,7.0,0.0,7,nan
37.78221745888392,26.079136690647488,68.7,68.7,nan,3.009282048,nan,nan,7.0,0.0,7,nan
37.79888875087102,26.079136690647488,68.7,68.7,nan,3.009282048,nan,nan,7.0,0.0,7,nan
37.81555965741475,26.079136690647488,68.7,68.7,nan,3.009282048,nan,nan,7.0,0.0,7,nan
37.83223079840342,26.079136690647488,68.7,68.7,nan,3.009282048,nan,nan,7.0,0.0,7,nan
37.84890333414078,26.079136690647488,68.7,68.7,nan,3.009282048,nan,nan,7.0,0.0,7,nan
37.8655770778656,26.079136690647488,68.7,68.7,nan,3.009282048,nan,nan,7.0,0.0,7,nan
37.88224728107453,26.079136690647488,68.7,68.7,nan,3.009282048,nan,nan,7.0,0.0,7,nan
37.89892286856969,26.258992805755398,68.7,68.7,nan,3.009282048,nan,nan,7.0,0.0,7,nan
37.915594375133516,26.258992805755398,68.7,68.7,nan,3.009282048,nan,nan,7.0,0.0,7,nan
37.93226416905721,26.258992805755398,68.7,68.7,nan,3.009282048,nan,nan,7.0,0.0,7,nan
37.94893395900726,26.43884892086331,68.7,68.7,nan,3.009282048,nan,nan,7.0,0.0,7,nan
37.96560345093409,26.618705035971225,68.7,68.7,nan,3.009282048,nan,nan,7.0,0.0,7,nan
37.982283703486125,26.618705035971225,68.7,68.7,nan,3.009282048,nan,nan,7.0,0.0,7,nan
37.99896243413289,26.618705035971225,68.7,68.7,nan,3.009282048,nan,nan,7.0,0.0,7,nan
38.01563163201014,26.618705035971225,68.7,68.7,nan,3.009282048,nan,nan,7.0,0.0,7,nan
38.032303694883986,26.618705035971225,68.7,68.7,nan,3.009282048,nan,nan,7.0,0.0,7,nan
38.04898123343786,26.618705035971225,68.7,68.7,nan,3.009282048,nan,nan,7.0,0.0,7,nan
38.06565295060476,20.683453237410077,68.7,68.7,nan,3.009282048,nan,nan,6.0,0.0,7,nan
38.082322645187375,25.539568345323737,68.7,68.7,nan,3.009282048,nan,nan,7.0,0.0,7,nan
38.098995816707614,25.539568345323737,68.7,68.7,nan,3.009282048,nan,nan,7.0,0.0,7,nan
38.115667688846585,25.539568345323737,68.7,68.7,nan,3.009282048,nan,nan,7.0,0.0,7,nan
38.1323388338089,25.539568345323737,68.7,68.7,nan,3.009282048,nan,nan,7.0,0.0,7,nan
38.14900830984116,25.539568345323737,68.7,68.7,nan,3.009282048,nan,nan,7.0,0.0,7,nan
38.16568061908086,25.539568345323737,68.7,68.7,nan,3.009282048,nan,nan,7.0,0.0,7,nan
38.182351835568745,25.539568345323737,68.7,68.7,nan,3.009282048,nan,nan,7.0,0.0,7,nan
38.19902894099553,25.539568345323737,68.7,68.7,nan,3.009282048,nan,nan,7.0,0.0,7,nan
38.215700670083365,25.539568345323737,68.7,68.7,nan,3.009282048,nan,nan,7.0,0.0,7,nan
38.23237958749135,24.640287769784173,68.7,68.7,nan,3.009282048,nan,nan,7.0,0.0,7,nan
38.24905281861623,24.820143884892087,68.7,68.7,nan,3.009282048,nan,nan,7.0,0.0,7,nan
38.26572464307149,23.741007194244602,68.7,68.7,nan,3.009282048,nan,nan,7.0,0.0,7,nan
38.282394699255626,23.741007194244602,68.7,68.7,nan,3.009282048,nan,nan,7.0,0.0,7,nan
38.29907092253367,23.741007194244602,68.7,68.7,nan,3.009282048,nan,nan,7.0,0.0,7,nan
38.31574451526006,23.920863309352512,68.7,68.7,nan,3.009282048,nan,nan,7.0,0.0,7,nan
38.332413713137306,23.920863309352512,68.7,68.7,nan,3.009282048,nan,nan,7.0,0.0,7,nan
38.34908315738042,23.920863309352512,68.7,68.7,nan,3.009282048,nan,nan,7.0,0.0,7,nan
38.36576297680537,23.920863309352512,68.7,68.7,nan,3.009282048,nan,nan,7.0,0.0,7,nan
38.382437423865,23.741007194244602,68.7,68.7,nan,3.009282048,nan,nan,7.0,0.0,7,nan
38.3991121729215,23.741007194244602,68.7,68.7,nan,3.009282048,nan,nan,7.0,0.0,7,nan
38.41578600804011,23.741007194244602,68.7,68.7,nan,3.009282048,nan,nan,7.0,0.0,7,nan
38.43245809078216,23.741007194244602,68.7,68.7,nan,3.009282048,nan,nan,7.0,0.0,7,nan
38.44913006623586,23.741007194244602,68.7,68.7,nan,3.009282048,nan,nan,7.0,0.0,7,nan
38.465803146362305,23.741007194244602,68.7,68.7,nan,3.009282048,nan,nan,7.0,0.0,7,nan
38.48247420390447,23.920863309352512,68.7,68.7,nan,3.009282048,nan,nan,7.0,0.0,7,nan
38.499146767457326,23.920863309352512,68.7,68.7,nan,3.009282048,nan,nan,7.0,0.0,7,nan
38.51581612428029,24.100719424460426,68.7,68.7,nan,3.009282048,nan,nan,7.0,0.0,7,nan
38.53248565196991,24.28057553956835,68.7,68.7,nan,3.009282048,nan,nan,7.0,0.0,7,nan
38.54915521542231,24.28057553956835,68.7,68.7,nan,3.009282048,nan,nan,7.0,0.0,7,nan
38.56582883993784,24.28057553956835,68.7,68.7,nan,3.009282048,nan,nan,7.0,0.0,7,nan
38.582501383622485,25.179856115107913,68.7,68.7,nan,3.009282048,nan,nan,7.0,0.0,7,nan
38.59917262395223,21.942446043165464,68.7,68.7,nan,3.009282048,nan,nan,6.0,0.0,7,nan
38.61584724585215,24.820143884892087,68.7,68.7,nan,3.009282048,nan,nan,7.0,0.0,7,nan
38.63251895904541,24.820143884892087,68.7,68.7,nan,3.009282048,nan,nan,7.0,0.0,7,nan
38.64918990532557,24.820143884892087,68.7,68.7,nan,3.009282048,nan,nan,7.0,0.0,7,nan
38.665861495335896,24.820143884892087,68.7,68.7,nan,3.009282048,nan,nan,7.0,0.0,7,nan
38.68253413836161,24.820143884892087,68.7,68.7,nan,3.009282048,nan,nan,7.0,0.0,7,nan
38.6992067138354,24.820143884892087,68.7,68.7,nan,3.009282048,nan,nan,7.0,0.0,7,nan
38.71587911844254,21.402877697841728,68.7,68.7,nan,3.009282048,nan,nan,6.0,0.0,7,nan
38.732550303141274,24.820143884892087,68.7,68.7,nan,3.009282048,nan,nan,7.0,0.0,7,nan
38.7492217540741,24.820143884892087,68.7,68.7,nan,3.009282048,nan,nan,7.0,0.0,7,nan
38.765891249974565,24.820143884892087,68.7,68.7,nan,3.009282048,nan,nan,7.0,0.0,7,nan
38.78256322542826,21.402877697841728,68.7,68.7,nan,3.009282048,nan,nan,6.0,0.0,7,nan
38.799232451121014,24.820143884892087,68.7,68.7,nan,3.009282048,nan,nan,7.0,0.0,7,nan
38.81590360005696,24.820143884892087,68.7,68.7,nan,3.009282048,nan,nan,7.0,0.0,7,nan
38.8325809041659,24.820143884892087,68.7,68.7,nan,3.009282048,nan,nan,7.0,0.0,7,nan
38.84925094445546,21.402877697841728,68.7,68.7,nan,3.009282048,nan,nan,6.0,0.0,7,nan
38.86592405239741,21.58273381294964,68.7,68.7,nan,3.019767808,nan,nan,6.0,0.0,7,nan
38.88259785175323,21.58273381294964,68.7,68.7,nan,3.019767808,nan,nan,6.0,0.0,7,nan
38.899267498652144,21.58273381294964,68.7,68.7,nan,3.026059264,nan,nan,6.0,0.0,7,nan
38.915944465001424,21.58273381294964,68.7,68.7,nan,3.028156416,nan,nan,6.0,0.0,7,nan
38.93262190818787,16.546762589928054,68.7,68.7,nan,3.028156416,nan,nan,5.0,0.0,7,nan
38.949291519323985,21.223021582733814,68.7,68.7,nan,3.028156416,nan,nan,6.0,0.0,7,nan
38.96596301396688,21.223021582733814,68.7,68.7,nan,3.028156416,nan,nan,6.0,0.0,7,nan
38.982634568214415,21.223021582733814,68.7,68.7,nan,3.028156416,nan,nan,6.0,0.0,7,nan
38.99930590788524,21.223021582733814,68.7,68.7,nan,3.028156416,nan,nan,6.0,0.0,7,nan
39.01598554054896,21.223021582733814,68.7,68.7,nan,3.124625408,nan,nan,6.0,0.0,7,nan
39.032661918799086,21.223021582733814,68.7,68.7,nan,3.130916864,nan,nan,6.0,0.0,7,nan
39.049336568514505,21.223021582733814,68.7,68.7,nan,3.130916864,nan,nan,6.0,0.0,7,nan
39.06601231098175,24.640287769784173,68.7,68.7,nan,3.130916864,nan,nan,7.0,0.0,7,nan
39.08268485466639,24.820143884892087,68.7,68.7,nan,3.130916864,nan,nan,7.0,0.0,7,nan
39.099354108174644,24.820143884892087,68.7,68.7,nan,3.130916864,nan,nan,7.0,0.0,7,nan
39.11602745850881,25.539568345323737,68.7,68.7,nan,3.130916864,nan,nan,7.0,0.0,7,nan
39.132698424657185,25.179856115107913,68.7,68.7,nan,3.130916864,nan,nan,7.0,0.0,7,nan
39.14937206109365,25.359712230215827,68.7,68.7,nan,3.130916864,nan,nan,7.0,0.0,7,nan
39.166044449806215,25.359712230215827,68.7,68.7,nan,3.130916864,nan,nan,7.0,0.0,7,nan
39.1827156662941,25.359712230215827,68.7,68.7,nan,3.130916864,nan,nan,7.0,0.0,7,nan
39.199387109279634,26.079136690647488,68.7,68.7,nan,3.130916864,nan,nan,7.0,0.0,7,nan
39.21606061458588,25.539568345323737,68.7,68.7,nan,3.130916864,nan,nan,7.0,0.0,7,nan
39.23273862600327,25.71942446043165,68.7,68.7,nan,3.130916864,nan,nan,7.0,0.0,7,nan
39.24941572745641,25.71942446043165,68.7,68.7,nan,3.130916864,nan,nan,7.0,0.0,7,nan
39.26609140237172,25.71942446043165,68.7,68.7,nan,3.130916864,nan,nan,7.0,0.0,7,nan
39.28276431957881,25.71942446043165,68.7,68.7,nan,3.130916864,nan,nan,6.0,0.0,7,nan
39.29943575461706,22.122302158273378,68.7,68.7,nan,3.130916864,nan,nan,6.0,0.0,7,nan
39.31610674460729,22.122302158273378,68.7,68.7,nan,3.130916864,nan,nan,6.0,0.0,7,nan
39.33277920881907,22.122302158273378,68.7,68.7,nan,3.130916864,nan,nan,6.0,0.0,7,nan
39.349449511369066,22.122302158273378,68.7,68.7,nan,3.130916864,nan,nan,6.0,0.0,7,nan
39.36612091064453,22.122302158273378,68.7,68.7,nan,3.130916864,nan,nan,6.0,0.0,7,nan
39.38279404242834,22.122302158273378,68.7,68.7,nan,3.130916864,nan,nan,6.0,0.0,7,nan
39.39946751991908,22.122302158273378,68.7,68.7,nan,3.130916864,nan,nan,6.0,0.0,7,nan
39.416138585408525,22.122302158273378,68.7,68.7,nan,3.130916864,nan,nan,6.0,0.0,7,nan
39.43280961116155,22.122302158273378,68.7,68.7,nan,3.130916864,nan,nan,6.0,0.0,7,nan
39.449480668703714,22.122302158273378,68.7,68.7,nan,3.130916864,nan,nan,6.0,0.0,7,nan
39.46615178982417,22.122302158273378,68.7,68.7,nan,3.130916864,nan,nan,6.0,0.0,7,nan
39.482824472586316,22.302158273381288,68.7,68.7,nan,3.130916864,nan,nan,6.0,0.0,7,nan
39.49949808120728,22.302158273381288,68.7,68.7,nan,3.130916864,nan,nan,6.0,0.0,7,nan
39.51616853872935,22.302158273381288,68.7,68.7,nan,3.130916864,nan,nan,6.0,0.0,7,nan
39.53284491697947,22.302158273381288,68.7,68.7,nan,3.130916864,nan,nan,6.0,0.0,7,nan
39.54951587518056,22.302158273381288,68.7,68.7,nan,3.130916864,nan,nan,6.0,0.0,7,nan
39.5661898056666,22.302158273381288,68.7,68.7,nan,3.130916864,nan,nan,6.0,0.0,7,nan
39.582863211631775,22.302158273381288,68.7,68.7,nan,3.130916864,nan,nan,6.0,0.0,7,nan
39.599534726142885,22.302158273381288,68.7,68.7,nan,3.130916864,nan,nan,6.0,0.0,7,nan
39.616204698880516,18.705035971223015,68.7,68.7,nan,3.130916864,nan,nan,5.0,0.0,7,nan
39.632879229386646,21.0431654676259,68.7,68.7,nan,3.130916864,nan,nan,6.0,0.0,7,nan
39.6495511730512,21.0431654676259,68.7,68.7,nan,3.130916864,nan,nan,6.0,0.0,7,nan
39.6662291487058,21.223021582733814,68.7,68.7,nan,3.130916864,nan,nan,6.0,0.0,7,nan
39.682901895046236,21.223021582733814,68.7,68.7,nan,3.130916864,nan,nan,6.0,0.0,7,nan
39.69957195917765,21.402877697841728,68.7,68.7,nan,3.130916864,nan,nan,6.0,0.0,7,nan
39.716242269674936,25.179856115107913,68.7,68.7,nan,3.130916864,nan,nan,7.0,0.0,7,nan
39.7329137802124,25.179856115107913,68.7,68.7,nan,3.130916864,nan,nan,7.0,0.0,7,nan
39.74958705107371,25.359712230215827,68.7,68.7,nan,3.130916864,nan,nan,7.0,0.0,7,nan
39.76625655889511,25.359712230215827,68.7,68.7,nan,3.130916864,nan,nan,7.0,0.0,7,nan
39.78293352127075,25.359712230215827,68.7,68.7,nan,3.130916864,nan,nan,7.0,0.0,7,nan
39.799606513977054,25.539568345323737,68.7,68.7,nan,3.130916864,nan,nan,7.0,0.0,7,nan
39.81627881924312,25.539568345323737,68.7,68.7,nan,3.130916864,nan,nan,7.0,0.0,7,nan
39.83295202255249,25.71942446043165,68.7,68.7,nan,3.130916864,nan,nan,7.0,0.0,7,nan
39.849622023105624,25.71942446043165,68.7,68.7,nan,3.130916864,nan,nan,7.0,0.0,7,nan
39.86629141171773,20.683453237410077,68.7,68.7,nan,3.130916864,nan,nan,6.0,0.0,7,nan
39.88296492497126,25.539568345323737,68.7,68.7,nan,3.130916864,nan,nan,7.0,0.0,7,nan
39.89963403940201,25.539568345323737,68.7,68.7,nan,3.130916864,nan,nan,7.0,0.0,7,nan
39.91630575656891,25.539568345323737,68.7,68.7,nan,3.130916864,nan,nan,7.0,0.0,7,nan
39.93298184076945,25.71942446043165,68.7,68.7,nan,3.130916864,nan,nan,7.0,0.0,7,nan
39.94965689579646,25.71942446043165,68.7,68.7,nan,3.130916864,nan,nan,7.0,0.0,7,nan
39.96632644335429,25.71942446043165,68.7,68.7,nan,3.130916864,nan,nan,7.0,0.0,7,nan
39.982998073101044,25.71942446043165,68.7,68.7,nan,3.130916864,nan,nan,7.0,0.0,7,nan
39.99967152674993,25.71942446043165,68.7,68.7,nan,3.130916864,nan,nan,7.0,0.0,7,nan
40.01635386546453,25.71942446043165,68.7,68.7,nan,3.130916864,nan,nan,7.0,0.0,7,nan
40.03303093115489,25.71942446043165,68.7,68.7,nan,3.130916864,nan,nan,7.0,0.0,7,nan
40.049702831109364,25.71942446043165,68.7,68.7,nan,3.130916864,nan,nan,7.0,0.0,7,nan
40.06637860139211,25.71942446043165,68.7,68.7,nan,3.130916864,nan,nan,7.0,0.0,7,nan
40.08305232922236,25.71942446043165,68.7,68.7,nan,3.130916864,nan,nan,7.0,0.0,7,nan
40.0997220714887,25.71942446043165,68.7,68.7,nan,3.130916864,nan,nan,7.0,0.0,7,nan
40.11639850536982,25.71942446043165,68.7,68.7,nan,3.130916864,nan,nan,7.0,0.0,7,nan
40.133067917823794,25.71942446043165,68.7,68.7,nan,3.130916864,nan,nan,7.0,0.0,7,nan
40.14974140326182,25.899280575539574,68.7,68.7,nan,3.130916864,nan,nan,7.0,0.0,7,nan
40.16641418536504,25.899280575539574,68.7,68.7,nan,3.130916864,nan,nan,7.0,0.0,7,nan
40.183088048299155,25.899280575539574,68.7,68.7,nan,3.130916864,nan,nan,7.0,0.0,7,nan
40.19976143439611,25.899280575539574,68.7,68.7,nan,3.130916864,nan,nan,7.0,0.0,7,nan
40.21643213033676,22.122302158273378,68.7,68.7,nan,3.130916864,nan,nan,6.0,0.0,7,nan
40.23310478528341,25.899280575539574,68.7,68.7,nan,3.130916864,nan,nan,7.0,0.0,7,nan
40.24978121121725,25.899280575539574,68.7,68.7,nan,3.130916864,nan,nan,7.0,0.0,7,nan
40.26645236810048,25.899280575539574,68.7,68.7,nan,3.130916864,nan,nan,7.0,0.0,7,nan
40.28313112656276,26.079136690647488,68.7,68.7,nan,3.130916864,nan,nan,7.0,0.0,7,nan
40.299803833166756,26.079136690647488,68.7,68.7,nan,3.130916864,nan,nan,7.0,0.0,7,nan
40.31647757689158,26.258992805755398,68.7,68.7,nan,3.130916864,nan,nan,7.0,0.0,7,nan
40.33314833243688,23.741007194244602,68.7,68.7,nan,3.130916864,nan,nan,6.0,0.0,7,nan
40.349824265638986,25.71942446043165,68.7,68.7,nan,3.130916864,nan,nan,7.0,0.0,7,nan
40.366495951016745,21.402877697841728,68.7,68.7,nan,3.130916864,nan,nan,6.0,0.0,7,nan
40.38316935300827,25.179856115107913,68.7,68.7,nan,3.130916864,nan,nan,7.0,0.0,7,nan
40.39984015623728,25.179856115107913,68.7,68.7,nan,3.130916864,nan,nan,7.0,0.0,7,nan
40.416511849562326,25.179856115107913,68.7,68.7,nan,3.130916864,nan,nan,7.0,0.0,7,nan
40.43318214416504,21.402877697841728,68.7,68.7,nan,3.130916864,nan,nan,6.0,0.0,7,nan
40.44985243479411,25.359712230215827,68.7,68.7,nan,3.130916864,nan,nan,7.0,0.0,7,nan
40.466522085666654,25.359712230215827,68.7,68.7,nan,3.130916864,nan,nan,7.0,0.0,7,nan
40.48319514989853,25.359712230215827,68.7,68.7,nan,3.130916864,nan,nan,7.0,0.0,7,nan
40.49986571868261,20.503597122302153,68.7,68.7,nan,3.130916864,nan,nan,6.0,0.0,7,nan
40.51653560002645,25.539568345323737,68.7,68.7,nan,3.130916864,nan,nan,7.0,0.0,7,nan
40.53320610125859,25.539568345323737,68.7,68.7,nan,3.130916864,nan,nan,7.0,0.0,7,nan
40.549878148237866,25.539568345323737,68.7,68.7,nan,3.130916864,nan,nan,7.0,0.0,7,nan
40.5665508111318,25.539568345323737,68.7,68.7,nan,3.130916864,nan,nan,7.0,0.0,7,nan
40.58322052558263,25.71942446043165,68.7,68.7,nan,3.130916864,nan,nan,7.0,0.0,7,nan
40.599895759423575,25.71942446043165,68.7,68.7,nan,3.130916864,nan,nan,7.0,0.0,7,nan
40.61656768719355,21.942446043165464,68.7,68.7,nan,3.130916864,nan,nan,6.0,0.0,7,nan
40.633240636189775,25.899280575539574,68.7,68.7,nan,3.130916864,nan,nan,7.0,0.0,7,nan
40.649911455313365,25.899280575539574,68.7,68.7,nan,3.130916864,nan,nan,7.0,0.0,7,nan
40.66658154328664,25.899280575539574,68.7,68.7,nan,3.130916864,nan,nan,7.0,0.0,7,nan
40.68325205643972,25.899280575539574,68.7,68.7,nan,3.130916864,nan,nan,7.0,0.0,7,nan
40.699924159049985,25.899280575539574,68.7,68.7,nan,3.130916864,nan,nan,7.0,0.0,7,nan
40.71659534374873,25.899280575539574,68.7,68.7,nan,3.130916864,nan,nan,7.0,0.0,7,nan
40.73326728741328,25.899280575539574,68.7,68.7,nan,3.130916864,nan,nan,7.0,0.0,7,nan
40.74993832111359,25.899280575539574,68.7,68.7,nan,3.130916864,nan,nan,7.0,0.0,7,nan
40.7666121562322,25.899280575539574,68.7,68.7,nan,3.130916864,nan,nan,7.0,0.0,7,nan
40.783282085259756,25.899280575539574,68.7,68.7,nan,3.130916864,nan,nan,7.0,0.0,7,nan
40.79995578130086,25.899280575539574,68.7,68.7,nan,3.130916864,nan,nan,7.0,0.0,7,nan
40.8166298309962,26.079136690647488,68.7,68.7,nan,3.130916864,nan,nan,7.0,0.0,7,nan
40.83330210844676,22.122302158273378,68.7,68.7,nan,3.130916864,nan,nan,6.0,0.0,7,nan
40.84997467199961,22.122302158273378,68.7,68.7,nan,3.130916864,nan,nan,6.0,0.0,7,nan
40.86665001710256,22.122302158273378,68.7,68.7,nan,3.130916864,nan,nan,6.0,0.0,7,nan
40.883322127660115,22.122302158273378,68.7,68.7,nan,3.130916864,nan,nan,6.0,0.0,7,nan
40.89999504884084,22.122302158273378,68.7,68.7,nan,3.130916864,nan,nan,6.0,0.0,7,nan
40.91666665871938,22.302158273381288,68.7,68.7,nan,3.130916864,nan,nan,6.0,0.0,7,nan
40.93334122101466,22.302158273381288,68.7,68.7,nan,3.130916864,nan,nan,6.0,0.0,7,nan
40.95001372496287,22.302158273381288,68.7,68.7,nan,3.130916864,nan,nan,6.0,0.0,7,nan
40.96668556928635,22.302158273381288,68.7,68.7,nan,3.130916864,nan,nan,6.0,0.0,7,nan
40.983357175191244,22.302158273381288,68.7,68.7,nan,3.130916864,nan,nan,6.0,0.0,7,nan
41.00003328323364,22.482014388489212,68.7,68.7,nan,2.491383808,nan,nan,6.0,0.0,6,nan
41.01670668522517,22.482014388489212,68.7,68.7,nan,2.491383808,nan,nan,6.0,0.0,6,nan
41.03337984879811,22.482014388489212,68.7,68.7,nan,2.491383808,nan,nan,6.0,0.0,6,nan
41.05004968643188,22.482014388489212,68.7,68.7,nan,2.491383808,nan,nan,6.0,0.0,6,nan
41.066722957293194,22.661870503597125,68.7,68.7,nan,2.491383808,nan,nan,6.0,0.0,6,nan
41.08339412212372,22.661870503597125,68.7,68.7,nan,2.491383808,nan,nan,6.0,0.0,6,nan
41.10006923278173,22.661870503597125,68.7,68.7,nan,2.491383808,nan,nan,6.0,0.0,6,nan
41.11674422423045,19.964028776978417,68.7,68.7,nan,2.491383808,nan,nan,5.0,0.0,6,nan
41.13341850439708,21.942446043165464,68.7,68.7,nan,2.491383808,nan,nan,6.0,0.0,6,nan
41.15009510119756,21.942446043165464,68.7,68.7,nan,2.491383808,nan,nan,6.0,0.0,6,nan
41.166765717665356,21.942446043165464,68.7,68.7,nan,2.491383808,nan,nan,6.0,0.0,6,nan
41.18343532880147,16.90647482014388,68.7,68.7,nan,2.491383808,nan,nan,5.0,0.0,6,nan
41.20010840892792,21.942446043165464,68.7,68.7,nan,2.491383808,nan,nan,6.0,0.0,6,nan
41.216780201594034,22.122302158273378,68.7,68.7,nan,2.491383808,nan,nan,6.0,0.0,6,nan
41.233453440666196,22.122302158273378,68.7,68.7,nan,2.491383808,nan,nan,6.0,0.0,6,nan
41.250127863883975,22.122302158273378,68.7,68.7,nan,2.491383808,nan,nan,6.0,0.0,6,nan
41.26680091222127,22.122302158273378,68.7,68.7,nan,2.491383808,nan,nan,6.0,0.0,6,nan
41.283471286296844,22.122302158273378,68.7,68.7,nan,2.491383808,nan,nan,6.0,0.0,6,nan
41.300145443280535,22.122302158273378,68.7,68.7,nan,2.491383808,nan,nan,6.0,0.0,6,nan
41.31681756178538,20.683453237410077,68.7,68.7,nan,2.491383808,nan,nan,6.0,0.0,6,nan
41.333491039276126,20.683453237410077,68.7,68.7,nan,2.491383808,nan,nan,6.0,0.0,6,nan
41.35016398827235,20.683453237410077,68.7,68.7,nan,2.491383808,nan,nan,6.0,0.0,6,nan
41.36683671871821,20.683453237410077,68.7,68.7,nan,2.491383808,nan,nan,6.0,0.0,6,nan
41.38351261615753,20.683453237410077,68.7,68.7,nan,2.491383808,nan,nan,6.0,0.0,6,nan
41.40018494526545,20.683453237410077,68.7,68.7,nan,2.491383808,nan,nan,6.0,0.0,6,nan
41.41685724258423,20.683453237410077,68.7,68.7,nan,2.491383808,nan,nan,6.0,0.0,6,nan
41.43353017568588,20.683453237410077,68.7,68.7,nan,2.491383808,nan,nan,6.0,0.0,6,nan
41.450203410784404,20.683453237410077,68.7,68.7,nan,2.491383808,nan,nan,6.0,0.0,6,nan
41.46687848965327,20.683453237410077,68.7,68.7,nan,2.491383808,nan,nan,6.0,0.0,6,nan
41.48355077902476,20.863309352517987,68.7,68.7,nan,2.491383808,nan,nan,6.0,0.0,6,nan
41.500225059191386,20.863309352517987,68.7,68.7,nan,2.491383808,nan,nan,6.0,0.0,6,nan
41.516896386941276,21.0431654676259,68.7,68.7,nan,2.491383808,nan,nan,6.0,0.0,6,nan
41.533569073677064,17.985611510791365,68.7,68.7,nan,2.491383808,nan,nan,5.0,0.0,6,nan
41.550244545936586,20.503597122302153,68.7,68.7,nan,2.491383808,nan,nan,6.0,0.0,6,nan
41.56691701412201,20.503597122302153,68.7,68.7,nan,2.491383808,nan,nan,6.0,0.0,6,nan
41.58358923594157,20.503597122302153,68.7,68.7,nan,2.491383808,nan,nan,6.0,0.0,6,nan
41.600261513392134,20.503597122302153,68.7,68.7,nan,2.491383808,nan,nan,6.0,0.0,6,nan
41.616933437188464,20.503597122302153,68.7,68.7,nan,2.491383808,nan,nan,6.0,0.0,6,nan
41.63360550403595,20.503597122302153,68.7,68.7,nan,2.491383808,nan,nan,6.0,0.0,6,nan
41.65027826229731,20.503597122302153,68.7,68.7,nan,2.491383808,nan,nan,6.0,0.0,6,nan
41.666951127847035,20.503597122302153,68.7,68.7,nan,2.491383808,nan,nan,6.0,0.0,6,nan
41.68362310727437,20.503597122302153,68.7,68.7,nan,2.491383808,nan,nan,6.0,0.0,6,nan
41.70029553969701,20.503597122302153,68.7,68.7,nan,2.491383808,nan,nan,6.0,0.0,6,nan
41.7169676621755,20.503597122302153,68.7,68.7,nan,2.491383808,nan,nan,6.0,0.0,6,nan
41.73364018201828,20.863309352517987,68.7,68.7,nan,2.491383808,nan,nan,6.0,0.0,6,nan
41.75031298796336,20.863309352517987,68.7,68.7,nan,2.491383808,nan,nan,6.0,0.0,6,nan
41.766986159483594,20.863309352517987,68.7,68.7,nan,2.491383808,nan,nan,6.0,0.0,6,nan
41.783660837014516,20.863309352517987,68.7,68.7,nan,2.491383808,nan,nan,6.0,0.0,6,nan
41.80033232768377,20.863309352517987,68.7,68.7,nan,2.491383808,nan,nan,6.0,0.0,6,nan
41.817004799842834,21.0431654676259,68.7,68.7,nan,2.491383808,nan,nan,6.0,0.0,6,nan
41.83368087212245,21.0431654676259,68.7,68.7,nan,2.491383808,nan,nan,6.0,0.0,6,nan
41.850353852907816,21.0431654676259,68.7,68.7,nan,2.491383808,nan,nan,6.0,0.0,6,nan
41.867032424608865,21.0431654676259,68.7,68.7,nan,2.491383808,nan,nan,6.0,0.0,6,nan
41.88370452721914,21.0431654676259,68.7,68.7,nan,2.491383808,nan,nan,6.0,0.0,6,nan
41.900378533204396,21.0431654676259,68.7,68.7,nan,2.491383808,nan,nan,6.0,0.0,6,nan
41.9170512954394,21.223021582733814,68.7,68.7,nan,2.491383808,nan,nan,6.0,0.0,6,nan
41.933723564942674,21.223021582733814,68.7,68.7,nan,2.491383808,nan,nan,6.0,0.0,6,nan
41.9503981868426,18.705035971223015,68.7,68.7,nan,2.491383808,nan,nan,5.0,0.0,6,nan
41.96707096497218,21.223021582733814,68.7,68.7,nan,2.491383808,nan,nan,6.0,0.0,6,nan
41.98374610344569,21.223021582733814,68.7,68.7,nan,2.491383808,nan,nan,6.0,0.0,6,nan
42.000418253739674,21.223021582733814,68.7,68.7,nan,2.491383808,nan,nan,6.0,0.0,6,nan
42.0170907497406,21.223021582733814,68.7,68.7,nan,2.491383808,nan,nan,6.0,0.0,6,nan
42.0337630311648,21.223021582733814,68.7,68.7,nan,2.491383808,nan,nan,6.0,0.0,6,nan
42.05043514172236,21.223021582733814,68.7,68.7,nan,2.491383808,nan,nan,6.0,0.0,6,nan
42.067107220490776,21.223021582733814,68.7,68.7,nan,2.491383808,nan,nan,6.0,0.0,6,nan
42.08377946217855,21.223021582733814,68.7,68.7,nan,2.491383808,nan,nan,6.0,0.0,6,nan
42.100451743602754,21.402877697841728,68.7,68.7,nan,2.491383808,nan,nan,6.0,0.0,6,nan
42.11712911128998,21.402877697841728,68.7,68.7,nan,2.491383808,nan,nan,6.0,0.0,6,nan
42.133801472187045,21.402877697841728,68.7,68.7,nan,2.491383808,nan,nan,6.0,0.0,6,nan
42.15047378540039,21.402877697841728,68.7,68.7,nan,2.491383808,nan,nan,6.0,0.0,6,nan
42.16714608669281,21.402877697841728,68.7,68.7,nan,2.491383808,nan,nan,6.0,0.0,6,nan
42.18381729523341,21.402877697841728,68.7,68.7,nan,2.491383808,nan,nan,6.0,0.0,6,nan
42.200490323702496,21.402877697841728,68.7,68.7,nan,2.491383808,nan,nan,6.0,0.0,6,nan
42.21716317335765,21.58273381294964,68.7,68.7,nan,2.491383808,nan,nan,6.0,0.0,6,nan
42.233835864067075,21.58273381294964,68.7,68.7,nan,2.491383808,nan,nan,6.0,0.0,6,nan
42.25050813357036,21.58273381294964,68.7,68.7,nan,2.491383808,nan,nan,6.0,0.0,6,nan
42.267180514335635,21.58273381294964,68.7,68.7,nan,2.491383808,nan,nan,6.0,0.0,6,nan
42.28385231097539,21.58273381294964,68.7,68.7,nan,2.491383808,nan,nan,6.0,0.0,6,nan
42.3005273938179,21.58273381294964,68.7,68.7,nan,2.491383808,nan,nan,6.0,0.0,6,nan
42.31719873746236,21.58273381294964,68.7,68.7,nan,2.491383808,nan,nan,6.0,0.0,6,nan
42.33387087980906,21.942446043165464,68.7,68.7,nan,2.491383808,nan,nan,6.0,0.0,6,nan
42.350546046098074,21.942446043165464,68.7,68.7,nan,2.491383808,nan,nan,6.0,0.0,6,nan
42.36722425619761,21.942446043165464,68.7,68.7,nan,2.491383808,nan,nan,6.0,0.0,6,nan
42.38389939069748,21.942446043165464,68.7,68.7,nan,2.491383808,nan,nan,6.0,0.0,6,nan
42.40057176748912,21.942446043165464,68.7,68.7,nan,2.491383808,nan,nan,6.0,0.0,6,nan
42.41724511384964,22.122302158273378,68.7,68.7,nan,2.491383808,nan,nan,6.0,0.0,6,nan
42.433917530377705,22.122302158273378,68.7,68.7,nan,2.491383808,nan,nan,6.0,0.0,6,nan
42.45058995485306,22.122302158273378,68.7,68.7,nan,2.491383808,nan,nan,6.0,0.0,6,nan
42.467262236277264,22.122302158273378,68.7,68.7,nan,2.491383808,nan,nan,6.0,0.0,6,nan
42.483932769298555,22.122302158273378,68.7,68.7,nan,2.491383808,nan,nan,6.0,0.0,6,nan
42.5006052215894,22.122302158273378,68.7,68.7,nan,2.491383808,nan,nan,6.0,0.0,6,nan
42.51727860768636,22.302158273381288,68.7,68.7,nan,2.491383808,nan,nan,6.0,0.0,6,nan
42.53395123879115,22.302158273381288,68.7,68.7,nan,2.491383808,nan,nan,6.0,0.0,6,nan
42.5506240328153,22.302158273381288,68.7,68.7,nan,2.491383808,nan,nan,6.0,0.0,6,nan
42.56729660431544,21.76258992805755,68.7,68.7,nan,2.491383808,nan,nan,6.0,0.0,6,nan
42.583969016869865,21.76258992805755,68.7,68.7,nan,2.491383808,nan,nan,6.0,0.0,6,nan
42.60064122279485,21.76258992805755,68.7,68.7,nan,2.491383808,nan,nan,6.0,0.0,6,nan
42.61731400092443,21.76258992805755,68.7,68.7,nan,2.491383808,nan,nan,6.0,0.0,6,nan
42.633986171086626,21.76258992805755,68.7,68.7,nan,2.491383808,nan,nan,6.0,0.0,6,nan
42.65066190560659,19.60431654676259,68.7,68.7,nan,2.491383808,nan,nan,5.0,0.0,6,nan
42.667332486311594,21.76258992805755,68.7,68.7,nan,2.491383808,nan,nan,6.0,0.0,6,nan
42.68400456508001,21.76258992805755,68.7,68.7,nan,2.491383808,nan,nan,6.0,0.0,6,nan
42.700678420066836,21.942446043165464,68.7,68.7,nan,2.491383808,nan,nan,6.0,0.0,6,nan
42.71735201676687,21.942446043165464,68.7,68.7,nan,2.491383808,nan,nan,6.0,0.0,6,nan
42.73402494986852,21.942446043165464,68.7,68.7,nan,2.491383808,nan,nan,6.0,0.0,6,nan
42.750697418053946,21.942446043165464,68.7,68.7,nan,2.491383808,nan,nan,6.0,0.0,6,nan
42.76736951271693,21.942446043165464,68.7,68.7,nan,2.491383808,nan,nan,6.0,0.0,6,nan
42.78404023647308,21.942446043165464,68.7,68.7,nan,2.491383808,nan,nan,6.0,0.0,6,nan
42.80071249802907,22.122302158273378,68.7,68.7,nan,2.491383808,nan,nan,6.0,0.0,6,nan
42.81738585631053,22.122302158273378,68.7,68.7,nan,2.491383808,nan,nan,6.0,0.0,6,nan
42.834060768286385,22.122302158273378,68.7,68.7,nan,2.491383808,nan,nan,6.0,0.0,6,nan
42.85073408285777,22.122302158273378,68.7,68.7,nan,2.491383808,nan,nan,6.0,0.0,6,nan
42.86740633646647,22.122302158273378,68.7,68.7,nan,2.491383808,nan,nan,6.0,0.0,6,nan
42.88407971461614,22.122302158273378,68.7,68.7,nan,2.491383808,nan,nan,6.0,0.0,6,nan
42.900751837094624,22.122302158273378,68.7,68.7,nan,2.491383808,nan,nan,6.0,0.0,6,nan
42.91742482980092,22.122302158273378,68.7,68.7,nan,2.491383808,nan,nan,6.0,0.0,6,nan
42.93409783442815,22.482014388489212,68.7,68.7,nan,2.491383808,nan,nan,6.0,0.0,6,nan
42.950770239035286,22.482014388489212,68.7,68.7,nan,2.491383808,nan,nan,6.0,0.0,6,nan
42.96744531790416,22.482014388489212,68.7,68.7,nan,2.491383808,nan,nan,6.0,0.0,6,nan
42.984117619196574,22.482014388489212,68.7,68.7,nan,2.491383808,nan,nan,6.0,0.0,6,nan
43.000790015856424,22.482014388489212,68.7,68.7,nan,2.491383808,nan,nan,6.0,0.0,6,nan
43.01746253569921,22.482014388489212,68.7,68.7,nan,2.491383808,nan,nan,6.0,0.0,6,nan
43.034135580062866,16.90647482014388,68.7,68.7,nan,2.491383808,nan,nan,5.0,0.0,6,nan
43.050812073548634,21.942446043165464,68.7,68.7,nan,2.491383808,nan,nan,6.0,0.0,6,nan
43.06748435497284,21.942446043165464,68.7,68.7,nan,2.491383808,nan,nan,6.0,0.0,6,nan
43.08415667215983,22.122302158273378,68.7,68.7,nan,2.491383808,nan,nan,6.0,0.0,6,nan
43.10082974036535,16.36690647482014,68.7,68.7,nan,2.491383808,nan,nan,5.0,0.0,6,nan
43.11750202973683,21.402877697841728,68.7,68.7,nan,2.491383808,nan,nan,6.0,0.0,6,nan
43.134174521764116,21.402877697841728,68.7,68.7,nan,2.491383808,nan,nan,6.0,0.0,6,nan
43.15084968407949,21.402877697841728,68.7,68.7,nan,2.491383808,nan,nan,6.0,0.0,6,nan
43.167521580060324,21.402877697841728,68.7,68.7,nan,2.491383808,nan,nan,6.0,0.0,6,nan
43.18419545094172,21.402877697841728,68.7,68.7,nan,2.491383808,nan,nan,6.0,0.0,6,nan
43.200868026415506,21.402877697841728,68.7,68.7,nan,2.491383808,nan,nan,6.0,0.0,6,nan
43.21754103899002,21.402877697841728,68.7,68.7,nan,2.491383808,nan,nan,6.0,0.0,6,nan
43.23421415885289,21.402877697841728,68.7,68.7,nan,2.491383808,nan,nan,6.0,0.0,6,nan
43.2508865237236,21.402877697841728,68.7,68.7,nan,2.491383808,nan,nan,6.0,0.0,6,nan
43.267562345663706,21.402877697841728,68.7,68.7,nan,2.491383808,nan,nan,6.0,0.0,6,nan
43.28423329591751,21.58273381294964,68.7,68.7,nan,2.491383808,nan,nan,6.0,0.0,6,nan
43.30090561707814,21.58273381294964,68.7,68.7,nan,2.491383808,nan,nan,6.0,0.0,6,nan
43.3175778110822,16.546762589928054,68.7,68.7,nan,2.491383808,nan,nan,5.0,0.0,6,nan
43.33425033887227,21.58273381294964,68.7,68.7,nan,2.491383808,nan,nan,6.0,0.0,6,nan
43.350922818978624,21.58273381294964,68.7,68.7,nan,2.491383808,nan,nan,6.0,0.0,6,nan
43.367594194412234,21.76258992805755,68.7,68.7,nan,2.491383808,nan,nan,6.0,0.0,6,nan
43.384267727533974,21.76258992805755,68.7,68.7,nan,2.491383808,nan,nan,6.0,0.0,6,nan
43.400939897696176,21.942446043165464,68.7,68.7,nan,2.491383808,nan,nan,6.0,0.0,6,nan
43.41761133670807,21.942446043165464,68.7,68.7,nan,2.491383808,nan,nan,6.0,0.0,6,nan
43.43428550958633,21.942446043165464,68.7,68.7,nan,2.491383808,nan,nan,6.0,0.0,6,nan
43.45095688501994,21.942446043165464,68.7,68.7,nan,2.491383808,nan,nan,6.0,0.0,6,nan
43.46762926975886,21.942446043165464,68.7,68.7,nan,2.491383808,nan,nan,6.0,0.0,6,nan
43.484301670392355,21.942446043165464,68.7,68.7,nan,2.491383808,nan,nan,6.0,0.0,6,nan
43.50097473859787,21.942446043165464,68.7,68.7,nan,2.491383808,nan,nan,6.0,0.0,6,nan
43.51764829556147,21.942446043165464,68.7,68.7,nan,2.491383808,nan,nan,6.0,0.0,6,nan
43.53432072798411,22.122302158273378,68.7,68.7,nan,2.491383808,nan,nan,6.0,0.0,6,nan
43.550999983151755,22.122302158273378,68.7,68.7,nan,2.491383808,nan,nan,6.0,0.0,6,nan
43.56767247915268,22.122302158273378,68.7,68.7,nan,2.491383808,nan,nan,6.0,0.0,6,nan
43.58434547185898,22.122302158273378,68.7,68.7,nan,2.491383808,nan,nan,6.0,0.0,6,nan
43.60101731618246,22.122302158273378,68.7,68.7,nan,2.491383808,nan,nan,6.0,0.0,6,nan
43.617689494291945,22.122302158273378,68.7,68.7,nan,2.491383808,nan,nan,6.0,0.0,6,nan
43.6343620856603,22.122302158273378,68.7,68.7,nan,2.491383808,nan,nan,6.0,0.0,6,nan
43.651033560434975,22.122302158273378,68.7,68.7,nan,2.491383808,nan,nan,6.0,0.0,6,nan
43.667706696192425,22.302158273381288,68.7,68.7,nan,2.491383808,nan,nan,6.0,0.0,6,nan
43.68437977631887,22.302158273381288,68.7,68.7,nan,2.491383808,nan,nan,6.0,0.0,6,nan
43.701052788893385,22.482014388489212,68.7,68.7,nan,2.491383808,nan,nan,6.0,0.0,6,nan
43.71772807439168,22.482014388489212,68.7,68.7,nan,2.491383808,nan,nan,6.0,0.0,6,nan
43.734401098887126,22.482014388489212,68.7,68.7,nan,2.491383808,nan,nan,6.0,0.0,6,nan
43.75107347170512,22.482014388489212,68.7,68.7,nan,2.491383808,nan,nan,6.0,0.0,6,nan
43.76774621009827,22.482014388489212,68.7,68.7,nan,2.491383808,nan,nan,6.0,0.0,6,nan
43.78441851536433,22.482014388489212,68.7,68.7,nan,2.491383808,nan,nan,6.0,0.0,6,nan
43.80109845399856,22.482014388489212,68.7,68.7,nan,2.491383808,nan,nan,6.0,0.0,6,nan
43.81777124404907,22.482014388489212,68.7,68.7,nan,2.491383808,nan,nan,6.0,0.0,6,nan
43.83444823821386,22.482014388489212,68.7,68.7,nan,2.491383808,nan,nan,6.0,0.0,6,nan
43.85112000703812,22.482014388489212,68.7,68.7,nan,2.491383808,nan,nan,6.0,0.0,6,nan
43.867799464861555,23.201438848920862,68.7,68.7,nan,2.491383808,nan,nan,6.0,0.0,6,nan
43.88447078466415,22.661870503597125,68.7,68.7,nan,2.491383808,nan,nan,6.0,0.0,6,nan
43.90115198294322,22.661870503597125,68.7,68.7,nan,2.491383808,nan,nan,6.0,0.0,6,nan
43.917827904224396,23.381294964028775,68.7,68.7,nan,2.491383808,nan,nan,6.0,0.0,6,nan
43.93450093269348,22.84172661870504,68.7,68.7,nan,2.491383808,nan,nan,6.0,0.0,6,nan
43.95117359161377,22.84172661870504,68.7,68.7,nan,2.491383808,nan,nan,6.0,0.0,6,nan
43.967846576372786,20.32374100719424,68.7,68.7,nan,2.491383808,nan,nan,5.0,0.0,6,nan
43.984519211451214,22.661870503597125,68.7,68.7,nan,2.491383808,nan,nan,6.0,0.0,6,nan
44.001194552580515,22.661870503597125,68.7,68.7,nan,2.491383808,nan,nan,6.0,0.0,6,nan
44.01786754131317,22.661870503597125,68.7,68.7,nan,2.491383808,nan,nan,6.0,0.0,6,nan
44.034540037314095,22.661870503597125,68.7,68.7,nan,2.491383808,nan,nan,6.0,0.0,6,nan
44.05121025641759,22.661870503597125,68.7,68.7,nan,2.491383808,nan,nan,6.0,0.0,6,nan
44.067880765597025,22.661870503597125,68.7,68.7,nan,2.491383808,nan,nan,6.0,0.0,6,nan
44.084552550315856,17.266187050359715,68.7,68.7,nan,2.491383808,nan,nan,5.0,0.0,6,nan
44.1012233654658,22.482014388489212,68.7,68.7,nan,2.491383808,nan,nan,6.0,0.0,6,nan
44.117896513144174,22.661870503597125,68.7,68.7,nan,2.491383808,nan,nan,6.0,0.0,6,nan
44.13457148472468,17.44604316546763,68.7,68.7,nan,2.50396672,nan,nan,5.0,0.0,6,nan
44.15124365488688,22.661870503597125,68.7,68.7,nan,2.50396672,nan,nan,6.0,0.0,6,nan
44.167919178803764,17.625899280575542,68.7,68.7,nan,2.50396672,nan,nan,5.0,0.0,6,nan
44.184589473406476,22.84172661870504,68.7,68.7,nan,2.50396672,nan,nan,6.0,0.0,6,nan
44.20126507282257,17.625899280575542,68.7,68.7,nan,2.50396672,nan,nan,5.0,0.0,6,nan
44.217935804526014,17.625899280575542,68.7,68.7,nan,2.518646784,nan,nan,5.0,0.0,6,nan
44.23460545539856,22.84172661870504,68.7,68.7,nan,2.518646784,nan,nan,6.0,0.0,6,nan
44.25127707322439,22.84172661870504,68.7,68.7,nan,2.518646784,nan,nan,6.0,0.0,6,nan
44.26795103152593,22.84172661870504,68.7,68.7,nan,2.518646784,nan,nan,6.0,0.0,6,nan
44.28462478717168,17.625899280575542,68.7,68.7,nan,2.520743936,nan,nan,5.0,0.0,6,nan
44.3013007124265,23.201438848920862,68.7,68.7,nan,2.522841088,nan,nan,6.0,0.0,6,nan
44.31797188917796,23.741007194244602,68.7,68.7,nan,2.522841088,nan,nan,6.0,0.0,6,nan
44.3346455057462,23.201438848920862,68.7,68.7,nan,2.522841088,nan,nan,6.0,0.0,6,nan
44.3513180176417,23.201438848920862,68.7,68.7,nan,2.522841088,nan,nan,6.0,0.0,6,nan
44.36799082358678,23.201438848920862,68.7,68.7,nan,2.522841088,nan,nan,6.0,0.0,6,nan
44.38466564019521,23.201438848920862,68.7,68.7,nan,2.522841088,nan,nan,6.0,0.0,6,nan
44.40133897860845,23.201438848920862,68.7,68.7,nan,2.522841088,nan,nan,6.0,0.0,6,nan
44.41801325480143,23.201438848920862,68.7,68.7,nan,2.522841088,nan,nan,6.0,0.0,6,nan
44.43468658129374,23.201438848920862,68.7,68.7,nan,2.522841088,nan,nan,6.0,0.0,6,nan
44.451365160942075,23.201438848920862,68.7,68.7,nan,2.522841088,nan,nan,6.0,0.0,6,nan
44.468038499355316,23.201438848920862,68.7,68.7,nan,2.522841088,nan,nan,6.0,0.0,6,nan
44.48471445242564,23.381294964028775,68.7,68.7,nan,2.522841088,nan,nan,6.0,0.0,6,nan
44.50138427813848,23.381294964028775,68.7,68.7,nan,2.522841088,nan,nan,6.0,0.0,6,nan
44.51805689334869,23.381294964028775,68.7,68.7,nan,2.529132544,nan,nan,6.0,0.0,6,nan
44.53473017215729,23.381294964028775,68.7,68.7,nan,2.529132544,nan,nan,6.0,0.0,6,nan
44.55140260060628,23.381294964028775,68.7,68.7,nan,2.529132544,nan,nan,6.0,0.0,6,nan
44.56807363828023,23.381294964028775,68.7,68.7,nan,2.529132544,nan,nan,6.0,0.0,6,nan
44.584746448198956,23.381294964028775,68.7,68.7,nan,2.529132544,nan,nan,6.0,0.0,6,nan
44.60142161051432,23.56115107913669,68.7,68.7,nan,2.529132544,nan,nan,6.0,0.0,6,nan
44.61809974511464,23.56115107913669,68.7,68.7,nan,2.529132544,nan,nan,6.0,0.0,6,nan
44.63477802673976,23.56115107913669,68.7,68.7,nan,2.529132544,nan,nan,6.0,0.0,6,nan
44.65144858360291,23.56115107913669,68.7,68.7,nan,2.529132544,nan,nan,6.0,0.0,6,nan
44.668118290106456,23.56115107913669,68.7,68.7,nan,2.529132544,nan,nan,6.0,0.0,6,nan
44.68479075829188,23.56115107913669,68.7,68.7,nan,2.529132544,nan,nan,6.0,0.0,6,nan
44.701463826497395,23.56115107913669,68.7,68.7,nan,2.529132544,nan,nan,6.0,0.0,6,nan
44.718136394023894,23.56115107913669,68.7,68.7,nan,2.529132544,nan,nan,6.0,0.0,6,nan
44.734807737668355,23.741007194244602,68.7,68.7,nan,2.529132544,nan,nan,6.0,0.0,6,nan
44.75148239533107,23.741007194244602,68.7,68.7,nan,2.529132544,nan,nan,6.0,0.0,6,nan
44.768152344226834,23.920863309352512,68.7,68.7,nan,2.529132544,nan,nan,6.0,0.0,6,nan
44.784821844100954,23.920863309352512,68.7,68.7,nan,2.529132544,nan,nan,6.0,0.0,6,nan
44.80149873495102,23.920863309352512,68.7,68.7,nan,2.529132544,nan,nan,6.0,0.0,6,nan
44.81817403634389,21.58273381294964,68.7,68.7,nan,2.529132544,nan,nan,5.0,0.0,6,nan
44.83484412431717,23.920863309352512,68.7,68.7,nan,2.529132544,nan,nan,6.0,0.0,6,nan
44.851516683896385,23.920863309352512,68.7,68.7,nan,2.529132544,nan,nan,6.0,0.0,6,nan
44.86818973223368,23.920863309352512,68.7,68.7,nan,2.529132544,nan,nan,6.0,0.0,6,nan
44.884864473342894,23.920863309352512,68.7,68.7,nan,2.529132544,nan,nan,6.0,0.0,6,nan
44.90153585672378,24.100719424460426,68.7,68.7,nan,2.529132544,nan,nan,6.0,0.0,6,nan
44.91821104288101,24.28057553956835,68.7,68.7,nan,2.529132544,nan,nan,6.0,0.0,6,nan
44.934882656733194,23.741007194244602,68.7,68.7,nan,2.529132544,nan,nan,6.0,0.0,6,nan
44.95155546665192,23.741007194244602,68.7,68.7,nan,2.529132544,nan,nan,6.0,0.0,6,nan
44.968227851390836,18.705035971223015,68.7,68.7,nan,2.529132544,nan,nan,5.0,0.0,6,nan
44.98490355014801,23.741007194244602,68.7,68.7,nan,2.529132544,nan,nan,6.0,0.0,6,nan
45.00157847007116,23.741007194244602,68.7,68.7,nan,2.529132544,nan,nan,6.0,0.0,6,nan
45.018250246842705,18.705035971223015,68.7,68.7,nan,2.529132544,nan,nan,5.0,0.0,6,nan
45.03492239713669,21.223021582733814,68.7,68.7,nan,2.529132544,nan,nan,5.0,0.0,6,nan
45.05159612496694,23.741007194244602,68.7,68.7,nan,2.529132544,nan,nan,6.0,0.0,6,nan
45.06827022234599,18.705035971223015,68.7,68.7,nan,2.529132544,nan,nan,5.0,0.0,6,nan
45.08494775692622,24.28057553956835,68.7,68.7,nan,2.531229696,nan,nan,6.0,0.0,6,nan
45.10162099202474,20.683453237410077,68.7,68.7,nan,2.531229696,nan,nan,5.0,0.0,6,nan
45.118299865722655,20.683453237410077,68.7,68.7,nan,2.531229696,nan,nan,5.0,0.0,6,nan
45.134971956411995,20.683453237410077,68.7,68.7,nan,2.615115776,nan,nan,5.0,0.0,6,nan
45.15164519151052,20.683453237410077,68.7,68.7,nan,2.61931008,nan,nan,5.0,0.0,6,nan
45.168319539229074,20.683453237410077,68.7,68.7,nan,2.61931008,nan,nan,5.0,0.0,6,nan
45.184997367858884,20.683453237410077,68.7,68.7,nan,2.6402816,nan,nan,5.0,0.0,6,nan
45.20167222420375,15.467625899280579,68.7,68.7,nan,2.6402816,nan,nan,4.0,0.0,6,nan
45.21834844350815,20.683453237410077,68.7,68.7,nan,2.6402816,nan,nan,5.0,0.0,6,nan
45.23502159118652,20.683453237410077,68.7,68.7,nan,2.648670208,nan,nan,5.0,0.0,6,nan
45.25170109272003,20.863309352517987,68.7,68.7,nan,2.648670208,nan,nan,5.0,0.0,6,nan
45.26838035186132,20.863309352517987,68.7,68.7,nan,2.648670208,nan,nan,5.0,0.0,6,nan
45.285052156448366,20.863309352517987,68.7,68.7,nan,2.648670208,nan,nan,5.0,0.0,6,nan
45.30172433058421,20.863309352517987,68.7,68.7,nan,2.652864512,nan,nan,5.0,0.0,6,nan
45.31839934587479,20.863309352517987,68.7,68.7,nan,2.652864512,nan,nan,5.0,0.0,6,nan
45.3350718776385,20.863309352517987,68.7,68.7,nan,2.654961664,nan,nan,5.0,0.0,6,nan
45.35174524784088,18.16546762589928,68.7,68.7,nan,2.654961664,nan,nan,4.0,0.0,6,nan
45.36841646830241,21.0431654676259,68.7,68.7,nan,2.654961664,nan,nan,5.0,0.0,6,nan
45.38509062925974,21.0431654676259,68.7,68.7,nan,2.654961664,nan,nan,5.0,0.0,6,nan
45.40176126559575,23.56115107913669,68.7,68.7,nan,2.654961664,nan,nan,6.0,0.0,6,nan
45.41843265295029,23.56115107913669,68.7,68.7,nan,2.654961664,nan,nan,6.0,0.0,6,nan
45.43510275284449,20.863309352517987,68.7,68.7,nan,2.654961664,nan,nan,5.0,0.0,6,nan
45.4517737309138,23.56115107913669,68.7,68.7,nan,2.654961664,nan,nan,6.0,0.0,6,nan
45.468444633483884,23.56115107913669,68.7,68.7,nan,2.654961664,nan,nan,6.0,0.0,6,nan
45.48511581023534,21.0431654676259,68.7,68.7,nan,2.654961664,nan,nan,5.0,0.0,6,nan
45.501791203022,23.56115107913669,68.7,68.7,nan,2.654961664,nan,nan,6.0,0.0,6,nan
45.51846722364426,21.0431654676259,68.7,68.7,nan,2.654961664,nan,nan,5.0,0.0,6,nan
45.53514153957367,21.402877697841728,68.7,68.7,nan,2.654961664,nan,nan,5.0,0.0,6,nan
45.55181428194046,24.100719424460426,68.7,68.7,nan,2.654961664,nan,nan,6.0,0.0,6,nan
45.56848570903142,19.964028776978417,68.7,68.7,nan,2.654961664,nan,nan,5.0,0.0,6,nan
45.585165083408356,20.143884892086326,68.7,68.7,nan,2.654961664,nan,nan,5.0,0.0,6,nan
45.6018372575442,17.266187050359715,68.7,68.7,nan,2.654961664,nan,nan,4.0,0.0,6,nan
45.618510448932646,20.143884892086326,68.7,68.7,nan,2.654961664,nan,nan,5.0,0.0,6,nan
45.635180238882704,20.143884892086326,68.7,68.7,nan,2.654961664,nan,nan,5.0,0.0,6,nan
45.651853211720784,20.32374100719424,68.7,68.7,nan,2.654961664,nan,nan,5.0,0.0,6,nan
45.66853329737981,20.32374100719424,68.7,68.7,nan,2.654961664,nan,nan,5.0,0.0,6,nan
45.68520671129227,17.44604316546763,68.7,68.7,nan,2.654961664,nan,nan,4.0,0.0,6,nan
45.70187979539235,20.32374100719424,68.7,68.7,nan,2.654961664,nan,nan,5.0,0.0,6,nan
45.7185491959254,20.503597122302153,68.7,68.7,nan,2.654961664,nan,nan,5.0,0.0,6,nan
45.73522456884384,23.201438848920862,68.7,68.7,nan,2.654961664,nan,nan,6.0,0.0,6,nan
45.751898900667825,23.741007194244602,68.7,68.7,nan,2.654961664,nan,nan,6.0,0.0,6,nan
45.76857295036316,23.201438848920862,68.7,68.7,nan,2.654961664,nan,nan,6.0,0.0,6,nan
45.78524696826935,23.201438848920862,68.7,68.7,nan,2.654961664,nan,nan,6.0,0.0,6,nan
45.801919027169546,20.503597122302153,68.7,68.7,nan,2.654961664,nan,nan,5.0,0.0,6,nan
45.81859782536824,23.201438848920862,68.7,68.7,nan,2.657058816,nan,nan,6.0,0.0,6,nan
45.8352704445521,23.201438848920862,68.7,68.7,nan,2.657058816,nan,nan,6.0,0.0,6,nan
45.85194509824117,23.201438848920862,68.7,68.7,nan,2.657058816,nan,nan,6.0,0.0,6,nan
45.86861722866694,23.201438848920862,68.7,68.7,nan,2.657058816,nan,nan,6.0,0.0,6,nan
45.88528808752696,23.201438848920862,68.7,68.7,nan,2.657058816,nan,nan,6.0,0.0,6,nan
45.90196674267451,20.32374100719424,68.7,68.7,nan,2.657058816,nan,nan,5.0,0.0,6,nan
45.91864044268926,23.201438848920862,68.7,68.7,nan,2.657058816,nan,nan,6.0,0.0,6,nan
45.93531307776769,20.503597122302153,68.7,68.7,nan,2.657058816,nan,nan,5.0,0.0,6,nan
45.95198471943537,20.503597122302153,68.7,68.7,nan,3.137314816,nan,nan,5.0,0.0,6,nan
45.968662424882254,23.741007194244602,68.7,68.7,nan,3.15199488,nan,nan,6.0,0.0,6,nan
45.98533190091451,23.56115107913669,68.7,68.7,nan,3.15199488,nan,nan,6.0,0.0,6,nan
46.00200440883636,23.56115107913669,68.7,68.7,nan,3.15199488,nan,nan,6.0,0.0,6,nan
46.01867899099986,23.741007194244602,68.7,68.7,nan,3.15199488,nan,nan,6.0,0.0,6,nan
46.03534909884135,23.741007194244602,68.7,68.7,nan,3.15199488,nan,nan,6.0,0.0,6,nan
46.05202303727468,23.741007194244602,68.7,68.7,nan,3.15199488,nan,nan,6.0,0.0,6,nan
46.06869336366653,23.741007194244602,68.7,68.7,nan,3.15199488,nan,nan,6.0,0.0,6,nan
46.08536532322566,23.741007194244602,68.7,68.7,nan,3.15199488,nan,nan,6.0,0.0,6,nan
46.10203708807627,23.741007194244602,68.7,68.7,nan,3.15199488,nan,nan,6.0,0.0,6,nan
46.11870717604955,23.741007194244602,68.7,68.7,nan,3.15199488,nan,nan,6.0,0.0,6,nan
46.135379640261334,22.482014388489212,68.7,68.7,nan,3.15199488,nan,nan,6.0,0.0,6,nan
46.15205221970876,22.482014388489212,68.7,68.7,nan,3.15199488,nan,nan,6.0,0.0,6,nan
46.168722148736315,19.424460431654676,68.7,68.7,nan,3.15199488,nan,nan,5.0,0.0,6,nan
46.185395081837974,22.482014388489212,68.7,68.7,nan,3.15199488,nan,nan,6.0,0.0,6,nan
46.202065443992616,22.482014388489212,68.7,68.7,nan,3.15199488,nan,nan,6.0,0.0,6,nan
46.21873588562012,22.482014388489212,68.7,68.7,nan,3.15199488,nan,nan,6.0,0.0,6,nan
46.23541081349055,22.482014388489212,68.7,68.7,nan,3.15199488,nan,nan,6.0,0.0,6,nan
46.252080261707306,22.661870503597125,68.7,68.7,nan,3.15199488,nan,nan,6.0,0.0,6,nan
46.26874987284342,22.84172661870504,68.7,68.7,nan,3.15199488,nan,nan,6.0,0.0,6,nan
46.28541977008184,22.84172661870504,68.7,68.7,nan,3.15199488,nan,nan,6.0,0.0,6,nan
46.302089933554335,22.84172661870504,68.7,68.7,nan,3.15199488,nan,nan,6.0,0.0,6,nan
46.31876095136007,19.784172661870503,68.7,68.7,nan,3.15199488,nan,nan,5.0,0.0,6,nan
46.335431361198424,23.021582733812952,68.7,68.7,nan,3.15199488,nan,nan,6.0,0.0,6,nan
46.352100845177965,23.021582733812952,68.7,68.7,nan,3.15199488,nan,nan,6.0,0.0,6,nan
46.36877499421438,23.021582733812952,68.7,68.7,nan,3.15199488,nan,nan,6.0,0.0,6,nan
46.38544956445694,23.021582733812952,68.7,68.7,nan,3.15199488,nan,nan,6.0,0.0,6,nan
46.402120161056516,23.021582733812952,68.7,68.7,nan,3.15199488,nan,nan,6.0,0.0,6,nan
46.41878953377406,23.021582733812952,68.7,68.7,nan,3.15199488,nan,nan,5.0,0.0,6,nan
46.43546235164006,19.964028776978417,68.7,68.7,nan,3.189743616,nan,nan,5.0,0.0,6,nan
46.452135769526166,19.964028776978417,68.7,68.7,nan,3.19393792,nan,nan,5.0,0.0,6,nan
46.46880708932876,19.964028776978417,68.7,68.7,nan,3.196035072,nan,nan,5.0,0.0,6,nan
46.48547902504603,19.964028776978417,68.7,68.7,nan,3.198132224,nan,nan,5.0,0.0,6,nan
46.5021521170934,19.964028776978417,68.7,68.7,nan,3.200229376,nan,nan,5.0,0.0,6,nan
46.518828145662944,19.964028776978417,68.7,68.7,nan,3.200229376,nan,nan,5.0,0.0,6,nan
46.535503466924034,23.021582733812952,68.7,68.7,nan,3.200229376,nan,nan,6.0,0.0,6,nan
46.55218297243118,23.021582733812952,68.7,68.7,nan,3.200229376,nan,nan,6.0,0.0,6,nan
46.56885501941045,23.021582733812952,68.7,68.7,nan,3.200229376,nan,nan,6.0,0.0,6,nan
46.58552749554316,23.741007194244602,68.7,68.7,nan,3.200229376,nan,nan,6.0,0.0,6,nan
46.60219831864039,23.201438848920862,68.7,68.7,nan,3.200229376,nan,nan,6.0,0.0,6,nan
46.618867468833926,23.201438848920862,68.7,68.7,nan,3.200229376,nan,nan,6.0,0.0,6,nan
46.63553955952327,23.381294964028775,68.7,68.7,nan,3.200229376,nan,nan,6.0,0.0,6,nan
46.65221370458603,23.381294964028775,68.7,68.7,nan,3.200229376,nan,nan,6.0,0.0,6,nan
46.66888341108958,23.381294964028775,68.7,68.7,nan,3.200229376,nan,nan,6.0,0.0,6,nan
46.685553685824075,23.381294964028775,68.7,68.7,nan,3.200229376,nan,nan,6.0,0.0,6,nan
46.702228279908496,23.381294964028775,68.7,68.7,nan,3.200229376,nan,nan,6.0,0.0,6,nan
46.71889841953914,23.381294964028775,68.7,68.7,nan,3.200229376,nan,nan,6.0,0.0,6,nan
46.73556900024414,23.56115107913669,68.7,68.7,nan,3.200229376,nan,nan,6.0,0.0,6,nan
46.752240033944446,23.56115107913669,68.7,68.7,nan,3.200229376,nan,nan,6.0,0.0,6,nan
46.76891379356384,23.56115107913669,68.7,68.7,nan,3.200229376,nan,nan,6.0,0.0,6,nan
46.78558809359868,23.56115107913669,68.7,68.7,nan,3.200229376,nan,nan,6.0,0.0,6,nan
46.8022632042567,23.56115107913669,68.7,68.7,nan,3.200229376,nan,nan,6.0,0.0,6,nan
46.8189360499382,23.56115107913669,68.7,68.7,nan,3.200229376,nan,nan,6.0,0.0,6,nan
46.83560557365418,20.503597122302153,68.7,68.7,nan,3.200229376,nan,nan,5.0,0.0,6,nan
46.85228024721145,23.56115107913669,68.7,68.7,nan,3.200229376,nan,nan,6.0,0.0,6,nan
46.868952198823294,23.741007194244602,68.7,68.7,nan,3.200229376,nan,nan,6.0,0.0,6,nan
46.885629161198935,23.741007194244602,68.7,68.7,nan,3.200229376,nan,nan,6.0,0.0,6,nan
46.902304720878604,23.741007194244602,68.7,68.7,nan,3.200229376,nan,nan,6.0,0.0,6,nan
46.91897842486699,23.741007194244602,68.7,68.7,nan,3.200229376,nan,nan,6.0,0.0,6,nan
46.93565156857173,23.920863309352512,68.7,68.7,nan,3.200229376,nan,nan,6.0,0.0,6,nan
46.9523248553276,23.920863309352512,68.7,68.7,nan,3.200229376,nan,nan,6.0,0.0,6,nan
46.96899461746216,23.920863309352512,68.7,68.7,nan,3.200229376,nan,nan,6.0,0.0,6,nan
46.98566927512487,20.863309352517987,68.7,68.7,nan,3.200229376,nan,nan,5.0,0.0,6,nan
47.00233902136485,20.863309352517987,68.7,68.7,nan,3.250561024,nan,nan,5.0,0.0,6,nan
47.01901585658391,20.863309352517987,68.7,68.7,nan,3.250561024,nan,nan,5.0,0.0,6,nan
47.03568551937739,20.863309352517987,68.7,68.7,nan,3.250561024,nan,nan,5.0,0.0,6,nan
47.05236086845398,20.863309352517987,68.7,68.7,nan,3.250561024,nan,nan,5.0,0.0,6,nan
47.069036809603375,20.863309352517987,68.7,68.7,nan,3.250561024,nan,nan,5.0,0.0,6,nan
47.085706075032554,20.863309352517987,68.7,68.7,nan,3.250561024,nan,nan,5.0,0.0,6,nan
47.10238204797109,20.863309352517987,68.7,68.7,nan,3.250561024,nan,nan,5.0,0.0,6,nan
47.11905617316564,20.863309352517987,68.7,68.7,nan,3.250561024,nan,nan,5.0,0.0,6,nan
47.13572817246119,23.920863309352512,68.7,68.7,nan,3.250561024,nan,nan,6.0,0.0,6,nan
47.152402341365814,23.920863309352512,68.7,68.7,nan,3.250561024,nan,nan,6.0,0.0,6,nan
47.16907151142756,23.920863309352512,68.7,68.7,nan,3.250561024,nan,nan,6.0,0.0,6,nan
47.185743272304535,24.100719424460426,68.7,68.7,nan,3.250561024,nan,nan,6.0,0.0,6,nan
47.202412545681,24.100719424460426,68.7,68.7,nan,3.250561024,nan,nan,6.0,0.0,6,nan
47.21908336083094,21.0431654676259,68.7,68.7,nan,3.250561024,nan,nan,5.0,0.0,6,nan
47.23575717608134,24.28057553956835,68.7,68.7,nan,3.250561024,nan,nan,6.0,0.0,6,nan
47.25243096351623,24.28057553956835,68.7,68.7,nan,3.250561024,nan,nan,6.0,0.0,6,nan
47.269103300571444,24.28057553956835,68.7,68.7,nan,3.250561024,nan,nan,6.0,0.0,6,nan
47.285777572790785,24.28057553956835,68.7,68.7,nan,3.250561024,nan,nan,6.0,0.0,6,nan
47.302449854214984,24.28057553956835,68.7,68.7,nan,3.250561024,nan,nan,6.0,0.0,6,nan
47.319122684001925,24.28057553956835,68.7,68.7,nan,3.250561024,nan,nan,6.0,0.0,6,nan
47.33579585154851,24.460431654676263,68.7,68.7,nan,3.250561024,nan,nan,6.0,0.0,6,nan
47.352467862764996,24.460431654676263,68.7,68.7,nan,3.250561024,nan,nan,6.0,0.0,6,nan
47.3691402554512,24.460431654676263,68.7,68.7,nan,3.250561024,nan,nan,6.0,0.0,6,nan
47.38581229050954,24.460431654676263,68.7,68.7,nan,3.250561024,nan,nan,6.0,0.0,6,nan
47.40248446464538,24.460431654676263,68.7,68.7,nan,3.250561024,nan,nan,6.0,0.0,6,nan
47.41916290918986,24.460431654676263,68.7,68.7,nan,3.250561024,nan,nan,6.0,0.0,6,nan
47.43583575884501,24.460431654676263,68.7,68.7,nan,3.250561024,nan,nan,6.0,0.0,6,nan
47.45251230796178,24.640287769784173,68.7,68.7,nan,3.250561024,nan,nan,6.0,0.0,6,nan
47.469185344378154,24.820143884892087,68.7,68.7,nan,3.250561024,nan,nan,6.0,0.0,6,nan
47.48585818608602,24.820143884892087,68.7,68.7,nan,3.250561024,nan,nan,6.0,0.0,6,nan
47.50252925952275,24.820143884892087,68.7,68.7,nan,3.250561024,nan,nan,6.0,0.0,6,nan
47.519202613830565,25.539568345323737,68.7,68.7,nan,3.250561024,nan,nan,6.0,0.0,6,nan
47.53587491114934,25.0,68.7,68.7,nan,3.250561024,nan,nan,6.0,0.0,6,nan
47.552546453475955,25.0,68.7,68.7,nan,3.250561024,nan,nan,6.0,0.0,6,nan
47.56921738783519,21.76258992805755,68.7,68.7,nan,3.250561024,nan,nan,5.0,0.0,6,nan
47.58588675260544,25.0,68.7,68.7,nan,3.250561024,nan,nan,6.0,0.0,6,nan
47.6025626818339,25.0,68.7,68.7,nan,3.250561024,nan,nan,6.0,0.0,6,nan
47.61923391421636,25.0,68.7,68.7,nan,3.250561024,nan,nan,6.0,0.0,6,nan
47.635904828707375,25.0,68.7,68.7,nan,3.250561024,nan,nan,6.0,0.0,6,nan
47.65258074998856,25.0,68.7,68.7,nan,3.250561024,nan,nan,6.0,0.0,6,nan
47.66925358374913,25.0,68.7,68.7,nan,3.250561024,nan,nan,6.0,0.0,6,nan
47.68592840035756,25.0,68.7,68.7,nan,3.250561024,nan,nan,6.0,0.0,6,nan
47.7025993625323,25.0,68.7,68.7,nan,3.250561024,nan,nan,6.0,0.0,6,nan
47.719272792339325,25.0,68.7,68.7,nan,3.250561024,nan,nan,6.0,0.0,6,nan
47.73594565391541,25.0,68.7,68.7,nan,3.250561024,nan,nan,6.0,0.0,6,nan
47.75261776447296,25.0,68.7,68.7,nan,3.250561024,nan,nan,6.0,0.0,6,nan
47.769288913408914,25.0,68.7,68.7,nan,3.250561024,nan,nan,6.0,0.0,6,nan
47.78596271673838,25.0,68.7,68.7,nan,3.250561024,nan,nan,6.0,0.0,6,nan
47.8026351292928,25.179856115107913,68.7,68.7,nan,3.250561024,nan,nan,6.0,0.0,6,nan
47.81930754582087,25.179856115107913,68.7,68.7,nan,3.250561024,nan,nan,6.0,0.0,6,nan
47.835978496074674,25.899280575539574,68.7,68.7,nan,3.250561024,nan,nan,6.0,0.0,6,nan
47.85265189409256,25.359712230215827,68.7,68.7,nan,3.250561024,nan,nan,6.0,0.0,6,nan
47.86932425498962,21.58273381294964,68.7,68.7,nan,3.250561024,nan,nan,5.0,0.0,6,nan
47.88599540789922,24.820143884892087,68.7,68.7,nan,3.250561024,nan,nan,6.0,0.0,6,nan
47.902666767438255,24.820143884892087,68.7,68.7,nan,3.250561024,nan,nan,6.0,0.0,6,nan
47.919335726896925,24.820143884892087,68.7,68.7,nan,3.250561024,nan,nan,6.0,0.0,6,nan
47.93601418733597,21.58273381294964,68.7,68.7,nan,3.250561024,nan,nan,5.0,0.0,6,nan
47.95268616676331,25.0,68.7,68.7,nan,3.250561024,nan,nan,6.0,0.0,6,nan
47.969357601801555,25.0,68.7,68.7,nan,3.250561024,nan,nan,6.0,0.0,6,nan
47.98603090842565,21.76258992805755,68.7,68.7,nan,3.250561024,nan,nan,5.0,0.0,6,nan
48.00270224014918,25.179856115107913,68.7,68.7,nan,3.250561024,nan,nan,6.0,0.0,6,nan
48.019378221035005,25.359712230215827,68.7,68.7,nan,3.250561024,nan,nan,6.0,0.0,6,nan
48.03604698975881,25.359712230215827,68.7,68.7,nan,3.250561024,nan,nan,6.0,0.0,6,nan
48.0527196764946,25.359712230215827,68.7,68.7,nan,3.250561024,nan,nan,6.0,0.0,6,nan
48.06939445734024,25.359712230215827,68.7,68.7,nan,3.250561024,nan,nan,6.0,0.0,6,nan
48.08606896400452,25.539568345323737,68.7,68.7,nan,3.250561024,nan,nan,6.0,0.0,6,nan
48.10273941357931,25.539568345323737,68.7,68.7,nan,3.250561024,nan,nan,6.0,0.0,6,nan
48.11941317717234,25.539568345323737,68.7,68.7,nan,3.250561024,nan,nan,6.0,0.0,6,nan
48.1360855738322,25.71942446043165,68.7,68.7,nan,3.250561024,nan,nan,6.0,0.0,6,nan
48.15276109377543,25.71942446043165,68.7,68.7,nan,3.250561024,nan,nan,6.0,0.0,6,nan
48.16943278312683,22.302158273381288,68.7,68.7,nan,3.250561024,nan,nan,5.0,0.0,6,nan
48.186106030146284,25.71942446043165,68.7,68.7,nan,3.250561024,nan,nan,6.0,0.0,6,nan
48.20277864138286,25.71942446043165,68.7,68.7,nan,3.250561024,nan,nan,6.0,0.0,6,nan
48.219450771808624,25.71942446043165,68.7,68.7,nan,3.250561024,nan,nan,6.0,0.0,6,nan
48.23612289031347,19.60431654676259,68.7,68.7,nan,3.250561024,nan,nan,5.0,0.0,6,nan
48.25279665788015,24.820143884892087,68.7,68.7,nan,3.25685248,nan,nan,6.0,0.0,6,nan
48.26947029431661,24.820143884892087,68.7,68.7,nan,3.25685248,nan,nan,6.0,0.0,6,nan
48.28614038626353,21.402877697841728,68.7,68.7,nan,3.25685248,nan,nan,5.0,0.0,6,nan
48.30281463464101,21.223021582733814,68.7,68.7,nan,3.25685248,nan,nan,5.0,0.0,6,nan
48.31948608160019,24.460431654676263,68.7,68.7,nan,3.25685248,nan,nan,6.0,0.0,6,nan
48.3361621260643,24.460431654676263,68.7,68.7,nan,3.25685248,nan,nan,6.0,0.0,6,nan
48.352832774321236,24.460431654676263,68.7,68.7,nan,3.25685248,nan,nan,6.0,0.0,6,nan
48.369506645202634,21.0431654676259,68.7,68.7,nan,3.25685248,nan,nan,5.0,0.0,6,nan
48.386184418201445,19.244604316546766,68.7,68.7,nan,3.25685248,nan,nan,5.0,0.0,6,nan
48.402862246831255,24.460431654676263,68.7,68.7,nan,3.25685248,nan,nan,6.0,0.0,6,nan
48.419534810384114,24.640287769784173,68.7,68.7,nan,3.25685248,nan,nan,6.0,0.0,6,nan
48.43620593150457,19.424460431654676,68.7,68.7,nan,3.25685248,nan,nan,5.0,0.0,6,nan
48.452879818280536,19.60431654676259,68.7,68.7,nan,3.258949632,nan,nan,5.0,0.0,6,nan
48.469552183151244,19.60431654676259,68.7,68.7,nan,3.263143936,nan,nan,5.0,0.0,6,nan
48.48622191349666,19.60431654676259,68.7,68.7,nan,3.26733824,nan,nan,5.0,0.0,6,nan
48.50289916197459,19.60431654676259,68.7,68.7,nan,3.269435392,nan,nan,5.0,0.0,6,nan
48.51958015362422,19.60431654676259,68.7,68.7,nan,3.407847424,nan,nan,5.0,0.0,6,nan
48.5362535794576,19.60431654676259,68.7,68.7,nan,3.407847424,nan,nan,5.0,0.0,6,nan
48.552927203973134,19.60431654676259,68.7,68.7,nan,3.407847424,nan,nan,5.0,0.0,6,nan
48.56959935029348,19.60431654676259,68.7,68.7,nan,3.407847424,nan,nan,5.0,0.0,6,nan
48.58626934687297,16.007194244604317,68.7,68.7,nan,2.715922432,nan,nan,4.0,0.0,5,nan
48.60294110774994,16.007194244604317,68.7,68.7,nan,2.718019584,nan,nan,4.0,0.0,5,nan
48.61961274941762,16.18705035971223,68.7,68.7,nan,2.722217984,nan,nan,4.0,0.0,5,nan
48.636281883716585,16.18705035971223,68.7,68.7,nan,2.730606592,nan,nan,4.0,0.0,5,nan
48.65295552412669,16.18705035971223,68.7,68.7,nan,2.778877952,nan,nan,4.0,0.0,5,nan
48.66963407198588,16.18705035971223,68.7,68.7,nan,2.795655168,nan,nan,4.0,0.0,5,nan
48.68630734682083,16.36690647482014,68.7,68.7,nan,2.795655168,nan,nan,4.0,0.0,5,nan
48.70297998984655,16.36690647482014,68.7,68.7,nan,2.795655168,nan,nan,4.0,0.0,5,nan
48.719652946790056,16.36690647482014,68.7,68.7,nan,2.795655168,nan,nan,4.0,0.0,5,nan
48.73632343610128,16.36690647482014,68.7,68.7,nan,1.656856576,nan,nan,4.0,0.0,4,nan
48.75299314657847,16.36690647482014,68.7,68.7,nan,1.656856576,nan,nan,4.0,0.0,4,nan
48.769667049249016,16.36690647482014,68.7,68.7,nan,1.656856576,nan,nan,4.0,0.0,4,nan
48.78633771340052,12.410071942446043,68.7,68.7,nan,1.656856576,nan,nan,3.0,0.0,4,nan
48.803009978930156,15.467625899280579,68.7,68.7,nan,1.656856576,nan,nan,4.0,0.0,4,nan
48.819685169061025,15.467625899280579,68.7,68.7,nan,1.656856576,nan,nan,4.0,0.0,4,nan
48.836361459891,15.467625899280579,68.7,68.7,nan,1.656856576,nan,nan,4.0,0.0,4,nan
48.853032461802165,15.467625899280579,68.7,68.7,nan,1.656856576,nan,nan,4.0,0.0,4,nan
48.869703622659046,12.410071942446043,68.7,68.7,nan,1.656856576,nan,nan,3.0,0.0,4,nan
48.88637790282567,15.467625899280579,68.7,68.7,nan,1.656856576,nan,nan,4.0,0.0,4,nan
48.9030473391215,15.647482014388492,68.7,68.7,nan,1.656856576,nan,nan,4.0,0.0,4,nan
48.91972256104152,12.589928057553957,68.7,68.7,nan,1.656856576,nan,nan,3.0,0.0,4,nan
48.93639826774597,15.647482014388492,68.7,68.7,nan,1.656856576,nan,nan,4.0,0.0,4,nan
48.9530727426211,15.647482014388492,68.7,68.7,nan,1.656856576,nan,nan,4.0,0.0,4,nan
48.96974236567815,15.647482014388492,68.7,68.7,nan,1.656856576,nan,nan,4.0,0.0,4,nan
48.986415175596875,15.827338129496404,68.7,68.7,nan,1.656856576,nan,nan,4.0,0.0,4,nan
49.00308624108632,15.827338129496404,68.7,68.7,nan,1.656856576,nan,nan,4.0,0.0,4,nan
49.01975623369217,15.827338129496404,68.7,68.7,nan,1.656856576,nan,nan,4.0,0.0,4,nan
49.036431562900546,15.827338129496404,68.7,68.7,nan,1.656856576,nan,nan,4.0,0.0,4,nan
49.05310354232788,15.827338129496404,68.7,68.7,nan,1.656856576,nan,nan,4.0,0.0,4,nan
49.06978107293447,15.827338129496404,68.7,68.7,nan,1.656856576,nan,nan,4.0,0.0,4,nan
49.08645294507345,15.827338129496404,68.7,68.7,nan,1.656856576,nan,nan,4.0,0.0,4,nan
49.1031227906545,13.48920863309353,68.7,68.7,nan,1.656856576,nan,nan,3.0,0.0,4,nan
49.11979163487752,15.647482014388492,68.7,68.7,nan,1.656856576,nan,nan,4.0,0.0,4,nan
49.13646417061488,15.647482014388492,68.7,68.7,nan,1.656856576,nan,nan,4.0,0.0,4,nan
49.153136722246806,15.647482014388492,68.7,68.7,nan,1.656856576,nan,nan,4.0,0.0,4,nan
49.169806321462,15.647482014388492,68.7,68.7,nan,1.656856576,nan,nan,4.0,0.0,4,nan
49.18648259242376,13.48920863309353,68.7,68.7,nan,1.656856576,nan,nan,3.0,0.0,4,nan
49.20315461556117,15.647482014388492,68.7,68.7,nan,1.656856576,nan,nan,4.0,0.0,4,nan
49.219829483826956,15.647482014388492,68.7,68.7,nan,1.656856576,nan,nan,4.0,0.0,4,nan
49.23650321563085,15.827338129496404,68.7,68.7,nan,1.656856576,nan,nan,4.0,0.0,4,nan
49.25317913691203,15.827338129496404,68.7,68.7,nan,1.656856576,nan,nan,4.0,0.0,4,nan
49.26985093355179,15.827338129496404,68.7,68.7,nan,1.656856576,nan,nan,4.0,0.0,4,nan
49.28652306397756,13.669064748201443,68.7,68.7,nan,1.665245184,nan,nan,3.0,0.0,4,nan
49.30319653749466,13.669064748201443,68.7,68.7,nan,1.688313856,nan,nan,3.0,0.0,4,nan
49.31987040042877,13.669064748201443,68.7,68.7,nan,1.690411008,nan,nan,3.0,0.0,4,nan
49.33654817342758,15.827338129496404,68.7,68.7,nan,1.690411008,nan,nan,4.0,0.0,4,nan
49.35322057008743,15.827338129496404,68.7,68.7,nan,1.690411008,nan,nan,4.0,0.0,4,nan
49.369897015889485,15.827338129496404,68.7,68.7,nan,1.690411008,nan,nan,4.0,0.0,4,nan
49.38656924565633,13.669064748201443,68.7,68.7,nan,1.690411008,nan,nan,3.0,0.0,4,nan
49.40324108600616,13.669064748201443,68.7,68.7,nan,1.690411008,nan,nan,3.0,0.0,4,nan
49.41991217931112,13.669064748201443,68.7,68.7,nan,1.696702464,nan,nan,3.0,0.0,4,nan
49.43658213218053,13.669064748201443,68.7,68.7,nan,1.696702464,nan,nan,3.0,0.0,4,nan
49.453252899646756,13.669064748201443,68.7,68.7,nan,1.700896768,nan,nan,3.0,0.0,4,nan
49.469922300179796,16.18705035971223,68.7,68.7,nan,1.700896768,nan,nan,4.0,0.0,4,nan
49.486595475673674,16.18705035971223,68.7,68.7,nan,1.700896768,nan,nan,4.0,0.0,4,nan
49.5032657901446,13.848920863309356,68.7,68.7,nan,1.700896768,nan,nan,3.0,0.0,4,nan
49.519939414660136,13.848920863309356,68.7,68.7,nan,1.700896768,nan,nan,3.0,0.0,4,nan
49.53660978873571,13.848920863309356,68.7,68.7,nan,1.700896768,nan,nan,3.0,0.0,4,nan
49.55328091780345,14.028776978417268,68.7,68.7,nan,1.700896768,nan,nan,3.0,0.0,4,nan
49.569952658812205,14.028776978417268,68.7,68.7,nan,1.700896768,nan,nan,3.0,0.0,4,nan
49.58662393093109,14.028776978417268,68.7,68.7,nan,1.700896768,nan,nan,3.0,0.0,4,nan
49.603293474515276,14.028776978417268,68.7,68.7,nan,1.700896768,nan,nan,3.0,0.0,4,nan
49.61996536652247,14.028776978417268,68.7,68.7,nan,1.700896768,nan,nan,3.0,0.0,4,nan
49.63663638035457,14.028776978417268,68.7,68.7,nan,1.700896768,nan,nan,3.0,0.0,4,nan
49.65330761273702,16.36690647482014,68.7,68.7,nan,1.700896768,nan,nan,4.0,0.0,4,nan
49.66998047033946,16.36690647482014,68.7,68.7,nan,1.700896768,nan,nan,4.0,0.0,4,nan
49.68665756781896,16.36690647482014,68.7,68.7,nan,1.700896768,nan,nan,4.0,0.0,4,nan
49.70332923730214,16.36690647482014,68.7,68.7,nan,1.700896768,nan,nan,4.0,0.0,4,nan
49.72000231742859,16.36690647482014,68.7,68.7,nan,1.700896768,nan,nan,4.0,0.0,4,nan
49.73667847712834,16.36690647482014,68.7,68.7,nan,1.700896768,nan,nan,4.0,0.0,4,nan
49.75335373481115,14.028776978417268,68.7,68.7,nan,1.700896768,nan,nan,3.0,0.0,4,nan
49.770031706492105,14.028776978417268,68.7,68.7,nan,1.700896768,nan,nan,3.0,0.0,4,nan
49.7867014169693,14.028776978417268,68.7,68.7,nan,1.700896768,nan,nan,3.0,0.0,4,nan
49.80337396065394,16.546762589928054,68.7,68.7,nan,1.700896768,nan,nan,4.0,0.0,4,nan
49.82005085150401,16.546762589928054,68.7,68.7,nan,1.700896768,nan,nan,4.0,0.0,4,nan
49.83672821919124,16.546762589928054,68.7,68.7,nan,1.700896768,nan,nan,4.0,0.0,4,nan
49.85340670744578,16.546762589928054,68.7,68.7,nan,1.700896768,nan,nan,4.0,0.0,4,nan
49.87008245388667,16.546762589928054,68.7,68.7,nan,1.700896768,nan,nan,4.0,0.0,4,nan
49.88675812880198,16.546762589928054,68.7,68.7,nan,1.700896768,nan,nan,4.0,0.0,4,nan
49.90343207915624,16.546762589928054,68.7,68.7,nan,1.700896768,nan,nan,4.0,0.0,4,nan
49.920104380448656,16.546762589928054,68.7,68.7,nan,1.700896768,nan,nan,4.0,0.0,4,nan
49.936783881982166,16.546762589928054,68.7,68.7,nan,1.700896768,nan,nan,4.0,0.0,4,nan
49.95345369577408,14.20863309352518,68.7,68.7,nan,1.700896768,nan,nan,3.0,0.0,4,nan
49.970123207569124,16.546762589928054,68.7,68.7,nan,1.700896768,nan,nan,4.0,0.0,4,nan
49.986796271801,16.546762589928054,68.7,68.7,nan,1.700896768,nan,nan,4.0,0.0,4,nan
50.003472193082175,16.546762589928054,68.7,68.7,nan,1.700896768,nan,nan,4.0,0.0,4,nan
50.02014766136805,16.726618705035968,68.7,68.7,nan,1.700896768,nan,nan,4.0,0.0,4,nan
50.03682227532069,14.388489208633093,68.7,68.7,nan,1.700896768,nan,nan,3.0,0.0,4,nan
50.05349272092183,14.388489208633093,68.7,68.7,nan,1.730269184,nan,nan,3.0,0.0,4,nan
50.07016448974609,14.388489208633093,68.7,68.7,nan,1.732366336,nan,nan,3.0,0.0,4,nan
50.08683427969615,14.388489208633093,68.7,68.7,nan,1.732366336,nan,nan,3.0,0.0,4,nan
50.103506056467694,14.568345323741006,68.7,68.7,nan,1.732366336,nan,nan,3.0,0.0,4,nan
50.12017837762833,14.568345323741006,68.7,68.7,nan,1.732366336,nan,nan,3.0,0.0,4,nan
50.136848799387614,14.568345323741006,68.7,68.7,nan,1.732366336,nan,nan,3.0,0.0,4,nan
50.15351981719335,14.568345323741006,68.7,68.7,nan,1.732366336,nan,nan,3.0,0.0,4,nan
50.170195400714874,14.568345323741006,68.7,68.7,nan,1.732366336,nan,nan,3.0,0.0,4,nan
50.18686905304591,14.568345323741006,68.7,68.7,nan,1.732366336,nan,nan,3.0,0.0,4,nan
50.20354507366816,14.568345323741006,68.7,68.7,nan,1.732366336,nan,nan,3.0,0.0,4,nan
50.22021772464117,14.568345323741006,68.7,68.7,nan,1.732366336,nan,nan,3.0,0.0,4,nan
50.23688994646072,14.568345323741006,68.7,68.7,nan,1.732366336,nan,nan,3.0,0.0,4,nan
50.2535634636879,14.568345323741006,68.7,68.7,nan,1.732366336,nan,nan,3.0,0.0,4,nan
50.27023387352626,14.568345323741006,68.7,68.7,nan,1.732366336,nan,nan,3.0,0.0,4,nan
50.286904060840605,14.568345323741006,68.7,68.7,nan,1.732366336,nan,nan,3.0,0.0,4,nan
50.30358135700226,14.568345323741006,68.7,68.7,nan,1.732366336,nan,nan,3.0,0.0,4,nan
50.32025065024694,17.0863309352518,68.7,68.7,nan,1.732366336,nan,nan,4.0,0.0,4,nan
50.33692417939504,17.0863309352518,68.7,68.7,nan,1.732366336,nan,nan,4.0,0.0,4,nan
50.35359768072764,17.266187050359715,68.7,68.7,nan,1.732366336,nan,nan,4.0,0.0,4,nan
50.37026878992717,17.266187050359715,68.7,68.7,nan,1.732366336,nan,nan,4.0,0.0,4,nan
50.38693930308024,17.266187050359715,68.7,68.7,nan,1.732366336,nan,nan,4.0,0.0,4,nan
50.403613074620566,14.748201438848918,68.7,68.7,nan,1.734463488,nan,nan,3.0,0.0,4,nan
50.420289333661394,14.748201438848918,68.7,68.7,nan,1.734463488,nan,nan,3.0,0.0,4,nan
50.436959306399025,17.266187050359715,68.7,68.7,nan,1.738657792,nan,nan,4.0,0.0,4,nan
50.45363247394562,17.266187050359715,68.7,68.7,nan,1.738657792,nan,nan,4.0,0.0,4,nan
50.47030400037765,14.748201438848918,68.7,68.7,nan,1.738657792,nan,nan,3.0,0.0,4,nan
50.48698024352392,7.374100719424459,68.7,68.7,nan,2.086785024,nan,nan,2.0,0.0,4,nan
50.50365079243978,12.949640287769782,68.7,68.7,nan,2.099367936,nan,nan,3.0,0.0,4,nan
50.520322040716806,15.467625899280579,68.7,68.7,nan,2.099367936,nan,nan,4.0,0.0,4,nan
50.536995605627695,15.467625899280579,68.7,68.7,nan,2.099367936,nan,nan,4.0,0.0,4,nan
50.5536682287852,15.467625899280579,68.7,68.7,nan,2.099367936,nan,nan,4.0,0.0,4,nan
50.57033956050873,15.467625899280579,68.7,68.7,nan,2.099367936,nan,nan,4.0,0.0,4,nan
50.58701273202896,15.647482014388492,68.7,68.7,nan,2.099367936,nan,nan,4.0,0.0,4,nan
50.6036832690239,13.129496402877693,68.7,68.7,nan,2.099367936,nan,nan,3.0,0.0,4,nan
50.62035349607468,13.129496402877693,68.7,68.7,nan,2.10356224,nan,nan,3.0,0.0,4,nan
50.63702968358994,13.129496402877693,68.7,68.7,nan,2.111950848,nan,nan,3.0,0.0,4,nan
50.65369871060054,13.129496402877693,68.7,68.7,nan,2.111950848,nan,nan,3.0,0.0,4,nan
50.670370586713155,13.129496402877693,68.7,68.7,nan,2.111950848,nan,nan,3.0,0.0,4,nan
50.687043420473735,13.129496402877693,68.7,68.7,nan,2.111950848,nan,nan,3.0,0.0,4,nan
50.703717064857486,13.129496402877693,68.7,68.7,nan,2.111950848,nan,nan,3.0,0.0,4,nan
50.72039169073105,13.129496402877693,68.7,68.7,nan,2.111950848,nan,nan,3.0,0.0,4,nan
50.73706152439117,13.129496402877693,68.7,68.7,nan,2.114048,nan,nan,3.0,0.0,4,nan
50.753737028439836,13.129496402877693,68.7,68.7,nan,2.114048,nan,nan,3.0,0.0,4,nan
50.77041621208191,13.129496402877693,68.7,68.7,nan,2.114048,nan,nan,3.0,0.0,4,nan
50.78709510564804,13.129496402877693,68.7,68.7,nan,2.116145152,nan,nan,3.0,0.0,4,nan
50.803764466444655,13.129496402877693,68.7,68.7,nan,2.116145152,nan,nan,3.0,0.0,4,nan
50.820445982615155,7.5539568345323715,68.7,68.7,nan,2.116145152,nan,nan,2.0,0.0,4,nan
50.837116364638014,15.827338129496404,68.7,68.7,nan,2.116145152,nan,nan,4.0,0.0,4,nan
50.853796529769895,15.827338129496404,68.7,68.7,nan,2.116145152,nan,nan,4.0,0.0,4,nan
50.8704709927241,15.827338129496404,68.7,68.7,nan,2.116145152,nan,nan,4.0,0.0,4,nan
50.88714090983073,10.251798561151082,68.7,68.7,nan,2.116145152,nan,nan,3.0,0.0,4,nan
50.90381202697754,16.36690647482014,68.7,68.7,nan,2.116145152,nan,nan,4.0,0.0,4,nan
50.92048625151316,16.18705035971223,68.7,68.7,nan,2.116145152,nan,nan,4.0,0.0,4,nan
50.937156081199646,16.18705035971223,68.7,68.7,nan,2.116145152,nan,nan,4.0,0.0,4,nan
50.953832030296326,16.18705035971223,68.7,68.7,nan,2.116145152,nan,nan,4.0,0.0,4,nan
50.9705067396164,10.431654676258994,68.7,68.7,nan,2.116145152,nan,nan,3.0,0.0,4,nan
50.98718027671178,10.431654676258994,68.7,68.7,nan,2.120339456,nan,nan,3.0,0.0,4,nan
51.00385227203369,16.18705035971223,68.7,68.7,nan,2.120339456,nan,nan,4.0,0.0,4,nan
51.0205220301946,16.18705035971223,68.7,68.7,nan,2.120339456,nan,nan,4.0,0.0,4,nan
51.037198928991955,16.18705035971223,68.7,68.7,nan,2.120339456,nan,nan,4.0,0.0,4,nan
51.05386835336685,10.431654676258994,68.7,68.7,nan,2.12453376,nan,nan,3.0,0.0,4,nan
51.07054531971614,7.733812949640284,68.7,68.7,nan,2.130825216,nan,nan,2.0,0.0,4,nan
51.087217589219414,10.431654676258994,68.7,68.7,nan,2.141310976,nan,nan,3.0,0.0,4,nan
51.103888881206515,16.18705035971223,68.7,68.7,nan,2.141310976,nan,nan,4.0,0.0,4,nan
51.12056136528651,16.18705035971223,68.7,68.7,nan,2.141310976,nan,nan,4.0,0.0,4,nan
51.13723383744558,10.611510791366907,68.7,68.7,nan,2.141310976,nan,nan,3.0,0.0,4,nan
51.15390712420146,10.611510791366907,68.7,68.7,nan,2.141310976,nan,nan,3.0,0.0,4,nan
51.17058001756668,10.611510791366907,68.7,68.7,nan,2.1664768,nan,nan,3.0,0.0,4,nan
51.18725201686223,10.611510791366907,68.7,68.7,nan,2.170671104,nan,nan,3.0,0.0,4,nan
51.203924369812015,10.611510791366907,68.7,68.7,nan,2.170671104,nan,nan,3.0,0.0,4,nan
51.220596241950986,16.36690647482014,68.7,68.7,nan,2.170671104,nan,nan,4.0,0.0,4,nan
51.23726865847905,16.36690647482014,68.7,68.7,nan,2.170671104,nan,nan,4.0,0.0,4,nan
51.25394865274429,16.36690647482014,68.7,68.7,nan,2.170671104,nan,nan,4.0,0.0,4,nan
51.27062065601349,16.36690647482014,68.7,68.7,nan,2.170671104,nan,nan,4.0,0.0,4,nan
51.28729990720749,16.36690647482014,68.7,68.7,nan,2.170671104,nan,nan,4.0,0.0,4,nan
51.30397040843964,16.36690647482014,68.7,68.7,nan,2.170671104,nan,nan,4.0,0.0,4,nan
51.32064734299978,16.546762589928054,68.7,68.7,nan,2.170671104,nan,nan,4.0,0.0,4,nan
51.33731966813405,16.546762589928054,68.7,68.7,nan,2.170671104,nan,nan,4.0,0.0,4,nan
51.35399619738261,13.848920863309356,68.7,68.7,nan,2.170671104,nan,nan,3.0,0.0,4,nan
51.37066966692607,16.546762589928054,68.7,68.7,nan,2.170671104,nan,nan,4.0,0.0,4,nan
51.38734593391418,16.546762589928054,68.7,68.7,nan,2.170671104,nan,nan,4.0,0.0,4,nan
51.40401850938797,16.546762589928054,68.7,68.7,nan,2.170671104,nan,nan,4.0,0.0,4,nan
51.42069106499354,16.546762589928054,68.7,68.7,nan,2.170671104,nan,nan,4.0,0.0,4,nan
51.437360898653665,16.546762589928054,68.7,68.7,nan,2.170671104,nan,nan,4.0,0.0,4,nan
51.45403387943904,16.546762589928054,68.7,68.7,nan,2.170671104,nan,nan,4.0,0.0,4,nan
51.470707043011984,16.546762589928054,68.7,68.7,nan,2.170671104,nan,nan,4.0,0.0,4,nan
51.487379352251686,16.90647482014388,68.7,68.7,nan,2.170671104,nan,nan,4.0,0.0,4,nan
51.50405072371165,16.90647482014388,68.7,68.7,nan,2.170671104,nan,nan,4.0,0.0,4,nan
51.52072347005208,16.90647482014388,68.7,68.7,nan,2.170671104,nan,nan,4.0,0.0,4,nan
51.53739711840947,16.90647482014388,68.7,68.7,nan,2.170671104,nan,nan,4.0,0.0,4,nan
51.55406765540441,16.90647482014388,68.7,68.7,nan,2.170671104,nan,nan,4.0,0.0,4,nan
51.57073891957601,16.90647482014388,68.7,68.7,nan,2.170671104,nan,nan,4.0,0.0,4,nan
51.58741150299708,14.028776978417268,68.7,68.7,nan,2.170671104,nan,nan,3.0,0.0,4,nan
51.604084547360735,16.726618705035968,68.7,68.7,nan,2.170671104,nan,nan,4.0,0.0,4,nan
51.62075620492299,16.726618705035968,68.7,68.7,nan,2.170671104,nan,nan,4.0,0.0,4,nan
51.63742865324021,16.90647482014388,68.7,68.7,nan,2.170671104,nan,nan,4.0,0.0,4,nan
51.65410119692485,16.90647482014388,68.7,68.7,nan,2.170671104,nan,nan,4.0,0.0,4,nan
51.67077370882034,16.90647482014388,68.7,68.7,nan,2.170671104,nan,nan,4.0,0.0,4,nan
51.687445708115895,16.90647482014388,68.7,68.7,nan,2.170671104,nan,nan,4.0,0.0,4,nan
51.70411820809046,17.0863309352518,68.7,68.7,nan,2.170671104,nan,nan,4.0,0.0,4,nan
51.72079022328059,11.151079136690644,68.7,68.7,nan,2.170671104,nan,nan,3.0,0.0,4,nan
51.737462584177656,16.90647482014388,68.7,68.7,nan,2.170671104,nan,nan,4.0,0.0,4,nan
51.754135187466936,17.0863309352518,68.7,68.7,nan,2.170671104,nan,nan,4.0,0.0,4,nan
51.770806701978046,13.48920863309353,68.7,68.7,nan,2.170671104,nan,nan,3.0,0.0,4,nan
51.787479654947916,16.007194244604317,68.7,68.7,nan,2.170671104,nan,nan,4.0,0.0,4,nan
51.80414946873983,16.007194244604317,68.7,68.7,nan,2.170671104,nan,nan,4.0,0.0,4,nan
51.82082197268804,16.007194244604317,68.7,68.7,nan,2.170671104,nan,nan,4.0,0.0,4,nan
51.83749535878499,16.007194244604317,68.7,68.7,nan,2.170671104,nan,nan,4.0,0.0,4,nan
51.854168156782784,16.007194244604317,68.7,68.7,nan,2.170671104,nan,nan,4.0,0.0,4,nan
51.87084048986435,16.007194244604317,68.7,68.7,nan,2.170671104,nan,nan,4.0,0.0,4,nan
51.88751364151637,16.007194244604317,68.7,68.7,nan,2.170671104,nan,nan,4.0,0.0,4,nan
51.904186216990155,10.07194244604317,68.7,68.7,nan,2.170671104,nan,nan,3.0,0.0,4,nan
51.9208617011706,10.07194244604317,68.7,68.7,nan,2.174865408,nan,nan,3.0,0.0,4,nan
51.93753406206767,10.07194244604317,68.7,68.7,nan,2.179059712,nan,nan,3.0,0.0,4,nan
51.95420624812444,10.07194244604317,68.7,68.7,nan,2.18744832,nan,nan,3.0,0.0,4,nan
51.97087813615799,10.07194244604317,68.7,68.7,nan,2.256654336,nan,nan,3.0,0.0,4,nan
51.987550644079846,10.07194244604317,68.7,68.7,nan,2.279723008,nan,nan,3.0,0.0,4,nan
52.004222957293194,10.07194244604317,68.7,68.7,nan,2.279723008,nan,nan,3.0,0.0,4,nan
52.020895051956174,10.07194244604317,68.7,68.7,nan,2.279723008,nan,nan,3.0,0.0,4,nan
52.03756680885951,10.251798561151082,68.7,68.7,nan,1.667334144,nan,nan,3.0,0.0,3,nan
52.05423886775971,10.251798561151082,68.7,68.7,nan,1.667334144,nan,nan,3.0,0.0,3,nan
52.070915309588116,10.251798561151082,68.7,68.7,nan,1.667334144,nan,nan,3.0,0.0,3,nan
52.087588926156364,10.251798561151082,68.7,68.7,nan,1.667334144,nan,nan,3.0,0.0,3,nan
52.10426215728124,10.251798561151082,68.7,68.7,nan,1.667334144,nan,nan,3.0,0.0,3,nan
52.12093428770701,10.251798561151082,68.7,68.7,nan,1.667334144,nan,nan,3.0,0.0,3,nan
52.1376068353653,10.251798561151082,68.7,68.7,nan,1.667334144,nan,nan,3.0,0.0,3,nan
52.15427899360657,10.251798561151082,68.7,68.7,nan,1.667334144,nan,nan,3.0,0.0,3,nan
52.17095146576563,10.251798561151082,68.7,68.7,nan,1.667334144,nan,nan,3.0,0.0,3,nan
52.18762405316035,7.5539568345323715,68.7,68.7,nan,1.667334144,nan,nan,2.0,0.0,3,nan
52.204297145207725,10.431654676258994,68.7,68.7,nan,1.667334144,nan,nan,3.0,0.0,3,nan
52.22098128000895,10.431654676258994,68.7,68.7,nan,1.667334144,nan,nan,3.0,0.0,3,nan
52.23765409787496,10.431654676258994,68.7,68.7,nan,1.667334144,nan,nan,3.0,0.0,3,nan
52.25432329177856,10.431654676258994,68.7,68.7,nan,1.667334144,nan,nan,3.0,0.0,3,nan
52.27100463708242,10.431654676258994,68.7,68.7,nan,1.667334144,nan,nan,3.0,0.0,3,nan
52.28767908016841,10.431654676258994,68.7,68.7,nan,1.667334144,nan,nan,3.0,0.0,3,nan
52.30435089667638,10.431654676258994,68.7,68.7,nan,1.667334144,nan,nan,3.0,0.0,3,nan
52.321022951602934,7.5539568345323715,68.7,68.7,nan,1.667334144,nan,nan,2.0,0.0,3,nan
52.337696341673535,10.431654676258994,68.7,68.7,nan,1.667334144,nan,nan,3.0,0.0,3,nan
52.35436857144038,10.431654676258994,68.7,68.7,nan,1.667334144,nan,nan,3.0,0.0,3,nan
52.371044198671974,10.431654676258994,68.7,68.7,nan,1.667334144,nan,nan,3.0,0.0,3,nan
52.38771641254425,10.431654676258994,68.7,68.7,nan,1.667334144,nan,nan,3.0,0.0,3,nan
52.40438868602117,10.971223021582732,68.7,68.7,nan,1.667334144,nan,nan,3.0,0.0,3,nan
52.42106128136317,10.431654676258994,68.7,68.7,nan,1.667334144,nan,nan,3.0,0.0,3,nan
52.43773337602615,10.431654676258994,68.7,68.7,nan,1.667334144,nan,nan,3.0,0.0,3,nan
52.45440599521001,10.431654676258994,68.7,68.7,nan,1.667334144,nan,nan,3.0,0.0,3,nan
52.47107814947764,10.431654676258994,68.7,68.7,nan,1.667334144,nan,nan,3.0,0.0,3,nan
52.48775074481964,10.431654676258994,68.7,68.7,nan,1.667334144,nan,nan,3.0,0.0,3,nan
52.50442182223002,10.431654676258994,68.7,68.7,nan,1.667334144,nan,nan,3.0,0.0,3,nan
52.52109808921814,7.5539568345323715,68.7,68.7,nan,1.667334144,nan,nan,2.0,0.0,3,nan
52.53777111768723,10.431654676258994,68.7,68.7,nan,1.667334144,nan,nan,3.0,0.0,3,nan
52.554445803165436,10.611510791366907,68.7,68.7,nan,1.667334144,nan,nan,3.0,0.0,3,nan
52.57111691236496,10.79136690647482,68.7,68.7,nan,1.667334144,nan,nan,3.0,0.0,3,nan
52.58778928120931,11.151079136690644,68.7,68.7,nan,1.667334144,nan,nan,3.0,0.0,3,nan
52.60446199973424,10.79136690647482,68.7,68.7,nan,1.667334144,nan,nan,3.0,0.0,3,nan
52.6211345354716,10.79136690647482,68.7,68.7,nan,1.667334144,nan,nan,3.0,0.0,3,nan
52.63780654668808,10.79136690647482,68.7,68.7,nan,1.667334144,nan,nan,3.0,0.0,3,nan
52.65447957515717,10.79136690647482,68.7,68.7,nan,1.667334144,nan,nan,3.0,0.0,3,nan
52.671151216824846,10.79136690647482,68.7,68.7,nan,1.667334144,nan,nan,3.0,0.0,3,nan
52.687823287645976,10.79136690647482,68.7,68.7,nan,1.667334144,nan,nan,3.0,0.0,3,nan
52.704495481650035,7.733812949640284,68.7,68.7,nan,1.667334144,nan,nan,2.0,0.0,3,nan
52.72116801738739,10.971223021582732,68.7,68.7,nan,1.667334144,nan,nan,3.0,0.0,3,nan
52.73784024318059,10.971223021582732,68.7,68.7,nan,1.667334144,nan,nan,3.0,0.0,3,nan
52.75451233386993,10.971223021582732,68.7,68.7,nan,1.667334144,nan,nan,3.0,0.0,3,nan
52.77118337949117,10.971223021582732,68.7,68.7,nan,1.667334144,nan,nan,3.0,0.0,3,nan
52.787855072816214,10.971223021582732,68.7,68.7,nan,1.667334144,nan,nan,3.0,0.0,3,nan
52.80452990134557,10.971223021582732,68.7,68.7,nan,1.667334144,nan,nan,3.0,0.0,3,nan
52.82120261192322,11.151079136690644,68.7,68.7,nan,1.667334144,nan,nan,3.0,0.0,3,nan
52.837873947620395,11.151079136690644,68.7,68.7,nan,1.667334144,nan,nan,3.0,0.0,3,nan
52.854545231660204,11.151079136690644,68.7,68.7,nan,1.667334144,nan,nan,3.0,0.0,3,nan
52.8712175766627,11.151079136690644,68.7,68.7,nan,1.667334144,nan,nan,3.0,0.0,3,nan
52.887887851397196,11.151079136690644,68.7,68.7,nan,1.667334144,nan,nan,3.0,0.0,3,nan
52.904560740788774,11.151079136690644,68.7,68.7,nan,1.667334144,nan,nan,3.0,0.0,3,nan
52.921232692400615,11.151079136690644,68.7,68.7,nan,1.667334144,nan,nan,3.0,0.0,3,nan
52.93790558576584,11.151079136690644,68.7,68.7,nan,1.667334144,nan,nan,3.0,0.0,3,nan
52.95458209117253,11.151079136690644,68.7,68.7,nan,1.667334144,nan,nan,3.0,0.0,3,nan
52.97125711043676,11.151079136690644,68.7,68.7,nan,1.667334144,nan,nan,3.0,0.0,3,nan
52.987928434213,11.151079136690644,68.7,68.7,nan,1.667334144,nan,nan,3.0,0.0,3,nan
53.004598120848335,11.151079136690644,68.7,68.7,nan,1.667334144,nan,nan,3.0,0.0,3,nan
53.02127336661021,11.151079136690644,68.7,68.7,nan,1.667334144,nan,nan,3.0,0.0,3,nan
53.037951203187305,11.151079136690644,68.7,68.7,nan,1.667334144,nan,nan,3.0,0.0,3,nan
53.05462154150009,11.151079136690644,68.7,68.7,nan,1.667334144,nan,nan,3.0,0.0,3,nan
53.0712952653567,9.892086330935257,68.7,68.7,nan,1.667334144,nan,nan,3.0,0.0,3,nan
53.08796784877777,9.892086330935257,68.7,68.7,nan,1.667334144,nan,nan,3.0,0.0,3,nan
53.10463969310125,9.892086330935257,68.7,68.7,nan,1.667334144,nan,nan,3.0,0.0,3,nan
53.121310993035635,9.892086330935257,68.7,68.7,nan,1.667334144,nan,nan,3.0,0.0,3,nan
53.13798375527064,9.892086330935257,68.7,68.7,nan,1.667334144,nan,nan,3.0,0.0,3,nan
53.15465758641561,9.892086330935257,68.7,68.7,nan,1.667334144,nan,nan,3.0,0.0,3,nan
53.17132808367411,9.892086330935257,68.7,68.7,nan,1.667334144,nan,nan,3.0,0.0,3,nan
53.18799830277761,9.892086330935257,68.7,68.7,nan,1.667334144,nan,nan,3.0,0.0,3,nan
53.20467021862666,10.611510791366907,68.7,68.7,nan,1.667334144,nan,nan,3.0,0.0,3,nan
53.221346922715504,10.07194244604317,68.7,68.7,nan,1.667334144,nan,nan,3.0,0.0,3,nan
53.23801864385605,10.07194244604317,68.7,68.7,nan,1.667334144,nan,nan,3.0,0.0,3,nan
53.254689459005995,10.251798561151082,68.7,68.7,nan,1.667334144,nan,nan,3.0,0.0,3,nan
53.27136294841766,10.251798561151082,68.7,68.7,nan,1.667334144,nan,nan,3.0,0.0,3,nan
53.28803578615189,10.431654676258994,68.7,68.7,nan,1.667334144,nan,nan,3.0,0.0,3,nan
53.304715696970625,10.431654676258994,68.7,68.7,nan,1.667334144,nan,nan,3.0,0.0,3,nan
53.32138719161352,10.431654676258994,68.7,68.7,nan,1.667334144,nan,nan,3.0,0.0,3,nan
53.338057323296866,10.431654676258994,68.7,68.7,nan,1.667334144,nan,nan,3.0,0.0,3,nan
53.35472941795985,10.431654676258994,68.7,68.7,nan,1.667334144,nan,nan,3.0,0.0,3,nan
53.37140225569407,10.431654676258994,68.7,68.7,nan,1.667334144,nan,nan,3.0,0.0,3,nan
53.38807453314463,10.431654676258994,68.7,68.7,nan,1.667334144,nan,nan,3.0,0.0,3,nan
53.40474713643392,10.431654676258994,68.7,68.7,nan,1.667334144,nan,nan,3.0,0.0,3,nan
53.421418857574466,10.431654676258994,68.7,68.7,nan,1.667334144,nan,nan,3.0,0.0,3,nan
53.438088448842365,10.431654676258994,68.7,68.7,nan,1.667334144,nan,nan,3.0,0.0,3,nan
53.45476236343384,10.431654676258994,68.7,68.7,nan,1.667334144,nan,nan,3.0,0.0,3,nan
53.47143514156342,10.431654676258994,68.7,68.7,nan,1.667334144,nan,nan,3.0,0.0,3,nan
53.48811232248942,10.431654676258994,68.7,68.7,nan,1.667334144,nan,nan,3.0,0.0,3,nan
53.50478392442067,10.431654676258994,68.7,68.7,nan,1.667334144,nan,nan,3.0,0.0,3,nan
53.52145613034566,10.431654676258994,68.7,68.7,nan,1.667334144,nan,nan,3.0,0.0,3,nan
53.5381332675616,10.431654676258994,68.7,68.7,nan,1.667334144,nan,nan,3.0,0.0,3,nan
53.5548082669576,10.431654676258994,68.7,68.7,nan,1.667334144,nan,nan,3.0,0.0,3,nan
53.57148262262344,10.431654676258994,68.7,68.7,nan,1.667334144,nan,nan,3.0,0.0,3,nan
53.588156469662984,10.431654676258994,68.7,68.7,nan,1.667334144,nan,nan,3.0,0.0,3,nan
53.60483084519704,10.431654676258994,68.7,68.7,nan,1.667334144,nan,nan,3.0,0.0,3,nan
53.621501390139265,10.431654676258994,68.7,68.7,nan,1.667334144,nan,nan,3.0,0.0,3,nan
53.63817252715429,10.431654676258994,68.7,68.7,nan,1.667334144,nan,nan,3.0,0.0,3,nan
53.654846843083696,10.431654676258994,68.7,68.7,nan,1.667334144,nan,nan,3.0,0.0,3,nan
53.671518405278526,10.431654676258994,68.7,68.7,nan,1.667334144,nan,nan,3.0,0.0,3,nan
53.688189009825386,10.431654676258994,68.7,68.7,nan,1.667334144,nan,nan,3.0,0.0,3,nan
53.70486798286438,10.431654676258994,68.7,68.7,nan,1.667334144,nan,nan,3.0,0.0,3,nan
53.7215402285258,10.431654676258994,68.7,68.7,nan,1.667334144,nan,nan,3.0,0.0,3,nan
53.73821300665538,10.611510791366907,68.7,68.7,nan,1.667334144,nan,nan,3.0,0.0,3,nan
53.75488922198613,10.611510791366907,68.7,68.7,nan,1.667334144,nan,nan,3.0,0.0,3,nan
53.77156440814336,10.611510791366907,68.7,68.7,nan,1.667334144,nan,nan,3.0,0.0,3,nan
53.78823980490367,10.79136690647482,68.7,68.7,nan,1.667334144,nan,nan,3.0,0.0,3,nan
53.80491263866425,11.51079136690647,68.7,68.7,nan,1.667334144,nan,nan,3.0,0.0,3,nan
53.82158509492874,7.374100719424459,68.7,68.7,nan,1.667334144,nan,nan,2.0,0.0,3,nan
53.838254964351655,10.611510791366907,68.7,68.7,nan,1.667334144,nan,nan,3.0,0.0,3,nan
53.854923991362256,10.611510791366907,68.7,68.7,nan,1.667334144,nan,nan,3.0,0.0,3,nan
53.87159422636032,10.611510791366907,68.7,68.7,nan,1.667334144,nan,nan,3.0,0.0,3,nan
53.888263233502705,10.611510791366907,68.7,68.7,nan,1.667334144,nan,nan,3.0,0.0,3,nan
53.904938610394794,10.611510791366907,68.7,68.7,nan,1.667334144,nan,nan,3.0,0.0,3,nan
53.9216077764829,10.611510791366907,68.7,68.7,nan,1.667334144,nan,nan,3.0,0.0,3,nan
53.938276863098146,10.611510791366907,68.7,68.7,nan,1.667334144,nan,nan,3.0,0.0,3,nan
53.95495119492213,10.611510791366907,68.7,68.7,nan,1.667334144,nan,nan,3.0,0.0,3,nan
53.971624227364856,10.611510791366907,68.7,68.7,nan,1.667334144,nan,nan,3.0,0.0,3,nan
53.98829572200775,7.374100719424459,68.7,68.7,nan,1.667334144,nan,nan,2.0,0.0,3,nan
54.00497034390767,10.611510791366907,68.7,68.7,nan,1.667334144,nan,nan,3.0,0.0,3,nan
54.02164390484492,10.611510791366907,68.7,68.7,nan,1.667334144,nan,nan,3.0,0.0,3,nan
54.03831396500269,10.611510791366907,68.7,68.7,nan,1.667334144,nan,nan,3.0,0.0,3,nan
54.054985304673515,10.611510791366907,68.7,68.7,nan,1.667334144,nan,nan,3.0,0.0,3,nan
54.071661957105,10.611510791366907,68.7,68.7,nan,1.667334144,nan,nan,3.0,0.0,3,nan
54.088334480921425,11.151079136690644,68.7,68.7,nan,1.667334144,nan,nan,3.0,0.0,3,nan
54.10500594774882,10.79136690647482,68.7,68.7,nan,1.667334144,nan,nan,3.0,0.0,3,nan
54.12167892456055,10.79136690647482,68.7,68.7,nan,1.667334144,nan,nan,3.0,0.0,3,nan
54.13834976355235,10.79136690647482,68.7,68.7,nan,1.667334144,nan,nan,3.0,0.0,3,nan
54.15501999457677,7.374100719424459,68.7,68.7,nan,1.667334144,nan,nan,2.0,0.0,3,nan
54.17169760068258,7.374100719424459,68.7,68.7,nan,1.667334144,nan,nan,2.0,0.0,3,nan
54.18836939732234,7.374100719424459,68.7,68.7,nan,1.667334144,nan,nan,2.0,0.0,3,nan
54.205039381980896,7.374100719424459,68.7,68.7,nan,1.667334144,nan,nan,2.0,0.0,3,nan
54.22171448469162,7.374100719424459,68.7,68.7,nan,1.667334144,nan,nan,2.0,0.0,3,nan
54.23838367859523,7.374100719424459,68.7,68.7,nan,1.677819904,nan,nan,2.0,0.0,3,nan
54.25505647659302,7.374100719424459,68.7,68.7,nan,1.677819904,nan,nan,2.0,0.0,3,nan
54.27172723611196,7.5539568345323715,68.7,68.7,nan,1.677819904,nan,nan,2.0,0.0,3,nan
54.28839687108994,7.5539568345323715,68.7,68.7,nan,1.677819904,nan,nan,2.0,0.0,3,nan
54.305067185560866,7.5539568345323715,68.7,68.7,nan,1.677819904,nan,nan,2.0,0.0,3,nan
54.32173655033112,7.733812949640284,68.7,68.7,nan,1.677819904,nan,nan,2.0,0.0,3,nan
54.33841356039047,7.733812949640284,68.7,68.7,nan,1.677819904,nan,nan,2.0,0.0,3,nan
54.35508570671082,7.733812949640284,68.7,68.7,nan,1.677819904,nan,nan,2.0,0.0,3,nan
54.3717577735583,7.733812949640284,68.7,68.7,nan,1.677819904,nan,nan,2.0,0.0,3,nan
54.388427352905275,11.151079136690644,68.7,68.7,nan,1.677819904,nan,nan,3.0,0.0,3,nan
54.4051057100296,11.151079136690644,68.7,68.7,nan,1.677819904,nan,nan,3.0,0.0,3,nan
54.42178374528885,11.151079136690644,68.7,68.7,nan,1.677819904,nan,nan,3.0,0.0,3,nan
54.43846075932185,11.151079136690644,68.7,68.7,nan,1.677819904,nan,nan,3.0,0.0,3,nan
54.455133231480914,11.151079136690644,68.7,68.7,nan,1.677819904,nan,nan,3.0,0.0,3,nan
54.471813782056174,11.151079136690644,68.7,68.7,nan,1.677819904,nan,nan,3.0,0.0,3,nan
54.48848630189896,11.151079136690644,68.7,68.7,nan,1.677819904,nan,nan,3.0,0.0,3,nan
54.50515590508779,7.733812949640284,68.7,68.7,nan,1.677819904,nan,nan,2.0,0.0,3,nan
54.52182767391205,7.733812949640284,68.7,68.7,nan,1.679917056,nan,nan,2.0,0.0,3,nan
54.53850003083547,7.733812949640284,68.7,68.7,nan,1.679917056,nan,nan,2.0,0.0,3,nan
54.55517117579778,7.733812949640284,68.7,68.7,nan,1.679917056,nan,nan,2.0,0.0,3,nan
54.57184096574783,11.151079136690644,68.7,68.7,nan,1.679917056,nan,nan,3.0,0.0,3,nan
54.58851082722346,11.151079136690644,68.7,68.7,nan,1.679917056,nan,nan,3.0,0.0,3,nan
54.605184312661486,11.151079136690644,68.7,68.7,nan,1.679917056,nan,nan,3.0,0.0,3,nan
54.62185685237249,11.151079136690644,68.7,68.7,nan,1.679917056,nan,nan,3.0,0.0,3,nan
54.638533194859825,7.733812949640284,68.7,68.7,nan,1.679917056,nan,nan,2.0,0.0,3,nan
54.65520263512929,11.151079136690644,68.7,68.7,nan,1.679917056,nan,nan,3.0,0.0,3,nan
54.67187948624293,11.151079136690644,68.7,68.7,nan,1.679917056,nan,nan,3.0,0.0,3,nan
54.68854844172795,11.151079136690644,68.7,68.7,nan,1.679917056,nan,nan,3.0,0.0,3,nan
54.70522169669469,7.733812949640284,68.7,68.7,nan,1.679917056,nan,nan,2.0,0.0,3,nan
54.72189910809199,7.733812949640284,68.7,68.7,nan,1.679917056,nan,nan,2.0,0.0,3,nan
54.73856976032257,7.733812949640284,68.7,68.7,nan,1.679917056,nan,nan,2.0,0.0,3,nan
54.7552392800649,11.330935251798557,68.7,68.7,nan,1.679917056,nan,nan,3.0,0.0,3,nan
54.77191023826599,11.330935251798557,68.7,68.7,nan,1.679917056,nan,nan,3.0,0.0,3,nan
54.78858402967453,11.330935251798557,68.7,68.7,nan,1.679917056,nan,nan,3.0,0.0,3,nan
54.8052538951238,11.51079136690647,68.7,68.7,nan,1.679917056,nan,nan,3.0,0.0,3,nan
54.82192926804225,11.51079136690647,68.7,68.7,nan,1.679917056,nan,nan,3.0,0.0,3,nan
54.83860087792079,10.611510791366907,68.7,68.7,nan,1.679917056,nan,nan,3.0,0.0,3,nan
54.85527327855428,10.611510791366907,68.7,68.7,nan,1.679917056,nan,nan,3.0,0.0,3,nan
54.87194835742314,10.611510791366907,68.7,68.7,nan,1.679917056,nan,nan,3.0,0.0,3,nan
54.888618155320486,10.611510791366907,68.7,68.7,nan,1.679917056,nan,nan,3.0,0.0,3,nan
54.9052879412969,10.611510791366907,68.7,68.7,nan,1.679917056,nan,nan,3.0,0.0,3,nan
54.921957993507384,10.611510791366907,68.7,68.7,nan,1.679917056,nan,nan,3.0,0.0,3,nan
54.93863040606181,7.014388489208634,68.7,68.7,nan,1.679917056,nan,nan,2.0,0.0,3,nan
54.955301785469054,10.611510791366907,68.7,68.7,nan,1.679917056,nan,nan,3.0,0.0,3,nan
54.971973518530525,10.611510791366907,68.7,68.7,nan,1.679917056,nan,nan,3.0,0.0,3,nan
54.988645899295804,10.611510791366907,68.7,68.7,nan,1.679917056,nan,nan,3.0,0.0,3,nan
55.00531662702561,10.611510791366907,68.7,68.7,nan,1.679917056,nan,nan,3.0,0.0,3,nan
55.02199448347092,10.611510791366907,68.7,68.7,nan,1.679917056,nan,nan,3.0,0.0,3,nan
55.0386711915334,10.611510791366907,68.7,68.7,nan,1.679917056,nan,nan,3.0,0.0,3,nan
55.05534600019455,10.79136690647482,68.7,68.7,nan,1.679917056,nan,nan,3.0,0.0,3,nan
55.072020105520885,10.79136690647482,68.7,68.7,nan,1.679917056,nan,nan,3.0,0.0,3,nan
55.08869146108627,10.79136690647482,68.7,68.7,nan,1.679917056,nan,nan,3.0,0.0,3,nan
55.10536578098933,10.79136690647482,68.7,68.7,nan,1.679917056,nan,nan,3.0,0.0,3,nan
55.1220352490743,10.79136690647482,68.7,68.7,nan,1.679917056,nan,nan,3.0,0.0,3,nan
55.138710192839305,10.79136690647482,68.7,68.7,nan,1.679917056,nan,nan,3.0,0.0,3,nan
55.15538010597229,10.79136690647482,68.7,68.7,nan,1.679917056,nan,nan,3.0,0.0,3,nan
55.172055792808536,10.79136690647482,68.7,68.7,nan,1.679917056,nan,nan,3.0,0.0,3,nan
55.18873033126195,10.611510791366907,68.7,68.7,nan,1.679917056,nan,nan,3.0,0.0,3,nan
55.20540424187978,10.611510791366907,68.7,68.7,nan,1.679917056,nan,nan,3.0,0.0,3,nan
55.2220775882403,10.79136690647482,68.7,68.7,nan,1.679917056,nan,nan,3.0,0.0,3,nan
55.23874950011571,10.971223021582732,68.7,68.7,nan,1.679917056,nan,nan,3.0,0.0,3,nan
55.25542287826538,10.971223021582732,68.7,68.7,nan,1.679917056,nan,nan,3.0,0.0,3,nan
55.27209443648656,10.971223021582732,68.7,68.7,nan,1.679917056,nan,nan,3.0,0.0,3,nan
55.28876781860988,7.194244604316546,68.7,68.7,nan,1.679917056,nan,nan,2.0,0.0,3,nan
55.305445853869124,7.194244604316546,68.7,68.7,nan,1.682014208,nan,nan,2.0,0.0,3,nan
55.32212050755819,7.194244604316546,68.7,68.7,nan,1.682014208,nan,nan,2.0,0.0,3,nan
55.33879161675771,7.374100719424459,68.7,68.7,nan,1.682014208,nan,nan,2.0,0.0,3,nan
55.355462396144866,7.374100719424459,68.7,68.7,nan,1.682014208,nan,nan,2.0,0.0,3,nan
55.37213548024496,7.374100719424459,68.7,68.7,nan,1.682014208,nan,nan,2.0,0.0,3,nan
55.38880645036697,7.374100719424459,68.7,68.7,nan,1.682014208,nan,nan,2.0,0.0,3,nan
55.40548039674759,7.374100719424459,68.7,68.7,nan,1.682014208,nan,nan,2.0,0.0,3,nan
55.42215159336726,7.374100719424459,68.7,68.7,nan,0.830558208,nan,nan,2.0,0.0,2,nan
55.43882292509079,7.374100719424459,68.7,68.7,nan,0.830558208,nan,nan,2.0,0.0,2,nan
55.45549691120784,7.374100719424459,68.7,68.7,nan,0.830558208,nan,nan,2.0,0.0,2,nan
55.47216695149739,7.374100719424459,68.7,68.7,nan,0.830558208,nan,nan,2.0,0.0,2,nan
55.488837424914045,7.374100719424459,68.7,68.7,nan,0.830558208,nan,nan,2.0,0.0,2,nan
55.50551156202952,7.374100719424459,68.7,68.7,nan,0.830558208,nan,nan,2.0,0.0,2,nan
55.52218403816223,7.374100719424459,68.7,68.7,nan,0.830558208,nan,nan,2.0,0.0,2,nan
55.53885607719421,7.374100719424459,68.7,68.7,nan,0.830558208,nan,nan,2.0,0.0,2,nan
55.555526566505435,7.374100719424459,68.7,68.7,nan,0.830558208,nan,nan,2.0,0.0,2,nan
55.57219625314077,7.374100719424459,68.7,68.7,nan,0.830558208,nan,nan,2.0,0.0,2,nan
55.58886622190475,7.374100719424459,68.7,68.7,nan,0.830558208,nan,nan,2.0,0.0,2,nan
55.60553602774938,7.374100719424459,68.7,68.7,nan,0.830558208,nan,nan,2.0,0.0,2,nan
55.62221469481786,7.374100719424459,68.7,68.7,nan,0.830558208,nan,nan,2.0,0.0,2,nan
55.6388858795166,7.374100719424459,68.7,68.7,nan,0.830558208,nan,nan,2.0,0.0,2,nan
55.6555570046107,7.374100719424459,68.7,68.7,nan,0.830558208,nan,nan,2.0,0.0,2,nan
55.67223031123479,7.374100719424459,68.7,68.7,nan,0.830558208,nan,nan,2.0,0.0,2,nan
55.688899791240694,7.374100719424459,68.7,68.7,nan,0.830558208,nan,nan,2.0,0.0,2,nan
55.70557012557983,7.374100719424459,68.7,68.7,nan,0.830558208,nan,nan,2.0,0.0,2,nan
55.722241652011874,7.374100719424459,68.7,68.7,nan,0.830558208,nan,nan,2.0,0.0,2,nan
55.73891349633535,7.374100719424459,68.7,68.7,nan,0.830558208,nan,nan,2.0,0.0,2,nan
55.75558716058731,7.374100719424459,68.7,68.7,nan,0.830558208,nan,nan,2.0,0.0,2,nan
55.77226441303889,7.374100719424459,68.7,68.7,nan,0.830558208,nan,nan,2.0,0.0,2,nan
55.788937866687775,3.9568345323740983,68.7,68.7,nan,0.830558208,nan,nan,1.0,0.0,2,nan
55.8056098818779,7.374100719424459,68.7,68.7,nan,0.830558208,nan,nan,2.0,0.0,2,nan
55.82228002548218,7.374100719424459,68.7,68.7,nan,0.830558208,nan,nan,2.0,0.0,2,nan
55.83895084857941,7.374100719424459,68.7,68.7,nan,0.830558208,nan,nan,2.0,0.0,2,nan
55.855622204144794,7.5539568345323715,68.7,68.7,nan,0.830558208,nan,nan,2.0,0.0,2,nan
55.87229164044062,7.5539568345323715,68.7,68.7,nan,0.830558208,nan,nan,2.0,0.0,2,nan
55.88896629412969,7.5539568345323715,68.7,68.7,nan,0.830558208,nan,nan,2.0,0.0,2,nan
55.90563618739446,7.5539568345323715,68.7,68.7,nan,0.830558208,nan,nan,2.0,0.0,2,nan
55.92230568329493,7.5539568345323715,68.7,68.7,nan,0.830558208,nan,nan,2.0,0.0,2,nan
55.93897573550542,7.5539568345323715,68.7,68.7,nan,0.830558208,nan,nan,2.0,0.0,2,nan
55.9556485970815,7.5539568345323715,68.7,68.7,nan,0.830558208,nan,nan,2.0,0.0,2,nan
55.97231895923615,7.5539568345323715,68.7,68.7,nan,0.830558208,nan,nan,2.0,0.0,2,nan
55.98899502754212,7.733812949640284,68.7,68.7,nan,0.830558208,nan,nan,2.0,0.0,2,nan
56.00566718578339,7.733812949640284,68.7,68.7,nan,0.830558208,nan,nan,2.0,0.0,2,nan
56.022340242067976,7.733812949640284,68.7,68.7,nan,0.830558208,nan,nan,2.0,0.0,2,nan
56.039014029502866,7.733812949640284,68.7,68.7,nan,0.830558208,nan,nan,2.0,0.0,2,nan
56.055687097708386,7.733812949640284,68.7,68.7,nan,0.830558208,nan,nan,2.0,0.0,2,nan
56.072356263796486,7.733812949640284,68.7,68.7,nan,0.830558208,nan,nan,2.0,0.0,2,nan
56.08902829885483,7.733812949640284,68.7,68.7,nan,0.830558208,nan,nan,2.0,0.0,2,nan
56.10569990873337,7.733812949640284,68.7,68.7,nan,0.830558208,nan,nan,2.0,0.0,2,nan
56.12237070004145,7.733812949640284,68.7,68.7,nan,0.830558208,nan,nan,2.0,0.0,2,nan
56.139039480686186,7.733812949640284,68.7,68.7,nan,0.830558208,nan,nan,2.0,0.0,2,nan
56.15571281115214,7.733812949640284,68.7,68.7,nan,0.830558208,nan,nan,2.0,0.0,2,nan
56.17238694826762,7.733812949640284,68.7,68.7,nan,0.830558208,nan,nan,2.0,0.0,2,nan
56.18905777533849,7.733812949640284,68.7,68.7,nan,0.830558208,nan,nan,2.0,0.0,2,nan
56.20572773218155,7.733812949640284,68.7,68.7,nan,0.830558208,nan,nan,2.0,0.0,2,nan
56.222397991021474,7.733812949640284,68.7,68.7,nan,0.830558208,nan,nan,2.0,0.0,2,nan
56.23906993468602,7.733812949640284,68.7,68.7,nan,0.830558208,nan,nan,2.0,0.0,2,nan
56.2557439605395,4.136690647482011,68.7,68.7,nan,0.830558208,nan,nan,1.0,0.0,2,nan
56.27241568962733,7.733812949640284,68.7,68.7,nan,0.830558208,nan,nan,2.0,0.0,2,nan
56.28908907175064,7.733812949640284,68.7,68.7,nan,0.830558208,nan,nan,2.0,0.0,2,nan
56.30576286713282,7.733812949640284,68.7,68.7,nan,0.830558208,nan,nan,2.0,0.0,2,nan
56.32243451277415,7.733812949640284,68.7,68.7,nan,0.830558208,nan,nan,2.0,0.0,2,nan
56.3391061147054,7.733812949640284,68.7,68.7,nan,0.830558208,nan,nan,2.0,0.0,2,nan
56.355779922008516,7.913669064748197,68.7,68.7,nan,0.830558208,nan,nan,2.0,0.0,2,nan
56.372449711958566,7.913669064748197,68.7,68.7,nan,0.830558208,nan,nan,2.0,0.0,2,nan
56.38912198543549,4.316546762589923,68.7,68.7,nan,0.830558208,nan,nan,1.0,0.0,2,nan
56.40579803387324,7.913669064748197,68.7,68.7,nan,0.830558208,nan,nan,2.0,0.0,2,nan
56.422478425502774,7.913669064748197,68.7,68.7,nan,0.830558208,nan,nan,2.0,0.0,2,nan
56.439149057865144,7.913669064748197,68.7,68.7,nan,0.830558208,nan,nan,2.0,0.0,2,nan
56.455821335315704,7.913669064748197,68.7,68.7,nan,0.830558208,nan,nan,2.0,0.0,2,nan
56.47249505917231,7.913669064748197,68.7,68.7,nan,0.830558208,nan,nan,2.0,0.0,2,nan
56.489164447784425,7.913669064748197,68.7,68.7,nan,0.830558208,nan,nan,2.0,0.0,2,nan
56.50584012269974,7.913669064748197,68.7,68.7,nan,0.830558208,nan,nan,2.0,0.0,2,nan
56.52250992457072,7.913669064748197,68.7,68.7,nan,0.830558208,nan,nan,2.0,0.0,2,nan
56.53918161392212,4.316546762589923,68.7,68.7,nan,0.830558208,nan,nan,1.0,0.0,2,nan
56.55585530201594,7.913669064748197,68.7,68.7,nan,0.830558208,nan,nan,2.0,0.0,2,nan
56.57252901792526,7.913669064748197,68.7,68.7,nan,0.830558208,nan,nan,2.0,0.0,2,nan
56.58919901053111,7.913669064748197,68.7,68.7,nan,0.830558208,nan,nan,2.0,0.0,2,nan
56.60587230920792,7.913669064748197,68.7,68.7,nan,0.830558208,nan,nan,2.0,0.0,2,nan
56.622545675436655,7.913669064748197,68.7,68.7,nan,0.830558208,nan,nan,2.0,0.0,2,nan
56.6392184138298,4.316546762589923,68.7,68.7,nan,0.830558208,nan,nan,1.0,0.0,2,nan
56.65589170853297,4.316546762589923,68.7,68.7,nan,0.830558208,nan,nan,1.0,0.0,2,nan
56.672563874721526,4.316546762589923,68.7,68.7,nan,0.830558208,nan,nan,1.0,0.0,2,nan
56.68923470973969,4.316546762589923,68.7,68.7,nan,0.830558208,nan,nan,1.0,0.0,2,nan
56.70591297547023,4.316546762589923,68.7,68.7,nan,0.830558208,nan,nan,1.0,0.0,2,nan
56.72258665164312,4.316546762589923,68.7,68.7,nan,0.830558208,nan,nan,1.0,0.0,2,nan
56.73925809065501,4.316546762589923,68.7,68.7,nan,0.830558208,nan,nan,1.0,0.0,2,nan
56.75592751900355,7.913669064748197,68.7,68.7,nan,0.830558208,nan,nan,2.0,0.0,2,nan
56.77260412375132,7.913669064748197,68.7,68.7,nan,0.830558208,nan,nan,2.0,0.0,2,nan
56.78927499453227,7.913669064748197,68.7,68.7,nan,0.830558208,nan,nan,2.0,0.0,2,nan
56.80594783226649,7.913669064748197,68.7,68.7,nan,0.830558208,nan,nan,2.0,0.0,2,nan
56.822620169321695,7.913669064748197,68.7,68.7,nan,0.830558208,nan,nan,2.0,0.0,2,nan
56.83929047187169,7.913669064748197,68.7,68.7,nan,0.830558208,nan,nan,2.0,0.0,2,nan
56.85596299171448,7.913669064748197,68.7,68.7,nan,0.830558208,nan,nan,2.0,0.0,2,nan
56.872632225354515,8.09352517985612,68.7,68.7,nan,0.830558208,nan,nan,2.0,0.0,2,nan
56.88930436372757,8.09352517985612,68.7,68.7,nan,0.830558208,nan,nan,2.0,0.0,2,nan
56.905978914101915,8.273381294964032,68.7,68.7,nan,0.830558208,nan,nan,2.0,0.0,2,nan
56.922651493549346,8.273381294964032,68.7,68.7,nan,0.830558208,nan,nan,2.0,0.0,2,nan
56.93932241201401,8.273381294964032,68.7,68.7,nan,0.830558208,nan,nan,2.0,0.0,2,nan
56.95599573055903,7.374100719424459,68.7,68.7,nan,0.830558208,nan,nan,2.0,0.0,2,nan
56.97266813119253,7.014388489208634,68.7,68.7,nan,0.830558208,nan,nan,2.0,0.0,2,nan
56.98934126694997,7.014388489208634,68.7,68.7,nan,0.830558208,nan,nan,2.0,0.0,2,nan
57.00601350069046,7.014388489208634,68.7,68.7,nan,0.830558208,nan,nan,2.0,0.0,2,nan
57.02268600861232,7.014388489208634,68.7,68.7,nan,0.830558208,nan,nan,2.0,0.0,2,nan
57.03935656150182,7.014388489208634,68.7,68.7,nan,0.830558208,nan,nan,2.0,0.0,2,nan
57.056033396720885,7.014388489208634,68.7,68.7,nan,0.830558208,nan,nan,2.0,0.0,2,nan
57.07270612319311,7.014388489208634,68.7,68.7,nan,0.830558208,nan,nan,2.0,0.0,2,nan
57.08937838077545,7.014388489208634,68.7,68.7,nan,0.830558208,nan,nan,2.0,0.0,2,nan
57.10604867537816,7.014388489208634,68.7,68.7,nan,0.830558208,nan,nan,2.0,0.0,2,nan
57.12272093693415,7.014388489208634,68.7,68.7,nan,0.830558208,nan,nan,2.0,0.0,2,nan
57.13939753373464,7.014388489208634,68.7,68.7,nan,0.830558208,nan,nan,2.0,0.0,2,nan
57.156069707870486,7.014388489208634,68.7,68.7,nan,0.830558208,nan,nan,2.0,0.0,2,nan
57.17273977597554,7.014388489208634,68.7,68.7,nan,0.830558208,nan,nan,2.0,0.0,2,nan
57.1894105831782,7.014388489208634,68.7,68.7,nan,0.830558208,nan,nan,2.0,0.0,2,nan
57.206083850065866,7.014388489208634,68.7,68.7,nan,0.830558208,nan,nan,2.0,0.0,2,nan
57.22275647719701,7.014388489208634,68.7,68.7,nan,0.830558208,nan,nan,2.0,0.0,2,nan
57.23942864338557,7.014388489208634,68.7,68.7,nan,0.830558208,nan,nan,2.0,0.0,2,nan
57.25610126654307,7.014388489208634,68.7,68.7,nan,0.830558208,nan,nan,2.0,0.0,2,nan
57.27277319431305,7.014388489208634,68.7,68.7,nan,0.830558208,nan,nan,2.0,0.0,2,nan
57.28945279121399,7.014388489208634,68.7,68.7,nan,0.830558208,nan,nan,2.0,0.0,2,nan
57.306124265988664,7.014388489208634,68.7,68.7,nan,0.830558208,nan,nan,2.0,0.0,2,nan
57.32279399236043,7.014388489208634,68.7,68.7,nan,0.830558208,nan,nan,2.0,0.0,2,nan
57.33946660757065,7.014388489208634,68.7,68.7,nan,0.830558208,nan,nan,2.0,0.0,2,nan
57.35613870223363,7.014388489208634,68.7,68.7,nan,0.830558208,nan,nan,2.0,0.0,2,nan
57.372813602288566,7.014388489208634,68.7,68.7,nan,0.830558208,nan,nan,2.0,0.0,2,nan
57.38948671817779,7.014388489208634,68.7,68.7,nan,0.830558208,nan,nan,2.0,0.0,2,nan
57.40616182486216,7.014388489208634,68.7,68.7,nan,0.830558208,nan,nan,2.0,0.0,2,nan
57.4228333512942,7.194244604316546,68.7,68.7,nan,0.830558208,nan,nan,2.0,0.0,2,nan
57.439505116144815,7.194244604316546,68.7,68.7,nan,0.830558208,nan,nan,2.0,0.0,2,nan
57.45617868502935,7.194244604316546,68.7,68.7,nan,0.830558208,nan,nan,2.0,0.0,2,nan
57.47285170952479,7.194244604316546,68.7,68.7,nan,0.830558208,nan,nan,2.0,0.0,2,nan
57.4895242412885,7.374100719424459,68.7,68.7,nan,0.830558208,nan,nan,2.0,0.0,2,nan
57.50619677305222,7.374100719424459,68.7,68.7,nan,0.830558208,nan,nan,2.0,0.0,2,nan
57.52286965449651,7.374100719424459,68.7,68.7,nan,0.830558208,nan,nan,2.0,0.0,2,nan
57.539548099040985,7.374100719424459,68.7,68.7,nan,0.830558208,nan,nan,2.0,0.0,2,nan
57.55622022946675,7.374100719424459,68.7,68.7,nan,0.830558208,nan,nan,2.0,0.0,2,nan
57.57289607922236,7.374100719424459,68.7,68.7,nan,0.830558208,nan,nan,2.0,0.0,2,nan
57.58956918319066,7.374100719424459,68.7,68.7,nan,0.830558208,nan,nan,2.0,0.0,2,nan
57.606240944067636,7.374100719424459,68.7,68.7,nan,0.830558208,nan,nan,2.0,0.0,2,nan
57.622909891605374,7.374100719424459,68.7,68.7,nan,0.830558208,nan,nan,2.0,0.0,2,nan
57.63958694934845,7.374100719424459,68.7,68.7,nan,0.830558208,nan,nan,2.0,0.0,2,nan
57.656262799104056,7.374100719424459,68.7,68.7,nan,0.830558208,nan,nan,2.0,0.0,2,nan
57.67293571233749,7.374100719424459,68.7,68.7,nan,0.830558208,nan,nan,2.0,0.0,2,nan
57.68960805336634,7.374100719424459,68.7,68.7,nan,0.830558208,nan,nan,2.0,0.0,2,nan
57.70628271500269,7.374100719424459,68.7,68.7,nan,0.830558208,nan,nan,2.0,0.0,2,nan
57.7229557911555,7.374100719424459,68.7,68.7,nan,0.830558208,nan,nan,2.0,0.0,2,nan
57.7396281838417,7.374100719424459,68.7,68.7,nan,0.830558208,nan,nan,2.0,0.0,2,nan
57.75630095005035,7.374100719424459,68.7,68.7,nan,0.830558208,nan,nan,2.0,0.0,2,nan
57.772972206274666,7.374100719424459,68.7,68.7,nan,0.830558208,nan,nan,2.0,0.0,2,nan
57.789643569787344,7.374100719424459,68.7,68.7,nan,0.830558208,nan,nan,2.0,0.0,2,nan
57.806316669782,7.374100719424459,68.7,68.7,nan,0.830558208,nan,nan,2.0,0.0,2,nan
57.82298931280772,7.374100719424459,68.7,68.7,nan,0.830558208,nan,nan,2.0,0.0,2,nan
57.839661618073784,7.374100719424459,68.7,68.7,nan,0.830558208,nan,nan,2.0,0.0,2,nan
57.85633368492127,7.374100719424459,68.7,68.7,nan,0.830558208,nan,nan,2.0,0.0,2,nan
57.87300620079041,7.374100719424459,68.7,68.7,nan,0.830558208,nan,nan,2.0,0.0,2,nan
57.889677333831784,7.374100719424459,68.7,68.7,nan,0.830558208,nan,nan,2.0,0.0,2,nan
57.906348979473115,7.374100719424459,68.7,68.7,nan,0.830558208,nan,nan,2.0,0.0,2,nan
57.923022071520485,3.4172661870503607,68.7,68.7,nan,0.830558208,nan,nan,1.0,0.0,2,nan
57.93969469070434,3.4172661870503607,68.7,68.7,nan,0.830558208,nan,nan,1.0,0.0,2,nan
57.956367369492845,7.194244604316546,68.7,68.7,nan,0.830558208,nan,nan,2.0,0.0,2,nan
57.97303856611252,7.194244604316546,68.7,68.7,nan,0.830558208,nan,nan,2.0,0.0,2,nan
57.98972242673238,7.374100719424459,68.7,68.7,nan,0.830558208,nan,nan,2.0,0.0,2,nan
58.00639606714249,7.374100719424459,68.7,68.7,nan,0.830558208,nan,nan,2.0,0.0,2,nan
58.02306839625041,3.597122302158273,68.7,68.7,nan,0.830558208,nan,nan,1.0,0.0,2,nan
58.03974061806996,3.597122302158273,68.7,68.7,nan,0.830558208,nan,nan,1.0,0.0,2,nan
58.05641343990962,3.597122302158273,68.7,68.7,nan,0.830558208,nan,nan,1.0,0.0,2,nan
58.073086098829904,3.597122302158273,68.7,68.7,nan,0.830558208,nan,nan,1.0,0.0,2,nan
58.089760621388756,3.597122302158273,68.7,68.7,nan,0.830558208,nan,nan,1.0,0.0,2,nan
58.10643322865168,3.597122302158273,68.7,68.7,nan,0.830558208,nan,nan,1.0,0.0,2,nan
58.12310606638591,3.597122302158273,68.7,68.7,nan,0.830558208,nan,nan,1.0,0.0,2,nan
58.13977879683177,3.597122302158273,68.7,68.7,nan,0.830558208,nan,nan,1.0,0.0,2,nan
58.156451388200125,3.597122302158273,68.7,68.7,nan,0.830558208,nan,nan,1.0,0.0,2,nan
58.173122954368594,3.597122302158273,68.7,68.7,nan,0.830558208,nan,nan,1.0,0.0,2,nan
58.189795013268785,3.597122302158273,68.7,68.7,nan,0.830558208,nan,nan,1.0,0.0,2,nan
58.20646777153015,3.597122302158273,68.7,68.7,nan,0.830558208,nan,nan,1.0,0.0,2,nan
58.22314018408458,3.597122302158273,68.7,68.7,nan,0.830558208,nan,nan,1.0,0.0,2,nan
58.23981258074443,3.597122302158273,68.7,68.7,nan,0.830558208,nan,nan,1.0,0.0,2,nan
58.256484810511274,3.597122302158273,68.7,68.7,nan,0.830558208,nan,nan,1.0,0.0,2,nan
58.27315783898036,3.597122302158273,68.7,68.7,nan,0.830558208,nan,nan,1.0,0.0,2,nan
58.28983053763707,3.597122302158273,68.7,68.7,nan,0.830558208,nan,nan,1.0,0.0,2,nan
58.30650298992793,7.374100719424459,68.7,68.7,nan,0.830558208,nan,nan,2.0,0.0,2,nan
58.323177913824715,7.374100719424459,68.7,68.7,nan,0.830558208,nan,nan,2.0,0.0,2,nan
58.33985008001328,7.374100719424459,68.7,68.7,nan,0.830558208,nan,nan,2.0,0.0,2,nan
58.356522687276204,3.7769784172661858,68.7,68.7,nan,0.830558208,nan,nan,1.0,0.0,2,nan
58.373195012410484,3.237410071942448,68.7,68.7,nan,0.830558208,nan,nan,1.0,0.0,2,nan
58.389868104457854,3.237410071942448,68.7,68.7,nan,0.830558208,nan,nan,1.0,0.0,2,nan
58.40654029051463,3.237410071942448,68.7,68.7,nan,0.830558208,nan,nan,1.0,0.0,2,nan
58.423213144143425,3.237410071942448,68.7,68.7,nan,0.830558208,nan,nan,1.0,0.0,2,nan
58.4398851275444,0.0,68.7,68.7,nan,0.830558208,nan,nan,0.0,0.0,2,nan
58.45655775467555,3.237410071942448,68.7,68.7,nan,0.830558208,nan,nan,1.0,0.0,2,nan
58.47322966257731,3.237410071942448,68.7,68.7,nan,0.83265536,nan,nan,1.0,0.0,2,nan
58.48990252812703,3.237410071942448,68.7,68.7,nan,0.834752512,nan,nan,1.0,0.0,2,nan
58.50657154321671,0.0,68.7,68.7,nan,0.834752512,nan,nan,0.0,0.0,2,nan
58.52324494918187,3.237410071942448,68.7,68.7,nan,0.834752512,nan,nan,1.0,0.0,2,nan
58.539917794863385,3.237410071942448,68.7,68.7,nan,0.836849664,nan,nan,1.0,0.0,2,nan
58.55658979018529,3.4172661870503607,68.7,68.7,nan,0.836849664,nan,nan,1.0,0.0,2,nan
58.57326150735219,3.4172661870503607,68.7,68.7,nan,0.836849664,nan,nan,1.0,0.0,2,nan
58.58993397156397,3.4172661870503607,68.7,68.7,nan,0.838946816,nan,nan,1.0,0.0,2,nan
58.60660734971364,3.4172661870503607,68.7,68.7,nan,0.838946816,nan,nan,1.0,0.0,2,nan
58.62328043778737,7.194244604316546,68.7,68.7,nan,0.838946816,nan,nan,2.0,0.0,2,nan
58.639951964219414,7.194244604316546,68.7,68.7,nan,0.838946816,nan,nan,2.0,0.0,2,nan
58.65663346449534,7.194244604316546,68.7,68.7,nan,0.838946816,nan,nan,2.0,0.0,2,nan
58.67330598036448,7.194244604316546,68.7,68.7,nan,0.838946816,nan,nan,2.0,0.0,2,nan
58.68997920751572,7.194244604316546,68.7,68.7,nan,0.838946816,nan,nan,2.0,0.0,2,nan
58.70665224393209,7.194244604316546,68.7,68.7,nan,0.838946816,nan,nan,2.0,0.0,2,nan
58.72332812547684,7.194244604316546,68.7,68.7,nan,0.838946816,nan,nan,2.0,0.0,2,nan
58.7400004307429,3.4172661870503607,68.7,68.7,nan,0.838946816,nan,nan,1.0,0.0,2,nan
58.75667330821355,7.194244604316546,68.7,68.7,nan,0.838946816,nan,nan,2.0,0.0,2,nan
58.77334541082382,7.194244604316546,68.7,68.7,nan,0.838946816,nan,nan,2.0,0.0,2,nan
58.790018022060394,3.4172661870503607,68.7,68.7,nan,0.838946816,nan,nan,1.0,0.0,2,nan
58.806690569718675,7.374100719424459,68.7,68.7,nan,0.838946816,nan,nan,2.0,0.0,2,nan
58.823363304138184,7.374100719424459,68.7,68.7,nan,0.838946816,nan,nan,2.0,0.0,2,nan
58.84003533124924,7.374100719424459,68.7,68.7,nan,0.838946816,nan,nan,2.0,0.0,2,nan
58.85670778354009,7.374100719424459,68.7,68.7,nan,0.838946816,nan,nan,2.0,0.0,2,nan
58.87337989807129,7.374100719424459,68.7,68.7,nan,0.838946816,nan,nan,2.0,0.0,2,nan
58.890052473545076,7.374100719424459,68.7,68.7,nan,0.838946816,nan,nan,2.0,0.0,2,nan
58.90672429005305,7.374100719424459,68.7,68.7,nan,0.838946816,nan,nan,2.0,0.0,2,nan
58.923397505283354,7.374100719424459,68.7,68.7,nan,0.838946816,nan,nan,2.0,0.0,2,nan
58.94007034699122,7.374100719424459,68.7,68.7,nan,0.838946816,nan,nan,2.0,0.0,2,nan
58.95674502849579,7.374100719424459,68.7,68.7,nan,0.838946816,nan,nan,2.0,0.0,2,nan
58.97341728607814,7.374100719424459,68.7,68.7,nan,0.838946816,nan,nan,2.0,0.0,2,nan
58.99008951584498,7.374100719424459,68.7,68.7,nan,0.838946816,nan,nan,2.0,0.0,2,nan
59.00676167011261,7.374100719424459,68.7,68.7,nan,0.838946816,nan,nan,2.0,0.0,2,nan
59.02343389987946,7.374100719424459,68.7,68.7,nan,0.838946816,nan,nan,2.0,0.0,2,nan
59.0401069800059,7.374100719424459,68.7,68.7,nan,0.838946816,nan,nan,2.0,0.0,2,nan
59.056779555479686,3.4172661870503607,68.7,68.7,nan,0.838946816,nan,nan,1.0,0.0,2,nan
59.07345260381699,7.5539568345323715,68.7,68.7,nan,0.838946816,nan,nan,2.0,0.0,2,nan
59.090132212638856,7.5539568345323715,68.7,68.7,nan,0.838946816,nan,nan,2.0,0.0,2,nan
59.10680536826452,7.5539568345323715,68.7,68.7,nan,0.838946816,nan,nan,2.0,0.0,2,nan
59.12347838083903,7.5539568345323715,68.7,68.7,nan,0.838946816,nan,nan,2.0,0.0,2,nan
59.14015057484309,7.5539568345323715,68.7,68.7,nan,0.838946816,nan,nan,2.0,0.0,2,nan
59.15682310263316,3.597122302158273,68.7,68.7,nan,0.838946816,nan,nan,1.0,0.0,2,nan
59.17349452177684,7.733812949640284,68.7,68.7,nan,0.838946816,nan,nan,2.0,0.0,2,nan
59.19016695022583,7.733812949640284,68.7,68.7,nan,0.838946816,nan,nan,2.0,0.0,2,nan
59.20683912436167,3.597122302158273,68.7,68.7,nan,0.838946816,nan,nan,1.0,0.0,2,nan
59.223510698477426,7.733812949640284,68.7,68.7,nan,0.838946816,nan,nan,2.0,0.0,2,nan
59.24018277724584,7.733812949640284,68.7,68.7,nan,0.838946816,nan,nan,2.0,0.0,2,nan
59.25685497522354,7.733812949640284,68.7,68.7,nan,0.838946816,nan,nan,2.0,0.0,2,nan
59.2735311071078,7.733812949640284,68.7,68.7,nan,0.838946816,nan,nan,2.0,0.0,2,nan
59.29020359516144,7.733812949640284,68.7,68.7,nan,0.838946816,nan,nan,2.0,0.0,2,nan
59.306877020994826,7.733812949640284,68.7,68.7,nan,0.838946816,nan,nan,2.0,0.0,2,nan
59.32354931433996,7.733812949640284,68.7,68.7,nan,0.838946816,nan,nan,2.0,0.0,2,nan
59.34022185405095,7.733812949640284,68.7,68.7,nan,0.838946816,nan,nan,2.0,0.0,2,nan
59.35689483086268,7.733812949640284,68.7,68.7,nan,0.838946816,nan,nan,2.0,0.0,2,nan
59.37356706460317,7.733812949640284,68.7,68.7,nan,0.838946816,nan,nan,2.0,0.0,2,nan
59.3902392745018,7.733812949640284,68.7,68.7,nan,0.838946816,nan,nan,2.0,0.0,2,nan
59.406911412874855,3.597122302158273,68.7,68.7,nan,0.838946816,nan,nan,1.0,0.0,2,nan
59.423584922154745,7.913669064748197,68.7,68.7,nan,0.838946816,nan,nan,2.0,0.0,2,nan
59.44025619427363,7.913669064748197,68.7,68.7,nan,0.838946816,nan,nan,2.0,0.0,2,nan
59.456929151217146,7.913669064748197,68.7,68.7,nan,0.838946816,nan,nan,2.0,0.0,2,nan
59.47360142072042,7.913669064748197,68.7,68.7,nan,0.838946816,nan,nan,2.0,0.0,2,nan
59.49027430613835,7.913669064748197,68.7,68.7,nan,0.838946816,nan,nan,2.0,0.0,2,nan
59.50694634517034,7.913669064748197,68.7,68.7,nan,0.838946816,nan,nan,2.0,0.0,2,nan
59.52361923853557,7.913669064748197,68.7,68.7,nan,0.838946816,nan,nan,2.0,0.0,2,nan
59.54029515186946,7.913669064748197,68.7,68.7,nan,0.838946816,nan,nan,2.0,0.0,2,nan
59.55696827570598,7.913669064748197,68.7,68.7,nan,0.838946816,nan,nan,2.0,0.0,2,nan
59.57363973458608,7.913669064748197,68.7,68.7,nan,0.838946816,nan,nan,2.0,0.0,2,nan
59.590312747160596,8.09352517985612,68.7,68.7,nan,0.838946816,nan,nan,2.0,0.0,2,nan
59.60698488553365,8.09352517985612,68.7,68.7,nan,0.838946816,nan,nan,2.0,0.0,2,nan
59.62365731398265,8.09352517985612,68.7,68.7,nan,0.838946816,nan,nan,2.0,0.0,2,nan
59.640326444307966,8.09352517985612,68.7,68.7,nan,0.838946816,nan,nan,2.0,0.0,2,nan
59.6569989323616,3.7769784172661858,68.7,68.7,nan,0.838946816,nan,nan,1.0,0.0,2,nan
59.673674690723416,3.7769784172661858,68.7,68.7,nan,0.838946816,nan,nan,1.0,0.0,2,nan
59.69034550587336,3.7769784172661858,68.7,68.7,nan,0.838946816,nan,nan,1.0,0.0,2,nan
59.70701784292857,3.7769784172661858,68.7,68.7,nan,0.838946816,nan,nan,1.0,0.0,2,nan
59.72369032303492,3.7769784172661858,68.7,68.7,nan,0.838946816,nan,nan,1.0,0.0,2,nan
59.74036241769791,3.7769784172661858,68.7,68.7,nan,0.838946816,nan,nan,1.0,0.0,2,nan
59.75703472296397,3.7769784172661858,68.7,68.7,nan,0.838946816,nan,nan,1.0,0.0,2,nan
59.773706964651744,3.7769784172661858,68.7,68.7,nan,0.838946816,nan,nan,1.0,0.0,2,nan
59.79037945270538,3.7769784172661858,68.7,68.7,nan,0.838946816,nan,nan,1.0,0.0,2,nan
59.807052326202395,3.7769784172661858,68.7,68.7,nan,0.838946816,nan,nan,1.0,0.0,2,nan
59.82372446457545,3.7769784172661858,68.7,68.7,nan,0.838946816,nan,nan,1.0,0.0,2,nan
59.84039548238118,3.7769784172661858,68.7,68.7,nan,0.838946816,nan,nan,1.0,0.0,2,nan
59.857068077723184,3.7769784172661858,68.7,68.7,nan,0.84314112,nan,nan,1.0,0.0,2,nan
59.873739794890085,3.7769784172661858,68.7,68.7,nan,0.84314112,nan,nan,1.0,0.0,2,nan
59.89040968020757,3.7769784172661858,68.7,68.7,nan,0.84314112,nan,nan,1.0,0.0,2,nan
59.90708313385645,3.7769784172661858,68.7,68.7,nan,0.84314112,nan,nan,1.0,0.0,2,nan
59.92376000483831,3.7769784172661858,68.7,68.7,nan,0.84314112,nan,nan,1.0,0.0,2,nan
59.94043100277583,3.7769784172661858,68.7,68.7,nan,0.84314112,nan,nan,1.0,0.0,2,nan
59.957104456424716,3.7769784172661858,68.7,68.7,nan,0.845238272,nan,nan,1.0,0.0,2,nan
59.97377420663834,3.7769784172661858,68.7,68.7,nan,0.845238272,nan,nan,1.0,0.0,2,nan
59.990448455015816,3.7769784172661858,68.7,68.7,nan,0.847335424,nan,nan,1.0,0.0,2,nan
60.007124674320224,3.7769784172661858,68.7,68.7,nan,0.847335424,nan,nan,1.0,0.0,2,nan
60.02379832665125,3.7769784172661858,68.7,68.7,nan,0.847335424,nan,nan,1.0,0.0,2,nan
60.040469988187155,3.7769784172661858,68.7,68.7,nan,0.849432576,nan,nan,1.0,0.0,2,nan
60.05714022715886,3.7769784172661858,68.7,68.7,nan,0.849432576,nan,nan,1.0,0.0,2,nan
60.073811542987826,3.9568345323740983,68.7,68.7,nan,0.849432576,nan,nan,1.0,0.0,2,nan
60.0904815196991,3.9568345323740983,68.7,68.7,nan,0.849432576,nan,nan,1.0,0.0,2,nan
60.1071551322937,3.9568345323740983,68.7,68.7,nan,0.849432576,nan,nan,1.0,0.0,2,nan
60.123830902576444,3.9568345323740983,68.7,68.7,nan,0.851529728,nan,nan,1.0,0.0,2,nan
60.14050070047379,8.273381294964032,68.7,68.7,nan,0.851529728,nan,nan,2.0,0.0,2,nan
60.15717043876648,8.273381294964032,68.7,68.7,nan,0.851529728,nan,nan,2.0,0.0,2,nan
60.173847273985544,8.273381294964032,68.7,68.7,nan,0.851529728,nan,nan,2.0,0.0,2,nan
60.190520544846855,3.9568345323740983,68.7,68.7,nan,1.13676288,nan,nan,1.0,0.0,2,nan
60.20719050963719,3.9568345323740983,68.7,68.7,nan,1.17870592,nan,nan,1.0,0.0,2,nan
60.22386024792989,3.9568345323740983,68.7,68.7,nan,1.17870592,nan,nan,1.0,0.0,2,nan
60.240530943870546,3.9568345323740983,68.7,68.7,nan,1.180803072,nan,nan,1.0,0.0,2,nan
60.25720103184382,3.9568345323740983,68.7,68.7,nan,1.180803072,nan,nan,1.0,0.0,2,nan
60.27387941678365,3.9568345323740983,68.7,68.7,nan,1.182900224,nan,nan,1.0,0.0,2,nan
60.29055202802022,3.9568345323740983,68.7,68.7,nan,1.184997376,nan,nan,1.0,0.0,2,nan
60.30722268819809,3.9568345323740983,68.7,68.7,nan,1.184997376,nan,nan,1.0,0.0,2,nan
60.323896408081055,3.9568345323740983,68.7,68.7,nan,1.184997376,nan,nan,1.0,0.0,2,nan
60.34056629339854,3.9568345323740983,68.7,68.7,nan,1.187094528,nan,nan,1.0,0.0,2,nan
60.35723745425542,3.9568345323740983,68.7,68.7,nan,1.187094528,nan,nan,1.0,0.0,2,nan
60.3739141980807,3.9568345323740983,68.7,68.7,nan,1.187094528,nan,nan,1.0,0.0,2,nan
60.39058785835902,3.9568345323740983,68.7,68.7,nan,1.18919168,nan,nan,1.0,0.0,2,nan
60.40726608435313,3.9568345323740983,68.7,68.7,nan,1.191288832,nan,nan,1.0,0.0,2,nan
60.4239364584287,3.9568345323740983,68.7,68.7,nan,1.193385984,nan,nan,1.0,0.0,2,nan
60.44060720205307,3.9568345323740983,68.7,68.7,nan,1.193385984,nan,nan,1.0,0.0,2,nan
60.45727666219076,3.9568345323740983,68.7,68.7,nan,1.195483136,nan,nan,1.0,0.0,2,nan
60.473945999145506,3.9568345323740983,68.7,68.7,nan,1.195483136,nan,nan,1.0,0.0,2,nan
60.4906214038531,3.9568345323740983,68.7,68.7,nan,1.195483136,nan,nan,1.0,0.0,2,nan
60.50729379653931,3.9568345323740983,68.7,68.7,nan,1.197580288,nan,nan,1.0,0.0,2,nan
60.523965287208554,3.9568345323740983,68.7,68.7,nan,1.197580288,nan,nan,1.0,0.0,2,nan
60.54063489437103,3.9568345323740983,68.7,68.7,nan,1.19967744,nan,nan,1.0,0.0,2,nan
60.55731252034505,3.9568345323740983,68.7,68.7,nan,1.19967744,nan,nan,1.0,0.0,2,nan
60.57398668130239,4.136690647482011,68.7,68.7,nan,1.19967744,nan,nan,1.0,0.0,2,nan
60.59066089789073,4.136690647482011,68.7,68.7,nan,1.201774592,nan,nan,1.0,0.0,2,nan
60.60733362833659,4.136690647482011,68.7,68.7,nan,1.201774592,nan,nan,1.0,0.0,2,nan
60.62400830189387,8.453237410071946,68.7,68.7,nan,1.201774592,nan,nan,2.0,0.0,2,nan
60.640681997934976,8.453237410071946,68.7,68.7,nan,1.201774592,nan,nan,2.0,0.0,2,nan
60.65735474427541,8.453237410071946,68.7,68.7,nan,1.201774592,nan,nan,2.0,0.0,2,nan
60.67402502298355,8.453237410071946,68.7,68.7,nan,1.201774592,nan,nan,2.0,0.0,2,nan
60.690695718924204,8.453237410071946,68.7,68.7,nan,1.201774592,nan,nan,2.0,0.0,2,nan
60.70736653010051,4.136690647482011,68.7,68.7,nan,1.201774592,nan,nan,1.0,0.0,2,nan
60.72403767506282,4.136690647482011,68.7,68.7,nan,1.201774592,nan,nan,1.0,0.0,2,nan
60.740716624259946,8.633093525179858,68.7,68.7,nan,1.201774592,nan,nan,2.0,0.0,2,nan
60.75739084482193,8.633093525179858,68.7,68.7,nan,1.201774592,nan,nan,2.0,0.0,2,nan
60.774062009652454,8.633093525179858,68.7,68.7,nan,1.201774592,nan,nan,2.0,0.0,2,nan
60.790734688440956,8.633093525179858,68.7,68.7,nan,1.201774592,nan,nan,2.0,0.0,2,nan
60.80740499099095,8.633093525179858,68.7,68.7,nan,1.201774592,nan,nan,2.0,0.0,2,nan
60.824077653884885,8.633093525179858,68.7,68.7,nan,1.201774592,nan,nan,2.0,0.0,2,nan
60.84075098435084,8.633093525179858,68.7,68.7,nan,1.201774592,nan,nan,2.0,0.0,2,nan
60.85742446581523,8.633093525179858,68.7,68.7,nan,1.201774592,nan,nan,2.0,0.0,2,nan
60.87409663995107,8.633093525179858,68.7,68.7,nan,1.201774592,nan,nan,2.0,0.0,2,nan
60.890769783655806,8.633093525179858,68.7,68.7,nan,1.201774592,nan,nan,2.0,0.0,2,nan
60.90743917624156,8.633093525179858,68.7,68.7,nan,1.201774592,nan,nan,2.0,0.0,2,nan
60.92411321798961,8.633093525179858,68.7,68.7,nan,1.201774592,nan,nan,2.0,0.0,2,nan
60.940782670180006,8.633093525179858,68.7,68.7,nan,1.201774592,nan,nan,2.0,0.0,2,nan
60.95745570262273,8.633093525179858,68.7,68.7,nan,1.201774592,nan,nan,2.0,0.0,2,nan
60.97412736415863,8.633093525179858,68.7,68.7,nan,1.201774592,nan,nan,2.0,0.0,2,nan
60.99080035686493,8.633093525179858,68.7,68.7,nan,1.201774592,nan,nan,2.0,0.0,2,nan
61.0074730237325,8.633093525179858,68.7,68.7,nan,1.201774592,nan,nan,2.0,0.0,2,nan
61.024143461386366,8.633093525179858,68.7,68.7,nan,1.201774592,nan,nan,2.0,0.0,2,nan
61.04081562757492,8.633093525179858,68.7,68.7,nan,1.201774592,nan,nan,2.0,0.0,2,nan
61.057488000392915,4.136690647482011,68.7,68.7,nan,1.203871744,nan,nan,1.0,0.0,2,nan
61.074164334932966,4.136690647482011,68.7,68.7,nan,1.205968896,nan,nan,1.0,0.0,2,nan
61.090835380554196,4.316546762589923,68.7,68.7,nan,1.205968896,nan,nan,1.0,0.0,2,nan
61.10750619570414,4.316546762589923,68.7,68.7,nan,1.205968896,nan,nan,1.0,0.0,2,nan
61.12417847315471,4.316546762589923,68.7,68.7,nan,1.205968896,nan,nan,1.0,0.0,2,nan
61.14085069100062,4.316546762589923,68.7,68.7,nan,1.205968896,nan,nan,1.0,0.0,2,nan
61.15752297639847,4.316546762589923,68.7,68.7,nan,1.205968896,nan,nan,1.0,0.0,2,nan
61.17419654130936,4.316546762589923,68.7,68.7,nan,1.205968896,nan,nan,1.0,0.0,2,nan
61.19087031284968,4.316546762589923,68.7,68.7,nan,0.3565568,nan,nan,1.0,0.0,1,nan
61.20754515727361,4.316546762589923,68.7,68.7,nan,0.3565568,nan,nan,1.0,0.0,1,nan
61.22421952088674,4.316546762589923,68.7,68.7,nan,0.3565568,nan,nan,1.0,0.0,1,nan
61.240898493925734,4.316546762589923,68.7,68.7,nan,0.3565568,nan,nan,1.0,0.0,1,nan
61.257570429642996,4.316546762589923,68.7,68.7,nan,0.3565568,nan,nan,1.0,0.0,1,nan
61.274246482054394,4.316546762589923,68.7,68.7,nan,0.3565568,nan,nan,1.0,0.0,1,nan
61.29091886281967,4.316546762589923,68.7,68.7,nan,0.3565568,nan,nan,1.0,0.0,1,nan
61.307595519224805,4.316546762589923,68.7,68.7,nan,0.3565568,nan,nan,1.0,0.0,1,nan
61.32426888942719,4.316546762589923,68.7,68.7,nan,0.3565568,nan,nan,1.0,0.0,1,nan
61.34094143708547,4.316546762589923,68.7,68.7,nan,0.3565568,nan,nan,1.0,0.0,1,nan
61.35761432250341,4.316546762589923,68.7,68.7,nan,0.3565568,nan,nan,1.0,0.0,1,nan
61.374287712574,4.316546762589923,68.7,68.7,nan,0.3565568,nan,nan,1.0,0.0,1,nan
61.39096241792043,4.316546762589923,68.7,68.7,nan,0.3565568,nan,nan,1.0,0.0,1,nan
61.40763456821442,4.316546762589923,68.7,68.7,nan,0.3565568,nan,nan,1.0,0.0,1,nan
61.42430504957835,4.316546762589923,68.7,68.7,nan,0.3565568,nan,nan,1.0,0.0,1,nan
61.4409803946813,4.316546762589923,68.7,68.7,nan,0.3565568,nan,nan,1.0,0.0,1,nan
61.45765232642491,4.316546762589923,68.7,68.7,nan,0.3565568,nan,nan,1.0,0.0,1,nan
61.4743247071902,4.316546762589923,68.7,68.7,nan,0.3565568,nan,nan,1.0,0.0,1,nan
61.49099749326706,4.316546762589923,68.7,68.7,nan,0.3565568,nan,nan,1.0,0.0,1,nan
61.50767266352971,4.316546762589923,68.7,68.7,nan,0.3565568,nan,nan,1.0,0.0,1,nan
61.52434486548106,4.316546762589923,68.7,68.7,nan,0.3565568,nan,nan,1.0,0.0,1,nan
61.54101774295171,4.316546762589923,68.7,68.7,nan,0.3565568,nan,nan,1.0,0.0,1,nan
61.557689905166626,4.316546762589923,68.7,68.7,nan,0.3565568,nan,nan,1.0,0.0,1,nan
61.574362031618755,4.496402877697847,68.7,68.7,nan,0.3565568,nan,nan,1.0,0.0,1,nan
61.59103121757507,4.496402877697847,68.7,68.7,nan,0.3565568,nan,nan,1.0,0.0,1,nan
61.60770200888316,4.496402877697847,68.7,68.7,nan,0.3565568,nan,nan,1.0,0.0,1,nan
61.6243737578392,4.496402877697847,68.7,68.7,nan,0.3565568,nan,nan,1.0,0.0,1,nan
61.64104549090067,4.496402877697847,68.7,68.7,nan,0.3565568,nan,nan,1.0,0.0,1,nan
61.65771454970042,4.496402877697847,68.7,68.7,nan,0.3565568,nan,nan,1.0,0.0,1,nan
61.674384558200835,4.496402877697847,68.7,68.7,nan,0.3565568,nan,nan,1.0,0.0,1,nan
61.69105372428894,4.496402877697847,68.7,68.7,nan,0.3565568,nan,nan,1.0,0.0,1,nan
61.70772505601247,4.496402877697847,68.7,68.7,nan,0.3565568,nan,nan,1.0,0.0,1,nan
61.724396443367006,4.496402877697847,68.7,68.7,nan,0.3565568,nan,nan,1.0,0.0,1,nan
61.74106744527817,4.496402877697847,68.7,68.7,nan,0.3565568,nan,nan,1.0,0.0,1,nan
61.75773770411809,4.496402877697847,68.7,68.7,nan,0.3565568,nan,nan,1.0,0.0,1,nan
61.77441272735596,4.496402877697847,68.7,68.7,nan,0.3565568,nan,nan,1.0,0.0,1,nan
61.79108508825302,4.496402877697847,68.7,68.7,nan,0.3565568,nan,nan,1.0,0.0,1,nan
61.80775732596715,4.496402877697847,68.7,68.7,nan,0.3565568,nan,nan,1.0,0.0,1,nan
61.824430088202156,4.496402877697847,68.7,68.7,nan,0.3565568,nan,nan,1.0,0.0,1,nan
61.84110200405121,4.496402877697847,68.7,68.7,nan,0.3565568,nan,nan,1.0,0.0,1,nan
61.85777486562729,4.496402877697847,68.7,68.7,nan,0.3565568,nan,nan,1.0,0.0,1,nan
61.87444690863291,4.496402877697847,68.7,68.7,nan,0.3565568,nan,nan,1.0,0.0,1,nan
61.89112002849579,4.496402877697847,68.7,68.7,nan,0.3565568,nan,nan,1.0,0.0,1,nan
61.90779396692912,4.496402877697847,68.7,68.7,nan,0.3565568,nan,nan,1.0,0.0,1,nan
61.92446609735489,4.496402877697847,68.7,68.7,nan,0.3565568,nan,nan,1.0,0.0,1,nan
61.94113876024882,4.496402877697847,68.7,68.7,nan,0.3565568,nan,nan,1.0,0.0,1,nan
61.95781134366989,4.496402877697847,68.7,68.7,nan,0.3565568,nan,nan,1.0,0.0,1,nan
61.9744833946228,4.496402877697847,68.7,68.7,nan,0.3565568,nan,nan,1.0,0.0,1,nan
61.99115543762843,3.4172661870503607,68.7,68.7,nan,0.3565568,nan,nan,1.0,0.0,1,nan
62.00782872835795,3.4172661870503607,68.7,68.7,nan,0.3565568,nan,nan,1.0,0.0,1,nan
62.024501808484395,3.4172661870503607,68.7,68.7,nan,0.3565568,nan,nan,1.0,0.0,1,nan
62.04117329915365,3.4172661870503607,68.7,68.7,nan,0.3565568,nan,nan,1.0,0.0,1,nan
62.05784389972687,3.4172661870503607,68.7,68.7,nan,0.3565568,nan,nan,1.0,0.0,1,nan
62.07451673348745,3.4172661870503607,68.7,68.7,nan,0.3565568,nan,nan,1.0,0.0,1,nan
62.09118934472402,3.4172661870503607,68.7,68.7,nan,0.3565568,nan,nan,1.0,0.0,1,nan
62.10786139170329,3.4172661870503607,68.7,68.7,nan,0.3565568,nan,nan,1.0,0.0,1,nan
62.124533116817474,3.4172661870503607,68.7,68.7,nan,0.3565568,nan,nan,1.0,0.0,1,nan
62.14120232661565,3.4172661870503607,68.7,68.7,nan,0.3565568,nan,nan,1.0,0.0,1,nan
62.15787463188171,3.4172661870503607,68.7,68.7,nan,0.3565568,nan,nan,1.0,0.0,1,nan
62.17454648415248,3.4172661870503607,68.7,68.7,nan,0.3565568,nan,nan,1.0,0.0,1,nan
62.19121888081233,3.4172661870503607,68.7,68.7,nan,0.3565568,nan,nan,1.0,0.0,1,nan
62.20788932243983,3.4172661870503607,68.7,68.7,nan,0.3565568,nan,nan,1.0,0.0,1,nan
62.22455948193868,3.4172661870503607,68.7,68.7,nan,0.3565568,nan,nan,1.0,0.0,1,nan
62.241232351462045,3.4172661870503607,68.7,68.7,nan,0.3565568,nan,nan,1.0,0.0,1,nan
62.2579030752182,3.4172661870503607,68.7,68.7,nan,0.3565568,nan,nan,1.0,0.0,1,nan
62.27457430760066,3.4172661870503607,68.7,68.7,nan,0.3565568,nan,nan,1.0,0.0,1,nan
62.29124556779861,3.4172661870503607,68.7,68.7,nan,0.3565568,nan,nan,1.0,0.0,1,nan
62.30791579882304,3.4172661870503607,68.7,68.7,nan,0.3565568,nan,nan,1.0,0.0,1,nan
62.32458485762278,3.4172661870503607,68.7,68.7,nan,0.3565568,nan,nan,1.0,0.0,1,nan
62.34125470717748,3.4172661870503607,68.7,68.7,nan,0.3565568,nan,nan,1.0,0.0,1,nan
62.3579315384229,3.597122302158273,68.7,68.7,nan,0.3565568,nan,nan,1.0,0.0,1,nan
62.374603947003685,3.597122302158273,68.7,68.7,nan,0.3565568,nan,nan,1.0,0.0,1,nan
62.39128222465515,3.597122302158273,68.7,68.7,nan,0.3565568,nan,nan,1.0,0.0,1,nan
62.40795276959737,3.597122302158273,68.7,68.7,nan,0.3565568,nan,nan,1.0,0.0,1,nan
62.42462256749471,3.597122302158273,68.7,68.7,nan,0.3565568,nan,nan,1.0,0.0,1,nan
62.44129587014516,3.597122302158273,68.7,68.7,nan,0.3565568,nan,nan,1.0,0.0,1,nan
62.45796770254771,3.597122302158273,68.7,68.7,nan,0.3565568,nan,nan,1.0,0.0,1,nan
62.47463817199071,3.597122302158273,68.7,68.7,nan,0.3565568,nan,nan,1.0,0.0,1,nan
62.4913148522377,3.597122302158273,68.7,68.7,nan,0.3565568,nan,nan,1.0,0.0,1,nan
62.50799045960108,3.597122302158273,68.7,68.7,nan,0.3565568,nan,nan,1.0,0.0,1,nan
62.5246643781662,3.597122302158273,68.7,68.7,nan,0.3565568,nan,nan,1.0,0.0,1,nan
62.54133811394374,3.597122302158273,68.7,68.7,nan,0.3565568,nan,nan,1.0,0.0,1,nan
62.55801614522934,3.597122302158273,68.7,68.7,nan,0.3565568,nan,nan,1.0,0.0,1,nan
62.574687683582304,3.597122302158273,68.7,68.7,nan,0.3565568,nan,nan,1.0,0.0,1,nan
62.59136216640472,3.597122302158273,68.7,68.7,nan,0.3565568,nan,nan,1.0,0.0,1,nan
62.60803426901499,3.597122302158273,68.7,68.7,nan,0.3565568,nan,nan,1.0,0.0,1,nan
62.62470796902974,3.597122302158273,68.7,68.7,nan,0.3565568,nan,nan,1.0,0.0,1,nan
62.6413827141126,3.597122302158273,68.7,68.7,nan,0.3565568,nan,nan,1.0,0.0,1,nan
62.65805416504542,3.597122302158273,68.7,68.7,nan,0.3565568,nan,nan,1.0,0.0,1,nan
62.67472991148631,3.597122302158273,68.7,68.7,nan,0.3565568,nan,nan,1.0,0.0,1,nan
62.6914067586263,3.597122302158273,68.7,68.7,nan,0.3565568,nan,nan,1.0,0.0,1,nan
62.70807904402415,3.597122302158273,68.7,68.7,nan,0.3565568,nan,nan,1.0,0.0,1,nan
62.72475182215373,3.597122302158273,68.7,68.7,nan,0.3565568,nan,nan,1.0,0.0,1,nan
62.74142416318258,3.597122302158273,68.7,68.7,nan,0.3565568,nan,nan,1.0,0.0,1,nan
62.758095908164975,3.597122302158273,68.7,68.7,nan,0.3565568,nan,nan,1.0,0.0,1,nan
62.77476706902186,3.597122302158273,68.7,68.7,nan,0.3565568,nan,nan,1.0,0.0,1,nan
62.791438448429105,3.597122302158273,68.7,68.7,nan,0.3565568,nan,nan,1.0,0.0,1,nan
62.80811259349187,3.597122302158273,68.7,68.7,nan,0.3565568,nan,nan,1.0,0.0,1,nan
62.82478550672531,3.597122302158273,68.7,68.7,nan,0.3565568,nan,nan,1.0,0.0,1,nan
62.84145677487056,3.7769784172661858,68.7,68.7,nan,0.3565568,nan,nan,1.0,0.0,1,nan
62.858129600683846,3.7769784172661858,68.7,68.7,nan,0.3565568,nan,nan,1.0,0.0,1,nan
62.874802366892496,3.7769784172661858,68.7,68.7,nan,0.3565568,nan,nan,1.0,0.0,1,nan
62.891474560896555,3.7769784172661858,68.7,68.7,nan,0.3565568,nan,nan,1.0,0.0,1,nan
62.9081508676211,3.7769784172661858,68.7,68.7,nan,0.3565568,nan,nan,1.0,0.0,1,nan
62.92482182184855,3.7769784172661858,68.7,68.7,nan,0.3565568,nan,nan,1.0,0.0,1,nan
62.941495263576506,3.7769784172661858,68.7,68.7,nan,0.3565568,nan,nan,1.0,0.0,1,nan
62.95816753307978,3.7769784172661858,68.7,68.7,nan,0.3565568,nan,nan,1.0,0.0,1,nan
62.9748404900233,3.7769784172661858,68.7,68.7,nan,0.3565568,nan,nan,1.0,0.0,1,nan
62.99151310523351,3.7769784172661858,68.7,68.7,nan,0.3565568,nan,nan,1.0,0.0,1,nan
63.00818541844686,3.7769784172661858,68.7,68.7,nan,0.3565568,nan,nan,1.0,0.0,1,nan
63.024857823054,3.7769784172661858,68.7,68.7,nan,0.3565568,nan,nan,1.0,0.0,1,nan
63.04153065284093,3.7769784172661858,68.7,68.7,nan,0.3565568,nan,nan,1.0,0.0,1,nan
63.058203236262,3.7769784172661858,68.7,68.7,nan,0.3565568,nan,nan,1.0,0.0,1,nan
63.07488204638163,3.7769784172661858,68.7,68.7,nan,0.3565568,nan,nan,1.0,0.0,1,nan
63.09155416091283,3.7769784172661858,68.7,68.7,nan,0.3565568,nan,nan,1.0,0.0,1,nan
63.10822840929031,3.7769784172661858,68.7,68.7,nan,0.3565568,nan,nan,1.0,0.0,1,nan
63.12490063905716,3.7769784172661858,68.7,68.7,nan,0.3565568,nan,nan,1.0,0.0,1,nan
63.141572666168216,3.7769784172661858,68.7,68.7,nan,0.3565568,nan,nan,1.0,0.0,1,nan
63.15824528932571,3.7769784172661858,68.7,68.7,nan,0.3565568,nan,nan,1.0,0.0,1,nan
63.174917443593344,3.7769784172661858,68.7,68.7,nan,0.3565568,nan,nan,1.0,0.0,1,nan
63.191589752833046,3.7769784172661858,68.7,68.7,nan,0.3565568,nan,nan,1.0,0.0,1,nan
63.20826252301534,3.7769784172661858,68.7,68.7,nan,0.3565568,nan,nan,1.0,0.0,1,nan
63.224934641520186,3.7769784172661858,68.7,68.7,nan,0.3565568,nan,nan,1.0,0.0,1,nan
63.2416065176328,3.7769784172661858,68.7,68.7,nan,0.3565568,nan,nan,1.0,0.0,1,nan
63.25827927589417,3.7769784172661858,68.7,68.7,nan,0.3565568,nan,nan,1.0,0.0,1,nan
63.27495145400365,3.7769784172661858,68.7,68.7,nan,0.3565568,nan,nan,1.0,0.0,1,nan
63.291623969872795,3.7769784172661858,68.7,68.7,nan,0.3565568,nan,nan,1.0,0.0,1,nan
63.308301019668576,3.7769784172661858,68.7,68.7,nan,0.3565568,nan,nan,1.0,0.0,1,nan
63.32497369050979,3.9568345323740983,68.7,68.7,nan,0.3565568,nan,nan,1.0,0.0,1,nan
63.34164732694626,3.9568345323740983,68.7,68.7,nan,0.3565568,nan,nan,1.0,0.0,1,nan
63.358319914340974,3.9568345323740983,68.7,68.7,nan,0.3565568,nan,nan,1.0,0.0,1,nan
63.37499442895253,3.9568345323740983,68.7,68.7,nan,0.3565568,nan,nan,1.0,0.0,1,nan
63.39166691700618,3.9568345323740983,68.7,68.7,nan,0.3565568,nan,nan,1.0,0.0,1,nan
63.408339079221086,3.9568345323740983,68.7,68.7,nan,0.3565568,nan,nan,1.0,0.0,1,nan
63.4250119805336,3.9568345323740983,68.7,68.7,nan,0.3565568,nan,nan,1.0,0.0,1,nan
63.44168416261673,3.9568345323740983,68.7,68.7,nan,0.3565568,nan,nan,1.0,0.0,1,nan
63.45835773150126,3.9568345323740983,68.7,68.7,nan,0.3565568,nan,nan,1.0,0.0,1,nan
63.47503014405569,3.9568345323740983,68.7,68.7,nan,0.3565568,nan,nan,1.0,0.0,1,nan
63.49170288642247,3.9568345323740983,68.7,68.7,nan,0.3565568,nan,nan,1.0,0.0,1,nan
63.508374925454454,3.9568345323740983,68.7,68.7,nan,0.3565568,nan,nan,1.0,0.0,1,nan
63.52504463195801,3.9568345323740983,68.7,68.7,nan,0.3565568,nan,nan,1.0,0.0,1,nan
63.54171712398529,3.9568345323740983,68.7,68.7,nan,0.3565568,nan,nan,1.0,0.0,1,nan
63.55838955640793,3.9568345323740983,68.7,68.7,nan,0.3565568,nan,nan,1.0,0.0,1,nan
63.57506186962128,3.9568345323740983,68.7,68.7,nan,0.3565568,nan,nan,1.0,0.0,1,nan
63.59173471927643,3.9568345323740983,68.7,68.7,nan,0.3565568,nan,nan,1.0,0.0,1,nan
63.6084064523379,3.9568345323740983,68.7,68.7,nan,0.3565568,nan,nan,1.0,0.0,1,nan
63.62507946888606,3.9568345323740983,68.7,68.7,nan,0.3565568,nan,nan,1.0,0.0,1,nan
63.6417507092158,3.9568345323740983,68.7,68.7,nan,0.3565568,nan,nan,1.0,0.0,1,nan
63.65842291514079,3.9568345323740983,68.7,68.7,nan,0.3565568,nan,nan,1.0,0.0,1,nan
63.675095860163374,3.9568345323740983,68.7,68.7,nan,0.3565568,nan,nan,1.0,0.0,1,nan
63.69176886876424,3.9568345323740983,68.7,68.7,nan,0.3565568,nan,nan,1.0,0.0,1,nan
63.70844448010127,3.9568345323740983,68.7,68.7,nan,0.3565568,nan,nan,1.0,0.0,1,nan
63.72511755625407,3.9568345323740983,68.7,68.7,nan,0.3565568,nan,nan,1.0,0.0,1,nan
63.741795833905535,3.9568345323740983,68.7,68.7,nan,0.3565568,nan,nan,1.0,0.0,1,nan
63.75846806764603,3.9568345323740983,68.7,68.7,nan,0.3565568,nan,nan,1.0,0.0,1,nan
63.775140623251595,3.9568345323740983,68.7,68.7,nan,0.3565568,nan,nan,1.0,0.0,1,nan
63.79181279738744,3.9568345323740983,68.7,68.7,nan,0.3565568,nan,nan,1.0,0.0,1,nan
63.80848567883174,4.67625899280576,68.7,68.7,nan,0.3565568,nan,nan,1.0,0.0,1,nan
63.825157876809435,4.136690647482011,68.7,68.7,nan,0.3565568,nan,nan,1.0,0.0,1,nan
63.84183005094528,4.136690647482011,68.7,68.7,nan,0.3565568,nan,nan,1.0,0.0,1,nan
63.858503778775535,4.136690647482011,68.7,68.7,nan,0.3565568,nan,nan,1.0,0.0,1,nan
63.87517881790797,4.136690647482011,68.7,68.7,nan,0.3565568,nan,nan,1.0,0.0,1,nan
63.891851890087125,4.136690647482011,68.7,68.7,nan,0.3565568,nan,nan,1.0,0.0,1,nan
63.90852402448654,4.136690647482011,68.7,68.7,nan,0.3565568,nan,nan,1.0,0.0,1,nan
63.92519287665685,4.136690647482011,68.7,68.7,nan,0.3565568,nan,nan,1.0,0.0,1,nan
63.94186603625615,4.136690647482011,68.7,68.7,nan,0.3565568,nan,nan,1.0,0.0,1,nan
63.95853951772054,4.136690647482011,68.7,68.7,nan,0.3565568,nan,nan,1.0,0.0,1,nan
63.97521046797434,4.136690647482011,68.7,68.7,nan,0.3565568,nan,nan,1.0,0.0,1,nan
63.99188104867935,4.136690647482011,68.7,68.7,nan,0.3565568,nan,nan,1.0,0.0,1,nan
64.00855094591776,4.136690647482011,68.7,68.7,nan,0.3565568,nan,nan,1.0,0.0,1,nan
64.02522240877151,4.136690647482011,68.7,68.7,nan,0.3565568,nan,nan,1.0,0.0,1,nan
64.04189421335856,4.136690647482011,68.7,68.7,nan,0.3565568,nan,nan,1.0,0.0,1,nan
64.05856405496597,4.136690647482011,68.7,68.7,nan,0.3565568,nan,nan,1.0,0.0,1,nan
64.075237540404,4.136690647482011,68.7,68.7,nan,0.3565568,nan,nan,1.0,0.0,1,nan
64.09191218217214,4.136690647482011,68.7,68.7,nan,0.3565568,nan,nan,1.0,0.0,1,nan
64.10858221451441,4.136690647482011,68.7,68.7,nan,0.3565568,nan,nan,1.0,0.0,1,nan
64.12525281508763,4.136690647482011,68.7,68.7,nan,0.3565568,nan,nan,1.0,0.0,1,nan
64.14192181825638,4.136690647482011,68.7,68.7,nan,0.3565568,nan,nan,1.0,0.0,1,nan
64.1585943778356,4.136690647482011,68.7,68.7,nan,0.3565568,nan,nan,1.0,0.0,1,nan
64.17526674667994,4.136690647482011,68.7,68.7,nan,0.3565568,nan,nan,1.0,0.0,1,nan
64.19193796316783,4.136690647482011,68.7,68.7,nan,0.3565568,nan,nan,1.0,0.0,1,nan
64.2086122473081,4.136690647482011,68.7,68.7,nan,0.3565568,nan,nan,1.0,0.0,1,nan
64.22528279225031,4.136690647482011,68.7,68.7,nan,0.3565568,nan,nan,1.0,0.0,1,nan
64.24195506572724,4.136690647482011,68.7,68.7,nan,0.3565568,nan,nan,1.0,0.0,1,nan
64.25863126118978,4.136690647482011,68.7,68.7,nan,0.3565568,nan,nan,1.0,0.0,1,nan
64.27530146042506,4.136690647482011,68.7,68.7,nan,0.3565568,nan,nan,1.0,0.0,1,nan
64.29197007020315,4.136690647482011,68.7,68.7,nan,0.3565568,nan,nan,1.0,0.0,1,nan
64.30864446560541,4.316546762589923,68.7,68.7,nan,0.3565568,nan,nan,1.0,0.0,1,nan
64.32531792322794,4.316546762589923,68.7,68.7,nan,0.3565568,nan,nan,1.0,0.0,1,nan
64.34199052254358,4.316546762589923,68.7,68.7,nan,0.3565568,nan,nan,1.0,0.0,1,nan
64.35866298278172,4.316546762589923,68.7,68.7,nan,0.3565568,nan,nan,1.0,0.0,1,nan
64.37533400456111,4.316546762589923,68.7,68.7,nan,0.3565568,nan,nan,1.0,0.0,1,nan
64.39200605948766,4.316546762589923,68.7,68.7,nan,0.3565568,nan,nan,1.0,0.0,1,nan
64.40868086417517,4.316546762589923,68.7,68.7,nan,0.3565568,nan,nan,1.0,0.0,1,nan
64.4253540913264,4.316546762589923,68.7,68.7,nan,0.3565568,nan,nan,1.0,0.0,1,nan
64.44203310410181,4.316546762589923,68.7,68.7,nan,0.3565568,nan,nan,1.0,0.0,1,nan
64.45870810349783,4.316546762589923,68.7,68.7,nan,0.3565568,nan,nan,1.0,0.0,1,nan
64.47537698745728,4.316546762589923,68.7,68.7,nan,0.3565568,nan,nan,1.0,0.0,1,nan
64.49204933643341,4.316546762589923,68.7,68.7,nan,0.3565568,nan,nan,1.0,0.0,1,nan
64.50872037410736,4.316546762589923,68.7,68.7,nan,0.3565568,nan,nan,1.0,0.0,1,nan
64.52538944880168,4.316546762589923,68.7,68.7,nan,0.3565568,nan,nan,1.0,0.0,1,nan
64.54206595818202,4.316546762589923,68.7,68.7,nan,0.3565568,nan,nan,1.0,0.0,1,nan
64.55874521334967,4.316546762589923,68.7,68.7,nan,0.3565568,nan,nan,1.0,0.0,1,nan
64.57541437943776,4.316546762589923,68.7,68.7,nan,0.3565568,nan,nan,1.0,0.0,1,nan
64.59208711385727,4.316546762589923,68.7,68.7,nan,0.3565568,nan,nan,1.0,0.0,1,nan
64.60876681009928,0.0,68.7,68.7,nan,0.0,nan,nan,0.0,0.0,0,nan
